# Blender 4.2.1 LTS
# www.blender.org
o ground_truth
v -0.447560 112.662003 12.614344
v 0.890944 112.696281 12.782695
v 2.225632 112.720177 12.798495
v 3.151883 112.516045 11.918180
v 3.017055 111.226028 12.358090
v 2.936233 109.868042 12.500401
v 2.914738 108.480064 12.673394
v 2.876903 107.046631 12.750636
v 2.861458 105.654839 12.851560
v 2.821608 104.252640 12.716885
v 2.818507 102.792679 12.551906
v 2.812658 101.405022 12.245967
v 2.797176 100.010735 11.875012
v 2.825472 98.641800 11.547456
v 2.535128 97.341331 11.214600
v 1.837543 96.193542 10.941294
v 0.731022 95.391129 10.792994
v -0.622846 95.160011 10.499308
v -0.680676 96.555244 11.108580
v -0.707001 97.980644 11.659736
v -0.710309 99.436882 12.121348
v -0.708710 100.906784 12.531495
v -0.698603 102.395798 12.866092
v -0.679292 103.889420 13.119367
v -0.673819 105.385696 13.296905
v -0.655578 106.881340 13.293863
v -0.618514 108.360390 13.130173
v -0.559784 109.813499 12.912372
v -0.484449 111.245079 12.700097
v 0.484010 106.471619 13.421275
v 1.819147 109.948318 13.070634
v 0.736467 111.353027 12.828133
v 1.055155 101.205444 12.562591
v 1.470238 102.079704 12.803232
v 0.365979 102.417625 12.890011
v 1.706687 104.910782 13.330004
v 0.409699 97.883575 11.607629
v 1.451366 97.735420 11.508132
v 1.749035 100.000793 12.200317
v 0.647187 100.298279 12.381041
v 1.618713 108.471672 13.125845
v 0.602069 109.057335 13.169350
v 0.417675 96.665337 11.217883
v 1.234583 96.849060 11.287189
v 1.934152 111.342278 12.904221
v 1.636946 98.849060 11.910604
v 1.882107 100.860168 12.390075
v 0.647482 110.042519 12.990058
v 1.983660 107.100182 13.147368
v 0.492447 99.112053 12.023274
v 1.639518 103.346642 13.110713
v 0.235308 101.511742 12.662124
v 0.458991 103.680908 13.151229
v 0.493579 105.109398 13.339589
v 0.688617 107.865677 13.244882
v 2.005640 105.927940 13.247638
v 1.353910 107.003113 13.241514
v 1.385002 106.078362 13.308296
v 3.470612 113.856506 11.790442
v 3.433330 115.227074 11.805608
v 3.323338 116.588440 11.811986
v 1.996553 116.428001 12.070516
v 0.944001 115.644630 11.767964
v -0.191241 116.238731 12.149640
v -1.706180 116.456070 11.977685
v -3.227962 116.603653 11.822225
v -4.715343 116.703407 11.535500
v -6.124871 116.791130 11.012778
v -7.496090 116.887939 10.413205
v -8.857126 116.996010 9.790910
v -10.124677 117.133072 8.988380
v -11.160607 117.302628 7.899429
v -11.903140 117.492470 6.596948
v -12.326493 117.686768 5.158154
v -12.389066 117.873146 3.660706
v -12.206112 118.049706 2.177139
v -11.840517 118.219109 0.718800
v -11.284638 118.364525 -0.693787
v -10.511046 118.459770 -2.023487
v -9.494577 118.513420 -3.188258
v -8.280845 118.526405 -4.140936
v -6.937536 118.521141 -4.896918
v -5.515384 118.512711 -5.491341
v -4.038313 118.495255 -5.944313
v -2.506001 118.498253 -6.133738
v -0.966395 118.517250 -6.131114
v 0.569895 118.527519 -6.127442
v 2.107829 118.530899 -6.123989
v 3.648052 118.533669 -6.032736
v 5.144484 118.562866 -5.632666
v 6.588285 118.589104 -5.070789
v 7.963479 118.604149 -4.352305
v 9.221118 118.596855 -3.439111
v 10.292598 118.547600 -2.318139
v 11.119801 118.450089 -1.021961
v 11.724368 118.309166 0.377542
v 12.139053 118.133385 1.835082
v 12.363553 117.941765 3.321813
v 12.373295 117.741165 4.825680
v 12.024463 117.526062 6.287682
v 11.340842 117.305298 7.632231
v 10.355543 117.103508 8.779410
v 9.111710 116.922791 9.639043
v 7.839193 116.749146 10.457461
v 6.565629 116.574883 11.278048
v 5.293254 116.399124 12.104906
v 4.025883 116.229240 12.929410
v 2.534518 116.120316 13.195296
v 1.080050 116.202370 12.858971
v -0.272646 116.180420 13.364738
v -0.398030 114.912003 13.141412
v -0.429018 113.624718 12.850647
v -0.466502 112.894325 11.616384
v 0.723442 112.814346 11.710971
v 1.933854 112.761368 11.751159
v 4.382633 112.558731 11.726342
v 5.561407 112.600487 11.360244
v 6.691862 112.682251 10.830360
v 7.800520 112.802849 10.220303
v 9.067986 112.963890 9.493569
v 10.296296 113.144066 8.693528
v 11.362443 113.341202 7.670790
v 12.183459 113.551369 6.435431
v 12.700435 113.766472 5.042431
v 12.912209 113.963821 3.563192
v 12.841362 114.182457 2.073938
v 12.568670 114.376953 0.614439
v 12.067613 114.529778 -0.782650
v 11.282104 114.625084 -2.039936
v 10.265821 114.675659 -3.114465
v 9.049757 114.684975 -3.950409
v 7.650183 114.672630 -4.614426
v 6.182907 114.650505 -5.099925
v 4.685812 114.631836 -5.481234
v 3.158683 114.618912 -5.717090
v 1.614259 114.613037 -5.703732
v 1.099653 114.610741 -5.704071
v 0.584980 114.607071 -5.706498
v 0.070505 114.605522 -5.703514
v -0.443973 114.602562 -5.701590
v -1.987588 114.590538 -5.693495
v -3.533701 114.579460 -5.692067
v -5.056045 114.579346 -5.395288
v -6.557893 114.589088 -5.004158
v -8.021556 114.606728 -4.473442
v -9.338798 114.618141 -3.802761
v -10.519154 114.606079 -2.908884
v -11.493398 114.549294 -1.783522
v -12.224026 114.445534 -0.488466
v -12.666125 114.281731 0.930901
v -12.891930 114.097145 2.410652
v -12.889630 113.924614 3.911572
v -12.611038 113.714172 5.366931
v -12.017624 113.539040 6.726852
v -11.137337 113.336403 7.917748
v -10.019656 113.169762 8.891745
v -8.752086 113.030998 9.656230
v -7.626728 112.936562 10.265632
v -6.505169 112.851746 10.874926
v -5.357382 112.769348 11.427850
v -4.130045 112.702469 11.757173
v -2.912652 112.663818 12.080087
v -1.685596 112.638298 12.396918
v 0.232056 115.336769 12.821928
v 1.430376 115.300537 12.708810
v 0.033034 115.422279 12.628819
v 0.186405 113.465698 12.347434
v 1.373517 113.453667 12.331083
v 0.660164 116.264519 -5.779261
v 3.055697 113.700806 12.873724
v 6.170835 114.740105 11.372220
v -2.758309 113.998413 11.917086
v 2.239204 115.308655 11.841910
v 5.325247 113.450600 11.950246
v -8.644559 114.061119 9.668347
v 1.215668 114.311455 11.814644
v 2.751526 114.861511 12.864927
v -7.130470 115.415733 10.492998
v -4.336760 115.306129 11.656866
v 1.510558 114.391418 13.089877
v -3.344332 115.569275 11.904120
v 12.601687 115.075760 3.787700
v 10.326075 116.746353 -2.458050
v 5.551038 117.521439 -5.325241
v -9.371560 115.561424 -3.548020
v -11.453971 116.135918 -0.994559
v -12.584127 115.158768 3.758051
v -0.787082 115.605431 -5.729287
v 3.560316 115.933060 -5.702816
v 1.174958 115.098755 -5.705687
v 4.613359 114.696976 12.397496
v -9.150615 116.091728 9.492223
v -9.469537 115.203896 9.220277
v -2.051657 115.026138 12.079018
v -2.631576 114.861107 11.883878
v 12.027556 114.559258 6.359900
v 12.317401 115.547279 5.218559
v 11.317640 114.442070 7.531263
v 10.357256 114.383865 8.550870
v 12.393087 116.381569 4.236907
v 12.323487 116.286766 2.319655
v 12.061527 116.319229 0.850490
v 9.941812 115.780495 -3.065113
v 9.373392 117.633659 -3.287017
v 7.475195 115.656517 -4.550241
v 6.206744 115.593773 -5.018456
v 4.722507 116.338036 -5.476017
v -2.326448 115.865227 -5.737163
v -4.145906 116.586266 -5.641486
v -8.068705 115.579094 -4.285841
v -12.342849 115.202415 0.848622
v -12.212686 117.086830 2.128259
v -12.353190 116.977821 3.280117
v -11.642846 114.918205 6.993927
v 11.840804 117.251808 0.544563
v 11.258593 117.120628 -0.988443
v 8.459137 116.683426 -3.971898
v -5.500527 117.537468 -5.344388
v -8.206707 117.541626 -4.114537
v -9.753571 114.223381 9.014565
v 2.290068 113.978798 11.832170
v 2.223059 115.781921 -5.719027
v 0.279909 115.394829 -5.719380
v -3.824368 115.656548 -5.647479
v -5.249136 115.600014 -5.299358
v -0.420793 114.177834 11.928735
v -1.545001 114.255363 11.886093
v -2.460865 115.482483 12.088906
v -5.309429 114.677261 11.370622
v -8.053905 115.842583 10.043710
v -10.185881 116.331017 8.800065
v -10.890211 116.586021 8.110618
v -11.254594 116.129082 7.570452
v -12.379968 116.573631 4.303608
v -11.890883 117.193031 0.689267
v -11.327239 117.290184 -0.795967
v -10.501452 117.431862 -2.118713
v -9.441726 117.509537 -3.236316
v -6.870035 117.546684 -4.813243
v -2.928722 117.361504 -5.921980
v -4.162542 117.496315 -5.745767
v 0.794600 117.322632 -5.927213
v -0.625226 117.506546 -5.953965
v 4.136253 117.343987 -5.732048
v 10.356441 117.522949 -2.294289
v 12.338281 117.183548 3.172934
v 12.027335 116.421097 6.079372
v 11.368561 116.247337 7.406652
v 10.566531 115.750137 8.376157
v 9.124679 115.539848 9.450532
v 7.723982 115.255943 10.358521
v 3.849653 115.233047 12.916413
v 6.698279 113.653076 11.072917
v 5.907362 113.208290 11.543626
v 7.847797 113.981422 10.299767
v 9.091253 114.213432 9.435147
v 12.464031 114.733253 5.109941
v 12.534988 115.225136 2.240852
v 12.280694 115.368690 0.783262
v 11.822552 115.566978 -0.543218
v 10.974147 115.974052 -1.853860
v 8.746140 115.702957 -3.910785
v 5.203209 115.520744 -5.313586
v -6.673542 115.583366 -4.865242
v -10.507406 115.500969 -2.598785
v -11.390721 115.091759 -1.643605
v -11.907672 115.227287 -0.592670
v -12.565060 115.145348 2.332278
v -12.267729 115.567497 5.410565
v -10.790179 114.493607 8.139756
v -7.658508 114.006248 10.208890
v -3.975520 114.312332 11.732559
v 0.392156 114.120216 13.058064
v 0.238950 114.402664 11.951916
v -0.861344 115.398209 12.432118
v 2.565937 116.982254 -5.876714
v 12.179580 117.215775 1.965690
v -0.661585 116.560303 -5.813624
v -1.896217 116.856529 -5.843277
v -1.673875 117.623161 -5.972405
v 6.908953 117.602982 -4.801140
v -1.558417 115.639320 12.249635
v 4.445542 113.467262 12.370127
v -11.080709 115.527641 -1.886944
v -10.845094 115.351494 -2.252247
v -10.942072 115.020157 -2.284347
v -10.459755 115.533607 8.468993
v -8.471869 114.976982 9.772625
v -7.751898 114.796570 10.155952
v -6.655097 114.230751 10.747627
v 8.192809 117.638939 -4.126598
v 5.930671 116.524284 -5.113618
v 7.201811 116.619934 -4.626121
v 9.544440 116.715874 -3.219554
v -3.313168 114.914932 11.815532
v 11.340700 115.486122 7.422785
v 11.963046 115.501213 6.284423
v 11.742737 116.339310 -0.234232
v -3.136429 116.602661 -5.803498
v -8.135118 116.555176 -4.162063
v -6.785828 116.567070 -4.802530
v -10.520636 116.408501 -2.306151
v -9.402876 116.514114 -3.358563
v -12.059507 116.173172 0.706438
v -12.339025 116.166077 2.307469
v -12.369558 116.399857 2.983884
v -12.430488 116.070923 3.337113
v -5.422669 116.573868 -5.280443
v 0.712862 85.055161 -9.805104
v 0.730224 86.166885 -10.543823
v 0.745941 87.313919 -11.208198
v 0.760162 88.478172 -11.813719
v 0.772306 89.642677 -12.398103
v 0.781276 91.103661 -12.429102
v 0.789032 92.439354 -13.018239
v 0.795431 93.894295 -13.187394
v 0.796725 94.919029 -12.119139
v 0.765980 96.072502 -12.981071
v 0.766623 97.448204 -12.619720
v 0.759790 98.739761 -12.029972
v 0.751161 100.113678 -11.674192
v 0.740278 101.445030 -11.174597
v 0.727278 102.723961 -10.542318
v 0.712652 103.973717 -9.843440
v 0.695792 105.212784 -9.116542
v 0.678265 106.499245 -8.468794
v 0.660176 107.765442 -7.776888
v 0.642461 109.010216 -7.041826
v 0.626321 110.332680 -6.453162
v 0.609867 111.732971 -6.083327
v 0.594690 113.161858 -5.835000
v -8.166793 113.579727 -4.679890
v -8.341599 112.570274 -4.970934
v -8.530783 111.574524 -5.319869
v -8.710879 110.578575 -5.678303
v -8.911643 109.412369 -6.115740
v -9.108020 108.253258 -6.594614
v -9.317707 107.121437 -7.141299
v -9.533573 106.000175 -7.720887
v -9.742727 104.862770 -8.279552
v -9.997476 103.775780 -8.892952
v -13.381464 112.713127 2.120212
v -13.932429 111.402359 1.807472
v -14.494319 110.120659 1.490818
v -14.980684 108.811378 1.179472
v -15.394534 107.473717 0.871776
v -15.761485 106.120049 0.564237
v -16.079559 104.754189 0.262701
v -16.390850 103.386429 -0.029350
v -16.684540 102.018341 -0.294432
v -16.917736 100.815758 -0.506991
v -17.137915 99.611794 -0.703725
v -17.349045 98.413513 -0.875346
v -17.566675 97.219566 -1.019521
v -17.811781 96.038254 -1.139968
v -18.044203 95.057449 -1.204049
v -18.301863 94.079903 -1.257771
v -18.571066 93.103912 -1.302086
v -18.837873 92.120773 -1.349262
v -18.932392 91.750084 -1.375387
v -19.025688 91.375603 -1.400064
v -19.318182 90.105736 -1.452739
v -19.589344 88.851097 -1.371691
v -19.801376 87.604492 -1.392803
v -19.971296 86.326996 -1.517937
v -20.083725 85.042778 -1.728573
v -19.581642 85.140976 -3.228731
v -18.869928 85.159615 -4.619158
v -17.950024 85.140030 -5.858224
v -16.858740 85.085495 -6.931989
v -15.638062 85.013359 -7.851395
v -14.308444 84.946342 -8.587754
v -12.888350 84.908890 -9.111159
v -11.419982 84.915154 -9.449582
v -9.929873 84.977509 -9.617621
v -8.435523 85.046776 -9.702425
v -6.939260 85.082481 -9.760453
v -5.423753 85.091263 -9.791717
v -3.897772 85.093391 -9.809080
v -2.366740 85.083153 -9.815822
v -0.827833 85.068924 -9.814939
v -17.493616 96.143829 -2.665544
v -16.983471 96.205383 -4.141297
v -16.302412 96.229904 -5.559207
v -15.485453 96.230347 -6.899580
v -14.522725 96.204765 -8.152122
v -13.425977 96.153275 -9.305301
v -12.233831 96.091301 -10.346901
v -10.925545 96.004150 -11.246497
v -9.507687 95.893860 -11.954398
v -8.000995 95.768944 -12.433781
v -6.443971 95.629440 -12.695048
v -4.871528 95.480873 -12.738552
v -3.313115 95.333832 -12.545962
v -1.755077 95.188904 -12.400611
v -0.297153 89.665024 -12.391580
v -0.281487 91.068108 -12.445903
v -0.269213 92.369659 -12.972807
v -0.255740 93.757027 -13.207210
v -0.223880 94.934776 -12.253622
v -0.211149 94.840324 -12.295361
v -0.235190 95.029282 -12.217741
v -0.284328 96.227417 -12.947517
v -0.284658 97.581902 -12.584505
v -0.292425 98.859108 -12.005483
v -0.298061 100.213036 -11.629478
v -0.303440 101.533096 -11.133375
v -0.309448 102.800049 -10.500428
v -0.316864 104.039055 -9.802782
v -0.327106 105.273399 -9.088016
v -0.339398 106.548538 -8.441974
v -0.353078 107.805687 -7.756670
v -0.368756 109.039452 -7.026520
v -0.385139 110.353210 -6.451762
v -0.402572 111.738647 -6.079810
v -0.422240 113.152336 -5.839546
v -17.482296 92.713394 -5.061756
v -4.552095 110.666138 -6.347154
v -12.147531 110.997292 -3.348882
v -18.247587 92.661278 -3.200113
v -6.634989 110.897583 -5.996981
v -10.413572 112.108391 -4.172896
v -7.712682 111.004333 -5.760129
v -9.382270 112.109985 -4.747702
v -7.393001 109.667847 -6.326950
v -14.094748 103.689323 -5.131901
v -18.089914 88.869316 -5.171792
v -16.328650 99.118340 -3.720841
v -5.113632 105.034485 -9.258090
v -10.824921 110.047279 -4.986416
v -18.620886 90.803169 -3.360229
v -9.669773 113.302330 -4.047031
v -12.300183 106.409630 -5.667094
v -19.109999 88.266197 -3.339239
v -17.060928 97.898376 -2.645773
v -16.569035 100.287224 -2.279155
v -7.465954 105.335350 -8.815135
v -10.117385 111.085854 -4.884549
v -9.750268 110.046318 -5.544458
v -18.981651 90.774033 -2.282619
v -18.610645 91.708580 -2.781745
v -19.040754 89.573723 -2.903929
v -10.877502 106.541931 -6.693887
v -12.091678 104.088676 -7.114557
v -19.479120 88.250671 -2.269338
v -19.510977 86.985771 -2.806919
v -17.315161 97.859047 -1.688162
v -16.957024 99.076294 -1.999959
v -16.862772 100.253197 -1.336002
v -8.657796 105.411659 -8.418971
v -6.688644 107.447685 -7.522876
v -11.217739 110.957130 -4.240648
v -10.510182 108.704002 -5.800721
v -10.043699 106.568230 -7.154358
v -10.726126 105.399590 -7.423765
v -16.594709 99.462669 -2.813082
v -8.362362 104.014458 -9.347503
v -7.809639 106.537758 -7.934149
v -9.639731 108.866943 -6.123985
v -10.191162 107.714333 -6.448984
v -9.185049 104.287758 -8.864161
v -8.188178 104.807472 -8.943180
v -8.756313 106.533157 -7.683338
v -8.083737 107.596085 -7.199883
v -11.511374 107.641068 -5.667166
v -7.942190 108.664467 -6.668301
v -6.481661 108.669777 -6.852273
v -1.402887 86.757797 -10.894387
v -5.966729 90.470879 -12.436148
v -0.050895 85.619347 -10.179905
v -1.114491 94.375053 -12.794061
v -0.891907 95.548531 -12.687280
v -4.875045 99.624847 -11.812430
v -12.164483 90.335800 -10.880021
v -1.222710 113.854393 -5.767758
v -9.418567 100.047874 -10.796170
v -13.153826 112.313652 -0.350387
v -13.034163 113.499527 1.511436
v -12.882509 113.319740 0.251824
v -13.382317 112.429382 0.887630
v -17.035894 94.534859 -5.036588
v -15.572412 93.224785 -7.825260
v -4.378609 112.667564 -5.822678
v -2.754092 113.143082 -5.853308
v -2.421190 111.016899 -6.296696
v -3.189059 108.392998 -7.387096
v -14.065825 108.361656 -2.330084
v -11.407290 113.012817 -2.798688
v -15.361757 104.199097 -2.543843
v -18.294950 86.939728 -5.227609
v -16.174025 87.956520 -7.597041
v -16.340752 97.671112 -4.635939
v -2.777665 105.893471 -8.763202
v -3.059428 103.399979 -10.161838
v -10.058013 114.007347 -3.522884
v -8.959929 113.900063 -4.221969
v -17.091537 96.975746 -3.298274
v -18.457222 89.775902 -4.220232
v -13.170412 100.169533 -8.002687
v -19.153984 86.248756 -3.895191
v -19.736280 85.961449 -2.562379
v -11.739160 105.615677 -6.579092
v -11.500846 104.855835 -7.182020
v -11.073905 103.855675 -8.033263
v -13.057805 104.895447 -5.728014
v -12.468445 105.551491 -5.970927
v -6.344251 106.253052 -8.392703
v -10.924117 107.292480 -6.258461
v -11.755989 108.907082 -4.872991
v -12.012058 109.953041 -4.126413
v -13.034589 108.708290 -3.696336
v -12.383822 109.145103 -4.190026
v -12.991069 109.940697 -3.027775
v -7.228002 108.122803 -7.072356
v -6.052017 109.808342 -6.431052
v -5.607628 110.692581 -6.200799
v -5.774353 112.061760 -5.763613
v -6.863719 112.994560 -5.271048
v -7.007328 111.908768 -5.583637
v -4.791555 108.834038 -7.000366
v -5.663020 109.064919 -6.767651
v -0.208809 86.747459 -10.889970
v -0.802867 87.991173 -11.568974
v -1.593836 85.808159 -10.311112
v -3.324067 86.515800 -10.752632
v -2.308579 86.384300 -10.675570
v -5.881223 93.041382 -12.833200
v -3.072376 90.422485 -12.437985
v -7.854154 87.828156 -11.461593
v -2.524444 99.506218 -11.829505
v -5.318738 97.557686 -12.398001
v -10.584754 92.918434 -11.802345
v -12.355796 87.528328 -10.218772
v -9.866563 97.959442 -11.286971
v -13.920949 110.942932 0.119755
v -16.816280 95.529587 -4.941107
v -16.188635 94.906296 -6.393511
v -17.558311 94.887108 -3.547032
v -17.968441 94.604088 -2.366751
v -17.804483 95.458603 -2.071928
v -17.941301 93.797363 -3.251923
v -18.263878 93.620567 -2.212155
v -17.794024 93.168633 -4.109961
v -14.303281 94.402397 -8.941849
v -4.328090 113.756035 -5.643822
v -5.613060 113.432144 -5.437710
v -6.433511 113.757317 -5.187675
v -2.767300 114.046242 -5.752598
v -1.593731 112.415344 -5.950828
v -1.274185 111.028091 -6.259135
v -1.828033 109.643410 -6.769018
v -14.785988 108.292786 -0.617436
v -11.178707 113.926186 -2.528880
v -10.605273 112.951622 -3.573093
v -12.237114 113.274818 -1.459465
v -12.715450 113.045853 -0.657156
v -15.894768 104.148804 -1.138173
v -18.385866 85.906624 -5.244410
v -17.358839 86.437958 -6.435674
v -14.989975 86.691788 -8.444204
v -16.540007 96.767380 -4.778350
v -15.641513 97.512123 -6.043894
v -1.444425 105.899475 -8.767900
v -2.112015 104.583305 -9.489875
v -2.116071 107.262344 -8.046149
v -2.110718 105.358353 -9.056981
v -2.112754 106.464333 -8.479461
v -1.583872 103.405823 -10.160674
v -17.861353 91.153793 -4.948332
v -18.168018 91.804741 -3.981156
v -18.637518 88.766479 -4.203066
v -18.442402 87.903130 -4.810694
v -13.596927 98.121025 -8.423289
v -10.591750 104.632584 -7.930380
v -11.135440 101.467812 -9.177901
v -7.209846 106.050125 -8.396387
v -6.948907 106.748985 -7.954356
v -6.282439 105.279800 -9.056261
v -6.292721 103.272255 -10.220090
v -5.970186 104.295303 -9.674361
v -7.188227 104.327080 -9.488975
v -4.527408 103.817200 -9.927660
v -11.006536 109.244972 -5.254960
v -11.272666 108.427307 -5.457791
v -12.535509 107.823662 -4.689941
v -13.520851 109.095764 -2.800413
v -13.774360 110.171806 -1.456992
v -4.752389 111.674721 -6.026779
v -3.426570 111.827721 -6.103424
v -2.445536 111.937157 -6.056343
v -3.483373 110.833153 -6.382194
v -3.844810 109.677269 -6.764053
v -2.830022 110.039185 -6.655398
v -2.661706 109.149132 -7.031552
v -4.824180 107.224525 -7.899352
v 0.144128 87.901237 -11.520165
v -0.293219 88.776894 -11.960188
v -2.119805 89.046410 -12.081502
v -0.738283 86.127434 -10.515388
v -3.135673 85.676842 -10.218983
v -4.680080 86.063225 -10.470258
v -5.786093 94.404282 -12.839649
v -1.567347 90.395790 -12.413688
v -7.770171 86.338890 -10.628012
v -1.278022 99.520988 -11.819176
v -1.896893 98.113068 -12.322180
v -1.759499 96.746498 -12.802910
v -1.898363 100.934219 -11.359665
v -5.525750 96.436378 -12.625845
v -7.037223 97.177368 -12.365007
v -3.808763 96.803978 -12.636216
v -11.865970 94.259209 -11.008875
v -8.985397 94.038628 -12.368525
v -12.259268 86.121391 -9.761369
v -10.078554 96.820641 -11.494678
v -11.341280 97.482613 -10.578764
v -8.599618 97.283165 -11.975529
v -14.126253 110.841850 1.065955
v -14.473060 109.611145 0.013593
v -16.010218 95.758499 -6.298680
v -15.261546 94.941978 -7.689856
v -16.703964 93.557487 -6.114332
v -17.364309 95.730843 -3.463060
v -17.521225 94.121292 -4.187348
v -14.125310 95.446648 -8.837135
v -0.918737 109.683777 -6.730250
v -15.056493 108.212807 0.366566
v -15.229487 106.902733 -0.597600
v -12.405124 112.028557 -2.247949
v -16.046682 102.401024 -2.207059
v -16.504698 101.413033 -1.612942
v -17.401991 85.584351 -6.421909
v -17.481573 87.896088 -6.200572
v -16.231247 86.292786 -7.480487
v -14.985349 85.688637 -8.317973
v -15.817764 96.677727 -6.175796
v -15.619750 98.988953 -5.275358
v -14.754745 97.489128 -7.343774
v -1.063885 104.647209 -9.448905
v -1.082466 107.173538 -8.110704
v -2.318519 103.846718 -9.910061
v -18.285635 90.639153 -4.257283
v -17.813101 90.034668 -5.351081
v -16.525724 91.238472 -7.056105
v -17.269203 90.897942 -6.053489
v -17.345041 91.857544 -5.660081
v -16.716843 89.513710 -7.014344
v -16.837385 90.393120 -6.771015
v -17.434904 89.271225 -6.084281
v -18.993048 87.336037 -3.924073
v -13.822066 97.013596 -8.614952
v -12.620677 97.526443 -9.570162
v -12.139485 102.438942 -7.910520
v -10.816585 102.722710 -8.796915
v -3.621426 104.840263 -9.355691
v -4.556036 101.764229 -11.001377
v -12.215664 107.221573 -5.311444
v -1.550631 108.410179 -7.401230
v -5.836780 106.997940 -7.934768
v -5.585865 107.989296 -7.336640
v -2.382478 87.773499 -11.457107
v -3.924957 93.614723 -13.003624
v -2.573981 94.174698 -12.906636
v -1.301572 89.526337 -12.309537
v -2.325924 89.857605 -12.336769
v -2.295908 92.077797 -12.780170
v -1.605212 93.188591 -13.165559
v -7.719543 85.566856 -10.091013
v -9.284383 86.059837 -10.411414
v -0.913435 98.208786 -12.290547
v -0.832211 96.919029 -12.830426
v -2.415830 95.903755 -12.816922
v -0.920985 100.865807 -11.390719
v -2.331952 102.237022 -10.784686
v -7.142911 96.253769 -12.521472
v -4.009637 95.927109 -12.773218
v -2.743546 97.352165 -12.587778
v -11.715897 95.315857 -10.915298
v -13.076784 94.769508 -10.005603
v -10.422938 94.582672 -11.766648
v -8.862974 95.096367 -12.303006
v -7.348112 93.821701 -12.738632
v -7.864610 94.737274 -12.593578
v -13.621875 86.900536 -9.370637
v -14.019030 85.967300 -8.904069
v -11.501440 96.576653 -10.742349
v -8.431514 98.913696 -11.571827
v -8.679463 96.364586 -12.149446
v -14.068599 110.259117 -0.520094
v -14.295238 109.195389 -1.139584
v -15.105522 95.786438 -7.595234
v -15.058123 94.068848 -8.208646
v -15.881154 94.099174 -7.155578
v -17.189207 93.615906 -5.209018
v -14.674438 107.443138 -1.668388
v -13.935130 106.584435 -3.640379
v -13.142066 106.788345 -4.599856
v -15.047234 105.819153 -2.033333
v -14.198941 107.317238 -2.750350
v -13.440722 107.624321 -3.755330
v -13.686160 105.542847 -4.594181
v -15.006685 106.614372 -1.512571
v -14.522548 106.339211 -2.776429
v -12.027680 112.789482 -2.177183
v -11.662293 111.997940 -3.195905
v -12.933820 110.957275 -2.337271
v -13.111755 111.635048 -1.352131
v -16.316561 102.748718 -1.067323
v -15.821242 103.427261 -2.005386
v -17.735437 87.087151 -5.966362
v -16.851295 87.304283 -6.932628
v -15.775365 87.098396 -7.892262
v -15.865981 98.106171 -5.323530
v -14.934639 96.653526 -7.477806
v -14.970729 98.616936 -6.516098
v -12.447548 99.113045 -9.134447
v -12.743168 96.639977 -9.761230
v -11.830689 103.337112 -7.729390
v -9.245360 101.982376 -10.048865
v -11.503527 102.135300 -8.585710
v -12.243834 101.031540 -8.480659
v -3.614846 104.042595 -9.801794
v -4.128276 102.802467 -10.487299
v -3.451643 102.038849 -10.880070
v -3.597744 100.606728 -11.469321
v -5.357367 102.587456 -10.611777
v -6.682618 100.881012 -11.301215
v -5.750165 101.600319 -11.081534
v -4.995708 100.730438 -11.422964
v -7.078581 102.128639 -10.697092
v -2.366876 108.023796 -7.613276
v -1.696739 88.326736 -11.738954
v -1.504101 87.499092 -11.306708
v -4.535826 88.743797 -11.907821
v -3.485573 89.362343 -12.176799
v -3.017093 88.520760 -11.823589
v -4.733842 89.899773 -12.313489
v -5.028543 93.673904 -12.929400
v -4.405611 94.535416 -12.806356
v -1.170156 91.741234 -12.691496
v -2.310329 91.118462 -12.567889
v -2.843505 93.043495 -13.057373
v -4.323746 91.850883 -12.731102
v -4.512533 92.808128 -12.857141
v -3.354519 92.245323 -12.817503
v -4.893210 90.936821 -12.537958
v -6.022356 91.749329 -12.696813
v -10.790288 86.029808 -10.166797
v -8.794656 87.056038 -11.016627
v -10.065886 89.061531 -11.507077
v -9.141867 88.164299 -11.442337
v -10.408903 87.356598 -10.860791
v -8.088281 89.847710 -12.125336
v -8.255792 88.810715 -11.802144
v -6.571941 89.080940 -12.010456
v -5.712596 89.582565 -12.197556
v -1.333815 102.552727 -10.622090
v -12.927213 95.643639 -9.903939
v -13.274634 92.389488 -10.210137
v -14.496999 92.822983 -9.092949
v -10.302353 95.476494 -11.685454
v -9.948802 93.706818 -12.046784
v -11.064708 93.793015 -11.527916
v -11.972180 92.641884 -11.082894
v -6.412927 93.758926 -12.833714
v -6.803705 94.686798 -12.757916
v -14.659139 88.571007 -8.986932
v -15.105695 87.717712 -8.512159
v -12.783062 86.844826 -9.803308
v -13.103248 85.816849 -9.300773
v -7.685928 98.101707 -12.015114
v -6.930646 99.447807 -11.770284
v -5.935843 100.075348 -11.666019
v -8.936044 98.087639 -11.594027
v -15.470355 104.930534 -1.685697
v -13.758559 104.625389 -5.040350
v -14.643077 104.375389 -3.856745
v -14.751709 105.259178 -3.062461
v -11.139664 111.710526 -3.865819
v -14.506717 100.886795 -6.043159
v -14.268379 98.523346 -7.496397
v -14.327130 99.755745 -6.859844
v -13.553207 99.155052 -8.048878
v -12.882236 98.287323 -9.060316
v -11.832088 98.385002 -9.918040
v -11.104316 99.922142 -9.870482
v -10.238043 102.052025 -9.490232
v -9.503985 102.915100 -9.456367
v -10.019177 100.965660 -10.114983
v -12.428663 100.068199 -8.753314
v -2.866470 101.286858 -11.199863
v -2.654209 100.364700 -11.553493
v -3.699573 99.577057 -11.816615
v -3.214757 98.457245 -12.180768
v -8.200838 101.048401 -10.880974
v -9.111434 101.144394 -10.489997
v -7.631927 103.147926 -10.055222
v -8.171735 102.220589 -10.371568
v -8.581125 103.154617 -9.742016
v -4.611541 87.375748 -11.249851
v -3.531376 87.691307 -11.412368
v -7.171777 92.523399 -12.718157
v -8.960667 92.269577 -12.353996
v -7.413940 91.120857 -12.424552
v -8.189673 93.072380 -12.582175
v -11.564544 86.781105 -10.286546
v -10.095896 86.538727 -10.568479
v -1.319193 101.682518 -11.046756
v -12.847981 93.578270 -10.411780
v -13.706182 93.258713 -9.756980
v -11.007309 91.366135 -11.559129
v -12.488811 91.533058 -10.770666
v -14.031482 90.439110 -9.651224
v -13.452669 91.304367 -10.111466
v -14.488957 91.567245 -9.251081
v -15.494034 90.244652 -8.348760
v -14.808513 90.676918 -8.998319
v -14.617058 89.628220 -9.130948
v -13.217254 88.993279 -10.072526
v -6.342311 98.359123 -12.169520
v -5.782476 99.168182 -11.969538
v -15.668651 105.511147 -0.558300
v -15.191615 102.518204 -4.042819
v -15.559730 102.937683 -3.026174
v -15.048108 103.478371 -3.705301
v -14.207743 105.675652 -3.744159
v -15.011741 99.848213 -5.821327
v -15.374274 100.972832 -4.584341
v -15.530787 99.965408 -4.858349
v -13.756413 100.797417 -7.058421
v -13.741241 102.371941 -6.287062
v -13.971100 101.499962 -6.444163
v -13.070418 101.834496 -7.298965
v -12.853900 103.072182 -6.920789
v -13.497980 103.406631 -6.051204
v -11.618541 100.573845 -9.213003
v -10.836485 100.771538 -9.699527
v -7.629327 100.222252 -11.363268
v -4.232166 86.697189 -10.855390
v -6.155537 86.783417 -10.900318
v -6.673905 85.953926 -10.382386
v -5.721284 88.110710 -11.619889
v -5.556539 87.351860 -11.234591
v -6.833212 88.172890 -11.641813
v -7.030933 90.147308 -12.323468
v -8.803688 90.971252 -12.230474
v -9.349456 89.953331 -11.906653
v -9.865127 91.547752 -12.016091
v -10.622216 90.180733 -11.564954
v -7.981805 91.935669 -12.533595
v -13.670364 94.151169 -9.618183
v -11.191768 92.257797 -11.511793
v -13.387894 87.925743 -9.762040
v -12.938396 101.047813 -7.817724
v -12.849692 104.100258 -6.391516
v -8.548190 99.817078 -11.234426
v -5.660954 85.855492 -10.324743
v -16.644627 98.109589 -3.648253
v -4.230101 108.031433 -7.489739
v -3.473167 107.095024 -8.096236
v -4.246059 106.026184 -8.666762
v -5.274261 106.274002 -8.469251
v -16.597631 92.427261 -6.672501
v -15.911847 92.104218 -7.678703
v -15.337928 91.477821 -8.431826
v -15.939757 90.931168 -7.827627
v -16.843317 88.486992 -6.905697
v -9.486808 99.001068 -11.136676
v -10.702417 98.732567 -10.582729
v -10.317238 99.654533 -10.478420
v -11.398565 88.496277 -10.906533
v -10.442588 88.248459 -11.164857
v -11.350174 87.604240 -10.663846
v -12.374465 88.490105 -10.455680
v -11.431149 89.539841 -11.124190
v -4.153485 97.803520 -12.380024
v -4.921550 98.523705 -12.145955
v -15.869310 89.111900 -7.956367
v -13.126060 90.052444 -10.271759
v -14.731674 101.902809 -5.175363
v -14.612160 102.878983 -4.824197
v -16.033178 100.407951 -3.551040
v -16.114212 101.346764 -2.773192
v -7.202064 87.082855 -11.081624
v -15.628469 101.630745 -3.705391
v -0.347830 111.273674 11.511456
v -0.361621 109.770073 11.685646
v -0.412607 108.298637 11.981562
v -0.456821 106.800186 12.191737
v -0.448487 105.280449 12.238978
v -0.418415 103.787270 12.111567
v -0.382999 102.326408 11.813561
v -0.321714 100.896225 11.426859
v -0.283554 99.506584 11.005331
v -0.287548 98.116905 10.546006
v -0.327484 96.705727 10.048818
v -0.659933 94.023094 10.355905
v -0.680250 92.827003 10.259692
v -0.703053 91.357323 10.231214
v -0.726135 89.930687 10.253278
v -0.671603 88.978264 9.312532
v -0.607239 88.463112 8.077057
v -0.609799 88.139732 6.791657
v -0.574260 86.775993 7.339172
v -0.636758 85.355858 7.763379
v -0.687465 83.877769 7.937830
v -0.740172 82.402977 8.109565
v -0.783509 81.006477 8.604687
v 0.678729 81.021309 8.728171
v 2.114239 81.100845 9.028444
v 3.490081 81.337318 9.487865
v 4.904142 81.724098 9.435157
v 6.239503 81.939552 10.002989
v 7.676125 82.234001 9.972972
v 9.117783 82.489677 10.047944
v 10.567181 82.712708 10.170838
v 12.031694 82.921288 10.245278
v 13.520343 83.135307 10.258718
v 14.998937 83.375397 10.004511
v 16.375465 83.599266 9.388921
v 17.595814 83.809166 8.474424
v 18.614834 83.996391 7.321101
v 19.400528 84.165520 5.981108
v 19.970800 84.328171 4.516324
v 20.318884 84.484840 2.972743
v 20.449026 84.650322 1.379804
v 20.363241 84.871300 -0.206620
v 20.227697 86.151062 0.015245
v 20.038717 87.417534 0.156052
v 19.814005 88.648026 0.172010
v 19.547228 89.890450 0.096469
v 19.246544 91.143272 0.145738
v 19.154104 91.511208 0.168510
v 19.055779 91.876259 0.191033
v 18.784395 92.854263 0.219094
v 18.505499 93.824959 0.245491
v 18.230715 94.797234 0.281074
v 17.985846 95.774269 0.321861
v 17.747053 96.955360 0.415249
v 17.543291 98.153465 0.535450
v 17.349186 99.361847 0.686402
v 17.141365 100.575706 0.863538
v 16.910326 101.787544 1.057390
v 16.623701 103.172722 1.301515
v 16.312630 104.559975 1.575477
v 15.980145 105.942703 1.861035
v 15.576708 107.303322 2.148966
v 15.107463 108.645081 2.436949
v 14.581035 109.961571 2.726053
v 13.982814 111.257446 3.012183
v 13.405484 112.575768 3.294165
v 11.707316 112.036636 7.684328
v 12.137688 110.739746 7.791926
v 12.591617 109.435196 7.905921
v 13.036107 108.127136 7.994241
v 13.423251 106.810036 8.029426
v 13.746825 105.484886 8.020420
v 13.984354 104.167419 7.933819
v 7.912228 111.404716 10.278257
v 8.067197 110.029129 10.451405
v 8.216399 108.661400 10.622744
v 8.311763 107.283424 10.667418
v 8.356909 105.899231 10.578503
v 8.473853 104.508743 10.630437
v 8.543578 103.113380 10.506826
v -0.203757 88.202232 7.968981
v -0.020442 88.040108 9.188805
v 0.712112 88.192955 10.400680
v 2.075515 88.643143 10.426685
v 3.443827 88.910629 10.001204
v 4.887096 89.209351 10.073313
v 6.348785 89.482567 10.168098
v 7.824715 89.751717 10.216207
v 9.308055 90.020699 10.107747
v 10.799918 90.274025 10.104344
v 12.258779 90.501610 10.100472
v 13.691236 90.731819 9.780018
v 15.071254 90.966179 9.296211
v 16.295263 91.170288 8.475175
v 17.290159 91.342857 7.384096
v 18.057285 91.485802 6.104810
v 18.582468 91.605095 4.697324
v 18.908297 91.706490 3.221804
v 19.064634 91.793610 1.710366
v 0.987381 93.095711 10.249382
v 2.613678 93.326363 10.162412
v 4.204544 93.550507 10.018407
v 5.770858 93.766129 9.842093
v 7.321542 93.990707 9.677432
v 8.860850 94.222740 9.564232
v 10.385329 94.466805 9.460936
v 11.899909 94.710884 9.365679
v 13.391620 94.963287 9.118365
v 14.772089 95.185921 8.487161
v 15.929893 95.356827 7.501528
v 16.811792 95.490959 6.256800
v 17.425869 95.586731 4.860453
v 17.808537 95.659660 3.380608
v 17.988144 95.718315 1.858106
v 0.480540 92.706184 10.254637
v 0.428541 91.382988 10.217756
v 0.368214 90.091972 10.249313
v 0.039554 88.818512 10.255662
v 0.090451 87.730888 8.059132
v -0.422362 87.223747 7.126578
v 2.167774 90.360031 10.109975
v 1.134496 90.595177 10.160935
v 1.080984 83.109459 8.867213
v 1.406370 85.747368 9.404845
v 0.771620 86.919426 8.974342
v -0.036581 81.693810 8.391102
v 1.045989 82.058060 8.421631
v 0.312098 82.862320 8.047250
v 1.067540 89.165031 10.326712
v 6.150854 85.665039 10.712914
v 4.893420 91.429642 10.350923
v 10.527493 86.393501 10.012063
v 9.408350 92.080475 9.876763
v 7.375623 98.320900 10.007358
v 4.645932 95.896713 10.377071
v 1.664869 94.309616 10.348551
v 0.489437 94.202652 10.387239
v 0.096833 95.889793 10.320762
v 1.114993 97.385468 10.338222
v 1.377499 100.285469 11.200753
v 1.284722 103.125221 11.976768
v 1.259380 107.527664 12.221105
v 1.330224 110.496964 11.904720
v 1.374661 111.720398 11.795982
v 0.385265 111.888916 11.710216
v 2.159671 111.011879 11.901284
v 5.689906 102.327873 11.207105
v 5.646844 106.404869 11.678253
v 5.293724 110.480324 11.688764
v 5.010638 111.590294 11.664258
v 3.983567 111.695000 11.899637
v 6.400541 111.329910 11.070680
v 16.374716 87.376541 9.158059
v 16.241621 93.255211 7.877614
v 17.798132 93.520866 5.387109
v 12.338531 92.582542 9.620027
v 15.477645 99.938110 6.753369
v 19.145651 87.949844 5.499499
v 20.363642 85.387192 0.663830
v 19.422659 90.449181 1.622090
v 18.409367 93.829819 2.614248
v 18.390776 94.254662 1.409611
v 18.170071 95.086143 1.220735
v 18.705271 93.114822 1.571164
v 18.681536 92.753403 2.829423
v 18.913120 92.434654 1.076988
v 18.270756 93.414993 4.001597
v 17.555113 97.479340 2.614118
v 17.882902 96.309143 1.095273
v 17.699438 97.207024 1.525329
v 11.112535 105.433243 9.483228
v 10.765349 108.174522 9.625413
v 15.287315 106.471184 5.293375
v 10.139936 110.876823 9.298846
v 8.533675 112.151932 9.867819
v 9.017974 111.118950 9.789380
v 9.751653 111.992348 9.243730
v 10.833567 111.678993 8.604488
v 11.222582 110.599503 8.694519
v 11.004574 112.565140 8.218312
v 10.511443 109.539993 9.478271
v 13.120891 111.661148 5.751770
v 11.963439 112.800735 7.078712
v 12.487072 111.884804 6.756754
v 12.700589 112.705154 5.869402
v 13.221820 112.449768 4.646143
v 13.764295 111.162125 4.509515
v 2.494757 89.396729 10.069095
v 3.721730 90.264984 10.135072
v 2.185743 91.886566 10.280555
v 1.150977 91.967125 10.256979
v 2.471671 82.610016 9.511138
v 0.716922 84.588684 8.244278
v 2.000401 86.862495 10.486291
v 0.405329 86.623253 7.923155
v 0.514213 87.450150 9.771717
v 6.613503 83.821404 10.272585
v 7.832761 87.302551 9.911015
v 4.838874 87.299698 10.401093
v 5.289128 90.283813 10.215130
v 6.739549 91.141373 10.267710
v 6.274920 90.387093 10.258344
v 5.267623 92.616692 10.119114
v 3.705325 92.349556 10.230962
v 10.977375 84.569267 10.478187
v 13.714971 86.102715 10.215090
v 12.195237 88.153099 10.194138
v 9.779675 91.049713 10.339622
v 11.042388 91.749214 9.781990
v 8.240705 91.391487 10.355109
v 9.900374 93.254143 9.591802
v 8.359175 93.031586 9.700961
v 7.720347 96.125275 10.038554
v 11.774617 98.841599 9.007926
v 5.334651 99.538399 10.980118
v 3.314895 96.214699 10.651267
v 2.647444 95.158760 10.459820
v 4.810547 94.664436 10.113847
v 6.226806 95.473869 10.110180
v 3.801810 95.162979 10.327355
v 3.204552 94.247986 10.207883
v 5.824222 94.653442 10.010498
v 4.556125 97.774948 10.715534
v 3.674976 97.180794 10.813707
v 0.222173 97.410828 10.300156
v 1.087903 96.330734 10.342338
v 1.944158 97.049294 10.538896
v 0.988108 98.833763 10.759463
v 0.384217 100.225365 11.227594
v 2.208645 99.445435 10.891772
v 2.144039 98.257561 10.634992
v 2.338854 100.848778 11.337735
v 1.930203 102.049622 11.672585
v 0.760314 102.063354 11.765991
v 1.314568 101.261711 11.500189
v 0.284389 103.084160 11.989386
v 2.287090 103.578835 11.994394
v 1.158366 104.797928 12.226764
v 0.257543 107.536156 12.110093
v 1.902343 106.351318 12.329440
v 0.686388 106.381035 12.239867
v 2.063657 105.333427 12.268146
v 2.276952 107.768120 12.320711
v 1.811196 109.122398 12.102096
v 0.724796 108.651855 11.962605
v 0.331921 110.518959 11.757066
v 6.956360 103.610611 11.179067
v 4.592639 103.617302 11.916181
v 6.691350 107.818352 11.304362
v 4.656529 107.765800 12.083742
v 4.228525 106.377342 12.244370
v 7.087061 106.462891 11.111838
v 4.065559 110.513969 12.043715
v 4.654039 109.208412 12.021164
v 6.626353 109.943901 11.123869
v 7.132087 111.885460 10.638915
v 16.745550 85.480827 9.075286
v 17.397152 89.155396 7.982276
v 14.951899 88.974731 9.675447
v 17.334955 92.708351 6.730690
v 16.711716 94.270271 6.951504
v 15.638305 94.314484 8.090778
v 14.454475 92.994431 9.150023
v 14.608589 94.094055 8.833054
v 15.348615 93.343262 8.585786
v 15.453203 92.133385 8.829926
v 16.429705 92.187950 8.048671
v 18.102201 92.435692 5.402331
v 18.442923 92.506584 4.331479
v 17.392918 94.619621 5.597077
v 17.885344 94.548904 4.287950
v 12.679719 91.490364 9.760717
v 13.979093 91.902466 9.529455
v 13.429656 92.773674 9.496305
v 12.588641 93.701942 9.458237
v 11.266288 93.394211 9.526706
v 13.687708 93.726791 9.264859
v 10.725093 92.644852 9.684877
v 14.804720 97.673393 7.883893
v 16.614426 97.931885 5.504801
v 16.787893 100.830315 4.026417
v 18.768633 86.143028 6.816541
v 19.887506 86.445770 3.919235
v 20.233372 85.955315 2.289186
v 18.787231 89.837624 5.408737
v 19.427483 90.492889 0.665287
v 19.195883 91.050774 2.462942
v 19.434671 89.437004 3.455482
v 19.392609 90.156258 2.700547
v 19.036293 90.522362 4.090025
v 19.715103 88.909904 1.859584
v 18.129665 94.872765 2.621522
v 17.748247 96.457794 2.619891
v 17.337852 96.912430 4.134672
v 17.446886 98.642708 1.922648
v 10.162074 103.959435 10.056357
v 12.493872 104.477379 8.932659
v 9.660773 105.319839 10.056796
v 9.415969 108.070290 10.196080
v 12.007023 107.159721 9.063235
v 11.941344 108.564049 8.825886
v 15.269797 107.681519 3.972753
v 14.287752 107.694397 6.445586
v 15.042323 105.049110 6.533486
v 16.103176 104.939354 3.857431
v 9.313342 109.943398 9.910780
v 9.668487 109.020264 9.961222
v 13.227241 110.282463 6.573814
v 13.019237 113.296043 4.297223
v 13.664454 111.783592 3.761359
v 14.242824 110.429543 3.760321
v 14.032187 109.870422 5.247835
v 14.750196 109.059074 3.978321
v 1.929263 92.731224 10.236043
v 2.893632 91.027336 10.212274
v 1.897881 82.059486 8.923614
v 2.666746 81.724197 9.406467
v 3.895059 82.699760 9.897995
v -0.115098 84.595764 7.846301
v 1.642231 87.795258 10.580746
v 3.259677 87.604828 10.636382
v 6.815925 82.799294 10.166345
v 8.145168 83.640602 10.362544
v 7.427658 88.555862 10.136495
v 6.255486 87.653694 9.919606
v 9.356292 88.248978 10.229351
v 6.426979 88.550911 10.076517
v 8.435973 88.868752 10.234038
v 4.437266 88.265007 9.993314
v 5.872206 91.800156 10.318728
v 11.173392 83.537926 10.410637
v 12.546570 84.339111 10.354952
v 11.827600 89.360313 10.025463
v 10.453727 89.029510 10.121384
v 13.399508 88.994087 10.043421
v 11.357732 90.984177 10.199759
v 7.678300 90.674400 10.219712
v 7.922744 94.989708 9.860485
v 9.458336 95.810722 9.873221
v 6.919962 94.810799 9.929797
v 8.899075 95.087357 9.777900
v 12.169384 96.747826 9.100086
v 4.018716 99.420601 11.316701
v 3.890722 98.445488 11.087203
v 4.635571 101.005264 11.414181
v 4.660207 100.099876 11.269570
v 6.347353 97.051262 10.168479
v 0.210598 104.552773 12.199374
v 2.163859 110.007324 12.038056
v 7.910924 103.738091 10.872062
v 3.620078 103.568680 12.268355
v 7.646444 107.913597 10.917306
v 3.688725 107.763527 12.399663
v 4.886427 105.095055 11.922356
v 4.967012 106.941406 11.966615
v 6.381942 106.972710 11.406355
v 5.693801 108.519005 11.691458
v 6.730852 108.887207 11.214082
v 3.693832 109.169937 12.300557
v 7.295246 110.655266 10.699731
v 16.909731 84.457253 9.016419
v 17.966581 85.209099 8.018488
v 15.493655 84.798935 9.803608
v 17.088743 90.309608 7.982355
v 16.186926 89.546677 8.943101
v 18.080441 89.907097 6.829083
v 14.646399 90.026169 9.632505
v 17.563999 91.912201 6.752305
v 16.861013 93.412285 7.105856
v 15.103520 96.382690 7.966753
v 16.883198 96.639175 5.540325
v 17.044952 101.052902 2.431777
v 18.932501 84.995934 6.737247
v 19.527487 85.725517 5.373114
v 20.058760 85.307243 3.826882
v 20.352106 85.091072 2.231837
v 20.189970 86.676781 1.201269
v 19.987099 87.837944 1.408543
v 19.825153 87.819489 3.111780
v 20.065577 87.024223 2.337468
v 18.542463 90.811447 5.416283
v 19.154631 89.662163 4.436822
v 19.077217 88.912109 5.192018
v 18.515760 88.685280 6.547434
v 19.499283 88.213005 4.274697
v 19.552565 87.197441 4.728893
v 19.159857 86.854759 5.888216
v 18.459089 87.425468 7.026679
v 19.714674 89.263863 0.865122
v 17.524948 96.100128 4.118980
v 17.100204 98.759399 3.842542
v 9.201301 103.873123 10.432907
v 13.349672 104.698181 8.419956
v 10.426725 104.821983 9.812324
v 11.379516 104.042900 9.534801
v 10.660475 101.251923 9.411695
v 12.484049 102.406914 8.823358
v 10.643703 102.731445 9.419733
v 9.504699 102.955223 9.783397
v 12.177947 103.425743 9.035063
v 13.297896 103.280701 8.448576
v 14.266149 101.477058 7.751608
v 13.541389 102.210014 8.253843
v 12.766837 100.550743 9.045344
v 14.762776 102.948303 7.233391
v 12.831388 101.483948 8.627482
v 11.741044 101.552483 9.049602
v 14.100337 103.290398 7.850486
v 10.369187 106.706520 9.858881
v 12.755252 107.351089 8.420568
v 12.538688 105.888298 8.850502
v 11.690043 109.613159 8.691360
v 11.168941 108.929016 9.262334
v 11.553562 107.865135 9.243743
v 15.797380 106.428101 3.357563
v 15.359217 107.875511 2.962709
v 13.720009 107.580315 7.392089
v 14.473833 106.342850 6.931373
v 14.410214 104.939323 7.417323
v 14.893562 104.019585 6.961916
v 16.126661 102.953201 5.126575
v 15.663032 104.085938 5.733214
v 16.200001 105.137016 2.657072
v 16.510775 103.628601 2.954698
v 12.703452 110.992081 6.949616
v 12.717329 110.167862 7.390211
v 13.577866 108.955406 6.847285
v 13.567409 110.753967 5.543620
v 14.843645 109.220482 3.070701
v 14.369681 109.768898 4.362482
v 14.670552 108.267265 5.162675
v 3.815309 91.414703 10.330602
v 2.907761 84.642136 10.183282
v 8.309123 82.813530 10.134163
v 9.613093 83.796028 10.494227
v 7.473670 84.924187 10.688910
v 5.901950 86.757919 10.477111
v 7.199013 86.359489 10.447724
v 8.904087 86.024658 10.383530
v 8.096276 86.517937 10.299235
v 6.883092 92.719490 9.957017
v 12.699607 83.489426 10.318598
v 14.052939 84.485977 10.213354
v 11.896073 85.648666 10.158718
v 10.745311 87.700623 10.229929
v 13.715251 87.565468 10.139059
v 13.179018 89.940666 9.948472
v 10.925641 95.697662 9.682859
v 12.467968 95.694260 9.355680
v 13.764651 96.264214 8.761359
v 4.069376 102.200706 11.878040
v 3.646474 100.778275 11.704291
v 6.753815 96.231491 10.151400
v 5.635170 96.297333 10.275383
v 3.932843 105.383972 12.319596
v 5.794163 104.203712 11.524437
v 5.493249 103.237938 11.577220
v 6.999463 105.045189 11.091270
v 5.705964 107.584900 11.700228
v 5.690007 109.541588 11.620925
v 7.560388 109.294388 10.807199
v 18.080282 84.367958 7.958494
v 17.502630 86.581192 8.348531
v 15.634346 83.954239 9.763780
v 15.519923 86.270477 9.715815
v 16.017149 88.474106 9.235419
v 15.060801 87.716606 9.779746
v 17.057295 88.167290 8.527784
v 14.558708 86.818436 10.013459
v 17.881903 88.208267 7.647267
v 15.883417 90.448189 8.949943
v 17.876415 90.800545 6.776372
v 15.988441 97.179466 6.829390
v 16.987263 97.320480 4.921805
v 17.060123 101.139259 1.530041
v 16.806696 102.367264 2.424062
v 17.261709 99.870003 1.994308
v 19.647770 84.822487 5.304355
v 18.006992 89.119713 7.219388
v 17.365963 98.353821 2.929374
v 17.251434 97.817337 3.810150
v 10.375007 105.859703 9.787321
v 11.335619 106.414246 9.445724
v 10.133467 107.540031 9.949741
v 9.224726 106.669800 10.299606
v 11.977637 105.180618 9.147264
v 15.818619 106.567360 2.466197
v 15.500017 106.792534 4.310193
v 15.746086 105.774353 4.520134
v 15.453819 105.480461 5.576817
v 14.767650 106.894531 6.107511
v 15.534787 103.024147 6.235266
v 15.918381 101.399544 5.889468
v 15.890879 102.296082 5.781664
v 16.438709 101.758263 4.755315
v 16.761829 101.879471 3.548741
v 16.135363 103.988884 4.563367
v 15.857393 104.872437 4.867467
v 16.507692 103.806511 2.012363
v 13.717872 109.606361 6.158075
v 14.163431 108.587547 6.043246
v 3.053298 83.502159 9.989504
v 1.811396 84.005760 9.595727
v 3.918808 85.968742 10.548871
v 5.049747 86.069695 10.724445
v 4.727259 84.315544 10.250828
v 4.601020 85.259605 10.463367
v 3.762009 84.160210 10.162996
v 6.511190 84.759102 10.535092
v 8.724764 84.686150 10.633845
v 7.296818 91.896935 10.288192
v 14.590385 85.403786 10.079793
v 13.189852 85.189346 10.272479
v 10.902143 85.536118 10.353440
v 9.854995 85.024986 10.520455
v 9.844172 85.901245 10.332487
v 11.811831 84.848053 10.425548
v 11.690875 86.834785 10.190869
v 12.648571 86.330681 10.242242
v 11.238369 88.437752 10.177228
v 13.112886 88.233055 10.140787
v 14.234476 88.358307 9.968008
v 14.361185 96.942101 8.344929
v 13.319735 98.189140 8.618411
v 4.878166 101.901207 11.473370
v 6.352538 105.750237 11.373789
v 5.761626 105.071037 11.577615
v 7.887290 105.147484 10.770699
v 16.692808 86.448936 9.036525
v 17.428650 85.751152 8.508599
v 18.163095 86.105247 7.693042
v 15.946319 85.509422 9.562684
v 15.375640 97.089294 7.531297
v 16.215961 96.174065 6.870005
v 16.484091 97.248589 6.039514
v 17.081308 100.193733 3.115657
v 17.247873 99.289803 2.828198
v 1.905479 83.218590 9.189965
v 1.868110 84.998489 10.072637
v 1.753221 85.939705 10.298334
v 2.825297 86.105103 10.468903
v 1.030078 84.073914 9.012746
v 4.008619 86.921822 10.702368
v 5.294199 83.051598 9.849222
v 12.716354 87.291153 10.208441
v 4.463102 83.430725 10.064855
v 5.633335 83.917992 10.177407
v 0.398762 85.555504 7.930786
v 0.912904 86.023857 8.612580
v 7.191670 102.196098 10.485966
v 8.869083 97.410774 9.608329
v 10.239477 96.897003 9.386141
v 9.357270 96.650070 9.609744
v 11.188650 96.532455 9.300879
v 11.400494 97.700409 9.117873
v 12.457345 97.682365 8.940600
v 13.373344 97.183861 8.744214
v 10.001814 98.754311 9.346994
v 10.898623 98.476891 9.157866
v 9.807432 97.786392 9.399693
v 6.161262 100.878464 10.903991
v 6.864030 99.582954 10.617267
v 6.380125 101.787323 10.829941
v 6.113431 100.002884 10.893486
v 6.047177 98.484558 10.477930
v 8.661622 99.572342 10.196854
v 7.617360 100.826355 10.528586
v 5.087456 98.612129 10.786284
v 5.542767 97.621040 10.427362
v 6.606515 97.877724 10.173047
v 7.729940 99.176308 10.306680
v 8.575356 101.837914 10.036553
v 8.008534 102.483681 10.197421
v 8.787303 100.716766 10.199578
v 10.083484 100.040817 9.968200
v 9.572851 101.391487 9.740575
v 9.457950 99.389183 9.722185
v 8.601432 98.541092 9.672788
v 11.456185 100.169716 9.551753
v 10.662674 99.544922 9.307811
v 12.137821 99.771690 8.903487
v 19.684021 88.717987 2.899817
v 16.453722 99.551018 5.290075
v 9.373250 87.057526 9.922339
v 15.811805 98.569267 6.636910
v 16.321026 98.759575 5.786177
v 14.801744 98.999344 7.613982
v 15.253057 98.280281 7.355112
v 14.461202 100.239304 7.691659
v 13.443799 99.611198 8.403329
v 14.213958 98.393974 8.147159
v 13.751460 100.724449 8.414148
v 12.762514 98.971054 8.737675
v 15.180507 101.876518 6.854201
v 15.386006 100.920517 6.711361
v 6.564134 102.757156 10.972223
v 7.699741 97.240753 9.861594
v 16.864870 99.762413 4.192639
v 16.385736 100.641762 5.155246
v 16.033226 100.135635 5.930308
v 16.503368 102.941444 3.933772
v -2.249906 81.075249 8.622736
v -3.701830 81.196846 8.805540
v -5.101165 81.473473 9.157079
v -6.503986 81.780914 9.461990
v -7.898747 82.086937 9.799675
v -9.309588 82.397934 10.048072
v -10.744265 82.704330 10.103936
v -12.186606 82.995941 10.186117
v -13.641540 83.277390 10.256387
v -15.080994 83.552818 9.981330
v -16.420378 83.794998 9.360211
v -17.608471 84.006210 8.455748
v -18.606316 84.181572 7.319232
v -19.383268 84.338020 5.992300
v -19.948885 84.470734 4.545070
v -20.301588 84.593651 3.014894
v -20.441881 84.708878 1.438977
v -20.371214 84.843735 -0.156970
v -12.361323 112.256828 6.745495
v -12.789326 110.983116 6.825764
v -13.241280 109.709290 6.910313
v -13.696915 108.434319 6.977638
v -14.140037 107.149391 7.021165
v -14.540107 105.838417 7.031525
v -14.889009 104.533073 7.006189
v -8.881347 111.662102 9.757649
v -9.070979 110.306938 9.934494
v -9.280665 108.957420 10.135491
v -9.441467 107.590355 10.228998
v -9.520284 106.209953 10.123944
v -9.612051 104.824760 10.033043
v -9.626730 103.467972 9.708774
v -4.134286 111.348145 11.897798
v -4.150341 109.996231 12.051336
v -4.167415 108.627296 12.171970
v -4.163196 107.242470 12.209096
v -4.131346 105.853661 12.113965
v -4.095084 104.464043 11.937036
v -4.074810 103.066093 11.722186
v -4.085069 101.658684 11.493092
v -4.112630 100.252716 11.216243
v -4.148193 98.852188 10.893554
v -3.899695 97.479317 10.651509
v -3.207037 96.241066 10.515653
v -2.060471 95.367256 10.485241
v -1.045440 88.270683 7.948246
v -1.270240 88.012749 9.140008
v -2.236158 88.266167 10.157393
v -3.549431 88.712944 10.526717
v -4.946256 89.077721 10.311187
v -6.361802 89.389076 10.023876
v -7.819483 89.715317 9.952446
v -9.289639 89.997116 10.113991
v -10.772932 90.283630 10.256282
v -12.238247 90.552208 9.911473
v -13.689957 90.864784 9.762017
v -15.072774 91.133720 9.263227
v -16.283701 91.357323 8.430794
v -17.273190 91.547516 7.325362
v -18.025251 91.703606 6.041233
v -18.540180 91.823875 4.639410
v -18.858131 91.919868 3.174076
v -19.011322 91.998787 1.675599
v -19.003752 92.057083 0.161770
v -2.341797 93.146294 10.204545
v -3.967145 93.417038 10.094787
v -5.553749 93.674644 9.952198
v -7.117737 93.929314 9.814116
v -8.663113 94.194939 9.672830
v -10.189968 94.460930 9.479813
v -11.716914 94.745110 9.363175
v -13.223763 95.035805 9.147783
v -14.625793 95.295280 8.551962
v -15.803392 95.508110 7.580590
v -16.707863 95.674034 6.343339
v -17.340740 95.795280 4.944369
v -17.737177 95.885185 3.459356
v -17.929548 95.949242 1.935230
v -17.940176 95.993301 0.395949
v -1.845825 92.741646 10.226924
v -1.833889 91.417290 10.206544
v -1.813426 90.131020 10.297162
v -1.542283 88.865791 10.118042
v -1.402387 87.833061 7.983308
v -0.746706 87.243690 7.200957
v -3.602861 90.441200 10.114748
v -2.563567 90.648399 10.170571
v -19.675880 89.370445 1.626708
v -19.355141 90.696945 0.055016
v -20.192373 85.570740 -0.873829
v -18.435707 94.115723 1.111173
v -18.286530 94.522064 -0.088888
v -18.624952 93.384346 0.047391
v -18.170912 95.086639 0.878543
v -18.056259 95.353294 -0.257965
v -18.784985 92.693275 -0.458368
v -18.735470 93.044250 1.302696
v -17.775303 96.580627 -0.355148
v -17.742493 93.740013 5.368074
v -18.320374 93.794395 3.260206
v -18.503242 93.680092 2.137433
v -18.640972 92.883072 2.862359
v -18.155130 94.831070 2.494949
v -18.353716 92.940857 4.213221
v -18.605253 88.041626 6.608637
v -15.026732 87.342247 9.825629
v -16.193373 93.424812 7.868714
v -16.821888 100.054375 4.227473
v -13.713594 92.950333 9.409648
v -10.069895 99.028763 9.379924
v -16.409243 103.586601 3.747174
v -15.272992 107.612785 4.052532
v -13.659595 111.489197 4.386283
v -13.190485 113.195312 3.143900
v -13.620972 112.054909 3.206370
v -13.147845 112.707680 4.581728
v -12.519792 112.989563 6.072534
v -12.485431 104.539787 8.936378
v -12.049150 107.263672 9.024599
v -11.043616 111.208229 8.600793
v -11.755081 112.779411 7.359872
v -11.778151 111.729042 7.730228
v -10.902336 112.305046 8.372006
v -10.034588 111.728142 9.135104
v -10.188787 110.616051 9.346776
v -11.802247 109.319046 8.703245
v -11.176815 110.188622 8.877123
v -12.216019 110.310219 7.911237
v -10.603724 109.132080 9.528974
v -12.649305 109.366249 7.872959
v -12.438825 108.317787 8.491292
v -9.889288 109.774124 9.714116
v -11.370085 108.222328 9.293530
v -13.069266 108.586868 7.744994
v -13.195350 107.295448 8.122316
v -10.710107 107.030945 9.730638
v -10.341617 108.157692 9.819059
v -10.601673 86.479103 10.502702
v -9.288875 92.060104 9.773366
v -6.283453 85.523163 10.056058
v -6.297704 91.584587 10.313880
v -5.922222 96.070526 10.037475
v -2.982471 94.371559 10.236956
v -1.814067 94.142464 10.308761
v -2.826228 83.252548 8.429896
v -2.938918 85.876221 9.075200
v -2.187658 87.020607 8.804879
v -1.487220 81.729164 8.362739
v -1.809592 82.807747 8.149297
v -2.697778 82.108742 8.380107
v -2.533064 89.225189 10.418843
v -6.836342 106.549026 11.185401
v -2.396821 109.290955 12.550070
v -2.439519 102.242340 12.171111
v -6.896895 103.713760 10.843918
v -2.438808 105.075829 12.618099
v -6.972885 110.783531 10.844633
v -7.137805 111.908287 10.621728
v -8.050237 112.102516 10.126573
v -5.860035 111.529175 11.328851
v -2.250484 97.550552 11.077601
v -2.333549 100.308708 11.797798
v -1.261290 95.865456 10.731716
v -3.973795 89.512062 10.280656
v -3.575598 91.969841 10.225303
v -2.538749 92.022278 10.220790
v -5.161216 90.407494 9.993031
v -19.305227 90.655769 2.404670
v -19.918797 88.166611 0.367714
v -20.139542 86.750847 0.050525
v -19.137152 91.413307 -0.422076
v -19.256479 90.725090 -0.890491
v -19.624744 89.464294 -0.119002
v -19.218435 91.323097 0.898250
v -19.460922 90.346710 1.212212
v -17.303904 94.811852 5.668512
v -17.850622 94.715744 4.243296
v -17.003521 93.883591 6.693856
v -18.030697 92.670815 5.415088
v -18.162992 89.917053 6.679300
v -19.769217 87.183403 3.940840
v -18.793692 86.090080 6.786791
v -13.954780 85.467224 10.209194
v -13.594635 88.930092 10.027956
v -16.361998 89.113281 8.905542
v -16.719620 85.953835 9.060599
v -16.531408 92.343056 7.890724
v -15.230466 92.679253 8.829332
v -17.318930 92.683601 6.766254
v -15.519053 94.449234 8.150466
v -16.345806 94.606621 7.282385
v -15.326680 93.579613 8.535065
v -17.253958 100.001854 1.772794
v -17.127125 97.872177 4.204672
v -14.346178 99.337646 7.902961
v -14.086313 91.883659 9.502111
v -12.284310 92.088608 9.698724
v -13.158852 91.617973 9.716586
v -12.769284 93.898178 9.414047
v -14.121399 94.080956 9.049882
v -12.613468 92.974449 9.564688
v -10.851171 93.039322 9.713142
v -11.627230 93.748291 9.501063
v -8.918828 96.698326 9.582182
v -7.121723 99.866119 10.208057
v -11.902293 97.200546 9.091430
v -15.710338 105.382706 4.962412
v -16.186892 105.192436 2.452613
v -16.787477 102.518242 1.882713
v -15.364555 107.944557 2.446347
v -14.603728 107.948875 5.606114
v -13.116466 111.765274 5.673646
v -14.312897 110.469765 3.224797
v -13.938745 111.240799 3.493463
v -13.780698 104.912598 8.064158
v -10.972390 104.289429 9.454011
v -9.485452 112.464005 9.319100
v -12.723139 105.987038 8.724133
v -9.563694 84.598679 10.135767
v -9.210253 88.095421 10.251646
v -9.717466 91.053062 10.246053
v -8.016526 91.322342 10.334860
v -10.760871 91.765060 9.733549
v -8.191009 92.991287 9.791417
v -5.285650 83.588860 9.745831
v -4.975223 87.114563 10.359143
v -6.735671 90.483444 10.038575
v -5.081353 92.457977 10.108280
v -6.633424 92.743134 9.923059
v -6.126277 94.819054 9.961422
v -4.535360 94.776070 10.118815
v -7.585404 95.693047 9.788836
v -6.658537 95.542435 9.915728
v -4.580420 96.360298 10.291118
v -5.074920 95.572876 10.122943
v -3.926850 95.556877 10.281275
v -5.798500 97.973465 10.276591
v -5.460971 96.981346 10.208178
v -2.108214 84.692429 8.085145
v -1.926649 87.475121 9.645658
v -3.423835 87.177719 10.028052
v -1.688455 86.206703 7.845372
v -7.944176 105.299278 10.623881
v -5.666169 105.236694 11.484427
v -5.859255 107.980362 11.633238
v -7.756325 108.078148 10.867107
v -8.261035 106.743301 10.665530
v -3.424374 109.302505 12.296361
v -2.858639 107.905777 12.567208
v -1.353388 109.090393 12.832273
v -1.712465 108.005936 12.866971
v -2.143011 106.554771 12.812479
v -1.747291 110.524956 12.526241
v -2.982936 110.396446 12.266681
v -2.330634 111.594742 12.261853
v -1.311907 111.776100 12.472475
v -3.290509 111.830994 12.028672
v -1.690572 103.213219 12.624785
v -1.664500 104.299416 12.799590
v -2.921118 103.468040 12.210061
v -3.399235 102.313644 11.839163
v -3.053638 101.212975 11.751748
v -1.482076 101.714531 12.421062
v -5.626654 102.476860 11.078940
v -3.417358 105.125671 12.273743
v -3.113339 106.138145 12.469096
v -8.092852 110.897697 10.281253
v -7.893050 109.499222 10.620993
v -5.700705 110.076454 11.563800
v -4.964629 111.906303 11.643295
v -1.312220 97.311172 11.237533
v -1.821429 98.799980 11.569538
v -3.153856 98.276787 11.034488
v -3.033091 97.131660 10.773876
v -1.368172 100.227692 12.110964
v -3.295647 92.806259 10.168797
v -4.309075 91.133446 10.145582
v -19.092999 91.459557 2.416664
v -19.021765 90.767303 3.893437
v -19.818914 88.201988 -0.664130
v -19.976770 86.910942 -0.881550
v -20.324480 85.732727 0.728803
v -20.089767 87.089714 1.988671
v -20.199667 86.610092 1.094096
v -19.772558 88.968704 0.748116
v -19.899679 88.233208 1.779783
v -19.861917 87.784126 2.907243
v -19.311413 88.978416 4.404485
v -19.611122 88.162132 3.874479
v -19.277828 87.691475 5.279452
v -19.565107 89.197929 3.030831
v -19.272926 89.824623 3.814178
v -18.797979 90.019203 5.269984
v -19.507614 89.840233 2.379552
v -17.951033 95.082573 3.384903
v -18.069588 93.823761 4.346670
v -17.894709 90.900719 6.697553
v -18.410997 90.844643 5.717787
v -17.172031 90.234619 7.916550
v -19.993536 85.763306 3.865978
v -18.935858 85.040070 6.724534
v -17.964964 85.427887 8.000464
v -14.193962 84.322487 10.189033
v -12.521869 84.603561 10.250408
v -15.508069 85.156693 9.785225
v -13.248606 89.943169 9.944582
v -14.889633 89.724876 9.593511
v -11.909064 89.130310 9.987788
v -16.013054 90.287086 8.905796
v -16.910351 84.811165 9.000071
v -15.512840 91.829033 8.867051
v -17.200895 100.135780 0.477103
v -17.473248 98.641167 0.896764
v -17.621084 97.606506 0.265979
v -17.031912 101.263908 1.311427
v -17.345085 99.468147 1.029081
v -17.624678 97.457909 2.020487
v -17.599958 97.850807 1.176377
v -17.779531 96.825317 1.085150
v -17.351320 96.745499 4.207838
v -16.639875 97.190956 5.776376
v -17.472855 97.361687 3.215282
v -17.012671 97.262238 4.886967
v -17.299343 98.843079 2.883834
v -17.713236 96.661285 2.570387
v -14.768239 97.306068 7.998295
v -9.670920 93.490715 9.718145
v -9.183448 95.408562 9.668600
v -5.545146 99.690567 10.662699
v -12.193611 95.943695 9.191066
v -15.224942 105.299721 6.135953
v -14.999921 106.637077 5.837935
v -15.810577 103.705650 5.567107
v -15.390262 104.372757 6.141970
v -16.089907 105.346817 1.287529
v -16.466215 103.929680 1.560646
v -15.814072 106.571083 2.161011
v -16.691122 102.640343 0.712968
v -15.278480 108.081703 1.527494
v -14.868724 109.254578 2.660480
v -14.203722 107.862076 6.487525
v -14.074532 109.214355 5.737333
v -14.286748 110.665825 2.247940
v -14.392705 105.096008 7.412263
v -13.772252 102.067101 8.100739
v -10.102674 104.206993 9.711535
v -10.804537 105.657692 9.616437
v -13.702919 106.253761 7.899133
v -13.057021 105.192314 8.589106
v -9.830684 83.452080 10.080720
v -8.194740 83.697571 9.989070
v -11.045832 84.300278 10.184815
v -8.831258 89.076416 9.882916
v -10.388874 88.947975 9.883859
v -7.579209 88.296326 10.337678
v -8.338924 90.443535 10.137146
v -11.727351 91.351608 9.762430
v -8.248711 92.084610 9.894597
v -5.580931 82.496132 9.456542
v -4.002385 82.715706 9.365260
v -6.757199 83.353958 9.781655
v -4.564922 88.133057 10.590605
v -6.108816 88.037346 10.598423
v -7.209401 91.939171 10.070241
v -7.744432 94.722099 9.809511
v -4.778288 98.082008 10.557712
v -1.676431 83.793724 8.052506
v -1.207547 84.641312 7.894032
v -3.112816 87.999680 10.266238
v -4.229295 85.560150 10.021188
v -2.578905 86.629105 9.726808
v -2.360455 85.632050 8.302305
v -8.909929 105.433556 10.287517
v -8.375934 103.942070 10.375361
v -4.736820 105.190727 11.814841
v -5.408984 106.594200 11.772283
v -5.307525 103.842201 11.399827
v -4.882006 107.953735 12.016044
v -5.280723 109.027122 11.830784
v -6.608129 109.123619 11.224195
v -8.720667 108.198235 10.467363
v -7.583272 106.085403 10.860288
v -7.507560 107.207314 10.969647
v -1.641756 105.649773 12.951571
v -1.496798 107.145767 13.011559
v -4.701225 102.410057 11.393550
v -3.235516 107.062981 12.479090
v -4.906639 110.683708 11.797855
v -2.827359 99.333054 11.398823
v -5.218829 91.538582 10.286649
v -20.254618 85.782539 2.313725
v -18.977631 87.044510 6.212835
v -19.504749 85.902306 5.375635
v -18.923763 88.790031 5.643697
v -18.436556 88.992577 6.571929
v -17.596113 88.453850 7.927025
v -18.716082 90.994438 4.793139
v -18.079298 84.571655 7.946305
v -12.797187 83.709618 10.257526
v -14.906163 86.187027 9.956444
v -15.887771 86.622063 9.517841
v -16.185797 87.865494 9.220054
v -15.673459 84.246941 9.739170
v -14.563614 90.518242 9.582964
v -14.867871 88.542786 9.758880
v -15.532359 89.069870 9.412493
v -11.688361 89.946320 10.194879
v -12.587708 87.206001 10.208040
v -13.868564 86.915649 10.156408
v -13.416572 87.910980 10.142052
v -12.328650 88.194214 10.123163
v -11.258197 87.508751 10.264150
v -10.145550 87.456718 10.371264
v -8.563748 86.305656 10.535707
v -9.167136 87.113960 10.505947
v -17.357527 98.960770 -0.056185
v -16.986908 101.037254 2.962181
v -16.927076 101.373032 0.312030
v -16.910904 96.326859 5.650225
v -16.021696 96.654007 6.950926
v -15.024219 96.237419 8.058433
v -13.644243 96.359039 8.790336
v -8.466855 95.953300 9.666924
v -10.539059 96.299828 9.331188
v -4.667131 99.603935 10.904708
v -5.310474 101.051857 11.024319
v -15.098467 107.268555 5.038907
v -15.658966 106.408646 4.159471
v -15.445129 106.223076 5.090795
v -15.645146 106.980064 3.213785
v -15.943196 105.990349 3.148439
v -16.584723 103.396072 2.577957
v -16.732578 102.281578 3.295420
v -16.358845 104.328079 2.994659
v -16.111746 104.607437 4.162333
v -15.945177 105.498878 3.989250
v -16.340780 104.025139 0.636620
v -15.685701 106.741760 1.244972
v -15.081424 108.480606 3.422772
v -13.611569 110.499039 5.671992
v -14.101970 103.488914 7.842766
v -15.124603 103.135277 6.791585
v -11.524179 101.968071 9.418917
v -11.495213 106.433060 9.373748
v -11.845819 105.381546 9.197486
v -8.473516 82.805527 9.959591
v -10.465084 85.331612 10.358109
v -9.406983 85.615883 10.395150
v -8.172820 85.065819 10.128422
v -11.772513 85.721863 10.397080
v -11.783572 86.674179 10.380300
v -12.862294 85.580475 10.308083
v -13.087361 86.439514 10.269997
v -11.345144 83.416267 10.171448
v -7.265840 89.073875 10.024142
v -4.251012 81.842438 9.181315
v -6.157254 84.357033 9.936375
v -5.038590 84.710785 9.967317
v -7.124360 84.824142 10.009591
v -3.622200 84.205048 9.478478
v -7.070337 82.486336 9.673791
v -6.256049 86.763062 10.402875
v -7.345119 86.089104 10.333071
v -7.305826 87.223511 10.613641
v -8.229846 87.530052 10.497332
v -4.226714 86.557808 10.018801
v -5.256493 86.044731 10.051406
v -8.300397 101.796898 10.394418
v -7.587944 104.405357 10.677094
v -6.575462 104.734779 11.060149
v -6.181989 107.140923 11.492882
v -6.063237 106.058372 11.442531
v -6.034803 103.332542 11.076484
v -6.585949 110.004677 11.154083
v -6.803028 108.205833 11.242581
v -20.042473 86.533005 3.084985
v -19.552290 86.794876 4.914455
v -19.813673 85.332054 4.697449
v -17.713255 89.397499 7.535734
v -17.907644 86.955551 7.864821
v -18.459784 87.237267 7.071532
v -16.874517 88.320000 8.653068
v -11.292457 88.419380 10.017165
v -17.112980 100.787956 2.071373
v -12.730952 96.697853 9.002219
v -13.247588 98.219101 8.641449
v -9.622724 96.141945 9.479465
v -11.453960 96.460114 9.202533
v -10.785121 95.320198 9.502232
v -6.318296 100.582214 10.640399
v -7.438671 100.969986 10.410528
v -8.968824 100.354065 9.696790
v -6.589299 101.766258 10.779613
v -8.352175 100.928078 10.097576
v -16.630913 101.352180 4.328158
v -14.666610 108.780289 4.648167
v -14.072189 110.426353 4.480315
v -14.552114 109.609306 3.904353
v -12.790511 103.072693 8.727751
v -14.711809 103.743408 7.222954
v -14.500384 102.620316 7.515874
v -15.612556 101.134468 6.393676
v -15.206795 102.060997 6.808015
v -16.067013 102.270172 5.457843
v -10.818391 103.014946 9.407371
v -11.827599 103.610291 9.176734
v -9.933974 101.731270 9.970600
v -11.985991 102.739250 9.152349
v -12.629100 101.802795 8.727263
v -9.940797 102.614555 9.657766
v -13.469426 100.557785 8.318476
v -14.623787 100.963432 7.493843
v -9.710609 86.399284 10.542111
v -7.356285 83.974762 9.945001
v -4.318022 83.568634 9.699793
v -3.587068 83.439384 8.942442
v -3.371384 85.168907 9.655309
v -3.028906 84.724091 8.700326
v -8.608657 102.857849 9.968875
v -7.413645 102.678589 10.406490
v -6.546197 102.663467 10.746675
v -6.790843 105.608604 11.108754
v -18.247135 86.168129 7.572766
v -17.488237 86.223251 8.404634
v -16.825865 87.005585 8.883925
v -13.313896 103.999451 8.455518
v -13.564583 102.878410 8.260581
v -16.295387 100.559410 5.377917
v -15.681384 102.907898 6.020071
v -16.247700 103.089958 4.751310
v -15.302333 99.918823 6.958583
v -14.231000 100.212181 7.868427
v -13.933451 101.250854 8.005441
v -16.093018 101.392570 5.589749
v -16.422277 98.861023 5.550799
v -16.519114 102.281822 4.307264
v -15.388309 98.466515 7.174701
v -16.514894 99.699730 5.123430
v -16.924019 98.951897 4.333071
v -15.981241 99.629448 6.123906
v -14.535739 98.317802 7.944944
v -15.048144 99.199501 7.354446
v -16.005308 97.698814 6.620134
v -15.507883 97.295662 7.351537
v -7.316116 97.298103 9.859902
v -6.373374 98.982155 10.294833
v -7.715706 98.646515 9.884109
v -6.836410 98.142998 10.046776
v -8.139545 99.640404 9.853833
v -8.897324 98.786926 9.619600
v -9.713769 97.763458 9.406741
v -11.006952 98.142143 9.153082
v -10.600585 97.260094 9.294538
v -11.814314 99.792702 8.993468
v -12.140445 98.222023 8.961114
v -11.087281 99.106346 9.162100
v -11.820422 100.943024 9.005885
v -12.565546 100.393356 8.744905
v -12.887733 99.299812 8.671051
v -17.134890 99.932640 3.002929
v -13.784934 97.340843 8.555521
v -3.362662 86.085991 10.019409
v -8.431590 97.728294 9.652705
v -10.428982 100.425934 9.308478
v -9.704501 99.845818 9.468159
v -9.705581 100.944725 9.559118
v -10.683066 101.375595 9.394191
v 9.223178 113.651077 -4.165926
v 9.431937 112.643669 -4.467946
v 9.664007 111.655579 -4.833951
v 9.879050 110.659424 -5.205160
v 10.106155 109.482971 -5.639788
v 10.316325 108.299370 -6.092928
v 10.528621 107.128258 -6.584492
v 10.743274 105.965309 -7.100199
v 10.954696 104.795570 -7.605345
v 11.242252 103.696739 -8.207370
v 20.081045 84.995110 -1.758345
v 19.587622 85.041435 -3.239858
v 18.880665 85.045418 -4.617792
v 17.962873 85.005424 -5.851904
v 16.864929 84.937370 -6.927188
v 15.635947 84.853691 -7.842861
v 14.289250 84.777115 -8.570102
v 12.851087 84.737549 -9.080654
v 11.366263 84.753258 -9.382175
v 9.862903 84.841591 -9.518418
v 8.356483 84.920677 -9.609864
v 6.845371 84.971306 -9.677423
v 5.319956 85.006706 -9.722140
v 3.791236 85.029076 -9.757090
v 2.253690 85.043121 -9.783608
v 17.833471 95.902931 -1.222480
v 17.512503 95.994972 -2.743469
v 16.995134 96.047737 -4.219646
v 16.305979 96.068413 -5.636462
v 15.481730 96.062187 -6.977767
v 14.509749 96.025665 -8.229909
v 13.412209 95.965363 -9.375019
v 12.216406 95.888428 -10.417782
v 10.910723 95.796394 -11.302088
v 9.495606 95.694618 -11.995594
v 7.988303 95.577644 -12.465527
v 6.435692 95.447830 -12.719889
v 4.875345 95.316277 -12.757056
v 3.330212 95.209396 -12.534145
v 1.842105 89.643730 -12.378167
v 1.843807 91.048706 -12.431774
v 1.846793 92.344604 -12.976460
v 1.844227 93.737175 -13.183045
v 1.811910 94.963097 -12.282718
v 1.799040 94.867378 -12.322681
v 1.823494 95.059120 -12.249484
v 1.814011 96.239388 -13.019440
v 1.816310 97.562248 -12.530408
v 1.810746 98.863632 -11.996269
v 1.798865 100.226204 -11.636718
v 1.782133 101.542671 -11.121376
v 1.762068 102.814079 -10.490435
v 1.740251 104.058372 -9.796350
v 1.716792 105.293396 -9.079085
v 1.694297 106.567764 -8.429126
v 1.672165 107.820885 -7.737307
v 1.652416 109.071037 -7.040240
v 1.637175 110.378967 -6.459038
v 1.622376 111.760986 -6.089208
v 1.612274 113.166588 -5.829451
v 18.123381 92.546593 -3.644414
v 11.843693 112.086182 -2.932955
v 6.771006 111.918236 -5.630481
v 18.395594 93.432869 -1.810846
v 11.150872 111.167297 -4.173899
v 10.673051 113.149551 -3.417467
v 7.814828 113.065727 -4.973968
v 8.236773 111.042542 -5.621498
v 18.562201 93.385063 -0.717782
v 18.166571 94.599960 -1.197153
v 18.834143 88.741058 -3.794230
v 16.886044 98.911491 -2.389668
v 14.629588 104.781250 -3.616362
v 6.499226 105.115906 -9.133707
v 18.993320 90.638451 -2.355792
v 12.463946 108.807266 -4.274507
v 11.000305 110.087563 -4.855004
v 8.918812 109.999199 -5.862472
v 19.616247 88.111519 -1.857884
v 16.998272 100.068748 -0.933166
v 17.440353 97.661682 -1.246759
v 12.926828 105.183708 -5.705311
v 7.541175 107.477684 -7.375799
v 8.788235 105.338173 -8.416177
v 19.270374 90.582916 -1.021691
v 11.776092 107.674309 -5.444425
v 12.156966 110.158226 -3.864215
v 19.575569 89.164574 -1.069612
v 19.830185 88.074982 -0.744440
v 19.942419 86.828819 -1.306041
v 17.171005 100.018791 0.033859
v 17.306520 98.838425 -0.617130
v 17.580570 97.606071 -0.271557
v 11.869279 105.318375 -6.634358
v 9.069339 107.629410 -6.898708
v 6.555182 109.468590 -6.503148
v 9.928174 105.384865 -7.887913
v 18.829170 91.964287 -1.641676
v 10.999696 107.709412 -5.991614
v 19.221472 89.298508 -2.509279
v 17.199205 98.519798 -1.557164
v 7.651180 110.051994 -6.136301
v 9.669105 103.961052 -8.816003
v 9.128378 106.448021 -7.611063
v 8.296812 108.809547 -6.534128
v 6.475883 110.714882 -6.081315
v 9.490843 104.776649 -8.448428
v 10.443818 104.223282 -8.245257
v 10.009334 106.543961 -7.184873
v 9.250978 109.097000 -6.153579
v 14.915749 90.357475 -8.900934
v 12.011211 99.852951 -9.204312
v 13.466413 112.207436 0.805214
v 13.140261 113.378212 2.668459
v 13.507237 112.396965 2.048151
v 13.096979 113.266472 1.286320
v 9.436336 89.934853 -11.880990
v 4.668144 87.772598 -11.449517
v 3.772583 96.893852 -12.652612
v 5.882392 91.784920 -12.699277
v 2.460604 95.628105 -12.668668
v 1.493609 85.600838 -10.173041
v 2.700147 94.341209 -12.762167
v 3.908236 112.446304 -5.927685
v 2.402387 113.876343 -5.745944
v 3.565262 113.540321 -5.776563
v 2.730052 112.718910 -5.918487
v 17.118584 94.039146 -5.132599
v 12.058077 113.249100 -1.779027
v 12.803105 113.104576 -0.330232
v 5.529226 113.133362 -5.520117
v 4.521142 113.187920 -5.698073
v 10.947906 113.933586 -2.772988
v 6.997781 113.855736 -5.013215
v 17.885532 94.555771 -2.754886
v 18.058723 95.257980 -0.555041
v 19.085487 86.824966 -3.883181
v 17.250868 87.872276 -6.476726
v 16.957642 97.468529 -3.302104
v 15.095311 106.830032 -1.077684
v 15.897611 104.023338 -1.250795
v 4.147771 105.956299 -8.709551
v 6.721680 100.855835 -11.304873
v 4.494271 103.463615 -10.138531
v 17.522078 96.747398 -1.890541
v 11.774313 109.487503 -4.576713
v 11.227744 108.710342 -5.356543
v 12.000262 111.134148 -3.421601
v 13.377978 111.071083 -1.390526
v 12.995830 110.426453 -2.673109
v 20.131859 85.802773 -1.058574
v 19.748713 86.114426 -2.454883
v 12.238296 106.392227 -5.731462
v 11.363701 106.522606 -6.371155
v 12.649072 103.607971 -6.854703
v 11.842406 104.180397 -7.359651
v 4.218523 108.436905 -7.273377
v 18.593119 91.669159 -2.869960
v 18.333906 90.439499 -4.230108
v 18.445705 92.645370 -2.531342
v 18.032471 93.539146 -3.171642
v 18.212177 91.515739 -4.029918
v 18.621828 90.844810 -3.334151
v 17.661819 93.396721 -4.293913
v 17.473379 94.570541 -4.009425
v 16.760479 91.315468 -6.718551
v 17.203886 92.515732 -5.666099
v 17.616371 91.149117 -5.408113
v 17.759481 92.290085 -4.681941
v 19.084574 91.450813 -0.827015
v 19.320700 89.885796 -1.706499
v 7.751527 106.272911 -8.126525
v 8.424640 107.075676 -7.434998
v 8.221224 107.992653 -6.950650
v 7.102853 108.460526 -6.844209
v 5.728222 107.511124 -7.610894
v 5.861954 108.556641 -6.981910
v 6.628419 107.769798 -7.329623
v 5.098041 108.121170 -7.325825
v 4.440318 107.108910 -8.009641
v 7.285049 111.158142 -5.792602
v 9.474059 108.307060 -6.448037
v 14.965732 87.537399 -8.567302
v 13.302098 92.871399 -10.149979
v 14.378751 99.008873 -7.137894
v 12.449836 97.840286 -9.608016
v 9.621005 98.771729 -11.150228
v 14.165206 110.815247 1.320363
v 13.794291 111.654114 1.505337
v 9.324295 87.217308 -11.025275
v 9.033891 92.779289 -12.361004
v 4.608397 86.293526 -10.623598
v 2.962310 86.183197 -10.552220
v 2.644665 87.878220 -11.500129
v 3.980627 95.927551 -12.938707
v 2.643857 96.880089 -12.726954
v 3.204898 98.197815 -12.260745
v 5.422733 96.681015 -12.590652
v 5.818660 93.646233 -12.853666
v 4.125847 90.349289 -12.380382
v 5.252313 111.650650 -5.965507
v 3.124406 111.086365 -6.308330
v 16.866762 95.178223 -5.033205
v 16.185543 94.598862 -6.521377
v 11.834533 114.070763 -1.552783
v 12.506317 113.941689 -0.212874
v 5.466564 114.054642 -5.359330
v 17.852360 95.291122 -2.048338
v 19.196600 85.796715 -3.915110
v 18.347631 86.346786 -5.238162
v 17.154173 96.570679 -3.422838
v 16.383343 97.322273 -4.762740
v 15.562241 106.755836 0.529486
v 16.279427 103.960632 0.178720
v 3.294072 104.693947 -9.433995
v 2.816094 105.939651 -8.741116
v 4.201192 100.877342 -11.380305
v 3.022106 103.445610 -10.147859
v 12.791823 112.238640 -1.374653
v 13.182746 112.089294 -0.308680
v 12.252833 112.431297 -2.137973
v 14.283795 108.950089 -1.406811
v 12.963637 109.461365 -3.370467
v 13.649585 109.492371 -2.310116
v 13.919168 110.052002 -1.234968
v 13.901275 110.887428 -0.084714
v 13.113930 107.231071 -4.387254
v 13.686638 108.111992 -3.120616
v 12.522541 104.562477 -6.470761
v 2.837079 108.453514 -7.371401
v 2.964414 107.199425 -8.059264
v 18.791708 89.738060 -3.481177
v 17.415880 95.419449 -3.552899
v 17.701803 89.408783 -5.664762
v 17.170387 91.717949 -5.995346
v 7.645769 105.294884 -8.797481
v 7.679623 103.210167 -10.007483
v 7.353392 104.288307 -9.476073
v 8.535675 104.318802 -9.110952
v 6.106145 103.516014 -10.100589
v 14.974109 86.086662 -8.373176
v 12.315280 87.351074 -10.183707
v 13.077797 94.492470 -10.064412
v 14.716481 97.443161 -7.414817
v 12.669862 96.743187 -9.790645
v 11.318227 97.247498 -10.667779
v 8.428660 97.425835 -11.990169
v 14.269943 110.700760 2.280818
v 14.735361 109.470154 1.242856
v 14.483454 109.500198 -0.131166
v 14.384071 110.127563 0.640334
v 15.068115 108.186111 0.378208
v 14.718460 108.575066 -0.530120
v 9.215016 85.923088 -10.328450
v 8.917877 94.309235 -12.373235
v 4.576114 85.519104 -10.095326
v 6.141174 86.027031 -10.439207
v 3.033239 85.456444 -10.064041
v 1.841260 86.723198 -10.880070
v 3.702908 87.045891 -11.055706
v 1.556890 87.888512 -11.509660
v 2.116101 88.721535 -11.931228
v 3.210670 89.419037 -12.254003
v 2.894056 90.465935 -12.400273
v 4.765774 89.066605 -12.083375
v 3.704382 91.962425 -12.768430
v 3.184344 93.151695 -13.127514
v 2.836937 91.408981 -12.592117
v 3.083012 96.172569 -12.983531
v 5.589686 95.849426 -12.787115
v 4.731064 97.936798 -12.320039
v 7.000083 96.789612 -12.447754
v 5.735461 94.665558 -12.828215
v 5.885583 112.295067 -5.693651
v 2.196318 111.071373 -6.266870
v 4.174250 111.429619 -6.161922
v 4.187616 109.909645 -6.642111
v 5.343207 109.547142 -6.611269
v 5.055873 110.593956 -6.303523
v 16.030575 95.506912 -6.382353
v 15.248786 94.815742 -7.749237
v 18.413977 85.496513 -5.248274
v 17.369186 86.212341 -6.433386
v 18.385015 87.792252 -4.929163
v 16.573927 96.485825 -4.881781
v 15.639873 97.326775 -6.142327
v 16.305693 98.793983 -3.991596
v 15.729014 106.682838 1.454468
v 16.506273 102.222328 -0.867801
v 16.879797 101.224022 -0.206664
v 15.788795 105.354485 -0.272421
v 2.335721 104.680542 -9.436259
v 2.876580 100.881508 -11.384898
v 3.096137 102.169891 -10.808434
v 3.562331 99.581238 -11.825344
v 3.742186 103.978859 -9.849265
v 5.043255 104.700256 -9.452010
v 12.720229 111.432518 -2.268843
v 12.470543 107.121765 -5.125871
v 13.145535 106.140190 -4.940103
v 14.085643 106.272255 -3.581448
v 13.835340 105.042747 -4.691002
v 13.076471 108.121498 -3.942897
v 3.540392 107.858604 -7.652913
v 3.678026 106.662552 -8.332711
v 17.886234 90.235229 -5.175649
v 18.314440 89.344536 -4.645120
v 17.214212 90.330597 -6.246779
v 16.155062 90.080132 -7.650749
v 6.719472 102.244118 -10.700615
v 13.660065 86.714615 -9.299222
v 12.212874 85.949455 -9.709755
v 12.923385 95.404655 -9.974448
v 11.788783 94.527229 -11.017701
v 14.909554 96.555809 -7.551143
v 13.715080 97.273277 -8.627316
v 11.489013 96.357841 -10.811595
v 9.980473 97.050735 -11.484382
v 11.235297 98.800354 -10.209136
v 8.625979 96.382095 -12.161662
v 15.097598 108.564087 1.374821
v 15.401093 107.593895 1.147424
v 15.211084 107.346741 -0.175042
v 8.811491 95.191330 -12.305421
v 7.515331 93.454346 -12.714442
v 6.898182 94.412575 -12.770218
v 5.632530 87.010086 -11.034586
v 7.483917 87.023209 -11.053096
v 6.559720 86.733917 -10.873206
v 2.716222 87.090271 -11.082443
v 3.711431 88.457855 -11.798648
v 5.888880 90.242088 -12.374714
v 4.194830 94.114342 -12.824216
v 2.834024 92.356010 -12.931218
v 7.148829 95.941673 -12.567566
v 6.064701 97.721573 -12.349011
v 5.645183 99.457718 -11.879655
v 5.508463 98.536705 -12.153193
v 4.439825 98.919304 -12.029299
v 3.518128 109.171745 -6.995617
v 15.823306 92.926216 -7.520916
v 16.227854 86.132500 -7.477123
v 17.787949 87.071304 -5.900567
v 18.895357 87.787354 -3.988220
v 19.280750 88.095741 -2.961814
v 19.615393 87.177216 -2.401438
v 18.630430 86.984962 -4.691417
v 15.819869 96.495468 -6.261447
v 15.059769 98.236473 -6.576040
v 15.235415 100.034569 -5.351667
v 15.757668 98.482948 -5.312736
v 14.972766 99.275230 -6.179564
v 16.547300 97.909424 -4.024147
v 16.281679 103.246132 -0.685486
v 16.610874 102.688515 0.217701
v 15.987166 104.504601 -0.441187
v 16.035133 105.328018 0.859081
v 3.777275 102.834694 -10.476247
v 5.183833 102.293175 -10.754868
v 2.803077 99.003540 -11.973554
v 5.995837 104.387650 -9.619267
v 5.423141 105.744606 -8.812986
v 6.551450 106.138306 -8.445941
v 5.614590 106.623314 -8.211465
v 13.749417 107.202530 -3.570250
v 14.452161 107.281738 -2.281004
v 13.740958 105.862488 -4.336958
v 13.599303 103.876892 -5.674277
v 6.841213 103.022087 -10.285567
v 14.499858 86.774498 -8.794993
v 13.997548 85.773125 -8.875558
v 12.143876 85.165733 -9.397521
v 10.728674 85.870262 -10.092011
v 12.787802 86.674156 -9.743636
v 11.655286 95.397385 -10.936078
v 12.498538 93.621727 -10.667417
v 11.504550 91.404739 -11.323657
v 12.285249 92.378014 -10.901397
v 13.424024 90.985199 -10.132051
v 10.747681 92.907829 -11.725507
v 13.084699 91.908409 -10.377081
v 11.426513 92.317253 -11.392373
v 11.553535 93.521721 -11.280815
v 10.366572 94.334518 -11.819986
v 13.890952 96.426743 -8.757531
v 13.999173 98.209900 -7.949831
v 13.264635 99.601494 -8.163630
v 10.138862 96.196251 -11.614409
v 9.293406 97.876518 -11.565209
v 10.447628 97.961235 -10.985437
v 11.677600 97.970161 -10.178321
v 8.470577 93.509621 -12.530772
v 7.921072 94.588371 -12.596412
v 8.463149 86.570847 -10.776670
v 4.976149 89.905212 -12.279680
v 4.623645 99.934929 -11.711562
v 5.467890 100.763832 -11.427759
v 4.891953 101.475037 -11.115005
v 2.544114 109.740776 -6.767463
v 15.792841 93.961517 -7.323533
v 16.572683 93.411949 -6.381552
v 15.590663 86.863724 -7.968500
v 16.119188 88.289101 -7.666437
v 16.533506 87.232658 -7.236242
v 15.788245 99.389793 -4.713014
v 15.848638 101.523827 -3.292194
v 16.153040 100.134964 -3.454667
v 5.324620 103.090271 -10.349266
v 14.178558 108.244225 -2.188717
v 14.715510 107.780937 -1.305473
v 14.908983 105.832642 -2.338008
v 13.865676 101.606644 -6.518628
v 14.445139 100.456100 -6.350747
v 13.584025 100.603569 -7.350559
v 14.108749 99.894524 -7.071245
v 12.550501 102.004120 -7.736743
v 13.235741 101.492859 -7.291697
v 12.573995 100.763290 -8.306585
v 13.247467 102.589516 -6.742346
v 13.067629 85.647377 -9.260404
v 10.060668 86.556221 -10.583650
v 10.881958 87.915268 -10.921754
v 11.237681 86.847115 -10.421447
v 9.859298 93.436310 -12.093680
v 10.269139 95.227112 -11.682634
v 13.091962 98.535484 -8.769897
v 12.263915 98.851791 -9.393180
v 7.663610 85.754105 -10.237203
v 3.310889 110.238342 -6.584301
v 16.549965 92.386360 -6.754065
v 15.121468 88.954178 -8.646931
v 16.880041 89.121513 -6.836360
v 15.558972 100.784355 -4.331427
v 14.770682 101.534096 -5.310501
v 16.485516 100.869255 -2.090477
v 16.655056 101.300537 -1.178179
v 16.499250 99.316063 -3.170361
v 14.551574 105.611961 -3.195514
v 14.483170 106.488785 -2.753207
v 14.834770 106.612602 -1.923355
v 15.370076 105.747437 -1.265994
v 15.376904 104.746758 -2.076927
v 15.655499 104.908043 -1.180305
v 15.578041 103.168251 -2.817562
v 16.082661 102.768188 -1.821586
v 15.626719 103.871964 -2.159883
v 15.892087 102.299873 -2.684732
v 10.717081 101.758110 -9.331419
v 15.438034 88.216599 -8.295834
v 13.777930 88.311485 -9.589822
v 15.495360 89.769073 -8.348418
v 14.143900 102.661491 -5.624195
v 16.768017 99.881096 -1.985582
v 11.754222 101.599350 -8.637713
v 11.314907 100.772774 -9.359392
v 11.171474 102.605431 -8.610049
v 9.682616 100.561523 -10.464271
v 10.051869 102.827736 -9.211805
v 11.968125 102.947891 -7.810998
v 10.433956 100.956383 -9.877271
v 10.894450 99.899696 -10.024308
v 10.365722 99.237953 -10.605145
v 14.581105 88.271317 -9.007961
v 14.203059 89.458740 -9.446022
v 14.104970 90.416367 -9.593729
v 14.562357 92.014244 -9.147855
v 14.494161 103.649834 -4.562733
v 8.214499 101.409950 -10.725718
v 15.028325 103.766762 -3.552448
v 15.126927 102.465393 -4.198851
v 7.279676 101.510170 -10.938525
v 14.622896 102.807472 -4.847878
v 15.236577 101.601982 -4.491650
v 10.992076 112.153404 -3.720263
v 10.035365 113.874939 -3.586312
v 8.259480 113.859436 -4.557831
v 7.885047 112.036186 -5.325078
v 8.814723 112.111351 -4.987328
v 11.488909 113.027908 -2.693128
v 4.730639 91.314102 -12.605198
v 14.411652 93.775085 -8.985719
v 15.195212 93.569939 -8.185288
v 15.224312 92.528603 -8.395179
v 15.961795 91.737144 -7.689474
v 14.159377 95.007256 -8.926942
v 17.817141 88.386871 -5.686117
v 4.169092 105.110939 -9.199614
v 7.624615 91.848633 -12.581330
v 6.545208 92.735893 -12.789029
v 6.540092 88.405708 -11.744460
v 5.723248 87.849998 -11.484452
v 4.640890 92.910835 -12.991639
v 7.628826 99.180092 -11.715934
v 6.692720 98.603104 -12.061084
v 8.617749 98.719269 -11.570286
v 7.694113 98.199265 -11.986522
v 8.569278 100.035332 -11.148233
v 9.495854 99.707138 -10.886936
v 7.532248 100.162453 -11.410215
v 9.972311 91.544281 -11.979384
v 9.927466 92.470078 -12.062175
v 10.608242 90.510468 -11.625997
v 12.159700 89.831924 -10.822399
v 13.234598 89.771507 -10.171777
v 10.547906 89.163277 -11.386569
v 11.539603 90.473778 -11.216508
v 12.448503 91.024956 -10.776355
v 12.550840 88.627296 -10.394439
v 11.818992 88.033165 -10.608105
v 8.804564 91.664352 -12.331532
v 9.761146 88.253960 -11.345626
v 8.892629 103.203552 -9.590278
v 9.323130 101.944542 -10.029091
v 8.331767 102.364571 -10.243524
v 13.651375 93.718079 -9.723874
v 15.616592 90.865349 -8.191751
v 6.775416 91.015274 -12.537930
v 7.452676 89.643036 -12.150147
v 6.359359 89.349144 -12.102857
v 8.020335 90.695953 -12.328446
v 8.170944 88.402885 -11.668293
v 8.506139 89.347984 -11.926650
v 7.338754 87.852470 -11.494226
v 7.367479 88.819260 -11.892504
v 6.529644 87.470192 -11.295630
v 11.555756 88.971817 -10.953388
v 8.358940 87.526695 -11.283963
v 0.592465 114.591980 13.596089
v 0.604645 114.547661 13.377267
v 0.596903 114.581482 13.369983
v 0.584831 114.625549 13.588865
v 0.760162 114.698769 13.583795
v 0.772343 114.654442 13.364972
v 0.791196 114.625565 13.371872
v 0.779016 114.669876 13.590695
v 0.710978 114.685081 13.355350
v 0.745336 114.674675 13.359370
v 0.732787 114.719139 13.578145
v 0.698798 114.729408 13.574173
v 0.663807 114.727554 13.572602
v 0.675987 114.683228 13.353778
v 0.732787 114.719139 13.578145
v 0.745336 114.674675 13.359370
v 0.631378 114.713860 13.573570
v 0.643558 114.669533 13.354744
v 0.605576 114.690331 13.576900
v 0.617757 114.646011 13.358075
v 0.601435 114.615334 13.363379
v 0.589254 114.659660 13.582204
v 0.130240 115.061882 13.531587
v 0.105914 115.073792 13.541102
v 0.059176 114.927650 13.568103
v 0.084813 114.919884 13.557819
v 0.038126 114.775627 13.597929
v 0.065162 114.772148 13.586652
v 0.044969 114.623344 13.629155
v 0.071873 114.624161 13.617000
v 0.078780 114.474831 13.661119
v 0.104552 114.480118 13.647993
v 0.138243 114.334618 13.692830
v 0.162361 114.344170 13.678749
v 0.222236 114.207153 13.723117
v 0.243494 114.220215 13.708372
v -0.029304 114.891930 13.274287
v -0.043304 114.942886 13.525800
v 0.008987 115.106346 13.495599
v 0.022987 115.055412 13.244088
v -0.053637 114.722290 13.307297
v -0.067821 114.773308 13.558782
v -0.045983 114.551445 13.342326
v -0.060167 114.602455 13.593812
v -0.008352 114.384865 13.378164
v -0.022352 114.435806 13.629674
v 0.044462 114.278259 13.665303
v 0.058462 114.227318 13.413793
v 0.138787 114.135513 13.699469
v 0.152787 114.084557 13.447958
v 0.798831 114.591980 13.379097
v 0.786650 114.636307 13.597920
v 0.651167 114.498070 13.389900
v 0.623314 114.518852 13.384140
v 0.611134 114.563171 13.602964
v 0.638987 114.542397 13.608724
v 0.672498 114.532532 13.612587
v 0.684679 114.488213 13.393762
v 0.707489 114.534386 13.614159
v 0.719670 114.490067 13.395333
v 0.740027 114.547829 13.613248
v 0.752207 114.503502 13.394424
v 0.765828 114.571350 13.609918
v 0.778008 114.527031 13.391095
v 0.781965 114.602104 13.604589
v 0.794146 114.557777 13.385765
v 0.345329 114.112244 13.735909
v 0.327334 114.096207 13.751440
v 0.450470 114.004639 13.776841
v 0.464756 114.023636 13.760506
v 0.588641 113.935547 13.798526
v 0.599128 113.956261 13.781631
v 0.257111 114.011475 13.731178
v 0.271111 113.960526 13.479668
v 0.409020 113.858025 13.508105
v 0.395020 113.908974 13.759618
v 0.549554 113.831718 13.783867
v 0.563554 113.780777 13.532356
v 0.746514 114.676964 13.358972
v 0.745336 114.674675 13.359370
v 0.710978 114.685081 13.355350
v 0.711418 114.687675 13.354851
v 0.642140 114.671791 13.354209
v 0.643558 114.669533 13.354744
v 0.617757 114.646011 13.358075
v 0.615664 114.647682 13.357617
v 0.598960 114.616104 13.363086
v 0.601435 114.615334 13.363379
v 0.596903 114.581482 13.369983
v 0.594046 114.581352 13.369853
v 0.772343 114.654442 13.364972
v 0.774367 114.656189 13.364731
v 0.675987 114.683228 13.353778
v 0.675352 114.685814 13.353219
v 0.604645 114.547661 13.377267
v 0.602036 114.546570 13.377339
v 0.793805 114.626648 13.371796
v 0.791196 114.625565 13.371872
v 0.623314 114.518852 13.384140
v 0.621475 114.517029 13.384407
v 0.720306 114.487480 13.395892
v 0.684424 114.485550 13.394287
v 0.684679 114.488213 13.393762
v 0.719670 114.490067 13.395333
v 0.801503 114.592201 13.379202
v 0.796805 114.556938 13.386084
v 0.794146 114.557777 13.385765
v 0.798831 114.591980 13.379097
v 0.651167 114.498070 13.389900
v 0.649989 114.495781 13.390298
v 0.723176 114.488686 13.395810
v 0.780178 114.525536 13.391518
v 0.753626 114.501244 13.394959
v 0.752207 114.503502 13.394424
v 0.778008 114.527031 13.391095
v 0.781364 114.670860 13.590628
v 0.762186 114.700516 13.583554
v 0.760162 114.698769 13.583795
v 0.779016 114.669876 13.590695
v 0.589856 114.590897 13.596166
v 0.592465 114.591980 13.596089
v 0.584831 114.625549 13.588865
v 0.581974 114.625420 13.588735
v 0.732787 114.719139 13.578145
v 0.733964 114.721436 13.577744
v 0.699237 114.731995 13.573674
v 0.698798 114.729408 13.574173
v 0.663171 114.730125 13.572042
v 0.663807 114.727554 13.572602
v 0.629959 114.716118 13.573032
v 0.631378 114.713860 13.573570
v 0.589254 114.659660 13.582204
v 0.586779 114.660423 13.581910
v 0.605576 114.690331 13.576900
v 0.603483 114.692009 13.576444
v 0.786650 114.636307 13.597920
v 0.789323 114.636528 13.598024
v 0.781965 114.602104 13.604589
v 0.784625 114.601257 13.604909
v 0.767997 114.569862 13.610342
v 0.765828 114.571350 13.609918
v 0.609295 114.561356 13.603230
v 0.611134 114.563171 13.602964
v 0.638987 114.542397 13.608724
v 0.637809 114.540100 13.609123
v 0.672243 114.529869 13.613111
v 0.672498 114.532532 13.612587
v 0.741445 114.545570 13.613785
v 0.740027 114.547829 13.613248
v 0.708125 114.531799 13.614717
v 0.707489 114.534386 13.614159
v 0.779871 114.850685 13.325643
v 0.812675 114.834526 13.330740
v -0.027304 114.890923 13.272561
v -0.051545 114.721672 13.305494
v -0.043886 114.551247 13.340440
v -0.006348 114.385086 13.376185
v 1.043754 114.549622 13.401312
v 1.008577 114.541687 13.400960
v 0.755417 114.876480 13.319055
v 0.024816 115.054031 13.242424
v 0.060289 114.227943 13.411725
v 0.154357 114.085526 13.445808
v 0.564093 113.782288 13.530034
v 0.409920 113.859436 13.505827
v 0.978265 114.522278 13.403204
v 0.956224 114.493874 13.407731
v 0.272362 113.961746 13.477446
v 0.960909 114.392296 13.428564
v 0.564739 113.782036 13.530122
v 0.945500 114.460136 13.413968
v 0.946994 114.424744 13.421217
v 1.085585 114.797890 13.581831
v 0.870444 114.882996 13.552618
v 0.835376 114.874809 13.552325
v 1.104763 114.768242 13.588906
v 0.134557 114.477234 13.594252
v 0.190312 114.346130 13.623910
v 0.800125 114.878990 13.549515
v 0.767690 114.895012 13.544465
v 0.743236 114.920799 13.537880
v 0.158872 115.040871 13.481441
v 0.114789 114.902588 13.506996
v 0.102704 114.616081 13.564357
v 0.095928 114.758781 13.535075
v 0.996505 114.585754 13.619843
v 0.966085 114.566605 13.622029
v 0.944043 114.538200 13.626554
v 0.933320 114.504456 13.632791
v 0.268238 114.226830 13.652412
v 0.366224 114.122513 13.678996
v 0.481420 114.036636 13.702803
v 0.934813 114.469070 13.640042
v 0.612732 113.970695 13.723471
v 0.948728 114.436623 13.647389
v 1.074779 114.401184 13.661583
v 1.104416 114.420006 13.659419
v 1.116857 114.375793 13.440588
v 1.086959 114.356865 13.442760
v 0.997478 114.583458 13.620360
v 1.009658 114.539139 13.401536
v 1.043944 114.546997 13.401853
v 1.031764 114.591324 13.620675
v 1.077826 114.543144 13.404519
v 1.109893 114.527275 13.409518
v 1.097712 114.571594 13.628342
v 1.066015 114.587318 13.623393
v 1.133576 114.502213 13.415914
v 1.121396 114.546532 13.634738
v 1.077826 114.543144 13.404519
v 1.066015 114.587318 13.623393
v 1.146906 114.470413 13.423096
v 1.134726 114.514732 13.641920
v 1.148413 114.436089 13.430133
v 1.136232 114.480408 13.648957
v 1.125815 114.447403 13.655063
v 1.137995 114.403076 13.436238
v 1.854105 114.376442 13.746148
v 1.824339 114.392593 13.766561
v 1.746358 114.244804 13.792153
v 1.773768 114.224060 13.772540
v 1.644552 114.111572 13.813680
v 1.669173 114.086174 13.794648
v 1.519976 113.998344 13.829679
v 1.540657 113.969193 13.811189
v 1.393591 113.875671 13.821945
v 1.377543 113.907654 13.840119
v 1.221519 113.842506 13.844630
v 1.232349 113.808350 13.826607
v 1.056644 113.805473 13.842955
v 1.062084 113.770264 13.824844
v 1.868105 114.325493 13.494637
v 1.784182 114.174759 13.520498
v 1.679888 114.037575 13.542479
v 1.552047 113.921181 13.558941
v 1.405751 113.827980 13.569673
v 1.245368 113.761169 13.574280
v 1.075981 113.723145 13.572553
v 0.980021 114.520317 13.403700
v 0.967841 114.564636 13.622525
v 1.005796 114.397293 13.658532
v 1.040677 114.393250 13.661293
v 1.052858 114.348930 13.442468
v 1.017977 114.352966 13.439710
v 0.986909 114.368652 13.434802
v 0.974729 114.412979 13.653626
v 0.963225 114.393715 13.428407
v 0.951045 114.438042 13.647230
v 0.949635 114.425407 13.421232
v 0.937454 114.469727 13.640058
v 0.948128 114.459732 13.414195
v 0.935948 114.504051 13.633019
v 0.958730 114.492668 13.408114
v 0.946550 114.536987 13.626939
v 0.888274 113.796936 13.835107
v 0.888142 113.761841 13.816867
v 0.715701 113.782120 13.803163
v 0.721166 113.816582 13.821826
v 0.559969 113.864647 13.803117
v 0.902853 113.714615 13.564642
v 0.731218 113.734779 13.551003
v 1.111439 114.529419 13.409169
v 1.109893 114.527275 13.409518
v 1.077826 114.543144 13.404519
v 1.078635 114.545586 13.404071
v 1.148413 114.436089 13.430133
v 1.146906 114.470413 13.423096
v 1.149547 114.471069 13.423111
v 1.151117 114.435867 13.430328
v 1.140317 114.401955 13.436597
v 1.137995 114.403076 13.436238
v 1.118797 114.373756 13.441109
v 1.116857 114.375793 13.440588
v 1.043944 114.546997 13.401853
v 1.135893 114.503624 13.415756
v 1.133576 114.502213 13.415914
v 1.088040 114.354309 13.443335
v 1.086959 114.356865 13.442760
v 1.009658 114.539139 13.401536
v 1.052864 114.346375 13.442986
v 1.052858 114.348930 13.442468
v 0.963225 114.393715 13.428407
v 0.986909 114.368652 13.434802
v 0.985178 114.366577 13.435126
v 0.958730 114.492668 13.408114
v 0.980021 114.520317 13.403700
v 1.017168 114.350525 13.440158
v 1.017977 114.352966 13.439710
v 0.949635 114.425407 13.421232
v 0.948128 114.459732 13.414195
v 0.997478 114.583458 13.620360
v 1.031764 114.591324 13.620675
v 1.031573 114.593948 13.620135
v 1.106356 114.417969 13.659941
v 1.104416 114.420006 13.659419
v 1.074779 114.401184 13.661583
v 1.075860 114.398636 13.662161
v 1.066015 114.587318 13.623393
v 1.066824 114.589760 13.622945
v 1.097712 114.571594 13.628342
v 1.099259 114.573746 13.627994
v 1.123712 114.547951 13.634581
v 1.121396 114.546532 13.634738
v 1.134726 114.514732 13.641920
v 1.137366 114.515396 13.641934
v 1.128137 114.446281 13.655421
v 1.125815 114.447403 13.655063
v 1.136232 114.480408 13.648957
v 1.138936 114.480186 13.649153
v 0.967841 114.564636 13.622525
v 0.946550 114.536987 13.626939
v 0.935948 114.504051 13.633019
v 1.040683 114.390701 13.661809
v 1.040677 114.393250 13.661293
v 1.005796 114.397293 13.658532
v 1.004987 114.394852 13.658980
v 0.974729 114.412979 13.653626
v 0.972998 114.410904 13.653951
v 0.937454 114.469727 13.640058
v 0.951045 114.438042 13.647230
v 1.144796 114.703140 13.375839
v 1.179892 114.692436 13.379960
v 1.782464 114.175209 13.518268
v 1.678395 114.038383 13.540189
v 1.550854 113.922295 13.556603
v 1.404940 113.829346 13.567309
v 1.866494 114.326073 13.492387
v 1.866280 114.325562 13.492477
v 1.215958 114.694290 13.381592
v 1.244970 113.762688 13.571905
v 1.076022 113.724731 13.570188
v 0.732074 113.736244 13.548712
v 0.903312 113.716187 13.562307
v 1.185199 113.952568 13.759007
v 1.319492 114.008484 13.755155
v 1.132985 114.747314 13.594714
v 1.167712 114.736755 13.598785
v 1.708033 114.428040 13.691801
v 1.203778 114.738609 13.600416
v 1.639963 114.299248 13.714101
v 1.442259 114.086159 13.746257
v 1.549881 114.183609 13.732509
v 1.043557 113.920128 13.757693
v 0.898356 113.912010 13.751254
v 0.754129 113.928764 13.739835
v 0.792170 115.067566 13.510877
v 0.762533 115.048744 13.513040
v 0.774453 115.004311 13.294223
v 0.804351 115.023247 13.292050
v 0.881652 114.840965 13.333275
v 0.847366 114.833107 13.332959
v 0.835185 114.877434 13.551784
v 0.869471 114.885292 13.552099
v 0.781417 114.852837 13.325293
v 0.769237 114.897156 13.544119
v 0.800934 114.881432 13.549066
v 0.813484 114.836967 13.330292
v 0.757734 114.877892 13.318898
v 0.745553 114.922218 13.537721
v 0.744404 114.909691 13.311715
v 0.732223 114.954018 13.530540
v 0.742897 114.944023 13.304678
v 0.730717 114.988342 13.523503
v 0.753315 114.977028 13.298573
v 0.741134 115.021355 13.517396
v 0.089324 115.258720 13.469208
v 0.036051 115.100029 13.523727
v 0.114032 115.247818 13.498134
v 0.215816 115.381126 13.477000
v 0.193920 115.396622 13.447099
v 0.322435 115.513603 13.430558
v 0.340393 115.494362 13.460999
v 0.482825 115.585037 13.450560
v 0.469501 115.607109 13.419803
v 0.638849 115.650185 13.446050
v 0.630743 115.674438 13.415141
v 0.803724 115.687218 13.447725
v 0.801008 115.712524 13.416903
v 0.103324 115.207779 13.217697
v 0.208104 115.345596 13.195612
v 0.336620 115.462578 13.179072
v 0.483501 115.556168 13.168292
v 0.644743 115.623497 13.163630
v 0.815008 115.661583 13.165393
v 0.899108 114.904114 13.549936
v 0.911289 114.859795 13.331111
v 0.838452 115.031181 13.292343
v 0.873333 115.027138 13.295102
v 0.861153 115.071465 13.513927
v 0.826272 115.075500 13.511167
v 0.892220 115.055779 13.518832
v 0.904401 115.011452 13.300009
v 0.915904 115.030716 13.525229
v 0.892220 115.055779 13.518832
v 0.904401 115.011452 13.300009
v 0.928085 114.986389 13.306404
v 0.929495 114.999023 13.532403
v 0.941675 114.954704 13.313579
v 0.931001 114.964699 13.539441
v 0.943182 114.920372 13.320616
v 0.920399 114.931763 13.545522
v 0.932580 114.887444 13.326696
v 0.974950 115.720940 13.424881
v 0.972116 115.695679 13.455182
v 1.139225 115.676041 13.468461
v 1.147391 115.700676 13.438583
v 1.300422 115.627968 13.487170
v 1.313538 115.651077 13.457881
v 0.988950 115.669998 13.173370
v 1.161391 115.649734 13.187074
v 1.327538 115.600121 13.206368
v 0.781417 114.852837 13.325293
v 0.813484 114.836967 13.330292
v 0.742897 114.944023 13.304678
v 0.744404 114.909691 13.311715
v 0.741763 114.909035 13.311700
v 0.740193 114.944237 13.304482
v 0.750993 114.978149 13.298214
v 0.753315 114.977028 13.298573
v 0.774453 115.004311 13.294223
v 0.772512 115.006348 13.293702
v 0.847366 114.833107 13.332959
v 0.847556 114.830482 13.333501
v 0.757734 114.877892 13.318898
v 0.803270 115.025795 13.291476
v 0.804351 115.023247 13.292050
v 0.882733 114.838417 13.333852
v 0.881652 114.840965 13.333275
v 0.838446 115.033730 13.291825
v 0.838452 115.031181 13.292343
v 0.906132 115.013527 13.299685
v 0.930401 114.987808 13.306247
v 0.928085 114.986389 13.306404
v 0.904401 115.011452 13.300009
v 0.911289 114.859795 13.331111
v 0.932580 114.887444 13.326696
v 0.935086 114.886230 13.327080
v 0.913045 114.857826 13.331607
v 0.874142 115.029579 13.294654
v 0.873333 115.027138 13.295102
v 0.944316 114.955360 13.313594
v 0.941675 114.954704 13.313579
v 0.945809 114.919975 13.320844
v 0.943182 114.920372 13.320616
v 0.869471 114.885292 13.552099
v 0.835185 114.877434 13.551784
v 0.760593 115.050781 13.512519
v 0.762533 115.048744 13.513040
v 0.792170 115.067566 13.510877
v 0.791089 115.070122 13.510300
v 0.800934 114.881432 13.549066
v 0.769237 114.897156 13.544119
v 0.745553 114.922218 13.537721
v 0.732223 114.954018 13.530540
v 0.729582 114.953362 13.530525
v 0.738812 115.022476 13.517037
v 0.741134 115.021355 13.517396
v 0.728013 114.988564 13.523308
v 0.730717 114.988342 13.523503
v 0.899108 114.904114 13.549936
v 0.900864 114.902153 13.550431
v 0.922906 114.930557 13.545904
v 0.920399 114.931763 13.545522
v 0.933629 114.964294 13.539668
v 0.931001 114.964699 13.539441
v 0.826272 115.075500 13.511167
v 0.826266 115.078056 13.510651
v 0.861153 115.071465 13.513927
v 0.861962 115.073906 13.513478
v 0.892220 115.055779 13.518832
v 0.893951 115.057854 13.518508
v 0.932135 114.999687 13.532417
v 0.929495 114.999023 13.532403
v 0.915904 115.030716 13.525229
v 0.918221 115.032127 13.525070
v 0.209791 115.344017 13.193983
v 0.105232 115.206543 13.216009
v 0.338007 115.460693 13.177487
v 0.484519 115.554039 13.166736
v 0.025030 115.054543 13.242333
v 0.645348 115.621208 13.162084
v 0.815187 115.659233 13.163836
v 1.160763 115.647499 13.185446
v 1.326571 115.598076 13.204689
v 1.094505 114.823174 13.348727
v 1.089807 114.787903 13.355611
v 0.988711 115.667664 13.171784
v 1.171004 114.892632 13.338919
v 1.137684 114.878860 13.339851
v 1.111132 114.854568 13.343293
v 1.097505 114.753456 13.363015
v 0.547414 115.460411 13.418088
v 0.681706 115.516350 13.414236
v 0.226942 115.169670 13.459142
v 0.424646 115.382751 13.426987
v 0.317025 115.285301 13.440735
v 1.077626 114.832230 13.574432
v 1.082324 114.867493 13.567552
v 1.098952 114.898888 13.562117
v 0.823349 115.548782 13.415550
v 0.968549 115.556900 13.421988
v 1.112777 115.540154 13.433408
v 1.125504 114.923180 13.558676
v 1.254173 115.498222 13.449773
v 1.158824 114.936951 13.557742
v 1.282118 114.843201 13.583595
v 1.274484 114.876770 13.576370
v 1.286664 114.832451 13.357544
v 1.294407 114.798622 13.364828
v 1.118967 114.725662 13.369840
v 1.100114 114.754539 13.362939
v 1.087933 114.798866 13.581764
v 1.106787 114.769981 13.588664
v 1.134162 114.749611 13.594316
v 1.168151 114.739342 13.598287
v 1.180332 114.695023 13.379461
v 1.145974 114.705437 13.375441
v 1.203142 114.741203 13.599858
v 1.215323 114.696877 13.381033
v 1.235571 114.754898 13.598890
v 1.247752 114.710571 13.380067
v 1.261373 114.778419 13.595561
v 1.273553 114.734093 13.376737
v 1.277695 114.809097 13.590257
v 1.289875 114.764771 13.371432
v 1.800343 114.568138 13.737844
v 1.776121 114.570755 13.722680
v 1.730695 114.428764 13.748914
v 1.753605 114.421989 13.764844
v 1.795773 114.718498 13.693851
v 1.821371 114.720238 13.708409
v 1.814528 114.872520 13.677183
v 1.789062 114.866470 13.663503
v 1.780717 115.021049 13.645217
v 1.756382 115.010513 13.632508
v 1.698573 115.146461 13.601753
v 1.721254 115.161255 13.613508
v 1.637283 115.288635 13.582829
v 1.617441 115.270424 13.572129
v 1.906396 114.539909 13.715948
v 1.920396 114.488968 13.464437
v 1.944729 114.658607 13.431430
v 1.930913 114.709488 13.682966
v 1.937075 114.829460 13.396399
v 1.923259 114.880325 13.647934
v 1.899444 114.996033 13.360563
v 1.885444 115.046974 13.612073
v 1.832630 115.153580 13.324934
v 1.818630 115.204521 13.576445
v 1.738305 115.296341 13.290769
v 1.724305 115.347282 13.542279
v 1.080299 114.832451 13.574539
v 1.092479 114.788124 13.355714
v 1.240143 114.882034 13.344911
v 1.267996 114.861259 13.350671
v 1.255815 114.905579 13.569494
v 1.227962 114.926353 13.563736
v 1.206631 114.891899 13.341049
v 1.240143 114.882034 13.344911
v 1.227962 114.926353 13.563736
v 1.194450 114.936218 13.559873
v 1.159460 114.934364 13.558303
v 1.171640 114.890038 13.339478
v 1.126922 114.920921 13.559212
v 1.139103 114.876602 13.340386
v 1.101121 114.897400 13.562541
v 1.113302 114.853081 13.343717
v 1.084984 114.866653 13.567869
v 1.097164 114.822327 13.349046
v 1.532184 115.399590 13.554506
v 1.515606 115.378380 13.544591
v 1.409048 115.491150 13.529104
v 1.396179 115.467003 13.519997
v 1.270878 115.560242 13.507421
v 1.261807 115.534378 13.498871
v 1.605981 115.471313 13.510570
v 1.619981 115.420372 13.259057
v 1.468072 115.573814 13.482130
v 1.482072 115.522881 13.230619
v 1.145974 114.705437 13.375441
v 1.180332 114.695023 13.379461
v 1.249170 114.708313 13.380602
v 1.247752 114.710571 13.380067
v 1.273553 114.734093 13.376737
v 1.275646 114.732422 13.377192
v 1.292350 114.764000 13.371725
v 1.289875 114.764771 13.371432
v 1.294407 114.798622 13.364828
v 1.297264 114.798759 13.364958
v 1.116943 114.723915 13.370080
v 1.118967 114.725662 13.369840
v 1.215323 114.696877 13.381033
v 1.286664 114.832451 13.357544
v 1.289274 114.833534 13.357471
v 1.100114 114.754539 13.362939
v 1.269835 114.863075 13.350404
v 1.267996 114.861259 13.350671
v 1.206631 114.891899 13.341049
v 1.171640 114.890038 13.339478
v 1.206886 114.894554 13.340524
v 1.097164 114.822327 13.349046
v 1.092479 114.788124 13.355714
v 1.240143 114.882034 13.344911
v 1.241321 114.884331 13.344514
v 1.139103 114.876602 13.340386
v 1.113302 114.853081 13.343717
v 1.087933 114.798866 13.581764
v 1.106787 114.769981 13.588664
v 1.282118 114.843201 13.583595
v 1.284975 114.843338 13.583725
v 1.277093 114.877861 13.576294
v 1.274484 114.876770 13.576370
v 1.134162 114.749611 13.594316
v 1.168151 114.739342 13.598287
v 1.203142 114.741203 13.599858
v 1.236990 114.752640 13.599426
v 1.235571 114.754898 13.598890
v 1.277695 114.809097 13.590257
v 1.280170 114.808327 13.590550
v 1.261373 114.778419 13.595561
v 1.263466 114.776749 13.596017
v 1.080299 114.832451 13.574539
v 1.084984 114.866653 13.567869
v 1.101121 114.897400 13.562541
v 1.257654 114.907402 13.569229
v 1.255815 114.905579 13.569494
v 1.229140 114.928650 13.563336
v 1.227962 114.926353 13.563736
v 1.194706 114.938881 13.559349
v 1.194450 114.936218 13.559873
v 1.126922 114.920921 13.559212
v 1.159460 114.934364 13.558303
v 1.942855 114.658440 13.429317
v 1.918614 114.489189 13.462250
v 1.935196 114.828857 13.394371
v 1.897658 114.995018 13.358625
v 1.831021 115.152161 13.323087
v 1.736953 115.294579 13.289002
v 1.327217 115.597816 13.204778
v 1.481390 115.520668 13.228984
v 1.618948 115.418358 13.257365
v 1.732348 114.991676 13.578992
v 1.676593 115.122780 13.549332
v 1.752116 114.566322 13.666245
v 1.764202 114.852837 13.608885
v 1.770977 114.710136 13.638166
v 1.598667 115.242081 13.520831
v 1.500681 115.346390 13.494246
v 1.385485 115.432274 13.470439
v 0.109263 114.905022 13.510079
v 0.153683 115.043594 13.484483
v 0.090128 114.760048 13.538379
v 0.096891 114.616287 13.567874
v 0.128916 114.476318 13.598005
v 0.185287 114.344131 13.627920
v 0.264015 114.223656 13.656703
v 0.362848 114.118797 13.683444
v 0.479074 114.032303 13.707436
v 0.610463 113.966530 13.728070
v 1.660913 114.296402 13.771840
v 1.712808 114.426819 13.696198
v 1.644770 114.297585 13.718588
v 1.554044 114.180931 13.737164
v 1.568564 114.177422 13.790799
v 1.445672 114.082726 13.751025
v 1.457188 114.076149 13.805112
v 1.321969 114.004356 13.760011
v 1.330080 113.995316 13.814408
v 1.186448 113.948074 13.763867
v 1.190830 113.937317 13.818405
v 1.043393 113.915344 13.762535
v 1.043537 113.903725 13.817011
v 0.897194 113.907410 13.756003
v 0.892960 113.895607 13.810272
v 0.751783 113.924416 13.744467
v 0.743737 113.913269 13.798388
v 0.221721 115.172829 13.462094
v 0.200022 115.194237 13.508662
v 0.312447 115.289482 13.443517
v 0.292371 115.313225 13.489703
v 0.420820 115.387695 13.429655
v 0.403747 115.414490 13.475390
v 0.544523 115.466057 13.420670
v 0.530855 115.495323 13.466093
v 0.680043 115.522339 13.416812
v 0.670105 115.553322 13.462097
v 0.823098 115.555069 13.418145
v 0.817398 115.586914 13.463491
v 0.967975 115.595024 13.470230
v 0.969298 115.563004 13.424676
v 1.117198 115.577370 13.482114
v 1.114709 115.545998 13.436213
v 1.256029 115.503883 13.452611
v 1.757228 114.565392 13.670601
v 1.776363 114.710365 13.642302
v 1.769601 114.854126 13.612805
v 1.737576 114.994095 13.582675
v 1.681204 115.126297 13.552760
v 1.602476 115.246758 13.523977
v 1.503644 115.351624 13.497235
v 1.387417 115.438126 13.473245
v -0.014622 114.941429 13.553030
v -0.037826 114.777100 13.585228
v -0.030292 114.611610 13.619168
v 0.006252 114.450127 13.653911
v 0.070904 114.297684 13.688388
v 0.162131 114.159325 13.721489
v 0.276433 114.038979 13.752025
v 0.410079 113.939636 13.779585
v 1.681772 114.285767 13.788437
v 1.587287 114.162796 13.808290
v 1.472721 114.058548 13.823030
v 1.341579 113.975281 13.832596
v 1.198078 113.915359 13.836744
v 1.046265 113.881180 13.835012
v 0.891202 113.873146 13.828009
v 0.737201 113.891212 13.815778
v 0.177746 115.210022 13.517509
v 0.272210 115.333069 13.498047
v 0.386775 115.437332 13.483308
v 0.517918 115.520592 13.473742
v 0.661419 115.580505 13.469594
v 0.813253 115.614616 13.470933
v 0.968316 115.622643 13.477937
v 1.122317 115.604576 13.490169
v 1.875013 114.551186 13.737258
v 1.898195 114.715599 13.705452
v 1.890661 114.881096 13.671512
v 1.854116 115.042564 13.636769
v 1.789465 115.195023 13.602292
v 1.698237 115.333366 13.569191
v 1.583957 115.453636 13.538262
v 1.450311 115.552979 13.510704
v 0.070628 115.088501 13.540452
v 0.021738 114.936211 13.568579
v -0.000389 114.778030 13.599591
v 0.006854 114.619011 13.632202
v 0.042031 114.464012 13.665556
v 0.104165 114.317863 13.698617
v 0.191601 114.184830 13.730429
v 0.301437 114.069214 13.759758
v 0.429866 113.973854 13.786222
v 0.573896 113.901817 13.808830
v 1.713711 114.266884 13.798332
v 1.788433 114.408951 13.773713
v 1.615565 114.138771 13.819023
v 1.495864 114.029968 13.834396
v 1.359076 113.943008 13.844398
v 1.209390 113.880653 13.848697
v 1.051057 113.844841 13.847136
v 0.889291 113.836670 13.839582
v 0.728775 113.855614 13.826811
v 0.145350 115.230583 13.515834
v 0.243474 115.358765 13.495537
v 0.363176 115.467552 13.480162
v 0.499963 115.554527 13.470160
v 0.649649 115.616882 13.465863
v 0.807983 115.652687 13.467423
v 0.969770 115.660789 13.474585
v 1.130286 115.641846 13.487356
v 1.285165 115.595642 13.505336
v 1.837323 114.561256 13.745588
v 1.859428 114.719505 13.714967
v 1.852185 114.878532 13.682356
v 1.817008 115.033524 13.649002
v 1.754874 115.179665 13.615941
v 1.667439 115.312698 13.584128
v 1.557624 115.428238 13.554410
v 1.429195 115.523598 13.527946
v 0.022987 115.055412 13.244088
v 0.563554 113.780777 13.532356
v 1.868105 114.325493 13.494637
v 1.327538 115.600121 13.206368
v -0.053637 114.722290 13.307297
v -0.029304 114.891930 13.274287
v -0.045983 114.551445 13.342326
v -0.008352 114.384865 13.378164
v 0.058462 114.227318 13.413793
v 0.152787 114.084557 13.447958
v 0.409020 113.858025 13.508105
v 0.271111 113.960526 13.479668
v 1.784182 114.174759 13.520498
v 1.679888 114.037575 13.542479
v 1.552047 113.921181 13.558941
v 1.405751 113.827980 13.569673
v 1.245368 113.761169 13.574280
v 1.075981 113.723145 13.572553
v 0.731218 113.734779 13.551003
v 0.902853 113.714615 13.564642
v 0.208104 115.345596 13.195612
v 0.103324 115.207779 13.217697
v 0.336620 115.462578 13.179072
v 0.483501 115.556168 13.168292
v 0.644743 115.623497 13.163630
v 0.815008 115.661583 13.165393
v 1.161391 115.649734 13.187074
v 0.988950 115.669998 13.173370
v 1.944729 114.658607 13.431430
v 1.920396 114.488968 13.464437
v 1.937075 114.829460 13.396399
v 1.899444 114.996033 13.360563
v 1.832630 115.153580 13.324934
v 1.738305 115.296341 13.290769
v 1.482072 115.522881 13.230619
v 1.619981 115.420372 13.259057
v 0.797999 114.630363 13.402421
v 0.787287 114.631889 13.398575
v 0.766043 114.638626 13.450786
v 0.776883 114.637047 13.454244
v 0.783141 114.627983 13.457472
v 0.804195 114.621330 13.405813
v 0.781132 114.616722 13.458586
v 0.802248 114.610046 13.406775
v 0.804195 114.621330 13.405813
v 0.783141 114.627983 13.457472
v 0.772049 114.609886 13.456941
v 0.793294 114.603149 13.404730
v 0.782581 114.604675 13.400892
v 0.761209 114.611473 13.453492
v 0.754960 114.620544 13.450257
v 0.776390 114.613724 13.397499
v 0.778337 114.625000 13.396538
v 0.756961 114.631790 13.449141
v 0.752087 114.647423 13.505491
v 0.763186 114.645683 13.507942
v 0.769547 114.636536 13.510762
v 0.769547 114.636536 13.510762
v 0.767444 114.625359 13.512296
v 0.758104 114.618675 13.511638
v 0.747009 114.620422 13.509184
v 0.740644 114.629570 13.506366
v 0.742751 114.640747 13.504842
v 0.746126 114.655693 13.550018
v 0.757391 114.653725 13.551227
v 0.763821 114.644485 13.553505
v 0.763821 114.644485 13.553505
v 0.761652 114.633385 13.555511
v 0.752152 114.626945 13.556066
v 0.740891 114.628906 13.554856
v 0.734457 114.638138 13.552575
v 0.736626 114.649246 13.550581
v 0.745677 114.662491 13.583348
v 0.756970 114.660034 13.582215
v 0.763413 114.650589 13.583466
v 0.763413 114.650589 13.583466
v 0.761229 114.639687 13.586380
v 0.751698 114.633705 13.589249
v 0.740406 114.636147 13.590371
v 0.733963 114.645592 13.589119
v 0.736147 114.656509 13.586205
v 0.753193 114.668716 13.606233
v 0.762932 114.664955 13.600363
v 0.768744 114.654991 13.599740
v 0.768744 114.654991 13.599740
v 0.767228 114.644653 13.604725
v 0.759266 114.639977 13.612401
v 0.749527 114.643738 13.618271
v 0.743714 114.653702 13.618902
v 0.745231 114.664040 13.613908
v 0.776066 114.677246 13.621921
v 0.781318 114.671837 13.612968
v 0.785378 114.661217 13.611125
v 0.785378 114.661217 13.611125
v 0.785841 114.651604 13.617462
v 0.782454 114.648643 13.628276
v 0.777202 114.654053 13.637218
v 0.773143 114.664673 13.639061
v 0.772679 114.674294 13.632724
v 0.822065 114.689270 13.629405
v 0.824377 114.683083 13.619977
v 0.827256 114.672142 13.617946
v 0.827256 114.672142 13.617946
v 0.829004 114.662865 13.624498
v 0.828606 114.660698 13.635791
v 0.826294 114.666885 13.645219
v 0.823424 114.677811 13.647250
v 0.821676 114.687088 13.640697
v 0.883344 114.703575 13.629651
v 0.884885 114.697205 13.620229
v 0.887610 114.686241 13.618196
v 0.887610 114.686241 13.618196
v 0.889913 114.677101 13.624753
v 0.890466 114.675148 13.636063
v 0.888921 114.681519 13.645486
v 0.886200 114.692497 13.647507
v 0.883897 114.701622 13.640950
v 0.944567 114.719765 13.628738
v 0.946547 114.713516 13.619314
v 0.949826 114.702690 13.617285
v 0.949826 114.702690 13.617285
v 0.952490 114.693642 13.623843
v 0.952976 114.691673 13.635139
v 0.950996 114.697937 13.644572
v 0.947717 114.708763 13.646602
v 0.945053 114.717812 13.640043
v 1.008328 114.734497 13.621414
v 1.005933 114.740616 13.630834
v 1.012154 114.723854 13.619400
v 1.012154 114.723854 13.619400
v 1.015157 114.714928 13.625962
v 1.015587 114.712944 13.637272
v 1.013184 114.719055 13.646680
v 1.009368 114.729691 13.648696
v 1.006355 114.738625 13.642133
v 1.069624 114.757179 13.622350
v 1.067939 114.763550 13.631774
v 1.073314 114.746483 13.620324
v 1.076846 114.737747 13.626889
v 1.073314 114.746483 13.620324
v 1.078148 114.736076 13.638204
v 1.076463 114.742455 13.647630
v 1.072773 114.753136 13.649653
v 1.069251 114.761864 13.643090
v 1.114793 114.772728 13.616010
v 1.115714 114.780006 13.625072
v 1.117496 114.761711 13.614113
v 1.117496 114.761711 13.614113
v 1.122258 114.753380 13.620507
v 1.126270 114.752647 13.631446
v 1.127199 114.759911 13.640509
v 1.124497 114.770950 13.642396
v 1.119735 114.779259 13.636002
v 1.142485 114.787003 13.609643
v 1.137244 114.778587 13.603064
v 1.138354 114.767151 13.602102
v 1.138354 114.767151 13.602102
v 1.145147 114.759377 13.607326
v 1.153665 114.759819 13.615669
v 1.158893 114.768227 13.622239
v 1.157793 114.779663 13.623201
v 1.150990 114.787437 13.617978
v 1.155146 114.787575 13.586556
v 1.147264 114.779068 13.584777
v 1.147311 114.767578 13.585684
v 1.147311 114.767578 13.585684
v 1.155265 114.759842 13.588758
v 1.166469 114.760376 13.592196
v 1.174347 114.768875 13.593987
v 1.174291 114.780357 13.593068
v 1.166337 114.788109 13.589993
v 1.158530 114.781799 13.552558
v 1.150305 114.773888 13.554245
v 1.150195 114.762672 13.556675
v 1.150195 114.762672 13.556675
v 1.158279 114.754692 13.558425
v 1.169811 114.754639 13.558473
v 1.178035 114.762550 13.556778
v 1.178145 114.773781 13.554357
v 1.170062 114.781761 13.552597
v 1.154176 114.769775 13.507052
v 1.146131 114.762367 13.510602
v 1.146102 114.751343 13.513852
v 1.146102 114.751343 13.513852
v 1.154124 114.743187 13.514898
v 1.165474 114.742668 13.513143
v 1.173528 114.750084 13.509596
v 1.173548 114.761101 13.506343
v 1.165536 114.769249 13.505288
v 1.140467 114.751465 13.451040
v 1.132708 114.744438 13.455772
v 1.132807 114.733582 13.459518
v 1.132807 114.733582 13.459518
v 1.140699 114.725273 13.460091
v 1.151767 114.724365 13.457138
v 1.159527 114.731400 13.452407
v 1.159427 114.742241 13.448662
v 1.151535 114.750565 13.448090
v 1.116678 114.729424 13.397165
v 1.109073 114.722549 13.402342
v 1.109237 114.711754 13.406273
v 1.117068 114.703384 13.406659
v 1.109237 114.711754 13.406273
v 1.127984 114.702309 13.403275
v 1.135589 114.709183 13.398095
v 1.135425 114.719963 13.394165
v 1.127598 114.728348 13.393779
v 0.801302 114.666008 13.395651
v 0.790521 114.666588 13.391725
v 0.767896 114.671303 13.444272
v 0.778823 114.670670 13.447777
v 0.785829 114.662170 13.451020
v 0.808246 114.657524 13.399074
v 0.784815 114.650780 13.452127
v 0.807284 114.646133 13.400012
v 0.808246 114.657524 13.399074
v 0.785829 114.662170 13.451020
v 0.776367 114.643181 13.450438
v 0.798995 114.638481 13.397891
v 0.788214 114.639061 13.393974
v 0.765439 114.643814 13.446943
v 0.758437 114.652306 13.443687
v 0.781279 114.647537 13.390553
v 0.782232 114.658936 13.389615
v 0.759457 114.663689 13.442584
v 0.753115 114.678871 13.499188
v 0.764336 114.678093 13.501595
v 0.771463 114.669533 13.504400
v 0.771463 114.669533 13.504400
v 0.770322 114.658218 13.505944
v 0.761590 114.650757 13.505333
v 0.750366 114.651527 13.502928
v 0.743238 114.660088 13.500123
v 0.744374 114.671410 13.498576
v 0.746882 114.686729 13.543712
v 0.758288 114.685707 13.544769
v 0.765498 114.677055 13.547025
v 0.765498 114.677055 13.547025
v 0.764282 114.665833 13.549139
v 0.755352 114.658607 13.549889
v 0.743946 114.659630 13.548831
v 0.736736 114.668289 13.546586
v 0.737952 114.679504 13.544462
v 0.746523 114.693932 13.576861
v 0.757960 114.692375 13.575384
v 0.765176 114.683487 13.576592
v 0.765176 114.683487 13.576592
v 0.763941 114.672501 13.579773
v 0.754995 114.665833 13.583076
v 0.743558 114.667412 13.584552
v 0.736342 114.676292 13.583344
v 0.737565 114.687279 13.580163
v 0.764428 114.698303 13.593415
v 0.754728 114.701469 13.599745
v 0.770913 114.688759 13.592563
v 0.770913 114.688759 13.592563
v 0.770379 114.678398 13.597696
v 0.763161 114.673317 13.605803
v 0.753470 114.676476 13.612134
v 0.746989 114.686035 13.612985
v 0.747510 114.696388 13.607852
v 0.779635 114.712090 13.615298
v 0.784792 114.706993 13.606143
v 0.789335 114.696609 13.604074
v 0.790588 114.687012 13.610309
v 0.789335 114.696609 13.604074
v 0.787821 114.683838 13.621201
v 0.782659 114.688927 13.630365
v 0.778120 114.699318 13.632434
v 0.776864 114.708900 13.626191
v 0.831464 114.728348 13.622472
v 0.833873 114.722389 13.612930
v 0.837227 114.711632 13.610696
v 0.839559 114.702385 13.617085
v 0.837227 114.711632 13.610696
v 0.839489 114.700035 13.628346
v 0.837080 114.705994 13.637887
v 0.833726 114.716751 13.640121
v 0.831394 114.726006 13.633733
v 0.899798 114.747635 13.622297
v 0.901412 114.741455 13.612756
v 0.904433 114.730591 13.610525
v 0.904433 114.730591 13.610525
v 0.907099 114.721451 13.616912
v 0.907836 114.719337 13.628171
v 0.906222 114.725517 13.637711
v 0.903197 114.736366 13.639943
v 0.900545 114.745522 13.633556
v 0.961524 114.764931 13.620810
v 0.963310 114.758789 13.611270
v 0.966458 114.747986 13.609036
v 0.966458 114.747986 13.609036
v 0.969132 114.738823 13.615423
v 0.969760 114.736687 13.626683
v 0.967974 114.742821 13.636232
v 0.964817 114.753639 13.638464
v 0.962152 114.762794 13.632078
v 1.011627 114.773453 13.612411
v 1.009692 114.779533 13.621954
v 1.014919 114.762672 13.610179
v 1.014919 114.762672 13.610179
v 1.017629 114.753532 13.616567
v 1.018173 114.751366 13.627833
v 1.016239 114.757446 13.637367
v 1.012946 114.768227 13.639600
v 1.010232 114.777367 13.633214
v 1.052262 114.785767 13.612248
v 1.051585 114.792236 13.621783
v 1.054953 114.774818 13.610017
v 1.058097 114.765808 13.616403
v 1.054953 114.774818 13.610017
v 1.059843 114.764000 13.627656
v 1.059166 114.770470 13.637190
v 1.056462 114.781410 13.639421
v 1.053322 114.790443 13.633035
v 1.082922 114.792984 13.605515
v 1.085428 114.800186 13.614352
v 1.083924 114.781639 13.603648
v 1.083924 114.781639 13.603648
v 1.087843 114.772804 13.609846
v 1.092376 114.771629 13.620492
v 1.094882 114.778847 13.629339
v 1.093883 114.790184 13.631204
v 1.089965 114.799034 13.624995
v 1.110584 114.801842 13.598660
v 1.104211 114.794373 13.592237
v 1.103167 114.782890 13.591665
v 1.103167 114.782890 13.591665
v 1.108054 114.774124 13.597278
v 1.116024 114.773209 13.605784
v 1.122398 114.780678 13.612199
v 1.123451 114.792168 13.612771
v 1.118554 114.800926 13.607167
v 1.126468 114.798538 13.576150
v 1.117377 114.791588 13.573608
v 1.115171 114.780350 13.574759
v 1.115171 114.780350 13.574759
v 1.121137 114.771400 13.578908
v 1.131788 114.769974 13.583641
v 1.140881 114.776917 13.586174
v 1.143086 114.788162 13.585022
v 1.137120 114.797112 13.580874
v 1.132179 114.791519 13.543649
v 1.122461 114.785339 13.544716
v 1.120037 114.774368 13.547120
v 1.120037 114.774368 13.547120
v 1.126334 114.765030 13.549454
v 1.137660 114.762779 13.550355
v 1.147378 114.768959 13.549298
v 1.149802 114.779930 13.546893
v 1.143505 114.789268 13.544549
v 1.127489 114.780983 13.499314
v 1.117993 114.775307 13.502488
v 1.115640 114.764519 13.505608
v 1.121820 114.754921 13.506864
v 1.115640 114.764519 13.505608
v 1.132911 114.752129 13.505501
v 1.142406 114.757805 13.502325
v 1.144757 114.768593 13.499197
v 1.138570 114.778198 13.497949
v 1.112759 114.766563 13.444221
v 1.103585 114.761223 13.448606
v 1.101365 114.750542 13.452199
v 1.101365 114.750542 13.452199
v 1.107390 114.740799 13.452893
v 1.118144 114.737686 13.450280
v 1.127318 114.743034 13.445885
v 1.129538 114.753716 13.442292
v 1.123513 114.763451 13.441599
v 1.087290 114.750893 13.391241
v 1.078289 114.745667 13.396089
v 1.076130 114.735039 13.399859
v 1.082071 114.725235 13.400337
v 1.076130 114.735039 13.399859
v 1.092646 114.722000 13.397248
v 1.101655 114.727211 13.392411
v 1.103815 114.737846 13.388641
v 1.097861 114.747643 13.388164
v 0.787413 114.695183 13.389440
v 0.776756 114.695122 13.385180
v 0.751284 114.697586 13.438024
v 0.762133 114.697624 13.441808
v 0.769584 114.689552 13.445175
v 0.794792 114.687134 13.393003
v 0.769271 114.678101 13.446147
v 0.794555 114.675682 13.393786
v 0.794792 114.687134 13.393003
v 0.769584 114.689552 13.445175
v 0.761368 114.669998 13.444171
v 0.786841 114.667534 13.391328
v 0.750519 114.669960 13.440387
v 0.776174 114.667473 13.387080
v 0.743068 114.678032 13.437020
v 0.768808 114.675529 13.383517
v 0.769042 114.686966 13.382734
v 0.743390 114.689468 13.436049
v 0.734786 114.703812 13.493118
v 0.746015 114.703690 13.495656
v 0.753616 114.695572 13.498500
v 0.753616 114.695572 13.498500
v 0.753148 114.684196 13.499992
v 0.744885 114.676224 13.499246
v 0.733661 114.676331 13.496710
v 0.726054 114.684448 13.493854
v 0.726519 114.695824 13.492372
v 0.728000 114.711205 13.537682
v 0.739504 114.710777 13.538318
v 0.747232 114.702530 13.540398
v 0.747232 114.702530 13.540398
v 0.746634 114.691284 13.542703
v 0.738073 114.683647 13.543878
v 0.726564 114.684059 13.543243
v 0.718836 114.692314 13.541163
v 0.719434 114.703552 13.538857
v 0.729915 114.719444 13.570718
v 0.741238 114.718201 13.568077
v 0.748887 114.709618 13.568830
v 0.748887 114.709618 13.568830
v 0.748377 114.698730 13.572530
v 0.740005 114.691895 13.577014
v 0.728688 114.693138 13.579659
v 0.721043 114.701721 13.578904
v 0.721553 114.712608 13.575203
v 0.741591 114.728935 13.593471
v 0.750784 114.725975 13.586693
v 0.757515 114.716652 13.585635
v 0.757515 114.716652 13.585635
v 0.757844 114.706421 13.590933
v 0.751570 114.701286 13.599473
v 0.742377 114.704239 13.606262
v 0.735643 114.713554 13.607312
v 0.735317 114.723778 13.602011
v 0.765995 114.740685 13.608838
v 0.771436 114.735924 13.599683
v 0.776482 114.725784 13.597571
v 0.778180 114.716225 13.603734
v 0.776482 114.725784 13.597571
v 0.775540 114.712830 13.614563
v 0.770091 114.717590 13.623708
v 0.765045 114.727722 13.625817
v 0.763347 114.737297 13.619658
v 0.807922 114.756096 13.615644
v 0.810628 114.750320 13.606050
v 0.814452 114.739738 13.603737
v 0.817150 114.730545 13.610063
v 0.814452 114.739738 13.603737
v 0.817146 114.728111 13.621313
v 0.814440 114.733887 13.630906
v 0.810616 114.744469 13.633220
v 0.807918 114.753662 13.626895
v 0.862443 114.773720 13.615037
v 0.864129 114.767616 13.605453
v 0.867431 114.756874 13.603145
v 0.867431 114.756874 13.603145
v 0.870402 114.747757 13.609468
v 0.871304 114.745621 13.620710
v 0.869605 114.751709 13.630295
v 0.866306 114.762466 13.632602
v 0.863345 114.771584 13.626280
v 0.917494 114.790199 13.613342
v 0.919229 114.784119 13.603758
v 0.922347 114.773315 13.601449
v 0.922347 114.773315 13.601449
v 0.925023 114.764114 13.607776
v 0.925692 114.761917 13.619027
v 0.923963 114.767982 13.628614
v 0.920850 114.778801 13.630911
v 0.918173 114.787987 13.624586
v 0.975108 114.799698 13.605134
v 0.973347 114.805763 13.614718
v 0.978042 114.788834 13.602827
v 0.978042 114.788834 13.602827
v 0.980428 114.779556 13.609151
v 0.980874 114.777283 13.620397
v 0.979101 114.783348 13.629982
v 0.976167 114.794205 13.632290
v 0.973785 114.803490 13.625962
v 1.030195 114.813774 13.605421
v 1.029472 114.820107 13.615010
v 1.032562 114.802757 13.603111
v 1.035190 114.793541 13.609437
v 1.032562 114.802757 13.603111
v 1.036542 114.791504 13.620685
v 1.035832 114.797852 13.630271
v 1.033466 114.808861 13.632582
v 1.030838 114.818077 13.626257
v 1.072811 114.829102 13.607967
v 1.070326 114.822083 13.598899
v 1.071119 114.810753 13.596845
v 1.071119 114.810753 13.596845
v 1.074751 114.801750 13.603009
v 1.079068 114.800331 13.613775
v 1.081563 114.807335 13.622836
v 1.080770 114.818665 13.624891
v 1.077137 114.827675 13.618736
v 1.097304 114.830643 13.592374
v 1.090012 114.823326 13.586368
v 1.088474 114.811844 13.585798
v 1.088474 114.811844 13.585798
v 1.093595 114.802933 13.591016
v 1.102378 114.801796 13.598947
v 1.109669 114.809105 13.604953
v 1.111204 114.820580 13.605515
v 1.106086 114.829506 13.600307
v 1.108310 114.826698 13.569618
v 1.098760 114.820168 13.568295
v 1.096252 114.809036 13.569838
v 1.096252 114.809036 13.569838
v 1.102235 114.799858 13.573339
v 1.113222 114.797974 13.576742
v 1.122772 114.804504 13.578066
v 1.125285 114.815628 13.576526
v 1.119297 114.824821 13.573022
v 1.111054 114.819275 13.536870
v 1.101282 114.813347 13.538243
v 1.098695 114.802444 13.540767
v 1.098695 114.802444 13.540767
v 1.104794 114.792961 13.542946
v 1.116021 114.790443 13.543529
v 1.125784 114.796379 13.542155
v 1.128380 114.807274 13.539632
v 1.122271 114.816765 13.537453
v 1.107285 114.808830 13.492455
v 1.097638 114.803246 13.495277
v 1.095086 114.792473 13.498300
v 1.095086 114.792473 13.498300
v 1.101128 114.782814 13.499763
v 1.112215 114.779930 13.498798
v 1.121865 114.785522 13.495988
v 1.124414 114.796303 13.492964
v 1.118376 114.805962 13.491499
v 1.095349 114.794777 13.437406
v 1.085924 114.789452 13.441259
v 1.083466 114.778786 13.444705
v 1.083466 114.778786 13.444705
v 1.089411 114.769005 13.445718
v 1.100278 114.765862 13.443701
v 1.109694 114.771194 13.439847
v 1.112160 114.781860 13.436401
v 1.106211 114.791626 13.435399
v 1.074545 114.779701 13.384553
v 1.065245 114.774475 13.388812
v 1.062840 114.763855 13.392415
v 1.068727 114.754028 13.393250
v 1.062840 114.763855 13.392415
v 1.079462 114.750771 13.390839
v 1.088768 114.755981 13.386581
v 1.091176 114.766617 13.382978
v 1.085289 114.776443 13.382142
v 0.896784 114.821167 13.362264
v 0.897531 114.830826 13.356108
v 0.884082 114.867653 13.403506
v 0.883467 114.857643 13.409119
v 0.875051 114.850258 13.411649
v 0.888312 114.813927 13.365016
v 0.863756 114.849831 13.409615
v 0.877074 114.813347 13.362750
v 0.888312 114.813927 13.365016
v 0.875051 114.850258 13.411649
v 0.856202 114.856606 13.404195
v 0.869646 114.819763 13.356796
v 0.870393 114.829430 13.350640
v 0.856817 114.866615 13.398582
v 0.865243 114.874001 13.396054
v 0.878865 114.836670 13.347888
v 0.890107 114.837257 13.350152
v 0.876528 114.874443 13.398095
v 0.874456 114.883682 13.461515
v 0.874813 114.894409 13.457349
v 0.866137 114.875999 13.463446
v 0.866137 114.875999 13.463446
v 0.854736 114.875870 13.462010
v 0.846941 114.883354 13.458046
v 0.847302 114.894096 13.453878
v 0.855622 114.901787 13.451947
v 0.867013 114.901917 13.453382
v 0.870442 114.908524 13.504950
v 0.870292 114.897072 13.506689
v 0.862078 114.889091 13.507594
v 0.862078 114.889091 13.507594
v 0.850593 114.889244 13.507138
v 0.842560 114.897453 13.505589
v 0.842710 114.908897 13.503850
v 0.850928 114.916893 13.502943
v 0.862413 114.916740 13.503389
v 0.871044 114.909134 13.545857
v 0.870846 114.897606 13.544029
v 0.862598 114.889603 13.543434
v 0.862598 114.889603 13.543434
v 0.851144 114.889793 13.544435
v 0.843169 114.898048 13.546437
v 0.843367 114.909561 13.548265
v 0.851614 114.917564 13.548859
v 0.863073 114.917397 13.547855
v 0.876522 114.897110 13.580335
v 0.875771 114.886795 13.575064
v 0.867304 114.879272 13.573112
v 0.867304 114.879272 13.573112
v 0.856079 114.878922 13.575645
v 0.848675 114.885963 13.581162
v 0.849436 114.896278 13.586443
v 0.857897 114.903809 13.588392
v 0.869118 114.904152 13.585862
v 0.886546 114.875137 13.609653
v 0.884957 114.866653 13.601921
v 0.876189 114.859779 13.599118
v 0.876189 114.859779 13.599118
v 0.865384 114.858521 13.602878
v 0.858874 114.863625 13.610995
v 0.860464 114.872093 13.618716
v 0.869232 114.878983 13.621519
v 0.880036 114.880241 13.617770
v 0.902406 114.841423 13.634755
v 0.899934 114.834831 13.625621
v 0.890854 114.828613 13.622319
v 0.890854 114.828613 13.622319
v 0.880498 114.826408 13.626778
v 0.874922 114.829491 13.636387
v 0.877404 114.836082 13.645520
v 0.886484 114.842308 13.648822
v 0.896840 114.844505 13.644363
v 0.922957 114.797440 13.654943
v 0.919821 114.792259 13.645169
v 0.910481 114.786613 13.641605
v 0.910481 114.786613 13.641605
v 0.900412 114.783775 13.646349
v 0.895519 114.785423 13.656616
v 0.898655 114.790604 13.666400
v 0.907995 114.796257 13.669965
v 0.918060 114.799088 13.665220
v 0.944194 114.750725 13.669226
v 0.940576 114.746635 13.659114
v 0.931014 114.741455 13.655398
v 0.931014 114.741455 13.655398
v 0.921124 114.738235 13.660263
v 0.916698 114.738853 13.670846
v 0.920325 114.742943 13.680959
v 0.929878 114.748123 13.684673
v 0.939768 114.751335 13.679810
v 0.966252 114.700371 13.678578
v 0.962165 114.697327 13.668280
v 0.952398 114.692619 13.664479
v 0.952398 114.692619 13.664479
v 0.942675 114.689026 13.669408
v 0.938686 114.688637 13.680186
v 0.942772 114.691673 13.690486
v 0.952530 114.696388 13.694285
v 0.962262 114.699974 13.689359
v 0.984188 114.645889 13.671565
v 0.988906 114.647461 13.681962
v 0.974162 114.641808 13.667737
v 0.964698 114.637589 13.672704
v 0.974162 114.641808 13.667737
v 0.961345 114.635719 13.683572
v 0.966059 114.637291 13.693971
v 0.976089 114.641380 13.697806
v 0.985550 114.645592 13.692833
v 1.007712 114.602501 13.675346
v 1.001963 114.603409 13.665312
v 0.991512 114.600334 13.661624
v 0.991512 114.600334 13.661624
v 0.982484 114.595070 13.666435
v 0.980168 114.590721 13.676947
v 0.985917 114.589821 13.686984
v 0.996367 114.592896 13.690673
v 1.005400 114.598160 13.685849
v 1.021346 114.568352 13.657682
v 1.014444 114.572136 13.649135
v 1.003530 114.570229 13.646050
v 1.003530 114.570229 13.646050
v 0.994989 114.563744 13.650240
v 0.993827 114.556511 13.659245
v 1.000730 114.552727 13.667794
v 1.011645 114.554626 13.670866
v 1.020185 114.561111 13.666688
v 1.031123 114.542175 13.630063
v 1.023284 114.548439 13.624138
v 1.011998 114.547523 13.622102
v 1.011998 114.547523 13.622102
v 1.003874 114.539940 13.625136
v 1.003664 114.530167 13.631480
v 1.011494 114.523903 13.637393
v 1.022780 114.524834 13.639428
v 1.030910 114.532387 13.636397
v 1.036558 114.525841 13.591607
v 1.028260 114.533485 13.588933
v 1.016800 114.533096 13.588148
v 1.016800 114.533096 13.588148
v 1.008879 114.524902 13.589705
v 1.009145 114.513695 13.592695
v 1.017443 114.506042 13.595368
v 1.028906 114.506447 13.596153
v 1.036828 114.514641 13.594595
v 1.037502 114.519951 13.541883
v 1.029166 114.527908 13.541832
v 1.017679 114.527641 13.542054
v 1.017679 114.527641 13.542054
v 1.009789 114.519302 13.542415
v 1.010101 114.507774 13.542723
v 1.018446 114.499817 13.542775
v 1.029923 114.500099 13.542552
v 1.037822 114.508423 13.542192
v 1.034110 114.523888 13.481192
v 1.025876 114.531738 13.482873
v 1.014421 114.531425 13.483762
v 1.014421 114.531425 13.483762
v 1.006485 114.523132 13.483353
v 1.006701 114.511719 13.481875
v 1.014948 114.503883 13.480192
v 1.026393 114.504204 13.479302
v 1.034330 114.512489 13.479713
v 1.025676 114.540276 13.422257
v 1.017502 114.547989 13.424623
v 1.006086 114.547607 13.425781
v 0.998108 114.539383 13.425061
v 1.006086 114.547607 13.425781
v 0.998250 114.528114 13.422875
v 1.006424 114.520401 13.420510
v 1.017840 114.520775 13.419342
v 1.025809 114.529007 13.420072
v 0.866223 114.825806 13.359622
v 0.867884 114.835403 13.353532
v 0.856804 114.873047 13.400895
v 0.855235 114.863098 13.406442
v 0.846183 114.856445 13.408788
v 0.857111 114.819298 13.362190
v 0.834925 114.856987 13.406560
v 0.845905 114.819695 13.359729
v 0.857111 114.819298 13.362190
v 0.846183 114.856445 13.408788
v 0.828073 114.864395 13.401050
v 0.839162 114.826744 13.353685
v 0.829643 114.874352 13.395503
v 0.840832 114.836327 13.347596
v 0.838704 114.881004 13.393158
v 0.849936 114.842834 13.345027
v 0.861141 114.842445 13.347488
v 0.849948 114.880455 13.395396
v 0.847561 114.889603 13.458819
v 0.848917 114.900269 13.454720
v 0.838589 114.882645 13.460567
v 0.838589 114.882645 13.460567
v 0.827252 114.883484 13.458939
v 0.820189 114.891640 13.454881
v 0.821535 114.902321 13.450779
v 0.830507 114.909279 13.449031
v 0.841854 114.908424 13.450662
v 0.844924 114.914528 13.502333
v 0.843772 114.903130 13.504008
v 0.834893 114.895851 13.504720
v 0.834893 114.895851 13.504720
v 0.823464 114.896988 13.504049
v 0.816204 114.905846 13.502391
v 0.817347 114.917252 13.500715
v 0.826235 114.924522 13.500005
v 0.837655 114.923393 13.500674
v 0.844700 114.914940 13.543755
v 0.843568 114.903496 13.541891
v 0.834686 114.896233 13.541093
v 0.834686 114.896233 13.541093
v 0.823258 114.897377 13.541827
v 0.815983 114.906273 13.543675
v 0.817110 114.917717 13.545548
v 0.825996 114.925003 13.546347
v 0.837415 114.923851 13.545601
v 0.848362 114.902420 13.578642
v 0.846850 114.892250 13.573230
v 0.837814 114.885460 13.571087
v 0.837814 114.885460 13.571087
v 0.826566 114.886040 13.573459
v 0.819674 114.893639 13.578977
v 0.821195 114.903809 13.584389
v 0.830226 114.910599 13.586530
v 0.841484 114.910027 13.584147
v 0.856245 114.879593 13.606941
v 0.853957 114.871635 13.598778
v 0.844664 114.865593 13.595724
v 0.844664 114.865593 13.595724
v 0.833820 114.865005 13.599562
v 0.827769 114.870201 13.608043
v 0.830053 114.878151 13.616206
v 0.839345 114.884193 13.619260
v 0.850193 114.884789 13.615430
v 0.869531 114.844292 13.628021
v 0.866347 114.838737 13.618436
v 0.856762 114.833488 13.614897
v 0.846395 114.831627 13.619490
v 0.856762 114.833488 13.614897
v 0.841309 114.834244 13.629518
v 0.844493 114.839798 13.639105
v 0.854087 114.845047 13.642645
v 0.864454 114.846901 13.638051
v 0.887178 114.798302 13.642825
v 0.883476 114.794083 13.632806
v 0.873727 114.789268 13.629130
v 0.863629 114.786697 13.633954
v 0.873727 114.789268 13.629130
v 0.859108 114.787857 13.644452
v 0.862810 114.792076 13.654482
v 0.872568 114.796875 13.658158
v 0.882657 114.799461 13.653323
v 0.906163 114.750015 13.654121
v 0.902306 114.746193 13.644012
v 0.892526 114.741447 13.640325
v 0.892526 114.741447 13.640325
v 0.882554 114.738548 13.645228
v 0.878236 114.739197 13.655841
v 0.882096 114.743034 13.665959
v 0.891877 114.747780 13.669638
v 0.901848 114.750671 13.664742
v 0.927086 114.698853 13.665189
v 0.923084 114.695389 13.655002
v 0.913285 114.690689 13.651299
v 0.913285 114.690689 13.651299
v 0.903429 114.687500 13.656260
v 0.899291 114.687706 13.666972
v 0.903289 114.691177 13.677171
v 0.913091 114.695877 13.680871
v 0.922948 114.699059 13.675911
v 0.944851 114.643120 13.662385
v 0.949354 114.645378 13.672745
v 0.934869 114.638847 13.658620
v 0.925273 114.635063 13.663664
v 0.934869 114.638847 13.658620
v 0.921663 114.633972 13.674564
v 0.926170 114.636246 13.684922
v 0.936148 114.640503 13.688681
v 0.945757 114.644302 13.683645
v 0.968180 114.599663 13.669780
v 0.962654 114.599892 13.659575
v 0.952282 114.596573 13.655879
v 0.952282 114.596573 13.655879
v 0.943144 114.591637 13.660853
v 0.940596 114.588005 13.671575
v 0.946122 114.587784 13.681778
v 0.956491 114.591087 13.685476
v 0.965628 114.596008 13.680511
v 0.982461 114.564041 13.654338
v 0.975742 114.567223 13.645419
v 0.964913 114.565056 13.642211
v 0.964913 114.565056 13.642211
v 0.956316 114.558777 13.646600
v 0.955001 114.552078 13.655998
v 0.961717 114.548882 13.664909
v 0.972541 114.551064 13.668114
v 0.981137 114.557335 13.663734
v 0.993312 114.536148 13.628393
v 0.985515 114.542091 13.622045
v 0.974277 114.540993 13.619834
v 0.974277 114.540993 13.619834
v 0.966164 114.533470 13.623052
v 0.965939 114.523941 13.629822
v 0.973722 114.517998 13.636183
v 0.984973 114.519104 13.638392
v 0.993087 114.526611 13.635165
v 0.999215 114.519005 13.590872
v 0.990855 114.526611 13.588130
v 0.979388 114.526146 13.587339
v 0.979388 114.526146 13.587339
v 0.971526 114.517906 13.588971
v 0.971878 114.506706 13.592067
v 0.980236 114.499100 13.594818
v 0.991700 114.499550 13.595599
v 0.999562 114.507805 13.593968
v 0.999655 114.513664 13.541408
v 0.991275 114.521599 13.541604
v 0.979797 114.521263 13.541983
v 0.979797 114.521263 13.541983
v 0.971948 114.512878 13.542314
v 0.972327 114.501343 13.542413
v 0.980710 114.493423 13.542214
v 0.992185 114.493752 13.541838
v 1.000034 114.502136 13.541507
v 0.995126 114.519142 13.480331
v 0.986880 114.526909 13.482388
v 0.975460 114.526489 13.483490
v 0.975460 114.526489 13.483490
v 0.967546 114.518188 13.483005
v 0.967785 114.506828 13.481201
v 0.976030 114.499077 13.479154
v 0.987456 114.499466 13.478045
v 0.995369 114.507774 13.478539
v 0.984924 114.538017 13.420364
v 0.976767 114.545609 13.423123
v 0.965375 114.545158 13.424513
v 0.957433 114.536903 13.423707
v 0.965375 114.545158 13.424513
v 0.957574 114.525711 13.421181
v 0.965719 114.518120 13.418411
v 0.977114 114.518570 13.417020
v 0.985065 114.526810 13.417829
v 0.917218 114.841576 13.360339
v 0.917692 114.850586 13.353229
v 0.899081 114.895081 13.398788
v 0.898804 114.885597 13.405301
v 0.890708 114.878029 13.408295
v 0.909038 114.834206 13.363585
v 0.879510 114.876793 13.406009
v 0.897928 114.832787 13.361046
v 0.909038 114.834206 13.363585
v 0.890708 114.878029 13.408295
v 0.871794 114.882645 13.399787
v 0.890404 114.838150 13.354228
v 0.872061 114.892128 13.393274
v 0.890874 114.847145 13.347118
v 0.880167 114.899696 13.390282
v 0.899064 114.854507 13.343876
v 0.910168 114.855934 13.346411
v 0.891352 114.900917 13.392568
v 0.886846 114.915932 13.456337
v 0.886709 114.926430 13.451535
v 0.878907 114.907936 13.458618
v 0.878907 114.907936 13.458618
v 0.867552 114.907127 13.457045
v 0.859431 114.913994 13.452527
v 0.859297 114.924500 13.447723
v 0.867233 114.932487 13.445443
v 0.878587 114.933289 13.447017
v 0.881304 114.942078 13.498757
v 0.881804 114.930504 13.500313
v 0.874022 114.922058 13.501233
v 0.874022 114.922058 13.501233
v 0.862521 114.921692 13.500982
v 0.854025 114.929619 13.499711
v 0.853515 114.941200 13.498157
v 0.861306 114.949638 13.497236
v 0.872808 114.950005 13.497478
v 0.883759 114.939781 13.540823
v 0.883996 114.928459 13.537849
v 0.876103 114.920128 13.536891
v 0.876103 114.920128 13.536891
v 0.864709 114.919655 13.538496
v 0.856480 114.927345 13.541734
v 0.856235 114.938675 13.544708
v 0.864127 114.947014 13.545675
v 0.875531 114.947472 13.544061
v 0.893166 114.921806 13.577291
v 0.892524 114.912148 13.570953
v 0.884282 114.904480 13.568615
v 0.884282 114.904480 13.568615
v 0.873242 114.903320 13.571649
v 0.865900 114.909340 13.578278
v 0.866531 114.918999 13.584622
v 0.874783 114.926659 13.586963
v 0.885810 114.927818 13.583929
v 0.906771 114.894753 13.607018
v 0.905155 114.887016 13.598554
v 0.896520 114.880127 13.595370
v 0.896520 114.880127 13.595370
v 0.885930 114.878105 13.599360
v 0.879574 114.882133 13.608173
v 0.881180 114.889854 13.616639
v 0.889816 114.896751 13.619821
v 0.900415 114.898781 13.615831
v 0.925005 114.857903 13.628793
v 0.922392 114.852211 13.619110
v 0.913365 114.846123 13.615460
v 0.913365 114.846123 13.615460
v 0.903213 114.843193 13.619985
v 0.897898 114.845116 13.630026
v 0.900515 114.850807 13.639707
v 0.909542 114.856911 13.643357
v 0.919694 114.859840 13.638833
v 0.947501 114.811882 13.643893
v 0.944274 114.807434 13.633802
v 0.934997 114.801834 13.629997
v 0.925130 114.798340 13.634702
v 0.934997 114.801834 13.629997
v 0.920431 114.799011 13.645155
v 0.923659 114.803459 13.655246
v 0.932926 114.809059 13.659051
v 0.942802 114.812553 13.654347
v 0.970242 114.765297 13.655055
v 0.966814 114.761269 13.644867
v 0.957470 114.755798 13.641019
v 0.957470 114.755798 13.641019
v 0.947689 114.752113 13.645780
v 0.943214 114.752342 13.656345
v 0.946642 114.756371 13.666533
v 0.955983 114.761818 13.670373
v 0.965763 114.765518 13.665622
v 0.989433 114.715202 13.654999
v 0.993075 114.718811 13.665281
v 0.980014 114.709892 13.651124
v 0.980014 114.709892 13.651124
v 0.970343 114.705994 13.655923
v 0.966079 114.705788 13.666580
v 0.969717 114.709389 13.676863
v 0.979136 114.714684 13.680738
v 0.988812 114.718590 13.675939
v 1.011868 114.669472 13.661105
v 1.016153 114.671753 13.671570
v 1.002199 114.664688 13.657163
v 0.992805 114.660210 13.662033
v 1.002199 114.664688 13.657163
v 0.989200 114.658653 13.672875
v 0.993488 114.660950 13.683339
v 1.003158 114.665726 13.687282
v 1.012548 114.670204 13.682412
v 1.035975 114.630737 13.667686
v 1.030511 114.630875 13.657455
v 1.020375 114.627052 13.653598
v 1.020375 114.627052 13.653598
v 1.011500 114.621513 13.658373
v 1.009072 114.617508 13.668981
v 1.014526 114.617386 13.679212
v 1.024663 114.621208 13.683068
v 1.033546 114.626732 13.678296
v 1.052285 114.596313 13.652054
v 1.045570 114.599136 13.643048
v 1.034924 114.596375 13.639670
v 1.034924 114.596375 13.639670
v 1.026591 114.589676 13.643916
v 1.025455 114.582947 13.653288
v 1.032183 114.580154 13.662303
v 1.042825 114.582886 13.665681
v 1.051157 114.589592 13.661436
v 1.065383 114.567848 13.626229
v 1.057436 114.573326 13.619639
v 1.046279 114.571693 13.617267
v 1.046279 114.571693 13.617267
v 1.038458 114.563881 13.620497
v 1.038563 114.554466 13.627446
v 1.046510 114.548988 13.634028
v 1.057667 114.550621 13.636399
v 1.065479 114.558434 13.633168
v 1.072443 114.550125 13.588696
v 1.063780 114.557396 13.585892
v 1.052325 114.556511 13.585118
v 1.052325 114.556511 13.585118
v 1.044792 114.547974 13.586825
v 1.045596 114.536797 13.590024
v 1.054253 114.529533 13.592834
v 1.065704 114.530418 13.593611
v 1.073236 114.538956 13.591902
v 1.072502 114.544800 13.539065
v 1.063837 114.552406 13.539412
v 1.052389 114.551674 13.539976
v 1.052389 114.551674 13.539976
v 1.044855 114.542992 13.540414
v 1.045660 114.531494 13.540482
v 1.054325 114.523880 13.540135
v 1.065777 114.524620 13.539567
v 1.073307 114.533287 13.539131
v 1.066507 114.550270 13.477826
v 1.058031 114.557716 13.480098
v 1.046661 114.556885 13.481459
v 1.046661 114.556885 13.481459
v 1.039048 114.548302 13.481122
v 1.039668 114.536949 13.479274
v 1.048143 114.529518 13.477011
v 1.059523 114.530334 13.475652
v 1.067127 114.538933 13.475988
v 1.053759 114.569107 13.417682
v 1.045399 114.576378 13.420690
v 1.034080 114.575500 13.422364
v 1.026424 114.566971 13.421723
v 1.034080 114.575500 13.422364
v 1.026915 114.555786 13.419151
v 1.035272 114.548515 13.416144
v 1.046595 114.549400 13.414470
v 1.054251 114.557938 13.415109
vn 0.1956 0.0486 0.9795
vn -0.0351 0.1091 0.9934
vn 0.0074 0.0934 0.9956
vn -0.0801 0.1459 0.9861
vn -0.1638 0.1553 0.9742
vn -0.1456 0.2055 0.9678
vn -0.1562 0.1152 0.9810
vn -0.0812 0.0803 0.9935
vn -0.0705 0.2617 0.9626
vn 0.6189 0.0159 0.7853
vn 0.2487 0.2464 0.9367
vn 0.2599 0.0962 0.9608
vn 0.4583 0.1249 0.8800
vn -0.1217 -0.3666 0.9224
vn -0.0804 -0.1610 0.9837
vn -0.0316 -0.3607 0.9322
vn -0.0271 -0.3265 0.9448
vn 0.1563 -0.3447 0.9256
vn 0.0885 -0.3108 0.9463
vn 0.1625 -0.2927 0.9423
vn 0.1321 -0.3078 0.9422
vn 0.2078 -0.2846 0.9358
vn 0.1462 -0.2934 0.9447
vn 0.2765 -0.2426 0.9299
vn 0.1513 -0.2604 0.9536
vn 0.2831 -0.2244 0.9325
vn 0.2027 -0.2469 0.9476
vn 0.2620 0.0755 0.9621
vn 0.4578 0.0846 0.8850
vn 0.3774 0.0580 0.9242
vn 0.2951 0.0756 0.9525
vn 0.4174 0.0598 0.9068
vn -0.1153 -0.3206 0.9402
vn 0.0224 -0.3116 0.9500
vn 0.0227 -0.2972 0.9545
vn -0.1384 -0.2808 0.9497
vn 0.2022 -0.0916 0.9750
vn 0.4098 -0.1164 0.9047
vn 0.4288 -0.0343 0.9027
vn 0.3349 0.0465 0.9411
vn 0.1973 -0.1809 0.9635
vn 0.3270 -0.1908 0.9256
vn -0.1714 -0.1930 0.9661
vn -0.1443 -0.2373 0.9607
vn 0.0078 -0.2334 0.9724
vn -0.0107 -0.2226 0.9749
vn -0.0281 -0.1589 0.9869
vn -0.1951 -0.1372 0.9711
vn -0.0177 -0.0846 0.9963
vn -0.2056 -0.0631 0.9766
vn -0.1647 0.1153 0.9796
vn -0.1799 0.0630 0.9817
vn 0.0042 0.0302 0.9995
vn 0.0343 -0.2571 0.9658
vn 0.0583 -0.2556 0.9650
vn 0.0941 0.0300 0.9951
vn 0.1686 -0.2457 0.9546
vn 0.1286 0.0749 0.9889
vn 0.0778 -0.3412 0.9368
vn 0.1062 -0.6225 0.7754
vn 0.0573 -0.7600 0.6473
vn -0.2425 -0.0115 0.9701
vn -0.3645 0.0142 0.9311
vn -0.2128 0.0250 0.9768
vn -0.0512 -0.6715 0.7392
vn -0.9884 0.1481 -0.0338
vn -0.9905 0.0979 -0.0962
vn -0.9740 0.1837 -0.1327
vn 0.8361 0.0335 0.5475
vn 0.8454 -0.0541 0.5314
vn 0.6971 -0.0406 0.7158
vn 0.0076 -0.0609 -0.9981
vn 0.0458 -0.1386 -0.9893
vn 0.1365 -0.0497 -0.9894
vn 0.0073 -0.0364 -0.9993
vn 0.0002 0.0330 -0.9995
vn 0.0035 0.0747 -0.9972
vn 0.0016 0.0421 -0.9991
vn 0.3022 0.2025 0.9315
vn 0.0675 0.3061 0.9496
vn 0.0315 -0.0062 0.9995
vn 0.2331 -0.1275 0.9641
vn 0.1182 -0.0770 0.9900
vn 0.1290 0.1420 0.9814
vn -0.0051 0.8126 0.5828
vn -0.0677 0.0016 0.9977
vn 0.0682 0.4647 0.8828
vn 0.2079 0.0194 0.9780
vn 0.4232 -0.2975 0.8558
vn 0.2453 -0.0786 0.9663
vn 0.2079 0.0193 0.9780
vn 0.0603 -0.2626 0.9630
vn -0.0725 -0.4191 0.9050
vn -0.0614 -0.3514 0.9342
vn -0.1356 -0.2628 0.9553
vn -0.0513 -0.6715 0.7392
vn 0.0577 0.0236 -0.9981
vn -0.0016 0.0682 -0.9977
vn 0.0009 -0.0517 -0.9987
vn -0.0036 0.0347 -0.9994
vn -0.0034 -0.0601 -0.9982
vn -0.0019 0.0150 -0.9999
vn -0.0202 -0.0570 -0.9982
vn -0.0884 0.0260 -0.9957
vn -0.1555 -0.0272 -0.9875
vn -0.2206 0.0867 -0.9715
vn -0.2634 0.0110 -0.9646
vn -0.0562 -0.2105 0.9760
vn -0.1453 0.2142 0.9659
vn -0.0860 0.0503 0.9950
vn -0.0648 0.0036 0.9979
vn -0.1996 -0.2556 0.9460
vn -0.1661 0.0618 0.9842
vn -0.1208 -0.1247 0.9848
vn -0.1058 0.2425 0.9644
vn -0.1465 0.1292 0.9807
vn -0.2037 -0.0055 0.9790
vn -0.2816 0.0344 0.9589
vn -0.3988 -0.0108 0.9170
vn -0.4535 -0.0764 0.8880
vn -0.4241 -0.0689 0.9030
vn -0.4748 -0.1086 0.8734
vn -0.5177 -0.0953 0.8502
vn -0.6303 -0.1073 0.7689
vn -0.6313 -0.0921 0.7701
vn -0.8172 -0.0773 0.5712
vn -0.7407 -0.0884 0.6660
vn -0.9153 -0.0582 0.3986
vn -0.8564 -0.0350 0.5152
vn -0.9973 0.0411 0.0614
vn -0.9866 0.0017 0.1632
vn -0.9995 0.0038 -0.0301
vn -0.9963 0.0302 -0.0809
vn -0.9836 0.0255 -0.1785
vn -0.9827 0.0822 -0.1657
vn -0.9463 0.0607 -0.3176
vn -0.9576 0.0879 -0.2742
vn -0.8846 0.0647 -0.4619
vn -0.8965 0.1197 -0.4266
vn -0.8129 0.0462 -0.5806
vn -0.8001 0.0708 -0.5956
vn -0.7019 0.0183 -0.7120
vn -0.6565 0.0364 -0.7534
vn -0.5195 -0.0240 -0.8541
vn -0.5632 -0.0398 -0.8254
vn -0.4453 -0.0910 -0.8908
vn -0.4108 -0.0728 -0.9088
vn -0.1896 -0.1529 -0.9699
vn -0.0471 -0.1639 -0.9853
vn -0.0800 -0.1549 -0.9847
vn -0.2380 -0.1308 -0.9624
vn -0.0021 -0.1612 -0.9869
vn 0.0022 -0.1741 -0.9847
vn 0.0011 -0.1662 -0.9861
vn -0.0010 -0.1525 -0.9883
vn 0.2108 -0.1261 -0.9694
vn 0.1425 -0.1562 -0.9774
vn 0.3021 -0.1436 -0.9424
vn 0.3274 -0.1104 -0.9384
vn 0.3961 -0.1189 -0.9105
vn 0.4146 -0.0767 -0.9068
vn 0.7859 0.0676 -0.6146
vn 0.7655 0.0248 -0.6429
vn 0.8687 0.0687 -0.4905
vn 0.8786 0.1181 -0.4627
vn 0.9980 0.0234 -0.0585
vn 0.9953 -0.0036 -0.0963
vn 0.9932 -0.0317 0.1116
vn 0.9955 0.0617 0.0719
vn 0.9273 -0.0638 0.3689
vn 0.9571 -0.0109 0.2896
vn 0.8345 -0.0939 0.5430
vn 0.6767 -0.1085 0.7283
vn 0.5620 -0.1065 0.8203
vn 0.5735 -0.0706 0.8162
vn 0.5508 -0.1007 0.8285
vn 0.5548 -0.0392 0.8310
vn 0.5499 -0.0367 0.8344
vn 0.5549 -0.0830 0.8277
vn 0.5504 -0.0765 0.8314
vn 0.4934 -0.0843 0.8657
vn 0.2201 -0.1415 0.9652
vn 0.4375 -0.0734 0.8962
vn -0.0090 -0.0390 0.9992
vn 0.5168 -0.1775 0.8375
vn 0.3780 -0.1272 0.9170
vn 0.4805 -0.0959 0.8717
vn 0.5441 -0.0526 0.8374
vn 0.5545 -0.0165 0.8320
vn 0.5035 -0.0251 0.8636
vn 0.5222 0.0452 0.8516
vn 0.5612 0.0140 0.8276
vn 0.5957 0.0901 0.7982
vn 0.6429 0.0285 0.7654
vn 0.7375 0.1464 0.6593
vn 0.7908 0.0715 0.6079
vn 0.8563 0.1915 0.4797
vn 0.8925 0.1288 0.4323
vn 0.9274 0.2343 0.2916
vn 0.9538 0.1803 0.2402
vn 0.9547 0.2872 0.0776
vn 0.9451 0.3171 -0.0795
vn 0.9657 0.2519 -0.0637
vn 0.9803 0.1914 0.0498
vn 0.9219 0.3298 -0.2032
vn 0.9418 0.2628 -0.2097
vn 0.8752 0.3162 -0.3662
vn 0.8719 0.2694 -0.4090
vn 0.7975 0.2170 -0.5629
vn 0.7804 0.2888 -0.5546
vn 0.6527 0.2598 -0.7117
vn 0.6421 0.1777 -0.7457
vn 0.4926 0.2266 -0.8402
vn 0.5001 0.1341 -0.8555
vn 0.3741 0.1738 -0.9110
vn 0.3916 0.0824 -0.9164
vn 0.2835 0.1107 -0.9526
vn 0.3255 0.0338 -0.9449
vn 0.1948 0.0673 -0.9785
vn 0.2558 0.0118 -0.9667
vn -0.3369 0.0598 -0.9396
vn -0.2940 0.1339 -0.9464
vn -0.3863 0.1832 -0.9040
vn -0.4368 0.1159 -0.8921
vn -0.5076 0.2212 -0.8327
vn -0.5635 0.1699 -0.8085
vn -0.7517 0.2407 -0.6140
vn -0.6531 0.2597 -0.7114
vn -0.7952 0.3132 -0.5191
vn -0.8275 0.2584 -0.4984
vn -0.8785 0.3406 -0.3350
vn -0.9301 0.3272 -0.1668
vn -0.9407 0.2723 -0.2022
vn -0.8910 0.2775 -0.3593
vn -0.9502 0.3104 -0.0268
vn -0.9642 0.2525 -0.0808
vn -0.9766 0.1939 0.0926
vn -0.9496 0.2846 0.1313
vn -0.9288 0.2119 0.3040
vn -0.9521 0.0531 0.3012
vn -0.8359 0.1887 0.5154
vn -0.8607 0.1079 0.4976
vn -0.7298 0.1267 0.6718
vn -0.7196 0.0335 0.6936
vn -0.5908 0.0877 0.8020
vn -0.5725 0.0145 0.8198
vn -0.4855 0.0692 0.8715
vn -0.4910 0.0068 0.8711
vn -0.4722 0.0550 0.8798
vn -0.4769 0.0242 0.8786
vn -0.4498 0.0265 0.8927
vn -0.4535 0.0629 0.8890
vn -0.3471 0.0553 0.9362
vn -0.2239 0.0800 0.9713
vn -0.2461 0.0943 0.9647
vn -0.1399 0.1268 0.9820
vn 0.0193 -0.0959 0.9952
vn 0.0337 -0.1845 0.9823
vn -0.1226 -0.2253 0.9665
vn -0.1626 -0.1496 0.9753
vn 0.2134 -0.0879 0.9730
vn 0.0572 -0.7600 0.6474
vn 0.6190 0.0160 0.7852
vn 0.0824 -0.4262 0.9009
vn -0.3312 -0.1371 -0.9335
vn -0.3265 -0.1017 -0.9397
vn 0.0204 -0.1535 -0.9879
vn 0.9371 0.0665 -0.3428
vn 0.9512 0.1002 -0.2920
vn 0.9755 0.0340 -0.2175
vn 0.9822 0.0647 -0.1765
vn 0.0036 -0.1056 -0.9944
vn -0.0019 -0.1149 -0.9934
vn -0.0062 -0.1266 -0.9919
vn -0.1462 0.2130 0.9661
vn -0.4378 -0.0224 0.8988
vn -0.0008 -0.1741 -0.9847
vn 0.5061 -0.0787 -0.8589
vn 0.5250 -0.0316 -0.8505
vn 0.6507 0.0241 -0.7590
vn 0.6330 -0.0271 -0.7737
vn 0.4653 -0.2085 0.8603
vn 0.2229 -0.2451 0.9435
vn -0.6802 0.2079 -0.7030
vn 0.2592 -0.4195 0.8700
vn -0.7899 0.2480 -0.5609
vn -0.7440 0.2740 -0.6094
vn -0.6832 -0.0376 0.7293
vn -0.5502 -0.0445 0.8339
vn -0.4788 -0.0432 0.8769
vn -0.4716 -0.0133 0.8817
vn 0.2639 -0.0760 -0.9616
vn 0.3295 -0.0405 -0.9433
vn 0.4107 0.0002 -0.9118
vn 0.5128 0.0515 -0.8570
vn 0.6278 0.1055 -0.7712
vn 0.7634 0.1504 -0.6282
vn -0.1437 -0.0241 0.9893
vn 0.9139 0.0573 0.4019
vn 0.9709 0.1084 0.2136
vn 0.9842 0.1496 -0.0946
vn 0.9614 0.1684 -0.2174
vn 0.9103 0.1952 -0.3651
vn -0.0825 -0.1115 -0.9903
vn -0.2249 -0.0753 -0.9715
vn -0.3786 -0.0087 -0.9255
vn -0.4815 0.0454 -0.8753
vn -0.7692 0.1633 -0.6178
vn -0.6129 0.1053 -0.7831
vn -0.8695 0.2283 -0.4381
vn -0.9439 0.1950 -0.2664
vn -0.2983 -0.0536 -0.9530
vn -0.2534 0.5115 -0.8211
vn -0.3626 0.4689 -0.8054
vn -0.2911 0.4773 -0.8291
vn -0.0011 -0.5354 -0.8446
vn 0.0005 -0.4921 -0.8705
vn 0.0001 -0.5280 -0.8492
vn -0.1186 0.5150 -0.8489
vn -0.1305 0.4763 -0.8696
vn -0.1087 0.4338 -0.8944
vn -0.0006 -0.4650 -0.8853
vn 0.0017 -0.4651 -0.8853
vn -0.0000 -0.4819 -0.8762
vn -0.2776 0.5047 -0.8175
vn -0.1911 0.5277 -0.8276
vn -0.2621 0.4925 -0.8299
vn 0.0043 -0.1940 -0.9810
vn -0.0170 -0.1866 -0.9823
vn 0.0173 -0.1709 -0.9851
vn 0.0032 -0.4503 -0.8929
vn -0.0049 -0.4413 -0.8974
vn 0.0008 -0.2714 -0.9625
vn -0.0102 -0.2978 -0.9546
vn 0.0139 -0.1484 -0.9888
vn -0.5012 0.3800 -0.7775
vn -0.5032 0.3812 -0.7756
vn -0.6217 0.3774 -0.6863
vn 0.0001 -0.5562 -0.8311
vn -0.0005 -0.5526 -0.8334
vn -0.1734 0.5463 -0.8194
vn -0.0986 0.5613 -0.8217
vn -0.0929 0.5321 -0.8415
vn -0.3939 0.4226 -0.8163
vn -0.2581 0.4335 -0.8634
vn 0.0339 0.6616 -0.7491
vn -0.0156 0.1098 -0.9938
vn 0.0014 0.4413 -0.8974
vn -0.9682 0.1949 -0.1570
vn -0.9433 0.2205 -0.2480
vn -0.9542 0.2164 -0.2067
vn 0.0585 -0.3443 -0.9370
vn -0.0225 -0.3171 -0.9481
vn 0.0004 -0.2282 -0.9736
vn -0.0199 0.1830 -0.9829
vn -0.5048 0.3968 -0.7666
vn -0.4095 0.4436 -0.7972
vn 0.0270 0.4450 -0.8951
vn 0.2043 0.3941 -0.8961
vn -0.0014 -0.2819 -0.9594
vn -0.0351 -0.1242 -0.9916
vn -0.0486 0.0180 -0.9987
vn -0.0282 -0.1974 -0.9799
vn -0.6823 0.4052 -0.6085
vn -0.6659 0.4158 -0.6194
vn -0.5734 0.4073 -0.7109
vn -0.0134 -0.5783 -0.8157
vn -0.0153 -0.5773 -0.8164
vn -0.0062 -0.5505 -0.8348
vn -0.1324 0.5571 -0.8199
vn -0.1886 0.4964 -0.8474
vn -0.0051 -0.5412 -0.8409
vn 0.0002 -0.5077 -0.8615
vn -0.0038 -0.5523 -0.8336
vn -0.1982 0.5289 -0.8252
vn -0.1679 0.4268 -0.8886
vn -0.0018 -0.5073 -0.8618
vn -0.0005 -0.5458 -0.8379
vn -0.0015 -0.5097 -0.8603
vn -0.1850 -0.4337 -0.8818
vn -0.2892 -0.3652 -0.8849
vn -0.1783 -0.4677 -0.8657
vn -0.3197 0.4683 -0.8237
vn -0.2711 0.4774 -0.8358
vn -0.0121 -0.2639 -0.9645
vn -0.0036 -0.2104 -0.9776
vn -0.0184 -0.3147 -0.9490
vn -0.3314 0.4402 -0.8345
vn -0.1689 0.4950 -0.8523
vn -0.0923 -0.4472 -0.8897
vn -0.0166 -0.5345 -0.8450
vn -0.0590 -0.5436 -0.8373
vn 0.0195 0.0636 -0.9978
vn -0.0241 0.0902 -0.9956
vn -0.0746 0.1175 -0.9903
vn -0.0016 -0.3028 -0.9531
vn -0.0196 -0.0523 -0.9984
vn -0.0166 0.3397 -0.9404
vn -0.0000 0.3711 -0.9286
vn -0.0562 0.2055 -0.9770
vn -0.0295 0.1279 -0.9913
vn 0.0674 0.0499 -0.9965
vn -0.0584 0.1654 -0.9845
vn 0.0106 -0.2007 -0.9796
vn -0.1163 0.0913 -0.9890
vn -0.3561 0.0257 -0.9341
vn -0.4647 0.0668 -0.8830
vn -0.4206 0.1206 -0.8992
vn -0.4467 0.4193 -0.7904
vn -0.3852 0.4807 -0.7878
vn -0.3030 0.2319 -0.9244
vn -0.2767 0.1961 -0.9407
vn -0.4246 0.2260 -0.8767
vn -0.0794 -0.0031 -0.9968
vn -0.0470 0.0170 -0.9988
vn -0.0496 -0.0855 -0.9951
vn -0.0460 0.2499 -0.9672
vn -0.0113 0.3201 -0.9473
vn -0.7432 0.1733 -0.6463
vn -0.7050 0.1214 -0.6988
vn -0.7633 0.1582 -0.6264
vn -0.0458 0.4028 -0.9142
vn -0.1487 0.4206 -0.8950
vn -0.0250 0.4556 -0.8899
vn -0.3594 0.1770 -0.9162
vn -0.4255 0.1471 -0.8929
vn -0.4854 0.2006 -0.8510
vn 0.0003 -0.5546 -0.8321
vn -0.0037 -0.5637 -0.8260
vn -0.7712 0.3134 -0.5541
vn -0.6586 0.3395 -0.6716
vn -0.7147 0.3281 -0.6178
vn 0.0047 0.3252 -0.9456
vn -0.3730 0.3916 -0.8411
vn -0.4195 0.3969 -0.8163
vn -0.2701 0.3759 -0.8864
vn 0.0096 0.3211 -0.9470
vn -0.0020 0.2882 -0.9576
vn 0.0121 0.3551 -0.9348
vn -0.9681 0.2043 -0.1450
vn -0.9454 0.2286 -0.2324
vn -0.0102 0.3155 -0.9489
vn 0.0002 0.3847 -0.9230
vn 0.0162 0.3610 -0.9324
vn -0.9189 0.1538 -0.3633
vn -0.9473 0.1627 -0.2758
vn -0.9327 0.1788 -0.3131
vn 0.0006 0.3201 -0.9474
vn 0.0028 0.3166 -0.9486
vn -0.0044 0.4130 -0.9107
vn -0.0131 0.3407 -0.9401
vn -0.0076 0.3555 -0.9346
vn -0.0422 0.1885 -0.9812
vn -0.0225 -0.0129 -0.9997
vn 0.0018 0.4591 -0.8884
vn -0.3367 0.3984 -0.8532
vn -0.2350 0.3942 -0.8885
vn -0.0012 0.4860 -0.8740
vn -0.0009 0.4943 -0.8693
vn -0.0010 0.4975 -0.8675
vn -0.9343 0.2353 -0.2679
vn -0.9529 0.2423 -0.1823
vn -0.9508 0.2519 -0.1806
vn 0.0034 0.4714 -0.8819
vn 0.0006 0.4609 -0.8875
vn -0.0023 0.4736 -0.8807
vn -0.4710 0.4303 -0.7701
vn -0.0004 0.4662 -0.8847
vn 0.0033 0.4898 -0.8718
vn -0.9068 0.2513 -0.3386
vn -0.9036 0.2402 -0.3546
vn -0.9332 0.2342 -0.2726
vn 0.0015 0.4979 -0.8672
vn -0.0071 0.4715 -0.8818
vn -0.9101 0.2455 -0.3339
vn -0.9021 0.2461 -0.3544
vn -0.9286 0.2372 -0.2854
vn 0.0019 0.4650 -0.8853
vn -0.9446 0.2203 -0.2433
vn -0.9640 0.1983 -0.1771
vn 0.0050 0.3133 -0.9496
vn -0.0068 0.2285 -0.9735
vn -0.0093 0.3559 -0.9345
vn 0.0060 0.4522 -0.8919
vn -0.1326 0.1245 -0.9833
vn -0.0009 0.2056 -0.9786
vn 0.0199 0.2809 -0.9595
vn -0.0031 0.4326 -0.9016
vn 0.0250 0.3849 -0.9226
vn 0.0072 0.4788 -0.8779
vn -0.0009 0.4757 -0.8796
vn 0.0025 0.4676 -0.8840
vn 0.0011 0.4883 -0.8727
vn 0.0003 0.1370 -0.9906
vn 0.0006 0.1279 -0.9918
vn -0.8566 0.2951 -0.4232
vn -0.8867 0.2839 -0.3649
vn -0.8518 0.2939 -0.4336
vn -0.8452 0.0970 -0.5256
vn -0.8898 0.1194 -0.4404
vn -0.8433 0.1062 -0.5269
vn -0.4474 0.3494 -0.8233
vn -0.4925 0.3956 -0.7752
vn -0.5908 0.3844 -0.7094
vn -0.0343 0.0907 -0.9953
vn 0.0016 0.1112 -0.9938
vn -0.0315 0.1567 -0.9871
vn -0.8910 0.1502 -0.4284
vn -0.0483 0.4935 -0.8684
vn -0.9429 0.2117 -0.2573
vn -0.1191 0.2144 -0.9694
vn -0.2420 0.2780 -0.9296
vn -0.1939 0.1986 -0.9607
vn -0.1621 0.2743 -0.9479
vn -0.4324 0.3868 -0.8145
vn -0.5196 0.4167 -0.7459
vn -0.1100 0.4931 -0.8630
vn -0.0798 0.5191 -0.8510
vn -0.0995 0.5477 -0.8307
vn -0.9378 0.1373 -0.3190
vn -0.5380 0.2476 -0.8057
vn -0.4229 0.2540 -0.8699
vn -0.7966 0.1930 -0.5728
vn -0.7683 0.2094 -0.6049
vn -0.6239 0.3650 -0.6910
vn -0.5765 0.3720 -0.7275
vn -0.6467 -0.0247 -0.7624
vn -0.7144 0.0273 -0.6992
vn -0.6313 -0.0304 -0.7749
vn -0.5631 -0.0595 -0.8242
vn -0.6966 0.2516 -0.6719
vn -0.6295 0.2486 -0.7361
vn -0.6234 0.2453 -0.7425
vn -0.7620 0.0314 -0.6468
vn -0.8548 0.0737 -0.5138
vn -0.8053 0.0652 -0.5893
vn -0.9499 0.2622 -0.1699
vn -0.9179 0.0904 -0.3864
vn -0.9400 0.1175 -0.3203
vn -0.8874 0.1066 -0.4486
vn -0.6364 0.3368 -0.6940
vn -0.6892 0.3194 -0.6504
vn -0.6679 0.3334 -0.6654
vn -0.8549 0.1217 -0.5043
vn -0.8786 0.1606 -0.4498
vn -0.8384 0.1259 -0.5303
vn -0.9230 0.2694 -0.2748
vn -0.9462 0.2526 -0.2020
vn -0.9435 0.2601 -0.2053
vn -0.8197 0.2577 -0.5115
vn -0.8004 0.2371 -0.5505
vn -0.8543 0.2464 -0.4577
vn -0.5424 0.1672 -0.8233
vn -0.5900 0.2132 -0.7787
vn -0.5853 0.2764 -0.7623
vn -0.8981 0.2466 -0.3642
vn -0.8699 0.2589 -0.4199
vn -0.8773 0.2348 -0.4186
vn -0.9074 0.2448 -0.3415
vn -0.9203 0.2378 -0.3108
vn -0.8283 0.2567 -0.4981
vn -0.8308 0.2252 -0.5090
vn -0.8712 0.2357 -0.4307
vn -0.5694 0.4013 -0.7175
vn -0.9650 0.1508 -0.2147
vn -0.9620 0.1902 -0.1957
vn -0.4269 -0.1545 -0.8910
vn -0.5324 -0.0946 -0.8412
vn -0.9073 0.2014 -0.3690
vn -0.9355 0.2358 -0.2630
vn -0.7253 0.0190 -0.6882
vn -0.9525 0.2572 -0.1628
vn 0.0253 0.3019 -0.9530
vn -0.9610 0.2009 -0.1900
vn -0.8778 0.2596 -0.4026
vn -0.8949 0.1619 -0.4159
vn -0.8935 0.1551 -0.4214
vn -0.9198 0.1910 -0.3428
vn -0.9064 0.3978 -0.1418
vn -0.8865 0.4076 -0.2189
vn -0.9075 0.4007 -0.1263
vn -0.8866 0.2449 -0.3924
vn -0.9181 0.2340 -0.3200
vn -0.0114 0.5092 -0.8606
vn 0.0027 0.4917 -0.8708
vn 0.0019 0.4833 -0.8755
vn -0.9612 0.2471 -0.1227
vn -0.9434 0.2550 -0.2122
vn -0.9561 0.2656 -0.1235
vn -0.9318 0.2527 -0.2607
vn -0.9533 0.2299 -0.1958
vn -0.8405 0.2010 -0.5032
vn -0.8796 0.2502 -0.4045
vn -0.9150 0.2486 -0.3177
vn -0.9456 0.2459 -0.2129
vn -0.1583 0.3641 -0.9178
vn -0.2041 0.3457 -0.9159
vn -0.1459 0.3173 -0.9370
vn -0.9645 0.2295 -0.1307
vn -0.3920 0.3876 -0.8343
vn -0.5738 0.3061 -0.7597
vn -0.7552 0.2829 -0.5913
vn -0.7465 0.2673 -0.6094
vn -0.7994 0.2670 -0.5382
vn -0.0020 0.4858 -0.8741
vn -0.9651 0.0984 -0.2425
vn -0.9638 0.1411 -0.2261
vn -0.8723 0.1947 -0.4485
vn -0.9478 0.2395 -0.2103
vn -0.9266 0.2405 -0.2890
vn -0.2145 0.3247 -0.9212
vn -0.2952 0.3664 -0.8824
vn -0.3182 0.3433 -0.8837
vn -0.5438 0.4008 -0.7374
vn -0.4941 0.4460 -0.7462
vn -0.7015 0.3440 -0.6242
vn -0.2616 0.1933 -0.9456
vn -0.8233 0.2239 -0.5215
vn -0.7295 0.2320 -0.6435
vn -0.6717 0.2281 -0.7049
vn 0.0005 0.4789 -0.8779
vn -0.0134 0.4821 -0.8760
vn -0.0141 0.4687 -0.8832
vn -0.1095 0.2682 -0.9571
vn -0.5621 0.4030 -0.7222
vn -0.3422 0.2551 -0.9043
vn -0.9589 0.2143 -0.1859
vn -0.1178 0.3402 -0.9329
vn -0.5944 0.3469 -0.7255
vn -0.9268 0.3565 -0.1181
vn -0.9305 0.3651 -0.0311
vn -0.4509 0.2602 -0.8538
vn -0.9128 0.3609 -0.1911
vn -0.9214 0.3802 -0.0810
vn -0.9134 0.4064 -0.0241
vn -0.9355 0.3028 -0.1818
vn -0.9298 0.3525 -0.1056
vn -0.9282 0.3129 -0.2015
vn -0.9213 0.2895 -0.2595
vn -0.5342 0.3652 -0.7624
vn -0.6106 0.3714 -0.6994
vn -0.5529 0.3928 -0.7349
vn -0.5895 0.3675 -0.7194
vn -0.8823 0.3968 -0.2533
vn -0.9049 0.3659 -0.2176
vn -0.8815 0.2946 -0.3690
vn -0.8514 0.3052 -0.4265
vn -0.8320 0.2998 -0.4668
vn -0.9047 0.2739 -0.3264
vn -0.8060 0.3643 -0.4666
vn -0.9389 0.2811 -0.1986
vn -0.1131 0.3258 -0.9386
vn -0.0391 0.3030 -0.9522
vn -0.0163 -0.2237 -0.9745
vn -0.0252 -0.3336 -0.9424
vn -0.0179 -0.5833 -0.8121
vn -0.0451 -0.0510 -0.9977
vn 0.0149 0.2765 -0.9609
vn 0.0670 0.0369 -0.9971
vn -0.1427 0.2043 -0.9684
vn -0.0474 0.2249 -0.9732
vn -0.3159 -0.2891 -0.9037
vn -0.3146 0.1206 -0.9415
vn 0.0063 0.1686 -0.9857
vn 0.0194 0.2112 -0.9772
vn -0.5220 0.3651 -0.7708
vn -0.4701 0.3823 -0.7955
vn -0.5520 0.3514 -0.7562
vn -0.2238 0.2571 -0.9401
vn -0.0882 0.2500 -0.9642
vn -0.7673 0.4147 -0.4892
vn -0.7793 0.3991 -0.4832
vn -0.8491 0.3850 -0.3616
vn -0.9039 0.2225 -0.3654
vn -0.7033 0.2004 -0.6820
vn -0.7601 0.1311 -0.6365
vn -0.7187 0.0826 -0.6904
vn -0.7586 0.0650 -0.6483
vn -0.1288 0.2924 -0.9476
vn 0.0268 0.3999 -0.9162
vn -0.0385 0.2368 -0.9708
vn -0.0048 0.4781 -0.8783
vn -0.1101 0.4026 -0.9087
vn -0.0649 0.4495 -0.8909
vn -0.0936 0.4882 -0.8677
vn -0.8111 0.3065 -0.4981
vn -0.8174 0.3077 -0.4870
vn -0.7344 0.4009 -0.5476
vn -0.8943 0.2819 -0.3475
vn -0.9208 0.2761 -0.2756
vn -0.8795 0.2696 -0.3923
vn -0.7069 0.0043 -0.7073
vn -0.7813 0.0685 -0.6204
vn -0.7946 0.0693 -0.6032
vn -0.8465 0.1128 -0.5203
vn -0.5571 -0.1172 -0.8221
vn -0.5176 -0.1872 -0.8349
vn -0.6021 -0.1195 -0.7894
vn -0.8770 0.2527 -0.4088
vn -0.8492 0.2654 -0.4566
vn -0.0529 0.5410 -0.8394
vn -0.0101 0.4096 -0.9122
vn -0.0044 0.4544 -0.8908
vn -0.7651 0.2581 -0.5899
vn -0.7634 0.2569 -0.5926
vn -0.6656 0.3525 -0.6578
vn -0.7197 0.3281 -0.6119
vn -0.5793 0.3521 -0.7351
vn -0.6569 0.3721 -0.6557
vn -0.7025 0.3590 -0.6145
vn -0.7407 0.3319 -0.5842
vn -0.7300 0.3255 -0.6009
vn -0.6764 0.3465 -0.6500
vn -0.7499 0.3708 -0.5479
vn -0.8143 0.3322 -0.4760
vn -0.8768 0.3304 -0.3494
vn -0.8756 0.3963 -0.2763
vn -0.0619 0.3681 -0.9277
vn -0.1321 0.3879 -0.9122
vn -0.0009 -0.4794 -0.8776
vn -0.0113 -0.4240 -0.9056
vn -0.0026 -0.4416 -0.8972
vn -0.0007 -0.4747 -0.8802
vn -0.0081 -0.5680 -0.8230
vn -0.0084 -0.5713 -0.8207
vn 0.0195 0.1832 -0.9829
vn -0.1675 -0.3426 -0.9244
vn -0.1250 -0.3052 -0.9440
vn -0.0630 -0.4064 -0.9115
vn -0.0480 -0.1604 -0.9859
vn -0.0099 -0.1810 -0.9834
vn -0.0050 -0.2061 -0.9785
vn -0.0011 0.4256 -0.9049
vn -0.0056 0.3812 -0.9245
vn 0.0017 0.3538 -0.9353
vn -0.1483 0.1731 -0.9737
vn -0.0076 0.2827 -0.9592
vn 0.0032 0.3084 -0.9513
vn -0.2086 0.1405 -0.9679
vn -0.1629 0.0174 -0.9865
vn -0.1024 -0.1000 -0.9897
vn -0.4484 -0.1899 -0.8734
vn -0.2110 -0.3686 -0.9053
vn -0.5391 0.2357 -0.8086
vn -0.3282 0.2584 -0.9086
vn -0.8386 0.4141 -0.3540
vn -0.7714 0.2112 -0.6003
vn -0.8769 0.2206 -0.4271
vn -0.8992 0.2368 -0.3679
vn -0.6247 0.1728 -0.7615
vn -0.6353 0.1965 -0.7468
vn -0.5413 0.1221 -0.8319
vn -0.5943 0.1072 -0.7971
vn -0.9039 0.3064 -0.2986
vn -0.6679 0.3873 -0.6355
vn -0.8751 0.2930 -0.3851
vn -0.6436 -0.0561 -0.7633
vn -0.6129 -0.0987 -0.7840
vn -0.5217 -0.1876 -0.8322
vn -0.5596 -0.1208 -0.8199
vn -0.4103 -0.2788 -0.8683
vn -0.8459 0.2634 -0.4638
vn 0.0027 0.4908 -0.8713
vn -0.0456 0.4882 -0.8715
vn 0.0039 0.4913 -0.8710
vn -0.0178 0.4755 -0.8795
vn -0.0182 0.4858 -0.8739
vn -0.0038 0.4406 -0.8977
vn 0.0008 0.4934 -0.8698
vn -0.8432 0.1621 -0.5125
vn -0.8185 0.1675 -0.5495
vn -0.6557 0.2671 -0.7062
vn -0.3886 0.3985 -0.8308
vn -0.4488 0.3544 -0.8203
vn -0.5030 0.2780 -0.8183
vn -0.0784 0.4707 -0.8788
vn -0.0258 0.5072 -0.8614
vn -0.2080 0.4646 -0.8607
vn -0.6359 0.3644 -0.6804
vn -0.8360 0.3717 -0.4036
vn 0.0082 0.3523 -0.9358
vn -0.0212 -0.3765 -0.9262
vn -0.0086 -0.5580 -0.8298
vn -0.0440 -0.3314 -0.9425
vn -0.0229 -0.4086 -0.9124
vn -0.0732 -0.5446 -0.8355
vn 0.0013 0.3238 -0.9461
vn -0.0220 -0.1050 -0.9942
vn 0.0043 0.4049 -0.9144
vn -0.0376 0.2745 -0.9609
vn -0.6103 0.0567 -0.7901
vn -0.5231 0.0438 -0.8512
vn -0.2018 0.0857 -0.9757
vn -0.1603 -0.1359 -0.9777
vn -0.2071 -0.0270 -0.9779
vn -0.2621 -0.2907 -0.9202
vn -0.3939 0.2819 -0.8749
vn -0.2783 0.2758 -0.9200
vn -0.7115 0.1728 -0.6811
vn -0.8058 0.1226 -0.5793
vn -0.8365 0.2995 -0.4588
vn -0.8111 0.0803 -0.5794
vn -0.7496 0.0254 -0.6614
vn -0.8458 0.2721 -0.4589
vn -0.8433 0.2601 -0.4704
vn -0.7112 0.2597 -0.6532
vn -0.8075 0.0833 -0.5839
vn -0.6594 0.0527 -0.7500
vn -0.7627 0.0340 -0.6459
vn -0.6943 -0.0341 -0.7188
vn -0.6943 0.2850 -0.6609
vn -0.6252 0.2932 -0.7233
vn -0.6219 0.3291 -0.7106
vn -0.6913 0.3003 -0.6572
vn -0.7248 0.3014 -0.6195
vn -0.3934 0.3977 -0.8289
vn -0.7926 0.3097 -0.5252
vn -0.0004 -0.5036 -0.8639
vn -0.0609 -0.0838 -0.9946
vn -0.0153 -0.2718 -0.9622
vn -0.0097 -0.4902 -0.8716
vn -0.6636 0.1635 -0.7300
vn -0.2834 0.0449 -0.9579
vn -0.2977 -0.3586 -0.8848
vn -0.4151 -0.2758 -0.8670
vn -0.4111 -0.2560 -0.8749
vn -0.2909 0.4103 -0.8643
vn -0.2711 0.3672 -0.8898
vn -0.3672 0.3679 -0.8543
vn -0.6617 0.1185 -0.7403
vn -0.8932 0.2863 -0.3467
vn -0.7564 0.3333 -0.5629
vn -0.6840 -0.0350 -0.7286
vn -0.8131 0.2745 -0.5134
vn -0.6311 0.3000 -0.7153
vn -0.5654 0.3025 -0.7673
vn -0.5867 0.3221 -0.7430
vn -0.6690 0.3224 -0.6697
vn -0.0081 0.3567 -0.9342
vn 0.0079 0.3145 -0.9492
vn -0.1273 0.3660 -0.9218
vn -0.1621 0.2992 -0.9403
vn -0.3203 0.3202 -0.8916
vn -0.2252 0.3280 -0.9175
vn -0.0453 0.3366 -0.9406
vn -0.0029 -0.4628 -0.8865
vn -0.0183 -0.3229 -0.9463
vn -0.0043 -0.4022 -0.9155
vn -0.0136 -0.3925 -0.9196
vn -0.0416 -0.2096 -0.9769
vn -0.1288 -0.2349 -0.9635
vn -0.1760 -0.4272 -0.8868
vn -0.3544 -0.2297 -0.9064
vn -0.2615 -0.2398 -0.9349
vn -0.4642 -0.1071 -0.8792
vn -0.5192 -0.0266 -0.8542
vn -0.4221 -0.0776 -0.9032
vn -0.2855 -0.0506 -0.9570
vn -0.2358 -0.2071 -0.9495
vn -0.3387 -0.2854 -0.8966
vn -0.3199 -0.0963 -0.9425
vn -0.3463 -0.1499 -0.9261
vn -0.0713 -0.2351 -0.9694
vn -0.1054 -0.1788 -0.9782
vn 0.0032 -0.4559 -0.8900
vn -0.5962 -0.0035 -0.8028
vn -0.5357 -0.0875 -0.8399
vn -0.3881 -0.0058 -0.9216
vn -0.4351 -0.0286 -0.8999
vn -0.6352 -0.0622 -0.7699
vn -0.0362 0.2908 -0.9561
vn -0.7839 0.3090 -0.5385
vn -0.7988 0.2962 -0.5237
vn -0.8022 0.2822 -0.5262
vn -0.7922 0.2819 -0.5412
vn -0.7467 0.3054 -0.5909
vn -0.5141 0.3415 -0.7868
vn -0.4708 0.3140 -0.8245
vn -0.3894 0.3320 -0.8591
vn -0.0039 -0.4850 -0.8745
vn -0.1939 -0.1638 -0.9672
vn -0.4533 -0.1799 -0.8730
vn -0.6103 -0.0450 -0.7909
vn -0.6736 0.0093 -0.7390
vn -0.7141 0.0083 -0.7000
vn -0.3897 -0.1737 -0.9044
vn -0.7455 0.3028 -0.5937
vn -0.8600 0.2598 -0.4393
vn -0.0028 -0.5212 -0.8534
vn 0.9810 0.1898 0.0396
vn 0.9716 0.1780 0.1562
vn 0.9806 0.1589 0.1151
vn -0.3336 0.1013 0.9373
vn -0.0937 0.3305 0.9391
vn -0.3649 0.0883 0.9269
vn 0.3209 0.0426 0.9461
vn 0.3195 0.0291 0.9471
vn 0.2931 0.0803 0.9527
vn 0.0219 0.2232 0.9745
vn -0.8494 -0.4547 0.2679
vn -0.8446 -0.1233 0.5211
vn -0.8712 -0.0861 0.4834
vn 0.9502 0.2568 0.1766
vn 0.9536 0.2646 0.1437
vn 0.9322 0.2624 0.2495
vn -0.1524 0.3487 0.9248
vn -0.0188 0.3469 0.9377
vn -0.2350 0.0926 0.9676
vn -0.0587 0.0702 0.9958
vn -0.1167 0.0850 0.9895
vn 0.0378 0.1704 0.9847
vn 0.0536 0.1126 0.9922
vn -0.2209 0.0704 0.9728
vn 0.6825 0.2382 0.6909
vn 0.5558 0.2156 0.8029
vn 0.6954 0.2275 0.6816
vn -0.7712 -0.1213 0.6250
vn -0.7781 -0.0821 0.6227
vn 0.1097 0.1873 0.9762
vn -0.5085 -0.1730 0.8435
vn -0.3652 0.0610 0.9289
vn -0.3403 -0.2001 0.9188
vn -0.0597 -0.2960 0.9533
vn -0.8384 -0.4229 0.3438
vn -0.8224 -0.4986 0.2741
vn -0.7783 -0.5699 0.2635
vn 0.9428 0.2410 0.2302
vn 0.9572 0.2123 0.1967
vn 0.9664 0.2255 0.1231
vn 0.5144 0.1659 0.8414
vn 0.4306 0.1733 0.8858
vn 0.4729 0.2280 0.8511
vn 0.0046 -0.5400 0.8417
vn -0.0420 -0.9748 0.2193
vn -0.7558 0.0347 0.6538
vn -0.0490 -0.7813 0.6222
vn 0.0337 -0.0049 0.9994
vn 0.0094 0.0309 0.9995
vn 0.0335 0.1157 0.9927
vn -0.4637 -0.3171 0.8273
vn -0.4075 -0.1927 0.8926
vn -0.0111 -0.2180 0.9759
vn 0.0045 0.0128 0.9999
vn 0.0145 -0.0153 0.9998
vn -0.0304 -0.1140 0.9930
vn 0.1093 0.1519 0.9823
vn -0.0390 -0.0932 0.9949
vn -0.0129 -0.0301 0.9995
vn 0.0378 -0.0388 0.9985
vn -0.6829 -0.4102 0.6045
vn 0.4667 0.1101 0.8775
vn 0.4476 0.1211 0.8860
vn -0.2078 -0.1491 0.9667
vn 0.0344 -0.2595 0.9651
vn -0.0836 -0.1697 0.9819
vn 0.3640 -0.0083 0.9314
vn 0.3654 0.0011 0.9309
vn 0.3652 -0.0268 0.9305
vn -0.1230 -0.2281 0.9658
vn -0.0523 -0.3022 0.9518
vn -0.1166 -0.2294 0.9663
vn 0.0816 0.2066 0.9750
vn 0.1573 0.3866 0.9087
vn 0.1226 0.3435 0.9311
vn -0.0345 -0.0951 0.9949
vn -0.0386 -0.1269 0.9912
vn 0.0735 0.2798 0.9572
vn -0.2151 -0.1044 0.9710
vn 0.0760 0.1746 0.9817
vn -0.0104 -0.2831 0.9590
vn 0.0002 -0.1946 0.9809
vn -0.0479 -0.2362 0.9705
vn 0.5044 0.1989 0.8403
vn 0.6342 0.2249 0.7398
vn 0.7052 0.2183 0.6746
vn -0.0145 -0.2922 0.9563
vn 0.0165 -0.2110 0.9773
vn 0.0406 -0.1328 0.9903
vn 0.0126 -0.3073 0.9515
vn 0.0138 -0.3187 0.9478
vn 0.0082 -0.2912 0.9566
vn -0.0985 -0.2591 0.9608
vn 0.0163 -0.0151 0.9998
vn 0.0113 0.0022 0.9999
vn 0.0098 -0.0208 0.9997
vn -0.0453 -0.1276 0.9908
vn 0.0103 -0.0596 0.9982
vn 0.0018 0.0373 0.9993
vn -0.0381 -0.1191 0.9922
vn 0.1128 0.1890 0.9755
vn 0.0280 -0.0476 0.9985
vn 0.0372 -0.0963 0.9947
vn 0.0754 0.1472 0.9862
vn -0.1449 0.0243 0.9891
vn 0.9854 0.1440 -0.0910
vn 0.9838 0.1645 -0.0719
vn 0.9887 0.1493 0.0119
vn 0.0585 0.1419 0.9882
vn -0.0110 -0.0238 0.9997
vn -0.0062 -0.0164 0.9998
vn 0.0005 -0.1495 0.9888
vn -0.0141 -0.0504 0.9986
vn 0.0360 -0.0627 0.9974
vn 0.0943 0.0830 0.9921
vn 0.0783 -0.0494 0.9957
vn 0.1025 -0.1987 0.9747
vn 0.1037 -0.0094 0.9946
vn 0.0534 0.2022 0.9779
vn 0.1017 0.0123 0.9947
vn 0.0871 0.0270 0.9958
vn -0.0348 -0.0664 0.9972
vn 0.0289 0.1259 0.9916
vn 0.1092 -0.1750 0.9785
vn 0.1016 -0.2514 0.9625
vn 0.1177 -0.2142 0.9697
vn 0.1567 -0.2568 0.9537
vn 0.0717 -0.1724 0.9824
vn 0.0689 -0.0090 0.9976
vn 0.0966 0.2419 0.9655
vn 0.0777 0.2601 0.9625
vn 0.0253 0.1382 0.9901
vn 0.2590 -0.1185 0.9586
vn 0.2118 -0.0240 0.9770
vn 0.2146 0.0309 0.9762
vn 0.2239 -0.2195 0.9496
vn 0.1626 -0.2927 0.9423
vn -0.4793 -0.2609 0.8380
vn -0.4289 -0.3588 0.8290
vn -0.7655 -0.1043 0.6349
vn 0.5992 0.2516 0.7600
vn 0.6886 0.2973 0.6614
vn 0.7142 0.2401 0.6575
vn -0.0312 -0.1013 0.9944
vn -0.6312 -0.1437 0.7622
vn -0.0316 -0.3607 0.9321
vn -0.1623 0.2081 0.9645
vn -0.0805 -0.1610 0.9837
vn -0.2156 0.1775 0.9602
vn -0.0800 -0.1522 0.9851
vn 0.0164 0.0588 0.9981
vn -0.1863 0.0210 0.9823
vn 0.0040 -0.2792 0.9602
vn 0.0243 -0.2929 0.9558
vn 0.0379 -0.2792 0.9595
vn 0.0435 -0.2993 0.9532
vn -0.3793 -0.2838 0.8807
vn -0.0219 -0.0547 0.9983
vn -0.0316 -0.3606 0.9322
vn 0.2589 -0.1507 0.9541
vn 0.2638 -0.2595 0.9290
vn 0.2624 -0.2478 0.9326
vn -0.0110 -0.1433 0.9896
vn -0.0197 -0.2328 0.9723
vn 0.0071 -0.1783 0.9840
vn 0.2830 -0.2245 0.9325
vn 0.2763 -0.2427 0.9299
vn -0.0221 0.0835 0.9963
vn -0.0559 0.1275 0.9903
vn -0.0363 0.1663 0.9854
vn -0.1265 0.1225 0.9844
vn 0.0053 -0.0901 0.9959
vn 0.0422 -0.1775 0.9832
vn 0.1240 0.0335 0.9917
vn 0.0806 -0.0851 0.9931
vn 0.1592 0.0465 0.9862
vn 0.8387 0.2326 0.4923
vn 0.8798 0.2386 0.4111
vn 0.9110 0.2414 0.3344
vn 0.4951 0.1973 0.8461
vn 0.2838 0.1682 0.9440
vn 0.4107 0.1798 0.8939
vn -0.2369 0.0197 0.9713
vn 0.2151 0.1602 0.9634
vn 0.3204 0.1027 0.9417
vn -0.1381 0.1312 0.9817
vn 0.4340 0.1297 0.8915
vn 0.4276 0.0894 0.8995
vn 0.4218 0.1174 0.8990
vn -0.0375 0.0127 0.9992
vn -0.2281 0.0167 0.9735
vn -0.1187 0.0969 0.9882
vn -0.3565 -0.2323 0.9050
vn 0.2078 -0.2845 0.9359
vn -0.2603 -0.2305 0.9376
vn 0.3513 -0.1809 0.9186
vn 0.3270 -0.1907 0.9256
vn -0.2709 -0.1480 0.9512
vn 0.3660 -0.0366 0.9299
vn 0.3705 -0.0309 0.9283
vn 0.3200 -0.2030 0.9254
vn -0.0103 -0.0176 0.9998
vn 0.2742 -0.2230 0.9355
vn 0.0089 -0.0961 0.9953
vn 0.3612 -0.1130 0.9256
vn 0.3718 -0.1383 0.9179
vn 0.3178 -0.1544 0.9355
vn 0.3697 -0.2932 0.8817
vn 0.3564 -0.0060 0.9343
vn 0.4288 -0.0344 0.9027
vn 0.3815 0.1234 0.9161
vn 0.3742 0.0421 0.9264
vn 0.3784 0.0138 0.9255
vn -0.2312 0.1449 0.9621
vn -0.2267 0.1098 0.9678
vn 0.4579 0.0845 0.8850
vn -0.2579 0.0704 0.9636
vn 0.4174 0.0598 0.9067
vn 0.4582 0.1249 0.8800
vn 0.2735 0.1134 0.9552
vn 0.0241 -0.2512 0.9676
vn 0.3775 0.0579 0.9242
vn -0.2470 -0.1096 0.9628
vn 0.0967 -0.1597 0.9824
vn 0.4647 0.0779 0.8820
vn 0.1563 -0.3445 0.9257
vn 0.0346 0.1270 0.9913
vn 0.0452 0.1434 0.9886
vn 0.0520 0.1654 0.9848
vn 0.4120 0.1645 0.8962
vn -0.1867 0.0695 0.9800
vn 0.2734 -0.2570 0.9269
vn 0.9638 0.2603 0.0569
vn 0.9611 0.2720 0.0489
vn 0.0405 0.0507 0.9979
vn 0.0330 0.0583 0.9978
vn 0.0151 0.1125 0.9935
vn 0.9356 0.2514 0.2480
vn 0.5181 -0.0064 0.8553
vn 0.6673 0.0086 0.7447
vn 0.5853 0.0320 0.8102
vn 0.3260 0.1378 0.9353
vn 0.2204 0.1568 0.9627
vn 0.0959 0.2673 0.9588
vn 0.0736 0.1060 0.9916
vn -0.0161 0.1341 0.9908
vn 0.9887 0.1016 -0.1104
vn 0.9923 0.1237 -0.0013
vn 0.3862 0.0297 0.9219
vn 0.2615 -0.0084 0.9652
vn 0.1230 0.0422 0.9915
vn 0.1410 0.0606 0.9882
vn 0.3542 0.1406 0.9246
vn 0.4960 0.1243 0.8594
vn 0.5553 0.1684 0.8144
vn 0.7582 0.1306 0.6388
vn 0.6751 0.1378 0.7247
vn 0.6746 0.0373 0.7373
vn 0.7061 0.1067 0.7000
vn 0.5604 0.0814 0.8242
vn 0.6698 0.0600 0.7401
vn -0.3866 -0.1276 0.9134
vn -0.4626 0.1076 0.8800
vn 0.1625 -0.2925 0.9424
vn 0.8688 0.2451 0.4303
vn 0.8080 0.2576 0.5299
vn 0.7562 0.2350 0.6107
vn 0.5372 0.1697 0.8262
vn 0.7088 0.1998 0.6765
vn 0.6204 0.2051 0.7570
vn 0.9242 0.2486 0.2899
vn 0.8845 0.2564 0.3899
vn 0.9248 0.0945 0.3686
vn 0.9658 0.1176 0.2312
vn 0.9247 0.1071 0.3652
vn 0.7964 0.2436 0.5536
vn 0.8191 0.2498 0.5164
vn 0.1194 0.2255 0.9669
vn 0.0845 0.3140 0.9457
vn 0.1033 0.3157 0.9432
vn 0.2381 0.1477 0.9599
vn 0.1121 -0.0023 0.9937
vn 0.2865 0.1417 0.9475
vn 0.0961 -0.2027 0.9745
vn 0.1326 0.0282 0.9908
vn -0.0200 -0.0754 0.9970
vn 0.7717 0.1863 0.6081
vn 0.8534 0.1921 0.4846
vn 0.7917 0.1672 0.5876
vn 0.7914 0.2313 0.5659
vn 0.6049 0.1971 0.7715
vn 0.4365 0.2097 0.8749
vn 0.7797 0.2070 0.5909
vn 0.9367 0.2311 0.2631
vn 0.9690 0.2050 0.1376
vn 0.9484 0.1893 0.2544
vn 0.0977 0.1490 0.9840
vn 0.1810 0.1984 0.9633
vn 0.8276 0.2208 0.5161
vn 0.1775 0.0083 0.9841
vn 0.0825 -0.0136 0.9965
vn 0.0645 -0.0621 0.9960
vn 0.9955 0.0924 0.0224
vn 0.8928 0.0529 0.4473
vn 0.8506 0.0744 0.5205
vn 0.8169 0.0339 0.5758
vn 0.9451 0.1496 0.2905
vn 0.8983 0.1347 0.4183
vn 0.3377 -0.0965 0.9363
vn 0.3707 -0.0762 0.9256
vn 0.9851 0.1340 0.1078
vn 0.9874 0.1237 0.0987
vn 0.9661 0.1380 0.2181
vn 0.9812 0.0908 0.1703
vn 0.9539 0.0797 0.2893
vn 0.9725 0.2255 0.0585
vn 0.9766 0.2008 0.0768
vn 0.9781 0.2072 0.0176
vn 0.9693 0.2458 -0.0029
vn 0.9726 0.2181 -0.0804
vn 0.9683 0.2445 -0.0506
vn 0.3612 0.1046 0.9266
vn 0.3195 -0.3189 0.8923
vn 0.3346 -0.1654 0.9277
vn 0.3484 0.0424 0.9364
vn 0.3677 0.0543 0.9283
vn 0.3681 -0.0308 0.9293
vn 0.3602 -0.0265 0.9325
vn 0.9670 0.2533 -0.0266
vn 0.9631 0.2667 0.0365
vn 0.9607 0.2749 -0.0379
vn 0.9657 0.2560 -0.0431
vn 0.9591 0.2504 0.1324
vn 0.9374 0.2642 0.2269
vn 0.8823 0.2565 0.3947
vn 0.9528 0.2375 0.1889
vn 0.9605 0.2478 0.1265
vn 0.9702 0.2324 0.0688
vn 0.9795 0.1991 0.0303
vn 0.9843 0.1712 0.0432
vn 0.9619 0.2672 -0.0575
vn 0.9732 0.2268 -0.0376
vn 0.9675 0.2517 0.0255
vn 0.9743 0.1647 0.1534
vn 0.9846 0.1713 -0.0335
vn 0.9811 0.1882 -0.0439
vn 0.9752 0.2093 -0.0721
vn 0.9835 0.1811 0.0029
vn 0.9808 0.1856 -0.0601
vn 0.9614 0.2688 -0.0580
vn 0.9643 0.2649 0.0072
vn 0.6791 0.1839 0.7106
vn 0.5401 0.0884 0.8369
vn 0.8993 0.2279 0.3733
vn 0.7051 0.2823 0.6505
vn 0.6202 0.2133 0.7549
vn 0.7038 0.2580 0.6619
vn -0.4213 -0.2073 0.8829
vn -0.0458 -0.2765 0.9599
vn 0.3500 -0.3447 0.8710
vn 0.3743 -0.1056 0.9213
vn 0.6123 0.1610 0.7740
vn 0.3715 0.0710 0.9257
vn 0.3931 0.0298 0.9190
vn 0.3697 0.0977 0.9240
vn 0.3571 -0.1488 0.9222
vn -0.2572 -0.1405 0.9561
vn 0.4932 0.0989 0.8643
vn 0.7978 0.2242 0.5597
vn 0.8294 0.3059 0.4675
vn 0.7745 0.2730 0.5706
vn 0.8815 0.2244 0.4154
vn 0.8547 0.2929 0.4285
vn 0.3296 -0.4331 0.8389
vn 0.2736 -0.1937 0.9421
vn 0.2452 -0.1242 0.9615
vn 0.3856 0.1620 0.9083
vn 0.4188 0.1302 0.8987
vn 0.6295 0.1792 0.7560
vn 0.4097 -0.1165 0.9048
vn 0.2741 -0.1415 0.9512
vn 0.4615 0.2252 0.8581
vn 0.5145 0.2093 0.8316
vn 0.6051 0.2702 0.7489
vn 0.5735 0.2711 0.7730
vn -0.6519 -0.3304 0.6825
vn 0.9476 0.3176 -0.0339
vn 0.9573 0.2873 0.0308
vn 0.9632 0.2625 -0.0585
vn 0.9150 0.3107 0.2573
vn 0.9341 0.2517 0.2531
vn 0.9509 0.2790 0.1339
vn 0.9348 0.3551 -0.0027
vn 0.9378 0.3319 0.1019
vn 0.9704 0.2367 0.0488
vn 0.9675 0.2391 -0.0821
vn 0.3771 -0.0525 0.9247
vn 0.3990 -0.1194 0.9091
vn 0.3128 -0.1311 0.9407
vn 0.7852 0.0904 0.6126
vn 0.9720 0.2032 0.1183
vn 0.9765 0.2153 0.0022
vn 0.9871 0.1525 0.0487
vn 0.9864 0.1542 0.0576
vn 0.9857 0.1642 -0.0380
vn 0.6757 0.1772 0.7156
vn 0.6845 0.1789 0.7067
vn 0.9734 0.1464 0.1762
vn 0.9537 0.2668 0.1385
vn 0.8020 0.3199 0.5045
vn 0.7960 0.2890 0.5318
vn 0.8035 0.2377 0.5458
vn 0.7901 0.3034 0.5327
vn 0.8113 0.3308 0.4820
vn 0.7632 0.3050 0.5696
vn 0.1088 -0.1788 0.9778
vn 0.9162 0.3683 0.1579
vn 0.8967 0.3644 0.2515
vn 0.9147 0.3982 0.0695
vn 0.9060 0.3413 0.2503
vn 0.9307 0.2967 0.2140
vn 0.8788 0.2803 0.3862
vn 0.8883 0.2166 0.4050
vn 0.9129 0.3472 0.2148
vn 0.9183 0.3338 0.2127
vn 0.3982 0.1936 0.8966
vn 0.8649 0.3211 0.3858
vn 0.9329 0.3493 0.0880
vn 0.9089 0.3848 0.1607
vn -0.0471 -0.1333 0.9900
vn -0.0414 -0.2833 0.9581
vn -0.2726 -0.2452 0.9304
vn -0.4855 0.0882 0.8698
vn 0.1173 0.3282 0.9373
vn -0.0246 -0.3045 0.9522
vn 0.0457 0.1343 0.9899
vn -0.1165 -0.1563 0.9808
vn 0.0100 -0.0614 0.9981
vn 0.0352 0.2091 0.9773
vn 0.0300 -0.0397 0.9988
vn 0.1122 -0.0419 0.9928
vn 0.0334 -0.0250 0.9991
vn 0.0664 0.0966 0.9931
vn 0.3815 0.0171 0.9242
vn 0.6500 0.1313 0.7485
vn -0.0476 -0.0628 0.9969
vn -0.0266 0.0930 0.9953
vn -0.0543 -0.0404 0.9977
vn 0.3655 0.0908 0.9264
vn 0.1120 0.2260 0.9677
vn 0.0514 0.1414 0.9886
vn 0.1132 -0.1536 0.9816
vn 0.1324 -0.0197 0.9910
vn 0.3800 0.1828 0.9068
vn 0.5661 0.0403 0.8234
vn 0.4808 0.0004 0.8768
vn 0.5234 -0.0255 0.8517
vn 0.2521 -0.2344 0.9389
vn 0.2763 0.0113 0.9610
vn 0.2493 -0.1441 0.9576
vn 0.2568 -0.2422 0.9356
vn 0.1513 -0.1817 0.9716
vn 0.2298 -0.1822 0.9560
vn 0.0981 -0.1798 0.9788
vn 0.1787 -0.1018 0.9786
vn -0.1110 -0.1491 0.9826
vn 0.3384 0.0275 0.9406
vn 0.3356 0.0095 0.9420
vn 0.3264 -0.0278 0.9448
vn 0.3386 -0.1913 0.9213
vn 0.3625 -0.0542 0.9304
vn 0.3650 -0.0403 0.9301
vn 0.3964 0.1276 0.9092
vn 0.3975 0.0870 0.9135
vn 0.3582 -0.0175 0.9335
vn 0.3619 -0.0113 0.9321
vn 0.3687 -0.0373 0.9288
vn 0.3620 0.0447 0.9311
vn 0.3040 0.0737 0.9498
vn 0.3864 0.0880 0.9181
vn 0.7420 0.0569 0.6680
vn 0.4094 0.0670 0.9099
vn 0.2517 0.0332 0.9672
vn 0.4536 0.0452 0.8900
vn 0.5329 0.0953 0.8408
vn 0.8706 0.1748 0.4598
vn 0.9185 0.1896 0.3471
vn 0.9018 0.2177 0.3734
vn 0.1396 0.1228 0.9826
vn 0.0690 0.0994 0.9927
vn 0.3821 0.1826 0.9059
vn 0.1663 0.1566 0.9736
vn 0.2625 0.1813 0.9477
vn 0.4881 -0.0174 0.8726
vn 0.6383 0.1375 0.7574
vn 0.6665 0.0604 0.7431
vn 0.3386 0.1390 0.9306
vn 0.5025 0.1636 0.8490
vn 0.9810 0.1566 0.1142
vn 0.9796 0.1941 0.0516
vn 0.8757 0.1356 0.4635
vn 0.9394 0.1358 0.3148
vn 0.9125 0.0998 0.3966
vn 0.9069 0.1623 0.3889
vn 0.8331 0.1346 0.5365
vn 0.7414 0.0471 0.6694
vn 0.9796 0.1906 -0.0638
vn 0.8360 0.2138 0.5054
vn 0.9399 0.2133 0.2665
vn 0.9515 0.1820 0.2480
vn 0.9711 0.1958 0.1366
vn 0.9468 0.1690 0.2740
vn 0.9123 0.2020 0.3563
vn 0.8984 0.1803 0.4005
vn 0.7573 0.1232 0.6414
vn 0.4057 -0.0623 0.9119
vn 0.3708 0.0411 0.9278
vn 0.4168 0.0402 0.9081
vn 0.3947 -0.0006 0.9188
vn 0.4125 0.0116 0.9109
vn 0.9229 0.3833 0.0378
vn 0.9225 0.3614 0.1356
vn 0.8830 0.3306 0.3333
vn 0.8909 0.2985 0.3424
vn 0.9014 0.3530 0.2507
vn 0.8764 0.3389 0.3422
vn 0.6647 0.0094 0.7470
vn 0.9718 0.2235 -0.0748
vn 0.9470 0.1875 0.2609
vn 0.9292 0.1992 0.3112
vn 0.8823 0.1527 0.4451
vn 0.7078 0.0452 0.7050
vn 0.8312 0.1007 0.5467
vn 0.8531 0.3427 0.3935
vn 0.8440 0.3249 0.4267
vn 0.8534 0.3184 0.4127
vn -0.0053 -0.2383 0.9712
vn -0.0912 -0.2248 0.9701
vn 0.0115 0.0398 0.9991
vn -0.1049 -0.1873 0.9767
vn 0.0824 0.3236 0.9426
vn -0.0061 0.0412 0.9991
vn -0.0016 0.0760 0.9971
vn 0.0505 0.0131 0.9986
vn 0.0229 0.0616 0.9978
vn -0.0288 0.0099 0.9995
vn 0.0243 0.0372 0.9990
vn 0.2024 0.0806 0.9760
vn 0.1846 -0.0115 0.9827
vn 0.2001 0.0482 0.9786
vn 0.1649 0.0839 0.9827
vn 0.3204 -0.1611 0.9335
vn 0.3022 -0.0665 0.9509
vn 0.3596 -0.1720 0.9171
vn 0.2661 -0.2420 0.9331
vn 0.5726 0.0541 0.8180
vn 0.7801 0.0924 0.6188
vn 0.0602 0.0620 0.9963
vn 0.7138 0.1833 0.6759
vn 0.3734 0.1090 0.9213
vn 0.2355 0.0888 0.9678
vn 0.9743 0.1362 0.1795
vn 0.8643 0.1009 0.4928
vn 0.8035 0.1795 0.5676
vn 0.7722 0.1317 0.6216
vn 0.9753 0.1367 0.1735
vn 0.3334 -0.2430 0.9109
vn 0.3079 0.0933 0.9468
vn 0.2970 -0.0468 0.9537
vn 0.3174 -0.0508 0.9469
vn 0.2832 0.1703 0.9438
vn 0.3065 0.1418 0.9413
vn 0.3071 0.1088 0.9454
vn 0.5642 -0.0165 0.8255
vn 0.4561 0.1670 0.8741
vn 0.6455 0.0842 0.7591
vn 0.8633 0.0918 0.4964
vn 0.9152 0.1434 0.3766
vn 0.4113 0.0144 0.9114
vn 0.5956 0.0896 0.7983
vn 0.7470 0.0809 0.6599
vn 0.8431 0.1069 0.5270
vn 0.8355 0.1657 0.5239
vn 0.5376 0.1014 0.8371
vn 0.9607 0.2188 0.1708
vn 0.7672 0.0608 0.6386
vn 0.9707 0.1507 0.1872
vn 0.9615 0.1752 0.2119
vn 0.0725 0.2433 0.9672
vn 0.1036 0.3234 0.9406
vn 0.1568 0.0700 0.9852
vn 0.2574 0.0651 0.9641
vn 0.2186 0.1066 0.9700
vn 0.1718 0.2126 0.9619
vn 0.2169 0.1812 0.9592
vn 0.1720 0.2480 0.9534
vn 0.3868 -0.1668 0.9069
vn 0.1094 0.0362 0.9933
vn 0.6051 0.1718 0.7774
vn 0.9287 0.1189 0.3513
vn 0.9584 0.1235 0.2572
vn 0.8525 0.0953 0.5139
vn 0.9092 0.1048 0.4029
vn -0.0696 -0.1967 0.9780
vn -0.1629 -0.2246 0.9607
vn -0.5057 -0.2186 0.8346
vn -0.0638 -0.2401 0.9686
vn 0.5078 0.1512 0.8481
vn 0.2197 0.0187 0.9754
vn 0.9477 0.1128 0.2987
vn 0.2437 -0.2748 0.9301
vn 0.3068 0.0776 0.9486
vn 0.3585 -0.0329 0.9330
vn 0.3305 -0.2497 0.9102
vn 0.2823 -0.3328 0.8997
vn 0.2728 0.1182 0.9548
vn 0.2564 -0.2317 0.9384
vn -0.9675 0.2256 -0.1139
vn -0.9740 0.2103 -0.0837
vn -0.9712 0.2330 -0.0503
vn -0.5145 0.2124 0.8308
vn -0.5980 0.2616 0.7576
vn -0.4686 0.2228 0.8548
vn -0.9634 0.2553 -0.0818
vn -0.0920 0.1448 0.9852
vn -0.3255 0.1812 0.9280
vn -0.1883 0.1441 0.9715
vn -0.8999 0.3599 0.2461
vn -0.9201 0.3172 0.2297
vn -0.9245 0.3713 0.0860
vn -0.9721 0.2340 0.0131
vn -0.9784 0.2066 -0.0110
vn 0.0860 -0.0990 0.9914
vn -0.0877 0.2698 0.9589
vn -0.0338 0.1430 0.9891
vn -0.9825 0.1284 -0.1351
vn -0.6263 0.1932 0.7553
vn -0.9915 0.1270 -0.0301
vn -0.9878 0.1552 0.0095
vn -0.9845 0.1503 -0.0908
vn -0.9836 0.1778 -0.0307
vn -0.9775 0.1725 -0.1213
vn -0.7928 0.2976 0.5318
vn -0.8358 0.3134 0.4509
vn -0.7877 0.2629 0.5572
vn -0.9782 0.1491 -0.1447
vn -0.6645 0.0733 0.7437
vn -0.7193 0.1225 0.6838
vn -0.7463 0.0540 0.6634
vn -0.3153 -0.1398 0.9386
vn -0.3574 -0.1129 0.9271
vn -0.3054 -0.1197 0.9447
vn -0.0462 0.0987 0.9940
vn -0.0917 0.0721 0.9932
vn -0.0548 0.1004 0.9934
vn -0.9636 0.2650 -0.0347
vn -0.9671 0.2539 0.0153
vn -0.9616 0.2673 0.0618
vn -0.9620 0.2724 0.0164
vn -0.9624 0.2649 -0.0598
vn -0.9601 0.2749 -0.0520
vn -0.9495 0.2596 0.1763
vn -0.9469 0.2416 0.2121
vn -0.9233 0.2547 0.2876
vn -0.9676 0.2437 -0.0663
vn -0.4040 0.1863 0.8956
vn -0.4257 0.2179 0.8782
vn -0.6936 0.2991 0.6553
vn -0.5494 0.2622 0.7934
vn -0.9596 0.2654 -0.0939
vn -0.5476 0.0739 0.8335
vn -0.6928 0.1714 0.7004
vn -0.9688 0.2478 0.0084
vn -0.9752 0.2192 -0.0292
vn -0.9628 0.2682 0.0323
vn -0.9603 0.2644 0.0892
vn -0.9626 0.2559 0.0894
vn -0.9782 0.1962 -0.0679
vn -0.9708 0.1973 0.1362
vn -0.9825 0.1856 0.0132
vn -0.9715 0.2252 0.0738
vn -0.9615 0.2508 0.1122
vn -0.4476 0.1562 0.8805
vn -0.5189 0.1336 0.8444
vn -0.9550 0.0886 0.2831
vn -0.9657 0.1205 0.2301
vn -0.9804 0.1065 0.1659
vn -0.9297 0.2591 0.2616
vn -0.9338 0.2591 0.2467
vn -0.8870 0.2540 0.3856
vn -0.9508 0.2319 0.2056
vn -0.9534 0.2515 0.1665
vn -0.9268 0.2528 0.2777
vn -0.9663 0.2315 0.1125
vn -0.9503 0.2290 0.2111
vn -0.9625 0.2464 0.1136
vn -0.7665 0.2342 0.5980
vn -0.8634 0.2513 0.4374
vn -0.8217 0.2254 0.5234
vn -0.8121 0.2513 0.5266
vn -0.6781 0.2356 0.6962
vn -0.5234 0.0072 0.8520
vn -0.5932 0.0449 0.8038
vn -0.6673 0.0181 0.7446
vn -0.9554 0.2647 0.1308
vn -0.9499 0.2587 0.1754
vn -0.1639 0.0179 0.9863
vn -0.3900 0.0315 0.9203
vn -0.4001 0.0345 0.9158
vn 0.0600 -0.0388 0.9974
vn 0.0338 -0.1066 0.9937
vn 0.0520 -0.0357 0.9980
vn -0.7502 0.1771 0.6371
vn -0.6249 0.1665 0.7627
vn -0.7184 0.1966 0.6673
vn -0.1674 0.0745 0.9831
vn -0.1422 0.0851 0.9862
vn -0.3182 0.0963 0.9431
vn -0.8684 0.3199 0.3788
vn -0.8791 0.2739 0.3901
vn -0.0803 -0.0178 0.9966
vn -0.2898 -0.0020 0.9571
vn -0.0361 0.1434 0.9890
vn 0.0493 -0.1902 0.9805
vn 0.0040 0.0071 1.0000
vn -0.8160 0.1261 0.5641
vn -0.8023 0.2284 0.5515
vn -0.8700 0.2125 0.4448
vn -0.6330 0.2108 0.7449
vn -0.9126 0.2346 0.3349
vn -0.9417 0.2029 0.2685
vn -0.4771 0.1911 0.8578
vn -0.6920 0.2180 0.6882
vn -0.5898 0.2165 0.7780
vn -0.8680 0.2447 0.4321
vn -0.8122 0.2467 0.5287
vn -0.7669 0.2331 0.5980
vn -0.8739 0.1577 0.4599
vn -0.9412 0.1692 0.2923
vn -0.9151 0.1885 0.3564
vn -0.8266 0.2215 0.5174
vn -0.5918 0.1946 0.7823
vn -0.4253 0.1793 0.8871
vn -0.5365 0.1801 0.8245
vn -0.1050 0.0942 0.9900
vn -0.2366 0.1621 0.9580
vn -0.1463 0.1636 0.9756
vn -0.2882 0.1844 0.9397
vn -0.0910 0.0315 0.9954
vn -0.1095 0.0222 0.9937
vn -0.1422 0.0944 0.9853
vn -0.1244 0.0817 0.9889
vn -0.3295 0.1414 0.9335
vn -0.1445 0.0929 0.9851
vn -0.6968 0.2224 0.6819
vn -0.4904 0.2049 0.8470
vn -0.3773 0.1836 0.9077
vn -0.1717 0.1278 0.9768
vn -0.0128 -0.0492 0.9987
vn -0.1610 0.0088 0.9869
vn -0.8946 0.1311 0.4273
vn -0.9261 0.1662 0.3386
vn -0.9377 0.1355 0.3200
vn -0.1181 0.2963 0.9478
vn -0.0938 0.3011 0.9490
vn -0.0681 0.0927 0.9934
vn -0.9864 0.1638 0.0144
vn -0.9835 0.1771 0.0367
vn -0.9791 0.1488 0.1384
vn -0.3811 0.1547 0.9115
vn -0.4043 0.1082 0.9082
vn -0.3639 0.0202 0.9312
vn -0.9896 0.1433 0.0110
vn -0.9886 0.1452 0.0396
vn -0.9784 0.1872 -0.0879
vn -0.9709 0.2090 -0.1173
vn -0.9716 0.2200 0.0871
vn -0.9729 0.2272 -0.0423
vn -0.9772 0.2029 0.0619
vn -0.7956 0.3172 0.5162
vn -0.7936 0.3112 0.5229
vn -0.5969 0.2510 0.7620
vn -0.4638 0.2043 0.8621
vn -0.9706 0.2397 0.0212
vn -0.9615 0.2561 -0.0993
vn -0.7118 0.2731 0.6471
vn -0.6306 0.2219 0.7437
vn -0.5089 0.1529 0.8471
vn -0.9801 0.1975 0.0181
vn -0.9405 0.3338 -0.0628
vn -0.5397 0.1168 0.8337
vn -0.7390 0.2776 0.6139
vn -0.9299 0.3665 0.0309
vn -0.9667 0.1665 0.1944
vn -0.6880 0.2090 0.6949
vn -0.8097 0.2632 0.5246
vn -0.9407 0.3310 0.0738
vn -0.3995 0.0120 0.9166
vn -0.9102 0.4007 0.1047
vn -0.9120 0.4098 0.0201
vn -0.8582 0.3368 0.3875
vn -0.8612 0.3335 0.3835
vn -0.8728 0.3291 0.3605
vn -0.9817 0.1772 -0.0696
vn -0.7064 0.2912 0.6451
vn -0.9902 0.1048 -0.0920
vn -0.9934 0.1086 0.0361
vn -0.8528 0.2812 0.4401
vn -0.4004 -0.0103 0.9163
vn -0.3106 -0.0504 0.9492
vn -0.3570 -0.0646 0.9319
vn -0.8687 0.1270 0.4788
vn -0.9203 0.2049 0.3332
vn -0.8996 0.1626 0.4054
vn -0.0618 0.0641 0.9960
vn -0.0651 0.2264 0.9719
vn 0.0545 0.0643 0.9964
vn -0.5517 0.0885 0.8293
vn -0.3518 -0.0535 0.9345
vn -0.7438 0.2152 0.6328
vn -0.1338 0.1160 0.9842
vn -0.3285 -0.0111 0.9444
vn -0.2409 0.0152 0.9704
vn -0.3156 0.1509 0.9368
vn -0.1186 0.1155 0.9862
vn -0.8969 0.3554 0.2631
vn -0.7822 0.0608 0.6201
vn -0.6745 0.0340 0.7375
vn -0.8013 0.0948 0.5907
vn -0.0689 0.1641 0.9840
vn -0.4599 0.0714 0.8851
vn -0.2958 0.0506 0.9539
vn 0.0034 -0.0084 1.0000
vn -0.0708 -0.0782 0.9944
vn 0.0863 -0.0248 0.9960
vn 0.0468 -0.0343 0.9983
vn -0.0708 0.0697 0.9951
vn -0.0759 0.1754 0.9816
vn -0.0900 0.2038 0.9749
vn -0.0419 -0.0779 0.9961
vn 0.0074 -0.1729 0.9849
vn 0.0049 -0.0981 0.9952
vn -0.0923 0.3246 0.9413
vn -0.0907 0.2934 0.9517
vn 0.1324 -0.2698 0.9538
vn 0.1094 -0.2305 0.9669
vn 0.1686 -0.1754 0.9700
vn -0.0806 0.1833 0.9797
vn 0.0263 -0.1776 0.9838
vn 0.0582 -0.1440 0.9879
vn 0.0869 -0.0981 0.9914
vn -0.0325 0.1143 0.9929
vn -0.0730 0.2105 0.9749
vn -0.1009 -0.0077 0.9949
vn -0.1032 -0.0497 0.9934
vn -0.1301 -0.0112 0.9914
vn -0.0858 0.0068 0.9963
vn -0.1025 -0.0737 0.9920
vn -0.0781 -0.0029 0.9969
vn -0.0949 -0.0999 0.9905
vn -0.0210 0.0872 0.9960
vn 0.0246 -0.0969 0.9950
vn -0.0509 0.1479 0.9877
vn -0.0919 0.0114 0.9957
vn -0.0972 0.1502 0.9839
vn -0.0484 0.0404 0.9980
vn 0.0279 0.0125 0.9995
vn -0.0300 0.0082 0.9995
vn 0.0592 0.0340 0.9977
vn -0.0573 -0.0328 0.9978
vn -0.0416 0.0620 0.9972
vn -0.0101 -0.0017 0.9999
vn -0.0190 -0.0044 0.9998
vn -0.0454 0.0146 0.9989
vn -0.0563 -0.1097 0.9924
vn 0.3515 -0.1938 0.9159
vn 0.0592 -0.2470 0.9672
vn -0.2679 -0.2135 0.9395
vn -0.2901 -0.1999 0.9359
vn -0.2785 -0.2006 0.9392
vn 0.2069 0.0845 0.9747
vn 0.4252 -0.0036 0.9051
vn 0.1529 0.1151 0.9815
vn 0.7632 -0.3378 0.5509
vn 0.8282 0.0333 0.5594
vn 0.3640 0.0527 0.9299
vn 0.0701 0.2765 0.9584
vn 0.7690 -0.5587 0.3107
vn 0.0962 0.2962 0.9503
vn 0.7158 -0.6109 0.3383
vn 0.7983 -0.4753 0.3698
vn -0.8786 0.2159 0.4260
vn -0.7759 0.2038 0.5970
vn -0.8602 0.1840 0.4756
vn 0.4906 -0.0433 0.8703
vn -0.9585 0.2844 -0.0192
vn -0.9503 0.2961 -0.0960
vn 0.4130 -0.3696 0.8324
vn 0.3701 -0.3259 0.8700
vn 0.5469 -0.4450 0.7091
vn 0.6706 -0.4377 0.5989
vn 0.2234 -0.3305 0.9170
vn -0.4360 0.0107 0.8999
vn -0.3308 -0.0717 0.9410
vn -0.3684 0.0765 0.9265
vn -0.3603 -0.0465 0.9317
vn -0.3792 0.0690 0.9227
vn -0.2871 -0.0279 0.9575
vn -0.2574 0.0627 0.9643
vn -0.3135 0.0024 0.9496
vn -0.2357 0.1004 0.9666
vn -0.2519 0.0978 0.9628
vn -0.3710 -0.0383 0.9278
vn -0.3360 -0.0796 0.9385
vn -0.3764 0.0215 0.9262
vn -0.3429 -0.0950 0.9346
vn -0.3556 -0.0897 0.9303
vn -0.3497 -0.1582 0.9234
vn -0.3477 -0.1643 0.9231
vn -0.3144 -0.0987 0.9441
vn -0.3330 -0.1353 0.9332
vn -0.3358 -0.1400 0.9315
vn -0.2887 0.0492 0.9562
vn -0.3315 -0.0429 0.9425
vn -0.2376 0.1157 0.9644
vn -0.2671 0.0584 0.9619
vn -0.3397 -0.1458 0.9292
vn -0.3374 -0.1707 0.9258
vn -0.3355 -0.1418 0.9313
vn -0.3357 -0.1498 0.9300
vn -0.3244 -0.1327 0.9366
vn -0.3048 -0.1606 0.9388
vn -0.3302 -0.1182 0.9365
vn -0.3339 -0.0994 0.9373
vn -0.3109 -0.0681 0.9480
vn -0.4340 0.1448 0.8892
vn -0.4577 0.1100 0.8823
vn -0.4572 0.0986 0.8839
vn -0.8156 0.0361 0.5775
vn -0.8474 0.0755 0.5256
vn -0.9048 0.0732 0.4194
vn -0.8892 0.2582 0.3776
vn -0.2190 0.1092 0.9696
vn -0.2212 0.0908 0.9710
vn -0.4194 0.0950 0.9028
vn -0.5130 0.2152 0.8310
vn -0.4978 0.2136 0.8406
vn -0.2862 0.1023 0.9527
vn -0.2179 0.1192 0.9687
vn -0.2999 0.0929 0.9494
vn -0.9696 0.2226 -0.1016
vn -0.3187 -0.1867 0.9293
vn -0.3286 -0.1632 0.9303
vn -0.9153 0.1067 0.3883
vn -0.8672 0.0982 0.4881
vn -0.0984 -0.1909 0.9767
vn -0.1680 -0.3059 0.9371
vn -0.1632 -0.2139 0.9631
vn -0.2850 -0.2658 0.9209
vn -0.2323 -0.2910 0.9281
vn -0.2454 -0.3179 0.9158
vn -0.2202 -0.0515 0.9741
vn -0.1979 -0.0320 0.9797
vn -0.2453 -0.0960 0.9647
vn -0.2210 -0.2029 0.9539
vn -0.1999 -0.2595 0.9448
vn -0.2588 -0.2407 0.9355
vn -0.3238 -0.2363 0.9162
vn -0.1747 0.0188 0.9844
vn -0.1317 0.0403 0.9905
vn -0.1823 -0.0513 0.9819
vn -0.0811 0.1584 0.9840
vn -0.2210 0.0769 0.9722
vn -0.2049 0.0654 0.9766
vn -0.2399 0.1341 0.9615
vn -0.2193 0.1331 0.9665
vn -0.3080 -0.0231 0.9511
vn -0.3467 -0.1206 0.9302
vn -0.2578 0.1038 0.9606
vn -0.3392 -0.1964 0.9200
vn -0.1749 -0.1524 0.9727
vn -0.1005 0.2171 0.9710
vn 0.0888 -0.1953 0.9767
vn 0.1555 -0.1358 0.9785
vn -0.2488 -0.1826 0.9512
vn -0.1285 0.1175 0.9847
vn -0.1529 0.0526 0.9868
vn -0.1301 -0.1408 0.9815
vn -0.1298 -0.0853 0.9879
vn 0.1556 0.0932 0.9834
vn 0.0754 -0.1256 0.9892
vn 0.2210 -0.2241 0.9492
vn 0.3939 -0.2285 0.8903
vn 0.8035 -0.3684 0.4676
vn 0.6857 -0.2787 0.6724
vn 0.7149 -0.1733 0.6774
vn 0.6640 -0.0929 0.7419
vn 0.2754 -0.0122 0.9613
vn -0.3469 -0.1367 0.9279
vn -0.3074 -0.2210 0.9256
vn -0.2801 -0.3277 0.9023
vn -0.2318 -0.0502 0.9715
vn -0.3079 -0.2913 0.9057
vn -0.3994 0.1415 0.9058
vn -0.3802 0.0931 0.9202
vn -0.4388 0.1242 0.8900
vn -0.2835 -0.2279 0.9315
vn -0.0099 0.0045 0.9999
vn 0.0032 -0.1502 0.9886
vn -0.9734 0.1775 0.1447
vn -0.9559 0.1816 0.2309
vn -0.9676 0.2029 0.1503
vn -0.9871 0.1274 0.0970
vn -0.9585 0.1592 0.2363
vn -0.9766 0.1459 0.1580
vn -0.9758 0.2099 0.0612
vn -0.9243 0.2367 0.2994
vn -0.9147 0.2150 0.3423
vn -0.8899 0.2343 0.3914
vn -0.7907 0.0822 0.6066
vn -0.9413 0.1978 0.2737
vn -0.9804 0.1870 0.0615
vn -0.7424 0.0612 0.6672
vn -0.8206 0.1365 0.5550
vn 0.0111 -0.0072 0.9999
vn 0.0030 0.1341 0.9910
vn -0.0624 0.1117 0.9918
vn -0.0593 0.1912 0.9798
vn -0.8436 0.2121 0.4933
vn -0.4878 0.1073 0.8663
vn -0.7407 0.0539 0.6697
vn -0.9798 0.1742 -0.0979
vn -0.9758 0.1675 0.1409
vn -0.9835 0.1692 0.0641
vn -0.9753 0.1292 0.1790
vn -0.9756 0.1541 0.1563
vn -0.3710 0.1668 0.9135
vn -0.0711 0.2126 0.9745
vn -0.0392 0.0765 0.9963
vn -0.1591 -0.0641 0.9852
vn -0.2078 -0.1347 0.9688
vn -0.2794 -0.1594 0.9469
vn -0.2730 -0.1904 0.9430
vn -0.3099 0.0785 0.9475
vn -0.3219 -0.0325 0.9462
vn -0.3649 0.0123 0.9310
vn -0.3057 -0.1152 0.9451
vn -0.4732 -0.0394 0.8801
vn -0.4144 0.1560 0.8966
vn -0.5622 0.1697 0.8094
vn -0.9435 0.3142 0.1054
vn -0.9440 0.3285 0.0294
vn -0.9580 0.2351 0.1643
vn -0.9018 0.2662 0.3403
vn -0.9315 0.2879 0.2223
vn -0.9802 0.1936 -0.0409
vn -0.8938 0.3429 0.2890
vn -0.8915 0.3318 0.3085
vn -0.9266 0.3417 0.1571
vn -0.9134 0.3878 0.1237
vn -0.5583 0.0021 0.8297
vn -0.4104 -0.0061 0.9119
vn 0.1307 -0.0575 0.9898
vn -0.0725 0.3123 0.9472
vn -0.0476 0.1407 0.9889
vn -0.0702 0.1673 0.9834
vn -0.0653 0.2349 0.9698
vn -0.0287 -0.0340 0.9990
vn 0.0399 -0.1963 0.9797
vn 0.1350 -0.1667 0.9767
vn 0.1023 -0.1354 0.9855
vn 0.5151 -0.2634 0.8157
vn 0.0832 -0.1693 0.9820
vn 0.0900 -0.1288 0.9876
vn 0.1299 -0.2604 0.9567
vn -0.1356 0.0032 0.9908
vn -0.2379 -0.1496 0.9597
vn -0.2381 -0.1158 0.9643
vn 0.6726 -0.2130 0.7087
vn 0.4057 0.0163 0.9139
vn -0.3225 -0.0821 0.9430
vn -0.3367 -0.1191 0.9341
vn -0.3551 -0.1188 0.9272
vn -0.3665 -0.1022 0.9248
vn -0.3621 -0.0811 0.9286
vn -0.3290 -0.1425 0.9335
vn -0.3371 0.0747 0.9385
vn -0.3638 -0.0289 0.9310
vn -0.3709 0.0361 0.9280
vn -0.3983 0.0860 0.9132
vn -0.2897 -0.0114 0.9570
vn -0.3271 -0.1610 0.9312
vn -0.2737 -0.2055 0.9396
vn -0.4177 0.1143 0.9013
vn -0.9842 0.1651 0.0646
vn -0.8527 0.1815 0.4899
vn -0.9081 0.1863 0.3749
vn -0.8589 0.1637 0.4853
vn -0.7573 0.1634 0.6322
vn -0.9375 0.0970 0.3341
vn -0.6548 0.1259 0.7453
vn -0.7263 0.1160 0.6775
vn -0.6186 0.0982 0.7796
vn 0.0423 -0.0620 0.9972
vn -0.5494 0.0525 0.8339
vn -0.3090 0.0972 0.9461
vn -0.4556 0.1377 0.8795
vn 0.0084 0.2229 0.9748
vn -0.6814 0.0760 0.7279
vn -0.9811 0.1701 0.0922
vn -0.7168 0.0999 0.6901
vn -0.5321 0.1284 0.8369
vn -0.5687 0.0615 0.8203
vn -0.9460 0.1230 0.3000
vn -0.6998 0.1459 0.6993
vn -0.2654 -0.1486 0.9526
vn -0.2859 -0.1904 0.9392
vn -0.2310 0.1276 0.9645
vn -0.3603 0.1238 0.9246
vn -0.9464 0.1988 0.2546
vn -0.9507 0.1433 0.2750
vn -0.8831 0.1054 0.4572
vn -0.9283 0.1644 0.3335
vn -0.6887 0.0583 0.7227
vn -0.9606 0.2432 -0.1342
vn -0.9610 0.2598 0.0948
vn -0.9162 0.3341 0.2214
vn -0.9059 0.3609 0.2217
vn -0.3428 -0.0329 0.9388
vn -0.6547 0.0236 0.7555
vn -0.5566 -0.0277 0.8303
vn 0.1808 -0.0979 0.9786
vn 0.0488 -0.2412 0.9692
vn 0.0763 -0.1986 0.9771
vn 0.0368 -0.1446 0.9888
vn 0.1082 -0.2321 0.9667
vn 0.2818 -0.2562 0.9246
vn 0.0363 -0.1453 0.9887
vn 0.1017 -0.2503 0.9628
vn 0.0102 -0.0336 0.9994
vn 0.0748 -0.1712 0.9824
vn 0.3447 -0.1989 0.9174
vn -0.3094 -0.1028 0.9454
vn -0.0816 -0.0358 0.9960
vn -0.0944 0.0579 0.9938
vn -0.0904 0.1049 0.9904
vn -0.0577 0.0346 0.9977
vn -0.9451 0.1185 0.3046
vn -0.7458 0.1661 0.6451
vn -0.8047 0.1964 0.5603
vn -0.7036 0.1765 0.6883
vn -0.1828 0.0027 0.9832
vn -0.1867 0.0908 0.9782
vn -0.2659 -0.2302 0.9361
vn -0.2619 -0.0561 0.9635
vn -0.9654 0.1899 0.1784
vn -0.9490 0.1213 0.2910
vn -0.8006 0.0952 0.5916
vn -0.5458 -0.0077 0.8379
vn -0.3916 0.0315 0.9196
vn -0.3035 -0.3014 0.9039
vn 0.0700 -0.1588 0.9848
vn -0.2504 0.1923 0.9489
vn -0.3537 -0.0964 0.9304
vn -0.5455 0.1569 0.8233
vn -0.2545 0.0283 0.9667
vn -0.3070 -0.0708 0.9491
vn -0.2804 -0.1372 0.9500
vn -0.2907 -0.1267 0.9484
vn -0.8885 0.0977 0.4483
vn -0.8920 0.1075 0.4391
vn -0.4719 -0.0333 0.8810
vn -0.8598 0.1034 0.5000
vn -0.3971 0.0651 0.9155
vn -0.5538 0.0358 0.8319
vn -0.2375 0.0429 0.9704
vn -0.9040 0.1136 0.4123
vn -0.8237 0.1073 0.5567
vn -0.4735 0.0280 0.8803
vn -0.2403 -0.0475 0.9695
vn -0.2082 -0.0222 0.9778
vn -0.1793 0.0252 0.9835
vn -0.2050 -0.0034 0.9788
vn -0.2566 0.0126 0.9664
vn 0.9755 0.1709 -0.1384
vn 0.4051 0.4529 -0.7942
vn 0.3734 0.4744 -0.7972
vn 0.4904 0.4195 -0.7639
vn 0.9277 0.2413 -0.2849
vn 0.8957 0.2225 -0.3849
vn 0.9058 0.2400 -0.3490
vn 0.2753 0.3677 -0.8883
vn 0.4219 0.3959 -0.8156
vn 0.3907 0.3988 -0.8296
vn 0.9414 0.1753 -0.2882
vn 0.9690 0.1940 -0.1528
vn 0.9582 0.1688 -0.2311
vn 0.9736 0.1866 -0.1313
vn 0.9732 0.1929 -0.1255
vn 0.9640 0.2306 -0.1324
vn 0.9599 0.2452 -0.1359
vn 0.9582 0.2002 -0.2043
vn 0.8871 0.3366 -0.3159
vn 0.9228 0.3585 -0.1409
vn 0.8801 0.3767 -0.2889
vn 0.9726 0.1461 -0.1809
vn 0.3782 0.4565 -0.8054
vn 0.4096 0.4553 -0.7905
vn 0.3949 0.4402 -0.8064
vn 0.9581 0.2580 -0.1243
vn 0.9592 0.2633 -0.1029
vn 0.9512 0.2874 -0.1120
vn 0.9408 0.3091 -0.1391
vn 0.4028 0.3850 -0.8304
vn 0.2716 0.3857 -0.8818
vn 0.9551 0.2513 -0.1570
vn 0.9665 0.2455 -0.0748
vn 0.5524 0.3030 -0.7765
vn 0.5763 0.3602 -0.7336
vn 0.4487 0.3557 -0.8198
vn 0.9476 0.2609 -0.1845
vn 0.9388 0.2507 -0.2361
vn 0.9675 0.2208 -0.1231
vn 0.8516 0.1009 -0.5144
vn 0.8842 0.0980 -0.4567
vn 0.8155 0.0669 -0.5748
vn 0.9768 0.1911 -0.0970
vn 0.9517 0.2040 -0.2296
vn 0.9537 0.2135 -0.2119
vn 0.9591 0.2103 -0.1893
vn 0.1789 0.2641 -0.9478
vn 0.2576 0.2342 -0.9374
vn 0.2046 0.2942 -0.9336
vn 0.9752 0.1243 -0.1834
vn 0.9639 0.1038 -0.2451
vn 0.9124 0.2515 -0.3230
vn 0.8750 0.2515 -0.4137
vn 0.9285 0.2310 -0.2908
vn 0.9229 0.0946 -0.3733
vn 0.8537 0.0664 -0.5164
vn 0.2947 0.4752 -0.8291
vn 0.9183 0.2445 -0.3113
vn -0.0016 0.1918 -0.9814
vn 0.0118 0.2558 -0.9667
vn -0.0368 0.2760 -0.9605
vn 0.4908 0.4554 -0.7428
vn 0.8073 0.0726 -0.5857
vn 0.7228 0.0279 -0.6905
vn 0.9316 0.2246 -0.2858
vn 0.9203 0.1937 -0.3399
vn 0.9040 0.1895 -0.3833
vn 0.1892 0.4674 -0.8636
vn 0.1245 0.4299 -0.8942
vn 0.1894 0.3972 -0.8980
vn 0.5535 -0.0685 -0.8300
vn 0.4333 -0.1424 -0.8899
vn 0.5370 -0.0902 -0.8388
vn 0.5159 0.3873 -0.7641
vn 0.6149 0.3941 -0.6831
vn 0.2945 0.4104 -0.8630
vn 0.8529 0.1148 -0.5093
vn 0.8908 0.1358 -0.4336
vn 0.1236 0.3690 -0.9212
vn 0.1186 0.3581 -0.9261
vn 0.1272 0.4460 -0.8859
vn 0.7360 0.2163 -0.6415
vn 0.7938 0.2260 -0.5646
vn 0.7635 0.2033 -0.6129
vn 0.9386 0.2405 -0.2474
vn 0.8959 0.2446 -0.3708
vn 0.9558 0.2479 -0.1578
vn 0.8397 0.2929 -0.4573
vn 0.8740 0.2845 -0.3941
vn 0.8780 0.2890 -0.3816
vn 0.8674 0.2582 -0.4255
vn 0.8246 0.2549 -0.5051
vn 0.9444 0.2384 -0.2264
vn 0.7618 0.2559 -0.5951
vn 0.7621 0.2524 -0.5963
vn 0.6937 0.2511 -0.6751
vn 0.8719 0.2335 -0.4304
vn 0.8527 0.2420 -0.4630
vn 0.5822 0.4012 -0.7072
vn 0.6657 0.3670 -0.6497
vn 0.9479 0.2442 -0.2048
vn 0.7270 0.3308 -0.6017
vn 0.6743 0.3327 -0.6593
vn 0.7198 0.2675 -0.6406
vn 0.8671 0.2209 -0.4464
vn 0.8607 0.1957 -0.4700
vn 0.8253 0.1935 -0.5304
vn 0.1643 -0.4704 -0.8670
vn 0.0636 -0.5464 -0.8351
vn 0.1799 -0.4149 -0.8919
vn 0.9427 0.1225 -0.3104
vn 0.9417 0.1364 -0.3077
vn 0.4333 0.3969 -0.8092
vn 0.2921 0.5003 -0.8151
vn 0.9443 0.2169 -0.2474
vn 0.9071 0.3558 -0.2248
vn 0.9108 0.3129 -0.2694
vn 0.8794 0.3272 -0.3458
vn 0.9525 0.2609 -0.1569
vn 0.6513 0.3823 -0.6555
vn 0.5119 0.3890 -0.7659
vn 0.5335 0.4072 -0.7413
vn 0.0185 0.3327 -0.9429
vn 0.0461 0.3959 -0.9171
vn -0.0194 0.3863 -0.9222
vn 0.9254 0.3686 -0.0878
vn 0.9059 0.4113 -0.1010
vn 0.9133 0.4068 -0.0191
vn 0.8077 0.3231 -0.4932
vn 0.9001 0.3966 -0.1801
vn 0.9253 0.3780 -0.0304
vn 0.5583 0.4125 -0.7198
vn 0.9340 0.2836 -0.2173
vn 0.9302 0.2787 -0.2387
vn 0.9080 0.2872 -0.3049
vn 0.5424 0.3965 -0.7406
vn 0.6872 0.4153 -0.5961
vn 0.7518 0.4128 -0.5142
vn 0.7612 0.4123 -0.5006
vn 0.9389 0.3439 -0.0133
vn 0.8855 0.2480 -0.3930
vn 0.8515 0.2736 -0.4473
vn 0.8931 0.2515 -0.3730
vn 0.3022 0.3942 -0.8679
vn 0.6957 0.3318 -0.6371
vn 0.7961 0.3872 -0.4651
vn 0.6854 0.3946 -0.6120
vn 0.4561 0.2980 -0.8385
vn 0.2063 0.5322 -0.8211
vn 0.1518 0.5329 -0.8324
vn 0.2231 0.5114 -0.8299
vn 0.9643 0.2154 -0.1541
vn 0.6739 0.4098 -0.6148
vn 0.4079 0.4292 -0.8059
vn 0.3006 0.4716 -0.8290
vn 0.4102 0.4015 -0.8188
vn 0.5049 0.3932 -0.7684
vn 0.3748 0.2651 -0.8884
vn 0.3110 0.3076 -0.8993
vn 0.5972 0.3570 -0.7183
vn 0.5304 0.3663 -0.7646
vn -0.0257 0.3225 -0.9462
vn -0.0202 0.4371 -0.8992
vn 0.6219 -0.0731 -0.7797
vn 0.6241 -0.0217 -0.7811
vn 0.5844 0.3732 -0.7206
vn 0.9161 0.2729 -0.2937
vn 0.9354 0.2672 -0.2315
vn 0.9380 0.2541 -0.2356
vn 0.8572 0.2619 -0.4434
vn 0.8929 0.2478 -0.3758
vn 0.8789 0.2550 -0.4030
vn 0.7042 0.3379 -0.6244
vn 0.6268 0.3672 -0.6873
vn 0.6610 0.3472 -0.6653
vn 0.3336 0.3642 -0.8695
vn 0.2463 0.3414 -0.9071
vn 0.1876 0.3383 -0.9221
vn 0.9373 0.2429 -0.2500
vn 0.1639 0.3590 -0.9188
vn 0.2485 0.4611 -0.8519
vn 0.1752 0.4945 -0.8513
vn 0.0582 -0.5552 -0.8297
vn 0.2951 0.4979 -0.8155
vn 0.0170 -0.5925 -0.8054
vn 0.5953 0.3391 -0.7284
vn 0.5519 0.3219 -0.7693
vn 0.6436 0.3189 -0.6957
vn 0.5723 0.2601 -0.7777
vn 0.6397 0.2550 -0.7251
vn 0.6249 0.2414 -0.7425
vn 0.5878 -0.1344 -0.7978
vn 0.6560 -0.0585 -0.7525
vn 0.6506 -0.1010 -0.7527
vn 0.0078 -0.5568 -0.8306
vn 0.0098 -0.5799 -0.8146
vn 0.0055 -0.5688 -0.8224
vn 0.0064 -0.5644 -0.8255
vn 0.0023 -0.5496 -0.8354
vn 0.0012 -0.5332 -0.8460
vn 0.9229 0.2350 -0.3051
vn 0.9268 0.2360 -0.2922
vn 0.0086 -0.5760 -0.8174
vn 0.1342 0.3143 -0.9398
vn 0.0045 -0.1320 -0.9912
vn 0.0276 -0.2932 -0.9557
vn 0.0211 -0.2525 -0.9674
vn 0.1005 0.5268 -0.8440
vn 0.2057 0.5227 -0.8273
vn 0.3178 0.1131 -0.9414
vn 0.2044 0.1353 -0.9695
vn 0.3576 0.1428 -0.9229
vn 0.4780 0.2596 -0.8391
vn 0.4174 0.2208 -0.8815
vn 0.3736 0.2485 -0.8937
vn 0.5933 0.2126 -0.7764
vn 0.6674 0.2177 -0.7122
vn 0.6267 0.1827 -0.7576
vn 0.0951 0.1161 -0.9887
vn 0.1532 0.2037 -0.9670
vn 0.1694 0.1543 -0.9734
vn 0.5296 0.1515 -0.8346
vn 0.5304 0.1562 -0.8332
vn -0.1147 -0.0665 -0.9912
vn 0.0164 -0.0508 -0.9986
vn 0.0419 0.0098 -0.9991
vn -0.0446 -0.0290 -0.9986
vn 0.0940 0.0805 -0.9923
vn 0.0144 0.0629 -0.9979
vn 0.0120 -0.0114 -0.9999
vn -0.0625 -0.4992 -0.8642
vn -0.0742 -0.3564 -0.9314
vn 0.0632 0.0175 -0.9978
vn -0.0116 0.3763 -0.9264
vn -0.0071 0.1613 -0.9869
vn 0.0592 -0.0834 -0.9948
vn 0.0966 -0.0782 -0.9922
vn 0.0430 -0.1807 -0.9826
vn 0.0254 0.3657 -0.9304
vn 0.0519 0.3367 -0.9402
vn 0.0025 -0.5186 -0.8550
vn 0.6985 0.1895 -0.6900
vn 0.0010 -0.4818 -0.8763
vn 0.9152 0.1719 -0.3645
vn 0.9015 0.1509 -0.4057
vn 0.0413 0.1770 -0.9833
vn -0.0111 -0.1769 -0.9842
vn 0.0021 -0.4650 -0.8853
vn 0.0062 -0.5684 -0.8227
vn 0.0037 -0.4424 -0.8968
vn 0.0037 -0.2915 -0.9566
vn -0.0218 0.6385 -0.7693
vn -0.1940 0.3714 -0.9080
vn -0.0097 0.2075 -0.9782
vn -0.0140 -0.2846 -0.9585
vn 0.0056 -0.2090 -0.9779
vn 0.0015 0.1337 -0.9910
vn 0.0009 0.0972 -0.9953
vn 0.0049 0.4881 -0.8728
vn 0.9276 0.1484 -0.3429
vn 0.0097 0.4719 -0.8816
vn 0.6503 0.3436 -0.6776
vn 0.0796 0.2168 -0.9730
vn 0.0814 0.1274 -0.9885
vn 0.2291 0.1500 -0.9618
vn 0.2016 0.2290 -0.9523
vn -0.0059 0.4941 -0.8694
vn 0.0069 0.4797 -0.8774
vn -0.0039 0.4923 -0.8704
vn -0.0047 0.3114 -0.9503
vn 0.0102 0.3655 -0.9308
vn 0.0022 0.3127 -0.9499
vn 0.0076 0.4123 -0.9110
vn -0.0030 0.4966 -0.8680
vn -0.0014 0.4824 -0.8760
vn 0.0021 0.4681 -0.8837
vn 0.0071 0.4299 -0.9028
vn 0.0257 0.4589 -0.8881
vn -0.0030 0.4727 -0.8812
vn 0.0099 0.5055 -0.8628
vn -0.0004 0.4799 -0.8773
vn -0.0055 0.4914 -0.8709
vn 0.9404 0.2277 -0.2524
vn 0.9197 0.2321 -0.3168
vn 0.0151 0.3218 -0.9467
vn 0.6837 0.3540 -0.6382
vn 0.5370 0.2380 -0.8093
vn 0.5273 0.2275 -0.8187
vn 0.2461 -0.3717 -0.8952
vn 0.3108 -0.2514 -0.9166
vn 0.1268 -0.4662 -0.8756
vn 0.8254 0.2208 -0.5196
vn 0.9094 0.4096 -0.0724
vn 0.0093 -0.5853 -0.8107
vn 0.4816 0.1601 -0.8617
vn -0.0050 -0.4662 -0.8847
vn 0.0294 -0.4200 -0.9070
vn 0.0076 -0.5041 -0.8636
vn 0.0008 0.3047 -0.9524
vn 0.0671 0.2393 -0.9686
vn 0.1991 0.0774 -0.9769
vn 0.0022 -0.4472 -0.8944
vn 0.0236 -0.3509 -0.9361
vn 0.0014 -0.4661 -0.8847
vn 0.0004 -0.5050 -0.8631
vn 0.1349 0.2647 -0.9549
vn 0.1596 0.1906 -0.9686
vn 0.9174 0.2221 -0.3303
vn 0.8288 0.2197 -0.5147
vn 0.8334 0.4116 -0.3689
vn 0.8707 0.4114 -0.2693
vn 0.7438 0.0237 -0.6680
vn 0.9118 0.1224 -0.3920
vn 0.8935 0.1647 -0.4177
vn 0.8707 0.1556 -0.4666
vn 0.7789 0.3148 -0.5425
vn 0.8271 0.3127 -0.4670
vn 0.7608 0.3286 -0.5596
vn 0.7696 0.3907 -0.5050
vn 0.9609 0.2314 -0.1518
vn 0.8594 0.2567 -0.4422
vn 0.8276 0.2668 -0.4938
vn 0.0244 0.4817 -0.8760
vn 0.0388 0.5334 -0.8450
vn 0.1226 0.5514 -0.8252
vn 0.5030 0.3691 -0.7815
vn 0.5725 0.3313 -0.7500
vn 0.4803 0.3552 -0.8020
vn 0.0606 0.2958 -0.9533
vn 0.0671 0.4843 -0.8723
vn 0.0552 0.4956 -0.8668
vn 0.0340 0.4569 -0.8889
vn 0.0947 0.4253 -0.9001
vn 0.0130 0.4325 -0.9015
vn 0.7447 0.3427 -0.5728
vn 0.8585 0.3785 -0.3460
vn 0.8193 0.3425 -0.4599
vn 0.7295 0.3242 -0.6023
vn 0.6890 0.3163 -0.6521
vn 0.6502 0.3339 -0.6825
vn 0.6962 0.3231 -0.6410
vn 0.1154 0.5367 -0.8359
vn 0.8178 0.0944 -0.5677
vn 0.8723 0.1340 -0.4703
vn 0.7644 0.0444 -0.6432
vn 0.8012 0.1024 -0.5896
vn 0.8176 0.0937 -0.5682
vn 0.8620 0.1294 -0.4902
vn 0.8465 0.1530 -0.5099
vn 0.8848 0.1939 -0.4238
vn 0.7550 0.1669 -0.6342
vn 0.7365 0.1253 -0.6647
vn 0.7100 0.1587 -0.6861
vn 0.1191 0.4702 -0.8745
vn 0.1026 0.5235 -0.8458
vn 0.0839 0.5094 -0.8565
vn 0.0963 0.4406 -0.8925
vn 0.1021 0.3460 -0.9327
vn 0.0709 0.5456 -0.8351
vn 0.0429 0.4901 -0.8706
vn 0.4904 -0.2033 -0.8475
vn 0.4332 -0.2504 -0.8658
vn 0.5212 -0.1745 -0.8354
vn 0.7057 -0.0276 -0.7080
vn 0.7042 -0.0122 -0.7099
vn 0.3717 -0.2606 -0.8910
vn 0.4793 -0.1826 -0.8584
vn 0.4213 -0.2655 -0.8672
vn 0.4374 -0.0211 -0.8990
vn 0.5330 0.0240 -0.8458
vn 0.4357 -0.0537 -0.8985
vn 0.7530 0.2761 -0.5973
vn 0.6844 0.2908 -0.6686
vn 0.8919 0.2524 -0.3753
vn 0.6704 0.2682 -0.6919
vn 0.2843 0.1944 -0.9388
vn 0.2685 0.4253 -0.8643
vn 0.3516 0.4390 -0.8268
vn 0.4048 0.3873 -0.8283
vn 0.8811 0.4187 -0.2198
vn 0.0085 -0.5652 -0.8249
vn 0.0034 -0.5219 -0.8530
vn 0.6159 -0.1319 -0.7767
vn 0.5559 -0.1447 -0.8185
vn 0.4199 0.1142 -0.9004
vn 0.4198 0.1331 -0.8978
vn 0.1455 -0.1074 -0.9835
vn -0.0006 -0.4947 -0.8690
vn 0.0025 -0.4842 -0.8750
vn -0.0152 0.2851 -0.9584
vn 0.0232 0.2619 -0.9648
vn 0.0829 0.2257 -0.9707
vn 0.1976 0.2411 -0.9502
vn 0.1362 -0.0189 -0.9905
vn 0.1113 0.0632 -0.9918
vn 0.0039 -0.2266 -0.9740
vn 0.0029 -0.2398 -0.9708
vn 0.0863 0.2822 -0.9555
vn 0.8051 0.1687 -0.5686
vn 0.7922 0.1759 -0.5843
vn 0.6589 -0.0096 -0.7521
vn 0.8234 0.2541 -0.5074
vn 0.9276 0.3264 -0.1815
vn 0.9445 0.2383 -0.2260
vn 0.0334 0.5111 -0.8589
vn 0.0014 0.5020 -0.8649
vn 0.1917 0.3249 -0.9261
vn 0.0701 0.3113 -0.9477
vn 0.1047 0.3499 -0.9309
vn 0.0123 0.4128 -0.9107
vn -0.0019 0.4514 -0.8923
vn 0.8388 0.4163 -0.3509
vn 0.8418 0.2989 -0.4495
vn 0.8016 0.3076 -0.5127
vn 0.7940 0.3112 -0.5222
vn 0.9079 0.3899 -0.1542
vn 0.8527 0.2986 -0.4287
vn 0.8950 0.2900 -0.3389
vn 0.0628 0.4931 -0.8677
vn 0.7727 0.1187 -0.6235
vn 0.1415 0.4558 -0.8787
vn 0.3716 -0.2889 -0.8823
vn 0.6884 -0.0038 -0.7253
vn 0.2837 -0.3575 -0.8898
vn 0.2713 -0.3144 -0.9097
vn 0.3441 -0.1386 -0.9286
vn 0.4136 -0.1300 -0.9011
vn 0.5815 0.1039 -0.8069
vn 0.6301 0.1658 -0.7586
vn 0.6607 0.1376 -0.7380
vn 0.6942 0.2451 -0.6767
vn 0.7997 0.2663 -0.5381
vn 0.4169 0.2105 -0.8843
vn 0.5522 0.2847 -0.7836
vn 0.6074 0.3053 -0.7334
vn 0.6197 0.2865 -0.7307
vn 0.9371 0.3385 -0.0855
vn 0.9257 0.2895 -0.2436
vn 0.3055 -0.3616 -0.8808
vn 0.4913 0.0693 -0.8682
vn 0.3227 0.0979 -0.9414
vn 0.3444 0.0299 -0.9383
vn 0.2317 -0.0126 -0.9727
vn 0.0026 -0.4622 -0.8868
vn 0.0446 -0.3015 -0.9524
vn 0.0120 -0.2385 -0.9711
vn 0.1207 -0.3473 -0.9299
vn 0.0935 -0.4105 -0.9071
vn 0.0123 -0.2579 -0.9661
vn -0.0071 0.2946 -0.9556
vn 0.0243 0.2723 -0.9619
vn 0.1167 0.2805 -0.9527
vn 0.2818 0.2198 -0.9340
vn 0.0552 0.0374 -0.9978
vn 0.1236 0.2972 -0.9468
vn 0.7824 0.1624 -0.6012
vn 0.7812 0.0600 -0.6214
vn 0.8470 0.2646 -0.4610
vn 0.8073 0.2723 -0.5235
vn 0.9056 0.2494 -0.3432
vn 0.9149 0.2753 -0.2952
vn -0.0003 0.3676 -0.9300
vn -0.0064 0.3175 -0.9482
vn 0.0309 0.3720 -0.9277
vn 0.7260 0.3310 -0.6028
vn 0.8498 0.2919 -0.4389
vn 0.7609 0.3027 -0.5740
vn 0.7973 0.3110 -0.5173
vn 0.8064 0.2880 -0.5165
vn 0.8313 0.0973 -0.5472
vn 0.7761 0.0493 -0.6287
vn 0.7508 0.0304 -0.6599
vn 0.7213 0.0595 -0.6901
vn 0.3140 0.3684 -0.8750
vn 0.4318 -0.1971 -0.8802
vn 0.4243 0.0248 -0.9052
vn 0.5258 0.3162 -0.7896
vn 0.4119 0.3487 -0.8419
vn 0.9150 0.2776 -0.2927
vn 0.0034 -0.4475 -0.8943
vn 0.0179 -0.3956 -0.9182
vn 0.0424 -0.5074 -0.8606
vn 0.1560 -0.4105 -0.8984
vn 0.0669 -0.1994 -0.9776
vn 0.1620 -0.2689 -0.9494
vn 0.0608 -0.3365 -0.9397
vn 0.1946 0.3069 -0.9316
vn 0.6710 0.0676 -0.7383
vn 0.6682 -0.0010 -0.7440
vn 0.6254 -0.0143 -0.7802
vn 0.7114 0.3052 -0.6331
vn 0.7788 0.2863 -0.5581
vn 0.7491 0.2809 -0.5999
vn 0.9182 0.2538 -0.3042
vn 0.8156 0.2939 -0.4985
vn 0.8828 0.2847 -0.3737
vn 0.8066 0.2765 -0.5224
vn 0.8534 0.2552 -0.4545
vn 0.6204 0.0764 -0.7806
vn 0.5994 0.0225 -0.8002
vn 0.3346 -0.0962 -0.9374
vn 0.2371 -0.1247 -0.9635
vn 0.3467 -0.0510 -0.9366
vn 0.5998 -0.0092 -0.8001
vn 0.6087 -0.0790 -0.7895
vn 0.5160 -0.0523 -0.8550
vn 0.7471 0.3013 -0.5925
vn 0.3133 0.2818 -0.9069
vn 0.4039 0.2810 -0.8706
vn 0.4737 0.3007 -0.8278
vn 0.2506 -0.0500 -0.9668
vn 0.0304 -0.3006 -0.9533
vn 0.8890 0.2852 -0.3582
vn 0.6447 0.3183 -0.6950
vn 0.3151 -0.2133 -0.9248
vn 0.2015 -0.3091 -0.9294
vn 0.2418 -0.1969 -0.9501
vn 0.8536 0.2962 -0.4285
vn 0.8786 0.2734 -0.3915
vn 0.3841 -0.1938 -0.9027
vn 0.3177 0.3296 -0.8891
vn 0.3878 0.3107 -0.8678
vn 0.2094 0.3964 -0.8939
vn 0.5435 -0.1005 -0.8334
vn 0.0787 -0.2601 -0.9624
vn 0.4745 -0.1261 -0.8712
vn 0.1610 -0.1956 -0.9674
vn 0.7480 -0.0001 -0.6637
vn 0.6666 -0.0000 -0.7454
vn 0.8789 -0.0003 -0.4770
vn 0.9288 -0.0003 -0.3707
vn -0.4771 -0.0000 0.8788
vn -0.3724 -0.0002 0.9281
vn -0.7071 -0.0000 0.7071
vn 0.2547 -0.0000 0.9670
vn 0.0828 0.0003 0.9966
vn 0.0834 0.0001 0.9965
vn 0.2555 -0.0000 0.9668
vn 0.5255 -0.0000 0.8508
vn 0.6227 -0.0000 0.7824
vn -0.2617 -0.0003 0.9651
vn -0.2630 -0.0007 0.9648
vn 0.7857 -0.0000 0.6186
vn 0.8522 -0.0000 0.5233
vn 0.9656 -0.0000 0.2602
vn 0.9656 0.0001 0.2601
vn 0.9963 -0.0002 -0.0855
vn 0.9962 -0.0000 -0.0869
vn 0.7562 0.6543 -0.0061
vn 0.2589 0.9659 0.0036
vn 0.2780 0.9592 -0.0511
vn 0.8247 0.5516 -0.1248
vn 0.2108 0.9743 -0.0792
vn 0.7246 0.6434 -0.2468
vn 0.2433 0.9594 -0.1426
vn 0.7294 0.5560 -0.3986
vn 0.1715 0.9742 -0.1469
vn 0.6071 0.6089 -0.5106
vn 0.1805 0.9591 -0.2178
vn 0.5107 0.6063 -0.6096
vn 0.1231 0.9658 -0.2281
vn 0.4139 0.5709 -0.7090
vn -0.9899 -0.0000 0.1419
vn -0.9749 0.1082 0.1948
vn -0.9966 0.0828 0.0019
vn -1.0000 0.0001 -0.0000
vn -0.9513 -0.0005 0.3082
vn -0.9286 0.0757 0.3634
vn -0.8803 -0.0007 0.4745
vn -0.8443 0.1407 0.5170
vn -0.7660 -0.0002 0.6428
vn -0.7612 0.1106 0.6390
vn -0.6546 0.1404 0.7428
vn -0.6177 -0.0000 0.7864
vn -0.5177 0.0758 0.8522
vn -0.4699 -0.0000 0.8827
vn -0.9068 -0.0000 0.4216
vn 0.1460 -0.0000 -0.9893
vn 0.4251 0.0001 -0.9051
vn 0.0269 -0.0000 -0.9996
vn -0.2602 -0.0000 -0.9655
vn -0.5233 -0.0000 -0.8522
vn -0.6186 -0.0000 -0.7857
vn -0.7824 -0.0000 -0.6228
vn -0.8508 -0.0000 -0.5255
vn -0.9495 -0.0002 -0.3139
vn -0.9798 -0.0000 -0.2002
vn -0.9996 -0.0000 0.0288
vn -0.9896 -0.0000 0.1441
vn 0.2463 0.6937 -0.6769
vn 0.0752 0.9740 -0.2135
vn 0.0582 0.9555 -0.2893
vn 0.1519 0.6025 -0.7835
vn 0.0001 0.9662 -0.2578
vn 0.0204 0.5521 -0.8335
vn -0.3378 0.1074 0.9351
vn -0.3398 -0.0000 0.9405
vn -0.1740 -0.0000 0.9847
vn -0.1729 0.1088 0.9789
vn -0.0291 0.1077 0.9938
vn 0.0367 -0.0051 0.9993
vn 0.0001 -1.0000 -0.0000
vn -0.0000 -1.0000 -0.0000
vn -0.0001 -1.0000 -0.0000
vn 0.0002 -1.0000 -0.0000
vn 0.0001 1.0000 -0.0000
vn -0.0001 1.0000 -0.0000
vn 0.0006 1.0000 -0.0006
vn -0.0002 1.0000 -0.0000
vn -0.0000 1.0000 -0.0000
vn 0.0006 1.0000 -0.0004
vn 0.0006 1.0000 -0.0000
vn 0.0008 1.0000 -0.0000
vn 0.0002 1.0000 -0.0000
vn 0.0007 1.0000 -0.0003
vn 0.0007 1.0000 -0.0002
vn 0.0002 1.0000 -0.0007
vn -0.0000 1.0000 -0.0008
vn -0.0000 1.0000 -0.0007
vn -0.0051 -1.0000 0.0010
vn -0.0042 -1.0000 0.0016
vn -0.0024 -1.0000 0.0014
vn -0.0044 -1.0000 0.0036
vn -0.0012 -1.0000 0.0001
vn -0.0018 -1.0000 0.0020
vn -0.0023 -1.0000 0.0036
vn -0.0001 -1.0000 0.0010
vn -0.0009 -1.0000 0.0052
vn -0.0018 -1.0000 0.0042
vn 0.0008 -1.0000 0.0056
vn 0.0104 0.9999 -0.0087
vn 0.0071 0.9999 -0.0090
vn 0.0007 1.0000 -0.0000
vn 0.0082 1.0000 -0.0001
vn 0.0097 1.0000 -0.0022
vn 0.0066 1.0000 -0.0038
vn 0.0098 0.9999 -0.0038
vn 0.0043 1.0000 -0.0074
vn 0.0036 1.0000 -0.0091
vn 0.0023 0.9999 -0.0111
vn -0.0000 1.0000 -0.0071
vn -0.7480 0.0001 -0.6637
vn -0.9051 -0.0005 -0.4251
vn -0.9051 -0.0002 -0.4251
vn -0.6666 -0.0000 -0.7454
vn 0.7071 -0.0000 0.7071
vn 0.4261 -0.0001 0.9047
vn 0.4250 -0.0000 0.9052
vn -0.0835 0.0001 0.9965
vn -0.2539 -0.0001 0.9672
vn -0.2547 -0.0001 0.9670
vn -0.0840 0.0002 0.9965
vn -0.5752 -0.0001 0.8180
vn -0.5752 -0.0000 0.8180
vn 0.2631 -0.0005 0.9648
vn 0.2616 -0.0002 0.9652
vn -0.8203 -0.0000 0.5719
vn -0.9656 -0.0000 0.2601
vn -0.9963 -0.0002 -0.0856
vn -0.9964 -0.0000 -0.0843
vn 0.9881 0.1539 0.0035
vn 0.4520 0.8920 -0.0083
vn 0.4905 0.8670 0.0877
vn 0.9865 0.0653 0.1499
vn 0.4400 0.8811 0.1736
vn 0.9397 0.0697 0.3347
vn 0.4305 0.8638 0.2619
vn 0.8586 0.1439 0.4920
vn 0.7652 0.0706 0.6399
vn 0.3398 0.8927 0.2959
vn 0.3020 0.8823 0.3612
vn 0.6156 0.1274 0.7777
vn 0.2503 0.8672 0.4305
vn 0.4708 0.0619 0.8800
vn 1.0000 -0.0039 0.0057
vn 0.9790 -0.0155 0.2032
vn 0.9412 -0.0157 0.3376
vn 0.8659 -0.0153 0.5000
vn 0.7658 -0.0148 0.6430
vn 0.6636 -0.0153 0.7479
vn 0.5212 -0.0153 0.8533
vn 0.9068 0.0001 0.4216
vn 0.9068 -0.0000 0.4216
vn -0.0866 -0.0001 -0.9962
vn -0.4778 -0.0000 -0.8785
vn -0.3711 -0.0000 -0.9286
vn 0.2602 -0.0000 -0.9656
vn 0.2601 0.0001 -0.9656
vn 0.6186 -0.0000 -0.7857
vn 0.5232 0.0001 -0.8522
vn 0.8179 -0.0000 -0.5753
vn 0.8180 -0.0000 -0.5753
vn 0.9495 -0.0000 -0.3138
vn 0.9798 -0.0000 -0.2001
vn 0.9996 -0.0000 0.0289
vn 0.9896 -0.0000 0.1441
vn 0.1566 0.8799 0.4486
vn 0.3395 0.1417 0.9299
vn 0.1781 0.0970 0.9792
vn 0.0819 0.8977 0.4330
vn 0.0139 0.8802 0.4744
vn 0.3400 -0.0150 0.9403
vn 0.1848 -0.0151 0.9827
vn -0.0002 -1.0000 -0.0000
vn -0.0006 1.0000 -0.0005
vn -0.0005 1.0000 -0.0007
vn -0.0005 1.0000 -0.0000
vn -0.0007 1.0000 -0.0000
vn -0.0010 1.0000 -0.0003
vn -0.0006 1.0000 0.0002
vn -0.0003 1.0000 -0.0007
vn -0.0002 1.0000 -0.0008
vn -0.0001 1.0000 -0.0007
vn 0.0049 -1.0000 0.0008
vn 0.0027 -1.0000 0.0008
vn 0.0054 -1.0000 0.0031
vn 0.0030 -1.0000 0.0026
vn 0.0011 -1.0000 -0.0003
vn 0.0027 -1.0000 0.0002
vn 0.0030 -1.0000 0.0038
vn 0.0019 -1.0000 0.0034
vn 0.0008 -1.0000 0.0039
vn 0.0009 -1.0000 0.0026
vn -0.0051 1.0000 -0.0061
vn -0.0128 0.9999 -0.0107
vn -0.0075 1.0000 -0.0000
vn -0.0005 1.0000 -0.0001
vn -0.0108 0.9999 -0.0021
vn -0.0098 0.9999 -0.0052
vn -0.0064 1.0000 -0.0022
vn -0.0054 0.9999 -0.0087
vn -0.0055 0.9999 -0.0149
vn -0.0012 1.0000 -0.0071
vn 0.7480 -0.0001 0.6636
vn 0.9051 -0.0004 0.4251
vn 0.9051 -0.0002 0.4252
vn 0.6666 -0.0000 0.7454
vn -0.6646 -0.0000 -0.7472
vn -0.4272 -0.0000 -0.9041
vn -0.4261 -0.0001 -0.9047
vn -0.7472 0.0002 -0.6647
vn 0.1972 -0.0000 -0.9804
vn 0.3122 0.0001 -0.9500
vn -0.0284 -0.0002 -0.9996
vn -0.1451 -0.0001 -0.9894
vn 0.5255 -0.0000 -0.8508
vn 0.6228 -0.0000 -0.7824
vn 0.7857 -0.0000 -0.6186
vn 0.8521 -0.0000 -0.5233
vn 0.9489 -0.0000 -0.3156
vn 0.9790 -0.0000 -0.2038
vn 0.9997 -0.0000 0.0251
vn 0.9894 -0.0002 0.1449
vn -0.9758 0.1074 -0.1902
vn -0.5058 0.8626 -0.0114
vn -0.4671 0.8801 -0.0850
vn -0.4434 0.8810 -0.1650
vn -0.9270 0.1083 -0.3590
vn -0.8488 0.1978 -0.4903
vn -0.3831 0.8983 -0.2152
vn -0.3502 0.8928 -0.2832
vn -0.7621 0.0842 -0.6420
vn -0.3076 0.8810 -0.3595
vn -0.6304 0.1561 -0.7605
vn -0.2437 0.8670 -0.4346
vn -0.4947 0.0578 -0.8671
vn -0.9899 -0.0000 -0.1419
vn -0.9513 -0.0005 -0.3083
vn -0.8660 -0.0006 -0.5001
vn -0.7662 -0.0000 -0.6426
vn -0.6410 -0.0000 -0.7675
vn -0.4956 -0.0000 -0.8686
vn -0.9302 -0.0000 -0.3671
vn -0.8802 -0.0000 -0.4747
vn 0.3711 -0.0000 0.9286
vn 0.0269 -0.0000 0.9996
vn 0.1462 -0.0000 0.9893
vn 0.4778 -0.0000 0.8785
vn -0.0911 -0.0000 0.9958
vn -0.5232 -0.0001 0.8522
vn -0.4220 -0.0000 0.9066
vn -0.4219 -0.0001 0.9066
vn -0.6186 -0.0000 0.7857
vn -0.7823 -0.0000 0.6229
vn -0.8508 -0.0000 0.5255
vn -0.9495 -0.0000 0.3139
vn -0.9798 -0.0000 0.2000
vn -0.9996 -0.0000 -0.0289
vn -0.9896 -0.0000 -0.1441
vn -0.3160 0.1080 -0.9426
vn -0.1617 0.8623 -0.4800
vn -0.0819 0.8977 -0.4330
vn -0.1469 0.1385 -0.9794
vn -0.0000 0.8798 -0.4754
vn 0.0273 0.0748 -0.9968
vn -0.3663 -0.0000 -0.9305
vn -0.2027 -0.0001 -0.9792
vn -0.0291 -0.0000 -0.9996
vn 0.0007 1.0000 0.0004
vn 0.0006 1.0000 0.0006
vn 0.0007 1.0000 0.0003
vn 0.0009 1.0000 -0.0002
vn 0.0004 1.0000 0.0008
vn 0.0003 1.0000 0.0008
vn -0.0000 1.0000 0.0007
vn -0.0025 -1.0000 -0.0009
vn -0.0039 -1.0000 -0.0008
vn -0.0053 -1.0000 -0.0031
vn -0.0020 -1.0000 -0.0017
vn -0.0055 -1.0000 -0.0004
vn -0.0040 -1.0000 -0.0049
vn -0.0017 -1.0000 -0.0034
vn -0.0008 -1.0000 -0.0039
vn -0.0000 -1.0000 -0.0020
vn -0.0011 -1.0000 -0.0029
vn 0.0116 0.9999 0.0099
vn 0.0081 0.9999 0.0101
vn 0.0098 1.0000 0.0019
vn 0.0069 1.0000 0.0041
vn 0.0091 1.0000 0.0035
vn 0.0035 1.0000 0.0063
vn 0.0040 0.9999 0.0103
vn 0.0023 0.9999 0.0112
vn -0.0001 1.0000 0.0072
vn 0.0002 1.0000 0.0006
vn -0.8786 -0.0003 0.4776
vn -0.7085 -0.0000 0.7057
vn -0.7085 -0.0001 0.7057
vn -0.9284 -0.0003 0.3717
vn 0.4787 0.0002 -0.8780
vn 0.7472 -0.0000 -0.6646
vn 0.6646 -0.0000 -0.7472
vn 0.3724 -0.0000 -0.9281
vn 0.0286 -0.0001 -0.9996
vn -0.2553 -0.0000 -0.9669
vn -0.2548 -0.0000 -0.9670
vn 0.1450 -0.0001 -0.9894
vn -0.5255 -0.0000 -0.8508
vn -0.6227 -0.0000 -0.7824
vn -0.7857 -0.0000 -0.6186
vn -0.8521 -0.0000 -0.5233
vn -0.9489 -0.0001 -0.3156
vn -0.9790 -0.0000 -0.2038
vn -0.9963 -0.0001 0.0855
vn -0.9965 -0.0000 0.0842
vn -0.2780 0.9592 0.0512
vn -0.7885 0.5990 0.1393
vn -0.7681 0.6401 0.0162
vn -0.2262 0.9741 0.0023
vn -0.7561 0.6043 0.2512
vn -0.2394 0.9662 0.0953
vn -0.2195 0.9661 0.1356
vn -0.7119 0.5720 0.4074
vn -0.1928 0.9661 0.1718
vn -0.5993 0.6078 0.5210
vn -0.4870 0.6605 0.5714
vn -0.1604 0.9660 0.2029
vn -0.1117 0.9739 0.1975
vn -0.3976 0.6062 0.6887
vn 0.9799 0.1390 -0.1433
vn 0.9806 -0.0003 -0.1959
vn 0.9413 -0.0007 -0.3377
vn 0.9373 0.0839 -0.3382
vn 0.8803 -0.0007 -0.4745
vn 0.8496 0.0761 -0.5220
vn 0.7844 -0.0002 -0.6202
vn 0.7458 0.1096 -0.6571
vn 0.6637 -0.0000 -0.7480
vn 0.6181 0.1095 -0.7784
vn 0.4956 0.0001 -0.8685
vn 0.4860 0.1963 -0.8516
vn 0.9068 -0.0000 -0.4216
vn -0.2612 -0.0000 0.9653
vn -0.4252 -0.0001 0.9051
vn -0.4251 -0.0001 0.9051
vn -0.2612 -0.0001 0.9653
vn 0.2039 -0.0000 0.9790
vn 0.0910 0.0002 0.9959
vn 0.0910 -0.0000 0.9958
vn 0.3157 -0.0000 0.9489
vn 0.5719 -0.0000 0.8203
vn 0.7824 -0.0000 0.6228
vn 0.8508 -0.0000 0.5255
vn 0.9663 -0.0000 0.2575
vn 0.9962 -0.0000 -0.0866
vn -0.0917 0.9660 0.2418
vn -0.2517 0.6018 0.7580
vn -0.0555 0.9477 0.3143
vn -0.1391 0.6000 0.7878
vn -0.0000 0.9788 0.2046
vn -0.0164 0.6407 0.7676
vn 0.3635 0.0748 -0.9286
vn 0.3131 0.0002 -0.9497
vn 0.1976 0.1384 -0.9705
vn 0.1451 -0.0000 -0.9894
vn -0.0008 1.0000 0.0005
vn -0.0007 1.0000 0.0006
vn -0.0008 1.0000 -0.0000
vn -0.0007 1.0000 0.0004
vn -0.0008 1.0000 -0.0003
vn -0.0004 1.0000 0.0007
vn -0.0002 1.0000 0.0007
vn 0.0036 -1.0000 -0.0014
vn 0.0052 -1.0000 -0.0009
vn 0.0037 -1.0000 -0.0021
vn 0.0032 -1.0000 -0.0028
vn 0.0019 -1.0000 -0.0022
vn 0.0021 -1.0000 -0.0037
vn 0.0003 -1.0000 -0.0048
vn 0.0002 -1.0000 -0.0027
vn 0.0021 -1.0000 -0.0058
vn -0.0061 1.0000 0.0048
vn -0.0088 0.9999 0.0104
vn -0.0109 0.9999 0.0023
vn -0.0106 0.9999 0.0064
vn -0.0091 1.0000 0.0035
vn -0.0044 1.0000 0.0076
vn -0.0041 0.9999 0.0102
vn -0.0020 0.9999 0.0103
vn 0.8738 0.4524 -0.1781
vn 0.9039 0.4278 -0.0000
vn 0.8291 0.4535 -0.3271
vn 0.7515 0.4699 -0.4631
vn 0.6802 0.4571 -0.5730
vn 0.5767 0.4432 -0.6863
vn 0.4344 0.4960 -0.7519
vn 0.3061 0.4402 -0.8441
vn 0.1294 0.4517 -0.8828
vn -0.0257 0.4361 -0.8995
vn -0.8396 0.5224 -0.1487
vn -0.8995 0.4361 -0.0254
vn -0.8672 0.4745 -0.1513
vn -0.8379 0.4680 -0.2809
vn -0.7126 0.6444 -0.2774
vn -0.7824 0.4534 -0.4270
vn -0.7085 0.5572 -0.4331
vn -0.7035 0.4392 -0.5587
vn -0.5994 0.6078 -0.5209
vn -0.5719 0.4549 -0.6827
vn -0.4598 0.6984 -0.5485
vn -0.4377 0.4761 -0.7627
vn -0.4076 0.5692 -0.7140
vn -0.3318 0.4370 -0.8360
vn -0.2664 0.5515 -0.7905
vn -0.1771 0.4667 -0.8665
vn -0.1176 0.6400 -0.7594
vn 0.8672 0.4744 0.1512
vn 0.7847 0.6041 0.1389
vn 0.8461 0.4529 0.2811
vn 0.7384 0.6070 0.2939
vn 0.7760 0.4685 0.4223
vn 0.7084 0.5572 0.4332
vn 0.7034 0.4391 0.5589
vn 0.5994 0.6077 0.5210
vn 0.5916 0.4554 0.6653
vn 0.5000 0.6079 0.6168
vn 0.4458 0.4536 0.7717
vn 0.3590 0.6958 0.6221
vn 0.2856 0.6025 0.7453
vn 0.2807 0.4516 0.8469
vn 0.1482 0.5233 0.8392
vn 0.1508 0.4734 0.8679
vn 0.0257 0.4359 0.8996
vn -0.8840 0.4410 0.1552
vn -0.8290 0.4536 0.3272
vn -0.7615 0.4768 0.4390
vn -0.6905 0.4698 0.5500
vn -0.5796 0.4306 0.6919
vn -0.4345 0.4960 0.7518
vn -0.3268 0.4525 0.8297
vn -0.1549 0.4404 0.8844
vn -0.4706 0.8798 0.0674
vn -0.4688 0.8679 0.1641
vn -0.3831 0.8982 0.2154
vn -0.3829 0.8679 0.3164
vn -0.2859 0.8983 0.3337
vn -0.2358 0.8797 0.4130
vn -0.1451 0.8975 0.4165
vn -0.0829 0.8671 0.4911
vn -0.2792 0.9591 -0.0475
vn -0.2125 0.9743 -0.0751
vn -0.2223 0.9665 -0.1285
vn -0.1928 0.9661 -0.1716
vn -0.1441 0.9740 -0.1751
vn -0.1329 0.9658 -0.2225
vn -0.1089 0.9479 -0.2995
vn -0.0415 0.9741 -0.2222
vn 0.2231 0.9741 0.0370
vn 0.2209 0.9724 0.0757
vn 0.2750 0.9482 0.1589
vn 0.1950 0.9662 0.1687
vn 0.1629 0.9662 0.1996
vn 0.1026 0.9788 0.1773
vn 0.1072 0.9556 0.2746
vn 0.0509 0.9590 0.2787
vn 0.4340 0.8974 -0.0796
vn 0.4788 0.8634 -0.1591
vn 0.4316 0.8681 -0.2452
vn 0.3398 0.8927 -0.2959
vn 0.3145 0.8635 -0.3944
vn 0.2079 0.9079 -0.3639
vn 0.1661 0.8668 -0.4702
vn 0.0821 0.8813 -0.4653
vn -0.1381 0.9904 0.0013
vn -0.1049 0.9942 0.0237
vn -0.0983 0.9943 0.0418
vn -0.0895 0.9942 0.0591
vn -0.0778 0.9942 0.0736
vn -0.0636 0.9942 0.0862
vn -0.0281 0.9981 0.0542
vn -0.0386 0.9943 0.0992
vn -0.0176 0.9970 0.0757
vn -0.0058 0.9890 0.1477
vn 0.1066 0.9942 0.0116
vn 0.0632 0.9980 -0.0019
vn 0.1029 0.9943 0.0295
vn 0.1520 0.9845 0.0878
vn 0.0471 0.9980 0.0419
vn 0.0872 0.9905 0.1064
vn 0.0461 0.9944 0.0949
vn 0.0220 0.9970 0.0738
vn 0.0155 0.9942 0.1063
vn -0.1051 0.9942 -0.0205
vn -0.1365 0.9891 -0.0550
vn -0.0649 0.9970 -0.0423
vn -0.0494 0.9980 -0.0391
vn -0.0729 0.9943 -0.0772
vn -0.0766 0.9894 -0.1235
vn -0.0364 0.9941 -0.1019
vn -0.0153 0.9942 -0.1063
vn -0.0000 0.9945 -0.1044
vn 0.1064 0.9942 -0.0148
vn 0.1291 0.9905 -0.0472
vn 0.0896 0.9942 -0.0590
vn 0.0470 0.9980 -0.0419
vn 0.0872 0.9905 -0.1064
vn 0.0281 0.9981 -0.0542
vn 0.0386 0.9943 -0.0993
vn 0.0190 0.9941 -0.1071
vn -0.7116 -0.7023 0.0206
vn -0.0153 -0.6994 0.7146
vn 0.7089 -0.7052 0.0082
vn -0.0000 -0.6962 -0.7179
vn -0.6747 -0.7049 0.2189
vn -0.6984 -0.7056 0.1197
vn -0.6137 -0.7057 0.3541
vn -0.5428 -0.7059 0.4551
vn -0.4543 -0.7056 0.5438
vn -0.3340 -0.7036 0.6272
vn -0.1238 -0.7026 0.7008
vn -0.2233 -0.7014 0.6769
vn 0.6923 -0.7104 0.1268
vn 0.6617 -0.7112 0.2375
vn 0.6080 -0.7122 0.3509
vn 0.5519 -0.7107 0.4362
vn 0.4664 -0.7113 0.5259
vn 0.3665 -0.7116 0.5994
vn 0.1138 -0.7026 0.7025
vn 0.2402 -0.7088 0.6632
vn -0.6668 -0.7058 -0.2393
vn -0.7037 -0.7033 -0.1010
vn -0.6128 -0.7067 -0.3536
vn -0.5428 -0.7056 -0.4554
vn -0.4536 -0.7066 -0.5431
vn -0.3688 -0.7064 -0.6042
vn -0.1037 -0.7003 -0.7063
vn -0.2417 -0.7033 -0.6686
vn 0.6746 -0.7050 -0.2190
vn 0.6984 -0.7056 -0.1197
vn 0.6237 -0.7056 -0.3363
vn 0.5560 -0.7057 -0.4391
vn 0.4543 -0.7056 -0.5438
vn 0.3340 -0.7035 -0.6274
vn 0.1241 -0.7022 -0.7011
vn 0.2415 -0.7035 -0.6684
vn 0.0260 0.1995 -0.9796
vn -0.6623 -0.0453 -0.7478
vn -0.5639 0.0089 -0.8258
vn 0.2242 0.1927 -0.9553
vn 0.5236 0.2437 -0.8163
vn 0.5087 0.3056 -0.8049
vn 0.9593 0.1926 0.2065
vn 0.9188 0.1997 0.3405
vn 0.9365 0.3056 -0.1721
vn 0.9573 0.2225 -0.1845
vn 0.5093 -0.0121 0.8605
vn 0.5601 -0.0000 0.8284
vn -0.1594 -0.2336 0.9592
vn -0.1691 -0.1855 0.9680
vn -0.7994 -0.2622 0.5405
vn -0.7823 -0.3294 0.5287
vn -0.9617 -0.2630 -0.0772
vn -0.9430 -0.1753 -0.2829
vn -0.5082 0.0129 -0.8611
vn 0.1829 0.1015 -0.9779
vn 0.5426 0.1327 -0.8295
vn 0.9739 0.1141 -0.1961
vn 0.9868 0.1211 0.1074
vn 0.6653 0.0191 0.7463
vn -0.1338 -0.1044 0.9855
vn -0.8219 -0.1230 0.5561
vn -0.9744 -0.1143 -0.1938
vn -0.5026 0.0011 -0.8645
vn 0.2310 0.0265 -0.9726
vn 0.5500 0.0283 -0.8347
vn 0.9798 0.0063 -0.2000
vn 0.9697 0.0249 0.2429
vn 0.4381 -0.0069 0.8989
vn -0.3224 -0.0229 0.9463
vn -0.8278 -0.0258 0.5605
vn -0.9827 -0.0163 -0.1846
vn -0.6726 0.0355 -0.7392
vn 0.0787 -0.1185 -0.9898
vn 0.5429 -0.1000 -0.8339
vn 0.9613 -0.2049 -0.1844
vn 0.9761 -0.1130 0.1857
vn 0.6298 -0.0117 0.7766
vn -0.0492 0.1061 0.9931
vn -0.8125 0.1890 0.5514
vn -0.9696 0.1374 -0.2023
vn -0.5654 0.0571 -0.8228
vn -0.0803 -0.4218 -0.9031
vn 0.3503 -0.5970 -0.7217
vn 0.7998 -0.5971 -0.0613
vn 0.8306 -0.4764 0.2885
vn 0.5116 0.0682 0.8565
vn -0.1463 0.5090 0.8483
vn -0.6440 0.6888 0.3328
vn -0.8809 0.3951 -0.2606
vn -0.5568 -0.0271 -0.8302
vn -0.1628 -0.7592 -0.6302
vn -0.0051 -0.8859 -0.4638
vn 0.4957 -0.8575 0.1374
vn 0.5474 -0.6715 0.4994
vn 0.5950 -0.0395 0.8027
vn 0.2679 0.6549 0.7067
vn -0.2583 0.9315 0.2562
vn -0.5809 0.7113 -0.3958
vn -0.5740 0.0846 -0.8145
vn -0.4280 -0.6049 -0.6715
vn -0.1714 -0.9247 -0.3399
vn 0.2705 -0.9188 0.2874
vn 0.4741 -0.6296 0.6155
vn 0.5727 0.0833 0.8155
vn 0.3379 0.7712 0.5396
vn -0.1047 0.9944 -0.0167
vn -0.4774 0.6463 -0.5953
vn -0.5922 -0.0669 -0.8030
vn -0.3596 -0.8022 -0.4765
vn -0.2298 -0.9267 -0.2972
vn 0.2237 -0.9206 0.3200
vn 0.4190 -0.6992 0.5793
vn 0.5870 -0.0730 0.8063
vn 0.4732 0.6104 0.6352
vn 0.0385 0.9986 0.0360
vn -0.4130 0.7028 -0.5793
vn -0.6261 -0.0924 -0.7742
vn -0.4263 -0.7147 -0.5545
vn -0.2296 -0.9268 -0.2972
vn 0.2649 -0.9205 0.2874
vn 0.4117 -0.7571 0.5072
vn 0.6252 -0.0519 0.7788
vn 0.4376 0.7110 0.5504
vn 0.0338 0.9969 0.0704
vn -0.4547 0.7016 -0.5487
vn -0.4417 -0.7135 -0.5439
vn -0.6633 0.0506 -0.7467
vn -0.2179 -0.9268 -0.3059
vn 0.2845 -0.9197 0.2707
vn 0.4898 -0.6996 0.5202
vn 0.6584 0.0691 0.7495
vn 0.3714 0.8023 0.4674
vn -0.1239 0.9887 -0.0847
vn -0.4913 0.7000 -0.5183
vn -0.5045 -0.6959 -0.5111
vn -0.6793 -0.0789 -0.7296
vn -0.2572 -0.9273 -0.2720
vn 0.4685 -0.6953 0.5450
vn 0.2438 -0.9195 0.3084
vn 0.6793 0.0855 0.7288
vn 0.5249 0.6479 0.5520
vn 0.1108 0.9913 0.0705
vn -0.4619 0.7026 -0.5413
vn -0.6565 -0.5771 -0.4859
vn -0.6698 0.0933 -0.7367
vn -0.4263 -0.8962 -0.1233
vn 0.1032 -0.8896 0.4449
vn 0.3940 -0.6159 0.6822
vn 0.6971 -0.0179 0.7167
vn 0.5881 0.6958 0.4123
vn 0.1626 0.9518 -0.2599
vn -0.3813 0.6224 -0.6835
vn -0.6853 0.0231 -0.7279
vn -0.8353 -0.5116 -0.2015
vn -0.7756 -0.5986 0.2006
vn -0.1710 -0.6745 0.7182
vn 0.0556 -0.5722 0.8182
vn 0.6918 -0.0463 0.7206
vn 0.8083 0.5513 0.2068
vn 0.5457 0.6495 -0.5295
vn -0.1534 0.5406 -0.8271
vn -0.6870 0.0286 -0.7261
vn -0.9849 -0.1551 -0.0764
vn -0.9225 -0.1362 0.3612
vn -0.3525 -0.2839 0.8917
vn 0.0079 -0.1575 0.9875
vn 0.7134 -0.0139 0.7006
vn 0.9752 0.2191 0.0304
vn 0.7555 0.2111 -0.6202
vn 0.0462 0.1861 -0.9814
vn -0.7414 0.0182 -0.6708
vn -0.9905 0.0617 0.1232
vn -0.9253 0.0715 0.3724
vn -0.3853 0.0653 0.9205
vn 0.1401 0.0381 0.9894
vn 0.7027 -0.0062 0.7115
vn 0.9971 -0.0337 0.0687
vn 0.7221 -0.0648 -0.6887
vn 0.0058 -0.0671 -0.9977
vn -0.7100 0.0140 -0.7041
vn -0.9838 0.1788 -0.0079
vn -0.9113 0.1985 0.3608
vn -0.3644 0.2417 0.8993
vn 0.0297 0.1582 0.9870
vn 0.7064 -0.0019 0.7078
vn 0.9867 -0.1593 0.0336
vn 0.7016 -0.2378 -0.6717
vn -0.0105 -0.1838 -0.9829
vn -0.7002 0.0122 -0.7139
vn -0.9587 0.2808 -0.0449
vn -0.8826 0.3307 0.3341
vn -0.3302 0.3801 0.8640
vn 0.0239 0.2669 0.9634
vn 0.7050 -0.0016 0.7092
vn 0.9638 -0.2633 0.0423
vn 0.6580 -0.3830 -0.6483
vn -0.0376 -0.2894 -0.9565
vn -0.6094 -0.0628 -0.7903
vn -0.9413 0.2798 -0.1888
vn -0.8508 0.4272 0.3059
vn -0.0804 0.3684 0.9262
vn -0.3145 0.4268 0.8479
vn 0.7041 -0.0012 0.7101
vn 0.9271 -0.3681 -0.0704
vn 0.5303 -0.4562 -0.7146
vn -0.0492 -0.3259 -0.9441
vn -0.0614 0.2169 -0.9743
vn -0.7225 -0.0495 -0.6896
vn -0.5216 0.0391 -0.8523
vn 0.2142 0.2293 -0.9495
vn 0.4482 0.2660 -0.8535
vn 0.4319 0.3320 -0.8386
vn 0.9733 0.2293 -0.0090
vn 0.9394 0.2169 0.2655
vn 0.9109 0.3320 -0.2452
vn 0.9287 0.2660 -0.2583
vn 0.6706 0.0120 0.7417
vn 0.6281 -0.0003 0.7781
vn -0.0725 -0.2540 0.9645
vn -0.0045 -0.1792 0.9838
vn -0.7047 -0.2959 0.6449
vn -0.7267 -0.3579 0.5863
vn -0.9583 -0.2857 -0.0004
vn -0.9674 -0.1801 -0.1782
vn -0.6949 -0.0189 -0.7188
vn -0.0399 0.0951 -0.9947
vn 0.4688 0.1460 -0.8712
vn 0.9480 0.1644 -0.2726
vn 0.9861 0.1031 0.1305
vn 0.5726 -0.0154 0.8197
vn -0.1853 -0.1331 0.9736
vn -0.8093 -0.1475 0.5685
vn -0.9781 -0.0970 -0.1843
vn -0.6317 -0.0001 -0.7752
vn 0.1221 0.0280 -0.9921
vn 0.4774 0.0078 -0.8786
vn 0.9584 0.0482 -0.2812
vn 0.9907 0.0158 0.1349
vn 0.6207 0.0009 0.7840
vn -0.1076 -0.0348 0.9936
vn -0.7298 -0.0145 0.6835
vn -0.9993 -0.0179 -0.0331
vn -0.6072 -0.0165 -0.7943
vn 0.2178 -0.1430 -0.9655
vn 0.4628 -0.1628 -0.8714
vn 0.9493 -0.1646 -0.2677
vn 0.9576 -0.1079 0.2672
vn 0.6283 0.0015 0.7780
vn -0.0531 0.1131 0.9922
vn -0.7683 0.2088 0.6051
vn -0.9755 0.1887 -0.1133
vn -0.0802 -0.4815 -0.8728
vn -0.6542 -0.0214 -0.7560
vn 0.3229 -0.5452 -0.7736
vn 0.7084 -0.7028 -0.0651
vn 0.8536 -0.4416 0.2762
vn 0.6067 0.0089 0.7949
vn 0.0364 0.4375 0.8985
vn -0.5639 0.6773 0.4725
vn -0.8049 0.5321 -0.2628
vn -0.6336 -0.0228 -0.7733
vn -0.2905 -0.6967 -0.6559
vn -0.0107 -0.8670 -0.4981
vn 0.5934 -0.7073 0.3841
vn 0.3835 -0.9061 0.1788
vn 0.6195 -0.0690 0.7819
vn 0.2854 0.6414 0.7122
vn -0.2296 0.9638 0.1357
vn -0.6078 0.6160 -0.5011
vn -0.6227 -0.0043 -0.7825
vn -0.4054 -0.7106 -0.5750
vn -0.1836 -0.9167 -0.3549
vn 0.4785 -0.7077 0.5199
vn 0.2562 -0.9267 0.2749
vn 0.6087 -0.0244 0.7930
vn 0.4075 0.6883 0.6002
vn 0.0238 0.9940 0.1069
vn -0.4393 0.7489 -0.4961
vn -0.6169 0.0178 -0.7868
vn -0.4495 -0.6953 -0.5609
vn -0.2466 -0.9201 -0.3044
vn 0.2199 -0.9274 0.3025
vn 0.4512 -0.6728 0.5863
vn 0.6140 0.0767 0.7856
vn 0.4417 0.7056 0.5540
vn 0.0099 0.9999 -0.0051
vn -0.4237 0.7138 -0.5577
vn -0.6182 0.0262 -0.7856
vn -0.4482 -0.6883 -0.5704
vn -0.2484 -0.9200 -0.3032
vn 0.2387 -0.9276 0.2874
vn 0.4261 -0.7254 0.5405
vn 0.6194 -0.0102 0.7850
vn 0.4386 0.7114 0.5491
vn -0.0380 0.9984 -0.0428
vn -0.4693 0.6595 -0.5872
vn -0.4461 -0.6909 -0.5689
vn -0.6278 0.0769 -0.7745
vn -0.2314 -0.9199 -0.3166
vn 0.2432 -0.9275 0.2839
vn 0.4098 -0.7727 0.4848
vn 0.6280 -0.0072 0.7782
vn 0.3743 0.7915 0.4831
vn -0.0531 0.9975 -0.0455
vn -0.4104 0.7715 -0.4862
vn -0.5137 -0.6764 -0.5279
vn -0.6318 -0.0594 -0.7728
vn -0.2862 -0.9179 -0.2749
vn 0.3917 -0.7038 0.5927
vn 0.1702 -0.9231 0.3448
vn 0.6327 0.0694 0.7713
vn 0.5248 0.6318 0.5705
vn 0.1341 0.9909 -0.0134
vn -0.4196 0.6757 -0.6061
vn -0.6602 -0.5849 -0.4712
vn -0.5773 0.0907 -0.8115
vn -0.4611 -0.8756 -0.1439
vn -0.0430 -0.8588 0.5106
vn 0.2470 -0.5849 0.7726
vn 0.6098 -0.0036 0.7926
vn 0.6039 0.6702 0.4315
vn 0.3510 0.9005 -0.2565
vn -0.2082 0.6672 -0.7152
vn -0.5442 -0.0130 -0.8388
vn -0.8005 -0.4597 -0.3846
vn -0.7489 -0.6608 0.0496
vn -0.3232 -0.6341 0.7025
vn -0.1207 -0.5306 0.8390
vn 0.5378 0.0074 0.8430
vn 0.7727 0.5520 0.3136
vn 0.6265 0.6464 -0.4355
vn 0.0148 0.4884 -0.8725
vn -0.5229 -0.0357 -0.8517
vn -0.9315 -0.2481 -0.2659
vn -0.9600 -0.2231 0.1693
vn -0.4993 -0.3232 0.8039
vn -0.1765 -0.1601 0.9712
vn 0.5555 0.0421 0.8304
vn 0.9249 0.3040 0.2283
vn 0.8459 0.2727 -0.4583
vn 0.2306 0.1930 -0.9537
vn -0.5889 -0.0069 -0.8082
vn -0.9964 0.0302 -0.0794
vn -0.9830 0.0415 0.1788
vn -0.5623 0.0527 0.8253
vn -0.0603 0.0419 0.9973
vn 0.5442 0.0169 0.8388
vn 0.9633 0.0070 0.2683
vn 0.8468 -0.0418 -0.5302
vn 0.2078 -0.0686 -0.9758
vn -0.5513 0.0120 -0.8342
vn -0.9611 0.1809 -0.2086
vn -0.9651 0.2015 0.1671
vn -0.1706 0.1624 0.9719
vn -0.5387 0.2475 0.8053
vn 0.5485 0.0011 0.8362
vn 0.9590 -0.1609 0.2334
vn 0.8227 -0.2426 -0.5141
vn 0.1896 -0.1885 -0.9636
vn -0.5378 0.0151 -0.8429
vn -0.9260 0.2898 -0.2418
vn -0.9293 0.3397 0.1452
vn -0.4958 0.3889 0.7765
vn -0.2419 0.2817 0.9285
vn 0.4989 0.0245 0.8663
vn 0.9319 -0.2720 0.2397
vn 0.7726 -0.3929 -0.4987
vn 0.1563 -0.2945 -0.9428
vn -0.4337 -0.0601 -0.8991
vn -0.8779 0.2916 -0.3797
vn -0.8891 0.4412 0.1224
vn -0.1410 0.3322 0.9326
vn -0.4765 0.4370 0.7628
vn 0.6382 -0.0711 0.7666
vn 0.9162 -0.3813 0.1236
vn 0.6592 -0.4682 -0.5884
vn 0.1416 -0.3315 -0.9328
vn -0.1258 0.2471 -0.9608
vn -0.6714 -0.0001 -0.7411
vn -0.6297 0.0140 -0.7767
vn 0.1511 0.2636 -0.9527
vn 0.3892 0.3059 -0.8689
vn 0.3691 0.3783 -0.8489
vn 0.9630 0.2635 -0.0567
vn 0.9436 0.2474 0.2199
vn 0.8810 0.3784 -0.2839
vn 0.9030 0.3058 -0.3016
vn 0.7108 0.0137 0.7033
vn 0.6712 -0.0001 0.7413
vn 0.0576 -0.2063 0.9768
vn -0.0071 -0.2896 0.9571
vn -0.6563 -0.3394 0.6738
vn -0.6767 -0.4079 0.6130
vn -0.9532 -0.2895 -0.0873
vn -0.9744 -0.2136 -0.0698
vn -0.7343 -0.0219 -0.6785
vn -0.0996 0.1108 -0.9888
vn 0.4151 0.1703 -0.8937
vn 0.9270 0.1913 -0.3226
vn 0.9897 0.1201 0.0781
vn 0.6174 -0.0179 0.7864
vn -0.1262 -0.1545 0.9799
vn -0.7728 -0.1715 0.6111
vn -0.9851 -0.1127 -0.1298
vn -0.6762 -0.0012 -0.7367
vn 0.0628 0.0152 -0.9979
vn 0.4253 -0.0263 -0.9047
vn 0.9416 0.0421 -0.3342
vn 0.9911 -0.0074 0.1330
vn 0.6118 0.0113 0.7909
vn -0.0506 -0.0271 0.9984
vn -0.6896 0.0192 0.7240
vn -0.9997 0.0020 0.0232
vn -0.6824 -0.0030 -0.7309
vn 0.0256 -0.1923 -0.9810
vn 0.3765 -0.3298 -0.8657
vn 0.9164 -0.2608 -0.3035
vn 0.9660 -0.1986 0.1656
vn 0.6766 0.0327 0.7356
vn -0.0347 0.1725 0.9844
vn -0.7137 0.3060 0.6300
vn -0.9622 0.2605 -0.0793
vn -0.6588 -0.0346 -0.7515
vn -0.0116 -0.5604 -0.8281
vn 0.2104 -0.6602 -0.7210
vn 0.6894 -0.7177 -0.0982
vn 0.8489 -0.4769 0.2280
vn 0.7085 -0.0359 0.7048
vn 0.1323 0.4433 0.8865
vn -0.5161 0.7115 0.4768
vn -0.8056 0.5483 -0.2245
vn -0.6705 -0.0060 -0.7419
vn -0.3106 -0.6755 -0.6688
vn -0.0098 -0.8526 -0.5225
vn 0.6269 -0.7071 0.3272
vn 0.4158 -0.8996 0.1336
vn 0.6568 -0.0676 0.7510
vn 0.2972 0.6385 0.7099
vn -0.2474 0.9543 0.1678
vn -0.6424 0.6185 -0.4525
vn -0.6557 0.0042 -0.7550
vn -0.4271 -0.7033 -0.5682
vn -0.1895 -0.9125 -0.3625
vn 0.4650 -0.7580 0.4575
vn 0.2874 -0.9274 0.2395
vn 0.6392 -0.0280 0.7686
vn 0.4245 0.6842 0.5930
vn 0.0228 0.9928 0.1175
vn -0.4630 0.7531 -0.4675
vn -0.6393 0.0173 -0.7688
vn -0.4671 -0.6951 -0.5465
vn -0.2613 -0.9173 -0.3004
vn 0.2254 -0.9300 0.2904
vn 0.4966 -0.6163 0.6112
vn 0.6382 0.0673 0.7669
vn 0.4632 0.6967 0.5478
vn 0.0182 0.9998 0.0040
vn -0.4333 0.7183 -0.5443
vn -0.6173 0.0156 -0.7866
vn -0.4447 -0.6956 -0.5642
vn -0.2541 -0.9173 -0.3065
vn 0.2325 -0.9299 0.2850
vn 0.4282 -0.7186 0.5480
vn 0.6236 -0.0171 0.7816
vn 0.4465 0.6951 0.5635
vn 0.0084 0.9999 0.0138
vn -0.4333 0.7182 -0.5445
vn -0.4278 -0.6937 -0.5795
vn -0.6001 0.0775 -0.7962
vn -0.2283 -0.9172 -0.3266
vn 0.2269 -0.9300 0.2893
vn 0.3909 -0.7742 0.4977
vn 0.6015 -0.0154 0.7987
vn 0.3628 0.7874 0.4984
vn -0.0823 0.9926 -0.0888
vn -0.4254 0.7188 -0.5500
vn -0.4801 -0.6734 -0.5622
vn -0.5972 -0.0527 -0.8003
vn -0.2678 -0.9161 -0.2983
vn 0.3738 -0.7118 0.5946
vn 0.1663 -0.9274 0.3352
vn 0.5979 0.0611 0.7993
vn 0.4928 0.6268 0.6036
vn 0.1185 0.9928 0.0146
vn -0.4004 0.6821 -0.6119
vn -0.5567 0.1104 -0.8233
vn -0.6198 -0.5466 -0.5631
vn -0.4646 -0.8700 -0.1653
vn 0.0275 -0.8979 0.4393
vn 0.1920 -0.6414 0.7428
vn 0.5889 -0.0336 0.8075
vn 0.5702 0.6704 0.4749
vn 0.3409 0.9132 -0.2232
vn -0.2048 0.6958 -0.6884
vn -0.5314 0.0108 -0.8471
vn -0.8160 -0.4681 -0.3391
vn -0.8490 -0.5223 0.0798
vn -0.3181 -0.6600 0.6806
vn -0.1443 -0.4235 0.8943
vn 0.5324 -0.0120 0.8464
vn 0.7957 0.5129 0.3222
vn 0.6913 0.5663 -0.4488
vn 0.0545 0.4708 -0.8805
vn -0.5656 -0.0267 -0.8242
vn -0.9677 -0.1796 -0.1769
vn -0.9806 -0.1097 0.1626
vn -0.5521 -0.1959 0.8104
vn -0.2218 -0.0818 0.9716
vn 0.4546 0.0294 0.8902
vn 0.9419 0.1771 0.2853
vn 0.8773 0.1584 -0.4530
vn 0.2667 0.1112 -0.9574
vn -0.5408 -0.0042 -0.8411
vn -0.9858 0.0379 -0.1638
vn -0.9846 0.0623 0.1635
vn -0.5772 0.0737 0.8133
vn -0.0813 0.0561 0.9951
vn 0.5943 0.0199 0.8040
vn 0.9705 -0.0288 0.2395
vn 0.8551 -0.0695 -0.5137
vn 0.2244 -0.0766 -0.9715
vn -0.5388 0.0042 -0.8424
vn -0.9634 0.1509 -0.2216
vn -0.9730 0.1712 0.1547
vn -0.5602 0.2142 0.8002
vn -0.1935 0.1442 0.9704
vn 0.5334 0.0066 0.8458
vn 0.9597 -0.1344 0.2468
vn 0.8382 -0.2084 -0.5040
vn 0.2111 -0.1662 -0.9632
vn -0.5258 0.0041 -0.8506
vn -0.9373 0.2426 -0.2504
vn -0.9476 0.2880 0.1384
vn -0.5285 0.3385 0.7786
vn -0.2702 0.2474 0.9305
vn 0.4848 0.0297 0.8741
vn 0.9421 -0.2274 0.2464
vn 0.7994 -0.3375 -0.4970
vn 0.1860 -0.2604 -0.9474
vn -0.4176 -0.0624 -0.9065
vn -0.8902 0.2440 -0.3846
vn -0.9178 0.3780 0.1214
vn -0.1743 0.2953 0.9394
vn -0.5136 0.3825 0.7681
vn 0.6314 -0.0507 0.7738
vn 0.9375 -0.3238 0.1271
vn 0.6956 -0.4071 -0.5920
vn 0.1750 -0.2947 -0.9394
vn 0.9445 0.2828 -0.1672
vn 0.7199 0.0002 -0.6940
vn 0.7562 0.0151 -0.6542
vn 0.9480 0.2979 0.1116
vn 0.8704 0.3458 0.3505
vn 0.8416 0.4320 0.3242
vn 0.0770 0.2982 0.9514
vn -0.2015 0.2825 0.9379
vn 0.2934 0.4321 0.8528
vn 0.3186 0.3460 0.8825
vn -0.6810 0.0155 0.7321
vn -0.7198 0.0001 0.6942
vn -0.9430 -0.3308 0.0358
vn -0.9679 -0.2325 0.0949
vn -0.6821 -0.3842 -0.6221
vn -0.6145 -0.4651 -0.6372
vn 0.0702 -0.3305 -0.9412
vn 0.0459 -0.2404 -0.9696
vn 0.9843 0.1163 -0.1324
vn 0.6561 -0.0255 -0.7542
vn 0.9050 0.1802 0.3854
vn 0.3481 0.2073 0.9142
vn -0.0473 0.1273 0.9907
vn -0.7667 -0.0184 0.6417
vn -0.9819 -0.1651 -0.0923
vn -0.6348 -0.1793 -0.7516
vn 0.1017 -0.1190 -0.9877
vn 0.7148 -0.0003 -0.6993
vn 0.9997 -0.0109 0.0218
vn 0.9161 -0.0774 0.3935
vn 0.3629 0.0125 0.9317
vn -0.0466 -0.0368 0.9982
vn -0.7275 0.0002 0.6861
vn -0.9998 -0.0058 -0.0188
vn -0.7457 0.0690 -0.6627
vn -0.0480 0.0391 -0.9981
vn 0.7420 -0.0216 -0.6700
vn 0.9528 -0.2855 0.1032
vn 0.8761 -0.3340 0.3477
vn 0.3162 -0.3376 0.8866
vn -0.2000 -0.2187 0.9551
vn -0.7200 -0.0039 0.6939
vn -0.9743 0.2167 0.0616
vn -0.6422 0.3677 -0.6726
vn 0.0640 0.3037 -0.9506
vn 0.7004 -0.0124 -0.7137
vn 0.8668 -0.4805 -0.1335
vn 0.7756 -0.5810 0.2466
vn 0.1730 -0.6543 0.7361
vn -0.1537 -0.4522 0.8786
vn -0.7257 0.0085 0.6879
vn -0.8796 0.4633 0.1079
vn -0.4627 0.6855 -0.5622
vn 0.2199 0.4372 -0.8721
vn 0.6924 -0.0282 -0.7209
vn 0.7318 -0.6328 -0.2530
vn 0.6149 -0.7837 0.0873
vn 0.0411 -0.7942 0.6062
vn -0.1601 -0.6770 0.7183
vn -0.6925 -0.0336 0.7206
vn -0.7522 0.6122 0.2437
vn -0.3146 0.8883 -0.3347
vn 0.2512 0.5866 -0.7700
vn 0.6844 -0.0325 -0.7284
vn 0.6118 -0.7023 -0.3639
vn 0.4574 -0.8870 -0.0627
vn -0.0975 -0.8775 0.4696
vn -0.4054 -0.5998 0.6898
vn -0.7019 0.0164 0.7121
vn -0.6305 0.6882 0.3589
vn -0.2303 0.9637 -0.1350
vn 0.3273 0.7011 -0.6335
vn 0.6843 -0.0231 -0.7288
vn 0.5382 -0.7180 -0.4413
vn 0.3476 -0.9228 -0.1661
vn -0.2094 -0.9085 0.3616
vn -0.4632 -0.6345 0.6188
vn -0.6981 0.1082 0.7077
vn -0.5457 0.7190 0.4304
vn -0.0755 0.9915 -0.1064
vn 0.4454 0.6859 -0.5755
vn 0.6894 -0.0249 -0.7240
vn 0.4823 -0.7246 -0.4923
vn 0.2709 -0.9323 -0.2394
vn -0.2844 -0.9140 0.2894
vn -0.4482 -0.7448 0.4944
vn -0.6957 -0.0318 0.7176
vn -0.4911 0.7231 0.4859
vn 0.0520 0.9966 -0.0639
vn 0.5385 0.6266 -0.5634
vn 0.6998 0.0373 -0.7134
vn 0.4318 -0.7202 -0.5430
vn 0.2031 -0.9303 -0.3053
vn -0.3562 -0.9084 0.2191
vn -0.5443 -0.6854 0.4838
vn -0.6940 0.0870 0.7147
vn -0.3549 0.8086 0.4693
vn 0.1490 0.9888 -0.0052
vn 0.5076 0.7435 -0.4354
vn 0.4259 -0.6420 -0.6375
vn 0.6774 -0.0941 -0.7295
vn 0.0992 -0.9074 -0.4083
vn -0.6263 -0.6641 0.4085
vn -0.4366 -0.8885 0.1412
vn -0.6752 0.1006 0.7307
vn -0.4215 0.6455 0.6369
vn 0.1500 0.9680 0.2011
vn 0.6327 0.6352 -0.4429
vn 0.6912 0.0054 -0.7226
vn 0.2788 -0.6528 -0.7043
vn -0.0808 -0.8028 -0.5907
vn -0.5575 -0.8298 0.0236
vn -0.7640 -0.5827 0.2771
vn -0.6846 0.0109 0.7289
vn -0.2689 0.6587 0.7027
vn 0.3819 0.8586 0.3421
vn 0.7260 0.6236 -0.2900
vn 0.7330 0.0481 -0.6785
vn 0.1912 -0.4791 -0.8567
vn -0.2483 -0.6009 -0.7598
vn -0.7352 -0.6604 -0.1530
vn -0.8891 -0.4313 0.1533
vn -0.6791 0.0125 0.7340
vn -0.1318 0.5282 0.8388
vn 0.4928 0.6589 0.5684
vn 0.8652 0.4916 -0.0982
vn 0.6590 -0.0226 -0.7518
vn -0.1053 -0.3115 -0.9444
vn -0.3501 -0.3579 -0.8657
vn -0.8874 -0.3453 -0.3055
vn -0.9642 -0.2560 0.0689
vn -0.7721 -0.0323 0.6347
vn -0.0802 0.2928 0.9528
vn 0.6677 0.3830 0.6384
vn 0.9741 0.2206 -0.0491
vn 0.6883 0.0161 -0.7253
vn -0.0237 -0.0239 -0.9994
vn -0.3971 -0.0939 -0.9130
vn -0.9333 -0.0403 -0.3568
vn -0.9988 -0.0403 -0.0273
vn -0.6935 0.0256 0.7200
vn 0.0118 0.0552 0.9984
vn 0.7156 0.0512 0.6966
vn 0.9998 -0.0006 -0.0222
vn 0.6876 0.0186 -0.7259
vn -0.0198 0.1521 -0.9882
vn -0.3928 0.1527 -0.9068
vn -0.9202 0.1809 -0.3472
vn -0.9869 0.1170 0.1113
vn -0.6949 0.0111 0.7190
vn 0.0033 -0.1295 0.9916
vn 0.7011 -0.1953 0.6858
vn 0.9870 -0.1569 -0.0343
vn 0.6980 0.0227 -0.7158
vn 0.0220 0.2905 -0.9566
vn -0.3600 0.3304 -0.8725
vn -0.8717 0.3865 -0.3013
vn -0.9682 0.2432 0.0581
vn -0.6869 0.0041 0.7267
vn -0.0213 -0.2670 0.9635
vn 0.7037 -0.3989 0.5880
vn 0.9578 -0.2500 -0.1415
vn 0.7745 -0.0549 -0.6301
vn 0.1686 0.3041 -0.9376
vn -0.3224 0.4548 -0.8302
vn -0.9383 0.3359 0.0825
vn -0.8498 0.4454 -0.2820
vn -0.5987 -0.0793 0.7970
vn 0.0897 -0.3944 0.9145
vn 0.6347 -0.4844 0.6022
vn 0.9238 -0.3799 0.0480
vn 0.9437 0.3284 0.0392
vn 0.7773 -0.0002 -0.6292
vn 0.8103 0.0151 -0.5858
vn 0.9528 0.2655 0.1474
vn 0.8286 0.3754 0.4153
vn 0.8105 0.4320 0.3956
vn -0.0060 0.2981 0.9545
vn -0.2826 0.2823 0.9167
vn 0.2183 0.4320 0.8750
vn 0.2415 0.3462 0.9065
vn -0.7424 0.0154 0.6698
vn -0.7775 -0.0000 0.6289
vn -0.9725 -0.2325 0.0102
vn -0.9426 -0.3307 -0.0463
vn -0.5838 -0.3713 -0.7220
vn -0.5567 -0.4651 -0.6883
vn 0.1519 -0.3305 -0.9315
vn 0.2135 -0.2327 -0.9488
vn 0.9921 0.1165 -0.0458
vn 0.7195 -0.0254 -0.6940
vn 0.8682 0.1801 0.4624
vn 0.2678 0.2073 0.9409
vn -0.1849 0.1151 0.9760
vn -0.8561 -0.0264 0.5162
vn -0.9702 -0.1651 -0.1774
vn -0.6205 -0.1621 -0.7673
vn 0.1010 -0.1480 -0.9838
vn 0.7731 0.0009 -0.6343
vn 0.9871 -0.0322 0.1567
vn 0.8804 -0.0296 0.4733
vn 0.2800 -0.0323 0.9595
vn -0.1906 -0.0381 0.9809
vn -0.7747 0.0169 0.6321
vn -0.9944 -0.0065 -0.1057
vn -0.6268 0.0888 -0.7741
vn 0.0930 0.0153 -0.9956
vn 0.7978 -0.0175 -0.6026
vn 0.9671 -0.2472 0.0599
vn 0.8439 -0.3289 0.4238
vn 0.2257 -0.3903 0.8926
vn -0.1417 -0.2438 0.9594
vn -0.7759 0.0184 0.6306
vn -0.9742 0.2116 -0.0790
vn -0.6385 0.3961 -0.6599
vn 0.0760 0.2872 -0.9548
vn 0.7558 -0.0113 -0.6547
vn 0.8730 -0.4877 -0.0016
vn 0.7288 -0.6232 0.2837
vn 0.1057 -0.6584 0.7452
vn -0.2278 -0.4526 0.8621
vn -0.7686 0.0308 0.6390
vn -0.8948 0.4461 0.0190
vn -0.4653 0.6753 -0.5722
vn 0.2314 0.5022 -0.8332
vn 0.7405 -0.0334 -0.6712
vn 0.7233 -0.6530 -0.2244
vn 0.5813 -0.8060 0.1119
vn -0.0699 -0.8361 0.5440
vn -0.2709 -0.6401 0.7190
vn -0.7136 -0.0905 0.6947
vn -0.7678 0.5959 0.2354
vn -0.2905 0.8905 -0.3502
vn 0.3583 0.6292 -0.6898
vn 0.7269 -0.0345 -0.6859
vn 0.5831 -0.7244 -0.3676
vn 0.3983 -0.9130 -0.0886
vn -0.4430 -0.6591 0.6078
vn -0.2147 -0.8995 0.3804
vn -0.7483 0.0250 0.6629
vn -0.6050 0.7103 0.3598
vn -0.1079 0.9823 -0.1531
vn 0.4661 0.6750 -0.5719
vn 0.7255 -0.0345 -0.6873
vn 0.5174 -0.7315 -0.4440
vn 0.2938 -0.9348 -0.1995
vn -0.5402 -0.6326 0.5550
vn -0.2813 -0.9092 0.3069
vn -0.7303 0.1177 0.6729
vn -0.5228 0.7304 0.4396
vn -0.0067 0.9983 -0.0571
vn 0.5160 0.6818 -0.5186
vn 0.7192 0.0232 -0.6944
vn 0.4893 -0.7340 -0.4711
vn 0.2547 -0.9366 -0.2404
vn -0.3002 -0.9097 0.2868
vn -0.4853 -0.7382 0.4685
vn -0.7213 -0.0244 0.6922
vn -0.4932 0.7292 0.4743
vn 0.0673 0.9958 -0.0626
vn 0.5272 0.6817 -0.5074
vn 0.7104 -0.0315 -0.7031
vn 0.4627 -0.7307 -0.5020
vn 0.2302 -0.9361 -0.2660
vn -0.3296 -0.9085 0.2567
vn -0.5377 -0.6807 0.4976
vn -0.7077 0.0956 0.7000
vn -0.3858 0.8170 0.4285
vn 0.1185 0.9918 -0.0482
vn 0.5369 0.6819 -0.4967
vn 0.4611 -0.6575 -0.5959
vn 0.6877 -0.1047 -0.7184
vn 0.1443 -0.9239 -0.3544
vn -0.5995 -0.6674 0.4418
vn -0.3979 -0.8976 0.1900
vn -0.6860 0.1111 0.7191
vn -0.4567 0.6609 0.5955
vn 0.1038 0.9838 0.1461
vn 0.6083 0.6367 -0.4740
vn 0.6921 -0.0026 -0.7218
vn 0.3116 -0.6774 -0.6663
vn -0.0443 -0.8356 -0.5476
vn -0.5199 -0.8514 0.0699
vn -0.7101 -0.6561 0.2554
vn -0.7071 -0.0214 0.7067
vn -0.3020 0.6833 0.6647
vn 0.3429 0.8913 0.2967
vn 0.6976 0.6392 -0.3235
vn 0.7277 0.0491 -0.6841
vn 0.2089 -0.5107 -0.8340
vn -0.2238 -0.6470 -0.7289
vn -0.7052 -0.6994 -0.1162
vn -0.8651 -0.4398 0.2411
vn -0.6384 0.0765 0.7659
vn -0.1528 0.5615 0.8133
vn 0.4652 0.7065 0.5333
vn 0.8410 0.5260 -0.1270
vn 0.6546 -0.0223 -0.7556
vn -0.0990 -0.3466 -0.9328
vn -0.3414 -0.3997 -0.8507
vn -0.8766 -0.3875 -0.2854
vn -0.9537 -0.2881 0.0868
vn -0.7651 -0.0381 0.6427
vn -0.0851 0.3236 0.9424
vn 0.7076 0.3998 0.5826
vn 0.9557 0.2496 -0.1560
vn 0.6840 0.0166 -0.7293
vn -0.0288 -0.0270 -0.9992
vn -0.4017 -0.1057 -0.9096
vn -0.9359 -0.0433 -0.3495
vn -0.9989 -0.0438 -0.0182
vn -0.6870 0.0284 0.7261
vn 0.0169 0.0638 0.9978
vn 0.6654 0.0255 0.7461
vn 0.9993 0.0296 0.0244
vn 0.6830 0.0154 -0.7303
vn -0.0234 0.1659 -0.9859
vn -0.3961 0.1700 -0.9023
vn -0.9185 0.2041 -0.3388
vn -0.9837 0.1347 0.1192
vn -0.6901 0.0169 0.7235
vn 0.0060 -0.1409 0.9900
vn 0.7008 -0.2175 0.6794
vn 0.9832 -0.1775 -0.0433
vn 0.6926 0.0183 -0.7211
vn 0.0231 0.3108 -0.9502
vn -0.3565 0.3579 -0.8630
vn -0.8611 0.4203 -0.2861
vn -0.9605 0.2695 0.0698
vn -0.6823 0.0107 0.7310
vn -0.0037 -0.2928 0.9562
vn 0.6597 -0.4186 0.6241
vn 0.9448 -0.3175 -0.0803
vn 0.7678 -0.0660 -0.6373
vn 0.1715 0.3201 -0.9317
vn -0.3126 0.4844 -0.8171
vn -0.9259 0.3650 0.0973
vn -0.8367 0.4799 -0.2638
vn -0.5956 -0.0775 0.7995
vn 0.0829 -0.4182 0.9046
vn 0.7091 -0.5136 0.4831
vn 0.9264 -0.3638 -0.0969
vn 0.9063 0.3472 -0.2411
vn 0.6836 0.0001 -0.7299
vn 0.7195 0.0190 -0.6942
vn 0.9259 0.3760 0.0376
vn 0.8562 0.4367 0.2761
vn 0.8133 0.5300 0.2402
vn 0.0984 0.3761 0.9214
vn -0.1814 0.3468 0.9202
vn 0.2933 0.5302 0.7955
vn 0.3323 0.4368 0.8359
vn -0.6454 0.0191 0.7636
vn -0.6834 -0.0000 0.7300
vn -0.9416 -0.2950 0.1620
vn -0.9066 -0.4064 0.1139
vn -0.6449 -0.4684 -0.6039
vn -0.5994 -0.5708 -0.5612
vn 0.0542 -0.4062 -0.9122
vn 0.0997 -0.2948 -0.9503
vn 0.9693 0.1549 -0.1907
vn 0.6175 -0.0327 -0.7859
vn 0.9137 0.2400 0.3280
vn 0.3810 0.2729 0.8834
vn -0.0085 0.1687 0.9856
vn -0.7334 -0.0253 0.6793
vn -0.9755 -0.2176 -0.0321
vn -0.7595 -0.2316 -0.6079
vn -0.0837 -0.1860 -0.9790
vn 0.7104 -0.0132 -0.7037
vn 0.9952 -0.0390 0.0899
vn 0.9379 -0.0447 0.3439
vn 0.4054 -0.0468 0.9130
vn -0.1228 -0.0319 0.9919
vn -0.7394 0.0211 0.6729
vn -0.9994 -0.0062 0.0351
vn -0.6821 0.0891 -0.7258
vn 0.0510 0.0553 -0.9972
vn 0.6640 -0.0165 -0.7475
vn 0.9429 -0.2805 -0.1798
vn 0.8589 -0.4366 0.2678
vn 0.3250 -0.4396 0.8373
vn 0.0850 -0.3766 0.9225
vn -0.5982 -0.0622 0.7989
vn -0.9497 0.2829 0.1344
vn -0.6824 0.5074 -0.5262
vn -0.0219 0.3648 -0.9308
vn 0.6664 -0.0044 -0.7456
vn 0.8190 -0.5514 -0.1589
vn 0.7048 -0.6977 0.1284
vn 0.1780 -0.6983 0.6933
vn -0.2651 -0.4495 0.8531
vn -0.7438 0.1064 0.6599
vn -0.8241 0.5539 0.1182
vn -0.4801 0.7546 -0.4473
vn 0.1601 0.5565 -0.8153
vn 0.6634 -0.0088 -0.7482
vn 0.6826 -0.6503 -0.3334
vn 0.5672 -0.8236 0.0015
vn -0.0170 -0.8582 0.5130
vn -0.1996 -0.6763 0.7090
vn -0.6332 -0.1154 0.7653
vn -0.7200 0.5990 0.3504
vn -0.3027 0.9123 -0.2758
vn 0.2892 0.6560 -0.6971
vn 0.6644 -0.0131 -0.7472
vn 0.5565 -0.7045 -0.4404
vn 0.3975 -0.9049 -0.1518
vn -0.1654 -0.9119 0.3757
vn -0.3749 -0.6827 0.6272
vn -0.6827 -0.0011 0.7307
vn -0.5761 0.6930 0.4335
vn -0.1324 0.9842 -0.1173
vn 0.4024 0.6964 -0.5942
vn 0.6667 -0.0025 -0.7453
vn 0.4938 -0.7093 -0.5031
vn 0.2932 -0.9244 -0.2441
vn -0.4792 -0.6565 0.5826
vn -0.2378 -0.9210 0.3085
vn -0.6734 0.0896 0.7338
vn -0.4973 0.7119 0.4958
vn -0.0294 0.9989 -0.0364
vn 0.4586 0.7034 -0.5431
vn 0.6676 -0.0038 -0.7445
vn 0.4703 -0.7102 -0.5240
vn 0.2546 -0.9259 -0.2790
vn -0.2615 -0.9216 0.2870
vn -0.4752 -0.7024 0.5299
vn -0.6689 0.0069 0.7433
vn -0.4701 0.7119 0.5218
vn 0.0441 0.9979 -0.0472
vn 0.5123 0.6429 -0.5694
vn 0.4433 -0.7080 -0.5498
vn 0.6656 0.0572 -0.7441
vn 0.2289 -0.9254 -0.3019
vn -0.2987 -0.9201 0.2533
vn -0.4542 -0.7589 0.4666
vn -0.6661 0.0094 0.7458
vn -0.3714 0.7998 0.4715
vn 0.0989 0.9946 -0.0298
vn 0.4546 0.7588 -0.4665
vn 0.3778 -0.6850 -0.6229
vn 0.6462 -0.0761 -0.7594
vn 0.1532 -0.9159 -0.3710
vn -0.5688 -0.6860 0.4538
vn -0.3795 -0.9070 0.1827
vn -0.6442 0.0835 0.7603
vn -0.4264 0.6380 0.6412
vn 0.1066 0.9794 0.1718
vn 0.5748 0.6568 -0.4880
vn 0.6781 0.0823 -0.7303
vn 0.3440 -0.5427 -0.7663
vn -0.0357 -0.8395 -0.5421
vn -0.5141 -0.8552 0.0657
vn -0.6917 -0.6709 0.2674
vn -0.6689 -0.0462 0.7419
vn -0.2670 0.6589 0.7033
vn 0.3521 0.8846 0.3059
vn 0.6791 0.6503 -0.3406
vn 0.6625 0.0080 -0.7490
vn 0.1226 -0.5238 -0.8430
vn -0.2414 -0.6479 -0.7225
vn -0.7230 -0.6807 -0.1178
vn -0.8311 -0.4371 0.3439
vn -0.6029 0.0555 0.7959
vn -0.1232 0.5460 0.8287
vn 0.4710 0.7136 0.5186
vn 0.8217 0.5466 -0.1613
vn 0.6227 -0.0075 -0.7824
vn -0.1260 -0.3562 -0.9259
vn -0.3631 -0.4163 -0.8336
vn -0.8958 -0.3566 -0.2654
vn -0.9338 -0.3268 0.1457
vn -0.6991 -0.0471 0.7135
vn -0.0552 0.3270 0.9434
vn 0.7194 0.4235 0.5505
vn 0.9412 0.2747 -0.1967
vn 0.6556 0.0215 -0.7548
vn -0.0640 -0.0290 -0.9975
vn -0.4338 -0.1154 -0.8936
vn -0.9485 -0.0515 -0.3126
vn -0.9974 -0.0438 -0.0572
vn -0.6934 0.0112 0.7205
vn 0.0540 0.0696 0.9961
vn 0.6932 0.0316 0.7200
vn 0.9992 0.0364 -0.0148
vn 0.6540 0.0096 -0.7564
vn -0.0595 0.1671 -0.9842
vn -0.4286 0.1738 -0.8866
vn -0.9289 0.2135 -0.3025
vn -0.9770 0.1435 0.1575
vn -0.6611 0.0236 0.7499
vn 0.0436 -0.1407 0.9891
vn 0.7249 -0.2239 0.6515
vn 0.9787 -0.1882 -0.0819
vn 0.6624 0.0059 -0.7491
vn -0.0103 0.3101 -0.9507
vn -0.3845 0.3632 -0.8486
vn -0.8641 0.4364 -0.2509
vn -0.9523 0.2853 0.1085
vn -0.6516 0.0238 0.7582
vn 0.0284 -0.2900 0.9566
vn 0.6774 -0.4293 0.5974
vn 0.9345 -0.3354 -0.1190
vn 0.7384 -0.0836 -0.6692
vn 0.1385 0.3147 -0.9390
vn -0.3371 0.4896 -0.8042
vn -0.9129 0.3849 0.1356
vn -0.8368 0.4971 -0.2295
vn -0.5624 -0.0635 0.8244
vn 0.1129 -0.4184 0.9012
vn 0.7184 -0.5277 0.4533
vn 0.9136 -0.3836 -0.1351
s 1
f 41//1 42//2 55//3
f 48//4 28//5 42//2
f 1//6 29//7 32//8 2//9
f 4//10 3//11 45//12 5//13
f 3//11 2//9 32//8 45//12
f 19//14 18//15 17//16 43//17
f 17//16 16//18 44//19 43//17
f 44//19 16//18 15//20 38//21
f 38//21 15//20 14//22 46//23
f 46//23 14//22 13//24 39//25
f 13//24 12//26 47//27 39//25
f 29//7 28//5 48//4 32//8
f 31//28 6//29 5//13 45//12
f 7//30 6//29 31//28 41//1
f 49//31 8//32 7//30 41//1
f 20//33 19//14 43//17 37//34
f 50//35 21//36 20//33 37//34
f 36//37 10//38 9//39 56//40
f 51//41 11//42 10//38 36//37
f 23//43 22//44 52//45 35//46
f 53//47 24//48 23//43 35//46
f 54//49 25//50 24//48 53//47
f 55//3 27//51 26//52 30//53
f 30//53 26//52 25//50 54//49
f 45//12 32//8 48//4 31//28
f 37//34 43//17 44//19 38//21
f 37//34 38//21 46//23 50//35
f 50//35 46//23 39//25 40//54
f 40//54 39//25 47//27 33//55
f 56//40 58//56 36//37
f 8//32 49//31 56//40 9//39
f 21//36 50//35 40//54 22//44
f 11//42 51//41 34//57 12//26
f 27//51 55//3 42//2 28//5
f 42//2 41//1 31//28 48//4
f 47//27 12//26 34//57 33//55
f 52//45 22//44 40//54 33//55
f 34//57 35//46 52//45 33//55
f 51//41 53//47 35//46 34//57
f 36//37 54//49 53//47 51//41
f 57//58 49//31 41//1 55//3
f 57//58 55//3 30//53 58//56
f 58//56 30//53 54//49 36//37
f 49//31 57//58 58//56 56//40
f 273//59 112//60 167//61
f 179//62 229//63 272//64
f 3//11 168//65 2//9
f 307//66 306//67 305//68
f 296//69 248//70 249//71
f 222//72 276//73 189//74
f 190//75 136//76 137//77 138//78
f 3//11 4//10 59//79 221//80
f 221//80 59//79 60//81 173//82
f 173//82 60//81 61//83 62//84
f 62//84 63//85 165//86 173//82
f 63//85 64//87 164//88 165//86
f 110//89 111//90 164//91 109//92
f 113//93 114//94 167//61 112//60
f 114//94 115//95 168//96 167//61
f 136//76 190//75 222//72 135//97
f 138//78 139//98 223//99 190//75
f 223//99 139//98 140//100 188//101
f 188//101 140//100 141//102 208//103
f 208//103 141//102 142//104 224//105
f 224//105 142//104 143//106 225//107
f 165//86 108//108 109//92 164//91
f 163//109 1//6 226//110 227//111
f 194//112 228//113 195//114
f 228//113 65//115 66//116 181//117
f 181//117 66//116 67//118 179//62
f 67//118 68//119 229//63 179//62
f 230//120 69//121 70//122 192//123
f 192//123 70//122 71//124 231//125
f 71//124 72//126 232//127 231//125
f 72//126 73//128 233//129 232//127
f 234//130 74//131 75//132 213//133
f 213//133 75//132 76//134 212//135
f 76//134 77//136 235//137 212//135
f 77//136 78//138 236//139 235//137
f 78//138 79//140 237//141 236//139
f 237//141 79//140 80//142 238//143
f 219//144 81//145 82//146 239//147
f 84//148 85//149 240//150 241//151
f 243//152 86//153 87//154 242//155
f 244//156 89//157 90//158 184//159
f 184//159 90//158 91//160 281//161
f 245//162 94//163 95//164 216//165
f 246//166 98//167 99//168 200//169
f 99//168 100//170 247//171 200//169
f 100//170 101//172 248//70 247//171
f 248//70 101//172 102//173 249//71
f 102//173 103//174 250//175 249//71
f 250//175 103//174 104//176 251//177
f 171//178 105//179 106//180 191//181
f 252//182 107//183 108//108 177//184
f 254//185 117//186 118//187 253//188
f 255//189 119//190 120//191 256//192
f 256//192 120//191 121//193 199//194
f 199//194 121//193 122//195 198//196
f 198//196 122//195 123//197 196//198
f 196//198 123//197 124//199 257//200
f 125//201 126//202 258//203 182//204
f 126//202 127//205 259//206 258//203
f 259//206 127//205 128//207 260//208
f 261//209 129//210 130//211 203//212
f 203//212 130//211 131//213 262//214
f 262//214 131//213 132//215 205//216
f 205//216 132//215 133//217 206//218
f 133//217 134//219 263//220 206//218
f 264//221 144//222 145//223 210//224
f 210//224 145//223 146//225 185//226
f 286//227 147//228 148//229 266//230
f 149//231 150//232 211//233 267//234
f 150//232 151//235 268//236 211//233
f 187//237 152//238 153//239 269//240
f 153//239 154//241 214//242 269//240
f 214//242 154//241 155//243 270//244
f 270//244 155//243 156//245 220//246
f 220//246 156//245 157//247 175//248
f 157//247 158//249 271//250 175//248
f 290//251 159//252 160//253 229//63
f 161//254 162//255 172//256 272//64
f 180//257 165//86 164//91 273//59
f 274//258 164//88 166//259 226//110
f 64//87 275//260 166//259 164//88
f 165//86 164//88 274//258 176//261
f 273//59 167//61 168//96 180//257
f 2//9 168//65 167//262 1//6
f 274//258 167//262 168//65 176//261
f 238//143 80//142 81//145 219//144
f 251//177 104//176 105//179 171//178
f 177//184 108//108 165//86 180//257
f 273//59 164//91 111//90 112//60
f 115//95 4//263 170//264 168//96
f 257//200 124//199 125//201 182//204
f 260//208 128//207 129//210 261//209
f 225//107 143//106 144//222 264//221
f 151//235 152//238 187//237 268//236
f 158//249 159//252 290//251 271//250
f 172//256 162//255 163//109 227//111
f 173//82 165//86 176//261 221//80
f 180//257 168//96 170//264 177//184
f 226//110 1//6 167//262 274//258
f 239//147 82//146 83//265 218//266
f 83//265 84//148 241//151 218//266
f 242//155 87//154 88//267 276//73
f 276//73 88//267 89//157 244//156
f 216//165 95//164 96//268 215//269
f 215//269 96//268 97//270 277//271
f 277//271 97//270 98//167 246//166
f 221//80 176//261 168//65 3//11
f 135//97 222//72 189//74 134//219
f 190//75 223//99 169//272 222//72
f 223//99 188//101 278//273 169//272
f 188//101 208//103 279//274 278//273
f 282//275 65//115 228//113 194//112
f 69//121 230//120 178//276 68//119
f 74//131 234//130 269//240 73//128
f 86//153 243//152 280//277 85//149
f 92//278 291//279 281//161 91//160
f 94//163 245//162 204//280 93//281
f 107//183 252//182 191//181 106//180
f 117//186 254//185 174//282 116//283
f 119//190 255//189 253//188 118//187
f 147//228 265//284 185//226 146//225
f 148//229 149//231 267//234 266//230
f 160//253 161//254 272//64 229//63
f 64//87 65//115 282//275 275//260
f 275//260 227//111 226//110 166//259
f 252//182 177//184 170//264 191//181
f 170//264 4//263 283//285 191//181
f 283//285 4//263 116//283 174//282
f 284//286 265//284 285//287
f 286//227 266//230 284//286 285//287
f 286//227 285//287 265//284 147//228
f 233//129 73//128 269//240 214//242
f 233//129 214//242 270//244 287//288
f 232//127 233//129 287//288 231//125
f 287//288 270//244 220//246 193//289
f 193//289 220//246 175//248 288//290
f 175//248 271//250 289//291 288//290
f 193//289 192//123 231//125 287//288
f 288//290 230//120 192//123 193//289
f 229//63 68//119 178//276 290//251
f 240//150 85//149 280//277 279//274
f 291//279 92//278 93//281 204//280
f 254//185 253//188 171//178 174//282
f 263//220 134//219 189//74 207//292
f 292//293 206//218 263//220 207//292
f 293//294 205//216 206//218 292//293
f 217//295 262//214 205//216 293//294
f 294//296 203//212 262//214 217//295
f 183//297 261//209 203//212 294//296
f 275//260 282//275 194//112 227//111
f 278//273 243//152 242//155 169//272
f 295//298 181//117 179//62 272//64
f 295//298 272//64 172//256 195//114
f 195//114 228//113 181//117 295//298
f 250//175 256//192 199//194 249//71
f 256//192 250//175 251//177 255//189
f 249//71 199//194 198//196 296//69
f 296//69 198//196 196//198 297//299
f 297//299 196//198 257//200 197//300
f 297//299 247//171 248//70 296//69
f 197//300 200//169 247//171 297//299
f 182//204 258//203 201//301 200//169
f 201//301 258//203 259//206 202//302
f 259//206 260//208 298//303 202//302
f 246//166 200//169 201//301 277//271
f 183//297 245//162 216//165 261//209
f 241//151 240//150 299//304 209//305
f 301//306 264//221 210//224 300//307
f 300//307 219//144 239//147 301//306
f 302//308 237//141 238//143 303//309
f 236//139 237//141 302//308 186//310
f 304//311 235//137 236//139 186//310
f 212//135 235//137 304//311 305//68
f 306//67 213//133 212//135 305//68
f 307//66 234//130 213//133 306//67
f 211//233 268//236 305//68 304//311
f 267//234 211//233 304//311 186//310
f 207//292 244//156 184//159 292//293
f 299//304 208//103 224//105 209//305
f 209//305 224//105 225//107 308//312
f 174//282 171//178 191//181 283//285
f 251//177 171//178 253//188 255//189
f 230//120 288//290 289//291 178//276
f 195//114 172//256 227//111 194//112
f 182//204 200//169 197//300 257//200
f 277//271 201//301 202//302 215//269
f 299//304 240//150 279//274 208//103
f 243//152 278//273 279//274 280//277
f 298//303 260//208 261//209 216//165
f 303//309 238//143 219//144 300//307
f 187//237 269//240 234//130 307//66
f 268//236 187//237 307//66 305//68
f 241//151 209//305 308//312 218//266
f 301//306 239//147 218//266 308//312
f 308//312 225//107 264//221 301//306
f 169//272 242//155 276//73 222//72
f 244//156 207//292 189//74 276//73
f 289//291 271//250 290//251 178//276
f 298//303 216//165 215//269 202//302
f 300//307 210//224 185//226 303//309
f 303//309 185//226 265//284 302//308
f 266//230 267//234 186//310 284//286
f 284//286 186//310 302//308 265//284
f 245//162 183//297 294//296 204//280
f 281//161 293//294 292//293 184//159
f 293//294 281//161 291//279 217//295
f 204//280 294//296 217//295 291//279
f 463//313 339//314 338//315
f 599//316 522//317 310//318
f 451//319 514//320 467//321
f 596//322 522//317 523//323
f 522//317 311//324 310//318
f 450//325 437//326 462//327
f 313//328 396//329 397//330
f 313//328 312//331 597//332
f 314//333 397//330 398//334
f 397//330 314//333 313//328
f 603//335 397//330 396//329
f 430//336 583//337 510//338
f 310//318 309//339 470//340
f 576//341 507//342 578//343
f 460//344 337//345 338//315
f 401//346 317//347 316//348
f 353//349 448//350 447//351
f 317//347 402//352 318//353
f 316//348 315//354 399//355
f 508//356 460//344 454//357
f 401//346 399//355 471//358
f 399//355 401//346 316//348
f 401//346 400//359 317//347
f 400//359 401//346 471//358
f 740//360 398//334 397//330
f 399//355 315//354 398//334
f 315//354 314//333 398//334
f 402//352 317//347 400//359
f 744//361 662//362 745//363
f 419//364 705//365 779//366
f 377//367 668//368 841//369
f 577//370 464//371 451//319
f 601//372 525//373 600//374
f 450//325 463//313 458//375
f 466//376 464//371 337//345
f 468//377 524//378 526//379
f 374//380 614//381 748//382
f 461//383 462//327 457//384
f 737//385 528//386 735//387
f 461//383 457//384 799//388
f 437//326 578//343 581//389
f 749//390 604//391 669//392
f 464//371 463//313 338//315
f 393//393 602//394 392//395
f 402//352 472//396 403//397
f 471//358 402//352 400//359
f 606//398 670//399 671//400
f 607//401 671//400 472//396
f 395//402 402//352 471//358
f 402//352 403//397 318//353
f 392//395 609//403 393//393
f 603//335 741//404 740//360
f 392//395 602//394 766//405
f 762//406 763//407 680//408
f 461//383 341//409 340//410
f 617//411 688//412 615//413
f 765//414 738//415 527//416
f 677//417 794//418 606//398
f 692//419 760//420 482//421
f 728//422 730//423 726//424
f 390//425 761//426 389//427
f 381//428 380//429 524//378
f 700//430 585//431 697//432
f 318//353 403//397 319//433
f 439//434 438//435 335//436
f 405//437 321//438 320//439
f 354//440 447//351 382//441
f 406//442 322//443 321//438
f 320//439 319//433 404//444
f 434//445 445//446 442//447
f 406//442 321//438 405//437
f 530//448 605//449 606//398
f 407//450 322//443 406//442
f 673//451 605//449 608//452
f 611//453 676//454 609//403
f 405//437 320//439 404//444
f 319//433 403//397 404//444
f 322//443 407//450 323//455
f 459//456 336//457 337//345
f 325//458 324//459 409//460
f 441//461 361//462 360//463
f 410//464 326//465 325//458
f 324//459 323//455 408//466
f 455//467 339//314 340//410
f 326//465 411//468 327//469
f 406//442 673//451 407//450
f 630//470 883//471 631//472
f 412//473 328//474 327//469
f 409//460 410//464 325//458
f 409//460 324//459 408//466
f 323//455 407//450 408//466
f 438//435 439//434 430//336
f 406//442 405//437 605//449
f 456//475 858//476 435//477
f 412//473 327//469 411//468
f 411//468 410//464 563//478
f 449//479 448//350 352//480
f 414//481 330//482 329//483
f 412//473 413//484 328//474
f 411//468 326//465 410//464
f 413//484 329//483 328//474
f 545//485 143//106 142//104
f 415//486 330//482 414//481
f 414//481 550//487 415//486
f 594//488 551//489 658//490
f 414//481 329//483 413//484
f 494//491 723//492 722//493
f 330//482 415//486 331//494
f 331//494 416//495 139//98
f 416//495 331//494 415//486
f 778//496 698//497 703//498
f 139//98 138//78 331//494
f 416//495 140//100 139//98
f 490//499 650//500 572//501
f 432//502 422//503 554//504
f 548//505 475//506 484//507
f 650//500 571//508 572//501
f 140//100 416//495 475//506
f 140//100 475//506 141//102
f 581//389 578//343 580//509
f 441//461 440//510 361//462
f 484//507 483//511 545//485
f 518//512 546//513 517//514
f 453//515 459//456 460//344
f 450//325 340//410 339//314
f 454//357 443//516 508//356
f 660//517 595//518 659//519
f 445//446 434//445 446//520
f 616//521 534//522 615//413
f 455//467 454//357 339//314
f 692//419 693//523 621//524
f 508//356 433//525 465//526
f 370//527 632//528 634//529
f 634//529 371//530 370//527
f 454//357 460//344 338//315
f 651//531 652//532 717//533
f 370//527 369//534 632//528
f 460//344 459//456 337//345
f 368//535 558//536 369//534
f 463//313 450//325 339//314
f 464//371 338//315 337//345
f 441//461 360//463 359//537
f 439//434 459//456 453//515
f 367//538 501//539 500//540
f 653//541 833//542 834//543
f 643//544 569//545 645//546
f 557//547 349//548 348//549
f 636//550 385//551 384//552
f 678//553 388//554 389//427
f 616//521 652//532 785//555
f 383//556 561//557 384//552
f 383//556 384//552 536//558
f 383//556 382//441 497//559
f 447//351 354//440 353//349
f 383//556 623//560 382//441
f 636//550 561//557 562//561
f 536//558 537//562 481//563
f 443//516 455//467 502//564
f 445//446 364//565 363//566
f 372//567 371//530 635//568
f 570//569 441//461 420//570
f 559//571 632//528 558//536
f 359//537 358//572 420//570
f 550//487 551//489 485//573
f 446//520 364//565 445//446
f 420//570 441//461 359//537
f 440//510 442//447 362//574
f 456//475 428//575 858//476
f 642//576 498//577 431//578
f 480//579 535//580 618//581
f 882//582 456//475 436//583
f 362//574 442//447 363//566
f 429//584 655//585 582//586
f 356//587 539//588 357//589
f 349//548 708//590 350//591
f 447//351 448//350 435//477
f 481//563 537//562 622//592
f 456//475 435//477 448//350
f 659//519 507//342 577//370
f 882//582 883//471 885//593
f 538//594 539//588 540//595
f 466//376 336//457 425//596
f 423//597 421//598 425//596
f 382//441 355//599 354//440
f 540//595 355//599 382//441
f 424//600 422//503 432//502
f 495//601 147//228 146//225
f 448//350 436//583 456//475
f 538//594 623//560 536//558
f 782//602 781//603 715//604
f 409//460 408//466 568//605
f 366//606 365//607 501//539
f 390//425 389//427 615//413
f 570//569 417//608 569//545
f 464//371 458//375 463//313
f 542//609 539//588 541//610
f 466//376 514//320 464//371
f 519//611 334//612 333//613
f 439//434 335//436 336//457
f 335//436 425//596 336//457
f 518//512 519//611 333//613
f 503//614 455//467 574//615
f 147//228 553//616 148//229
f 339//314 454//357 338//315
f 454//357 455//467 443//516
f 547//617 546//513 518//512
f 620//618 621//524 537//562
f 438//435 334//612 335//436
f 335//436 334//612 423//597
f 386//619 651//531 387//620
f 517//514 421//598 519//611
f 442//447 498//577 571//508
f 566//621 493//622 567//623
f 517//514 483//511 588//624
f 439//434 453//515 583//337
f 779//366 438//435 452//625
f 145//223 144//222 332//626
f 431//578 440//510 441//461
f 449//479 352//480 351//627
f 440//510 362//574 361//462
f 467//321 425//596 515//628
f 335//436 423//597 425//596
f 510//338 583//337 509//629
f 450//325 458//375 576//341
f 442//447 445//446 363//566
f 422//503 424//600 438//435
f 151//235 478//630 342//631
f 342//631 478//630 480//579
f 382//441 447//351 435//477
f 554//504 553//616 495//601
f 432//502 495//601 496//632
f 619//633 344//634 618//581
f 446//520 365//607 364//565
f 344//634 343//635 618//581
f 334//612 438//435 424//600
f 346//636 345//637 627//638
f 346//636 627//638 628//639
f 498//577 442//447 431//578
f 507//342 576//341 577//370
f 432//502 333//613 424//600
f 460//344 508//356 584//640
f 145//223 332//626 496//632
f 432//502 332//626 333//613
f 444//641 504//642 718//643
f 501//539 446//520 500//540
f 477//644 480//579 479//645
f 695//646 487//647 699//648
f 430//336 452//625 438//435
f 424//600 333//613 334//612
f 442//447 440//510 431//578
f 708//590 557//547 709//649
f 555//650 149//231 148//229
f 151//235 150//232 478//630
f 350//591 708//590 631//472
f 448//350 449//479 436//583
f 336//457 459//456 439//434
f 346//636 628//639 347//651
f 448//350 353//349 352//480
f 443//516 502//564 433//525
f 462//327 461//383 450//325
f 450//325 461//383 340//410
f 341//409 504//642 574//615
f 584//640 453//515 460//344
f 336//457 466//376 337//345
f 466//376 425//596 467//321
f 515//628 425//596 421//598
f 418//652 588//624 591//653
f 524//378 600//374 526//379
f 596//322 312//331 311//324
f 665//654 603//335 664//655
f 377//367 376//656 668//368
f 599//316 381//428 524//378
f 309//339 381//428 470//340
f 740//360 667//657 398//334
f 395//402 471//358 663//658
f 402//352 395//402 472//396
f 394//659 393//393 676//454
f 610//660 531//661 609//403
f 429//584 582//586 580//509
f 373//662 614//381 374//380
f 680//408 761//426 681//663
f 549//664 416//495 415//486
f 549//664 590//665 484//507
f 654//666 787//667 575//668
f 610//660 771//669 820//670
f 148//229 553//616 555//650
f 629//671 419//364 706//672
f 479//645 478//630 150//232
f 478//630 479//645 480//579
f 150//232 149//231 479//645
f 556//673 149//231 555//650
f 535//580 480//579 477//644
f 343//635 342//631 480//579
f 620//618 384//552 385//551
f 570//569 543//674 417//608
f 625//675 386//619 387//620
f 864//676 865//677 866//678
f 142//104 141//102 548//505
f 516//679 517//514 588//624
f 549//664 475//506 416//495
f 549//664 484//507 475//506
f 626//680 550//487 414//481
f 589//681 591//653 588//624
f 563//478 567//623 640//682
f 520//683 486//684 859//685
f 419//364 452//625 510//338
f 826//686 777//687 778//496
f 419//364 629//671 705//365
f 704//688 629//671 555//650
f 702//689 698//497 822//690
f 630//470 709//649 824//691
f 368//535 367//538 500//540
f 711//692 710//693 633//694
f 427//695 498//577 643//544
f 819//696 853//697 767//698
f 561//557 497//559 492//699
f 562//561 492//699 713//700
f 659//519 862//701 507//342
f 567//623 563//478 566//621
f 407//450 808//702 757//703
f 581//389 457//384 462//327
f 496//632 495//601 146//225
f 495//601 432//502 554//504
f 145//223 496//632 146//225
f 332//626 432//502 496//632
f 382//441 435//477 497//559
f 497//559 435//477 858//476
f 570//569 431//578 441//461
f 571//508 498//577 427//695
f 636//550 638//704 714//705
f 444//641 503//614 504//642
f 650//500 446//520 434//445
f 558//536 500//540 490//499
f 366//606 501//539 367//538
f 365//607 446//520 501//539
f 455//467 503//614 502//564
f 855//706 834//543 835//707
f 455//467 340//410 574//615
f 444//641 502//564 503//614
f 654//666 504//642 341//409
f 718//643 654//666 720//708
f 433//525 502//564 506//709
f 506//709 444//641 855//706
f 444//641 506//709 502//564
f 506//709 505//710 701//711
f 660//517 659//519 451//319
f 578//343 507//342 862//701
f 433//525 508//356 443//516
f 508//356 465//526 584//640
f 511//712 512//713 585//431
f 510//338 452//625 430//336
f 509//629 512//713 510//338
f 512//713 513//714 510//338
f 584//640 585//431 509//629
f 510//338 513//714 419//364
f 585//431 512//713 509//629
f 513//714 512//713 511//712
f 511//712 586//715 513//714
f 690//716 619//633 689//717
f 464//371 514//320 451//319
f 466//376 467//321 514//320
f 421//598 516//679 515//628
f 591//653 592//718 418//652
f 516//679 421//598 517//514
f 418//652 515//628 516//679
f 519//611 421//598 423//597
f 333//613 332//626 518//512
f 144//222 547//617 332//626
f 547//617 143//106 546//513
f 519//611 423//597 334//612
f 517//514 519//611 518//512
f 467//321 515//628 521//719
f 520//683 521//719 418//652
f 418//652 521//719 515//628
f 660//517 521//719 520//683
f 599//316 310//318 470//340
f 468//377 733//720 522//317
f 736//721 732//722 661//723
f 313//328 597//332 396//329
f 600//374 380//429 379//724
f 468//377 522//317 599//316
f 601//372 379//724 378//725
f 665//654 735//387 528//386
f 600//374 524//378 380//429
f 661//723 526//379 525//373
f 602//394 739//726 738//415
f 751//727 754//728 529//729
f 732//722 664//655 597//332
f 747//730 743//731 746//732
f 669//392 604//391 668//368
f 529//729 749//390 751//727
f 670//399 605//449 405//437
f 724//733 791//734 725//735
f 675//736 609//403 392//395
f 877//737 793//738 794//418
f 681//663 390//425 391//739
f 682//740 765//414 802//741
f 685//742 372//567 635//568
f 751//727 749//390 752//743
f 686//744 615//413 389//427
f 774//745 771//669 617//411
f 706//672 707//746 629//671
f 707//746 535//580 477//644
f 536//558 384//552 620//618
f 538//594 536//558 481//563
f 691//747 385//551 386//619
f 694//748 622//592 417//608
f 543//674 624//749 694//748
f 357//589 542//609 358//572
f 540//595 539//588 356//587
f 541//610 539//588 538//594
f 355//599 540//595 356//587
f 540//595 382//441 623//560
f 538//594 481//563 624//749
f 542//609 420//570 358//572
f 539//588 542//609 357//589
f 420//570 542//609 541//610
f 420//570 541//610 543//674
f 541//610 538//594 624//749
f 678//553 679//750 758//751
f 612//752 809//753 679//750
f 545//485 142//104 548//505
f 483//511 517//514 546//513
f 143//106 545//485 546//513
f 546//513 545//485 483//511
f 332//626 547//617 518//512
f 143//106 547//617 144//222
f 475//506 548//505 141//102
f 545//485 548//505 484//507
f 550//487 549//664 415//486
f 549//664 550//487 590//665
f 626//680 414//481 413//484
f 550//487 485//573 590//665
f 413//484 412//473 658//490
f 520//683 418//652 592//718
f 619//633 345//637 344//634
f 695//646 628//639 552//754
f 495//601 553//616 147//228
f 553//616 488//755 704//688
f 554//504 422//503 779//366
f 554//504 488//755 553//616
f 705//365 629//671 704//688
f 479//645 556//673 477//644
f 149//231 556//673 479//645
f 629//671 556//673 555//650
f 702//689 822//690 628//639
f 557//547 489//756 709//649
f 500//540 558//536 368//535
f 558//536 490//499 710//693
f 572//501 633//694 710//693
f 712//757 634//529 711//692
f 768//758 684//759 560//760
f 373//662 770//761 614//381
f 497//559 561//557 383//556
f 562//561 561//557 492//699
f 713//700 428//575 637//762
f 562//561 715//604 638//704
f 639//763 410//464 409//460
f 859//685 860//764 595//518
f 563//478 639//763 566//621
f 564//765 639//763 568//605
f 594//488 658//490 731//766
f 411//468 640//682 412//473
f 639//763 563//478 410//464
f 655//585 566//621 564//765
f 860//764 567//623 493//622
f 567//623 565//767 640//682
f 808//702 674//768 757//703
f 641//769 568//605 494//491
f 646//770 417//608 863//771
f 642//576 643//544 498//577
f 570//569 420//570 543//674
f 570//569 569//545 642//576
f 572//501 571//508 427//695
f 442//447 571//508 434//445
f 633//694 572//501 427//695
f 490//499 500//540 650//500
f 714//705 386//619 385//551
f 785//555 652//532 784//772
f 341//409 574//615 340//410
f 503//614 574//615 504//642
f 787//667 719//773 789//774
f 869//775 616//521 785//555
f 450//325 576//341 437//326
f 577//370 576//341 458//375
f 464//371 577//370 458//375
f 659//519 577//370 451//319
f 578//343 429//584 580//509
f 576//341 578//343 437//326
f 723//492 726//424 582//586
f 730//423 579//776 726//424
f 429//584 861//777 655//585
f 579//776 797//778 581//389
f 437//326 581//389 462//327
f 579//776 581//389 580//509
f 582//586 722//493 723//492
f 579//776 580//509 582//586
f 439//434 583//337 430//336
f 584//640 583//337 453//515
f 585//431 584//640 465//526
f 583//337 584//640 509//629
f 465//526 657//779 585//431
f 433//525 701//711 697//432
f 700//430 586//715 511//712
f 552//754 619//633 690//716
f 513//714 586//715 587//780
f 586//715 487//647 690//716
f 589//681 588//624 483//511
f 516//679 588//624 418//652
f 484//507 589//681 483//511
f 589//681 485//573 591//653
f 485//573 589//681 590//665
f 484//507 590//665 589//681
f 551//489 593//781 485//573
f 594//488 592//718 593//781
f 593//781 592//718 591//653
f 486//684 520//683 592//718
f 485//573 593//781 591//653
f 594//488 593//781 551//489
f 658//490 551//489 626//680
f 592//718 594//488 486//684
f 486//684 860//764 859//685
f 860//764 861//777 595//518
f 522//317 596//322 311//324
f 597//332 596//322 523//323
f 596//322 597//332 312//331
f 523//323 732//722 597//332
f 732//722 733//720 661//723
f 735//387 598//782 736//721
f 381//428 599//316 470//340
f 468//377 599//316 524//378
f 601//372 600//374 379//724
f 526//379 600//374 525//373
f 377//367 841//369 857//783
f 755//784 844//785 754//728
f 738//415 739//726 662//362
f 738//415 765//414 602//394
f 664//655 603//335 396//329
f 665//654 741//404 603//335
f 669//392 376//656 375//786
f 529//729 754//728 844//785
f 670//399 405//437 404//444
f 530//448 792//787 605//449
f 404//444 403//397 671//400
f 607//401 677//417 606//398
f 395//402 672//788 472//396
f 394//659 672//788 395//402
f 724//733 725//735 656//789
f 568//605 674//768 494//491
f 675//736 392//395 391//739
f 609//403 531//661 611//453
f 688//412 391//739 390//425
f 534//522 774//745 617//411
f 877//737 794//418 876//790
f 611//453 677//417 672//788
f 759//791 809//753 764//792
f 388//554 758//751 387//620
f 683//793 391//739 766//405
f 802//741 850//794 805//795
f 372//567 685//742 373//662
f 751//727 752//743 872//796
f 686//744 389//427 388//554
f 617//411 615//413 534//522
f 717//533 388//554 387//620
f 784//772 652//532 651//531
f 774//745 868//797 687//798
f 675//736 688//412 610//660
f 480//579 618//581 343//635
f 619//633 618//581 535//580
f 689//717 619//633 535//580
f 627//638 619//633 552//754
f 620//618 385//551 691//747
f 536//558 620//618 537//562
f 621//524 691//747 625//675
f 692//419 621//524 544//799
f 693//523 622//592 537//562
f 863//771 644//800 646//770
f 536//558 623//560 383//556
f 540//595 623//560 538//594
f 624//749 481//563 694//748
f 541//610 624//749 543//674
f 625//675 387//620 758//751
f 621//524 625//675 544//799
f 658//490 626//680 413//484
f 550//487 626//680 551//489
f 619//633 627//638 345//637
f 628//639 627//638 552//754
f 695//646 552//754 487//647
f 347//651 822//690 348//549
f 419//364 513//714 706//672
f 629//671 707//746 556//673
f 825//801 824//691 489//756
f 631//472 436//583 449//479
f 449//479 351//627 631//472
f 350//591 631//472 351//627
f 558//536 632//528 369//534
f 634//529 632//528 559//571
f 649//802 427//695 643//544
f 711//692 633//694 867//803
f 634//529 559//571 711//692
f 635//568 634//529 560//760
f 634//529 635//568 371//530
f 685//742 560//760 684//759
f 561//557 636//550 384//552
f 638//704 636//550 562//561
f 885//593 823//804 828//805
f 781//603 638//704 715//604
f 562//561 713//700 715//604
f 651//531 638//704 573//806
f 568//605 639//763 409//460
f 566//621 639//763 564//765
f 640//682 411//468 563//478
f 658//490 640//682 565//767
f 641//769 494//491 722//493
f 564//765 568//605 641//769
f 570//569 642//576 431//578
f 643//544 642//576 569//545
f 645//546 569//545 646//770
f 648//807 643//544 645//546
f 865//677 760//420 815//808
f 649//802 633//694 427//695
f 646//770 569//545 417//608
f 648//807 645//546 644//800
f 863//771 417//608 622//592
f 644//800 645//546 646//770
f 760//420 759//791 815//808
f 647//809 878//810 867//803
f 648//807 644//800 866//678
f 648//807 647//809 649//802
f 648//807 649//802 643//544
f 649//802 647//809 867//803
f 446//520 650//500 500//540
f 571//508 650//500 434//445
f 651//531 386//619 714//705
f 651//531 573//806 784//772
f 783//811 716//812 784//772
f 686//744 717//533 616//521
f 653//541 720//708 721//813
f 499//814 782//602 830//815
f 787//667 788//816 719//773
f 720//708 654//666 575//668
f 566//621 655//585 493//622
f 564//765 641//769 722//493
f 494//491 724//733 723//492
f 726//424 656//789 728//422
f 465//526 433//525 657//779
f 697//432 696//817 700//430
f 640//682 658//490 412//473
f 731//766 658//490 565//767
f 660//517 451//319 467//321
f 862//701 595//518 861//777
f 521//719 660//517 467//321
f 859//685 660//517 520//683
f 661//723 733//720 526//379
f 525//373 601//372 839//818
f 663//658 394//659 395//402
f 471//358 667//657 663//658
f 471//358 399//355 667//657
f 663//658 662//362 739//726
f 597//332 664//655 396//329
f 665//654 664//655 598//782
f 736//721 598//782 732//722
f 741//404 665//654 528//386
f 738//415 744//361 527//416
f 742//819 663//658 667//657
f 398//334 667//657 399//355
f 667//657 666//820 742//819
f 669//392 668//368 376//656
f 604//391 884//821 841//369
f 375//786 374//380 748//382
f 749//390 529//729 884//821
f 670//399 404//444 671//400
f 605//449 670//399 606//398
f 472//396 671//400 403//397
f 671//400 607//401 606//398
f 672//788 394//659 676//454
f 472//396 672//788 607//401
f 605//449 673//451 406//442
f 808//702 673//451 608//452
f 408//466 757//703 568//605
f 792//787 608//452 605//449
f 675//736 391//739 688//412
f 609//403 675//736 610//660
f 609//403 676//454 393//393
f 672//788 676//454 611//453
f 672//788 677//417 607//401
f 611//453 531//661 876//790
f 678//553 389//427 761//426
f 679//750 678//553 612//752
f 764//792 612//752 763//407
f 679//750 851//822 625//675
f 762//406 680//408 613//823
f 678//553 680//408 612//752
f 683//793 681//663 391//739
f 680//408 681//663 613//823
f 744//361 747//730 527//416
f 613//823 681//663 683//793
f 766//405 391//739 392//395
f 613//823 683//793 682//740
f 560//760 712//757 768//758
f 806//824 769//825 533//826
f 560//760 685//742 635//568
f 769//825 770//761 684//759
f 686//744 388//554 717//533
f 615//413 686//744 616//521
f 798//827 795//828 796//829
f 610//660 617//411 771//669
f 615//413 688//412 390//425
f 688//412 617//411 610//660
f 707//746 689//717 535//580
f 690//716 689//717 587//780
f 586//715 690//716 587//780
f 487//647 552//754 690//716
f 625//675 691//747 386//619
f 620//618 691//747 621//524
f 810//830 851//822 809//753
f 693//523 692//419 482//421
f 693//523 482//421 863//771
f 537//562 621//524 693//523
f 694//748 417//608 543//674
f 481//563 622//592 694//748
f 487//647 700//430 699//648
f 557//547 775//831 489//756
f 585//431 657//779 697//432
f 697//432 701//711 696//817
f 657//779 433//525 697//432
f 433//525 506//709 701//711
f 628//639 695//646 702//689
f 703//498 702//689 695//646
f 487//647 586//715 700//430
f 703//498 699//648 696//817
f 699//648 700//430 696//817
f 585//431 700//430 511//712
f 505//710 776//832 701//711
f 776//832 777//687 701//711
f 703//498 695//646 699//648
f 822//690 698//497 775//831
f 826//686 696//817 701//711
f 702//689 703//498 698//497
f 553//616 704//688 555//650
f 705//365 704//688 488//755
f 554//504 705//365 488//755
f 779//366 422//503 438//435
f 513//714 587//780 706//672
f 707//746 477//644 556//673
f 706//672 587//780 707//746
f 707//746 587//780 689//717
f 557//547 708//590 349//548
f 631//472 708//590 630//470
f 777//687 825//801 489//756
f 708//590 709//649 630//470
f 558//536 710//693 559//571
f 572//501 710//693 490//499
f 711//692 491//833 712//757
f 710//693 711//692 559//571
f 491//833 878//810 768//758
f 560//760 634//529 712//757
f 428//575 713//700 492//699
f 715//604 713//700 637//762
f 636//550 714//705 385//551
f 651//531 714//705 638//704
f 715//604 827//834 782//602
f 638//704 781//603 573//806
f 716//812 783//811 790//835
f 786//836 785//555 716//812
f 651//531 717//533 387//620
f 717//533 652//532 616//521
f 654//666 718//643 504//642
f 834//543 718//643 653//541
f 654//666 788//816 787//667
f 457//384 581//389 797//778
f 721//813 720//708 575//668
f 718//643 720//708 653//541
f 721//813 575//668 836//837
f 830//815 833//542 854//838
f 582//586 655//585 722//493
f 722//493 655//585 564//765
f 724//733 494//491 674//768
f 726//424 723//492 656//789
f 791//734 674//768 608//452
f 656//789 723//492 724//733
f 793//738 725//735 792//787
f 729//839 725//735 473//840
f 728//422 729//839 727//841
f 582//586 726//424 579//776
f 687//798 772//842 771//669
f 856//843 795//828 838//844
f 729//839 728//422 656//789
f 728//422 727//841 730//423
f 725//735 729//839 656//789
f 729//839 473//840 773//845
f 795//828 730//423 727//841
f 798//827 719//773 799//388
f 860//764 731//766 565//767
f 594//488 731//766 486//684
f 732//722 598//782 664//655
f 733//720 732//722 523//323
f 522//317 733//720 523//323
f 526//379 733//720 468//377
f 661//723 801//846 736//721
f 756//847 842//848 755//784
f 598//782 735//387 665//654
f 737//385 735//387 734//849
f 525//373 839//818 801//846
f 734//849 735//387 736//721
f 734//849 842//848 756//847
f 737//385 469//850 746//732
f 739//726 602//394 393//393
f 744//361 738//415 662//362
f 393//393 394//659 739//726
f 663//658 739//726 394//659
f 603//335 740//360 397//330
f 667//657 740//360 666//820
f 745//363 528//386 743//731
f 740//360 741//404 666//820
f 742//819 666//820 745//363
f 663//658 742//819 662//362
f 745//363 741//404 528//386
f 528//386 737//385 746//732
f 745//363 662//362 742//819
f 744//361 743//731 747//730
f 741//404 745//363 666//820
f 744//361 745//363 743//731
f 746//732 469//850 747//730
f 528//386 746//732 743//731
f 755//784 754//728 753//851
f 527//416 747//730 802//741
f 614//381 769//825 806//824
f 375//786 748//382 669//392
f 807//852 669//392 748//382
f 872//796 871//853 750//854
f 474//855 812//856 811//857
f 613//823 803//858 762//406
f 669//392 807//852 749//390
f 847//859 754//728 750//854
f 614//381 806//824 748//382
f 806//824 873//860 752//743
f 848//861 849//862 811//857
f 845//863 804//864 469//850
f 750//854 754//728 751//727
f 753//851 804//864 845//863
f 737//385 756//847 469//850
f 734//849 800//865 842//848
f 734//849 756//847 737//385
f 845//863 756//847 755//784
f 407//450 757//703 408//466
f 674//768 568//605 757//703
f 678//553 758//751 388//554
f 625//675 758//751 679//750
f 812//856 814//866 759//791
f 810//830 809//753 759//791
f 544//799 760//420 692//419
f 814//866 812//856 879//867
f 681//663 761//426 390//425
f 678//553 761//426 680//408
f 682//740 802//741 805//795
f 763//407 762//406 532//868
f 763//407 532//868 764//792
f 612//752 680//408 763//407
f 852//869 764//792 532//868
f 764//792 852//869 812//856
f 802//741 765//414 527//416
f 766//405 765//414 682//740
f 765//414 766//405 602//394
f 683//793 766//405 682//740
f 491//833 867//803 878//810
f 819//696 767//698 818//870
f 491//833 768//758 712//757
f 684//759 768//758 767//698
f 770//761 769//825 614//381
f 853//697 769//825 684//759
f 373//662 685//742 770//761
f 684//759 770//761 685//742
f 795//828 727//841 838//844
f 820//670 531//661 610//660
f 773//845 727//841 729//839
f 877//737 820//670 821//871
f 821//871 773//845 473//840
f 727//841 773//845 772//842
f 868//797 774//745 534//522
f 771//669 774//745 687//798
f 822//690 557//547 348//549
f 778//496 775//831 698//497
f 835//707 776//832 505//710
f 777//687 776//832 426//872
f 881//873 825//801 426//872
f 778//496 489//756 775//831
f 703//498 696//817 826//686
f 489//756 778//496 777//687
f 419//364 779//366 452//625
f 554//504 779//366 705//365
f 880//874 828//805 823//804
f 780//875 832//876 830//815
f 637//762 827//834 715//604
f 783//811 781//603 782//602
f 830//815 782//602 780//875
f 783//811 782//602 499//814
f 783//811 499//814 790//835
f 573//806 781//603 783//811
f 783//811 784//772 573//806
f 785//555 784//772 716//812
f 790//835 786//836 716//812
f 868//797 534//522 869//775
f 837//877 787//667 789//774
f 868//797 869//775 870//878
f 788//816 654//666 341//409
f 719//773 796//829 789//774
f 461//383 788//816 341//409
f 788//816 461//383 799//388
f 870//878 789//774 476//879
f 789//774 870//878 837//877
f 499//814 721//813 790//835
f 790//835 721//813 836//837
f 674//768 791//734 724//733
f 792//787 791//734 608//452
f 793//738 792//787 530//448
f 791//734 792//787 725//735
f 794//418 793//738 530//448
f 473//840 725//735 793//738
f 606//398 794//418 530//448
f 677//417 611//453 876//790
f 727//841 772//842 838//844
f 476//879 789//774 796//829
f 798//827 796//829 719//773
f 476//879 796//829 795//828
f 579//776 730//423 797//778
f 798//827 797//778 730//423
f 795//828 798//827 730//423
f 799//388 719//773 788//816
f 457//384 797//778 799//388
f 798//827 799//388 797//778
f 843//880 839//818 601//372
f 801//846 734//849 736//721
f 525//373 801//846 661//723
f 734//849 801//846 800//865
f 747//730 804//864 802//741
f 803//858 532//868 762//406
f 803//858 805//795 850//794
f 848//861 847//859 849//862
f 469//850 804//864 747//730
f 804//864 753//851 846//881
f 803//858 613//823 805//795
f 613//823 682//740 805//795
f 533//826 874//882 873//860
f 807//852 806//824 752//743
f 806//824 807//852 748//382
f 749//390 807//852 752//743
f 673//451 808//702 407//450
f 674//768 808//702 608//452
f 764//792 809//753 612//752
f 810//830 759//791 760//420
f 760//420 544//799 810//830
f 851//822 810//830 544//799
f 803//858 848//861 532//868
f 850//794 846//881 803//858
f 533//826 769//825 853//697
f 759//791 764//792 812//856
f 767//698 768//758 878//810
f 814//866 815//808 759//791
f 879//867 812//856 474//855
f 814//866 813//883 815//808
f 817//884 815//808 813//883
f 864//676 644//800 863//771
f 817//884 818//870 816//885
f 647//809 648//807 866//678
f 818//870 817//884 813//883
f 816//885 866//678 865//677
f 818//870 813//883 819//696
f 818//870 767//698 878//810
f 813//883 879//867 819//696
f 474//855 875//886 874//882
f 771//669 772//842 820//670
f 772//842 773//845 821//871
f 877//737 876//790 531//661
f 772//842 821//871 820//670
f 628//639 822//690 347//651
f 557//547 822//690 775//831
f 881//873 831//887 880//874
f 828//805 780//875 827//834
f 489//756 824//691 709//649
f 824//691 823//804 885//593
f 426//872 825//801 777//687
f 823//804 824//691 825//801
f 777//687 826//686 701//711
f 703//498 826//686 778//496
f 829//888 828//805 827//834
f 780//875 782//602 827//834
f 829//888 827//834 637//762
f 882//582 428//575 456//475
f 637//762 428//575 829//888
f 882//582 829//888 428//575
f 828//805 880//874 780//875
f 854//838 721//813 499//814
f 835//707 834//543 831//887
f 832//876 831//887 833//542
f 880//874 832//876 780//875
f 831//887 834//543 833//542
f 854//838 653//541 721//813
f 830//815 832//876 833//542
f 831//887 426//872 835//707
f 834//543 444//641 718//643
f 776//832 835//707 426//872
f 855//706 835//707 505//710
f 837//877 836//837 575//668
f 790//835 836//837 786//836
f 836//837 837//877 786//836
f 787//667 837//877 575//668
f 772//842 687//798 838//844
f 856//843 838//844 687//798
f 843//880 601//372 840//889
f 801//846 839//818 800//865
f 601//372 378//725 857//783
f 840//889 841//369 884//821
f 604//391 841//369 668//368
f 840//889 601//372 857//783
f 800//865 843//880 842//848
f 884//821 844//785 843//880
f 839//818 843//880 800//865
f 843//880 840//889 884//821
f 755//784 842//848 844//785
f 844//785 842//848 843//880
f 756//847 845//863 469//850
f 755//784 753//851 845//863
f 847//859 846//881 753//851
f 848//861 846//881 847//859
f 754//728 847//859 753//851
f 847//859 750//854 849//862
f 848//861 811//857 852//869
f 803//858 846//881 848//861
f 875//886 750//854 871//853
f 474//855 811//857 849//862
f 802//741 804//864 850//794
f 846//881 850//794 804//864
f 625//675 851//822 544//799
f 809//753 851//822 679//750
f 848//861 852//869 532//868
f 812//856 852//869 811//857
f 767//698 853//697 684//759
f 874//882 853//697 819//696
f 830//815 854//838 499//814
f 653//541 854//838 833//542
f 506//709 855//706 505//710
f 834//543 855//706 444//641
f 868//797 856//843 687//798
f 795//828 856//843 476//879
f 377//367 857//783 378//725
f 840//889 857//783 841//369
f 428//575 492//699 858//476
f 497//559 858//476 492//699
f 486//684 731//766 860//764
f 660//517 859//685 595//518
f 567//623 860//764 565//767
f 861//777 860//764 493//622
f 655//585 861//777 493//622
f 578//343 862//701 429//584
f 595//518 862//701 659//519
f 429//584 862//701 861//777
f 693//523 863//771 622//592
f 864//676 863//771 482//421
f 760//420 864//676 482//421
f 865//677 815//808 817//884
f 816//885 865//677 817//884
f 760//420 865//677 864//676
f 866//678 816//885 647//809
f 864//676 866//678 644//800
f 711//692 867//803 491//833
f 649//802 867//803 633//694
f 616//521 869//775 534//522
f 856//843 868//797 476//879
f 785//555 786//836 869//775
f 870//878 869//775 786//836
f 870//878 786//836 837//877
f 868//797 870//878 476//879
f 871//853 873//860 874//882
f 849//862 875//886 474//855
f 751//727 872//796 750//854
f 873//860 872//796 752//743
f 533//826 873//860 806//824
f 872//796 873//860 871//853
f 853//697 874//882 533//826
f 874//882 819//696 879//867
f 750//854 875//886 849//862
f 874//882 875//886 871//853
f 820//670 877//737 531//661
f 677//417 876//790 794//418
f 821//871 473//840 877//737
f 793//738 877//737 473//840
f 647//809 816//885 878//810
f 878//810 816//885 818//870
f 814//866 879//867 813//883
f 874//882 879//867 474//855
f 881//873 880//874 823//804
f 832//876 880//874 831//887
f 825//801 881//873 823//804
f 831//887 881//873 426//872
f 436//583 631//472 883//471
f 829//888 882//582 828//805
f 630//470 824//691 885//593
f 436//583 883//471 882//582
f 749//390 884//821 604//391
f 844//785 884//821 529//729
f 882//582 885//593 828//805
f 885//593 883//471 630//470
f 1263//890 1264//891 1265//892
f 1013//893 1011//894 1012//895
f 1238//896 1135//897 1244//898
f 1013//893 907//899 1011//894
f 1010//900 1434//901 1009//902
f 983//903 1050//904 1154//905
f 909//906 1011//894 908//907
f 1031//908 1029//909 1028//910
f 905//911 906//912 1204//913
f 1039//914 1150//915 1152//916
f 1080//917 1005//918 904//919
f 1201//920 1012//895 910//921
f 1202//922 910//921 911//923
f 1005//918 1004//924 966//925
f 1010//900 967//926 1004//924
f 1175//927 1173//928 1174//929
f 1062//930 1061//931 1059//932
f 904//919 1005//918 903//933
f 966//925 967//926 902//934
f 967//926 966//925 1004//924
f 1078//935 1204//913 1013//893
f 902//934 903//933 966//925
f 901//936 902//934 967//926
f 1007//937 1002//938 1014//939
f 967//926 1003//940 901//936
f 966//925 903//933 1005//918
f 968//941 1014//939 1003//940
f 968//941 1003//940 967//926
f 900//942 1002//938 899//943
f 1002//938 900//942 1003//940
f 899//943 1002//938 1001//944
f 1074//945 970//946 971//947
f 1003//940 1014//939 1002//938
f 1003//940 900//942 901//936
f 1080//917 1010//900 1004//924
f 1075//948 1007//937 1006//949
f 968//941 967//926 1081//950
f 1061//931 1060//951 959//952
f 913//953 914//954 1207//955
f 963//956 962//957 1137//958
f 1082//959 1432//960 1429//961
f 1210//962 1084//963 1322//964
f 971//947 972//965 1085//966
f 969//967 1205//968 1206//969
f 1319//970 1320//971 1208//972
f 994//973 1147//974 995//975
f 916//976 917//977 1216//978
f 894//979 895//980 1113//981
f 1394//982 1321//983 1015//984
f 973//985 972//965 1209//986
f 1087//987 1016//988 1085//966
f 1210//962 1212//989 1214//990
f 974//991 975//992 1093//993
f 1030//994 1029//909 114//94
f 928//995 929//996 1262//997
f 1095//998 974//991 1093//993
f 1006//949 1007//937 1014//939
f 1205//968 969//967 968//941
f 1076//999 1000//1000 1001//944
f 1075//948 1076//999 1007//937
f 1022//1001 898//1002 985//1003
f 899//943 1001//944 898//1002
f 1002//938 1007//937 1001//944
f 969//967 970//946 1073//1004
f 990//1005 1223//1006 989//1007
f 1088//1008 988//1009 987//1010
f 1006//949 1073//1004 1074//945
f 1317//1011 1016//988 1089//1012
f 987//1010 988//1009 1103//1013
f 1102//1014 1105//1015 1101//1016
f 1021//1017 985//1003 986//1018
f 1097//1019 989//1007 1326//1020
f 1326//1020 1088//1008 1215//1021
f 1455//1022 1232//1023 1482//1024
f 1101//1016 1109//1025 15//1026
f 1423//1027 1388//1028 1427//1029
f 1063//1030 953//1031 952//1032
f 898//1002 1001//944 1000//1000
f 1004//924 1005//918 1080//917
f 18//15 897//1033 1022//1001
f 1078//935 1013//893 1008//1034
f 17//1035 1023//1036 18//1037
f 1111//1038 1110//1039 1023//1036
f 969//967 1073//1004 1014//939
f 898//1002 1000//1000 985//1003
f 985//1003 1199//1040 986//1018
f 895//980 896//1041 1110//1039
f 1021//1017 1022//1001 985//1003
f 893//1042 894//979 1114//1043
f 1110//1039 1113//981 895//980
f 1120//1044 1025//1045 1117//1046
f 1209//986 1213//1047 973//985
f 16//18 1102//1014 1101//1016
f 1111//1038 1023//1036 17//1035
f 17//1048 1022//1001 1021//1017
f 907//899 908//907 1011//894
f 1454//1049 1450//1050 1453//1051
f 891//1052 892//1053 1121//1054
f 12//1055 1117//1046 13//1056
f 889//1057 1124//1058 888//1059
f 888//1059 1124//1058 1130//1060
f 113//93 1030//994 114//94
f 1233//1061 1121//1054 1026//1062
f 1224//1063 991//1064 1333//1065
f 996//1066 1155//1067 997//1068
f 1028//910 1029//909 1030//994
f 1151//1069 1158//1070 978//1071
f 113//93 886//1072 1030//994
f 115//95 114//94 1029//909
f 1036//1073 1035//1074 116//283
f 1130//1060 887//1075 888//1059
f 1245//1076 1037//1077 1140//1078
f 1126//1079 1125//1080 1027//1081
f 1022//1001 897//1033 898//1002
f 13//1056 1115//1082 14//1083
f 1087//987 1085//966 972//965
f 1117//1046 1118//1084 1120//1044
f 11//42 12//26 1336//1085
f 11//1086 1122//1087 1118//1084
f 1411//1088 1137//958 1241//1089
f 1337//1090 1336//1085 12//26
f 890//1091 891//1052 1233//1061
f 14//22 1228//1092 13//24
f 1123//1093 1026//1062 1122//1087
f 11//42 1236//1094 10//38
f 1435//1095 1132//1096 1481//1097
f 1136//1098 8//32 9//1099
f 962//957 961//1100 1237//1101
f 906//912 907//899 1013//893
f 1137//958 1134//1102 1241//1089
f 1201//920 1008//1034 1012//895
f 1234//1103 1129//1104 6//1105
f 16//18 1101//1016 15//1026
f 1128//1106 1125//1080 8//1107
f 1029//909 1031//908 115//95
f 5//1108 6//29 1138//1109
f 1036//1073 4//263 5//1108
f 1035//1074 1036//1073 1138//1109
f 1118//1084 1026//1062 1119//1110
f 4//263 115//95 5//13
f 7//1111 8//32 1238//896
f 1128//1106 1129//1104 1027//1081
f 1127//1112 1126//1079 1123//1093
f 1037//1077 118//187 117//186
f 116//283 1035//1074 117//186
f 17//1048 1021//1017 1102//1014
f 1105//1015 1102//1014 1106//1113
f 1037//1077 117//186 1035//1074
f 118//187 1141//1114 119//190
f 1111//1038 17//1035 16//1115
f 1161//1116 1096//1117 1163//1118
f 959//952 1245//1076 960//1119
f 1238//896 1136//1098 1135//897
f 1030//994 886//1072 1131//1120
f 1207//955 1208//972 1082//959
f 13//1056 1117//1046 1115//1082
f 1229//1121 15//1026 1109//1025
f 1050//904 984//1122 1049//1123
f 1218//1124 1219//1125 1405//1126
f 997//1068 1155//1067 1156//1127
f 920//1128 921//1129 1246//1130
f 1252//1131 978//1071 977//1132
f 1399//1133 1402//1134 1329//1135
f 927//1136 928//995 1044//1137
f 1349//1138 919//1139 920//1128
f 977//1132 976//1140 1332//1141
f 1144//1142 1351//1143 1250//1144
f 1304//1145 957//1146 958//1147
f 1348//1148 1414//1149 1415//1150
f 1116//1151 1112//1152 15//1153
f 981//1154 1253//1155 980//1156
f 1356//1157 1252//1131 1250//1144
f 1249//1158 980//1156 979//1159
f 1152//916 1150//915 1151//1069
f 981//1154 982//1160 1153//1161
f 1363//1162 1260//1163 1259//1164
f 886//1072 887//1075 1131//1120
f 1254//1165 1152//916 1145//1166
f 976//1140 977//1132 1157//1167
f 976//1140 975//992 1218//1124
f 1093//993 1094//1168 1018//1169
f 990//1005 1096//1117 991//1064
f 1334//1170 992//1171 993//1172
f 1223//1006 1226//1173 1098//1174
f 1161//1116 992//1171 991//1064
f 974//991 1211//1175 1219//1125
f 1358//1176 1420//1177 1470//1178
f 995//975 1147//974 1146//1179
f 995//975 1255//1180 994//973
f 978//1071 979//1159 1151//1069
f 1147//974 994//973 1149//1181
f 995//975 996//1066 1419//1182
f 1275//1183 1178//1184 1179//1185
f 1160//1186 993//1172 992//1171
f 1146//1179 996//1066 995//975
f 1224//1063 1438//1187 1098//1174
f 980//1156 1357//1188 981//1154
f 1328//1189 1217//1190 1327//1191
f 926//1192 927//1136 1044//1137
f 923//1193 1258//1194 922//1195
f 1271//1196 1272//1197 1259//1164
f 1236//1094 1133//1198 1340//1199
f 1169//1200 1261//1201 1044//1137
f 1260//1163 1169//1200 1168//1202
f 1141//1114 1037//1077 1245//1076
f 925//1203 1260//1163 924//1204
f 1045//1205 1176//1206 1274//1207
f 1271//1196 1168//1202 1264//891
f 1171//1208 984//1122 1045//1205
f 931//1209 932//1210 1171//1208
f 1037//1077 1034//1211 1140//1078
f 1435//1095 1458//1212 1235//1213
f 963//956 964//1214 1183//1215
f 1174//929 1176//1206 1045//1205
f 1367//1216 1370//1217 1183//1215
f 984//1122 932//1210 933//1218
f 1047//1219 936//1220 937//1221
f 1172//1222 1045//1205 984//1122
f 1154//905 1052//1223 1040//1224
f 998//1225 1177//1226 999//1227
f 1178//1184 1054//1228 1055//1229
f 1156//1127 1155//1067 1040//1224
f 1049//1123 935//1230 936//1220
f 984//1122 983//903 1172//1222
f 936//1220 1047//1219 1049//1123
f 1031//908 6//1105 5//13
f 938//1231 999//1227 1048//1232
f 1177//1226 1047//1219 1048//1232
f 1055//1229 1053//1233 1178//1184
f 940//1234 1055//1229 939//1235
f 943//1236 1360//1237 942//1238
f 934//1239 935//1230 1051//1240
f 984//1122 933//1218 934//1239
f 1178//1184 998//1225 999//1227
f 956//1241 1296//1242 957//1146
f 982//1160 981//1154 1266//1243
f 954//1244 1186//1245 955//1246
f 938//1231 939//1235 1054//1228
f 1077//1247 1202//922 1203//1248
f 965//1249 1277//1250 964//1214
f 1295//1251 956//1241 955//1246
f 1184//1252 1370//1217 1369//1253
f 962//957 1184//1252 961//1100
f 910//921 1012//895 909//906
f 1279//1254 1183//1215 1181//1255
f 987//1010 986//1018 1089//1012
f 1205//968 1081//950 1079//1256
f 1295//1251 1186//1245 1299//1257
f 1012//895 1008//1034 1013//893
f 1012//895 1011//894 909//906
f 1303//1258 1188//1259 1302//1260
f 968//941 969//967 1014//939
f 1375//1261 1376//1262 1303//1258
f 1296//1242 956//1241 1295//1251
f 1462//1263 1463//1264 1443//1265
f 989//1007 1097//1019 990//1005
f 1235//1213 965//1249 964//1214
f 961//1100 1184//1252 1192//1266
f 1060//951 119//190 959//952
f 119//190 1060//951 120//191
f 1031//908 1028//910 1234//1103
f 115//95 1031//908 5//13
f 1057//1267 1192//1266 1184//1252
f 896//1041 18//1037 1023//1036
f 18//15 1022//1001 17//1048
f 1063//1030 1065//1268 1062//930
f 1065//1268 122//195 121//193
f 1062//930 120//191 1060//951
f 7//1111 1128//1106 8//1107
f 10//1269 1122//1087 11//1086
f 1231//1270 1337//1090 1228//1092
f 1066//1271 1298//1272 1297//1273
f 1064//1274 953//1031 1063//1030
f 1096//1117 1161//1116 991//1064
f 1214//990 971//947 970//946
f 1081//950 1010//900 1425//1275
f 935//1230 1049//1123 1051//1240
f 947//1276 1372//1277 946//1278
f 1373//1279 1374//1280 1300//1281
f 948//1282 1301//1283 947//1276
f 984//1122 1050//904 983//903
f 957//1146 1303//1258 956//1241
f 934//1239 1051//1240 984//1122
f 1308//1284 945//1285 946//1278
f 1055//1229 1054//1228 939//1235
f 1282//1286 1285//1287 1283//1288
f 1305//1289 1304//1145 958//1147
f 1308//1284 1309//1290 1384//1291
f 1362//1292 1180//1293 941//1294
f 1040//1224 1153//1161 1154//905
f 1418//1295 1358//1176 1473//1296
f 1365//1297 1053//1233 1180//1293
f 1180//1293 940//1234 941//1294
f 1046//1298 1177//1226 1156//1127
f 16//1115 15//1153 1112//1152
f 1310//1299 1069//1300 953//1031
f 1068//1301 122//195 952//1032
f 122//195 1068//1301 123//197
f 1036//1073 5//1108 1138//1109
f 4//263 1036//1073 116//283
f 1312//1302 1193//1303 1311//1304
f 1098//1174 1225//1305 1223//1006
f 1195//1306 1072//1307 950//1308
f 1071//1309 1194//1310 1070//1311
f 984//1122 1051//1240 1049//1123
f 1050//904 1049//1123 1046//1298
f 1194//1310 125//201 124//199
f 1068//1301 1070//1311 123//197
f 938//1231 1048//1232 937//1221
f 1256//1312 996//1066 997//1068
f 1048//1232 999//1227 1177//1226
f 955//1246 956//1241 1302//1260
f 1301//1283 1198//1313 1187//1314
f 1047//1219 1046//1298 1049//1123
f 1052//1223 1050//904 1046//1298
f 1216//978 1217//1190 1402//1134
f 1055//1229 940//1234 1180//1293
f 1035//1074 1034//1211 1037//1077
f 999//1227 938//1231 1054//1228
f 1096//1117 990//1005 1097//1019
f 1372//1277 1301//1283 1300//1281
f 1048//1232 1047//1219 937//1221
f 1060//951 1061//931 1062//930
f 959//952 960//1119 1061//931
f 1191//1315 1061//931 960//1119
f 1063//1030 1062//930 1059//932
f 121//193 120//191 1062//930
f 1063//1030 1059//932 1064//1274
f 1065//1268 1063//1030 952//1032
f 1066//1271 1064//1274 1059//932
f 953//1031 1064//1274 1297//1273
f 122//195 1065//1268 952//1032
f 1062//930 1065//1268 121//193
f 1061//931 1191//1315 1059//932
f 1066//1271 1057//1267 1298//1272
f 1311//1304 953//1031 954//1244
f 1072//1307 1195//1306 1071//1309
f 952//1032 1069//1300 1068//1301
f 1068//1301 1069//1300 1070//1311
f 953//1031 1069//1300 952//1032
f 1069//1300 1067//1316 1070//1311
f 1071//1309 1070//1311 1067//1316
f 124//199 123//197 1070//1311
f 1071//1309 1067//1316 1072//1307
f 951//1317 125//201 1194//1310
f 1069//1300 1310//1299 1067//1316
f 950//1308 1072//1307 1196//1318
f 1074//945 1073//1004 970//946
f 1014//939 1073//1004 1006//949
f 1085//966 1074//945 971//947
f 1088//1008 1089//1012 1016//988
f 985//1003 1000//1000 1076//999
f 1074//945 1200//1319 1006//949
f 1007//937 1076//999 1001//944
f 1076//999 1075//948 1199//1040
f 1203//1248 911//923 912//1320
f 1388//1028 1423//1027 1387//1321
f 1427//1029 1078//935 1008//1034
f 1434//901 1080//917 1433//1322
f 1387//1321 1077//1247 1203//1248
f 1322//964 1323//1323 1210//962
f 905//911 1433//1322 904//919
f 1433//1322 905//911 1204//913
f 967//926 1010//900 1081//950
f 1010//900 1009//902 1425//1275
f 1319//970 914//954 915//1324
f 1428//1325 1084//963 1214//990
f 1321//983 1082//959 1208//972
f 974//991 973//985 1213//1047
f 969//967 1206//969 970//946
f 1426//1326 1206//969 1079//1256
f 973//985 1222//1327 1087//987
f 1085//966 1016//988 1317//1011
f 1222//1327 974//991 1095//998
f 1396//1328 1097//1019 1326//1020
f 973//985 1087//987 972//965
f 1087//987 1086//1329 1215//1021
f 1089//1012 1088//1008 987//1010
f 1215//1021 1088//1008 1016//988
f 1199//1040 1089//1012 986//1018
f 1075//948 1200//1319 1317//1011
f 1327//1191 917//977 918//1330
f 1395//1331 1320//971 1400//1332
f 1246//1130 1248//1333 1349//1138
f 1250//1144 1351//1143 1353//1334
f 1330//1335 1017//1336 1403//1337
f 1144//1142 1352//1338 1351//1143
f 975//992 976//1140 1221//1339
f 1095//998 1093//993 1018//1169
f 1221//1339 1093//993 975//992
f 1094//1168 1221//1339 1157//1167
f 1095//998 1018//1169 1097//1019
f 1396//1328 1222//1327 1095//998
f 1094//1168 1163//1118 1018//1169
f 1163//1118 1041//1340 1161//1116
f 988//1009 1088//1008 1326//1020
f 1096//1117 1097//1019 1018//1169
f 990//1005 1226//1173 1223//1006
f 1104//1341 1225//1305 1338//1342
f 1334//1170 993//1172 1335//1343
f 1278//1344 1182//1345 1286//1346
f 1447//1347 1452//1348 1449//1349
f 1100//1350 1231//1270 1228//1092
f 16//18 17//1048 1102//1014
f 1109//1025 1020//1351 1108//1352
f 1106//1113 1021//1017 986//1018
f 1103//1013 1105//1015 1106//1113
f 1107//1353 988//1009 1225//1305
f 1105//1015 1103//1013 1020//1351
f 1020//1351 1103//1013 1104//1341
f 1107//1353 1103//1013 988//1009
f 1101//1016 1105//1015 1020//1351
f 1021//1017 1106//1113 1102//1014
f 986//1018 987//1010 1106//1113
f 1103//1013 1106//1113 987//1010
f 1225//1305 988//1009 989//1007
f 1104//1341 1103//1013 1107//1353
f 1020//1351 1104//1341 1339//1354
f 1453//1051 1228//1092 1229//1121
f 1020//1351 1109//1025 1101//1016
f 1109//1025 1108//1352 1229//1121
f 1023//1036 1110//1039 896//1041
f 1113//981 1110//1039 1024//1355
f 1112//1152 1111//1038 16//1115
f 1111//1038 1024//1355 1110//1039
f 1116//1151 15//1153 14//1083
f 1111//1038 1112//1152 1024//1355
f 1024//1355 1112//1152 1116//1151
f 1114//1043 1113//981 1025//1045
f 1113//981 1114//1043 894//979
f 1114//1043 1025//1045 1120//1044
f 1025//1045 1113//981 1115//1082
f 1113//981 1024//1355 1116//1151
f 14//1083 1115//1082 1116//1151
f 1113//981 1116//1151 1115//1082
f 1118//1084 1117//1046 12//1055
f 1115//1082 1117//1046 1025//1045
f 11//1086 1118//1084 12//1055
f 1121//1054 1119//1110 1026//1062
f 892//1053 893//1042 1119//1110
f 893//1042 1114//1043 1120//1044
f 1118//1084 1119//1110 1120//1044
f 1120//1044 1119//1110 893//1042
f 1119//1110 1121//1054 892//1053
f 1233//1061 1026//1062 1123//1093
f 10//1269 9//39 1127//1112
f 1118//1084 1122//1087 1026//1062
f 1127//1112 1122//1087 10//1269
f 1125//1080 9//39 8//1107
f 1124//1058 889//1057 1126//1079
f 1130//1060 1027//1081 1129//1104
f 1027//1081 1124//1058 1126//1079
f 1127//1112 1125//1080 1126//1079
f 889//1057 890//1091 1126//1079
f 1126//1079 890//1091 1233//1061
f 1127//1112 1123//1093 1122//1087
f 9//39 1125//1080 1127//1112
f 1129//1104 1128//1106 7//1111
f 1125//1080 1128//1106 1027//1081
f 6//1105 1129//1104 7//1111
f 1131//1120 1130//1060 1028//910
f 1027//1081 1130//1060 1124//1058
f 1130//1060 1129//1104 1028//910
f 1130//1060 1131//1120 887//1075
f 1030//994 1131//1120 1028//910
f 1413//1356 1137//958 1343//1357
f 1340//1199 1136//1098 9//1099
f 1341//1358 1342//1359 1132//1096
f 1239//1360 1341//1358 1412//1361
f 1346//1362 1140//1078 1243//1363
f 1135//897 1240//1364 1344//1365
f 1033//1366 1344//1365 1240//1364
f 1242//1367 1139//1368 1135//897
f 1236//1094 1340//1199 10//38
f 1240//1364 1136//1098 1033//1366
f 1137//958 962//957 1237//1101
f 1343//1357 1411//1088 1412//1361
f 6//29 7//1111 1244//898
f 1138//1109 1034//1211 1035//1074
f 1034//1211 1138//1109 1139//1368
f 1138//1109 6//29 1244//898
f 1345//1369 1139//1368 1242//1367
f 1345//1369 1243//1363 1140//1078
f 119//190 1141//1114 959//952
f 118//187 1037//1077 1141//1114
f 1347//1370 921//1129 922//1195
f 1350//1371 1397//1372 1417//1373
f 1414//1149 1348//1148 1038//1374
f 1269//1375 1268//1376 1170//1377
f 1332//1141 1218//1124 1220//1378
f 1218//1124 1406//1379 1220//1378
f 1145//1166 1253//1155 1153//1161
f 1040//1224 1155//1067 1146//1179
f 1039//914 1254//1165 1146//1179
f 1146//1179 1254//1165 1040//1224
f 1149//1181 1148//1380 1150//915
f 1146//1179 1147//974 1039//914
f 1158//1070 1159//1381 1157//1167
f 1149//1181 1150//915 1147//974
f 994//973 993//1172 1149//1181
f 993//1172 1160//1186 1162//1382
f 1151//1069 1150//915 1148//1380
f 1147//974 1150//915 1039//914
f 1151//1069 1148//1380 1158//1070
f 1151//1069 979//1159 1152//916
f 979//1159 980//1156 1152//916
f 1152//916 980//1156 1253//1155
f 1153//1161 982//1160 1154//905
f 1145//1166 1153//1161 1040//1224
f 983//903 1154//905 982//1160
f 1050//904 1052//1223 1154//905
f 1146//1179 1155//1067 996//1066
f 1156//1127 1040//1224 1052//1223
f 1046//1298 1156//1127 1052//1223
f 998//1225 997//1068 1156//1127
f 1158//1070 1157//1167 977//1132
f 1094//1168 1157//1167 1041//1340
f 978//1071 1158//1070 977//1132
f 1159//1381 1158//1070 1148//1380
f 1148//1380 1149//1181 1162//1382
f 1157//1167 1159//1381 1041//1340
f 1041//1340 1159//1381 1160//1186
f 1148//1380 1162//1382 1159//1381
f 1041//1340 1160//1186 1161//1116
f 1161//1116 1160//1186 992//1171
f 993//1172 1162//1382 1149//1181
f 1159//1381 1162//1382 1160//1186
f 1018//1169 1163//1118 1096//1117
f 1041//1340 1163//1118 1094//1168
f 1475//1383 1472//1384 1474//1385
f 1442//1386 1335//1343 1408//1387
f 1275//1183 997//1068 998//1225
f 1180//1293 1053//1233 1055//1229
f 1257//1388 1360//1237 1361//1389
f 1471//1390 1276//1391 1468//1392
f 1272//1197 1043//1393 1273//1394
f 1415//1150 1246//1130 1247//1395
f 925//1203 926//1192 1261//1201
f 1262//997 1265//892 1169//1200
f 1262//997 1044//1137 928//995
f 931//1209 1274//1207 930//1396
f 1249//1158 1251//1397 1357//1188
f 1172//1222 1174//929 1045//1205
f 984//1122 1171//1208 932//1210
f 1274//1207 1171//1208 1045//1205
f 1174//929 1172//1222 1175//927
f 983//903 982//1160 1175//927
f 1267//1398 1268//1376 1270//1399
f 1271//1196 1264//891 1270//1399
f 1175//927 1172//1222 983//903
f 1173//928 1467//1400 1174//929
f 1266//1243 1175//927 982//1160
f 1170//1377 1267//1398 1175//927
f 1169//1200 1265//892 1168//1202
f 1274//1207 1263//890 930//1396
f 1156//1127 1177//1226 998//1225
f 1177//1226 1046//1298 1047//1219
f 1178//1184 999//1227 1054//1228
f 1178//1184 1053//1233 1179//1185
f 1053//1233 1365//1297 1366//1401
f 1256//1312 1179//1185 1359//1402
f 1362//1292 941//1294 942//1238
f 1359//1402 1366//1401 1165//1403
f 1042//1404 1474//1385 1472//1384
f 957//1146 1278//1344 958//1147
f 1280//1405 1056//1406 1279//1254
f 1280//1405 1182//1345 1371//1407
f 1183//1215 964//1214 1277//1250
f 1183//1215 1279//1254 1367//1216
f 962//957 963//956 1370//1217
f 1192//1266 1057//1267 1066//1271
f 1299//1257 1294//1408 1368//1409
f 1368//1409 1371//1407 1296//1242
f 1186//1245 954//1244 1297//1273
f 1186//1245 1298//1272 1299//1257
f 949//1410 1314//1411 948//1282
f 1196//1318 949//1410 950//1308
f 1316//1412 1058//1413 1373//1279
f 1315//1414 1072//1307 1197//1415
f 1293//1416 958//1147 1286//1346
f 1384//1291 944//1417 945//1285
f 1382//1418 1383//1419 1307//1420
f 1305//1289 1290//1421 1377//1422
f 961//1100 1191//1315 960//1119
f 1059//932 1191//1315 1066//1271
f 1066//1271 1191//1315 1192//1266
f 961//1100 1192//1266 1191//1315
f 954//1244 955//1246 1312//1302
f 1313//1423 1197//1415 1072//1307
f 1070//1311 1194//1310 124//199
f 951//1317 1194//1310 1071//1309
f 950//1308 951//1317 1195//1306
f 1071//1309 1195//1306 951//1317
f 1067//1316 1313//1423 1072//1307
f 1315//1414 1314//1411 1196//1318
f 1197//1415 1313//1423 1385//1424
f 1376//1262 1316//1412 1188//1259
f 1315//1414 1198//1313 1314//1411
f 1386//1425 1197//1415 1385//1424
f 1076//999 1199//1040 985//1003
f 1089//1012 1199//1040 1075//948
f 1085//966 1317//1011 1074//945
f 1075//948 1006//949 1200//1319
f 1202//922 1201//920 910//921
f 1201//920 1077//1247 1423//1027
f 1203//1248 1202//922 911//923
f 1201//920 1202//922 1077//1247
f 1429//961 1432//960 1431//1426
f 1392//1427 1015//984 1390//1428
f 1013//893 1204//913 906//912
f 1433//1322 1204//913 1078//935
f 1081//950 1205//968 968//941
f 1206//969 1205//968 1079//1256
f 1426//1326 1389//1429 1428//1325
f 1206//969 1428//1325 1214//990
f 1207//955 914//954 1319//970
f 1429//961 1207//955 1082//959
f 1320//971 915//1324 916//976
f 1325//1430 1083//1431 1323//1323
f 1214//990 1212//989 971//947
f 1083//1431 1211//1175 1213//1047
f 1083//1431 1209//986 1210//962
f 1212//989 1209//986 972//965
f 1083//1431 1325//1430 1469//1432
f 1211//1175 1330//1335 1219//1125
f 971//947 1212//989 972//965
f 1210//962 1209//986 1212//989
f 1083//1431 1213//1047 1209//986
f 974//991 1213//1047 1211//1175
f 1206//969 1214//990 970//946
f 1210//962 1214//990 1084//963
f 1087//987 1215//1021 1016//988
f 1222//1327 1396//1328 1086//1329
f 1216//978 917//977 1327//1191
f 1320//971 1216//978 1090//1433
f 1328//1189 918//1330 919//1139
f 1399//1133 1329//1135 1017//1336
f 1219//1125 1218//1124 975//992
f 1218//1124 1092//1434 1406//1379
f 974//991 1219//1125 975//992
f 1469//1432 1330//1335 1211//1175
f 1404//1435 1430//1436 1403//1337
f 1220//1378 1144//1142 1252//1131
f 1157//1167 1221//1339 976//1140
f 1093//993 1221//1339 1094//1168
f 1087//987 1222//1327 1086//1329
f 974//991 1222//1327 973//985
f 1226//1173 991//1064 1224//1063
f 1098//1174 1338//1342 1225//1305
f 1333//1065 991//1064 992//1171
f 1436//1437 1463//1264 1482//1024
f 1107//1353 1225//1305 1104//1341
f 989//1007 1223//1006 1225//1305
f 991//1064 1226//1173 990//1005
f 1098//1174 1226//1173 1224//1063
f 994//973 1255//1180 1335//1343
f 1444//1438 1445//1439 1440//1440
f 1229//1121 1228//1092 14//22
f 1230//1441 1231//1270 1446//1442
f 1229//1121 14//22 15//1026
f 1229//1121 1108//1352 1453//1051
f 1342//1359 1336//1085 1410//1443
f 13//24 1337//1090 12//26
f 1231//1270 1100//1350 1449//1349
f 1231//1270 1230//1441 1337//1090
f 1450//1050 1019//1444 1447//1347
f 1339//1354 1108//1352 1020//1351
f 1121//1054 1233//1061 891//1052
f 1126//1079 1233//1061 1123//1093
f 1031//908 1234//1103 6//1105
f 1028//910 1129//1104 1234//1103
f 1235//1213 964//1214 1413//1356
f 1435//1095 1235//1213 1132//1096
f 1336//1085 1236//1094 11//42
f 1340//1199 1133//1198 1239//1360
f 1237//1101 961//1100 1346//1362
f 1137//958 1237//1101 1134//1102
f 1136//1098 1238//896 8//32
f 1244//898 1135//897 1139//1368
f 1341//1358 1239//1360 1133//1198
f 1033//1366 1136//1098 1239//1360
f 1033//1366 1241//1089 1344//1365
f 1135//897 1136//1098 1240//1364
f 1134//1102 1242//1367 1344//1365
f 1411//1088 1241//1089 1033//1366
f 1243//1363 1242//1367 1134//1102
f 1034//1211 1345//1369 1140//1078
f 1237//1101 1243//1363 1134//1102
f 960//1119 1346//1362 961//1100
f 1238//896 1244//898 7//1111
f 1138//1109 1244//898 1139//1368
f 1245//1076 959//952 1141//1114
f 1346//1362 1245//1076 1140//1078
f 1246//1130 921//1129 1347//1370
f 1246//1130 1142//1445 1417//1373
f 1247//1395 1347//1370 1258//1194
f 1273//1394 1348//1148 1416//1446
f 1414//1149 1350//1371 1417//1373
f 1397//1372 1398//1447 1328//1189
f 979//1159 978//1071 1356//1157
f 1251//1397 1249//1158 1143//1448
f 1143//1448 1249//1158 1250//1144
f 1249//1158 979//1159 1356//1157
f 1268//1376 1269//1375 1043//1393
f 1251//1397 1170//1377 1266//1243
f 1252//1131 977//1132 1332//1141
f 1250//1144 1252//1131 1144//1142
f 1153//1161 1253//1155 981//1154
f 1152//916 1253//1155 1145//1166
f 1152//916 1254//1165 1039//914
f 1040//1224 1254//1165 1145//1166
f 1420//1177 1419//1182 1256//1312
f 1442//1386 1409//1449 1441//1450
f 1256//1312 997//1068 1275//1183
f 1359//1402 1420//1177 1256//1312
f 1361//1389 943//1236 944//1417
f 1421//1451 1362//1292 1257//1388
f 923//1193 924//1204 1363//1162
f 1258//1194 1167//1452 1416//1446
f 1167//1452 1258//1194 1259//1164
f 1258//1194 923//1193 1363//1162
f 1260//1163 925//1203 1261//1201
f 1259//1164 1260//1163 1168//1202
f 1044//1137 1261//1201 926//1192
f 1260//1163 1261//1201 1169//1200
f 1263//890 1262//997 929//996
f 1044//1137 1262//997 1169//1200
f 930//1396 1263//890 929//996
f 1263//890 1176//1206 1264//891
f 1176//1206 1467//1400 1264//891
f 1267//1398 1270//1399 1173//928
f 1263//890 1265//892 1262//997
f 1168//1202 1265//892 1264//891
f 1266//1243 981//1154 1357//1188
f 1175//927 1266//1243 1170//1377
f 1268//1376 1267//1398 1170//1377
f 1173//928 1175//927 1267//1398
f 1269//1375 1170//1377 1251//1397
f 1268//1376 1043//1393 1270//1399
f 1251//1397 1364//1453 1269//1375
f 1272//1197 1273//1394 1167//1452
f 1270//1399 1043//1393 1271//1196
f 1270//1399 1264//891 1467//1400
f 1272//1197 1271//1196 1043//1393
f 1259//1164 1168//1202 1271//1196
f 1273//1394 1043//1393 1269//1375
f 1259//1164 1272//1197 1167//1452
f 1355//1454 1269//1375 1364//1453
f 1250//1144 1353//1334 1143//1448
f 1274//1207 931//1209 1171//1208
f 1263//890 1274//1207 1176//1206
f 1178//1184 1275//1183 998//1225
f 1256//1312 1275//1183 1179//1185
f 1422//1455 1365//1297 1180//1293
f 1042//1404 1470//1178 1471//1390
f 1277//1250 965//1249 1284//1456
f 1183//1215 1277//1250 1181//1255
f 1296//1242 1278//1344 957//1146
f 1286//1346 1182//1345 1285//1287
f 1279//1254 1181//1255 1280//1405
f 1367//1216 1279//1254 1056//1406
f 1283//1288 1280//1405 1181//1255
f 1182//1345 1280//1405 1285//1287
f 1283//1288 1181//1255 1284//1456
f 1457//1457 1435//1095 1452//1348
f 1460//1458 1464//1459 1281//1460
f 1278//1344 1286//1346 958//1147
f 1181//1255 1277//1250 1284//1456
f 1283//1288 1281//1460 1292//1461
f 1284//1456 1458//1212 1457//1457
f 1283//1288 1284//1456 1461//1462
f 1283//1288 1285//1287 1280//1405
f 1285//1287 1282//1286 1286//1346
f 1282//1286 1288//1463 1286//1346
f 1290//1421 1293//1416 1288//1463
f 1291//1464 1287//1465 1288//1463
f 1377//1422 1379//1466 1306//1467
f 1291//1464 1288//1463 1282//1286
f 1288//1463 1287//1465 1290//1421
f 1291//1464 1292//1461 1289//1468
f 1474//1385 1477//1469 1475//1383
f 1480//1470 1042//1404 1485//1471
f 1307//1420 1189//1472 1305//1289
f 1292//1461 1291//1464 1282//1286
f 1291//1464 1289//1468 1477//1469
f 1283//1288 1292//1461 1282//1286
f 1292//1461 1281//1460 1464//1459
f 1288//1463 1293//1416 1286//1346
f 1305//1289 1293//1416 1290//1421
f 1294//1408 1367//1216 1368//1409
f 1184//1252 1369//1253 1057//1267
f 1186//1245 1295//1251 955//1246
f 1296//1242 1295//1251 1185//1473
f 1296//1242 1185//1473 1368//1409
f 1278//1344 1296//1242 1182//1345
f 953//1031 1297//1273 954//1244
f 1066//1271 1297//1273 1064//1274
f 1299//1257 1298//1272 1057//1267
f 1297//1273 1298//1272 1186//1245
f 1299//1257 1057//1267 1369//1253
f 1295//1251 1299//1257 1185//1473
f 1373//1279 1300//1281 1187//1314
f 1308//1284 1300//1281 1190//1474
f 1301//1283 948//1282 1314//1411
f 1300//1281 1301//1283 1187//1314
f 1303//1258 1302//1260 956//1241
f 1312//1302 1302//1260 1188//1259
f 1304//1145 1303//1258 957//1146
f 1303//1258 1189//1472 1375//1261
f 958//1147 1293//1416 1305//1289
f 1303//1258 1304//1145 1189//1472
f 1377//1422 1307//1420 1305//1289
f 1189//1472 1304//1145 1305//1289
f 1479//1475 1379//1466 1377//1422
f 1361//1389 1381//1476 1257//1388
f 1306//1467 1382//1418 1307//1420
f 1374//1280 1375//1261 1383//1419
f 1308//1284 946//1278 1372//1277
f 1308//1284 1190//1474 1309//1290
f 1382//1418 1309//1290 1190//1474
f 1381//1476 1361//1389 1486//1477
f 1311//1304 1310//1299 953//1031
f 1310//1299 1193//1303 1313//1423
f 1312//1302 1311//1304 954//1244
f 1310//1299 1311//1304 1193//1303
f 1302//1260 1312//1302 955//1246
f 1312//1302 1188//1259 1386//1425
f 1310//1299 1313//1423 1067//1316
f 1385//1424 1313//1423 1193//1303
f 1196//1318 1314//1411 949//1410
f 1301//1283 1314//1411 1198//1313
f 1072//1307 1315//1414 1196//1318
f 1316//1412 1315//1414 1197//1415
f 1187//1314 1198//1313 1316//1412
f 1316//1412 1198//1313 1315//1414
f 1075//948 1317//1011 1089//1012
f 1074//945 1317//1011 1200//1319
f 1390//1428 1389//1429 1392//1427
f 1425//1275 1079//1256 1081//950
f 1320//971 1319//970 915//1324
f 1207//955 1319//970 1208//972
f 1216//978 1320//971 916//976
f 1324//1478 1395//1331 1400//1332
f 1395//1331 1208//972 1320//971
f 1323//1323 1083//1431 1210//962
f 1084//963 1428//1325 1390//1428
f 1322//964 1015//984 1323//1323
f 1015//984 1321//983 1323//1323
f 1401//1479 1469//1432 1324//1478
f 1321//983 1324//1478 1325//1430
f 1395//1331 1321//983 1208//972
f 1321//983 1325//1430 1323//1323
f 1469//1432 1325//1430 1324//1478
f 988//1009 1326//1020 989//1007
f 1215//1021 1086//1329 1396//1328
f 1328//1189 1327//1191 918//1330
f 1216//978 1327//1191 1217//1190
f 1349//1138 1328//1189 919//1139
f 1397//1372 1328//1189 1248//1333
f 1329//1135 1402//1134 1398//1447
f 1430//1436 1331//1480 1406//1379
f 1403//1337 1017//1336 1329//1135
f 1092//1434 1405//1126 1330//1335
f 1354//1481 1350//1371 1352//1338
f 1144//1142 1220//1378 1407//1482
f 1218//1124 1332//1141 976//1140
f 1252//1131 1332//1141 1220//1378
f 1334//1170 1333//1065 992//1171
f 1437//1483 1445//1439 1438//1187
f 993//1172 994//973 1335//1343
f 1334//1170 1227//1484 1439//1485
f 1408//1387 1255//1180 1418//1295
f 1227//1484 1334//1170 1335//1343
f 1410//1443 1336//1085 1230//1441
f 1236//1094 1336//1085 1133//1198
f 1337//1090 13//24 1228//1092
f 1336//1085 1337//1090 1230//1441
f 1482//1024 1338//1342 1098//1174
f 1339//1354 1338//1342 1232//1023
f 1338//1342 1339//1354 1104//1341
f 1339//1354 1232//1023 1454//1049
f 10//38 1340//1199 9//1099
f 1239//1360 1136//1098 1340//1199
f 1342//1359 1341//1358 1133//1198
f 1341//1358 1132//1096 1343//1357
f 1336//1085 1342//1359 1133//1198
f 1342//1359 1032//1486 1481//1097
f 1235//1213 1343//1357 1132//1096
f 963//956 1413//1356 964//1214
f 1134//1102 1344//1365 1241//1089
f 1135//897 1344//1365 1242//1367
f 1139//1368 1345//1369 1034//1211
f 1243//1363 1345//1369 1242//1367
f 1346//1362 960//1119 1245//1076
f 1237//1101 1346//1362 1243//1363
f 1258//1194 1347//1370 922//1195
f 1246//1130 1347//1370 1247//1395
f 1348//1148 1415//1150 1416//1446
f 1348//1148 1355//1454 1353//1334
f 1246//1130 1349//1138 920//1128
f 1328//1189 1349//1138 1248//1333
f 1350//1371 1038//1374 1352//1338
f 1350//1371 1354//1481 1397//1372
f 1144//1142 1407//1482 1352//1338
f 1351//1143 1038//1374 1353//1334
f 1352//1338 1331//1480 1354//1481
f 1038//1374 1351//1143 1352//1338
f 1038//1374 1348//1148 1353//1334
f 1355//1454 1348//1148 1273//1394
f 1331//1480 1091//1487 1354//1481
f 1397//1372 1354//1481 1091//1487
f 1269//1375 1355//1454 1273//1394
f 1143//1448 1353//1334 1355//1454
f 1252//1131 1356//1157 978//1071
f 1249//1158 1356//1157 1250//1144
f 1249//1158 1357//1188 980//1156
f 1266//1243 1357//1188 1251//1397
f 1408//1387 1418//1295 1164//1488
f 1419//1182 1418//1295 1255//1180
f 1359//1402 1179//1185 1366//1401
f 1420//1177 1359//1402 1165//1403
f 1361//1389 1360//1237 943//1236
f 1362//1292 1360//1237 1257//1388
f 1384//1291 1361//1389 944//1417
f 1380//1489 1381//1476 1486//1477
f 1360//1237 1362//1292 942//1238
f 1257//1388 1166//1490 1421//1451
f 1260//1163 1363//1162 924//1204
f 1258//1194 1363//1162 1259//1164
f 1251//1397 1143//1448 1364//1453
f 1355//1454 1364//1453 1143//1448
f 1422//1455 1180//1293 1362//1292
f 1366//1401 1365//1297 1276//1391
f 1366//1401 1276//1391 1165//1403
f 1053//1233 1366//1401 1179//1185
f 1368//1409 1367//1216 1056//1406
f 1370//1217 1367//1216 1294//1408
f 1368//1409 1056//1406 1371//1407
f 1299//1257 1368//1409 1185//1473
f 1370//1217 1184//1252 962//957
f 1299//1257 1369//1253 1294//1408
f 1183//1215 1370//1217 963//956
f 1369//1253 1370//1217 1294//1408
f 1280//1405 1371//1407 1056//1406
f 1182//1345 1296//1242 1371//1407
f 1301//1283 1372//1277 947//1276
f 1308//1284 1372//1277 1300//1281
f 1316//1412 1373//1279 1187//1314
f 1374//1280 1373//1279 1058//1413
f 1374//1280 1058//1413 1375//1261
f 1300//1281 1374//1280 1190//1474
f 1375//1261 1058//1413 1376//1262
f 1307//1420 1375//1261 1189//1472
f 1316//1412 1376//1262 1058//1413
f 1188//1259 1303//1258 1376//1262
f 1290//1421 1287//1465 1479//1475
f 1306//1467 1307//1420 1377//1422
f 1042//1404 1471//1390 1485//1471
f 1379//1466 1378//1491 1380//1489
f 1479//1475 1377//1422 1290//1421
f 1378//1491 1484//1492 1380//1489
f 1381//1476 1380//1489 1166//1490
f 1306//1467 1379//1466 1380//1489
f 1257//1388 1381//1476 1166//1490
f 1486//1477 1361//1389 1309//1290
f 1382//1418 1306//1467 1486//1477
f 1383//1419 1382//1418 1190//1474
f 1374//1280 1383//1419 1190//1474
f 1307//1420 1383//1419 1375//1261
f 1308//1284 1384//1291 945//1285
f 1361//1389 1384//1291 1309//1290
f 1193//1303 1312//1302 1385//1424
f 1385//1424 1312//1302 1386//1425
f 1188//1259 1316//1412 1386//1425
f 1386//1425 1316//1412 1197//1415
f 1431//1426 1393//1493 1387//1321
f 1387//1321 1318//1494 1388//1028
f 1318//1494 1424//1495 1388//1028
f 1427//1029 1009//902 1078//935
f 1387//1321 1393//1493 1318//1494
f 1322//964 1390//1428 1015//984
f 1084//963 1390//1428 1322//964
f 1392//1427 1318//1494 1393//1493
f 1203//1248 912//1320 1429//961
f 1432//960 1394//982 1391//1496
f 1318//1494 1392//1427 1389//1429
f 1392//1427 1391//1496 1394//982
f 1431//1426 1387//1321 1203//1248
f 1392//1427 1393//1493 1391//1496
f 1394//982 1015//984 1392//1427
f 1082//959 1321//983 1394//982
f 1400//1332 1320//971 1090//1433
f 1324//1478 1321//983 1395//1331
f 1097//1019 1396//1328 1095//998
f 1215//1021 1396//1328 1326//1020
f 1397//1372 1248//1333 1417//1373
f 1398//1447 1397//1372 1091//1487
f 1398//1447 1091//1487 1404//1435
f 1217//1190 1328//1189 1398//1447
f 1399//1133 1401//1479 1400//1332
f 1402//1134 1399//1133 1090//1433
f 1090//1433 1399//1133 1400//1332
f 1399//1133 1017//1336 1401//1479
f 1469//1432 1401//1479 1017//1336
f 1324//1478 1400//1332 1401//1479
f 1216//978 1402//1134 1090//1433
f 1398//1447 1402//1134 1217//1190
f 1404//1435 1403//1337 1329//1135
f 1092//1434 1330//1335 1403//1337
f 1398//1447 1404//1435 1329//1135
f 1430//1436 1091//1487 1331//1480
f 1218//1124 1405//1126 1092//1434
f 1219//1125 1330//1335 1405//1126
f 1430//1436 1406//1379 1092//1434
f 1407//1482 1406//1379 1331//1480
f 1406//1379 1407//1482 1220//1378
f 1352//1338 1407//1482 1331//1480
f 1164//1488 1476//1497 1408//1387
f 1335//1343 1255//1180 1408//1387
f 1473//1296 1472//1384 1476//1497
f 1099//1498 1440//1440 1441//1450
f 1446//1442 1410//1443 1230//1441
f 1342//1359 1410//1443 1032//1486
f 1412//1361 1033//1366 1239//1360
f 1343//1357 1137//958 1411//1088
f 1343//1357 1412//1361 1341//1358
f 1033//1366 1412//1361 1411//1088
f 1137//958 1413//1356 963//956
f 1235//1213 1413//1356 1343//1357
f 1350//1371 1414//1149 1038//1374
f 1415//1150 1414//1149 1142//1445
f 1246//1130 1415//1150 1142//1445
f 1416//1446 1415//1150 1247//1395
f 1258//1194 1416//1446 1247//1395
f 1273//1394 1416//1446 1167//1452
f 1246//1130 1417//1373 1248//1333
f 1414//1149 1417//1373 1142//1445
f 1419//1182 1255//1180 995//975
f 1473//1296 1358//1176 1470//1178
f 1256//1312 1419//1182 996//1066
f 1418//1295 1419//1182 1358//1176
f 1470//1178 1420//1177 1165//1403
f 1419//1182 1420//1177 1358//1176
f 1483//1499 1421//1451 1166//1490
f 1422//1455 1276//1391 1365//1297
f 1362//1292 1421//1451 1422//1455
f 1422//1455 1421//1451 1483//1499
f 1201//920 1423//1027 1008//1034
f 1387//1321 1423//1027 1077//1247
f 1389//1429 1426//1326 1318//1494
f 1427//1029 1424//1495 1009//902
f 1009//902 1424//1495 1425//1275
f 1424//1495 1318//1494 1426//1326
f 1079//1256 1425//1275 1426//1326
f 1426//1326 1425//1275 1424//1495
f 1423//1027 1427//1029 1008//1034
f 1427//1029 1388//1028 1424//1495
f 1426//1326 1428//1325 1206//969
f 1390//1428 1428//1325 1389//1429
f 912//1320 913//953 1429//961
f 1429//961 913//953 1207//955
f 1403//1337 1430//1436 1092//1434
f 1091//1487 1430//1436 1404//1435
f 1393//1493 1431//1426 1391//1496
f 1203//1248 1429//961 1431//1426
f 1394//982 1432//960 1082//959
f 1431//1426 1432//960 1391//1496
f 1434//901 1078//935 1009//902
f 904//919 1433//1322 1080//917
f 1080//917 1434//901 1010//900
f 1078//935 1434//901 1433//1322
f 1032//1486 1410//1443 1446//1442
f 1456//1500 1447//1347 1019//1444
f 1224//1063 1333//1065 1437//1483
f 1445//1439 1436//1437 1438//1187
f 1333//1065 1439//1485 1437//1483
f 1439//1485 1227//1484 1440//1440
f 1098//1174 1438//1187 1436//1437
f 1224//1063 1437//1483 1438//1187
f 1334//1170 1439//1485 1333//1065
f 1227//1484 1441//1450 1440//1440
f 1440//1440 1099//1498 1444//1438
f 1437//1483 1439//1485 1440//1440
f 1442//1386 1227//1484 1335//1343
f 1441//1450 1409//1449 1478//1501
f 1442//1386 1408//1387 1476//1497
f 1227//1484 1442//1386 1441//1450
f 1289//1468 1292//1461 1464//1459
f 1452//1348 1435//1095 1448//1502
f 1466//1503 1465//1504 1099//1498
f 1444//1438 1443//1265 1445//1439
f 1445//1439 1437//1483 1440//1440
f 1463//1264 1445//1439 1443//1265
f 1450//1050 1447//1347 1449//1349
f 1481//1097 1448//1502 1435//1095
f 1463//1264 1436//1437 1445//1439
f 1449//1349 1452//1348 1446//1442
f 1032//1486 1446//1442 1448//1502
f 1452//1348 1448//1502 1446//1442
f 1231//1270 1449//1349 1446//1442
f 1450//1050 1449//1349 1100//1350
f 1453//1051 1450//1050 1100//1350
f 1455//1022 1450//1050 1454//1049
f 1461//1462 1460//1458 1281//1460
f 1458//1212 1284//1456 965//1249
f 1456//1500 1452//1348 1447//1347
f 1459//1505 1457//1457 1452//1348
f 1453//1051 1100//1350 1228//1092
f 1454//1049 1453//1051 1108//1352
f 1339//1354 1454//1049 1108//1352
f 1455//1022 1454//1049 1232//1023
f 1232//1023 1338//1342 1482//1024
f 1019//1444 1450//1050 1455//1022
f 1463//1264 1456//1500 1019//1444
f 1452//1348 1456//1500 1451//1506
f 1459//1505 1452//1348 1451//1506
f 1284//1456 1457//1457 1461//1462
f 1235//1213 1458//1212 965//1249
f 1435//1095 1457//1457 1458//1212
f 1460//1458 1459//1505 1451//1506
f 1461//1462 1459//1505 1460//1458
f 1451//1506 1462//1263 1460//1458
f 1465//1504 1464//1459 1460//1458
f 1461//1462 1281//1460 1283//1288
f 1457//1457 1459//1505 1461//1462
f 1462//1263 1451//1506 1463//1264
f 1465//1504 1462//1263 1443//1265
f 1456//1500 1463//1264 1451//1506
f 1482//1024 1463//1264 1019//1444
f 1462//1263 1465//1504 1460//1458
f 1466//1503 1464//1459 1465//1504
f 1443//1265 1444//1438 1465//1504
f 1099//1498 1465//1504 1444//1438
f 1099//1498 1441//1450 1478//1501
f 1289//1468 1464//1459 1466//1503
f 1174//929 1467//1400 1176//1206
f 1270//1399 1467//1400 1173//928
f 1276//1391 1483//1499 1468//1392
f 1468//1392 1483//1499 1484//1492
f 1330//1335 1469//1432 1017//1336
f 1083//1431 1469//1432 1211//1175
f 1471//1390 1470//1178 1165//1403
f 1470//1178 1042//1404 1472//1384
f 1276//1391 1471//1390 1165//1403
f 1471//1390 1468//1392 1485//1471
f 1474//1385 1042//1404 1480//1470
f 1476//1497 1409//1449 1442//1386
f 1418//1295 1473//1296 1164//1488
f 1470//1178 1472//1384 1473//1296
f 1287//1465 1477//1469 1474//1385
f 1289//1468 1466//1503 1475//1383
f 1478//1501 1466//1503 1099//1498
f 1475//1383 1409//1449 1476//1497
f 1473//1296 1476//1497 1164//1488
f 1475//1383 1476//1497 1472//1384
f 1291//1464 1477//1469 1287//1465
f 1475//1383 1477//1469 1289//1468
f 1409//1449 1475//1383 1478//1501
f 1466//1503 1478//1501 1475//1383
f 1287//1465 1474//1385 1480//1470
f 1379//1466 1479//1475 1378//1491
f 1378//1491 1479//1475 1480//1470
f 1480//1470 1479//1475 1287//1465
f 1342//1359 1481//1097 1132//1096
f 1448//1502 1481//1097 1032//1486
f 1455//1022 1482//1024 1019//1444
f 1098//1174 1436//1437 1482//1024
f 1483//1499 1276//1391 1422//1455
f 1484//1492 1483//1499 1166//1490
f 1380//1489 1484//1492 1166//1490
f 1378//1491 1480//1470 1485//1471
f 1468//1392 1484//1492 1485//1471
f 1485//1471 1484//1492 1378//1491
f 1382//1418 1486//1477 1309//1290
f 1380//1489 1486//1477 1306//1467
f 1658//1507 1659//1508 1575//1509
f 1610//1510 1606//1511 1611//1512
f 362//574 1658//1507 361//462
f 360//463 361//462 1657//1513
f 1684//1514 1682//1515 1542//1516
f 1599//1517 1602//1518 1601//1519
f 1661//1520 1659//1508 1771//1521
f 1848//1522 1536//1523 1849//1524
f 366//606 1576//1525 365//607
f 156//245 155//243 1609//1526
f 1768//1527 1770//1528 1656//1529
f 1656//1529 1655//1530 1766//1531
f 1508//1532 1827//1533 1509//1534
f 1656//1529 1767//1535 1576//1525
f 1701//1536 1830//1537 1986//1538
f 1518//1539 1517//1540 1832//1541
f 1813//1542 1556//1543 1688//1544
f 1550//1545 1660//1546 1549//1547
f 1577//1548 1578//1549 1579//1550
f 1548//1551 1765//1552 1547//1553
f 1578//1549 356//587 357//589
f 356//587 1581//1554 355//599
f 1513//1555 1611//1512 1618//1556
f 1606//1511 1614//1557 1613//1558
f 359//537 1550//1545 1582//1559
f 1701//1536 1835//1560 1834//1561
f 1580//1562 1565//1563 1581//1554
f 1660//1546 1657//1513 1575//1509
f 1580//1562 1581//1554 1578//1549
f 1577//1548 1583//1564 1587//1565
f 1589//1566 1580//1562 1577//1548
f 355//599 1584//1567 354//440
f 1550//1545 1657//1513 1660//1546
f 1550//1545 1583//1564 1579//1550
f 360//463 1657//1513 359//537
f 1811//1568 1805//1569 1564//1570
f 1548//1551 1549//1547 1764//1571
f 1512//1572 157//247 1703//1573
f 1501//1574 1786//1575 1502//1576
f 1782//1577 1590//1578 1585//1579
f 1563//1580 1781//1581 1663//1582
f 1780//1583 1778//1584 1654//1585
f 1545//1586 1546//1587 1783//1588
f 1675//1589 1545//1586 1673//1590
f 1497//1591 1796//1592 1498//1593
f 1588//1594 1590//1578 1586//1595
f 1789//1596 1791//1597 1889//1598
f 1836//1599 1838//1600 1940//1601
f 1965//1602 1671//1603 1785//1604
f 1895//1605 1896//1606 1592//1607
f 1698//1608 1603//1609 1602//1518
f 1495//1610 1789//1596 1496//1611
f 1839//1612 1539//1613 1840//1614
f 1785//1604 1545//1586 1783//1588
f 1511//1615 1510//1616 1817//1617
f 1544//1618 1673//1590 1545//1586
f 1563//1580 1562//1619 1806//1620
f 1564//1570 1589//1566 1781//1581
f 1559//1621 1560//1622 1676//1623
f 1662//1624 1664//1625 1677//1626
f 2021//1627 1680//1628 1809//1629
f 1809//1629 1680//1628 1806//1620
f 1561//1630 1562//1619 1662//1624
f 1907//1631 1560//1622 1559//1621
f 1543//1632 1542//1516 1682//1515
f 1544//1618 1795//1633 1543//1632
f 1557//1634 1558//1635 1685//1636
f 1682//1515 1684//1514 1595//1637
f 1555//1638 1814//1639 1556//1543
f 1814//1639 1973//1640 1975//1641
f 1890//1642 1792//1643 1542//1516
f 1676//1623 1593//1644 1678//1645
f 1686//1646 1676//1623 1678//1645
f 1558//1635 1557//1634 1816//1647
f 1790//1648 1669//1649 1789//1596
f 1878//1650 1776//1651 1963//1652
f 1844//1653 1850//1654 1710//1655
f 1799//1656 1804//1657 1810//1658
f 1514//1659 1623//1660 1515//1661
f 1802//1662 1679//1663 1798//1664
f 350//591 351//627 1904//1665
f 1920//1666 1822//1667 1918//1668
f 1507//1669 1614//1557 1506//1670
f 1613//1558 1612//1671 1615//1672
f 1694//1673 1821//1674 1822//1667
f 1606//1511 1608//1675 1614//1557
f 1612//1671 1617//1676 1619//1677
f 1695//1678 1918//1668 1822//1667
f 348//549 1821//1674 347//651
f 345//637 346//636 1825//1679
f 1617//1676 1605//1680 1619//1677
f 1508//1532 1620//1681 1507//1669
f 345//637 1825//1679 1826//1682
f 1514//1659 1615//1672 1623//1660
f 1806//1620 1808//1683 1811//1568
f 1612//1671 1613//1558 1614//1557
f 1508//1532 1621//1684 1620//1681
f 1698//1608 1506//1670 1505//1685
f 1600//1686 151//235 342//631
f 151//235 1600//1686 152//238
f 1622//1687 1515//1661 1623//1660
f 1514//1659 1618//1556 1615//1672
f 1601//1519 1700//1688 1599//1517
f 1613//1558 1618//1556 1611//1512
f 1583//1564 1549//1547 1588//1594
f 154//241 1603//1609 1505//1685
f 1603//1609 154//241 153//239
f 1600//1686 1602//1518 152//238
f 1600//1686 1601//1519 1602//1518
f 343//635 344//634 1829//1689
f 1889//1598 1497//1591 1496//1611
f 1698//1608 1926//1690 1506//1670
f 1827//1533 1828//1691 1697//1692
f 1619//1677 1605//1680 1622//1687
f 1800//1693 354//440 1584//1567
f 1616//1694 1620//1681 1617//1676
f 1659//1508 362//574 363//566
f 1511//1615 1830//1537 1510//1616
f 1768//1527 1504//1695 1503//1696
f 1818//1697 1817//1617 1510//1616
f 1579//1550 357//589 358//572
f 1583//1564 1550//1545 1549//1547
f 1931//1698 1702//1699 1833//1700
f 1820//1701 1693//1702 1819//1703
f 1572//1704 1650//1705 1637//1706
f 1931//1698 1704//1707 1835//1560
f 1620//1681 1621//1684 1617//1676
f 1513//1555 1618//1556 1514//1659
f 1548//1551 1590//1578 1588//1594
f 1615//1672 1618//1556 1613//1558
f 1564//1570 1565//1563 1580//1562
f 1516//1708 1622//1687 1833//1700
f 1798//1664 351//627 352//480
f 355//599 1581//1554 1565//1563
f 1675//1589 1673//1590 1593//1644
f 355//599 1565//1563 1584//1567
f 1586//1595 1663//1582 1781//1581
f 1608//1675 1606//1511 1609//1526
f 1505//1685 1607//1709 154//241
f 1816//1647 1975//1641 1974//1710
f 1611//1512 1606//1511 1613//1558
f 1550//1545 1579//1550 1582//1559
f 1610//1510 1703//1573 1609//1526
f 1609//1526 155//243 1607//1709
f 1577//1548 1579//1550 1583//1564
f 1588//1594 1587//1565 1583//1564
f 1702//1699 1992//1711 1991//1712
f 1607//1709 155//243 154//241
f 156//245 1703//1573 157//247
f 1792//1643 1793//1713 1670//1714
f 1676//1623 1686//1646 1559//1621
f 1513//1555 1512//1572 1611//1512
f 1617//1676 1612//1671 1616//1694
f 1507//1669 1616//1694 1614//1557
f 366//606 1504//1695 1576//1525
f 1599//1517 1983//1715 1926//1690
f 1989//1716 1987//1717 1928//1718
f 1601//1519 1600//1686 342//631
f 1685//1636 1689//1719 1557//1634
f 1612//1671 1614//1557 1616//1694
f 1887//1720 1791//1597 1886//1721
f 1610//1510 1609//1526 1606//1511
f 1792//1643 1794//1722 1893//1723
f 1492//1724 1836//1599 1493//1725
f 1840//1614 1540//1726 1893//1723
f 1540//1726 1539//1613 1707//1727
f 1615//1672 1619//1677 1623//1660
f 1707//1727 1709//1728 1540//1726
f 1936//1729 1838//1600 1933//1730
f 153//239 1602//1518 1603//1609
f 1539//1613 1839//1612 1538//1731
f 1841//1732 1941//1733 1839//1612
f 1489//1734 1845//1735 1490//1736
f 1538//1731 1537//1737 1713//1738
f 1608//1675 1506//1670 1614//1557
f 1705//1739 1836//1599 1837//1740
f 1515//1661 1622//1687 1516//1708
f 1708//1741 1625//1742 1707//1727
f 1851//1743 1716//1744 1719//1745
f 1710//1655 1554//1746 1555//1638
f 1717//1747 1552//1748 1629//1749
f 1708//1741 1627//1750 1850//1654
f 1627//1750 1876//1751 1714//1752
f 1553//1753 1716//1744 1554//1746
f 1689//1719 1687//1754 1688//1544
f 1553//1753 1717//1747 1716//1744
f 1573//1755 1568//1756 1567//1757
f 1536//1523 1848//1522 1535//1758
f 1551//1759 1762//1760 1652//1761
f 1552//1748 1762//1760 1551//1759
f 898//1002 1566//1762 1567//1757
f 1566//1762 898//1002 1551//1759
f 1573//1755 1572//1704 1637//1706
f 1536//1523 1535//1758 1650//1705
f 1653//1763 1536//1523 1650//1705
f 1551//1759 1630//1764 1629//1749
f 1845//1735 1846//1765 1711//1766
f 1528//1767 1527//1768 1911//1769
f 1853//1770 1631//1771 1635//1772
f 153//239 152//238 1602//1518
f 1570//1773 904//919 1571//1774
f 1635//1772 1636//1775 1634//1776
f 1570//1773 1571//1774 1532//1777
f 1636//1775 1487//1778 1634//1776
f 1505//1685 1506//1670 1608//1675
f 1533//1779 1633//1780 1570//1773
f 1602//1518 1599//1517 1698//1608
f 1635//1772 906//912 1853//1770
f 1905//1781 1906//1782 1807//1783
f 1728//1784 904//919 1570//1773
f 1821//1674 1823//1785 1924//1786
f 1633//1780 1728//1784 1570//1773
f 1607//1709 1608//1675 1609//1526
f 1487//1778 908//907 1634//1776
f 1605//1680 1617//1676 1621//1684
f 1571//1774 904//919 903//933
f 1569//1787 1568//1756 1637//1706
f 1569//1787 1534//1788 1533//1779
f 1568//1756 900//942 899//943
f 900//942 1568//1756 1569//1787
f 1567//1757 1566//1762 1652//1761
f 1568//1756 899//943 1567//1757
f 1569//1787 901//936 900//942
f 1637//1706 1534//1788 1569//1787
f 1533//1779 1532//1777 902//934
f 1533//1779 1570//1773 1532//1777
f 363//566 364//565 1766//1531
f 902//934 901//936 1533//1779
f 903//933 902//934 1532//1777
f 1573//1755 1567//1757 1652//1761
f 1571//1774 903//933 1532//1777
f 1533//1779 901//936 1569//1787
f 1633//1780 1726//1789 1857//1790
f 1654//1585 1660//1546 1661//1520
f 1834//1561 1509//1534 1510//1616
f 1726//1789 1534//1788 1855//1791
f 1930//1792 1833//1700 1622//1687
f 898//1002 1567//1757 899//943
f 358//572 1582//1559 1579//1550
f 1517//1540 1859//1793 1516//1708
f 1867//1794 1733//1795 1732//1796
f 1522//1797 1521//1798 1864//1799
f 1521//1798 1734//1800 1520//1801
f 1957//1802 1862//1803 1731//1804
f 1729//1805 1868//1806 1733//1795
f 359//537 1582//1559 358//572
f 1744//1807 23//43 24//48
f 1729//1805 1859//1793 1860//1808
f 1862//1803 1523//1809 1522//1797
f 1523//1809 1861//1810 1524//1811
f 26//52 1871//1812 1870//1813
f 1639//1814 1734//1800 1735//1815
f 1744//1807 1746//1816 1640//1817
f 1863//1818 1525//1819 1524//1811
f 1872//1820 1526//1821 1525//1819
f 1751//1822 1642//1823 1752//1824
f 1662//1624 1663//1582 1585//1579
f 1512//1572 1513//1555 1753//1825
f 1645//1826 157//247 1512//1572
f 1644//1827 1645//1826 1753//1825
f 1589//1566 1587//1565 1586//1595
f 1499//1828 1787//1829 1500//1830
f 1515//1661 1867//1794 1514//1659
f 1665//1831 1590//1578 1547//1553
f 1519//1832 1743//1833 161//254
f 1646//1834 160//253 159//252
f 1797//1835 1682//1515 1674//1836
f 1646//1834 159//252 1644//1827
f 160//253 1756//1837 161//254
f 1580//1562 1589//1566 1564//1570
f 1740//1838 1734//1800 1639//1814
f 158//249 1644//1827 159//252
f 1874//1839 1520//1801 1519//1832
f 1824//1840 349//548 350//591
f 1748//1841 1640//1817 1747//1842
f 1879//1843 1668//1844 1878//1650
f 1531//1845 1649//1846 1530//1847
f 1552//1748 1551//1759 1629//1749
f 1758//1848 1647//1849 1757//1850
f 2036//1851 2049//1852 2033//1853
f 1529//1854 1760//1855 1759//1856
f 21//36 22//44 1761//1857
f 1760//1855 1649//1846 1647//1849
f 1690//1858 1909//1859 2031//1860
f 1715//1861 1714//1752 1553//1753
f 1531//1845 1630//1764 18//15
f 1589//1566 1577//1548 1587//1565
f 1757//1850 19//14 20//33
f 19//14 1649//1846 18//15
f 1578//1549 1577//1548 1580//1562
f 1579//1550 1578//1549 357//589
f 1531//1845 1629//1749 1630//1764
f 1630//1764 898//1002 897//1033
f 356//587 1578//1549 1581//1554
f 1511//1615 1817//1617 1820//1701
f 163//109 162//255 1741//1862
f 1610//1510 1611//1512 1512//1572
f 1743//1833 1740//1838 1741//1862
f 163//109 1742//1863 1//6
f 342//631 343//635 1601//1519
f 1608//1675 1607//1709 1505//1685
f 1639//1814 1736//1864 1739//1865
f 1805//1569 1804//1657 1800//1693
f 1871//1812 1738//1866 1870//1813
f 1745//1867 25//50 1870//1813
f 1549//1547 1548//1551 1588//1594
f 28//5 1736//1864 27//51
f 1736//1864 1639//1814 1737//1868
f 1586//1595 1587//1565 1588//1594
f 1665//1831 1547//1553 1546//1587
f 1662//1624 1677//1626 1561//1630
f 1744//1807 1640//1817 1749//1869
f 23//43 1749//1869 22//44
f 343//635 1829//1689 1700//1688
f 1548//1551 1547//1553 1590//1578
f 1529//1854 1759//1856 1528//1767
f 1530//1847 1529//1854 1720//1870
f 1507//1669 1620//1681 1616//1694
f 1621//1684 1508//1532 1509//1534
f 1541//1871 1542//1516 1792//1643
f 1622//1687 1623//1660 1619//1677
f 1612//1671 1619//1677 1615//1672
f 1845//1735 1847//1872 1947//1873
f 1653//1763 1537//1737 1536//1523
f 1715//1861 1553//1753 1554//1746
f 1852//1874 1529//1854 1528//1767
f 1910//1875 1973//1640 2039//1876
f 1530//1847 1722//1877 1531//1845
f 1720//1870 1721//1878 1722//1877
f 898//1002 1630//1764 1551//1759
f 1630//1764 897//1033 18//15
f 1854//1879 906//912 905//911
f 2000//1880 1837//1740 1847//1872
f 1848//1522 1727//1881 1855//1791
f 1727//1881 2048//1882 1857//1790
f 1726//1789 1633//1780 1533//1779
f 1632//1883 2003//1884 2004//1885
f 908//907 907//899 1634//1776
f 1635//1772 1634//1776 907//899
f 906//912 1635//1772 907//899
f 1635//1772 1631//1771 1636//1775
f 1636//1775 1631//1771 2002//1886
f 1488//1887 1487//1778 1636//1775
f 1573//1755 1637//1706 1568//1756
f 1535//1758 1534//1788 1637//1706
f 1861//1810 1862//1803 1730//1888
f 1515//1661 1516//1708 1733//1795
f 1521//1798 1522//1797 1735//1815
f 1739//1865 28//5 29//7
f 1525//1819 1526//1821 1747//1842
f 1527//1768 1648//1889 1748//1841
f 2053//1890 2050//1891 2052//1892
f 1861//1810 1863//1818 1524//1811
f 1523//1809 1524//1811 1751//1822
f 1746//1816 1525//1819 1747//1842
f 1514//1659 1867//1794 1754//1893
f 1874//1839 1646//1834 1755//1894
f 1645//1826 1644//1827 158//249
f 1644//1827 1643//1895 1646//1834
f 157//247 1645//1826 158//249
f 1645//1826 1512//1572 1753//1825
f 1646//1834 1643//1895 1755//1894
f 1756//1837 1646//1834 1874//1839
f 20//33 21//36 1758//1848
f 1529//1854 1530//1847 1760//1855
f 1761//1857 1749//1869 1648//1889
f 1875//1896 1528//1767 1759//1856
f 1649//1846 19//14 1757//1850
f 1531//1845 18//15 1649//1846
f 1637//1706 1650//1705 1535//1758
f 1653//1763 1650//1705 1572//1704
f 1714//1752 1552//1748 1553//1753
f 1651//1897 1572//1704 1573//1755
f 1551//1759 1652//1761 1566//1762
f 1573//1755 1652//1761 1651//1897
f 1763//1898 1653//1763 1572//1704
f 1653//1763 1876//1751 1713//1738
f 1773//1899 1775//1900 1777//1901
f 1764//1571 1765//1552 1548//1551
f 364//565 365//607 1767//1535
f 1768//1527 1877//1902 1770//1528
f 1768//1527 1576//1525 1504//1695
f 1786//1575 1667//1903 1962//1904
f 1657//1513 1550//1545 359//537
f 1658//1507 1657//1513 361//462
f 1659//1508 1658//1507 362//574
f 1657//1513 1658//1507 1575//1509
f 1766//1531 1659//1508 363//566
f 1771//1521 1659//1508 1655//1530
f 1661//1520 1660//1546 1575//1509
f 1764//1571 1660//1546 1654//1585
f 1659//1508 1661//1520 1575//1509
f 1661//1520 1574//1905 1780//1583
f 1663//1582 1662//1624 1562//1619
f 1664//1625 1662//1624 1585//1579
f 1563//1580 1663//1582 1562//1619
f 1586//1595 1590//1578 1782//1577
f 1585//1579 1665//1831 1675//1589
f 1676//1623 1677//1626 1593//1644
f 1546//1587 1545//1586 1675//1589
f 1585//1579 1590//1578 1665//1831
f 1883//1906 1779//1907 1784//1908
f 1787//1829 2009//1909 1668//1844
f 1778//1584 1774//1910 1779//1907
f 1771//1521 1655//1530 1772//1911
f 1884//1912 1499//1828 1498//1593
f 1668//1844 2009//1909 1967//1913
f 1885//1914 1789//1596 1495//1610
f 1897//1915 1894//1916 1898//1917
f 1592//1607 1886//1721 1895//1605
f 1893//1723 1540//1726 1541//1871
f 1785//1604 1544//1618 1545//1586
f 1965//1602 1785//1604 1666//1918
f 1592//1607 1888//1919 1887//1720
f 2009//1909 1787//1829 1788//1920
f 1544//1618 1543//1632 1797//1835
f 1675//1589 1593//1644 1664//1625
f 1593//1644 1673//1590 1674//1836
f 1673//1590 1544//1618 1797//1835
f 1585//1579 1675//1589 1664//1625
f 1546//1587 1675//1589 1665//1831
f 1677//1626 1676//1623 1560//1622
f 1678//1645 1593//1644 1674//1836
f 1561//1630 1677//1626 1560//1622
f 1593//1644 1677//1626 1664//1625
f 1674//1836 1595//1637 1678//1645
f 1685//1636 1686//1646 1595//1637
f 1798//1664 1902//1921 1802//1662
f 1695//1678 1919//1922 1918//1668
f 1806//1620 1905//1781 1809//1629
f 1970//1923 2046//1924 1903//1925
f 1907//1631 1559//1621 1908//1926
f 1518//1539 1832//1541 1991//1712
f 1541//1871 1843//1927 1684//1514
f 1674//1836 1682//1515 1595//1637
f 1843//1927 1540//1726 1709//1728
f 1556//1543 1557//1634 1689//1719
f 1541//1871 1684//1514 1542//1516
f 1684//1514 1683//1928 1687//1754
f 1686//1646 1685//1636 1558//1635
f 1687//1754 1685//1636 1595//1637
f 1559//1621 1686//1646 1558//1635
f 1595//1637 1686//1646 1678//1645
f 1684//1514 1687//1754 1595//1637
f 1687//1754 1683//1928 1688//1544
f 1625//1742 1709//1728 1707//1727
f 1625//1742 1710//1655 1813//1542
f 1687//1754 1689//1719 1685//1636
f 1556//1543 1689//1719 1688//1544
f 1628//1929 1719//1745 1716//1744
f 1720//1870 1724//1930 1628//1929
f 1912//1931 1815//1932 1911//1769
f 2005//1933 2006//1934 1860//1808
f 2044//1935 2043//1936 1995//1937
f 1908//1926 2047//1938 1812//1939
f 1509//1534 1827//1533 1818//1697
f 1916//1940 1696//1941 1823//1785
f 1694//1673 1920//1666 1922//1942
f 1915//1943 1914//1944 1693//1702
f 1904//1665 1798//1664 1801//1945
f 1801//1945 1679//1663 1970//1923
f 346//636 347//651 1924//1786
f 1982//1946 1697//1692 1828//1691
f 1828//1691 1508//1532 1507//1669
f 1915//1943 1913//1947 1914//1944
f 1698//1608 1505//1685 1603//1609
f 1828//1691 1507//1669 1926//1690
f 1826//1682 344//634 345//637
f 1925//1948 1826//1682 1696//1941
f 343//635 1700//1688 1601//1519
f 1983//1715 1700//1688 1699//1949
f 1986//1538 1928//1718 1987//1717
f 2012//1950 1835//1560 1701//1536
f 1702//1699 1832//1541 1833//1700
f 1604//1951 1835//1560 2012//1950
f 1609//1526 1703//1573 156//245
f 1512//1572 1703//1573 1610//1510
f 1605//1680 1621//1684 1704//1707
f 1704//1707 1621//1684 1834//1561
f 1932//1952 1836//1599 1492//1724
f 1706//1953 1901//1954 1951//1955
f 1899//1956 1999//1957 1901//1954
f 1941//1733 1537//1737 1538//1731
f 1842//1958 1539//1613 1538//1731
f 1625//1742 1688//1544 1709//1728
f 1842//1958 1707//1727 1539//1613
f 1708//1741 1842//1958 1713//1738
f 1688//1544 1683//1928 1709//1728
f 1709//1728 1683//1928 1843//1927
f 1813//1542 1555//1638 1556//1543
f 1844//1653 1710//1655 1625//1742
f 1632//1883 1857//1790 2048//1882
f 1856//1959 1944//1960 1946//1961
f 1537//1737 1941//1733 1849//1524
f 1953//1962 1952//1963 1712//1964
f 1653//1763 1713//1738 1537//1737
f 1708//1741 1713//1738 1627//1750
f 1876//1751 1653//1763 1763//1898
f 1762//1760 1714//1752 1651//1897
f 1710//1655 1715//1861 1554//1746
f 1714//1752 1715//1861 1627//1750
f 1553//1753 1552//1748 1717//1747
f 1628//1929 1724//1930 2031//1860
f 1629//1749 1531//1845 1722//1877
f 1716//1744 1717//1747 1721//1878
f 1851//1743 1909//1859 1814//1639
f 1554//1746 1851//1743 1555//1638
f 2031//1860 1719//1745 1628//1929
f 1719//1745 1718//1965 1851//1743
f 1529//1854 1852//1874 1724//1930
f 1721//1878 1720//1870 1628//1929
f 1716//1744 1721//1878 1628//1929
f 1722//1877 1721//1878 1717//1747
f 1629//1749 1722//1877 1717//1747
f 1530//1847 1720//1870 1722//1877
f 1723//1966 1852//1874 1815//1932
f 2033//1853 2031//1860 2034//1967
f 1529//1854 1724//1930 1720//1870
f 2031//1860 1724//1930 1723//1966
f 1728//1784 905//911 904//919
f 2004//1885 1858//1968 1632//1883
f 1533//1779 1534//1788 1726//1789
f 1535//1758 1855//1791 1534//1788
f 1952//1963 1727//1881 1712//1964
f 1952//1963 2048//1882 1727//1881
f 1858//1968 1633//1780 1632//1883
f 1854//1879 1728//1784 1725//1969
f 1860//1808 1517//1540 1518//1539
f 1955//1970 1956//1971 1729//1805
f 2008//1972 1958//1973 1638//1974
f 1959//1975 1863//1818 1956//1971
f 1865//1976 1520//1801 1755//1894
f 1513//1555 1754//1893 1753//1825
f 1869//1977 1957//1802 1961//1978
f 1755//1894 1866//1979 1865//1976
f 1733//1795 1516//1708 1859//1793
f 1733//1795 1868//1806 1869//1977
f 1735//1815 1734//1800 1521//1798
f 1740//1838 1639//1814 1739//1865
f 1523//1809 1752//1824 1522//1797
f 1736//1864 1737//1868 27//51
f 1739//1865 1736//1864 28//5
f 1737//1868 1639//1814 1735//1815
f 1871//1812 1735//1815 1738//1866
f 27//51 1737//1868 1871//1812
f 1735//1815 1522//1797 1873//1980
f 1738//1866 1642//1823 1870//1813
f 1739//1865 1742//1863 1741//1862
f 1734//1800 1740//1838 1520//1801
f 29//7 1742//1863 1739//1865
f 1519//1832 1520//1801 1740//1838
f 1743//1833 1741//1862 162//255
f 1740//1838 1739//1865 1741//1862
f 1//6 1742//1863 29//7
f 163//109 1741//1862 1742//1863
f 161//254 1743//1833 162//255
f 1740//1838 1743//1833 1519//1832
f 24//48 1745//1867 1744//1807
f 1642//1823 1751//1822 1746//1816
f 25//50 1745//1867 24//48
f 1746//1816 1745//1867 1642//1823
f 1746//1816 1744//1807 1745//1867
f 1524//1811 1525//1819 1746//1816
f 1748//1841 1747//1842 1526//1821
f 1746//1816 1747//1842 1640//1817
f 1527//1768 1748//1841 1526//1821
f 1748//1841 1648//1889 1749//1869
f 1744//1807 1749//1869 23//43
f 1749//1869 1640//1817 1748//1841
f 1860//1808 2006//1934 1641//1981
f 1815//1932 1912//1931 1976//1982
f 1746//1816 1751//1822 1524//1811
f 1752//1824 1642//1823 1738//1866
f 1738//1866 1735//1815 1873//1980
f 1523//1809 1751//1822 1752//1824
f 1513//1555 1514//1659 1754//1893
f 1753//1825 1643//1895 1644//1827
f 1866//1979 1732//1796 1961//1978
f 1643//1895 1753//1825 1754//1893
f 1960//1983 1754//1893 1866//1979
f 1731//1804 1864//1799 1865//1976
f 161//254 1756//1837 1519//1832
f 160//253 1646//1834 1756//1837
f 1758//1848 1757//1850 20//33
f 1649//1846 1757//1850 1647//1849
f 1761//1857 1758//1848 21//36
f 1875//1896 1759//1856 1758//1848
f 1647//1849 1758//1848 1759//1856
f 1875//1896 1758//1848 1648//1889
f 1649//1846 1760//1855 1530//1847
f 1759//1856 1760//1855 1647//1849
f 1749//1869 1761//1857 22//44
f 1758//1848 1761//1857 1648//1889
f 1714//1752 1762//1760 1552//1748
f 1652//1761 1762//1760 1651//1897
f 1572//1704 1651//1897 1763//1898
f 1876//1751 1651//1897 1714//1752
f 1660//1546 1764//1571 1549//1547
f 1765//1552 1764//1571 1654//1585
f 1777//1901 1574//1905 1772//1911
f 1547//1553 1765//1552 1883//1906
f 1766//1531 364//565 1767//1535
f 1659//1508 1766//1531 1655//1530
f 1576//1525 1767//1535 365//607
f 1766//1531 1767//1535 1656//1529
f 1503//1696 1502//1576 1877//1902
f 1576//1525 1768//1527 1656//1529
f 1769//1984 1773//1899 1772//1911
f 1656//1529 1770//1528 1655//1530
f 1877//1902 1768//1527 1503//1696
f 1655//1530 1770//1528 1769//1984
f 1772//1911 1655//1530 1769//1984
f 1661//1520 1771//1521 1574//1905
f 1769//1984 1962//1904 1773//1899
f 1574//1905 1771//1521 1772//1911
f 1773//1899 1667//1903 1775//1900
f 1772//1911 1773//1899 1777//1901
f 1774//1910 1775//1900 1776//1651
f 1881//1985 1779//1907 1880//1986
f 1776//1651 1775//1900 1667//1903
f 1775//1900 1774//1910 1777//1901
f 1879//1843 1963//1652 1786//1575
f 1776//1651 1591//1987 1880//1986
f 1778//1584 1777//1901 1774//1910
f 1661//1520 1780//1583 1654//1585
f 1776//1651 1880//1986 1774//1910
f 1654//1585 1778//1584 1765//1552
f 1666//1918 1783//1588 1784//1908
f 1765//1552 1778//1584 1779//1907
f 1574//1905 1777//1901 1780//1583
f 1778//1584 1780//1583 1777//1901
f 1564//1570 1781//1581 1563//1580
f 1586//1595 1781//1581 1589//1566
f 1585//1579 1663//1582 1782//1577
f 1586//1595 1782//1577 1663//1582
f 1784//1908 1783//1588 1546//1587
f 1783//1588 1666//1918 1785//1604
f 1547//1553 1784//1908 1546//1587
f 1666//1918 1784//1908 1779//1907
f 1881//1985 1882//1988 1965//1602
f 1795//1633 1785//1604 1671//1603
f 1500//1830 1879//1843 1964//1989
f 1786//1575 1962//1904 1877//1902
f 1787//1829 1499//1828 1884//1912
f 1879//1843 1787//1829 1668//1844
f 1788//1920 1884//1912 1796//1592
f 1968//1990 1966//1991 2011//1992
f 1885//1914 1495//1610 1494//1993
f 1791//1597 1789//1596 1669//1649
f 1494//1993 1493//1725 1940//1601
f 1838//1600 1936//1729 1790//1648
f 1886//1721 1791//1597 1669//1649
f 1791//1597 1672//1994 1796//1592
f 1890//1642 1542//1516 1543//1632
f 1792//1643 1670//1714 1794//1722
f 1793//1713 1890//1642 1795//1633
f 1888//1919 1891//1995 1892//1996
f 1670//1714 1896//1606 1897//1915
f 1840//1614 1969//1997 1899//1956
f 1785//1604 1795//1633 1544//1618
f 1795//1633 1671//1603 1892//1996
f 1796//1592 1497//1591 1889//1598
f 1796//1592 1672//1994 2010//1998
f 1682//1515 1797//1835 1543//1632
f 1673//1590 1797//1835 1674//1836
f 1902//1921 352//480 353//349
f 1801//1945 1798//1664 1679//1663
f 353//349 354//440 1800//1693
f 1799//1656 1800//1693 1804//1657
f 1805//1569 1584//1567 1565//1563
f 1800//1693 1799//1656 1902//1921
f 1810//1658 2046//1924 1679//1663
f 1801//1945 1695//1678 1824//1840
f 1902//1921 1798//1664 352//480
f 1810//1658 1802//1662 1799//1656
f 1563//1580 1806//1620 1811//1568
f 1808//1683 1810//1658 1803//1999
f 1800//1693 1584//1567 1805//1569
f 1810//1658 1804//1657 1803//1999
f 1564//1570 1805//1569 1565//1563
f 1803//1999 1804//1657 1805//1569
f 1905//1781 1562//1619 1561//1630
f 1808//1683 1806//1620 1680//1628
f 1906//1782 1561//1630 1560//1622
f 2017//2000 1681//2001 2018//2002
f 1810//1658 1808//1683 1680//1628
f 1808//1683 1803//1999 1811//1568
f 1905//1781 1806//1620 1562//1619
f 2021//1627 1809//1629 1807//1783
f 1810//1658 1680//1628 2025//2003
f 1679//1663 1802//1662 1810//1658
f 1805//1569 1811//1568 1803//1999
f 1563//1580 1811//1568 1564//1570
f 1558//1635 1816//1647 1908//1926
f 1681//2001 2017//2000 2028//2004
f 1625//1742 1813//1542 1688//1544
f 1710//1655 1555//1638 1813//1542
f 1814//1639 1555//1638 1851//1743
f 1814//1639 1909//1859 1973//1640
f 1527//1768 1526//1821 1912//1931
f 2032//2005 1815//1932 1691//2006
f 1557//1634 1556//1543 1975//1641
f 2047//1938 1971//2007 1972//2008
f 1510//1616 1509//1534 1818//1697
f 1693//1702 1921//2009 1819//1703
f 1913//1947 1818//1697 1697//1692
f 1817//1617 1818//1697 1915//1943
f 2022//2010 1990//2011 2016//2012
f 1989//1716 1998//2013 1987//1717
f 1693//1702 1820//1701 1817//1617
f 1820//1701 1819//1703 1928//1718
f 348//549 349//548 1923//2014
f 1823//1785 1821//1674 1694//1673
f 1923//2014 1821//1674 348//549
f 1822//1667 1923//2014 1824//1840
f 1914//1944 1917//2015 1922//1942
f 1825//1679 1924//1786 1696//1941
f 1824//1840 350//591 1904//1665
f 1822//1667 1824//1840 1695//1678
f 1825//1679 346//636 1924//1786
f 1826//1682 1825//1679 1696//1941
f 1925//1948 1696//1941 1598//2016
f 1829//1689 1826//1682 1699//1949
f 1828//1691 1827//1533 1508//1532
f 1818//1697 1827//1533 1697//1692
f 1506//1670 1926//1690 1507//1669
f 1984//2017 1925//1948 1982//1946
f 1826//1682 1829//1689 344//634
f 1700//1688 1829//1689 1699//1949
f 1830//1537 1511//1615 1986//1538
f 1834//1561 1830//1537 1701//1536
f 1929//2018 1995//1937 2043//1936
f 2012//1950 1927//2019 2013//2020
f 1833//1700 1832//1541 1517//1540
f 1991//1712 1832//1541 1702//1699
f 1516//1708 1833//1700 1517//1540
f 1622//1687 1605//1680 1930//1792
f 1509//1534 1834//1561 1621//1684
f 1834//1561 1510//1616 1830//1537
f 1931//1698 1835//1560 1604//1951
f 1834//1561 1835//1560 1704//1707
f 1932//1952 1492//1724 1491//2021
f 1838//1600 1836//1599 1705//1739
f 1491//2021 1490//1736 1947//1873
f 1934//2022 1935//2023 1900//2024
f 1933//1730 1838//1600 1705//1739
f 1885//1914 1940//1601 1790//1648
f 1539//1613 1540//1726 1840//1614
f 1839//1612 1706//1953 1841//1732
f 1898//1917 1969//1997 1897//1915
f 1706//1953 1839//1612 1840//1614
f 1706//1953 1899//1956 1901//1954
f 1948//2025 1712//1964 1849//1524
f 1713//1738 1842//1958 1538//1731
f 1707//1727 1842//1958 1708//1741
f 1684//1514 1843//1927 1683//1928
f 1540//1726 1843//1927 1541//1871
f 1625//1742 1708//1741 1844//1653
f 1844//1653 1708//1741 1850//1654
f 1942//2026 1489//1734 1488//1887
f 1847//1872 1845//1735 1711//1766
f 1942//2026 1845//1735 1489//1734
f 1846//1765 1942//2026 1636//1775
f 1943//2027 1847//1872 1711//1766
f 1932//1952 1947//1873 1837//1740
f 1536//1523 1537//1737 1849//1524
f 1727//1881 1848//1522 1712//1964
f 1949//2028 1950//2029 1900//2024
f 1712//1964 1848//1522 1849//1524
f 1627//1750 1715//1861 1850//1654
f 1850//1654 1715//1861 1710//1655
f 1851//1743 1554//1746 1716//1744
f 1851//1743 1718//1965 1909//1859
f 1852//1874 1528//1767 1911//1769
f 1724//1930 1852//1874 1723//1966
f 1854//1879 1853//1770 906//912
f 1631//1771 1853//1770 1725//1969
f 1728//1784 1854//1879 905//911
f 1853//1770 1854//1879 1725//1969
f 1848//1522 1855//1791 1535//1758
f 1726//1789 1855//1791 1727//1881
f 1944//1960 1626//2030 1943//2027
f 2001//2031 1944//1960 1711//1766
f 1633//1780 1857//1790 1632//1883
f 1726//1789 1727//1881 1857//1790
f 1725//1969 1728//1784 1858//1968
f 1633//1780 1858//1968 1728//1784
f 1860//1808 1859//1793 1517//1540
f 1733//1795 1859//1793 1729//1805
f 2005//1933 1860//1808 1518//1539
f 1641//1981 1955//1970 1860//1808
f 1862//1803 1861//1810 1523//1809
f 1863//1818 1861//1810 1730//1888
f 1862//1803 1522//1797 1864//1799
f 1958//1973 1862//1803 1957//1802
f 1863//1818 1730//1888 1956//1971
f 1872//1820 1863//1818 1750//2032
f 1865//1976 1864//1799 1521//1798
f 1862//1803 1864//1799 1731//1804
f 1520//1801 1865//1976 1521//1798
f 1960//1983 1866//1979 1755//1894
f 1732//1796 1866//1979 1754//1893
f 1731//1804 1865//1976 1866//1979
f 1733//1795 1867//1794 1515//1661
f 1754//1893 1867//1794 1732//1796
f 1729//1805 1956//1971 2008//1972
f 1869//1977 1868//1806 1638//1974
f 1869//1977 1638//1974 1957//1802
f 1732//1796 1733//1795 1869//1977
f 1745//1867 1870//1813 1642//1823
f 26//52 1870//1813 25//50
f 27//51 1871//1812 26//52
f 1735//1815 1871//1812 1737//1868
f 1863//1818 1872//1820 1525//1819
f 1912//1931 1872//1820 1750//2032
f 1522//1797 1752//1824 1873//1980
f 1738//1866 1873//1980 1752//1824
f 1874//1839 1519//1832 1756//1837
f 1755//1894 1520//1801 1874//1839
f 1648//1889 1527//1768 1875//1896
f 1528//1767 1875//1896 1527//1768
f 1876//1751 1627//1750 1713//1738
f 1651//1897 1876//1751 1763//1898
f 1786//1575 1877//1902 1502//1576
f 1770//1528 1877//1902 1769//1984
f 1591//1987 1776//1651 1878//1650
f 1776//1651 1667//1903 1963//1652
f 1501//1574 1964//1989 1786//1575
f 1787//1829 1879//1843 1500//1830
f 1881//1985 1880//1986 1591//1987
f 1779//1907 1774//1910 1880//1986
f 1591//1987 1882//1988 1881//1985
f 1779//1907 1881//1985 1666//1918
f 1878//1650 1967//1913 1591//1987
f 2011//1992 1887//1720 1888//1919
f 1779//1907 1883//1906 1765//1552
f 1784//1908 1547//1553 1883//1906
f 1796//1592 1884//1912 1498//1593
f 1787//1829 1884//1912 1788//1920
f 1885//1914 1494//1993 1940//1601
f 1789//1596 1885//1914 1790//1648
f 1938//2033 1939//2034 1669//1649
f 1887//1720 1886//1721 1592//1607
f 1891//1995 1888//1919 1592//1607
f 1791//1597 1887//1720 1672//1994
f 1671//1603 1968//1990 1888//1919
f 2010//1998 2011//1992 1966//1991
f 1789//1596 1889//1598 1496//1611
f 1796//1592 1889//1598 1791//1597
f 1795//1633 1890//1642 1543//1632
f 1792//1643 1890//1642 1793//1713
f 1670//1714 1793//1713 1891//1995
f 1891//1995 1793//1713 1892//1996
f 1795//1633 1892//1996 1793//1713
f 1888//1919 1892//1996 1671//1603
f 1792//1643 1893//1723 1541//1871
f 1840//1614 1893//1723 1794//1722
f 1592//1607 1896//1606 1891//1995
f 1938//2033 1669//1649 1790//1648
f 1669//1649 1895//1605 1886//1721
f 1896//1606 1895//1605 1894//1916
f 1897//1915 1896//1606 1894//1916
f 1891//1995 1896//1606 1670//1714
f 1937//2035 1898//1917 1894//1916
f 1670//1714 1897//1915 1794//1722
f 1899//1956 1898//1917 1624//2036
f 1794//1722 1969//1997 1840//1614
f 1934//2022 1999//1957 1933//1730
f 1840//1614 1899//1956 1706//1953
f 1705//1739 1935//2023 1934//2022
f 1626//2030 1953//1962 1948//2025
f 1999//1957 1899//1956 1624//2036
f 1900//2024 1950//2029 1951//1955
f 1800//1693 1902//1921 353//349
f 1802//1662 1902//1921 1799//1656
f 1981//2037 1919//1922 1903//1925
f 1801//1945 1970//1923 1695//1678
f 1798//1664 1904//1665 351//627
f 1824//1840 1904//1665 1801//1945
f 1906//1782 1905//1781 1561//1630
f 1809//1629 1905//1781 1807//1783
f 1907//1631 1906//1782 1560//1622
f 2023//2038 2029//2039 2030//2040
f 1559//1621 1558//1635 1908//1926
f 1907//1631 1812//1939 2030//2040
f 1971//2007 1816//1647 1974//1710
f 1812//1939 1907//1631 1908//1926
f 2031//1860 1909//1859 1718//1965
f 1973//1640 1909//1859 1690//1858
f 1690//1858 2049//1852 2037//2041
f 1974//1710 1692//2042 1971//2007
f 1912//1931 1911//1769 1527//1768
f 1852//1874 1911//1769 1815//1932
f 1872//1820 1912//1931 1526//1821
f 1977//2043 1976//1982 1979//2044
f 1697//1692 1598//2016 1913//1947
f 1913//1947 1598//2016 1914//1944
f 1598//2016 1916//1940 1914//1944
f 1916//1940 1823//1785 1917//2015
f 1817//1617 1915//1943 1693//1702
f 1913//1947 1915//1943 1818//1697
f 1696//1941 1916//1940 1598//2016
f 1917//2015 1823//1785 1694//1673
f 1920//1666 1921//2009 1922//1942
f 1914//1944 1916//1940 1917//2015
f 1919//1922 1695//1678 1903//1925
f 1920//1666 1918//1668 1597//2045
f 1981//2037 1903//1925 1594//2046
f 1597//2045 1918//1668 1919//1922
f 1921//2009 1920//1666 1597//2045
f 1822//1667 1920//1666 1694//1673
f 1921//2009 1597//2045 2016//2012
f 1922//1942 1921//2009 1693//1702
f 1914//1944 1922//1942 1693//1702
f 1694//1673 1922//1942 1917//2015
f 1824//1840 1923//2014 349//548
f 1821//1674 1923//2014 1822//1667
f 1821//1674 1924//1786 347//651
f 1924//1786 1823//1785 1696//1941
f 1982//1946 1598//2016 1697//1692
f 1984//2017 1982//1946 1828//1691
f 1698//1608 1599//1517 1926//1690
f 1599//1517 1700//1688 1983//1715
f 1820//1701 1928//1718 1986//1538
f 1987//1717 2013//2020 1927//2019
f 1990//2011 1988//2047 1989//1716
f 2013//2020 1987//1717 1831//2048
f 1929//2018 1994//2049 1995//1937
f 1977//2043 1980//2050 1691//2006
f 1605//1680 1704//1707 1930//1792
f 1931//1698 1930//1792 1704//1707
f 1702//1699 1931//1698 1604//1951
f 1930//1792 1931//1698 1833//1700
f 1932//1952 1491//2021 1947//1873
f 1836//1599 1932//1952 1837//1740
f 1934//2022 1933//1730 1705//1739
f 1933//1730 1624//2036 1936//1729
f 1935//2023 1705//1739 1837//1740
f 1900//2024 1901//1954 1999//1957
f 2000//1880 1943//2027 1945//2051
f 1935//2023 1945//2051 1949//2028
f 1937//2035 1624//2036 1898//1917
f 1894//1916 1895//1605 1939//2034
f 1937//2035 1894//1916 1939//2034
f 1624//2036 1937//2035 1936//1729
f 1790//1648 1936//1729 1938//2033
f 1936//1729 1937//2035 1939//2034
f 1669//1649 1939//2034 1895//1605
f 1939//2034 1938//2033 1936//1729
f 1836//1599 1940//1601 1493//1725
f 1940//1601 1838//1600 1790//1648
f 1839//1612 1941//1733 1538//1731
f 1849//1524 1941//1733 1841//1732
f 1636//1775 1942//2026 1488//1887
f 1845//1735 1942//2026 1846//1765
f 1944//1960 1943//2027 1711//1766
f 1945//2051 1943//2027 1626//2030
f 2001//2031 1711//1766 1846//1765
f 1944//1960 1856//1959 1953//1962
f 1949//2028 1945//2051 1626//2030
f 2000//1880 1935//2023 1837//1740
f 2002//1886 1946//1961 2001//2031
f 1631//1771 1725//1969 2004//1885
f 1845//1735 1947//1873 1490//1736
f 1947//1873 1847//1872 1837//1740
f 1950//2029 1849//1524 1841//1732
f 1949//2028 1948//2025 1950//2029
f 1935//2023 1949//2028 1900//2024
f 1626//2030 1948//2025 1949//2028
f 1849//1524 1950//2029 1948//2025
f 1950//2029 1841//1732 1951//1955
f 1706//1953 1951//1955 1841//1732
f 1900//2024 1951//1955 1901//1954
f 1712//1964 1948//2025 1953//1962
f 1856//1959 2003//1884 2048//1882
f 1944//1960 1953//1962 1626//2030
f 1856//1959 1952//1963 1953//1962
f 1518//1539 1991//1712 1996//2052
f 1815//1932 1976//1982 1691//2006
f 1956//1971 1955//1970 1641//1981
f 1729//1805 1860//1808 1955//1970
f 1956//1971 1641//1981 1959//1975
f 2008//1972 1730//1888 1958//1973
f 1731//1804 1961//1978 1957//1802
f 1958//1973 1957//1802 1638//1974
f 1638//1974 1868//1806 2008//1972
f 1730//1888 1862//1803 1958//1973
f 1641//1981 2006//1934 2007//2053
f 1750//2032 1863//1818 1959//1975
f 1755//1894 1643//1895 1960//1983
f 1754//1893 1960//1983 1643//1895
f 1961//1978 1732//1796 1869//1977
f 1731//1804 1866//1979 1961//1978
f 1773//1899 1962//1904 1667//1903
f 1769//1984 1877//1902 1962//1904
f 1786//1575 1963//1652 1667//1903
f 1878//1650 1963//1652 1879//1843
f 1500//1830 1964//1989 1501//1574
f 1879//1843 1786//1575 1964//1989
f 1881//1985 1965//1602 1666//1918
f 1671//1603 1965//1602 1882//1988
f 1966//1991 2009//1909 2010//1998
f 1967//1913 1882//1988 1591//1987
f 1668//1844 1967//1913 1878//1650
f 1882//1988 1967//1913 1966//1991
f 1671//1603 1882//1988 1968//1990
f 1966//1991 1968//1990 1882//1988
f 1897//1915 1969//1997 1794//1722
f 1899//1956 1969//1997 1898//1917
f 2046//1924 1970//1923 1679//1663
f 1695//1678 1970//1923 1903//1925
f 1971//2007 1692//2042 1972//2008
f 1908//1926 1816//1647 1971//2007
f 2039//1876 1692//2042 1974//1710
f 1681//2001 2028//2004 2027//2054
f 2037//2041 1973//1640 1690//1858
f 1973//1640 1910//1875 1975//1641
f 1975//1641 1816//1647 1557//1634
f 1974//1710 1910//1875 2039//1876
f 1975//1641 1556//1543 1814//1639
f 1974//1710 1975//1641 1910//1875
f 1979//2044 1912//1931 1750//2032
f 1980//2050 1977//2043 1954//2055
f 1691//2006 1976//1982 1977//2043
f 1976//1982 1912//1931 1979//2044
f 1993//2056 2005//1933 1996//2052
f 2035//2057 1978//2058 2036//1851
f 1750//2032 1959//1975 2007//2053
f 1954//2055 1977//2043 1979//2044
f 1993//2056 1980//2050 1954//2055
f 1980//2050 1978//2058 2035//2057
f 2020//2059 2014//2060 1988//2047
f 1919//1922 1981//2037 2022//2010
f 1828//1691 1926//1690 1983//1715
f 1598//2016 1982//1946 1925//1948
f 1984//2017 1983//1715 1699//1949
f 1983//1715 1984//2017 1828//1691
f 1699//1949 1826//1682 1984//2017
f 1925//1948 1984//2017 1826//1682
f 1985//2061 1995//1937 1994//2049
f 1991//1712 1992//1711 1994//2049
f 1986//1538 1927//2019 1701//1536
f 1820//1701 1986//1538 1511//1615
f 1986//1538 1987//1717 1927//2019
f 2015//2062 1989//1716 1928//1718
f 2014//2060 1981//2037 1594//2046
f 2045//2063 2018//2002 1681//2001
f 2015//2062 1928//1718 1819//1703
f 1989//1716 1988//2047 1998//2013
f 1990//2011 2015//2062 2016//2012
f 2020//2059 1981//2037 2014//2060
f 1702//1699 1604//1951 1992//1711
f 1929//2018 1993//2056 1996//2052
f 1604//1951 1985//2061 1992//1711
f 1994//2049 1992//1711 1985//2061
f 2050//1891 2053//1890 2043//1936
f 1993//2056 2052//1892 1980//2050
f 1985//2061 2013//2020 1995//1937
f 1991//1712 1994//2049 1929//2018
f 2019//2064 1987//1717 1998//2013
f 1831//2048 2019//2064 1995//1937
f 1929//2018 1996//2052 1991//1712
f 2005//1933 1993//2056 1954//2055
f 2045//2063 1681//2001 1972//2008
f 1692//2042 2041//2065 1972//2008
f 1998//2013 1988//2047 2017//2000
f 1998//2013 2018//2002 2019//2064
f 1933//1730 1999//1957 1624//2036
f 1900//2024 1999//1957 1934//2022
f 1943//2027 2000//1880 1847//1872
f 1935//2023 2000//1880 1945//2051
f 2002//1886 2001//2031 1846//1765
f 1944//1960 2001//2031 1946//1961
f 1636//1775 2002//1886 1846//1765
f 2004//1885 2002//1886 1631//1771
f 1856//1959 1946//1961 2003//1884
f 2004//1885 2003//1884 1946//1961
f 2004//1885 1946//1961 2002//1886
f 1858//1968 2004//1885 1725//1969
f 1996//2052 2005//1933 1518//1539
f 2005//1933 1954//2055 2006//1934
f 1954//2055 1979//2044 2006//1934
f 2007//2053 2006//1934 1979//2044
f 1750//2032 2007//2053 1979//2044
f 1641//1981 2007//2053 1959//1975
f 1729//1805 2008//1972 1868//1806
f 1730//1888 2008//1972 1956//1971
f 2010//1998 2009//1909 1788//1920
f 1967//1913 2009//1909 1966//1991
f 1796//1592 2010//1998 1788//1920
f 2011//1992 2010//1998 1672//1994
f 1887//1720 2011//1992 1672//1994
f 1968//1990 2011//1992 1888//1919
f 1927//2019 2012//1950 1701//1536
f 1985//2061 1604//1951 2012//1950
f 1995//1937 2013//2020 1831//2048
f 2012//1950 2013//2020 1985//2061
f 1594//2046 2024//2066 2014//2060
f 2023//2038 1812//1939 2027//2054
f 2016//2012 2015//2062 1819//1703
f 1989//1716 2015//2062 1990//2011
f 1921//2009 2016//2012 1819//1703
f 2022//2010 1597//2045 1919//1922
f 2014//2060 2026//2067 1988//2047
f 2024//2066 2026//2067 2014//2060
f 2019//2064 2018//2002 1997//2068
f 2017//2000 2018//2002 1998//2013
f 1995//1937 2019//2064 1997//2068
f 1987//1717 2019//2064 1831//2048
f 1988//2047 1990//2011 2020//2059
f 1981//2037 2020//2059 1990//2011
f 2024//2066 2025//2003 2021//1627
f 1906//1782 2029//2039 1807//1783
f 1990//2011 2022//2010 1981//2037
f 1597//2045 2022//2010 2016//2012
f 2023//2038 2028//2004 2026//2067
f 2021//1627 1807//1783 2029//2039
f 2025//2003 2024//2066 1594//2046
f 2026//2067 2024//2066 2021//1627
f 2025//2003 1594//2046 2046//1924
f 2021//1627 2025//2003 1680//1628
f 2023//2038 2026//2067 2021//1627
f 2026//2067 2017//2000 1988//2047
f 2047//1938 2027//2054 1812//1939
f 1972//2008 1681//2001 2027//2054
f 2026//2067 2028//2004 2017//2000
f 2027//2054 2028//2004 2023//2038
f 2030//2040 2029//2039 1906//1782
f 2021//1627 2029//2039 2023//2038
f 1907//1631 2030//2040 1906//1782
f 2023//2038 2030//2040 1812//1939
f 2031//1860 1718//1965 1719//1745
f 1723//1966 2032//2005 2034//1967
f 2032//2005 1691//2006 2033//1853
f 1723//1966 1815//1932 2032//2005
f 2035//2057 2033//1853 1691//2006
f 2033//1853 2035//2057 2036//1851
f 1723//1966 2034//1967 2031//1860
f 2032//2005 2033//1853 2034//1967
f 1980//2050 2035//2057 1691//2006
f 1978//2058 2051//2069 2036//1851
f 2037//2041 2036//1851 1596//2070
f 2031//1860 2049//1852 1690//1858
f 2037//2041 1596//2070 2038//2071
f 2037//2041 2039//1876 1973//1640
f 2042//2072 2038//2071 1596//2070
f 1692//2042 2038//2071 2041//2065
f 2037//2041 2038//2071 2039//1876
f 2039//1876 2038//2071 1692//2042
f 2051//2069 2050//1891 1596//2070
f 2045//2063 1972//2008 2041//2065
f 2042//2072 2041//2065 2038//2071
f 2045//2063 2041//2065 2040//2073
f 2042//2072 1596//2070 2050//1891
f 2041//2065 2042//2072 2040//2073
f 2044//1935 1995//1937 1997//2068
f 2050//1891 2040//2073 2042//2072
f 2018//2002 2045//2063 1997//2068
f 2040//2073 2043//1936 2044//1935
f 2040//2073 2044//1935 2045//2063
f 2045//2063 2044//1935 1997//2068
f 2025//2003 2046//1924 1810//1658
f 1594//2046 1903//1925 2046//1924
f 1971//2007 2047//1938 1908//1926
f 2027//2054 2047//1938 1972//2008
f 1856//1959 2048//1882 1952//1963
f 1632//1883 2048//1882 2003//1884
f 2033//1853 2049//1852 2031//1860
f 2037//2041 2049//1852 2036//1851
f 2050//1891 2051//2069 2052//1892
f 2050//1891 2043//1936 2040//2073
f 2036//1851 2051//2069 1596//2070
f 2052//1892 2051//2069 1978//2058
f 1980//2050 2052//1892 1978//2058
f 2053//1890 2052//1892 1993//2056
f 1993//2056 1929//2018 2053//1890
f 2043//1936 2053//1890 1929//2018
f 2142//2074 930//1396 929//996
f 2150//2075 2162//2076 2061//2077
f 2214//2078 2217//2079 2218//2080
f 2121//2081 2056//2082 2057//2083
f 2153//2084 2141//2085 2132//2086
f 2145//2087 2144//2088 941//1294
f 2138//2089 2223//2090 932//1210
f 2224//2091 2138//2089 2141//2085
f 2223//2090 934//1239 933//1218
f 2259//2092 2169//2093 2183//2094
f 931//1209 2138//2089 932//1210
f 2132//2086 2142//2074 2143//2095
f 2160//2096 2161//2097 2156//2098
f 932//1210 2223//2090 933//1218
f 2123//2099 936//1220 2122//2100
f 947//1276 2341//2101 2375//2102
f 2058//2103 2131//2104 2057//2083
f 2122//2100 935//1230 2151//2105
f 938//1231 937//1221 2189//2106
f 2528//2107 2119//2108 2055//2109
f 2123//2099 2117//2110 2188//2111
f 939//1235 938//1231 2079//2112
f 2400//2113 2262//2114 2263//2115
f 940//1234 939//1235 2146//2116
f 2154//2117 2133//2118 2145//2087
f 2151//2105 935//1230 934//1239
f 2134//2119 2154//2117 2145//2087
f 2327//2120 2187//2121 2116//2122
f 2204//2123 927//1136 2064//2124
f 2264//2125 2265//2126 2192//2127
f 2262//2114 2065//2128 2066//2129
f 2292//2130 2160//2096 2156//2098
f 2188//2111 2218//2080 2286//2131
f 2180//2132 2255//2133 2328//2134
f 2161//2097 2150//2075 2062//2135
f 2335//2136 2336//2137 2263//2115
f 2211//2138 2216//2139 2215//2140
f 2227//2141 2228//2142 2158//2143
f 2069//2144 2070//2145 2294//2146
f 2063//2147 2062//2135 2209//2148
f 2227//2141 2158//2143 2235//2149
f 2400//2113 2337//2150 2397//2151
f 2331//2152 2149//2153 2230//2154
f 2084//2155 2083//2156 2334//2157
f 2264//2125 2080//2158 2081//2159
f 935//1230 2122//2100 936//1220
f 944//1417 2267//2160 945//1285
f 2491//2161 2464//2162 2495//2163
f 2338//2164 2339//2165 2265//2126
f 2134//2119 2198//2166 2192//2127
f 2297//2167 2368//2168 2369//2169
f 2256//2170 2082//2171 2081//2159
f 2147//2172 2282//2173 2209//2148
f 2261//2174 2080//2158 2079//2112
f 2282//2173 2421//2175 2208//2176
f 2145//2087 940//1234 2146//2116
f 2297//2167 2369//2169 2439//2177
f 2181//2178 2220//2179 2454//2180
f 2188//2111 2261//2174 2123//2099
f 2084//2155 2368//2168 2083//2156
f 2426//2181 2307//2182 2474//2183
f 2205//2184 2399//2185 2143//2095
f 2511//2186 2161//2097 2063//2147
f 2150//2075 2160//2096 2137//2187
f 2128//2188 2216//2139 2211//2138
f 2303//2189 2306//2190 2275//2191
f 929//996 2143//2095 2142//2074
f 2341//2101 947//1276 946//1278
f 2410//2192 946//1278 945//1285
f 2140//2193 2130//2194 2118//2195
f 2482//2196 2393//2197 2452//2198
f 2302//2199 2241//2200 2301//2201
f 129//210 128//207 2258//2202
f 2166//2203 2169//2093 2168//2204
f 2056//2082 2055//2109 2527//2205
f 928//995 2204//2123 2143//2095
f 2266//2206 2344//2207 2494//2208
f 2061//2077 2207//2209 2147//2172
f 2115//2210 2274//2211 2351//2212
f 951//1317 2167//2213 125//201
f 2459//2214 2523//2215 2500//2216
f 2167//2213 2169//2093 126//202
f 126//202 125//201 2167//2213
f 2163//2217 2235//2149 2158//2143
f 2186//2218 2182//2219 2532//2220
f 2528//2107 2055//2109 2054//2221
f 2141//2085 931//1209 930//1396
f 130//211 2528//2107 131//213
f 2225//2222 2136//2223 2226//2224
f 2144//2088 2343//2225 942//1238
f 2527//2205 2115//2210 2201//2226
f 2205//2184 2064//2124 2065//2128
f 2235//2149 2060//2227 2148//2228
f 2079//2112 2134//2119 2146//2116
f 937//1221 936//1220 2123//2099
f 2059//2229 2152//2230 2060//2227
f 2529//2231 2120//2232 2187//2121
f 2199//2233 2200//2234 2130//2194
f 2201//2226 2115//2210 2351//2212
f 2200//2234 2058//2103 2130//2194
f 2062//2135 2150//2075 2061//2077
f 2057//2083 2118//2195 2130//2194
f 2060//2227 2061//2077 2162//2076
f 129//210 2186//2218 130//211
f 2227//2141 2226//2224 2136//2223
f 2111//2235 2452//2198 2110//2236
f 2294//2146 2455//2237 2395//2238
f 2163//2217 2158//2143 2131//2104
f 942//1238 941//1294 2144//2088
f 2527//2205 2055//2109 2119//2108
f 930//1396 2142//2074 2141//2085
f 2152//2230 2139//2239 2207//2209
f 2189//2106 2123//2099 2079//2112
f 2057//2083 2056//2082 2118//2195
f 2121//2081 2057//2083 2131//2104
f 2194//2240 2409//2241 2407//2242
f 2458//2243 2460//2244 2340//2245
f 2353//2246 2206//2247 2352//2248
f 2056//2082 2531//2249 2055//2109
f 2121//2081 2530//2250 2531//2249
f 2234//2251 2530//2250 2121//2081
f 2211//2138 2213//2252 2151//2105
f 2122//2100 2117//2110 2123//2099
f 2054//2221 2529//2231 131//213
f 2131//2104 2155//2253 2121//2081
f 2130//2194 2058//2103 2057//2083
f 2147//2172 2062//2135 2061//2077
f 2118//2195 2201//2226 2140//2193
f 2292//2130 2290//2254 2291//2255
f 2079//2112 2146//2116 939//1235
f 2426//2181 2073//2256 2307//2182
f 2157//2257 2137//2187 2225//2222
f 2073//2256 2074//2258 2307//2182
f 2507//2259 2509//2260 2512//2261
f 2444//2262 2239//2263 2298//2264
f 2516//2265 2484//2266 2502//2267
f 2310//2268 2076//2269 2309//2270
f 2131//2104 2058//2103 2163//2217
f 2311//2271 2175//2272 2246//2273
f 2192//2127 2154//2117 2134//2119
f 2154//2117 2125//2274 2506//2275
f 2309//2270 2076//2269 2077//2276
f 2155//2253 2149//2153 2159//2277
f 2317//2278 2316//2279 2093//2280
f 2291//2255 2127//2281 2289//2282
f 2377//2283 2089//2284 2088//2285
f 2443//2286 2371//2287 2442//2288
f 2086//2289 2085//2290 2366//2291
f 2323//2292 2325//2293 2388//2294
f 2366//2291 2367//2295 2428//2296
f 2092//2297 2322//2298 2248//2299
f 2091//2300 2090//2301 2326//2302
f 2323//2292 2090//2301 2091//2300
f 2248//2299 2091//2300 2092//2297
f 2100//2303 2174//2304 2099//2305
f 2320//2306 2176//2307 2386//2308
f 2545//2309 2542//2310 2173//2311
f 2100//2303 2101//2312 2249//2313
f 2245//2314 2309//2270 2246//2273
f 2538//2315 2085//2290 2084//2155
f 2245//2314 2246//2273 2313//2316
f 2285//2317 2153//2084 2124//2318
f 2176//2307 2320//2306 2096//2319
f 313//328 2094//2320 2093//2280
f 312//331 2314//2321 311//324
f 2175//2272 2078//2322 309//339
f 2093//2280 2316//2279 2315//2323
f 2200//2234 2152//2230 2059//2229
f 313//328 314//333 2094//2320
f 2211//2138 2151//2105 2128//2188
f 2151//2105 2117//2110 2122//2100
f 312//331 313//328 2093//2280
f 2207//2209 2139//2239 2206//2247
f 2094//2320 314//333 2095//2324
f 2098//2325 2097//2326 2176//2307
f 2096//2319 2095//2324 315//354
f 2099//2305 2097//2326 317//347
f 2092//2297 2176//2307 2099//2305
f 2099//2305 2176//2307 2097//2326
f 2098//2325 2176//2307 2096//2319
f 316//348 2098//2325 2096//2319
f 2161//2097 2062//2135 2063//2147
f 317//347 318//353 2099//2305
f 317//347 2098//2325 316//348
f 2149//2153 2228//2142 2230//2154
f 317//347 2097//2326 2098//2325
f 2328//2134 2111//2235 2112//2327
f 316//348 2096//2319 315//354
f 2095//2324 314//333 315//354
f 2099//2305 318//353 2100//2303
f 2157//2257 2150//2075 2137//2187
f 2317//2278 2321//2328 2253//2329
f 2224//2091 2128//2188 2138//2089
f 2100//2303 318//353 319//433
f 2112//2327 2111//2235 330//482
f 2187//2121 133//217 132//215
f 331//494 2113//2330 2112//2327
f 2113//2330 2178//2331 2180//2132
f 2111//2235 2110//2236 329//483
f 2113//2330 136//76 2178//2331
f 328//474 2110//2236 2109//2332
f 2228//2142 2155//2253 2158//2143
f 2398//2333 2153//2084 2132//2086
f 330//482 2111//2235 329//483
f 2109//2332 2108//2334 327//469
f 328//474 329//483 2110//2236
f 2159//2277 2116//2122 2234//2251
f 331//494 2112//2327 330//482
f 2129//2335 2199//2233 2140//2193
f 2055//2109 2120//2232 2529//2231
f 2200//2234 2139//2239 2152//2230
f 2177//2336 2180//2132 2179//2337
f 2260//2338 2187//2121 2184//2339
f 2205//2184 2143//2095 2204//2123
f 2113//2330 137//77 136//76
f 135//97 2178//2331 136//76
f 2150//2075 2161//2097 2160//2096
f 138//78 137//77 331//494
f 941//1294 940//1234 2145//2087
f 2080//2158 2198//2166 2079//2112
f 331//494 137//77 2113//2330
f 2345//2340 2269//2341 2268//2342
f 2061//2077 2060//2227 2207//2209
f 2155//2253 2159//2277 2234//2251
f 2102//2343 2101//2312 320//439
f 2346//2344 2103//2345 2104//2346
f 2104//2346 2103//2345 322//443
f 2106//2347 2271//2348 2105//2349
f 2102//2343 321//438 2103//2345
f 2347//2350 2346//2344 2104//2346
f 2143//2095 929//996 928//995
f 319//433 320//439 2101//2312
f 2139//2239 2352//2248 2206//2247
f 322//443 2103//2345 321//438
f 2133//2118 2144//2088 2145//2087
f 321//438 2102//2343 320//439
f 2101//2312 2100//2303 319//433
f 2104//2346 322//443 323//455
f 2108//2334 326//465 327//469
f 2110//2236 2283//2351 2109//2332
f 2138//2089 931//1209 2141//2085
f 328//474 2109//2332 327//469
f 2107//2352 2106//2347 325//458
f 2108//2334 2107//2352 326//465
f 2105//2349 323//455 324//459
f 323//455 2105//2349 2104//2346
f 2350//2353 2197//2354 2349//2355
f 326//465 2107//2352 325//458
f 325//458 2106//2347 324//459
f 2151//2105 2223//2090 2128//2188
f 2141//2085 2142//2074 2132//2086
f 2106//2347 2105//2349 324//459
f 2269//2341 2107//2352 2108//2334
f 2489//2356 2133//2118 2488//2357
f 2150//2075 2157//2257 2162//2076
f 2345//2340 2106//2347 2107//2352
f 2102//2343 2250//2358 2101//2312
f 2147//2172 2135//2359 2282//2173
f 2158//2143 2155//2253 2131//2104
f 2371//2287 2299//2360 2370//2361
f 2162//2076 2148//2228 2060//2227
f 2145//2087 2146//2116 2134//2119
f 2148//2228 2162//2076 2157//2257
f 2058//2103 2059//2229 2163//2217
f 2235//2149 2163//2217 2059//2229
f 2425//2362 2071//2363 2072//2364
f 2083//2156 2333//2365 2334//2157
f 2085//2290 2086//2289 2298//2264
f 2444//2262 2298//2264 2299//2360
f 2301//2201 950//1308 949//1410
f 2532//2220 2182//2219 2274//2211
f 2168//2204 2167//2213 951//1317
f 2167//2213 2168//2204 2169//2093
f 951//1317 950//1308 2168//2204
f 950//1308 2301//2201 2242//2366
f 2183//2094 2169//2093 2166//2203
f 127//205 126//202 2169//2093
f 2075//2367 2076//2269 2310//2268
f 2428//2296 2087//2368 2086//2289
f 2317//2278 2094//2320 2321//2328
f 2578//2369 2576//2370 2381//2371
f 2348//2372 2103//2345 2346//2344
f 2251//2373 2323//2292 2248//2299
f 2446//2374 2089//2284 2377//2283
f 2384//2375 2318//2376 2171//2377
f 2100//2303 2249//2313 2322//2298
f 2092//2297 2099//2305 2174//2304
f 2312//2378 310//318 311//324
f 309//339 310//318 2175//2272
f 2092//2297 2091//2300 2386//2308
f 2386//2308 2545//2309 2320//2306
f 133//217 2260//2338 134//219
f 2159//2277 2254//2379 2116//2122
f 2179//2337 2178//2331 135//97
f 2178//2331 2179//2337 2180//2132
f 135//97 134//219 2179//2337
f 134//219 2260//2338 2185//2380
f 2255//2133 2180//2132 2177//2336
f 2112//2327 2113//2330 2180//2132
f 2114//2381 2211//2138 2215//2140
f 2257//2382 2333//2365 2256//2170
f 2259//2092 128//207 127//205
f 2182//2219 2183//2094 2272//2383
f 2272//2383 2183//2094 2273//2384
f 2258//2202 2259//2092 2182//2219
f 2185//2380 2327//2120 2254//2379
f 2179//2337 2185//2380 2177//2336
f 134//219 2185//2380 2179//2337
f 2185//2380 2184//2339 2327//2120
f 2186//2218 129//210 2258//2202
f 2528//2107 2186//2218 2119//2108
f 2529//2231 2187//2121 132//215
f 2187//2121 2120//2232 2116//2122
f 2117//2110 2213//2252 2214//2078
f 2214//2078 2218//2080 2188//2111
f 938//1231 2189//2106 2079//2112
f 937//1221 2123//2099 2189//2106
f 2335//2136 2066//2129 2067//2385
f 2397//2151 2398//2333 2190//2386
f 2069//2144 2294//2146 2395//2238
f 2215//2140 2212//2387 2221//2388
f 2338//2164 2081//2159 2082//2171
f 2192//2127 2125//2274 2154//2117
f 2420//2389 2126//2390 2355//2391
f 2140//2193 2201//2226 2203//2392
f 2267//2160 2408//2393 2407//2242
f 2486//2394 2458//2243 2403//2395
f 2108//2334 2109//2332 2284//2396
f 2127//2281 2415//2397 2416//2398
f 2501//2399 2508//2400 2513//2401
f 2172//2402 2249//2313 2250//2358
f 2291//2255 2293//2403 2414//2404
f 2461//2405 2363//2406 2412//2407
f 2198//2166 2080//2158 2264//2125
f 2134//2119 2079//2112 2198//2166
f 2200//2234 2129//2335 2139//2239
f 2130//2194 2140//2193 2199//2233
f 2058//2103 2200//2234 2059//2229
f 2200//2234 2199//2233 2129//2335
f 2527//2205 2201//2226 2118//2195
f 2115//2210 2532//2220 2274//2211
f 2166//2203 2168//2204 2242//2366
f 2129//2335 2140//2193 2276//2408
f 2278//2409 2277//2410 2203//2392
f 2140//2193 2203//2392 2276//2408
f 927//1136 2204//2123 928//995
f 2205//2184 2204//2123 2064//2124
f 2262//2114 2205//2184 2065//2128
f 2190//2386 2398//2333 2399//2185
f 2129//2335 2356//2411 2352//2248
f 2135//2359 2147//2172 2206//2247
f 2152//2230 2207//2209 2060//2227
f 2147//2172 2207//2209 2206//2247
f 2135//2359 2355//2391 2421//2175
f 2470//2412 2469//2413 2472//2414
f 2147//2172 2209//2148 2062//2135
f 2512//2261 2209//2148 2208//2176
f 2231//2415 2230//2154 2228//2142
f 2269//2341 2108//2334 2284//2396
f 2216//2139 2128//2188 2285//2317
f 2213//2252 2211//2138 2114//2381
f 2337//2150 2539//2416 2360//2417
f 2362//2418 2219//2419 2361//2420
f 2214//2078 2213//2252 2114//2381
f 2151//2105 2213//2252 2117//2110
f 2217//2079 2214//2078 2114//2381
f 2117//2110 2214//2078 2188//2111
f 2359//2421 2361//2420 2221//2388
f 2221//2388 2288//2422 2222//2423
f 2285//2317 2128//2188 2153//2084
f 2215//2140 2216//2139 2212//2387
f 2222//2423 2114//2381 2215//2140
f 2217//2079 2181//2178 2218//2080
f 2256//2170 2218//2080 2181//2178
f 2080//2158 2286//2131 2081//2159
f 2535//2424 2536//2425 2534//2426
f 2217//2079 2220//2179 2181//2178
f 2217//2079 2114//2381 2222//2423
f 2083//2156 2082//2171 2333//2365
f 2359//2421 2221//2388 2212//2387
f 2221//2388 2361//2420 2288//2422
f 2221//2388 2222//2423 2215//2140
f 2217//2079 2222//2423 2220//2179
f 2128//2188 2223//2090 2138//2089
f 934//1239 2223//2090 2151//2105
f 2141//2085 2153//2084 2224//2091
f 2128//2188 2224//2091 2153//2084
f 2137//2187 2289//2282 2225//2222
f 2127//2281 2350//2353 2415//2397
f 2148//2228 2157//2257 2226//2224
f 2225//2222 2226//2224 2157//2257
f 2226//2224 2227//2141 2148//2228
f 2228//2142 2227//2141 2136//2223
f 2228//2142 2136//2223 2231//2415
f 2228//2142 2149//2153 2155//2253
f 2136//2223 2416//2398 2231//2415
f 2232//2427 2229//2428 2233//2429
f 2229//2428 2232//2427 2230//2154
f 2331//2152 2210//2430 2330//2431
f 2416//2398 2136//2223 2225//2222
f 2230//2154 2231//2415 2229//2428
f 2417//2432 2233//2429 2229//2428
f 2331//2152 2232//2427 2210//2430
f 2284//2396 2358//2433 2269//2341
f 2210//2430 2232//2427 2233//2429
f 2530//2250 2234//2251 2116//2122
f 2155//2253 2234//2251 2121//2081
f 2060//2227 2235//2149 2059//2229
f 2235//2149 2148//2228 2227//2141
f 2364//2434 2427//2435 2503//2436
f 2456//2437 2484//2266 2504//2438
f 2562//2439 2561//2440 2295//2441
f 2435//2442 2431//2443 2430//2444
f 2238//2445 2439//2177 2440//2446
f 2406//2447 2192//2127 2265//2126
f 2370//2361 2086//2289 2087//2368
f 2440//2446 2439//2177 2479//2448
f 2373//2449 2088//2285 2089//2284
f 2567//2450 2565//2451 2566//2452
f 2302//2199 949//1410 948//1282
f 2279//2453 2273//2384 2166//2203
f 950//1308 2242//2366 2168//2204
f 2279//2453 2242//2366 2241//2200
f 2481//2454 2310//2268 2382//2455
f 2236//2456 2455//2237 2423//2457
f 2437//2458 2478//2459 2367//2295
f 2541//2460 2173//2311 2542//2310
f 2077//2276 2078//2322 2311//2271
f 2380//2461 2310//2268 2245//2314
f 2312//2378 2175//2272 310//318
f 2383//2462 2312//2378 2314//2321
f 2314//2321 312//331 2315//2323
f 2313//2316 2171//2377 2245//2314
f 2322//2298 2092//2297 2174//2304
f 2251//2373 2248//2299 2172//2402
f 2250//2358 2249//2313 2101//2312
f 2172//2402 2248//2299 2322//2298
f 2413//2463 2103//2345 2348//2372
f 2172//2402 2324//2464 2251//2373
f 2324//2464 2172//2402 2250//2358
f 2325//2293 2389//2465 2549//2466
f 2378//2467 2379//2468 2446//2374
f 2545//2309 2173//2311 2533//2469
f 2253//2329 2448//2470 2318//2376
f 2384//2375 2315//2323 2316//2279
f 2331//2152 2159//2277 2149//2153
f 2254//2379 2177//2336 2185//2380
f 2177//2336 2254//2379 2329//2471
f 2393//2197 2210//2430 2283//2351
f 2256//2170 2081//2159 2286//2131
f 2256//2170 2181//2178 2257//2382
f 2219//2419 2483//2472 2288//2422
f 2334//2157 2257//2382 2453//2473
f 2258//2202 128//207 2259//2092
f 2186//2218 2258//2202 2182//2219
f 2169//2093 2259//2092 127//205
f 2259//2092 2183//2094 2182//2219
f 2187//2121 2260//2338 133//217
f 2185//2380 2260//2338 2184//2339
f 2123//2099 2261//2174 2079//2112
f 2286//2131 2261//2174 2188//2111
f 2262//2114 2066//2129 2335//2136
f 2205//2184 2262//2114 2190//2386
f 2336//2137 2067//2385 2068//2474
f 2397//2151 2337//2150 2124//2318
f 2264//2125 2081//2159 2338//2164
f 2198//2166 2264//2125 2192//2127
f 2401//2475 2082//2171 2083//2156
f 2406//2447 2125//2274 2192//2127
f 2409//2241 2410//2192 2267//2160
f 2303//2189 2305//2476 2306//2190
f 2407//2242 2408//2393 2342//2477
f 2267//2160 2407//2242 2409//2241
f 2127//2281 2414//2404 2350//2353
f 2271//2348 2268//2342 2349//2355
f 2109//2332 2283//2351 2284//2396
f 2269//2341 2195//2478 2540//2479
f 2105//2349 2271//2348 2347//2350
f 2552//2480 2390//2481 2196//2482
f 2271//2348 2106//2347 2345//2340
f 2451//2483 2411//2484 2412//2407
f 2273//2384 2183//2094 2166//2203
f 2202//2485 2203//2392 2351//2212
f 2166//2203 2242//2366 2279//2453
f 2202//2485 2272//2383 2273//2384
f 2182//2219 2272//2383 2274//2211
f 2272//2383 2202//2485 2351//2212
f 2275//2191 2277//2410 2278//2409
f 2491//2161 2492//2486 2464//2162
f 2203//2392 2277//2410 2276//2408
f 2277//2410 2281//2487 2276//2408
f 2278//2409 2203//2392 2202//2485
f 2356//2411 2281//2487 2418//2488
f 2202//2485 2279//2453 2278//2409
f 2304//2489 2279//2453 2241//2200
f 2273//2384 2279//2453 2202//2485
f 2241//2200 2302//2199 2304//2489
f 2356//2411 2276//2408 2281//2487
f 2206//2247 2353//2246 2135//2359
f 2275//2191 2462//2490 2277//2410
f 2462//2490 2275//2191 2463//2491
f 2421//2175 2282//2173 2135//2359
f 2209//2148 2282//2173 2208//2176
f 2328//2134 2482//2196 2452//2198
f 2233//2429 2358//2433 2357//2492
f 2210//2430 2357//2492 2283//2351
f 2195//2478 2358//2433 2233//2429
f 2360//2417 2285//2317 2124//2318
f 2216//2139 2285//2317 2212//2387
f 2286//2131 2080//2158 2261//2174
f 2256//2170 2286//2131 2218//2080
f 2360//2417 2124//2318 2337//2150
f 2219//2419 2288//2422 2361//2420
f 2219//2419 2537//2493 2483//2472
f 2222//2423 2288//2422 2220//2179
f 2160//2096 2292//2130 2137//2187
f 2416//2398 2289//2282 2127//2281
f 2509//2260 2511//2186 2063//2147
f 2412//2407 2411//2484 2197//2354
f 2289//2282 2137//2187 2292//2130
f 2291//2255 2290//2254 2422//2494
f 2156//2098 2511//2186 2565//2451
f 2292//2130 2291//2255 2289//2282
f 2461//2405 2422//2494 2363//2406
f 2197//2354 2350//2353 2414//2404
f 2425//2362 2473//2495 2071//2363
f 2336//2137 2395//2238 2457//2496
f 2476//2497 2475//2498 2562//2439
f 2555//2499 2430//2444 2559//2500
f 2538//2315 2334//2157 2534//2426
f 2429//2501 2296//2502 2568//2503
f 2084//2155 2085//2290 2438//2504
f 2402//2505 2339//2165 2297//2167
f 2298//2264 2086//2289 2370//2361
f 2369//2169 2298//2264 2239//2263
f 2441//2506 2087//2368 2088//2285
f 2372//2507 2165//2508 2480//2509
f 2090//2301 2388//2294 2089//2284
f 2251//2373 2389//2465 2325//2293
f 2302//2199 2301//2201 949//1410
f 2242//2366 2301//2201 2241//2200
f 2375//2102 2374//2510 947//1276
f 2303//2189 2275//2191 2278//2409
f 2279//2453 2303//2189 2278//2409
f 2305//2476 2303//2189 2302//2199
f 2302//2199 2303//2189 2304//2489
f 2279//2453 2304//2489 2303//2189
f 2374//2510 2302//2199 948//1282
f 2305//2476 2375//2102 2376//2511
f 2376//2511 2306//2190 2305//2476
f 2306//2190 2376//2511 2463//2491
f 2381//2371 2481//2454 2382//2455
f 2365//2512 2426//2181 2476//2497
f 2437//2458 2367//2295 2436//2513
f 2308//2514 2477//2515 2445//2516
f 2309//2270 2077//2276 2311//2271
f 2310//2268 2309//2270 2245//2314
f 2380//2461 2245//2314 2171//2377
f 2074//2258 2075//2367 2481//2454
f 2175//2272 2311//2271 2078//2322
f 2309//2270 2311//2271 2246//2273
f 2312//2378 311//324 2314//2321
f 2175//2272 2312//2378 2246//2273
f 2383//2462 2246//2273 2312//2378
f 2384//2375 2313//2316 2247//2517
f 2315//2323 312//331 2093//2280
f 2314//2321 2247//2517 2383//2462
f 2094//2320 2317//2278 2093//2280
f 2247//2517 2314//2321 2315//2323
f 2318//2376 2316//2279 2253//2329
f 2318//2376 2384//2375 2316//2279
f 2095//2324 2387//2518 2321//2328
f 2253//2329 2316//2279 2317//2278
f 2533//2469 2385//2519 2448//2470
f 2574//2520 2580//2521 2576//2370
f 2096//2319 2320//2306 2095//2324
f 2533//2469 2319//2522 2545//2309
f 2092//2297 2386//2308 2176//2307
f 2387//2518 2320//2306 2319//2522
f 2095//2324 2321//2328 2094//2320
f 2253//2329 2321//2328 2319//2522
f 2100//2303 2322//2298 2174//2304
f 2172//2402 2322//2298 2249//2313
f 2248//2299 2323//2292 2091//2300
f 2325//2293 2323//2292 2251//2373
f 2413//2463 2392//2523 2250//2358
f 2389//2465 2391//2524 2547//2525
f 2389//2465 2251//2373 2324//2464
f 2373//2449 2325//2293 2300//2526
f 2379//2468 2326//2302 2090//2301
f 2386//2308 2326//2302 2252//2527
f 2187//2121 2327//2120 2184//2339
f 2116//2122 2254//2379 2327//2120
f 2180//2132 2328//2134 2112//2327
f 2328//2134 2255//2133 2482//2196
f 2332//2528 2159//2277 2331//2152
f 2255//2133 2177//2336 2329//2471
f 2329//2471 2330//2431 2482//2196
f 2254//2379 2332//2528 2329//2471
f 2331//2152 2230//2154 2232//2427
f 2331//2152 2330//2431 2332//2528
f 2329//2471 2332//2528 2330//2431
f 2159//2277 2332//2528 2254//2379
f 2256//2170 2333//2365 2082//2171
f 2334//2157 2333//2365 2257//2382
f 2394//2529 2453//2473 2454//2180
f 2366//2291 2538//2315 2296//2502
f 2336//2137 2335//2136 2067//2385
f 2262//2114 2335//2136 2263//2115
f 2068//2474 2069//2144 2395//2238
f 2396//2530 2336//2137 2457//2496
f 2337//2150 2400//2113 2396//2530
f 2337//2150 2396//2530 2539//2416
f 2338//2164 2082//2171 2401//2475
f 2264//2125 2338//2164 2265//2126
f 2339//2165 2401//2475 2368//2168
f 2402//2505 2297//2167 2238//2445
f 2404//2531 2265//2126 2339//2165
f 2405//2532 2458//2243 2404//2531
f 2410//2192 2341//2101 946//1278
f 2375//2102 2341//2101 2266//2206
f 943//1236 942//1238 2343//2225
f 2490//2533 2460//2244 2506//2275
f 2133//2118 2343//2225 2144//2088
f 2343//2225 2342//2477 2408//2393
f 2494//2208 2496//2534 2495//2163
f 2266//2206 2341//2101 2410//2192
f 2269//2341 2345//2340 2107//2352
f 2271//2348 2345//2340 2268//2342
f 2104//2346 2105//2349 2347//2350
f 2348//2372 2346//2344 2270//2535
f 2411//2484 2271//2348 2349//2355
f 2270//2535 2346//2344 2347//2350
f 2390//2481 2449//2536 2450//2537
f 2413//2463 2250//2358 2102//2343
f 2268//2342 2269//2341 2540//2479
f 2411//2484 2349//2355 2197//2354
f 2540//2479 2349//2355 2268//2342
f 2350//2353 2540//2479 2415//2397
f 2351//2212 2203//2392 2201//2226
f 2272//2383 2351//2212 2274//2211
f 2129//2335 2352//2248 2139//2239
f 2353//2246 2352//2248 2280//2538
f 2280//2538 2418//2488 2420//2389
f 2355//2391 2353//2246 2420//2389
f 2356//2411 2418//2488 2280//2538
f 2419//2539 2492//2486 2418//2488
f 2505//2540 2520//2541 2525//2542
f 2135//2359 2353//2246 2355//2391
f 2352//2248 2356//2411 2280//2538
f 2276//2408 2356//2411 2129//2335
f 2233//2429 2357//2492 2210//2430
f 2284//2396 2283//2351 2357//2492
f 2269//2341 2358//2433 2195//2478
f 2357//2492 2358//2433 2284//2396
f 2212//2387 2285//2317 2360//2417
f 2359//2421 2287//2543 2361//2420
f 2287//2543 2359//2421 2360//2417
f 2212//2387 2360//2417 2359//2421
f 2485//2544 2191//2545 2456//2437
f 2537//2493 2569//2546 2536//2425
f 2485//2544 2361//2420 2287//2543
f 2191//2545 2457//2496 2456//2437
f 2567//2450 2566//2452 2521//2547
f 2451//2483 2363//2406 2450//2537
f 2070//2145 2424//2548 2294//2146
f 2427//2435 2364//2434 2473//2495
f 2365//2512 2425//2362 2426//2181
f 2427//2435 2365//2512 2295//2441
f 2538//2315 2366//2291 2085//2290
f 2367//2295 2366//2291 2296//2502
f 2429//2501 2367//2295 2296//2502
f 2437//2458 2436//2513 2433//2549
f 2368//2168 2084//2155 2438//2504
f 2339//2165 2368//2168 2297//2167
f 2369//2169 2438//2504 2298//2264
f 2297//2167 2439//2177 2238//2445
f 2370//2361 2087//2368 2441//2506
f 2298//2264 2370//2361 2299//2360
f 2371//2287 2441//2506 2373//2449
f 2442//2288 2371//2287 2300//2526
f 2372//2507 2444//2262 2443//2286
f 2514//2550 2510//2551 2513//2401
f 2373//2449 2089//2284 2388//2294
f 2371//2287 2373//2449 2300//2526
f 947//1276 2374//2510 948//1282
f 2305//2476 2302//2199 2374//2510
f 2376//2511 2375//2102 2266//2206
f 2374//2510 2375//2102 2305//2476
f 2266//2206 2193//2552 2376//2511
f 2376//2511 2193//2552 2463//2491
f 2377//2283 2088//2285 2478//2459
f 2446//2374 2377//2283 2308//2514
f 2445//2516 2541//2460 2378//2467
f 2252//2527 2326//2302 2379//2468
f 2089//2284 2379//2468 2090//2301
f 2252//2527 2379//2468 2378//2467
f 2544//2553 2318//2376 2543//2554
f 2307//2182 2447//2555 2243//2556
f 2310//2268 2380//2461 2382//2455
f 2171//2377 2544//2553 2380//2461
f 2380//2461 2544//2553 2578//2369
f 2481//2454 2381//2371 2447//2555
f 2247//2517 2313//2316 2383//2462
f 2246//2273 2383//2462 2313//2316
f 2313//2316 2384//2375 2171//2377
f 2384//2375 2247//2517 2315//2323
f 2570//2557 2173//2311 2541//2460
f 2575//2558 2574//2520 2577//2559
f 2326//2302 2386//2308 2091//2300
f 2545//2309 2386//2308 2252//2527
f 2321//2328 2387//2518 2319//2522
f 2095//2324 2320//2306 2387//2518
f 2323//2292 2388//2294 2090//2301
f 2373//2449 2388//2294 2325//2293
f 2389//2465 2324//2464 2391//2524
f 2389//2465 2547//2525 2549//2466
f 2390//2481 2391//2524 2392//2523
f 2270//2535 2449//2536 2348//2372
f 2392//2523 2391//2524 2324//2464
f 2547//2525 2390//2481 2546//2560
f 2250//2358 2392//2523 2324//2464
f 2392//2523 2348//2372 2449//2536
f 2452//2198 2283//2351 2110//2236
f 2330//2431 2210//2430 2393//2197
f 2394//2529 2537//2493 2536//2425
f 2519//2561 2164//2562 2518//2563
f 2294//2146 2423//2457 2455//2237
f 2068//2474 2395//2238 2336//2137
f 2396//2530 2191//2545 2539//2416
f 2263//2115 2336//2137 2396//2530
f 2398//2333 2397//2151 2124//2318
f 2400//2113 2397//2151 2190//2386
f 2153//2084 2398//2333 2124//2318
f 2398//2333 2132//2086 2399//2185
f 2143//2095 2399//2185 2132//2086
f 2190//2386 2399//2185 2205//2184
f 2262//2114 2400//2113 2190//2386
f 2396//2530 2400//2113 2263//2115
f 2368//2168 2401//2475 2083//2156
f 2338//2164 2401//2475 2339//2165
f 2405//2532 2402//2505 2238//2445
f 2404//2531 2340//2245 2406//2447
f 2467//2564 2466//2565 2468//2566
f 2506//2275 2488//2357 2133//2118
f 2339//2165 2402//2505 2404//2531
f 2404//2531 2402//2505 2405//2532
f 2467//2564 2468//2566 2440//2446
f 2405//2532 2403//2395 2458//2243
f 2404//2531 2406//2447 2265//2126
f 2406//2447 2340//2245 2490//2533
f 2408//2393 2267//2160 944//1417
f 2498//2567 2407//2242 2342//2477
f 944//1417 943//1236 2408//2393
f 2343//2225 2408//2393 943//1236
f 2194//2240 2495//2163 2496//2534
f 2410//2192 2409//2241 2344//2207
f 2267//2160 2410//2192 945//1285
f 2266//2206 2410//2192 2344//2207
f 2461//2405 2412//2407 2197//2354
f 2347//2350 2271//2348 2411//2484
f 2450//2537 2363//2406 2196//2482
f 2451//2483 2347//2350 2411//2484
f 2103//2345 2413//2463 2102//2343
f 2392//2523 2413//2463 2348//2372
f 2291//2255 2414//2404 2127//2281
f 2197//2354 2414//2404 2293//2403
f 2417//2432 2195//2478 2233//2429
f 2416//2398 2225//2222 2289//2282
f 2415//2397 2417//2432 2416//2398
f 2416//2398 2417//2432 2231//2415
f 2417//2432 2415//2397 2195//2478
f 2231//2415 2417//2432 2229//2428
f 2419//2539 2418//2488 2281//2487
f 2420//2389 2418//2488 2354//2568
f 2462//2490 2419//2539 2281//2487
f 2463//2491 2493//2569 2419//2539
f 2280//2538 2420//2389 2353//2246
f 2420//2389 2354//2568 2491//2161
f 2520//2541 2355//2391 2126//2390
f 2487//2570 2526//2571 2486//2394
f 2291//2255 2422//2494 2293//2403
f 2567//2450 2422//2494 2290//2254
f 2424//2548 2423//2457 2294//2146
f 2516//2265 2364//2434 2503//2436
f 2071//2363 2424//2548 2070//2145
f 2423//2457 2424//2548 2364//2434
f 2426//2181 2425//2362 2072//2364
f 2473//2495 2425//2362 2365//2512
f 2073//2256 2426//2181 2072//2364
f 2474//2183 2307//2182 2243//2556
f 2503//2436 2427//2435 2295//2441
f 2473//2495 2364//2434 2424//2548
f 2366//2291 2428//2296 2086//2289
f 2478//2459 2428//2296 2367//2295
f 2431//2443 2429//2501 2237//2572
f 2436//2513 2431//2443 2435//2442
f 2237//2572 2434//2573 2431//2443
f 2553//2574 2563//2575 2554//2576
f 2518//2563 2432//2577 2519//2561
f 2435//2442 2553//2574 2554//2576
f 2516//2265 2517//2578 2484//2266
f 2434//2573 2560//2579 2431//2443
f 2477//2515 2308//2514 2437//2458
f 2429//2501 2436//2513 2367//2295
f 2519//2561 2434//2573 2237//2572
f 2434//2573 2432//2577 2560//2579
f 2553//2574 2435//2442 2430//2444
f 2435//2442 2433//2549 2436//2513
f 2436//2513 2429//2501 2431//2443
f 2433//2549 2477//2515 2437//2458
f 2478//2459 2308//2514 2377//2283
f 2087//2368 2478//2459 2088//2285
f 2298//2264 2438//2504 2085//2290
f 2368//2168 2438//2504 2369//2169
f 2239//2263 2479//2448 2369//2169
f 2480//2509 2440//2446 2479//2448
f 2467//2564 2470//2412 2465//2580
f 2421//2175 2505//2540 2472//2414
f 2373//2449 2441//2506 2088//2285
f 2370//2361 2441//2506 2371//2287
f 2300//2526 2549//2466 2548//2581
f 2443//2286 2442//2288 2240//2582
f 2443//2286 2240//2582 2515//2583
f 2299//2360 2371//2287 2443//2286
f 2443//2286 2444//2262 2299//2360
f 2480//2509 2444//2262 2372//2507
f 2541//2460 2445//2516 2244//2584
f 2446//2374 2445//2516 2378//2467
f 2446//2374 2308//2514 2445//2516
f 2379//2468 2089//2284 2446//2374
f 2481//2454 2307//2182 2074//2258
f 2580//2521 2447//2555 2381//2371
f 2533//2469 2448//2470 2253//2329
f 2572//2585 2448//2470 2385//2519
f 2450//2537 2449//2536 2270//2535
f 2392//2523 2449//2536 2390//2481
f 2451//2483 2450//2537 2270//2535
f 2390//2481 2450//2537 2196//2482
f 2347//2350 2451//2483 2270//2535
f 2363//2406 2451//2483 2412//2407
f 2452//2198 2111//2235 2328//2134
f 2283//2351 2452//2198 2393//2197
f 2454//2180 2453//2473 2257//2382
f 2535//2424 2453//2473 2394//2529
f 2181//2178 2454//2180 2257//2382
f 2220//2179 2288//2422 2483//2472
f 2455//2237 2236//2456 2502//2267
f 2457//2496 2191//2545 2396//2530
f 2484//2266 2456//2437 2502//2267
f 2485//2544 2287//2543 2539//2416
f 2395//2238 2455//2237 2457//2496
f 2456//2437 2457//2496 2455//2237
f 2460//2244 2458//2243 2486//2394
f 2340//2245 2404//2531 2458//2243
f 2460//2244 2486//2394 2459//2214
f 2499//2586 2495//2163 2194//2240
f 2460//2244 2459//2214 2488//2357
f 2406//2447 2490//2533 2125//2274
f 2197//2354 2293//2403 2461//2405
f 2461//2405 2293//2403 2422//2494
f 2277//2410 2462//2490 2281//2487
f 2463//2491 2275//2191 2306//2190
f 2493//2569 2463//2491 2193//2552
f 2462//2490 2463//2491 2419//2539
f 2464//2162 2493//2569 2494//2208
f 2495//2163 2464//2162 2494//2208
f 2466//2565 2403//2395 2405//2532
f 2471//2587 2507//2259 2469//2413
f 2468//2566 2405//2532 2238//2445
f 2466//2565 2465//2580 2487//2570
f 2471//2587 2440//2446 2165//2508
f 2465//2580 2466//2565 2467//2564
f 2405//2532 2468//2566 2466//2565
f 2440//2446 2468//2566 2238//2445
f 2470//2412 2467//2564 2471//2587
f 2469//2413 2507//2259 2512//2261
f 2467//2564 2440//2446 2471//2587
f 2469//2413 2512//2261 2472//2414
f 2507//2259 2471//2587 2508//2400
f 2469//2413 2470//2412 2471//2587
f 2421//2175 2472//2414 2208//2176
f 2465//2580 2470//2412 2472//2414
f 2427//2435 2473//2495 2365//2512
f 2424//2548 2071//2363 2473//2495
f 2475//2498 2474//2183 2243//2556
f 2365//2512 2476//2497 2295//2441
f 2558//2588 2475//2498 2564//2589
f 2555//2499 2170//2590 2553//2574
f 2426//2181 2474//2183 2476//2497
f 2475//2498 2476//2497 2474//2183
f 2554//2576 2477//2515 2433//2549
f 2477//2515 2244//2584 2445//2516
f 2478//2459 2087//2368 2428//2296
f 2478//2459 2437//2458 2308//2514
f 2369//2169 2479//2448 2439//2177
f 2480//2509 2479//2448 2239//2263
f 2480//2509 2239//2263 2444//2262
f 2440//2446 2480//2509 2165//2508
f 2310//2268 2481//2454 2075//2367
f 2307//2182 2481//2454 2447//2555
f 2329//2471 2482//2196 2255//2133
f 2393//2197 2482//2196 2330//2431
f 2394//2529 2454//2180 2483//2472
f 2483//2472 2454//2180 2220//2179
f 2516//2265 2423//2457 2364//2434
f 2504//2438 2484//2266 2164//2562
f 2456//2437 2362//2418 2485//2544
f 2361//2420 2485//2544 2362//2418
f 2487//2570 2403//2395 2466//2565
f 2403//2395 2487//2570 2486//2394
f 2465//2580 2505//2540 2487//2570
f 2520//2541 2505//2540 2421//2175
f 2488//2357 2459//2214 2500//2216
f 2343//2225 2489//2356 2342//2477
f 2133//2118 2489//2356 2343//2225
f 2498//2567 2489//2356 2488//2357
f 2340//2245 2460//2244 2490//2533
f 2506//2275 2460//2244 2488//2357
f 2420//2389 2491//2161 2126//2390
f 2492//2486 2491//2161 2354//2568
f 2418//2488 2492//2486 2354//2568
f 2493//2569 2492//2486 2419//2539
f 2494//2208 2493//2569 2193//2552
f 2492//2486 2493//2569 2464//2162
f 2266//2206 2494//2208 2193//2552
f 2344//2207 2409//2241 2496//2534
f 2498//2567 2194//2240 2407//2242
f 2491//2161 2495//2163 2126//2390
f 2344//2207 2496//2534 2494//2208
f 2194//2240 2496//2534 2409//2241
f 2523//2215 2520//2541 2522//2591
f 2499//2586 2522//2591 2495//2163
f 2342//2477 2489//2356 2498//2567
f 2498//2567 2497//2592 2499//2586
f 2498//2567 2499//2586 2194//2240
f 2499//2586 2497//2592 2522//2591
f 2497//2592 2498//2567 2500//2216
f 2488//2357 2500//2216 2498//2567
f 2507//2259 2508//2400 2501//2399
f 2511//2186 2156//2098 2161//2097
f 2455//2237 2502//2267 2456//2437
f 2516//2265 2502//2267 2236//2456
f 2579//2593 2558//2588 2559//2500
f 2484//2266 2517//2578 2164//2562
f 2569//2546 2504//2438 2164//2562
f 2456//2437 2504//2438 2362//2418
f 2472//2414 2505//2540 2465//2580
f 2421//2175 2355//2391 2520//2541
f 2154//2117 2506//2275 2133//2118
f 2490//2533 2506//2275 2125//2274
f 2508//2400 2471//2587 2165//2508
f 2509//2260 2507//2259 2501//2399
f 2372//2507 2514//2550 2165//2508
f 2515//2583 2510//2551 2514//2550
f 2509//2260 2501//2399 2511//2186
f 2509//2260 2063//2147 2512//2261
f 2550//2594 2510//2551 2551//2595
f 2363//2406 2524//2596 2196//2482
f 2501//2399 2513//2401 2566//2452
f 2292//2130 2565//2451 2290//2254
f 2209//2148 2512//2261 2063//2147
f 2472//2414 2512//2261 2208//2176
f 2514//2550 2513//2401 2508//2400
f 2510//2551 2521//2547 2566//2452
f 2165//2508 2514//2550 2508//2400
f 2514//2550 2372//2507 2515//2583
f 2443//2286 2515//2583 2372//2507
f 2515//2583 2240//2582 2551//2595
f 2423//2457 2516//2265 2236//2456
f 2517//2578 2516//2265 2503//2436
f 2295//2441 2561//2440 2503//2436
f 2518//2563 2517//2578 2557//2597
f 2432//2577 2434//2573 2519//2561
f 2164//2562 2517//2578 2518//2563
f 2237//2572 2429//2501 2568//2503
f 2536//2425 2569//2546 2519//2561
f 2126//2390 2522//2591 2520//2541
f 2525//2542 2487//2570 2505//2540
f 2363//2406 2567//2450 2524//2596
f 2548//2581 2550//2594 2551//2595
f 2522//2591 2126//2390 2495//2163
f 2497//2592 2500//2216 2523//2215
f 2497//2592 2523//2215 2522//2591
f 2526//2571 2459//2214 2486//2394
f 2363//2406 2422//2494 2567//2450
f 2552//2480 2521//2547 2550//2594
f 2520//2541 2523//2215 2525//2542
f 2487//2570 2525//2542 2523//2215
f 2487//2570 2523//2215 2526//2571
f 2459//2214 2526//2571 2523//2215
f 2527//2205 2118//2195 2056//2082
f 2532//2220 2527//2205 2119//2108
f 131//213 2528//2107 2054//2221
f 2186//2218 2528//2107 130//211
f 131//213 2529//2231 132//215
f 2055//2109 2529//2231 2054//2221
f 2116//2122 2120//2232 2530//2250
f 2531//2249 2120//2232 2055//2109
f 2121//2081 2531//2249 2056//2082
f 2120//2232 2531//2249 2530//2250
f 2527//2205 2532//2220 2115//2210
f 2186//2218 2532//2220 2119//2108
f 2385//2519 2533//2469 2173//2311
f 2253//2329 2319//2522 2533//2469
f 2334//2157 2453//2473 2535//2424
f 2237//2572 2568//2503 2519//2561
f 2536//2425 2535//2424 2394//2529
f 2334//2157 2535//2424 2534//2426
f 2483//2472 2537//2493 2394//2529
f 2534//2426 2536//2425 2519//2561
f 2219//2419 2362//2418 2537//2493
f 2569//2546 2362//2418 2504//2438
f 2334//2157 2538//2315 2084//2155
f 2538//2315 2534//2426 2568//2503
f 2485//2544 2539//2416 2191//2545
f 2360//2417 2539//2416 2287//2543
f 2415//2397 2540//2479 2195//2478
f 2349//2355 2540//2479 2350//2353
f 2244//2584 2554//2576 2563//2575
f 2173//2311 2570//2557 2385//2519
f 2252//2527 2378//2467 2542//2310
f 2541//2460 2542//2310 2378//2467
f 2572//2585 2318//2376 2448//2470
f 2385//2519 2570//2557 2571//2598
f 2318//2376 2544//2553 2171//2377
f 2576//2370 2578//2369 2543//2554
f 2545//2309 2252//2527 2542//2310
f 2320//2306 2545//2309 2319//2522
f 2521//2547 2552//2480 2524//2596
f 2442//2288 2548//2581 2240//2582
f 2390//2481 2547//2525 2391//2524
f 2549//2466 2547//2525 2546//2560
f 2300//2526 2548//2581 2442//2288
f 2548//2581 2546//2560 2550//2594
f 2548//2581 2549//2466 2546//2560
f 2325//2293 2549//2466 2300//2526
f 2552//2480 2550//2594 2546//2560
f 2521//2547 2510//2551 2550//2594
f 2515//2583 2551//2595 2510//2551
f 2548//2581 2551//2595 2240//2582
f 2390//2481 2552//2480 2546//2560
f 2524//2596 2552//2480 2196//2482
f 2555//2499 2553//2574 2430//2444
f 2244//2584 2563//2575 2541//2460
f 2477//2515 2554//2576 2244//2584
f 2435//2442 2554//2576 2433//2549
f 2560//2579 2556//2599 2559//2500
f 2564//2589 2475//2498 2243//2556
f 2518//2563 2557//2597 2432//2577
f 2562//2439 2579//2593 2561//2440
f 2503//2436 2557//2597 2517//2578
f 2557//2597 2556//2599 2560//2579
f 2170//2590 2555//2499 2558//2588
f 2558//2588 2555//2499 2559//2500
f 2560//2579 2559//2500 2430//2444
f 2559//2500 2556//2599 2579//2593
f 2560//2579 2430//2444 2431//2443
f 2560//2579 2432//2577 2557//2597
f 2556//2599 2557//2597 2561//2440
f 2503//2436 2561//2440 2557//2597
f 2476//2497 2562//2439 2295//2441
f 2579//2593 2475//2498 2558//2588
f 2553//2574 2170//2590 2563//2575
f 2575//2558 2573//2600 2170//2590
f 2447//2555 2580//2521 2243//2556
f 2170//2590 2558//2588 2564//2589
f 2156//2098 2565//2451 2292//2130
f 2565//2451 2511//2186 2566//2452
f 2501//2399 2566//2452 2511//2186
f 2510//2551 2566//2452 2513//2401
f 2524//2596 2567//2450 2521//2547
f 2565//2451 2567//2450 2290//2254
f 2538//2315 2568//2503 2296//2502
f 2519//2561 2568//2503 2534//2426
f 2519//2561 2569//2546 2164//2562
f 2537//2493 2362//2418 2569//2546
f 2573//2600 2541//2460 2563//2575
f 2571//2598 2577//2559 2572//2585
f 2573//2600 2571//2598 2570//2557
f 2575//2558 2564//2589 2574//2520
f 2318//2376 2572//2585 2543//2554
f 2385//2519 2571//2598 2572//2585
f 2541//2460 2573//2600 2570//2557
f 2170//2590 2573//2600 2563//2575
f 2564//2589 2243//2556 2580//2521
f 2577//2559 2574//2520 2576//2370
f 2573//2600 2575//2558 2571//2598
f 2564//2589 2575//2558 2170//2590
f 2381//2371 2382//2455 2578//2369
f 2577//2559 2576//2370 2543//2554
f 2572//2585 2577//2559 2543//2554
f 2575//2558 2577//2559 2571//2598
f 2380//2461 2578//2369 2382//2455
f 2543//2554 2578//2369 2544//2553
f 2561//2440 2579//2593 2556//2599
f 2475//2498 2579//2593 2562//2439
f 2576//2370 2580//2521 2381//2371
f 2564//2589 2580//2521 2574//2520
f 2581//2601 2582//2602 2583//2603
f 2581//2601 2583//2603 2584//2604
f 2585//2605 2586//2606 2587//2607
f 2585//2605 2587//2607 2588//2607
f 2589//2608 2590//2609 2591//2610
f 2589//2608 2591//2610 2592//2611
f 2589//2608 2592//2611 2593//2612
f 2589//2608 2593//2612 2594//2613
f 2595//2614 2596//2615 2586//2606
f 2595//2614 2586//2606 2585//2605
f 2597//2616 2598//2617 2594//2613
f 2597//2616 2594//2613 2593//2612
f 2599//2618 2600//2619 2598//2617
f 2599//2618 2598//2617 2597//2616
f 2601//2620 2600//2619 2599//2618
f 2601//2620 2599//2618 2602//2621
f 2584//2604 2583//2603 2601//2620
f 2584//2604 2601//2620 2602//2621
f 2603//2622 2604//2623 2605//2624
f 2603//2622 2605//2624 2606//2625
f 2605//2624 2607//2626 2608//2627
f 2605//2624 2608//2627 2606//2625
f 2609//2628 2610//2629 2608//2627
f 2609//2628 2608//2627 2607//2626
f 2609//2628 2611//2630 2612//2631
f 2609//2628 2612//2631 2610//2629
f 2613//2632 2614//2633 2612//2631
f 2613//2632 2612//2631 2611//2630
f 2613//2632 2615//2634 2616//2635
f 2613//2632 2616//2635 2614//2633
f 2617//2636 2618//2637 2619//2638
f 2617//2636 2619//2638 2620//2639
f 2621//2640 2622//2641 2618//2637
f 2621//2640 2618//2637 2617//2636
f 2623//2642 2624//2643 2622//2641
f 2623//2642 2622//2641 2621//2640
f 2625//2644 2626//2645 2624//2643
f 2625//2644 2624//2643 2623//2642
f 2627//2646 2626//2645 2625//2644
f 2627//2646 2625//2644 2628//2647
f 2629//2648 2627//2646 2628//2647
f 2629//2648 2628//2647 2630//2649
f 2587//2607 2631//2650 2632//2650
f 2587//2607 2632//2650 2588//2607
f 2633//2651 2634//2652 2635//2652
f 2633//2651 2635//2652 2636//2653
f 2635//2652 2634//2652 2582//2602
f 2635//2652 2582//2602 2581//2601
f 2636//2653 2637//2654 2638//2654
f 2636//2653 2638//2654 2633//2651
f 2638//2654 2637//2654 2639//2655
f 2638//2654 2639//2655 2640//2656
f 2641//2657 2642//2658 2640//2656
f 2641//2657 2640//2656 2639//2655
f 2642//2658 2641//2657 2643//2659
f 2642//2658 2643//2659 2644//2660
f 2645//2661 2646//2662 2644//2660
f 2645//2661 2644//2660 2643//2659
f 2632//2650 2631//2650 2646//2662
f 2632//2650 2646//2662 2645//2661
f 2647//2663 2616//2635 2615//2634
f 2647//2663 2615//2634 2648//2664
f 2649//2665 2650//2666 2647//2663
f 2649//2665 2647//2663 2648//2664
f 2651//2667 2652//2668 2650//2666
f 2651//2667 2650//2666 2649//2665
f 2653//2669 2629//2648 2630//2649
f 2653//2669 2630//2649 2654//2670
f 2653//2669 2654//2670 2655//2671
f 2653//2669 2655//2671 2656//2672
f 2657//2673 2656//2672 2655//2671
f 2657//2673 2655//2671 2658//2674
f 2659//2675 2660//2675 2661//2676
f 2659//2675 2661//2676 2662//2676
f 2663//2675 2664//2676 2665//2676
f 2663//2675 2665//2676 2666//2676
f 2667//2675 2666//2676 2665//2676
f 2667//2675 2665//2676 2668//2677
f 2669//2675 2670//2676 2667//2675
f 2669//2675 2667//2675 2668//2677
f 2671//2676 2660//2675 2659//2675
f 2671//2676 2659//2675 2672//2676
f 2661//2676 2673//2677 2674//2677
f 2661//2676 2674//2677 2662//2676
f 2664//2676 2663//2675 2674//2677
f 2664//2676 2674//2677 2673//2677
f 2669//2675 2675//2676 2676//2675
f 2669//2675 2676//2675 2670//2676
f 2671//2676 2672//2676 2677//2676
f 2671//2676 2677//2676 2678//2676
f 2676//2675 2675//2676 2679//2676
f 2676//2675 2679//2676 2680//2676
f 2681//2675 2682//2677 2683//2676
f 2681//2675 2683//2676 2684//2677
f 2685//2677 2686//2675 2687//2676
f 2685//2677 2687//2676 2688//2676
f 2689//2675 2690//2676 2680//2676
f 2689//2675 2680//2676 2679//2676
f 2683//2676 2682//2677 2690//2676
f 2683//2676 2690//2676 2689//2675
f 2691//2676 2681//2675 2684//2677
f 2692//2678 2693//2675 2694//2676
f 2692//2678 2694//2676 2695//2676
f 2692//2678 2695//2676 2687//2676
f 2692//2678 2687//2676 2686//2675
f 2677//2676 2685//2677 2688//2676
f 2677//2676 2688//2676 2678//2676
f 2696//2679 2697//2680 2698//2679
f 2696//2679 2698//2679 2699//2680
f 2700//2681 2701//2682 2702//2683
f 2700//2681 2702//2683 2703//2684
f 2704//2679 2698//2679 2697//2680
f 2704//2679 2697//2680 2705//2683
f 2706//2679 2707//2683 2704//2679
f 2706//2679 2704//2679 2705//2683
f 2708//2685 2709//2683 2707//2683
f 2708//2685 2707//2683 2706//2679
f 2708//2685 2710//2686 2711//2687
f 2708//2685 2711//2687 2709//2683
f 2703//2684 2702//2683 2712//2683
f 2703//2684 2712//2683 2713//2688
f 2714//2683 2715//2689 2713//2688
f 2714//2683 2713//2688 2712//2683
f 2710//2686 2715//2689 2714//2683
f 2710//2686 2714//2683 2711//2687
f 2716//2687 2717//2680 2696//2679
f 2716//2687 2696//2679 2699//2680
f 2716//2687 2718//2683 2719//2683
f 2716//2687 2719//2683 2717//2680
f 2720//2680 2719//2683 2718//2683
f 2720//2680 2718//2683 2721//2680
f 2722//2690 2723//2679 2701//2682
f 2722//2690 2701//2682 2700//2681
f 2724//2679 2723//2679 2722//2690
f 2724//2679 2722//2690 2725//2691
f 2724//2679 2725//2691 2726//2691
f 2724//2679 2726//2691 2727//2683
f 2728//2680 2720//2680 2721//2680
f 2728//2680 2721//2680 2729//2679
f 2726//2691 2730//2692 2731//2682
f 2726//2691 2731//2682 2727//2683
f 2728//2680 2729//2679 2731//2682
f 2728//2680 2731//2682 2730//2692
f 2659//2675 2662//2676 2732//2676
f 2659//2675 2732//2676 2733//2675
f 2734//2693 2663//2675 2666//2676
f 2734//2693 2666//2676 2735//2694
f 2666//2676 2667//2675 2736//2695
f 2666//2676 2736//2695 2735//2694
f 2667//2675 2670//2676 2737//2696
f 2667//2675 2737//2696 2736//2695
f 2738//2676 2739//2675 2677//2676
f 2738//2676 2677//2676 2672//2676
f 2674//2677 2740//2677 2732//2676
f 2674//2677 2732//2676 2662//2676
f 2663//2675 2734//2693 2741//2697
f 2663//2675 2741//2697 2674//2677
f 2670//2676 2676//2675 2742//2698
f 2670//2676 2742//2698 2737//2696
f 2742//2698 2676//2675 2680//2676
f 2742//2698 2680//2676 2743//2699
f 2682//2677 2681//2675 2744//2700
f 2682//2677 2744//2700 2745//2701
f 2686//2675 2685//2677 2746//2676
f 2686//2675 2746//2676 2747//2675
f 2743//2699 2680//2676 2690//2676
f 2743//2699 2690//2676 2748//2702
f 2690//2676 2682//2677 2745//2701
f 2690//2676 2745//2701 2748//2702
f 2744//2700 2681//2675 2691//2676
f 2744//2700 2691//2676 2749//2677
f 2749//2677 2750//2703 2744//2700
f 2751//2676 2752//2676 2693//2675
f 2751//2676 2693//2675 2692//2678
f 2751//2676 2692//2678 2686//2675
f 2751//2676 2686//2675 2747//2675
f 2746//2676 2685//2677 2677//2676
f 2746//2676 2677//2676 2739//2675
f 2753//2683 2754//2679 2755//2679
f 2753//2683 2755//2679 2756//2683
f 2757//2704 2758//2705 2700//2681
f 2757//2704 2700//2681 2703//2684
f 2706//2679 2705//2683 2759//2680
f 2706//2679 2759//2680 2760//2683
f 2761//2706 2708//2685 2706//2679
f 2761//2706 2706//2679 2760//2683
f 2708//2685 2762//2707 2763//2708
f 2708//2685 2763//2708 2710//2686
f 2757//2704 2703//2684 2713//2688
f 2757//2704 2713//2688 2764//2709
f 2764//2709 2713//2688 2715//2689
f 2764//2709 2715//2689 2765//2710
f 2765//2710 2715//2689 2710//2686
f 2765//2710 2710//2686 2763//2708
f 2766//2683 2696//2679 2717//2680
f 2766//2683 2717//2680 2767//2679
f 2768//2680 2767//2679 2717//2680
f 2768//2680 2717//2680 2719//2683
f 2720//2680 2769//2679 2768//2680
f 2720//2680 2768//2680 2719//2683
f 2722//2690 2700//2681 2758//2705
f 2722//2690 2758//2705 2770//2711
f 2771//2712 2725//2691 2722//2690
f 2771//2712 2722//2690 2770//2711
f 2726//2691 2725//2691 2771//2712
f 2726//2691 2771//2712 2772//2713
f 2769//2679 2720//2680 2728//2680
f 2769//2679 2728//2680 2773//2679
f 2774//2714 2730//2692 2726//2691
f 2774//2714 2726//2691 2772//2713
f 2775//2692 2773//2679 2728//2680
f 2775//2692 2728//2680 2730//2692
f 2776//2715 2777//2716 2778//2717
f 2776//2715 2778//2717 2779//2718
f 2780//2719 2781//2719 2782//2720
f 2780//2719 2782//2720 2783//2721
f 2784//2722 2785//2723 2786//2724
f 2784//2722 2786//2724 2787//2725
f 2786//2724 2785//2723 2788//2726
f 2786//2724 2788//2726 2789//2727
f 2782//2720 2790//2728 2791//2729
f 2782//2720 2791//2729 2783//2721
f 2788//2726 2792//2730 2793//2730
f 2788//2726 2793//2730 2789//2727
f 2794//2731 2795//2731 2793//2730
f 2794//2731 2793//2730 2792//2730
f 2796//2732 2795//2731 2794//2731
f 2796//2732 2794//2731 2797//2733
f 2796//2732 2797//2733 2778//2717
f 2796//2732 2778//2717 2777//2716
f 2798//2734 2799//2735 2800//2736
f 2798//2734 2800//2736 2801//2737
f 2800//2736 2802//2738 2803//2739
f 2800//2736 2803//2739 2801//2737
f 2802//2738 2804//2740 2805//2741
f 2802//2738 2805//2741 2803//2739
f 2806//2742 2805//2741 2804//2740
f 2806//2742 2804//2740 2807//2743
f 2807//2743 2808//2744 2809//2745
f 2807//2743 2809//2745 2806//2742
f 2809//2745 2808//2744 2810//2746
f 2809//2745 2810//2746 2811//2747
f 2812//2748 2798//2734 2801//2737
f 2812//2748 2801//2737 2813//2749
f 2803//2739 2814//2750 2813//2749
f 2803//2739 2813//2749 2801//2737
f 2815//2751 2814//2750 2803//2739
f 2815//2751 2803//2739 2805//2741
f 2806//2742 2816//2752 2815//2751
f 2806//2742 2815//2751 2805//2741
f 2806//2742 2809//2745 2817//2753
f 2806//2742 2817//2753 2816//2752
f 2818//2754 2817//2753 2809//2745
f 2818//2754 2809//2745 2811//2747
f 2819//2755 2781//2719 2780//2719
f 2819//2755 2780//2719 2820//2756
f 2821//2757 2822//2758 2823//2759
f 2821//2757 2823//2759 2824//2757
f 2822//2758 2776//2715 2779//2718
f 2822//2758 2779//2718 2823//2759
f 2821//2757 2824//2757 2825//2760
f 2821//2757 2825//2760 2826//2761
f 2825//2760 2827//2762 2828//2763
f 2825//2760 2828//2763 2826//2761
f 2827//2762 2829//2764 2830//2765
f 2827//2762 2830//2765 2828//2763
f 2830//2765 2829//2764 2831//2766
f 2830//2765 2831//2766 2832//2767
f 2832//2767 2831//2766 2833//2768
f 2832//2767 2833//2768 2834//2769
f 2834//2769 2833//2768 2819//2755
f 2834//2769 2819//2755 2820//2756
f 2810//2746 2835//2770 2836//2771
f 2810//2746 2836//2771 2811//2747
f 2837//2772 2836//2771 2835//2770
f 2837//2772 2835//2770 2838//2773
f 2837//2772 2838//2773 2839//2774
f 2837//2772 2839//2774 2657//2673
f 2811//2747 2836//2771 2840//2775
f 2811//2747 2840//2775 2818//2754
f 2837//2772 2841//2776 2840//2775
f 2837//2772 2840//2775 2836//2771
f 2658//2674 2841//2776 2837//2772
f 2658//2674 2837//2772 2657//2673
f 2842//2676 2843//2676 2844//2677
f 2842//2676 2844//2677 2845//2676
f 2846//2675 2847//2676 2848//2677
f 2846//2675 2848//2677 2849//2676
f 2849//2676 2850//2675 2851//2777
f 2849//2676 2851//2777 2846//2675
f 2852//2677 2853//2675 2851//2777
f 2852//2677 2851//2777 2850//2675
f 2845//2676 2844//2677 2854//2676
f 2845//2676 2854//2676 2738//2676
f 2855//2677 2856//2677 2843//2676
f 2855//2677 2843//2676 2842//2676
f 2848//2677 2847//2676 2856//2677
f 2848//2677 2856//2677 2855//2677
f 2853//2675 2852//2677 2857//2676
f 2853//2675 2857//2676 2858//2676
f 2854//2676 2859//2676 2739//2675
f 2854//2676 2739//2675 2738//2676
f 2858//2676 2857//2676 2860//2676
f 2858//2676 2860//2676 2861//2676
f 2749//2677 2862//2777 2863//2675
f 2749//2677 2863//2675 2864//2676
f 2865//2677 2747//2675 2746//2676
f 2865//2677 2746//2676 2866//2676
f 2860//2676 2867//2677 2868//2676
f 2860//2676 2868//2676 2861//2676
f 2867//2677 2864//2676 2863//2675
f 2867//2677 2863//2675 2868//2676
f 2862//2777 2749//2677 2752//2676
f 2862//2777 2752//2676 2869//2676
f 2752//2676 2751//2676 2870//2675
f 2752//2676 2870//2675 2869//2676
f 2870//2675 2751//2676 2747//2675
f 2870//2675 2747//2675 2865//2677
f 2859//2676 2866//2676 2746//2676
f 2859//2676 2746//2676 2739//2675
f 2766//2683 2871//2679 2872//2687
f 2766//2683 2872//2687 2873//2679
f 2874//2778 2875//2683 2876//2683
f 2874//2778 2876//2683 2877//2779
f 2878//2680 2879//2680 2873//2679
f 2878//2680 2873//2679 2872//2687
f 2879//2680 2878//2680 2880//2679
f 2879//2680 2880//2679 2881//2683
f 2882//2780 2881//2683 2880//2679
f 2882//2780 2880//2679 2883//2683
f 2882//2780 2883//2683 2884//2683
f 2882//2780 2884//2683 2885//2781
f 2886//2782 2887//2680 2875//2683
f 2886//2782 2875//2683 2874//2778
f 2888//2683 2887//2680 2886//2782
f 2888//2683 2886//2782 2889//2783
f 2889//2783 2885//2781 2884//2683
f 2889//2783 2884//2683 2888//2683
f 2767//2679 2890//2683 2871//2679
f 2767//2679 2871//2679 2766//2683
f 2891//2680 2890//2683 2767//2679
f 2891//2680 2767//2679 2768//2680
f 2892//2683 2891//2680 2768//2680
f 2892//2683 2768//2680 2769//2679
f 2893//2784 2877//2779 2876//2683
f 2893//2784 2876//2683 2894//2679
f 2893//2784 2894//2679 2895//2680
f 2893//2784 2895//2680 2896//2785
f 2897//2679 2898//2786 2896//2785
f 2897//2679 2896//2785 2895//2680
f 2899//2680 2892//2683 2769//2679
f 2899//2680 2769//2679 2773//2679
f 2775//2692 2898//2786 2897//2679
f 2775//2692 2897//2679 2900//2682
f 2775//2692 2900//2682 2899//2680
f 2775//2692 2899//2680 2773//2679
f 2845//2676 2901//2676 2902//2675
f 2845//2676 2902//2675 2842//2676
f 2903//2787 2904//2788 2849//2676
f 2903//2787 2849//2676 2848//2677
f 2904//2788 2905//2789 2850//2675
f 2904//2788 2850//2675 2849//2676
f 2850//2675 2905//2789 2906//2790
f 2850//2675 2906//2790 2852//2677
f 2907//2791 2908//2792 2855//2677
f 2907//2791 2855//2677 2909//2675
f 2903//2787 2848//2677 2855//2677
f 2903//2787 2855//2677 2908//2792
f 2857//2676 2852//2677 2906//2790
f 2857//2676 2906//2790 2910//2793
f 2911//2794 2860//2676 2857//2676
f 2911//2794 2857//2676 2910//2793
f 2749//2677 2864//2676 2912//2795
f 2749//2677 2912//2795 2750//2703
f 2867//2677 2860//2676 2911//2794
f 2867//2677 2911//2794 2913//2796
f 2913//2796 2912//2795 2864//2676
f 2913//2796 2864//2676 2867//2677
f 2874//2778 2877//2779 2914//2797
f 2874//2778 2914//2797 2915//2798
f 2916//2683 2879//2680 2881//2683
f 2916//2683 2881//2683 2917//2680
f 2882//2780 2918//2799 2919//2800
f 2918//2799 2882//2780 2885//2781
f 2918//2799 2885//2781 2920//2801
f 2921//2802 2886//2782 2874//2778
f 2921//2802 2874//2778 2915//2798
f 2922//2803 2889//2783 2886//2782
f 2922//2803 2886//2782 2921//2802
f 2922//2803 2920//2801 2885//2781
f 2922//2803 2885//2781 2889//2783
f 2923//2804 2914//2797 2877//2779
f 2923//2804 2877//2779 2893//2784
f 2896//2785 2924//2805 2923//2804
f 2896//2785 2923//2804 2893//2784
f 2896//2785 2898//2786 2925//2806
f 2896//2785 2925//2806 2924//2805
f 2898//2786 2775//2692 2774//2714
f 2898//2786 2774//2714 2925//2806
f 2926//2807 2927//2808 2928//2809
f 2926//2807 2928//2809 2929//2810
f 2930//2811 2931//2812 2932//2813
f 2930//2811 2932//2813 2933//2814
f 2934//2815 2935//2816 2936//2817
f 2934//2815 2936//2817 2937//2818
f 2938//2819 2939//2820 2935//2816
f 2938//2819 2935//2816 2934//2815
f 2932//2813 2931//2812 2937//2818
f 2932//2813 2937//2818 2936//2817
f 2940//2821 2941//2822 2939//2820
f 2940//2821 2939//2820 2938//2819
f 2942//2823 2943//2824 2941//2822
f 2942//2823 2941//2822 2940//2821
f 2944//2825 2945//2826 2943//2824
f 2944//2825 2943//2824 2942//2823
f 2945//2826 2944//2825 2928//2809
f 2945//2826 2928//2809 2927//2808
f 2946//2827 2619//2638 2947//2828
f 2946//2827 2947//2828 2948//2829
f 2948//2829 2949//2830 2950//2831
f 2948//2829 2950//2831 2946//2827
f 2951//2832 2950//2831 2949//2830
f 2951//2832 2949//2830 2952//2833
f 2953//2834 2954//2835 2951//2832
f 2953//2834 2951//2832 2952//2833
f 2955//2836 2956//2837 2954//2835
f 2955//2836 2954//2835 2953//2834
f 2957//2838 2958//2839 2956//2837
f 2957//2838 2956//2837 2955//2836
f 2619//2638 2946//2827 2959//2840
f 2619//2638 2959//2840 2620//2639
f 2946//2827 2950//2831 2960//2841
f 2946//2827 2960//2841 2959//2840
f 2961//2842 2960//2841 2950//2831
f 2961//2842 2950//2831 2951//2832
f 2954//2835 2962//2843 2961//2842
f 2954//2835 2961//2842 2951//2832
f 2954//2835 2956//2837 2963//2844
f 2954//2835 2963//2844 2962//2843
f 2958//2839 2964//2845 2963//2844
f 2958//2839 2963//2844 2956//2837
f 2933//2814 2965//2846 2966//2847
f 2933//2814 2966//2847 2930//2811
f 2967//2848 2968//2849 2969//2850
f 2967//2848 2969//2850 2970//2851
f 2929//2810 2967//2848 2970//2851
f 2929//2810 2970//2851 2926//2807
f 2971//2852 2969//2850 2968//2849
f 2971//2852 2968//2849 2972//2852
f 2973//2853 2974//2854 2975//2855
f 2973//2853 2975//2855 2976//2856
f 2977//2857 2973//2853 2976//2856
f 2977//2857 2976//2856 2978//2858
f 2979//2859 2977//2857 2978//2858
f 2979//2859 2978//2858 2980//2860
f 2981//2861 2979//2859 2980//2860
f 2981//2861 2980//2860 2982//2862
f 2982//2862 2966//2847 2965//2846
f 2982//2862 2965//2846 2981//2861
f 2983//2863 2958//2839 2957//2838
f 2983//2863 2957//2838 2984//2864
f 2984//2864 2985//2865 2986//2866
f 2984//2864 2986//2866 2983//2863
f 2987//2867 2988//2868 2986//2866
f 2987//2867 2986//2866 2985//2865
f 2989//2869 2964//2845 2958//2839
f 2989//2869 2958//2839 2983//2863
f 2990//2870 2989//2869 2983//2863
f 2990//2870 2983//2863 2986//2866
f 2986//2866 2988//2868 2991//2871
f 2986//2866 2991//2871 2990//2870
f 2732//2676 2992//2676 2993//2677
f 2732//2676 2993//2677 2733//2675
f 2994//2675 2995//2676 2996//2675
f 2994//2675 2996//2675 2997//2676
f 2998//2676 2999//2677 2994//2675
f 2998//2676 2994//2675 2997//2676
f 3000//2675 2999//2677 2998//2676
f 3000//2675 2998//2676 3001//2676
f 3002//2676 3003//2676 2733//2675
f 3002//2676 2733//2675 2993//2677
f 2992//2676 2732//2676 2740//2677
f 2992//2676 2740//2677 3004//2676
f 2996//2675 2995//2676 3004//2676
f 2996//2675 3004//2676 2740//2677
f 3005//2676 3006//2676 3000//2675
f 3005//2676 3000//2675 3001//2676
f 3007//2676 3003//2676 3002//2676
f 3007//2676 3002//2676 3008//2676
f 3006//2676 3005//2676 3009//2677
f 3006//2676 3009//2677 3010//2676
f 3011//2677 3012//2676 3013//2777
f 3011//2677 3013//2777 3014//2675
f 3015//2676 3016//2677 3017//2676
f 3015//2676 3017//2676 3018//2676
f 3019//2676 3020//2777 3010//2676
f 3019//2676 3010//2676 3009//2677
f 3020//2777 3019//2676 3011//2677
f 3020//2777 3011//2677 3014//2675
f 3012//2676 3021//2676 3022//2676
f 3012//2676 3022//2676 3013//2777
f 3021//2676 3023//2676 3024//2676
f 3021//2676 3024//2676 3022//2676
f 3023//2676 3017//2676 3016//2677
f 3023//2676 3016//2677 3024//2676
f 3018//2676 3007//2676 3008//2676
f 3018//2676 3008//2676 3015//2676
f 2755//2679 2754//2679 3025//2683
f 2755//2679 3025//2683 3026//2683
f 3027//2872 3028//2683 3029//2683
f 3027//2872 3029//2683 3030//2873
f 3031//2680 2759//2680 2755//2679
f 3031//2680 2755//2679 3026//2683
f 2760//2683 2759//2680 3031//2680
f 2760//2683 3031//2680 3032//2679
f 2760//2683 3032//2679 3033//2683
f 2760//2683 3033//2683 2761//2706
f 3034//2683 3035//2685 2761//2706
f 3034//2683 2761//2706 3033//2683
f 3027//2872 3036//2874 3037//2683
f 3027//2872 3037//2683 3028//2683
f 3036//2874 3038//2875 3039//2679
f 3036//2874 3039//2679 3037//2683
f 3034//2683 3039//2679 3038//2875
f 3034//2683 3038//2875 3035//2685
f 3040//2683 3025//2683 2754//2679
f 3040//2683 2754//2679 3041//2683
f 3040//2683 3041//2683 3042//2680
f 3040//2683 3042//2680 3043//2683
f 3044//2679 3045//2683 3043//2683
f 3044//2679 3043//2683 3042//2680
f 3046//2679 3047//2876 3030//2873
f 3046//2679 3030//2873 3029//2683
f 3047//2876 3046//2679 3048//2683
f 3047//2876 3048//2683 3049//2877
f 3049//2877 3048//2683 3050//2687
f 3049//2877 3050//2687 3051//2878
f 3044//2679 3052//2687 3053//2680
f 3044//2679 3053//2680 3045//2683
f 3054//2682 3055//2878 3051//2878
f 3054//2682 3051//2878 3050//2687
f 3055//2878 3054//2682 3053//2680
f 3055//2878 3053//2680 3052//2687
f 3056//2879 2997//2676 2996//2675
f 3056//2879 2996//2675 3057//2880
f 2998//2676 2997//2676 3056//2879
f 2998//2676 3056//2879 3058//2881
f 2998//2676 3058//2881 3059//2882
f 2998//2676 3059//2882 3001//2676
f 2740//2677 3060//2883 3057//2880
f 2740//2677 3057//2880 2996//2675
f 3005//2676 3001//2676 3059//2882
f 3005//2676 3059//2882 3061//2884
f 3062//2885 3009//2677 3005//2676
f 3062//2885 3005//2676 3061//2884
f 3011//2677 3063//2886 3064//2887
f 3011//2677 3064//2887 3012//2676
f 3017//2676 3065//2677 3066//2676
f 3017//2676 3066//2676 3018//2676
f 3062//2885 3067//2888 3019//2676
f 3062//2885 3019//2676 3009//2677
f 3019//2676 3067//2888 3063//2886
f 3019//2676 3063//2886 3011//2677
f 3068//2676 3069//2675 3021//2676
f 3068//2676 3021//2676 3012//2676
f 3023//2676 3021//2676 3069//2675
f 3023//2676 3069//2675 3070//2675
f 3023//2676 3070//2675 3065//2677
f 3023//2676 3065//2677 3017//2676
f 3007//2676 3018//2676 3066//2676
f 3007//2676 3066//2676 3071//2675
f 3072//2889 3027//2872 3030//2873
f 3072//2889 3030//2873 3073//2890
f 3074//2891 2762//2707 2761//2706
f 3074//2891 2761//2706 3035//2685
f 3075//2892 3036//2874 3027//2872
f 3075//2892 3027//2872 3072//2889
f 3036//2874 3075//2892 3076//2893
f 3036//2874 3076//2893 3038//2875
f 3035//2685 3038//2875 3076//2893
f 3035//2685 3076//2893 3074//2891
f 2753//2683 3077//2680 3041//2683
f 2753//2683 3041//2683 2754//2679
f 3078//2683 3042//2680 3041//2683
f 3078//2683 3041//2683 3077//2680
f 3079//2680 3044//2679 3042//2680
f 3079//2680 3042//2680 3078//2683
f 3030//2873 3047//2876 3080//2894
f 3030//2873 3080//2894 3073//2890
f 3080//2894 3047//2876 3049//2877
f 3080//2894 3049//2877 3081//2895
f 3081//2895 3049//2877 3051//2878
f 3081//2895 3051//2878 3082//2896
f 3044//2679 3079//2680 3083//2679
f 3044//2679 3083//2679 3052//2687
f 3084//2897 3082//2896 3051//2878
f 3084//2897 3051//2878 3055//2878
f 3084//2897 3055//2878 3085//2898
f 3086//2899 3087//2900 3088//2901
f 3086//2899 3088//2901 3089//2902
f 3090//2903 3091//2904 3092//2905
f 3090//2903 3092//2905 3093//2906
f 3094//2907 3095//2908 3096//2909
f 3094//2907 3096//2909 3097//2910
f 3096//2909 3095//2908 3098//2911
f 3096//2909 3098//2911 3099//2912
f 3097//2910 3090//2903 3093//2906
f 3097//2910 3093//2906 3094//2907
f 3099//2912 3098//2911 3100//2913
f 3099//2912 3100//2913 3101//2914
f 3101//2914 3100//2913 3102//2915
f 3101//2914 3102//2915 3103//2916
f 3104//2917 3105//2918 3103//2916
f 3104//2917 3103//2916 3102//2915
f 3104//2917 3086//2899 3089//2902
f 3104//2917 3089//2902 3105//2918
f 3106//2919 3107//2920 3108//2921
f 3106//2919 3108//2921 3109//2922
f 3110//2923 3107//2920 3106//2919
f 3110//2923 3106//2919 3111//2924
f 3111//2924 3112//2925 3113//2926
f 3111//2924 3113//2926 3110//2923
f 3112//2925 3114//2927 3115//2928
f 3112//2925 3115//2928 3113//2926
f 3116//2929 3115//2928 3114//2927
f 3116//2929 3114//2927 3117//2930
f 3117//2930 3118//2931 3119//2932
f 3117//2930 3119//2932 3116//2929
f 3120//2933 2798//2734 2812//2748
f 3120//2933 2812//2748 3121//2934
f 3121//2934 3122//2935 3123//2936
f 3121//2934 3123//2936 3120//2933
f 3124//2937 3125//2938 3123//2936
f 3124//2937 3123//2936 3122//2935
f 3125//2938 3124//2937 3126//2939
f 3125//2938 3126//2939 3127//2940
f 3127//2940 3126//2939 3128//2941
f 3127//2940 3128//2941 3129//2942
f 3130//2943 3131//2944 3129//2942
f 3130//2943 3129//2942 3128//2941
f 3132//2945 3092//2905 3091//2904
f 3132//2945 3091//2904 3133//2945
f 3134//2946 3135//2947 3136//2948
f 3134//2946 3136//2948 3137//2949
f 3136//2948 3135//2947 3088//2901
f 3136//2948 3088//2901 3087//2900
f 3138//2950 3139//2951 3140//2952
f 3138//2950 3140//2952 3141//2953
f 3141//2953 3142//2954 3143//2954
f 3141//2953 3143//2954 3138//2950
f 3143//2954 3142//2954 3144//2955
f 3143//2954 3144//2955 3145//2956
f 3145//2956 3144//2955 3146//2957
f 3145//2956 3146//2957 3147//2957
f 3146//2957 3148//2958 3149//2958
f 3146//2957 3149//2958 3147//2957
f 3132//2945 3133//2945 3149//2958
f 3132//2945 3149//2958 3148//2958
f 3119//2932 3118//2931 3150//2959
f 3119//2932 3150//2959 3151//2960
f 3151//2960 3150//2959 3152//2961
f 3151//2960 3152//2961 3153//2962
f 3152//2961 3154//2963 3155//2964
f 3152//2961 3155//2964 3153//2962
f 3156//2965 3131//2944 3130//2943
f 3156//2965 3130//2943 3157//2966
f 3158//2967 3156//2965 3157//2966
f 3158//2967 3157//2966 3159//2968
f 2988//2868 3158//2967 3159//2968
f 2988//2868 3159//2968 2991//2871
f 2901//2676 3160//2676 3161//2676
f 2901//2676 3161//2676 2902//2675
f 3162//2677 3163//2675 3164//2676
f 3162//2677 3164//2676 3165//2675
f 3166//2677 3165//2675 3164//2676
f 3166//2677 3164//2676 3167//2677
f 3168//2675 3169//2675 3166//2677
f 3168//2675 3166//2677 3167//2677
f 3170//2676 3171//2676 3160//2676
f 3170//2676 3160//2676 2901//2676
f 2902//2675 3161//2676 3172//2677
f 2902//2675 3172//2677 2909//2675
f 2909//2675 3172//2677 3163//2675
f 2909//2675 3163//2675 3162//2677
f 3173//2676 3174//2675 3169//2675
f 3173//2676 3169//2675 3168//2675
f 3175//2676 3171//2676 3170//2676
f 3175//2676 3170//2676 3071//2675
f 3176//2676 3174//2675 3173//2676
f 3176//2676 3173//2676 3177//2676
f 3178//2675 3179//2676 3068//2676
f 3178//2675 3068//2676 3180//2676
f 3065//2677 3181//2676 3182//2678
f 3065//2677 3182//2678 3066//2676
f 3176//2676 3177//2676 3183//2675
f 3176//2676 3183//2675 3184//2777
f 3180//2676 3184//2777 3183//2675
f 3180//2676 3183//2675 3178//2675
f 3069//2675 3068//2676 3179//2676
f 3069//2675 3179//2676 3185//2678
f 3186//2676 3070//2675 3069//2675
f 3186//2676 3069//2675 3185//2678
f 3186//2676 3181//2676 3065//2677
f 3186//2676 3065//2677 3070//2675
f 3066//2676 3182//2678 3175//2676
f 3066//2676 3175//2676 3071//2675
f 3187//2683 2753//2683 2756//2683
f 3187//2683 2756//2683 3188//2683
f 3189//2679 3190//2969 3191//2970
f 3189//2679 3191//2970 3192//2682
f 2756//2683 2916//2683 3193//2683
f 2756//2683 3193//2683 3188//2683
f 2916//2683 2917//2680 3194//2680
f 2916//2683 3194//2680 3193//2683
f 2917//2680 2919//2800 3195//2680
f 2917//2680 3195//2680 3194//2680
f 3196//2971 3197//2679 3195//2680
f 3196//2971 3195//2680 2919//2800
f 3198//2683 3199//2972 3190//2969
f 3198//2683 3190//2969 3189//2679
f 3200//2680 3201//2973 3199//2972
f 3200//2680 3199//2972 3198//2683
f 3196//2971 3201//2973 3200//2680
f 3196//2971 3200//2680 3197//2679
f 2753//2683 3187//2683 3202//2679
f 2753//2683 3202//2679 3077//2680
f 3202//2679 3203//2683 3078//2683
f 3202//2679 3078//2683 3077//2680
f 3078//2683 3203//2683 3204//2683
f 3078//2683 3204//2683 3079//2680
f 3191//2970 3205//2974 3206//2683
f 3191//2970 3206//2683 3192//2682
f 3205//2974 3207//2975 3208//2687
f 3205//2974 3208//2687 3206//2683
f 3208//2687 3207//2975 3209//2878
f 3208//2687 3209//2878 3210//2682
f 3211//2683 3083//2679 3079//2680
f 3211//2683 3079//2680 3204//2683
f 3085//2898 3212//2683 3210//2682
f 3085//2898 3210//2682 3209//2878
f 3212//2683 3085//2898 3083//2679
f 3212//2683 3083//2679 3211//2683
f 3162//2677 3165//2675 3213//2976
f 3162//2677 3213//2976 3214//2977
f 3213//2976 3165//2675 3166//2677
f 3213//2976 3166//2677 3215//2978
f 3215//2978 3166//2677 3169//2675
f 3215//2978 3169//2675 3216//2979
f 3214//2977 2907//2791 2909//2675
f 3214//2977 2909//2675 3162//2677
f 3174//2675 3217//2980 3216//2979
f 3174//2675 3216//2979 3169//2675
f 3217//2980 3174//2675 3176//2676
f 3217//2980 3176//2676 3218//2981
f 3180//2676 3068//2676 3219//2982
f 3180//2676 3219//2982 3220//2983
f 3184//2777 3221//2984 3218//2981
f 3184//2777 3218//2981 3176//2676
f 3184//2777 3180//2676 3220//2983
f 3184//2777 3220//2983 3221//2984
f 3190//2969 3222//2985 3223//2986
f 3190//2969 3223//2986 3191//2970
f 3196//2971 2919//2800 2918//2799
f 3196//2971 2918//2799 3224//2987
f 3222//2985 3190//2969 3199//2972
f 3222//2985 3199//2972 3225//2988
f 3199//2972 3201//2973 3226//2989
f 3199//2972 3226//2989 3225//2988
f 3196//2971 3224//2987 3226//2989
f 3196//2971 3226//2989 3201//2973
f 3223//2986 3227//2990 3205//2974
f 3223//2986 3205//2974 3191//2970
f 3228//2991 3207//2975 3205//2974
f 3228//2991 3205//2974 3227//2990
f 3207//2975 3228//2991 3229//2992
f 3207//2975 3229//2992 3209//2878
f 3084//2897 3085//2898 3209//2878
f 3084//2897 3209//2878 3229//2992
f 2606//2625 3230//2993 3231//2994
f 2606//2625 3231//2994 2603//2622
f 2608//2627 3232//2995 3230//2993
f 2608//2627 3230//2993 2606//2625
f 2610//2629 3233//2996 3232//2995
f 2610//2629 3232//2995 2608//2627
f 2612//2631 3234//2997 3233//2996
f 2612//2631 3233//2996 2610//2629
f 2612//2631 2614//2633 3235//2998
f 2612//2631 3235//2998 3234//2997
f 2616//2635 3236//2999 3235//2998
f 2616//2635 3235//2998 2614//2633
f 2616//2635 2647//2663 3237//3000
f 2616//2635 3237//3000 3236//2999
f 3237//3000 2647//2663 2650//2666
f 3237//3000 2650//2666 3238//3001
f 3238//3001 2650//2666 2652//2668
f 3238//3001 2652//2668 3239//3002
f 3240//3003 3108//2921 3241//3004
f 3240//3003 3241//3004 3242//3005
f 3240//3003 3242//3005 3243//3006
f 3240//3003 3243//3006 3244//3007
f 3245//3008 3246//3009 3244//3007
f 3245//3008 3244//3007 3243//3006
f 3246//3009 3245//3008 3247//3010
f 3246//3009 3247//3010 3248//3011
f 3249//3012 3250//3013 3248//3011
f 3249//3012 3248//3011 3247//3010
f 3249//3012 3251//3014 3252//3015
f 3249//3012 3252//3015 3250//3013
f 3253//3016 3254//3017 3252//3015
f 3253//3016 3252//3015 3251//3014
f 3254//3017 3253//3016 3255//3018
f 3254//3017 3255//3018 3256//3019
f 3256//3019 3255//3018 3239//3002
f 3256//3019 3239//3002 2652//2668
f 3231//2994 3257//3020 3258//3021
f 3231//2994 3258//3021 2603//2622
f 3259//3022 3260//3023 3258//3021
f 3259//3022 3258//3021 3257//3020
f 3260//3023 3259//3022 3261//3024
f 3260//3023 3261//3024 3262//3025
f 3262//3025 3261//3024 3263//3026
f 3262//3025 3263//3026 3264//3027
f 3265//3028 3266//3029 3264//3027
f 3265//3028 3264//3027 3263//3026
f 3266//3029 3265//3028 3267//3030
f 3266//3029 3267//3030 3268//3031
f 3269//3032 3268//3031 3267//3030
f 3269//3032 3267//3030 3270//3033
f 3271//3034 3269//3032 3270//3033
f 3271//3034 3270//3033 3272//3035
f 3273//3036 3155//2964 3271//3034
f 3273//3036 3271//3034 3272//3035
f 3274//3037 3241//3004 3108//2921
f 3274//3037 3108//2921 3107//2920
f 3110//2923 3275//3038 3274//3037
f 3110//2923 3274//3037 3107//2920
f 3113//2926 3276//3039 3275//3038
f 3113//2926 3275//3038 3110//2923
f 3277//3040 3276//3039 3113//2926
f 3277//3040 3113//2926 3115//2928
f 3115//2928 3116//2929 3278//3041
f 3115//2928 3278//3041 3277//3040
f 3119//2932 3279//3042 3278//3041
f 3119//2932 3278//3041 3116//2929
f 3280//3043 3279//3042 3119//2932
f 3280//3043 3119//2932 3151//2960
f 3281//3044 3280//3043 3151//2960
f 3281//3044 3151//2960 3153//2962
f 3281//3044 3153//2962 3155//2964
f 3281//3044 3155//2964 3273//3036
f 3282//3045 2947//2828 2619//2638
f 3282//3045 2619//2638 2618//2637
f 3283//3046 3282//3045 2618//2637
f 3283//3046 2618//2637 2622//2641
f 2624//2643 3284//3047 3283//3046
f 2624//2643 3283//3046 2622//2641
f 2624//2643 2626//2645 3285//3048
f 2624//2643 3285//3048 3284//3047
f 3285//3048 2626//2645 2627//2646
f 3285//3048 2627//2646 3286//3049
f 3287//3050 3286//3049 2627//2646
f 3287//3050 2627//2646 2629//2648
f 3287//3050 2629//2648 2653//2669
f 3287//3050 2653//2669 3288//3051
f 3289//3052 3288//3051 2653//2669
f 3289//3052 2653//2669 2656//2672
f 3289//3052 2656//2672 2657//2673
f 3289//3052 2657//2673 2839//2774
f 3290//3053 3109//2922 3108//2921
f 3290//3053 3108//2921 3240//3003
f 3290//3053 3240//3003 3244//3007
f 3290//3053 3244//3007 3291//3054
f 3292//3055 3291//3054 3244//3007
f 3292//3055 3244//3007 3246//3009
f 3248//3011 3293//3056 3292//3055
f 3248//3011 3292//3055 3246//3009
f 3293//3056 3248//3011 3250//3013
f 3293//3056 3250//3013 3294//3057
f 3295//3058 3294//3057 3250//3013
f 3295//3058 3250//3013 3252//3015
f 3296//3059 3295//3058 3252//3015
f 3296//3059 3252//3015 3254//3017
f 3296//3059 3254//3017 3256//3019
f 3296//3059 3256//3019 3297//3060
f 2651//2667 3297//3060 3256//3019
f 2651//2667 3256//3019 2652//2668
f 2604//2623 2603//2622 3258//3021
f 2604//2623 3258//3021 3298//3061
f 3258//3021 3260//3023 3299//3062
f 3258//3021 3299//3062 3298//3061
f 3260//3023 3262//3025 3300//3063
f 3260//3023 3300//3063 3299//3062
f 3264//3027 3301//3064 3300//3063
f 3264//3027 3300//3063 3262//3025
f 3266//3029 3302//3065 3301//3064
f 3266//3029 3301//3064 3264//3027
f 3302//3065 3266//3029 3268//3031
f 3302//3065 3268//3031 3303//3066
f 3304//3067 3303//3066 3268//3031
f 3304//3067 3268//3031 3269//3032
f 3269//3032 3271//3034 3305//3068
f 3269//3032 3305//3068 3304//3067
f 3155//2964 3154//2963 3305//3068
f 3155//2964 3305//3068 3271//3034
f 2799//2735 2798//2734 3120//2933
f 2799//2735 3120//2933 3306//3069
f 3307//3070 3306//3069 3120//2933
f 3307//3070 3120//2933 3123//2936
f 3308//3071 3307//3070 3123//2936
f 3308//3071 3123//2936 3125//2938
f 3308//3071 3125//2938 3127//2940
f 3308//3071 3127//2940 3309//3072
f 3309//3072 3127//2940 3129//2942
f 3309//3072 3129//2942 3310//3073
f 3131//2944 3311//3074 3310//3073
f 3131//2944 3310//3073 3129//2942
f 3312//3075 3311//3074 3131//2944
f 3312//3075 3131//2944 3156//2965
f 3312//3075 3156//2965 3158//2967
f 3312//3075 3158//2967 3313//3076
f 3158//2967 2988//2868 2987//2867
f 3158//2967 2987//2867 3313//3076
f 2604//2623 3314//3077 3315//3078
f 2604//2623 3315//3078 2605//2624
f 2605//2624 3315//3078 3316//3079
f 2605//2624 3316//3079 2607//2626
f 2607//2626 3316//3079 3317//3080
f 2607//2626 3317//3080 2609//2628
f 2609//2628 3317//3080 3318//3081
f 2609//2628 3318//3081 2611//2630
f 2611//2630 3318//3081 3319//3082
f 2611//2630 3319//3082 2613//2632
f 2613//2632 3319//3082 3320//3083
f 2613//2632 3320//3083 2615//2634
f 2615//2634 3320//3083 3321//3084
f 2615//2634 3321//3084 2648//2664
f 2648//2664 3321//3084 3322//3085
f 2648//2664 3322//3085 2649//2665
f 2651//2667 2649//2665 3322//3085
f 2651//2667 3322//3085 3323//3086
f 3324//3087 2800//2736 2799//2735
f 3324//3087 2799//2735 3325//3088
f 2800//2736 3324//3087 3326//3089
f 2800//2736 3326//3089 2802//2738
f 3327//3090 2804//2740 2802//2738
f 3327//3090 2802//2738 3326//3089
f 2807//2743 2804//2740 3327//3090
f 2807//2743 3327//3090 3328//3091
f 2807//2743 3328//3091 3329//3092
f 2807//2743 3329//3092 2808//2744
f 3329//3092 3330//3093 2810//2746
f 3329//3092 2810//2746 2808//2744
f 3330//3093 3331//3094 2835//2770
f 3330//3093 2835//2770 2810//2746
f 2838//2773 2835//2770 3331//3094
f 2838//2773 3331//3094 3332//3095
f 3332//3095 3323//3086 2839//2774
f 3332//3095 2839//2774 2838//2773
f 2948//2829 2947//2828 3314//3077
f 2948//2829 3314//3077 3333//3096
f 2949//2830 2948//2829 3333//3096
f 2949//2830 3333//3096 3334//3097
f 2952//2833 2949//2830 3334//3097
f 2952//2833 3334//3097 3335//3098
f 2953//2834 2952//2833 3335//3098
f 2953//2834 3335//3098 3336//3099
f 3337//3100 2955//2836 2953//2834
f 3337//3100 2953//2834 3336//3099
f 2955//2836 3337//3100 3338//3101
f 2955//2836 3338//3101 2957//2838
f 2957//2838 3338//3101 3339//3102
f 2957//2838 3339//3102 2984//2864
f 2985//2865 2984//2864 3339//3102
f 2985//2865 3339//3102 3340//3103
f 2987//2867 2985//2865 3340//3103
f 2987//2867 3340//3103 3341//3104
f 3342//3105 3106//2919 3109//2922
f 3342//3105 3109//2922 3325//3088
f 3106//2919 3342//3105 3343//3106
f 3106//2919 3343//3106 3111//2924
f 3111//2924 3343//3106 3344//3107
f 3111//2924 3344//3107 3112//2925
f 3345//3108 3114//2927 3112//2925
f 3345//3108 3112//2925 3344//3107
f 3114//2927 3345//3108 3346//3109
f 3114//2927 3346//3109 3117//2930
f 3347//3110 3118//2931 3117//2930
f 3347//3110 3117//2930 3346//3109
f 3118//2931 3347//3110 3348//3111
f 3118//2931 3348//3111 3150//2959
f 3150//2959 3348//3111 3349//3112
f 3150//2959 3349//3112 3152//2961
f 3154//2963 3152//2961 3349//3112
f 3154//2963 3349//3112 3341//3104
f 3282//3045 3315//3078 3314//3077
f 3282//3045 3314//3077 2947//2828
f 3315//3078 3282//3045 3283//3046
f 3315//3078 3283//3046 3316//3079
f 3316//3079 3283//3046 3284//3047
f 3316//3079 3284//3047 3317//3080
f 3285//3048 3318//3081 3317//3080
f 3285//3048 3317//3080 3284//3047
f 3318//3081 3285//3048 3286//3049
f 3318//3081 3286//3049 3319//3082
f 3287//3050 3320//3083 3319//3082
f 3287//3050 3319//3082 3286//3049
f 3287//3050 3288//3051 3321//3084
f 3287//3050 3321//3084 3320//3083
f 3322//3085 3321//3084 3288//3051
f 3322//3085 3288//3051 3289//3052
f 3323//3086 3322//3085 3289//3052
f 3323//3086 3289//3052 2839//2774
f 3290//3053 3324//3087 3325//3088
f 3290//3053 3325//3088 3109//2922
f 3291//3054 3326//3089 3324//3087
f 3291//3054 3324//3087 3290//3053
f 3326//3089 3291//3054 3292//3055
f 3326//3089 3292//3055 3327//3090
f 3328//3091 3327//3090 3292//3055
f 3328//3091 3292//3055 3293//3056
f 3293//3056 3294//3057 3329//3092
f 3293//3056 3329//3092 3328//3091
f 3294//3057 3295//3058 3330//3093
f 3294//3057 3330//3093 3329//3092
f 3331//3094 3330//3093 3295//3058
f 3331//3094 3295//3058 3296//3059
f 3297//3060 3332//3095 3331//3094
f 3297//3060 3331//3094 3296//3059
f 3332//3095 3297//3060 2651//2667
f 3332//3095 2651//2667 3323//3086
f 3314//3077 2604//2623 3298//3061
f 3314//3077 3298//3061 3333//3096
f 3333//3096 3298//3061 3299//3062
f 3333//3096 3299//3062 3334//3097
f 3299//3062 3300//3063 3335//3098
f 3299//3062 3335//3098 3334//3097
f 3335//3098 3300//3063 3301//3064
f 3335//3098 3301//3064 3336//3099
f 3302//3065 3337//3100 3336//3099
f 3302//3065 3336//3099 3301//3064
f 3337//3100 3302//3065 3303//3066
f 3337//3100 3303//3066 3338//3101
f 3303//3066 3304//3067 3339//3102
f 3303//3066 3339//3102 3338//3101
f 3339//3102 3304//3067 3305//3068
f 3339//3102 3305//3068 3340//3103
f 3154//2963 3341//3104 3340//3103
f 3154//2963 3340//3103 3305//3068
f 3342//3105 3325//3088 2799//2735
f 3342//3105 2799//2735 3306//3069
f 3306//3069 3307//3070 3343//3106
f 3306//3069 3343//3106 3342//3105
f 3308//3071 3344//3107 3343//3106
f 3308//3071 3343//3106 3307//3070
f 3344//3107 3308//3071 3309//3072
f 3344//3107 3309//3072 3345//3108
f 3346//3109 3345//3108 3309//3072
f 3346//3109 3309//3072 3310//3073
f 3346//3109 3310//3073 3311//3074
f 3346//3109 3311//3074 3347//3110
f 3348//3111 3347//3110 3311//3074
f 3348//3111 3311//3074 3312//3075
f 3349//3112 3348//3111 3312//3075
f 3349//3112 3312//3075 3313//3076
f 2987//2867 3341//3104 3349//3112
f 2987//2867 3349//3112 3313//3076
f 2740//2677 2674//2677 2741//2697
f 2740//2677 2741//2697 3060//2883
f 2733//2675 3003//2676 2672//2676
f 2733//2675 2672//2676 2659//2675
f 2845//2676 2738//2676 3170//2676
f 2845//2676 3170//2676 2901//2676
f 2691//2676 2684//2677 2694//2676
f 2691//2676 2694//2676 2693//2675
f 2749//2677 2691//2676 2693//2675
f 2749//2677 2693//2675 2752//2676
f 2902//2675 2909//2675 2855//2677
f 2902//2675 2855//2677 2842//2676
f 3064//2887 3219//2982 3068//2676
f 3064//2887 3068//2676 3012//2676
f 2761//2706 2762//2707 2708//2685
f 2759//2680 2705//2683 2697//2680
f 2759//2680 2697//2680 2755//2679
f 2873//2679 2879//2680 2916//2683
f 2873//2679 2916//2683 2756//2683
f 3052//2687 3083//2679 3085//2898
f 3052//2687 3085//2898 3055//2878
f 2917//2680 2881//2683 2882//2780
f 2917//2680 2882//2780 2919//2800
f 2730//2692 2774//2714 2775//2692
f 2697//2680 2873//2679 2756//2683
f 2697//2680 2756//2683 2755//2679
f 2696//2679 2766//2683 2873//2679
f 2696//2679 2873//2679 2697//2680
f 3170//2676 3003//2676 3007//2676
f 3170//2676 3007//2676 3071//2675
f 3170//2676 2738//2676 2672//2676
f 3170//2676 2672//2676 3003//2676
f 2757//2704 3234//2997 3235//2998
f 2757//2704 3235//2998 2758//2705
f 2762//2707 3231//2994 3230//2993
f 2762//2707 3230//2993 2763//2708
f 2757//2704 2764//2709 3233//2996
f 2757//2704 3233//2996 3234//2997
f 2765//2710 3232//2995 3233//2996
f 2765//2710 3233//2996 2764//2709
f 2763//2708 3230//2993 3232//2995
f 2763//2708 3232//2995 2765//2710
f 2758//2705 3235//2998 3236//2999
f 2758//2705 3236//2999 2770//2711
f 3236//2999 3237//3000 2771//2712
f 3236//2999 2771//2712 2770//2711
f 3237//3000 3238//3001 2772//2713
f 3237//3000 2772//2713 2771//2712
f 3238//3001 3239//3002 2774//2714
f 3238//3001 2774//2714 2772//2713
f 3249//3012 3247//3010 2915//2798
f 3249//3012 2915//2798 2914//2797
f 3242//3005 3241//3004 2918//2799
f 3242//3005 2918//2799 2920//2801
f 2915//2798 3247//3010 3245//3008
f 2915//2798 3245//3008 2921//2802
f 2921//2802 3245//3008 3243//3006
f 2921//2802 3243//3006 2922//2803
f 2920//2801 2922//2803 3243//3006
f 2920//2801 3243//3006 3242//3005
f 2923//2804 3251//3014 3249//3012
f 2923//2804 3249//3012 2914//2797
f 2924//2805 3253//3016 3251//3014
f 2924//2805 3251//3014 2923//2804
f 2924//2805 2925//2806 3255//3018
f 2924//2805 3255//3018 3253//3016
f 2774//2714 3239//3002 3255//3018
f 2774//2714 3255//3018 2925//2806
f 3072//2889 3073//2890 3265//3028
f 3072//2889 3265//3028 3263//3026
f 3257//3020 3231//2994 2762//2707
f 3257//3020 2762//2707 3074//2891
f 3072//2889 3263//3026 3261//3024
f 3072//2889 3261//3024 3075//2892
f 3261//3024 3259//3022 3076//2893
f 3261//3024 3076//2893 3075//2892
f 3259//3022 3257//3020 3074//2891
f 3259//3022 3074//2891 3076//2893
f 3267//3030 3265//3028 3073//2890
f 3267//3030 3073//2890 3080//2894
f 3081//2895 3270//3033 3267//3030
f 3081//2895 3267//3030 3080//2894
f 3270//3033 3081//2895 3082//2896
f 3270//3033 3082//2896 3272//3035
f 3272//3035 3082//2896 3084//2897
f 3272//3035 3084//2897 3273//3036
f 3277//3040 3278//3041 3223//2986
f 3277//3040 3223//2986 3222//2985
f 3274//3037 3224//2987 2918//2799
f 3274//3037 2918//2799 3241//3004
f 3277//3040 3222//2985 3225//2988
f 3277//3040 3225//2988 3276//3039
f 3226//2989 3275//3038 3276//3039
f 3226//2989 3276//3039 3225//2988
f 3224//2987 3274//3037 3275//3038
f 3224//2987 3275//3038 3226//2989
f 3223//2986 3278//3041 3279//3042
f 3223//2986 3279//3042 3227//2990
f 3279//3042 3280//3043 3228//2991
f 3279//3042 3228//2991 3227//2990
f 3280//3043 3281//3044 3229//2992
f 3280//3043 3229//2992 3228//2991
f 3281//3044 3273//3036 3084//2897
f 3281//3044 3084//2897 3229//2992
f 3350//3113 3060//2883 2741//2697
f 3351//3114 2744//2700 2750//2703
f 3352//3115 2908//2792 2907//2791
f 3353//3116 3219//2982 3064//2887
f 3354//3117 3355//3118 2734//2693
f 3354//3117 2734//2693 2735//2694
f 3356//3119 3354//3117 2735//2694
f 3356//3119 2735//2694 2736//2695
f 3356//3119 2736//2695 2737//2696
f 3356//3119 2737//2696 3357//3120
f 2734//2693 3355//3118 3350//3113
f 2734//2693 3350//3113 2741//2697
f 2737//2696 2742//2698 3358//3121
f 2737//2696 3358//3121 3357//3120
f 3358//3121 2742//2698 2743//2699
f 3358//3121 2743//2699 3359//3122
f 2745//2701 2744//2700 3351//3114
f 2745//2701 3351//3114 3360//3123
f 2748//2702 3361//3124 3359//3122
f 2748//2702 3359//3122 2743//2699
f 2745//2701 3360//3123 3361//3124
f 2745//2701 3361//3124 2748//2702
f 2903//2787 3362//3125 3363//3126
f 2903//2787 3363//3126 2904//2788
f 3363//3126 3364//3127 2905//2789
f 3363//3126 2905//2789 2904//2788
f 2905//2789 3364//3127 3365//3128
f 2905//2789 3365//3128 2906//2790
f 2903//2787 2908//2792 3352//3115
f 2903//2787 3352//3115 3362//3125
f 2906//2790 3365//3128 3366//3129
f 2906//2790 3366//3129 2910//2793
f 2910//2793 3366//3129 3367//3130
f 2910//2793 3367//3130 2911//2794
f 2750//2703 2912//2795 3368//3131
f 2750//2703 3368//3131 3351//3114
f 3369//3132 2913//2796 2911//2794
f 3369//3132 2911//2794 3367//3130
f 3369//3132 3368//3131 2912//2795
f 3369//3132 2912//2795 2913//2796
f 3370//3133 3056//2879 3057//2880
f 3370//3133 3057//2880 3371//3134
f 3370//3133 3372//3135 3058//2881
f 3370//3133 3058//2881 3056//2879
f 3058//2881 3372//3135 3373//3136
f 3058//2881 3373//3136 3059//2882
f 3371//3134 3057//2880 3060//2883
f 3371//3134 3060//2883 3350//3113
f 3061//2884 3059//2882 3373//3136
f 3061//2884 3373//3136 3374//3137
f 3375//3138 3062//2885 3061//2884
f 3375//3138 3061//2884 3374//3137
f 3064//2887 3063//2886 3376//3139
f 3064//2887 3376//3139 3353//3116
f 3062//2885 3375//3138 3377//3140
f 3062//2885 3377//3140 3067//2888
f 3377//3140 3376//3139 3063//2886
f 3377//3140 3063//2886 3067//2888
f 3378//3141 3379//3142 3214//2977
f 3378//3141 3214//2977 3213//2976
f 3380//3143 3378//3141 3213//2976
f 3380//3143 3213//2976 3215//2978
f 3381//3144 3380//3143 3215//2978
f 3381//3144 3215//2978 3216//2979
f 3352//3115 2907//2791 3214//2977
f 3352//3115 3214//2977 3379//3142
f 3382//3145 3381//3144 3216//2979
f 3382//3145 3216//2979 3217//2980
f 3382//3145 3217//2980 3218//2981
f 3382//3145 3218//2981 3383//3146
f 3384//3147 3220//2983 3219//2982
f 3384//3147 3219//2982 3353//3116
f 3221//2984 3385//3148 3383//3146
f 3221//2984 3383//3146 3218//2981
f 3221//2984 3220//2983 3384//3147
f 3221//2984 3384//3147 3385//3148
f 3386//3149 3387//3150 3388//3151
f 3386//3149 3388//3151 3389//3152
f 3389//3152 3390//3153 3391//3154
f 3389//3152 3391//3154 3386//3149
f 3392//3155 3393//3156 3394//3157
f 3392//3155 3394//3157 3395//3158
f 3393//3156 3392//3155 3396//3159
f 3393//3156 3396//3159 3397//3160
f 3398//3161 3397//3160 3396//3159
f 3398//3161 3396//3159 3399//3162
f 3400//3163 3401//3164 3398//3161
f 3400//3163 3398//3161 3399//3162
f 3402//3165 3401//3164 3400//3163
f 3402//3165 3400//3163 3403//3166
f 3387//3150 3402//3165 3403//3166
f 3387//3150 3403//3166 3388//3151
f 3389//3152 3388//3151 3404//3167
f 3389//3152 3404//3167 3405//3168
f 3406//3169 3390//3153 3389//3152
f 3406//3169 3389//3152 3405//3168
f 3395//3158 3407//3170 3408//3171
f 3395//3158 3408//3171 3392//3155
f 3392//3155 3408//3171 3409//3172
f 3392//3155 3409//3172 3396//3159
f 3396//3159 3409//3172 3410//3173
f 3396//3159 3410//3173 3399//3162
f 3400//3163 3399//3162 3410//3173
f 3400//3163 3410//3173 3411//3174
f 3400//3163 3411//3174 3412//3175
f 3400//3163 3412//3175 3403//3166
f 3412//3175 3404//3167 3388//3151
f 3412//3175 3388//3151 3403//3166
f 3404//3167 3413//3176 3414//3177
f 3404//3167 3414//3177 3405//3168
f 3406//3169 3405//3168 3414//3177
f 3406//3169 3414//3177 3415//3178
f 3407//3170 3416//3179 3417//3180
f 3407//3170 3417//3180 3408//3171
f 3417//3180 3418//3181 3409//3172
f 3417//3180 3409//3172 3408//3171
f 3418//3181 3419//3182 3410//3173
f 3418//3181 3410//3173 3409//3172
f 3419//3182 3420//3183 3411//3174
f 3419//3182 3411//3174 3410//3173
f 3411//3174 3420//3183 3421//3184
f 3411//3174 3421//3184 3412//3175
f 3421//3184 3413//3176 3404//3167
f 3421//3184 3404//3167 3412//3175
f 3413//3176 3422//3185 3423//3186
f 3413//3176 3423//3186 3414//3177
f 3414//3177 3423//3186 3424//3187
f 3414//3177 3424//3187 3415//3178
f 3416//3179 3425//3188 3426//3189
f 3416//3179 3426//3189 3417//3180
f 3417//3180 3426//3189 3427//3190
f 3417//3180 3427//3190 3418//3181
f 3418//3181 3427//3190 3428//3191
f 3418//3181 3428//3191 3419//3182
f 3419//3182 3428//3191 3429//3192
f 3419//3182 3429//3192 3420//3183
f 3421//3184 3420//3183 3429//3192
f 3421//3184 3429//3192 3430//3193
f 3421//3184 3430//3193 3422//3185
f 3421//3184 3422//3185 3413//3176
f 3423//3186 3422//3185 3431//3194
f 3423//3186 3431//3194 3432//3195
f 3423//3186 3432//3195 3433//3196
f 3423//3186 3433//3196 3424//3187
f 3425//3188 3434//3197 3435//3198
f 3425//3188 3435//3198 3426//3189
f 3436//3199 3427//3190 3426//3189
f 3436//3199 3426//3189 3435//3198
f 3436//3199 3437//3200 3428//3191
f 3436//3199 3428//3191 3427//3190
f 3437//3200 3438//3201 3429//3192
f 3437//3200 3429//3192 3428//3191
f 3429//3192 3438//3201 3439//3202
f 3429//3192 3439//3202 3430//3193
f 3439//3202 3431//3194 3422//3185
f 3439//3202 3422//3185 3430//3193
f 3440//3203 3441//3204 3432//3195
f 3440//3203 3432//3195 3431//3194
f 3441//3204 3442//3205 3433//3196
f 3441//3204 3433//3196 3432//3195
f 3435//3198 3434//3197 3443//3206
f 3435//3198 3443//3206 3444//3207
f 3445//3208 3436//3199 3435//3198
f 3445//3208 3435//3198 3444//3207
f 3436//3199 3445//3208 3446//3209
f 3436//3199 3446//3209 3437//3200
f 3447//3210 3438//3201 3437//3200
f 3447//3210 3437//3200 3446//3209
f 3438//3201 3447//3210 3448//3211
f 3438//3201 3448//3211 3439//3202
f 3448//3211 3440//3203 3431//3194
f 3448//3211 3431//3194 3439//3202
f 3440//3203 3449//3212 3450//3213
f 3440//3203 3450//3213 3441//3204
f 3441//3204 3450//3213 3451//3214
f 3441//3204 3451//3214 3442//3205
f 3444//3207 3443//3206 3452//3215
f 3444//3207 3452//3215 3453//3216
f 3444//3207 3453//3216 3454//3217
f 3444//3207 3454//3217 3445//3208
f 3446//3209 3445//3208 3454//3217
f 3446//3209 3454//3217 3455//3218
f 3446//3209 3455//3218 3456//3219
f 3446//3209 3456//3219 3447//3210
f 3456//3219 3457//3220 3448//3211
f 3456//3219 3448//3211 3447//3210
f 3457//3220 3449//3212 3440//3203
f 3457//3220 3440//3203 3448//3211
f 3458//3221 3459//3222 3450//3213
f 3458//3221 3450//3213 3449//3212
f 3459//3222 3460//3223 3451//3214
f 3459//3222 3451//3214 3450//3213
f 3452//3215 3461//3224 3462//3225
f 3452//3215 3462//3225 3453//3216
f 3453//3216 3462//3225 3463//3226
f 3453//3216 3463//3226 3454//3217
f 3454//3217 3463//3226 3464//3227
f 3454//3217 3464//3227 3455//3218
f 3465//3228 3456//3219 3455//3218
f 3465//3228 3455//3218 3464//3227
f 3456//3219 3465//3228 3466//3229
f 3456//3219 3466//3229 3457//3220
f 3466//3229 3458//3221 3449//3212
f 3466//3229 3449//3212 3457//3220
f 3458//3221 3467//3230 3468//3231
f 3458//3221 3468//3231 3459//3222
f 3459//3222 3468//3231 3469//3232
f 3459//3222 3469//3232 3460//3223
f 3461//3224 3470//3233 3471//3234
f 3461//3224 3471//3234 3462//3225
f 3462//3225 3471//3234 3472//3235
f 3462//3225 3472//3235 3463//3226
f 3464//3227 3463//3226 3472//3235
f 3464//3227 3472//3235 3473//3236
f 3465//3228 3464//3227 3473//3236
f 3465//3228 3473//3236 3474//3237
f 3465//3228 3474//3237 3475//3238
f 3465//3228 3475//3238 3466//3229
f 3458//3221 3466//3229 3475//3238
f 3458//3221 3475//3238 3467//3230
f 3476//3239 3468//3231 3467//3230
f 3476//3239 3467//3230 3477//3240
f 3468//3231 3476//3239 3478//3241
f 3468//3231 3478//3241 3469//3232
f 3470//3233 3479//3242 3480//3243
f 3470//3233 3480//3243 3471//3234
f 3480//3243 3481//3244 3472//3235
f 3480//3243 3472//3235 3471//3234
f 3473//3236 3472//3235 3481//3244
f 3473//3236 3481//3244 3482//3245
f 3474//3237 3473//3236 3482//3245
f 3474//3237 3482//3245 3483//3246
f 3483//3246 3484//3247 3475//3238
f 3483//3246 3475//3238 3474//3237
f 3477//3240 3467//3230 3475//3238
f 3477//3240 3475//3238 3484//3247
f 3485//3248 3476//3239 3477//3240
f 3485//3248 3477//3240 3486//3249
f 3487//3250 3478//3241 3476//3239
f 3487//3250 3476//3239 3485//3248
f 3488//3251 3480//3243 3479//3242
f 3488//3251 3479//3242 3489//3252
f 3488//3251 3490//3253 3481//3244
f 3488//3251 3481//3244 3480//3243
f 3491//3254 3482//3245 3481//3244
f 3491//3254 3481//3244 3490//3253
f 3492//3255 3483//3246 3482//3245
f 3492//3255 3482//3245 3491//3254
f 3483//3246 3492//3255 3493//3256
f 3483//3246 3493//3256 3484//3247
f 3493//3256 3486//3249 3477//3240
f 3493//3256 3477//3240 3484//3247
f 3494//3257 3485//3248 3486//3249
f 3494//3257 3486//3249 3495//3258
f 3496//3259 3487//3250 3485//3248
f 3496//3259 3485//3248 3494//3257
f 3488//3251 3489//3252 3497//3260
f 3488//3251 3497//3260 3498//3261
f 3488//3251 3498//3261 3499//3262
f 3488//3251 3499//3262 3490//3253
f 3500//3263 3491//3254 3490//3253
f 3500//3263 3490//3253 3499//3262
f 3500//3263 3501//3264 3492//3255
f 3500//3263 3492//3255 3491//3254
f 3493//3256 3492//3255 3501//3264
f 3493//3256 3501//3264 3502//3265
f 3495//3258 3486//3249 3493//3256
f 3495//3258 3493//3256 3502//3265
f 3494//3257 3495//3258 3503//3266
f 3494//3257 3503//3266 3504//3267
f 3496//3259 3494//3257 3504//3267
f 3496//3259 3504//3267 3505//3268
f 3497//3260 3506//3269 3507//3270
f 3497//3260 3507//3270 3498//3261
f 3498//3261 3507//3270 3508//3271
f 3498//3261 3508//3271 3499//3262
f 3499//3262 3508//3271 3509//3272
f 3499//3262 3509//3272 3500//3263
f 3501//3264 3500//3263 3509//3272
f 3501//3264 3509//3272 3510//3273
f 3511//3274 3502//3265 3501//3264
f 3511//3274 3501//3264 3510//3273
f 3503//3266 3495//3258 3502//3265
f 3503//3266 3502//3265 3511//3274
f 3504//3267 3503//3266 3512//3275
f 3504//3267 3512//3275 3513//3276
f 3505//3268 3504//3267 3513//3276
f 3505//3268 3513//3276 3514//3277
f 3507//3270 3506//3269 3515//3278
f 3507//3270 3515//3278 3516//3279
f 3508//3271 3507//3270 3516//3279
f 3508//3271 3516//3279 3517//3280
f 3518//3281 3509//3272 3508//3271
f 3518//3281 3508//3271 3517//3280
f 3510//3273 3509//3272 3518//3281
f 3510//3273 3518//3281 3519//3282
f 3510//3273 3519//3282 3520//3283
f 3510//3273 3520//3283 3511//3274
f 3511//3274 3520//3283 3512//3275
f 3511//3274 3512//3275 3503//3266
f 3513//3276 3512//3275 3521//3284
f 3513//3276 3521//3284 3522//3285
f 3514//3277 3513//3276 3522//3285
f 3514//3277 3522//3285 3523//3286
f 3516//3279 3515//3278 3524//3287
f 3516//3279 3524//3287 3525//3288
f 3517//3280 3516//3279 3525//3288
f 3517//3280 3525//3288 3526//3289
f 3527//3290 3518//3281 3517//3280
f 3527//3290 3517//3280 3526//3289
f 3527//3290 3528//3291 3519//3282
f 3527//3290 3519//3282 3518//3281
f 3520//3283 3519//3282 3528//3291
f 3520//3283 3528//3291 3529//3292
f 3520//3283 3529//3292 3521//3284
f 3520//3283 3521//3284 3512//3275
f 3521//3284 3530//3293 3531//3294
f 3521//3284 3531//3294 3522//3285
f 3522//3285 3531//3294 3532//3295
f 3522//3285 3532//3295 3523//3286
f 3524//3287 3533//3296 3534//3297
f 3524//3287 3534//3297 3525//3288
f 3535//3298 3526//3289 3525//3288
f 3535//3298 3525//3288 3534//3297
f 3527//3290 3526//3289 3535//3298
f 3527//3290 3535//3298 3536//3299
f 3536//3299 3537//3300 3528//3291
f 3536//3299 3528//3291 3527//3290
f 3529//3292 3528//3291 3537//3300
f 3529//3292 3537//3300 3538//3301
f 3529//3292 3538//3301 3530//3293
f 3529//3292 3530//3293 3521//3284
f 3530//3293 3539//3302 3540//3303
f 3530//3293 3540//3303 3531//3294
f 3531//3294 3540//3303 3541//3304
f 3531//3294 3541//3304 3532//3295
f 3533//3296 3542//3305 3543//3306
f 3533//3296 3543//3306 3534//3297
f 3534//3297 3543//3306 3544//3307
f 3534//3297 3544//3307 3535//3298
f 3536//3299 3535//3298 3544//3307
f 3536//3299 3544//3307 3545//3308
f 3537//3300 3536//3299 3545//3308
f 3537//3300 3545//3308 3546//3309
f 3538//3301 3537//3300 3546//3309
f 3538//3301 3546//3309 3547//3310
f 3538//3301 3547//3310 3539//3302
f 3538//3301 3539//3302 3530//3293
f 3539//3302 3548//3311 3549//3312
f 3539//3302 3549//3312 3540//3303
f 3550//3313 3541//3304 3540//3303
f 3550//3313 3540//3303 3549//3312
f 3551//3314 3543//3306 3542//3305
f 3551//3314 3542//3305 3552//3315
f 3553//3316 3544//3307 3543//3306
f 3553//3316 3543//3306 3551//3314
f 3545//3308 3544//3307 3553//3316
f 3545//3308 3553//3316 3554//3317
f 3546//3309 3545//3308 3554//3317
f 3546//3309 3554//3317 3555//3318
f 3555//3318 3556//3319 3547//3310
f 3555//3318 3547//3310 3546//3309
f 3547//3310 3556//3319 3548//3311
f 3547//3310 3548//3311 3539//3302
f 3557//3320 3558//3321 3559//3322
f 3557//3320 3559//3322 3560//3323
f 3560//3323 3561//3324 3562//3325
f 3560//3323 3562//3325 3557//3320
f 3563//3326 3564//3327 3565//3328
f 3563//3326 3565//3328 3566//3329
f 3564//3327 3563//3326 3567//3330
f 3564//3327 3567//3330 3568//3331
f 3569//3332 3568//3331 3567//3330
f 3569//3332 3567//3330 3570//3333
f 3571//3334 3572//3335 3569//3332
f 3571//3334 3569//3332 3570//3333
f 3573//3336 3572//3335 3571//3334
f 3573//3336 3571//3334 3574//3337
f 3558//3321 3573//3336 3574//3337
f 3558//3321 3574//3337 3559//3322
f 3559//3322 3575//3338 3576//3339
f 3559//3322 3576//3339 3560//3323
f 3560//3323 3576//3339 3577//3340
f 3560//3323 3577//3340 3561//3324
f 3578//3341 3579//3342 3563//3326
f 3578//3341 3563//3326 3566//3329
f 3579//3342 3580//3343 3567//3330
f 3579//3342 3567//3330 3563//3326
f 3580//3343 3581//3344 3570//3333
f 3580//3343 3570//3333 3567//3330
f 3581//3344 3582//3345 3571//3334
f 3581//3344 3571//3334 3570//3333
f 3582//3345 3583//3346 3574//3337
f 3582//3345 3574//3337 3571//3334
f 3574//3337 3583//3346 3575//3338
f 3574//3337 3575//3338 3559//3322
f 3576//3339 3575//3338 3584//3347
f 3576//3339 3584//3347 3585//3348
f 3577//3340 3576//3339 3585//3348
f 3577//3340 3585//3348 3586//3349
f 3579//3342 3578//3341 3587//3350
f 3579//3342 3587//3350 3588//3351
f 3580//3343 3579//3342 3588//3351
f 3580//3343 3588//3351 3589//3352
f 3580//3343 3589//3352 3590//3353
f 3580//3343 3590//3353 3581//3344
f 3590//3353 3591//3354 3582//3345
f 3590//3353 3582//3345 3581//3344
f 3582//3345 3591//3354 3592//3355
f 3582//3345 3592//3355 3583//3346
f 3583//3346 3592//3355 3584//3347
f 3583//3346 3584//3347 3575//3338
f 3585//3348 3584//3347 3593//3356
f 3585//3348 3593//3356 3594//3357
f 3586//3349 3585//3348 3594//3357
f 3586//3349 3594//3357 3595//3358
f 3588//3351 3587//3350 3596//3359
f 3588//3351 3596//3359 3597//3360
f 3589//3352 3588//3351 3597//3360
f 3589//3352 3597//3360 3598//3361
f 3589//3352 3598//3361 3599//3362
f 3589//3352 3599//3362 3590//3353
f 3599//3362 3600//3363 3591//3354
f 3599//3362 3591//3354 3590//3353
f 3592//3355 3591//3354 3600//3363
f 3592//3355 3600//3363 3601//3364
f 3593//3356 3584//3347 3592//3355
f 3593//3356 3592//3355 3601//3364
f 3602//3365 3594//3357 3593//3356
f 3602//3365 3593//3356 3603//3366
f 3604//3367 3595//3358 3594//3357
f 3604//3367 3594//3357 3602//3365
f 3596//3359 3605//3368 3606//3369
f 3596//3359 3606//3369 3597//3360
f 3597//3360 3606//3369 3607//3370
f 3597//3360 3607//3370 3598//3361
f 3599//3362 3598//3361 3607//3370
f 3599//3362 3607//3370 3608//3371
f 3608//3371 3609//3372 3600//3363
f 3608//3371 3600//3363 3599//3362
f 3601//3364 3600//3363 3609//3372
f 3601//3364 3609//3372 3610//3373
f 3603//3366 3593//3356 3601//3364
f 3603//3366 3601//3364 3610//3373
f 3603//3366 3611//3374 3612//3375
f 3603//3366 3612//3375 3602//3365
f 3602//3365 3612//3375 3613//3376
f 3602//3365 3613//3376 3604//3367
f 3614//3377 3606//3369 3605//3368
f 3614//3377 3605//3368 3615//3378
f 3616//3379 3607//3370 3606//3369
f 3616//3379 3606//3369 3614//3377
f 3608//3371 3607//3370 3616//3379
f 3608//3371 3616//3379 3617//3380
f 3609//3372 3608//3371 3617//3380
f 3609//3372 3617//3380 3618//3381
f 3610//3373 3609//3372 3618//3381
f 3610//3373 3618//3381 3619//3382
f 3610//3373 3619//3382 3611//3374
f 3610//3373 3611//3374 3603//3366
f 3611//3374 3620//3383 3621//3384
f 3611//3374 3621//3384 3612//3375
f 3612//3375 3621//3384 3622//3385
f 3612//3375 3622//3385 3613//3376
f 3623//3386 3614//3377 3615//3378
f 3623//3386 3615//3378 3624//3387
f 3616//3379 3614//3377 3623//3386
f 3616//3379 3623//3386 3625//3388
f 3617//3380 3616//3379 3625//3388
f 3617//3380 3625//3388 3626//3389
f 3618//3381 3617//3380 3626//3389
f 3618//3381 3626//3389 3627//3390
f 3618//3381 3627//3390 3628//3391
f 3618//3381 3628//3391 3619//3382
f 3619//3382 3628//3391 3620//3383
f 3619//3382 3620//3383 3611//3374
f 3620//3383 3629//3392 3630//3393
f 3620//3383 3630//3393 3621//3384
f 3621//3384 3630//3393 3631//3394
f 3621//3384 3631//3394 3622//3385
f 3624//3387 3632//3395 3633//3396
f 3624//3387 3633//3396 3623//3386
f 3625//3388 3623//3386 3633//3396
f 3625//3388 3633//3396 3634//3397
f 3626//3389 3625//3388 3634//3397
f 3626//3389 3634//3397 3635//3398
f 3627//3390 3626//3389 3635//3398
f 3627//3390 3635//3398 3636//3399
f 3628//3391 3627//3390 3636//3399
f 3628//3391 3636//3399 3637//3400
f 3628//3391 3637//3400 3629//3392
f 3628//3391 3629//3392 3620//3383
f 3629//3392 3638//3401 3639//3402
f 3629//3392 3639//3402 3630//3393
f 3630//3393 3639//3402 3640//3403
f 3630//3393 3640//3403 3631//3394
f 3632//3395 3641//3404 3642//3405
f 3632//3395 3642//3405 3633//3396
f 3643//3406 3634//3397 3633//3396
f 3643//3406 3633//3396 3642//3405
f 3635//3398 3634//3397 3643//3406
f 3635//3398 3643//3406 3644//3407
f 3644//3407 3645//3408 3636//3399
f 3644//3407 3636//3399 3635//3398
f 3637//3400 3636//3399 3645//3408
f 3637//3400 3645//3408 3646//3409
f 3638//3401 3629//3392 3637//3400
f 3638//3401 3637//3400 3646//3409
f 3647//3410 3639//3402 3638//3401
f 3647//3410 3638//3401 3648//3411
f 3649//3412 3640//3403 3639//3402
f 3649//3412 3639//3402 3647//3410
f 3641//3404 3650//3413 3651//3414
f 3641//3404 3651//3414 3642//3405
f 3642//3405 3651//3414 3652//3415
f 3642//3405 3652//3415 3643//3406
f 3644//3407 3643//3406 3652//3415
f 3644//3407 3652//3415 3653//3416
f 3645//3408 3644//3407 3653//3416
f 3645//3408 3653//3416 3654//3417
f 3655//3418 3646//3409 3645//3408
f 3655//3418 3645//3408 3654//3417
f 3646//3409 3655//3418 3648//3411
f 3646//3409 3648//3411 3638//3401
f 3656//3419 3647//3410 3648//3411
f 3656//3419 3648//3411 3657//3420
f 3658//3421 3649//3412 3647//3410
f 3658//3421 3647//3410 3656//3419
f 3659//3422 3651//3414 3650//3413
f 3659//3422 3650//3413 3660//3423
f 3659//3422 3661//3424 3652//3415
f 3659//3422 3652//3415 3651//3414
f 3662//3425 3653//3416 3652//3415
f 3662//3425 3652//3415 3661//3424
f 3663//3426 3654//3417 3653//3416
f 3663//3426 3653//3416 3662//3425
f 3664//3427 3655//3418 3654//3417
f 3664//3427 3654//3417 3663//3426
f 3664//3427 3657//3420 3648//3411
f 3664//3427 3648//3411 3655//3418
f 3665//3428 3656//3419 3657//3420
f 3665//3428 3657//3420 3666//3429
f 3667//3430 3658//3421 3656//3419
f 3667//3430 3656//3419 3665//3428
f 3659//3422 3660//3423 3668//3431
f 3659//3422 3668//3431 3669//3432
f 3659//3422 3669//3432 3670//3433
f 3659//3422 3670//3433 3661//3424
f 3671//3434 3662//3425 3661//3424
f 3671//3434 3661//3424 3670//3433
f 3671//3434 3672//3435 3663//3426
f 3671//3434 3663//3426 3662//3425
f 3663//3426 3672//3435 3673//3436
f 3663//3426 3673//3436 3664//3427
f 3666//3429 3657//3420 3664//3427
f 3666//3429 3664//3427 3673//3436
f 3665//3428 3666//3429 3674//3437
f 3665//3428 3674//3437 3675//3438
f 3665//3428 3675//3438 3676//3439
f 3665//3428 3676//3439 3667//3430
f 3668//3431 3677//3440 3678//3441
f 3668//3431 3678//3441 3669//3432
f 3669//3432 3678//3441 3679//3442
f 3669//3432 3679//3442 3670//3433
f 3670//3433 3679//3442 3680//3443
f 3670//3433 3680//3443 3671//3434
f 3672//3435 3671//3434 3680//3443
f 3672//3435 3680//3443 3681//3444
f 3682//3445 3673//3436 3672//3435
f 3682//3445 3672//3435 3681//3444
f 3674//3437 3666//3429 3673//3436
f 3674//3437 3673//3436 3682//3445
f 3675//3438 3674//3437 3683//3446
f 3675//3438 3683//3446 3684//3447
f 3676//3439 3675//3438 3684//3447
f 3676//3439 3684//3447 3685//3448
f 3678//3441 3677//3440 3686//3449
f 3678//3441 3686//3449 3687//3450
f 3679//3442 3678//3441 3687//3450
f 3679//3442 3687//3450 3688//3451
f 3679//3442 3688//3451 3689//3452
f 3679//3442 3689//3452 3680//3443
f 3689//3452 3690//3453 3681//3444
f 3689//3452 3681//3444 3680//3443
f 3691//3454 3682//3445 3681//3444
f 3691//3454 3681//3444 3690//3453
f 3683//3446 3674//3437 3682//3445
f 3683//3446 3682//3445 3691//3454
f 3684//3447 3683//3446 3692//3455
f 3684//3447 3692//3455 3693//3456
f 3685//3448 3684//3447 3693//3456
f 3685//3448 3693//3456 3694//3457
f 3687//3450 3686//3449 3695//3458
f 3687//3450 3695//3458 3696//3459
f 3688//3451 3687//3450 3696//3459
f 3688//3451 3696//3459 3697//3460
f 3698//3461 3689//3452 3688//3451
f 3698//3461 3688//3451 3697//3460
f 3698//3461 3699//3462 3690//3453
f 3698//3461 3690//3453 3689//3452
f 3691//3454 3690//3453 3699//3462
f 3691//3454 3699//3462 3700//3463
f 3691//3454 3700//3463 3692//3455
f 3691//3454 3692//3455 3683//3446
f 3692//3455 3701//3464 3702//3465
f 3692//3455 3702//3465 3693//3456
f 3693//3456 3702//3465 3703//3466
f 3693//3456 3703//3466 3694//3457
f 3704//3467 3696//3459 3695//3458
f 3704//3467 3695//3458 3705//3468
f 3706//3469 3697//3460 3696//3459
f 3706//3469 3696//3459 3704//3467
f 3698//3461 3697//3460 3706//3469
f 3698//3461 3706//3469 3707//3470
f 3707//3470 3708//3471 3699//3462
f 3707//3470 3699//3462 3698//3461
f 3700//3463 3699//3462 3708//3471
f 3700//3463 3708//3471 3709//3472
f 3700//3463 3709//3472 3701//3464
f 3700//3463 3701//3464 3692//3455
f 3701//3464 3710//3473 3711//3474
f 3701//3464 3711//3474 3702//3465
f 3702//3465 3711//3474 3712//3475
f 3702//3465 3712//3475 3703//3466
f 3705//3468 3713//3476 3714//3477
f 3705//3468 3714//3477 3704//3467
f 3704//3467 3714//3477 3715//3478
f 3704//3467 3715//3478 3706//3469
f 3707//3470 3706//3469 3715//3478
f 3707//3470 3715//3478 3716//3479
f 3708//3471 3707//3470 3716//3479
f 3708//3471 3716//3479 3717//3480
f 3709//3472 3708//3471 3717//3480
f 3709//3472 3717//3480 3718//3481
f 3709//3472 3718//3481 3710//3473
f 3709//3472 3710//3473 3701//3464
f 3710//3473 3719//3482 3720//3483
f 3710//3473 3720//3483 3711//3474
f 3721//3484 3712//3475 3711//3474
f 3721//3484 3711//3474 3720//3483
f 3722//3485 3714//3477 3713//3476
f 3722//3485 3713//3476 3723//3486
f 3715//3478 3714//3477 3722//3485
f 3715//3478 3722//3485 3724//3487
f 3716//3479 3715//3478 3724//3487
f 3716//3479 3724//3487 3725//3488
f 3717//3480 3716//3479 3725//3488
f 3717//3480 3725//3488 3726//3489
f 3726//3489 3727//3490 3718//3481
f 3726//3489 3718//3481 3717//3480
f 3718//3481 3727//3490 3719//3482
f 3718//3481 3719//3482 3710//3473
f 3728//3491 3729//3492 3730//3493
f 3728//3491 3730//3493 3731//3494
f 3731//3494 3732//3495 3733//3496
f 3731//3494 3733//3496 3728//3491
f 3734//3497 3735//3498 3736//3499
f 3734//3497 3736//3499 3737//3500
f 3735//3498 3734//3497 3738//3501
f 3735//3498 3738//3501 3739//3502
f 3738//3501 3740//3503 3741//3504
f 3738//3501 3741//3504 3739//3502
f 3742//3505 3743//3506 3741//3504
f 3742//3505 3741//3504 3740//3503
f 3744//3507 3743//3506 3742//3505
f 3744//3507 3742//3505 3745//3508
f 3730//3493 3729//3492 3744//3507
f 3730//3493 3744//3507 3745//3508
f 3730//3493 3746//3509 3747//3510
f 3730//3493 3747//3510 3731//3494
f 3731//3494 3747//3510 3748//3511
f 3731//3494 3748//3511 3732//3495
f 3749//3512 3750//3513 3734//3497
f 3749//3512 3734//3497 3737//3500
f 3738//3501 3734//3497 3750//3513
f 3738//3501 3750//3513 3751//3514
f 3751//3514 3752//3515 3740//3503
f 3751//3514 3740//3503 3738//3501
f 3752//3515 3753//3516 3742//3505
f 3752//3515 3742//3505 3740//3503
f 3753//3516 3754//3517 3745//3508
f 3753//3516 3745//3508 3742//3505
f 3745//3508 3754//3517 3746//3509
f 3745//3508 3746//3509 3730//3493
f 3747//3510 3746//3509 3755//3518
f 3747//3510 3755//3518 3756//3519
f 3748//3511 3747//3510 3756//3519
f 3748//3511 3756//3519 3757//3520
f 3750//3513 3749//3512 3758//3521
f 3750//3513 3758//3521 3759//3522
f 3751//3514 3750//3513 3759//3522
f 3751//3514 3759//3522 3760//3523
f 3751//3514 3760//3523 3761//3524
f 3751//3514 3761//3524 3752//3515
f 3761//3524 3762//3525 3753//3516
f 3761//3524 3753//3516 3752//3515
f 3753//3516 3762//3525 3763//3526
f 3753//3516 3763//3526 3754//3517
f 3755//3518 3746//3509 3754//3517
f 3755//3518 3754//3517 3763//3526
f 3756//3519 3755//3518 3764//3527
f 3756//3519 3764//3527 3765//3528
f 3757//3520 3756//3519 3765//3528
f 3757//3520 3765//3528 3766//3529
f 3759//3522 3758//3521 3767//3530
f 3759//3522 3767//3530 3768//3531
f 3759//3522 3768//3531 3769//3532
f 3759//3522 3769//3532 3760//3523
f 3760//3523 3769//3532 3770//3533
f 3760//3523 3770//3533 3761//3524
f 3770//3533 3771//3534 3762//3525
f 3770//3533 3762//3525 3761//3524
f 3763//3526 3762//3525 3771//3534
f 3763//3526 3771//3534 3772//3535
f 3764//3527 3755//3518 3763//3526
f 3764//3527 3763//3526 3772//3535
f 3765//3528 3764//3527 3773//3536
f 3765//3528 3773//3536 3774//3537
f 3766//3529 3765//3528 3774//3537
f 3766//3529 3774//3537 3775//3538
f 3767//3530 3776//3539 3777//3540
f 3767//3530 3777//3540 3768//3531
f 3768//3531 3777//3540 3778//3541
f 3768//3531 3778//3541 3769//3532
f 3769//3532 3778//3541 3779//3542
f 3769//3532 3779//3542 3770//3533
f 3779//3542 3780//3543 3771//3534
f 3779//3542 3771//3534 3770//3533
f 3772//3535 3771//3534 3780//3543
f 3772//3535 3780//3543 3781//3544
f 3773//3536 3764//3527 3772//3535
f 3773//3536 3772//3535 3781//3544
f 3773//3536 3782//3545 3783//3546
f 3773//3536 3783//3546 3774//3537
f 3774//3537 3783//3546 3784//3547
f 3774//3537 3784//3547 3775//3538
f 3785//3548 3777//3540 3776//3539
f 3785//3548 3776//3539 3786//3549
f 3787//3550 3778//3541 3777//3540
f 3787//3550 3777//3540 3785//3548
f 3779//3542 3778//3541 3787//3550
f 3779//3542 3787//3550 3788//3551
f 3780//3543 3779//3542 3788//3551
f 3780//3543 3788//3551 3789//3552
f 3781//3544 3780//3543 3789//3552
f 3781//3544 3789//3552 3790//3553
f 3781//3544 3790//3553 3782//3545
f 3781//3544 3782//3545 3773//3536
f 3782//3545 3791//3554 3792//3555
f 3782//3545 3792//3555 3783//3546
f 3783//3546 3792//3555 3793//3556
f 3783//3546 3793//3556 3784//3547
f 3794//3557 3785//3548 3786//3549
f 3794//3557 3786//3549 3795//3558
f 3787//3550 3785//3548 3794//3557
f 3787//3550 3794//3557 3796//3559
f 3788//3551 3787//3550 3796//3559
f 3788//3551 3796//3559 3797//3560
f 3789//3552 3788//3551 3797//3560
f 3789//3552 3797//3560 3798//3561
f 3789//3552 3798//3561 3799//3562
f 3789//3552 3799//3562 3790//3553
f 3790//3553 3799//3562 3791//3554
f 3790//3553 3791//3554 3782//3545
f 3791//3554 3800//3563 3801//3564
f 3791//3554 3801//3564 3792//3555
f 3792//3555 3801//3564 3802//3565
f 3792//3555 3802//3565 3793//3556
f 3794//3557 3795//3558 3803//3566
f 3794//3557 3803//3566 3804//3567
f 3796//3559 3794//3557 3804//3567
f 3796//3559 3804//3567 3805//3568
f 3797//3560 3796//3559 3805//3568
f 3797//3560 3805//3568 3806//3569
f 3798//3561 3797//3560 3806//3569
f 3798//3561 3806//3569 3807//3570
f 3799//3562 3798//3561 3807//3570
f 3799//3562 3807//3570 3808//3571
f 3799//3562 3808//3571 3800//3563
f 3799//3562 3800//3563 3791//3554
f 3800//3563 3809//3572 3810//3573
f 3800//3563 3810//3573 3801//3564
f 3801//3564 3810//3573 3811//3574
f 3801//3564 3811//3574 3802//3565
f 3803//3566 3812//3575 3813//3576
f 3803//3566 3813//3576 3804//3567
f 3814//3577 3805//3568 3804//3567
f 3814//3577 3804//3567 3813//3576
f 3806//3569 3805//3568 3814//3577
f 3806//3569 3814//3577 3815//3578
f 3815//3578 3816//3579 3807//3570
f 3815//3578 3807//3570 3806//3569
f 3808//3571 3807//3570 3816//3579
f 3808//3571 3816//3579 3817//3580
f 3809//3572 3800//3563 3808//3571
f 3809//3572 3808//3571 3817//3580
f 3818//3581 3810//3573 3809//3572
f 3818//3581 3809//3572 3819//3582
f 3820//3583 3811//3574 3810//3573
f 3820//3583 3810//3573 3818//3581
f 3812//3575 3821//3584 3822//3585
f 3812//3575 3822//3585 3813//3576
f 3823//3586 3814//3577 3813//3576
f 3823//3586 3813//3576 3822//3585
f 3815//3578 3814//3577 3823//3586
f 3815//3578 3823//3586 3824//3587
f 3816//3579 3815//3578 3824//3587
f 3816//3579 3824//3587 3825//3588
f 3825//3588 3826//3589 3817//3580
f 3825//3588 3817//3580 3816//3579
f 3817//3580 3826//3589 3819//3582
f 3817//3580 3819//3582 3809//3572
f 3827//3590 3818//3581 3819//3582
f 3827//3590 3819//3582 3828//3591
f 3829//3592 3820//3583 3818//3581
f 3829//3592 3818//3581 3827//3590
f 3830//3593 3822//3585 3821//3584
f 3830//3593 3821//3584 3831//3594
f 3830//3593 3832//3595 3823//3586
f 3830//3593 3823//3586 3822//3585
f 3833//3596 3824//3587 3823//3586
f 3833//3596 3823//3586 3832//3595
f 3834//3597 3825//3588 3824//3587
f 3834//3597 3824//3587 3833//3596
f 3835//3598 3826//3589 3825//3588
f 3835//3598 3825//3588 3834//3597
f 3835//3598 3828//3591 3819//3582
f 3835//3598 3819//3582 3826//3589
f 3828//3591 3836//3599 3837//3600
f 3828//3591 3837//3600 3827//3590
f 3838//3601 3829//3592 3827//3590
f 3838//3601 3827//3590 3837//3600
f 3830//3593 3831//3594 3839//3602
f 3830//3593 3839//3602 3840//3603
f 3830//3593 3840//3603 3841//3604
f 3830//3593 3841//3604 3832//3595
f 3842//3605 3833//3596 3832//3595
f 3842//3605 3832//3595 3841//3604
f 3842//3605 3843//3606 3834//3597
f 3842//3605 3834//3597 3833//3596
f 3844//3607 3835//3598 3834//3597
f 3844//3607 3834//3597 3843//3606
f 3836//3599 3828//3591 3835//3598
f 3836//3599 3835//3598 3844//3607
f 3837//3600 3836//3599 3845//3608
f 3837//3600 3845//3608 3846//3609
f 3838//3601 3837//3600 3846//3609
f 3838//3601 3846//3609 3847//3610
f 3840//3603 3839//3602 3848//3611
f 3840//3603 3848//3611 3849//3612
f 3840//3603 3849//3612 3850//3613
f 3840//3603 3850//3613 3841//3604
f 3841//3604 3850//3613 3851//3614
f 3841//3604 3851//3614 3842//3605
f 3843//3606 3842//3605 3851//3614
f 3843//3606 3851//3614 3852//3615
f 3853//3616 3844//3607 3843//3606
f 3853//3616 3843//3606 3852//3615
f 3845//3608 3836//3599 3844//3607
f 3845//3608 3844//3607 3853//3616
f 3846//3609 3845//3608 3854//3617
f 3846//3609 3854//3617 3855//3618
f 3847//3610 3846//3609 3855//3618
f 3847//3610 3855//3618 3856//3619
f 3849//3612 3848//3611 3857//3620
f 3849//3612 3857//3620 3858//3621
f 3850//3613 3849//3612 3858//3621
f 3850//3613 3858//3621 3859//3622
f 3860//3623 3851//3614 3850//3613
f 3860//3623 3850//3613 3859//3622
f 3860//3623 3861//3624 3852//3615
f 3860//3623 3852//3615 3851//3614
f 3852//3615 3861//3624 3862//3625
f 3852//3615 3862//3625 3853//3616
f 3853//3616 3862//3625 3854//3617
f 3853//3616 3854//3617 3845//3608
f 3854//3617 3863//3626 3864//3627
f 3854//3617 3864//3627 3855//3618
f 3856//3619 3855//3618 3864//3627
f 3856//3619 3864//3627 3865//3628
f 3858//3621 3857//3620 3866//3629
f 3858//3621 3866//3629 3867//3630
f 3859//3622 3858//3621 3867//3630
f 3859//3622 3867//3630 3868//3631
f 3860//3623 3859//3622 3868//3631
f 3860//3623 3868//3631 3869//3632
f 3869//3632 3870//3633 3861//3624
f 3869//3632 3861//3624 3860//3623
f 3862//3625 3861//3624 3870//3633
f 3862//3625 3870//3633 3871//3634
f 3862//3625 3871//3634 3863//3626
f 3862//3625 3863//3626 3854//3617
f 3863//3626 3872//3635 3873//3636
f 3863//3626 3873//3636 3864//3627
f 3864//3627 3873//3636 3874//3637
f 3864//3627 3874//3637 3865//3628
f 3866//3629 3875//3638 3876//3639
f 3866//3629 3876//3639 3867//3630
f 3867//3630 3876//3639 3877//3640
f 3867//3630 3877//3640 3868//3631
f 3869//3632 3868//3631 3877//3640
f 3869//3632 3877//3640 3878//3641
f 3878//3641 3879//3642 3870//3633
f 3878//3641 3870//3633 3869//3632
f 3871//3634 3870//3633 3879//3642
f 3871//3634 3879//3642 3880//3643
f 3871//3634 3880//3643 3872//3635
f 3871//3634 3872//3635 3863//3626
f 3872//3635 3881//3644 3882//3645
f 3872//3635 3882//3645 3873//3636
f 3873//3636 3882//3645 3883//3646
f 3873//3636 3883//3646 3874//3637
f 3875//3638 3884//3647 3885//3648
f 3875//3638 3885//3648 3876//3639
f 3876//3639 3885//3648 3886//3649
f 3876//3639 3886//3649 3877//3640
f 3878//3641 3877//3640 3886//3649
f 3878//3641 3886//3649 3887//3650
f 3879//3642 3878//3641 3887//3650
f 3879//3642 3887//3650 3888//3651
f 3880//3643 3879//3642 3888//3651
f 3880//3643 3888//3651 3889//3652
f 3880//3643 3889//3652 3881//3644
f 3880//3643 3881//3644 3872//3635
f 3881//3644 3890//3653 3891//3654
f 3881//3644 3891//3654 3882//3645
f 3892//3655 3883//3646 3882//3645
f 3892//3655 3882//3645 3891//3654
f 3893//3656 3885//3648 3884//3647
f 3893//3656 3884//3647 3894//3657
f 3886//3649 3885//3648 3893//3656
f 3886//3649 3893//3656 3895//3658
f 3887//3650 3886//3649 3895//3658
f 3887//3650 3895//3658 3896//3659
f 3888//3651 3887//3650 3896//3659
f 3888//3651 3896//3659 3897//3660
f 3897//3660 3898//3661 3889//3652
f 3897//3660 3889//3652 3888//3651
f 3889//3652 3898//3661 3890//3653
f 3889//3652 3890//3653 3881//3644
f 3899//3662 3900//3663 3901//3664
f 3899//3662 3901//3664 3902//3665
f 3902//3665 3903//3666 3904//3667
f 3902//3665 3904//3667 3899//3662
f 3905//3668 3906//3669 3907//3670
f 3905//3668 3907//3670 3908//3671
f 3906//3669 3905//3668 3909//3672
f 3906//3669 3909//3672 3910//3673
f 3911//3674 3910//3673 3909//3672
f 3911//3674 3909//3672 3912//3675
f 3913//3676 3914//3677 3911//3674
f 3913//3676 3911//3674 3912//3675
f 3915//3678 3914//3677 3913//3676
f 3915//3678 3913//3676 3916//3679
f 3901//3664 3900//3663 3915//3678
f 3901//3664 3915//3678 3916//3679
f 3917//3680 3902//3665 3901//3664
f 3917//3680 3901//3664 3918//3681
f 3902//3665 3917//3680 3919//3682
f 3902//3665 3919//3682 3903//3666
f 3920//3683 3921//3684 3905//3668
f 3920//3683 3905//3668 3908//3671
f 3921//3684 3922//3685 3909//3672
f 3921//3684 3909//3672 3905//3668
f 3922//3685 3923//3686 3912//3675
f 3922//3685 3912//3675 3909//3672
f 3923//3686 3924//3687 3913//3676
f 3923//3686 3913//3676 3912//3675
f 3924//3687 3925//3688 3916//3679
f 3924//3687 3916//3679 3913//3676
f 3916//3679 3925//3688 3918//3681
f 3916//3679 3918//3681 3901//3664
f 3917//3680 3918//3681 3926//3689
f 3917//3680 3926//3689 3927//3690
f 3919//3682 3917//3680 3927//3690
f 3919//3682 3927//3690 3928//3691
f 3921//3684 3920//3683 3929//3692
f 3921//3684 3929//3692 3930//3693
f 3922//3685 3921//3684 3930//3693
f 3922//3685 3930//3693 3931//3694
f 3922//3685 3931//3694 3932//3695
f 3922//3685 3932//3695 3923//3686
f 3932//3695 3933//3696 3924//3687
f 3932//3695 3924//3687 3923//3686
f 3924//3687 3933//3696 3934//3697
f 3924//3687 3934//3697 3925//3688
f 3926//3689 3918//3681 3925//3688
f 3926//3689 3925//3688 3934//3697
f 3927//3690 3926//3689 3935//3698
f 3927//3690 3935//3698 3936//3699
f 3928//3691 3927//3690 3936//3699
f 3928//3691 3936//3699 3937//3700
f 3930//3693 3929//3692 3938//3701
f 3930//3693 3938//3701 3939//3702
f 3931//3694 3930//3693 3939//3702
f 3931//3694 3939//3702 3940//3703
f 3931//3694 3940//3703 3941//3704
f 3931//3694 3941//3704 3932//3695
f 3941//3704 3942//3705 3933//3696
f 3941//3704 3933//3696 3932//3695
f 3934//3697 3933//3696 3942//3705
f 3934//3697 3942//3705 3943//3706
f 3935//3698 3926//3689 3934//3697
f 3935//3698 3934//3697 3943//3706
f 3935//3698 3944//3707 3945//3708
f 3935//3698 3945//3708 3936//3699
f 3936//3699 3945//3708 3946//3709
f 3936//3699 3946//3709 3937//3700
f 3938//3701 3947//3710 3948//3711
f 3938//3701 3948//3711 3939//3702
f 3949//3712 3940//3703 3939//3702
f 3949//3712 3939//3702 3948//3711
f 3941//3704 3940//3703 3949//3712
f 3941//3704 3949//3712 3950//3713
f 3942//3705 3941//3704 3950//3713
f 3942//3705 3950//3713 3951//3714
f 3943//3706 3942//3705 3951//3714
f 3943//3706 3951//3714 3952//3715
f 3943//3706 3952//3715 3944//3707
f 3943//3706 3944//3707 3935//3698
f 3944//3707 3953//3716 3954//3717
f 3944//3707 3954//3717 3945//3708
f 3945//3708 3954//3717 3955//3718
f 3945//3708 3955//3718 3946//3709
f 3947//3710 3956//3719 3957//3720
f 3947//3710 3957//3720 3948//3711
f 3948//3711 3957//3720 3958//3721
f 3948//3711 3958//3721 3949//3712
f 3950//3713 3949//3712 3958//3721
f 3950//3713 3958//3721 3959//3722
f 3951//3714 3950//3713 3959//3722
f 3951//3714 3959//3722 3960//3723
f 3951//3714 3960//3723 3961//3724
f 3951//3714 3961//3724 3952//3715
f 3952//3715 3961//3724 3953//3716
f 3952//3715 3953//3716 3944//3707
f 3953//3716 3962//3725 3963//3726
f 3953//3716 3963//3726 3954//3717
f 3954//3717 3963//3726 3964//3727
f 3954//3717 3964//3727 3955//3718
f 3957//3720 3956//3719 3965//3728
f 3957//3720 3965//3728 3966//3729
f 3958//3721 3957//3720 3966//3729
f 3958//3721 3966//3729 3967//3730
f 3959//3722 3958//3721 3967//3730
f 3959//3722 3967//3730 3968//3731
f 3960//3723 3959//3722 3968//3731
f 3960//3723 3968//3731 3969//3732
f 3960//3723 3969//3732 3970//3733
f 3960//3723 3970//3733 3961//3724
f 3961//3724 3970//3733 3962//3725
f 3961//3724 3962//3725 3953//3716
f 3962//3725 3971//3734 3972//3735
f 3962//3725 3972//3735 3963//3726
f 3963//3726 3972//3735 3973//3736
f 3963//3726 3973//3736 3964//3727
f 3965//3728 3974//3737 3975//3738
f 3965//3728 3975//3738 3966//3729
f 3967//3730 3966//3729 3975//3738
f 3967//3730 3975//3738 3976//3739
f 3968//3731 3967//3730 3976//3739
f 3968//3731 3976//3739 3977//3740
f 3969//3732 3968//3731 3977//3740
f 3969//3732 3977//3740 3978//3741
f 3970//3733 3969//3732 3978//3741
f 3970//3733 3978//3741 3979//3742
f 3970//3733 3979//3742 3971//3734
f 3970//3733 3971//3734 3962//3725
f 3971//3734 3980//3743 3981//3744
f 3971//3734 3981//3744 3972//3735
f 3972//3735 3981//3744 3982//3745
f 3972//3735 3982//3745 3973//3736
f 3974//3737 3983//3746 3984//3747
f 3974//3737 3984//3747 3975//3738
f 3975//3738 3984//3747 3985//3748
f 3975//3738 3985//3748 3976//3739
f 3977//3740 3976//3739 3985//3748
f 3977//3740 3985//3748 3986//3749
f 3986//3749 3987//3750 3978//3741
f 3986//3749 3978//3741 3977//3740
f 3979//3742 3978//3741 3987//3750
f 3979//3742 3987//3750 3988//3751
f 3979//3742 3988//3751 3980//3743
f 3979//3742 3980//3743 3971//3734
f 3980//3743 3989//3752 3990//3753
f 3980//3743 3990//3753 3981//3744
f 3991//3754 3982//3745 3981//3744
f 3991//3754 3981//3744 3990//3753
f 3983//3746 3992//3755 3993//3756
f 3983//3746 3993//3756 3984//3747
f 3993//3756 3994//3757 3985//3748
f 3993//3756 3985//3748 3984//3747
f 3986//3749 3985//3748 3994//3757
f 3986//3749 3994//3757 3995//3758
f 3987//3750 3986//3749 3995//3758
f 3987//3750 3995//3758 3996//3759
f 3997//3760 3988//3751 3987//3750
f 3997//3760 3987//3750 3996//3759
f 3989//3752 3980//3743 3988//3751
f 3989//3752 3988//3751 3997//3760
f 3998//3761 3990//3753 3989//3752
f 3998//3761 3989//3752 3999//3762
f 3990//3753 3998//3761 4000//3763
f 3990//3753 4000//3763 3991//3754
f 4001//3764 3993//3756 3992//3755
f 4001//3764 3992//3755 4002//3765
f 4001//3764 4003//3766 3994//3757
f 4001//3764 3994//3757 3993//3756
f 4004//3767 3995//3758 3994//3757
f 4004//3767 3994//3757 4003//3766
f 4005//3768 3996//3759 3995//3758
f 4005//3768 3995//3758 4004//3767
f 3996//3759 4005//3768 4006//3769
f 3996//3759 4006//3769 3997//3760
f 4006//3769 3999//3762 3989//3752
f 4006//3769 3989//3752 3997//3760
f 3999//3762 4007//3770 4008//3771
f 3999//3762 4008//3771 3998//3761
f 4000//3763 3998//3761 4008//3771
f 4000//3763 4008//3771 4009//3772
f 4001//3764 4002//3765 4010//3773
f 4001//3764 4010//3773 4011//3774
f 4001//3764 4011//3774 4012//3775
f 4001//3764 4012//3775 4003//3766
f 4003//3766 4012//3775 4013//3776
f 4003//3766 4013//3776 4004//3767
f 4013//3776 4014//3777 4005//3768
f 4013//3776 4005//3768 4004//3767
f 4005//3768 4014//3777 4015//3778
f 4005//3768 4015//3778 4006//3769
f 4007//3770 3999//3762 4006//3769
f 4007//3770 4006//3769 4015//3778
f 4007//3770 4016//3779 4017//3780
f 4007//3770 4017//3780 4008//3771
f 4009//3772 4008//3771 4017//3780
f 4009//3772 4017//3780 4018//3781
f 4011//3774 4010//3773 4019//3782
f 4011//3774 4019//3782 4020//3783
f 4011//3774 4020//3783 4021//3784
f 4011//3774 4021//3784 4012//3775
f 4012//3775 4021//3784 4022//3785
f 4012//3775 4022//3785 4013//3776
f 4022//3785 4023//3786 4014//3777
f 4022//3785 4014//3777 4013//3776
f 4014//3777 4023//3786 4024//3787
f 4014//3777 4024//3787 4015//3778
f 4015//3778 4024//3787 4016//3779
f 4015//3778 4016//3779 4007//3770
f 4017//3780 4016//3779 4025//3788
f 4017//3780 4025//3788 4026//3789
f 4018//3781 4017//3780 4026//3789
f 4018//3781 4026//3789 4027//3790
f 4020//3783 4019//3782 4028//3791
f 4020//3783 4028//3791 4029//3792
f 4020//3783 4029//3792 4030//3793
f 4020//3783 4030//3793 4021//3784
f 4021//3784 4030//3793 4031//3794
f 4021//3784 4031//3794 4022//3785
f 4031//3794 4032//3795 4023//3786
f 4031//3794 4023//3786 4022//3785
f 4024//3787 4023//3786 4032//3795
f 4024//3787 4032//3795 4033//3796
f 4025//3788 4016//3779 4024//3787
f 4025//3788 4024//3787 4033//3796
f 4025//3788 4034//3797 4035//3798
f 4025//3788 4035//3798 4026//3789
f 4026//3789 4035//3798 4036//3799
f 4026//3789 4036//3799 4027//3790
f 4028//3791 4037//3800 4038//3801
f 4028//3791 4038//3801 4029//3792
f 4030//3793 4029//3792 4038//3801
f 4030//3793 4038//3801 4039//3802
f 4031//3794 4030//3793 4039//3802
f 4031//3794 4039//3802 4040//3803
f 4040//3803 4041//3804 4032//3795
f 4040//3803 4032//3795 4031//3794
f 4033//3796 4032//3795 4041//3804
f 4033//3796 4041//3804 4042//3805
f 4033//3796 4042//3805 4034//3797
f 4033//3796 4034//3797 4025//3788
f 4034//3797 4043//3806 4044//3807
f 4034//3797 4044//3807 4035//3798
f 4035//3798 4044//3807 4045//3808
f 4035//3798 4045//3808 4036//3799
f 4038//3801 4037//3800 4046//3809
f 4038//3801 4046//3809 4047//3810
f 4039//3802 4038//3801 4047//3810
f 4039//3802 4047//3810 4048//3811
f 4040//3803 4039//3802 4048//3811
f 4040//3803 4048//3811 4049//3812
f 4041//3804 4040//3803 4049//3812
f 4041//3804 4049//3812 4050//3813
f 4042//3805 4041//3804 4050//3813
f 4042//3805 4050//3813 4051//3814
f 4042//3805 4051//3814 4043//3806
f 4042//3805 4043//3806 4034//3797
f 4043//3806 4052//3815 4053//3816
f 4043//3806 4053//3816 4044//3807
f 4044//3807 4053//3816 4054//3817
f 4044//3807 4054//3817 4045//3808
f 4046//3809 4055//3818 4056//3819
f 4046//3809 4056//3819 4047//3810
f 4048//3811 4047//3810 4056//3819
f 4048//3811 4056//3819 4057//3820
f 4049//3812 4048//3811 4057//3820
f 4049//3812 4057//3820 4058//3821
f 4050//3813 4049//3812 4058//3821
f 4050//3813 4058//3821 4059//3822
f 4051//3814 4050//3813 4059//3822
f 4051//3814 4059//3822 4060//3823
f 4051//3814 4060//3823 4052//3815
f 4051//3814 4052//3815 4043//3806
f 4052//3815 4061//3824 4062//3825
f 4052//3815 4062//3825 4053//3816
f 4063//3826 4054//3817 4053//3816
f 4063//3826 4053//3816 4062//3825
f 4064//3827 4056//3819 4055//3818
f 4064//3827 4055//3818 4065//3828
f 4057//3820 4056//3819 4064//3827
f 4057//3820 4064//3827 4066//3829
f 4058//3821 4057//3820 4066//3829
f 4058//3821 4066//3829 4067//3830
f 4059//3822 4058//3821 4067//3830
f 4059//3822 4067//3830 4068//3831
f 4069//3832 4060//3823 4059//3822
f 4069//3832 4059//3822 4068//3831
f 4060//3823 4069//3832 4061//3824
f 4060//3823 4061//3824 4052//3815
f 4070//3833 4071//3834 4072//3835
f 4070//3833 4072//3835 4073//3836
f 4070//3833 4073//3836 4074//3837
f 4070//3833 4074//3837 4075//3838
f 4076//3839 4077//3840 4078//3841
f 4076//3839 4078//3841 4079//3842
f 4077//3840 4076//3839 4080//3843
f 4077//3840 4080//3843 4081//3844
f 4080//3843 4082//3845 4083//3846
f 4080//3843 4083//3846 4081//3844
f 4084//3847 4085//3848 4083//3846
f 4084//3847 4083//3846 4082//3845
f 4086//3849 4085//3848 4084//3847
f 4086//3849 4084//3847 4087//3850
f 4072//3835 4071//3834 4086//3849
f 4072//3835 4086//3849 4087//3850
f 4088//3851 4073//3836 4072//3835
f 4088//3851 4072//3835 4089//3852
f 4073//3836 4088//3851 4090//3853
f 4073//3836 4090//3853 4074//3837
f 4091//3854 4092//3855 4076//3839
f 4091//3854 4076//3839 4079//3842
f 4080//3843 4076//3839 4092//3855
f 4080//3843 4092//3855 4093//3856
f 4093//3856 4094//3857 4082//3845
f 4093//3856 4082//3845 4080//3843
f 4094//3857 4095//3858 4084//3847
f 4094//3857 4084//3847 4082//3845
f 4096//3859 4087//3850 4084//3847
f 4096//3859 4084//3847 4095//3858
f 4087//3850 4096//3859 4089//3852
f 4087//3850 4089//3852 4072//3835
f 4088//3851 4089//3852 4097//3860
f 4088//3851 4097//3860 4098//3861
f 4090//3853 4088//3851 4098//3861
f 4090//3853 4098//3861 4099//3862
f 4092//3855 4091//3854 4100//3863
f 4092//3855 4100//3863 4101//3864
f 4092//3855 4101//3864 4102//3865
f 4092//3855 4102//3865 4093//3856
f 4093//3856 4102//3865 4103//3866
f 4093//3856 4103//3866 4094//3857
f 4103//3866 4104//3867 4095//3858
f 4103//3866 4095//3858 4094//3857
f 4095//3858 4104//3867 4105//3868
f 4095//3858 4105//3868 4096//3859
f 4097//3860 4089//3852 4096//3859
f 4097//3860 4096//3859 4105//3868
f 4098//3861 4097//3860 4106//3869
f 4098//3861 4106//3869 4107//3870
f 4098//3861 4107//3870 4108//3871
f 4098//3861 4108//3871 4099//3862
f 4100//3863 4109//3872 4110//3873
f 4100//3863 4110//3873 4101//3864
f 4101//3864 4110//3873 4111//3874
f 4101//3864 4111//3874 4102//3865
f 4102//3865 4111//3874 4112//3875
f 4102//3865 4112//3875 4103//3866
f 4112//3875 4113//3876 4104//3867
f 4112//3875 4104//3867 4103//3866
f 4104//3867 4113//3876 4114//3877
f 4104//3867 4114//3877 4105//3868
f 4106//3869 4097//3860 4105//3868
f 4106//3869 4105//3868 4114//3877
f 4106//3869 4115//3878 4116//3879
f 4106//3869 4116//3879 4107//3870
f 4108//3871 4107//3870 4116//3879
f 4108//3871 4116//3879 4117//3880
f 4109//3872 4118//3881 4119//3882
f 4109//3872 4119//3882 4110//3873
f 4110//3873 4119//3882 4120//3883
f 4110//3873 4120//3883 4111//3874
f 4111//3874 4120//3883 4121//3884
f 4111//3874 4121//3884 4112//3875
f 4121//3884 4122//3885 4113//3876
f 4121//3884 4113//3876 4112//3875
f 4114//3877 4113//3876 4122//3885
f 4114//3877 4122//3885 4123//3886
f 4114//3877 4123//3886 4115//3878
f 4114//3877 4115//3878 4106//3869
f 4115//3878 4124//3887 4125//3888
f 4115//3878 4125//3888 4116//3879
f 4116//3879 4125//3888 4126//3889
f 4116//3879 4126//3889 4117//3880
f 4118//3881 4127//3890 4128//3891
f 4118//3881 4128//3891 4119//3882
f 4119//3882 4128//3891 4129//3892
f 4119//3882 4129//3892 4120//3883
f 4120//3883 4129//3892 4130//3893
f 4120//3883 4130//3893 4121//3884
f 4130//3893 4131//3894 4122//3885
f 4130//3893 4122//3885 4121//3884
f 4123//3886 4122//3885 4131//3894
f 4123//3886 4131//3894 4132//3895
f 4123//3886 4132//3895 4124//3887
f 4123//3886 4124//3887 4115//3878
f 4124//3887 4133//3896 4134//3897
f 4124//3887 4134//3897 4125//3888
f 4125//3888 4134//3897 4135//3898
f 4125//3888 4135//3898 4126//3889
f 4136//3899 4128//3891 4127//3890
f 4136//3899 4127//3890 4137//3900
f 4129//3892 4128//3891 4136//3899
f 4129//3892 4136//3899 4138//3901
f 4130//3893 4129//3892 4138//3901
f 4130//3893 4138//3901 4139//3902
f 4131//3894 4130//3893 4139//3902
f 4131//3894 4139//3902 4140//3903
f 4132//3895 4131//3894 4140//3903
f 4132//3895 4140//3903 4141//3904
f 4132//3895 4141//3904 4133//3896
f 4132//3895 4133//3896 4124//3887
f 4133//3896 4142//3905 4143//3906
f 4133//3896 4143//3906 4134//3897
f 4134//3897 4143//3906 4144//3907
f 4134//3897 4144//3907 4135//3898
f 4145//3908 4136//3899 4137//3900
f 4145//3908 4137//3900 4146//3909
f 4138//3901 4136//3899 4145//3908
f 4138//3901 4145//3908 4147//3910
f 4139//3902 4138//3901 4147//3910
f 4139//3902 4147//3910 4148//3911
f 4148//3911 4149//3912 4140//3903
f 4148//3911 4140//3903 4139//3902
f 4141//3904 4140//3903 4149//3912
f 4141//3904 4149//3912 4150//3913
f 4141//3904 4150//3913 4142//3905
f 4141//3904 4142//3905 4133//3896
f 4142//3905 4151//3914 4152//3915
f 4142//3905 4152//3915 4143//3906
f 4143//3906 4152//3915 4153//3916
f 4143//3906 4153//3916 4144//3907
f 4146//3909 4154//3917 4155//3918
f 4146//3909 4155//3918 4145//3908
f 4156//3919 4147//3910 4145//3908
f 4156//3919 4145//3908 4155//3918
f 4148//3911 4147//3910 4156//3919
f 4148//3911 4156//3919 4157//3920
f 4157//3920 4158//3921 4149//3912
f 4157//3920 4149//3912 4148//3911
f 4150//3913 4149//3912 4158//3921
f 4150//3913 4158//3921 4159//3922
f 4151//3914 4142//3905 4150//3913
f 4151//3914 4150//3913 4159//3922
f 4151//3914 4160//3923 4161//3924
f 4151//3914 4161//3924 4152//3915
f 4162//3925 4153//3916 4152//3915
f 4162//3925 4152//3915 4161//3924
f 4154//3917 4163//3926 4164//3927
f 4154//3917 4164//3927 4155//3918
f 4164//3927 4165//3928 4156//3919
f 4164//3927 4156//3919 4155//3918
f 4157//3920 4156//3919 4165//3928
f 4157//3920 4165//3928 4166//3929
f 4158//3921 4157//3920 4166//3929
f 4158//3921 4166//3929 4167//3930
f 4168//3931 4159//3922 4158//3921
f 4168//3931 4158//3921 4167//3930
f 4168//3931 4160//3923 4151//3914
f 4168//3931 4151//3914 4159//3922
f 4169//3932 4161//3924 4160//3923
f 4169//3932 4160//3923 4170//3933
f 4161//3924 4169//3932 4171//3934
f 4161//3924 4171//3934 4162//3925
f 4172//3935 4164//3927 4163//3926
f 4172//3935 4163//3926 4173//3936
f 4172//3935 4174//3937 4165//3928
f 4172//3935 4165//3928 4164//3927
f 4175//3938 4166//3929 4165//3928
f 4175//3938 4165//3928 4174//3937
f 4176//3939 4167//3930 4166//3929
f 4176//3939 4166//3929 4175//3938
f 4167//3930 4176//3939 4177//3940
f 4167//3930 4177//3940 4168//3931
f 4177//3940 4170//3933 4160//3923
f 4177//3940 4160//3923 4168//3931
f 4170//3933 4178//3941 4179//3942
f 4170//3933 4179//3942 4169//3932
f 4171//3934 4169//3932 4179//3942
f 4171//3934 4179//3942 4180//3943
f 4172//3935 4173//3936 4181//3944
f 4172//3935 4181//3944 4182//3945
f 4172//3935 4182//3945 4183//3946
f 4172//3935 4183//3946 4174//3937
f 4174//3937 4183//3946 4184//3947
f 4174//3937 4184//3947 4175//3938
f 4184//3947 4185//3948 4176//3939
f 4184//3947 4176//3939 4175//3938
f 4186//3949 4177//3940 4176//3939
f 4186//3949 4176//3939 4185//3948
f 4178//3941 4170//3933 4177//3940
f 4178//3941 4177//3940 4186//3949
f 4178//3941 4187//3950 4188//3951
f 4178//3941 4188//3951 4179//3942
f 4180//3943 4179//3942 4188//3951
f 4180//3943 4188//3951 4189//3952
f 4182//3945 4181//3944 4190//3953
f 4182//3945 4190//3953 4191//3954
f 4183//3946 4182//3945 4191//3954
f 4183//3946 4191//3954 4192//3955
f 4183//3946 4192//3955 4193//3956
f 4183//3946 4193//3956 4184//3947
f 4193//3956 4194//3957 4185//3948
f 4193//3956 4185//3948 4184//3947
f 4185//3948 4194//3957 4195//3958
f 4185//3948 4195//3958 4186//3949
f 4186//3949 4195//3958 4187//3950
f 4186//3949 4187//3950 4178//3941
f 4188//3951 4187//3950 4196//3959
f 4188//3951 4196//3959 4197//3960
f 4189//3952 4188//3951 4197//3960
f 4189//3952 4197//3960 4198//3961
f 4191//3954 4190//3953 4199//3962
f 4191//3954 4199//3962 4200//3963
f 4191//3954 4200//3963 4201//3964
f 4191//3954 4201//3964 4192//3955
f 4192//3955 4201//3964 4202//3965
f 4192//3955 4202//3965 4193//3956
f 4202//3965 4203//3966 4194//3957
f 4202//3965 4194//3957 4193//3956
f 4195//3958 4194//3957 4203//3966
f 4195//3958 4203//3966 4204//3967
f 4196//3959 4187//3950 4195//3958
f 4196//3959 4195//3958 4204//3967
f 4196//3959 4205//3968 4206//3969
f 4196//3959 4206//3969 4197//3960
f 4197//3960 4206//3969 4207//3970
f 4197//3960 4207//3970 4198//3961
f 4199//3962 4208//3971 4209//3972
f 4199//3962 4209//3972 4200//3963
f 4201//3964 4200//3963 4209//3972
f 4201//3964 4209//3972 4210//3973
f 4202//3965 4201//3964 4210//3973
f 4202//3965 4210//3973 4211//3974
f 4211//3974 4212//3975 4203//3966
f 4211//3974 4203//3966 4202//3965
f 4203//3966 4212//3975 4213//3976
f 4203//3966 4213//3976 4204//3967
f 4204//3967 4213//3976 4205//3968
f 4204//3967 4205//3968 4196//3959
f 4205//3968 4214//3977 4215//3978
f 4205//3968 4215//3978 4206//3969
f 4206//3969 4215//3978 4216//3979
f 4206//3969 4216//3979 4207//3970
f 4209//3972 4208//3971 4217//3980
f 4209//3972 4217//3980 4218//3981
f 4210//3973 4209//3972 4218//3981
f 4210//3973 4218//3981 4219//3982
f 4211//3974 4210//3973 4219//3982
f 4211//3974 4219//3982 4220//3983
f 4220//3983 4221//3984 4212//3975
f 4220//3983 4212//3975 4211//3974
f 4213//3976 4212//3975 4221//3984
f 4213//3976 4221//3984 4222//3985
f 4213//3976 4222//3985 4214//3977
f 4213//3976 4214//3977 4205//3968
f 4214//3977 4223//3986 4224//3987
f 4214//3977 4224//3987 4215//3978
f 4215//3978 4224//3987 4225//3988
f 4215//3978 4225//3988 4216//3979
f 4217//3980 4226//3989 4227//3990
f 4217//3980 4227//3990 4218//3981
f 4219//3982 4218//3981 4227//3990
f 4219//3982 4227//3990 4228//3991
f 4220//3983 4219//3982 4228//3991
f 4220//3983 4228//3991 4229//3992
f 4221//3984 4220//3983 4229//3992
f 4221//3984 4229//3992 4230//3993
f 4222//3985 4221//3984 4230//3993
f 4222//3985 4230//3993 4231//3994
f 4222//3985 4231//3994 4223//3986
f 4222//3985 4223//3986 4214//3977
f 4223//3986 4232//3995 4233//3996
f 4223//3986 4233//3996 4224//3987
f 4234//3997 4225//3988 4224//3987
f 4234//3997 4224//3987 4233//3996
f 4235//3998 4227//3990 4226//3989
f 4235//3998 4226//3989 4236//3999
f 4228//3991 4227//3990 4235//3998
f 4228//3991 4235//3998 4237//4000
f 4229//3992 4228//3991 4237//4000
f 4229//3992 4237//4000 4238//4001
f 4230//3993 4229//3992 4238//4001
f 4230//3993 4238//4001 4239//4002
f 4239//4002 4240//4003 4231//3994
f 4239//4002 4231//3994 4230//3993
f 4231//3994 4240//4003 4232//3995
f 4231//3994 4232//3995 4223//3986
f 4241//4004 4242//4005 4243//4006
f 4241//4004 4243//4006 4244//4007
f 4244//4007 4245//4008 4246//4009
f 4244//4007 4246//4009 4241//4004
f 4247//4010 4248//4011 4249//4012
f 4247//4010 4249//4012 4250//4013
f 4248//4011 4247//4010 4251//4014
f 4248//4011 4251//4014 4252//4015
f 4251//4014 4253//4016 4254//4017
f 4251//4014 4254//4017 4252//4015
f 4255//4018 4256//4019 4254//4017
f 4255//4018 4254//4017 4253//4016
f 4257//4020 4256//4019 4255//4018
f 4257//4020 4255//4018 4258//4021
f 4243//4006 4242//4005 4257//4020
f 4243//4006 4257//4020 4258//4021
f 4259//4022 4244//4007 4243//4006
f 4259//4022 4243//4006 4260//4023
f 4244//4007 4259//4022 4261//4024
f 4244//4007 4261//4024 4245//4008
f 4262//4025 4263//4026 4247//4010
f 4262//4025 4247//4010 4250//4013
f 4251//4014 4247//4010 4263//4026
f 4251//4014 4263//4026 4264//4027
f 4264//4027 4265//4028 4253//4016
f 4264//4027 4253//4016 4251//4014
f 4265//4028 4266//4029 4255//4018
f 4265//4028 4255//4018 4253//4016
f 4267//4030 4258//4021 4255//4018
f 4267//4030 4255//4018 4266//4029
f 4260//4023 4243//4006 4258//4021
f 4260//4023 4258//4021 4267//4030
f 4259//4022 4260//4023 4268//4031
f 4259//4022 4268//4031 4269//4032
f 4261//4024 4259//4022 4269//4032
f 4261//4024 4269//4032 4270//4033
f 4263//4026 4262//4025 4271//4034
f 4263//4026 4271//4034 4272//4035
f 4264//4027 4263//4026 4272//4035
f 4264//4027 4272//4035 4273//4036
f 4264//4027 4273//4036 4274//4037
f 4264//4027 4274//4037 4265//4028
f 4274//4037 4275//4038 4266//4029
f 4274//4037 4266//4029 4265//4028
f 4267//4030 4266//4029 4275//4038
f 4267//4030 4275//4038 4276//4039
f 4268//4031 4260//4023 4267//4030
f 4268//4031 4267//4030 4276//4039
f 4268//4031 4277//4040 4278//4041
f 4268//4031 4278//4041 4269//4032
f 4269//4032 4278//4041 4279//4042
f 4269//4032 4279//4042 4270//4033
f 4271//4034 4280//4043 4281//4044
f 4271//4034 4281//4044 4272//4035
f 4272//4035 4281//4044 4282//4045
f 4272//4035 4282//4045 4273//4036
f 4273//4036 4282//4045 4283//4046
f 4273//4036 4283//4046 4274//4037
f 4283//4046 4284//4047 4275//4038
f 4283//4046 4275//4038 4274//4037
f 4275//4038 4284//4047 4285//4048
f 4275//4038 4285//4048 4276//4039
f 4276//4039 4285//4048 4277//4040
f 4276//4039 4277//4040 4268//4031
f 4277//4040 4286//4049 4287//4050
f 4277//4040 4287//4050 4278//4041
f 4279//4042 4278//4041 4287//4050
f 4279//4042 4287//4050 4288//4051
f 4281//4044 4280//4043 4289//4052
f 4281//4044 4289//4052 4290//4053
f 4282//4045 4281//4044 4290//4053
f 4282//4045 4290//4053 4291//4054
f 4283//4046 4282//4045 4291//4054
f 4283//4046 4291//4054 4292//4055
f 4292//4055 4293//4056 4284//4047
f 4292//4055 4284//4047 4283//4046
f 4285//4048 4284//4047 4293//4056
f 4285//4048 4293//4056 4294//4057
f 4285//4048 4294//4057 4286//4049
f 4285//4048 4286//4049 4277//4040
f 4286//4049 4295//4058 4296//4059
f 4286//4049 4296//4059 4287//4050
f 4287//4050 4296//4059 4297//4060
f 4287//4050 4297//4060 4288//4051
f 4289//4052 4298//4061 4299//4062
f 4289//4052 4299//4062 4290//4053
f 4290//4053 4299//4062 4300//4063
f 4290//4053 4300//4063 4291//4054
f 4291//4054 4300//4063 4301//4064
f 4291//4054 4301//4064 4292//4055
f 4301//4064 4302//4065 4293//4056
f 4301//4064 4293//4056 4292//4055
f 4294//4057 4293//4056 4302//4065
f 4294//4057 4302//4065 4303//4066
f 4294//4057 4303//4066 4295//4058
f 4294//4057 4295//4058 4286//4049
f 4295//4058 4304//4067 4305//4068
f 4295//4058 4305//4068 4296//4059
f 4296//4059 4305//4068 4306//4069
f 4296//4059 4306//4069 4297//4060
f 4298//4061 4307//4070 4308//4071
f 4298//4061 4308//4071 4299//4062
f 4300//4063 4299//4062 4308//4071
f 4300//4063 4308//4071 4309//4072
f 4301//4064 4300//4063 4309//4072
f 4301//4064 4309//4072 4310//4073
f 4302//4065 4301//4064 4310//4073
f 4302//4065 4310//4073 4311//4074
f 4303//4066 4302//4065 4311//4074
f 4303//4066 4311//4074 4312//4075
f 4303//4066 4312//4075 4304//4067
f 4303//4066 4304//4067 4295//4058
f 4304//4067 4313//4076 4314//4077
f 4304//4067 4314//4077 4305//4068
f 4305//4068 4314//4077 4315//4078
f 4305//4068 4315//4078 4306//4069
f 4316//4079 4308//4071 4307//4070
f 4316//4079 4307//4070 4317//4080
f 4309//4072 4308//4071 4316//4079
f 4309//4072 4316//4079 4318//4081
f 4310//4073 4309//4072 4318//4081
f 4310//4073 4318//4081 4319//4082
f 4319//4082 4320//4083 4311//4074
f 4319//4082 4311//4074 4310//4073
f 4312//4075 4311//4074 4320//4083
f 4312//4075 4320//4083 4321//4084
f 4312//4075 4321//4084 4313//4076
f 4312//4075 4313//4076 4304//4067
f 4313//4076 4322//4085 4323//4086
f 4313//4076 4323//4086 4314//4077
f 4314//4077 4323//4086 4324//4087
f 4314//4077 4324//4087 4315//4078
f 4317//4080 4325//4088 4326//4089
f 4317//4080 4326//4089 4316//4079
f 4327//4090 4318//4081 4316//4079
f 4327//4090 4316//4079 4326//4089
f 4319//4082 4318//4081 4327//4090
f 4319//4082 4327//4090 4328//4091
f 4328//4091 4329//4092 4320//4083
f 4328//4091 4320//4083 4319//4082
f 4321//4084 4320//4083 4329//4092
f 4321//4084 4329//4092 4330//4093
f 4322//4085 4313//4076 4321//4084
f 4322//4085 4321//4084 4330//4093
f 4331//4094 4323//4086 4322//4085
f 4331//4094 4322//4085 4332//4095
f 4333//4096 4324//4087 4323//4086
f 4333//4096 4323//4086 4331//4094
f 4325//4088 4334//4097 4335//4098
f 4325//4088 4335//4098 4326//4089
f 4326//4089 4335//4098 4336//4099
f 4326//4089 4336//4099 4327//4090
f 4328//4091 4327//4090 4336//4099
f 4328//4091 4336//4099 4337//4100
f 4329//4092 4328//4091 4337//4100
f 4329//4092 4337//4100 4338//4101
f 4339//4102 4330//4093 4329//4092
f 4339//4102 4329//4092 4338//4101
f 4330//4093 4339//4102 4332//4095
f 4330//4093 4332//4095 4322//4085
f 4340//4103 4331//4094 4332//4095
f 4340//4103 4332//4095 4341//4104
f 4342//4105 4333//4096 4331//4094
f 4342//4105 4331//4094 4340//4103
f 4343//4106 4335//4098 4334//4097
f 4343//4106 4334//4097 4344//4107
f 4343//4106 4345//4108 4336//4099
f 4343//4106 4336//4099 4335//4098
f 4346//4109 4337//4100 4336//4099
f 4346//4109 4336//4099 4345//4108
f 4347//4110 4338//4101 4337//4100
f 4347//4110 4337//4100 4346//4109
f 4338//4101 4347//4110 4348//4111
f 4338//4101 4348//4111 4339//4102
f 4348//4111 4341//4104 4332//4095
f 4348//4111 4332//4095 4339//4102
f 4341//4104 4349//4112 4350//4113
f 4341//4104 4350//4113 4340//4103
f 4340//4103 4350//4113 4351//4114
f 4340//4103 4351//4114 4342//4105
f 4343//4106 4344//4107 4352//4115
f 4343//4106 4352//4115 4353//4116
f 4343//4106 4353//4116 4354//4117
f 4343//4106 4354//4117 4345//4108
f 4345//4108 4354//4117 4355//4118
f 4345//4108 4355//4118 4346//4109
f 4355//4118 4356//4119 4347//4110
f 4355//4118 4347//4110 4346//4109
f 4347//4110 4356//4119 4357//4120
f 4347//4110 4357//4120 4348//4111
f 4349//4112 4341//4104 4348//4111
f 4349//4112 4348//4111 4357//4120
f 4350//4113 4349//4112 4358//4121
f 4350//4113 4358//4121 4359//4122
f 4351//4114 4350//4113 4359//4122
f 4351//4114 4359//4122 4360//4123
f 4353//4116 4352//4115 4361//4124
f 4353//4116 4361//4124 4362//4125
f 4354//4117 4353//4116 4362//4125
f 4354//4117 4362//4125 4363//4126
f 4354//4117 4363//4126 4364//4127
f 4354//4117 4364//4127 4355//4118
f 4364//4127 4365//4128 4356//4119
f 4364//4127 4356//4119 4355//4118
f 4356//4119 4365//4128 4366//4129
f 4356//4119 4366//4129 4357//4120
f 4357//4120 4366//4129 4358//4121
f 4357//4120 4358//4121 4349//4112
f 4359//4122 4358//4121 4367//4130
f 4359//4122 4367//4130 4368//4131
f 4360//4123 4359//4122 4368//4131
f 4360//4123 4368//4131 4369//4132
f 4361//4124 4370//4133 4371//4134
f 4361//4124 4371//4134 4362//4125
f 4362//4125 4371//4134 4372//4135
f 4362//4125 4372//4135 4363//4126
f 4363//4126 4372//4135 4373//4136
f 4363//4126 4373//4136 4364//4127
f 4373//4136 4374//4137 4365//4128
f 4373//4136 4365//4128 4364//4127
f 4366//4129 4365//4128 4374//4137
f 4366//4129 4374//4137 4375//4138
f 4367//4130 4358//4121 4366//4129
f 4367//4130 4366//4129 4375//4138
f 4367//4130 4376//4139 4377//4140
f 4367//4130 4377//4140 4368//4131
f 4368//4131 4377//4140 4378//4141
f 4368//4131 4378//4141 4369//4132
f 4370//4133 4379//4142 4380//4143
f 4370//4133 4380//4143 4371//4134
f 4381//4144 4372//4135 4371//4134
f 4381//4144 4371//4134 4380//4143
f 4373//4136 4372//4135 4381//4144
f 4373//4136 4381//4144 4382//4145
f 4382//4145 4383//4146 4374//4137
f 4382//4145 4374//4137 4373//4136
f 4374//4137 4383//4146 4384//4147
f 4374//4137 4384//4147 4375//4138
f 4375//4138 4384//4147 4376//4139
f 4375//4138 4376//4139 4367//4130
f 4376//4139 4385//4148 4386//4149
f 4376//4139 4386//4149 4377//4140
f 4377//4140 4386//4149 4387//4150
f 4377//4140 4387//4150 4378//4141
f 4380//4143 4379//4142 4388//4151
f 4380//4143 4388//4151 4389//4152
f 4381//4144 4380//4143 4389//4152
f 4381//4144 4389//4152 4390//4153
f 4382//4145 4381//4144 4390//4153
f 4382//4145 4390//4153 4391//4154
f 4391//4154 4392//4155 4383//4146
f 4391//4154 4383//4146 4382//4145
f 4384//4147 4383//4146 4392//4155
f 4384//4147 4392//4155 4393//4156
f 4384//4147 4393//4156 4385//4148
f 4384//4147 4385//4148 4376//4139
f 4385//4148 4394//4157 4395//4158
f 4385//4148 4395//4158 4386//4149
f 4386//4149 4395//4158 4396//4159
f 4386//4149 4396//4159 4387//4150
f 4388//4151 4397//4160 4398//4161
f 4388//4151 4398//4161 4389//4152
f 4390//4153 4389//4152 4398//4161
f 4390//4153 4398//4161 4399//4162
f 4391//4154 4390//4153 4399//4162
f 4391//4154 4399//4162 4400//4163
f 4392//4155 4391//4154 4400//4163
f 4392//4155 4400//4163 4401//4164
f 4393//4156 4392//4155 4401//4164
f 4393//4156 4401//4164 4402//4165
f 4393//4156 4402//4165 4394//4157
f 4393//4156 4394//4157 4385//4148
f 4394//4157 4403//4166 4404//4167
f 4394//4157 4404//4167 4395//4158
f 4405//4168 4396//4159 4395//4158
f 4405//4168 4395//4158 4404//4167
f 4406//4169 4398//4161 4397//4160
f 4406//4169 4397//4160 4407//4170
f 4399//4162 4398//4161 4406//4169
f 4399//4162 4406//4169 4408//4171
f 4400//4163 4399//4162 4408//4171
f 4400//4163 4408//4171 4409//4172
f 4401//4164 4400//4163 4409//4172
f 4401//4164 4409//4172 4410//4173
f 4410//4173 4411//4174 4402//4165
f 4410//4173 4402//4165 4401//4164
f 4402//4165 4411//4174 4403//4166
f 4402//4165 4403//4166 4394//4157
