# Blender 4.2.1 LTS
# www.blender.org
o 1ps_ShortPants025
v -16.002502 87.208618 1.610589
v -15.693977 86.177498 1.656319
v -15.241239 85.197624 1.694868
v -15.170772 84.120590 1.652132
v -15.262726 83.047264 1.552819
v -15.000911 81.996346 1.535345
v -14.886289 80.924622 1.449025
v -14.826416 79.851257 1.325796
v -14.607326 78.794724 1.219029
v -14.436203 77.736336 1.064232
v -15.278597 78.061249 1.115326
v -14.247710 76.515884 2.144291
v -14.810154 76.692612 2.239111
v -12.826919 77.276924 4.528540
v -14.521574 73.993050 6.249199
v -16.485676 74.901718 6.531677
v -13.688404 75.864777 7.088229
v -14.420754 74.955330 9.505720
v -11.886594 74.953362 11.200737
v -11.601457 74.961777 11.585485
v -9.042459 74.243179 13.159098
v -6.265402 75.070290 10.494600
v -4.405347 75.298843 12.838272
v -4.749116 74.484344 13.043163
v -3.216306 76.677979 13.384550
v -3.339840 75.717766 11.619029
v -1.820322 76.059830 10.313507
v -1.772050 75.161636 7.808348
v -3.762859 75.600204 6.048105
v -0.712067 76.480057 4.532621
v 0.286671 76.172821 4.330052
v -1.753218 76.822403 3.099100
v -0.367637 78.460403 0.642968
v -0.486097 78.704277 1.171715
v -0.356336 79.333488 1.384285
v -0.273026 79.968826 1.571367
v -0.033146 80.805779 1.650249
v 0.013539 80.696320 2.835271
v -0.132075 80.922081 4.039263
v -0.063302 81.503418 4.993983
v -0.033282 82.258034 5.844361
v -0.090865 83.140869 6.549864
v -0.106982 84.088921 7.173069
v -0.115506 85.052330 7.773253
v -0.141222 86.016731 8.371331
v -0.767495 86.430763 9.048563
v -0.067176 87.360733 9.219389
v -0.082351 87.848824 9.376736
v -0.110876 88.442169 9.756616
v -0.117151 89.055519 10.095592
v -0.118723 89.657082 10.451252
v -0.124168 90.297493 10.732635
v -0.126492 90.956810 10.969668
v -0.154215 91.651512 11.047980
v -0.179563 92.347305 11.090946
v -0.190976 93.035477 11.199865
v -0.199942 93.708481 11.379601
v -0.199794 94.402153 11.456348
v -0.190250 95.101852 11.464735
v -0.176371 95.793114 11.563067
v -0.151009 96.451759 11.796283
v -0.147034 96.966988 12.269950
v -0.128182 97.508530 12.706534
v -0.114175 98.183769 12.887914
v -0.212862 98.746605 12.488415
v -0.283211 99.351768 12.174268
v -0.311015 99.842514 12.275282
v -0.356729 100.168938 12.653585
v -0.885047 100.213547 12.585414
v -1.401342 100.272224 12.558415
v -2.093264 100.356720 12.557805
v -2.800948 100.431396 12.515371
v -3.511177 100.505867 12.444341
v -4.222415 100.574944 12.342279
v -4.931096 100.661079 12.218114
v -5.639808 100.740761 12.075880
v -6.351631 100.851891 11.921687
v -7.079511 100.981194 11.759295
v -7.849862 101.163292 11.644671
v -8.672362 101.140045 11.345313
v -9.439321 101.200729 11.061959
v -10.153125 101.308662 10.710284
v -10.788557 101.455719 10.257995
v -11.369260 101.597588 9.727457
v -11.892404 101.737381 9.139477
v -12.340234 101.894020 8.498267
v -12.752748 102.027824 7.832608
v -13.094703 102.137352 7.117883
v -13.311014 102.223976 6.357311
v -13.471703 102.332497 5.596560
v -13.610051 102.419327 4.833663
v -13.657516 102.530144 4.071418
v -13.668401 102.570229 3.299837
v -13.669478 102.598228 2.526009
v -13.638079 102.614891 1.993517
v -13.499034 102.642578 1.485815
v -13.613608 102.082573 1.465874
v -13.746857 101.546013 1.441729
v -13.944472 100.520500 1.439937
v -14.189542 99.514153 1.483837
v -14.263471 98.481438 1.563766
v -14.450442 97.459946 1.634187
v -14.600406 96.440521 1.750817
v -14.627635 95.410797 1.900493
v -15.116767 94.305885 1.761233
v -15.468157 93.154831 1.683601
v -15.735832 91.983589 1.637413
v -15.938550 90.800133 1.609139
v -16.074100 89.607063 1.592347
v -16.121218 88.406334 1.587616
v -15.910312 86.148033 2.735931
v -15.353765 85.166168 2.807161
v -15.312032 84.045868 2.759362
v -15.558413 82.959068 2.634206
v -15.181389 81.907906 2.636703
v -15.042142 80.799522 2.551118
v -15.119664 79.693382 2.397187
v -14.825902 78.617989 2.302662
v -14.686208 77.518654 2.135272
v -0.552507 77.417641 1.790844
v -0.394847 78.101723 2.189784
v -0.243755 78.821640 2.498265
v -0.095054 79.662689 2.668306
v -0.152903 79.726158 2.152846
v -0.064592 79.633957 2.934355
v 0.038531 79.721489 3.686203
v 0.061618 79.918579 4.467231
v 0.019818 80.268524 5.125655
v -0.025286 80.711884 5.767381
v -0.090888 81.224152 6.379895
v -0.419644 82.165749 7.124952
v -0.690914 83.206718 7.713550
v -0.939000 84.307274 8.161934
v -1.152972 85.450607 8.492481
v -1.145451 86.461571 9.144533
v -1.177366 87.664017 9.138727
v -1.209214 88.708534 9.714652
v -1.220451 89.557762 10.566133
v -1.190012 90.598885 11.159989
v -1.258156 91.791351 11.235336
v -1.301398 92.984848 11.124198
v -1.303416 94.116409 11.524426
v -1.297631 95.314156 11.441505
v -1.257341 96.489349 11.688411
v -1.247401 97.289597 12.580962
v -1.218462 98.370689 13.078288
v -1.402512 99.285889 12.330349
v -1.427744 99.813683 12.259695
v -2.551571 99.334869 12.568064
v -3.657199 99.511803 12.854166
v -4.748076 99.594528 12.533217
v -5.878681 99.809860 12.537205
v -6.962952 99.947128 12.168530
v -8.048686 100.242691 12.157590
v -9.125399 100.166245 11.562979
v -10.222541 100.233543 10.988494
v -10.799895 100.411217 9.907254
v -11.945122 100.629318 9.533195
v -12.382910 100.809135 8.406073
v -13.421778 101.118690 7.864904
v -13.296109 101.096527 6.651576
v -13.437436 101.268539 5.452491
v -14.216286 101.530342 4.546484
v -13.526339 101.465630 3.536610
v -14.053102 101.574013 2.467206
v -14.160454 100.370575 2.514363
v -14.335696 99.165703 2.582935
v -14.553924 97.977348 2.665184
v -14.615920 96.776688 2.802303
v -14.639313 95.580467 2.965821
v -14.648630 95.239616 2.983478
v -14.990517 94.126900 2.834127
v -15.288658 92.992882 2.754383
v -15.546268 91.848671 2.711344
v -15.776690 90.700737 2.691670
v -15.976605 89.549736 2.685743
v -16.120455 88.395126 2.689155
v -16.051750 87.244209 2.725567
v 0.003987 80.706017 2.765741
v -11.790268 93.255913 10.037642
v -14.512514 94.422874 6.786278
v -1.725814 79.267540 9.269650
v -0.305929 78.968224 6.370818
v -0.073760 79.166473 4.848099
v -0.291855 77.947273 3.140545
v -14.878212 80.244530 6.756540
v -7.426788 94.294090 11.731489
v -14.103769 88.478973 8.637230
v -14.990361 93.772095 4.768232
v -15.124414 80.995155 5.676671
v -0.260677 78.303032 5.395079
v -0.534809 77.482010 6.315615
v -15.334828 83.044769 4.630358
v -9.065063 97.521622 10.815101
v -2.484447 98.344498 13.196698
v -11.062245 99.551842 10.192767
v -12.768964 98.351562 9.158961
v -15.321670 90.526840 5.434796
v -15.359903 87.300774 5.353796
v -1.169550 77.900620 8.006050
v -15.105100 79.767647 4.764588
v -5.003550 96.792389 11.311461
v -2.526397 95.313164 11.656557
v -14.759735 94.939667 3.893157
v -15.275920 91.654060 4.591816
v -1.023562 77.052170 7.392087
v -3.780373 96.565590 11.752095
v -11.844300 99.706642 9.306923
v -15.118300 94.638542 5.838320
v -15.075770 90.466927 6.302663
v -7.343787 97.200775 11.516514
v -9.021297 98.431480 11.095513
v -6.494269 96.041527 10.892465
v -12.832189 99.288063 9.064608
v -5.752923 93.778709 11.326831
v -7.564831 95.646477 11.718791
v -6.227391 97.090317 11.178024
v -5.240801 95.415977 10.855236
v -7.563076 96.300835 11.141679
v -8.515944 84.051323 12.362404
v -3.942900 78.798721 11.198740
v -0.131444 79.641426 5.701177
v -0.175232 80.202499 6.487516
v -14.579715 78.911095 7.503013
v -13.242515 80.367378 10.137728
v -14.929934 77.267387 4.757479
v -2.242871 77.417870 9.505489
v -1.614768 76.784325 8.437751
v -15.668940 84.084274 5.564266
v -15.138793 79.900330 5.895242
v -15.376099 89.461266 5.389825
v -14.272232 97.580246 7.290555
v -14.155448 97.058159 5.833040
v -13.823097 96.912132 7.956669
v -14.134453 96.259377 6.542844
v -14.337626 96.958168 7.336838
v -14.341600 96.350563 5.741522
v -14.279266 95.391182 6.569418
v -6.953808 95.011482 11.908437
v -6.233106 94.684334 11.193316
v -5.034245 84.904350 11.554165
v -5.556433 77.487984 11.959680
v -0.424943 80.880188 7.213886
v -1.252625 79.815819 8.658930
v -14.874236 77.197609 6.122711
v -13.953951 77.240776 8.865650
v -14.577443 78.249214 7.389703
v -12.733310 77.826897 10.446992
v -3.043989 76.689140 10.208505
v -15.305427 81.958374 4.622034
v -15.240422 83.101891 5.584315
v -15.381432 84.139488 4.667557
v -14.076682 85.278397 8.900719
v -15.686156 85.169579 5.532365
v -14.974010 81.167839 6.579256
v -10.031645 97.645966 10.255796
v -10.915739 98.686928 9.826146
v -12.011207 97.494850 10.079558
v -13.003245 96.748428 8.339620
v -12.857585 97.554901 8.195172
v -9.278792 95.805763 10.926200
v -15.422462 88.370682 4.439517
v -15.606702 87.274918 4.466921
v -3.487454 92.948486 10.738631
v -3.311999 91.883965 11.261316
v -2.292194 91.775925 10.847572
v -8.422562 91.293938 11.358529
v -1.086541 82.798813 8.651732
v -5.578467 76.504662 11.925571
v -4.528450 77.227699 11.388890
v -0.842242 80.389694 7.966175
v -2.874159 79.340439 10.412912
v -13.930209 78.949974 9.035697
v -12.209372 76.568108 10.983669
v -10.425604 77.238976 12.088417
v -14.581385 87.431725 7.973728
v -14.904350 87.375603 7.123940
v -15.183275 88.400192 6.244044
v -14.570788 86.366089 8.081357
v -13.292577 86.838005 9.902211
v -14.074529 87.507576 8.728735
v -13.979609 86.440475 8.978977
v -14.564237 88.438187 7.915198
v -13.697194 87.667732 9.379650
v -12.527746 88.370415 10.357418
v -13.722638 88.504143 9.355218
v -12.606670 87.506523 10.419937
v -14.937602 78.646545 6.279660
v -14.363935 80.099449 8.363002
v -14.635286 81.367378 7.933630
v -14.976169 83.154060 7.349807
v -14.658869 80.528419 7.489955
v -14.573816 84.222252 8.116226
v -13.101340 84.978081 10.231158
v -13.444968 86.053642 9.713840
v -13.577357 85.140129 9.617430
v -12.300082 85.489868 10.831444
v -12.922080 85.794472 10.331234
v -4.818876 94.035622 10.836489
v -11.690376 95.743584 9.805076
v -12.315348 97.566551 9.062380
v -14.292899 96.198257 7.341940
v -14.112439 95.451279 7.355909
v -13.700490 93.559677 8.457023
v -13.951537 94.634888 7.991399
v -13.522679 95.168388 8.758270
v -12.987950 91.289589 9.543838
v -12.744751 91.504860 9.902630
v -13.263402 95.983025 8.599074
v -14.135605 89.392227 8.643100
v -8.227057 95.704498 10.981200
v -8.277329 95.215698 11.656386
v -7.433205 94.972275 11.467606
v -2.252047 90.620857 11.232208
v -2.228536 89.766685 10.364277
v -7.303609 93.549110 12.131757
v -7.148496 92.687218 11.775862
v -8.091660 92.490288 12.123622
v -11.038425 95.654907 10.639586
v -10.144650 96.434982 11.193908
v -6.554288 90.884598 11.381638
v -10.346611 92.230652 11.419922
v -7.790958 90.201477 11.411959
v -8.915378 88.409828 11.670652
v -5.814277 91.204285 11.256648
v -10.370694 93.531609 11.407249
v -11.060885 93.771950 10.520346
v -9.450690 90.970215 11.761812
v -5.310308 92.915398 11.659370
v -3.072170 87.449577 9.819522
v -2.632598 86.315414 10.068635
v -4.009048 83.840637 11.174121
v -1.940066 82.311623 9.623417
v -2.970918 82.610336 10.648415
v -1.192998 81.231422 8.813668
v -3.462416 77.763191 10.772502
v -6.705050 79.399155 12.318455
v -2.272305 79.905205 9.856111
v -15.369493 84.149147 6.452735
v -15.368892 88.382149 5.363423
v -14.895401 88.410698 7.101214
v -14.531870 89.399590 7.905777
v -14.959007 82.137550 7.415691
v -13.470586 81.946098 9.823022
v -14.230283 81.145531 8.709207
v -14.483321 82.030266 8.277234
v -14.177833 95.362640 8.159626
v -4.548530 90.748230 11.239552
v -5.211688 91.970108 11.745781
v -11.172362 96.554459 10.816399
v -6.901463 91.765106 11.549366
v -9.477449 89.397469 11.448046
v -6.396123 86.871361 11.677710
v -3.066773 83.800011 10.632730
v -5.773389 82.962120 12.038192
v -2.630559 78.186584 10.029035
v -1.835312 78.212120 9.244835
v -3.205477 78.515213 10.630380
v -5.097797 78.373528 11.764674
v -7.281422 78.653389 12.394831
v -11.251683 78.996819 11.743144
v -12.398177 78.751663 10.924152
v -11.964855 77.487022 11.187404
v -13.964005 91.035568 8.588826
v -13.988082 92.773788 8.190893
v -14.146736 93.915390 7.666633
v -13.456428 92.428558 8.822309
v -14.763728 90.397881 7.129388
v -11.729649 92.227234 10.264249
v -10.946409 91.359947 10.726536
v -8.698920 89.863365 11.910969
v -7.582685 87.741615 12.056404
v -5.036918 81.310272 11.767550
v -3.415746 80.845078 10.949556
v -2.775060 80.489914 10.381596
v -3.154612 81.628105 10.789198
v -3.978412 82.798103 11.213965
v -6.407819 78.129997 12.240064
v -8.810800 78.340721 12.483403
v -7.556812 80.010628 12.429753
v -9.907360 78.835342 12.246465
v -10.970956 77.997322 11.925504
v -14.910326 93.618340 5.741873
v -15.137599 92.605659 5.631001
v -14.650513 91.339302 7.215961
v -14.855868 92.229904 7.414413
v -14.577374 91.193756 8.072264
v -14.241676 91.975868 8.020694
v -14.203267 90.255348 8.716696
v -12.478284 91.811821 10.511526
v -12.466378 90.782166 10.166009
v -10.929729 89.922691 11.487430
v -8.037222 88.798035 11.994545
v -6.068661 80.060265 12.215519
v -3.071811 80.003052 10.645725
v -14.460582 90.314041 7.940529
v -11.879052 90.769325 11.012877
v -12.998873 90.072655 9.701344
v -11.820932 89.789131 10.746780
v -8.455636 87.457756 11.864140
v -6.738857 87.913872 11.546740
v -7.027895 89.081291 11.416748
v -4.422442 80.405724 11.468658
v -5.429591 79.492165 11.978750
v -6.092511 81.221085 12.168454
v -13.571204 90.151512 9.194930
v -4.933837 82.045944 11.702372
v -7.662347 82.943886 12.384637
v -4.893445 82.915466 11.664059
v -4.237759 86.100220 11.357281
v -5.208822 85.974266 11.546253
v -4.097764 84.955193 11.251827
v -5.473669 87.050926 11.489573
v -4.267975 88.518997 10.351052
v -3.275178 88.666405 9.887703
v -6.979579 85.777046 12.097232
v -5.949042 84.866707 11.851058
v -6.835698 84.838432 12.107609
v -5.836475 83.900703 11.962116
v -6.685475 82.948143 12.204679
v -8.633360 83.166893 12.410601
v -10.826762 82.317833 11.875126
v -7.838354 85.688744 12.146023
v -9.765800 85.057228 12.010007
v -11.360017 80.278305 11.703022
v -12.726199 81.762581 10.725451
v -12.753400 81.088257 10.718877
v -12.512956 80.086151 10.897700
v -10.244522 83.747337 12.060335
v -8.447955 80.692551 12.563758
v -9.188193 84.916100 12.118449
v -11.881913 79.527580 11.319986
v -10.668223 79.630920 12.088798
v -12.039656 80.986809 11.222534
v -12.338017 82.468590 10.978183
v -13.056276 82.653114 10.412778
v -13.533737 82.579185 9.746739
v -11.798948 83.367088 11.318019
v -11.041590 84.042130 11.720229
v -13.604926 83.405365 9.633795
v -13.625281 84.260712 9.580675
v -9.475065 83.443802 12.229708
v -9.286983 84.216217 12.191143
v -9.747100 82.619530 12.223117
v -10.426402 86.416794 11.730656
v -9.369706 81.283875 12.346536
v -9.648664 85.481133 11.986305
v -9.954261 85.854568 11.888985
v -10.983046 85.196251 11.660001
v -11.583235 85.007881 11.338925
v -9.461694 86.155212 11.934331
v -9.235043 87.212730 12.079112
v -10.975657 83.284813 11.865087
v -12.173424 84.211143 11.020008
v -12.624318 84.729179 10.678925
v -12.698300 83.750526 10.710189
v -8.608915 85.617043 12.209715
v -11.391468 86.089302 11.349767
v -10.315989 87.676598 11.570601
v -12.760028 86.638588 10.430943
v -12.479948 83.059097 10.866575
v -10.731807 88.565483 11.352969
v -11.915442 87.331993 10.873106
v -11.078498 87.148804 11.362133
v -11.928316 98.396416 9.912683
v -12.637399 94.907921 9.222100
v -12.446059 95.815559 9.121905
v -11.768350 94.820335 9.820716
v -4.373592 89.727089 10.461455
v -5.685966 89.210686 11.753901
v -4.888717 88.614403 11.408719
v -6.412278 89.742355 11.932586
v -11.447863 88.862206 10.983302
v -14.911119 77.363953 3.423862
v -5.154977 100.194183 12.429646
v -5.763850 100.292099 12.334061
v -6.366680 100.374504 12.186931
v -9.579284 100.671982 11.084646
v -10.224778 100.780983 10.895659
v -14.414176 98.544182 2.260425
v -0.164352 78.791374 3.137615
v -0.055984 78.813103 3.941901
v -3.744591 98.381866 13.095972
v -4.957800 98.527908 12.895207
v -6.114944 98.734184 12.635136
v -7.242719 98.957054 12.392638
v -8.296145 99.197510 12.139019
v -9.347747 99.203766 11.599969
v -13.721315 100.265526 3.663761
v -13.874585 99.040298 3.752586
v -14.111827 97.788956 3.805211
v -14.828852 96.839127 3.890360
v -14.714862 95.781273 3.923656
v -14.940824 93.917839 3.807038
v -15.121660 92.837135 3.720525
v -15.297836 91.733604 3.648987
v -15.419169 90.614792 3.587242
v -15.567260 89.494347 3.553560
v -15.863077 88.402283 3.616172
v -16.121489 87.299797 3.681656
v -16.076551 86.174774 3.680419
v -15.544093 85.194176 3.743479
v -15.375542 84.093193 3.717133
v -15.475275 82.989838 3.654078
v -15.566127 81.893501 3.623844
v -15.196349 80.840630 3.641519
v -15.101226 79.704124 3.591296
v -15.097583 78.540054 3.536177
v -0.770887 81.755852 7.956485
v -1.468011 84.010323 8.995895
v -1.844842 85.185120 9.159490
v -2.100408 86.398712 9.201107
v -2.196847 87.611969 9.284069
v -14.028603 101.900146 4.257550
v -13.864757 101.867943 5.130884
v -0.385998 77.334007 3.161699
v -9.913093 99.435928 10.559199
v -10.694866 100.853348 10.396957
v -13.454394 101.680588 6.191877
v -13.418981 101.792656 5.541037
v -12.531763 99.868858 8.355163
v -13.629577 100.129723 7.962945
v -13.608920 100.109474 6.762462
v -13.655664 100.116631 5.536908
v -14.480062 100.346069 4.669975
v -14.497329 77.103386 7.432015
v -13.126368 76.804230 10.078982
v -11.188342 76.481285 11.726548
v -9.892955 76.611443 12.204277
v -8.536629 76.362907 12.518601
v -7.377256 76.216698 12.348719
v -6.525727 76.125160 12.205941
v -3.874983 76.330635 10.923620
v -4.636675 76.400719 11.370082
v -2.298605 76.644524 9.388889
v -2.241047 88.768547 9.662171
v -2.436634 92.924225 11.189234
v -2.486566 94.119606 11.363278
v -2.505686 96.546921 11.613257
v -2.476763 97.480217 12.388504
v -0.203823 77.675026 4.116271
v -14.355794 99.098282 4.940492
v -14.176703 97.723183 5.216061
v -14.446013 96.581398 4.880083
v -3.676318 97.745499 12.097949
v -4.910879 97.890396 11.906761
v -6.108815 98.069077 11.732740
v -7.269446 98.244492 11.578602
v -15.047716 95.729759 4.870024
v -8.350263 98.193153 12.008828
v -10.101377 98.507202 10.638886
v -14.831655 94.782303 4.869558
v -11.781971 98.787804 9.077859
v -13.343280 99.171097 8.025014
v -13.301020 99.118279 6.846356
v -14.297912 99.298462 6.199413
v -0.534827 79.663109 7.191076
v -15.009215 78.547714 4.836627
v -15.433322 80.864433 4.696054
v -15.899272 85.111961 4.621175
v -15.926543 86.221153 4.610553
v -15.413757 89.471992 4.478142
v -15.353633 90.565765 4.527002
v -15.152394 92.721504 4.682531
v -3.740202 95.413284 11.150538
v -6.397004 76.678635 12.202019
v -7.228545 76.889275 12.344945
v -11.160805 77.297508 11.770761
v -8.207067 77.154846 12.510961
v -9.270468 77.492317 12.363273
v -3.752189 77.004379 10.789660
v -2.367497 85.077766 10.050912
v -2.158096 83.777718 9.898085
v -3.305892 89.804871 10.341785
v -3.352314 90.670158 11.227818
v -3.598657 94.162292 10.870368
v -0.663423 78.352348 7.180915
v -1.665561 77.569023 8.830283
v -14.278337 78.382339 8.360359
v -13.469719 78.351189 9.681190
v -0.951144 79.108841 7.915155
v -1.740845 80.538628 9.375856
v -2.394274 81.232491 10.047338
v -8.462312 97.252075 11.728484
v -11.011096 97.750771 9.729253
v -12.791167 98.399895 8.069597
v -13.666552 98.355347 7.409577
v -14.466214 98.039818 6.601011
v -2.839658 77.513031 10.134390
v -10.146808 77.889877 12.165168
v -1.425486 78.620201 8.607728
v -6.285672 77.228439 12.197383
v -6.931151 77.537712 12.311881
v -4.245311 78.035210 11.303868
v -2.228053 77.937004 9.602569
v -15.183928 82.044174 5.601136
v -15.394068 86.209961 5.377759
v -15.259694 91.570976 5.525009
v -14.706363 95.527115 5.755276
v -3.233138 85.004898 10.675954
v -3.477448 86.195625 10.674581
v -3.896006 87.333824 10.493496
v -14.410975 79.137520 8.061042
v -11.647525 78.309326 11.447912
v -13.119290 79.430534 10.267185
v -4.569850 92.871803 10.994913
v -4.354532 91.901535 11.534291
v -7.804236 77.918655 12.462846
v -14.324950 97.068542 6.570264
v -14.742075 79.392876 7.074332
v -14.222835 79.497589 8.637564
v -8.603262 96.353607 11.457918
v -9.131802 96.618202 10.562991
v -10.197730 96.722008 10.325159
v -11.021770 97.434494 10.599610
v -15.043042 93.426254 6.723154
v -14.823796 92.437561 6.522627
v -14.958817 91.455132 6.393675
v -15.161356 89.440346 6.270123
v -15.189631 87.334099 6.259138
v -15.199244 86.259384 6.289653
v -15.175643 85.186516 6.319775
v -15.361793 83.098709 6.515649
v -15.033411 82.126701 6.522088
v -14.541552 79.788139 7.747848
v -13.686714 79.658844 9.447276
v -2.258190 78.749733 9.746865
v -13.636680 97.580589 7.672794
v -5.487922 90.486816 10.904253
v -5.216150 89.568474 10.904658
v -4.500323 87.302177 11.393070
v -8.196744 79.190231 12.553476
v -10.739631 78.605247 12.049635
v -6.754996 95.384338 11.490088
v -5.199802 91.273056 11.471181
v -5.923158 78.849144 12.033076
v -14.000793 79.841232 8.995277
v -11.728913 96.639786 9.904011
v -12.298287 96.684135 9.045100
v -4.077732 81.889183 11.282254
v -4.736490 79.105103 11.612460
v -14.120715 94.819176 7.352909
v -13.687693 80.447807 9.487271
v -9.142099 79.782791 12.431484
v -14.735805 81.309654 7.340293
v -14.862712 84.181641 7.239677
v -14.886212 85.238457 7.208261
v -14.885721 86.309158 7.175921
v -14.840973 89.412453 7.102813
v -14.480847 93.076401 7.466684
v -3.700984 79.513229 11.100286
v -12.840232 80.513496 10.587129
v -6.387124 93.692879 12.045521
v -6.215524 92.786324 11.880245
v -6.042950 91.889763 11.727450
v -5.672846 89.627312 11.317931
v -6.094414 90.139641 11.307365
v -4.941610 83.883171 11.601181
v -6.649446 94.500656 11.962774
v -14.083457 80.382011 8.898448
v -14.021909 96.155182 8.130084
v -9.277265 95.411133 11.738398
v -3.638144 80.187500 11.065928
v -10.301147 95.545303 11.428734
v -4.235725 81.108101 11.372062
v -5.813344 88.086205 11.485523
v -14.465894 80.784363 8.124349
v -9.985961 80.431786 12.242422
v -4.484759 79.743095 11.502711
v -10.760978 81.040062 12.051202
v -14.533324 83.170860 8.180794
v -14.571948 85.275383 8.100182
v -6.139059 85.867058 11.775597
v -6.852571 80.749680 12.319174
v -13.227943 81.179070 10.159411
v -5.721999 82.135345 12.007566
v -11.345239 81.646423 11.665521
v -6.170911 88.800766 11.545734
v -5.083086 79.939339 11.809857
v -7.087576 90.558922 12.036086
v -8.316874 94.437149 12.024039
v -9.333099 94.482292 11.808915
v -10.351206 94.579720 11.422413
v -11.024230 94.710709 10.576086
v -10.184211 81.811356 12.151821
v -14.108719 84.262268 8.902023
v -14.086082 83.289238 8.978794
v -13.960317 82.323357 9.120683
v -13.729039 91.737389 8.634766
v -13.584304 93.073067 9.358025
v -8.302729 93.498314 12.148993
v -7.658836 91.491928 12.091447
v -6.747633 83.901146 12.167239
v -7.237992 86.745972 12.097355
v -5.324279 80.582893 11.926331
v -12.203599 81.865623 11.087071
v -13.136225 81.883781 10.294761
v -13.714698 81.408516 9.461552
v -8.869090 82.194267 12.409246
v -9.187532 93.523102 11.519554
v -11.853057 93.916069 9.914139
v -12.866287 93.838089 9.446846
v -13.858477 94.322075 8.893972
v -11.705286 82.253105 11.404299
v -5.596435 81.552689 12.040489
v -8.932416 92.431694 11.350993
v -13.660535 86.980377 9.425362
v -13.707544 89.349617 9.333324
v -13.419398 90.869514 9.107875
v -13.271927 91.475372 9.146519
v -13.110130 91.987785 9.449326
v -13.036082 92.489220 9.976837
v -13.166290 83.510803 10.256051
v -8.100721 86.563271 12.054067
v -7.703485 84.824692 12.219761
v -7.656107 83.925896 12.317472
v -12.718562 82.294975 10.721473
v -12.359495 92.944237 9.928866
v -11.151498 92.861282 10.449512
v -7.676376 81.709679 12.424929
v -6.542949 81.999176 12.206578
v -10.463103 82.992393 12.050240
v -11.946581 82.695679 11.232911
v -11.337203 82.805840 11.630619
v -13.199765 84.246666 10.167446
v -13.205859 87.625778 9.920681
v -13.151810 88.455254 9.885111
v -13.089772 89.273140 9.814759
v -12.959228 90.752975 9.621574
v -8.864657 86.391113 12.166653
v -8.506793 84.851555 12.256102
v -9.224583 85.539787 12.045650
v -12.873156 84.242790 10.554692
v -12.485365 89.171303 10.281511
v -12.424134 89.952148 10.200984
v -10.144361 90.385361 11.176601
v -12.103732 86.388405 10.891953
v -9.700404 88.104362 11.942938
v -10.246495 89.025398 11.754455
v -9.970070 84.449425 12.039680
v -11.907945 89.020172 10.695728
v -9.842555 86.861778 11.773888
v -11.908637 88.235558 10.767606
v -11.211550 89.289574 11.116715
v -11.295463 88.203392 11.123521
v -10.585289 84.768181 11.881045
v -10.273582 85.365593 11.876391
v -10.789511 85.771355 11.702332
v 0.216717 79.890816 1.619438
v 0.346133 79.166328 1.508607
v 0.513794 78.451309 1.342788
v 0.041047 76.396019 -0.313237
v 0.847786 77.162804 2.794362
v -0.217706 77.901413 2.798946
v 0.386368 76.504982 5.105018
v 1.505808 76.316780 8.464186
v 1.487747 76.087555 9.832384
v 3.615056 75.785782 9.011744
v 2.649765 75.939972 10.573349
v 5.114172 77.496887 11.821659
v 4.643870 76.840363 12.122541
v 8.406402 76.370850 11.410784
v 8.172550 75.403389 11.553866
v 10.735329 76.079483 13.388569
v 10.374959 75.824371 11.627966
v 9.426666 77.346764 10.665308
v 12.812232 74.423378 11.376473
v 11.898675 75.666290 8.902927
v 11.628719 76.015472 8.715670
v 15.352419 76.513283 5.077407
v 16.295467 74.186821 6.300967
v 14.919233 77.531906 4.756236
v 13.655004 75.129707 3.602535
v 13.531624 75.003807 1.191298
v 14.676808 77.718323 1.979440
v 14.810382 78.911873 2.064050
v 14.923960 80.108284 2.138311
v 15.044963 81.304398 2.198797
v 15.230700 82.491653 2.235444
v 15.231180 83.692680 2.293889
v 15.297829 84.892128 2.328036
v 15.822664 85.969933 2.306528
v 16.139877 87.124680 2.298608
v 16.292267 88.315178 2.298206
v 16.291817 89.517807 2.292329
v 16.213966 90.717041 2.289409
v 16.054914 91.908409 2.300248
v 15.800481 93.083733 2.337355
v 15.408048 94.220032 2.423516
v 14.842008 95.271202 2.604040
v 14.912162 96.291588 2.496613
v 14.934183 97.316338 2.412871
v 14.896418 98.349754 2.378699
v 14.846503 99.377876 2.374817
v 14.622434 100.360413 2.345167
v 14.181597 101.275543 2.353560
v 13.986487 101.784050 2.363710
v 13.836954 102.366096 2.459193
v 13.808922 102.329681 2.877089
v 13.781626 102.309380 3.314379
v 13.737569 102.296524 3.613278
v 13.625890 102.269279 4.419488
v 13.506873 102.179062 5.215894
v 13.283027 102.089653 6.019202
v 13.035138 101.979080 6.814214
v 12.694082 101.863068 7.572628
v 12.291602 101.743301 8.302206
v 11.818126 101.630714 8.982528
v 11.254374 101.473488 9.613475
v 10.620914 101.410561 10.170932
v 9.912949 101.327362 10.639239
v 9.114025 101.300865 11.002648
v 8.263439 101.340866 11.310136
v 7.391122 101.449295 11.650657
v 6.661217 101.307068 11.702632
v 5.963599 101.159569 11.825557
v 5.282929 101.028221 11.952736
v 4.609651 100.920372 12.105903
v 3.938438 100.825768 12.300832
v 3.588083 100.559143 12.933507
v 2.950120 100.491142 13.349917
v 2.185400 100.329842 13.330080
v 1.436030 100.205231 13.403381
v 0.925622 100.154770 13.478629
v -0.512204 101.124161 13.585125
v 1.116942 98.100143 13.942668
v 0.715862 100.985786 12.306659
v 0.464024 96.186447 13.770374
v 0.002437 95.091301 16.608110
v 0.611497 95.674683 14.886954
v -2.499008 94.891220 13.771079
v 0.249066 94.185318 13.778317
v 0.053801 93.305641 12.405828
v -1.023271 91.353783 10.714329
v 1.135088 87.652534 12.139799
v 0.436794 88.032402 11.000106
v -0.449171 88.891136 11.659783
v -0.068942 86.892311 9.217046
v 3.972754 100.318047 12.086956
v 4.038797 99.807732 11.982542
v 4.146361 99.124001 12.001108
v 4.145675 98.464104 11.829568
v 4.127136 97.775177 11.776159
v 4.094553 97.081444 11.773113
v 4.069978 96.389404 11.810000
v 4.071165 95.691643 11.829663
v 4.069761 94.991013 11.806476
v 4.063776 94.295616 11.736433
v 4.045122 93.610298 11.598370
v 4.019496 92.930046 11.426032
v 4.063903 92.264923 11.226901
v 4.094706 91.598511 11.002047
v 4.090520 90.933487 10.778534
v 3.909723 90.472267 10.245937
v 3.781463 89.780922 10.080034
v 3.482135 89.149887 9.935707
v 3.158626 88.541954 9.770718
v 2.731129 87.976768 9.641253
v 2.212889 87.491951 9.587296
v 1.618334 87.106712 9.631294
v 0.954497 86.861732 9.598878
v 0.451257 86.791939 9.515430
v 0.008421 86.904617 9.324006
v -0.037170 86.916847 9.314404
v 0.083785 79.675995 2.743038
v 0.227317 78.809929 2.637533
v 0.375613 78.027405 2.419808
v 0.528876 77.261749 2.145790
v 14.873042 77.602493 3.068023
v 14.978148 78.806816 3.158431
v 15.072326 80.011497 3.235741
v 15.180651 81.216316 3.298159
v 15.436554 82.401695 3.325208
v 15.363345 83.610580 3.393528
v 15.334132 84.826195 3.435415
v 15.892529 85.908363 3.417115
v 16.125898 87.102913 3.404084
v 16.137589 87.161819 3.404987
v 16.196310 88.316422 3.396352
v 16.149698 89.469093 3.381605
v 16.058374 90.623856 3.375244
v 15.902740 91.773102 3.382505
v 15.671722 92.909752 3.417034
v 15.342893 94.019295 3.499588
v 14.902137 95.077591 3.675642
v 14.855460 95.400238 3.674922
v 14.886401 96.581902 3.559274
v 14.858751 97.762321 3.478278
v 14.634898 98.926704 3.427146
v 14.458064 100.118607 3.408038
v 14.270639 101.310730 3.403725
v 13.449753 101.141273 4.260448
v 14.104144 101.221466 5.295378
v 13.193740 100.969902 6.051281
v 13.506291 101.031349 7.256759
v 13.212058 101.096336 8.451129
v 12.366848 100.755920 9.262990
v 11.262889 100.374603 9.613215
v 10.732157 100.465508 10.724481
v 9.726942 100.426132 11.438305
v 8.496849 100.278862 11.521731
v 7.489109 100.458748 12.099598
v 6.379410 100.189568 11.807696
v 5.205148 99.970322 11.922161
v 3.337952 99.486359 12.831835
v 2.676552 99.404549 13.752459
v 1.590210 99.187698 13.699022
v 1.510458 99.673561 13.491585
v 1.781556 98.070488 14.212890
v 1.719285 96.887901 13.824138
v 1.488232 95.851097 13.168701
v 1.232444 94.839714 12.485755
v 1.215258 93.626503 12.197812
v 1.226665 92.387566 12.052170
v 1.217026 91.144104 11.947083
v 1.175058 89.940903 11.614149
v 1.107864 88.812851 11.079291
v 1.014858 87.701553 10.516115
v 0.944568 86.329346 8.629889
v 0.920019 85.256355 8.294111
v 0.829054 84.195175 7.923429
v 0.622010 83.149086 7.548729
v 0.389399 82.152298 7.055482
v 0.533825 81.333908 6.251579
v 0.035002 80.856926 5.868083
v -0.014949 80.376976 5.260425
v -0.056510 80.005196 4.582370
v -0.055810 79.760185 3.799092
v 0.049524 79.664787 3.016096
v 0.148770 79.712135 2.208171
v 11.922533 94.063576 10.186766
v 14.385567 94.921349 7.616798
v 1.276536 79.325798 8.609408
v 8.335323 84.276756 12.347656
v 3.195948 91.408012 11.683891
v 3.042627 93.540245 12.302732
v 8.273507 95.937279 11.189563
v 6.144450 98.426880 12.216681
v 3.321202 96.706879 12.244540
v 8.167796 90.921959 12.091614
v 0.484745 79.791016 7.114299
v 6.298177 95.836212 11.111101
v 7.058278 92.259247 11.556784
v 4.850381 88.257103 11.385670
v 4.974698 94.932304 11.950054
v 0.122165 78.870834 3.366892
v 13.752391 88.816406 9.167927
v 14.720836 92.033379 7.076265
v 10.065444 97.594353 10.237025
v 0.277166 77.403961 4.452712
v 0.000032 79.092743 4.191375
v 2.107357 85.561050 10.311655
v 3.715668 87.982155 10.972340
v 14.886742 88.427635 7.034860
v 15.311259 91.402176 5.236743
v 10.781137 99.503044 10.827949
v 5.239405 99.207664 11.648641
v 4.289371 89.484077 10.419229
v 3.204339 87.524658 10.009930
v 5.609261 86.786652 11.923058
v 12.494864 98.524162 9.225856
v 15.850016 87.019447 4.828221
v 15.010658 93.676033 4.414248
v 14.835418 94.686783 4.573851
v 9.615174 98.627403 11.279434
v 5.205722 98.404305 11.598262
v 0.313395 77.980309 5.468333
v 0.590606 77.372871 6.534587
v 0.066456 79.388123 5.024001
v 4.196184 87.590767 11.523670
v 5.336145 87.983101 12.059158
v 11.113207 99.175323 9.480534
v 15.202570 92.447968 5.309834
v 14.853442 94.221024 6.500215
v 15.074991 91.245102 6.133792
v 2.680953 86.452408 10.545643
v 11.577465 97.642220 9.506145
v 15.428601 90.350975 5.229456
v 2.791836 86.760880 9.634212
v 11.573296 98.340782 9.353100
v 15.489463 89.288383 5.270468
v 14.219896 93.649437 8.228715
v 1.594328 77.800133 8.778586
v 6.245232 80.072006 12.237985
v 3.855646 92.558006 11.804579
v 2.250905 90.104179 11.572526
v 4.009820 96.976158 12.138468
v 3.775932 94.355515 12.290736
v 6.015319 96.501289 12.143056
v 5.088456 97.673759 11.737590
v 5.584777 97.072472 12.281256
v 7.752847 97.413895 11.157561
v 6.676445 97.241081 12.094958
v 6.999900 96.963448 11.262570
v 8.090035 96.679085 11.576198
v 8.962631 96.249352 10.796376
v 7.853511 89.274895 12.530866
v 13.704714 97.502220 6.920894
v 13.300262 96.692009 7.956928
v 13.251906 97.659149 9.298614
v 14.013135 95.877365 7.836174
v 14.528255 96.338722 6.922621
v 13.463628 95.371178 8.530467
v 13.310788 94.119621 8.943836
v 12.363522 96.173149 9.611545
v 13.892116 94.528404 8.374612
v 12.891115 94.893265 9.075467
v 12.532088 96.683563 9.148184
v 11.625985 96.650749 9.807168
v 12.324549 94.465134 9.573513
v 11.720775 94.206230 11.040245
v 10.355597 94.955406 10.422496
v 10.843650 96.087364 10.018790
v 2.139306 82.355606 9.838494
v 9.314775 97.977074 10.896243
v 8.428424 98.579117 11.190084
v 0.813407 79.232964 7.666539
v 1.157263 78.770744 8.258034
v 1.168554 77.011917 7.666964
v 0.986595 77.900551 7.653556
v 14.562889 90.016411 7.731229
v 15.436788 87.199089 5.632427
v 3.326237 89.026894 10.390834
v 13.505460 78.717865 9.648979
v 14.847304 80.204659 6.840114
v 2.350573 76.880157 9.495049
v 5.252069 77.992455 11.820786
v 9.615715 78.624504 12.332091
v 4.955357 94.244408 11.700703
v 6.262652 94.538513 10.834195
v 1.197013 81.249077 8.823036
v 6.870388 88.799210 12.517677
v 7.622060 90.305618 12.140683
v 7.175583 89.543205 12.291214
v 7.122569 90.521790 11.254481
v 2.585462 84.223541 10.311090
v 1.529847 83.561424 9.590628
v 12.469131 98.105583 9.384877
v 15.477839 86.205894 5.946352
v 15.592839 84.959343 5.336971
v 15.049949 86.433708 6.706227
v 15.092834 85.526031 6.984213
v 12.220969 84.371902 10.967678
v 14.299903 84.824753 8.631776
v 14.283539 82.744186 8.681282
v 14.702121 85.691978 7.712255
v 14.304794 83.803474 8.667854
v 13.696574 83.811653 9.512125
v 13.739937 81.808357 9.435816
v 14.669118 82.715469 7.740443
v 13.099040 85.001976 10.223443
v 13.178583 86.971451 9.945576
v 13.759368 85.909966 9.312096
v 12.467299 86.180939 10.655108
v 13.780475 86.900360 9.199902
v 13.147258 86.016029 10.055141
v 13.799619 87.890633 9.125250
v 13.733477 81.109726 9.425965
v 15.229087 84.062859 6.726464
v 14.756388 86.640640 7.538369
v 12.368407 85.261848 10.796558
v 13.672200 79.779930 9.467662
v 14.216468 81.715111 8.739898
v 9.626902 83.632774 12.183475
v 10.669777 83.750206 11.969190
v 9.806493 82.622826 12.194945
v 10.962952 81.903488 11.914245
v 10.402065 79.824913 12.145299
v 9.003635 81.428429 12.410973
v 10.190875 80.751915 12.179139
v 7.203638 80.110405 12.425952
v 8.194296 80.277336 12.557188
v 12.666881 93.706612 9.374084
v 10.426796 91.288376 11.230962
v 12.112523 93.362198 9.868469
v 11.567045 93.673370 10.722691
v 12.415204 92.650627 9.814165
v 11.989083 91.662552 10.203803
v 10.417655 96.889931 10.139461
v 9.417893 95.546417 10.924438
v 8.417750 93.927513 11.299900
v 10.123288 95.806389 10.545448
v 9.626201 94.939888 10.607650
v 3.718234 80.956551 11.099355
v 14.616747 89.185158 7.684147
v 14.653452 88.524185 7.641273
v 14.273559 88.947861 8.400067
v 15.162287 90.256966 6.116703
v 13.931269 92.457817 8.792198
v 13.354853 92.180283 9.400288
v 12.926994 91.146400 9.905477
v 14.061510 91.584473 8.681346
v 14.126342 90.708885 8.576581
v 14.456459 91.814545 7.921420
v 15.069432 80.097069 5.642190
v 14.931810 81.453331 6.744035
v 14.490524 80.381950 7.994096
v 14.312698 79.014961 8.343035
v 15.039986 78.790573 4.405191
v 7.494051 78.167816 12.411621
v 6.528234 77.013992 12.225082
v 4.892279 93.613060 11.334229
v 5.555312 93.087296 10.693007
v 4.696064 92.369949 10.626784
v 7.065765 93.113335 11.642693
v 6.832229 95.068062 11.373992
v 7.735725 94.775482 11.294330
v 7.092496 94.018791 11.534881
v 8.273385 89.938278 12.474102
v 10.332584 86.925194 11.674046
v 9.663196 90.366676 11.565670
v 8.993563 88.561928 11.658272
v 9.345502 89.414536 11.565761
v 8.311992 88.904198 12.084338
v 8.695233 92.356987 11.062431
v 8.406630 91.591103 11.370936
v 7.791312 93.034805 11.217957
v 9.307624 91.007607 12.216549
v 7.875235 92.156799 11.101971
v 8.529578 93.125801 10.947346
v 6.930841 91.489761 11.293411
v 15.398503 84.889236 4.380700
v 13.003455 79.650322 10.443881
v 6.590835 82.597252 12.191565
v 8.801785 82.355583 12.407816
v 9.430124 84.822594 12.097981
v 8.595383 85.507805 12.130260
v 11.062057 86.547844 11.486362
v 10.836771 85.689919 11.677379
v 11.620395 85.475769 11.258152
v 11.226785 92.272858 10.689777
v 10.151258 93.472862 11.537107
v 9.063432 92.033897 11.915127
v 10.044405 92.588600 11.889770
v 9.697293 96.557144 10.468999
v 11.065133 97.288872 9.778147
v 3.181337 82.247017 10.831607
v 12.397792 90.236069 10.354517
v 12.484745 88.726196 10.436743
v 13.635986 90.526230 9.281994
v 14.743743 78.880684 6.954633
v 13.928372 78.474655 8.993429
v 14.309623 77.570091 8.122460
v 2.362887 78.690086 9.835466
v 3.156781 78.783104 10.616773
v 1.643932 79.434669 9.196355
v 2.201354 80.449699 9.821760
v 1.712510 78.673698 9.000604
v 8.881320 77.280380 12.444473
v 8.593519 78.358818 12.527354
v 9.399318 79.576500 12.362411
v 7.323921 79.174339 12.406332
v 6.264275 79.095390 12.234010
v 5.174981 80.376701 11.850050
v 4.240942 76.904625 11.185407
v 10.995392 88.808510 11.246712
v 9.869182 88.196930 11.571744
v 5.364134 84.723427 12.053149
v 4.660244 85.155884 11.682897
v 11.151619 94.365074 11.310293
v 2.750353 82.286690 10.431465
v 1.472815 80.218353 9.083301
v 2.923686 80.656723 10.525654
v 2.780924 81.509277 10.423261
v 3.062223 79.742844 10.621575
v 4.593162 81.473862 11.540293
v 11.537920 79.161827 11.533104
v 11.895226 78.180344 11.246365
v 12.741187 77.947289 10.445066
v 12.977550 78.777901 10.425510
v 7.537990 82.991875 12.353836
v 3.288897 83.845848 10.737720
v 3.725882 84.695053 10.871048
v 6.246999 84.368767 11.976338
v 7.210632 84.000664 12.213272
v 5.795135 85.584450 12.237241
v 8.117728 84.935226 12.232971
v 8.179222 86.768120 12.005426
v 7.685226 88.115753 12.163170
v 6.527831 83.357376 12.156845
v 5.799306 83.485306 12.001308
v 6.213759 86.430710 12.383705
v 5.164128 85.978172 11.781440
v 7.785865 85.872032 12.106906
v 4.582726 82.977974 11.503538
v 8.561836 87.685081 11.806997
v 6.598833 87.258598 12.497713
v 3.401138 81.730209 10.934094
v 7.126536 80.934174 12.357232
v 11.838518 77.034645 11.261462
v 3.441287 82.738556 11.052456
v 3.802758 83.463318 11.329491
v 5.189117 90.807655 11.213672
v 4.726596 91.627136 10.445540
v 4.382562 90.211784 10.722729
v 12.672500 81.441063 10.759206
v 11.922032 81.220978 11.292933
v 11.820365 87.129959 11.005033
v 10.633657 78.880814 12.072254
v 11.745019 86.332512 11.105633
v 12.502388 87.046783 10.541413
v 11.776278 88.734726 10.906484
v 11.803066 89.484886 10.807693
v 10.859031 87.811363 11.416244
v 3.204487 89.737244 10.752537
v 14.960410 77.530983 4.353696
v 14.809623 98.346382 3.089858
v 13.804006 101.495392 4.568984
v 12.963424 101.392738 7.765459
v 12.779009 101.460358 8.428965
v 3.741812 98.662483 12.926358
v 1.802397 87.829353 10.403398
v 2.197322 87.939949 10.097739
v 1.989189 85.965096 9.147200
v 0.231931 77.954880 3.575819
v 0.398306 77.242317 3.207361
v 15.116165 80.039062 4.435381
v 15.327621 81.260246 4.448089
v 15.428151 82.482239 4.449255
v 15.436110 83.704453 4.438666
v 15.917917 85.878418 4.269403
v 16.108637 86.827888 4.144873
v 16.133850 87.345749 3.993608
v 15.894332 88.039589 4.381980
v 15.847789 89.316849 4.347358
v 15.763305 90.467949 4.328424
v 15.600519 91.573784 4.329991
v 15.376207 92.652657 4.368135
v 14.823405 95.553917 4.654299
v 14.863174 96.631477 4.684864
v 14.200670 97.581795 4.473235
v 13.935063 98.765114 4.431787
v 13.680409 99.950371 4.347466
v 14.320002 100.058548 5.407518
v 13.311516 99.877419 6.164430
v 13.642118 99.984627 7.353374
v 2.886248 98.264091 13.657432
v 2.542316 97.274208 12.758289
v 2.234440 95.967934 12.338930
v 2.178329 94.783188 12.161701
v 2.165241 93.591103 12.138290
v 2.182867 92.404350 12.159022
v 2.230735 91.215187 12.038671
v 1.034402 84.950768 9.308312
v 0.904748 83.850288 8.854300
v 0.967440 82.791603 8.368148
v 0.495691 81.773491 7.972505
v 0.400127 80.966278 7.179038
v 0.159977 80.362755 6.519151
v 0.123283 79.830811 5.805413
v 14.911006 77.502281 5.649858
v 14.672028 77.513084 6.925962
v 10.460908 100.840012 10.878610
v 10.810680 100.817642 9.951777
v 3.456593 98.001411 12.388721
v 3.812865 97.368004 12.282712
v 4.976968 97.030037 11.905169
v 3.885815 96.454201 12.272235
v 4.969411 96.409454 12.195846
v 3.821477 95.705147 12.339990
v 4.980335 95.662193 12.075688
v 3.831926 95.036194 12.306681
v 3.771915 93.481056 12.147577
v 4.686650 93.082726 10.858026
v 3.380437 88.281776 10.353096
v 3.991282 88.789619 10.210675
v 13.497998 100.099968 8.478813
v 12.238668 101.147392 8.790925
v 12.521508 99.851456 8.591186
v 6.395828 99.247787 11.802049
v 7.491406 99.350761 12.313373
v 8.657125 99.333618 11.814281
v 9.602859 99.554352 11.050776
v 0.449847 77.290855 5.468855
v 1.631054 76.935631 8.523190
v 3.223042 76.874474 10.410089
v 5.340768 76.959465 11.822495
v 7.732768 77.110115 12.426209
v 10.812038 76.964256 11.794633
v 12.664524 76.988792 10.417928
v 13.419169 76.936920 9.639759
v 13.872550 76.899071 8.953494
v 11.318182 100.922089 9.398617
v 3.075760 90.624046 11.067435
v 4.789403 90.845909 10.461636
v 11.547210 99.650764 10.049796
v 3.108866 92.440666 12.140174
v 14.527999 98.879227 5.558402
v 13.788239 98.900352 6.658565
v 13.078513 99.140800 7.658642
v 13.592241 99.170723 8.598793
v 12.806258 99.155800 8.974655
v 5.842455 97.628738 12.267352
v 12.083834 99.856064 9.507967
v 14.989784 78.811584 5.670146
v 15.204729 81.345467 5.611384
v 5.878562 95.676842 11.848240
v 15.214098 82.590340 5.562568
v 15.268607 83.841118 5.514327
v 15.880890 86.007339 5.138908
v 2.672207 88.397026 10.345207
v 0.140635 78.371117 4.528195
v 5.721916 95.022446 11.498849
v 5.499198 94.485329 11.079071
v 5.503585 93.843193 10.744926
v 5.565509 92.304787 10.741748
v 5.331262 91.609077 11.064874
v 10.019727 76.877296 12.170365
v 5.116782 89.978729 10.970324
v 4.761649 89.167618 10.962127
v 4.450161 88.392601 10.673932
v 3.218964 87.234612 10.791618
v 1.970708 84.607597 9.658558
v 1.258156 82.474342 9.320941
v 0.793775 80.439568 7.862172
v 0.276643 79.201729 6.364051
v 0.230290 78.618195 5.493559
v 2.238492 88.926971 10.924210
v 3.178226 95.635338 12.288489
v 3.102505 94.687004 12.361766
v 7.428239 98.144737 12.029292
v 3.370160 95.120659 12.377978
v 14.634677 97.623016 5.694660
v 14.355705 96.421638 5.715151
v 14.939391 95.464729 5.687174
v 14.962313 94.455261 5.535021
v 14.892016 93.442894 5.376526
v 15.464783 88.211098 5.371356
v 11.821599 99.503967 8.980100
v 13.911578 77.690605 8.957003
v 13.426831 77.821434 9.697862
v 10.229771 98.810997 10.234362
v 0.239463 77.910194 4.814096
v 2.346655 77.787170 9.691659
v 3.201712 77.827080 10.524606
v 4.176187 77.907158 11.245900
v 6.370350 78.066498 12.225570
v 10.795436 77.931328 11.837792
v 15.000832 82.704063 6.696400
v 15.524333 85.188530 6.314084
v 12.958854 98.127983 7.946651
v 13.475616 98.337822 8.825451
v 12.846326 98.557281 9.188137
v 0.375672 78.131706 6.117417
v 9.835780 77.678963 12.224902
v 12.172559 98.861023 9.072483
v 12.396921 78.817863 10.920296
v 14.721736 95.230759 6.700867
v 14.777074 93.223404 6.316685
v 14.962943 92.237419 6.213673
v 15.206011 89.282555 6.154613
v 15.176101 88.327316 6.260104
v 6.502439 96.430412 11.315557
v 6.232978 95.189903 10.872809
v 6.365160 93.857796 10.929771
v 6.352241 93.078766 11.084459
v 6.156600 92.358826 11.416752
v 6.075334 91.539490 11.568874
v 6.043734 90.640251 11.569943
v 5.831770 89.699669 11.446282
v 5.570033 88.821236 11.091140
v 3.746021 86.778778 11.311007
v 3.339603 85.948082 10.991226
v 3.030483 85.149376 10.457640
v 2.360964 83.298309 9.988304
v 2.070304 81.381882 9.739784
v 1.081615 79.797241 8.311912
v 10.704441 98.004768 9.849833
v 0.537145 78.596535 6.974336
v 8.641265 97.729454 11.514899
v 4.103998 78.936241 11.280202
v 5.182584 79.097649 11.831796
v 9.795886 98.151299 10.362274
v 14.595035 81.564003 7.814180
v 14.827580 83.839439 7.788034
v 8.377466 79.347404 12.429309
v 12.271718 79.491081 11.034730
v 15.119331 87.390358 6.477118
v 15.111415 84.796410 7.226772
v 4.895789 87.176003 11.780608
v 4.537275 86.399750 11.359218
v 4.164598 85.557983 11.060971
v 2.936275 83.043205 10.578836
v 6.098677 88.717354 11.977487
v 6.787395 89.444786 11.471744
v 6.651052 94.535439 11.321849
v 7.000728 95.673523 11.148456
v 6.988361 96.173454 11.096334
v 12.730278 97.344864 8.556060
v 14.615218 93.953819 7.425976
v 14.668139 92.988121 7.233484
v 14.775487 91.081642 6.980704
v 14.846745 90.152428 6.942544
v 14.894572 89.261497 6.956499
v 8.702243 97.009811 11.041007
v 9.351734 97.297394 10.520384
v 2.311244 79.574486 9.875485
v 11.322198 80.076859 11.720401
v 12.135924 97.349159 9.655454
v 14.059628 80.743950 8.926050
v 7.466423 96.346115 11.241467
v 12.096519 80.334221 11.181709
v 12.788901 80.548294 10.571492
v 13.390238 80.772682 9.912030
v 14.802503 87.604195 7.312100
v 14.742581 84.788391 7.844027
v 12.887622 96.970879 9.860848
v 12.837290 96.055634 8.635371
v 14.378534 92.729897 8.074503
v 14.497855 90.905571 7.810631
v 7.568643 95.688652 11.600161
v 7.581180 91.546371 11.186848
v 7.914593 91.054840 11.363703
v 7.807148 93.647606 11.476675
v 5.963490 87.550774 12.182011
v 6.246368 88.138290 12.406706
v 4.203213 84.309464 11.539651
v 6.446109 80.763855 12.241349
v 11.128400 80.987938 11.831244
v 3.997154 79.997200 11.245516
v 12.388499 96.169434 10.452992
v 9.201375 80.508514 12.404981
v 8.027059 81.174553 12.499119
v 4.013738 82.228905 11.237991
v 13.259177 81.663185 10.105320
v 14.338661 85.816833 8.546724
v 14.315700 86.828011 8.365047
v 13.723676 82.749893 9.474472
v 6.866374 88.061089 12.582970
v 12.439127 95.590523 9.255530
v 13.686164 93.311417 8.897655
v 14.181854 89.837967 8.491903
v 8.763881 95.128319 11.280708
v 4.966583 83.868088 11.801741
v 7.511491 88.700142 12.555369
v 9.995785 81.676727 12.190621
v 5.973088 81.300720 12.138305
v 6.871231 81.720512 12.282854
v 11.753997 82.113762 11.387730
v 8.734738 90.519371 12.367183
v 8.658134 91.475273 12.044061
v 13.719833 84.887184 9.425870
v 14.382347 87.959244 8.175869
v 9.230157 94.265770 10.726961
v 8.790486 91.949532 11.413386
v 5.476608 82.366173 11.958285
v 12.485428 82.356400 10.867599
v 13.151772 82.643974 10.263787
v 7.308806 87.103935 12.035084
v 6.954494 86.184853 11.990590
v 6.600976 85.294579 11.959328
v 7.806560 82.060966 12.431577
v 8.765117 89.601707 12.059074
v 12.196612 95.234962 9.998168
v 13.063153 92.975212 9.420244
v 13.536345 91.362755 9.356122
v 13.693987 89.688011 9.221339
v 10.762805 82.817070 11.891121
v 9.414168 93.217888 10.909522
v 9.232972 92.630264 11.530126
v 12.074315 94.686333 10.736240
v 11.321774 95.395592 10.844586
v 11.577785 82.990044 11.457921
v 12.267203 83.239487 10.997170
v 12.889226 83.812607 10.397104
v 9.086666 90.151382 12.042625
v 7.430423 85.024879 12.133048
v 12.695648 91.919037 9.873677
v 13.048865 90.372459 9.888213
v 13.118285 89.580086 9.872871
v 13.161290 88.753578 9.868750
v 10.334404 94.132790 10.795753
v 11.453116 83.786713 11.523636
v 13.186116 87.880646 9.886295
v 11.985356 83.798347 11.170888
v 8.582671 83.316658 12.406514
v 9.807540 91.721840 12.047544
v 11.196071 93.307899 11.401654
v 11.641887 93.084297 10.356084
v 11.783533 92.414978 10.218347
v 12.241508 90.960030 10.331510
v 12.465894 89.508858 10.389420
v 10.638831 84.719933 11.868538
v 10.159934 89.066299 11.376382
v 9.457815 87.302788 11.781959
v 9.042069 86.386948 11.962790
v 10.834956 92.323784 11.433124
v 11.497595 84.587982 11.427908
v 12.501884 87.892548 10.491868
v 10.429552 89.852837 11.140857
v 11.295330 92.905571 10.791021
v 11.230173 91.484016 10.568097
v 11.540455 90.764122 10.655130
v 11.774158 90.143486 10.731033
v 9.916946 85.955238 11.874193
v 10.879782 90.476456 10.900536
v 11.763793 87.895432 10.997368
v 11.262338 87.165764 11.331832
v 11.141360 89.559441 11.081304
v 11.276099 90.066719 10.937875
v 0.135334 100.293854 12.581332
v 0.638195 100.404953 12.518840
v 1.164306 100.509895 12.472577
v 1.708596 100.596130 12.438114
v 2.268423 100.668159 12.408074
v 2.839234 100.734093 12.370460
v 3.383058 100.795807 12.335368
v 7.491973 101.898872 11.471530
v 7.008683 101.767868 11.622390
v 13.404485 102.575317 2.564371
v 13.295435 103.027565 2.713951
v 13.243526 103.637566 2.899241
v 13.182724 104.260582 3.075240
v 13.096469 104.890114 3.241872
v 13.015128 105.512100 3.405176
v 13.041183 106.109886 3.559941
v 12.971949 106.011024 4.308967
v 12.867815 105.859756 5.038583
v 12.697131 105.714615 5.763693
v 12.494151 105.577942 6.472168
v 12.249475 105.454887 7.161164
v 11.956633 105.359734 7.823639
v 11.614348 105.278542 8.458807
v 11.226606 105.215393 9.056186
v 10.751607 105.177673 9.587401
v 10.230552 105.125908 10.091044
v 9.665779 105.065483 10.533041
v 9.078666 105.008461 10.933057
v 8.457230 104.951782 11.285834
v 7.813450 104.901199 11.605731
v 7.151226 104.838951 11.888248
v 6.477575 104.782547 12.140121
v 5.794780 104.717339 12.375603
v 5.102341 104.653847 12.588614
v 4.405037 104.581253 12.793079
v 4.249711 104.530846 13.366446
v 2.267152 104.796944 14.703832
v 4.182732 106.115677 13.930252
v 1.285661 103.323647 11.456002
v 1.963467 105.308952 13.598610
v 0.271119 106.301994 11.647903
v -0.957857 104.642105 13.083505
v -0.710240 103.568871 13.222034
v -0.661110 102.944290 13.171532
v -0.599981 102.315987 13.047469
v -0.535406 101.703979 12.899135
v -0.472320 101.112755 12.753776
v -0.414867 100.645805 12.677506
v 0.073283 101.245796 12.724250
v 0.618955 101.366318 12.686585
v 1.475476 101.469643 12.604824
v 2.315760 101.566376 12.519378
v 3.147234 101.642662 12.423949
v 3.950403 101.730522 12.280770
v 4.737929 101.841354 12.137601
v 5.512276 101.972977 12.003121
v 6.250068 102.136940 11.889316
v 6.934402 102.346100 11.836672
v 7.431446 102.479515 12.260171
v 7.610650 102.385651 11.578492
v 8.209296 102.209068 11.250899
v 8.896792 102.132347 10.928378
v 9.603826 102.098030 10.574442
v 10.244314 102.111382 10.099683
v 10.837328 102.147636 9.563000
v 11.386396 102.198616 9.001754
v 11.809208 102.298393 8.347872
v 12.232346 102.423119 7.690738
v 12.574691 102.551689 6.978397
v 12.778920 102.667786 6.208484
v 12.988421 102.793785 5.416488
v 13.139922 102.868858 4.614703
v 13.211921 102.926445 3.797857
v 13.258591 102.972023 3.251441
v 13.297603 102.472656 3.669946
v 13.162374 103.466713 3.914872
v 13.101367 103.999779 4.052735
v 13.039490 104.529175 4.197529
v 12.966893 105.045647 4.359747
v 12.927818 105.409599 4.497968
v 12.888778 105.774269 4.634980
v 12.944066 105.964188 4.109643
v 13.007962 105.638992 3.547031
v 13.043200 105.154800 3.510850
v 13.000514 105.102173 3.933669
v 12.888486 104.902687 5.124511
v 12.693798 104.752907 5.877760
v 12.500567 104.614273 6.640639
v 12.245660 104.487381 7.389770
v 11.862418 104.386467 8.067035
v 11.478808 104.306755 8.742743
v 11.016013 104.242485 9.358466
v 10.463535 104.194542 9.864386
v 9.916210 104.136818 10.372976
v 9.284272 104.076256 10.779483
v 8.607841 104.021828 11.104980
v 7.935133 103.973404 11.428512
v 7.235115 103.919876 11.683852
v 6.526849 103.866112 11.922531
v 5.817214 103.804886 12.162589
v 5.089425 103.744949 12.357526
v 4.346010 103.686455 12.548835
v 3.579767 103.645424 12.728779
v 2.790907 103.602432 12.854691
v 1.987976 103.548729 12.957343
v 1.178582 103.494011 13.045784
v 0.378599 103.415703 13.131934
v -0.065561 103.344765 13.169196
v -0.507779 103.268738 13.191597
v -0.618078 103.727821 13.237238
v -0.143604 104.208130 13.208865
v 0.440104 104.197021 13.172772
v 0.407620 103.805260 13.155364
v 0.391270 102.897789 13.244524
v 0.441306 102.404137 13.043447
v 0.503461 101.906960 12.827288
v 0.638452 100.889694 12.602476
v 0.106056 100.777229 12.652488
v 1.465216 100.982414 12.520434
v 0.990996 103.911987 13.113297
v 13.380879 102.526024 2.985741
v 10.608407 104.687927 9.701852
v 11.140779 104.727043 9.219006
v 11.531280 104.787392 8.585823
v 11.899823 104.869507 7.937413
v 12.481757 105.089348 6.553943
v 13.070989 104.662758 3.730243
v 12.666994 105.222710 5.826691
v 2.729373 100.927574 12.372176
v 7.168999 102.067978 11.987690
v -0.002164 101.797653 12.853989
v 13.203837 103.540955 3.408840
v 2.243016 102.447227 13.092155
v 1.386786 101.979057 12.796863
v 1.269435 102.917679 13.144592
v 8.085626 103.272850 11.769806
v 9.174751 103.181046 10.858069
v 10.443547 103.114075 9.904605
v 11.972807 103.469383 8.023322
v 13.065848 102.124046 5.823712
v 13.177526 102.381950 4.687262
v 12.826842 103.744522 5.691634
v 2.745785 102.528641 12.675672
v 3.016697 102.064667 12.715265
v 5.215833 102.995079 12.226019
v 6.018974 103.366203 12.488799
v 4.571193 102.340179 12.271531
v 7.047254 103.666313 12.042576
v 7.719231 103.393044 11.967924
v 7.627803 103.033119 11.505992
v 8.624667 103.230034 11.353131
v 9.338147 101.488106 10.668250
v 9.047523 102.662476 10.877839
v 11.417770 102.916374 8.911907
v 10.343946 102.600098 9.997760
v 11.119312 103.132286 9.280997
v 12.316673 103.445435 7.432919
v 11.704125 103.032875 8.472404
v 11.592143 103.356262 8.633559
v 12.611671 103.602737 6.528316
v 1.814597 100.825195 12.460822
v 13.349811 102.503601 3.288342
v 13.142751 104.115799 3.565637
v 12.953621 105.537865 4.019747
v -0.108061 103.784523 13.199387
v 13.083139 103.369812 4.744559
v 13.025764 103.876137 4.875679
v 12.961528 104.386574 5.002736
v 12.855176 105.348999 5.127537
v 12.264331 104.967201 7.282976
v 10.112138 104.637505 10.157730
v 9.732998 104.593590 10.506407
v 9.149192 104.539970 10.842799
v 8.502044 104.492798 11.145522
v 7.846143 104.445374 11.457000
v 7.171172 104.390724 11.732744
v -0.112467 102.878288 13.219092
v -0.071727 102.352081 13.033156
v 1.368534 102.421120 13.082642
v 13.263468 102.221329 5.239353
v 12.824752 102.004105 6.548544
v 12.515980 101.888443 7.269275
v 12.140844 101.758575 7.972756
v 11.696630 101.646980 8.641316
v 11.193693 101.577591 9.277969
v 10.602948 101.520027 9.816640
v 9.989302 101.493446 10.303739
v 8.815785 101.510597 10.934370
v 1.663402 103.971184 13.071036
v 2.188319 104.009987 13.014183
v 2.888752 104.059837 12.915004
v 3.632327 104.097954 12.796996
v 4.361576 104.148438 12.608086
v 5.073452 104.217369 12.402984
v 5.785794 104.275490 12.210545
v 2.281080 101.154739 12.438963
v 2.232011 102.041428 12.753184
v 12.760471 104.246033 5.788198
v 12.555770 104.108635 6.588841
v 12.295253 103.986183 7.383227
v 11.916178 103.909035 8.050688
v 11.533515 103.814751 8.709532
v 11.054915 103.707497 9.331197
v 10.498031 103.656120 9.911055
v 9.958446 103.625565 10.480849
v 9.387167 103.632133 11.006311
v 2.273282 100.894981 12.419188
v 3.074132 101.155922 12.320603
v 3.866142 101.229218 12.189239
v 4.517002 101.233269 12.061790
v 5.134512 101.297302 11.956061
v 6.259508 101.441528 11.739065
v 5.751116 101.378860 11.840145
v 7.572734 102.038666 11.964132
v 7.677843 101.898216 11.702482
v 6.382746 101.650383 11.767876
v 5.664266 101.632355 11.906477
v 5.006675 101.564919 12.033786
v 8.186710 101.773926 11.223759
v 8.852252 101.786217 10.934019
v 9.491859 101.780937 10.610116
v 10.092952 101.798027 10.146122
v 10.723052 101.833870 9.685851
v 11.228055 101.879784 9.076413
v 11.745826 101.966148 8.480917
v 12.171759 102.087166 7.819943
v 12.583342 102.221916 7.141553
v 12.798034 102.319817 6.371688
v 12.985822 102.410583 5.568988
v 3.741216 102.228706 12.435428
v 5.358054 102.476440 12.144855
v 6.064779 102.641472 11.983968
v 6.635845 102.582703 12.237435
v 7.166388 102.932022 12.154296
v 8.378125 102.778419 11.217710
v 9.736416 102.606483 10.524200
v 10.938862 102.611565 9.454830
v 11.395529 102.594933 8.955119
v 11.758549 102.680847 8.399744
v 12.137434 102.819191 7.818680
v 12.482475 102.984825 7.188197
v 12.692444 103.129875 6.370711
v 12.906839 103.259766 5.559910
v 8.774255 103.699745 11.438772
v 8.158257 103.722282 11.774598
v 7.625612 103.703453 12.003901
v 6.478880 104.338036 11.970408
v 6.619388 103.571999 12.218119
v 5.197104 103.304436 12.667412
v 4.406076 103.238297 12.723052
v 3.616756 103.258507 12.652135
v 3.047875 103.322777 12.769115
v 2.737401 103.118935 12.782640
v 4.489143 101.508659 12.118467
v 1.962142 102.923233 12.923205
v 7.277753 103.499367 12.212624
v 12.043353 103.189934 7.946221
v 9.840174 103.118462 10.455182
v 2.470254 102.858887 12.770135
v 4.415666 102.848816 12.401134
v 5.904411 102.822075 12.456229
v 6.410837 102.964127 12.168313
v 6.862479 103.214165 11.948490
v 7.363456 103.437416 11.824845
v 3.447910 102.786919 12.606543
v 6.861221 103.308556 12.328896
v 6.464121 103.174553 12.426178
v -13.339581 102.876282 1.018773
v -13.252258 103.099968 0.529887
v -13.162862 103.409256 -0.179682
v -12.951217 103.689720 -0.889940
v -12.682811 103.954979 -1.600233
v -12.365790 104.212822 -2.299071
v -11.988087 104.460609 -2.970588
v -11.474907 104.690735 -3.556213
v -10.935155 104.914528 -4.121862
v -10.355857 105.118484 -4.646802
v -9.704652 105.290894 -5.089326
v -9.023057 105.441521 -5.494520
v -8.313740 105.578880 -5.847113
v -7.558004 105.673637 -6.085982
v -6.782750 105.745789 -6.272070
v -5.997402 105.797417 -6.423282
v -5.204866 105.852226 -6.542027
v -4.409102 105.899147 -6.633270
v -3.610875 105.934486 -6.698391
v -2.811672 105.965996 -6.735145
v -2.011958 105.993279 -6.759320
v -1.213433 106.021706 -6.767366
v -0.423081 106.052147 -6.756047
v 0.103492 106.074150 -6.743055
v 0.626083 106.095940 -6.723368
v 0.627791 106.238235 -6.274251
v 0.616401 106.662796 -6.058704
v 0.602912 107.204521 -6.006922
v 0.588071 107.747475 -5.933235
v 0.597802 107.916908 -5.408552
v 0.597154 108.364845 -5.086666
v 0.591285 108.848351 -5.047746
v 0.590474 109.231224 -5.338402
v 0.054996 109.236511 -5.335884
v -0.482227 109.202385 -5.347678
v -1.246494 109.187881 -5.343516
v -2.014753 109.185844 -5.323158
v -2.785614 109.184929 -5.288828
v -3.557637 109.179649 -5.239440
v -4.329313 109.164688 -5.172779
v -5.097995 109.139397 -5.084240
v -5.862883 109.105156 -4.970247
v -6.620062 109.053612 -4.821435
v -7.367872 108.980629 -4.632819
v -8.097110 108.883072 -4.398685
v -8.790565 108.755005 -4.083889
v -9.456542 108.611893 -3.719557
v -10.067377 108.441422 -3.280377
v -10.631781 108.250916 -2.782871
v -11.138733 108.032181 -2.237576
v -11.598289 107.813614 -1.647486
v -12.012256 107.602287 -1.022623
v -12.324083 107.392860 -0.349733
v -12.581527 107.189651 0.356344
v -12.791411 106.970886 1.086982
v -12.932445 106.758690 1.829203
v -13.039894 106.477013 2.552171
v -12.997637 105.883743 2.408640
v -13.058377 105.269524 2.249229
v -13.145490 104.659355 2.084359
v -13.201509 104.064568 1.907604
v -13.240191 103.485130 1.721611
v -13.533034 103.109398 1.603278
v -13.202212 103.723099 1.238811
v -13.160088 103.962334 0.762459
v -13.020479 104.286255 0.047751
v -12.838114 104.582642 -0.685096
v -12.583232 104.855911 -1.398029
v -12.220763 105.098953 -2.067848
v -11.868552 105.350525 -2.735669
v -11.358863 105.577332 -3.315575
v -10.810103 105.791893 -3.844595
v -10.186732 105.971878 -4.304167
v -9.581614 106.163780 -4.787533
v -8.896961 106.307732 -5.162371
v -8.166389 106.397072 -5.413795
v -7.428028 106.495949 -5.660736
v -6.662785 106.546425 -5.810573
v -5.888001 106.586510 -5.932707
v -5.116295 106.612450 -6.018498
v -4.340136 106.642128 -6.092358
v -3.560023 106.662682 -6.137731
v -2.776432 106.685020 -6.186455
v -1.995775 106.663979 -6.150358
v -1.216997 106.655632 -6.124296
v -0.442068 106.660233 -6.097278
v 0.086256 106.653191 -6.062160
v -0.441370 106.226578 -6.306006
v -0.425417 107.187881 -5.988247
v -0.425931 107.728188 -5.912452
v -0.426352 107.878250 -5.387456
v -0.458031 108.354309 -5.137270
v -0.471356 108.827629 -5.057131
v 0.069750 108.357536 -5.099417
v -1.213652 108.347122 -5.178584
v -1.973451 108.342278 -5.237173
v -2.729003 108.353981 -5.322684
v -3.490745 108.319595 -5.300626
v -4.250982 108.292824 -5.284115
v -5.009521 108.259537 -5.241032
v -5.766170 108.223267 -5.189203
v -6.518754 108.173965 -5.090687
v -7.267473 108.117058 -4.958088
v -8.018334 108.071411 -4.810902
v -8.709470 107.923523 -4.498591
v -9.390553 107.787476 -4.153633
v -10.047068 107.646049 -3.764243
v -10.614904 107.453430 -3.261632
v -11.183009 107.269714 -2.754555
v -11.663116 107.047508 -2.156227
v -12.078020 106.815529 -1.506338
v -12.463496 106.591980 -0.828656
v -12.647913 106.368828 -0.096331
v -12.828630 106.162842 0.632076
v -12.937675 105.938515 1.343981
v -12.973395 105.780655 1.756406
v -13.016128 105.618340 2.163195
v -12.989959 106.057693 2.355302
v -12.915667 106.623940 2.013058
v -12.820874 106.716019 1.470543
v -12.888552 106.324791 1.407392
v -13.009277 105.441246 1.229356
v -13.079646 104.948601 1.090959
v -13.149451 104.457375 0.937083
v -13.385364 103.553764 0.615973
v -13.457549 103.331863 1.114309
v -13.038428 105.319763 1.712237
v -13.176477 104.259575 1.418056
v -13.141327 104.800621 1.578781
v -1.218784 106.242332 -6.350946
v -1.986951 107.880531 -5.488403
v -2.780625 107.678055 -6.001114
v -5.115858 107.643349 -5.914960
v -6.709631 107.557945 -5.712788
v -1.232833 108.803604 -5.074476
v -10.928082 106.758926 -3.803737
v -12.014230 106.347282 -2.542203
v -12.351669 105.831841 -1.444096
v -12.713103 105.506493 -0.510363
v -6.392732 107.780235 -5.300006
v -4.342301 107.643517 -5.978638
v -6.070253 107.179665 -5.634566
v -6.338109 107.761955 -5.646052
v -7.503251 106.864967 -5.475916
v -8.878276 107.187614 -5.181906
v -8.668728 107.412292 -4.770479
v -8.165864 107.176109 -5.463219
v -9.610322 107.087608 -4.788520
v -10.773014 106.287376 -3.704078
v -11.373636 106.071121 -3.118251
v -11.931018 105.806496 -2.330041
v -12.314777 106.245049 -1.958140
v -1.989508 107.689323 -5.977517
v -4.287770 107.836769 -5.506942
v -5.845529 107.678406 -5.800065
v -7.670611 107.099442 -5.632437
v -11.518705 106.552528 -3.199995
v -12.997452 103.921524 -0.134729
v 0.090412 106.226562 -6.284254
v 0.087905 107.191811 -6.004930
v 0.086904 107.899681 -5.392391
v 0.060561 108.837975 -5.061601
v -12.930190 106.202553 1.890000
v -12.978846 104.749245 0.177764
v -1.211337 107.168396 -5.968710
v -1.994725 107.159264 -5.954125
v -2.778000 107.155518 -5.943816
v -3.558091 107.139977 -5.892410
v -4.340967 107.134033 -5.850432
v -5.146831 107.141090 -5.769503
v -6.866994 106.982353 -5.566198
v -8.120980 106.810928 -5.239900
v -8.815145 106.758659 -4.997112
v -9.494531 106.633812 -4.640909
v -10.107162 106.460899 -4.133353
v -12.213509 105.394066 -1.915265
v -12.514571 105.288162 -1.349568
v -12.778777 105.032593 -0.592112
v -1.209885 107.879860 -5.430710
v -1.203411 107.699600 -5.932396
v -12.875279 105.691154 0.465187
v -12.827164 105.959328 -0.332560
v -12.616635 106.245972 -1.139354
v -12.099677 106.411156 -1.704106
v -11.742856 106.633316 -2.332358
v -11.247280 106.838112 -2.934657
v -10.667402 107.002586 -3.466636
v -10.087107 107.192863 -3.984089
v -9.395185 107.301575 -4.382834
v -7.021686 107.661644 -5.221437
v -5.754081 107.803093 -5.385568
v -5.032441 107.817810 -5.456002
v -3.526156 107.856445 -5.526994
v -2.755497 107.864311 -5.509385
v -1.995657 108.783928 -5.084485
v -12.722370 106.551430 0.824265
v -12.597362 106.771378 0.123314
v -12.393987 106.984230 -0.586293
v -12.041171 107.199829 -1.259666
v -11.634156 107.423195 -1.900721
v -12.923691 105.220840 0.308276
v -2.758280 108.761391 -5.094668
v -3.521176 108.737999 -5.093687
v -4.282106 108.711342 -5.077095
v -5.043446 108.677734 -5.032580
v -5.801998 108.641983 -4.982935
v -6.554595 108.594292 -4.888186
v -7.299713 108.537346 -4.756368
v -8.017203 108.429886 -4.506952
v -8.743776 108.332939 -4.279853
v -9.423431 108.197746 -3.937594
v -10.057447 108.041031 -3.523636
v -10.624193 107.849831 -3.021702
v 0.080727 107.736282 -5.918450
v -11.191096 107.664665 -2.518718
v -12.877932 104.176811 -0.735104
v -12.344653 104.609398 -2.063031
v -12.916820 104.229057 -0.517919
v -11.774875 104.923393 -2.901240
v -10.940063 105.317642 -3.898020
v -10.558742 105.481133 -4.299205
v -12.107642 104.775345 -2.514345
v -9.527864 105.738365 -4.971190
v -8.359836 105.998817 -5.638629
v -7.815979 106.050797 -5.779307
v -10.015875 105.633018 -4.689209
v -6.603901 106.135368 -6.032643
v -5.293098 106.176163 -6.235214
v -4.780569 106.158440 -6.313699
v -7.154413 106.095726 -5.918288
v -3.535903 106.248161 -6.366199
v -4.196789 106.211418 -6.338219
v -2.781107 106.253471 -6.372064
v -2.001726 106.250183 -6.370327
v -3.555437 107.656693 -6.004551
v -4.566686 106.050941 -6.420043
v -10.295436 106.894104 -4.321527
v -7.809134 107.465637 -5.133654
v -4.514480 106.138977 -6.354538
v -7.304955 107.338638 -5.679675
v -13.028287 106.378273 3.321125
v -12.982688 106.215736 4.073943
v -12.869537 106.050194 4.825082
v -12.718253 105.893494 5.556108
v -12.531663 105.746849 6.280081
v -12.317206 105.604546 6.993880
v -12.011193 105.470680 7.659650
v -11.668340 105.342712 8.310092
v -11.294307 105.227478 8.935969
v -10.822305 105.117165 9.483271
v -10.301659 105.018250 9.990758
v -9.753303 104.931435 10.466328
v -9.143211 104.849564 10.856083
v -8.505301 104.773758 11.213878
v -7.849375 104.700417 11.544246
v -7.178228 104.627319 11.847490
v -6.494493 104.551292 12.123387
v -5.800848 104.476524 12.376535
v -5.098495 104.401909 12.602283
v -4.389155 104.334976 12.802810
v -3.672444 104.280022 12.973828
v -2.945546 104.241699 13.110499
v -2.203974 104.207336 13.202739
v -1.469676 104.209862 13.231595
v -0.959001 101.178253 12.548757
v -1.492317 101.213493 12.540027
v -2.263842 101.263054 12.455002
v -3.029036 101.316170 12.364692
v -3.784619 101.379333 12.241855
v -4.529696 101.461151 12.086921
v -5.280628 101.561241 11.972017
v -6.028372 101.677551 11.873056
v -6.751440 101.832443 11.781075
v -7.438740 102.044411 11.650815
v -8.162288 102.033676 11.371125
v -8.751807 101.913322 10.990194
v -9.413814 101.895279 10.657818
v -9.999972 101.918297 10.176894
v -10.630167 101.966942 9.760917
v -11.188097 102.033165 9.254198
v -11.629575 102.138817 8.637130
v -12.038971 102.264641 8.001324
v -12.447509 102.414696 7.378550
v -12.664596 102.567116 6.650808
v -12.856769 102.731621 5.908383
v -13.048789 102.898697 5.165691
v -13.146807 103.059868 4.393532
v -13.209418 103.205788 3.607294
v -13.219727 103.339172 2.804814
v -13.257148 103.415184 2.263790
v -13.304450 102.887772 2.650257
v -13.223166 103.875488 2.935599
v -13.170624 104.399719 3.074629
v -13.100296 104.917969 3.213994
v -13.034251 105.424438 3.364100
v -12.974731 105.787735 3.499433
v -12.933394 106.156021 3.636594
v -12.981981 106.337585 3.108394
v -13.004213 106.009727 2.548756
v -13.045504 105.532448 2.515701
v -13.067119 105.482986 2.940307
v -12.968640 105.265923 4.100697
v -12.924727 105.092033 4.868688
v -12.746494 104.933434 5.620051
v -12.558712 104.783081 6.367284
v -12.370019 104.637901 7.116190
v -12.011374 104.495987 7.792297
v -11.637822 104.365013 8.456728
v -11.255570 104.245171 9.116461
v -10.707730 104.131462 9.644638
v -10.152727 104.034790 10.159698
v -9.570884 103.944336 10.644703
v -8.889946 103.866051 10.974643
v -8.213916 103.793297 11.300654
v -7.517244 103.723770 11.582736
v -6.802322 103.661697 11.813201
v -6.091523 103.596764 12.049702
v -5.367818 103.534752 12.251758
v -4.639883 103.473671 12.432333
v -3.908708 103.411415 12.613181
v -3.165769 103.370804 12.758576
v -2.422432 103.343521 12.864199
v -1.690633 103.315811 12.952379
v -1.262469 103.285439 13.034001
v -0.861555 103.241417 13.208003
v -0.791698 103.718193 13.161403
v -1.277576 104.158424 13.163409
v -1.806169 104.114197 13.089228
v -1.747209 103.712212 13.017568
v -1.608565 102.805130 12.823108
v -1.556331 102.276367 12.777320
v -1.517796 101.747704 12.663077
v -1.438074 100.740517 12.432082
v -13.342239 102.969116 2.107634
v -13.139709 102.479362 4.934448
v -13.257337 102.774368 3.418393
v -12.990270 102.316734 5.674863
v -12.826924 102.158386 6.413662
v -12.623604 101.998833 7.134997
v -12.268991 101.849358 7.792346
v -12.931415 105.711449 4.129542
v -12.888896 105.560913 4.853327
v -12.725904 105.413597 5.566965
v -12.182915 105.046715 7.412659
v -12.552661 105.278862 6.242094
v -11.828226 104.915909 8.053935
v -11.462511 104.791092 8.702312
v -11.039462 104.674614 9.313279
v -3.675716 100.904198 12.156234
v -4.538328 100.967590 12.010641
v -0.904526 100.696404 12.470191
v -9.950271 104.478569 10.318188
v -8.012548 104.248978 11.383588
v -6.624753 104.122208 11.901841
v -1.116407 102.860291 12.890159
v -3.778498 103.867203 12.722858
v -1.006104 101.742378 12.678058
v -13.220461 103.960815 2.426982
v -13.116991 105.051689 2.743089
v -1.053193 102.310928 12.793990
v -13.025517 104.062027 4.724680
v -13.158946 103.721107 3.738980
v -11.305618 103.184402 9.071974
v -9.880253 102.980263 10.418591
v -7.646621 102.663048 11.477443
v -5.677968 102.656410 12.076236
v -3.206398 102.332397 12.447417
v -2.379411 102.288124 12.676923
v -12.833191 103.848747 5.634452
v -12.743753 103.608620 6.034791
v -12.776274 103.214165 6.042380
v -12.598915 104.276993 6.377847
v -12.634644 103.729080 6.394639
v -12.564896 103.136696 6.837060
v -9.662301 103.464943 10.437329
v -8.799638 102.372917 11.279972
v -6.488201 102.358009 11.825214
v -8.490012 102.769753 11.161085
v -9.045890 103.376526 10.897767
v -7.360707 102.302238 11.994572
v -4.653738 102.106606 12.237675
v -5.824533 102.275597 11.992064
v -4.163504 102.337700 12.362048
v -12.951421 103.378113 5.361230
v -12.214648 103.381142 7.618872
v -10.793925 103.136467 9.580179
v -11.733088 103.269127 8.419108
v -10.401609 103.080971 9.942627
v -2.166328 100.797958 12.358336
v -13.010734 105.913223 3.027145
v -1.262079 103.731682 13.042657
v -2.319707 101.774681 12.566855
v -13.086537 103.558922 4.557191
v -12.401481 102.778702 7.393129
v -12.091672 102.778381 7.888213
v -11.676561 102.693565 8.522280
v -11.135201 102.635147 9.085629
v -10.009128 102.485954 10.303255
v -9.340578 102.413513 10.721166
v -8.088085 102.389847 11.746184
v -6.661658 102.109764 12.094392
v -5.965722 101.950798 12.172799
v -5.273186 101.855133 12.231109
v -4.607912 101.787552 12.305408
v -3.920839 101.826439 12.372614
v -3.125792 101.806389 12.483876
v -13.036774 104.743950 3.997922
v -13.099935 104.230591 3.882219
v -13.177207 104.518654 2.582622
v -2.405954 102.809807 12.768820
v -3.207352 102.834801 12.663204
v -4.021482 102.888100 12.514731
v -4.797041 102.991493 12.368102
v -5.532317 103.074905 12.221297
v -6.246789 103.141663 12.041349
v -6.938279 103.190918 11.816735
v -7.618208 103.211601 11.540790
v -8.333794 103.284172 11.213937
v -10.275484 103.553482 10.054267
v -10.777978 103.636734 9.588014
v -11.291935 103.722145 9.076745
v -11.700113 103.828735 8.435410
v -12.087538 103.967285 7.744102
v -12.415241 104.160637 7.094225
v -12.795351 104.409500 5.609331
v -12.970183 104.578369 4.802172
v -2.354888 103.790764 12.952019
v -3.055646 103.830505 12.851730
v -4.492802 103.930626 12.538538
v -5.208294 103.994957 12.343056
v -5.923545 104.054848 12.144625
v -7.329597 104.182350 11.669669
v -8.679660 104.320671 11.061862
v -9.349187 104.391640 10.748492
v -10.496542 104.573303 9.813560
v -12.417892 105.175133 6.761297
v -2.911176 100.847191 12.271110
v -4.991901 100.836189 12.023417
v -5.522388 100.947617 11.915673
v -6.147102 101.074387 11.780786
v -6.750528 101.229034 11.680368
v -7.294192 101.444397 11.669435
v -7.724019 101.620750 11.367572
v -8.305052 101.480858 11.195361
v -8.983008 101.424583 10.844290
v -9.662776 101.431862 10.501369
v -10.290350 101.465019 10.079993
v -10.864294 101.516037 9.580221
v -11.403074 101.597473 9.039882
v -11.859040 101.717216 8.431112
v -13.205612 102.630432 4.183522
v -5.329792 101.203400 11.891494
v -5.997491 101.354202 11.788130
v -6.501764 101.467560 11.733880
v -4.954906 102.545166 12.224813
v -6.352427 102.733521 11.890943
v -7.006587 102.768188 11.686402
v -9.202815 102.901344 10.805147
v -12.457628 103.757263 7.054478
v -5.165878 102.190056 12.116654
v -7.112343 102.468582 11.662093
v -10.615146 102.658363 9.749753
v 13.758939 102.613441 1.991893
v 13.679767 102.852127 1.506704
v 13.541381 103.184525 0.810252
v 13.379860 103.463295 0.078518
v 13.162247 103.726883 -0.655429
v 12.871814 103.989883 -1.367803
v 12.546078 104.234673 -2.065024
v 12.164564 104.467957 -2.735826
v 11.716394 104.688454 -3.364123
v 11.203894 104.896973 -3.942372
v 10.642168 105.087440 -4.476163
v 10.027885 105.259209 -4.952203
v 9.367020 105.413383 -5.364305
v 8.670994 105.548302 -5.718681
v 7.938294 105.664482 -5.997570
v 7.181848 105.756493 -6.214170
v 6.411851 105.831322 -6.382810
v 5.630735 105.890251 -6.509837
v 4.842479 105.934769 -6.607747
v 4.050514 105.972679 -6.676804
v 3.257096 106.001518 -6.725951
v 2.464124 106.025429 -6.751584
v 1.677802 106.042252 -6.747433
v 1.150899 106.067375 -6.738304
v 1.123595 109.241409 -5.329299
v 1.660426 109.226196 -5.330215
v 2.421705 109.233482 -5.303205
v 3.186087 109.243546 -5.253722
v 3.948375 109.244835 -5.179117
v 4.708500 109.248619 -5.078769
v 5.466748 109.236160 -4.954720
v 6.221130 109.200989 -4.809189
v 6.963497 109.153114 -4.638906
v 7.691560 109.095047 -4.425455
v 8.390400 109.016258 -4.157352
v 9.068283 108.913231 -3.836512
v 9.719139 108.787163 -3.455149
v 10.291751 108.603004 -2.995226
v 10.822468 108.409630 -2.485111
v 11.296230 108.203911 -1.933378
v 11.706320 107.966507 -1.325194
v 12.051700 107.707253 -0.672057
v 12.362107 107.445946 -0.009781
v 12.600162 107.178276 0.678418
v 12.783317 106.909241 1.387239
v 12.926703 106.648819 2.116269
v 13.002573 106.404228 2.846771
v 13.267013 103.274101 2.233876
v 13.238077 103.528526 1.756956
v 13.183108 103.899307 1.033496
v 13.070223 104.229286 0.301795
v 12.896662 104.544983 -0.422007
v 12.574423 104.810692 -1.103143
v 12.332757 105.095940 -1.810569
v 11.982473 105.344177 -2.475910
v 11.558711 105.568520 -3.095681
v 11.021365 105.755081 -3.622358
v 10.491842 105.952347 -4.157690
v 9.880464 106.112083 -4.608473
v 9.200768 106.234207 -4.940468
v 8.557148 106.393608 -5.328258
v 7.828159 106.488831 -5.572108
v 7.073382 106.541054 -5.719061
v 6.317741 106.598099 -5.863069
v 5.549924 106.627884 -5.955517
v 4.781162 106.659462 -6.038452
v 4.007378 106.683189 -6.093030
v 3.232878 106.709923 -6.138341
v 2.455486 106.720398 -6.146575
v 1.678476 106.712212 -6.115031
v 1.148955 106.687035 -6.077767
v 1.688815 106.287453 -6.334118
v 1.631228 107.241821 -5.983580
v 1.604548 107.782631 -5.974445
v 1.622105 107.907433 -5.443245
v 1.648878 108.386757 -5.187031
v 1.655028 108.846031 -5.046789
v 1.123705 108.375671 -5.143757
v 2.395451 108.400467 -5.261557
v 3.152081 108.388588 -5.279320
v 3.908741 108.369156 -5.259421
v 4.665539 108.350464 -5.226232
v 5.420589 108.328835 -5.169862
v 6.172719 108.311684 -5.095853
v 6.914108 108.274864 -4.959016
v 7.657145 108.240601 -4.814417
v 8.366843 108.174736 -4.580000
v 9.026465 108.061012 -4.241950
v 9.680664 107.947388 -3.898171
v 10.263007 107.778687 -3.451973
v 10.814368 107.597099 -2.960921
v 11.316043 107.403603 -2.420862
v 11.765116 107.186295 -1.831010
v 12.164759 106.954224 -1.212125
v 12.493285 106.692436 -0.539925
v 12.696013 106.403221 0.173915
v 12.886596 106.132423 0.897148
v 12.959044 105.850479 1.624103
v 13.044168 105.583611 2.340252
v 13.073038 105.418694 2.752763
v 13.070224 105.246788 3.158608
v 13.011386 105.687134 3.353600
v 12.973412 106.261375 3.020815
v 12.942981 106.368118 2.480546
v 12.986836 105.973534 2.410465
v 13.111020 105.061272 2.229586
v 13.163154 104.542702 2.091202
v 13.205057 104.029785 1.938554
v 13.262634 103.074150 1.601231
v 13.330416 102.818237 2.078572
v 13.230049 103.828674 2.414642
v 13.184624 103.452782 0.914879
v 13.163770 104.377357 1.204876
v 13.028602 105.353004 1.494393
v 10.989516 106.952507 -3.298883
v 12.921834 106.241226 1.824548
v 7.466068 107.348145 -5.263346
v 5.767498 107.638344 -5.786544
v 2.462135 106.304016 -6.369741
v 1.159418 106.261864 -6.300731
v 1.109858 107.915298 -5.421184
v 12.993770 105.172729 0.617644
v 12.796734 105.469116 -0.117917
v 12.222371 106.510033 -1.410623
v 11.906734 105.803093 -2.387066
v 11.332438 106.712334 -2.913615
v 11.046645 106.147888 -3.450416
v 8.466960 106.840111 -5.166764
v 7.702591 106.908035 -5.409933
v 7.041200 107.271683 -5.642096
v 6.188346 107.928459 -5.271535
v 4.012696 107.677834 -5.956327
v 4.841446 107.659805 -5.904079
v 3.956686 107.902847 -5.486823
v 3.214745 107.183167 -5.896476
v 3.211890 107.704689 -5.987174
v 6.740139 107.507629 -5.351662
v 6.212769 107.620964 -5.419120
v 9.761048 107.490273 -4.067129
v 13.063623 103.777344 0.192323
v 12.919647 104.093811 -0.529769
v 12.623542 104.360741 -1.214802
v 12.392650 104.651367 -1.927728
v 12.041544 104.895500 -2.597327
v 11.603137 105.116188 -3.212245
v 1.118060 107.215408 -5.991702
v 1.122631 108.846840 -5.055329
v 2.411820 108.824989 -5.066412
v 3.168092 108.802162 -5.075520
v 3.923254 108.759331 -5.067008
v 12.988822 105.838310 2.888687
v 3.241983 106.294975 -6.360447
v 4.023614 106.270226 -6.316396
v 4.804389 106.244286 -6.257323
v 2.424604 107.214355 -5.946994
v 1.096081 107.762222 -5.948986
v 2.411189 107.740746 -5.990737
v 2.401692 107.933632 -5.505752
v 13.128337 104.941261 2.708137
v 13.191910 104.393425 2.575524
v 13.098940 104.861877 1.357335
v 5.581031 106.213211 -6.173708
v 6.354483 106.178177 -6.069808
v 7.113056 106.115074 -5.916217
v 7.872013 106.061989 -5.757429
v 8.599375 105.957886 -5.499786
v 9.258522 105.802589 -5.123086
v 9.917150 105.661278 -4.741844
v 10.547295 105.510132 -4.298058
v 13.044066 104.700195 0.466086
v 12.848430 105.005470 -0.262524
v 12.652884 105.291748 -1.007402
v 12.282514 105.563377 -1.700323
v 11.533833 105.956535 -2.981040
v 11.064720 105.302917 -3.746685
v 10.513239 106.384056 -3.954551
v 4.002741 107.158730 -5.850895
v 4.802358 107.137711 -5.809803
v 3.179742 107.924393 -5.516457
v 4.676332 108.657127 -5.074638
v 4.739413 107.892715 -5.444527
v 6.951429 108.571915 -4.813380
v 7.772655 108.585220 -4.631629
v 8.348489 108.532570 -4.417618
v 10.283388 108.057983 -3.267784
v 10.892213 107.906593 -2.699305
v 11.317269 107.758110 -2.263647
v 12.446712 106.962669 -0.347360
v 12.656234 106.757324 0.406767
v 12.755735 106.495079 1.134233
v 9.877719 106.570129 -4.434886
v 9.174357 106.704094 -4.801884
v 7.030818 106.934952 -5.549620
v 6.359189 107.010551 -5.663056
v 5.610409 107.094849 -5.731352
v 5.517585 107.895828 -5.371799
v 6.848730 107.879875 -5.156021
v 7.584936 107.810303 -5.026363
v 8.172606 108.442055 -4.566285
v 8.363061 107.736305 -4.794610
v 9.069194 107.611900 -4.432962
v 10.376557 107.331848 -3.588474
v 10.870318 107.213676 -3.122709
v 11.202206 107.701103 -2.484138
v 11.377899 107.050407 -2.669301
v 11.808454 106.774963 -2.087061
v 12.549742 106.231316 -0.706116
v 12.746244 105.936768 0.028750
v 12.941022 105.648170 0.757847
v 12.598475 105.766136 -0.867164
v 12.231739 106.045959 -1.593502
v 11.780515 106.327774 -2.387502
v 11.508231 106.271202 -2.894076
v 11.120401 106.496048 -3.241155
v 10.571489 106.836792 -3.664893
v 9.854762 107.027611 -4.230568
v 9.120368 107.159134 -4.617743
v 8.377557 107.293030 -5.000674
v 6.509100 107.411011 -5.736927
v 13.895836 102.833755 2.613240
v 13.838486 103.301369 2.747287
v 13.784357 103.914993 2.917231
v 13.770787 104.545715 3.097360
v 13.755668 105.180336 3.283618
v 13.523282 105.754288 3.451973
v 4.776853 104.865448 14.680311
v 3.524599 104.288033 13.379258
v 2.428058 104.850433 14.691680
v 1.942466 103.130203 14.747832
v 1.973935 104.692062 14.238475
v 0.341918 105.346786 14.834562
v 0.559397 104.763885 12.433704
v -1.216353 102.712593 13.491859
v -0.240882 105.136604 14.320913
v 1.576769 103.864105 14.959093
v 0.270598 102.877853 14.005782
v -0.500991 100.959541 13.099476
v -0.084924 101.884102 14.524383
v 0.709508 100.163261 12.966043
v 0.845932 101.134270 13.341374
v 1.361910 101.186394 13.311748
v 2.062145 101.283005 13.231551
v 2.752416 101.397171 13.082881
v 3.457947 101.529366 12.974767
v 4.168741 101.592445 12.804530
v 4.905330 101.618675 12.670463
v 5.648978 101.676628 12.532563
v 6.362226 101.798569 12.408275
v 7.018196 101.835930 12.554110
v 7.695348 101.911392 12.484797
v 7.781736 102.396355 12.025975
v 8.349550 102.128586 11.756150
v 9.051588 102.132629 11.395192
v 9.744827 102.167397 10.977167
v 10.434570 102.251488 10.496936
v 11.072813 102.343155 9.946261
v 11.633246 102.459740 9.326880
v 12.138534 102.590187 8.644283
v 12.586188 102.711121 7.922328
v 12.967867 102.829773 7.165579
v 13.249481 102.939468 6.364294
v 13.479217 103.042519 5.545508
v 13.644147 103.138710 4.710217
v 13.744456 103.214882 3.851616
v 13.802646 103.251488 3.296584
v 13.800908 102.755180 3.735710
v 13.709842 103.756790 3.949582
v 13.678658 104.284966 4.088992
v 13.685289 104.807693 4.253775
v 13.548792 105.311424 4.438135
v 13.372144 105.645714 4.554187
v 13.105506 105.924294 4.650675
v 13.078712 106.037109 4.110892
v 13.412610 105.832878 3.586254
v 13.653208 105.427589 3.565514
v 13.602164 105.370239 4.001078
v 13.437454 105.214615 5.219316
v 13.261321 105.102783 5.984988
v 13.051719 104.992302 6.737572
v 12.790076 104.878014 7.469367
v 12.451033 104.755081 8.166452
v 12.051867 104.634056 8.831153
v 11.616383 104.533386 9.491926
v 11.116314 104.454102 10.092900
v 10.538466 104.394768 10.603015
v 9.922737 104.344742 11.058848
v 9.287717 104.298027 11.473584
v 8.640265 104.250565 11.842996
v 7.971653 104.188164 12.163655
v 7.295002 104.122841 12.449688
v 6.610122 104.042175 12.700355
v 5.918889 103.950150 12.920749
v 5.233329 103.858330 13.129584
v 4.554493 103.735222 13.289977
v 3.859913 103.633499 13.373164
v 3.167557 103.551025 13.423629
v 2.483671 103.499687 13.454491
v 1.823661 103.431740 13.593595
v 1.183414 103.346855 13.785544
v 0.708228 103.289665 13.842620
v 1.150274 103.826431 13.830470
v 1.228704 102.791191 13.763680
v 1.270496 102.248009 13.635707
v 1.317134 101.735893 13.414609
v 1.401835 100.674309 13.344214
v 2.919388 104.167107 13.562360
v 1.784702 103.916344 13.692057
v 13.868667 102.791946 3.036987
v 13.723856 104.948387 3.780289
v 13.751241 103.824234 3.437221
v 0.892501 100.637413 13.393085
v 2.110174 100.910667 13.267741
v 2.451385 102.962906 13.321836
v 3.311572 102.051971 12.997519
v 7.292240 103.324608 12.657719
v 8.880538 102.999931 11.788449
v 0.660487 103.781143 13.894061
v 9.162065 101.726585 11.170613
v 10.551730 101.700676 10.302698
v 12.070155 103.532585 8.787059
v 12.850339 103.813187 7.311069
v 4.000782 102.604118 13.045875
v 5.404585 103.329369 13.135323
v 4.773021 102.685814 13.025023
v 4.854047 102.151466 12.849322
v 6.799805 103.304947 12.777695
v 7.154981 102.888756 12.748832
v 6.395546 102.956261 12.875152
v 9.452527 103.002991 11.359733
v 8.169463 102.622780 12.205153
v 10.578284 103.089821 10.453877
v 10.493953 102.675560 10.474193
v 9.821386 103.888588 11.238555
v 11.500738 103.868179 9.655574
v 12.103533 103.050171 8.713605
v 13.159263 103.937675 6.543946
v 12.542447 103.187698 7.994593
v 5.602973 102.232796 12.751952
v 7.843876 102.942810 12.701122
v 7.914605 103.387611 12.530318
v 8.542955 103.439163 12.219945
v 11.063777 102.771416 9.949737
v 12.491130 103.682373 8.059150
v 13.841527 102.775833 3.346567
v 13.693318 102.713646 4.568820
v 13.728351 104.401894 3.596431
v 13.402862 105.754204 4.072192
v 0.737551 102.734673 13.774108
v 0.775806 102.201965 13.603957
v 0.818271 101.690178 13.379874
v 1.961634 101.831245 13.262557
v 13.609044 103.654236 4.808435
v 13.278548 105.627983 5.207765
v 13.113861 105.537308 5.934295
v 12.907054 105.432594 6.671437
v 12.650592 105.318871 7.398904
v 13.530420 104.686539 5.074018
v 2.498010 103.992996 13.581695
v 1.826085 102.892410 13.544112
v 3.317368 104.248047 13.486058
v 3.723197 104.025475 13.405070
v 13.570601 104.170158 4.930955
v 13.344454 104.573502 5.867466
v 13.135020 104.458549 6.649196
v 12.865710 104.335609 7.412498
v 12.328879 105.188087 8.113834
v 12.503803 104.203102 8.147007
v 11.928029 105.022377 8.857114
v 12.089226 104.051994 8.890490
v 1.902491 102.317101 13.554606
v 4.177809 101.203178 12.558592
v 4.793668 101.111702 12.364835
v 5.425685 101.126259 12.183627
v 5.891828 101.141197 12.028745
v 9.892031 101.659065 10.755329
v 11.123116 101.754997 9.823133
v 11.520004 101.820839 9.419352
v 12.288066 102.197701 8.366238
v 13.294002 102.627357 6.247129
v 13.524071 102.642784 5.399581
v 11.966913 102.135201 8.858400
v 11.559933 102.110191 9.384470
v 11.081695 102.041641 9.901446
v 10.502175 101.977158 10.399526
v 9.883156 101.925865 10.827750
v 9.356541 101.920403 11.129580
v 11.550093 104.914795 9.357108
v 9.801903 104.748940 10.961974
v 9.180444 104.818703 11.268409
v 8.561174 104.807533 11.585238
v 7.931718 104.755150 11.869798
v 7.336285 104.714478 12.127571
v 6.866303 104.654655 12.283952
v 11.710775 104.824913 9.240616
v 5.763169 104.369896 12.765906
v 6.246377 104.416321 12.638773
v 6.779503 104.406067 12.515615
v 7.351078 104.439003 12.296669
v 7.969116 104.483948 12.034060
v 2.630397 101.918884 13.240535
v 4.102794 102.083412 13.020523
v 4.960943 101.348267 12.509867
v 4.435409 101.375496 12.634498
v 5.719575 101.362724 12.323878
v 6.285327 101.531380 12.279283
v 6.351184 102.328270 12.717156
v 6.765275 101.475380 12.112720
v 7.082436 102.352760 12.753696
v 7.788066 102.412292 12.714342
v 8.628664 102.573891 11.756580
v 9.252877 102.568069 11.373846
v 9.886873 102.598366 10.955512
v 11.615257 102.907631 9.383655
v 12.918983 103.317505 7.240970
v 13.219304 103.435059 6.455626
v 13.441585 103.547264 5.641778
v 10.956769 103.922134 10.260828
v 10.403187 103.911697 10.774357
v 9.185632 104.555580 11.426624
v 9.644358 104.553627 11.164215
v 9.224923 103.871849 11.669977
v 8.595975 104.530251 11.736756
v 8.610648 103.857727 12.059955
v 7.956960 103.795853 12.353405
v 7.315019 103.726601 12.570442
v 6.710341 103.637573 12.755227
v 6.119439 103.478020 12.978106
v 4.676884 103.199196 13.227946
v 3.931298 103.108482 13.237528
v 3.080290 103.925331 13.522105
v 3.184912 103.036415 13.216143
v 6.267084 101.258644 12.057826
v 13.391199 104.056152 5.748203
v 5.544253 102.792236 12.974212
v 3.198646 102.520386 13.148310
v 10.039035 103.028557 10.928470
v 11.070218 103.183960 9.963222
v 11.570380 103.370193 9.452789
v 8.432348 102.999840 12.302931
v 10.220818 103.458092 10.888515
v 10.722260 103.491066 10.416303
v 11.095771 103.513771 10.011373
v 9.092395 103.429459 11.775119
v 9.663244 103.437126 11.339074
v 2.338293 102.445778 13.221123
v -13.414293 103.133766 1.632567
v -13.605680 103.597588 1.703215
v -13.739606 104.219780 1.850027
v -13.736007 104.860840 2.026540
v -13.672755 105.497353 2.218610
v -13.475783 106.083839 2.404469
v -0.969931 101.093285 12.978375
v -1.502624 101.113190 13.042541
v -2.297737 101.159134 13.040465
v -3.089489 101.226891 12.979065
v -3.878085 101.302231 12.879140
v -4.658231 101.381996 12.750280
v -5.434299 101.466370 12.615582
v -6.201072 101.554802 12.475012
v -6.939320 101.662994 12.349038
v -7.630676 101.837090 12.215709
v -8.324567 101.952995 11.995534
v -8.935660 102.007500 11.589107
v -9.597026 102.115959 11.176060
v -10.239085 102.248512 10.707530
v -10.845463 102.391556 10.179725
v -11.396978 102.537308 9.589951
v -11.889907 102.684692 8.951519
v -12.330415 102.827530 8.265293
v -12.720182 102.957359 7.540444
v -13.048886 103.072594 6.791207
v -13.304019 103.184166 6.022041
v -13.513486 103.289993 5.235054
v -13.658640 103.390434 4.431142
v -13.745830 103.464172 3.606501
v -13.771271 103.530838 2.778004
v -13.739112 103.564453 2.231420
v -13.745746 103.060974 2.658292
v -13.804337 104.076347 2.879953
v -13.753672 104.606743 3.023004
v -13.686635 105.129578 3.190105
v -13.568280 105.637184 3.395439
v -13.421402 105.975159 3.532620
v -13.180079 106.261406 3.659304
v -13.117740 106.394142 3.113922
v -13.384887 106.171219 2.550474
v -13.596938 105.751030 2.509637
v -13.582915 105.695518 2.951583
v -13.528343 105.541092 4.219148
v -13.433721 105.428581 5.033160
v -13.260894 105.300720 5.825255
v -13.029498 105.170876 6.601535
v -12.770522 105.055435 7.368841
v -12.439776 104.931511 8.102452
v -12.050511 104.812248 8.804775
v -11.590219 104.695595 9.465122
v -11.053918 104.571617 10.059753
v -10.471678 104.456726 10.602414
v -9.838558 104.347755 11.080268
v -9.161628 104.232056 11.478402
v -8.467155 104.121666 11.830180
v -7.757112 104.011925 12.138095
v -7.037064 103.901688 12.415149
v -6.305808 103.792564 12.661483
v -5.564022 103.688126 12.879794
v -4.811397 103.592407 13.072924
v -4.048804 103.508415 13.242233
v -3.273420 103.435486 13.366401
v -2.488966 103.371880 13.456424
v -1.705398 103.308189 13.446752
v -1.272092 103.275475 13.370035
v -0.864797 103.245499 13.200523
v -0.784418 103.716309 13.297220
v -1.277026 104.154678 13.297319
v -1.813428 104.109276 13.350848
v -1.756120 103.714897 13.451157
v -1.624736 102.738647 13.418021
v -1.560879 102.181999 13.346913
v -1.512517 101.638405 13.235236
v -1.455864 100.649040 12.885691
v -13.672234 103.095299 2.114692
v -13.601192 102.859459 5.039424
v -13.764154 103.019920 3.448190
v -13.425684 102.760071 5.818465
v -13.200236 102.652748 6.580886
v -12.907990 102.547539 7.328212
v -12.542577 102.428139 8.046288
v -13.379155 105.950638 4.209121
v -13.284081 105.859184 4.967366
v -13.134859 105.747032 5.721349
v -12.530290 105.448441 7.642188
v -12.948621 105.631996 6.422105
v -12.187121 105.330933 8.325976
v -11.798013 105.217590 8.998730
v -11.320190 105.100281 9.625019
v -3.759871 100.843315 12.748403
v -4.645887 100.910782 12.606027
v -0.920706 100.624054 12.858212
v -10.199706 104.874634 10.693756
v -8.214273 104.552818 11.857818
v -6.810580 104.340103 12.442663
v -1.143417 102.795387 13.363805
v -3.884841 103.959732 13.274653
v -1.006193 101.650772 13.146062
v -13.780576 104.141617 2.368551
v -13.682998 105.269325 2.715882
v -1.064875 102.230980 13.264220
v -13.575645 104.412537 4.800723
v -13.726108 103.995804 3.741217
v -11.646647 103.663086 9.491286
v -10.113810 103.320839 10.921061
v -7.852620 102.911903 12.120752
v -5.860561 102.766602 12.712707
v -3.318942 102.301231 13.186572
v -2.432880 102.240189 13.296042
v -13.362140 104.254265 5.771213
v -13.239539 104.040947 6.184426
v -13.225080 103.664330 6.163662
v -13.147399 104.695274 6.607988
v -13.138292 104.169922 6.583045
v -12.968190 103.619957 7.008643
v -10.010838 103.831093 11.050929
v -8.898658 102.531456 11.766442
v -6.693089 102.496071 12.498936
v -8.710703 103.053955 11.782995
v -9.322120 103.708107 11.454245
v -7.511871 102.254143 12.374306
v -4.804613 102.134567 12.880907
v -6.013640 102.367607 12.644824
v -4.293896 102.356926 13.025972
v -13.433046 103.782799 5.438876
v -12.637437 103.870644 7.889302
v -11.116892 103.570862 10.059837
v -12.147040 103.763771 8.794915
v -10.699368 103.477348 10.451420
v -2.203023 100.710899 12.883316
v -13.415654 106.091423 3.042551
v -1.261863 103.726357 13.419443
v -2.364770 101.693375 13.185450
v -13.616992 103.900833 4.603288
v -12.705941 103.297745 7.572083
v -12.417257 103.309448 8.151913
v -12.008908 103.222916 8.878038
v -11.506537 103.124718 9.562182
v -10.237386 102.815857 10.830009
v -9.555703 102.652214 11.305490
v -8.184609 102.430237 12.158301
v -6.827730 102.084511 12.480735
v -6.123823 101.964180 12.591386
v -5.421369 101.864052 12.723890
v -4.732927 101.792732 12.837891
v -4.030986 101.798332 12.972938
v -3.203089 101.751709 13.097414
v -13.626467 105.030632 4.056522
v -13.680638 104.515343 3.903584
v -13.744323 104.721901 2.529070
v -2.467280 102.800064 13.388164
v -3.306603 102.867210 13.296679
v -4.155735 102.950157 13.159655
v -4.956076 103.087891 12.992213
v -5.706332 103.212303 12.806674
v -6.430319 103.323135 12.601779
v -7.134750 103.417381 12.372558
v -7.840676 103.482948 12.121832
v -8.596264 103.592552 11.819541
v -10.609527 103.957275 10.572385
v -11.151322 104.070984 10.083056
v -11.690573 104.183464 9.513579
v -12.156570 104.297768 8.826346
v -12.591052 104.429375 8.080346
v -12.900039 104.605507 7.359878
v -13.374529 104.796890 5.790410
v -13.548804 104.922180 4.926109
v -2.396620 103.813530 13.463547
v -3.132712 103.885612 13.393890
v -4.630560 104.041641 13.110232
v -5.366549 104.133926 12.914276
v -6.093400 104.235062 12.692321
v -7.518400 104.447502 12.166470
v -8.896026 104.657837 11.516238
v -9.562400 104.766579 11.138827
v -10.778228 104.982872 10.180948
v -12.798758 105.556313 6.961231
v -2.968327 100.774399 12.836363
v -5.066592 100.798332 12.402003
v -5.607818 100.897377 12.312624
v -6.249939 100.991112 12.209636
v -6.864418 101.107315 12.103027
v -7.427415 101.279785 12.061802
v -8.033415 101.409081 12.123115
v -8.461050 101.535843 11.622674
v -9.164574 101.603355 11.294898
v -9.856819 101.712631 10.918258
v -10.498048 101.849297 10.462534
v -11.103868 101.992874 9.947973
v -11.647739 102.137962 9.366146
v -12.122920 102.287300 8.730121
v -13.716661 102.956413 4.253667
v -5.460701 101.123741 12.488658
v -6.144831 101.242447 12.373677
v -6.653759 101.329842 12.276048
v -5.118941 102.612907 12.878822
v -6.550605 102.886063 12.533381
v -7.212478 102.969276 12.331396
v -9.444528 103.183350 11.393203
v -12.907741 104.216637 7.284081
v -5.340318 102.243225 12.782330
v -7.315568 102.660233 12.333528
v -10.896250 103.074661 10.233080
v 0.630056 106.413818 -7.085857
v 0.626723 106.890640 -7.156549
v 0.622070 107.414001 -6.983562
v 0.615472 107.911964 -6.739516
v 0.608986 108.406754 -6.489530
v 0.601514 108.874367 -6.196314
v 0.593804 109.165833 -5.812200
v -13.547808 103.804222 1.216782
v -13.519106 104.007057 0.716023
v -13.446576 104.291016 -0.077390
v -13.267069 104.562614 -0.860654
v -13.029798 104.817924 -1.619466
v -12.650756 105.080849 -2.320703
v -12.245570 105.327271 -3.019935
v -11.769487 105.554199 -3.678075
v -11.176352 105.772293 -4.233554
v -10.542181 105.969070 -4.747283
v -9.881747 106.156151 -5.230702
v -9.186962 106.317566 -5.672727
v -8.408434 106.448204 -5.965027
v -7.617718 106.542984 -6.208223
v -6.828010 106.624779 -6.428375
v -6.039947 106.688759 -6.641287
v -5.229352 106.733032 -6.726836
v -4.425621 106.766373 -6.820814
v -3.624604 106.794304 -6.900047
v -2.825129 106.822044 -6.970762
v -2.025589 106.843163 -7.016341
v -1.227395 106.861488 -7.057111
v -0.435659 106.879028 -7.097106
v 0.095883 106.885170 -7.141653
v -0.435708 106.400085 -7.087438
v -0.409949 107.406570 -6.974717
v -0.404926 107.895874 -6.735276
v -0.423133 108.382240 -6.492075
v -0.462601 108.814835 -6.170318
v -0.475579 109.133537 -5.815754
v 0.070582 108.849632 -6.188280
v -1.238312 108.786186 -6.144520
v -2.017973 108.759781 -6.109889
v -2.796574 108.736107 -6.059961
v -3.574774 108.713615 -5.994484
v -4.353171 108.691467 -5.912332
v -5.131713 108.667923 -5.810935
v -5.910417 108.641441 -5.687698
v -6.688203 108.607841 -5.537088
v -7.467340 108.569412 -5.362689
v -8.236467 108.503357 -5.127495
v -8.980971 108.400040 -4.811935
v -9.689192 108.266029 -4.424995
v -10.362731 108.116005 -3.977625
v -10.977403 107.934036 -3.460396
v -11.542700 107.737808 -2.893531
v -12.036254 107.513000 -2.273434
v -12.468269 107.272354 -1.611523
v -12.834409 107.024803 -0.910695
v -13.095366 106.749977 -0.176914
v -13.301679 106.475639 0.569909
v -13.439859 106.184158 1.314063
v -13.507853 106.013420 1.728594
v -13.577120 105.843811 2.140670
v -13.373049 106.219421 2.350122
v -13.037790 106.679008 2.013088
v -13.025039 106.841751 1.467779
v -13.282514 106.542961 1.392987
v -13.567472 105.650169 1.195927
v -13.635622 105.106895 1.046912
v -13.653101 104.554726 0.885985
v -13.254811 103.585686 0.656917
v -13.291719 103.366386 1.150661
v -13.622321 105.539116 1.673574
v -13.695254 104.380058 1.358498
v -13.682993 104.972229 1.527198
v -1.224767 106.395287 -7.047637
v -2.039193 108.317764 -6.403451
v -2.861377 107.833145 -6.609714
v -5.255949 107.807823 -6.355116
v -6.884422 107.706841 -6.019222
v -1.247033 109.101372 -5.803244
v -11.148344 106.905327 -3.922274
v -12.228577 106.529030 -2.652615
v -12.832331 105.980522 -1.658390
v -13.221207 105.680565 -0.693296
v -6.594180 108.201042 -5.798143
v -4.465038 107.813805 -6.478645
v -6.263542 107.320862 -6.317892
v -6.496034 107.913612 -6.010258
v -7.741001 106.952347 -6.035492
v -9.089802 107.325394 -5.347977
v -8.986735 107.844604 -5.127627
v -8.366189 107.344841 -5.668276
v -9.825496 107.227295 -4.938613
v -11.183252 106.338821 -4.075380
v -11.814232 106.133018 -3.459174
v -12.386629 105.886345 -2.607946
v -12.551723 106.450539 -2.073882
v -2.046454 107.852043 -6.657570
v -4.415039 108.257767 -6.197240
v -5.994381 107.829460 -6.181925
v -7.867071 107.264687 -5.891235
v -11.741755 106.713600 -3.315512
v -13.324274 103.933754 -0.220908
v 0.098304 106.405457 -7.094637
v 0.106302 107.409683 -6.990131
v 0.093555 108.401543 -6.496085
v 0.059686 109.144814 -5.809087
v -13.338620 106.397705 1.879023
v -13.475202 104.838623 0.049917
v -1.230624 107.382622 -6.914849
v -2.042855 107.359398 -6.864326
v -2.851424 107.337242 -6.807152
v -3.657761 107.315552 -6.734951
v -4.466688 107.298180 -6.642210
v -5.307278 107.291603 -6.514952
v -7.080537 107.099747 -6.185415
v -8.418797 106.893532 -5.799631
v -9.156154 106.817345 -5.508714
v -9.863690 106.687859 -5.093542
v -10.536761 106.522682 -4.607399
v -12.682879 105.437904 -2.171901
v -12.981966 105.341576 -1.568785
v -13.259170 105.108452 -0.776219
v -1.231800 108.345337 -6.448892
v -1.226552 107.870567 -6.693628
v -13.399752 105.934868 0.361371
v -13.187774 106.229141 -0.451179
v -12.895203 106.528679 -1.245812
v -12.527998 106.824707 -1.868281
v -12.139338 107.037193 -2.501338
v -11.649469 107.240395 -3.126163
v -11.070945 107.429192 -3.704198
v -10.445213 107.605949 -4.240185
v -9.755949 107.746765 -4.706360
v -7.254688 108.081383 -5.679109
v -5.924395 108.228065 -5.940782
v -5.184197 108.243141 -6.083606
v -3.628184 108.274757 -6.282810
v -2.832367 108.294067 -6.349029
v -2.021387 109.082726 -5.777726
v -13.161847 106.829491 0.790020
v -12.964767 107.098106 0.087107
v -12.703529 107.361320 -0.626519
v -12.358716 107.610733 -1.322176
v -11.927970 107.843117 -1.972656
v -13.447799 105.391052 0.186801
v -2.797028 109.069511 -5.739092
v -3.573775 109.058914 -5.687218
v -4.351841 109.050026 -5.621389
v -5.130704 109.037560 -5.535202
v -5.909625 109.018265 -5.422770
v -6.686520 108.984673 -5.274376
v -7.457997 108.932091 -5.082912
v -8.217216 108.853203 -4.837295
v -8.951758 108.746399 -4.516455
v -9.651965 108.614639 -4.133217
v -10.304832 108.454002 -3.675945
v -10.901896 108.268265 -3.156865
v 0.103892 107.905998 -6.741499
v -11.444070 108.065735 -2.586320
v -13.195430 104.158569 -0.854805
v -12.642051 104.583092 -2.233444
v -13.278045 104.217033 -0.646122
v -12.086276 104.917923 -3.138214
v -11.205260 105.288246 -4.167658
v -10.796735 105.430847 -4.576496
v -12.396358 104.750465 -2.702190
v -9.746593 105.726830 -5.305543
v -8.512376 105.980080 -5.956694
v -7.964916 106.053139 -6.173476
v -10.243235 105.596901 -5.004914
v -6.714816 106.178032 -6.474967
v -5.371619 106.246033 -6.699062
v -4.845032 106.222954 -6.773308
v -7.287273 106.125053 -6.362439
v -3.581125 106.327660 -6.935631
v -4.254531 106.284935 -6.864322
v -2.812262 106.357521 -6.979172
v -2.020611 106.379326 -7.016703
v -3.657332 107.824478 -6.561225
v -4.610341 106.095108 -6.761062
v -10.517375 107.077980 -4.455223
v -8.075700 107.860207 -5.526558
v -4.570856 106.199440 -6.806337
v -7.489962 107.494629 -5.934549
v 13.815711 103.536522 2.245932
v 13.775191 103.770790 1.742198
v 13.702179 104.074516 0.947084
v 13.572606 104.349365 0.165695
v 13.378013 104.607582 -0.599960
v 13.110100 104.857010 -1.343731
v 12.801681 105.096680 -2.072992
v 12.415992 105.328445 -2.766506
v 11.950297 105.550087 -3.411966
v 11.413990 105.758446 -4.005073
v 10.837169 105.953087 -4.561628
v 10.195827 106.127945 -5.048118
v 9.503746 106.281471 -5.465029
v 8.784869 106.416275 -5.835517
v 8.026317 106.526573 -6.118004
v 7.243118 106.612259 -6.321696
v 6.455458 106.683914 -6.495108
v 5.661724 106.739464 -6.627913
v 4.867784 106.786491 -6.744718
v 4.073124 106.825745 -6.845066
v 3.277973 106.857826 -6.931360
v 2.482934 106.883255 -7.006460
v 1.690866 106.897499 -7.076388
v 1.158296 106.898216 -7.133626
v 1.692607 106.425171 -7.033436
v 1.651115 107.432617 -6.961015
v 1.636507 107.914589 -6.708384
v 1.639699 108.402725 -6.465799
v 1.666151 108.843315 -6.153190
v 1.666551 109.161339 -5.798814
v 1.132230 108.875870 -6.188737
v 2.443736 108.818253 -6.101742
v 3.224406 108.797440 -6.041742
v 4.000823 108.774002 -5.950763
v 4.775373 108.755737 -5.848795
v 5.550043 108.756279 -5.746267
v 6.317353 108.740738 -5.614884
v 7.072543 108.678749 -5.411470
v 7.828836 108.624260 -5.198050
v 8.567786 108.534645 -4.913511
v 9.296300 108.443909 -4.591820
v 9.984326 108.310265 -4.203534
v 10.601693 108.128784 -3.712461
v 11.178149 107.934669 -3.178489
v 11.711110 107.733986 -2.592541
v 12.197918 107.536148 -1.964664
v 12.610881 107.308495 -1.299589
v 12.915492 107.035851 -0.590241
v 13.161265 106.754494 0.141423
v 13.346248 106.468155 0.883171
v 13.487775 106.179459 1.630857
v 13.573509 105.876884 2.370192
v 13.616661 105.700249 2.786205
v 13.658599 105.524353 3.199247
v 13.416117 105.883217 3.391625
v 13.090255 106.329117 3.037683
v 13.128197 106.516296 2.506369
v 13.400775 106.228798 2.444920
v 13.700317 105.353905 2.255560
v 13.726456 104.823120 2.109840
v 13.757545 104.295021 1.945460
v 13.799853 103.308434 1.616252
v 13.860941 103.072403 2.114234
v 13.775962 104.098228 2.421285
v 13.709650 103.621964 0.867914
v 13.675003 104.597488 1.132369
v 13.579612 105.648613 1.458611
v 11.294467 107.133072 -3.502047
v 13.328391 106.527222 1.845901
v 7.691383 107.591911 -5.761577
v 5.884683 107.800865 -6.203073
v 2.478784 106.416222 -7.007923
v 1.160845 106.420120 -7.065452
v 1.124204 108.414627 -6.485990
v 1.130342 109.166344 -5.805557
v 13.493781 105.412842 0.512967
v 13.299314 105.693077 -0.255332
v 12.688305 106.783257 -1.564180
v 12.345106 105.877129 -2.652705
v 11.694533 106.888344 -3.128884
v 11.432063 106.220116 -3.786762
v 8.708538 106.958679 -5.653357
v 7.918598 107.041161 -5.939669
v 7.178319 107.403099 -6.014849
v 6.353275 108.320923 -5.800012
v 4.106449 107.862175 -6.505943
v 4.953013 107.837090 -6.389266
v 4.060312 108.326012 -6.235943
v 3.286233 107.375366 -6.772249
v 3.282647 107.883965 -6.593928
v 6.936491 107.844627 -5.868482
v 6.392627 107.987427 -5.955787
v 10.089688 107.777245 -4.427852
v 13.569385 103.892349 0.097827
v 13.368965 104.148293 -0.663911
v 13.099910 104.397820 -1.405779
v 12.781949 104.635880 -2.131339
v 12.394342 104.867455 -2.825173
v 11.933066 105.089714 -3.474561
v 1.138307 107.419548 -6.982136
v 2.439336 109.131058 -5.761904
v 3.212360 109.110229 -5.708854
v 3.986899 109.086464 -5.656633
v 13.418787 106.071068 2.926948
v 3.275287 106.395645 -6.973989
v 4.074233 106.368668 -6.920004
v 4.873449 106.334412 -6.843834
v 2.472512 107.404495 -6.862278
v 1.126118 107.915749 -6.733565
v 2.460112 107.897362 -6.651321
v 2.449555 108.370262 -6.398888
v 13.732383 105.232117 2.737391
v 13.752062 104.673706 2.594330
v 13.631981 105.121666 1.300893
v 5.671512 106.291214 -6.741558
v 6.466484 106.235313 -6.607395
v 7.254299 106.162979 -6.430205
v 8.030856 106.071472 -6.205013
v 8.785498 105.958939 -5.909951
v 9.504403 105.825012 -5.540039
v 10.187261 105.669182 -5.113342
v 10.824279 105.493126 -4.624684
v 13.538980 104.881485 0.342173
v 13.341476 105.151665 -0.429622
v 13.089103 105.413261 -1.190868
v 12.754390 105.658524 -1.937307
v 11.915300 106.009781 -3.256592
v 11.404252 105.300049 -4.072324
v 10.873546 106.476463 -4.323058
v 4.096546 107.344383 -6.673153
v 4.916690 107.304802 -6.557660
v 3.255003 108.345818 -6.325259
v 4.759660 108.995628 -5.612316
v 4.868205 108.310608 -6.125535
v 7.080055 108.916885 -5.184251
v 7.902534 108.891655 -4.901386
v 8.501771 108.827637 -4.671702
v 10.565711 108.353043 -3.475495
v 11.172423 108.182167 -2.849432
v 11.590796 108.019035 -2.370386
v 12.786372 107.262962 -0.379878
v 13.004628 107.060905 0.396373
v 13.185935 106.800903 1.135899
v 10.190136 106.668579 -4.834099
v 9.465222 106.826920 -5.272535
v 7.212753 107.050026 -6.146767
v 6.509660 107.133141 -6.290670
v 5.745582 107.245171 -6.420216
v 5.668857 108.300613 -5.977830
v 7.043032 108.246574 -5.645786
v 7.798500 108.132095 -5.469144
v 8.327636 108.760071 -4.841156
v 8.599119 108.033180 -5.194042
v 9.366259 107.919266 -4.845465
v 10.727777 107.609428 -3.888163
v 11.243176 107.493408 -3.360684
v 11.500758 107.985840 -2.613161
v 11.740767 107.292992 -2.846757
v 12.250888 107.040421 -2.270805
v 13.006470 106.511818 -0.820491
v 13.253557 106.230751 -0.069880
v 13.448061 105.944397 0.688988
v 13.048144 105.967888 -1.024172
v 12.703311 106.233032 -1.798413
v 12.191940 106.488159 -2.607837
v 11.873531 106.376297 -3.134797
v 11.490273 106.627403 -3.518673
v 10.925017 107.017593 -3.982287
v 10.177160 107.220024 -4.605622
v 9.418002 107.374893 -5.061756
v 8.621879 107.503639 -5.449388
v 6.630080 107.548851 -6.102925
v 0.692378 99.952515 12.318515
v 0.744571 99.469208 12.206536
v 0.791806 98.835243 12.393862
v 0.859439 98.246132 12.689261
v 0.869682 97.594040 12.564784
v 0.850140 97.010773 12.249976
v 0.836274 96.447090 11.890740
v 0.819603 95.823601 11.649724
v 0.803947 95.169365 11.514585
v 0.794126 94.506828 11.422317
v 0.793211 93.840813 11.340260
v 0.798272 93.176048 11.229857
v 0.810222 92.512344 11.108601
v 0.825191 91.851631 10.969669
v 0.840867 91.190514 10.824016
v 0.851791 90.540131 10.638594
v 0.861772 89.903206 10.413990
v 0.867122 89.295662 10.118566
v 0.876689 88.683098 9.834612
v 0.894300 88.056297 9.595856
v 0.907683 87.536148 9.472488
v 0.430598 87.896660 9.499783
v 1.434657 88.385712 9.701406
v 1.893173 88.820473 9.806948
v 2.259145 89.335678 9.909656
v 2.544729 89.893959 10.039847
v 2.759531 90.465202 10.240282
v 2.948557 91.156425 10.505777
v 3.452961 91.133537 10.588196
v 3.442436 91.024513 10.542379
v 2.950942 91.040749 10.460315
v 2.949515 91.098213 10.482906
v 2.947298 91.212242 10.527389
v 2.945789 91.267609 10.548583
v 2.938198 91.903091 10.768616
v 2.940305 92.551964 10.942168
v 2.935194 93.194107 11.135572
v 2.924197 93.831444 11.345528
v 2.920945 94.490540 11.470256
v 2.930901 95.160881 11.495121
v 2.943162 95.831917 11.490747
v 2.949841 96.502861 11.511559
v 2.950546 97.168633 11.604555
v 2.952162 97.829697 11.723955
v 2.956021 98.476990 11.903411
v 2.953745 99.121925 12.095852
v 2.921596 99.784561 12.186511
v 2.890419 100.264137 12.302656
v 3.422511 99.821083 12.142853
v 2.384680 99.712784 12.232989
v 1.843788 99.639122 12.241765
v 1.297280 99.555008 12.213778
v 0.232332 99.405083 12.197360
v 0.433056 87.421837 9.371793
v 0.389630 88.548836 9.799498
v 2.003952 90.923004 10.512400
v 2.274604 91.978600 10.795738
v 2.710823 89.131638 9.827844
v 3.022687 89.370399 9.874221
v 3.024755 89.738121 9.976065
v 1.424662 89.941544 10.313056
v 1.920382 89.905144 10.156809
v 1.393339 97.648064 12.373494
v 1.923129 98.332100 12.349440
v 0.268735 98.980659 12.314327
v 0.189678 99.883232 12.314559
v 3.251001 90.411095 10.269489
v 3.433217 91.773880 10.826920
v 2.328127 100.197639 12.326746
v 3.442426 99.147476 11.999475
v 2.402839 95.835541 11.436484
v 1.733951 92.368896 11.022923
v 2.647940 90.916527 10.376492
v 1.915047 92.944168 11.133309
v 1.865268 95.163147 11.361002
v 1.868409 94.475243 11.293011
v 2.411590 93.791473 11.296414
v 1.891984 97.089272 11.931642
v 1.869988 96.475883 11.675391
v 1.867007 95.827454 11.496780
v 2.080401 91.624916 10.715928
v 1.421483 87.827263 9.565662
v 1.802286 88.105431 9.623212
v 2.249634 88.544167 9.723354
v 3.433759 92.433739 11.001854
v 3.433119 93.094841 11.171890
v 3.402142 100.301598 12.275874
v 1.777052 100.119438 12.323415
v 1.233900 100.037224 12.317451
v 1.342838 98.919647 12.408643
v 0.376139 89.170753 10.110728
v 0.369456 89.785980 10.419707
v 1.339254 88.884361 9.862669
v 3.443700 98.491814 11.790647
v 3.446028 97.819771 11.640334
v 2.434803 99.045769 12.270103
v 1.896602 98.991264 12.394243
v 3.450021 97.137108 11.575585
v 3.448955 96.453148 11.544463
v 3.435933 95.770447 11.573707
v 3.421949 95.088150 11.586632
v 3.415542 94.407921 11.536999
v 1.361020 89.383026 10.085014
v 3.422197 93.743843 11.382309
v 2.443070 98.399132 12.127007
v 2.418450 97.777824 11.914999
v 0.349267 96.522835 11.928528
v 0.112719 95.515480 11.542766
v 0.091922 95.100037 11.486981
v 0.327432 98.077728 12.785289
v 0.447013 92.448692 11.110414
v 0.367461 91.760666 10.985675
v 0.360348 91.081482 10.868253
v 0.362835 90.424278 10.671670
v 0.256345 94.500984 11.444045
v 0.391237 95.105621 11.502383
v 0.419374 95.640610 11.596056
v 0.356230 96.109039 11.725482
v 1.402516 98.279930 12.553252
v 1.383117 97.039413 12.131248
v 1.367397 96.433640 11.861304
v 1.352903 95.802567 11.645681
v 1.340722 95.151947 11.481845
v 1.330398 94.485382 11.349045
v 1.331206 93.793884 11.274212
v 1.334278 93.088028 11.194039
v 1.299147 92.451057 11.074068
v 1.318989 91.847466 10.930350
v 1.400735 91.242020 10.755376
v 1.680035 89.045509 9.884441
v 1.804786 89.418213 10.007252
v 2.621936 91.335403 10.525894
v 2.618558 91.553024 10.595334
v 2.591172 92.000183 10.740970
v 2.539983 92.516289 10.951931
v 2.448704 93.118347 11.101519
v 2.399421 94.480644 11.370218
v 2.404613 95.162987 11.377224
v 2.405488 96.491547 11.577060
v 2.410531 97.140862 11.736030
v 0.195366 98.474274 12.653460
v 0.048013 94.668289 11.461324
v 2.271974 90.523903 10.297096
v 1.906871 97.712509 12.146398
v 1.746739 91.870598 10.879097
v 1.906039 91.376778 10.679285
v 2.316069 91.598579 10.650599
v 2.298011 91.231438 10.543177
v 2.177766 92.411072 10.974729
v 1.878481 93.747864 11.281612
v 1.908748 90.334785 10.337319
v 1.524849 90.584679 10.543691
v 1.977521 92.230522 10.949632
v 2.020061 91.925743 10.836097
v 2.564246 102.346275 13.813727
v 2.449587 102.503662 13.862111
v 2.406224 102.502480 13.871982
v 2.406234 102.458412 13.865892
v 2.366517 102.617371 13.895248
v 2.321301 102.586258 13.901464
v 2.291856 102.539543 13.901778
v 2.364900 102.443687 13.873271
v 2.378286 102.402222 13.864336
v 2.257781 102.496071 13.903473
v 2.243643 102.442863 13.899129
v 2.343027 102.375404 13.868459
v 2.368500 102.340584 13.857585
v 2.224142 102.391258 13.896100
v 2.226794 102.336739 13.887507
v 2.342769 102.304306 13.858006
v 2.377835 102.279541 13.846306
v 2.223814 102.282097 13.880038
v 2.242976 102.231674 13.868062
v 2.364130 102.237358 13.842946
v 2.405354 102.225060 13.831601
v 2.256698 102.179359 13.856903
v 2.290399 102.137947 13.842748
v 2.404990 102.181114 13.824759
v 2.448354 102.182472 13.814914
v 2.319428 102.093010 13.828981
v 2.364352 102.064598 13.814035
v 2.461370 102.141045 13.805214
v 2.502635 102.155945 13.797879
v 2.405912 102.031433 13.798983
v 2.457753 102.018822 13.784701
v 2.527758 102.121117 13.786229
v 2.562903 102.148094 13.782158
v 2.507812 102.000786 13.769832
v 2.561508 102.005318 13.757639
v 2.597656 102.123306 13.769666
v 2.623247 102.159714 13.769298
v 2.615127 102.004204 13.744412
v 2.665366 102.025406 13.735519
v 2.664215 102.147362 13.757143
v 2.677748 102.189598 13.760550
v 2.717268 102.041222 13.725211
v 2.759144 102.076920 13.720483
v 2.720918 102.190895 13.749883
v 2.721101 102.234856 13.756769
v 2.804311 102.108055 13.714066
v 2.833804 102.154747 13.713953
v 2.762242 102.249687 13.748593
v 2.749048 102.291039 13.758326
v 2.867831 102.198242 13.712056
v 2.882018 102.251427 13.716601
v 2.784115 102.317978 13.753406
v 2.758835 102.352676 13.765076
v 2.901469 102.303062 13.719429
v 2.898861 102.357552 13.728226
v 2.784368 102.389084 13.763860
v 2.749494 102.413719 13.776360
v 2.901798 102.412224 13.735492
v 2.882684 102.462608 13.747668
v 2.763013 102.456032 13.778917
v 2.721981 102.468201 13.791060
v 2.868908 102.514969 13.758629
v 2.835261 102.556335 13.772985
v 2.722152 102.512268 13.797106
v 2.678980 102.510796 13.807748
v 2.806184 102.601311 13.786548
v 2.761308 102.629692 13.801696
v 2.665772 102.552330 13.816650
v 2.624699 102.537315 13.824782
v 2.719705 102.662880 13.816545
v 2.667907 102.675468 13.831029
v 2.599384 102.572258 13.835634
v 2.564431 102.545166 13.840503
v 2.617800 102.693535 13.845697
v 2.564152 102.688980 13.858092
v 2.529486 102.570084 13.852198
v 2.504088 102.533562 13.853363
v 2.510484 102.690117 13.871119
v 2.460294 102.668884 13.880212
v 2.462927 102.546021 13.864720
v 2.408344 102.653091 13.890318
v 2.065744 102.699608 13.962834
v 2.175539 102.621964 13.935147
v 2.224669 102.681335 13.932059
v 2.128752 102.775352 13.958814
v 2.281929 102.732620 13.925809
v 2.202046 102.840820 13.950786
v 1.977049 102.523964 13.958289
v 2.106647 102.484413 13.931452
v 2.135877 102.555748 13.934938
v 2.014713 102.615112 13.962668
v 1.946346 102.330582 13.937111
v 2.082659 102.333275 13.914900
v 2.088805 102.409607 13.924701
v 1.954122 102.428261 13.949677
v 1.976794 102.139412 13.901488
v 2.105963 102.183739 13.887156
v 2.088505 102.257378 13.902263
v 1.954125 102.233513 13.920878
v 2.063652 101.969154 13.855329
v 2.173615 102.050407 13.851097
v 2.134620 102.114220 13.869954
v 2.013694 102.050667 13.879451
v 2.197792 101.835205 13.803116
v 2.278764 101.945877 13.810239
v 2.222068 101.993851 13.831029
v 2.125494 101.896767 13.829684
v 2.367450 101.750931 13.749667
v 2.411629 101.880447 13.768466
v 2.342493 101.907761 13.789207
v 2.279121 101.786156 13.776215
v 2.556522 101.726311 13.700351
v 2.559396 101.861214 13.729924
v 2.484560 101.864853 13.748542
v 2.460756 101.730873 13.724161
v 2.745527 101.763885 13.660246
v 2.707226 101.890083 13.698481
v 2.634229 101.869781 13.713113
v 2.652230 101.737572 13.678894
v 2.915905 101.858185 13.633032
v 2.840637 101.963554 13.677114
v 2.776558 101.921654 13.686399
v 2.834048 101.804512 13.644868
v 3.052212 101.999382 13.620979
v 2.947028 102.074226 13.667777
v 2.897903 102.014832 13.670862
v 2.989198 101.923645 13.625002
v 3.140901 102.175041 13.625528
v 3.015919 102.211769 13.671473
v 2.986689 102.140434 13.667984
v 3.103238 102.083885 13.621149
v 3.171604 102.368423 13.646706
v 3.039907 102.362907 13.688024
v 3.033761 102.286575 13.678222
v 3.163829 102.270744 13.634140
v 3.141156 102.559593 13.682329
v 3.016604 102.512444 13.715767
v 3.034055 102.438805 13.700663
v 3.163825 102.465492 13.662938
v 3.054298 102.729851 13.728488
v 2.948951 102.645775 13.751825
v 2.987946 102.581963 13.732970
v 3.104257 102.648338 13.704366
v 2.920159 102.863792 13.780701
v 2.843802 102.750305 13.792686
v 2.900504 102.702324 13.771892
v 2.992456 102.802238 13.754130
v 2.750501 102.948074 13.834149
v 2.710942 102.815727 13.834455
v 2.780073 102.788414 13.813716
v 2.838829 102.912857 13.807602
v 2.561428 102.972694 13.883466
v 2.563171 102.834961 13.872998
v 2.638007 102.831322 13.854383
v 2.657195 102.968132 13.859656
v 2.372430 102.935112 13.923568
v 2.415341 102.806091 13.904444
v 2.488337 102.826393 13.889811
v 2.465721 102.961441 13.904922
v 2.346014 102.774513 13.916521
v 2.283902 102.894493 13.938949
v 1.891831 102.822075 13.991438
v 1.970934 102.766479 13.981680
v 2.046036 102.855957 13.976768
v 1.977110 102.922523 13.985690
v 2.133070 102.933372 13.967191
v 2.075503 103.009621 13.974799
v 1.770214 102.588013 13.986209
v 1.864592 102.558586 13.976631
v 1.909817 102.666565 13.981671
v 1.822015 102.709694 13.991687
v 1.729019 102.328545 13.957794
v 1.828139 102.328995 13.951488
v 1.837201 102.444984 13.966449
v 1.739020 102.459656 13.974765
v 1.772892 102.072945 13.909400
v 1.865488 102.102379 13.908956
v 1.837941 102.213860 13.932094
v 1.740867 102.198586 13.935715
v 1.890777 101.846130 13.847383
v 1.969142 101.900887 13.854120
v 1.909721 101.997383 13.882744
v 1.823464 101.954796 13.879712
v 2.068855 101.665550 13.777659
v 2.127652 101.741508 13.792261
v 2.042276 101.814919 13.823740
v 1.973020 101.748932 13.813140
v 2.294800 101.549751 13.705951
v 2.328404 101.640373 13.728807
v 2.223802 101.682716 13.760338
v 2.176947 101.598320 13.741605
v 2.548486 101.516716 13.639781
v 2.552886 101.611145 13.670255
v 2.439157 101.616386 13.698504
v 2.419922 101.522392 13.671679
v 2.801304 101.570183 13.586611
v 2.776970 101.656967 13.622894
v 2.666424 101.625084 13.644887
v 2.676674 101.533249 13.611259
v 3.028350 101.698021 13.550662
v 2.978642 101.769440 13.590805
v 2.881726 101.705620 13.604781
v 2.919198 101.625732 13.566344
v 3.212022 101.885559 13.534022
v 3.140785 101.936333 13.576312
v 3.065677 101.846870 13.581229
v 3.126743 101.785110 13.539771
v 3.333639 102.119621 13.539252
v 3.247121 102.144234 13.581367
v 3.201896 102.036263 13.576326
v 3.281837 101.997948 13.533774
v 3.374834 102.379082 13.567667
v 3.283574 102.373833 13.606509
v 3.274512 102.257835 13.591547
v 3.364833 102.247978 13.550694
v 3.330961 102.634697 13.616061
v 3.246225 102.600441 13.649040
v 3.273771 102.488968 13.625902
v 3.362986 102.509048 13.589746
v 3.213075 102.861504 13.678078
v 3.142571 102.801941 13.703876
v 3.201991 102.705444 13.675252
v 3.280389 102.752831 13.645747
v 3.034998 103.042091 13.747802
v 2.984060 102.961319 13.765737
v 3.069436 102.887901 13.734256
v 3.130832 102.958702 13.712320
v 2.809053 103.157890 13.819509
v 2.783308 103.062454 13.829188
v 2.887911 103.020103 13.797658
v 2.926905 103.109314 13.783856
v 2.555367 103.190918 13.885680
v 2.558827 103.091675 13.887743
v 2.672556 103.086441 13.859492
v 2.683931 103.185242 13.853782
v 2.302548 103.137451 13.938850
v 2.334748 103.045853 13.935099
v 2.445288 103.077736 13.913111
v 2.427179 103.174393 13.914203
v 2.229987 102.997208 13.953216
v 2.184654 103.081902 13.959117
v 1.782727 102.898048 13.983670
v 1.829157 102.865860 13.991858
v 1.922577 102.974510 13.985356
v 1.882122 103.012306 13.976554
v 2.029817 103.068886 13.973403
v 1.995692 103.111717 13.963817
v 1.638818 102.630325 13.978848
v 1.694851 102.611961 13.986762
v 1.752145 102.744102 13.992459
v 1.700305 102.769814 13.984619
v 1.591302 102.331047 13.946074
v 1.649968 102.329277 13.955803
v 1.660543 102.472168 13.974378
v 1.602202 102.482361 13.965816
v 1.646091 102.037453 13.889424
v 1.699839 102.051392 13.902666
v 1.663831 102.187866 13.931544
v 1.606905 102.181534 13.920197
v 1.783955 101.778107 13.817769
v 1.829215 101.805405 13.835037
v 1.755678 101.923309 13.870236
v 1.705913 101.902466 13.855014
v 1.986712 101.568588 13.737805
v 2.021924 101.608040 13.759299
v 1.918313 101.699448 13.797844
v 1.877793 101.665878 13.778505
v 2.244990 101.431244 13.655101
v 2.266935 101.480011 13.681175
v 2.138986 101.533806 13.720041
v 2.109968 101.489067 13.696271
v 2.537601 101.393150 13.578778
v 2.543335 101.444023 13.609080
v 2.403208 101.449883 13.643799
v 2.389208 101.399040 13.615500
v 2.828144 101.459030 13.518331
v 2.818253 101.504356 13.551587
v 2.682838 101.463005 13.578185
v 2.685142 101.414177 13.546245
v 3.087872 101.608330 13.477661
v 3.064555 101.644554 13.512816
v 2.946102 101.565620 13.529759
v 2.962918 101.524590 13.495465
v 3.300837 101.821999 13.457808
v 3.265221 101.847572 13.494357
v 3.171796 101.738922 13.500862
v 3.201442 101.707741 13.464925
v 3.444746 102.089722 13.462630
v 3.399521 102.101471 13.499457
v 3.342228 101.969330 13.493758
v 3.383259 101.950249 13.456859
v 3.492262 102.389000 13.495402
v 3.444405 102.384171 13.530416
v 3.433829 102.241272 13.511841
v 3.481361 102.237694 13.475662
v 3.437473 102.682594 13.552052
v 3.394534 102.662041 13.583551
v 3.430541 102.525574 13.554674
v 3.476659 102.538513 13.521281
v 3.299609 102.941948 13.623708
v 3.265157 102.908035 13.651181
v 3.338694 102.790123 13.615981
v 3.377650 102.817581 13.586466
v 3.096851 103.151466 13.703671
v 3.072448 103.105400 13.726920
v 3.176059 103.013992 13.688375
v 3.205770 103.054176 13.662973
v 2.838573 103.288811 13.786376
v 2.827437 103.233421 13.805041
v 2.955386 103.179626 13.766176
v 2.973596 103.230995 13.745208
v 2.545963 103.326904 13.862700
v 2.551038 103.269409 13.877136
v 2.691164 103.263565 13.842418
v 2.694356 103.321007 13.825978
v 2.255419 103.261024 13.923148
v 2.276125 103.209068 13.934628
v 2.411534 103.250443 13.908032
v 2.398422 103.305885 13.895233
v 2.148270 103.147820 13.956458
v 2.120646 103.195473 13.946013
v 1.738139 102.928284 13.944812
v 1.752384 102.918846 13.967597
v 1.855425 103.036339 13.960077
v 1.842424 103.046806 13.937144
v 1.972797 103.138710 13.946860
v 1.961070 103.150139 13.923759
v 1.586089 102.649780 13.940365
v 1.602445 102.642998 13.963029
v 1.666581 102.786819 13.968802
v 1.651151 102.795021 13.946121
v 1.536470 102.337265 13.906138
v 1.553350 102.333771 13.929168
v 1.564415 102.490135 13.949615
v 1.547567 102.495316 13.926828
v 1.595718 102.031250 13.846576
v 1.611396 102.030838 13.870349
v 1.570145 102.179413 13.902285
v 1.553712 102.181305 13.878913
v 1.740600 101.761513 13.771689
v 1.754479 101.763641 13.796274
v 1.673709 101.891808 13.834739
v 1.658910 101.890915 13.810557
v 1.951063 101.542130 13.688405
v 1.963077 101.546745 13.713808
v 1.851093 101.647636 13.755780
v 1.838108 101.644249 13.730792
v 2.219646 101.396866 13.602040
v 2.229135 101.403557 13.628359
v 2.089943 101.463913 13.670911
v 2.079087 101.458122 13.645055
v 2.525209 101.357079 13.522338
v 2.531467 101.364189 13.549500
v 2.378112 101.370079 13.587420
v 2.370201 101.362946 13.560654
v 2.828113 101.427925 13.459640
v 2.831304 101.433708 13.487343
v 2.683807 101.386589 13.516009
v 2.679134 101.379997 13.488541
v 3.098295 101.584732 13.417554
v 3.098923 101.588593 13.445594
v 2.970133 101.501938 13.463895
v 2.968254 101.497093 13.436009
v 3.321221 101.806587 13.396502
v 3.319344 101.808464 13.424855
v 3.216295 101.690964 13.432376
v 3.216942 101.688057 13.404169
v 3.473277 102.085075 13.400949
v 3.469276 102.084312 13.429423
v 3.405147 101.940498 13.423652
v 3.408215 101.939842 13.395190
v 3.522896 102.397606 13.435175
v 3.518370 102.393532 13.463287
v 3.507305 102.237167 13.442840
v 3.511799 102.239555 13.414485
v 3.463648 102.703613 13.494738
v 3.460330 102.696465 13.522102
v 3.501580 102.547874 13.490166
v 3.505654 102.553551 13.462401
v 3.318766 102.973351 13.569625
v 3.317242 102.963661 13.596181
v 3.398011 102.835487 13.557715
v 3.400461 102.843948 13.530753
v 3.108303 103.192741 13.652907
v 3.108649 103.180542 13.678644
v 3.220627 103.079666 13.636673
v 3.221263 103.090614 13.610518
v 2.839719 103.338005 13.739273
v 2.842585 103.323753 13.764094
v 2.981783 103.263382 13.721541
v 2.980279 103.276733 13.696258
v 2.534156 103.377785 13.818974
v 2.540254 103.363113 13.842954
v 2.693609 103.357231 13.805036
v 2.689164 103.371910 13.780660
v 2.231253 103.306938 13.881675
v 2.240424 103.293602 13.905108
v 2.387913 103.340714 13.876443
v 2.380232 103.354874 13.852771
v 2.101587 103.225365 13.928560
v 2.091111 103.237770 13.905303
v 1.758556 102.912842 13.883615
v 1.740037 102.926407 13.916486
v 1.843077 103.043900 13.908966
v 1.857950 103.027100 13.876498
v 1.960450 103.146263 13.895749
v 1.971520 103.126518 13.863762
v 1.614646 102.645119 13.878794
v 1.590097 102.650551 13.911919
v 1.654234 102.794373 13.917689
v 1.676133 102.784607 13.884564
v 1.567130 102.345848 13.846019
v 1.541003 102.341331 13.878055
v 1.552068 102.497696 13.898503
v 1.578031 102.497154 13.865759
v 1.621919 102.052246 13.789370
v 1.599048 102.038391 13.819239
v 1.557798 102.186974 13.851173
v 1.582733 102.196327 13.820141
v 1.759783 101.792900 13.717714
v 1.742131 101.771202 13.745162
v 1.661361 101.899376 13.783628
v 1.681742 101.917259 13.754958
v 1.962541 101.583382 13.637751
v 1.950729 101.554306 13.662697
v 1.838746 101.655205 13.704669
v 1.853622 101.680672 13.678449
v 2.220819 101.446037 13.555046
v 2.216787 101.411110 13.577248
v 2.077595 101.471466 13.619799
v 2.085796 101.503860 13.596216
v 2.513429 101.407944 13.478724
v 2.519119 101.371742 13.498389
v 2.365764 101.377640 13.536307
v 2.365036 101.413841 13.515445
v 2.803973 101.473824 13.418276
v 2.818956 101.441261 13.436233
v 2.671459 101.394157 13.464899
v 2.660970 101.428970 13.446189
v 3.063700 101.623131 13.377606
v 3.086576 101.596153 13.394483
v 2.957785 101.509491 13.412783
v 2.938746 101.539383 13.395411
v 3.276665 101.836792 13.357752
v 3.306996 101.816017 13.373744
v 3.203948 101.698517 13.381264
v 3.177270 101.722534 13.364870
v 3.420575 102.104515 13.362574
v 3.456928 102.091873 13.378313
v 3.392792 101.948051 13.372540
v 3.359087 101.965042 13.356804
v 3.468090 102.403801 13.395348
v 3.506023 102.401085 13.412175
v 3.494957 102.244720 13.391728
v 3.457190 102.252487 13.375607
v 3.413301 102.697388 13.451998
v 3.447983 102.704018 13.470990
v 3.489233 102.555435 13.439055
v 3.452488 102.553307 13.421227
v 3.275438 102.956741 13.523653
v 3.304894 102.971214 13.545069
v 3.385664 102.843040 13.506604
v 3.353479 102.832375 13.486411
v 3.072680 103.166260 13.603617
v 3.096301 103.188110 13.627533
v 3.208279 103.087219 13.585563
v 3.181599 103.068970 13.562919
v 2.814402 103.303604 13.686320
v 2.830238 103.331314 13.712984
v 2.969435 103.270935 13.670430
v 2.949425 103.245789 13.645152
v 2.521791 103.341698 13.762645
v 2.527906 103.370682 13.791842
v 2.681261 103.364784 13.753923
v 2.670185 103.335808 13.725924
v 2.231248 103.275818 13.823092
v 2.228077 103.301163 13.853998
v 2.375566 103.348267 13.825333
v 2.374250 103.320679 13.795178
v 2.089240 103.232925 13.877448
v 2.096474 103.210266 13.845958
v 1.847438 102.849243 13.807681
v 1.794207 102.887245 13.847186
v 1.887627 102.995903 13.840686
v 1.932717 102.949699 13.801933
v 1.994867 103.090271 13.828731
v 2.031111 103.036797 13.791041
v 1.725821 102.615189 13.802452
v 1.659901 102.633362 13.842090
v 1.717195 102.765503 13.847789
v 1.777623 102.736870 13.807930
v 1.684627 102.355721 13.774037
v 1.615018 102.350662 13.811131
v 1.625593 102.493553 13.829706
v 1.694627 102.486832 13.791010
v 1.728499 102.100113 13.725642
v 1.664889 102.072784 13.757996
v 1.628881 102.209259 13.786875
v 1.696474 102.225754 13.751959
v 1.846385 101.873306 13.663627
v 1.794265 101.826797 13.690366
v 1.720728 101.944702 13.725566
v 1.779071 101.981972 13.695956
v 2.024462 101.692719 13.593903
v 1.986974 101.629433 13.614628
v 1.883363 101.720840 13.653172
v 1.928628 101.776108 13.629384
v 2.250407 101.576920 13.522196
v 2.231985 101.501404 13.536506
v 2.104036 101.555199 13.575371
v 2.132555 101.625488 13.557848
v 2.504093 101.543892 13.456024
v 2.508385 101.465416 13.464411
v 2.368258 101.471275 13.499129
v 2.375530 101.549568 13.487923
v 2.756912 101.597351 13.402854
v 2.783303 101.525749 13.406916
v 2.647888 101.484390 13.433515
v 2.632282 101.560417 13.427501
v 2.983957 101.725189 13.366907
v 3.029605 101.665947 13.368144
v 2.911152 101.587013 13.385089
v 2.874806 101.652908 13.382586
v 3.167629 101.912735 13.350266
v 3.230271 101.868965 13.349688
v 3.136845 101.760315 13.356191
v 3.082350 101.812279 13.356013
v 3.289246 102.146790 13.355494
v 3.364571 102.122864 13.354785
v 3.307278 101.990723 13.349088
v 3.237445 102.025108 13.350017
v 3.330441 102.406250 13.383910
v 3.409454 102.405556 13.385744
v 3.398879 102.262665 13.367169
v 3.320440 102.275146 13.366939
v 3.286568 102.661865 13.432304
v 3.359583 102.683434 13.438881
v 3.395591 102.546959 13.410003
v 3.318594 102.536217 13.405990
v 3.168683 102.888672 13.494320
v 3.230207 102.929436 13.506511
v 3.303744 102.811516 13.471311
v 3.235996 102.780006 13.461992
v 2.990606 103.069267 13.564044
v 3.037498 103.126785 13.582248
v 3.141109 103.035393 13.543703
v 3.086440 102.985878 13.528563
v 2.764660 103.185059 13.635753
v 2.792487 103.254822 13.660372
v 2.920436 103.201012 13.621506
v 2.882513 103.136490 13.600100
v 2.510975 103.218094 13.701922
v 2.516087 103.290810 13.732467
v 2.656214 103.284950 13.697748
v 2.639538 103.212418 13.670024
v 2.258156 103.164627 13.755095
v 2.241175 103.230469 13.789958
v 2.376584 103.271828 13.763362
v 2.382786 103.201561 13.730445
v 2.113320 103.169205 13.811788
v 2.140262 103.109070 13.775360
v 2.007339 102.735367 13.721074
v 1.918724 102.798439 13.765567
v 1.993826 102.887901 13.760653
v 2.070348 102.811111 13.717053
v 2.080860 102.965332 13.751076
v 2.143641 102.876564 13.709027
v 1.918644 102.559708 13.716530
v 1.812382 102.590538 13.760516
v 1.857607 102.698509 13.765556
v 1.956307 102.650871 13.720909
v 1.887941 102.366325 13.695351
v 1.775929 102.360954 13.735373
v 1.784991 102.476944 13.750335
v 1.895717 102.464005 13.707916
v 1.918390 102.175163 13.659728
v 1.813278 102.134338 13.692841
v 1.785732 102.245811 13.715980
v 1.895720 102.269257 13.679118
v 2.005247 102.004906 13.613568
v 1.916932 101.932846 13.638005
v 1.857512 102.029343 13.666629
v 1.955289 102.086418 13.637691
v 2.139386 101.870956 13.561356
v 2.075443 101.773468 13.576146
v 1.990067 101.846878 13.607625
v 2.067089 101.932518 13.587926
v 2.309045 101.786674 13.507909
v 2.276195 101.672325 13.512692
v 2.171592 101.714676 13.544223
v 2.220716 101.821899 13.534454
v 2.498117 101.762062 13.458591
v 2.500676 101.643105 13.454140
v 2.386947 101.648338 13.482390
v 2.402351 101.766624 13.482401
v 2.687122 101.799637 13.418488
v 2.724761 101.688927 13.406779
v 2.614215 101.657036 13.428772
v 2.593825 101.773315 13.437134
v 2.857500 101.893936 13.391271
v 2.926433 101.801399 13.374690
v 2.829516 101.737572 13.388667
v 2.775643 101.840263 13.403109
v 2.993807 102.035133 13.379219
v 3.088575 101.968285 13.360198
v 3.013467 101.878830 13.365114
v 2.930793 101.959396 13.383245
v 3.082496 102.210793 13.383768
v 3.194911 102.176193 13.365252
v 3.149686 102.068222 13.360211
v 3.044833 102.119637 13.379389
v 3.113199 102.404175 13.404945
v 3.231364 102.405785 13.390395
v 3.222302 102.289795 13.375432
v 3.105423 102.306496 13.392382
v 3.082751 102.595352 13.440571
v 3.194015 102.632401 13.432925
v 3.221561 102.520927 13.409787
v 3.105420 102.501244 13.421180
v 2.995893 102.765602 13.486728
v 3.090361 102.833900 13.487761
v 3.149782 102.737404 13.459137
v 3.045852 102.684097 13.462607
v 2.861754 102.899551 13.538940
v 2.931850 102.993263 13.549622
v 3.017227 102.919861 13.518142
v 2.934051 102.837990 13.512372
v 2.692096 102.983826 13.592389
v 2.731099 103.094414 13.613074
v 2.835701 103.052063 13.581543
v 2.780424 102.948608 13.565842
v 2.503023 103.008446 13.641706
v 2.506617 103.123634 13.671628
v 2.620346 103.118401 13.643378
v 2.598790 103.003883 13.617896
v 2.314024 102.970863 13.681808
v 2.282538 103.077812 13.718984
v 2.393079 103.109695 13.696996
v 2.407316 102.997185 13.663162
v 2.177777 103.029167 13.737101
v 2.225497 102.930237 13.697188
v 2.225808 102.579971 13.628382
v 2.112556 102.660515 13.674438
v 2.161686 102.719887 13.671350
v 2.255301 102.626648 13.628267
v 2.218946 102.771172 13.665100
v 2.300469 102.657799 13.621854
v 2.177595 102.483292 13.625732
v 2.043664 102.522964 13.670743
v 2.072895 102.594299 13.674230
v 2.191781 102.536461 13.630277
v 2.160746 102.377167 13.614112
v 2.019676 102.371826 13.654190
v 2.025822 102.448158 13.663994
v 2.158143 102.431656 13.622904
v 2.176928 102.272095 13.594666
v 2.042980 102.222282 13.626449
v 2.025522 102.295929 13.641555
v 2.157814 102.322487 13.606842
v 2.224352 102.178375 13.569351
v 2.110632 102.088959 13.590388
v 2.071638 102.152763 13.609245
v 2.190699 102.219757 13.583706
v 2.298304 102.105026 13.540639
v 2.215781 101.984428 13.549530
v 2.159085 102.032402 13.570320
v 2.253428 102.133415 13.555785
v 2.391705 102.059250 13.511307
v 2.348647 101.918999 13.507758
v 2.279510 101.946312 13.528498
v 2.339912 102.071831 13.525784
v 2.495468 102.045746 13.484242
v 2.496413 101.899765 13.469215
v 2.421576 101.903404 13.487833
v 2.441812 102.041176 13.496635
v 2.599319 102.065826 13.462123
v 2.644243 101.928635 13.437772
v 2.571246 101.908333 13.452403
v 2.549128 102.044594 13.471216
v 2.693096 102.117340 13.447085
v 2.777654 102.002106 13.416405
v 2.713575 101.960205 13.425690
v 2.651268 102.081619 13.452014
v 2.767756 102.195168 13.440557
v 2.884045 102.112778 13.407068
v 2.834921 102.053391 13.410153
v 2.738312 102.148460 13.440869
v 2.815970 102.291855 13.443206
v 2.952937 102.250320 13.410764
v 2.923706 102.178978 13.407275
v 2.801831 102.238640 13.438860
v 2.832813 102.397980 13.454829
v 2.976925 102.401451 13.427315
v 2.970778 102.325127 13.417514
v 2.835470 102.343460 13.446233
v 2.816637 102.503044 13.474273
v 2.953621 102.550987 13.455058
v 2.971072 102.477356 13.439954
v 2.835798 102.452629 13.462295
v 2.769213 102.596764 13.499588
v 2.885969 102.684326 13.491117
v 2.924963 102.620506 13.472261
v 2.802908 102.555359 13.485433
v 2.695261 102.670120 13.528300
v 2.780820 102.788857 13.531977
v 2.837522 102.740868 13.511184
v 2.740185 102.641701 13.513351
v 2.601859 102.715897 13.557632
v 2.647959 102.854271 13.573746
v 2.717090 102.826965 13.553008
v 2.653705 102.703270 13.543349
v 2.498096 102.729393 13.584697
v 2.500188 102.873512 13.612289
v 2.575024 102.869888 13.593674
v 2.551800 102.733940 13.572501
v 2.394246 102.709312 13.606814
v 2.352358 102.844643 13.643735
v 2.425354 102.864944 13.629102
v 2.444484 102.730522 13.597920
v 2.283031 102.813065 13.655812
v 2.342345 102.693497 13.617122
v 2.495398 102.388420 13.528739
v 2.338529 102.499855 13.585640
v 2.338710 102.543816 13.592516
v 2.381882 102.545105 13.581858
v 2.310582 102.443665 13.584083
v 2.297385 102.485023 13.593806
v 2.300795 102.382027 13.577333
v 2.275513 102.416725 13.588992
v 2.310130 102.320984 13.566051
v 2.275255 102.345627 13.578542
v 2.337649 102.266502 13.551348
v 2.296615 102.278679 13.563481
v 2.380650 102.223915 13.534662
v 2.337476 102.222435 13.545292
v 2.434931 102.197388 13.517626
v 2.393856 102.182373 13.525749
v 2.495199 102.189537 13.501906
v 2.460244 102.162445 13.506764
v 2.555542 102.201149 13.489044
v 2.530149 102.164635 13.490199
v 2.610044 102.231041 13.480296
v 2.596700 102.188683 13.477678
v 2.653396 102.276291 13.476516
v 2.653404 102.232224 13.470418
v 2.681344 102.332481 13.478072
v 2.694728 102.291008 13.469127
v 2.691130 102.394119 13.484822
v 2.716601 102.359299 13.473940
v 2.681790 102.455162 13.496106
v 2.716853 102.430412 13.484395
v 2.654277 102.509636 13.510806
v 2.695498 102.497353 13.499453
v 2.611276 102.552223 13.527493
v 2.654638 102.553589 13.517641
v 2.556995 102.578758 13.544530
v 2.598258 102.593651 13.537185
v 2.496727 102.586601 13.560249
v 2.531870 102.613579 13.556170
v 2.436383 102.574989 13.573112
v 2.461964 102.611389 13.572735
v 2.395413 102.587341 13.585256
v 15.019890 75.909164 2.100277
v 14.261960 77.299797 0.088352
v 14.376482 78.920746 -0.963937
v 12.026009 76.351074 -3.590627
v 11.000361 77.069412 -1.911009
v 12.888628 78.656517 -6.007895
v 11.740460 77.170364 -7.078381
v 11.621639 77.636063 -6.336033
v 9.537277 77.318115 -8.445390
v 10.720929 78.055779 -7.935749
v 9.455785 77.691223 -10.174314
v 9.380730 76.568886 -10.082790
v 5.353621 79.157883 -7.252456
v 6.166537 78.881378 -6.823851
v 6.407557 78.412392 -4.076922
v 4.178697 78.415756 -6.275421
v 3.978354 77.731155 -4.832366
v 1.214050 80.060516 -3.709153
v 1.262995 77.511566 -3.635851
v 1.606735 77.246346 -2.089344
v 0.060686 79.237770 0.022614
v -0.056125 80.694244 1.157704
v -0.006095 80.804131 0.635693
v 0.017518 81.731804 -0.724792
v 0.044649 82.853874 -1.976849
v 0.051309 83.984283 -3.089308
v 0.081180 85.109764 -4.138980
v 0.105607 86.236214 -5.104109
v 0.116461 87.334114 -5.999449
v 0.139396 88.418022 -6.818894
v 0.120422 89.501945 -7.554006
v 0.192130 90.665886 -8.140458
v 0.235421 91.849968 -8.644795
v 0.323978 93.089989 -8.899425
v 0.382348 94.338425 -9.099086
v 0.430259 95.584724 -9.216696
v 0.470396 96.826263 -9.236797
v 0.504049 98.055199 -9.159308
v 0.533585 99.269135 -8.991803
v 0.557223 100.461250 -8.730556
v 0.579546 101.646111 -8.423172
v 0.586284 102.721512 -8.096874
v 0.600873 103.800621 -7.772230
v 0.623029 104.878502 -7.478502
v 0.624412 105.092628 -7.427728
v 0.629865 105.305260 -7.374242
v 0.628491 105.756409 -7.112055
v 1.299881 104.859802 -7.464067
v 14.807029 98.058212 1.326942
v 14.727867 96.817001 1.402570
v 14.340636 95.651466 1.630628
v 14.731514 94.467400 1.560434
v 15.318313 93.376854 1.376236
v 15.672585 92.179909 1.305588
v 15.876495 90.946953 1.282993
v 15.971950 89.701729 1.283523
v 15.971471 88.454880 1.291809
v 15.780349 87.224068 1.319405
v 15.768659 87.167473 1.318666
v 15.576682 86.001411 1.286602
v 15.205429 84.877502 1.288387
v 15.092316 83.700058 1.257867
v 15.003970 82.520500 1.214509
v 14.839281 81.346931 1.175561
v 14.731635 80.167229 1.113294
v 14.567815 78.994072 1.051530
v 14.401587 77.823669 0.976911
v 0.924868 78.166214 0.195906
v 0.687479 79.057770 0.448707
v 0.463760 79.983330 0.625065
v 1.633191 101.652924 -8.452215
v 1.638126 102.829002 -8.060588
v 1.660553 104.002686 -7.679461
v 1.702491 105.184937 -7.329010
v 1.696841 105.664696 -7.119717
v 2.960910 105.083549 -7.225866
v 4.200176 105.022766 -7.140831
v 5.425643 104.960526 -7.018170
v 6.631835 104.866699 -6.814444
v 7.806812 104.723000 -6.489917
v 8.920730 104.528343 -6.006271
v 9.949068 104.289101 -5.373503
v 10.867471 104.012444 -4.607234
v 11.640234 103.694534 -3.709820
v 12.282664 103.351479 -2.719527
v 12.802962 102.987503 -1.674046
v 13.196185 102.593285 -0.586597
v 13.592265 102.181061 0.495266
v 14.302014 101.871407 1.411950
v 14.312976 101.542587 1.945281
v 14.016268 102.453247 1.462224
v 14.171638 102.167397 1.435851
v 14.602150 100.647743 1.287629
v 14.737914 99.410202 1.307845
v 14.746457 99.354546 1.311486
v 14.753711 99.298660 1.314903
v 1.557100 81.030365 -2.394616
v 12.270308 87.210426 -4.618799
v 15.078860 87.189560 -0.021743
v 15.564948 87.201088 0.748091
v 5.699360 100.925575 -8.777572
v 2.794109 83.721748 -5.373010
v 0.655783 80.628670 -0.543803
v 1.334193 80.097588 -1.574549
v 13.877604 80.514359 -1.184073
v 14.353168 80.332138 -0.026280
v 9.802157 99.364861 -6.935349
v 6.123184 92.626335 -9.929506
v 3.988443 87.577003 -8.863329
v 4.781678 97.575378 -9.658703
v 4.369599 101.935493 -8.637945
v 11.571732 79.633636 -5.190206
v 1.620751 79.372276 -1.757929
v 1.296107 82.334099 -2.930870
v 4.410758 80.808098 -6.088392
v 1.065862 80.907631 -1.608990
v 14.789462 92.032379 -0.429691
v 14.132736 81.748451 -1.008386
v 14.507915 81.528099 0.081091
v 14.339171 82.915100 -0.828867
v 14.517150 84.026909 -0.702105
v 14.624957 85.086639 -0.621348
v 14.676847 86.079185 -0.630198
v 15.044272 89.600403 -0.330687
v 11.826563 99.615417 -3.740567
v 3.357480 93.071777 -10.008472
v 10.503917 82.071098 -8.026420
v 6.751107 102.903954 -7.742775
v 3.355295 97.123405 -9.749607
v 4.241958 103.975746 -7.611530
v 12.878244 78.189598 -2.210717
v 12.062990 78.698509 -3.999115
v 11.422510 78.613914 -6.112089
v 0.827694 81.814949 -1.875716
v 2.341410 82.792633 -4.335215
v 3.957509 82.130928 -5.589416
v 3.877385 81.398064 -5.492067
v 2.885830 80.473137 -4.250495
v 3.992377 79.245239 -5.857719
v 3.387028 79.660339 -5.156057
v 1.079731 83.469116 -3.676668
v 1.974758 83.591492 -4.638806
v 2.519586 84.474510 -5.789594
v 0.659630 85.488251 -5.125617
v 0.731388 86.142204 -5.821476
v 15.450576 90.889786 0.413115
v 14.439404 93.195557 -0.367768
v 14.427503 86.063232 -1.290431
v 11.418937 101.831085 -4.262330
v 8.916457 102.576698 -6.700226
v 10.724442 102.099586 -5.188375
v 13.724835 95.458755 -0.269719
v 13.928296 96.584801 -0.462491
v 2.737321 91.040085 -9.790813
v 6.340302 79.732162 -7.929555
v 8.968230 80.060501 -9.224392
v 6.814620 79.362694 -8.335814
v 7.668533 79.186447 -8.890192
v 0.685289 87.048416 -6.611144
v 0.596813 87.944481 -7.320071
v 2.117481 98.260460 -9.381233
v 1.371984 97.252983 -9.347907
v 11.883734 79.827042 -4.235839
v 12.293290 80.218521 -3.315167
v 12.626342 81.704063 -3.170067
v 11.164130 78.706085 -7.220016
v 2.765011 79.603806 -3.368567
v 2.549923 86.153259 -7.371373
v 13.259322 94.126671 -2.046881
v 13.913437 83.234543 -1.779438
v 13.565936 82.093529 -2.032172
v 11.960039 85.345757 -4.688226
v 14.448778 90.741447 -1.202397
v 14.499239 99.240532 0.392380
v 13.088260 100.383171 -0.992338
v 1.028892 93.311203 -9.263734
v 1.925165 94.289665 -9.629810
v 5.274791 79.293663 -6.907762
v 5.134821 80.182701 -6.754320
v 10.232814 81.345406 -8.569139
v 10.106489 80.718056 -8.755614
v 0.880625 89.531700 -8.456503
v 1.841254 100.559868 -8.811778
v 3.197548 100.700294 -8.906734
v 3.386133 99.593018 -9.332049
v 4.491423 100.867622 -8.965219
v 3.724678 98.299980 -9.610556
v 5.615930 101.948265 -8.441216
v 3.827094 95.020554 -9.973083
v 3.130219 96.133156 -9.817583
v 6.832143 100.878105 -8.429039
v 4.033165 95.911896 -9.900677
v 6.353277 95.563225 -9.703383
v 4.849785 95.699814 -9.918083
v 11.752830 82.704132 -4.439693
v 11.891511 81.926567 -4.136048
v 11.296294 81.368797 -5.524978
v 11.698222 80.777977 -4.509525
v 11.076530 79.624985 -7.196019
v 3.164302 87.208298 -8.490480
v 13.610095 93.011612 -2.090753
v 13.956517 94.291077 -0.253364
v 12.852837 84.171135 -3.380958
v 13.488243 97.496964 -1.568747
v 12.901298 99.560066 -1.681596
v 12.289573 99.447685 -2.642701
v 12.497477 98.186157 -2.845306
v 12.721664 96.858971 -3.003756
v 13.019252 97.215698 -2.453973
v 12.607081 102.178780 -2.036835
v 1.254190 95.427040 -9.399030
v 2.219600 92.219650 -9.776734
v 5.510878 83.032562 -7.266559
v 10.760932 78.831703 -8.287000
v 1.129288 91.470306 -9.129056
v 1.619762 90.286011 -9.291712
v 5.135713 89.757256 -9.792825
v 2.743722 94.187309 -9.870622
v 5.472067 93.817886 -10.058683
v 11.201946 80.470978 -6.253509
v 13.603952 94.204277 -1.156311
v 13.111197 95.229385 -2.102736
v 14.034259 93.102867 -1.240181
v 13.377710 83.685600 -2.604029
v 12.367676 83.155052 -3.757577
v 13.990135 97.722893 -0.627186
v 13.437802 99.854317 -0.824910
v 1.503702 92.372551 -9.412125
v 2.505735 93.194527 -9.849174
v 9.283814 81.067741 -9.169312
v 7.496103 82.400925 -9.070925
v 3.338562 89.853828 -9.724878
v 1.968211 88.936035 -9.053717
v 4.110388 88.719139 -9.563988
v 3.008554 87.998482 -8.866396
v 4.666738 88.150871 -9.248167
v 4.402089 86.940125 -8.558098
v 3.473795 86.443130 -8.097892
v 4.584390 83.962112 -6.780451
v 3.935893 85.738121 -7.616226
v 3.846741 82.984398 -5.799566
v 3.376616 84.667137 -6.490858
v 4.693608 82.994423 -6.510948
v 2.083052 95.300041 -9.648425
v 3.608627 94.060814 -10.033744
v 4.518091 93.931969 -10.051824
v 3.962999 91.920219 -10.054636
v 3.055542 92.057045 -9.978263
v 3.649363 90.891930 -9.920577
v 4.572128 90.769264 -9.997140
v 5.146235 96.400200 -9.808954
v 6.104427 98.457497 -9.299983
v 5.743588 94.868271 -9.899456
v 10.532756 84.322060 -6.906250
v 10.890360 81.280876 -7.160776
v 13.128270 96.255562 -2.252210
v 13.826465 91.841850 -2.069336
v 4.981706 81.034874 -6.598215
v 6.807652 82.206413 -8.606009
v 2.392443 90.013100 -9.516065
v 3.691568 88.094994 -9.114101
v 5.883788 86.951805 -8.719595
v 6.511529 84.683937 -8.605332
v 6.577980 86.153458 -8.724607
v 5.556078 84.027893 -7.487599
v 6.874409 83.614006 -8.771054
v 6.189638 82.992424 -7.994180
v 6.750626 82.931541 -8.603218
v 6.291934 83.831306 -8.204023
v 5.494033 98.135101 -9.506816
v 5.807162 99.934288 -9.059188
v 6.790914 96.104797 -9.469405
v 9.464171 83.851517 -8.948745
v 10.607234 83.570030 -6.970450
v 10.362337 83.685631 -7.790065
v 9.832310 81.989532 -8.850286
v 12.376802 91.455803 -4.540397
v 5.633801 81.181778 -7.265715
v 8.150901 84.833847 -9.317689
v 6.856374 97.190727 -9.293097
v 5.943120 99.038200 -9.244422
v 7.908056 98.813477 -8.532955
v 6.843061 98.869759 -8.963440
v 7.888197 97.913635 -8.748101
v 9.950924 82.986969 -8.682562
v 13.339818 91.729240 -2.885747
v 7.887449 101.764198 -7.624954
v 8.907252 101.583054 -7.020060
v 9.834465 100.373123 -6.628580
v 10.657870 101.117798 -5.467162
v 8.906220 100.592094 -7.346609
v 8.552634 83.698250 -9.236525
v 7.211483 82.906090 -8.966077
v 11.895589 100.628792 -3.527314
v 8.871331 99.589775 -7.622784
v 9.689327 98.331062 -7.195959
v 11.319472 100.860497 -4.517652
v 10.581347 100.107964 -5.738684
v 10.471080 98.007843 -6.371140
v 10.501181 99.067741 -6.023207
v 11.111071 96.486229 -5.764221
v 8.780234 97.658745 -8.213464
v 8.090824 95.152420 -9.107330
v 7.697118 96.309067 -9.090915
v 9.776280 94.587082 -7.843875
v 6.981609 95.151596 -9.514073
v 10.294509 93.361893 -7.392269
v 10.232437 95.710922 -7.218469
v 9.097888 95.452927 -8.308388
v 9.783631 93.382141 -7.976558
v 8.978830 93.217430 -8.604982
v 8.723850 94.960968 -8.678346
v 10.475844 92.618294 -7.220467
v 11.453302 93.585289 -5.765061
v 10.698028 91.664963 -6.996097
v 11.209352 92.043716 -6.305487
v 12.680099 92.775124 -3.784703
v 11.054187 94.982750 -6.145709
v 12.756747 95.128578 -2.973507
v 11.724149 96.300621 -4.701682
v 8.180567 94.248619 -9.133047
v 8.855643 89.510269 -8.780434
v 11.874298 91.261459 -5.337535
v 11.534374 89.991920 -5.908852
v 10.918508 93.070068 -6.571626
v 11.701968 92.381248 -5.530976
v 13.145996 92.890778 -2.934130
v 11.118562 97.680855 -5.397966
v 11.707950 97.417686 -4.386747
v 7.274190 93.405144 -9.574991
v 7.044080 92.424194 -9.682405
v 9.709659 89.634880 -8.053034
v 10.904884 90.673866 -6.776008
v 10.332439 90.259872 -7.390885
v 10.554890 89.425407 -7.061807
v 10.193789 87.347916 -7.316182
v 13.645235 89.377563 -2.805732
v 13.962155 90.646477 -2.013892
v 14.125251 89.442322 -1.986814
v 14.560877 89.523399 -1.139620
v 13.682994 88.207695 -2.747542
v 13.654723 87.081779 -2.722046
v 14.637351 87.102715 -0.868543
v 12.999503 86.392464 -3.549510
v 13.472354 86.074799 -2.880627
v 13.143213 87.242340 -3.434074
v 12.466821 93.935898 -3.837619
v 12.341422 95.085983 -3.878090
v 11.972855 93.802422 -4.785645
v 11.530241 87.233376 -5.559608
v 12.054858 88.207741 -5.029410
v 11.202139 88.166618 -6.121253
v 10.798228 86.124138 -6.335220
v 10.881008 87.483620 -6.426372
v 12.593854 86.740471 -4.129086
v 9.638515 88.355659 -8.275443
v 10.127929 89.143204 -7.512915
v 13.991752 85.715500 -2.149245
v 12.732933 85.576462 -3.777725
v 12.377385 84.771660 -4.073622
v 11.932673 84.009140 -4.443207
v 12.309360 86.062187 -4.392368
v 12.298388 96.179466 -3.786864
v 8.583073 88.110741 -9.081719
v 9.486239 90.814308 -8.300633
v 6.644596 89.195007 -9.527395
v 7.982412 89.827415 -9.118402
v 8.980551 91.892128 -8.649004
v 5.985826 88.352638 -9.241394
v 7.136536 90.175934 -9.453650
v 8.008573 92.200272 -9.351089
v 5.856787 89.546478 -9.676064
v 6.721485 87.758759 -9.191736
v 7.582424 91.167931 -9.427698
v 8.394582 90.831573 -9.031595
v 5.458181 90.659279 -9.914091
v 5.799854 91.626823 -9.984893
v 6.291894 90.455803 -9.744760
v 9.803208 87.247398 -8.247200
v 7.492526 86.976463 -9.397521
v 10.235683 85.332664 -7.497240
v 9.076876 86.903404 -8.934018
v 9.459571 86.271072 -8.753679
v 9.101494 84.507431 -9.083095
v 9.923230 84.570732 -8.495806
v 10.298953 84.482506 -7.684715
v 8.245670 85.933731 -9.321516
v 11.163106 84.060165 -5.502706
v 10.876842 83.484093 -6.105152
v 11.182276 85.344604 -5.647727
v 14.619410 88.302704 -1.032853
v 14.612213 95.125725 1.938742
v 13.962705 77.971565 -0.157906
v 13.405695 78.104164 -1.218964
v 12.509400 78.191963 -2.986069
v 0.213017 80.192093 1.151307
v 9.443480 104.912247 -5.535746
v 9.993574 104.776588 -5.168815
v 10.519717 104.631279 -4.770719
v 12.589376 103.696671 -2.118528
v 12.852877 103.488426 -1.527141
v 13.113482 103.273331 -0.936068
v 14.473584 97.933861 0.361282
v 14.300949 96.721428 0.485742
v 14.025359 95.554756 0.673987
v 14.329742 94.372078 0.651400
v 14.876029 93.282402 0.495855
v 15.241343 92.106956 0.421833
v 15.545646 89.654640 0.457534
v 15.551889 88.423759 0.566530
v 2.966542 103.966896 -7.618996
v 5.483838 103.954468 -7.506194
v 6.695671 103.893456 -7.301069
v 7.843321 103.748085 -6.899586
v 8.924465 103.556740 -6.364376
v 9.910702 103.322586 -5.687614
v 10.804779 103.062096 -4.912448
v 11.523102 102.769608 -3.993027
v 12.125896 102.471634 -3.021860
v 12.937922 101.903275 -1.101506
v 13.900374 100.585068 0.116526
v 1.966562 99.427711 -9.172439
v 14.150413 79.140358 -0.081997
v 14.691261 82.694206 0.173727
v 14.839499 83.838158 0.242803
v 14.961705 84.960159 0.271404
v 15.058443 86.060173 0.233954
v 0.925030 79.697090 -0.635016
v 1.164259 78.938568 -0.882055
v 2.991650 102.875206 -8.074250
v 3.058537 101.780998 -8.504347
v 11.711094 78.593712 -5.029514
v 9.890770 78.939331 -9.030052
v 8.760466 79.050392 -9.215226
v 4.558777 79.254036 -6.328089
v 2.893765 79.588120 -4.334966
v 0.890296 90.456566 -8.841234
v 1.145808 94.344475 -9.374074
v 1.331505 96.451775 -9.386072
v 0.797488 82.640968 -2.604065
v 4.295447 102.962639 -8.146590
v 13.635880 79.269554 -1.184951
v 12.948198 79.341530 -2.177917
v 5.544997 102.953148 -7.994388
v 7.885410 102.773308 -7.315774
v 12.424828 79.112946 -3.105563
v 9.873289 102.348495 -5.998257
v 11.991395 101.570648 -3.289897
v 12.458297 101.339119 -2.320285
v 12.802785 101.142456 -1.404484
v 13.187693 100.935738 -0.632223
v 13.194002 101.677376 -0.398477
v 2.262497 97.234856 -9.545511
v 15.079460 88.378960 -0.207871
v 14.949962 90.817009 -0.397914
v 2.197829 96.285973 -9.642318
v 0.997078 84.522926 -4.578759
v 13.826327 98.853012 -0.725030
v 5.938214 79.382080 -7.528285
v 0.622084 88.713684 -7.744246
v 9.985011 79.869484 -8.901241
v 10.721380 79.734581 -8.170538
v 11.314326 79.585678 -6.187030
v 3.917831 79.917931 -5.717924
v 4.500289 80.041061 -6.228200
v 1.852337 79.779724 -2.242086
v 2.199868 79.594017 -2.692016
v 0.921066 92.504997 -9.116280
v 2.601590 80.412903 -3.455219
v 1.576043 85.874626 -6.429365
v 1.406833 86.885941 -7.258490
v 1.913549 91.244560 -9.529144
v 7.861066 80.267563 -9.070286
v 1.721988 80.330070 -2.264754
v 13.052440 80.777306 -2.366942
v 6.944105 80.345619 -8.548149
v 1.269174 87.818283 -7.897669
v 1.413189 81.734100 -2.653709
v 6.787918 101.886177 -8.101346
v 9.846979 101.362999 -6.311685
v 12.354417 100.451378 -2.531069
v 12.720470 100.378960 -1.619873
v 3.343225 80.548561 -4.979787
v 1.397349 89.532730 -9.053026
v 1.722875 93.292198 -9.604834
v 1.688341 82.590210 -3.551163
v 2.183126 85.155945 -6.181620
v 14.181272 84.301735 -1.596483
v 14.337163 85.289726 -1.428327
v 2.938184 95.165253 -9.888788
v 2.152895 80.367065 -2.842391
v 4.670085 99.823090 -9.260486
v 1.711616 84.892212 -5.592720
v 1.218624 85.193489 -5.431796
v 1.783477 84.366661 -5.161283
v 1.136051 88.719833 -8.342843
v 3.874504 80.669334 -5.581436
v 14.315432 91.935478 -1.260205
v 13.424502 95.332939 -1.205382
v 13.527553 96.415359 -1.390565
v 13.206202 98.535828 -1.727661
v 2.405804 81.133537 -3.475705
v 2.899384 81.259239 -4.128355
v 2.251235 86.977409 -7.973626
v 10.984417 80.488235 -7.174091
v 10.677702 80.573204 -8.055818
v 11.425137 80.561424 -5.364373
v 2.040640 81.074425 -3.007527
v 6.954486 81.326706 -8.655483
v 2.092409 87.901627 -8.496109
v 7.927195 100.776794 -7.994298
v 6.321140 80.418816 -7.948325
v 5.765082 80.291573 -7.366028
v 2.998716 85.432915 -6.920323
v 11.247344 99.846802 -4.777826
v 2.034903 81.718750 -3.359299
v 4.962798 98.829552 -9.438964
v 3.360842 81.335220 -4.860823
v 12.087607 81.160355 -3.757503
v 12.993059 82.658760 -2.897059
v 13.705930 84.702660 -2.372368
v 4.332371 81.383827 -5.974223
v 14.221866 88.196190 -1.925476
v 14.240946 86.829659 -1.820433
v 4.332877 96.760925 -9.823780
v 10.619700 81.323174 -7.972961
v 11.089745 81.284706 -6.324552
v 8.057446 81.494865 -9.172769
v 2.649843 81.992729 -4.158206
v 6.866068 99.875603 -8.716510
v 3.299865 82.119225 -4.879615
v 3.082047 88.858986 -9.349273
v 7.923158 99.777657 -8.274085
v 11.186399 98.780273 -5.068697
v 11.755965 98.496109 -3.987804
v 11.538562 81.597298 -4.795938
v 6.260522 81.269562 -7.963789
v 8.818141 82.433632 -9.243967
v 8.070527 82.974777 -9.253946
v 3.071646 82.917244 -5.089824
v 12.288092 82.263153 -3.681710
v 13.200095 85.130318 -3.108937
v 13.498947 90.549118 -2.842964
v 12.896667 94.018944 -2.947230
v 12.754409 96.108673 -3.021126
v 10.787092 82.046333 -7.166860
v 10.984014 82.026466 -6.374634
v 11.171915 82.070328 -5.690853
v 5.581899 97.063614 -9.668573
v 4.735572 94.882561 -9.984487
v 4.270004 89.755753 -9.865683
v 6.100684 97.628288 -9.453964
v 4.250437 92.932587 -10.094702
v 3.653803 83.848656 -6.096144
v 12.296385 97.160034 -3.502144
v 4.965651 86.254242 -8.159151
v 4.383970 84.921089 -7.185713
v 4.873464 91.774849 -10.127720
v 8.842296 98.606842 -7.935523
v 6.188253 82.139641 -7.941904
v 5.517071 82.075363 -7.198019
v 4.707708 81.925819 -6.363499
v 12.861086 91.601089 -3.719972
v 13.018516 90.440140 -3.660939
v 13.101107 89.294426 -3.589580
v 13.126060 88.187920 -3.518407
v 11.374899 82.329102 -5.080216
v 7.467433 83.383720 -9.116692
v 5.221570 87.608856 -8.939502
v 10.431573 82.894379 -7.922954
v 9.221492 83.244713 -9.082934
v 10.686991 82.807068 -7.100538
v 10.893040 82.720367 -6.345275
v 11.067760 82.577896 -5.828643
v 5.478880 95.546707 -9.912036
v 5.825686 96.039268 -9.805782
v 6.274253 96.605034 -9.596154
v 5.175437 92.786629 -10.130930
v 11.474579 83.433037 -4.940918
v 6.457550 98.106728 -9.290973
v 11.176642 82.955833 -5.478286
v 6.941041 98.066139 -9.104713
v 11.773005 95.045319 -4.883481
v 12.186325 92.604851 -4.666585
v 4.860755 89.092346 -9.603312
v 9.609664 97.309387 -7.557174
v 10.382588 96.883003 -6.753499
v 12.498625 90.314934 -4.444178
v 12.563756 89.190941 -4.360659
v 12.565043 88.023094 -4.300296
v 5.652317 85.247040 -7.924496
v 9.989814 83.781105 -8.529532
v 6.382739 93.584496 -9.845140
v 6.641763 94.469818 -9.716555
v 5.336774 88.769844 -9.502489
v 11.539110 84.693481 -5.054271
v 7.116220 96.535423 -9.292025
v 6.675638 91.423767 -9.721766
v 7.389786 95.679893 -9.302444
v 6.644422 98.234825 -9.188050
v 6.535914 98.524521 -9.165271
v 12.771684 87.335213 -3.957587
v 7.783533 97.045845 -8.934050
v 8.624731 96.742409 -8.493831
v 7.806233 84.048386 -9.272624
v 11.993758 90.179398 -5.198349
v 12.057167 89.153580 -5.089471
v 9.406082 96.306168 -7.918847
v 11.592459 85.923042 -5.252053
v 11.930714 86.607117 -4.959603
v 7.402588 94.248680 -9.449561
v 10.738830 84.152687 -6.332657
v 7.122660 85.388466 -9.125978
v 8.406547 95.919899 -8.804278
v 10.883842 84.666191 -6.022083
v 7.506661 88.735832 -9.373686
v 10.540713 94.006554 -7.014780
v 11.396214 90.995018 -6.094295
v 11.595916 89.041473 -5.745320
v 11.602390 88.162025 -5.618731
v 7.490874 94.851952 -9.359830
v 11.960997 87.550293 -5.076609
v 11.299934 86.428307 -5.709707
v 7.136796 84.293686 -9.007592
v 10.536891 85.108795 -6.654258
v 9.923896 85.459694 -8.352362
v 9.231884 85.550323 -8.958989
v 8.134253 93.270386 -9.212687
v 7.453089 84.835701 -9.216769
v 11.053954 89.740379 -6.532513
v 11.139424 88.872398 -6.307031
v 9.908217 86.320549 -8.194443
v 10.199039 86.278877 -7.298364
v 8.928848 94.259056 -8.588274
v 8.922549 90.390678 -8.718900
v 9.907458 92.302559 -7.938856
v 10.116188 91.262657 -7.668295
v 10.674144 88.536804 -6.805371
v 10.127264 88.349045 -7.454029
v -14.176343 76.445877 0.058996
v -15.102058 76.541672 -0.697115
v -11.654570 77.641129 -1.681037
v -12.145777 79.084473 -3.148167
v -13.171636 78.259933 -2.207912
v -12.189867 77.229416 -6.059143
v -10.267329 78.246452 -7.890871
v -10.795614 79.718529 -8.941595
v -9.244177 79.948257 -10.419905
v -10.370242 77.504745 -10.166807
v -8.080991 78.484428 -8.615383
v -7.598044 78.248436 -9.523678
v -5.754026 78.598068 -9.314419
v -4.980217 77.813416 -6.276563
v -4.853358 76.936310 -5.737714
v -3.897831 79.041893 -4.783009
v -2.651726 76.686981 -4.346104
v -1.031823 79.101570 -4.390664
v 0.334870 79.443985 -3.378783
v -0.626017 79.682304 -3.413431
v -1.678517 78.585442 -0.668761
v -0.018665 104.891472 -7.456080
v -14.003888 98.101044 0.577668
v -14.294812 96.889091 0.645987
v -14.027274 95.717636 0.957109
v -14.629999 94.654808 0.811886
v -15.041282 93.477570 0.706450
v -15.339164 92.264336 0.649843
v -15.543747 91.031609 0.624143
v -15.655110 89.787903 0.621636
v -15.663688 88.540642 0.638579
v -15.539864 87.300468 0.681034
v -15.527229 87.237854 0.682348
v -15.332961 86.092125 0.667886
v -15.104144 84.949913 0.656346
v -15.019089 83.786949 0.600779
v -14.863190 82.634888 0.551198
v -14.682958 81.483376 0.487607
v -14.537581 80.329628 0.385879
v -14.351256 79.188759 0.266874
v -14.185973 78.050743 0.100610
v -0.873357 78.665421 0.048365
v -0.526123 79.743126 0.484038
v -0.482234 101.655602 -8.438098
v -0.466999 102.831787 -8.068371
v -0.447718 104.009521 -7.704164
v -0.439993 105.178688 -7.330557
v -0.436285 105.661247 -7.120435
v -1.706929 105.082390 -7.267952
v -2.958042 105.024918 -7.224526
v -4.201236 104.976433 -7.152216
v -5.433611 104.903801 -7.003444
v -6.662495 104.821732 -6.802338
v -7.854299 104.698097 -6.484739
v -8.960679 104.486565 -5.951836
v -9.982466 104.235466 -5.293643
v -10.936078 103.950455 -4.552348
v -11.692540 103.590897 -3.629004
v -12.300612 103.212181 -2.618019
v -12.756455 102.812584 -1.545197
v -13.356570 102.427055 -0.541949
v -13.205513 101.914772 0.536534
v -13.454480 101.673889 1.074813
v -13.165422 102.570145 0.535098
v -13.172772 102.240692 0.535049
v -13.388911 100.664680 0.517407
v -13.639297 99.445839 0.570361
v -13.653701 99.375404 0.578373
v -13.666553 99.304688 0.586756
v -12.108952 82.377533 -3.958981
v -1.007525 83.179382 -3.283361
v -1.327365 83.888374 -4.233864
v -0.777231 82.394707 -2.325596
v -13.901477 84.337990 -2.005100
v -13.811347 87.201744 -2.482482
v -14.569618 87.046936 -0.937232
v -14.601633 88.927635 -0.935161
v -14.594609 87.940361 -0.925773
v -0.695113 80.609520 -0.661141
v -2.442640 81.151604 -3.628730
v -1.483251 81.724182 -2.575100
v -1.544972 80.212494 -1.938807
v -2.218073 80.203461 -3.833600
v -8.130077 88.149544 -9.807759
v -3.055112 81.169716 -4.568152
v -3.840595 85.626945 -7.464406
v -10.840518 81.699577 -6.470313
v -11.998428 80.430199 -4.150746
v -12.642879 80.563194 -2.994436
v -13.378301 82.412338 -2.326649
v -13.158521 83.687225 -2.882072
v -4.124106 98.658478 -9.541231
v -3.029120 103.811684 -7.696984
v -3.066094 102.562538 -8.233495
v -11.977836 100.801971 -3.345307
v -4.457593 80.095848 -6.162615
v -3.061688 82.236244 -4.635335
v -3.024031 83.164986 -5.120295
v -1.995106 86.173820 -7.014643
v -10.785327 80.184799 -7.840467
v -12.119530 79.565872 -4.007748
v -11.520396 80.117462 -5.236247
v -11.872275 78.937729 -4.654733
v -0.638567 84.993835 -4.697360
v -12.224290 81.159668 -3.693491
v -12.553007 81.946701 -3.319210
v -13.016479 81.472832 -2.585917
v -13.665776 83.377647 -2.146297
v -12.207885 86.468163 -4.618879
v -12.741858 93.165031 -3.624521
v -13.269391 88.962273 -3.298979
v -7.814800 81.490707 -9.632508
v -2.163373 90.988281 -9.644861
v -1.411088 99.257225 -9.110023
v -3.289350 95.110764 -9.962614
v -4.571312 102.556114 -8.324620
v -1.728832 103.895241 -7.695762
v -12.782853 100.124512 -1.879369
v -3.661577 81.136917 -5.454498
v -11.114608 79.185631 -6.832845
v -10.481560 80.319603 -8.874299
v -2.185460 83.405869 -4.539797
v -11.761053 82.732620 -4.472783
v -12.378728 83.146904 -3.744467
v -14.252772 89.000336 -1.787040
v -13.694162 90.010918 -2.608746
v -13.822524 88.068832 -2.519897
v -14.271092 88.031303 -1.769168
v -12.892588 86.767982 -3.757999
v -13.357638 87.263191 -3.117599
v -7.828581 103.702675 -6.931848
v -8.904338 103.489929 -6.400270
v -1.421521 100.327339 -8.867859
v -0.408775 98.027550 -9.198263
v -0.377741 99.105225 -9.045137
v -5.324948 100.526825 -8.963758
v -5.335928 101.974861 -8.476993
v -12.913254 96.580002 -2.008331
v -12.293933 99.707649 -2.795089
v -12.974231 99.010361 -1.430822
v -13.832477 99.358841 -0.417031
v -4.470726 81.953087 -6.042256
v -1.319427 85.609184 -5.948583
v -2.221033 84.882950 -5.846195
v -11.228303 81.392479 -5.573789
v -11.621248 80.909843 -4.827682
v -10.181201 82.953598 -8.276531
v -10.556983 81.909523 -7.452082
v -11.374168 82.398079 -5.139262
v -10.403769 81.195137 -8.673038
v -10.304868 82.068848 -8.466714
v -10.434790 82.823509 -7.242948
v -9.801614 81.295502 -9.552602
v -12.652737 83.999229 -3.600044
v -13.394567 84.599266 -2.736883
v -13.390843 92.138931 -2.711460
v -13.876602 92.202110 -1.867375
v -0.968031 89.417503 -8.514819
v -1.625203 101.563850 -8.520198
v -6.386044 101.140541 -8.532060
v -6.726640 103.860672 -7.309492
v -12.966743 97.857826 -1.144983
v -10.679107 97.962669 -6.060108
v -5.590088 83.047867 -7.521542
v -1.544551 84.682846 -5.187615
v -13.749214 86.356621 -2.532975
v -13.126533 85.734032 -3.302603
v -12.662102 86.041161 -3.967602
v -12.106421 84.293755 -4.299781
v -11.343968 83.518578 -5.130411
v -10.207821 84.839966 -6.985103
v -10.825994 84.808525 -5.953428
v -11.067439 86.137817 -5.914128
v -12.597045 96.436707 -2.924621
v -13.240897 95.522453 -1.968467
v -1.386568 91.339897 -9.268141
v -1.264514 94.875992 -9.432372
v -2.378042 94.680305 -9.762319
v -2.767780 93.091049 -9.946181
v -2.426948 92.054832 -9.881324
v -3.132552 94.001984 -9.993866
v -3.047422 90.671791 -9.807085
v -1.393960 100.709076 -8.762221
v -2.824531 99.645073 -9.247085
v -3.539850 100.200661 -9.188724
v -4.421744 82.659813 -6.187792
v -6.991582 81.721184 -9.029946
v -6.110594 84.309547 -8.196215
v -7.227979 82.720726 -9.363179
v -7.745148 85.725151 -9.897547
v -7.465572 84.901436 -9.745781
v -14.108878 85.284904 -1.916305
v -12.892624 84.882950 -3.452549
v -11.782824 85.592781 -4.930412
v -13.486017 94.428986 -1.927805
v -12.153229 98.371559 -3.253127
v -5.635503 81.114677 -7.319873
v -6.014803 80.028130 -7.675159
v -1.874791 89.925247 -9.375519
v -4.272276 91.479843 -10.045251
v -3.334210 91.742897 -9.981087
v -0.492721 89.856682 -8.168328
v -2.325820 87.679001 -8.377717
v -1.992706 100.229416 -8.959102
v -3.281211 98.653046 -9.496200
v -3.228730 97.820282 -9.641510
v -2.333565 97.912315 -9.468573
v -4.338459 101.394005 -8.817945
v -2.911155 101.201530 -8.783081
v -3.945103 99.432671 -9.353609
v -4.496447 100.446510 -9.102131
v -11.127276 100.468590 -4.916849
v -9.708239 101.228539 -6.520583
v -9.668509 85.810387 -8.048763
v -10.031753 83.859062 -8.159654
v -10.029436 87.040733 -7.217160
v -10.821416 87.285149 -6.449031
v -8.997284 87.890373 -9.034817
v -5.637786 86.216530 -8.409951
v -12.649768 97.634338 -2.137823
v -12.895683 92.039780 -3.597174
v -11.727150 93.160149 -5.349843
v -12.322684 91.879326 -4.560846
v -12.234153 93.103485 -4.514818
v -5.863953 88.771782 -9.436213
v -4.973735 90.152611 -9.877789
v -8.310328 92.749916 -9.103658
v -5.154753 98.737282 -9.438928
v -6.307312 99.172661 -9.114168
v -6.125420 98.385986 -9.288664
v -11.342140 101.419792 -4.426959
v -11.736145 98.831932 -4.054716
v -10.823409 98.699677 -5.670497
v -11.111519 97.496658 -5.510217
v -7.524691 101.593727 -7.891540
v -9.656074 100.260681 -6.834560
v -8.791273 100.404503 -7.484798
v -9.555825 97.820671 -7.505594
v -8.362864 98.653702 -8.331801
v -10.471123 100.893295 -5.729822
v -8.991623 83.642235 -9.801128
v -9.101827 83.020287 -9.790106
v -10.137076 85.957977 -6.972507
v -13.045654 94.337234 -2.801928
v -12.398957 95.305870 -3.699512
v -12.103900 94.199142 -4.512001
v -11.032430 95.136383 -6.135972
v -1.633518 88.945900 -8.900068
v -4.716136 89.037361 -9.688589
v -6.548267 87.982132 -9.448068
v -6.139149 87.170654 -8.991788
v -8.666404 86.546913 -9.720655
v -7.182794 87.546089 -9.787066
v -5.552915 92.369835 -10.089528
v -5.664089 93.406181 -10.044403
v -4.740600 93.507622 -10.088573
v -4.945898 95.996506 -9.894384
v -4.095538 95.198967 -9.963335
v -4.136001 97.777092 -9.684474
v -5.737503 95.150246 -9.957752
v -4.109344 96.886772 -9.777154
v -4.773534 99.622375 -9.293170
v -11.821874 98.151123 -4.015571
v -9.601584 98.553383 -7.304060
v -9.621261 99.356148 -7.081939
v -8.868725 99.464043 -7.679060
v -7.237120 99.059669 -8.764168
v -7.645339 97.893288 -8.854305
v -8.493678 98.072540 -8.383652
v -11.782271 96.245079 -4.583148
v -10.957205 96.895378 -5.889968
v -7.919450 90.511452 -9.537291
v -8.706244 88.046913 -9.427094
v -8.861733 88.772537 -9.067675
v -9.331229 87.624565 -8.274920
v -5.254718 91.269234 -10.041437
v -6.029005 97.481209 -9.477295
v -7.702931 95.322357 -9.235736
v -6.548486 94.311020 -9.768065
v -7.474185 93.523392 -9.490564
v -6.963564 95.610748 -9.473109
v -6.481492 95.091843 -9.720258
v -11.629369 97.154022 -4.627410
v -12.199727 96.313065 -3.771390
v -11.318171 96.262497 -5.440114
v -10.558329 97.283028 -6.395710
v -10.197352 98.311668 -6.708848
v -10.059384 96.897034 -7.214329
v -8.931674 97.361336 -8.136899
v -9.229167 95.684998 -8.160602
v -9.387542 96.439964 -7.910790
v -10.568042 94.228668 -6.945169
v -6.902890 89.857376 -9.744204
v -8.354595 89.562523 -9.458297
v -8.771155 91.017448 -8.810304
v -7.567551 88.966331 -9.853008
v -9.528414 90.662453 -8.199501
v -11.701420 89.631371 -5.634470
v -10.380150 89.786461 -7.288857
v -11.708533 91.348747 -5.567255
v -9.774690 89.712029 -7.965613
v -10.666977 88.220558 -6.764719
v -11.766888 92.159195 -5.410797
v -10.757197 92.241547 -6.862197
v -10.216643 92.013321 -7.569881
v -11.279752 92.255562 -6.178786
v -11.264688 91.432449 -6.251732
v -10.447486 90.920654 -7.272475
v -11.042933 89.497826 -6.492126
v -11.682603 90.541931 -5.649469
v -11.235995 88.557953 -6.143672
v -10.198112 88.989853 -7.390399
v -12.256938 88.781708 -4.788699
v -12.787295 87.837036 -3.978961
v -11.411893 87.745239 -5.805963
v -12.547690 87.215729 -4.281239
v -12.579907 90.818581 -4.297963
v -12.249580 87.793663 -4.745266
v -11.766215 88.768578 -5.487394
v -9.132426 88.244370 -8.592441
v -5.974636 89.969223 -9.734684
v -5.006340 96.820984 -9.760870
v -6.711462 92.232025 -9.777017
v -7.141121 90.766663 -9.674425
v -8.147288 91.298317 -9.295617
v -6.661992 96.381989 -9.483700
v -11.351116 96.970963 -5.193771
v -10.490891 95.999382 -6.769316
v -9.963138 95.351578 -7.595772
v -9.038715 93.547775 -8.540547
v -10.526130 95.181641 -6.872508
v -9.908389 88.120529 -7.512317
v -9.489866 88.694359 -8.054758
v -13.228208 89.945457 -3.412995
v -13.070305 90.965477 -3.493883
v -14.006053 91.095901 -1.821045
v -9.510712 92.524063 -8.243743
v -8.947112 92.675179 -8.647030
v -10.786302 96.518166 -6.227051
v -9.867758 93.131134 -7.822377
v -3.216481 85.228790 -6.880501
v -4.470409 83.889381 -6.648379
v -4.449575 84.854080 -7.139290
v -5.124534 84.982933 -7.623627
v -2.728685 86.019463 -7.142811
v -2.782813 84.895630 -6.200170
v -2.937328 83.858688 -5.546419
v -2.054277 85.523026 -6.359027
v -3.338717 86.165771 -7.790596
v -3.985763 86.294853 -8.088640
v -3.326952 87.199120 -8.509430
v -2.878562 86.594574 -7.753351
v -10.803435 82.647705 -6.205408
v -5.364330 84.070915 -7.451600
v -10.257287 99.089531 -6.396899
v -9.796111 83.013939 -9.221776
v -9.828546 82.172577 -9.376457
v -11.231978 93.199959 -6.181388
v -11.132464 94.190941 -6.162049
v -8.925421 94.766884 -8.528076
v -14.254231 97.481857 0.947157
v -15.053871 83.154564 0.904840
v -13.818436 78.284691 -1.100722
v -0.553029 100.712364 -8.705890
v -12.614844 103.495926 -1.877259
v -12.345106 103.713539 -2.465562
v -12.050813 103.926773 -3.046563
v -9.568690 104.835106 -5.381042
v -8.993670 104.965652 -5.725727
v -8.397593 105.084953 -6.035963
v -13.829424 79.459343 -0.918110
v -14.091390 80.619560 -0.713173
v -14.304679 81.746391 -0.532389
v -14.507377 82.849228 -0.402605
v -14.665301 83.939751 -0.301979
v -14.805223 85.013588 -0.228763
v -14.907836 86.059494 -0.163648
v -15.007921 87.025124 -0.130455
v -15.070912 87.760818 -0.137675
v -15.140800 88.783684 -0.175335
v -15.145708 89.912224 -0.211921
v -15.070389 91.083878 -0.233627
v -14.902161 92.268440 -0.228112
v -14.634409 93.443443 -0.188357
v -14.287768 94.594971 -0.129345
v -13.747195 95.664810 -0.030415
v -13.530883 96.855034 -0.059131
v -13.845359 98.000786 -0.446206
v -1.725115 102.705215 -8.122230
v -13.482287 100.884567 -0.967626
v -12.633176 101.653275 -1.924425
v -12.115684 102.048065 -2.990309
v -11.513039 102.499229 -4.022013
v -10.793530 102.901321 -4.950845
v -9.892079 103.222801 -5.722847
v -5.573605 103.876137 -7.537196
v -4.352926 103.809875 -7.698620
v -13.045425 78.440720 -2.108310
v -1.066903 79.666397 -0.971027
v -12.544017 78.407097 -3.106657
v -10.902811 79.298462 -7.954428
v -10.544089 79.443619 -9.057828
v -9.645779 79.516129 -9.824376
v -8.463751 79.562172 -9.793658
v -6.654575 79.812874 -8.435037
v -7.456099 79.663376 -9.216073
v -3.564666 80.160446 -5.569673
v -2.835475 80.204224 -4.718534
v -0.598273 81.791985 -1.579725
v -0.621356 84.303429 -4.012918
v -0.590607 85.916901 -5.515213
v -0.552314 87.759880 -7.151161
v -0.553875 86.854256 -6.338648
v -0.538008 90.618126 -8.524161
v -0.611112 91.648254 -8.879998
v -0.724194 92.782158 -9.087576
v -0.437122 95.853340 -9.295622
v -0.438034 95.027092 -9.268586
v -0.428838 96.913231 -9.281936
v -1.098279 81.129044 -1.656657
v -0.236717 99.866600 -8.888904
v -13.086481 79.736862 -2.174378
v -13.536328 80.968826 -1.750331
v -13.909398 82.044647 -1.519483
v -14.155765 83.089935 -1.338693
v -1.917408 80.812180 -2.745361
v -1.890866 80.070702 -3.062080
v -0.714799 88.680634 -7.845425
v -0.895447 93.892143 -9.261928
v -1.376317 98.035461 -9.297223
v -5.759356 102.873184 -8.014389
v -6.776622 102.930107 -7.723235
v -7.740266 102.679382 -7.350485
v -8.810657 102.467705 -6.802357
v -9.784623 102.208946 -6.125481
v -1.206069 90.319695 -8.915289
v -10.629478 101.864464 -5.339818
v -1.610120 92.425682 -9.485842
v -0.906624 100.041466 -8.893295
v -12.518543 79.274704 -3.191946
v -12.182061 79.040619 -3.920393
v -12.232050 78.397812 -3.831046
v -9.735229 80.410629 -9.706256
v -8.632760 80.467934 -9.869580
v -7.629755 80.584099 -9.441831
v -6.830944 80.764023 -8.752063
v -5.625036 80.424187 -7.245570
v -5.207056 80.132065 -6.778484
v -1.256837 86.445740 -6.719182
v -1.280351 87.236572 -7.507202
v -1.340369 95.889030 -9.448363
v -1.361001 96.939163 -9.400887
v -13.149634 96.708534 -1.028505
v -12.449200 100.862595 -2.376153
v -13.531325 95.613014 -1.023539
v -13.917706 94.519371 -1.052502
v -14.495933 91.103615 -1.006277
v -14.378125 92.242882 -1.047282
v -14.183105 93.387260 -1.060127
v -14.559527 89.991142 -0.963356
v -14.533992 86.109650 -0.999766
v -14.473953 85.128059 -1.096185
v -14.310252 84.122337 -1.189188
v -4.434902 81.062706 -6.067455
v -10.984452 80.047264 -6.886288
v -11.870665 79.762650 -4.509096
v -11.423135 79.226738 -5.695108
v -1.904584 93.524376 -9.658442
v -1.443979 88.092407 -8.218493
v -2.071936 82.385735 -3.676754
v -3.843572 82.124573 -5.411199
v -12.313735 79.959427 -3.582775
v -2.301596 84.120110 -5.202699
v -5.116121 81.073143 -6.678775
v -6.188494 80.967522 -7.998387
v -11.184815 79.950829 -6.161989
v -14.220845 86.213783 -1.833038
v -14.255762 87.120956 -1.774989
v -14.127692 90.023407 -1.796758
v -13.710914 93.319359 -1.913264
v -12.479549 98.681297 -2.393182
v -10.671658 81.038055 -7.674326
v -10.899594 80.839142 -6.731364
v -8.721061 101.428596 -7.196130
v -6.800724 102.203705 -7.991014
v -6.070813 102.046410 -8.251275
v -11.626035 99.905571 -4.109293
v -2.299152 95.873573 -9.710106
v -2.301111 96.913559 -9.597110
v -8.813006 81.372604 -9.894712
v -2.070831 86.838936 -7.757615
v -2.461472 98.874886 -9.357139
v -5.352050 101.264000 -8.717593
v -3.857268 83.137291 -5.836067
v -6.287742 81.979355 -8.262766
v -2.503166 84.474648 -5.646110
v -5.039360 81.985397 -6.712010
v -5.638630 82.031456 -7.453846
v -11.189473 80.572876 -5.918840
v -11.955309 99.204460 -3.557508
v -2.526636 88.603874 -9.038995
v -2.758292 89.604027 -9.539147
v -12.357605 97.427498 -3.049209
v -12.826500 95.401337 -2.853112
v -13.225290 93.240189 -2.765516
v -13.540805 91.052574 -2.660091
v -13.803134 89.010826 -2.581577
v -13.605722 85.492355 -2.628672
v -12.870879 82.798523 -3.069644
v -11.808063 81.711792 -4.390787
v -8.084403 82.394386 -9.799341
v -7.868585 100.406807 -8.136236
v -10.341489 99.959335 -6.080359
v -10.944248 99.565453 -5.326459
v -11.419306 99.109367 -4.596643
v -2.707797 85.437798 -6.623125
v -8.990384 82.245041 -9.857134
v -3.219000 95.983452 -9.855479
v -3.211501 96.905663 -9.753700
v -2.935361 84.392960 -5.957926
v -4.901185 82.900658 -6.745064
v -6.924120 100.140007 -8.623905
v -3.501943 94.526581 -10.017600
v -3.629225 92.765244 -10.041883
v -6.433236 83.230949 -8.531632
v -3.350000 99.250191 -9.393689
v -13.289515 86.529999 -3.183223
v -13.301658 88.032944 -3.223315
v -12.578465 94.252739 -3.664927
v -5.974000 100.546654 -8.866915
v -3.894430 93.685814 -10.067812
v -12.003081 97.261223 -3.869957
v -4.091375 96.019699 -9.896972
v -3.985097 90.391258 -9.907722
v -3.692398 89.290428 -9.716902
v -3.467586 88.285446 -9.152839
v -8.117362 99.409630 -8.287357
v -8.472931 83.165527 -9.834932
v -7.731660 83.609833 -9.771811
v -3.260083 85.733818 -7.352494
v -3.180070 84.825203 -6.492599
v -3.582326 84.409447 -6.356171
v -3.476744 83.820656 -5.881855
v -11.880025 83.426094 -4.397713
v -12.366314 85.202576 -4.166498
v -4.537252 92.534019 -10.130042
v -5.484676 99.837959 -9.133747
v -13.017290 87.289246 -3.621352
v -12.741688 88.853844 -4.045249
v -12.667090 89.832054 -4.142632
v -11.946891 95.239723 -4.542252
v -6.187848 99.936638 -8.990158
v -4.088508 94.449577 -10.022575
v -11.367112 98.122627 -4.891679
v -7.005912 84.114967 -9.277502
v -3.774996 85.043503 -6.939807
v -5.085210 97.710503 -9.614908
v -8.510869 84.509407 -9.906694
v -4.392170 88.119530 -9.173747
v -4.147238 87.404121 -8.777262
v -10.331299 83.798935 -7.099251
v -10.757807 83.688637 -6.060570
v -8.951723 98.663765 -7.826354
v -9.686731 83.835777 -9.160380
v -4.911180 95.182999 -9.966311
v -11.489607 84.558502 -5.056990
v -7.848989 98.423912 -8.660424
v -4.863701 94.369041 -10.021458
v -5.826223 85.200966 -8.183186
v -5.651365 99.252953 -9.243230
v -6.603220 84.753273 -8.839262
v -4.759930 86.964287 -8.493515
v -4.362346 85.430748 -7.459081
v -4.796283 85.776253 -7.819776
v -12.059321 91.272331 -5.027449
v -12.119926 90.585541 -4.954933
v -12.196338 89.708397 -4.887039
v -6.255971 91.070068 -9.806134
v -5.272099 87.773903 -8.991043
v -9.851532 84.815208 -8.093033
v -10.121788 97.583183 -6.980767
v -8.987662 97.981033 -7.970415
v -9.510531 84.750343 -9.179228
v -11.614594 94.190147 -5.348965
v -11.483909 95.208191 -5.373298
v -5.880726 96.662796 -9.710025
v -5.769185 95.900223 -9.838315
v -11.747583 87.036438 -5.281329
v -5.702986 94.311623 -9.960703
v -8.149039 98.079933 -8.615683
v -6.920671 85.341637 -9.288118
v -6.334261 85.275162 -8.618066
v -7.015108 98.125229 -9.064506
v -7.019568 97.133820 -9.237620
v -11.819159 88.102386 -5.353938
v -8.642878 85.636162 -9.795831
v -9.377383 85.725334 -9.083170
v -10.916247 95.981255 -6.150908
v -9.486712 97.130745 -7.696852
v -8.471004 97.570999 -8.488013
v -10.473502 96.674911 -6.653601
v -6.598675 93.371658 -9.791199
v -6.471145 95.746811 -9.638091
v -7.700665 97.289917 -8.932151
v -7.162878 85.879982 -9.610955
v -6.491581 85.866989 -8.910276
v -6.903211 88.399208 -9.773084
v -7.460574 91.608849 -9.550880
v -8.083636 97.732841 -8.699821
v -6.796938 88.996666 -9.773850
v -11.157542 90.599449 -6.453175
v -9.494518 86.764519 -8.110400
v -10.623178 93.203308 -6.967249
v -7.609491 92.662132 -9.518022
v -7.120753 95.105995 -9.479655
v -7.248826 95.923630 -9.325654
v -9.981841 96.173363 -7.381391
v -8.823150 96.782936 -8.322763
v -8.375341 97.123711 -8.637527
v -7.704946 89.735283 -9.727167
v -9.228976 86.617455 -9.021652
v -7.808351 86.561096 -9.922908
v -7.442877 88.266670 -9.881350
v -7.309360 94.370811 -9.475505
v -8.058441 97.383812 -8.767684
v -7.819838 92.100777 -9.444829
v -10.837968 91.533302 -6.807739
v -10.639915 88.903130 -6.885781
v -6.902978 86.595467 -9.519644
v -8.617771 96.227013 -8.579200
v -8.109144 96.759369 -8.849563
v -9.882731 94.375900 -7.774343
v -8.673182 87.354973 -9.601983
v -9.094069 87.378410 -9.002561
v -8.253255 93.594902 -9.105869
v -7.967843 87.407654 -9.907195
v -8.543815 90.252769 -9.166511
v -8.046021 94.517014 -9.086976
v -8.300132 92.007149 -9.134021
v -8.282814 88.876945 -9.636698
v -8.958621 89.893913 -8.670148
v -8.747202 89.413506 -9.085045
v -8.228923 95.676262 -8.868255
v -7.662242 96.376930 -9.096980
v -9.575832 91.770660 -8.209834
v -9.209969 89.268501 -8.386576
v -8.899547 91.871758 -8.698187
v -9.838942 89.130638 -7.819996
vn -0.9783 0.1331 -0.1589
vn -0.9664 0.2140 0.1426
vn -0.9632 0.1633 0.2133
vn -0.9350 0.2740 -0.2252
vn -0.9585 0.2815 0.0461
vn -0.9985 0.0237 -0.0494
vn -0.8668 0.2088 0.4529
vn -0.8681 0.1015 0.4858
vn -0.9344 -0.0772 0.3478
vn 0.2206 -0.8087 -0.5453
vn 0.9512 -0.0640 -0.3017
vn 0.5603 -0.6464 -0.5179
vn -0.0350 -0.9317 -0.3615
vn 0.9859 -0.1108 -0.1257
vn 0.9792 -0.1410 -0.1459
vn 0.9777 -0.1478 -0.1492
vn 0.0842 -0.2688 0.9595
vn -0.0745 -0.3743 0.9243
vn -0.0539 -0.3197 0.9460
vn 0.9801 -0.1503 -0.1299
vn 0.9845 -0.0751 0.1587
vn 0.8870 -0.3895 -0.2479
vn 0.0177 -0.2321 -0.9725
vn 0.9850 -0.1194 -0.1242
vn -0.9882 -0.1194 -0.0963
vn -0.9669 -0.1639 -0.1955
vn -0.9217 -0.3156 -0.2256
vn -0.9201 -0.3509 -0.1739
vn -0.9973 0.0383 0.0634
vn -0.9776 -0.0177 -0.2095
vn -0.9575 0.1931 -0.2141
vn -0.8378 0.5459 0.0096
vn -0.9614 0.2573 -0.0977
vn -0.9932 0.0985 -0.0620
vn 0.9860 -0.1234 -0.1122
vn 0.9853 -0.0668 -0.1573
vn 0.9593 -0.2205 -0.1762
vn -0.3055 -0.9053 -0.2950
vn 0.9992 -0.0102 -0.0394
vn 0.1451 0.9802 -0.1347
vn 0.2037 0.4000 0.8936
vn 0.0589 0.1890 0.9802
vn -0.0282 -0.4741 0.8800
vn 0.1526 0.5731 0.8052
vn 0.1346 0.2195 0.9663
vn -0.0023 -0.4009 0.9161
vn -0.2144 0.2995 0.9297
vn -0.3122 0.1457 0.9388
vn -0.3948 0.3309 0.8571
vn -0.4588 0.2433 0.8546
vn -0.1003 0.2021 0.9742
vn -0.1248 0.2692 0.9550
vn -0.9854 0.1649 0.0417
vn -0.9381 0.3463 -0.0077
vn -0.9485 0.2588 -0.1827
vn -0.8980 0.2099 -0.3867
vn -0.9713 0.1893 0.1441
vn -0.9963 0.0819 0.0264
vn -0.9388 0.1103 -0.3263
vn -0.8902 0.2173 -0.4005
vn -0.9188 0.1647 -0.3586
vn -0.9766 0.1515 0.1526
vn -0.9775 -0.0174 -0.2103
vn -0.9937 0.0195 -0.1106
vn -0.9349 0.3425 -0.0928
vn -0.9605 0.2519 0.1183
vn -0.9707 -0.1979 -0.1363
vn -0.9502 -0.2798 -0.1371
vn -0.9863 0.0361 -0.1610
vn -0.9952 0.0695 -0.0695
vn -0.9566 -0.1282 -0.2617
vn -0.9887 -0.0046 -0.1498
vn -0.9658 -0.1468 -0.2135
vn -0.9407 -0.2371 -0.2425
vn -0.9734 -0.0371 -0.2260
vn -0.9924 -0.0383 -0.1168
vn -0.9488 -0.1226 -0.2911
vn -0.9876 -0.0594 -0.1456
vn -0.9568 -0.1257 -0.2622
vn -0.9614 -0.1598 -0.2240
vn -0.8474 -0.3577 -0.3924
vn -0.8194 -0.5728 -0.0212
vn 0.9729 -0.1190 -0.1982
vn 0.0616 -0.1290 0.9897
vn 0.0180 0.0481 0.9987
vn 0.1799 0.3505 0.9191
vn -0.1083 0.1379 0.9845
vn -0.0181 0.3100 0.9506
vn -0.1451 0.1848 0.9720
vn -0.1047 0.2773 0.9551
vn -0.1588 0.1789 0.9710
vn -0.0347 0.3322 0.9426
vn -0.1553 0.2497 0.9558
vn -0.1072 0.4634 0.8796
vn -0.1866 0.1011 0.9772
vn -0.1939 0.4097 0.8913
vn -0.3465 0.3288 0.8785
vn -0.3648 0.2821 0.8874
vn -0.4496 0.4450 0.7745
vn -0.4654 0.2259 0.8558
vn -0.9506 0.1371 -0.2784
vn -0.9327 0.1458 -0.3298
vn -0.9776 0.1213 -0.1718
vn -0.9647 0.2557 -0.0632
vn -0.9607 0.2109 0.1802
vn -0.9786 0.1954 -0.0646
vn -0.9572 0.1693 0.2347
vn -0.9855 0.1421 -0.0928
vn -0.9533 0.1534 0.2602
vn -0.9861 0.0802 -0.1457
vn -0.9672 0.1432 0.2099
vn 0.9813 -0.1452 -0.1264
vn 0.9908 -0.1353 -0.0042
vn 0.0128 -0.1113 0.9937
vn -0.2026 -0.3320 0.9213
vn -0.1844 -0.3764 0.9079
vn -0.1361 0.2400 0.9612
vn -0.2736 -0.3816 0.8829
vn -0.2184 -0.3443 0.9131
vn -0.2901 -0.1219 0.9492
vn -0.6810 -0.2552 0.6864
vn -0.9821 0.1379 -0.1284
vn -0.9936 0.1027 -0.0463
vn -0.9601 0.2590 0.1055
vn -0.9480 0.2976 0.1127
vn -0.9804 -0.0591 -0.1882
vn -0.9876 0.1544 -0.0273
vn -0.9825 0.1780 0.0551
vn -0.9810 0.1565 0.1146
vn -0.9841 0.1114 0.1381
vn -0.9673 0.1111 0.2280
vn -0.9262 0.1536 0.3443
vn -0.8899 0.2099 0.4051
vn -0.9667 0.1083 0.2320
vn -0.9762 -0.2038 -0.0746
vn -0.9040 -0.3728 -0.2093
vn -0.9990 -0.0326 -0.0320
vn -0.9908 0.0871 0.1036
vn -0.9901 -0.1249 -0.0634
vn -0.9650 -0.2009 -0.1687
vn -0.9995 -0.0299 -0.0030
vn -0.9936 -0.1009 -0.0501
vn 0.0740 -0.4410 0.8945
vn 0.1899 0.1884 0.9636
vn -0.0699 -0.6125 0.7874
vn -0.0147 -0.6704 0.7418
vn -0.0904 -0.5246 0.8466
vn -0.1063 -0.5036 0.8574
vn 0.0461 -0.0526 0.9976
vn -0.0612 -0.2303 0.9712
vn 0.0370 -0.0131 0.9992
vn -0.0408 -0.0784 0.9961
vn 0.0011 -0.1519 0.9884
vn 0.0247 -0.2151 0.9763
vn -0.0002 -0.1433 0.9897
vn -0.0270 -0.2017 0.9791
vn -0.0280 -0.0567 0.9980
vn 0.0573 -0.0501 0.9971
vn 0.2124 -0.1663 0.9629
vn 0.1620 -0.0918 0.9825
vn 0.0620 -0.1894 0.9799
vn 0.1991 -0.4062 0.8919
vn -0.0322 -0.5946 0.8034
vn 0.1368 -0.4505 0.8822
vn -0.0526 -0.5418 0.8389
vn 0.0074 -0.5686 0.8226
vn -0.1489 -0.4457 0.8827
vn -0.1077 -0.4988 0.8600
vn 0.0252 -0.2212 0.9749
vn -0.1927 -0.1980 0.9611
vn 0.2311 -0.2606 0.9374
vn 0.5111 -0.4083 0.7563
vn 0.6121 -0.2416 0.7530
vn 0.0974 -0.6155 0.7821
vn 0.7773 -0.0810 0.6239
vn 0.0691 -0.4314 0.8995
vn 0.8832 -0.0552 0.4658
vn 0.1001 -0.4167 0.9035
vn 0.9298 -0.0044 0.3681
vn 0.0972 -0.4236 0.9006
vn 0.9774 0.0145 0.2108
vn 0.1793 -0.6041 0.7764
vn 0.9955 -0.0177 0.0933
vn 0.4468 0.0218 0.8944
vn 0.9996 0.0069 0.0283
vn 0.9999 0.0046 0.0130
vn 0.9848 -0.1317 0.1136
vn 0.9842 -0.1141 0.1352
vn 0.9583 -0.0943 0.2696
vn 0.9121 -0.0335 0.4086
vn 0.9086 -0.0083 0.4176
vn 0.8321 0.0284 0.5538
vn 0.7814 0.0908 0.6175
vn 0.7109 0.0274 0.7028
vn 0.5360 0.0572 0.8423
vn 0.3799 -0.1263 0.9163
vn -0.8975 0.3876 -0.2102
vn -0.9809 0.1443 -0.1303
vn -0.9385 0.3389 -0.0654
vn -0.8174 0.5470 0.1809
vn 0.9872 -0.1013 0.1231
vn -0.7316 -0.1588 0.6630
vn -0.6566 -0.1745 0.7338
vn -0.8021 0.0052 0.5972
vn -0.5882 -0.0239 0.8084
vn -0.5387 -0.0147 0.8424
vn -0.6994 0.0652 0.7118
vn -0.5348 0.2849 0.7955
vn -0.7391 0.3889 0.5500
vn -0.6215 0.3876 0.6808
vn -0.7086 0.0338 0.7048
vn -0.5836 0.6823 0.4404
vn -0.8681 0.2897 0.4030
vn -0.8497 0.4623 0.2536
vn -0.9810 0.1877 0.0491
vn -0.7830 0.5530 0.2848
vn -0.9841 0.0109 0.1771
vn -0.8606 0.4293 0.2742
vn -0.7952 -0.1883 0.5763
vn -0.4161 0.3381 0.8441
vn -0.7785 0.1366 0.6126
vn -0.9998 -0.0116 -0.0143
vn -0.6263 0.3125 0.7142
vn -0.8144 0.3870 0.4324
vn -0.9812 0.1852 0.0548
vn -0.8663 -0.4763 -0.1508
vn -0.4486 -0.8191 -0.3575
vn -0.5960 0.0343 -0.8023
vn -0.9405 -0.0865 -0.3285
vn -0.8958 -0.1861 0.4036
vn -0.8521 0.1000 -0.5138
vn -0.6934 -0.2535 0.6745
vn -0.8941 -0.0077 0.4478
vn -0.9019 0.1950 0.3854
vn -0.7828 0.0734 0.6179
vn -0.6429 0.0572 0.7638
vn -0.6252 0.0426 0.7793
vn -0.5971 0.0761 0.7986
vn -0.4991 0.0258 0.8661
vn 0.1318 0.1622 0.9779
vn -0.0255 -0.7216 0.6919
vn 0.0764 -0.0448 0.9961
vn -0.2070 0.0481 0.9772
vn 0.2201 -0.4341 -0.8736
vn -0.0755 0.9964 0.0377
vn 0.5937 0.5083 0.6238
vn -0.0343 -0.5574 0.8295
vn -0.1082 0.9101 0.4000
vn 0.5154 0.8463 0.1349
vn 0.5755 0.5889 0.5675
vn 0.3671 0.4969 0.7863
vn 0.6425 0.6377 0.4249
vn 0.9138 -0.2563 -0.3151
vn 0.9672 -0.1627 0.1952
vn 0.8453 0.1512 0.5125
vn 0.6743 -0.7317 -0.0994
vn 0.8554 -0.4761 0.2040
vn 0.9008 -0.3319 0.2799
vn 0.8595 -0.4611 0.2207
vn 0.1027 -0.4263 0.8987
vn -0.0795 -0.5939 0.8006
vn 0.0265 -0.3292 0.9439
vn -0.2044 -0.1673 0.9645
vn -0.0448 0.0686 0.9966
vn -0.2402 -0.2092 0.9479
vn -0.0114 -0.2915 0.9565
vn -0.1346 -0.1592 0.9780
vn -0.2016 -0.6947 0.6904
vn -0.9878 -0.0509 -0.1469
vn 0.9726 -0.1804 0.1465
vn 0.9632 -0.1458 0.2259
vn -0.9975 -0.0323 -0.0632
vn -0.8859 0.3989 0.2368
vn -0.1852 -0.6379 0.7475
vn -0.2397 -0.5916 0.7697
vn -0.2152 -0.6581 0.7215
vn 0.0535 -0.4120 0.9096
vn -0.9737 0.2144 0.0766
vn -0.2123 -0.2494 0.9448
vn -0.7159 -0.2562 0.6495
vn -0.5156 -0.1816 0.8374
vn -0.9854 -0.0406 -0.1654
vn -0.6659 -0.2339 0.7084
vn -0.2155 0.4236 0.8798
vn -0.4112 0.4715 0.7801
vn -0.9275 -0.3439 0.1464
vn -0.8628 0.2266 0.4519
vn -0.7512 0.4575 0.4757
vn 0.9090 -0.0983 0.4051
vn 0.8930 -0.0737 0.4439
vn 0.8082 -0.0322 0.5881
vn 0.7251 -0.0132 0.6885
vn 0.1392 0.2653 0.9541
vn 0.5826 0.3793 0.7188
vn -0.9967 -0.0701 0.0405
vn -0.9861 -0.1609 -0.0407
vn -0.1972 -0.3194 0.9269
vn -0.9918 -0.1098 0.0654
vn -0.9794 0.0410 0.1979
vn -0.9946 -0.0183 0.1017
vn -0.9527 -0.2647 -0.1496
vn -0.9634 -0.2566 -0.0773
vn -0.9164 0.1437 0.3735
vn -0.8726 0.2050 0.4434
vn -0.9621 0.1001 0.2537
vn -0.9950 0.0390 0.0917
vn -0.9966 0.0664 0.0492
vn -0.9950 0.0975 0.0224
vn -0.9907 0.1359 0.0052
vn -0.9859 0.1655 0.0254
vn -0.2567 -0.2807 0.9248
vn 0.1728 0.0774 0.9819
vn 0.1614 -0.0258 0.9866
vn -0.6329 -0.0318 0.7736
vn -0.5271 -0.0377 0.8490
vn -0.1974 -0.0104 0.9803
vn 0.0263 -0.0093 0.9996
vn 0.5559 0.0661 0.8286
vn 0.5103 -0.0861 0.8557
vn 0.7317 0.0962 0.6748
vn 0.6463 0.1983 0.7369
vn 0.5019 0.1481 0.8522
vn 0.7356 0.0408 0.6762
vn 0.3327 -0.1721 0.9272
vn 0.1026 -0.5127 0.8524
vn 0.0500 -0.4198 0.9062
vn -0.0412 0.1060 0.9935
vn 0.2579 0.2398 0.9359
vn -0.1845 -0.1414 0.9726
vn 0.9266 -0.1457 0.3467
vn 0.8724 -0.1441 0.4671
vn 0.8254 -0.1563 0.5424
vn 0.7361 -0.1410 0.6620
vn -0.9107 -0.0538 0.4095
vn -0.9559 -0.0605 0.2872
vn -0.8007 -0.0484 0.5971
vn -0.7134 -0.0221 0.7004
vn -0.2355 -0.3519 0.9059
vn 0.8785 -0.1101 0.4648
vn 0.8456 -0.1005 0.5243
vn 0.7356 -0.0453 0.6759
vn 0.7042 -0.0219 0.7097
vn -0.0297 -0.3586 0.9330
vn 0.2453 -0.2576 0.9346
vn -0.3866 -0.2537 0.8867
vn -0.6826 -0.1855 0.7068
vn -0.4962 -0.1245 0.8592
vn 0.0559 0.5361 0.8423
vn -0.0457 0.6129 0.7888
vn -0.8819 -0.2474 0.4013
vn -0.8888 -0.1004 0.4471
vn -0.5799 0.4591 0.6730
vn -0.9933 0.0438 0.1074
vn -0.9799 -0.0780 0.1834
vn 0.3979 -0.0212 0.9172
vn 0.6736 -0.1311 0.7273
vn -0.3079 -0.0468 0.9503
vn -0.2392 -0.0259 0.9706
vn -0.8590 -0.0599 0.5084
vn 0.8592 -0.1178 0.4978
vn -0.0356 -0.0903 0.9953
vn 0.6126 -0.1282 0.7799
vn 0.2487 -0.0277 0.9682
vn 0.1615 -0.0235 0.9866
vn 0.5050 -0.0689 0.8604
vn 0.7926 -0.1148 0.5988
vn 0.7190 -0.1355 0.6817
vn -0.9743 0.0238 0.2241
vn -0.9889 -0.0449 0.1420
vn -0.9847 -0.0807 0.1544
vn -0.9767 -0.2128 -0.0294
vn -0.9745 -0.2230 0.0243
vn -0.9054 0.1337 0.4030
vn -0.9040 0.1673 0.3935
vn -0.9801 0.0395 0.1947
vn -0.9921 -0.0039 0.1251
vn -0.9908 0.0231 0.1330
vn -0.9877 0.0537 0.1467
vn -0.9823 0.0804 0.1691
vn -0.9700 0.1355 0.2017
vn -0.9999 -0.0045 -0.0157
vn -0.9647 0.1554 0.2125
vn -0.8069 0.3911 0.4427
vn -0.8843 0.3401 0.3198
vn -1.0000 -0.0006 -0.0001
vn 0.6187 0.0090 0.7856
vn 0.5606 0.0425 0.8270
vn 0.5553 0.0710 0.8286
vn 0.5825 0.2187 0.7829
vn 0.6458 0.2431 0.7238
vn -0.9527 -0.0517 0.2996
vn -0.9282 -0.0506 0.3686
vn -0.6750 -0.0681 0.7347
vn -0.5761 -0.0213 0.8171
vn -0.4331 -0.0288 0.9009
vn -0.7602 -0.0554 0.6473
vn 0.3139 0.2752 0.9087
vn 0.1060 0.0493 0.9931
vn 0.1803 0.1195 0.9763
vn 0.1585 -0.3882 0.9079
vn -0.0344 -0.4721 0.8809
vn 0.6131 0.1387 0.7777
vn -0.1379 -0.0207 0.9902
vn 0.1042 -0.0220 0.9943
vn -0.9881 -0.1388 -0.0661
vn 0.1229 -0.0097 0.9924
vn 0.2731 -0.0025 0.9620
vn 0.7766 -0.0794 0.6250
vn -0.9527 -0.0510 0.2996
vn -0.9996 -0.0215 0.0169
vn -0.8736 0.2732 0.4027
vn -0.2205 -0.0202 0.9752
vn 0.5832 -0.0067 0.8123
vn -0.9077 -0.0683 0.4141
vn -0.5774 -0.2370 0.7813
vn -0.4955 0.0114 0.8685
vn 0.2518 0.6190 0.7439
vn 0.1746 0.6474 0.7419
vn -0.7619 -0.0903 0.6414
vn -0.9051 -0.2355 0.3540
vn 0.4009 -0.0087 0.9161
vn 0.2678 0.0302 0.9630
vn 0.6918 -0.1013 0.7149
vn -0.7933 0.3197 0.5182
vn -0.9397 0.1106 0.3236
vn -0.9912 -0.0431 0.1253
vn -0.9340 0.0794 0.3484
vn -0.9430 0.0651 0.3264
vn -0.9537 0.0421 0.2978
vn -0.9638 0.0081 0.2666
vn -0.9665 0.0066 0.2564
vn -0.9646 0.0084 0.2636
vn -0.9053 0.1204 0.4073
vn -0.8902 0.1036 0.4437
vn -0.9697 -0.1738 0.1719
vn -0.9779 -0.1782 0.1092
vn -0.9719 -0.0475 0.2304
vn -0.9617 -0.0230 0.2732
vn -0.9501 -0.0462 0.3085
vn -0.8272 -0.0345 0.5609
vn 0.7000 -0.0810 0.7095
vn 0.6336 -0.0810 0.7694
vn 0.5071 -0.0651 0.8594
vn -0.8061 0.2444 0.5389
vn -0.5024 0.2919 0.8139
vn -0.7119 0.1532 0.6854
vn 0.6841 -0.0355 0.7285
vn 0.7009 -0.0498 0.7116
vn 0.2722 0.0678 0.9599
vn 0.4437 0.2106 0.8711
vn 0.5638 0.3963 0.7247
vn 0.2197 -0.2559 0.9414
vn 0.6376 0.3074 0.7064
vn 0.6043 0.2361 0.7610
vn 0.4785 0.0180 0.8779
vn 0.5013 0.0957 0.8600
vn 0.4930 0.1438 0.8581
vn 0.4755 0.0269 0.8793
vn 0.4731 0.0344 0.8803
vn 0.0456 0.0174 0.9988
vn 0.1928 -0.0145 0.9811
vn -0.5742 -0.0260 0.8183
vn -0.5389 -0.0209 0.8421
vn -0.3820 -0.0222 0.9239
vn 0.4648 0.2827 0.8391
vn 0.5147 0.4856 0.7066
vn -0.2031 0.1154 0.9723
vn 0.5607 -0.0151 0.8279
vn -0.0274 -0.4395 0.8978
vn 0.2994 -0.0340 0.9535
vn 0.6739 -0.0648 0.7360
vn -0.4421 0.0672 0.8945
vn 0.2539 0.7385 0.6246
vn -0.8409 -0.0269 0.5405
vn -0.9235 -0.0280 0.3825
vn 0.2245 0.6382 0.7364
vn -0.6201 0.0111 0.7844
vn -0.8487 -0.1991 0.4899
vn -0.7682 0.0727 0.6360
vn -0.5106 0.3223 0.7971
vn -0.4960 0.3603 0.7900
vn -0.9707 0.0340 0.2379
vn 0.4651 0.0178 0.8851
vn 0.4211 -0.0486 0.9057
vn 0.6499 -0.0409 0.7589
vn -0.6384 -0.0135 0.7696
vn -0.9523 -0.0402 0.3024
vn -0.9964 -0.0764 0.0357
vn -0.9984 -0.0558 0.0022
vn -0.9591 0.0770 0.2722
vn -0.7854 -0.0179 0.6187
vn -0.8253 -0.0154 0.5645
vn -0.1437 -0.0034 0.9896
vn -0.9630 -0.1390 0.2311
vn -0.9342 -0.1116 0.3388
vn -0.8841 0.0691 0.4621
vn -0.9069 0.0803 0.4136
vn -0.9467 -0.0013 0.3220
vn -0.9446 0.0073 0.3281
vn -0.9439 0.0108 0.3302
vn -0.9364 0.0296 0.3498
vn -0.9306 0.0548 0.3619
vn -0.9313 0.0702 0.3575
vn -0.9801 -0.0561 0.1905
vn -0.9281 0.0274 0.3714
vn -0.7357 0.1915 0.6496
vn -0.8291 0.1801 0.5293
vn 0.5651 -0.0472 0.8237
vn -0.6887 -0.0199 0.7248
vn 0.1758 -0.3461 0.9216
vn -0.3257 0.0176 0.9453
vn -0.5052 0.0015 0.8630
vn 0.3195 0.0583 0.9458
vn 0.0342 -0.1825 0.9826
vn 0.0096 -0.2577 0.9662
vn 0.5745 0.4357 0.6929
vn 0.5423 0.2606 0.7988
vn 0.4124 0.0426 0.9100
vn 0.3809 0.0598 0.9227
vn 0.2962 0.0528 0.9537
vn 0.2007 0.0651 0.9775
vn 0.1498 0.0824 0.9853
vn 0.2040 -0.0460 0.9779
vn 0.0947 0.0079 0.9955
vn 0.3611 0.3538 0.8628
vn 0.1173 0.2877 0.9505
vn -0.8702 -0.0288 0.4918
vn -0.7123 0.2237 0.6652
vn -0.1299 0.2678 0.9547
vn 0.1403 0.5985 0.7887
vn 0.0004 0.3976 0.9175
vn 0.4956 -0.0083 0.8685
vn -0.9436 0.0004 0.3312
vn -0.5431 0.0590 0.8376
vn -0.7709 -0.1003 0.6290
vn -0.7533 0.0242 0.6572
vn -0.5585 0.2188 0.8001
vn -0.4242 0.3504 0.8350
vn 0.4215 0.0324 0.9062
vn 0.4577 0.0093 0.8891
vn -0.0265 0.0123 0.9996
vn 0.0889 -0.0197 0.9958
vn -0.5773 0.0129 0.8164
vn -0.9319 -0.0689 0.3562
vn 0.3901 -0.0356 0.9201
vn -0.2606 0.0143 0.9653
vn 0.3352 -0.0932 0.9375
vn -0.9695 -0.1490 0.1944
vn 0.4543 -0.0128 0.8907
vn -0.3422 0.0215 0.9394
vn -0.9193 -0.1235 0.3737
vn -0.8669 -0.0065 0.4984
vn -0.8846 0.0159 0.4661
vn -0.9116 0.0003 0.4111
vn -0.9046 0.0117 0.4262
vn -0.8865 0.0260 0.4621
vn -0.8968 0.0349 0.4411
vn -0.8880 0.0383 0.4583
vn -0.9039 0.0354 0.4264
vn -0.9492 -0.0338 0.3128
vn -0.8754 0.0545 0.4803
vn -0.6816 0.2111 0.7006
vn -0.7780 0.1141 0.6179
vn -0.9522 -0.0828 0.2942
vn -0.6479 -0.0122 0.7616
vn 0.2668 0.1099 0.9575
vn 0.2610 0.1218 0.9576
vn 0.2615 0.1479 0.9538
vn 0.2996 0.1101 0.9477
vn 0.2930 0.0515 0.9547
vn 0.2790 -0.0485 0.9591
vn 0.2319 -0.1698 0.9578
vn 0.0642 0.0346 0.9973
vn 0.2429 0.0061 0.9700
vn 0.1590 0.0274 0.9869
vn -0.7919 -0.0080 0.6106
vn -0.8226 -0.0088 0.5686
vn -0.0326 -0.1143 0.9929
vn 0.3595 0.1268 0.9245
vn -0.0459 0.3015 0.9524
vn -0.8566 -0.0259 0.5153
vn -0.4834 0.2686 0.8332
vn -0.7416 0.1103 0.6617
vn 0.2922 0.0335 0.9558
vn -0.2084 0.0377 0.9773
vn 0.4464 0.0142 0.8947
vn 0.2899 0.1722 0.9414
vn -0.4989 0.0576 0.8648
vn -0.1281 -0.1885 0.9737
vn 0.0655 0.0118 0.9978
vn 0.4285 -0.0019 0.9036
vn 0.2705 0.0381 0.9620
vn -0.0405 0.1706 0.9845
vn -0.1926 -0.0252 0.9810
vn -0.5826 0.0214 0.8125
vn -0.7254 0.0046 0.6883
vn -0.6654 0.0947 0.7404
vn -0.4422 0.2307 0.8667
vn 0.4538 0.0063 0.8911
vn 0.1066 0.0487 0.9931
vn -0.2840 0.0647 0.9567
vn -0.8277 0.0284 0.5605
vn -0.8258 0.0337 0.5629
vn -0.8373 0.0212 0.5463
vn -0.8440 -0.0021 0.5363
vn -0.8409 -0.0094 0.5411
vn -0.8430 0.0372 0.5366
vn -0.8665 0.0010 0.4992
vn -0.8854 -0.0326 0.4636
vn -0.7745 0.0907 0.6261
vn -0.6332 0.2417 0.7353
vn -0.7215 0.1331 0.6795
vn -0.8837 -0.0722 0.4625
vn -0.7845 0.0330 0.6193
vn -0.2770 -0.1853 0.9428
vn -0.3165 0.0186 0.9484
vn -0.1222 -0.1491 0.9812
vn 0.2033 0.0828 0.9756
vn 0.1853 0.0361 0.9820
vn 0.2228 0.0837 0.9713
vn 0.2369 0.0853 0.9678
vn 0.2334 0.1238 0.9645
vn 0.2307 0.0362 0.9723
vn 0.3886 0.0075 0.9214
vn -0.5626 0.0223 0.8265
vn -0.6801 0.0061 0.7331
vn -0.8206 -0.0099 0.5714
vn -0.7722 -0.0140 0.6353
vn -0.3933 0.2565 0.8829
vn 0.1109 0.1208 0.9865
vn 0.1899 0.0452 0.9808
vn -0.0903 0.0466 0.9948
vn -0.2255 -0.1508 0.9625
vn -0.5123 -0.0459 0.8576
vn -0.7095 0.0112 0.7046
vn -0.5274 0.1547 0.8354
vn -0.5196 0.0278 0.8540
vn 0.3251 0.0484 0.9444
vn -0.0985 -0.0639 0.9931
vn -0.3922 0.0142 0.9198
vn -0.2232 -0.0435 0.9738
vn -0.1522 -0.0174 0.9882
vn -0.2291 0.0333 0.9728
vn -0.8056 0.0135 0.5923
vn -0.7799 0.0200 0.6256
vn -0.8096 0.0195 0.5867
vn -0.7016 0.0970 0.7059
vn -0.6180 0.2107 0.7574
vn -0.6637 0.1956 0.7219
vn -0.7593 0.0852 0.6451
vn -0.8755 -0.2294 0.4253
vn -0.6881 0.0751 0.7217
vn -0.7910 0.0222 0.6114
vn -0.7935 0.0467 0.6068
vn -0.8142 0.0220 0.5801
vn -0.8129 0.0164 0.5822
vn -0.8159 -0.0042 0.5781
vn -0.7338 0.0168 0.6791
vn 0.0355 0.0781 0.9963
vn -0.0285 0.1105 0.9935
vn 0.0799 0.0937 0.9924
vn 0.1167 0.0753 0.9903
vn 0.0994 0.0356 0.9944
vn -0.6331 0.0153 0.7739
vn -0.5580 0.0233 0.8295
vn -0.7213 0.0508 0.6908
vn -0.2831 0.3452 0.8948
vn -0.3921 -0.0072 0.9199
vn -0.6719 0.0408 0.7395
vn -0.4520 0.1144 0.8846
vn 0.1618 0.1555 0.9745
vn -0.0126 0.1057 0.9943
vn -0.0842 0.1251 0.9886
vn -0.2937 -0.0027 0.9559
vn -0.5529 0.0196 0.8330
vn -0.4929 -0.0210 0.8698
vn -0.2462 0.0209 0.9690
vn -0.7628 0.0132 0.6465
vn -0.7897 0.0376 0.6124
vn -0.7057 0.0794 0.7041
vn -0.6851 0.0438 0.7272
vn -0.6801 0.0681 0.7300
vn -0.6462 0.0808 0.7589
vn -0.6156 0.1235 0.7783
vn -0.6469 0.1415 0.7493
vn -0.7273 0.0943 0.6798
vn -0.7966 0.0220 0.6041
vn -0.8350 -0.1662 0.5245
vn -0.3745 0.2585 0.8905
vn -0.0499 0.0697 0.9963
vn -0.0573 0.0982 0.9935
vn -0.0568 0.0996 0.9934
vn -0.0619 0.0980 0.9933
vn -0.0702 0.0461 0.9965
vn -0.1924 0.0706 0.9788
vn -0.6065 0.0202 0.7949
vn -0.5975 0.0162 0.8017
vn -0.1844 0.1113 0.9765
vn -0.6000 0.0848 0.7955
vn -0.2109 0.3038 0.9291
vn -0.0800 0.1333 0.9878
vn -0.2010 0.1015 0.9743
vn -0.1877 0.0974 0.9774
vn -0.2569 0.0505 0.9651
vn -0.5425 0.0489 0.8386
vn -0.6613 0.0583 0.7478
vn -0.2594 0.0838 0.9621
vn -0.4418 0.0601 0.8951
vn -0.1348 0.0928 0.9865
vn -0.2820 0.0491 0.9582
vn -0.5857 0.1024 0.8040
vn -0.5753 0.0982 0.8120
vn -0.5961 0.1009 0.7965
vn -0.5795 0.0879 0.8102
vn -0.5724 0.0738 0.8167
vn -0.6918 0.0149 0.7219
vn -0.7891 -0.0695 0.6103
vn -0.4798 0.1087 0.8706
vn -0.3509 0.1983 0.9152
vn -0.2769 0.1421 0.9503
vn -0.5324 0.0907 0.8417
vn -0.2185 0.0729 0.9731
vn -0.1580 0.1379 0.9778
vn -0.6186 -0.1140 0.7774
vn -0.5336 0.0615 0.8435
vn -0.1821 0.1093 0.9772
vn -0.1802 0.1062 0.9779
vn -0.1685 0.1086 0.9797
vn -0.4723 0.0746 0.8783
vn -0.5418 0.0512 0.8389
vn -0.3120 0.0516 0.9487
vn -0.1995 0.1108 0.9736
vn -0.5181 0.0928 0.8503
vn -0.5080 0.1075 0.8546
vn -0.5231 0.0684 0.8495
vn -0.1736 0.2279 0.9581
vn -0.4789 0.1053 0.8716
vn -0.5583 -0.1071 0.8227
vn -0.2934 0.1338 0.9466
vn -0.3886 0.0480 0.9201
vn -0.4940 -0.0411 0.8685
vn -0.4811 0.0523 0.8751
vn -0.4365 0.0945 0.8947
vn -0.4277 0.1235 0.8954
vn -0.2998 0.0927 0.9495
vn -0.2436 0.1085 0.9638
vn -0.3345 0.1112 0.9358
vn -0.4343 0.0833 0.8969
vn -0.9764 -0.1551 -0.1500
vn -0.9878 -0.1035 -0.1163
vn -0.9822 -0.1573 -0.1029
vn 0.3966 -0.1390 0.9074
vn -0.9596 -0.1610 0.2308
vn -0.9551 0.0621 0.2897
vn -0.8879 -0.0540 0.4569
vn -0.9634 -0.1299 0.2345
vn -0.1666 -0.2797 0.9455
vn 0.0305 -0.7387 0.6733
vn 0.3552 -0.7225 0.5932
vn -0.0743 -0.7367 0.6721
vn 0.9828 -0.0974 0.1568
vn 0.3535 0.6427 0.6797
vn 0.6933 0.0364 0.7197
vn 0.2331 0.3650 0.9013
vn 0.4094 -0.0834 0.9085
vn 0.5480 -0.1940 0.8137
vn 0.7800 0.0855 0.6199
vn 0.0814 -0.1491 0.9855
vn 0.5480 -0.1941 0.8137
vn 0.4094 -0.0835 0.9085
vn 0.9784 -0.2042 -0.0317
vn 0.9659 -0.1940 -0.1713
vn 0.9956 -0.0848 0.0406
vn 0.9998 -0.0088 0.0166
vn 0.9466 0.3070 0.0985
vn 0.9569 0.2058 -0.2047
vn -0.4059 -0.7516 0.5199
vn -0.1233 -0.7828 0.6099
vn -0.9864 -0.1073 -0.1246
vn -0.9655 -0.2100 -0.1541
vn -0.9913 -0.0999 -0.0857
vn -0.9846 0.0108 -0.1744
vn 0.9572 -0.2720 -0.0985
vn 0.9097 -0.4097 -0.0675
vn 0.8534 -0.3485 0.3877
vn 0.9751 -0.1941 0.1071
vn 0.9431 -0.2923 -0.1585
vn 0.9392 -0.3382 -0.0593
vn 0.9935 -0.0601 -0.0963
vn 0.9804 0.0276 0.1950
vn 0.8892 0.4213 -0.1786
vn 0.9330 0.2783 0.2282
vn 0.9810 -0.1106 -0.1596
vn 0.9994 -0.0073 0.0330
vn 0.9053 0.2967 0.3041
vn 0.9296 0.3601 0.0788
vn 0.9333 0.3503 0.0793
vn 0.9008 0.4323 0.0416
vn 0.9649 0.2567 0.0561
vn 0.8655 0.1610 0.4743
vn 0.8935 0.3996 0.2051
vn 0.9188 0.3844 0.0898
vn 0.9015 0.2375 0.3618
vn 0.9568 0.0979 0.2738
vn 0.1502 0.2726 0.9503
vn 0.2674 -0.1949 0.9437
vn 0.0003 -0.0466 0.9989
vn -0.1007 0.0620 0.9930
vn 0.4076 0.0626 0.9110
vn 0.3041 0.3056 0.9023
vn -0.2298 0.3600 0.9042
vn -0.7196 0.1038 0.6866
vn -0.5148 0.6592 0.5482
vn -0.1586 0.1268 0.9792
vn 0.0512 0.2470 0.9677
vn 0.0902 0.1565 0.9835
vn -0.9940 -0.0797 -0.0750
vn -0.0609 -0.7442 0.6652
vn 0.0954 -0.6519 0.7523
vn -0.9585 -0.1766 -0.2236
vn 0.9596 -0.2804 -0.0237
vn 0.9980 0.0624 0.0131
vn 0.9783 -0.0905 -0.1866
vn 0.9912 -0.0755 -0.1087
vn 0.9829 -0.0849 -0.1637
vn 0.9930 -0.0759 -0.0906
vn 0.9745 -0.1353 -0.1792
vn 0.9837 -0.1411 -0.1119
vn 0.9831 -0.0449 -0.1774
vn 0.9910 -0.0866 -0.1023
vn 0.9943 -0.0257 -0.1040
vn 0.9952 0.0309 -0.0927
vn 0.9499 -0.2978 -0.0947
vn 0.9800 -0.1886 -0.0636
vn 0.9960 0.0343 -0.0819
vn 0.9768 0.0519 0.2076
vn 0.9923 0.1006 -0.0718
vn 0.9689 0.1020 0.2254
vn 0.9816 0.1758 -0.0741
vn 0.9583 0.1563 0.2394
vn 0.9556 0.2778 -0.0980
vn 0.9386 0.2300 0.2570
vn 0.9992 0.0037 -0.0404
vn 0.9179 0.2054 0.3396
vn 0.9858 0.0984 0.1363
vn 0.8609 0.1673 0.4805
vn 0.9987 0.0423 -0.0302
vn 0.9842 0.1445 0.1025
vn 0.9407 0.2003 -0.2739
vn 0.9733 0.2154 0.0795
vn 0.9646 0.2587 0.0503
vn 0.8795 0.4468 0.1636
vn 0.8684 0.1994 0.4539
vn 0.9363 0.1357 0.3238
vn 0.9198 0.3105 0.2398
vn 0.9431 0.3313 0.0265
vn 0.8151 0.3772 0.4396
vn 0.7161 0.6466 0.2629
vn 0.5723 0.6039 0.5547
vn 0.5066 0.7093 0.4901
vn 0.2094 -0.1365 0.9683
vn 0.1827 -0.1752 0.9674
vn 0.2059 -0.2472 0.9468
vn 0.4852 -0.2208 0.8461
vn 0.4852 -0.2208 0.8460
vn 0.6494 -0.1020 0.7535
vn 0.3054 0.1988 0.9312
vn 0.3731 0.2437 0.8952
vn 0.0116 0.1696 0.9854
vn 0.2010 0.3912 0.8981
vn 0.6824 -0.2473 0.6879
vn 0.6411 -0.7069 0.2988
vn 0.6431 -0.6241 0.4437
vn 0.5275 -0.4814 0.7000
vn 0.5199 -0.2870 0.8045
vn 0.4872 0.2878 0.8245
vn 0.3056 -0.1534 0.9397
vn -0.0044 -0.5265 0.8502
vn -0.1012 -0.2491 0.9632
vn -0.3659 -0.2088 0.9069
vn -0.1737 -0.1990 0.9645
vn 0.9476 -0.2841 0.1462
vn 0.0125 -0.2259 0.9741
vn 0.7391 -0.5940 0.3175
vn 0.6441 -0.5324 0.5493
vn 0.5272 -0.8153 0.2397
vn 0.0298 -0.7865 0.6169
vn -0.4311 -0.4340 0.7911
vn -0.0846 -0.7362 0.6715
vn -0.6728 -0.2547 0.6946
vn -0.8398 -0.1254 0.5282
vn 0.6621 0.0849 0.7446
vn 0.8037 -0.0648 0.5915
vn 0.6620 0.0849 0.7446
vn 0.1035 -0.1716 0.9797
vn 0.1283 -0.5182 0.8456
vn 0.3114 -0.5875 0.7469
vn 0.0878 -0.3239 0.9420
vn 0.5228 -0.6874 0.5041
vn -0.1114 -0.3275 0.9383
vn 0.5104 -0.6178 0.5982
vn 0.1111 -0.1844 0.9766
vn 0.6395 -0.4562 0.6188
vn -0.1013 -0.2215 0.9699
vn 0.1421 -0.2707 0.9521
vn -0.5642 0.1254 0.8161
vn 0.1282 -0.5182 0.8456
vn -0.9828 -0.1536 -0.1022
vn -0.9806 0.1604 -0.1124
vn -0.7625 0.5360 0.3624
vn 0.1668 0.9125 0.3735
vn 0.9980 -0.0637 -0.0017
vn 0.9949 -0.1008 -0.0083
vn 0.9906 -0.1367 0.0091
vn 0.9969 -0.0200 0.0759
vn 0.9985 0.0064 0.0540
vn 0.9718 -0.2309 -0.0481
vn 0.9340 -0.3567 -0.0216
vn 0.9908 -0.0971 0.0948
vn 0.9705 0.0571 0.2343
vn 0.9314 0.0865 0.3534
vn 0.9385 0.0510 0.3414
vn 0.9397 0.0998 0.3272
vn 0.9414 0.1421 0.3060
vn 0.9289 0.2410 0.2812
vn 0.9539 0.1842 0.2370
vn 0.9893 0.1293 0.0676
vn 0.9998 -0.0066 -0.0167
vn 0.9157 0.2997 0.2678
vn 0.9676 0.2467 0.0528
vn 0.9795 0.1974 0.0404
vn 0.9812 0.1833 0.0606
vn 0.9641 0.1959 0.1794
vn 0.8753 0.2205 0.4305
vn 0.9777 -0.1366 -0.1593
vn 0.3271 0.1693 0.9297
vn 0.2734 0.3234 0.9059
vn 0.6511 -0.3760 0.6593
vn 0.6397 -0.4435 0.6278
vn 0.4097 -0.2933 0.8638
vn -0.0534 0.0191 0.9984
vn -0.1113 -0.0090 0.9937
vn -0.0050 0.0249 0.9997
vn 0.0607 -0.0903 0.9941
vn -0.0928 -0.0284 0.9953
vn -0.0719 -0.0635 0.9954
vn 0.1780 -0.2877 0.9410
vn 0.3130 -0.3662 0.8763
vn 0.2965 -0.4579 0.8381
vn -0.8148 0.1269 0.5657
vn -0.8708 -0.0650 0.4874
vn -0.9090 0.0345 0.4154
vn -0.9947 -0.0764 0.0695
vn -0.9926 -0.0572 0.1071
vn -0.9498 0.1559 0.2711
vn -0.9697 -0.0047 0.2441
vn -0.9177 -0.0151 0.3969
vn -0.9804 -0.0205 0.1958
vn -0.9642 0.0548 0.2593
vn -0.9843 -0.1114 0.1368
vn -0.9842 -0.1217 0.1284
vn -0.9900 -0.1401 0.0163
vn 0.9896 -0.0579 0.1318
vn -0.6157 -0.6099 0.4989
vn 0.8248 -0.4188 0.3799
vn -0.6330 -0.7204 0.2834
vn 0.5925 0.4774 0.6488
vn 0.7335 0.2994 0.6103
vn 0.3610 0.5195 0.7744
vn 0.6362 0.3727 0.6756
vn 0.8240 0.2116 0.5256
vn 0.5503 -0.2286 0.8031
vn 0.6810 -0.4007 0.6130
vn -0.2065 0.1642 0.9646
vn 0.3960 0.0430 0.9173
vn 0.5261 -0.0453 0.8492
vn 0.3959 0.0431 0.9173
vn -0.2632 0.2107 0.9414
vn 0.2734 0.1016 0.9565
vn 0.6593 0.0189 0.7517
vn -0.3260 0.2828 0.9021
vn 0.2540 0.1128 0.9606
vn 0.3129 0.0587 0.9480
vn 0.2541 0.1128 0.9606
vn -0.1488 -0.0435 0.9879
vn 0.5329 0.0342 0.8455
vn 0.1674 -0.0478 0.9847
vn 0.1674 -0.0479 0.9847
vn -0.0398 -0.1393 0.9894
vn 0.6053 -0.0511 0.7943
vn 0.2656 -0.1004 0.9588
vn 0.2656 -0.1005 0.9588
vn 0.1662 -0.2773 0.9463
vn 0.4908 -0.0901 0.8666
vn 0.4193 -0.1867 0.8884
vn 0.4193 -0.1868 0.8884
vn 0.4117 -0.4199 0.8088
vn 0.6216 -0.1614 0.7665
vn 0.4636 -0.2860 0.8386
vn 0.5690 -0.4833 0.6653
vn 0.7332 -0.2702 0.6241
vn 0.6590 -0.2871 0.6952
vn 0.7331 -0.2702 0.6241
vn 0.5250 -0.3677 0.7675
vn 0.6676 -0.2717 0.6932
vn 0.7627 -0.1647 0.6255
vn 0.7626 -0.1648 0.6255
vn 0.3436 -0.1904 0.9196
vn 0.6676 -0.2716 0.6932
vn 0.0129 -0.0201 0.9997
vn -0.7350 0.2863 0.6146
vn -0.7784 0.1541 0.6085
vn -0.1114 -0.3276 0.9382
vn -0.6167 0.4403 0.6526
vn 0.1110 -0.1844 0.9766
vn -0.5708 0.2447 0.7838
vn -0.1013 -0.2216 0.9699
vn -0.5887 -0.0195 0.8081
vn 0.6966 0.3126 0.6458
vn 0.7616 0.2426 0.6009
vn 0.4598 0.6149 0.6407
vn 0.6054 0.4062 0.6844
vn 0.5582 0.1807 0.8098
vn 0.5281 -0.0500 0.8477
vn -0.2695 0.1252 0.9548
vn 0.1624 -0.0124 0.9866
vn 0.4386 -0.2384 0.8665
vn 0.3431 -0.2272 0.9114
vn -0.9878 0.0232 0.1537
vn -0.9634 -0.0565 0.2622
vn -0.9689 -0.1346 0.2076
vn -0.8525 0.0446 0.5208
vn -0.3114 0.3928 0.8653
vn -0.8521 -0.0560 0.5203
vn -0.6867 -0.0295 0.7263
vn -0.9849 0.0119 0.1727
vn -0.8002 0.0842 0.5938
vn 0.8252 0.4846 -0.2901
vn -0.5591 0.3353 0.7583
vn 0.9929 0.1012 0.0617
vn -0.1024 -0.2407 0.9652
vn -0.6143 -0.7617 0.2062
vn -0.5377 -0.5006 0.6784
vn -0.4039 -0.3212 0.8566
vn -0.2164 -0.3449 0.9134
vn 0.8592 -0.2377 0.4530
vn 0.9272 -0.2229 -0.3009
vn 0.5812 -0.8137 0.0018
vn 0.4850 -0.1259 0.8654
vn 0.7597 -0.1546 0.6316
vn 0.7490 -0.1165 0.6523
vn 0.7111 -0.6644 -0.2302
vn 0.8834 -0.3706 0.2869
vn 0.5811 -0.8136 -0.0219
vn 0.7745 -0.6325 -0.0029
vn 0.6922 0.1518 0.7056
vn 0.4747 0.1913 0.8591
vn 0.4676 -0.4827 0.7405
vn 0.4727 -0.4423 0.7622
vn 0.5343 -0.4358 0.7243
vn -0.5133 0.1671 0.8418
vn 0.3157 -0.3550 0.8800
vn 0.5997 -0.2853 0.7476
vn -0.5913 0.0699 0.8034
vn 0.5655 0.4396 0.6979
vn 0.7980 -0.1999 0.5685
vn 0.5698 -0.3880 0.7244
vn 0.2467 -0.2290 0.9416
vn 0.9637 0.2433 0.1099
vn 0.8065 0.2310 0.5443
vn 0.9837 -0.1752 -0.0395
vn -0.1574 0.1471 0.9765
vn 0.9557 -0.1007 0.2767
vn 0.1867 0.3579 0.9149
vn -0.2805 0.1557 0.9471
vn -0.1639 0.0779 0.9834
vn 0.4219 -0.3576 0.8331
vn 0.6883 -0.1710 0.7050
vn 0.9912 -0.0596 0.1178
vn 0.9873 -0.0913 0.1303
vn 0.9821 -0.0562 0.1796
vn 0.5268 -0.3550 0.7723
vn 0.9812 -0.0204 0.1918
vn 0.9862 -0.1390 0.0899
vn 0.9512 -0.3085 0.0026
vn 0.9633 -0.0112 0.2684
vn 0.9159 0.1179 0.3838
vn -0.9867 -0.1577 0.0391
vn 0.8539 -0.4367 0.2832
vn 0.6864 -0.4621 0.5615
vn 0.6284 -0.4272 0.6501
vn 0.2750 -0.2702 0.9227
vn -0.1518 -0.0220 0.9882
vn -0.4979 0.2437 0.8323
vn -0.6723 0.2804 0.6852
vn -0.9050 -0.0785 0.4180
vn -0.9658 0.1010 0.2388
vn 0.6270 0.3786 0.6808
vn 0.4729 0.1743 0.8637
vn -0.5787 0.1043 0.8089
vn -0.4934 -0.0406 0.8689
vn -0.5175 -0.0044 0.8557
vn -0.4425 0.5414 0.7149
vn -0.6138 0.5554 0.5610
vn -0.7962 0.3660 0.4818
vn -0.7608 0.3026 0.5740
vn -0.7217 0.1554 0.6746
vn -0.5657 -0.1231 0.8154
vn -0.6864 0.0063 0.7272
vn -0.7730 -0.0421 0.6330
vn -0.7886 -0.1640 0.5926
vn -0.8764 -0.1462 0.4589
vn -0.9067 -0.0946 0.4111
vn -0.9657 -0.1221 0.2291
vn -0.9832 -0.1272 0.1311
vn 0.2010 -0.1569 0.9669
vn -0.0017 -0.0815 0.9967
vn 0.4830 -0.3389 0.8074
vn 0.3611 -0.2339 0.9027
vn 0.4656 -0.2280 0.8551
vn 0.9701 0.0815 0.2285
vn 0.9737 0.2096 0.0894
vn 0.9726 0.1910 0.1329
vn 0.9980 0.0251 0.0575
vn 0.9823 0.1077 0.1533
vn 0.9515 0.1770 0.2515
vn 0.9480 0.0984 0.3028
vn 0.9424 0.0820 0.3243
vn 0.9440 0.0410 0.3274
vn 0.9321 0.0494 0.3587
vn 0.9656 -0.0529 0.2548
vn -0.0283 -0.0025 0.9996
vn 0.5490 -0.2925 0.7830
vn -0.9377 -0.1777 0.2985
vn 0.8951 -0.2381 0.3771
vn 0.7799 -0.0719 0.6217
vn 0.6120 -0.3414 0.7134
vn 0.6898 -0.4839 0.5386
vn -0.9849 -0.1524 0.0827
vn -0.9778 -0.1642 0.1301
vn -0.8272 -0.1371 0.5450
vn -0.7365 -0.1071 0.6679
vn -0.6407 -0.1009 0.7611
vn -0.5342 -0.0807 0.8415
vn -0.4173 -0.0464 0.9076
vn -0.1235 -0.0018 0.9923
vn -0.2504 -0.0321 0.9676
vn 0.6925 -0.1007 0.7144
vn 0.5722 -0.0527 0.8184
vn 0.4362 -0.0660 0.8974
vn -0.8864 -0.1436 0.4401
vn 0.9161 -0.0319 0.3996
vn 0.9679 -0.0598 0.2441
vn 0.9645 -0.0355 0.2615
vn 0.9677 -0.0946 0.2338
vn 0.9642 -0.1605 0.2110
vn 0.9612 -0.0736 0.2660
vn 0.8847 0.1819 0.4292
vn 0.9159 0.0986 0.3891
vn 0.7719 0.2584 0.5809
vn 0.9411 -0.0009 0.3381
vn 0.9548 -0.2668 -0.1311
vn 0.3963 0.2772 0.8753
vn 0.0343 0.3818 0.9236
vn 0.1067 0.2738 0.9559
vn -0.9706 -0.1534 0.1852
vn 0.0562 0.0045 0.9984
vn 0.3589 0.1448 0.9221
vn 0.4404 -0.3084 0.8431
vn 0.2359 0.2613 0.9360
vn 0.8615 -0.0409 0.5060
vn 0.8283 -0.0378 0.5590
vn 0.7424 -0.0934 0.6634
vn 0.6207 -0.0717 0.7808
vn 0.8720 0.2905 0.3941
vn 0.9514 0.1704 0.2567
vn 0.9793 0.0055 0.2021
vn 0.9811 0.0704 0.1802
vn 0.9613 0.0973 0.2578
vn 0.9510 0.0763 0.2997
vn 0.9431 0.0650 0.3260
vn 0.9425 0.0304 0.3327
vn 0.9422 0.0236 0.3342
vn 0.6742 -0.4583 0.5792
vn 0.5605 -0.3591 0.7463
vn 0.0326 -0.1788 0.9834
vn -0.2042 -0.1184 0.9717
vn -0.5113 0.0509 0.8579
vn -0.5634 0.2737 0.7796
vn -0.4845 0.2977 0.8226
vn -0.1808 0.0539 0.9820
vn -0.0453 -0.0212 0.9987
vn -0.2968 -0.1217 0.9472
vn -0.4654 0.3952 0.7919
vn -0.4187 0.7250 0.5468
vn -0.5122 0.2464 0.8228
vn -0.4533 -0.0694 0.8886
vn -0.3637 -0.2288 0.9030
vn -0.4494 -0.1961 0.8715
vn -0.5600 0.0543 0.8267
vn -0.5905 -0.0330 0.8064
vn -0.5849 -0.0348 0.8104
vn -0.6763 -0.0811 0.7321
vn -0.7895 -0.0611 0.6107
vn -0.8859 -0.0764 0.4575
vn -0.8916 -0.0900 0.4438
vn 0.4981 0.0647 0.8647
vn 0.2876 0.1997 0.9367
vn -0.9188 -0.1291 0.3730
vn 0.1778 -0.0382 0.9833
vn 0.7015 -0.4321 0.5667
vn 0.0787 -0.1297 0.9884
vn -0.1054 -0.0216 0.9942
vn -0.2651 -0.0270 0.9639
vn -0.7227 -0.1073 0.6828
vn -0.6315 -0.0800 0.7712
vn -0.5068 -0.0446 0.8609
vn -0.4034 -0.0210 0.9148
vn -0.7888 -0.1223 0.6023
vn 0.5200 -0.0478 0.8528
vn 0.3624 -0.0498 0.9307
vn 0.4684 -0.4516 0.7594
vn 0.6517 -0.2732 0.7076
vn -0.8642 -0.1186 0.4890
vn -0.6976 -0.0364 0.7155
vn 0.9288 -0.0373 0.3686
vn 0.9365 -0.0398 0.3485
vn 0.9339 -0.0823 0.3479
vn 0.9131 -0.0809 0.3997
vn 0.0073 -0.0113 0.9999
vn 0.2241 -0.0207 0.9743
vn 0.6060 -0.0088 0.7954
vn 0.7520 -0.0045 0.6592
vn 0.8527 -0.0259 0.5218
vn 0.9384 0.0220 0.3448
vn -0.8529 -0.1244 0.5071
vn -0.7608 -0.1304 0.6358
vn 0.9163 0.0927 0.3896
vn 0.8758 0.1816 0.4471
vn 0.9005 0.0347 0.4334
vn 0.4139 0.0737 0.9073
vn -0.4720 0.3816 0.7947
vn -0.3250 -0.1999 0.9243
vn -0.3467 -0.1948 0.9175
vn -0.5048 -0.0351 0.8625
vn -0.5960 0.1638 0.7861
vn -0.6417 0.1136 0.7585
vn -0.6845 0.0859 0.7239
vn -0.6941 0.0120 0.7198
vn -0.6761 -0.0350 0.7360
vn -0.5126 0.6619 0.5469
vn -0.4659 0.3858 0.7963
vn -0.1880 0.2625 0.9464
vn 0.1887 -0.0791 0.9788
vn 0.2337 -0.1191 0.9650
vn -0.1992 0.0691 0.9775
vn -0.2182 0.1314 0.9670
vn -0.4546 0.0308 0.8902
vn -0.3240 0.0631 0.9439
vn -0.4185 0.1565 0.8946
vn -0.1302 -0.0423 0.9906
vn 0.7298 0.2837 0.6220
vn 0.8555 0.1581 0.4931
vn 0.7280 0.3196 0.6065
vn 0.9675 -0.2098 0.1412
vn 0.8454 -0.0965 0.5254
vn 0.9303 0.0590 0.3620
vn 0.9596 0.0457 0.2776
vn 0.9519 0.0279 0.3053
vn 0.9422 0.0404 0.3327
vn 0.9347 0.0536 0.3513
vn 0.9337 0.0346 0.3563
vn 0.9363 0.0235 0.3505
vn 0.1043 -0.0012 0.9945
vn 0.6692 -0.2263 0.7078
vn 0.5455 -0.0766 0.8346
vn 0.1725 0.2482 0.9532
vn 0.3805 0.1925 0.9045
vn -0.7003 -0.0602 0.7113
vn -0.6238 -0.0383 0.7807
vn -0.4935 -0.0115 0.8696
vn -0.3907 0.0079 0.9205
vn -0.1362 -0.0154 0.9906
vn -0.2932 0.0133 0.9560
vn 0.3354 0.0047 0.9421
vn 0.4841 -0.0160 0.8749
vn 0.0228 0.3692 0.9291
vn 0.8767 -0.0473 0.4787
vn -0.3441 0.1731 0.9229
vn 0.1648 -0.0238 0.9860
vn 0.6033 0.0090 0.7975
vn -0.6193 -0.0281 0.7847
vn 0.6692 0.0035 0.7431
vn 0.7911 -0.0094 0.6117
vn 0.9151 0.0270 0.4022
vn 0.3771 0.1470 0.9144
vn 0.8882 -0.0378 0.4580
vn 0.8677 -0.0422 0.4954
vn 0.8383 0.0114 0.5451
vn 0.0009 -0.0201 0.9998
vn 0.8630 0.0643 0.5011
vn 0.9019 0.0779 0.4248
vn 0.9207 0.0415 0.3881
vn 0.6272 0.1239 0.7689
vn -0.0038 0.4072 0.9133
vn 0.9452 -0.3262 0.0099
vn 0.7421 0.2272 0.6306
vn 0.6464 0.2598 0.7174
vn 0.7230 0.1770 0.6678
vn 0.8158 0.1195 0.5659
vn 0.8897 0.0503 0.4537
vn 0.9173 0.0163 0.3979
vn 0.9213 0.0210 0.3883
vn 0.9155 0.0340 0.4008
vn 0.9094 0.0347 0.4144
vn 0.9141 0.0113 0.4053
vn -0.0420 0.0152 0.9990
vn 0.0689 -0.0214 0.9974
vn 0.3708 -0.1230 0.9205
vn 0.1349 0.0868 0.9870
vn 0.0924 0.0482 0.9946
vn -0.4446 0.4828 0.7545
vn 0.2806 -0.0675 0.9575
vn -0.4035 0.1438 0.9036
vn -0.4064 -0.0918 0.9091
vn -0.4679 -0.0424 0.8828
vn -0.5503 0.1459 0.8221
vn -0.5772 0.1837 0.7957
vn -0.5593 0.1022 0.8226
vn -0.5122 -0.0184 0.8586
vn -0.4790 -0.0767 0.8744
vn -0.5913 -0.0454 0.8051
vn -0.5243 -0.0230 0.8512
vn -0.2297 0.0322 0.9727
vn -0.1646 0.0482 0.9852
vn 0.2903 0.0279 0.9565
vn 0.4434 0.0060 0.8963
vn 0.4366 0.1419 0.8884
vn 0.3375 0.1981 0.9202
vn 0.4871 0.0848 0.8692
vn -0.4508 0.4581 0.7661
vn -0.4963 0.3978 0.7716
vn -0.6186 0.5058 0.6013
vn 0.8775 0.0059 0.4795
vn 0.8222 -0.0180 0.5689
vn 0.3893 0.3908 0.8341
vn -0.5041 0.5145 0.6936
vn 0.1698 0.0231 0.9852
vn -0.0297 0.0506 0.9983
vn -0.0193 0.4442 0.8957
vn -0.5115 -0.0216 0.8590
vn -0.4309 -0.0146 0.9023
vn 0.5825 0.0022 0.8128
vn 0.6653 -0.0093 0.7465
vn 0.7637 -0.0056 0.6456
vn 0.8481 0.0321 0.5288
vn 0.8559 0.0500 0.5147
vn 0.8699 0.0584 0.4898
vn 0.8167 -0.0126 0.5769
vn 0.8130 -0.0055 0.5822
vn 0.7840 0.0210 0.6204
vn 0.3899 -0.1085 0.9145
vn 0.2179 -0.1767 0.9599
vn -0.2965 0.0186 0.9548
vn -0.4332 0.0098 0.9012
vn 0.9582 -0.2505 0.1380
vn 0.7876 0.1192 0.6045
vn 0.5924 0.1776 0.7858
vn 0.5942 0.1630 0.7876
vn 0.6581 0.1729 0.7328
vn 0.8582 0.0123 0.5131
vn 0.8608 0.0220 0.5084
vn 0.8560 0.0134 0.5169
vn 0.8307 0.0340 0.5557
vn 0.7674 0.0894 0.6350
vn 0.3987 0.1698 0.9013
vn 0.3684 -0.0464 0.9285
vn 0.4443 0.0916 0.8912
vn -0.1575 -0.0731 0.9848
vn 0.1024 -0.1686 0.9804
vn -0.2228 -0.0525 0.9735
vn -0.1681 -0.1009 0.9806
vn -0.2626 -0.1143 0.9581
vn -0.3686 -0.0694 0.9270
vn 0.2470 -0.1099 0.9628
vn 0.2447 -0.0972 0.9647
vn 0.0304 0.1126 0.9932
vn -0.5157 0.4757 0.7126
vn 0.2486 0.0314 0.9681
vn 0.4109 0.0462 0.9105
vn -0.1654 0.3236 0.9316
vn 0.3054 -0.0506 0.9509
vn -0.1730 0.0396 0.9841
vn 0.5443 0.0448 0.8377
vn -0.1464 0.4594 0.8761
vn 0.0742 0.1259 0.9893
vn -0.4003 0.4935 0.7721
vn 0.7994 0.0309 0.6000
vn 0.1351 0.0384 0.9901
vn 0.3142 -0.0098 0.9493
vn -0.5849 0.5245 0.6188
vn -0.3565 0.0281 0.9339
vn 0.6321 0.0259 0.7745
vn 0.7407 0.0267 0.6713
vn 0.3879 -0.2650 0.8828
vn 0.3037 -0.1457 0.9416
vn 0.1315 -0.0731 0.9886
vn 0.0945 -0.1117 0.9892
vn -0.1253 0.0390 0.9914
vn -0.2658 0.0316 0.9635
vn -0.0726 0.0490 0.9962
vn 0.7880 0.0491 0.6138
vn 0.8013 0.0517 0.5960
vn -0.1939 0.0396 0.9802
vn 0.3615 -0.0155 0.9322
vn -0.2121 0.3524 0.9115
vn 0.5230 -0.2542 0.8136
vn 0.4591 -0.2257 0.8592
vn 0.8090 0.0260 0.5872
vn 0.5912 0.1556 0.7914
vn 0.9858 -0.0887 0.1423
vn 0.5426 0.2056 0.8145
vn 0.6213 0.1427 0.7705
vn 0.7119 0.0777 0.6979
vn 0.7653 0.0270 0.6431
vn 0.7866 0.0209 0.6172
vn 0.7860 0.0211 0.6179
vn 0.6912 0.0325 0.7220
vn 0.2331 0.0377 0.9717
vn 0.4233 0.0306 0.9055
vn -0.3377 0.4520 0.8256
vn -0.5677 0.5489 0.6136
vn 0.8253 0.0162 0.5644
vn 0.7753 -0.0247 0.6311
vn 0.7215 0.0300 0.6918
vn 0.7207 0.0627 0.6904
vn 0.5241 0.0211 0.8514
vn 0.6236 0.0500 0.7801
vn 0.7156 0.0514 0.6966
vn 0.0952 0.0350 0.9948
vn 0.5804 -0.2754 0.7663
vn -0.1078 0.0518 0.9928
vn 0.4403 -0.1032 0.8919
vn -0.3052 0.4102 0.8594
vn -0.1837 0.0809 0.9796
vn -0.1621 0.1063 0.9810
vn -0.1600 0.0868 0.9833
vn -0.0218 0.1170 0.9929
vn 0.0567 0.1107 0.9922
vn 0.2287 -0.0054 0.9735
vn 0.3016 0.0081 0.9534
vn 0.4568 -0.0929 0.8847
vn 0.8510 -0.2047 0.4837
vn 0.6702 0.0563 0.7400
vn 0.5113 0.1622 0.8440
vn 0.4879 0.1728 0.8556
vn 0.5629 0.1404 0.8145
vn 0.6447 0.0633 0.7618
vn 0.6861 0.0413 0.7263
vn 0.6859 0.0430 0.7264
vn -0.3118 0.5257 0.7915
vn 0.1088 0.2317 0.9667
vn -0.3128 0.4609 0.8305
vn 0.3471 0.0454 0.9367
vn 0.1872 0.0856 0.9786
vn 0.5060 0.0240 0.8622
vn 0.7321 0.0330 0.6804
vn 0.5902 0.0448 0.8060
vn 0.0926 0.0472 0.9946
vn -0.1068 0.3869 0.9159
vn 0.4308 -0.0999 0.8969
vn 0.7843 -0.2227 0.5790
vn 0.5660 -0.1795 0.8046
vn 0.5490 -0.0449 0.8346
vn 0.8610 -0.2716 0.4299
vn 0.7153 -0.0526 0.6968
vn 0.5704 0.0603 0.8192
vn 0.4296 0.1591 0.8889
vn 0.4542 0.1975 0.8687
vn 0.5531 0.0986 0.8272
vn 0.5786 0.0738 0.8123
vn 0.5862 0.0689 0.8072
vn 0.6125 0.0322 0.7898
vn 0.5965 0.0691 0.7997
vn 0.6072 0.0675 0.7917
vn 0.6146 0.0578 0.7867
vn 0.2789 0.1078 0.9542
vn 0.1633 0.1190 0.9794
vn 0.2115 0.1477 0.9662
vn 0.1882 0.1508 0.9705
vn 0.1347 0.1429 0.9805
vn 0.1236 0.1234 0.9846
vn 0.1067 0.1273 0.9861
vn -0.0186 0.1289 0.9915
vn 0.0283 0.1083 0.9937
vn 0.6911 -0.2341 0.6838
vn 0.6300 -0.2497 0.7353
vn 0.5081 0.0832 0.8573
vn 0.5193 0.0820 0.8507
vn 0.5207 0.0684 0.8510
vn 0.5463 0.0509 0.8360
vn 0.6046 0.0552 0.7946
vn 0.3190 0.0883 0.9436
vn 0.8406 -0.2119 0.4984
vn 0.7178 -0.0805 0.6916
vn 0.5906 -0.0500 0.8054
vn 0.3145 0.2584 0.9134
vn 0.4426 0.1563 0.8830
vn 0.2004 0.1206 0.9723
vn 0.4023 0.1041 0.9096
vn 0.2262 0.1217 0.9665
vn 0.4745 0.1050 0.8740
vn 0.4839 0.0921 0.8703
vn 0.3016 0.1243 0.9453
vn 0.3020 0.1288 0.9446
vn 0.4368 0.0683 0.8970
vn 0.3581 0.0969 0.9286
vn 0.4728 0.0867 0.8769
vn 0.4195 0.0883 0.9034
vn 0.2872 0.1680 0.9430
vn 0.2702 0.2181 0.9378
vn -0.0178 -0.0348 0.9992
vn -0.0242 0.0350 0.9991
vn 0.0796 0.4125 0.9075
vn -0.0523 0.2771 0.9594
vn -0.2555 0.5539 0.7924
vn 0.7085 0.6925 0.1358
vn 0.7955 0.5965 0.1070
vn 0.9874 0.1257 0.0963
vn 0.6657 0.0130 0.7461
vn 0.5689 0.0218 0.8221
vn 0.6343 0.1082 0.7655
vn 0.1346 0.0966 0.9862
vn 0.1453 -0.1353 0.9801
vn -0.4373 0.4611 0.7721
vn 0.8149 0.5477 0.1895
vn 0.9898 -0.0957 0.1052
vn 0.9013 0.4134 0.1296
vn 0.9926 -0.0063 0.1209
vn 0.9961 0.0566 0.0682
vn -0.0070 -0.1253 0.9921
vn 0.1535 -0.2951 0.9431
vn 0.1095 -0.1470 0.9831
vn 0.1335 -0.2596 0.9565
vn 0.1175 -0.1657 0.9791
vn 0.0317 -0.1966 0.9800
vn 0.1098 -0.1881 0.9760
vn 0.1128 -0.1967 0.9740
vn 0.1006 -0.2186 0.9706
vn 0.1157 -0.1624 0.9799
vn 0.1129 -0.2462 0.9626
vn 0.0727 -0.1834 0.9803
vn 0.1010 -0.1025 0.9896
vn 0.8198 0.5579 0.1295
vn 0.9646 0.2588 0.0503
vn 0.7993 0.5716 0.1856
vn 0.9901 0.1040 0.0941
vn 0.9865 0.0946 0.1333
vn 0.6911 0.6984 0.1858
vn 0.9882 0.1495 0.0335
vn 0.9962 0.0760 0.0418
vn 0.9929 0.0734 0.0935
vn 0.9919 0.0801 0.0989
vn 0.9933 0.0915 0.0709
vn 0.9908 0.0874 0.1035
vn 0.9935 0.0534 0.1006
vn 0.9962 -0.0240 0.0836
vn 0.9921 0.0699 0.1043
vn 0.9898 0.0949 0.1061
vn 0.9897 0.1015 0.1007
vn 0.9908 0.0885 0.1023
vn 0.7940 0.5432 0.2729
vn -0.1628 0.1175 0.9796
vn 0.0036 0.2453 0.9694
vn 0.0563 -0.0281 0.9980
vn 0.0261 -0.0288 0.9992
vn 0.0336 0.0690 0.9971
vn 0.0927 0.1016 0.9905
vn 0.0744 -0.1107 0.9911
vn -0.0472 -0.1487 0.9878
vn 0.0568 -0.2346 0.9704
vn 0.1029 -0.2448 0.9641
vn 0.0810 -0.3150 0.9456
vn 0.0648 -0.4308 0.9001
vn 0.9845 0.0790 0.1565
vn 0.9896 0.0985 0.1047
vn 0.9895 0.1017 0.1030
vn 0.9907 0.0885 0.1031
vn 0.9818 0.0793 0.1724
vn 0.9786 0.0872 0.1865
vn 0.9748 0.0808 0.2077
vn 0.9813 0.0292 0.1904
vn 0.7820 0.5479 0.2971
vn 0.9644 0.0336 0.2622
vn 0.7399 0.5906 0.3222
vn 0.9561 0.0694 0.2847
vn 0.6837 0.6391 0.3523
vn 0.9183 0.0753 0.3886
vn 0.6609 0.6167 0.4278
vn 0.8700 0.0353 0.4917
vn 0.6649 0.5746 0.4772
vn 0.8563 0.0371 0.5152
vn 0.6578 0.5193 0.5456
vn 0.7698 0.0301 0.6376
vn 0.5720 0.4768 0.6674
vn 0.6779 0.0018 0.7351
vn 0.5705 0.4904 0.6588
vn 0.5313 0.3310 0.7799
vn 0.4527 0.4018 0.7960
vn 0.4748 -0.0195 0.8799
vn 0.4206 0.3214 0.8484
vn 0.4424 -0.0799 0.8933
vn 0.3542 0.3683 0.8596
vn 0.4050 -0.1246 0.9058
vn 0.3310 0.1825 0.9258
vn 0.3596 -0.1676 0.9179
vn 0.9905 0.1056 0.0883
vn 0.1341 -0.0031 0.9910
vn 0.1793 -0.2168 0.9596
vn 0.0358 -0.0765 0.9964
vn -0.0285 -0.1799 0.9833
vn 0.0021 -0.2224 0.9749
vn 0.0497 -0.3298 0.9427
vn 0.1436 0.1376 0.9800
vn 0.0018 -0.4145 0.9100
vn 0.0227 -0.4034 0.9147
vn 0.8796 0.4468 0.1636
vn 0.5241 0.8180 0.2371
vn 0.5591 0.7804 0.2799
vn 0.5988 0.7344 0.3197
vn 0.9198 0.3105 0.2399
vn 0.5680 0.7100 0.4163
vn 0.8151 0.3772 0.4397
vn 0.4788 0.7669 0.4273
vn 0.5724 0.6039 0.5548
vn 0.4198 0.7927 0.4420
vn 0.6054 0.4063 0.6844
vn 0.4540 0.7249 0.5180
vn 0.4612 0.6348 0.6199
vn 0.4449 0.5693 0.6914
vn 0.4153 0.4161 0.8090
vn 0.4246 0.3205 0.8468
vn -0.2050 0.9173 0.3414
vn -0.7421 0.6495 -0.1656
vn -0.0229 -0.3808 0.9244
vn -0.9756 0.2130 -0.0533
vn 0.2525 -0.5624 0.7874
vn 0.6909 -0.5353 0.4858
vn 0.3472 -0.3750 0.8596
vn 0.5779 -0.0606 0.8139
vn 0.2818 -0.2404 0.9289
vn 0.2080 0.2615 0.9425
vn 0.3101 -0.2613 0.9141
vn 0.2509 0.3623 0.8976
vn 0.2804 0.2799 0.9182
vn 0.3371 -0.1945 0.9212
vn 0.1298 -0.1450 0.9809
vn 0.1249 -0.3118 0.9419
vn 0.0715 -0.5393 0.8391
vn 0.9618 0.0817 0.2611
vn 0.9623 0.0775 0.2606
vn 0.9509 0.0753 0.3003
vn 0.9540 0.0729 0.2910
vn 0.8938 0.0717 0.4427
vn 0.9100 0.0774 0.4073
vn 0.8627 0.0707 0.5007
vn 0.8586 0.0700 0.5079
vn 0.8278 0.0416 0.5595
vn 0.8345 0.0433 0.5493
vn 0.7256 0.0348 0.6872
vn 0.7563 0.0085 0.6542
vn 0.6721 0.0734 0.7368
vn 0.7068 0.0426 0.7061
vn 0.6696 0.0676 0.7396
vn 0.5046 0.2138 0.8365
vn 0.5721 0.1009 0.8139
vn 0.0806 -0.1118 0.9905
vn 0.0724 -0.0724 0.9947
vn 0.1115 -0.0103 0.9937
vn 0.1035 -0.0657 0.9925
vn 0.0697 0.0140 0.9975
vn 0.1400 -0.0912 0.9859
vn 0.1715 -0.0361 0.9845
vn 0.1939 0.0596 0.9792
vn 0.1887 -0.0246 0.9817
vn 0.2094 -0.1365 0.9682
vn 0.1610 -0.0608 0.9851
vn 0.1881 -0.0120 0.9821
vn 0.9745 0.2228 0.0256
vn -0.1426 -0.2981 0.9438
vn -0.1005 -0.4529 0.8859
vn 0.2015 -0.0855 0.9758
vn 0.8588 0.3402 0.3830
vn 0.4543 -0.1534 0.8776
vn 0.1792 -0.1699 0.9690
vn 0.1178 -0.1734 0.9778
vn 0.1957 -0.1953 0.9610
vn 0.1981 -0.1903 0.9615
vn 0.2021 -0.1936 0.9600
vn 0.1931 -0.1819 0.9642
vn 0.2389 -0.2524 0.9377
vn 0.1932 -0.1961 0.9614
vn 0.1535 -0.3639 0.9187
vn 0.4285 -0.4148 0.8027
vn 0.6842 0.0741 0.7255
vn 0.4849 -0.0147 0.8745
vn 0.5044 -0.0246 0.8631
vn 0.4264 -0.0558 0.9028
vn 0.4371 -0.0497 0.8981
vn 0.5110 -0.0286 0.8591
vn 0.5185 -0.0750 0.8518
vn 0.6027 0.0049 0.7980
vn 0.6329 -0.0446 0.7730
vn 0.6767 0.0587 0.7339
vn 0.7005 -0.0138 0.7135
vn 0.7528 0.0722 0.6543
vn 0.7705 -0.0338 0.6366
vn 0.8036 0.0766 0.5902
vn 0.8350 0.0449 0.5485
vn 0.8421 0.0877 0.5322
vn 0.8649 0.0611 0.4981
vn 0.9019 0.1174 0.4156
vn 0.9382 0.1099 0.3281
vn 0.9275 0.2455 0.2818
vn 0.9576 0.1113 0.2659
vn 0.9142 0.3228 0.2448
vn 0.9706 0.0879 0.2241
vn 0.2790 -0.2386 0.9302
vn 0.2425 -0.1283 0.9616
vn 0.2015 -0.1911 0.9607
vn 0.2138 -0.1471 0.9657
vn -0.0219 -0.6004 0.7994
vn -0.0561 -0.3611 0.9308
vn 0.5441 0.3376 0.7681
vn 0.4562 -0.3045 0.8362
vn 0.3849 -0.2521 0.8879
vn 0.4732 -0.1269 0.8718
vn 0.5577 -0.0304 0.8295
vn 0.6670 0.0065 0.7450
vn 0.7059 0.0119 0.7082
vn 0.8000 0.0411 0.5986
vn 0.8352 0.0247 0.5493
vn 0.8542 0.0402 0.5184
vn 0.9258 0.0727 0.3710
vn 0.9610 0.0817 0.2641
vn 0.9649 0.0836 0.2488
vn 0.4044 0.4551 0.7933
vn 0.5648 0.0875 0.8205
vn 0.3209 0.4899 0.8106
vn 0.4313 0.3831 0.8168
vn 0.2631 0.4143 0.8713
vn 0.1851 0.7055 0.6841
vn 0.2493 0.2757 0.9283
vn 0.2768 0.3108 0.9093
vn 0.2150 0.3126 0.9252
vn 0.1962 0.1784 0.9642
vn 0.1496 -0.0793 0.9856
vn 0.1487 -0.1635 0.9753
vn 0.1654 0.5986 0.7838
vn 0.1745 0.3854 0.9061
vn 0.0699 -0.0191 0.9974
vn 0.0933 -0.3200 0.9428
vn 0.0791 -0.2950 0.9522
vn 0.1682 -0.1640 0.9720
vn 0.1434 -0.1709 0.9748
vn 0.9632 0.0781 0.2573
vn 0.9546 0.0898 0.2841
vn 0.2490 0.1846 0.9508
vn 0.2515 -0.0503 0.9665
vn 0.0723 0.7259 0.6840
vn 0.9112 0.0837 0.4034
vn 0.8525 0.0684 0.5182
vn 0.8233 0.0357 0.5665
vn 0.7376 0.0161 0.6750
vn 0.6894 -0.0438 0.7230
vn 0.6126 -0.1442 0.7771
vn 0.5348 -0.2450 0.8087
vn 0.5370 -0.3082 0.7853
vn 0.3352 -0.5229 0.7837
vn 0.1632 -0.5386 0.8266
vn 0.3679 -0.4887 0.7911
vn 0.8481 0.0434 0.5281
vn 0.8380 0.0263 0.5451
vn 0.7986 0.0159 0.6016
vn 0.3030 0.0712 0.9503
vn 0.1891 -0.2889 0.9385
vn 0.0417 -0.6230 0.7811
vn -0.0112 -0.6086 0.7934
vn 0.5043 -0.1261 0.8543
vn 0.3537 -0.2637 0.8974
vn 0.3706 -0.4246 0.8261
vn 0.1874 -0.1796 0.9657
vn 0.3192 0.0513 0.9463
vn 0.3898 -0.3109 0.8669
vn 0.3553 -0.1087 0.9284
vn -0.1111 0.7131 -0.6922
vn -0.0962 0.5441 -0.8335
vn -0.0821 0.5071 -0.8580
vn -0.9245 0.3796 0.0363
vn -0.8663 0.4991 0.0191
vn -0.9817 -0.0330 -0.1873
vn -0.9891 0.0450 -0.1405
vn -0.9961 0.0609 -0.0644
vn -0.9710 -0.0034 -0.2390
vn -0.9659 0.2566 0.0359
vn -0.9818 0.1819 -0.0553
vn -0.9778 -0.1036 -0.1820
vn -0.9561 0.2488 -0.1547
vn -0.9449 0.3095 0.1068
vn -0.9628 0.2665 0.0444
vn -0.9909 0.0487 -0.1256
vn -0.9453 0.2620 -0.1943
vn -0.9726 0.2109 -0.0981
vn -0.9800 0.0938 -0.1754
vn 0.0074 0.4534 -0.8913
vn -0.0125 0.5276 -0.8494
vn 0.0020 0.7609 -0.6488
vn -0.0260 0.7492 -0.6619
vn -0.0001 0.4046 -0.9145
vn 0.0348 0.7008 -0.7125
vn -0.0092 0.2554 -0.9668
vn 0.0231 0.2908 -0.9565
vn 0.0458 0.3128 -0.9487
vn -0.0173 0.1275 -0.9917
vn 0.0015 0.1075 -0.9942
vn -0.0004 0.1666 -0.9860
vn -0.0300 0.3530 -0.9351
vn -0.0307 0.8702 -0.4917
vn -0.0293 0.8017 -0.5970
vn 0.0211 0.3306 -0.9435
vn 0.0157 -0.1903 -0.9816
vn 0.0079 -0.3847 -0.9230
vn 0.0554 0.3305 -0.9422
vn 0.0353 -0.1648 -0.9857
vn -0.0079 0.3765 -0.9264
vn -0.0061 0.3778 -0.9259
vn 0.0034 0.6560 -0.7548
vn 0.0218 0.6927 -0.7209
vn 0.0299 -0.1832 -0.9826
vn -0.0142 0.3848 -0.9229
vn 0.0505 0.3509 -0.9350
vn -0.9873 0.0251 -0.1570
vn -0.8438 0.5338 -0.0564
vn -0.9904 0.1114 -0.0822
vn -0.9728 0.2018 -0.1137
vn -0.9859 0.1440 -0.0853
vn -0.9902 0.1346 -0.0387
vn -0.9965 0.0804 -0.0232
vn -0.9975 0.0662 -0.0252
vn -0.9868 0.1156 -0.1133
vn -0.9927 0.1194 -0.0156
vn -0.9904 0.1369 -0.0207
vn -0.9901 0.1335 -0.0426
vn -0.9871 0.1585 -0.0212
vn -0.9727 0.1580 -0.1700
vn 0.0260 0.3586 -0.9331
vn -0.0009 0.1758 -0.9844
vn 0.0297 0.4044 -0.9141
vn -0.0028 0.2272 -0.9738
vn -0.0074 0.4324 -0.9017
vn -0.0276 0.1357 -0.9904
vn -0.0659 0.4668 -0.8819
vn -0.0570 0.1255 -0.9905
vn -0.0770 0.4634 -0.8828
vn -0.0834 0.1081 -0.9906
vn -0.1045 0.4509 -0.8865
vn -0.1278 0.1124 -0.9854
vn -0.1371 0.4680 -0.8730
vn -0.1267 0.1316 -0.9832
vn -0.1838 0.4218 -0.8879
vn -0.1130 0.0738 -0.9909
vn -0.2498 0.4248 -0.8701
vn -0.2268 0.0246 -0.9736
vn -0.3303 0.4562 -0.8263
vn -0.3470 -0.2047 -0.9153
vn -0.4723 0.3857 -0.7926
vn -0.4002 -0.0153 -0.9163
vn -0.5890 0.3367 -0.7346
vn -0.5331 -0.0457 -0.8448
vn -0.6184 0.3738 -0.6913
vn -0.5964 -0.0606 -0.8004
vn -0.6918 0.2875 -0.6624
vn -0.6311 -0.0252 -0.7753
vn -0.7665 0.2260 -0.6012
vn -0.7621 0.0070 -0.6474
vn -0.8379 0.2089 -0.5043
vn -0.8680 -0.0536 -0.4936
vn -0.8905 0.2177 -0.3994
vn -0.8876 0.2064 -0.4117
vn -0.9290 0.1783 -0.3242
vn -0.9201 0.2006 -0.3363
vn -0.9629 0.1497 -0.2246
vn -0.9581 0.1729 -0.2285
vn 0.0269 0.7258 -0.6874
vn -0.0533 0.4152 -0.9082
vn 0.0350 0.7681 -0.6393
vn -0.0125 0.7284 -0.6850
vn 0.0116 0.6049 -0.7962
vn -0.9659 0.2383 -0.1015
vn -0.9893 0.0872 -0.1169
vn -0.9836 0.1570 -0.0890
vn -0.9338 0.3277 -0.1434
vn -0.9745 0.1875 -0.1230
vn -0.8740 0.4061 -0.2666
vn -0.9260 0.1730 -0.3355
vn -0.8578 0.3108 -0.4093
vn -0.7466 0.5800 -0.3258
vn -0.8123 0.3420 -0.4725
vn -0.7394 0.5953 -0.3146
vn -0.7219 0.3502 -0.5968
vn -0.6722 0.6119 -0.4168
vn -0.6830 0.3665 -0.6318
vn -0.6099 0.6279 -0.4835
vn -0.5847 0.3834 -0.7149
vn -0.5628 0.6311 -0.5339
vn -0.4993 0.3736 -0.7817
vn -0.4457 0.6427 -0.6231
vn -0.4450 0.4219 -0.7899
vn -0.3675 0.6393 -0.6754
vn -0.3395 0.4434 -0.8296
vn -0.2839 0.6116 -0.7385
vn -0.1950 0.4102 -0.8909
vn -0.2467 0.6778 -0.6926
vn -0.1662 0.4191 -0.8926
vn -0.2020 0.7122 -0.6722
vn -0.1085 0.4299 -0.8964
vn -0.0533 0.8385 -0.5422
vn -0.0749 0.4399 -0.8949
vn -0.0677 0.7411 -0.6680
vn -0.0467 0.4409 -0.8964
vn -0.0510 0.7350 -0.6761
vn -0.0262 0.4335 -0.9008
vn -0.0200 0.7349 -0.6779
vn 0.0240 0.4157 -0.9092
vn -0.0042 0.7205 -0.6934
vn 0.0717 0.3919 -0.9172
vn 0.0384 0.7401 -0.6714
vn 0.0268 -0.0856 -0.9960
vn -0.9752 0.1485 -0.1644
vn -0.7982 0.6013 -0.0356
vn -0.9583 0.2212 -0.1810
vn -0.7031 0.7101 -0.0378
vn -0.9190 0.2929 -0.2641
vn -0.6422 0.7604 -0.0965
vn -0.8568 0.3318 -0.3947
vn -0.5943 0.7938 -0.1294
vn -0.8244 0.3694 -0.4289
vn -0.9921 0.1138 -0.0523
vn -0.9791 0.1729 -0.1069
vn -0.9733 0.1619 -0.1625
vn -0.0230 0.4089 -0.9123
vn -0.0126 0.0129 -0.9998
vn -0.0387 0.4467 -0.8938
vn -0.0257 0.0498 -0.9984
vn -0.0585 0.4932 -0.8679
vn -0.0560 0.1030 -0.9931
vn -0.0865 0.5438 -0.8347
vn -0.0787 0.1502 -0.9855
vn -0.1109 0.5995 -0.7927
vn -0.1196 0.2027 -0.9719
vn -0.1525 0.6597 -0.7359
vn -0.1736 0.2514 -0.9522
vn -0.1978 0.7127 -0.6730
vn -0.2583 0.3359 -0.9058
vn -0.2728 0.7375 -0.6178
vn -0.3555 0.3675 -0.8594
vn -0.3213 0.7569 -0.5691
vn -0.4204 0.3387 -0.8418
vn -0.3851 0.8029 -0.4551
vn -0.5221 0.3673 -0.7697
vn -0.4414 0.8121 -0.3817
vn -0.6341 0.3785 -0.6743
vn -0.5011 0.8112 -0.3013
vn -0.6824 0.3656 -0.6329
vn -0.5211 0.8207 -0.2343
vn -0.7578 0.3858 -0.5262
vn -0.5518 0.8234 -0.1326
vn -0.9167 -0.0669 -0.3940
vn -0.9413 0.0568 -0.3326
vn -0.9574 0.1668 -0.2359
vn -0.8994 0.2208 -0.3772
vn -0.8918 -0.0089 -0.4524
vn -0.8623 0.2454 -0.4430
vn -0.9788 0.0784 -0.1892
vn -0.7690 0.0820 -0.6340
vn -0.8166 0.0352 -0.5762
vn -0.8016 0.2515 -0.5424
vn -0.7345 0.2852 -0.6157
vn -0.7150 0.0806 -0.6945
vn -0.6683 0.3534 -0.6546
vn -0.4982 0.1279 -0.8576
vn -0.5411 0.0710 -0.8380
vn -0.5337 0.3531 -0.7684
vn -0.3942 0.4444 -0.8044
vn -0.3756 0.1218 -0.9187
vn -0.2709 0.4812 -0.8337
vn -0.5892 0.3717 -0.7174
vn -0.1731 0.2958 -0.9394
vn -0.2213 0.2768 -0.9351
vn -0.2021 0.5218 -0.8288
vn -0.1023 0.5578 -0.8237
vn -0.1423 0.3588 -0.9225
vn -0.2155 0.4918 -0.8436
vn -0.0738 0.3574 -0.9310
vn -0.1069 0.3450 -0.9325
vn -0.0799 0.6035 -0.7933
vn -0.0473 0.6106 -0.7905
vn -0.0449 0.3198 -0.9464
vn -0.0120 0.6612 -0.7501
vn -0.0357 0.3788 -0.9248
vn 0.0127 0.6749 -0.7378
vn -0.6314 0.1451 -0.7618
vn -0.2873 0.3015 -0.9091
vn -0.0329 0.5443 -0.8382
vn -0.0331 0.7413 -0.6704
vn 0.0094 0.4614 -0.8871
vn 0.0029 0.6383 -0.7698
vn -0.0358 0.4684 -0.8828
vn -0.0584 0.4397 -0.8962
vn -0.9635 0.0188 -0.2672
vn -0.9171 -0.0733 -0.3919
vn -0.0994 0.4131 -0.9053
vn -0.1617 0.1982 -0.9667
vn -0.9165 0.1710 -0.3616
vn -0.8356 0.0434 -0.5477
vn -0.7645 0.2403 -0.5982
vn -0.6672 0.2713 -0.6937
vn -0.6382 0.2179 -0.7384
vn -0.5214 0.3453 -0.7803
vn -0.4138 0.3966 -0.8194
vn -0.3039 0.5455 -0.7811
vn -0.1348 0.6372 -0.7588
vn -0.1475 0.3808 -0.9128
vn -0.3092 0.0951 -0.9462
vn -0.2492 0.4219 -0.8717
vn -0.9996 0.0183 0.0193
vn -0.9956 -0.0816 0.0453
vn -0.9085 0.4025 0.1123
vn -0.1547 0.3125 0.9372
vn -0.2151 -0.0054 0.9766
vn 0.1239 0.2898 0.9490
vn -0.2561 -0.0349 0.9660
vn 0.0626 -0.0428 0.9971
vn -0.6758 0.0059 0.7370
vn -0.7185 -0.0609 0.6928
vn -0.7144 0.0470 0.6981
vn -0.0024 -0.4009 0.9161
vn -0.0071 -0.1253 0.9921
vn -0.2288 0.0234 0.9732
vn -0.0540 -0.3197 0.9460
vn -0.0540 0.0625 0.9966
vn -0.2408 -0.2242 0.9443
vn -0.0907 0.1030 0.9905
vn -0.0820 -0.2280 0.9702
vn -0.1254 -0.2262 0.9660
vn -0.8368 0.5369 0.1077
vn -0.9381 0.3464 -0.0076
vn -0.8077 0.5783 0.1149
vn -0.8604 0.4731 0.1892
vn -0.9933 0.1106 0.0322
vn -0.9965 0.0700 0.0449
vn -0.9957 0.0646 0.0667
vn -0.9980 0.0637 -0.0000
vn -0.9978 0.0491 0.0448
vn -0.9926 0.1144 -0.0419
vn -0.9945 0.0902 0.0531
vn -0.9930 0.1125 0.0374
vn -0.9886 0.1085 0.1042
vn -0.9910 0.0955 0.0942
vn -0.0448 -0.3975 0.9165
vn -0.0798 0.0498 0.9956
vn -0.1483 -0.0774 0.9859
vn -0.1002 -0.1788 0.9788
vn -0.1189 -0.1909 0.9744
vn -0.2539 -0.2263 0.9404
vn -0.2485 -0.2323 0.9404
vn -0.0845 -0.2198 0.9719
vn 0.0020 -0.2224 0.9749
vn -0.2146 -0.2072 0.9545
vn -0.0472 -0.1487 0.9877
vn -0.2991 -0.2536 0.9199
vn -0.1192 -0.2273 0.9665
vn -0.9919 0.0796 0.0990
vn -0.9895 0.0884 0.1146
vn -0.9869 0.0849 0.1370
vn -0.9724 0.1075 0.2069
vn -0.9680 0.0914 0.2336
vn -0.9544 0.1285 0.2696
vn -0.9604 0.0844 0.2655
vn -0.9468 0.1312 0.2940
vn -0.9464 0.0783 0.3132
vn -0.8775 0.1166 0.4652
vn -0.9111 0.0962 0.4008
vn -0.8246 0.1010 0.5566
vn -0.8411 0.0468 0.5388
vn -0.7876 0.1289 0.6025
vn -0.8007 -0.0032 0.5990
vn -0.7378 0.1171 0.6647
vn -0.7583 0.0257 0.6514
vn -0.6336 0.0140 0.7735
vn -0.5871 -0.0065 0.8095
vn -0.6146 -0.0596 0.7866
vn -0.5300 -0.0526 0.8464
vn -0.5779 -0.0893 0.8112
vn -0.5038 -0.2199 0.8354
vn -0.5736 -0.0740 0.8158
vn -0.3703 -0.4437 0.8161
vn -0.3901 0.1141 0.9137
vn -0.3475 -0.4578 0.8183
vn -0.2148 0.1016 0.9714
vn -0.2179 -0.4136 0.8840
vn -0.1454 0.0190 0.9892
vn -0.1991 -0.5506 0.8107
vn -0.1225 0.0655 0.9903
vn -0.1855 -0.4404 0.8785
vn -0.1507 -0.1550 0.9764
vn -0.1848 -0.3152 0.9309
vn -0.1494 -0.2970 0.9431
vn -0.1852 -0.2476 0.9510
vn -0.1270 -0.1768 0.9760
vn -0.1460 -0.2365 0.9606
vn -0.1594 -0.1592 0.9743
vn -0.9905 0.1015 0.0931
vn -0.9895 0.1002 0.1045
vn -0.9915 0.0930 0.0908
vn -0.9923 0.0937 0.0811
vn -0.9901 0.0929 0.1053
vn -0.9955 0.0950 0.0017
vn -0.9928 0.1198 -0.0011
vn -0.9978 0.0144 0.0646
vn -0.9974 -0.0661 0.0278
vn -0.8760 0.4448 0.1863
vn -0.1358 -0.1717 0.9757
vn -0.1356 -0.2287 0.9640
vn -0.1047 -0.1965 0.9749
vn -0.1733 -0.1622 0.9714
vn -0.1654 -0.2407 0.9564
vn -0.2219 -0.1494 0.9636
vn -0.1825 -0.2040 0.9618
vn -0.2421 -0.1037 0.9647
vn -0.2144 -0.1341 0.9675
vn -0.2507 -0.0518 0.9667
vn -0.2360 -0.1005 0.9665
vn -0.2910 -0.0083 0.9567
vn -0.2880 -0.0781 0.9545
vn -0.3099 0.0171 0.9506
vn -0.3322 -0.0775 0.9400
vn -0.3548 0.0031 0.9349
vn -0.3802 -0.0717 0.9221
vn -0.4125 -0.0111 0.9109
vn -0.4053 -0.0265 0.9138
vn -0.4286 -0.0028 0.9035
vn -0.4855 -0.0320 0.8736
vn -0.5630 -0.0549 0.8246
vn -0.5679 -0.0092 0.8231
vn -0.6451 -0.0240 0.7638
vn -0.6272 0.0318 0.7782
vn -0.6821 0.0230 0.7309
vn -0.6929 0.0091 0.7210
vn -0.7761 0.0403 0.6294
vn -0.8043 0.0264 0.5936
vn -0.8579 0.0618 0.5101
vn -0.8546 0.0606 0.5157
vn -0.8676 0.0728 0.4918
vn -0.8719 0.0693 0.4848
vn -0.9178 0.0865 0.3875
vn -0.9380 0.0705 0.3394
vn -0.9624 0.0808 0.2594
vn -0.9627 0.0776 0.2592
vn -0.9639 0.0782 0.2546
vn -0.9664 0.0748 0.2460
vn -0.9801 0.0747 0.1841
vn -0.9835 0.0803 0.1619
vn -0.9869 0.0588 0.1500
vn -0.9681 0.0474 0.2459
vn -0.1098 -0.3505 0.9301
vn -0.1322 0.0841 0.9876
vn -0.1676 -0.3315 0.9284
vn -0.1778 0.1357 0.9747
vn -0.2224 -0.3219 0.9203
vn -0.2249 0.1740 0.9587
vn -0.2696 -0.3128 0.9107
vn -0.2489 0.2090 0.9457
vn -0.2805 -0.2780 0.9187
vn -0.2638 0.2695 0.9262
vn -0.3114 -0.2331 0.9212
vn -0.2892 0.3313 0.8981
vn -0.3384 -0.1887 0.9219
vn -0.2926 0.4062 0.8657
vn -0.3607 -0.1290 0.9237
vn -0.3152 0.4784 0.8196
vn -0.4164 -0.0742 0.9061
vn -0.3328 0.5311 0.7792
vn -0.4425 -0.0287 0.8963
vn -0.3271 0.5979 0.7318
vn -0.4970 0.0217 0.8675
vn -0.3913 0.6350 0.6661
vn -0.6339 0.0302 0.7728
vn -0.4451 0.6539 0.6119
vn -0.6783 0.0324 0.7341
vn -0.4502 0.6771 0.5822
vn -0.7378 0.0603 0.6724
vn -0.5305 0.6796 0.5066
vn -0.8459 0.0591 0.5301
vn -0.5820 0.6765 0.4512
vn -0.8685 0.0570 0.4924
vn -0.5933 0.6787 0.4329
vn -0.8957 0.0817 0.4372
vn -0.6544 0.6611 0.3671
vn -0.9508 0.0752 0.3005
vn -0.9645 0.0550 0.2583
vn -0.7227 0.6195 0.3064
vn -0.7586 0.5865 0.2838
vn -0.8204 0.5293 0.2162
vn -0.3281 -0.1376 0.9346
vn -0.0958 -0.1729 0.9803
vn -0.1626 -0.1450 0.9760
vn -0.1102 0.1482 0.9828
vn -0.1386 0.1840 0.9731
vn -0.1559 0.1837 0.9705
vn -0.0917 0.5080 0.8565
vn -0.1123 0.3411 0.9333
vn -0.1039 0.3344 0.9367
vn -0.0670 0.1384 0.9881
vn -0.1003 0.2020 0.9742
vn -0.2258 0.0874 0.9702
vn -0.3999 0.0711 0.9138
vn -0.4081 0.2645 0.8738
vn -0.3967 0.4161 0.8182
vn -0.4021 0.5753 0.7123
vn -0.4496 0.4449 0.7745
vn -0.3761 0.6822 0.6271
vn -0.6262 0.3126 0.7143
vn -0.4014 0.7244 0.5605
vn -0.5349 0.2850 0.7954
vn -0.4035 0.7839 0.4720
vn -0.7391 0.3890 0.5500
vn -0.3673 0.8287 0.4222
vn -0.6215 0.3875 0.6808
vn -0.3766 0.8307 0.4101
vn -0.5835 0.6823 0.4404
vn -0.4665 0.8234 0.3230
vn -0.5349 0.7959 0.2837
vn -0.7829 0.5530 0.2849
vn -0.6144 0.7363 0.2835
vn -0.8605 0.4293 0.2741
vn -0.6994 0.6801 0.2197
vn -0.7527 0.6355 0.1719
vn -0.1570 -0.0194 0.9874
vn -0.1609 -0.0852 0.9833
vn -0.1393 -0.1450 0.9796
vn -0.1678 -0.1701 0.9710
vn -0.1573 -0.1278 0.9792
vn -0.2223 -0.1927 0.9558
vn -0.9833 0.0861 0.1601
vn -0.2463 -0.1962 0.9491
vn -0.9671 0.0838 0.2402
vn -0.9604 0.0846 0.2656
vn -0.9626 0.0769 0.2600
vn -0.2899 -0.1730 0.9413
vn -0.3109 -0.1113 0.9439
vn -0.2593 0.3683 0.8928
vn -0.3717 0.3336 0.8663
vn -0.5185 0.1300 0.8451
vn -0.5602 0.0528 0.8266
vn -0.7592 -0.0602 0.6481
vn -0.8463 0.0383 0.5313
vn -0.8806 0.0756 0.4678
vn -0.9342 0.0635 0.3510
vn -0.2017 0.0748 0.9766
vn -0.1990 0.0395 0.9792
vn -0.1773 0.1808 0.9674
vn -0.1584 0.3559 0.9210
vn -0.0374 0.6253 0.7795
vn 0.8056 0.5731 0.1502
vn 0.9955 -0.0339 -0.0880
vn 0.9975 0.0518 -0.0479
vn 0.0622 0.3346 -0.9403
vn 0.0623 0.4397 -0.8960
vn 0.0427 0.2191 -0.9748
vn 0.1686 0.3325 -0.9279
vn 0.2155 0.3236 -0.9213
vn 0.1904 0.4116 -0.8913
vn 0.8655 0.4864 0.1199
vn 0.8144 0.5527 0.1768
vn 0.8764 0.4743 0.0837
vn 0.8484 0.5051 0.1585
vn 0.9953 0.0955 -0.0176
vn 0.9970 0.0644 -0.0421
vn 0.9516 0.2703 -0.1465
vn 0.9081 0.4136 0.0658
vn 0.9948 0.0507 -0.0878
vn 0.9698 0.1087 -0.2184
vn 0.9346 0.3540 -0.0343
vn 0.9586 0.1061 -0.2645
vn 0.9281 0.3383 -0.1558
vn 0.9269 0.0877 -0.3649
vn 0.9066 0.3512 -0.2338
vn 0.9054 0.0250 -0.4238
vn 0.9136 0.2930 -0.2821
vn 0.8522 0.0363 -0.5220
vn 0.8568 0.3015 -0.4183
vn 0.7931 0.0277 -0.6085
vn 0.7826 0.3276 -0.5294
vn -0.0026 0.3537 -0.9353
vn 0.0167 0.5222 -0.8527
vn -0.0507 0.7584 -0.6498
vn -0.0604 0.6159 -0.7855
vn -0.0669 0.3537 -0.9329
vn -0.0470 0.3111 -0.9492
vn -0.0052 0.6694 -0.7429
vn 0.0709 0.3937 -0.9165
vn -0.0068 0.3956 -0.9184
vn -0.0144 0.1183 -0.9929
vn 0.0091 0.1372 -0.9905
vn -0.0232 -0.1490 -0.9886
vn -0.0743 0.3513 -0.9333
vn 0.0077 0.1698 -0.9855
vn 0.0169 0.3960 -0.9181
vn -0.0390 -0.0741 -0.9965
vn -0.0815 0.4130 -0.9071
vn -0.0417 0.7112 -0.7017
vn -0.0621 0.7720 -0.6326
vn 0.0326 0.4166 -0.9085
vn -0.0098 -0.0662 -0.9978
vn -0.0552 0.4249 -0.9036
vn 0.0565 0.4606 -0.8858
vn 0.0147 -0.0885 -0.9960
vn 0.0977 0.4928 -0.8646
vn 0.0482 0.0540 -0.9974
vn 0.9930 0.1179 0.0068
vn 0.9909 0.1204 0.0600
vn 0.9895 0.1429 0.0211
vn 0.9880 0.1503 -0.0346
vn 0.9911 0.1301 -0.0284
vn 0.9985 0.0272 -0.0481
vn 0.9973 0.0736 -0.0032
vn 0.9968 0.0750 -0.0263
vn 0.9925 0.1027 -0.0657
vn 0.0435 0.4499 -0.8920
vn 0.0456 0.6461 -0.7619
vn 0.0697 0.4640 -0.8831
vn 0.0720 0.6368 -0.7677
vn 0.0864 0.4522 -0.8877
vn 0.0976 0.6248 -0.7747
vn 0.0424 0.1508 -0.9877
vn -0.0219 0.6471 -0.7621
vn -0.0254 0.7120 -0.7018
vn 0.0229 0.5254 -0.8506
vn -0.0201 0.7619 -0.6473
vn 0.9831 0.1733 -0.0588
vn 0.9868 0.1028 -0.1247
vn 0.9913 0.1274 -0.0344
vn 0.9936 0.1097 0.0280
vn 0.9960 0.0889 0.0017
vn 0.9871 0.1484 -0.0599
vn 0.8131 0.5791 0.0592
vn 0.9937 0.1090 -0.0245
vn 0.9879 0.1431 -0.0599
vn 0.0650 0.3556 -0.9324
vn 0.0849 0.3076 -0.9477
vn 0.1157 0.3421 -0.9325
vn 0.1226 0.6073 -0.7850
vn 0.1544 0.2887 -0.9449
vn 0.1761 0.5737 -0.7999
vn 0.2004 0.3179 -0.9267
vn 0.2106 0.5450 -0.8116
vn 0.2685 0.2893 -0.9188
vn 0.2939 0.4857 -0.8232
vn 0.3404 0.1991 -0.9190
vn 0.4479 0.4365 -0.7803
vn 0.4394 0.2343 -0.8672
vn 0.5017 0.4448 -0.7419
vn 0.5140 0.1325 -0.8475
vn 0.5645 0.4058 -0.7188
vn 0.5940 0.1344 -0.7932
vn 0.6755 0.3615 -0.6427
vn 0.6758 0.0582 -0.7348
vn 0.7241 0.3548 -0.5914
vn 0.7430 0.1100 -0.6602
vn 0.9851 0.0748 -0.1551
vn 0.9799 0.1398 -0.1425
vn 0.9506 0.1537 -0.2697
vn 0.9633 0.1308 -0.2344
vn 0.9462 0.0939 -0.3097
vn 0.9472 0.0959 -0.3060
vn 0.9174 0.1553 -0.3663
vn 0.8941 0.1986 -0.4015
vn 0.8663 0.2216 -0.4478
vn 0.8676 0.2095 -0.4510
vn 0.7863 0.2296 -0.5736
vn 0.7756 0.2249 -0.5898
vn 0.7304 0.2484 -0.6363
vn 0.7233 0.2429 -0.6464
vn 0.6703 0.2809 -0.6869
vn 0.6625 0.3071 -0.6832
vn 0.0664 0.2154 -0.9743
vn 0.0575 0.1336 -0.9894
vn 0.0820 0.1187 -0.9895
vn 0.0097 0.4460 -0.8950
vn 0.0291 0.7274 -0.6856
vn 0.0443 0.4441 -0.8949
vn 0.0482 0.7160 -0.6964
vn 0.0585 0.7149 -0.6968
vn 0.1275 0.5914 -0.7962
vn 0.1809 0.6341 -0.7518
vn 0.2163 0.6827 -0.6980
vn 0.2882 0.7264 -0.6239
vn 0.2620 0.3749 -0.8893
vn 0.3503 0.7227 -0.5958
vn 0.4238 0.3948 -0.8152
vn 0.4564 0.6432 -0.6148
vn 0.5386 0.6307 -0.5587
vn 0.5539 0.3657 -0.7480
vn 0.4735 0.3713 -0.7987
vn 0.6648 0.3419 -0.6642
vn 0.6500 0.3714 -0.6630
vn 0.6098 0.6561 -0.4446
vn 0.6402 0.6813 -0.3551
vn 0.7005 0.3546 -0.6193
vn 0.6898 0.6722 -0.2688
vn 0.8048 0.3457 -0.4824
vn 0.7602 0.6097 -0.2245
vn 0.7584 0.6331 -0.1546
vn 0.8730 0.3342 -0.3551
vn 0.8315 0.3433 -0.4368
vn 0.9163 0.3173 -0.2443
vn 0.9275 0.2577 -0.2707
vn 0.7560 0.6527 -0.0492
vn 0.7866 0.6168 0.0287
vn 0.9554 0.2580 -0.1436
vn 0.8192 0.5728 0.0276
vn 0.9751 0.1924 -0.1099
vn 0.5548 0.3096 -0.7722
vn 0.5420 0.3196 -0.7772
vn 0.5045 0.3319 -0.7971
vn 0.4936 0.3434 -0.7990
vn 0.4371 0.3612 -0.8237
vn 0.4031 0.3890 -0.8284
vn 0.2680 0.4084 -0.8726
vn 0.2967 0.3658 -0.8821
vn 0.2032 0.4202 -0.8844
vn 0.1962 0.1911 -0.9618
vn 0.1576 0.4322 -0.8879
vn 0.1109 0.0251 -0.9935
vn 0.1165 0.4431 -0.8889
vn 0.1122 0.1187 -0.9866
vn 0.1216 0.6906 -0.7130
vn 0.1497 0.4263 -0.8921
vn 0.1927 0.4138 -0.8897
vn 0.2553 0.3909 -0.8843
vn 0.2460 0.3993 -0.8832
vn 0.3358 0.3776 -0.8629
vn 0.4094 0.3790 -0.8299
vn 0.3902 0.3944 -0.8319
vn 0.4787 0.3801 -0.7914
vn 0.5569 0.3739 -0.7417
vn 0.6385 0.3877 -0.6648
vn 0.7024 0.3415 -0.6245
vn 0.6774 0.4807 -0.5568
vn 0.7425 0.2919 -0.6029
vn 0.7646 0.3493 -0.5416
vn 0.7697 0.4070 -0.4918
vn 0.8508 0.2771 -0.4465
vn 0.8951 0.2307 -0.3815
vn 0.9417 0.1905 -0.2773
vn 0.9611 0.2033 -0.1870
vn 0.9673 0.1650 -0.1925
vn 0.9703 0.2201 -0.1006
vn 0.9805 0.1507 -0.1257
vn 0.1095 0.5230 -0.8453
vn 0.9791 0.1535 -0.1332
vn 0.0480 0.3657 -0.9295
vn 0.0556 0.4382 -0.8971
vn 0.9674 0.1659 -0.1913
vn 0.9384 0.1881 -0.2897
vn 0.8916 0.1993 -0.4065
vn 0.8567 0.2427 -0.4552
vn 0.7932 0.2427 -0.5585
vn 0.7132 0.2273 -0.6631
vn 0.6420 0.3105 -0.7010
vn 0.5733 0.3662 -0.7330
vn 0.4809 0.3785 -0.7909
vn 0.0915 0.4273 -0.8995
vn 0.3678 0.3954 -0.8416
vn 0.2871 0.4905 -0.8228
vn 0.3161 0.3187 -0.8936
vn 0.2300 0.5132 -0.8269
vn 0.1713 0.4026 -0.8992
vn 0.2514 0.7256 -0.6405
vn 0.2470 0.7086 -0.6610
vn 0.6855 0.3543 -0.6360
vn 0.8061 0.2605 -0.5314
vn 0.2156 0.0782 0.9733
vn 0.1785 -0.0108 0.9839
vn 0.0619 0.1566 0.9857
vn 0.1269 -0.1719 0.9769
vn 0.2452 -0.3782 0.8927
vn 0.3974 -0.4903 0.7757
vn 0.3074 -0.2394 0.9210
vn 0.0904 -0.2067 0.9742
vn 0.2523 0.1371 0.9579
vn 0.9936 -0.0472 0.1029
vn 0.9974 -0.0159 0.0696
vn 0.9927 0.0802 0.0897
vn 0.9524 -0.0623 0.2983
vn 0.9558 0.0127 0.2937
vn 0.9213 -0.0388 0.3869
vn 0.8150 0.5477 0.1895
vn 0.5616 0.8191 0.1173
vn 0.9013 0.4134 0.1297
vn 0.7154 0.6889 0.1170
vn 0.8456 0.5130 0.1475
vn 0.5607 0.7545 0.3410
vn 0.3141 0.0885 0.9453
vn 0.0748 0.1040 0.9918
vn 0.1322 0.9893 0.0613
vn 0.2151 0.0448 0.9756
vn 0.0695 -0.0361 0.9969
vn 0.9007 0.4323 0.0416
vn 0.9915 -0.0508 0.1196
vn 0.9877 -0.0477 0.1492
vn 0.9911 0.0665 0.1150
vn 0.9864 0.0449 0.1581
vn 0.9188 0.3845 0.0898
vn 0.8934 0.3997 0.2051
vn 0.9980 -0.0480 -0.0416
vn 0.9950 0.0949 0.0328
vn 0.9980 0.0534 0.0343
vn 0.9958 0.0355 0.0842
vn 0.9934 0.0353 0.1095
vn 0.9995 0.0193 0.0245
vn 0.9959 0.0039 0.0903
vn 0.8062 0.5733 0.1464
vn 0.5488 0.8098 0.2074
vn 0.8553 0.4933 0.1585
vn 0.9483 0.2658 0.1736
vn 0.9451 0.2898 0.1510
vn 0.9224 0.3598 0.1406
vn 0.0457 -0.2965 0.9539
vn -0.3116 -0.4165 0.8541
vn -0.4807 -0.1454 0.8647
vn -0.4277 0.0350 0.9032
vn -0.8796 0.3643 0.3060
vn -0.6456 0.5657 -0.5130
vn 0.3424 0.3954 -0.8523
vn 0.8291 0.4081 0.3822
vn 0.2376 -0.0595 0.9695
vn 0.3635 -0.8281 0.4268
vn 0.2324 -0.3940 0.8892
vn 0.2700 -0.1409 0.9525
vn 0.7393 0.2541 -0.6236
vn 0.2127 -0.3877 0.8969
vn 0.1898 -0.0855 0.9781
vn 0.1110 -0.6060 0.7877
vn 0.0311 -0.4225 0.9058
vn -0.0095 0.8299 0.5579
vn 0.0042 -0.1586 0.9873
vn 0.1084 -0.2492 0.9624
vn 0.1768 -0.2814 0.9432
vn 0.9863 0.0338 0.1616
vn 0.9852 0.0763 0.1537
vn 0.9929 0.0608 0.1018
vn 0.9937 0.0002 0.1119
vn 0.9476 0.2381 0.2130
vn 0.6398 0.7313 0.2365
vn 0.7820 0.5479 0.2970
vn 0.6488 0.7121 0.2683
vn 0.7399 0.5905 0.3222
vn 0.6169 0.7262 0.3034
vn 0.6838 0.6390 0.3523
vn 0.5936 0.7245 0.3503
vn 0.9747 0.0822 0.2078
vn 0.9884 0.1441 0.0481
vn 0.1452 -0.2578 0.9552
vn 0.3769 -0.0474 0.9251
vn 0.6891 -0.6883 0.2266
vn -0.1959 0.9719 0.1307
vn 0.2520 -0.9297 0.2687
vn 0.1660 0.3590 0.9184
vn 0.9836 0.0175 0.1797
vn 0.9389 0.2075 0.2747
vn 0.9656 0.0573 0.2537
vn 0.9196 0.2062 0.3345
vn 0.9510 0.0260 0.3081
vn 0.8869 0.1896 0.4214
vn 0.9222 -0.0049 0.3867
vn 0.5873 0.6923 0.4193
vn 0.8525 0.1650 0.4961
vn 0.8858 -0.0178 0.4636
vn 0.5892 0.6483 0.4822
vn 0.8225 0.1594 0.5460
vn 0.8337 -0.0146 0.5520
vn 0.2163 -0.1965 0.9564
vn 0.1096 -0.3412 0.9336
vn 0.3198 -0.1466 0.9361
vn 0.3013 -0.0798 0.9502
vn 0.4458 -0.4630 0.7661
vn 0.1641 -0.7698 0.6168
vn 0.1827 -0.1753 0.9674
vn 0.1901 -0.7801 0.5961
vn 0.2094 -0.1366 0.9682
vn 0.2126 -0.8926 0.3976
vn 0.2014 -0.0854 0.9758
vn 0.5013 -0.6892 0.5232
vn 0.6438 -0.7079 0.2905
vn 0.3188 -0.4602 0.8286
vn 0.2735 0.3234 0.9059
vn 0.3791 -0.4047 0.8322
vn 0.3611 0.5195 0.7744
vn 0.4911 -0.2662 0.8294
vn 0.6361 0.3728 0.6756
vn 0.6015 -0.1867 0.7767
vn 0.6722 -0.1629 0.7222
vn 0.7614 -0.1100 0.6389
vn 0.8608 -0.0681 0.5043
vn 0.8793 -0.0369 0.4749
vn 0.8684 0.1993 0.4539
vn 0.8795 0.4469 0.1636
vn 0.9720 -0.0538 0.2289
vn 0.8356 -0.0267 0.5486
vn 0.8155 -0.0681 0.5747
vn 0.7863 -0.0419 0.6165
vn 0.7598 -0.0500 0.6483
vn 0.7043 -0.0445 0.7085
vn 0.6898 -0.0900 0.7184
vn 0.6254 -0.0865 0.7755
vn 0.6146 -0.1426 0.7758
vn 0.5410 -0.1865 0.8201
vn 0.5446 -0.1887 0.8172
vn 0.4792 -0.2634 0.8372
vn 0.4842 -0.2678 0.8329
vn 0.6609 0.6166 0.4278
vn 0.6649 0.5746 0.4773
vn 0.4765 0.6634 0.5770
vn 0.5720 0.4769 0.6674
vn 0.6048 0.4214 0.6758
vn 0.5936 0.4016 0.6974
vn 0.4500 0.6670 0.5938
vn 0.3122 0.7500 0.5831
vn 0.4207 0.3213 0.8484
vn 0.2623 0.7415 0.6175
vn 0.3543 0.3682 0.8596
vn 0.2531 0.6905 0.6776
vn 0.1896 0.7447 0.6398
vn 0.2804 0.2798 0.9182
vn 0.1212 0.7469 0.6538
vn 0.7646 0.2715 0.5845
vn 0.7821 0.1180 0.6119
vn 0.1188 0.5815 0.8048
vn 0.2080 0.2614 0.9426
vn 0.1573 0.3745 0.9138
vn 0.4104 0.2239 0.8840
vn -0.0375 -0.6408 0.7668
vn 0.2321 0.2721 0.9339
vn 0.1798 0.6018 0.7781
vn 0.2688 0.2802 0.9215
vn 0.2154 0.5347 0.8171
vn 0.3061 0.3391 0.8895
vn 0.2993 0.4535 0.8395
vn 0.3444 0.3944 0.8519
vn 0.3401 0.4489 0.8263
vn 0.4186 0.3743 0.8274
vn 0.3687 0.4515 0.8125
vn 0.2583 -0.0841 0.9624
vn 0.1599 -0.1273 0.9789
vn 0.1568 -0.3519 0.9228
vn 0.1270 -0.2377 0.9630
vn 0.1993 -0.3683 0.9081
vn 0.1593 -0.5298 0.8330
vn 0.1978 -0.5568 0.8067
vn 0.1716 -0.2604 0.9501
vn 0.2011 -0.3997 0.8943
vn 0.2157 -0.6112 0.7615
vn 0.1385 -0.3685 0.9192
vn 0.2244 -0.5422 0.8097
vn 0.0650 -0.5140 0.8553
vn 0.0287 -0.3659 0.9302
vn 0.2050 -0.8131 0.5448
vn 0.2456 -0.7097 0.6603
vn 0.0587 -0.2379 0.9695
vn 0.9745 0.2227 0.0256
vn 0.5212 -0.3164 0.7926
vn 0.5615 -0.5571 0.6118
vn 0.5541 -0.3680 0.7467
vn 0.5325 -0.2250 0.8160
vn 0.5860 -0.1492 0.7965
vn 0.6561 -0.0958 0.7485
vn 0.6976 -0.0337 0.7157
vn 0.7710 -0.0281 0.6362
vn 0.8351 -0.0179 0.5497
vn 0.8741 0.0195 0.4854
vn 0.9107 0.0419 0.4109
vn 0.9492 0.0324 0.3129
vn 0.9724 0.0278 0.2316
vn 0.9708 0.0300 0.2378
vn 0.7686 -0.0586 0.6370
vn 0.7052 -0.0419 0.7078
vn 0.6467 0.0224 0.7625
vn 0.5607 0.2260 0.7966
vn 0.5941 0.0902 0.7993
vn 0.5001 0.2831 0.8184
vn 0.4793 0.3777 0.7922
vn 0.4252 0.4152 0.8043
vn 0.5460 0.1702 0.8203
vn 0.4599 0.2923 0.8385
vn 0.3311 0.3453 0.8782
vn 0.2587 0.2587 0.9307
vn 0.2751 0.1763 0.9451
vn 0.2368 0.0311 0.9711
vn 0.1859 -0.0894 0.9785
vn 0.1134 -0.1985 0.9735
vn 0.0457 -0.2595 0.9647
vn 0.1035 -0.2659 0.9584
vn 0.0918 -0.2633 0.9603
vn 0.2642 -0.8370 0.4791
vn 0.3182 -0.0383 0.9472
vn 0.9671 0.0372 0.2515
vn 0.9455 0.0274 0.3244
vn 0.9176 -0.0113 0.3974
vn 0.8843 -0.0455 0.4647
vn 0.8429 -0.0747 0.5329
vn 0.1174 0.0556 0.9915
vn 0.3930 0.0271 0.9191
vn 0.1357 -0.1227 0.9831
vn 0.1416 -0.2613 0.9548
vn 0.1098 -0.3174 0.9419
vn 0.0971 -0.2198 0.9707
vn 0.1033 -0.1800 0.9782
vn 0.6192 -0.2792 0.7339
vn 0.5780 -0.2306 0.7827
vn 0.6237 -0.1812 0.7604
vn 0.6900 -0.1377 0.7106
vn 0.7198 -0.0882 0.6886
vn 0.7687 -0.0965 0.6322
vn 0.6142 -0.2298 0.7550
vn 0.6508 -0.1277 0.7484
vn 0.6058 -0.1257 0.7856
vn 0.6980 -0.1420 0.7019
vn 0.7267 -0.1653 0.6667
vn 0.5504 0.0863 0.8304
vn 0.3389 0.2557 0.9054
vn 0.1774 0.2041 0.9627
vn 0.2426 0.0746 0.9672
vn 0.5988 -0.0951 0.7952
vn 0.0003 -0.0467 0.9989
vn -0.8821 0.4664 0.0657
vn -0.7712 0.6347 0.0490
vn -0.9244 0.3796 0.0363
vn -0.6361 0.7680 0.0740
vn -0.9085 0.4025 0.1124
vn 0.2025 -0.0186 0.9791
vn 0.3020 0.2520 0.9194
vn 0.1031 0.0410 0.9938
vn 0.3980 0.1408 0.9065
vn 0.0561 -0.0385 0.9977
vn -0.6648 -0.0512 0.7452
vn -0.7234 -0.0863 0.6850
vn -0.7163 -0.0935 0.6915
vn -0.0023 -0.4008 0.9162
vn 0.1742 -0.3950 0.9020
vn -0.0116 -0.5029 0.8643
vn 0.2697 -0.2395 0.9327
vn -0.0699 -0.5230 0.8494
vn 0.0390 -0.3245 0.9451
vn -0.0667 -0.3133 0.9473
vn -0.9914 -0.1161 -0.0597
vn -0.9381 0.3464 -0.0077
vn -0.9713 0.1893 0.1442
vn -0.9956 -0.0928 0.0138
vn -0.9600 -0.0987 -0.2621
vn -0.9424 0.0144 -0.3341
vn -0.9250 -0.2331 -0.3001
vn -0.9864 -0.0812 -0.1432
vn -0.9991 -0.0383 -0.0176
vn -0.9973 0.0127 0.0718
vn -0.9864 -0.0856 -0.1406
vn -0.9986 0.0013 -0.0526
vn -0.9993 0.0190 0.0329
vn -0.9445 0.3232 0.0580
vn -0.9836 0.1800 -0.0101
vn -0.8500 0.5213 0.0763
vn -0.9623 0.2644 0.0639
vn -0.9635 0.2562 0.0780
vn -0.8859 0.4556 0.0870
vn 0.0071 0.4302 0.9027
vn 0.1921 0.0686 0.9790
vn 0.0378 0.0852 0.9956
vn 0.0397 -0.0594 0.9974
vn 0.2379 -0.0249 0.9710
vn 0.0569 -0.2346 0.9704
vn 0.3152 -0.2212 0.9229
vn 0.0336 -0.2591 0.9653
vn 0.0021 -0.2224 0.9750
vn 0.2864 -0.1496 0.9464
vn 0.2884 -0.0563 0.9559
vn -0.0907 -0.2342 0.9679
vn -0.9935 0.0394 0.1071
vn -0.9881 0.0528 0.1445
vn -0.9856 0.0332 0.1657
vn -0.9710 0.0777 0.2263
vn -0.9697 0.0171 0.2436
vn -0.9499 0.1015 0.2956
vn -0.9568 0.0035 0.2906
vn -0.9289 0.0781 0.3620
vn -0.9389 -0.0499 0.3405
vn -0.8867 0.0894 0.4536
vn -0.9094 -0.0622 0.4113
vn -0.8569 0.0434 0.5137
vn -0.8805 -0.0960 0.4642
vn -0.8115 0.0021 0.5844
vn -0.8373 -0.1123 0.5351
vn -0.7534 -0.0278 0.6570
vn -0.7728 -0.1105 0.6249
vn -0.6937 -0.0703 0.7168
vn -0.6276 -0.1203 0.7691
vn -0.6383 -0.0943 0.7640
vn -0.5653 -0.1780 0.8055
vn -0.5768 -0.0941 0.8115
vn -0.5340 -0.2816 0.7972
vn -0.5262 -0.0534 0.8487
vn -0.5039 -0.2178 0.8359
vn -0.3751 0.0325 0.9264
vn -0.2487 -0.2150 0.9444
vn -0.2466 -0.0225 0.9688
vn -0.2253 -0.3246 0.9186
vn -0.1872 -0.0928 0.9779
vn -0.2056 -0.2784 0.9382
vn -0.1954 -0.1222 0.9731
vn -0.1983 -0.2852 0.9377
vn -0.1995 -0.1736 0.9644
vn -0.1914 -0.2703 0.9436
vn -0.1863 -0.2077 0.9603
vn -0.1652 -0.2703 0.9485
vn -0.1710 -0.2039 0.9639
vn -0.1234 -0.2847 0.9506
vn -0.1374 -0.2169 0.9665
vn -0.9874 0.1407 0.0725
vn -0.9889 0.1153 0.0937
vn -0.9590 0.2601 0.1130
vn -0.9942 0.0873 0.0626
vn -0.9923 0.0642 0.1057
vn -0.9961 0.0885 -0.0030
vn -0.9898 0.1389 0.0320
vn -0.9960 0.0762 -0.0471
vn -0.6925 0.6982 0.1817
vn -0.6279 0.7608 0.1643
vn -0.0657 -0.0672 0.9956
vn -0.0776 -0.1372 0.9875
vn 0.0136 -0.0930 0.9956
vn -0.1446 -0.0600 0.9877
vn -0.1455 -0.1393 0.9795
vn -0.1914 -0.0605 0.9796
vn -0.1964 -0.1419 0.9702
vn -0.2362 -0.0402 0.9709
vn -0.2383 -0.1197 0.9638
vn -0.2671 -0.0132 0.9636
vn -0.2674 -0.0905 0.9593
vn -0.2984 0.0164 0.9543
vn -0.2972 -0.0566 0.9531
vn -0.3319 0.0453 0.9422
vn -0.3269 -0.0202 0.9448
vn -0.3643 0.0777 0.9280
vn -0.3533 0.0202 0.9353
vn -0.4009 0.1162 0.9087
vn -0.4020 0.0493 0.9143
vn -0.4533 0.1417 0.8800
vn -0.4718 0.0617 0.8796
vn -0.5223 0.1624 0.8372
vn -0.5678 0.0399 0.8222
vn -0.6136 0.1736 0.7703
vn -0.6453 0.0371 0.7630
vn -0.6739 0.1865 0.7149
vn -0.7050 0.0381 0.7082
vn -0.7388 0.2073 0.6412
vn -0.7864 0.0608 0.6147
vn -0.8103 0.2164 0.5446
vn -0.8397 0.1025 0.5332
vn -0.8469 0.2338 0.4775
vn -0.8885 0.0604 0.4549
vn -0.8851 0.2440 0.3964
vn -0.9210 0.1403 0.3634
vn -0.9126 0.2486 0.3247
vn -0.9479 0.0974 0.3033
vn -0.9252 0.2531 0.2827
vn -0.9665 0.0770 0.2447
vn -0.9446 0.2556 0.2060
vn -0.9830 0.0834 0.1635
vn -0.6793 0.7025 0.2123
vn -0.6422 0.7183 0.2675
vn -0.0439 0.3594 0.9322
vn -0.1322 0.0841 0.9877
vn -0.0948 0.3508 0.9316
vn -0.1779 0.1356 0.9747
vn -0.1360 0.3887 0.9113
vn -0.2248 0.1738 0.9588
vn -0.1700 0.4245 0.8893
vn -0.2489 0.2089 0.9457
vn -0.1887 0.4616 0.8668
vn -0.2638 0.2694 0.9262
vn -0.2051 0.5038 0.8391
vn -0.2892 0.3312 0.8981
vn -0.2193 0.5479 0.8073
vn -0.2361 0.5900 0.7721
vn -0.3153 0.4783 0.8196
vn -0.2519 0.6312 0.7336
vn -0.2689 0.6663 0.6955
vn -0.3271 0.5978 0.7318
vn -0.2980 0.6918 0.6577
vn -0.3522 0.7128 0.6065
vn -0.4451 0.6538 0.6119
vn -0.3888 0.7299 0.5621
vn -0.4502 0.6770 0.5822
vn -0.4315 0.7338 0.5248
vn -0.5306 0.6796 0.5066
vn -0.4884 0.7396 0.4630
vn -0.5820 0.6765 0.4513
vn -0.5218 0.7449 0.4157
vn -0.5652 0.7314 0.3814
vn -0.6544 0.6610 0.3671
vn -0.6198 0.7134 0.3271
vn -0.7236 0.6219 0.2996
vn -0.7228 0.6194 0.3064
vn 0.3038 -0.0564 0.9511
vn 0.0159 -0.1704 0.9853
vn -0.0948 -0.1784 0.9794
vn 0.0179 0.0481 0.9987
vn -0.1200 -0.5324 0.8379
vn -0.1082 0.1378 0.9845
vn -0.1589 -0.5289 0.8337
vn -0.1918 -0.5044 0.8419
vn -0.1587 0.1789 0.9710
vn -0.2094 -0.6993 0.6835
vn -0.1554 0.2496 0.9558
vn -0.2255 -0.6197 0.7517
vn -0.2361 -0.6758 0.6983
vn -0.1867 0.1010 0.9772
vn -0.2527 -0.6592 0.7082
vn -0.1004 0.2020 0.9742
vn -0.1981 -0.6134 0.7645
vn -0.3122 0.1456 0.9388
vn -0.4107 -0.5143 0.7529
vn -0.5108 -0.4816 0.7121
vn -0.4562 -0.2765 0.8458
vn -0.3465 0.3289 0.8785
vn -0.5375 -0.1209 0.8346
vn -0.6176 -0.0136 0.7864
vn -0.6262 0.3125 0.7143
vn -0.6868 0.0520 0.7249
vn -0.5349 0.2849 0.7955
vn -0.7518 0.1019 0.6514
vn -0.8074 0.1335 0.5748
vn -0.8457 0.1620 0.5085
vn -0.5836 0.6823 0.4403
vn -0.8861 0.1787 0.4277
vn -0.9340 0.1407 0.3284
vn -0.9642 0.0750 0.2542
vn -0.9825 0.0272 0.1844
vn -0.8173 0.5471 0.1808
vn -0.9953 -0.0286 0.0929
vn -0.9385 0.3390 -0.0654
vn -0.2198 -0.3897 0.8943
vn -0.2200 -0.4001 0.8897
vn -0.2351 -0.4064 0.8829
vn -0.1518 -0.1808 0.9717
vn -0.1961 -0.1660 0.9664
vn -0.2315 -0.1332 0.9637
vn -0.9861 0.0197 0.1652
vn -0.2515 -0.0938 0.9633
vn -0.9734 -0.0207 0.2280
vn -0.9632 -0.0479 0.2644
vn -0.9577 -0.0443 0.2844
vn -0.2743 -0.0397 0.9608
vn -0.3024 0.0162 0.9531
vn -0.3193 0.1239 0.9395
vn -0.4156 0.1040 0.9036
vn -0.5282 0.0076 0.8491
vn -0.6041 -0.0394 0.7959
vn -0.7773 -0.1051 0.6202
vn -0.8546 -0.0964 0.5103
vn -0.9028 -0.0965 0.4192
vn -0.9366 -0.0529 0.3465
vn -0.2012 -0.1393 0.9696
vn -0.2170 -0.1055 0.9705
vn -0.2206 -0.0671 0.9731
vn -0.2254 0.0086 0.9742
vn -0.2297 0.1264 0.9650
vn -0.0735 -0.4978 -0.8642
vn -0.1363 -0.1356 -0.9813
vn -0.1473 -0.0474 -0.9880
vn -0.6419 0.7302 0.2339
vn -0.7759 0.6070 0.1719
vn -0.9710 -0.0033 -0.2390
vn -0.9610 -0.1606 -0.2250
vn -0.9440 -0.2997 -0.1377
vn -0.9232 -0.3205 -0.2119
vn -0.9909 0.0486 -0.1255
vn -0.9123 -0.3496 -0.2134
vn -0.9358 -0.3110 -0.1662
vn -0.9717 -0.1150 -0.2062
vn -0.0126 0.5276 -0.8494
vn 0.0099 -0.4528 -0.8916
vn 0.0182 -0.4615 -0.8870
vn -0.0313 -0.3333 -0.9423
vn 0.0075 0.1282 -0.9917
vn -0.0454 0.1058 -0.9933
vn -0.0653 0.1127 -0.9915
vn -0.0135 0.3790 -0.9253
vn 0.0043 0.3922 -0.9199
vn -0.0614 0.3310 -0.9416
vn -0.0140 0.6524 -0.7578
vn 0.0015 0.4821 -0.8761
vn -0.0163 0.5004 -0.8656
vn -0.0435 0.6741 -0.7373
vn -0.0303 0.8903 -0.4543
vn -0.0089 0.9200 -0.3917
vn -0.0571 0.6658 -0.7440
vn -0.0439 0.8812 -0.4707
vn -0.0060 0.3778 -0.9259
vn 0.0034 0.6559 -0.7548
vn -0.0533 0.5355 -0.8428
vn -0.0400 0.8940 -0.4464
vn -0.0541 0.6534 -0.7551
vn -0.6047 0.7815 0.1536
vn -0.8438 0.5337 -0.0565
vn -0.8439 0.5280 0.0947
vn -0.8744 0.4832 0.0431
vn -0.9526 0.2986 -0.0579
vn -0.9533 0.3003 -0.0331
vn -0.9897 -0.0814 -0.1174
vn -0.9875 -0.0330 -0.1541
vn -0.9938 0.0782 -0.0785
vn -0.9831 0.1683 -0.0713
vn -0.9765 0.0559 -0.2084
vn -0.0574 0.1269 -0.9903
vn -0.0662 0.3368 -0.9392
vn -0.0563 0.1461 -0.9877
vn -0.0699 0.3262 -0.9427
vn -0.0705 0.1518 -0.9859
vn -0.0794 0.3334 -0.9394
vn -0.0989 0.1912 -0.9766
vn -0.1035 0.3069 -0.9461
vn -0.1188 0.1767 -0.9771
vn -0.1320 0.3098 -0.9416
vn -0.1255 0.1847 -0.9747
vn -0.1612 0.3427 -0.9255
vn -0.1813 0.0940 -0.9789
vn -0.2179 0.3613 -0.9066
vn -0.2619 0.2347 -0.9361
vn -0.2571 0.3194 -0.9121
vn -0.2912 0.2221 -0.9305
vn -0.3042 0.2990 -0.9045
vn -0.3518 0.2249 -0.9087
vn -0.3644 0.3087 -0.8786
vn -0.4639 0.0179 -0.8857
vn -0.4495 0.3058 -0.8393
vn -0.5807 0.1301 -0.8036
vn -0.5697 0.2494 -0.7831
vn -0.6343 0.1370 -0.7609
vn -0.6347 0.2154 -0.7421
vn -0.6872 0.1100 -0.7181
vn -0.6905 0.2125 -0.6915
vn -0.7319 -0.1009 -0.6739
vn -0.7874 0.1917 -0.5859
vn -0.8443 0.0612 -0.5324
vn -0.8653 0.1603 -0.4750
vn -0.8786 0.0138 -0.4773
vn -0.8858 0.1357 -0.4438
vn -0.9035 -0.1340 -0.4072
vn -0.9241 0.1328 -0.3582
vn -0.9628 -0.0243 -0.2690
vn -0.9622 0.0885 -0.2576
vn -0.0277 -0.3429 -0.9390
vn -0.0534 0.4152 -0.9081
vn -0.0641 0.5078 -0.8591
vn -0.0442 0.4457 -0.8941
vn -0.0601 0.4428 -0.8946
vn -0.9430 0.3163 -0.1033
vn -0.9698 0.1885 -0.1550
vn -0.9747 0.1919 -0.1145
vn -0.9176 0.3624 -0.1630
vn -0.9496 0.2295 -0.2137
vn -0.8901 0.3740 -0.2604
vn -0.9179 0.2260 -0.3261
vn -0.8326 0.4308 -0.3482
vn -0.8684 0.3169 -0.3813
vn -0.7804 0.4707 -0.4117
vn -0.8234 0.3332 -0.4593
vn -0.7205 0.4884 -0.4923
vn -0.7515 0.3726 -0.5444
vn -0.6614 0.4948 -0.5637
vn -0.6860 0.3893 -0.6147
vn -0.5849 0.5072 -0.6330
vn -0.6154 0.4057 -0.6758
vn -0.5101 0.5285 -0.6786
vn -0.5165 0.4336 -0.7384
vn -0.4396 0.5180 -0.7338
vn -0.4095 0.4329 -0.8030
vn -0.3437 0.5046 -0.7920
vn -0.3237 0.4357 -0.8399
vn -0.2566 0.5056 -0.8237
vn -0.2583 0.4717 -0.8431
vn -0.2012 0.5217 -0.8290
vn -0.2167 0.5091 -0.8330
vn -0.1656 0.5449 -0.8219
vn -0.1830 0.5296 -0.8283
vn -0.1284 0.5765 -0.8070
vn -0.1479 0.5397 -0.8288
vn -0.1035 0.5957 -0.7965
vn -0.1142 0.5450 -0.8306
vn -0.0853 0.6103 -0.7876
vn -0.0885 0.5360 -0.8396
vn -0.0713 0.6232 -0.7788
vn -0.0770 0.5204 -0.8504
vn -0.0595 0.6373 -0.7683
vn -0.0664 0.5123 -0.8563
vn -0.0383 0.8788 -0.4756
vn -0.6753 0.7322 0.0879
vn -0.6664 0.7436 0.0540
vn -0.6090 0.7926 0.0301
vn -0.6423 0.7604 -0.0965
vn -0.5592 0.8287 -0.0233
vn -0.5943 0.7938 -0.1295
vn -0.5198 0.8523 -0.0580
vn -0.9385 0.3451 -0.0002
vn -0.9839 0.1122 -0.1388
vn -0.9742 0.1239 -0.1887
vn -0.0446 0.8626 -0.5040
vn -0.0549 0.8471 -0.5286
vn -0.0585 0.4931 -0.8680
vn -0.0713 0.8360 -0.5440
vn -0.0865 0.5437 -0.8348
vn -0.0942 0.8314 -0.5476
vn -0.1109 0.5994 -0.7927
vn -0.1246 0.8329 -0.5392
vn -0.1525 0.6596 -0.7360
vn -0.1606 0.8442 -0.5113
vn -0.1978 0.7126 -0.6731
vn -0.2097 0.8621 -0.4613
vn -0.2720 0.8705 -0.4102
vn -0.3212 0.7569 -0.5692
vn -0.3325 0.8731 -0.3565
vn -0.3851 0.8028 -0.4552
vn -0.3833 0.8722 -0.3040
vn -0.4327 0.8709 -0.2330
vn -0.5012 0.8112 -0.3013
vn -0.4662 0.8678 -0.1719
vn -0.4930 0.8641 -0.1020
vn -0.5518 0.8233 -0.1326
vn -0.9413 0.0567 -0.3327
vn -0.8522 -0.3274 -0.4082
vn -0.8235 -0.3054 -0.4781
vn -0.8918 -0.0090 -0.4524
vn -0.7819 -0.2661 -0.5638
vn -0.9431 -0.1911 -0.2721
vn -0.6856 -0.2762 -0.6735
vn -0.6521 -0.2920 -0.6997
vn -0.5885 -0.2388 -0.7724
vn -0.4982 0.1278 -0.8576
vn -0.4226 -0.2394 -0.8742
vn -0.3996 -0.1999 -0.8946
vn -0.2873 -0.1537 -0.9454
vn -0.5167 -0.2225 -0.8268
vn -0.1488 -0.2043 -0.9675
vn -0.1628 -0.2209 -0.9616
vn -0.1424 0.3588 -0.9225
vn -0.2231 -0.1633 -0.9610
vn -0.0855 -0.2242 -0.9708
vn -0.0623 -0.2422 -0.9682
vn -0.0450 0.3199 -0.9464
vn -0.0341 -0.3295 -0.9435
vn -0.0358 0.3788 -0.9248
vn -0.0307 -0.2962 -0.9546
vn -0.6314 0.1451 -0.7617
vn 0.0028 0.4458 -0.8951
vn -0.0072 0.4468 -0.8946
vn -0.0632 0.4295 -0.9009
vn -0.0656 0.4515 -0.8898
vn -0.0852 0.4362 -0.8958
vn -0.1216 0.4250 -0.8970
vn -0.9525 0.1436 -0.2684
vn -0.9097 0.1613 -0.3827
vn -0.1647 0.4181 -0.8933
vn -0.1996 0.4032 -0.8931
vn -0.8787 0.2176 -0.4250
vn -0.8372 0.2264 -0.4979
vn -0.7655 0.2767 -0.5809
vn -0.6942 0.2904 -0.6586
vn -0.6297 0.3032 -0.7152
vn -0.5430 0.3407 -0.7675
vn -0.4378 0.3719 -0.8185
vn -0.3641 0.3859 -0.8477
vn -0.2140 0.4594 -0.8621
vn -0.2422 0.4125 -0.8782
vn -0.3299 0.3499 -0.8768
vn -0.2853 0.3967 -0.8725
vn 0.8057 0.5730 0.1502
vn 0.5591 0.7604 0.3305
vn 0.7127 0.6479 0.2689
vn 0.1410 0.7120 -0.6878
vn 0.1140 0.5921 -0.7977
vn 0.1284 0.8261 -0.5486
vn 0.1620 0.7223 -0.6723
vn 0.1628 0.8396 -0.5182
vn 0.2640 0.5159 -0.8150
vn 0.9930 -0.0319 -0.1134
vn 0.9822 -0.0867 -0.1667
vn 0.9960 0.0862 -0.0242
vn 0.9963 0.0597 -0.0611
vn 0.9515 0.2704 -0.1465
vn 0.9690 -0.1435 -0.2010
vn 0.9924 0.0570 -0.1092
vn 0.9442 -0.1824 -0.2744
vn 0.9585 0.1061 -0.2645
vn 0.9093 -0.2096 -0.3595
vn 0.8721 -0.2340 -0.4298
vn 0.9054 0.0250 -0.4239
vn 0.8327 -0.2498 -0.4942
vn 0.8521 0.0363 -0.5221
vn 0.7800 -0.2476 -0.5747
vn 0.7208 -0.2332 -0.6527
vn -0.0025 0.3538 -0.9353
vn 0.0305 -0.4655 -0.8845
vn 0.0594 -0.2585 -0.9642
vn 0.0668 0.0192 -0.9976
vn 0.0855 0.1108 -0.9902
vn 0.0345 -0.2817 -0.9589
vn 0.0710 0.3937 -0.9165
vn 0.0901 0.1234 -0.9883
vn 0.0333 0.3325 -0.9425
vn 0.0809 0.3512 -0.9328
vn 0.0385 0.6865 -0.7261
vn 0.0036 0.9398 -0.3416
vn 0.0076 0.1697 -0.9855
vn 0.0493 0.8857 -0.4616
vn 0.0786 0.6567 -0.7501
vn 0.0214 0.4863 -0.8735
vn 0.0754 0.5222 -0.8495
vn 0.0492 0.8920 -0.4494
vn 0.0748 0.6455 -0.7601
vn 0.0471 0.8980 -0.4374
vn 0.0978 0.4927 -0.8647
vn 0.0793 0.8669 -0.4921
vn 0.8058 0.5616 0.1879
vn 0.9239 0.3739 0.0810
vn 0.9486 0.3145 0.0349
vn 0.9533 0.3018 0.0098
vn 0.8555 0.5011 0.1302
vn 0.5491 0.8003 0.2409
vn 0.9985 0.0521 -0.0177
vn 0.9965 0.0650 -0.0529
vn 0.9901 0.0979 -0.1008
vn 0.0984 0.1822 -0.9783
vn 0.0530 -0.2257 -0.9728
vn 0.1164 0.2272 -0.9669
vn 0.0780 -0.1876 -0.9791
vn 0.1387 0.2629 -0.9548
vn 0.1050 -0.1576 -0.9819
vn 0.1082 0.3242 -0.9398
vn 0.0650 0.4563 -0.8874
vn 0.0213 0.4482 -0.8937
vn 0.0830 0.4502 -0.8891
vn 0.0866 0.5036 -0.8596
vn 0.9507 0.3091 -0.0253
vn 0.6595 0.7336 0.1640
vn 0.9855 0.1584 -0.0606
vn 0.9929 0.1155 -0.0272
vn 0.9984 0.0501 -0.0280
vn 0.9816 0.1692 -0.0888
vn 0.8131 0.5790 0.0592
vn 0.9950 0.0763 -0.0645
vn 0.9876 0.1147 -0.1071
vn 0.1370 -0.1422 -0.9803
vn 0.1544 0.2888 -0.9449
vn 0.1800 -0.1396 -0.9737
vn 0.2005 0.3179 -0.9267
vn 0.2279 -0.1458 -0.9627
vn 0.2962 -0.1659 -0.9406
vn 0.3816 -0.1735 -0.9079
vn 0.4568 -0.1775 -0.8717
vn 0.5267 -0.1934 -0.8278
vn 0.6023 -0.2069 -0.7710
vn 0.6758 0.0581 -0.7348
vn 0.6638 -0.2160 -0.7160
vn 0.9808 0.0704 -0.1819
vn 0.9783 0.1259 -0.1647
vn 0.9607 0.0863 -0.2638
vn 0.9613 0.1396 -0.2376
vn 0.9386 0.0837 -0.3348
vn 0.9389 0.1484 -0.3105
vn 0.9059 0.0965 -0.4123
vn 0.9004 0.1789 -0.3965
vn 0.8561 0.1259 -0.5012
vn 0.8431 0.2262 -0.4879
vn 0.7937 0.1538 -0.5886
vn 0.7822 0.2584 -0.5669
vn 0.7369 0.1757 -0.6527
vn 0.7410 0.2698 -0.6149
vn 0.6750 0.1875 -0.7136
vn 0.6718 0.3051 -0.6750
vn 0.1200 0.3092 -0.9434
vn 0.1320 0.3118 -0.9409
vn 0.1575 0.3118 -0.9370
vn 0.0865 0.6386 -0.7647
vn 0.0971 0.5153 -0.8515
vn 0.1137 0.6062 -0.7871
vn 0.1149 0.5252 -0.8432
vn 0.1369 0.5125 -0.8477
vn 0.1276 0.5915 -0.7962
vn 0.1808 0.6341 -0.7518
vn 0.2882 0.7265 -0.6238
vn 0.2118 0.8685 -0.4482
vn 0.3297 0.8560 -0.3981
vn 0.4565 0.6433 -0.6147
vn 0.5385 0.6307 -0.5587
vn 0.4853 0.6888 -0.5385
vn 0.4380 0.6617 -0.6086
vn 0.5045 0.7899 -0.3487
vn 0.6547 0.4525 -0.6055
vn 0.6098 0.6562 -0.4445
vn 0.6401 0.6813 -0.3551
vn 0.5255 0.8155 -0.2426
vn 0.6898 0.6723 -0.2688
vn 0.5841 0.8039 -0.1118
vn 0.7602 0.6097 -0.2244
vn 0.7584 0.6332 -0.1546
vn 0.7383 0.6494 -0.1820
vn 0.7380 0.6139 -0.2802
vn 0.6334 0.7737 -0.0135
vn 0.9078 0.3559 -0.2220
vn 0.6636 0.7451 0.0667
vn 0.6828 0.7209 0.1188
vn 0.5871 0.2193 -0.7792
vn 0.5752 0.3137 -0.7555
vn 0.5115 0.2409 -0.8248
vn 0.5068 0.3344 -0.7946
vn 0.4285 0.2575 -0.8661
vn 0.4130 0.3603 -0.8364
vn 0.3235 0.2878 -0.9014
vn 0.3079 0.3818 -0.8715
vn 0.2512 0.3056 -0.9184
vn 0.2435 0.3709 -0.8962
vn 0.2044 0.3186 -0.9256
vn 0.2219 0.3518 -0.9094
vn 0.1644 0.2928 -0.9419
vn 0.1904 0.3298 -0.9246
vn 0.1885 0.4697 -0.8625
vn 0.2287 0.4202 -0.8781
vn 0.2582 0.4262 -0.8670
vn 0.3111 0.5432 -0.7798
vn 0.3050 0.4267 -0.8514
vn 0.3364 0.6501 -0.6813
vn 0.3814 0.5330 -0.7553
vn 0.3848 0.4400 -0.8114
vn 0.4744 0.4029 -0.7827
vn 0.5878 0.3690 -0.7200
vn 0.6798 0.3477 -0.6458
vn 0.6986 0.4705 -0.5391
vn 0.7289 0.3519 -0.5872
vn 0.6907 0.5926 -0.4145
vn 0.7513 0.4325 -0.4984
vn 0.7619 0.3486 -0.5459
vn 0.8279 0.2875 -0.4815
vn 0.8980 0.2568 -0.3573
vn 0.9351 0.2215 -0.2768
vn 0.9224 0.3575 -0.1464
vn 0.9580 0.2018 -0.2035
vn 0.9387 0.3328 -0.0901
vn 0.9732 0.1813 -0.1415
vn 0.1096 0.5229 -0.8453
vn 0.9779 0.1357 -0.1593
vn 0.1008 0.4120 -0.9056
vn 0.1275 0.4035 -0.9061
vn 0.9623 0.1516 -0.2258
vn 0.9375 0.1709 -0.3032
vn 0.8884 0.1993 -0.4136
vn 0.8257 0.2418 -0.5097
vn 0.7862 0.2689 -0.5564
vn 0.7373 0.2988 -0.6058
vn 0.6869 0.3306 -0.6472
vn 0.6038 0.3337 -0.7239
vn 0.4947 0.3545 -0.7935
vn 0.1691 0.3938 -0.9035
vn 0.3815 0.3945 -0.8360
vn 0.2936 0.4106 -0.8632
vn 0.2580 0.3880 -0.8848
vn 0.2479 0.3900 -0.8868
vn 0.2163 0.3873 -0.8962
vn 0.2423 0.4400 -0.8647
vn 0.2575 0.4228 -0.8688
vn 0.7255 0.3240 -0.6071
vn 0.7725 0.2869 -0.5665
vn -0.0383 -0.1544 0.9873
vn 0.0024 -0.2143 0.9768
vn 0.0256 -0.2829 0.9588
vn 0.0886 0.4879 0.8684
vn -0.1680 -0.3326 0.9280
vn -0.1402 -0.3477 0.9271
vn -0.2384 -0.3454 0.9076
vn -0.2172 -0.3642 0.9057
vn 0.4677 -0.4827 0.7405
vn 0.2198 -0.2978 0.9290
vn 0.2310 -0.3017 0.9250
vn 0.1910 -0.2932 0.9368
vn 0.1302 -0.4520 0.8825
vn -0.2775 -0.7267 0.6284
vn -0.1446 -0.3621 0.9209
vn -0.1515 -0.3660 0.9182
vn 0.0734 -0.3218 0.9440
vn -0.1308 -0.3397 0.9314
vn 0.0529 -0.4303 0.9012
vn -0.0373 -0.0459 0.9982
vn 0.0676 -0.3283 0.9422
vn -0.0241 0.0467 0.9986
vn -0.2214 -0.1675 0.9607
vn -0.1007 -0.3768 0.9208
vn -0.1304 -0.7733 0.6205
vn -0.1288 -0.1339 0.9826
vn -0.0264 -0.3136 0.9492
vn 0.0268 -0.4289 0.9030
vn 0.0675 -0.3841 0.9208
vn 0.0321 -0.2144 0.9762
vn -0.2211 -0.2927 0.9303
vn -0.1712 -0.2838 0.9435
vn 0.3156 -0.3550 0.8800
vn -0.1292 -0.3751 0.9179
vn -0.0244 -0.3360 0.9415
vn 0.7626 -0.1647 0.6255
vn -0.2067 -0.2444 0.9474
vn 0.7331 -0.2701 0.6241
vn -0.1780 -0.2774 0.9441
vn 0.5479 -0.1940 0.8137
vn 0.0302 -0.2030 0.9787
vn 0.0788 -0.2114 0.9742
vn 0.0727 -0.1851 0.9800
vn 0.0956 -0.1737 0.9801
vn 0.0963 -0.2491 0.9637
vn 0.2128 -0.1550 0.9647
vn 0.0598 -0.1809 0.9817
vn 0.1201 -0.0597 0.9910
vn 0.0289 -0.2173 0.9757
vn 0.0592 -0.2826 0.9574
vn -0.0271 0.0714 0.9971
vn -0.0006 0.4112 0.9116
vn -0.0220 0.3858 0.9223
vn 0.0091 0.2975 0.9547
vn 0.1163 -0.4263 0.8971
vn 0.0986 -0.4509 0.8871
vn 0.1457 -0.3779 0.9143
vn 0.1427 -0.4068 0.9023
vn 0.1012 -0.3567 0.9287
vn 0.0930 -0.3032 0.9484
vn -0.0218 -0.3279 0.9445
vn 0.3104 -0.2570 0.9152
vn 0.0814 -0.2647 0.9609
vn 0.2832 -0.2320 0.9306
vn 0.0144 -0.1619 0.9867
vn 0.2592 -0.0509 0.9645
vn 0.0285 0.0261 0.9993
vn 0.1633 0.0992 0.9816
vn -0.1014 -0.2215 0.9699
vn 0.0405 -0.2569 0.9656
vn 0.0467 -0.2291 0.9723
vn 0.3960 0.0430 0.9172
vn -0.0576 -0.0834 0.9949
vn 0.2735 0.1017 0.9565
vn -0.1472 0.0010 0.9891
vn -0.2029 0.0343 0.9786
vn -0.1942 -0.0237 0.9807
vn 0.2657 -0.1004 0.9588
vn -0.1630 -0.1475 0.9755
vn 0.4194 -0.1868 0.8884
vn -0.1526 -0.2681 0.9512
vn 0.1622 -0.4014 0.9014
vn 0.2049 -0.3598 0.9103
vn -0.0879 -0.2756 0.9573
vn -0.0824 -0.2984 0.9509
vn -0.1224 -0.2210 0.9676
vn -0.1815 -0.0852 0.9797
vn 0.3815 -0.2307 0.8951
vn 0.3593 -0.2699 0.8934
vn 0.1332 -0.5270 0.8394
vn 0.2371 -0.3208 0.9170
vn -0.0334 -0.5569 0.8299
vn -0.0811 -0.3505 0.9330
vn -0.0783 -0.1481 0.9859
vn -0.0638 -0.0907 0.9938
vn 0.1400 0.1919 0.9714
vn 0.1818 -0.0844 0.9797
vn 0.0354 -0.1788 0.9832
vn 0.0779 -0.1322 0.9882
vn 0.0141 -0.1725 0.9849
vn 0.0406 -0.1906 0.9808
vn 0.0905 -0.1610 0.9828
vn 0.1765 -0.2110 0.9614
vn 0.1745 -0.3238 0.9299
vn 0.0680 -0.1377 0.9881
vn 0.0447 -0.1084 0.9931
vn 0.0137 -0.1850 0.9826
vn -0.0130 -0.1264 0.9919
vn -0.0111 -0.2904 0.9568
vn -0.0608 -0.2179 0.9741
vn 0.0412 -0.4430 0.8956
vn 0.2696 -0.0502 0.9616
vn 0.3574 -0.3304 0.8735
vn 0.2766 -0.3943 0.8764
vn 0.1956 -0.3655 0.9100
vn 0.1621 -0.2658 0.9503
vn 0.1611 -0.2022 0.9660
vn 0.1321 -0.1369 0.9817
vn 0.0537 -0.1021 0.9933
vn 0.0374 -0.1595 0.9865
vn 0.0601 -0.2066 0.9766
vn 0.0646 -0.2084 0.9759
vn 0.1032 -0.2419 0.9648
vn 0.1199 -0.2335 0.9649
vn 0.1759 -0.2729 0.9458
vn 0.1517 -0.3022 0.9411
vn 0.2052 -0.3115 0.9279
vn 0.0474 -0.2573 0.9652
vn 0.1256 -0.3330 0.9345
vn 0.1015 -0.2738 0.9564
vn 0.1870 -0.3534 0.9166
vn 0.0311 -0.3180 0.9476
vn -0.0637 -0.3148 0.9470
vn 0.0246 -0.3248 0.9455
vn 0.1074 -0.3012 0.9475
vn 0.0518 -0.2422 0.9689
vn -0.0584 -0.1817 0.9816
vn -0.1489 -0.0832 0.9854
vn -0.1948 -0.0050 0.9808
vn -0.1327 -0.0453 0.9901
vn -0.1358 -0.0146 0.9906
vn 0.0195 -0.1380 0.9902
vn 0.0454 -0.1206 0.9917
vn 0.1438 -0.2304 0.9624
vn 0.1881 -0.1648 0.9682
vn 0.2535 -0.2514 0.9341
vn 0.2044 -0.3292 0.9219
vn -0.0194 -0.0526 0.9984
vn 0.1669 -0.3296 0.9293
vn 0.3960 -0.1888 0.8986
vn 0.4108 -0.3086 0.8579
vn 0.3741 -0.3334 0.8654
vn 0.2856 -0.3025 0.9094
vn 0.1990 -0.2274 0.9532
vn 0.1007 -0.1461 0.9841
vn -0.0216 -0.0643 0.9977
vn 0.0214 -0.1317 0.9911
vn 0.0912 -0.1962 0.9763
vn 0.1041 -0.2394 0.9653
vn 0.1747 -0.2874 0.9417
vn 0.1689 -0.3057 0.9370
vn 0.1887 -0.3384 0.9219
vn 0.1386 -0.2564 0.9566
vn 0.2660 -0.3445 0.9003
vn 0.2203 -0.3068 0.9259
vn 0.1738 -0.3040 0.9367
vn 0.2114 -0.3204 0.9234
vn 0.0001 1.0000 -0.0000
vn -0.0000 0.9957 -0.0925
vn -0.0167 0.9942 -0.1063
vn -0.0286 0.9957 -0.0880
vn -0.0001 0.9800 -0.1992
vn -0.0302 0.9810 -0.1919
vn -0.0610 0.9800 -0.1894
vn -0.0488 0.9942 -0.0958
vn -0.0543 0.9957 -0.0747
vn -0.0879 0.9810 -0.1730
vn -0.1167 0.9801 -0.1609
vn -0.0759 0.9942 -0.0760
vn -0.0748 0.9957 -0.0543
vn -0.1370 0.9810 -0.1370
vn -0.1608 0.9801 -0.1167
vn -0.0960 0.9942 -0.0488
vn -0.0879 0.9957 -0.0285
vn -0.1730 0.9810 -0.0879
vn -0.1893 0.9800 -0.0612
vn -0.1063 0.9942 -0.0168
vn -0.0925 0.9957 0.0001
vn -0.1918 0.9810 -0.0303
vn -0.1991 0.9800 -0.0001
vn -0.1062 0.9942 0.0167
vn -0.0879 0.9957 0.0286
vn -0.1918 0.9810 0.0302
vn -0.1894 0.9800 0.0612
vn -0.0958 0.9942 0.0487
vn -0.0748 0.9957 0.0543
vn -0.1729 0.9810 0.0879
vn -0.1609 0.9801 0.1166
vn -0.0759 0.9942 0.0760
vn -0.0543 0.9957 0.0748
vn -0.1369 0.9811 0.1371
vn -0.1165 0.9801 0.1609
vn -0.0488 0.9942 0.0959
vn -0.0286 0.9957 0.0879
vn -0.0878 0.9810 0.1729
vn -0.0612 0.9800 0.1894
vn -0.0167 0.9942 0.1063
vn -0.0000 0.9957 0.0925
vn -0.0303 0.9809 0.1919
vn -0.0000 0.9800 0.1991
vn 0.0168 0.9942 0.1063
vn 0.0285 0.9957 0.0880
vn 0.0303 0.9810 0.1919
vn 0.0612 0.9800 0.1893
vn 0.0487 0.9942 0.0958
vn 0.0543 0.9957 0.0748
vn 0.0878 0.9810 0.1729
vn 0.1166 0.9801 0.1608
vn 0.0760 0.9942 0.0761
vn 0.0748 0.9957 0.0544
vn 0.1369 0.9811 0.1370
vn 0.1607 0.9801 0.1166
vn 0.0958 0.9942 0.0488
vn 0.0880 0.9957 0.0287
vn 0.1730 0.9810 0.0878
vn 0.1894 0.9800 0.0611
vn 0.1064 0.9942 0.0168
vn 0.0924 0.9957 0.0001
vn 0.1919 0.9810 0.0302
vn 0.1991 0.9800 0.0001
vn 0.1063 0.9942 -0.0167
vn 0.0880 0.9957 -0.0285
vn 0.1919 0.9810 -0.0302
vn 0.1893 0.9800 -0.0611
vn 0.0959 0.9942 -0.0487
vn 0.0748 0.9957 -0.0543
vn 0.1729 0.9810 -0.0878
vn 0.1609 0.9801 -0.1165
vn 0.0759 0.9942 -0.0760
vn 0.0543 0.9957 -0.0747
vn 0.1369 0.9811 -0.1370
vn 0.1166 0.9801 -0.1608
vn 0.0487 0.9942 -0.0958
vn 0.0285 0.9957 -0.0879
vn 0.0878 0.9810 -0.1730
vn 0.0611 0.9800 -0.1893
vn 0.0168 0.9942 -0.1063
vn 0.0303 0.9809 -0.1919
vn -0.1339 0.8960 -0.4234
vn -0.0902 0.9556 -0.2804
vn -0.0470 0.9520 -0.3024
vn -0.0667 0.8993 -0.4323
vn -0.0001 0.9554 -0.2954
vn -0.0001 0.8950 -0.4460
vn -0.2575 0.8975 -0.3580
vn -0.1720 0.9560 -0.2378
vn -0.1373 0.9524 -0.2723
vn -0.1945 0.9008 -0.3883
vn -0.3580 0.8975 -0.2576
vn -0.2378 0.9559 -0.1722
vn -0.2151 0.9526 -0.2152
vn -0.3056 0.9018 -0.3057
vn -0.4233 0.8960 -0.1341
vn -0.2804 0.9556 -0.0902
vn -0.2722 0.9524 -0.1373
vn -0.3881 0.9008 -0.1947
vn -0.4462 0.8949 -0.0001
vn -0.2954 0.9554 -0.0000
vn -0.3024 0.9520 -0.0472
vn -0.4323 0.8993 -0.0667
vn -0.4233 0.8960 0.1341
vn -0.2805 0.9556 0.0902
vn -0.3024 0.9520 0.0471
vn -0.4323 0.8993 0.0667
vn -0.3581 0.8975 0.2576
vn -0.2377 0.9560 0.1721
vn -0.2722 0.9524 0.1373
vn -0.3880 0.9008 0.1947
vn -0.2575 0.8975 0.3579
vn -0.1722 0.9559 0.2378
vn -0.2152 0.9526 0.2151
vn -0.3057 0.9017 0.3056
vn -0.1342 0.8959 0.4234
vn -0.0903 0.9556 0.2805
vn -0.1373 0.9524 0.2722
vn -0.1945 0.9009 0.3881
vn 0.0001 0.8950 0.4461
vn -0.0000 0.9554 0.2953
vn -0.0471 0.9520 0.3023
vn -0.0666 0.8993 0.4323
vn 0.1341 0.8959 0.4235
vn 0.0901 0.9556 0.2804
vn 0.0471 0.9520 0.3023
vn 0.0666 0.8992 0.4324
vn 0.2575 0.8975 0.3580
vn 0.1721 0.9560 0.2377
vn 0.1373 0.9524 0.2722
vn 0.1947 0.9008 0.3881
vn 0.3580 0.8975 0.2575
vn 0.2378 0.9560 0.1720
vn 0.2151 0.9526 0.2151
vn 0.3056 0.9018 0.3056
vn 0.4233 0.8960 0.1341
vn 0.2804 0.9556 0.0902
vn 0.2722 0.9524 0.1372
vn 0.3882 0.9008 0.1946
vn 0.4461 0.8950 -0.0000
vn 0.2953 0.9554 -0.0000
vn 0.3024 0.9520 0.0470
vn 0.4322 0.8993 0.0666
vn 0.4234 0.8960 -0.1341
vn 0.2804 0.9556 -0.0901
vn 0.3023 0.9520 -0.0470
vn 0.4322 0.8993 -0.0666
vn 0.3580 0.8975 -0.2576
vn 0.2378 0.9560 -0.1721
vn 0.2723 0.9524 -0.1372
vn 0.3881 0.9008 -0.1946
vn 0.2574 0.8975 -0.3580
vn 0.1721 0.9560 -0.2378
vn 0.2152 0.9526 -0.2151
vn 0.3057 0.9017 -0.3057
vn 0.1340 0.8960 -0.4234
vn 0.0902 0.9556 -0.2805
vn 0.1372 0.9524 -0.2722
vn 0.1946 0.9008 -0.3882
vn 0.0471 0.9520 -0.3024
vn 0.0666 0.8993 -0.4323
vn -0.2213 0.6491 -0.7278
vn -0.1791 0.7995 -0.5734
vn -0.0904 0.7930 -0.6025
vn -0.1104 0.6484 -0.7532
vn -0.0000 0.7963 -0.6049
vn -0.0001 0.6429 -0.7660
vn -0.4349 0.6591 -0.6136
vn -0.3457 0.8044 -0.4831
vn -0.2668 0.7976 -0.5409
vn -0.3290 0.6589 -0.6765
vn -0.6136 0.6590 -0.4349
vn -0.4831 0.8044 -0.3458
vn -0.4238 0.8005 -0.4238
vn -0.5280 0.6653 -0.5278
vn -0.7278 0.6491 -0.2214
vn -0.5735 0.7994 -0.1790
vn -0.5410 0.7976 -0.2668
vn -0.6765 0.6589 -0.3290
vn -0.7660 0.6429 -0.0000
vn -0.6049 0.7963 -0.0000
vn -0.6025 0.7929 -0.0905
vn -0.7532 0.6484 -0.1105
vn -0.7279 0.6490 0.2214
vn -0.5735 0.7994 0.1790
vn -0.6026 0.7929 0.0904
vn -0.7532 0.6484 0.1104
vn -0.6136 0.6591 0.4350
vn -0.4830 0.8045 0.3457
vn -0.5409 0.7976 0.2669
vn -0.6765 0.6589 0.3290
vn -0.4350 0.6590 0.6136
vn -0.3458 0.8044 0.4831
vn -0.4239 0.8005 0.4237
vn -0.5280 0.6653 0.5279
vn -0.2213 0.6490 0.7279
vn -0.1790 0.7994 0.5735
vn -0.2667 0.7977 0.5409
vn -0.3290 0.6589 0.6765
vn -0.0000 0.6428 0.7660
vn -0.0000 0.7963 0.6050
vn -0.0905 0.7929 0.6026
vn -0.1105 0.6484 0.7533
vn 0.2213 0.6491 0.7278
vn 0.1790 0.7994 0.5736
vn 0.0904 0.7929 0.6026
vn 0.1104 0.6484 0.7532
vn 0.4350 0.6590 0.6136
vn 0.3458 0.8044 0.4831
vn 0.2668 0.7976 0.5410
vn 0.3290 0.6589 0.6765
vn 0.6137 0.6590 0.4350
vn 0.4831 0.8044 0.3458
vn 0.4237 0.8005 0.4238
vn 0.5278 0.6653 0.5280
vn 0.7279 0.6490 0.2214
vn 0.5736 0.7993 0.1790
vn 0.5409 0.7977 0.2669
vn 0.6765 0.6589 0.3290
vn 0.7661 0.6428 -0.0000
vn 0.6049 0.7963 -0.0000
vn 0.6026 0.7929 0.0904
vn 0.7533 0.6484 0.1104
vn 0.7278 0.6490 -0.2214
vn 0.5735 0.7994 -0.1790
vn 0.6026 0.7929 -0.0905
vn 0.7532 0.6485 -0.1104
vn 0.6136 0.6590 -0.4349
vn 0.4830 0.8045 -0.3457
vn 0.5409 0.7977 -0.2667
vn 0.6765 0.6589 -0.3289
vn 0.4350 0.6589 -0.6137
vn 0.3457 0.8044 -0.4832
vn 0.4237 0.8005 -0.4238
vn 0.5279 0.6653 -0.5279
vn 0.2214 0.6491 -0.7278
vn 0.1790 0.7994 -0.5734
vn 0.2667 0.7976 -0.5410
vn 0.3289 0.6590 -0.6765
vn 0.0904 0.7930 -0.6025
vn 0.1104 0.6485 -0.7532
vn -0.2652 0.3068 -0.9141
vn -0.2498 0.4802 -0.8408
vn -0.1236 0.4712 -0.8733
vn -0.1297 0.3018 -0.9445
vn -0.0001 0.4706 -0.8824
vn -0.0000 0.2984 -0.9545
vn -0.5416 0.3207 -0.7771
vn -0.4994 0.4957 -0.7105
vn -0.3761 0.4852 -0.7893
vn -0.4024 0.3164 -0.8591
vn -0.7771 0.3205 -0.5417
vn -0.7105 0.4957 -0.4995
vn -0.6148 0.4940 -0.6147
vn -0.6686 0.3256 -0.6686
vn -0.9141 0.3067 -0.2651
vn -0.8408 0.4802 -0.2498
vn -0.7893 0.4853 -0.3762
vn -0.8590 0.3164 -0.4024
vn -0.9545 0.2983 -0.0000
vn -0.8824 0.4705 0.0001
vn -0.8733 0.4713 -0.1236
vn -0.9445 0.3018 -0.1297
vn -0.9141 0.3068 0.2651
vn -0.8409 0.4802 0.2497
vn -0.8733 0.4712 0.1236
vn -0.9445 0.3019 0.1297
vn -0.7771 0.3206 0.5416
vn -0.7106 0.4957 0.4993
vn -0.7893 0.4853 0.3761
vn -0.8591 0.3164 0.4024
vn -0.5416 0.3205 0.7771
vn -0.4994 0.4957 0.7105
vn -0.6147 0.4941 0.6148
vn -0.6685 0.3256 0.6686
vn -0.2651 0.3067 0.9141
vn -0.2498 0.4801 0.8409
vn -0.3760 0.4853 0.7894
vn -0.4023 0.3164 0.8591
vn 0.0001 0.2983 0.9545
vn -0.0000 0.4705 0.8824
vn -0.1236 0.4711 0.8733
vn -0.1297 0.3017 0.9445
vn 0.2651 0.3067 0.9141
vn 0.2498 0.4802 0.8408
vn 0.1236 0.4712 0.8733
vn 0.1297 0.3018 0.9445
vn 0.5416 0.3206 0.7771
vn 0.4994 0.4957 0.7105
vn 0.3761 0.4853 0.7893
vn 0.4024 0.3165 0.8590
vn 0.7771 0.3206 0.5416
vn 0.7105 0.4958 0.4994
vn 0.6147 0.4941 0.6148
vn 0.6686 0.3256 0.6686
vn 0.9141 0.3067 0.2651
vn 0.8409 0.4802 0.2497
vn 0.7894 0.4853 0.3760
vn 0.8590 0.3164 0.4024
vn 0.9545 0.2983 -0.0000
vn 0.8824 0.4706 -0.0000
vn 0.8733 0.4712 0.1236
vn 0.9445 0.3018 0.1296
vn 0.9141 0.3068 -0.2651
vn 0.8408 0.4802 -0.2498
vn 0.8733 0.4713 -0.1235
vn 0.9445 0.3018 -0.1297
vn 0.7771 0.3206 -0.5416
vn 0.7105 0.4958 -0.4995
vn 0.7893 0.4853 -0.3761
vn 0.8590 0.3164 -0.4024
vn 0.5416 0.3206 -0.7771
vn 0.4994 0.4957 -0.7105
vn 0.6148 0.4940 -0.6148
vn 0.6686 0.3255 -0.6686
vn 0.2652 0.3068 -0.9141
vn 0.2497 0.4802 -0.8409
vn 0.3761 0.4853 -0.7893
vn 0.4023 0.3164 -0.8591
vn 0.1236 0.4712 -0.8733
vn 0.1296 0.3018 -0.9445
vn -0.2729 0.0001 -0.9621
vn -0.2708 0.1488 -0.9511
vn -0.1321 0.1445 -0.9807
vn -0.1318 -0.0000 -0.9913
vn -0.0000 0.1431 -0.9897
vn -0.0000 -0.0000 -1.0000
vn -0.5689 -0.0000 -0.8224
vn -0.5621 0.1583 -0.8118
vn -0.4154 0.1529 -0.8967
vn -0.4180 -0.0001 -0.9085
vn -0.8224 0.0001 -0.5689
vn -0.8117 0.1582 -0.5622
vn -0.6982 0.1583 -0.6982
vn -0.7071 0.0001 -0.7071
vn -0.9620 -0.0000 -0.2729
vn -0.9511 0.1488 -0.2707
vn -0.8967 0.1528 -0.4154
vn -0.9084 -0.0001 -0.4181
vn -1.0000 -0.0000 -0.0000
vn -0.9897 0.1431 -0.0000
vn -0.9807 0.1444 -0.1320
vn -0.9913 -0.0000 -0.1318
vn -0.9621 -0.0000 0.2728
vn -0.9511 0.1487 0.2708
vn -0.9807 0.1444 0.1321
vn -0.9913 -0.0000 0.1319
vn -0.8224 -0.0000 0.5689
vn -0.8118 0.1582 0.5622
vn -0.8967 0.1528 0.4155
vn -0.9085 -0.0000 0.4179
vn -0.5689 -0.0000 0.8224
vn -0.5621 0.1583 0.8118
vn -0.6982 0.1582 0.6982
vn -0.7070 -0.0000 0.7072
vn -0.2728 -0.0000 0.9621
vn -0.2707 0.1488 0.9511
vn -0.4153 0.1529 0.8967
vn -0.4180 0.0001 0.9084
vn -0.0000 -0.0000 1.0000
vn 0.0001 0.1431 0.9897
vn -0.1320 0.1445 0.9807
vn -0.1318 -0.0000 0.9913
vn 0.2729 -0.0001 0.9620
vn 0.2709 0.1487 0.9511
vn 0.1320 0.1444 0.9807
vn 0.1319 -0.0000 0.9913
vn 0.5689 -0.0000 0.8224
vn 0.5621 0.1583 0.8117
vn 0.4155 0.1529 0.8967
vn 0.4180 0.0001 0.9085
vn 0.8224 -0.0000 0.5689
vn 0.8118 0.1583 0.5621
vn 0.6982 0.1582 0.6982
vn 0.7071 -0.0000 0.7071
vn 0.9620 -0.0000 0.2729
vn 0.9511 0.1488 0.2708
vn 0.8967 0.1528 0.4154
vn 0.9084 -0.0000 0.4181
vn 1.0000 -0.0000 -0.0000
vn 0.9897 0.1431 -0.0000
vn 0.9807 0.1445 0.1320
vn 0.9913 -0.0000 0.1319
vn 0.9620 -0.0000 -0.2729
vn 0.9511 0.1487 -0.2707
vn 0.9807 0.1444 -0.1321
vn 0.9913 -0.0000 -0.1319
vn 0.8224 -0.0000 -0.5689
vn 0.8117 0.1583 -0.5622
vn 0.8967 0.1530 -0.4154
vn 0.9085 -0.0000 -0.4179
vn 0.5689 -0.0000 -0.8224
vn 0.5621 0.1583 -0.8118
vn 0.6981 0.1583 -0.6983
vn 0.7071 -0.0000 -0.7071
vn 0.2729 -0.0000 -0.9620
vn 0.2708 0.1487 -0.9511
vn 0.4154 0.1529 -0.8967
vn 0.4180 -0.0000 -0.9085
vn 0.1320 0.1445 -0.9807
vn 0.1318 -0.0000 -0.9913
vn -0.2650 -0.3080 -0.9137
vn -0.2708 -0.1491 -0.9510
vn -0.1321 -0.1448 -0.9806
vn -0.1296 -0.3030 -0.9441
vn 0.0001 -0.1433 -0.9897
vn -0.0000 -0.2995 -0.9541
vn -0.5414 -0.3219 -0.7767
vn -0.5621 -0.1586 -0.8117
vn -0.4153 -0.1532 -0.8967
vn -0.4021 -0.3176 -0.8587
vn -0.7767 -0.3218 -0.5414
vn -0.8117 -0.1586 -0.5621
vn -0.6982 -0.1586 -0.6981
vn -0.6682 -0.3269 -0.6683
vn -0.9138 -0.3079 -0.2650
vn -0.9510 -0.1491 -0.2708
vn -0.8966 -0.1532 -0.4154
vn -0.8587 -0.3177 -0.4022
vn -0.9541 -0.2995 -0.0000
vn -0.9897 -0.1434 -0.0000
vn -0.9806 -0.1448 -0.1321
vn -0.9441 -0.3030 -0.1296
vn -0.9138 -0.3079 0.2649
vn -0.9510 -0.1490 0.2707
vn -0.9806 -0.1447 0.1320
vn -0.9442 -0.3030 0.1296
vn -0.7768 -0.3219 0.5413
vn -0.8116 -0.1587 0.5622
vn -0.8967 -0.1532 0.4154
vn -0.8586 -0.3178 0.4022
vn -0.5413 -0.3219 0.7767
vn -0.5621 -0.1585 0.8117
vn -0.6982 -0.1586 0.6981
vn -0.6683 -0.3268 0.6683
vn -0.2650 -0.3079 0.9138
vn -0.2708 -0.1491 0.9510
vn -0.4154 -0.1533 0.8966
vn -0.4022 -0.3177 0.8587
vn -0.0000 -0.2995 0.9541
vn -0.0000 -0.1434 0.9897
vn -0.1320 -0.1449 0.9806
vn -0.1296 -0.3031 0.9441
vn 0.2651 -0.3080 0.9137
vn 0.2708 -0.1490 0.9510
vn 0.1320 -0.1447 0.9806
vn 0.1296 -0.3030 0.9441
vn 0.5414 -0.3218 0.7767
vn 0.5621 -0.1586 0.8117
vn 0.4154 -0.1531 0.8966
vn 0.4023 -0.3176 0.8587
vn 0.7767 -0.3218 0.5415
vn 0.8117 -0.1585 0.5622
vn 0.6982 -0.1587 0.6981
vn 0.6683 -0.3269 0.6682
vn 0.9138 -0.3079 0.2650
vn 0.9511 -0.1491 0.2707
vn 0.8967 -0.1532 0.4154
vn 0.8587 -0.3176 0.4021
vn 0.9541 -0.2996 -0.0000
vn 0.9897 -0.1433 -0.0000
vn 0.9806 -0.1447 0.1320
vn 0.9441 -0.3030 0.1296
vn 0.9137 -0.3080 -0.2650
vn 0.9510 -0.1490 -0.2709
vn 0.9806 -0.1448 -0.1321
vn 0.9441 -0.3030 -0.1296
vn 0.7767 -0.3219 -0.5414
vn 0.8117 -0.1586 -0.5621
vn 0.8967 -0.1532 -0.4154
vn 0.8587 -0.3176 -0.4022
vn 0.5414 -0.3218 -0.7767
vn 0.5621 -0.1587 -0.8117
vn 0.6981 -0.1586 -0.6982
vn 0.6682 -0.3269 -0.6683
vn 0.2649 -0.3080 -0.9138
vn 0.2708 -0.1491 -0.9510
vn 0.4155 -0.1532 -0.8966
vn 0.4022 -0.3176 -0.8587
vn 0.1320 -0.1448 -0.9806
vn 0.1295 -0.3030 -0.9441
vn -0.2205 -0.6525 -0.7250
vn -0.2494 -0.4827 -0.8395
vn -0.1234 -0.4737 -0.8720
vn -0.1099 -0.6519 -0.7503
vn -0.0000 -0.4730 -0.8811
vn -0.0000 -0.6463 -0.7631
vn -0.4332 -0.6625 -0.6111
vn -0.4986 -0.4983 -0.7093
vn -0.3755 -0.4878 -0.7881
vn -0.3276 -0.6624 -0.6737
vn -0.6111 -0.6625 -0.4332
vn -0.7093 -0.4983 -0.4986
vn -0.6138 -0.4966 -0.6137
vn -0.5257 -0.6688 -0.5257
vn -0.7250 -0.6525 -0.2205
vn -0.8395 -0.4827 -0.2494
vn -0.7881 -0.4878 -0.3755
vn -0.6737 -0.6624 -0.3276
vn -0.7631 -0.6463 -0.0000
vn -0.8811 -0.4730 -0.0000
vn -0.8720 -0.4736 -0.1233
vn -0.7502 -0.6520 -0.1100
vn -0.7249 -0.6526 0.2205
vn -0.8396 -0.4826 0.2494
vn -0.8720 -0.4737 0.1234
vn -0.7503 -0.6519 0.1100
vn -0.6112 -0.6624 0.4333
vn -0.7093 -0.4983 0.4986
vn -0.7881 -0.4878 0.3755
vn -0.6738 -0.6623 0.3276
vn -0.4332 -0.6624 0.6112
vn -0.4986 -0.4983 0.7093
vn -0.6138 -0.4965 0.6138
vn -0.5257 -0.6687 0.5258
vn -0.2205 -0.6525 0.7250
vn -0.2493 -0.4827 0.8396
vn -0.3755 -0.4878 0.7880
vn -0.3275 -0.6624 0.6737
vn -0.0001 -0.6464 0.7630
vn -0.0000 -0.4730 0.8810
vn -0.1234 -0.4737 0.8720
vn -0.1099 -0.6519 0.7503
vn 0.2204 -0.6526 0.7249
vn 0.2494 -0.4827 0.8395
vn 0.1234 -0.4737 0.8720
vn 0.1100 -0.6519 0.7503
vn 0.4332 -0.6625 0.6111
vn 0.4986 -0.4983 0.7093
vn 0.3756 -0.4878 0.7880
vn 0.3276 -0.6624 0.6737
vn 0.6111 -0.6625 0.4332
vn 0.7093 -0.4983 0.4986
vn 0.6138 -0.4965 0.6138
vn 0.5258 -0.6687 0.5257
vn 0.7250 -0.6525 0.2206
vn 0.8395 -0.4826 0.2495
vn 0.7881 -0.4878 0.3755
vn 0.6737 -0.6624 0.3276
vn 0.7630 -0.6463 -0.0000
vn 0.8811 -0.4729 -0.0000
vn 0.8720 -0.4737 0.1233
vn 0.7503 -0.6519 0.1100
vn 0.7250 -0.6525 -0.2205
vn 0.8396 -0.4827 -0.2494
vn 0.8721 -0.4736 -0.1234
vn 0.7502 -0.6520 -0.1099
vn 0.6111 -0.6625 -0.4332
vn 0.7093 -0.4983 -0.4986
vn 0.7881 -0.4878 -0.3755
vn 0.6738 -0.6623 -0.3276
vn 0.4332 -0.6624 -0.6111
vn 0.4985 -0.4982 -0.7094
vn 0.6138 -0.4965 -0.6138
vn 0.5257 -0.6688 -0.5257
vn 0.2205 -0.6525 -0.7250
vn 0.2493 -0.4827 -0.8396
vn 0.3755 -0.4877 -0.7881
vn 0.3276 -0.6624 -0.6738
vn 0.1234 -0.4736 -0.8720
vn 0.1099 -0.6519 -0.7503
vn -0.1324 -0.8985 -0.4185
vn -0.1777 -0.8029 -0.5690
vn -0.0898 -0.7965 -0.5980
vn -0.0659 -0.9018 -0.4271
vn -0.0000 -0.7998 -0.6003
vn 0.0001 -0.8976 -0.4409
vn -0.2545 -0.9000 -0.3538
vn -0.3430 -0.8079 -0.4793
vn -0.2647 -0.8011 -0.5368
vn -0.1923 -0.9033 -0.3835
vn -0.3538 -0.9001 -0.2545
vn -0.4793 -0.8079 -0.3430
vn -0.4205 -0.8040 -0.4205
vn -0.3020 -0.9042 -0.3020
vn -0.4184 -0.8986 -0.1324
vn -0.5690 -0.8029 -0.1777
vn -0.5368 -0.8011 -0.2648
vn -0.3834 -0.9033 -0.1923
vn -0.4408 -0.8976 -0.0000
vn -0.6002 -0.7998 -0.0000
vn -0.5981 -0.7964 -0.0897
vn -0.4272 -0.9018 -0.0658
vn -0.4184 -0.8985 0.1324
vn -0.5690 -0.8029 0.1776
vn -0.5980 -0.7965 0.0898
vn -0.4271 -0.9018 0.0658
vn -0.3536 -0.9001 0.2544
vn -0.4793 -0.8079 0.3430
vn -0.5369 -0.8011 0.2647
vn -0.3834 -0.9034 0.1922
vn -0.2545 -0.9001 0.3537
vn -0.3430 -0.8078 0.4793
vn -0.4205 -0.8039 0.4206
vn -0.3019 -0.9042 0.3020
vn -0.1325 -0.8985 0.4185
vn -0.1777 -0.8029 0.5690
vn -0.2647 -0.8011 0.5368
vn -0.1922 -0.9033 0.3835
vn -0.0000 -0.8975 0.4409
vn -0.0000 -0.7998 0.6002
vn -0.0897 -0.7965 0.5980
vn -0.0659 -0.9018 0.4271
vn 0.1324 -0.8986 0.4184
vn 0.1776 -0.8029 0.5690
vn 0.0898 -0.7965 0.5979
vn 0.0659 -0.9018 0.4271
vn 0.2545 -0.9001 0.3537
vn 0.3430 -0.8079 0.4792
vn 0.2648 -0.8012 0.5367
vn 0.1922 -0.9033 0.3835
vn 0.3537 -0.9001 0.2545
vn 0.4792 -0.8079 0.3430
vn 0.4205 -0.8040 0.4204
vn 0.3019 -0.9042 0.3020
vn 0.4185 -0.8985 0.1324
vn 0.5690 -0.8029 0.1778
vn 0.5368 -0.8011 0.2648
vn 0.3834 -0.9033 0.1923
vn 0.4409 -0.8975 -0.0000
vn 0.6002 -0.7998 0.0001
vn 0.5980 -0.7964 0.0897
vn 0.4272 -0.9018 0.0658
vn 0.4183 -0.8986 -0.1325
vn 0.5690 -0.8029 -0.1777
vn 0.5980 -0.7965 -0.0898
vn 0.4272 -0.9018 -0.0659
vn 0.3537 -0.9001 -0.2545
vn 0.4792 -0.8079 -0.3430
vn 0.5368 -0.8011 -0.2647
vn 0.3835 -0.9033 -0.1922
vn 0.2544 -0.9001 -0.3537
vn 0.3430 -0.8079 -0.4792
vn 0.4205 -0.8040 -0.4204
vn 0.3020 -0.9042 -0.3019
vn 0.1325 -0.8985 -0.4184
vn 0.1775 -0.8029 -0.5690
vn 0.2648 -0.8011 -0.5368
vn 0.1922 -0.9033 -0.3834
vn 0.0897 -0.7965 -0.5980
vn 0.0659 -0.9018 -0.4271
vn -0.0600 -0.9808 -0.1858
vn -0.0888 -0.9571 -0.2760
vn -0.0463 -0.9536 -0.2976
vn -0.0296 -0.9817 -0.1883
vn -0.0000 -0.9569 -0.2905
vn -0.0000 -0.9807 -0.1955
vn -0.1143 -0.9808 -0.1578
vn -0.1694 -0.9574 -0.2339
vn -0.1351 -0.9539 -0.2680
vn -0.0862 -0.9817 -0.1697
vn -0.1579 -0.9808 -0.1144
vn -0.2340 -0.9574 -0.1693
vn -0.2117 -0.9541 -0.2117
vn -0.1343 -0.9818 -0.1344
vn -0.1859 -0.9807 -0.0599
vn -0.2760 -0.9571 -0.0887
vn -0.2679 -0.9539 -0.1351
vn -0.1697 -0.9817 -0.0862
vn -0.1955 -0.9807 -0.0001
vn -0.2907 -0.9568 0.0001
vn -0.2977 -0.9535 -0.0463
vn -0.1884 -0.9816 -0.0296
vn -0.1859 -0.9807 0.0600
vn -0.2759 -0.9571 0.0886
vn -0.2976 -0.9536 0.0463
vn -0.1883 -0.9817 0.0297
vn -0.1579 -0.9808 0.1144
vn -0.2341 -0.9574 0.1693
vn -0.2680 -0.9539 0.1352
vn -0.1696 -0.9817 0.0861
vn -0.1143 -0.9808 0.1578
vn -0.1693 -0.9574 0.2340
vn -0.2118 -0.9541 0.2118
vn -0.1345 -0.9817 0.1344
vn -0.0600 -0.9807 0.1858
vn -0.0889 -0.9570 0.2761
vn -0.1351 -0.9539 0.2681
vn -0.0861 -0.9817 0.1696
vn -0.0000 -0.9807 0.1956
vn -0.0000 -0.9568 0.2907
vn -0.0462 -0.9536 0.2976
vn -0.0296 -0.9817 0.1883
vn 0.0600 -0.9808 0.1858
vn 0.0887 -0.9570 0.2761
vn 0.0464 -0.9536 0.2976
vn 0.0297 -0.9817 0.1883
vn 0.1145 -0.9808 0.1579
vn 0.1693 -0.9574 0.2340
vn 0.1351 -0.9539 0.2679
vn 0.0861 -0.9817 0.1697
vn 0.1579 -0.9808 0.1144
vn 0.2339 -0.9574 0.1694
vn 0.2117 -0.9541 0.2117
vn 0.1345 -0.9818 0.1345
vn 0.1859 -0.9807 0.0599
vn 0.2673 -0.9594 0.0899
vn 0.2680 -0.9539 0.1351
vn 0.1697 -0.9817 0.0862
vn 0.1954 -0.9807 0.0001
vn 0.2907 -0.9568 -0.0000
vn 0.2975 -0.9536 0.0464
vn 0.1883 -0.9817 0.0296
vn 0.1858 -0.9808 -0.0600
vn 0.2760 -0.9571 -0.0887
vn 0.2977 -0.9535 -0.0464
vn 0.1883 -0.9817 -0.0297
vn 0.1578 -0.9808 -0.1144
vn 0.2339 -0.9574 -0.1693
vn 0.2680 -0.9539 -0.1352
vn 0.1697 -0.9817 -0.0862
vn 0.1143 -0.9808 -0.1579
vn 0.1694 -0.9574 -0.2340
vn 0.2117 -0.9541 -0.2118
vn 0.1343 -0.9818 -0.1345
vn 0.0600 -0.9808 -0.1858
vn 0.0888 -0.9571 -0.2760
vn 0.1351 -0.9539 -0.2679
vn 0.0862 -0.9817 -0.1698
vn 0.0464 -0.9536 -0.2976
vn 0.0297 -0.9817 -0.1883
vn -0.0001 -1.0000 -0.0000
vn -0.0280 -0.9959 -0.0860
vn -0.0164 -0.9944 -0.1040
vn -0.0001 -0.9959 -0.0904
vn -0.0531 -0.9959 -0.0732
vn -0.0476 -0.9944 -0.0938
vn -0.0731 -0.9959 -0.0531
vn -0.0744 -0.9944 -0.0745
vn -0.0860 -0.9959 -0.0280
vn -0.0939 -0.9944 -0.0478
vn -0.0905 -0.9959 -0.0001
vn -0.1040 -0.9944 -0.0165
vn -0.0860 -0.9959 0.0279
vn -0.1040 -0.9944 0.0163
vn -0.0731 -0.9959 0.0531
vn -0.0938 -0.9944 0.0477
vn -0.0530 -0.9959 0.0731
vn -0.0744 -0.9945 0.0744
vn -0.0279 -0.9959 0.0860
vn -0.0476 -0.9945 0.0938
vn -0.0001 -0.9959 0.0905
vn -0.0165 -0.9944 0.1040
vn 0.0279 -0.9959 0.0860
vn 0.0164 -0.9944 0.1040
vn 0.0532 -0.9959 0.0732
vn 0.0477 -0.9944 0.0938
vn 0.0732 -0.9959 0.0531
vn 0.0743 -0.9945 0.0743
vn 0.0859 -0.9959 0.0279
vn 0.0938 -0.9944 0.0477
vn 0.0906 -0.9959 -0.0000
vn 0.1041 -0.9944 0.0165
vn 0.0860 -0.9959 -0.0279
vn 0.1040 -0.9944 -0.0165
vn 0.0731 -0.9959 -0.0531
vn 0.0937 -0.9945 -0.0477
vn 0.0531 -0.9959 -0.0731
vn 0.0743 -0.9945 -0.0744
vn 0.0280 -0.9959 -0.0860
vn 0.0478 -0.9944 -0.0938
vn 0.0164 -0.9944 -0.1041
vn 0.9328 -0.1887 -0.3071
vn 0.9306 -0.1409 -0.3378
vn 0.9261 -0.1063 -0.3621
vn 0.8278 0.3986 -0.3947
vn 0.8305 0.3846 -0.4029
vn 0.9277 0.2481 0.2790
vn 0.9478 0.2312 -0.2196
vn 0.8668 0.2840 -0.4099
vn 0.9018 0.4314 -0.0247
vn -0.9443 0.3291 0.0059
vn -0.3553 0.8233 0.4426
vn 0.0168 0.5222 -0.8526
vn 0.0771 0.5695 -0.8184
vn 0.2934 0.1636 -0.9419
vn 0.3668 0.2043 -0.9076
vn 0.3723 0.1886 -0.9087
vn 0.9873 0.0451 -0.1526
vn 0.9755 0.1268 -0.1797
vn 0.9832 0.1405 -0.1161
vn 0.0480 0.2668 -0.9625
vn 0.0003 0.2576 -0.9662
vn -0.0003 0.2373 -0.9714
vn 0.0003 0.3999 -0.9166
vn 0.8818 0.1879 -0.4327
vn 0.8847 0.4388 -0.1574
vn 0.8789 0.1385 -0.4564
vn 0.9768 -0.0099 -0.2141
vn 0.9208 -0.0552 -0.3861
vn 0.9257 -0.2399 -0.2925
vn 0.2844 0.1549 0.9461
vn 0.9897 0.0259 -0.1407
vn -0.9416 -0.0704 -0.3292
vn -0.0469 0.2970 -0.9537
vn 0.0023 0.2701 -0.9628
vn 0.0004 0.2959 -0.9552
vn -0.0059 0.3289 -0.9444
vn 0.1115 0.3665 -0.9237
vn 0.0011 0.6463 -0.7631
vn 0.0581 0.2985 -0.9526
vn 0.0077 0.2826 -0.9592
vn 0.0073 0.4535 -0.8912
vn 0.9370 -0.1843 -0.2969
vn 0.8263 0.3872 -0.4090
vn 0.8935 0.2304 -0.3855
vn 0.9202 0.1236 -0.3715
vn 0.9266 0.0417 -0.3738
vn 0.9718 -0.1594 -0.1739
vn 0.9742 -0.0675 -0.2154
vn 0.9598 -0.1079 -0.2592
vn 0.9614 -0.0973 -0.2575
vn 0.9555 -0.1018 -0.2769
vn 0.9484 -0.1104 -0.2973
vn 0.9207 0.3620 -0.1459
vn 0.9244 0.3772 -0.0561
vn -0.2435 0.9080 0.3410
vn 0.6815 0.4740 -0.5576
vn -0.2567 0.4825 -0.8374
vn 0.5718 0.3638 -0.7354
vn 0.0950 0.1802 -0.9790
vn 0.5506 -0.2182 -0.8057
vn -0.9071 -0.2817 -0.3127
vn -0.9251 -0.3347 -0.1794
vn 0.7974 -0.5973 -0.0855
vn 0.0888 -0.8187 -0.5674
vn -0.0680 -0.7488 -0.6594
vn -0.8217 -0.3990 -0.4069
vn -0.0473 0.2527 -0.9664
vn -0.0849 0.3042 -0.9488
vn 0.0809 0.3837 -0.9199
vn 0.0785 0.4167 -0.9057
vn 0.1382 0.4361 -0.8892
vn 0.2239 0.4360 -0.8716
vn 0.3520 0.3893 -0.8512
vn 0.4758 0.3201 -0.8192
vn 0.5141 0.1326 -0.8475
vn 0.5288 0.3078 -0.7910
vn 0.6037 0.2758 -0.7480
vn 0.6715 0.2369 -0.7021
vn 0.7173 0.1827 -0.6724
vn 0.8080 0.1145 -0.5780
vn 0.8521 0.0363 -0.5220
vn 0.8705 0.0328 -0.4911
vn 0.8958 0.0653 -0.4397
vn 0.9200 0.0553 -0.3880
vn 0.9585 0.1061 -0.2644
vn 0.9461 0.0183 -0.3233
vn 0.9397 -0.0367 -0.3400
vn 0.9515 0.2704 -0.1466
vn 0.8764 0.4743 0.0836
vn 0.9102 -0.0555 -0.4105
vn 0.9078 -0.2226 -0.3555
vn 0.9427 0.0101 -0.3336
vn 0.8523 0.3462 -0.3920
vn 0.8262 0.3506 -0.4409
vn 0.8659 0.2089 -0.4544
vn 0.8683 0.0874 -0.4882
vn 0.8647 -0.0020 -0.5023
vn 0.8563 -0.0595 -0.5131
vn 0.8788 -0.1277 -0.4597
vn 0.0279 0.3583 -0.9332
vn 0.0322 0.4303 -0.9021
vn 0.1333 0.4465 -0.8848
vn 0.2547 0.4209 -0.8706
vn 0.4024 0.3658 -0.8392
vn 0.5316 0.2881 -0.7965
vn 0.6026 0.2377 -0.7618
vn 0.6334 0.2172 -0.7428
vn 0.7396 0.1442 -0.6574
vn 0.8274 0.0669 -0.5576
vn 0.8782 0.0138 -0.4781
vn 0.9174 -0.0387 -0.3962
vn 0.9151 -0.0280 -0.4023
vn 0.9310 -0.0315 -0.3637
vn 0.8767 0.1144 -0.4673
vn 0.8003 0.2584 -0.5411
vn -0.1244 0.2407 -0.9626
vn -0.0875 0.1725 -0.9811
vn 0.9168 -0.1226 -0.3800
vn 0.9241 -0.1210 -0.3624
vn 0.9410 -0.1100 -0.3201
vn 0.9425 -0.1041 -0.3177
vn 0.9502 -0.0997 -0.2954
vn 0.9338 -0.1291 -0.3337
vn 0.8938 -0.1165 -0.4331
vn -0.9069 -0.2084 -0.3663
vn -0.8992 0.1635 -0.4059
vn -0.9797 0.1694 -0.1075
vn -0.0392 0.3913 -0.9194
vn -0.0844 0.3460 -0.9344
vn 0.9180 0.3579 -0.1707
vn 0.3070 0.8570 -0.4140
vn 0.3570 0.7131 -0.6033
vn 0.7674 0.4402 -0.4662
vn 0.8477 0.0097 -0.5304
vn 0.9005 -0.0655 -0.4298
vn 0.8865 -0.3291 -0.3252
vn 0.8936 0.0151 -0.4485
vn -0.1006 0.8897 0.4453
vn 0.5632 0.2722 -0.7802
vn -0.0887 0.2078 -0.9741
vn -0.5448 0.1019 -0.8324
vn -0.4813 -0.0221 -0.8763
vn -0.0517 0.1429 -0.9884
vn -0.0177 -0.8766 -0.4809
vn -0.3042 -0.3715 -0.8772
vn -0.5237 0.0348 -0.8512
vn -0.3534 -0.3784 -0.8555
vn -0.8382 -0.1841 -0.5133
vn -0.6017 0.7352 0.3122
vn -0.9130 0.1850 -0.3635
vn -0.7767 0.1700 -0.6065
vn -0.6582 -0.5059 -0.5575
vn 0.1118 -0.6521 -0.7498
vn -0.1659 -0.6344 -0.7550
vn -0.6660 -0.5124 -0.5420
vn -0.6384 -0.1888 -0.7462
vn -0.2727 -0.3882 -0.8803
vn -0.1337 -0.2304 -0.9639
vn -0.4967 -0.0948 -0.8627
vn -0.0842 -0.0942 -0.9920
vn -0.0586 -0.0382 -0.9976
vn -0.2706 0.0033 -0.9627
vn -0.3363 -0.0027 -0.9417
vn -0.0437 0.0266 -0.9987
vn -0.2160 0.0432 -0.9754
vn -0.0582 0.1019 -0.9931
vn -0.1704 0.0770 -0.9824
vn -0.8710 -0.2568 -0.4188
vn -0.6005 -0.0192 -0.7994
vn 0.0609 -0.5527 -0.8311
vn -0.7226 -0.4163 -0.5519
vn -0.9372 0.0513 -0.3450
vn -0.9525 0.2673 0.1459
vn -0.1639 -0.6804 -0.7143
vn -0.6057 -0.5323 -0.5915
vn -0.6309 -0.5304 -0.5663
vn 0.0578 -0.7077 -0.7042
vn -0.6388 -0.5183 -0.5687
vn -0.1142 -0.6693 -0.7342
vn -0.8337 -0.2186 -0.5072
vn -0.0016 0.4331 -0.9014
vn 0.8648 -0.1474 -0.4799
vn 0.8329 -0.0998 -0.5443
vn -0.8272 -0.2972 -0.4770
vn -0.7182 -0.4609 -0.5213
vn 0.1557 0.4248 -0.8918
vn 0.2936 0.3757 -0.8790
vn 0.4452 0.3105 -0.8399
vn 0.5667 0.2489 -0.7855
vn 0.8543 -0.1386 -0.5010
vn 0.6550 0.2039 -0.7276
vn 0.7620 0.1288 -0.6346
vn 0.8390 0.0616 -0.5406
vn 0.8802 0.0230 -0.4740
vn 0.9141 -0.0092 -0.4054
vn 0.9182 0.0082 -0.3960
vn 0.8351 0.1719 -0.5226
vn -0.1481 0.1410 -0.9789
vn 0.8713 -0.0892 -0.4826
vn -0.1077 0.3206 -0.9411
vn 0.9818 0.0004 -0.1899
vn -0.6949 -0.4848 -0.5311
vn -0.4020 -0.9006 -0.1655
vn -0.8417 -0.0780 -0.5343
vn -0.7250 -0.2840 -0.6275
vn -0.0980 -0.4707 -0.8768
vn -0.4208 -0.0861 -0.9030
vn -0.0352 -0.1600 -0.9865
vn -0.1854 0.1258 -0.9746
vn 0.8438 -0.1448 -0.5168
vn 0.9055 -0.1059 -0.4109
vn 0.9060 -0.1096 -0.4089
vn 0.9224 -0.0995 -0.3731
vn 0.9284 -0.0681 -0.3654
vn 0.9143 -0.0688 -0.3992
vn 0.8653 -0.0498 -0.4988
vn 0.0025 0.3675 -0.9300
vn 0.8533 0.0163 -0.5211
vn 0.8487 0.0680 -0.5244
vn -0.2210 0.0730 -0.9725
vn -0.2643 0.0404 -0.9636
vn -0.5944 -0.5474 -0.5892
vn -0.5802 -0.5608 -0.5907
vn 0.8527 0.2022 -0.4817
vn 0.8368 0.3453 -0.4249
vn 0.8752 0.2967 -0.3820
vn 0.9436 0.0060 -0.3310
vn 0.9197 -0.1609 -0.3583
vn 0.8909 -0.0116 -0.4541
vn 0.8303 0.1452 -0.5380
vn 0.7750 0.2585 -0.5767
vn -0.7180 0.0926 -0.6899
vn -0.7333 -0.3357 -0.5912
vn -0.5916 -0.4143 -0.6917
vn -0.0849 0.2452 -0.9657
vn 0.5530 0.0803 -0.8293
vn 0.8540 0.0931 -0.5119
vn 0.9540 0.1005 -0.2825
vn 0.9665 0.0981 -0.2371
vn 0.9533 0.0892 -0.2884
vn -0.7095 0.0880 -0.6992
vn -0.6515 0.0597 -0.7563
vn -0.8511 0.0487 -0.5227
vn -0.9266 0.2182 -0.3063
vn -0.4697 -0.1068 -0.8763
vn -0.2934 0.0354 -0.9553
vn -0.9181 0.0141 -0.3961
vn -0.8421 -0.1767 -0.5095
vn -0.5342 -0.5819 -0.6132
vn -0.5455 -0.5655 -0.6186
vn -0.4463 -0.1208 -0.8867
vn -0.3980 -0.1073 -0.9111
vn -0.2792 -0.0342 -0.9596
vn 0.1488 0.0325 -0.9883
vn -0.7885 -0.2633 -0.5558
vn 0.9073 -0.0466 -0.4178
vn 0.8273 0.1977 -0.5258
vn 0.7994 -0.1424 -0.5837
vn -0.7606 -0.3236 -0.5628
vn 0.8543 -0.0534 -0.5170
vn -0.6056 -0.0728 -0.7924
vn -0.5668 -0.4670 -0.6788
vn -0.7294 -0.3726 -0.5738
vn 0.1953 0.3503 -0.9161
vn 0.3387 0.3081 -0.8890
vn 0.4636 0.2886 -0.8377
vn 0.5787 0.2565 -0.7742
vn 0.6755 0.2062 -0.7079
vn 0.7871 0.1177 -0.6055
vn 0.8481 0.0631 -0.5261
vn 0.8888 0.0310 -0.4573
vn 0.9184 -0.0062 -0.3956
vn 0.8957 0.0711 -0.4389
vn -0.0464 0.1665 -0.9850
vn 0.0365 0.3048 -0.9517
vn 0.9263 0.0647 -0.3712
vn -0.8085 0.0791 -0.5832
vn -0.5225 -0.2848 -0.8037
vn -0.3733 -0.0165 -0.9276
vn -0.6785 -0.4594 -0.5732
vn -0.6304 -0.4602 -0.6251
vn 0.8220 -0.1308 -0.5542
vn 0.8491 -0.1279 -0.5125
vn 0.8746 -0.1010 -0.4741
vn 0.8935 -0.0709 -0.4435
vn 0.9218 -0.0477 -0.3846
vn -0.0831 0.1287 -0.9882
vn -0.1291 0.0879 -0.9877
vn -0.1558 0.0735 -0.9851
vn -0.7711 -0.2234 -0.5962
vn -0.2278 0.0279 -0.9733
vn 0.0764 0.2440 -0.9668
vn -0.4968 -0.5966 -0.6303
vn -0.4318 -0.6119 -0.6627
vn -0.5231 -0.5682 -0.6353
vn -0.7369 0.0841 -0.6707
vn -0.6729 0.0538 -0.7378
vn -0.6731 0.0204 -0.7393
vn -0.4631 -0.0815 -0.8825
vn -0.3388 -0.0638 -0.9387
vn 0.8886 -0.0109 -0.4586
vn 0.8685 0.0423 -0.4939
vn 0.8503 0.0584 -0.5231
vn 0.8511 0.1354 -0.5073
vn 0.8518 0.2859 -0.4389
vn 0.8908 0.2553 -0.3759
vn 0.9393 0.0194 -0.3425
vn 0.9177 -0.0999 -0.3845
vn 0.8869 0.0236 -0.4613
vn 0.8165 0.1912 -0.5448
vn 0.7940 0.2534 -0.5526
vn -0.7335 -0.2745 -0.6218
vn -0.7374 -0.3007 -0.6048
vn -0.6887 -0.3731 -0.6217
vn -0.8194 -0.1148 -0.5615
vn -0.3953 -0.6325 -0.6660
vn -0.4106 -0.5604 -0.7193
vn 0.9650 0.1075 -0.2394
vn 0.9546 0.1097 -0.2769
vn 0.8861 0.1017 -0.4523
vn 0.5809 0.0539 -0.8122
vn 0.9531 0.0930 -0.2881
vn -0.6931 0.0664 -0.7178
vn -0.2867 -0.2200 -0.9324
vn -0.2447 -0.1366 -0.9599
vn 0.1949 -0.0012 -0.9808
vn -0.1946 -0.0538 -0.9794
vn -0.4695 -0.5642 -0.6792
vn -0.5340 -0.0724 -0.8424
vn -0.4022 -0.4762 -0.7819
vn 0.2111 0.3035 -0.9292
vn 0.3432 0.2964 -0.8913
vn 0.4703 0.2763 -0.8381
vn -0.7016 -0.0120 -0.7125
vn -0.7149 -0.0478 -0.6976
vn -0.7016 -0.0120 -0.7124
vn -0.2426 0.0233 -0.9699
vn 0.9168 0.0434 -0.3970
vn -0.3641 -0.6088 -0.7049
vn -0.3491 -0.4090 -0.8431
vn 0.5992 0.2230 -0.7689
vn 0.6977 0.1832 -0.6926
vn 0.8090 0.1035 -0.5786
vn 0.8516 0.0770 -0.5185
vn 0.9000 0.0345 -0.4345
vn 0.8654 0.1416 -0.4807
vn -0.5628 -0.5337 -0.6313
vn -0.1672 -0.0538 -0.9845
vn 0.1021 0.1925 -0.9760
vn -0.8118 0.0392 -0.5826
vn -0.7488 0.0100 -0.6627
vn 0.8328 -0.0654 -0.5496
vn 0.2260 0.2566 -0.9397
vn 0.7883 -0.1277 -0.6019
vn 0.7816 -0.1228 -0.6115
vn 0.7982 -0.1208 -0.5902
vn 0.8143 -0.1058 -0.5707
vn 0.8399 -0.0695 -0.5382
vn 0.8842 -0.0336 -0.4658
vn -0.7081 0.0194 -0.7059
vn -0.6111 -0.4379 -0.6594
vn 0.8499 0.1049 -0.5164
vn 0.8611 0.0850 -0.5014
vn 0.8728 0.0569 -0.4847
vn 0.8803 -0.0060 -0.4743
vn 0.8577 0.2117 -0.4686
vn 0.8948 0.2132 -0.3924
vn 0.9285 0.0369 -0.3694
vn 0.9114 -0.0478 -0.4087
vn 0.8561 0.0990 -0.5072
vn 0.8176 0.2009 -0.5396
vn 0.0581 0.1529 -0.9865
vn 0.0039 0.1269 -0.9919
vn -0.0440 0.0939 -0.9946
vn -0.0294 0.0794 -0.9964
vn -0.0937 0.0386 -0.9948
vn -0.2050 -0.2144 -0.9550
vn -0.1292 -0.1171 -0.9847
vn 0.9545 0.1196 -0.2731
vn 0.9128 0.1157 -0.3916
vn 0.7045 0.0910 -0.7039
vn 0.9627 0.1150 -0.2448
vn 0.9505 0.0952 -0.2959
vn -0.2265 -0.5934 -0.7724
vn -0.2421 -0.4982 -0.8326
vn -0.6782 -0.3487 -0.6469
vn 0.3546 0.2430 -0.9029
vn -0.3251 -0.0767 -0.9426
vn -0.6567 -0.0633 -0.7515
vn -0.2676 -0.4631 -0.8449
vn -0.7181 -0.2400 -0.6533
vn -0.5397 -0.4914 -0.6836
vn -0.0925 -0.0558 -0.9942
vn -0.4307 -0.5343 -0.7273
vn -0.2536 -0.6078 -0.7525
vn -0.7233 -0.0352 -0.6897
vn 0.5631 0.0726 -0.8232
vn 0.2488 0.2155 -0.9443
vn 0.1550 0.1717 -0.9729
vn -0.1361 0.0081 -0.9907
vn -0.2510 -0.3617 -0.8979
vn 0.4859 0.2199 -0.8459
vn 0.5972 0.2094 -0.7743
vn 0.7217 0.1446 -0.6769
vn 0.8068 0.1167 -0.5792
vn 0.8618 0.1003 -0.4972
vn 0.8747 0.1255 -0.4682
vn 0.9199 0.0505 -0.3889
vn -0.7175 -0.0609 -0.6939
vn -0.7143 -0.0639 -0.6969
vn 0.1582 0.0149 -0.9873
vn -0.0644 -0.0430 -0.9970
vn 0.8556 -0.0326 -0.5166
vn -0.6310 -0.3757 -0.6788
vn 0.7756 -0.1107 -0.6215
vn 0.7673 -0.1223 -0.6295
vn 0.7738 -0.1213 -0.6217
vn 0.7866 -0.0981 -0.6097
vn 0.7966 -0.0710 -0.6003
vn 0.8205 -0.0383 -0.5704
vn 0.8564 0.1025 -0.5061
vn 0.8578 0.0954 -0.5051
vn 0.8441 0.0413 -0.5347
vn 0.8282 -0.0103 -0.5604
vn 0.8540 0.1514 -0.4978
vn 0.8815 0.1689 -0.4409
vn 0.9122 0.0640 -0.4047
vn 0.8959 0.0074 -0.4442
vn 0.8395 0.1214 -0.5295
vn 0.9519 0.1327 -0.2763
vn 0.8558 0.1094 -0.5057
vn 0.9597 0.1270 -0.2507
vn 0.9492 0.1058 -0.2964
vn 0.0218 0.0962 -0.9951
vn 0.0778 0.1452 -0.9863
vn 0.1475 0.1621 -0.9757
vn 0.0336 0.0778 -0.9964
vn -0.0090 0.0623 -0.9980
vn -0.1058 -0.5006 -0.8592
vn -0.0943 -0.4936 -0.8646
vn -0.0459 -0.1979 -0.9791
vn -0.0137 -0.1260 -0.9919
vn 0.2459 0.1654 -0.9551
vn -0.0596 0.0129 -0.9981
vn -0.6953 -0.1628 -0.7000
vn -0.5255 -0.4340 -0.7317
vn 0.2373 0.1770 -0.9552
vn -0.1815 -0.4834 -0.8564
vn 0.8325 0.1645 -0.5291
vn -0.2345 -0.4813 -0.8446
vn -0.3820 -0.4585 -0.8024
vn 0.0228 -0.0703 -0.9973
vn 0.3665 0.2185 -0.9044
vn 0.4789 0.2134 -0.8515
vn 0.6092 0.1864 -0.7708
vn 0.7226 0.1501 -0.6747
vn 0.7968 0.1474 -0.5859
vn 0.8538 0.1271 -0.5048
vn 0.8627 0.1356 -0.4872
vn 0.8452 0.1159 -0.5218
vn -0.7353 -0.0460 -0.6762
vn -0.7133 -0.0584 -0.6984
vn 0.8757 0.0761 -0.4768
vn 0.8865 0.1096 -0.4496
vn 0.8642 0.1281 -0.4866
vn 0.8546 0.0950 -0.5105
vn 0.8406 0.0603 -0.5383
vn 0.8210 0.0027 -0.5709
vn 0.8145 -0.0291 -0.5794
vn 0.8088 -0.0431 -0.5865
vn 0.9024 0.0245 -0.4303
vn -0.1049 -0.3613 -0.9265
vn -0.6008 -0.3460 -0.7207
vn 0.8091 -0.0852 -0.5815
vn -0.4860 -0.0624 -0.8717
vn -0.7036 -0.0569 -0.7083
vn -0.3980 -0.0679 -0.9149
vn -0.0158 -0.4312 -0.9021
vn -0.0040 -0.4594 -0.8882
vn 0.6480 0.0568 -0.7595
vn 0.9099 0.1253 -0.3955
vn 0.2978 0.0186 -0.9545
vn 0.1781 -0.0142 -0.9839
vn 0.9540 0.1426 -0.2637
vn 0.9560 0.1304 -0.2628
vn 0.9410 0.1016 -0.3230
vn 0.1172 0.0790 -0.9900
vn 0.1828 0.1358 -0.9737
vn 0.2915 0.1514 -0.9445
vn 0.1732 0.0805 -0.9816
vn 0.1341 0.0718 -0.9884
vn 0.7700 -0.1186 -0.6270
vn 0.7667 -0.1212 -0.6304
vn 0.7816 -0.0998 -0.6157
vn 0.7978 -0.0716 -0.5987
vn 0.0831 -0.2059 -0.9750
vn 0.1198 -0.1455 -0.9821
vn 0.1055 0.0144 -0.9943
vn 0.8354 -0.0599 -0.5464
vn -0.5351 -0.3477 -0.7699
vn 0.9007 0.0180 -0.4341
vn -0.7280 -0.0757 -0.6814
vn -0.6816 -0.1216 -0.7216
vn -0.6520 -0.2062 -0.7296
vn 0.3483 0.1532 -0.9248
vn 0.3087 0.2137 -0.9268
vn 0.4669 0.1715 -0.8675
vn 0.6025 0.1657 -0.7807
vn -0.1698 -0.0469 -0.9844
vn 0.8624 0.1217 -0.4913
vn 0.8649 0.1024 -0.4914
vn 0.8686 0.1049 -0.4843
vn 0.8600 0.0947 -0.5014
vn 0.0691 -0.3117 -0.9477
vn 0.2007 -0.0702 -0.9771
vn 0.7034 0.1483 -0.6951
vn 0.7864 0.1379 -0.6021
vn 0.8452 0.1188 -0.5211
vn 0.8461 0.0645 -0.5292
vn 0.8303 0.0241 -0.5568
vn 0.8208 -0.0156 -0.5710
vn 0.8115 -0.0444 -0.5827
vn -0.1842 -0.3609 -0.9143
vn -0.5158 -0.2721 -0.8124
vn 0.9367 0.1309 -0.3249
vn 0.9536 0.1224 -0.2749
vn 0.8277 0.1075 -0.5507
vn 0.4861 0.0703 -0.8711
vn 0.3932 0.0486 -0.9182
vn 0.9313 0.0685 -0.3578
vn 0.1029 -0.2357 -0.9663
vn 0.2245 -0.1111 -0.9681
vn 0.2874 0.0924 -0.9533
vn 0.3467 0.1180 -0.9305
vn 0.2865 0.0775 -0.9549
vn 0.2672 0.0373 -0.9629
vn 0.0719 -0.3715 -0.9256
vn -0.0307 -0.3358 -0.9414
vn -0.6238 -0.0778 -0.7777
vn 0.7791 -0.1041 -0.6182
vn 0.7909 -0.0849 -0.6060
vn 0.7689 -0.1241 -0.6272
vn 0.7919 -0.1084 -0.6010
vn 0.3467 0.1083 -0.9317
vn 0.3609 0.1357 -0.9227
vn 0.8687 -0.0275 -0.4947
vn -0.2262 -0.2027 -0.9528
vn -0.4699 -0.1894 -0.8622
vn -0.6013 -0.2241 -0.7669
vn -0.7074 -0.1299 -0.6947
vn 0.2773 -0.0734 -0.9580
vn 0.3694 0.1283 -0.9204
vn 0.8069 -0.0534 -0.5882
vn 0.8375 0.0949 -0.5382
vn 0.8453 0.0864 -0.5272
vn 0.2505 -0.0049 -0.9681
vn 0.4559 0.1439 -0.8783
vn 0.5754 0.1469 -0.8046
vn 0.1437 0.0059 -0.9896
vn 0.8400 0.0639 -0.5389
vn 0.8380 0.0332 -0.5447
vn 0.8335 0.0086 -0.5524
vn 0.8253 -0.0263 -0.5640
vn 0.8111 -0.0509 -0.5827
vn 0.6788 0.1264 -0.7234
vn 0.7666 0.1086 -0.6328
vn 0.1408 -0.1379 -0.9804
vn 0.3240 -0.0970 -0.9411
vn 0.7720 -0.1176 -0.6246
vn 0.7785 -0.1040 -0.6190
vn 0.8097 -0.0968 -0.5788
vn 0.7965 -0.0759 -0.5999
vn 0.3469 0.0749 -0.9349
vn 0.3365 0.0455 -0.9406
vn 0.9221 0.0654 -0.3813
vn 0.9518 0.1112 -0.2858
vn 0.9293 0.1113 -0.3522
vn 0.7263 0.0874 -0.6817
vn 0.3086 -0.0083 -0.9511
vn -0.0454 -0.0274 -0.9986
vn -0.6273 -0.0852 -0.7741
vn -0.4899 -0.0597 -0.8697
vn -0.4048 -0.0644 -0.9121
vn 0.4342 0.1443 -0.8892
vn 0.5451 0.1352 -0.8274
vn 0.8529 -0.0448 -0.5201
vn 0.1849 0.0256 -0.9824
vn 0.3462 -0.0017 -0.9382
vn 0.3343 -0.0947 -0.9377
vn 0.6527 0.1071 -0.7500
vn 0.7015 0.0895 -0.7070
vn 0.7976 0.0690 -0.5993
vn 0.8114 0.0629 -0.5811
vn 0.8160 0.0495 -0.5759
vn 0.8221 0.0233 -0.5688
vn 0.8192 -0.0174 -0.5732
vn 0.8002 -0.0649 -0.5962
vn 0.7837 -0.0875 -0.6150
vn 0.3533 0.0906 -0.9311
vn 0.4568 0.1095 -0.8828
vn 0.7909 -0.0848 -0.6061
vn 0.7778 -0.1018 -0.6202
vn 0.7853 -0.1079 -0.6096
vn 0.8291 -0.0777 -0.5536
vn 0.9456 0.1069 -0.3073
vn 0.8953 0.0092 -0.4453
vn 0.8390 0.0926 -0.5362
vn 0.4703 0.0531 -0.8809
vn 0.1572 0.0157 -0.9874
vn 0.4740 0.0649 -0.8781
vn 0.4850 0.0448 -0.8734
vn -0.3154 -0.0340 -0.9483
vn 0.4865 -0.0049 -0.8736
vn 0.4421 0.0681 -0.8944
vn 0.5009 0.0732 -0.8624
vn 0.4755 -0.0562 -0.8779
vn 0.5986 0.0851 -0.7965
vn 0.6138 0.0649 -0.7867
vn 0.7732 0.0633 -0.6310
vn 0.6671 0.0634 -0.7422
vn 0.7895 0.0496 -0.6117
vn 0.7805 0.0201 -0.6249
vn 0.7755 -0.0091 -0.6313
vn 0.7721 -0.0610 -0.6326
vn 0.7675 -0.0907 -0.6346
vn 0.7761 -0.0908 -0.6240
vn 0.5976 0.0814 -0.7977
vn 0.4236 0.0879 -0.9016
vn 0.9068 0.0705 -0.4156
vn 0.8879 -0.0032 -0.4599
vn 0.7991 -0.0730 -0.5968
vn 0.5967 0.0349 -0.8017
vn 0.5865 0.0095 -0.8099
vn 0.8648 -0.0050 -0.5020
vn 0.5376 -0.0121 -0.8431
vn 0.7660 0.0983 -0.6353
vn 0.6882 0.0213 -0.7252
vn 0.7391 -0.0209 -0.6732
vn 0.7400 -0.0408 -0.6714
vn 0.7497 -0.0793 -0.6570
vn 0.7707 -0.0682 -0.6336
vn 0.6487 -0.0075 -0.7610
vn 0.7020 0.0131 -0.7121
vn 0.7884 -0.0358 -0.6142
vn 0.8477 0.0081 -0.5303
vn 0.7068 0.0658 -0.7044
vn 0.8557 -0.5007 -0.1311
vn 0.8241 -0.3001 -0.4804
vn 0.9346 -0.2084 -0.2883
vn -0.0001 0.4047 -0.9145
vn -0.0125 0.5277 -0.8494
vn -0.0745 0.5604 -0.8249
vn -0.8692 -0.0998 -0.4844
vn -0.8841 -0.1892 -0.4272
vn -0.9706 0.1996 -0.1344
vn -0.8842 0.1636 -0.4375
vn -0.9943 0.1002 0.0362
vn -0.9988 0.0176 -0.0460
vn -0.9808 0.0802 -0.1780
vn 0.1308 0.2672 -0.9547
vn 0.0820 0.2743 -0.9581
vn 0.0986 0.2307 -0.9680
vn -0.8256 -0.0168 -0.5640
vn -0.8041 -0.0574 -0.5917
vn -0.7994 -0.0674 -0.5970
vn -0.9396 0.1898 -0.2848
vn -0.9670 0.1641 -0.1950
vn -0.9549 0.1975 -0.2216
vn -0.0357 0.2775 -0.9601
vn -0.9616 0.1394 -0.2366
vn -0.9563 0.0902 -0.2780
vn -0.9681 0.1907 -0.1628
vn -0.8757 -0.0398 -0.4812
vn -0.9171 -0.1982 -0.3460
vn -0.9066 0.4219 0.0099
vn -0.9613 0.1607 -0.2240
vn -0.0898 0.3798 -0.9207
vn -0.0356 0.3044 -0.9519
vn -0.8926 0.0434 -0.4487
vn -0.9038 0.1170 -0.4115
vn -0.9039 0.1917 -0.3825
vn -0.8887 0.2779 -0.3647
vn -0.8522 0.4067 -0.3291
vn -0.8903 0.0887 -0.4466
vn -0.8916 -0.1108 -0.4392
vn -0.9405 0.1835 -0.2862
vn -0.9326 -0.0803 -0.3518
vn -0.9279 -0.0943 -0.3608
vn -0.9423 -0.1066 -0.3175
vn -0.9367 -0.1306 -0.3249
vn -0.9609 -0.0821 -0.2645
vn -0.9524 -0.0785 -0.2945
vn -0.9673 -0.1056 -0.2307
vn -0.9705 0.2393 -0.0292
vn -0.7956 -0.0535 -0.6034
vn 0.0412 0.2497 -0.9675
vn 0.0260 0.2953 -0.9550
vn -0.0020 0.3038 -0.9527
vn -0.0534 0.4153 -0.9081
vn -0.9778 -0.1036 -0.1819
vn -0.9909 0.0487 -0.1255
vn -0.9026 0.0504 -0.4276
vn -0.9291 0.0476 -0.3666
vn -0.8918 -0.0090 -0.4523
vn -0.9085 0.0720 -0.4117
vn -0.8456 0.1159 -0.5211
vn -0.8190 0.1046 -0.5642
vn -0.7374 0.1921 -0.6475
vn -0.6215 0.2521 -0.7418
vn -0.5411 0.0710 -0.8379
vn -0.5657 0.3092 -0.7644
vn -0.4983 0.1279 -0.8575
vn -0.5132 0.3432 -0.7867
vn -0.4238 0.3787 -0.8228
vn -0.2874 0.3015 -0.9091
vn -0.3550 0.4044 -0.8429
vn -0.2156 0.4606 -0.8610
vn -0.1731 0.2958 -0.9395
vn -0.1425 0.4587 -0.8771
vn -0.0840 0.4349 -0.8965
vn -0.0512 0.4094 -0.9109
vn -0.0538 0.3962 -0.9166
vn -0.8726 -0.0573 -0.4850
vn -0.8939 -0.1216 -0.4316
vn -0.9163 -0.1183 -0.3827
vn -0.9181 -0.1170 -0.3788
vn -0.9208 -0.0970 -0.3777
vn -0.9306 -0.0677 -0.3597
vn -0.9041 -0.0811 -0.4195
vn -0.8675 -0.0937 -0.4886
vn -0.8461 -0.0738 -0.5279
vn -0.8336 -0.0335 -0.5513
vn -0.8328 0.0244 -0.5531
vn -0.8422 0.0869 -0.5321
vn -0.8551 0.1634 -0.4920
vn -0.8661 0.2463 -0.4350
vn -0.8736 0.3374 -0.3506
vn -0.8944 0.3453 -0.2843
vn -0.8233 -0.1330 -0.5517
vn -0.8200 -0.1245 -0.5587
vn -0.0257 0.3360 -0.9415
vn 0.0190 0.3405 -0.9400
vn 0.0647 0.3329 -0.9407
vn -0.9555 0.1254 -0.2671
vn -0.8504 0.0945 -0.5175
vn -0.8880 0.0135 -0.4596
vn -0.8905 0.0276 -0.4542
vn -0.8325 0.0691 -0.5497
vn -0.7263 0.1597 -0.6686
vn -0.6379 0.2363 -0.7329
vn -0.5214 0.3172 -0.7921
vn -0.5460 0.2840 -0.7882
vn -0.4300 0.3376 -0.8373
vn -0.2597 0.4294 -0.8650
vn -0.1419 0.4608 -0.8761
vn -0.0469 0.4375 -0.8980
vn -0.0115 0.3809 -0.9246
vn -0.1772 -0.5987 -0.7811
vn -0.6000 -0.3518 -0.7184
vn 0.8188 -0.3872 -0.4238
vn 0.9201 -0.3312 -0.2090
vn 0.9170 0.0249 0.3980
vn -0.4513 0.8476 0.2790
vn -0.7407 0.5946 -0.3127
vn -0.4095 -0.5319 -0.7412
vn -0.7754 -0.1983 -0.5996
vn -0.8412 0.3333 -0.4259
vn -0.8962 0.2998 -0.3271
vn -0.9003 0.2072 -0.3828
vn 0.6448 0.3345 0.6873
vn -0.8880 -0.2061 -0.4110
vn -0.9297 0.0929 -0.3563
vn -0.9620 -0.1541 -0.2254
vn 0.8664 -0.1010 0.4890
vn -0.2950 0.9504 0.0989
vn 0.2357 -0.1735 -0.9562
vn 0.1691 -0.3405 -0.9249
vn 0.7546 -0.3414 -0.5604
vn 0.2412 -0.1530 -0.9583
vn 0.7239 0.2051 -0.6587
vn 0.6321 0.4991 -0.5928
vn 0.0491 0.0586 -0.9971
vn 0.3556 0.0287 -0.9342
vn 0.5544 -0.3079 -0.7732
vn 0.7698 -0.2307 -0.5951
vn 0.6971 -0.0838 -0.7121
vn 0.6592 -0.0614 -0.7494
vn 0.2750 -0.0308 -0.9609
vn 0.5908 0.0893 -0.8019
vn 0.5950 0.4157 -0.6879
vn 0.3182 0.5685 -0.7587
vn 0.6638 -0.5090 -0.5479
vn 0.6188 -0.5298 -0.5800
vn 0.5466 -0.5801 -0.6039
vn 0.5575 -0.5734 -0.6004
vn 0.5973 -0.5498 -0.5839
vn 0.6572 -0.4409 -0.6113
vn 0.6309 -0.5195 -0.5762
vn 0.5894 -0.3165 -0.7433
vn 0.4764 -0.2919 -0.8294
vn 0.4130 -0.1735 -0.8941
vn 0.3328 -0.1195 -0.9354
vn 0.1541 -0.0570 -0.9864
vn 0.1085 -0.0102 -0.9940
vn 0.0945 0.0475 -0.9944
vn 0.0639 0.1613 -0.9848
vn 0.0830 0.1034 -0.9912
vn 0.7939 -0.3013 -0.5281
vn 0.0390 0.2121 -0.9765
vn 0.9492 0.2156 -0.2294
vn 0.6454 0.7634 -0.0274
vn 0.5789 -0.5427 -0.6086
vn -0.8551 -0.0742 -0.5132
vn -0.8332 -0.1269 -0.5381
vn -0.8591 -0.1370 -0.4931
vn -0.8781 -0.1032 -0.4672
vn 0.0495 0.3906 -0.9192
vn 0.0923 0.3367 -0.9371
vn 0.8295 0.1075 -0.5480
vn 0.7870 -0.0165 -0.6168
vn 0.6118 0.7018 -0.3650
vn 0.8466 0.1231 -0.5179
vn 0.6476 -0.3707 -0.6657
vn 0.2519 -0.0951 -0.9631
vn 0.6540 -0.2767 -0.7040
vn -0.0278 0.4218 -0.9063
vn -0.1625 0.4203 -0.8927
vn -0.3222 0.3600 -0.8756
vn 0.1304 0.1299 -0.9829
vn 0.1274 0.1966 -0.9722
vn -0.4587 0.3064 -0.8341
vn -0.5348 0.2683 -0.8012
vn -0.6590 0.2183 -0.7198
vn 0.5846 -0.1721 -0.7929
vn 0.4942 -0.1438 -0.8574
vn -0.7622 0.1318 -0.6338
vn 0.4253 -0.0490 -0.9037
vn 0.0748 0.2205 -0.9725
vn -0.8885 -0.0162 -0.4587
vn -0.9276 0.2385 -0.2875
vn 0.1317 -0.0203 -0.9911
vn -0.4872 0.0823 -0.8694
vn 0.7201 -0.0827 -0.6889
vn 0.5420 -0.0748 -0.8371
vn 0.7155 -0.0529 -0.6966
vn 0.7649 -0.0575 -0.6416
vn 0.7144 -0.3942 -0.5782
vn 0.5248 -0.5814 -0.6217
vn 0.4913 -0.6108 -0.6209
vn 0.5051 -0.6094 -0.6111
vn 0.5473 -0.5148 -0.6599
vn 0.5524 -0.5818 -0.5969
vn 0.2745 -0.0044 -0.9616
vn 0.1997 0.0294 -0.9794
vn 0.1533 0.0816 -0.9848
vn -0.8546 -0.0813 -0.5129
vn -0.9298 0.2028 -0.3072
vn -0.8010 -0.0805 -0.5933
vn -0.8324 -0.0092 -0.5541
vn -0.8906 0.0436 -0.4526
vn -0.8861 0.0416 -0.4615
vn -0.8532 0.0680 -0.5171
vn -0.8990 0.3371 -0.2795
vn -0.8815 0.2367 -0.4085
vn -0.8405 0.0665 -0.5378
vn -0.8482 0.1184 -0.5162
vn -0.8657 0.1824 -0.4661
vn -0.8500 0.0398 -0.5252
vn -0.8717 0.0014 -0.4900
vn -0.8895 -0.0261 -0.4562
vn -0.9013 -0.0345 -0.4318
vn -0.9272 -0.0244 -0.3739
vn -0.9138 -0.0836 -0.3974
vn -0.8878 -0.0968 -0.4499
vn 0.7995 0.1528 -0.5809
vn 0.8119 -0.0691 -0.5797
vn 0.7209 0.1629 -0.6736
vn 0.6193 0.0767 -0.7814
vn -0.9695 0.1420 -0.1999
vn -0.9627 0.1563 -0.2210
vn -0.8792 0.1488 -0.4527
vn -0.9106 0.0788 -0.4057
vn -0.9204 0.0955 -0.3790
vn 0.0013 0.3551 -0.9348
vn 0.3382 -0.0115 -0.9410
vn 0.5276 -0.4559 -0.7168
vn 0.6701 -0.3897 -0.6318
vn 0.7067 -0.2626 -0.6570
vn 0.7162 -0.1218 -0.6872
vn 0.5930 -0.4843 -0.6433
vn -0.9034 0.0477 -0.4261
vn -0.8808 0.0178 -0.4732
vn 0.5193 -0.5526 -0.6519
vn 0.7137 -0.0114 -0.7003
vn 0.7757 -0.0777 -0.6263
vn 0.7746 -0.0779 -0.6277
vn 0.7012 -0.0185 -0.7127
vn 0.4347 -0.3869 -0.8132
vn 0.4321 -0.1977 -0.8799
vn 0.3635 -0.1329 -0.9220
vn 0.2971 -0.0529 -0.9534
vn -0.9474 0.1240 -0.2951
vn -0.8463 -0.0547 -0.5299
vn -0.8087 -0.1144 -0.5771
vn -0.8010 -0.1265 -0.5851
vn -0.8210 -0.1153 -0.5592
vn -0.8415 -0.1231 -0.5261
vn -0.8445 -0.1026 -0.5257
vn -0.8806 -0.0373 -0.4724
vn -0.9013 -0.0139 -0.4329
vn -0.8977 -0.0078 -0.4406
vn -0.8919 0.0410 -0.4504
vn -0.8754 0.0819 -0.4765
vn -0.8621 0.0842 -0.4996
vn -0.8577 0.1014 -0.5041
vn -0.8637 0.1417 -0.4837
vn -0.8738 0.1750 -0.4538
vn -0.8923 0.2229 -0.3927
vn -0.9203 0.2400 -0.3090
vn -0.9374 0.1292 -0.3234
vn -0.9134 0.0018 -0.4071
vn -0.8928 0.0288 -0.4495
vn -0.9101 0.1627 -0.3812
vn -0.9617 0.1721 -0.2135
vn -0.9606 0.1503 -0.2337
vn -0.5343 0.2781 -0.7982
vn -0.4334 0.3046 -0.8482
vn -0.3499 0.3333 -0.8755
vn -0.2361 0.3481 -0.9072
vn -0.1578 0.3605 -0.9193
vn -0.6440 0.2265 -0.7308
vn -0.7599 0.1476 -0.6330
vn -0.8295 0.0907 -0.5511
vn -0.8808 0.0594 -0.4697
vn 0.4316 -0.6222 -0.6531
vn 0.3770 -0.6453 -0.6644
vn 0.1933 0.1067 -0.9753
vn 0.2333 0.0582 -0.9707
vn 0.2560 0.0325 -0.9661
vn -0.0405 0.0035 -0.9992
vn -0.6226 0.1053 -0.7754
vn 0.6765 -0.0769 -0.7324
vn 0.4417 -0.0654 -0.8948
vn 0.3759 -0.5930 -0.7121
vn 0.3638 -0.6674 -0.6498
vn 0.1484 0.1647 -0.9751
vn 0.1666 0.1317 -0.9772
vn -0.8981 0.0686 -0.4343
vn -0.8882 0.0423 -0.4575
vn -0.9283 0.1187 -0.3524
vn 0.6079 -0.4030 -0.6841
vn -0.1694 0.3281 -0.9293
vn 0.6238 -0.3098 -0.7175
vn 0.6952 -0.2158 -0.6857
vn 0.1394 0.2346 -0.9621
vn 0.7592 -0.0660 -0.6475
vn 0.2402 0.0088 -0.9707
vn 0.5112 -0.5433 -0.6659
vn 0.7577 -0.1176 -0.6419
vn 0.7695 -0.0922 -0.6319
vn -0.9060 0.0528 -0.4199
vn 0.3419 -0.5135 -0.7871
vn 0.5295 -0.5045 -0.6820
vn 0.3002 -0.4560 -0.8378
vn 0.2108 0.0386 -0.9768
vn 0.0666 0.2828 -0.9569
vn 0.2503 -0.2658 -0.9310
vn 0.1821 -0.1458 -0.9724
vn 0.1326 -0.0882 -0.9872
vn -0.0734 0.2724 -0.9594
vn -0.9157 0.0921 -0.3911
vn -0.9127 0.1530 -0.3789
vn -0.8933 0.1808 -0.4115
vn -0.8768 0.1557 -0.4549
vn -0.8697 0.1526 -0.4695
vn -0.8618 0.1142 -0.4942
vn -0.8615 0.1010 -0.4975
vn -0.8634 0.0950 -0.4955
vn -0.8684 0.0917 -0.4874
vn -0.8504 0.0343 -0.5250
vn -0.8321 -0.0196 -0.5542
vn -0.8359 -0.0268 -0.5482
vn -0.8189 -0.0419 -0.5724
vn -0.8016 -0.0882 -0.5913
vn -0.7936 -0.1140 -0.5977
vn -0.7878 -0.1201 -0.6041
vn -0.7838 -0.1172 -0.6099
vn -0.7981 -0.1014 -0.5940
vn -0.8501 -0.0185 -0.5264
vn -0.8711 0.0245 -0.4905
vn 0.6465 -0.0710 -0.7596
vn 0.2649 -0.0418 -0.9634
vn -0.5856 0.2369 -0.7752
vn -0.6897 0.1766 -0.7023
vn -0.4802 0.2763 -0.8325
vn -0.3083 0.3186 -0.8963
vn -0.7818 0.1293 -0.6099
vn -0.8271 0.0986 -0.5534
vn -0.8634 0.0812 -0.4980
vn 0.4636 -0.5799 -0.6699
vn 0.4776 -0.5768 -0.6628
vn -0.9602 0.1729 -0.2192
vn -0.9432 0.1405 -0.3011
vn -0.9324 0.1760 -0.3157
vn -0.2373 0.0414 -0.9706
vn -0.7369 0.1276 -0.6638
vn 0.3357 -0.6074 -0.7200
vn 0.4053 -0.6188 -0.6729
vn 0.1088 0.1138 -0.9875
vn 0.0861 0.1136 -0.9898
vn 0.1311 0.0699 -0.9889
vn 0.1094 0.1663 -0.9800
vn 0.1099 0.1474 -0.9830
vn 0.4945 -0.5304 -0.6886
vn -0.8046 -0.0700 -0.5897
vn -0.7753 -0.1150 -0.6211
vn -0.7734 -0.1215 -0.6222
vn 0.7107 -0.1507 -0.6872
vn -0.7809 -0.1151 -0.6139
vn -0.3768 0.2567 -0.8900
vn -0.7974 -0.0888 -0.5968
vn 0.1028 0.0596 -0.9929
vn 0.0954 -0.0063 -0.9954
vn 0.7468 -0.0717 -0.6612
vn 0.7566 -0.0500 -0.6520
vn -0.1318 0.2837 -0.9498
vn 0.5269 -0.4477 -0.7225
vn 0.5904 -0.3263 -0.7382
vn 0.2930 -0.5186 -0.8032
vn 0.0677 0.2050 -0.9764
vn -0.9045 0.0883 -0.4172
vn -0.8096 -0.0577 -0.5842
vn -0.8149 -0.0255 -0.5791
vn -0.8177 -0.0151 -0.5755
vn -0.8065 -0.0215 -0.5908
vn -0.8345 0.0403 -0.5496
vn -0.8557 0.0915 -0.5093
vn -0.8557 0.0912 -0.5094
vn -0.8621 0.1071 -0.4952
vn -0.8659 0.1280 -0.4835
vn -0.8886 0.0765 -0.4523
vn -0.8896 0.1031 -0.4449
vn -0.2364 0.2991 -0.9245
vn 0.0615 0.0135 -0.9980
vn -0.0144 0.2285 -0.9734
vn -0.0918 0.2332 -0.9681
vn -0.8915 0.1220 -0.4363
vn -0.8822 0.1406 -0.4493
vn -0.8734 0.1378 -0.4670
vn -0.0072 0.1244 -0.9922
vn 0.0127 0.1198 -0.9927
vn 0.0028 0.0828 -0.9966
vn -0.9429 0.1829 -0.2783
vn -0.9492 0.1478 -0.2777
vn -0.9071 0.0888 -0.4114
vn -0.4473 0.0763 -0.8911
vn -0.8077 0.1535 -0.5693
vn 0.0711 -0.0960 -0.9928
vn 0.0917 -0.1388 -0.9861
vn 0.1417 -0.3141 -0.9387
vn 0.2150 -0.4704 -0.8559
vn -0.8391 0.1173 -0.5312
vn -0.8698 0.1099 -0.4810
vn -0.7887 0.1491 -0.5965
vn -0.6992 0.1722 -0.6939
vn -0.6167 0.2072 -0.7594
vn -0.4844 0.2328 -0.8433
vn -0.4040 0.0808 -0.9112
vn 0.0198 0.0274 -0.9994
vn 0.3140 -0.0597 -0.9475
vn -0.0248 0.1848 -0.9825
vn -0.0129 0.1299 -0.9914
vn 0.3850 -0.5733 -0.7233
vn 0.4427 -0.5946 -0.6711
vn -0.8793 0.0419 -0.4744
vn 0.4457 -0.5814 -0.6807
vn 0.3844 -0.6111 -0.6920
vn 0.4467 -0.5040 -0.7392
vn -0.8264 -0.0322 -0.5622
vn -0.7737 -0.1005 -0.6255
vn -0.7572 -0.1189 -0.6423
vn -0.7607 -0.1283 -0.6363
vn -0.3771 0.2194 -0.8998
vn -0.7876 -0.1016 -0.6077
vn 0.0209 -0.0153 -0.9997
vn -0.1475 0.2472 -0.9577
vn -0.0009 0.0704 -0.9975
vn -0.8022 -0.0720 -0.5927
vn -0.8223 -0.0294 -0.5683
vn -0.8301 -0.0005 -0.5576
vn -0.8188 -0.0062 -0.5740
vn -0.8325 0.0460 -0.5521
vn -0.8459 0.0730 -0.5283
vn -0.8544 0.0900 -0.5118
vn -0.8611 0.1106 -0.4963
vn -0.8680 0.1194 -0.4819
vn -0.8749 0.1227 -0.4684
vn -0.2707 0.2360 -0.9333
vn -0.8794 0.1151 -0.4619
vn 0.7084 -0.0619 -0.7031
vn 0.6378 -0.2308 -0.7348
vn 0.7114 -0.1129 -0.6937
vn 0.3231 -0.5867 -0.7425
vn -0.1419 0.1769 -0.9739
vn -0.1237 0.1525 -0.9805
vn -0.0090 0.0511 -0.9987
vn -0.1780 0.0105 -0.9840
vn -0.0759 -0.1122 -0.9908
vn -0.0370 -0.1677 -0.9851
vn -0.0470 -0.3360 -0.9407
vn 0.0643 -0.4719 -0.8793
vn 0.0707 -0.5006 -0.8628
vn -0.9427 0.1810 -0.2804
vn -0.9375 0.1559 -0.3112
vn -0.8828 0.0582 -0.4661
vn -0.5709 0.2198 -0.7911
vn -0.6350 0.1982 -0.7467
vn -0.6953 0.1751 -0.6970
vn -0.7784 0.1548 -0.6084
vn -0.8259 0.1327 -0.5480
vn -0.8514 0.1222 -0.5101
vn -0.8479 0.1601 -0.5054
vn -0.0430 0.1205 -0.9918
vn -0.0191 0.0900 -0.9958
vn -0.0743 0.1677 -0.9830
vn 0.2438 -0.6412 -0.7276
vn 0.1302 -0.5582 -0.8195
vn 0.4879 -0.4205 -0.7650
vn 0.5316 -0.3238 -0.7826
vn -0.8467 -0.0030 -0.5321
vn -0.7851 -0.0924 -0.6124
vn -0.3958 0.2142 -0.8930
vn -0.0373 0.0551 -0.9978
vn 0.5422 -0.2661 -0.7970
vn -0.1832 0.1966 -0.9632
vn -0.3200 0.1932 -0.9275
vn 0.7639 -0.0781 -0.6406
vn -0.7629 -0.1338 -0.6326
vn -0.7734 -0.1109 -0.6241
vn -0.1832 -0.0296 -0.9826
vn 0.4371 -0.0706 -0.8967
vn -0.1492 0.0469 -0.9877
vn 0.1642 -0.4654 -0.8697
vn 0.3034 -0.5472 -0.7801
vn 0.3090 -0.4427 -0.8417
vn -0.8364 0.0377 -0.5469
vn -0.8347 0.0146 -0.5505
vn -0.8368 0.0056 -0.5474
vn -0.8242 -0.0184 -0.5659
vn -0.0455 -0.1527 -0.9872
vn -0.1813 -0.0528 -0.9820
vn 0.1258 -0.2844 -0.9504
vn 0.1082 -0.4184 -0.9018
vn -0.9079 0.0968 -0.4078
vn -0.8037 -0.0595 -0.5920
vn -0.9394 0.1774 -0.2933
vn -0.8252 0.1238 -0.5511
vn -0.8421 0.1178 -0.5263
vn -0.7614 0.1422 -0.6324
vn -0.6855 0.1491 -0.7126
vn -0.6462 0.1627 -0.7456
vn -0.6211 0.1784 -0.7632
vn -0.7795 0.1479 -0.6087
vn -0.8469 0.0607 -0.5283
vn -0.8553 0.0785 -0.5122
vn -0.8580 0.1001 -0.5037
vn -0.8609 0.1059 -0.4977
vn -0.8590 0.1138 -0.4991
vn -0.8688 0.1196 -0.4805
vn -0.1855 0.1788 -0.9662
vn -0.1767 0.1307 -0.9755
vn -0.1615 0.0753 -0.9840
vn -0.2296 0.1624 -0.9596
vn -0.2400 0.1819 -0.9536
vn -0.7615 -0.1282 -0.6354
vn -0.7713 -0.1133 -0.6264
vn -0.8417 0.0350 -0.5388
vn -0.1550 0.0536 -0.9865
vn -0.4649 0.1867 -0.8655
vn 0.4403 -0.3278 -0.8359
vn 0.7214 -0.0869 -0.6871
vn 0.6644 -0.1852 -0.7240
vn -0.8249 -0.0289 -0.5645
vn -0.9304 0.1472 -0.3357
vn -0.3277 0.1768 -0.9281
vn -0.3335 0.1568 -0.9296
vn -0.8395 0.0202 -0.5429
vn -0.8131 -0.0333 -0.5812
vn -0.3706 0.1666 -0.9137
vn -0.8097 -0.0372 -0.5857
vn -0.7924 -0.0712 -0.6058
vn 0.0664 -0.0004 -0.9978
vn -0.4747 0.0749 -0.8769
vn -0.8577 0.1549 -0.4903
vn -0.8289 0.0443 -0.5577
vn -0.8262 0.0688 -0.5591
vn -0.8244 0.0894 -0.5589
vn -0.8363 0.0989 -0.5393
vn -0.8360 0.1088 -0.5379
vn -0.0214 0.0368 -0.9991
vn -0.1563 0.0814 -0.9843
vn -0.2611 -0.0264 -0.9650
vn -0.6440 0.1335 -0.7533
vn -0.6653 0.1408 -0.7332
vn -0.5930 0.1362 -0.7936
vn -0.7343 0.1146 -0.6691
vn -0.8126 0.1064 -0.5730
vn -0.8284 0.1178 -0.5477
vn 0.3871 -0.2680 -0.8823
vn 0.4521 -0.2705 -0.8500
vn -0.2863 0.0359 -0.9575
vn -0.3163 0.1301 -0.9397
vn -0.3050 0.0786 -0.9491
vn -0.3280 0.1476 -0.9331
vn -0.3772 0.1505 -0.9138
vn 0.5761 -0.0729 -0.8141
vn 0.6449 -0.1890 -0.7405
vn 0.3169 -0.1139 -0.9416
vn 0.1791 -0.0617 -0.9819
vn -0.2894 0.0658 -0.9550
vn -0.4284 0.1399 -0.8927
vn -0.8245 0.0328 -0.5648
vn -0.2614 0.0276 -0.9648
vn -0.7681 -0.0964 -0.6330
vn -0.7880 -0.0175 -0.6155
vn -0.7747 -0.0658 -0.6289
vn -0.7753 -0.0750 -0.6271
vn -0.7457 -0.1147 -0.6564
vn -0.7781 -0.0627 -0.6250
vn -0.9060 0.0941 -0.4127
vn 0.5688 -0.1277 -0.8125
vn 0.4141 -0.0902 -0.9057
vn -0.8039 0.0852 -0.5887
vn -0.8008 0.1198 -0.5868
vn -0.7874 0.0611 -0.6134
vn -0.7755 0.0628 -0.6283
vn -0.7901 0.0420 -0.6115
vn -0.3709 0.0452 -0.9276
vn -0.3863 0.0943 -0.9176
vn -0.3461 0.1216 -0.9303
vn -0.3509 0.0962 -0.9315
vn -0.3543 0.1314 -0.9258
vn -0.6582 0.1161 -0.7438
vn -0.7292 0.1185 -0.6739
vn -0.6233 0.1219 -0.7725
vn -0.5844 0.1161 -0.8031
vn -0.2250 0.1314 -0.9655
vn -0.3842 0.1334 -0.9135
vn -0.4886 0.0647 -0.8701
vn -0.8830 0.1567 -0.4424
vn 0.1621 -0.0405 -0.9859
vn 0.0576 0.0123 -0.9983
vn -0.3823 0.0699 -0.9214
vn -0.4503 0.1529 -0.8797
vn -0.5405 0.0797 -0.8376
vn -0.4044 0.0151 -0.9145
vn -0.7315 -0.1074 -0.6734
vn -0.7820 0.0252 -0.6228
vn -0.7513 -0.0834 -0.6546
vn -0.3999 0.1285 -0.9075
vn -0.4360 0.0951 -0.8949
vn -0.7102 0.1063 -0.6959
vn -0.6231 0.1121 -0.7741
vn -0.5922 0.0941 -0.8003
vn -0.4899 0.1053 -0.8654
vn -0.7495 -0.0960 -0.6550
vn -0.7080 0.0521 -0.7043
vn -0.0656 0.0822 -0.9944
vn -0.7227 0.0532 -0.6892
vn -0.7458 0.0310 -0.6655
vn -0.7336 -0.0266 -0.6790
vn -0.7429 -0.0456 -0.6678
vn -0.8620 0.0327 -0.5058
vn -0.6566 0.1167 -0.7452
vn -0.8986 0.1451 -0.4142
vn -0.5154 0.0811 -0.8531
vn -0.5554 0.0381 -0.8307
vn -0.1419 0.0349 -0.9893
vn -0.5488 0.1446 -0.8234
vn -0.6736 0.1249 -0.7285
vn -0.4865 0.0915 -0.8689
vn -0.7306 -0.1143 -0.6732
vn -0.5768 0.0371 -0.8160
vn -0.5329 0.1375 -0.8349
vn -0.3505 0.0971 -0.9315
vn -0.6902 0.1366 -0.7106
vn -0.8764 0.1198 -0.4665
vn -0.6455 0.0284 -0.7632
vn -0.7745 0.1160 -0.6218
vn -0.7114 0.0201 -0.7026
vn -0.7716 -0.0370 -0.6351
vn -0.8738 0.0546 -0.4832
vn -0.5310 0.0872 -0.8429
vn -0.5884 0.0923 -0.8033
vn -0.6831 -0.0178 -0.7301
vn -0.6901 -0.0423 -0.7225
vn -0.6529 0.0494 -0.7558
vn -0.6658 -0.0161 -0.7460
vn -0.6234 0.0529 -0.7801
vn -0.5866 0.0271 -0.8094
vn -0.8170 0.1147 -0.5652
vn -0.5942 0.0209 -0.8040
vn -0.7771 0.0020 -0.6294
vn -0.7065 -0.1216 -0.6972
s 1
f 480//1 168//2 167//3
f 104//4 171//5 170//6
f 515//7 162//8 520//9
f 32//10 33//11 120//12
f 179//13 123//14 124//15
f 123//14 122//16 124//15
f 148//17 69//18 70//19
f 185//20 541//21 516//22
f 123//14 179//13 38//23 125//24
f 178//25 1//26 2//27 111//28
f 1//26 178//25 177//29 110//30
f 10//31 11//32 12//33 119//34
f 121//35 120//12 33//11 34//36
f 124//15 36//37 37//38 179//13
f 126//39 125//24 38//23 39//40
f 148//17 147//41 66//42 67//43
f 65//44 66//42 147//41 146//45
f 67//43 68//46 69//18 148//17
f 154//47 79//48 80//49 155//50
f 78//51 79//48 154//47 153//52
f 165//53 94//54 95//55 98//56
f 93//57 94//54 165//53 164//58
f 95//55 96//59 97//60 98//56
f 165//53 98//56 99//61 166//62
f 103//63 104//4 170//6 169//64
f 171//5 104//4 105//65 172//66
f 2//27 3//67 112//68 111//28
f 3//67 4//69 113//70 112//68
f 4//69 5//71 114//72 113//70
f 5//71 6//73 115//74 114//72
f 6//73 7//75 116//76 115//74
f 7//75 8//77 117//78 116//76
f 8//77 9//79 118//80 117//78
f 9//79 10//31 119//34 118//80
f 119//34 12//33 13//81 474//82
f 34//36 35//83 122//16 121//35
f 35//83 36//37 124//15 122//16
f 71//84 147//41 148//17 70//19
f 71//84 72//85 149//86 147//41
f 72//85 73//87 150//88 149//86
f 150//88 73//87 74//89 151//90
f 74//89 75//91 475//92 151//90
f 475//92 75//91 76//93 476//94
f 76//93 77//95 477//96 476//94
f 477//96 77//95 78//51 153//52
f 80//49 81//97 478//98 155//50
f 81//97 82//99 479//100 478//98
f 166//62 99//61 100//101 167//3
f 100//101 101//102 480//1 167//3
f 480//1 101//102 102//103 168//2
f 102//103 103//63 169//64 168//2
f 172//66 105//65 106//104 173//105
f 173//105 106//104 107//106 174//107
f 174//107 107//106 108//108 175//109
f 175//109 108//108 109//110 176//111
f 176//111 109//110 110//30 177//29
f 122//16 123//14 125//24 481//112
f 481//112 125//24 126//39 482//113
f 146//45 147//41 149//86 195//114
f 195//114 149//86 150//88 483//115
f 483//115 150//88 151//90 484//116
f 477//96 153//52 152//117 476//94
f 152//117 151//90 475//92 476//94
f 484//116 151//90 152//117 485//118
f 485//118 152//117 153//52 486//119
f 486//119 153//52 154//47 487//120
f 487//120 154//47 155//50 488//121
f 164//58 165//53 166//62 489//122
f 489//122 166//62 167//3 490//123
f 490//123 167//3 168//2 491//124
f 168//2 169//64 492//125 491//124
f 169//64 170//6 493//126 492//125
f 170//6 171//5 204//127 493//126
f 204//127 171//5 172//66 494//128
f 494//128 172//66 173//105 495//129
f 495//129 173//105 174//107 496//130
f 174//107 175//109 497//131 496//130
f 175//109 176//111 498//132 497//131
f 176//111 177//29 499//133 498//132
f 177//29 178//25 500//134 499//133
f 178//25 111//28 501//135 500//134
f 111//28 112//68 502//136 501//135
f 112//68 113//70 503//137 502//136
f 113//70 114//72 504//138 503//137
f 114//72 115//74 505//139 504//138
f 115//74 116//76 506//140 505//139
f 116//76 117//78 507//141 506//140
f 117//78 118//80 508//142 507//141
f 118//80 119//34 474//82 508//142
f 146//45 63//143 64//144 65//44
f 145//145 62//146 63//143 146//45
f 62//146 145//145 144//147 61//148
f 144//147 143//149 60//150 61//148
f 143//149 58//151 59//152 60//150
f 142//153 57//154 58//151 143//149
f 57//154 142//153 141//155 56//156
f 141//155 140//157 55//158 56//156
f 140//157 53//159 54//160 55//158
f 139//161 52//162 53//159 140//157
f 52//162 139//161 138//163 51//164
f 138//163 137//165 50//166 51//164
f 137//165 48//167 49//168 50//166
f 136//169 47//170 48//167 137//165
f 136//169 135//171 46//172 47//170
f 135//171 134//173 45//174 46//172
f 134//173 133//175 44//176 45//174
f 133//175 132//177 43//178 44//176
f 132//177 131//179 42//180 43//178
f 131//179 130//181 41//182 42//180
f 130//181 129//183 40//184 41//182
f 40//184 129//183 128//185 39//40
f 127//186 126//39 39//40 128//185
f 482//113 126//39 127//186 184//187
f 184//187 127//186 128//185 222//188
f 222//188 128//185 129//183 223//189
f 223//189 129//183 130//181 243//190
f 243//190 130//181 131//179 509//191
f 509//191 131//179 132//177 268//192
f 268//192 132//177 133//175 510//193
f 510//193 133//175 134//173 511//194
f 511//194 134//173 135//171 512//195
f 512//195 135//171 136//169 513//196
f 514//197 164//58 163//198
f 92//199 93//57 164//58 514//197
f 91//200 92//199 514//197 515//7
f 185//20 121//35 122//16 481//112
f 516//22 120//12 121//35 185//20
f 32//10 120//12 516//22 31//201
f 156//202 155//50 478//98 479//100
f 488//121 155//50 156//202 517//203
f 518//204 157//205 156//202 479//100
f 517//203 156//202 157//205 196//206
f 158//207 157//205 84//208 85//209
f 85//209 86//210 159//211 158//207
f 86//210 87//212 160//213 159//211
f 160//213 87//212 88//214 161//215
f 88//214 89//216 519//217 161//215
f 519//217 89//216 90//218 520//9
f 196//206 157//205 158//207 208//219
f 208//219 158//207 159//211 521//220
f 159//211 160//213 522//221 521//220
f 160//213 161//215 523//222 522//221
f 83//223 84//208 157//205 518//204
f 162//8 161//215 519//217 520//9
f 161//215 162//8 524//224 523//222
f 163//198 162//8 515//7 514//197
f 162//8 163//198 525//225 524//224
f 226//226 14//227 15//228 245//229
f 526//230 16//231 17//232 246//233
f 246//233 17//232 18//234 527//235
f 527//235 18//234 19//236 274//237
f 274//237 19//236 20//238 528//239
f 21//240 22//241 530//242 529//243
f 23//244 24//245 532//246 531//247
f 25//248 26//249 533//250 534//251
f 27//252 28//253 228//254 535//255
f 28//253 29//256 206//257 228//254
f 29//256 30//258 192//259 206//257
f 536//260 137//165 138//163 315//261
f 138//163 139//161 314//262 315//261
f 140//157 141//155 537//263 266//264
f 141//155 142//153 538//265 537//263
f 143//149 144//147 539//266 203//267
f 144//147 145//145 540//268 539//266
f 474//82 13//81 14//227 226//226
f 82//99 83//223 518//204 479//100
f 90//218 91//200 515//7 520//9
f 513//196 136//169 137//165 536//260
f 139//161 140//157 266//264 314//262
f 142//153 143//149 203//267 538//265
f 145//145 146//45 195//114 540//268
f 163//198 164//58 489//122 525//225
f 185//20 481//112 482//113 541//21
f 525//225 489//122 490//123 542//269
f 482//113 184//187 191//270 541//21
f 184//187 222//188 183//271 191//270
f 542//269 490//123 491//124 543//272
f 491//124 492//125 544//273 543//272
f 540//268 195//114 483//115 545//274
f 545//274 483//115 484//116 546//275
f 546//275 484//116 485//118 547//276
f 547//276 485//118 486//119 548//277
f 492//125 493//126 549//278 544//273
f 548//277 486//119 487//120 550//279
f 550//279 487//120 488//121 212//280
f 212//280 488//121 517//203 551//281
f 493//126 204//127 552//282 549//278
f 551//281 517//203 196//206 257//283
f 257//283 196//206 208//219 553//284
f 553//284 208//219 521//220 214//285
f 214//285 521//220 522//221 554//286
f 554//286 522//221 523//222 555//287
f 555//287 523//222 524//224 556//288
f 556//288 524//224 525//225 542//269
f 183//271 222//188 223//189 557//289
f 557//289 223//189 243//190 271//290
f 271//290 243//190 509//191 335//291
f 335//291 509//191 268//192 333//292
f 16//231 526//230 245//229 15//228
f 21//240 529//243 528//239 20//238
f 22//241 23//244 531//247 530//242
f 24//245 25//248 534//251 269//293
f 27//252 535//255 249//294 26//249
f 31//201 516//22 541//21 30//258
f 508//142 474//82 226//226 558//295
f 507//141 508//142 558//295 201//296
f 539//266 540//268 545//274 207//297
f 506//140 507//141 201//296 559//298
f 505//139 506//140 559//298 250//299
f 504//138 505//139 250//299 193//300
f 503//137 504//138 193//300 252//301
f 502//136 503//137 252//301 560//302
f 501//135 502//136 560//302 561//303
f 500//134 501//135 561//303 263//304
f 499//133 500//134 263//304 262//305
f 498//132 499//133 262//305 562//306
f 497//131 498//132 562//306 563//307
f 496//130 497//131 563//307 205//308
f 495//129 496//130 205//308 564//309
f 494//128 495//129 564//309 189//310
f 204//127 494//128 189//310 552//282
f 203//267 539//266 207//297 565//311
f 532//246 24//245 269//293 566//312
f 531//247 532//246 566//312 567//313
f 363//314 274//237 528//239 568//315
f 570//316 529//243 530//242 569//317
f 533//250 26//249 249//294 571//318
f 534//251 533//250 571//318 270//319
f 572//320 511//194 512//195 331//321
f 331//321 512//195 513//196 330//322
f 573//323 510//193 511//194 572//320
f 268//192 510//193 573//323 333//292
f 415//324 536//260 315//261 574//325
f 574//325 315//261 314//262 575//326
f 266//264 537//263 264//327 265//328
f 264//327 537//263 538//265 576//329
f 206//257 192//259 577//330 200//331
f 228//254 206//257 200//331 578//332
f 535//255 228//254 578//332 227//333
f 526//230 246//233 579//334 247//335
f 580//336 246//233 527//235 248//337
f 248//337 527//235 274//237 363//314
f 576//329 538//265 203//267 565//311
f 314//262 266//264 265//328 575//326
f 330//322 513//196 536//260 415//324
f 569//317 530//242 531//247 567//313
f 541//21 191//270 192//259 30//258
f 191//270 183//271 577//330 192//259
f 207//297 545//274 546//275 202//338
f 577//330 183//271 557//289 581//339
f 581//339 557//289 271//290 244//340
f 244//340 271//290 335//291 582//341
f 335//291 333//292 583//342 582//341
f 546//275 547//276 217//343 202//338
f 217//343 547//276 548//277 211//344
f 211//344 548//277 550//279 584//345
f 584//345 550//279 212//280 194//346
f 194//346 212//280 551//281 256//347
f 256//347 551//281 257//283 585//348
f 585//348 257//283 553//284 465//349
f 465//349 553//284 214//285 197//350
f 197//350 214//285 554//286 586//351
f 586//351 554//286 555//287 587//352
f 587//352 555//287 556//288 588//353
f 588//353 556//288 542//269 543//272
f 245//229 526//230 247//335 288//354
f 558//295 226//226 245//229 288//354
f 269//293 534//251 270//319 242//355
f 249//294 535//255 227//333 589//356
f 528//239 529//243 275//357 568//315
f 275//357 529//243 570//316 590//358
f 579//334 246//233 580//336 273//359
f 200//331 577//330 581//339 591//360
f 565//311 207//297 202//338 218//361
f 571//318 249//294 589//356 336//362
f 592//363 566//312 269//293 242//355
f 567//313 566//312 592//363 593//364
f 270//319 571//318 336//362 594//365
f 578//332 200//331 591//360 357//366
f 595//367 227//333 578//332 357//366
f 250//299 559//298 190//368 596//369
f 559//298 201//296 230//370 190//368
f 230//370 201//296 558//295 288//354
f 193//300 250//299 596//369 251//371
f 252//301 193//300 251//371 229//372
f 560//302 252//301 229//372 254//373
f 561//303 560//302 254//373 597//374
f 263//304 561//303 597//374 199//375
f 262//305 263//304 199//375 340//376
f 562//306 262//305 340//376 231//377
f 563//307 562//306 231//377 198//378
f 205//308 563//307 198//378 598//379
f 564//309 205//308 598//379 384//380
f 189//310 564//309 384//380 383//381
f 552//282 189//310 383//381 209//382
f 549//278 552//282 209//382 599//383
f 237//384 544//273 549//278 599//383
f 233//385 543//272 544//273 237//384
f 334//386 333//292 573//323 354//387
f 354//387 573//323 572//320 600//388
f 600//388 572//320 331//321 601//389
f 601//389 331//321 330//322 602//390
f 224//391 247//335 579//334 603//392
f 362//393 248//337 363//314 604//394
f 604//394 363//314 568//315 382//395
f 580//336 248//337 362//393 605//396
f 606//397 264//327 576//329 299//398
f 607//399 265//328 264//327 606//397
f 469//400 574//325 575//326 348//401
f 414//402 415//324 574//325 469//400
f 379//403 570//316 569//317 608//404
f 299//398 576//329 565//311 218//361
f 575//326 265//328 607//399 348//401
f 602//390 330//322 415//324 414//402
f 608//404 569//317 567//313 593//364
f 588//353 543//272 233//385 609//405
f 202//338 217//343 213//406 218//361
f 217//343 211//344 219//407 213//406
f 591//360 581//339 244//340 182//408
f 288//354 247//335 224//391 610//409
f 233//385 237//384 235//410 609//405
f 237//384 599//383 238//411 235//410
f 590//358 570//316 379//403 381//412
f 382//395 568//315 275//357 590//358
f 583//342 333//292 334//386 376//413
f 603//392 579//334 273//359 611//414
f 219//407 211//344 584//345 612//415
f 612//415 584//345 194//346 613//416
f 613//416 194//346 256//347 614//417
f 614//417 256//347 585//348 615//418
f 615//418 585//348 465//349 258//419
f 258//419 465//349 197//350 301//420
f 270//319 594//365 359//421 242//355
f 592//363 242//355 378//422 593//364
f 589//356 227//333 595//367 356//423
f 238//411 599//383 209//382 181//424
f 209//382 383//381 616//425 181//424
f 383//381 384//380 617//426 616//425
f 384//380 598//379 618//427 617//426
f 598//379 198//378 210//428 618//427
f 198//378 231//377 619//429 210//428
f 231//377 340//376 278//430 619//429
f 340//376 199//375 620//431 278//430
f 199//375 597//374 621//432 620//431
f 597//374 254//373 622//433 621//432
f 254//373 229//372 339//434 622//433
f 229//372 251//371 623//435 339//434
f 251//371 596//369 624//436 623//435
f 596//369 190//368 255//437 624//436
f 190//368 230//370 186//438 255//437
f 230//370 288//354 610//409 186//438
f 224//391 603//392 625//439 610//409
f 580//336 605//396 626//440 273//359
f 357//366 591//360 182//408 627//441
f 336//362 589//356 356//423 358//442
f 594//365 336//362 358//442 221//443
f 595//367 357//366 627//441 356//423
f 587//352 588//353 232//444 628//445
f 586//351 587//352 628//445 260//446
f 301//420 197//350 586//351 260//446
f 582//341 583//342 375//447 338//448
f 182//408 244//340 582//341 338//448
f 349//449 607//399 606//397 329//450
f 606//397 299//398 215//451 329//450
f 469//400 348//401 629//452 630//453
f 414//402 469//400 630//453 471//454
f 412//455 600//388 601//389 410//456
f 410//456 601//389 602//390 631//457
f 332//458 354//387 600//388 412//455
f 377//459 334//386 354//387 332//458
f 632//460 379//403 608//404 360//461
f 432//462 362//393 604//394 361//463
f 604//394 382//395 633//464 361//463
f 633//464 382//395 590//358 381//412
f 360//461 608//404 593//364 378//422
f 631//457 602//390 414//402 471//454
f 299//398 218//361 240//465 215//451
f 240//465 218//361 213//406 634//466
f 634//466 213//406 219//407 216//467
f 375//447 583//342 376//413 374//468
f 607//399 349//449 635//469 348//401
f 378//422 242//355 359//421 636//470
f 627//441 182//408 338//448 272//471
f 216//467 219//407 612//415 311//472
f 311//472 612//415 613//416 261//473
f 273//359 626//440 637//474 611//414
f 625//439 603//392 611//414 289//475
f 261//473 613//416 614//417 320//476
f 320//476 614//417 615//418 350//477
f 350//477 615//418 258//419 638//478
f 638//478 258//419 301//420 639//479
f 639//479 301//420 260//446 259//480
f 259//480 260//446 628//445 234//481
f 234//481 628//445 232//444 236//482
f 334//386 377//459 640//483 376//413
f 594//365 221//443 641//484 359//421
f 338//448 375//447 395//485 272//471
f 362//393 432//462 428//486 605//396
f 186//438 610//409 625//439 292//487
f 232//444 588//353 609//405 236//482
f 236//482 609//405 235//410 302//488
f 235//410 238//411 303//489 302//488
f 238//411 181//424 642//490 303//489
f 626//440 605//396 225//491 643//492
f 379//403 632//460 644//493 381//412
f 255//437 186//438 292//487 645//494
f 624//436 255//437 645//494 343//495
f 623//435 624//436 343//495 291//496
f 339//434 623//435 291//496 646//497
f 622//433 339//434 646//497 647//498
f 621//432 622//433 647//498 648//499
f 620//431 621//432 648//499 277//500
f 278//430 620//431 277//500 341//501
f 619//429 278//430 341//501 649//502
f 210//428 619//429 649//502 368//503
f 618//427 210//428 368//503 385//504
f 617//426 618//427 385//504 386//505
f 616//425 617//426 386//505 650//506
f 366//507 181//424 616//425 650//506
f 358//442 356//423 627//441 272//471
f 651//508 221//443 358//442 272//471
f 428//486 652//509 225//491 605//396
f 629//452 348//401 635//469 325//510
f 433//511 361//463 633//464 381//412
f 425//512 432//462 361//463 433//511
f 329//450 215//451 653//513 654//514
f 655//515 349//449 329//450 654//514
f 656//516 630//453 629//452 657//517
f 409//518 377//459 332//458 658//519
f 658//519 332//458 412//455 241//520
f 241//520 412//455 410//456 411//521
f 411//521 410//456 631//457 413//522
f 632//460 360//461 337//523 380//524
f 360//461 378//422 636//470 337//523
f 215//451 240//465 659//525 653//513
f 240//465 634//466 239//526 659//525
f 637//474 626//440 643//492 660//527
f 289//475 611//414 637//474 660//527
f 236//482 302//488 661//528 234//481
f 239//526 634//466 216//467 313//529
f 313//529 216//467 311//472 312//530
f 312//530 311//472 261//473 662//531
f 651//508 272//471 395//485 663//532
f 395//485 375//447 374//468 663//532
f 302//488 303//489 347//533 661//528
f 662//531 261//473 320//476 664//534
f 664//534 320//476 350//477 319//535
f 319//535 350//477 638//478 300//536
f 300//536 638//478 639//479 467//537
f 467//537 639//479 259//480 309//538
f 309//538 259//480 234//481 661//528
f 377//459 409//518 407//539 640//483
f 376//413 640//483 665//540 374//468
f 644//493 632//460 380//524 430//541
f 631//457 471//454 666//542 413//522
f 428//486 432//462 425//512 434//543
f 292//487 625//439 289//475 667//544
f 657//517 629//452 325//510 321//545
f 433//511 381//412 644//493 668//546
f 636//470 359//421 641//484 404//547
f 642//490 181//424 366//507 305//548
f 347//533 303//489 642//490 305//548
f 221//443 651//508 669//549 641//484
f 635//469 349//449 655//515 325//510
f 425//512 433//511 668//546 670//550
f 645//494 292//487 667//544 290//551
f 343//495 645//494 290//551 346//552
f 671//553 291//496 343//495 346//552
f 646//497 291//496 671//553 293//554
f 647//498 646//497 293//554 672//555
f 648//499 647//498 672//555 279//556
f 277//500 648//499 279//556 276//557
f 341//501 277//500 276//557 283//558
f 649//502 341//501 283//558 342//559
f 368//503 649//502 342//559 396//560
f 385//504 368//503 396//560 387//561
f 386//505 385//504 387//561 388//562
f 650//506 386//505 388//562 365//563
f 366//507 650//506 365//563 304//564
f 652//509 428//486 434//543 427//565
f 417//566 241//520 411//521 673//567
f 673//567 411//521 413//522 353//568
f 419//569 658//519 241//520 417//566
f 355//570 409//518 658//519 419//569
f 351//571 655//515 654//514 317//572
f 317//572 654//514 653//513 316//573
f 380//524 337//523 394//574 674//575
f 643//492 225//491 675//576 698//577
f 656//516 657//517 472//578 470//579
f 630//453 656//516 470//579 471//454
f 337//523 636//470 404//547 394//574
f 321//545 325//510 655//515 351//571
f 316//573 653//513 659//525 187//580
f 652//509 427//565 675//576 225//491
f 667//544 289//475 660//527 345//581
f 661//528 347//533 306//582 309//538
f 305//548 366//507 304//564 703//583
f 347//533 305//548 703//583 306//582
f 409//518 355//570 676//584 407//539
f 668//546 644//493 430//541 446//585
f 640//483 407//539 373//586 665//540
f 353//568 413//522 666//542 401//587
f 425//512 670//550 677//588 434//543
f 666//542 471//454 470//579 678//589
f 678//589 470//579 472//578 402//590
f 643//492 698//577 345//581 660//527
f 641//484 669//549 679//591 404//547
f 657//517 321//545 680//592 472//578
f 187//580 659//525 239//526 313//529
f 313//529 312//530 681//593 187//580
f 312//530 662//531 682//594 681//593
f 662//531 664//534 683//595 682//594
f 664//534 319//535 684//596 683//595
f 319//535 300//536 468//597 684//596
f 468//597 300//536 467//537 466//598
f 467//537 309//538 306//582 466//598
f 669//549 651//508 663//532 403//599
f 663//532 374//468 665//540 403//599
f 430//541 380//524 674//575 720//600
f 670//550 668//546 446//585 685//601
f 290//551 667//544 345//581 346//552
f 279//556 672//555 253//602 282//603
f 672//555 293//554 686//604 253//602
f 293//554 671//553 687//605 686//604
f 671//553 346//552 688//606 687//605
f 281//607 276//557 279//556 282//603
f 283//558 276//557 281//607 188//608
f 342//559 283//558 188//608 310//609
f 396//560 342//559 310//609 389//610
f 387//561 396//560 389//610 364//611
f 388//562 387//561 364//611 689//612
f 365//563 388//562 689//612 367//613
f 304//564 365//563 367//613 690//614
f 318//615 317//572 316//573 691//616
f 692//617 351//571 317//572 318//615
f 355//570 419//569 693//618 420//619
f 693//618 419//569 417//566 418//620
f 418//620 417//566 673//567 416//621
f 416//621 673//567 353//568 694//622
f 405//623 674//575 394//574 695//624
f 427//565 434//543 696//625 426//626
f 344//627 698//577 675//576 697//628
f 691//616 316//573 187//580 681//593
f 675//576 427//565 426//626 697//628
f 703//583 304//564 690//614 702//629
f 688//606 346//552 345//581 698//577
f 694//622 353//568 401//587 372//630
f 676//584 355//570 420//619 721//631
f 430//541 720//600 699//632 446//585
f 674//575 405//623 721//631 720//600
f 394//574 404//547 679//591 695//624
f 681//593 682//594 700//633 691//616
f 682//594 683//595 326//634 700//633
f 683//595 684//596 327//635 326//634
f 684//596 468//597 701//636 327//635
f 701//636 468//597 466//598 702//629
f 466//598 306//582 703//583 702//629
f 401//587 666//542 678//589 402//590
f 696//625 434//543 677//588 704//637
f 407//539 676//584 705//638 373//586
f 472//578 680//592 323//639 402//590
f 680//592 321//545 351//571 692//617
f 677//588 670//550 685//601 422//640
f 706//641 318//615 691//616 700//633
f 267//642 692//617 318//615 706//641
f 685//601 446//585 699//632 444//643
f 679//591 669//549 403//599 695//624
f 373//586 695//624 403//599 665//540
f 705//638 405//623 695//624 373//586
f 188//608 281//607 284//644 286//645
f 281//607 282//603 707//646 284//644
f 310//609 188//608 286//645 708//647
f 389//610 310//609 708//647 406//648
f 709//649 364//611 389//610 406//648
f 710//650 689//612 364//611 709//649
f 367//613 689//612 710//650 711//651
f 690//614 367//613 711//651 712//652
f 295//653 282//603 253//602 296//654
f 253//602 686//604 441//655 296//654
f 686//604 687//605 440//656 441//655
f 687//605 688//606 437//657 440//656
f 437//657 344//627 697//628 436//658
f 423//659 416//621 694//622 714//660
f 715//661 418//620 416//621 423//659
f 716//662 693//618 418//620 715//661
f 420//619 693//618 716//662 408//663
f 717//664 426//626 696//625 435//665
f 323//639 680//592 692//617 267//642
f 705//638 676//584 721//631 405//623
f 697//628 426//626 717//664 436//658
f 707//646 282//603 295//653 280//666
f 690//614 712//652 718//667 702//629
f 700//633 326//634 322//668 706//641
f 326//634 327//635 719//669 322//668
f 327//635 701//636 180//670 719//669
f 401//587 402//590 393//671 372//630
f 393//671 402//590 323//639 371//672
f 714//660 694//622 372//630 400//673
f 721//631 420//619 408//663 720//600
f 422//640 685//601 444//643 722//674
f 435//665 696//625 704//637 723//675
f 704//637 677//588 422//640 724//676
f 688//606 698//577 344//627 437//657
f 328//677 267//642 706//641 322//668
f 713//678 440//656 437//657 436//658
f 441//655 440//656 713//678 725//679
f 296//654 441//655 725//679 294//680
f 298//681 295//653 296//654 294//680
f 726//682 284//644 707//646 280//666
f 727//683 286//645 284//644 726//682
f 728//684 708//647 286//645 727//683
f 398//685 406//648 708//647 728//684
f 729//686 709//649 406//648 398//685
f 307//687 710//650 709//649 729//686
f 711//651 710//650 307//687 308//688
f 712//652 711//651 308//688 390//689
f 457//690 423//659 714//660 730//691
f 731//692 715//661 423//659 457//690
f 220//693 716//662 715//661 731//692
f 421//694 408//663 716//662 220//693
f 699//632 720//600 408//663 421//694
f 444//643 699//632 421//694 442//695
f 713//678 436//658 461//696 456//697
f 717//664 435//665 461//696 436//658
f 701//636 702//629 718//667 180//670
f 371//672 323//639 267//642 328//677
f 442//695 421//694 220//693 443//698
f 280//666 295//653 298//681 460//699
f 718//667 712//652 390//689 369//700
f 400//673 372//630 393//671 324//701
f 324//701 393//671 371//672 352//702
f 443//698 220//693 731//692 431//703
f 431//703 731//692 457//690 732//704
f 723//675 704//637 724//676 438//705
f 713//678 456//697 733//706 725//679
f 722//674 444//643 442//695 429//707
f 724//676 422//640 722//674 453//708
f 730//691 714//660 400//673 452//709
f 732//704 457//690 730//691 451//710
f 461//696 435//665 723//675 438//705
f 287//711 726//682 280//666 460//699
f 285//712 727//683 726//682 287//711
f 734//713 728//684 727//683 285//712
f 294//680 725//679 733//706 455//714
f 297//715 298//681 294//680 455//714
f 735//716 398//685 728//684 734//713
f 391//717 729//686 398//685 735//716
f 308//688 307//687 729//686 391//717
f 390//689 308//688 391//717 397//718
f 328//677 322//668 370//719 736//720
f 370//719 322//668 719//669 369//700
f 369//700 719//669 180//670 718//667
f 352//702 371//672 328//677 736//720
f 370//719 369//700 390//689 397//718
f 298//681 297//715 737//721 460//699
f 452//709 400//673 324//701 738//722
f 324//701 352//702 739//723 738//722
f 397//718 391//717 735//716 399//724
f 733//706 456//697 454//725 455//714
f 456//697 461//696 438//705 454//725
f 429//707 442//695 443//698 740//726
f 740//726 443//698 431//703 424//727
f 431//703 732//704 447//728 424//727
f 453//708 722//674 429//707 439//729
f 438//705 724//676 453//708 439//729
f 399//724 735//716 734//713 741//730
f 451//710 730//691 452//709 742//731
f 447//728 732//704 451//710 448//732
f 741//730 734//713 285//712 743//733
f 743//733 285//712 287//711 463//734
f 463//734 287//711 460//699 737//721
f 450//735 297//715 455//714 454//725
f 392//736 736//720 370//719 397//718
f 297//715 450//735 458//737 737//721
f 352//702 736//720 392//736 739//723
f 392//736 397//718 399//724 744//738
f 451//710 742//731 445//739 448//732
f 452//709 738//722 459//740 742//731
f 738//722 739//723 462//741 459//740
f 744//738 399//724 741//730 473//742
f 473//742 741//730 743//733 745//743
f 745//743 743//733 463//734 464//744
f 464//744 463//734 737//721 458//737
f 429//707 740//726 746//745 439//729
f 746//745 740//726 424//727 747//746
f 747//746 424//727 447//728 448//732
f 439//729 450//735 454//725 438//705
f 739//723 392//736 744//738 462//741
f 448//732 445//739 748//747 747//746
f 445//739 742//731 459//740 464//744
f 445//739 464//744 458//737 748//747
f 458//737 450//735 449//748 748//747
f 449//748 450//735 439//729 746//745
f 449//748 746//745 747//746 748//747
f 462//741 744//738 473//742 745//743
f 459//740 462//741 745//743 464//744
f 866//749 865//750 930//751
f 865//750 179//13 930//751
f 753//752 868//753 752//754
f 922//755 42//180 923//756
f 838//757 46//172 863//758
f 864//759 837//760 46//761
f 825//762 826//763 824//764
f 840//765 839//766 905//767
f 904//768 839//769 840//770
f 877//771 783//772 878//773
f 886//774 885//775 790//776
f 837//760 864//759 863//777 862//778
f 865//750 929//779 38//23 179//13
f 37//38 749//780 930//751 179//13
f 752//754 868//753 867//781 751//782
f 869//783 773//784 774//785 775//786
f 782//787 783//772 877//771 876//788
f 878//773 783//772 784//789 879//790
f 789//791 790//776 885//775 884//792
f 886//774 790//776 791//793 887//794
f 891//795 796//796 797//797 800//798
f 795//799 796//796 891//795 890//800
f 797//797 798//801 799//802 800//798
f 891//795 800//798 801//803 892//804
f 902//805 814//806 815//807 903//808
f 813//809 814//806 902//805 901//810
f 907//811 827//812 828//813 909//814
f 827//812 907//811 908//815 826//763
f 908//815 823//816 824//764 826//763
f 38//23 929//779 928//817 39//40
f 862//778 861//818 918//819 837//760
f 930//751 749//780 750//820 866//749
f 866//749 750//820 751//782 867//781
f 773//784 869//783 1206//821 772//822
f 775//786 776//823 870//824 869//783
f 776//823 777//825 871//826 870//824
f 777//825 778//827 872//828 871//826
f 778//827 779//829 873//830 872//828
f 779//829 780//831 874//832 873//830
f 780//831 781//833 875//834 874//832
f 781//833 782//787 876//788 875//834
f 784//789 785//835 880//836 879//790
f 785//835 786//837 881//838 880//836
f 786//837 787//839 882//840 881//838
f 787//839 788//841 883//842 882//840
f 788//841 789//791 884//792 883//842
f 887//794 791//793 792//843 888//844
f 888//844 1207//845 889//846
f 792//843 793//847 1207//845 888//844
f 1207//845 793//847 794//848 889//846
f 794//848 795//799 890//800 889//846
f 892//804 1208//849 893//850
f 892//804 801//803 802//851 1208//849
f 1208//849 802//851 803//852 893//850
f 893//850 803//852 804//853 894//854
f 894//854 804//853 805//855 895//856
f 805//855 806//857 1209//858 895//856
f 806//857 807//859 1210//860 1209//858
f 903//808 815//807 816//861 817//862
f 817//862 818//863 904//768 903//808
f 818//863 819//864 839//769 904//768
f 839//766 819//865 820//866 905//767
f 905//767 820//866 821//867 906//868
f 908//815 907//811 906//868 821//867
f 908//815 821//867 822//869 823//816
f 909//814 828//813 829//870 910//871
f 829//870 830//872 911//873 910//871
f 830//872 831//874 912//875 911//873
f 831//874 832//876 913//877 912//875
f 832//876 833//878 914//879 913//877
f 833//878 834//880 915//881 914//879
f 834//880 835//882 916//883 915//881
f 835//882 836//884 917//885 916//883
f 836//884 837//760 918//819 917//885
f 838//757 863//758 864//886 46//172
f 862//887 863//758 46//172 45//174
f 919//888 861//889 862//887 45//174
f 45//174 44//176 920//890 919//888
f 44//176 43//178 921//891 920//890
f 43//178 42//180 922//755 921//891
f 841//892 840//765 905//767 1211//893
f 840//770 841//894 957//895 904//768
f 918//819 861//818 860//896 1212//897
f 1212//897 860//896 859//898 1213//899
f 1213//899 859//898 858//900 1301//901
f 1301//901 858//900 857//902 1023//903
f 1023//903 857//902 856//904 855//905
f 861//889 919//888 1214//906 860//907
f 929//779 865//750 866//749 946//908
f 946//908 866//749 867//781 1215//909
f 867//781 868//753 1216//910 1215//909
f 1216//910 868//753 753//752 754//911
f 1206//821 869//783 870//824 1099//912
f 1099//912 870//824 871//826 1217//913
f 1217//913 871//826 872//828 1218//914
f 1218//914 872//828 873//830 1219//915
f 1219//915 873//830 874//832 1220//916
f 1220//916 874//832 875//834 1122//917
f 875//834 876//788 1221//918 1122//917
f 876//788 877//771 1222//919 1221//918
f 877//771 878//773 1223//920 1222//919
f 1223//920 878//773 879//790 1224//921
f 879//790 880//836 1225//922 1224//921
f 880//836 881//838 1226//923 1225//922
f 881//838 882//840 1227//924 1226//923
f 882//840 883//842 1228//925 1227//924
f 883//842 884//792 963//926 1228//925
f 884//792 885//775 964//927 963//926
f 885//775 886//774 1229//928 964//927
f 1229//928 886//774 887//794 1230//929
f 1230//929 887//794 888//844 1231//930
f 888//844 889//846 1232//931 1231//930
f 889//846 890//800 1233//932 1232//931
f 890//800 891//795 892//804 1233//932
f 1233//932 892//804 893//850 1234//933
f 1234//933 893//850 894//854 1235//934
f 894//854 895//856 1236//935 1235//934
f 901//810 900//936 812//937 813//809
f 1211//893 905//767 906//868 1237//938
f 906//868 907//811 909//814 1237//938
f 1237//938 909//814 910//871 1238//939
f 1238//939 910//871 911//873 1239//940
f 1319//941 1320//942 1322//943
f 1239//940 911//873 912//875 1240//944
f 1240//944 912//875 913//877 1241//945
f 1241//945 913//877 914//879 1242//946
f 914//879 915//881 1243//947 1242//946
f 915//881 916//883 986//948 1243//947
f 916//883 917//885 1318//949 986//948
f 917//885 918//819 1212//897 1318//949
f 919//888 920//890 1244//950 1214//906
f 1244//950 920//890 921//891 1245//951
f 1245//951 921//891 922//755 1246//952
f 39//40 928//817 927//953 926//954
f 926//954 925//955 40//184 39//40
f 40//184 925//955 924//956 41//182
f 41//182 924//956 923//756 42//180
f 922//755 923//756 1247//957 1246//952
f 923//756 924//956 1248//958 1247//957
f 924//956 925//955 1249//959 1248//958
f 925//955 926//954 1250//960 1249//959
f 926//954 927//953 969//961 1250//960
f 927//953 928//817 951//962 969//961
f 928//817 929//779 946//908 951//962
f 1251//963 771//964 772//822 1206//821
f 1252//965 770//966 771//964 1251//963
f 1253//967 900//936 899//968
f 811//969 812//937 900//936 1253//967
f 810//970 811//969 1253//967 1254//971
f 842//972 841//892 1211//893 1255//973
f 957//895 841//894 842//972 966//974
f 843//975 842//972 1255//973 1256//976
f 966//974 842//972 843//977 990//978
f 844//979 843//975 1256//976 987//980
f 990//978 843//977 844//979 1257//981
f 845//982 844//979 987//980 1258//983
f 1257//981 844//979 845//984 1259//985
f 1260//986 846//987 845//982 1258//983
f 1259//985 845//984 846//988 1261//989
f 1262//990 847//991 846//987 1260//986
f 1261//989 846//988 847//992 945//993
f 988//994 848//995 847//991 1262//990
f 945//993 847//992 848//996 1029//997
f 1263//998 849//999 848//995 988//994
f 1029//997 848//996 849//999 1102//1000
f 850//1001 849//999 1263//998 985//1002
f 1102//1000 849//999 850//1003 1264//1004
f 985//1002 852//1005 851//1006 850//1001
f 1264//1004 850//1003 851//1007 1104//1008
f 1104//1008 851//1007 852//1009 1194//1010
f 979//1011 859//898 860//907 1214//906
f 959//1012 858//1013 859//898 979//1011
f 1265//1014 857//1015 858//1013 959//1012
f 1266//1016 856//1017 857//1015 1265//1014
f 958//1018 855//905 856//1017 1266//1016
f 896//1019 895//856 1209//858 1210//860
f 895//856 896//1019 1267//1020 1236//935
f 1268//1021 808//1022 897//1023
f 1268//1021 897//1023 896//1019 1210//860
f 896//1019 897//1023 1269//1024 1267//1020
f 1270//1025 903//808 904//768 957//895
f 1271//1026 902//805 903//808 1270//1025
f 901//810 902//805 1271//1026 1272//1027
f 900//936 901//810 1272//1027 1273//1028
f 950//1029 754//911 755//1030 1274//1031
f 1275//1032 757//1033 758//1034 1026//1035
f 1026//1035 758//1034 759//1036 1276//1037
f 1276//1037 759//1036 760//1038 1155//1039
f 760//1038 761//1040 1277//1041 1155//1039
f 762//1042 763//1043 1278//1044 1101//1045
f 1279//1046 765//1047 766//1048 1190//1049
f 766//1048 767//1050 1280//1051 1190//1049
f 767//1050 768//1052 1281//1053 1280//1051
f 768//1052 769//1054 1282//1055 1281//1053
f 808//1022 809//1056 1283//1057 897//1023
f 853//1058 852//1005 935//1059 1284//1060
f 1194//1010 852//1009 853//1058 1285//1061
f 854//1062 853//1058 1284//1060 1205//1063
f 1285//1061 853//1058 854//1062 1195//1064
f 855//905 854//1062 1205//1063 1023//903
f 1195//1064 854//1062 855//905 958//1018
f 899//968 898//1065 1254//971 1253//967
f 1286//1066 898//1065 899//968 956//1067
f 761//1040 762//1042 1101//1045 1277//1041
f 809//1056 810//970 1254//971 1283//1057
f 956//1067 899//968 900//936 1273//1028
f 1255//973 1211//893 1237//938 1238//939
f 1268//1021 1210//860 807//859 808//1022
f 1216//910 754//911 950//1029 1215//909
f 935//1059 852//1005 985//1002 1287//1068
f 1232//931 1233//932 1234//933 1288//1069
f 1288//1069 1234//933 1235//934 1289//1070
f 1235//934 1236//935 1290//1071 1289//1070
f 1270//1025 957//895 966//974 938//1072
f 1236//935 1267//1020 1291//1073 1290//1071
f 1267//1020 1269//1024 1292//1074 1291//1073
f 966//974 990//978 1293//1075 938//1072
f 990//978 1257//981 991//1076 1293//1075
f 991//1076 1257//981 1259//985 989//1077
f 898//1065 1286//1066 1294//1078 897//1023
f 1251//963 1206//821 1099//912 1295//1079
f 1295//1079 1099//912 1217//913 1095//1080
f 1095//1080 1217//913 1218//914 1296//1081
f 1259//985 1261//989 1297//1082 989//1077
f 1296//1081 1218//914 1219//915 1298//1083
f 1298//1083 1219//915 1220//916 1299//1084
f 1299//1084 1220//916 1122//917 1040//1085
f 1040//1085 1122//917 1221//918 1300//1086
f 1300//1086 1221//918 1222//919 962//1087
f 962//1087 1222//919 1223//920 1224//921
f 1212//897 1213//899 1301//901 1318//949
f 946//908 1215//909 1302//1088 951//962
f 770//966 1252//965 1143//1089 769//1054
f 1283//1057 1254//971 898//1065 897//1023
f 1297//1082 1261//989 945//993 1303//1090
f 1303//1090 945//993 1029//997 1304//1091
f 1304//1091 1029//997 1102//1000 1305//1092
f 1305//1092 1102//1000 1264//1004 1103//1093
f 1103//1093 1264//1004 1104//1008 1306//1094
f 1306//1094 1104//1008 1194//1010 1307//1095
f 757//1033 1275//1032 1019//1096 756//1097
f 765//1047 1279//1046 1308//1098 764//1099
f 1307//1095 1194//1010 1285//1061 1193//1100
f 1193//1100 1285//1061 1195//1064 1309//1101
f 1309//1101 1195//1064 958//1018 1310//1102
f 1310//1102 958//1018 1266//1016 1311//1103
f 1311//1103 1266//1016 1265//1014 953//1104
f 953//1104 1265//1014 959//1012 1312//1105
f 1312//1105 959//1012 979//1011 976//1106
f 979//1011 1214//906 952//1107 976//1106
f 952//1107 1214//906 1244//950 1313//1108
f 1313//1108 1244//950 1245//951 1037//1109
f 1037//1109 1245//951 1246//952 1314//1110
f 1314//1110 1246//952 1247//957 1031//1111
f 1247//957 1248//958 1315//1112 1031//1111
f 1248//958 1249//959 941//1113 1315//1112
f 1249//959 1250//960 1316//1114 941//1113
f 1250//960 969//961 1317//1115 1316//1114
f 969//961 951//962 1302//1088 1317//1115
f 1205//1063 1284//1060 986//948 1318//949
f 1284//1060 935//1059 1243//947 986//948
f 1256//976 1255//973 1238//939 939//1116
f 939//1116 1238//939 1239//940 1319//941
f 1319//941 1239//940 1240//944 1320//942
f 1320//942 1240//944 1241//945 936//1117
f 1271//1026 1270//1025 938//1072 1321//1118
f 1287//1068 1242//946 1243//947 935//1059
f 1287//1068 985//1002 1263//998 936//1117
f 936//1117 1263//998 988//994 1320//942
f 1320//942 988//994 1262//990 1322//943
f 1322//943 1262//990 1260//986 1319//941
f 1319//941 1260//986 1258//983 939//1116
f 939//1116 1258//983 987//980 1256//976
f 1016//1119 1272//1027 1271//1026 1321//1118
f 1273//1028 1272//1027 1016//1119 965//1120
f 1231//930 1232//931 1288//1069 1323//1121
f 1324//1122 1230//929 1231//930 1323//1121
f 1325//1123 1229//928 1230//929 1324//1122
f 964//927 1229//928 1325//1123 1326//1124
f 963//926 964//927 1326//1124 1327//1125
f 1228//925 963//926 1327//1125 973//1126
f 1227//924 1228//925 973//1126 955//1127
f 1226//923 1227//924 955//1127 978//1128
f 1225//922 1226//923 978//1128 981//1129
f 1328//1130 1224//921 1225//922 981//1129
f 936//1117 1241//945 1242//946 1287//1068
f 1252//965 1251//963 1295//1079 1141//1131
f 1149//1132 1278//1044 763//1043 764//1099
f 1269//1024 897//1023 1294//1078 1329//1133
f 968//1134 1274//1031 755//1030 756//1097
f 1282//1055 769//1054 1143//1089 1330//1135
f 1281//1053 1282//1055 1330//1135 1331//1136
f 972//1137 1286//1066 956//1067 1332//1138
f 1333//1139 950//1029 1274//1031 967//1140
f 983//1141 1275//1032 1026//1035 1334//1142
f 1334//1142 1026//1035 1276//1037 1335//1143
f 1335//1143 1276//1037 1155//1039 1336//1144
f 1155//1039 1277//1041 1027//1145 1336//1144
f 1101//1045 1278//1044 1100//1146 1337//1147
f 1190//1049 1280//1051 1169//1148 1168//1149
f 1280//1051 1281//1053 1331//1136 1169//1148
f 1338//1150 1279//1046 1190//1049 1168//1149
f 1215//909 950//1029 1333//1139 1302//1088
f 1277//1041 1101//1045 1337//1147 1027//1145
f 956//1067 1273//1028 965//1120 1332//1138
f 1329//1133 1294//1078 1286//1066 972//1137
f 968//1134 756//1097 1019//1096 1020//1151
f 1019//1096 1275//1032 983//1141 1020//1151
f 1318//949 1301//901 1023//903 1205//1063
f 1143//1089 1252//965 1141//1131 1098//1152
f 1141//1131 1295//1079 1095//1080 1025//1153
f 1025//1153 1095//1080 1296//1081 1096//1154
f 1096//1154 1296//1081 1298//1083 1339//1155
f 1339//1155 1298//1083 1299//1084 1059//1156
f 1299//1084 1040//1085 1340//1157 1059//1156
f 1340//1157 1040//1085 1300//1086 1039//1158
f 1300//1086 962//1087 1022//1159 1039//1158
f 962//1087 1224//921 1328//1130 1022//1159
f 1323//1121 1288//1069 1289//1070 998//1160
f 1289//1070 1290//1071 1341//1161 998//1160
f 1290//1071 1291//1073 1342//1162 1341//1161
f 1343//1163 961//1164 1038//1165
f 1291//1073 1292//1074 1343//1163 1342//1162
f 967//1140 1344//1166 1317//1115
f 1274//1031 968//1134 1344//1166 967//1140
f 1278//1044 1149//1132 1150//1167 1100//1146
f 1149//1132 764//1099 1308//1098 1345//1168
f 1345//1168 1308//1098 1279//1046 1338//1150
f 938//1072 1293//1075 993//1169 1321//1118
f 993//1169 1293//1075 991//1076 989//1077
f 1292//1074 1269//1024 1329//1133 1346//1170
f 1333//1139 967//1140 1317//1115 1302//1088
f 1142//1171 1330//1135 1143//1089 1098//1152
f 1331//1136 1330//1135 1142//1171 1024//1172
f 1170//1173 1169//1148 1331//1136 1024//1172
f 1347//1174 1168//1149 1169//1148 1170//1173
f 1002//1175 1324//1122 1323//1121 998//1160
f 1348//1176 1325//1123 1324//1122 1002//1175
f 1326//1124 1325//1123 1348//1176 974//1177
f 1327//1125 1326//1124 974//1177 1349//1178
f 973//1126 1327//1125 1349//1178 1350//1179
f 955//1127 973//1126 1350//1179 975//1180
f 978//1128 955//1127 975//1180 1088//1181
f 981//1129 978//1128 1088//1181 1351//1182
f 1328//1130 981//1129 1351//1182 1352//1183
f 1353//1184 989//1077 1297//1082 942//1185
f 942//1185 1297//1082 1303//1090 1354//1186
f 1354//1186 1303//1090 1304//1091 1030//1187
f 1030//1187 1304//1091 1305//1092 1355//1188
f 1355//1188 1305//1092 1103//1093 1356//1189
f 1356//1189 1103//1093 1306//1094 1357//1190
f 1357//1190 1306//1094 1307//1095 1358//1191
f 1358//1191 1307//1095 1193//1100 1359//1192
f 1359//1192 1193//1100 1309//1101 1360//1193
f 1360//1193 1309//1101 1310//1102 1361//1194
f 1361//1194 1310//1102 1311//1103 944//1195
f 944//1195 1311//1103 953//1104 970//1196
f 970//1196 953//1104 1312//1105 1362//1197
f 1362//1197 1312//1105 976//1106 1363//1198
f 1363//1198 976//1106 952//1107 1364//1199
f 1364//1199 952//1107 1313//1108 1036//1200
f 1036//1200 1313//1108 1037//1109 1365//1201
f 1037//1109 1314//1110 1014//1202 1365//1201
f 1314//1110 1031//1111 1366//1203 1014//1202
f 1162//1204 1031//1111 1315//1112 1367//1205
f 1367//1205 1315//1112 941//1113 1017//1206
f 972//1137 1332//1138 1368//1207 980//1208
f 1316//1114 1317//1115 1344//1166 1369//1209
f 941//1113 1316//1114 1369//1209 1017//1206
f 965//1120 1016//1119 1370//1210 1015//1211
f 1016//1119 1321//1118 992//1212 1370//1210
f 1337//1147 1100//1146 1152//1213 1153//1214
f 1144//1215 1334//1142 1335//1143 1145//1216
f 1145//1216 1335//1143 1336//1144 1371//1217
f 1371//1217 1336//1144 1027//1145 1372//1218
f 1148//1219 983//1141 1334//1142 1144//1215
f 1338//1150 1168//1149 1167//1220 1199//1221
f 1346//1170 1329//1133 972//1137 980//1208
f 1369//1209 1344//1166 968//1134 1020//1151
f 1027//1145 1337//1147 1153//1214 1372//1218
f 1321//1118 993//1169 994//1222 992//1212
f 993//1169 989//1077 1353//1184 994//1222
f 965//1120 1015//1211 1373//1223 1332//1138
f 983//1141 1148//1219 1018//1224 1020//1151
f 1366//1203 1031//1111 1162//1204 1147//1225
f 1141//1131 1025//1153 1097//1226 1098//1152
f 1097//1226 1025//1153 1096//1154 1374//1227
f 1374//1227 1096//1154 1339//1155 1050//1228
f 1339//1155 1059//1156 1375//1229 1050//1228
f 1100//1146 1150//1167 1376//1230 1152//1213
f 1338//1150 1199//1221 1028//1231 1345//1168
f 1150//1167 1149//1132 1345//1168 1028//1231
f 1292//1074 1346//1170 961//1164 1343//1163
f 1167//1220 1168//1149 1347//1174 1377//1232
f 1347//1174 1170//1173 1123//1233 1377//1232
f 1123//1233 1170//1173 1024//1172 1062//1234
f 1062//1234 1024//1172 1142//1171 1098//1152
f 1022//1159 1328//1130 1352//1183 1378//1235
f 933//1236 1367//1205 1017//1206 1018//1224
f 1162//1204 1367//1205 933//1236 1146//1237
f 1018//1224 1017//1206 1369//1209 1020//1151
f 1041//1238 1039//1158 1022//1159 1378//1235
f 1042//1239 1340//1157 1039//1158 1041//1238
f 1379//1240 1059//1156 1340//1157 1042//1239
f 1368//1207 1332//1138 1373//1223 949//1241
f 971//1242 944//1195 970//1196 1380//1243
f 1380//1243 970//1196 1362//1197 1381//1244
f 1381//1244 1362//1197 1363//1198 1382//1245
f 1382//1245 1363//1198 1364//1199 1173//1246
f 1173//1246 1364//1199 1036//1200 1172//1247
f 1172//1247 1036//1200 1365//1201 1383//1248
f 1365//1201 1014//1202 1161//1249 1383//1248
f 1014//1202 1366//1203 1164//1250 1161//1249
f 1361//1194 944//1195 971//1242 1384//1251
f 1385//1252 1360//1193 1361//1194 1384//1251
f 1359//1192 1360//1193 1385//1252 1035//1253
f 1121//1254 1358//1191 1359//1192 1035//1253
f 943//1255 1357//1190 1358//1191 1121//1254
f 1105//1256 1356//1189 1357//1190 943//1255
f 1355//1188 1356//1189 1105//1256 1108//1257
f 1386//1258 1030//1187 1355//1188 1108//1257
f 1354//1186 1030//1187 1386//1258 1106//1259
f 1387//1260 942//1185 1354//1186 1106//1259
f 1388//1261 1353//1184 942//1185 1387//1260
f 1348//1176 1002//1175 1001//1262 932//1263
f 1002//1175 998//1160 999//1264 1001//1262
f 999//1264 998//1160 1341//1161 1389//1265
f 1389//1265 1341//1161 1342//1162 1000//1266
f 1000//1266 1342//1162 1343//1163 1038//1165
f 974//1177 1348//1176 932//1263 1390//1267
f 1349//1178 974//1177 1390//1267 1391//1268
f 1350//1179 1349//1178 1391//1268 948//1269
f 975//1180 1350//1179 948//1269 1392//1270
f 1088//1181 975//1180 1392//1270 1393//1271
f 1351//1182 1088//1181 1393//1271 1394//1272
f 1352//1183 1351//1182 1394//1272 954//1273
f 1370//1210 992//1212 995//1274 1395//1275
f 1015//1211 1370//1210 1395//1275 1396//1276
f 977//1277 980//1208 1368//1207 1136//1278
f 1397//1279 1144//1215 1145//1216 1165//1280
f 1165//1280 1145//1216 1371//1217 1420//1281
f 1420//1281 1371//1217 1372//1218 1154//1282
f 1146//1237 1148//1219 1144//1215 1397//1279
f 1153//1214 1152//1213 1071//1283 984//1284
f 1068//1285 1199//1221 1167//1220 1398//1286
f 933//1236 1018//1224 1148//1219 1146//1237
f 1162//1204 1146//1237 1397//1279 1147//1225
f 1372//1218 1153//1214 984//1284 1154//1282
f 1373//1223 1015//1211 1396//1276 949//1241
f 961//1164 1346//1170 980//1208 1038//1165
f 1038//1165 980//1208 977//1277 1399//1287
f 1062//1234 1098//1152 1097//1226 1400//1288
f 992//1212 994//1222 1401//1289 995//1274
f 994//1222 1353//1184 1388//1261 1401//1289
f 1376//1230 1150//1167 1028//1231 1151//1290
f 1151//1290 1028//1231 1199//1221 1068//1285
f 1398//1286 1167//1220 1377//1232 1402//1291
f 1147//1225 1397//1279 1165//1280 1163//1292
f 1164//1250 1366//1203 1147//1225 1163//1292
f 1377//1232 1123//1233 1403//1293 1402//1291
f 1123//1233 1062//1234 1404//1294 1403//1293
f 1378//1235 1352//1183 954//1273 1405//1295
f 1136//1278 1368//1207 949//1241 1079//1296
f 1400//1288 1097//1226 1374//1227 1063//1297
f 1063//1297 1374//1227 1050//1228 1045//1298
f 1045//1298 1050//1228 1375//1229 1047//1299
f 1071//1283 1152//1213 1376//1230 1072//1300
f 1375//1229 1059//1156 1379//1240 1406//1301
f 1379//1240 1042//1239 1046//1302 1406//1301
f 1046//1302 1042//1239 1041//1238 1060//1303
f 1060//1303 1041//1238 1378//1235 1405//1295
f 1000//1266 1038//1165 1399//1287 1407//1304
f 977//1277 1136//1278 1009//1305 1399//1287
f 1008//1306 1389//1265 1000//1266 1407//1304
f 1408//1307 999//1264 1389//1265 1008//1306
f 1001//1262 999//1264 1408//1307 1003//1308
f 932//1263 1001//1262 1003//1308 1006//1309
f 1390//1267 932//1263 1006//1309 982//1310
f 1391//1268 1390//1267 982//1310 1409//1311
f 948//1269 1391//1268 1409//1311 1094//1312
f 1392//1270 948//1269 1094//1312 1410//1313
f 1393//1271 1392//1270 1410//1313 1021//1314
f 1394//1272 1393//1271 1021//1314 1085//1315
f 1086//1316 954//1273 1394//1272 1085//1315
f 1388//1261 1387//1260 1411//1317 1401//1289
f 1411//1317 1387//1260 1106//1259 1107//1318
f 1107//1318 1106//1259 1386//1258 1108//1257
f 1117//1319 1105//1256 943//1255 1119//1320
f 943//1255 1121//1254 1412//1321 1119//1320
f 1121//1254 1035//1253 1413//1322 1412//1321
f 1414//1323 1108//1257 1105//1256 1117//1319
f 1416//1324 1384//1251 971//1242 1415//1325
f 960//1326 1380//1243 1381//1244 1183//1327
f 1415//1325 971//1242 1380//1243 960//1326
f 1183//1327 1381//1244 1382//1245 1159//1328
f 1159//1328 1382//1245 1173//1246 1417//1329
f 1417//1329 1173//1246 1172//1247 1192//1330
f 1192//1330 1172//1247 1383//1248 1191//1331
f 1383//1248 1161//1249 1137//1332 1191//1331
f 1137//1332 1161//1249 1164//1250 1188//1333
f 1418//1334 984//1284 1071//1283 1189//1335
f 1070//1336 1068//1285 1398//1286 1419//1337
f 1396//1276 1395//1275 996//1338 1135//1339
f 1395//1275 995//1274 937//1340 996//1338
f 1385//1252 1384//1251 1032//1341 1034//1342
f 1033//1343 1035//1253 1385//1252 1034//1342
f 949//1241 1396//1276 1135//1339 1079//1296
f 1405//1295 954//1273 1086//1316 1443//1344
f 1404//1294 1062//1234 1400//1288 1058//1345
f 1407//1304 1399//1287 1009//1305 1421//1346
f 1413//1322 1035//1253 1033//1343 940//1347
f 1068//1285 1070//1336 1422//1348 1151//1290
f 1189//1335 1071//1283 1072//1300 1423//1349
f 1009//1305 1136//1278 1079//1296 1013//1350
f 1188//1333 1164//1250 1163//1292 1084//1351
f 1163//1292 1165//1280 1420//1281 1084//1351
f 1137//1332 1188//1333 1424//1352 1191//1331
f 1072//1300 1376//1230 1151//1290 1422//1348
f 1419//1337 1398//1286 1402//1291 1197//1353
f 1197//1353 1402//1291 1403//1293 1196//1354
f 1196//1354 1403//1293 1404//1294 1425//1355
f 1047//1299 1375//1229 1406//1301 1044//1356
f 1044//1356 1406//1301 1046//1302 1426//1357
f 1426//1357 1046//1302 1060//1303 1427//1358
f 1058//1345 1400//1288 1063//1297 1049//1359
f 1049//1359 1063//1297 1045//1298 1428//1360
f 1428//1360 1045//1298 1047//1299 1048//1361
f 995//1274 1401//1289 1411//1317 937//1340
f 1107//1318 1108//1257 1414//1323 1081//1362
f 1032//1341 1384//1251 1416//1324 1429//1363
f 1154//1282 984//1284 1418//1334 1437//1364
f 1420//1281 1154//1282 1166//1365 1084//1351
f 1005//1366 1008//1306 1407//1304 1421//1346
f 1408//1307 1008//1306 1005//1366 1430//1367
f 1003//1308 1408//1307 1430//1367 1007//1368
f 1006//1309 1003//1308 1007//1368 1004//1369
f 982//1310 1006//1309 1004//1369 1431//1370
f 1427//1358 1060//1303 1405//1295 1443//1344
f 1086//1316 1085//1315 1087//1371 1443//1344
f 1085//1315 1021//1314 1432//1372 1087//1371
f 1021//1314 1410//1313 1093//1373 1432//1372
f 1410//1313 1094//1312 1092//1374 1093//1373
f 1094//1312 1409//1311 1089//1375 1092//1374
f 1409//1311 982//1310 1431//1370 1089//1375
f 1080//1376 996//1338 937//1340 1433//1377
f 1135//1339 996//1338 1080//1376 1082//1378
f 1415//1325 960//1326 1182//1379 1187//1380
f 1416//1324 1415//1325 1187//1380 1429//1363
f 1182//1379 960//1326 1183//1327 1176//1381
f 1176//1381 1183//1327 1159//1328 1158//1382
f 1158//1382 1159//1328 1417//1329 1434//1383
f 1434//1383 1417//1329 1192//1330 1185//1384
f 1185//1384 1192//1330 1191//1331 1424//1352
f 1411//1317 1107//1318 1433//1377 937//1340
f 1034//1342 1032//1341 1435//1385 997//1386
f 1109//1387 1033//1343 1034//1342 997//1386
f 1412//1321 1413//1322 1116//1388 1119//1320
f 1436//1389 1070//1336 1419//1337 1067//1390
f 1117//1319 1119//1320 1115//1391 1120//1392
f 1414//1323 1117//1319 1120//1392 1081//1362
f 1418//1334 1189//1335 1438//1393 1437//1364
f 1079//1296 1135//1339 1082//1378 1013//1350
f 1188//1333 1084//1351 1166//1365 1424//1352
f 1067//1390 1419//1337 1197//1353 1439//1394
f 1421//1346 1009//1305 1013//1350 1462//1395
f 940//1347 1033//1343 1109//1387 1440//1396
f 1116//1388 1413//1322 940//1347 1441//1397
f 1048//1361 1047//1299 1044//1356 1442//1398
f 1070//1336 1436//1389 1069//1399 1422//1348
f 1423//1349 1072//1300 1422//1348 1069//1399
f 1433//1377 1107//1318 1081//1362 1444//1400
f 1119//1320 1116//1388 1445//1401 1115//1391
f 1166//1365 1154//1282 1437//1364 1446//1402
f 1439//1394 1197//1353 1196//1354 1447//1403
f 1447//1403 1196//1354 1425//1355 1448//1404
f 1425//1355 1404//1294 1058//1345 1049//1359
f 1435//1385 1032//1341 1429//1363 1179//1405
f 1429//1363 1187//1380 1449//1406 1179//1405
f 1187//1380 1182//1379 1450//1407 1449//1406
f 1182//1379 1176//1381 1451//1408 1450//1407
f 1451//1408 1176//1381 1158//1382 1174//1409
f 1174//1409 1158//1382 1434//1383 1181//1410
f 1181//1410 1434//1383 1185//1384 1446//1402
f 1446//1402 1185//1384 1424//1352 1166//1365
f 1438//1393 1189//1335 1423//1349 1452//1411
f 1442//1398 1044//1356 1426//1357 1053//1412
f 1426//1357 1427//1358 1055//1413 1053//1412
f 1437//1364 1438//1393 1124//1414 1446//1402
f 1083//1415 1080//1376 1433//1377 1444//1400
f 1082//1378 1080//1376 1083//1415 1012//1416
f 1453//1417 1109//1387 997//1386 1114//1418
f 1114//1418 997//1386 1435//1385 1179//1405
f 1004//1369 1007//1368 1010//1419 1073//1420
f 1010//1419 1007//1368 1430//1367 1454//1421
f 1454//1421 1430//1367 1005//1366 1421//1346
f 1431//1370 1004//1369 1073//1420 1455//1422
f 1089//1375 1431//1370 1455//1422 1090//1423
f 1092//1374 1089//1375 1090//1423 1456//1424
f 1093//1373 1092//1374 1456//1424 1140//1425
f 1432//1372 1093//1373 1140//1425 1457//1426
f 1087//1371 1432//1372 1457//1426 947//1427
f 1448//1404 1428//1360 1048//1361 1465//1428
f 1066//1429 1436//1389 1067//1390 1458//1430
f 1444//1400 1081//1362 1120//1392 1459//1431
f 1459//1431 1120//1392 1115//1391 1460//1432
f 1448//1404 1425//1355 1049//1359 1428//1360
f 1087//1371 947//1427 1057//1433 1443//1344
f 1427//1358 1443//1344 1057//1433 1055//1413
f 1421//1346 1462//1395 1461//1434 1454//1421
f 1013//1350 1082//1378 1012//1416 1462//1395
f 1048//1361 1442//1398 1051//1435 1465//1428
f 1051//1435 1442//1398 1053//1412 1056//1436
f 1458//1430 1067//1390 1439//1394 1463//1437
f 1463//1437 1439//1394 1447//1403 1464//1438
f 1464//1438 1447//1403 1448//1404 1465//1428
f 1056//1436 1053//1412 1055//1413 1052//1439
f 1452//1411 1423//1349 1069//1399 1125//1440
f 1125//1440 1069//1399 1436//1389 1066//1429
f 1109//1387 1453//1417 1466//1441 1440//1396
f 1124//1414 1438//1393 1452//1411 1171//1442
f 1441//1397 940//1347 1440//1396 1118//1443
f 1445//1401 1116//1388 1441//1397 1133//1444
f 1460//1432 1115//1391 1445//1401 1133//1444
f 1181//1410 1446//1402 1124//1414 1180//1445
f 1174//1409 1181//1410 1180//1445 1175//1446
f 1467//1447 1451//1408 1174//1409 1175//1446
f 1450//1407 1451//1408 1467//1447 1184//1448
f 1178//1449 1449//1406 1450//1407 1184//1448
f 1186//1450 1179//1405 1449//1406 1178//1449
f 1114//1418 1179//1405 1186//1450 1112//1451
f 1453//1417 1114//1418 1112//1451 1113//1452
f 1010//1419 1454//1421 1461//1434 931//1453
f 1073//1420 1010//1419 931//1453 1075//1454
f 1455//1422 1073//1420 1075//1454 1077//1455
f 1090//1423 1455//1422 1077//1455 1468//1456
f 1456//1424 1090//1423 1468//1456 1091//1457
f 1140//1425 1456//1424 1091//1457 1469//1458
f 1457//1426 1140//1425 1469//1458 1470//1459
f 947//1427 1457//1426 1470//1459 1471//1460
f 1132//1461 1459//1431 1460//1432 1134//1462
f 1472//1463 1444//1400 1459//1431 1132//1461
f 1066//1429 1458//1430 1065//1464 1064//1465
f 1083//1415 1444//1400 1472//1463 1012//1416
f 1458//1430 1463//1437 1473//1466 1065//1464
f 1055//1413 1057//1433 1474//1467 1052//1439
f 1474//1467 1057//1433 947//1427 1471//1460
f 1463//1437 1464//1438 1475//1468 1473//1466
f 1066//1429 1064//1465 1476//1469 1125//1440
f 1171//1442 1452//1411 1125//1440 1476//1469
f 1160//1470 1462//1395 1012//1416 1472//1463
f 1133//1444 1441//1397 1118//1443 1477//1471
f 1134//1462 1460//1432 1133//1444 1477//1471
f 1180//1445 1124//1414 1171//1442 1175//1446
f 1461//1434 1462//1395 1160//1470 1011//1472
f 1466//1441 1453//1417 1113//1452 1111//1473
f 1118//1443 1440//1396 1466//1441 1111//1473
f 1160//1470 1472//1463 1132//1461 1478//1474
f 931//1453 1461//1434 1011//1472 1076//1475
f 1075//1454 931//1453 1076//1475 1479//1476
f 1077//1455 1075//1454 1479//1476 1480//1477
f 1468//1456 1077//1455 1480//1477 1078//1478
f 1091//1457 1468//1456 1078//1478 1481//1479
f 1469//1458 1091//1457 1481//1479 1138//1480
f 1470//1459 1469//1458 1138//1480 1482//1481
f 1471//1460 1470//1459 1482//1481 1139//1482
f 1043//1483 1465//1428 1051//1435 1061//1484
f 1061//1484 1051//1435 1056//1436 1054//1485
f 1054//1485 1056//1436 1052//1439 1201//1486
f 1064//1465 1065//1464 1483//1487 1126//1488
f 1484//1489 1113//1452 1112//1451 1157//1490
f 1112//1451 1186//1450 1485//1491 1157//1490
f 1485//1491 1186//1450 1178//1449 1486//1492
f 1486//1492 1178//1449 1184//1448 1127//1493
f 1184//1448 1467//1447 1177//1494 1127//1493
f 1177//1494 1467//1447 1175//1446 934//1495
f 1478//1474 1132//1461 1134//1462 1487//1496
f 934//1495 1175//1446 1171//1442 1476//1469
f 1475//1468 1464//1438 1465//1428 1043//1483
f 934//1495 1476//1469 1064//1465 1126//1488
f 1478//1474 1076//1475 1011//1472 1160//1470
f 1118//1443 1111//1473 1074//1497 1477//1471
f 1487//1496 1134//1462 1477//1471 1074//1497
f 1065//1464 1473//1466 1488//1498 1483//1487
f 1488//1498 1473//1466 1475//1468 1043//1483
f 1488//1498 1043//1483 1061//1484 1130//1499
f 1130//1499 1061//1484 1054//1485 1200//1500
f 1200//1500 1054//1485 1201//1486 1198//1501
f 1471//1460 1139//1482 1489//1502 1474//1467
f 1201//1486 1052//1439 1474//1467 1489//1502
f 1113//1452 1484//1489 1490//1503 1111//1473
f 1177//1494 934//1495 1126//1488 1127//1493
f 1491//1504 1479//1476 1076//1475 1478//1474
f 1491//1504 1478//1474 1487//1496 1131//1505
f 1480//1477 1479//1476 1491//1504 1131//1505
f 1078//1478 1480//1477 1131//1505 1492//1506
f 1493//1507 1481//1479 1078//1478 1492//1506
f 1494//1508 1138//1480 1481//1479 1493//1507
f 1495//1509 1486//1492 1127//1493 1126//1488
f 1495//1509 1126//1488 1483//1487 1129//1510
f 1110//1511 1485//1491 1486//1492 1495//1509
f 1482//1481 1138//1480 1494//1508 1203//1512
f 1139//1482 1482//1481 1203//1512 1202//1513
f 1157//1490 1485//1491 1110//1511 1204//1514
f 1156//1515 1484//1489 1157//1490 1204//1514
f 1129//1510 1483//1487 1488//1498 1130//1499
f 1492//1506 1131//1505 1487//1496 1074//1497
f 1496//1516 1074//1497 1111//1473 1490//1503
f 1495//1509 1129//1510 1128//1517 1110//1511
f 1129//1510 1130//1499 1200//1500 1128//1517
f 1489//1502 1139//1482 1202//1513 1497//1518
f 1198//1501 1201//1486 1489//1502 1497//1518
f 1200//1500 1198//1501 1498//1519 1128//1517
f 1484//1489 1156//1515 1499//1520 1490//1503
f 1496//1516 1493//1507 1492//1506 1074//1497
f 1498//1519 1204//1514 1110//1511 1128//1517
f 1500//1521 1494//1508 1493//1507 1496//1516
f 1203//1512 1494//1508 1500//1521 1499//1520
f 1202//1513 1203//1512 1499//1520 1156//1515
f 1156//1515 1204//1514 1497//1518 1202//1513
f 1498//1519 1198//1501 1497//1518 1204//1514
f 1500//1521 1496//1516 1490//1503 1499//1520
f 1543//1522 1610//1523 1542//1524
f 1542//1524 1611//1525 1541//1526
f 1662//1527 1621//1528 1574//1529
f 1671//1530 1672//1531 1594//1532
f 1689//1533 1605//1534 1690//1535
f 1517//1536 1582//1537 1516//1538
f 1583//1539 1515//1540 1516//1538
f 1548//1541 68//46 1501//1542 1618//1543
f 1618//1543 1501//1542 1502//1544 1617//1545
f 1547//1546 1548//1541 1618//1543 1549//1547
f 1617//1545 1550//1548 1549//1547 1618//1543
f 1617//1545 1502//1544 1503//1549 1619//1550
f 1550//1548 1617//1545 1619//1550 1551//1551
f 1619//1550 1503//1549 1504//1552 1661//1553
f 801//803 800//798 1662//1527 1575//1554
f 802//1555 801//803 1575//1554 1641//1556
f 1575//1554 1573//1557 1572//1558 1641//1556
f 1574//1529 1573//1557 1575//1554 1662//1527
f 800//798 799//802 1621//1528 1662//1527
f 799//802 798//801 1510//1559 1621//1528
f 1621//1528 1510//1559 1511//1560 1574//1529
f 1574//1529 1511//1560 1512//1561 1632//1562
f 1573//1557 1574//1529 1632//1562 1576//1563
f 1632//1562 1512//1561 1513//1564 1663//1565
f 1583//1539 1516//1538 1582//1537 1664//1566
f 1664//1566 1582//1537 1581//1567 1580//1568
f 1664//1566 1580//1568 1579//1569 1585//1570
f 1584//1571 1583//1539 1664//1566 1585//1570
f 1581//1567 1582//1537 1517//1536 1518//1572
f 1612//1573 1540//1574 1541//1526 1611//1525
f 1611//1525 1542//1524 1610//1523 1665//1575
f 1665//1575 1610//1523 1609//1576 1608//1577
f 1665//1575 1608//1577 1607//1578 1613//1579
f 1612//1573 1611//1525 1665//1575 1613//1579
f 1609//1576 1610//1523 1543//1522 1544//1580
f 1546//1581 1547//1546 1549//1547 1631//1582
f 1631//1582 1549//1547 1550//1548 1616//1583
f 1616//1583 1550//1548 1551//1551 1634//1584
f 1572//1558 1573//1557 1576//1563 1666//1585
f 1585//1570 1579//1569 1578//1586 1627//1587
f 1627//1587 1578//1586 1577//1588 1663//1565
f 1663//1565 1577//1588 1576//1563 1632//1562
f 1666//1585 1576//1563 1577//1588 1667//1589
f 1667//1589 1577//1588 1578//1586 1668//1590
f 1668//1590 1578//1586 1579//1569 1586//1591
f 1586//1591 1579//1569 1580//1568 1669//1592
f 1669//1592 1580//1568 1581//1567 1518//1572
f 1669//1592 1518//1572 1519//1593 1628//1594
f 1628//1594 1519//1593 1520//1595 1626//1596
f 1626//1596 1520//1595 1521//1597 1670//1598
f 1670//1598 1521//1597 1522//1599 1625//1600
f 1625//1600 1522//1599 1523//1601 1624//1602
f 1624//1602 1523//1601 1524//1603 1623//1604
f 1623//1604 1524//1603 1525//1605 1622//1606
f 1622//1606 1525//1605 1526//1607 1671//1530
f 1671//1530 1526//1607 1527//1608 1672//1531
f 1527//1608 1528//1609 1673//1610 1672//1531
f 1528//1609 1529//1611 1674//1612 1673//1610
f 1529//1611 1530//1613 1675//1614 1674//1612
f 1530//1613 1531//1615 1676//1616 1675//1614
f 1515//1540 1583//1539 1584//1571 1514//1617
f 1584//1571 1585//1570 1627//1587 1514//1617
f 1613//1579 1607//1578 1606//1618 1620//1619
f 1612//1573 1613//1579 1620//1619 1540//1574
f 1614//1620 1607//1578 1608//1577 1677//1621
f 1677//1621 1608//1577 1609//1576 1544//1580
f 1677//1621 1544//1580 1545//1622 1678//1623
f 1545//1622 1546//1581 1631//1582 1678//1623
f 1607//1578 1614//1620 1635//1624 1606//1618
f 1616//1583 1615//1625 1678//1623 1631//1582
f 1615//1625 1614//1620 1677//1621 1678//1623
f 1614//1620 1615//1625 1679//1626 1635//1624
f 1615//1625 1616//1583 1634//1584 1679//1626
f 803//1627 802//1555 1641//1556 1680//1628
f 1640//1629 804//853 803//1627 1680//1628
f 1681//1630 805//1631 804//853 1640//1629
f 1682//1632 806//1633 805//1631 1681//1630
f 1683//1634 807//1635 806//1633 1682//1632
f 1684//1636 808//1637 807//1635 1683//1634
f 1685//1638 809//1056 808//1637 1684//1636
f 1686//1639 810//970 809//1056 1685//1638
f 1687//1640 811//969 810//970 1686//1639
f 1652//1641 812//937 811//969 1687//1640
f 1688//1642 813//809 812//937 1652//1641
f 1539//1643 1540//1574 1620//1619 1689//1533
f 1538//1644 1539//1643 1689//1533 1690//1535
f 1691//1645 1537//1646 1538//1644 1690//1535
f 1692//1647 1536//1648 1537//1646 1691//1645
f 1693//1649 1535//1650 1536//1648 1692//1647
f 1694//1651 1534//1652 1535//1650 1693//1649
f 1695//1653 1533//1654 1534//1652 1694//1651
f 1532//1655 1533//1654 1695//1653 1747//1656
f 1696//1657 1552//1658 1551//1551 1619//1550
f 1634//1584 1551//1551 1552//1658 1697//1659
f 1628//1594 1587//1660 1586//1591 1669//1592
f 1586//1591 1587//1660 1698//1661 1668//1590
f 1626//1596 1588//1662 1587//1660 1628//1594
f 1587//1660 1588//1662 1699//1663 1698//1661
f 1670//1598 1589//1664 1588//1662 1626//1596
f 1588//1662 1589//1664 1700//1665 1699//1663
f 1625//1600 1590//1666 1589//1664 1670//1598
f 1589//1664 1590//1666 1701//1667 1700//1665
f 1624//1602 1591//1668 1590//1666 1625//1600
f 1590//1666 1591//1668 1702//1669 1701//1667
f 1623//1604 1592//1670 1591//1668 1624//1602
f 1591//1668 1592//1670 1703//1671 1702//1669
f 1622//1606 1593//1672 1592//1670 1623//1604
f 1592//1670 1593//1672 1704//1673 1703//1671
f 1671//1530 1594//1532 1593//1672 1622//1606
f 1704//1673 1593//1672 1594//1532 1705//1674
f 1705//1674 1594//1532 1595//1675 1706//1676
f 1505//1677 1506//1678 1629//1679 1707//1680
f 1506//1678 1507//1681 1708//1682 1629//1679
f 1507//1681 819//864 1709//1683 1708//1682
f 819//864 818//863 1710//1684 1709//1683
f 818//863 817//862 1711//1685 1710//1684
f 816//1686 815//807 1712//1687 1713//1688
f 814//806 1508//1689 1714//1690 1558//1691
f 1508//1689 1509//1692 1630//1693 1714//1690
f 1509//1692 814//806 1715//1694 1630//1693
f 1558//1691 1557//1695 1716//1696 814//806
f 1557//1695 1556//1697 1717//1698 1716//1696
f 1556//1697 1555//1699 1718//1700 1717//1698
f 1555//1699 1554//1701 1754//1702 1718//1700
f 1709//1683 1554//1701 1553//1703 1708//1682
f 1559//1704 1558//1691 1714//1690 1630//1693
f 1560//1705 1559//1704 1630//1693 1715//1694
f 1561//1706 1560//1705 1715//1694 1719//1707
f 1720//1708 1562//1709 1561//1706 1719//1707
f 1721//1710 1563//1711 1562//1709 1720//1708
f 1722//1712 1564//1713 1563//1711 1721//1710
f 1723//1714 1565//1715 1564//1713 1722//1712
f 1724//1716 1566//1717 1565//1715 1723//1714
f 1725//1718 1567//1719 1566//1717 1724//1716
f 1726//1720 1568//1721 1567//1719 1725//1718
f 1727//1722 1569//1723 1568//1721 1726//1720
f 1728//1724 1570//1725 1569//1723 1727//1722
f 1729//1726 1571//1727 1570//1725 1728//1724
f 1644//1728 1553//1703 1554//1701 1730//1729
f 1730//1729 1554//1701 1555//1699 1647//1730
f 1647//1730 1555//1699 1556//1697 1731//1731
f 1731//1731 1556//1697 1557//1695 1732//1732
f 1732//1732 1557//1695 1558//1691 1733//1733
f 1733//1733 1558//1691 1559//1704 1734//1734
f 1734//1734 1559//1704 1560//1705 1650//1735
f 1560//1705 1561//1706 1735//1736 1650//1735
f 1735//1736 1561//1706 1562//1709 1653//1737
f 1653//1737 1562//1709 1563//1711 1736//1738
f 1736//1738 1563//1711 1564//1713 1655//1739
f 1655//1739 1564//1713 1565//1715 1737//1740
f 1737//1740 1565//1715 1566//1717 1738//1741
f 1738//1741 1566//1717 1567//1719 1739//1742
f 1567//1719 1568//1721 1740//1743 1739//1742
f 1568//1721 1569//1723 1741//1744 1740//1743
f 1569//1723 1570//1725 1742//1745 1741//1744
f 1570//1725 1571//1727 1743//1746 1742//1745
f 1596//1747 1595//1675 1673//1610 1674//1612
f 1706//1676 1595//1675 1596//1747 1744//1748
f 1596//1747 1597//1749 1745//1750 1744//1748
f 1598//1751 1597//1749 1675//1614 1676//1616
f 1597//1749 1598//1751 1746//1752 1745//1750
f 1600//1753 1599//1754 1747//1656 1695//1653
f 1694//1651 1601//1755 1600//1753 1695//1653
f 1693//1649 1602//1756 1601//1755 1694//1651
f 1692//1647 1603//1757 1602//1756 1693//1649
f 1691//1645 1604//1758 1603//1757 1692//1647
f 1690//1535 1605//1534 1604//1758 1691//1645
f 1748//1759 1599//1754 1600//1753 1646//1760
f 1646//1760 1600//1753 1601//1755 1749//1761
f 1749//1761 1601//1755 1602//1756 1750//1762
f 1750//1762 1602//1756 1603//1757 1751//1763
f 1603//1757 1604//1758 1752//1764 1751//1763
f 1604//1758 1605//1534 1753//1765 1752//1764
f 817//862 816//1686 1713//1688 1711//1685
f 815//807 814//806 1716//1696 1712//1687
f 1513//1564 1514//1617 1627//1587 1663//1565
f 1708//1682 1553//1703 1552//1658 1696//1657
f 1697//1659 1552//1658 1553//1703 1644//1728
f 1641//1556 1572//1558 1571//1727 1729//1726
f 1571//1727 1572//1558 1666//1585 1743//1746
f 1689//1533 1620//1619 1606//1618 1605//1534
f 1672//1531 1673//1610 1595//1675 1594//1532
f 1674//1612 1675//1614 1597//1749 1596//1747
f 1719//1707 1715//1694 814//806 813//809
f 1709//1683 1710//1684 1754//1702 1554//1701
f 1718//1700 1754//1702 1710//1684 1711//1685
f 1668//1590 1698//1661 1642//1766 1667//1589
f 1743//1746 1666//1585 1667//1589 1642//1766
f 1698//1661 1699//1663 1660//1767 1642//1766
f 1606//1618 1635//1624 1755//1768 1605//1534
f 1635//1624 1679//1626 1633//1769 1755//1768
f 1679//1626 1634//1584 1697//1659 1633//1769
f 1599//1754 1748//1759 1648//1770 1598//1751
f 1699//1663 1700//1665 1657//1771 1660//1767
f 1700//1665 1701//1667 1639//1772 1657//1771
f 1701//1667 1702//1669 1659//1773 1639//1772
f 1659//1773 1702//1669 1703//1671 1656//1774
f 1703//1671 1704//1673 1638//1775 1656//1774
f 1638//1775 1704//1673 1705//1674 1758//1776
f 1758//1776 1705//1674 1706//1676 1637//1777
f 1637//1777 1706//1676 1744//1748 1651//1778
f 1651//1778 1744//1748 1745//1750 1636//1779
f 1745//1750 1746//1752 1649//1780 1636//1779
f 1696//1657 1619//1550 1661//1553 1707//1680
f 1661//1553 1504//1552 1505//1677 1707//1680
f 1599//1754 1598//1751 1676//1616 1747//1656
f 1747//1656 1676//1616 1531//1615 1532//1655
f 1719//1707 813//809 1688//1642 1720//1708
f 1720//1708 1688//1642 1652//1641 1721//1710
f 1721//1710 1652//1641 1687//1640 1722//1712
f 1722//1712 1687//1640 1686//1639 1723//1714
f 1723//1714 1686//1639 1685//1638 1724//1716
f 1724//1716 1685//1638 1684//1636 1725//1718
f 1725//1718 1684//1636 1683//1634 1726//1720
f 1726//1720 1683//1634 1682//1632 1727//1722
f 1727//1722 1682//1632 1681//1630 1728//1724
f 1728//1724 1681//1630 1640//1629 1729//1726
f 1729//1726 1640//1629 1680//1628 1641//1556
f 1696//1657 1707//1680 1629//1679 1708//1682
f 1717//1698 1718//1700 1711//1685 1713//1688
f 1717//1698 1713//1688 1712//1687 1716//1696
f 1742//1745 1743//1746 1642//1766 1660//1767
f 1746//1752 1598//1751 1648//1770 1756//1781
f 1741//1744 1742//1745 1660//1767 1657//1771
f 1740//1743 1741//1744 1657//1771 1757//1782
f 1739//1742 1740//1743 1757//1782 1658//1783
f 1654//1784 1738//1741 1739//1742 1658//1783
f 1737//1740 1738//1741 1654//1784 1656//1774
f 1638//1775 1655//1739 1737//1740 1656//1774
f 1758//1776 1736//1738 1655//1739 1638//1775
f 1759//1785 1753//1765 1605//1534 1755//1768
f 1760//1786 1647//1730 1731//1731 1645//1787
f 1645//1787 1731//1731 1732//1732 1761//1788
f 1761//1788 1732//1732 1733//1733 1762//1789
f 1733//1733 1734//1734 1763//1790 1762//1789
f 1734//1734 1650//1735 1764//1791 1763//1790
f 1730//1729 1647//1730 1760//1786 1765//1792
f 1645//1787 1749//1761 1750//1762 1760//1786
f 1760//1786 1750//1762 1751//1763 1765//1792
f 1765//1792 1751//1763 1752//1764 1753//1765
f 1761//1788 1646//1760 1749//1761 1645//1787
f 1643//1793 1644//1728 1730//1729 1765//1792
f 1748//1759 1646//1760 1767//1794 1766//1795
f 1636//1779 1650//1735 1735//1736 1651//1778
f 1651//1778 1735//1736 1653//1737 1637//1777
f 1637//1777 1653//1737 1736//1738 1758//1776
f 1650//1735 1636//1779 1649//1780 1764//1791
f 1633//1769 1697//1659 1644//1728 1643//1793
f 1759//1785 1755//1768 1633//1769 1643//1793
f 1648//1770 1748//1759 1766//1795 1756//1781
f 1643//1793 1765//1792 1753//1765 1759//1785
f 1767//1794 1646//1760 1761//1788 1762//1789
f 1659//1773 1656//1774 1654//1784 1658//1783
f 1658//1783 1757//1782 1639//1772 1659//1773
f 1657//1771 1639//1772 1757//1782
f 1649//1780 1746//1752 1756//1781 1764//1791
f 1763//1790 1766//1795 1767//1794 1762//1789
f 1756//1781 1766//1795 1763//1790 1764//1791
f 2003//1796 1996//1797 2006//1798
f 1824//1799 1823//1800 1886//1801
f 1885//1802 1825//1803 1824//1799
f 1768//1804 96//59 1830//1805 1893//1806
f 1769//1807 1768//1804 1893//1806 1892//1808
f 1893//1806 1830//1805 1829//1809 1831//1810
f 1770//1811 1769//1807 1892//1808 1925//1812
f 1925//1812 1892//1808 1832//1813 1833//1814
f 1831//1810 1832//1813 1892//1808 1893//1806
f 1792//1815 1791//1816 1926//1817 1793//1818
f 1791//1816 1790//1819 1855//1820 1926//1817
f 1794//1821 1793//1818 1926//1817 1854//1822
f 1855//1820 1853//1823 1854//1822 1926//1817
f 1794//1821 1854//1822 1927//1824 1795//1825
f 1854//1822 1853//1823 1856//1826 1927//1824
f 1798//1827 1797//1828 1928//1829 1861//1830
f 1798//1827 1861//1830 1929//1831 1799//1832
f 1861//1830 1859//1833 1860//1834 1929//1831
f 1860//1834 1802//1835 1801//1836 1929//1831
f 1801//1836 1800//1837 1799//1832 1929//1831
f 1858//1838 1859//1833 1861//1830 1928//1829
f 1802//1835 1860//1834 1902//1839 1803//1840
f 1860//1834 1859//1833 1862//1841 1902//1839
f 1887//1842 1886//1801 1823//1800 1822//1843
f 1885//1802 1824//1799 1886//1801 1930//1844
f 1930//1844 1886//1801 1887//1842 1888//1845
f 1930//1844 1888//1845 1882//1846 1883//1847
f 1831//1810 1829//1809 1828//1848 1895//1849
f 1832//1813 1831//1810 1895//1849 1891//1850
f 1895//1849 1828//1848 1827//1851 1896//1852
f 1827//1851 1826//1853 1894//1854 1896//1852
f 1833//1814 1832//1813 1891//1850 1931//1855
f 1856//1826 1853//1823 1852//1856 1932//1857
f 1932//1857 1852//1856 1851//1858 1933//1859
f 1933//1859 1851//1858 1850//1860 1934//1861
f 1934//1861 1850//1860 1849//1862 1935//1863
f 1935//1863 1849//1862 1848//1864 1936//1865
f 1936//1865 1848//1864 1847//1866 1937//1867
f 1937//1867 1847//1866 1846//1868 1909//1869
f 1909//1869 1846//1868 1845//1870 1938//1871
f 1938//1871 1845//1870 1844//1872 1911//1873
f 1911//1873 1844//1872 1843//1874 1939//1875
f 1843//1874 1842//1876 1940//1877 1939//1875
f 1842//1876 1841//1878 1941//1879 1940//1877
f 1841//1878 1840//1880 1942//1881 1941//1879
f 1840//1880 1839//1882 1916//1883 1942//1881
f 1839//1882 1838//1884 1917//1885 1916//1883
f 1917//1885 1838//1884 1837//1886 1918//1887
f 1837//1886 1836//1888 1943//1889 1918//1887
f 1836//1888 1835//1890 1944//1891 1943//1889
f 1835//1890 1834//1892 1945//1893 1944//1891
f 1834//1892 1833//1814 1931//1855 1945//1893
f 1852//1856 1853//1823 1855//1820 1897//1894
f 1897//1894 1855//1820 1790//1819 1789//1895
f 1862//1841 1859//1833 1858//1838 1946//1896
f 1946//1896 1858//1838 1857//1897 1947//1898
f 1947//1898 1857//1897 1856//1826 1932//1857
f 1882//1846 1881//1899 1948//1900 1889//1901
f 1881//1899 1880//1902 1949//1903 1948//1900
f 1949//1903 1880//1902 1879//1904 1950//1905
f 1879//1904 1878//1906 1951//1907 1950//1905
f 1878//1906 1877//1908 1952//1909 1951//1907
f 1877//1908 1876//1910 1953//1911 1952//1909
f 1876//1910 1875//1912 1954//1913 1953//1911
f 1875//1912 1874//1914 1955//1915 1954//1913
f 1874//1914 1873//1916 1956//1917 1955//1915
f 1956//1917 1873//1916 1872//1918 1913//1919
f 1913//1919 1872//1918 1871//1920 2005//1921
f 2005//1921 1871//1920 1870//1922 1957//1923
f 1957//1923 1870//1922 1869//1924 1907//1925
f 1907//1925 1869//1924 1868//1926 1958//1927
f 1868//1926 1867//1928 1959//1929 1958//1927
f 1867//1928 1866//1930 1921//1931 1959//1929
f 1866//1930 1865//1932 1960//1933 1921//1931
f 1865//1932 1864//1934 1961//1935 1960//1933
f 1864//1934 1863//1936 1898//1937 1961//1935
f 1863//1936 1862//1841 1946//1896 1898//1937
f 1902//1839 1862//1841 1863//1936 1962//1938
f 1881//1899 1882//1846 1888//1845 1963//1939
f 1963//1939 1888//1845 1887//1842 1822//1843
f 1963//1939 1822//1843 1821//1940 1964//1941
f 1964//1941 1821//1940 1820//1942 1965//1943
f 1965//1943 1820//1942 1819//1944 1966//1945
f 1966//1945 1819//1944 1818//1946 1967//1947
f 1883//1847 1882//1846 1889//1901 1894//1854
f 1825//1803 1885//1802 1884//1948 1826//1853
f 1884//1948 1883//1847 1894//1854 1826//1853
f 1930//1844 1883//1847 1884//1948 1885//1802
f 1931//1855 1891//1850 1890//1949 1968//1950
f 1968//1950 1890//1949 1889//1901 1948//1900
f 1894//1854 1889//1901 1890//1949 1896//1852
f 1896//1852 1890//1949 1891//1850 1895//1849
f 1962//1938 1804//1951 1803//1840 1902//1839
f 1969//1952 1805//1953 1804//1951 1962//1938
f 1970//1954 1806//1955 1805//1953 1969//1952
f 1971//1956 1807//1957 1806//1955 1970//1954
f 1972//1958 1808//1959 1807//1957 1971//1956
f 1973//1960 1809//1961 1808//1959 1972//1958
f 1974//1962 1810//1963 1809//1961 1973//1960
f 1975//1964 1811//1965 1810//1963 1974//1962
f 1976//1966 1812//1967 1811//1965 1975//1964
f 1977//1968 1813//1969 1812//1967 1976//1966
f 1978//1970 1814//1971 1813//1969 1977//1968
f 1979//1972 1815//1973 1814//1971 1978//1970
f 1980//1974 1816//1975 1815//1973 1979//1972
f 1982//1976 1817//1977 1816//1975 1980//1974
f 1964//1941 1880//1902 1881//1899 1963//1939
f 1965//1943 1879//1904 1880//1902 1964//1941
f 1966//1945 1878//1906 1879//1904 1965//1943
f 1967//1947 1877//1908 1878//1906 1966//1945
f 1982//1976 1876//1910 1877//1908 1967//1947
f 1980//1974 1875//1912 1876//1910 1982//1976
f 1772//1978 1771//1979 1983//1980 1835//1890
f 1835//1890 1836//1888 1984//1981 1772//1978
f 1773//1982 1772//1978 1984//1981 1989//1983
f 1983//1980 1925//1812 1985//1984
f 1834//1892 1835//1890 1983//1980 1985//1984
f 1775//1985 1774//1986 1986//1987 1838//1884
f 1838//1884 1839//1882 1987//1988 1775//1985
f 1776//1989 1775//1985 1987//1988 1988//1990
f 1837//1886 1838//1884 1986//1987 1989//1983
f 1779//1991 1778//1992 1990//1993 1842//1876
f 1842//1876 1843//1874 1991//1994 1779//1991
f 1780//1995 1779//1991 1991//1994 1992//1996
f 1841//1878 1842//1876 1990//1993 1993//1997
f 1840//1880 1841//1878 1993//1997 1988//1990
f 1783//1998 1782//1999 1994//2000 1846//1868
f 1846//1868 1847//1866 1995//2001 1783//1998
f 1784//2002 1783//1998 1995//2001 1996//1797
f 1845//1870 1846//1868 1994//2000 1997//2003
f 1844//1872 1845//1870 1997//2003 1992//1996
f 1786//2004 1785//2005 1999//2006 1998//2007
f 1787//2008 1786//2004 1998//2007 2000//2009
f 1788//2010 1787//2008 2000//2009 2001//2011
f 1999//2006 1848//1864 1849//1862 1998//2007
f 1998//2007 1849//1862 1850//1860 2000//2009
f 1850//1860 1851//1858 2001//2011 2000//2009
f 1969//1952 1864//1934 1865//1932 1970//1954
f 1970//1954 1865//1932 1866//1930 1971//1956
f 1971//1956 1866//1930 1867//1928 1972//1958
f 1972//1958 1867//1928 1868//1926 1973//1960
f 1973//1960 1868//1926 1869//1924 1974//1962
f 1974//1962 1869//1924 1870//1922 1975//1964
f 1975//1964 1870//1922 1871//1920 1976//1966
f 1976//1966 1871//1920 1872//1918 1977//1968
f 1977//1968 1872//1918 1873//1916 1978//1970
f 1978//1970 1873//1916 1874//1914 1979//1972
f 1979//1972 1874//1914 1875//1912 1980//1974
f 1771//1979 1770//1811 1925//1812 1983//1980
f 1789//1895 1788//2010 2001//2011 1897//1894
f 1833//1814 1834//1892 1985//1984 1925//1812
f 1836//1888 1837//1886 1989//1983 1984//1981
f 1851//1858 1852//1856 1897//1894 2001//2011
f 1962//1938 1863//1936 1864//1934 1969//1952
f 1992//1996 1991//1994 1843//1874 1844//1872
f 1967//1947 1818//1946 1817//1977 1982//1976
f 1989//1983 1986//1987 1774//1986 1773//1982
f 1988//1990 1987//1988 1839//1882 1840//1880
f 1993//1997 1990//1993 1778//1992 1777//2012
f 1997//2003 1994//2000 1782//1999 1781//2013
f 1996//1797 1995//2001 1847//1866 1848//1864
f 1797//1828 1796//2014 1981//2015 1928//1829
f 1796//2014 1795//1825 1927//1824 1981//2015
f 1857//1897 1858//1838 1928//1829 1981//2015
f 1927//1824 1856//1826 1857//1897 1981//2015
f 1932//1857 1933//1859 1920//2016 1947//1898
f 1898//1937 1946//1896 1947//1898 1920//2016
f 1920//2016 1933//1859 1934//1861 1899//2017
f 1934//1861 1935//1863 2002//2018 1899//2017
f 1935//1863 1936//1865 1908//2019 2002//2018
f 1784//2002 1996//1797 2003//1796 1785//2005
f 1777//2012 1776//1989 1988//1990 1993//1997
f 1945//1893 1931//1855 1968//1950 1906//2020
f 1906//2020 1968//1950 1948//1900 1949//1903
f 1906//2020 1949//1903 1950//1905 1905//2021
f 1936//1865 1937//1867 1900//2022 1908//2019
f 1937//1867 1909//1869 1922//2023 1900//2022
f 1950//1905 1951//1907 1919//2024 1905//2021
f 1919//2024 1951//1907 1952//1909 1904//2025
f 1952//1909 1953//1911 1924//2026 1904//2025
f 1953//1911 1954//1913 1903//2027 1924//2026
f 1954//1913 1955//1915 2004//2028 1903//2027
f 1955//1915 1956//1917 1915//2029 2004//2028
f 1956//1917 1913//1919 1912//2030 1915//2029
f 1913//1919 2005//1921 1914//2031 1912//2030
f 1781//2013 1780//1995 1992//1996 1997//2003
f 1848//1864 1999//2006 2006//1798 1996//1797
f 1999//2006 1785//2005 2003//1796 2006//1798
f 1944//1891 1945//1893 1906//2020 1905//2021
f 1961//1935 1898//1937 1920//2016 1899//2017
f 1960//1933 1961//1935 1899//2017 2002//2018
f 1943//1889 1944//1891 1905//2021 1918//1887
f 1921//1931 1960//1933 2002//2018 1908//2019
f 1959//1929 1921//1931 1908//2019 1900//2022
f 1958//1927 1959//1929 1900//2022 1922//2023
f 1910//2032 1907//1925 1958//1927 1922//2023
f 1901//2033 1957//1923 1907//1925 1910//2032
f 1941//1879 1942//1881 2004//2028 1915//2029
f 1940//1877 1941//1879 1915//2029 1912//2030
f 1939//1875 1940//1877 1912//2030 1914//2031
f 1923//2034 1911//1873 1939//1875 1914//2031
f 2007//2035 1938//1871 1911//1873 1923//2034
f 1901//2033 1909//1869 1938//1871 2007//2035
f 1942//1881 1916//1883 1903//2027 2004//2028
f 1916//1883 1917//1885 1924//2026 1903//2027
f 1917//1885 1918//1887 1904//2025 1924//2026
f 1919//2024 1904//2025 1918//1887 1905//2021
f 1909//1869 1901//2033 1910//2032 1922//2023
f 1957//1923 1901//2033 2007//2035 2005//1921
f 1923//2034 1914//2031 2005//1921 2007//2035
f 1825//1803 2066//2036 1824//1799
f 1824//1799 2065//2037 2008//2038
f 2031//2039 2094//2040 1542//2041
f 2093//2042 1543//2043 1542//2041
f 2155//2044 2153//2045 2229//2046
f 69//18 68//2047 1548//2048 2118//2049
f 70//2050 69//18 2118//2049 2100//2051
f 2118//2049 1548//2048 1547//1546 2032//2052
f 71//84 70//2050 2100//2051 2156//2053
f 2156//2053 2100//2051 2033//2054 2034//2055
f 2032//2052 2033//2054 2100//2051 2118//2049
f 2058//2056 94//2057 93//57 2103//2058
f 94//2057 2058//2056 2101//2059 95//55
f 1830//1805 96//59 95//55 2101//2059
f 1829//1809 1830//1805 2101//2059 2057//2060
f 2058//2056 2056//2061 2057//2060 2101//2059
f 2056//2061 2058//2056 2103//2058 2055//2062
f 1828//1848 1829//1809 2057//2060 2125//2063
f 2125//2063 2057//2060 2056//2061 2059//2064
f 2067//2065 2066//2036 1825//1803 1826//1853
f 2065//2037 1824//1799 2066//2036 2157//2066
f 2157//2066 2066//2036 2067//2065 2068//2067
f 2157//2066 2068//2067 2062//2068 2063//2069
f 2095//2070 2094//2040 2031//2039 2030//2071
f 2093//2042 1542//2041 2094//2040 2158//2072
f 2158//2072 2094//2040 2095//2070 2096//2073
f 2158//2072 2096//2073 2090//2074 2091//2075
f 2032//2052 1547//1546 1546//1581 2124//2076
f 2033//2054 2032//2052 2124//2076 2099//2077
f 2124//2076 1546//1581 1545//2078 2127//2079
f 1545//2078 1544//2080 2122//2081 2127//2079
f 2034//2055 2033//2054 2099//2077 2159//2082
f 2059//2064 2056//2061 2055//2062 2129//2083
f 2129//2083 2055//2062 2054//2084 2160//2085
f 2160//2085 2054//2084 2053//2086 2151//2087
f 2151//2087 2053//2086 2052//2088 2138//2089
f 2138//2089 2052//2088 2051//2090 2141//2091
f 2051//2090 2050//2092 2161//2093 2141//2091
f 2050//2092 2049//2094 2162//2095 2161//2093
f 2049//2094 2048//2096 2163//2097 2162//2095
f 2048//2096 2047//2098 2164//2099 2163//2097
f 2047//2098 2046//2100 2229//2046 2164//2099
f 2046//2100 2045//2101 2165//2102 2229//2046
f 2165//2102 2045//2101 2044//2103 2166//2104
f 2166//2104 2044//2103 2043//2105 2143//2106
f 2143//2106 2043//2105 2042//2107 2167//2108
f 2167//2108 2042//2107 2041//2109 2147//2110
f 2147//2110 2041//2109 2040//2111 2168//2112
f 2168//2112 2040//2111 2039//2113 2169//2114
f 2039//2113 2038//2115 2170//2116 2169//2114
f 2038//2115 2037//2117 2171//2118 2170//2116
f 2037//2117 2036//2119 2172//2120 2171//2118
f 2036//2119 2035//2121 2173//2122 2172//2120
f 2035//2121 2034//2055 2159//2082 2173//2122
f 2062//2068 2061//2123 2174//2124 2069//2125
f 2061//2123 2060//2126 2175//2127 2174//2124
f 2060//2126 2059//2064 2129//2083 2175//2127
f 2059//2064 2060//2126 2176//2128 2125//2063
f 2061//2123 2062//2068 2068//2067 2126//2129
f 2126//2129 2068//2067 2067//2065 1826//1853
f 2126//2129 1826//1853 1827//1851 2176//2128
f 1827//1851 1828//1848 2125//2063 2176//2128
f 2063//2069 2062//2068 2069//2125 2108//2130
f 2008//2038 2065//2037 2064//2131 2009//2132
f 2064//2131 2063//2069 2108//2130 2009//2132
f 2157//2066 2063//2069 2064//2131 2065//2037
f 2090//2074 2089//2133 2177//2134 2097//2135
f 2089//2133 2088//2136 2178//2137 2177//2134
f 2178//2137 2088//2136 2087//2138 2179//2139
f 2179//2139 2087//2138 2086//2140 2180//2141
f 2180//2141 2086//2140 2085//2142 2181//2143
f 2181//2143 2085//2142 2084//2144 2182//2145
f 2182//2145 2084//2144 2083//2146 2183//2147
f 2183//2147 2083//2146 2082//2148 2184//2149
f 2184//2149 2082//2148 2081//2150 2185//2151
f 2185//2151 2081//2150 2080//2152 2146//2153
f 2146//2153 2080//2152 2079//2154 2142//2155
f 2142//2155 2079//2154 2078//2156 2186//2157
f 2186//2157 2078//2156 2077//2158 2187//2159
f 2187//2159 2077//2158 2076//2160 2188//2161
f 2188//2161 2076//2160 2075//2162 2189//2163
f 2189//2163 2075//2162 2074//2164 2190//2165
f 2190//2165 2074//2164 2073//2166 2191//2167
f 2191//2167 2073//2166 2072//2168 2139//2169
f 2139//2169 2072//2168 2071//2170 2192//2171
f 2192//2171 2071//2170 2070//2172 2193//2173
f 2193//2173 2070//2172 2069//2125 2174//2124
f 2069//2125 2070//2172 2109//2174 2108//2130
f 2070//2172 2071//2170 2110//2175 2109//2174
f 2089//2133 2090//2074 2096//2073 2194//2176
f 2194//2176 2096//2073 2095//2070 2030//2071
f 2194//2176 2030//2071 2029//2177 2195//2178
f 2195//2178 2029//2177 2028//2179 2123//2180
f 2123//2180 2028//2179 2027//2181 2196//2182
f 2196//2182 2027//2181 2026//2183 2197//2184
f 2197//2184 2026//2183 2025//2185 2198//2186
f 2198//2186 2025//2185 2024//2187 2121//2188
f 2121//2188 2024//2187 2023//2189 2199//2190
f 2199//2190 2023//2189 2022//2191 2120//2192
f 2120//2192 2022//2191 2021//2193 2200//2194
f 2200//2194 2021//2193 2020//2195 2201//2196
f 2201//2196 2020//2195 2019//2197 2119//2198
f 2119//2198 2019//2197 2018//2199 2202//2200
f 2202//2200 2018//2199 2017//2201 2115//2202
f 2115//2202 2017//2201 2016//2203 2114//2204
f 2114//2204 2016//2203 2015//2205 2113//2206
f 2113//2206 2015//2205 2014//2207 2111//2208
f 2111//2208 2014//2207 2013//2209 2203//2210
f 2203//2210 2112//2211 2072//2168
f 2203//2210 2013//2209 2012//2212 2112//2211
f 2012//2212 2011//2213 2110//2175 2112//2211
f 2011//2213 2010//2214 2109//2174 2110//2175
f 2010//2214 2009//2132 2108//2130 2109//2174
f 2091//2075 2090//2074 2097//2135 2122//2081
f 1543//2043 2093//2042 2092//2215 1544//2080
f 2092//2215 2091//2075 2122//2081 1544//2080
f 2158//2072 2091//2075 2092//2215 2093//2042
f 2159//2082 2099//2077 2098//2216 2135//2217
f 2135//2217 2098//2216 2097//2135 2177//2134
f 2122//2081 2097//2135 2098//2216 2127//2079
f 2127//2079 2098//2216 2099//2077 2124//2076
f 72//85 71//84 2156//2053 2204//2218
f 73//87 72//85 2204//2218 2116//2219
f 74//89 73//87 2116//2219 2117//2220
f 75//91 74//89 2117//2220 2205//2221
f 76//93 75//91 2205//2221 2206//2222
f 2207//2223 77//95 76//93 2206//2222
f 2208//2224 78//2225 77//95 2207//2223
f 2209//2226 79//48 78//2225 2208//2224
f 2210//2227 79//48 2209//2226
f 2211//2228 80//49 79//48 2210//2227
f 2212//2229 81//97 80//49 2211//2228
f 2213//2230 82//2231 81//97 2212//2229
f 2214//2232 83//2233 82//2231 2213//2230
f 2215//2234 84//2235 83//2233 2214//2232
f 2216//2236 85//2237 84//2235 2215//2234
f 2217//2238 86//2239 85//2237 2216//2236
f 2107//2240 87//2241 86//2239 2217//2238
f 2106//2242 88//214 87//2241 2107//2240
f 2105//2243 89//2244 88//214 2106//2242
f 2104//2245 90//2246 89//2244 2105//2243
f 2102//2247 91//200 90//2246 2104//2245
f 2218//2248 92//199 91//200 2102//2247
f 2218//2248 2054//2084 2055//2062 2103//2058
f 2102//2247 2053//2086 2054//2084 2218//2248
f 2104//2245 2052//2088 2053//2086 2102//2247
f 2105//2243 2051//2090 2052//2088 2104//2245
f 2106//2242 2050//2092 2051//2090 2105//2243
f 2107//2240 2049//2094 2050//2092 2106//2242
f 2217//2238 2048//2096 2049//2094 2107//2240
f 2216//2236 2047//2098 2048//2096 2217//2238
f 2215//2234 2046//2100 2047//2098 2216//2236
f 2214//2232 2045//2101 2046//2100 2215//2234
f 2213//2230 2044//2103 2045//2101 2214//2232
f 2212//2229 2043//2105 2044//2103 2213//2230
f 2211//2228 2042//2107 2043//2105 2212//2229
f 2210//2227 2041//2109 2042//2107 2211//2228
f 2209//2226 2040//2111 2041//2109 2210//2227
f 2195//2178 2088//2136 2089//2133 2194//2176
f 2123//2180 2087//2138 2088//2136 2195//2178
f 2196//2182 2086//2140 2087//2138 2123//2180
f 2197//2184 2085//2142 2086//2140 2196//2182
f 2198//2186 2084//2144 2085//2142 2197//2184
f 2121//2188 2083//2146 2084//2144 2198//2186
f 2199//2190 2082//2148 2083//2146 2121//2188
f 2120//2192 2081//2150 2082//2148 2199//2190
f 2200//2194 2080//2152 2081//2150 2120//2192
f 2201//2196 2079//2154 2080//2152 2200//2194
f 2119//2198 2078//2156 2079//2154 2201//2196
f 2202//2200 2077//2158 2078//2156 2119//2198
f 2115//2202 2076//2160 2077//2158 2202//2200
f 2114//2204 2075//2162 2076//2160 2115//2202
f 2113//2206 2074//2164 2075//2162 2114//2204
f 2111//2208 2073//2166 2074//2164 2113//2206
f 2203//2210 2072//2168 2073//2166 2111//2208
f 2035//2121 2036//2119 2116//2219 2204//2218
f 2036//2119 2037//2117 2117//2220 2116//2219
f 2037//2117 2038//2115 2219//2249 2117//2220
f 2038//2115 2039//2113 2220//2250 2219//2249
f 2039//2113 2040//2111 2221//2251 2220//2250
f 2103//2058 93//57 92//199 2218//2248
f 2034//2055 2035//2121 2204//2218 2156//2053
f 2060//2126 2061//2123 2126//2129 2176//2128
f 2112//2211 2110//2175 2071//2170 2072//2168
f 2040//2111 2209//2226 2208//2224 2221//2251
f 2221//2251 2208//2224 2207//2223 2220//2250
f 2220//2250 2207//2223 2206//2222 2219//2249
f 2205//2221 2117//2220 2219//2249 2206//2222
f 2177//2134 2178//2137 2134//2252 2135//2217
f 2173//2122 2159//2082 2135//2217 2134//2252
f 2134//2252 2178//2137 2179//2139 2150//2253
f 2150//2253 2179//2139 2180//2141 2222//2254
f 2174//2124 2175//2127 2128//2255 2193//2173
f 2175//2127 2129//2083 2160//2085 2128//2255
f 2222//2254 2180//2141 2181//2143 2133//2256
f 2128//2255 2160//2085 2151//2087 2136//2257
f 2151//2087 2138//2089 2137//2258 2136//2257
f 2138//2089 2141//2091 2140//2259 2137//2258
f 2133//2256 2181//2143 2182//2145 2223//2260
f 2223//2260 2182//2145 2183//2147 2224//2261
f 2224//2261 2183//2147 2184//2149 2132//2262
f 2132//2262 2184//2149 2185//2151 2145//2263
f 2145//2263 2185//2151 2146//2153 2225//2264
f 2225//2264 2146//2153 2142//2155 2131//2265
f 2131//2265 2142//2155 2186//2157 2155//2044
f 2155//2044 2186//2157 2187//2159 2153//2045
f 2187//2159 2188//2161 2130//2266 2153//2045
f 2188//2161 2189//2163 2154//2267 2130//2266
f 2154//2267 2189//2163 2190//2165 2152//2268
f 2190//2165 2191//2167 2226//2269 2152//2268
f 2226//2269 2191//2167 2139//2169 2140//2259
f 2172//2120 2173//2122 2134//2252 2150//2253
f 2171//2118 2172//2120 2150//2253 2148//2270
f 2170//2116 2171//2118 2148//2270 2227//2271
f 2149//2272 2169//2114 2170//2116 2227//2271
f 2144//2273 2168//2112 2169//2114 2149//2272
f 2228//2274 2224//2261 2132//2262
f 2228//2274 2147//2110 2168//2112 2144//2273
f 2131//2265 2165//2102 2166//2104 2225//2264
f 2225//2264 2166//2104 2143//2106 2145//2263
f 2145//2263 2143//2106 2167//2108 2132//2262
f 2132//2262 2167//2108 2147//2110 2228//2274
f 2155//2044 2229//2046 2165//2102 2131//2265
f 2163//2097 2164//2099 2130//2266 2154//2267
f 2162//2095 2163//2097 2154//2267 2152//2268
f 2161//2093 2162//2095 2152//2268 2141//2091
f 2140//2259 2136//2257 2137//2258
f 2136//2257 2192//2171 2193//2173 2128//2255
f 2141//2091 2152//2268 2226//2269 2140//2259
f 2140//2259 2139//2169 2192//2171 2136//2257
f 2153//2045 2130//2266 2164//2099 2229//2046
f 2148//2270 2150//2253 2222//2254 2227//2271
f 2227//2271 2222//2254 2133//2256 2149//2272
f 2149//2272 2133//2256 2223//2260 2144//2273
f 2144//2273 2223//2260 2224//2261 2228//2274
f 2276//2275 1516//1538 2332//2276
f 2331//2277 1516//1538 1515//1540
f 2312//2278 2311//2279 2409//2280
f 2313//2281 2411//2282 2314//2283
f 1510//1559 798//801 2230//2284 2339//2285
f 2339//2285 2230//2284 2231//2286 2338//2287
f 1511//1560 1510//1559 2339//2285 2277//2288
f 2338//2287 2278//2289 2277//2288 2339//2285
f 2338//2287 2231//2286 2232//2290 2341//2291
f 2278//2289 2338//2287 2341//2291 2279//2292
f 2341//2291 2232//2290 2233//2293 2369//2294
f 2369//2294 2233//2293 2234//2295 2370//2296
f 2370//2296 2234//2295 2235//2297 2371//2298
f 2371//2298 2235//2297 2236//2299 2372//2300
f 2372//2300 2236//2299 2237//2301 2373//2302
f 2373//2302 2237//2301 2238//2303 2374//2304
f 2252//2305 2253//2306 2349//2307 2301//2308
f 2253//2306 1792//1815 1793//1818 2349//2307
f 1793//1818 1794//1821 2300//2309 2349//2307
f 2300//2309 2299//2310 2301//2308 2349//2307
f 2252//2305 2301//2308 2348//2311 2251//2312
f 2301//2308 2299//2310 2298//2313 2348//2311
f 1794//1821 1795//1825 2375//2314 2300//2309
f 2299//2310 2300//2309 2375//2314 2302//2315
f 1798//1827 1799//1832 2376//2316 2307//2317
f 1799//1832 1800//1837 2254//2318 2376//2316
f 2254//2318 2255//2319 2306//2320 2376//2316
f 2306//2320 2305//2321 2307//2317 2376//2316
f 1798//1827 2307//2317 2350//2322 1797//1828
f 2350//2322 2307//2317 2305//2321 2304//2323
f 2255//2319 2256//2324 2377//2325 2306//2320
f 2308//2326 2305//2321 2306//2320 2377//2325
f 2256//2324 2257//2327 2378//2328 2377//2325
f 2257//2327 2258//2329 2379//2330 2378//2328
f 2332//2276 1516//1538 2331//2277 2380//2331
f 2380//2331 2331//2277 2330//2332 2329//2333
f 2380//2331 2329//2333 2328//2334 2334//2335
f 2333//2336 2332//2276 2380//2331 2334//2335
f 2330//2332 2331//2277 1515//1540 1514//1617
f 1512//1561 1511//1560 2277//2288 2340//2337
f 2340//2337 2277//2288 2278//2289 2337//2338
f 2337//2338 2278//2289 2279//2292 2342//2339
f 2348//2311 2298//2313 2297//2340 2381//2341
f 2381//2341 2297//2340 2296//2342 2382//2343
f 2382//2343 2296//2342 2295//2344 2383//2345
f 2298//2313 2299//2310 2302//2315 2384//2346
f 2304//2323 2303//2347 2385//2348 2350//2322
f 2303//2347 2302//2315 2375//2314 2385//2348
f 2302//2315 2303//2347 2386//2349 2384//2346
f 2303//2347 2304//2323 2387//2350 2386//2349
f 2304//2323 2305//2321 2308//2326 2387//2350
f 2334//2335 2328//2334 2327//2351 2345//2352
f 2335//2353 2328//2334 2329//2333 2388//2354
f 2388//2354 2329//2333 2330//2332 1514//1617
f 2388//2354 1514//1617 1513//1564 2389//2355
f 1513//1564 1512//1561 2340//2337 2389//2355
f 2328//2334 2335//2353 2343//2356 2327//2351
f 2276//2275 2332//2276 2333//2336 2275//2357
f 2333//2336 2334//2335 2345//2352 2275//2357
f 2337//2338 2336//2358 2389//2355 2340//2337
f 2336//2358 2335//2353 2388//2354 2389//2355
f 2335//2353 2336//2358 2390//2359 2343//2356
f 2336//2358 2337//2338 2342//2339 2390//2359
f 2381//2341 2250//2360 2251//2312 2348//2311
f 2382//2343 2249//2361 2250//2360 2381//2341
f 2383//2345 2248//2362 2249//2361 2382//2343
f 2391//2363 2247//2364 2248//2362 2383//2345
f 2392//2365 2246//2366 2247//2364 2391//2363
f 2393//2367 2245//2368 2246//2366 2392//2365
f 2394//2369 2244//2370 2245//2368 2393//2367
f 2395//2371 2243//2372 2244//2370 2394//2369
f 2396//2373 2242//2374 2243//2372 2395//2371
f 2397//2375 2241//2376 2242//2374 2396//2373
f 2398//2377 2240//2378 2241//2376 2397//2375
f 2404//2379 2239//2380 2240//2378 2398//2377
f 2385//2348 1796//2014 1797//1828 2350//2322
f 2369//2294 2280//2381 2279//2292 2341//2291
f 2342//2339 2279//2292 2280//2381 2399//2382
f 2370//2296 2281//2383 2280//2381 2369//2294
f 2399//2382 2280//2381 2281//2383 2400//2384
f 2371//2298 2282//2385 2281//2383 2370//2296
f 2400//2384 2281//2383 2282//2385 2401//2386
f 2372//2300 2283//2387 2282//2385 2371//2298
f 2401//2386 2282//2385 2283//2387 2402//2388
f 2373//2302 2284//2389 2283//2387 2372//2300
f 2402//2388 2283//2387 2284//2389 2354//2390
f 2374//2304 2285//2391 2284//2389 2373//2302
f 2354//2390 2284//2389 2285//2391 2403//2392
f 2404//2379 2286//2393 2285//2391 2374//2304
f 2403//2392 2285//2391 2286//2393 2356//2394
f 2398//2377 2287//2395 2286//2393 2404//2379
f 2356//2394 2286//2393 2287//2395 2405//2396
f 2297//2340 2298//2313 2384//2346 2364//2397
f 2296//2342 2297//2340 2364//2397 2406//2398
f 2295//2344 2296//2342 2406//2398 2407//2399
f 2309//2400 2308//2326 2377//2325 2378//2328
f 2387//2350 2308//2326 2309//2400 2408//2401
f 2379//2330 2310//2402 2309//2400 2378//2328
f 2408//2401 2309//2400 2310//2402 2363//2403
f 2409//2280 2311//2279 2310//2402 2379//2330
f 2363//2403 2310//2402 2311//2279 2410//2404
f 2260//2405 2261//2406 2313//2281 2312//2278
f 2261//2406 2262//2407 2411//2282 2313//2281
f 2262//2407 2263//2408 2412//2409 2411//2282
f 2263//2408 2264//2410 2413//2411 2412//2409
f 2265//2412 2266//2413 2318//2414 2317//2415
f 2318//2414 2414//2416 2319//2417
f 2266//2413 2267//2418 2414//2416 2318//2414
f 2267//2418 2268//2419 2415//2420 2414//2416
f 2268//2419 2269//2421 2416//2422 2415//2420
f 2270//2423 2271//2424 2323//2425 2322//2426
f 2323//2425 2417//2427 2324//2428
f 2271//2424 2272//2429 2417//2427 2323//2425
f 2272//2429 2273//2430 2418//2431 2417//2427
f 2273//2430 2274//2432 2419//2433 2418//2431
f 2397//2375 2288//2434 2287//2395 2398//2377
f 2405//2396 2287//2395 2288//2434 2420//2435
f 2396//2373 2289//2436 2288//2434 2397//2375
f 2420//2435 2288//2434 2289//2436 2421//2437
f 2395//2371 2290//2438 2289//2436 2396//2373
f 2421//2437 2289//2436 2290//2438 2357//2439
f 2394//2369 2291//2440 2290//2438 2395//2371
f 2357//2439 2290//2438 2291//2440 2358//2441
f 2393//2367 2292//2442 2291//2440 2394//2369
f 2358//2441 2291//2440 2292//2442 2422//2443
f 2392//2365 2293//2444 2292//2442 2393//2367
f 2422//2443 2292//2442 2293//2444 2423//2445
f 2391//2363 2294//2446 2293//2444 2392//2365
f 2293//2444 2294//2446 2424//2447 2423//2445
f 2425//2448 2312//2278 2313//2281 2360//2449
f 2313//2281 2314//2283 2426//2450 2360//2449
f 2315//2451 2314//2283 2411//2282 2412//2409
f 2314//2283 2315//2451 2427//2452 2426//2450
f 2428//2453 2412//2409 2413//2411
f 2428//2453 2316//2454 2315//2451 2412//2409
f 2315//2451 2316//2454 2429//2455 2427//2452
f 2430//2456 2317//2415 2318//2414 2368//2457
f 2368//2457 2318//2414 2319//2417 2431//2458
f 2320//2459 2319//2417 2414//2416 2415//2420
f 2431//2458 2319//2417 2320//2459 2432//2460
f 2433//2461 2415//2420 2416//2422
f 2433//2461 2321//2462 2320//2459 2415//2420
f 2432//2460 2320//2459 2321//2462 2434//2463
f 2435//2464 2322//2426 2323//2425 2353//2465
f 2353//2465 2323//2425 2324//2428 2436//2466
f 2325//2467 2324//2428 2417//2427 2418//2431
f 2436//2466 2324//2428 2325//2467 2437//2468
f 2326//2469 2325//2467 2418//2431 2419//2433
f 2437//2468 2325//2467 2326//2469 2438//2470
f 1795//1825 1796//2014 2385//2348 2375//2314
f 2413//2411 2264//2410 2265//2412 2317//2415
f 2416//2422 2269//2421 2270//2423 2322//2426
f 2274//2432 2275//2357 2345//2352 2419//2433
f 2383//2345 2295//2344 2294//2446 2391//2363
f 2294//2446 2295//2344 2407//2399 2424//2447
f 2327//2351 2326//2469 2419//2433 2345//2352
f 2438//2470 2326//2469 2327//2351 2343//2356
f 2374//2304 2238//2303 2239//2380 2404//2379
f 2379//2330 2258//2329 2259//2471 2409//2280
f 2409//2280 2259//2471 2260//2405 2312//2278
f 2413//2411 2317//2415 2316//2454 2428//2453
f 2429//2455 2316//2454 2317//2415 2430//2456
f 2416//2422 2322//2426 2321//2462 2433//2461
f 2434//2463 2321//2462 2322//2426 2435//2464
f 2343//2356 2390//2359 2351//2472 2438//2470
f 2390//2359 2342//2339 2399//2382 2351//2472
f 2384//2346 2386//2349 2365//2473 2364//2397
f 2386//2349 2387//2350 2408//2401 2365//2473
f 2365//2473 2408//2401 2363//2403 2361//2474
f 2351//2472 2399//2382 2400//2384 2352//2475
f 2352//2475 2400//2384 2401//2386 2439//2476
f 2439//2476 2401//2386 2402//2388 2440//2477
f 2440//2477 2402//2388 2354//2390 2441//2478
f 2354//2390 2403//2392 2442//2479 2441//2478
f 2442//2479 2403//2392 2356//2394 2443//2480
f 2443//2480 2356//2394 2405//2396 2444//2481
f 2405//2396 2420//2435 2445//2482 2444//2481
f 2445//2482 2420//2435 2421//2437 2446//2483
f 2361//2474 2363//2403 2410//2404 2362//2484
f 2312//2278 2425//2448 2410//2404 2311//2279
f 2406//2398 2364//2397 2365//2473 2361//2474
f 2352//2475 2437//2468 2438//2470 2351//2472
f 2439//2476 2436//2466 2437//2468 2352//2475
f 2440//2477 2353//2465 2436//2466 2439//2476
f 2435//2464 2353//2465 2440//2477 2441//2478
f 2407//2399 2406//2398 2361//2474 2362//2484
f 2446//2483 2421//2437 2357//2439 2447//2485
f 2447//2485 2357//2439 2358//2441 2346//2486
f 2358//2441 2422//2443 2359//2487 2346//2486
f 2359//2487 2422//2443 2423//2445 2448//2488
f 2423//2445 2424//2447 2347//2489 2448//2488
f 2367//2490 2360//2449 2426//2450 2366//2491
f 2426//2450 2427//2452 2346//2486 2366//2491
f 2427//2452 2429//2455 2447//2485 2346//2486
f 2425//2448 2360//2449 2367//2490 2347//2489
f 2344//2492 2432//2460 2434//2463 2355//2493
f 2431//2458 2432//2460 2344//2492 2444//2481
f 2445//2482 2368//2457 2431//2458 2444//2481
f 2446//2483 2430//2456 2368//2457 2445//2482
f 2355//2493 2434//2463 2435//2464 2441//2478
f 2430//2456 2446//2483 2447//2485 2429//2455
f 2424//2447 2407//2399 2362//2484 2347//2489
f 2362//2484 2410//2404 2425//2448 2347//2489
f 2443//2480 2444//2481 2344//2492 2355//2493
f 2366//2491 2346//2486 2359//2487 2448//2488
f 2448//2488 2347//2489 2367//2490 2366//2491
f 2355//2493 2441//2478 2442//2479 2443//2480
f 2472//2494 2471//2495 2541//2496
f 2659//2497 2535//2498 2587//2499
f 2590//2500 2524//2501 2523//2502
f 2573//2503 2537//2504 2494//2505
f 2608//2506 2490//2507 2489//2508
f 1517//2509 2502//2510 1516//2511
f 2503//2512 2454//2513 1516//2511
f 2468//2514 825//762 824//764 2540//2515
f 2540//2515 824//764 823//816 2534//2516
f 2467//2517 2468//2514 2540//2515 2469//2518
f 2534//2516 2470//2519 2469//2518 2540//2515
f 801//803 800//2520 2573//2503 2495//2521
f 802//851 801//803 2495//2521 2574//2522
f 2574//2522 2495//2521 2493//2523 2492//2524
f 2494//2505 2493//2523 2495//2521 2573//2503
f 800//2520 799//2525 2537//2504 2573//2503
f 799//2525 798//2526 2449//2527 2537//2504
f 2537//2504 2449//2527 2450//2528 2494//2505
f 2494//2505 2450//2528 2451//2529 2539//2530
f 2493//2523 2494//2505 2539//2530 2496//2531
f 2539//2530 2451//2529 2452//2532 2575//2533
f 2503//2512 1516//2511 2502//2510 2576//2534
f 2576//2534 2502//2510 2501//2535 2500//2536
f 2576//2534 2500//2536 2499//2537 2505//2538
f 2504//2539 2503//2512 2576//2534 2505//2538
f 2501//2535 2502//2510 1517//2509 1518//1572
f 2530//2540 2459//2541 2460//2542 2546//2543
f 2546//2543 2460//2542 2461//2544 2462//2545
f 2462//2545 2463//2546 2529//2547 2546//2543
f 2546//2543 2529//2547 2528//2548 2530//2540
f 2458//2549 2459//2541 2530//2540 2536//2550
f 2530//2540 2528//2548 2527//2551 2536//2550
f 2463//2546 2464//2552 2577//2553 2529//2547
f 2531//2554 2528//2548 2529//2547 2577//2553
f 2464//2552 2465//2555 2578//2556 2577//2553
f 2466//2557 2467//2517 2469//2518 2579//2558
f 2579//2558 2469//2518 2470//2519 2533//2559
f 2470//2519 2534//2516 2541//2496 2471//2495
f 2534//2516 823//816 822//869 2541//2496
f 2533//2559 2470//2519 2471//2495 2580//2560
f 2492//2524 2493//2523 2496//2531 2581//2561
f 2505//2538 2499//2537 2498//2562 2538//2563
f 2538//2563 2498//2562 2497//2564 2575//2533
f 2575//2533 2497//2564 2496//2531 2539//2530
f 2506//2565 2499//2537 2500//2536 2582//2566
f 2582//2566 2500//2536 2501//2535 1518//1572
f 2582//2566 1518//1572 1519//2567 2583//2568
f 2583//2568 1519//2567 1520//2569 2584//2570
f 2584//2570 1520//2569 1521//2571 2585//2572
f 2499//2537 2506//2565 2586//2573 2498//2562
f 2454//2513 2503//2512 2504//2539 2453//2574
f 2504//2539 2505//2538 2538//2563 2453//2574
f 2536//2550 2527//2551 2526//2575 2587//2499
f 2528//2548 2531//2554 2588//2576 2527//2551
f 2457//2577 2458//2549 2536//2550 2587//2499
f 2456//2578 2457//2577 2587//2499 2535//2498
f 2455//2579 2456//2578 2535//2498 2589//2580
f 2591//2581 2497//2564 2498//2562 2586//2573
f 2583//2568 2507//2582 2506//2565 2582//2566
f 2506//2565 2507//2582 2592//2583 2586//2573
f 2584//2570 2508//2584 2507//2582 2583//2568
f 2507//2582 2508//2584 2593//2585 2592//2583
f 2585//2572 2509//2586 2508//2584 2584//2570
f 2508//2584 2509//2586 2594//2587 2593//2585
f 2595//2588 2510//2589 2509//2586 2585//2572
f 2509//2586 2510//2589 2596//2590 2594//2587
f 2597//2591 2511//2592 2510//2589 2595//2588
f 2510//2589 2511//2592 2598//2593 2596//2590
f 2542//2594 2526//2575 2527//2551 2588//2576
f 2532//2595 2531//2554 2577//2553 2578//2556
f 2531//2554 2532//2595 2599//2596 2588//2576
f 2472//2494 821//867 820//866 2473//2597
f 820//866 819//865 2600//2598 2473//2597
f 2600//2598 819//865 818//863 2601//2599
f 2601//2599 818//863 817//2600 2602//2601
f 817//2600 816//2602 2603//2603 2602//2601
f 1509//2604 814//806 2480//2605 2479//2606
f 814//806 813//809 2481//2607 2480//2605
f 813//809 812//2608 2547//2609 2481//2607
f 812//2608 811//2610 2604//2611 2547//2609
f 811//2610 810//2612 2548//2613 2604//2611
f 810//2612 809//1056 2605//2614 2548//2613
f 809//1056 808//1022 2606//2615 2605//2614
f 2607//2616 807//859 806//857 2488//2617
f 806//857 805//1631 2489//2508 2488//2617
f 805//1631 804//2618 2608//2506 2489//2508
f 804//2618 803//2619 2609//2620 2608//2506
f 2607//2616 2488//2617 2487//2621 2610//2622
f 2610//2622 2487//2621 2486//2623 2611//2624
f 2611//2624 2486//2623 2485//2625 2612//2626
f 2485//2625 2484//2627 2613//2628 2612//2626
f 2484//2627 2483//2629 2614//2630 2613//2628
f 2483//2629 2482//2631 2615//2632 2614//2630
f 2595//2588 1522//2633 1523//2634 2597//2591
f 2616//2635 1524//1603 1525//2636 2513//2637
f 2513//2637 1525//2636 1526//1607 2514//2638
f 1526//1607 1527//1608 2617//2639 2514//2638
f 2617//2639 1527//1608 1528//1609 2618//2640
f 2618//2640 1528//1609 1529//2641 2619//2642
f 2619//2642 1529//2641 1530//2643 2620//2644
f 1530//2643 1531//1615 2621//2645 2620//2644
f 1531//1615 1532//2646 2622//2647 2621//2645
f 2597//2591 2616//2635 2623//2648
f 2616//2635 2513//2637 2512//2649 2623//2648
f 2624//2650 1533//1654 1534//2651 2522//2652
f 2522//2652 1534//2651 1535//2653 2523//2502
f 1535//2653 1536//2654 2590//2500 2523//2502
f 2624//2650 2522//2652 2521//2655 2625//2656
f 2625//2656 2521//2655 2520//2657 2626//2658
f 2626//2658 2520//2657 2519//2659 2627//2660
f 2627//2660 2519//2659 2518//2661 2628//2662
f 2628//2662 2518//2661 2517//2663 2651//2664
f 2629//2665 2472//2494 2473//2597 2543//2666
f 2543//2666 2473//2597 2474//2667 2630//2668
f 2475//2669 2474//2667 2632//2670 2631//2671
f 2630//2668 2474//2667 2475//2669 2554//2672
f 2476//2673 2475//2669 2631//2671 2633//2674
f 2554//2672 2475//2669 2476//2673 2567//2675
f 2634//2676 2477//2677 2476//2673 2633//2674
f 2567//2675 2476//2673 2477//2677 2635//2678
f 2636//2679 2478//2680 2477//2677 2634//2676
f 2635//2678 2477//2677 2478//2680 2637//2681
f 2479//2606 2478//2680 1508//2682 1509//2604
f 2637//2681 2478//2680 2479//2606 2638//2683
f 2559//2684 2480//2605 2481//2607 2639//2685
f 2639//2685 2481//2607 2482//2631 2640//2686
f 2640//2686 2482//2631 2483//2629 2641//2687
f 2641//2687 2483//2629 2484//2627 2561//2688
f 2484//2627 2485//2625 2571//2689 2561//2688
f 2485//2625 2486//2623 2642//2690 2571//2689
f 2486//2623 2487//2621 2564//2691 2642//2690
f 2487//2621 2488//2617 2566//2692 2564//2691
f 2488//2617 2489//2508 2643//2693 2566//2692
f 2489//2508 2490//2507 2644//2694 2643//2693
f 2491//2695 2490//2507 2608//2506 2609//2620
f 2490//2507 2491//2695 2645//2696 2644//2694
f 2563//2697 2512//2649 2513//2637 2646//2698
f 2646//2698 2513//2637 2514//2638 2647//2699
f 2647//2699 2514//2638 2515//2700 2562//2701
f 2516//2702 2515//2700 2649//2703 2648//2704
f 2562//2701 2515//2700 2516//2702 2650//2705
f 2517//2663 2516//2702 2648//2704 2651//2664
f 2650//2705 2516//2702 2517//2663 2652//2706
f 2652//2706 2517//2663 2518//2661 2653//2707
f 2653//2707 2518//2661 2519//2659 2654//2708
f 2654//2708 2519//2659 2520//2657 2655//2709
f 2520//2657 2521//2655 2656//2710 2655//2709
f 2521//2655 2522//2652 2552//2711 2656//2710
f 2522//2652 2523//2502 2657//2712 2552//2711
f 2523//2502 2524//2501 2658//2713 2657//2712
f 2525//2714 2524//2501 2590//2500 2659//2497
f 2524//2501 2525//2714 2660//2715 2658//2713
f 2541//2496 822//869 821//867 2472//2494
f 2610//2622 808//1022 807//859 2607//2616
f 803//2619 802//851 2574//2522 2609//2620
f 2452//2532 2453//2574 2538//2563 2575//2533
f 2585//2572 1521//2571 1522//2633 2595//2588
f 2597//2591 1523//2634 1524//1603 2616//2635
f 1536//2654 2455//2579 2589//2580 2590//2500
f 2580//2560 2471//2495 2472//2494 2629//2665
f 2474//2667 2473//2597 2600//2598 2632//2670
f 2638//2683 2479//2606 2480//2605 2559//2684
f 2482//2631 2481//2607 2547//2609 2615//2632
f 2492//2524 2491//2695 2609//2620 2574//2522
f 2491//2695 2492//2524 2581//2561 2645//2696
f 2581//2561 2496//2531 2497//2564 2591//2581
f 2623//2648 2512//2649 2511//2592 2597//2591
f 2598//2593 2511//2592 2512//2649 2563//2697
f 2515//2700 2514//2638 2617//2639 2649//2703
f 2526//2575 2525//2714 2659//2497 2587//2499
f 2660//2715 2525//2714 2526//2575 2542//2594
f 814//806 1508//2682 2478//2680 2636//2679
f 1533//1654 2624//2650 2625//2656 1532//2646
f 2632//2670 2600//2598 2601//2599 2631//2671
f 2631//2671 2601//2599 2602//2601 2633//2674
f 2633//2674 2602//2601 2603//2603 2661//2716
f 2649//2703 2617//2639 2618//2640 2648//2704
f 2648//2704 2618//2640 2619//2642 2651//2664
f 2651//2664 2619//2642 2620//2644 2628//2662
f 1532//2646 2625//2656 2626//2658 2622//2647
f 2588//2576 2599//2596 2674//2717 2542//2594
f 2532//2595 2533//2559 2580//2560 2599//2596
f 2586//2573 2592//2583 2662//2718 2591//2581
f 2592//2583 2593//2585 2565//2719 2662//2718
f 2593//2585 2594//2587 2550//2720 2565//2719
f 2594//2587 2596//2590 2572//2721 2550//2720
f 2596//2590 2598//2593 2549//2722 2572//2721
f 2533//2559 2532//2595 2578//2556 2579//2558
f 2579//2558 2578//2556 2465//2555 2466//2557
f 2634//2676 2633//2674 2661//2716 2636//2679
f 2606//2615 808//1022 2610//2622 2611//2624
f 2606//2615 2611//2624 2612//2626 2605//2614
f 2612//2626 2613//2628 2548//2613 2605//2614
f 2613//2628 2614//2630 2604//2611 2548//2613
f 2604//2611 2614//2630 2615//2632 2547//2609
f 2622//2647 2626//2658 2627//2660 2621//2645
f 2621//2645 2627//2660 2628//2662 2620//2644
f 2659//2497 2590//2500 2589//2580 2535//2498
f 2556//2723 2637//2681 2638//2683 2568//2724
f 2557//2725 2635//2678 2637//2681 2556//2723
f 2663//2726 2567//2675 2635//2678 2557//2725
f 2553//2727 2554//2672 2567//2675 2663//2726
f 2551//2728 2630//2668 2554//2672 2553//2727
f 2664//2729 2543//2666 2630//2668 2551//2728
f 2545//2730 2639//2685 2640//2686 2558//2731
f 2558//2731 2640//2686 2641//2687 2665//2732
f 2665//2732 2641//2687 2561//2688 2560//2733
f 2560//2733 2561//2688 2571//2689 2666//2734
f 2571//2689 2642//2690 2667//2735 2666//2734
f 2642//2690 2564//2691 2549//2722 2667//2735
f 2668//2736 2559//2684 2639//2685 2545//2730
f 2566//2692 2643//2693 2550//2720 2572//2721
f 2643//2693 2644//2694 2565//2719 2550//2720
f 2644//2694 2645//2696 2662//2718 2565//2719
f 2564//2691 2566//2692 2572//2721 2549//2722
f 2669//2737 2647//2699 2562//2701 2673//2738
f 2670//2739 2646//2698 2647//2699 2669//2737
f 2671//2740 2563//2697 2646//2698 2670//2739
f 2570//2741 2652//2706 2653//2707 2569//2742
f 2569//2742 2653//2707 2654//2708 2544//2743
f 2544//2743 2654//2708 2655//2709 2555//2744
f 2555//2744 2655//2709 2656//2710 2557//2725
f 2656//2710 2552//2711 2663//2726 2557//2725
f 2672//2745 2650//2705 2652//2706 2570//2741
f 2673//2738 2562//2701 2650//2705 2672//2745
f 2551//2728 2658//2713 2660//2715 2664//2729
f 2674//2717 2629//2665 2543//2666 2664//2729
f 2657//2712 2658//2713 2551//2728 2553//2727
f 2552//2711 2657//2712 2553//2727 2663//2726
f 2599//2596 2580//2560 2629//2665 2674//2717
f 2664//2729 2660//2715 2542//2594 2674//2717
f 2645//2696 2581//2561 2591//2581 2662//2718
f 2568//2724 2638//2683 2559//2684 2668//2736
f 2667//2735 2549//2722 2598//2593 2563//2697
f 2661//2716 2603//2603 816//2602 815//2746
f 815//2746 814//806 2636//2679 2661//2716
f 2555//2744 2557//2725 2556//2723 2544//2743
f 2544//2743 2556//2723 2568//2724 2569//2742
f 2667//2735 2563//2697 2671//2740 2666//2734
f 2671//2740 2670//2739 2560//2733 2666//2734
f 2560//2733 2670//2739 2669//2737 2665//2732
f 2665//2732 2669//2737 2673//2738 2558//2731
f 2672//2745 2545//2730 2558//2731 2673//2738
f 2545//2730 2672//2745 2570//2741 2668//2736
f 2668//2736 2570//2741 2569//2742 2568//2724
f 2680//2747 2715//2748 1824//2749
f 1824//2749 2714//2750 2008//2751
f 2031//2752 2743//2753 1542//2754
f 2742//2755 1543//2756 1542//2754
f 2804//2757 2802//2758 2878//2759
f 69//18 68//2760 1548//1541 2767//2761
f 70//19 69//18 2767//2761 2749//2762
f 2767//2761 1548//1541 1547//1546 2681//2763
f 71//84 70//19 2749//2762 2805//2764
f 2805//2764 2749//2762 2682//2765 2683//2766
f 2681//2763 2682//2765 2749//2762 2767//2761
f 2707//2767 94//2768 93//2769 2752//2770
f 94//2768 2707//2767 2750//2771 95//55
f 2675//2772 96//59 95//55 2750//2771
f 2676//2773 2675//2772 2750//2771 2706//2774
f 2707//2767 2705//2775 2706//2774 2750//2771
f 2705//2775 2707//2767 2752//2770 2704//2776
f 2677//2777 2676//2773 2706//2774 2774//2778
f 2774//2778 2706//2774 2705//2775 2708//2779
f 2716//2780 2715//2748 2680//2747 2679//2781
f 2714//2750 1824//2749 2715//2748 2806//2782
f 2806//2782 2715//2748 2716//2780 2717//2783
f 2806//2782 2717//2783 2711//2784 2712//2785
f 2744//2786 2743//2753 2031//2752 2030//2071
f 2742//2755 1542//2754 2743//2753 2807//2787
f 2807//2787 2743//2753 2744//2786 2745//2788
f 2807//2787 2745//2788 2739//2789 2740//2790
f 2681//2763 1547//1546 1546//2791 2773//2792
f 2682//2765 2681//2763 2773//2792 2748//2793
f 2773//2792 1546//2791 1545//2794 2776//2795
f 1545//2794 1544//1580 2771//2796 2776//2795
f 2683//2766 2682//2765 2748//2793 2808//2797
f 2708//2779 2705//2775 2704//2776 2778//2798
f 2778//2798 2704//2776 2703//2799 2809//2800
f 2809//2800 2703//2799 2702//2801 2800//2802
f 2800//2802 2702//2801 2701//2803 2787//2804
f 2787//2804 2701//2803 2700//2805 2790//2806
f 2700//2805 2699//2807 2810//2808 2790//2806
f 2699//2807 2698//2809 2811//2810 2810//2808
f 2698//2809 2697//2811 2812//2812 2811//2810
f 2697//2811 2696//2813 2813//2814 2812//2812
f 2696//2813 2695//2815 2878//2759 2813//2814
f 2695//2815 2694//2816 2814//2817 2878//2759
f 2814//2817 2694//2816 2693//2818 2815//2819
f 2815//2819 2693//2818 2692//2820 2792//2821
f 2792//2821 2692//2820 2691//2822 2816//2823
f 2816//2823 2691//2822 2690//2824 2796//2825
f 2796//2825 2690//2824 2689//2826 2817//2827
f 2817//2827 2689//2826 2688//2828 2818//2829
f 2688//2828 2687//2830 2819//2831 2818//2829
f 2687//2830 2686//2832 2820//2833 2819//2831
f 2686//2832 2685//2834 2821//2835 2820//2833
f 2685//2834 2684//2836 2822//2837 2821//2835
f 2684//2836 2683//2766 2808//2797 2822//2837
f 2711//2784 2710//2838 2823//2839 2718//2840
f 2710//2838 2709//2841 2824//2842 2823//2839
f 2709//2841 2708//2779 2778//2798 2824//2842
f 2708//2779 2709//2841 2825//2843 2774//2778
f 2710//2838 2711//2784 2717//2783 2775//2844
f 2775//2844 2717//2783 2716//2780 2679//2781
f 2775//2844 2679//2781 2678//2845 2825//2843
f 2678//2845 2677//2777 2774//2778 2825//2843
f 2712//2785 2711//2784 2718//2840 2757//2846
f 2008//2751 2714//2750 2713//2847 2009//2132
f 2713//2847 2712//2785 2757//2846 2009//2132
f 2806//2782 2712//2785 2713//2847 2714//2750
f 2739//2789 2738//2848 2826//2849 2746//2850
f 2738//2848 2737//2851 2827//2852 2826//2849
f 2827//2852 2737//2851 2736//2853 2828//2854
f 2828//2854 2736//2853 2735//2855 2829//2856
f 2829//2856 2735//2855 2734//2857 2830//2858
f 2830//2858 2734//2857 2733//2859 2831//2860
f 2831//2860 2733//2859 2732//2861 2832//2862
f 2832//2862 2732//2861 2731//2863 2833//2864
f 2833//2864 2731//2863 2730//2865 2834//2866
f 2834//2866 2730//2865 2729//2867 2795//2868
f 2795//2868 2729//2867 2728//2869 2791//2870
f 2791//2870 2728//2869 2727//2871 2835//2872
f 2835//2872 2727//2871 2726//2873 2836//2874
f 2836//2874 2726//2873 2725//2875 2837//2876
f 2837//2876 2725//2875 2724//2877 2838//2878
f 2838//2878 2724//2877 2723//2879 2839//2880
f 2839//2880 2723//2879 2722//2881 2840//2882
f 2840//2882 2722//2881 2721//2883 2788//2884
f 2788//2884 2721//2883 2720//2885 2841//2886
f 2841//2886 2720//2885 2719//2887 2842//2888
f 2842//2888 2719//2887 2718//2840 2823//2839
f 2718//2840 2719//2887 2758//2889 2757//2846
f 2719//2887 2720//2885 2759//2890 2758//2889
f 2738//2848 2739//2789 2745//2788 2843//2891
f 2843//2891 2745//2788 2744//2786 2030//2071
f 2843//2891 2030//2071 2029//2892 2844//2893
f 2844//2893 2029//2892 2028//2894 2772//2895
f 2772//2895 2028//2894 2027//2896 2845//2897
f 2845//2897 2027//2896 2026//2898 2846//2899
f 2846//2899 2026//2898 2025//2900 2847//2901
f 2847//2901 2025//2900 2024//2902 2770//2903
f 2770//2903 2024//2902 2023//2189 2848//2904
f 2848//2904 2023//2189 2022//2905 2769//2906
f 2769//2906 2022//2905 2021//2193 2849//2907
f 2849//2907 2021//2193 2020//2908 2850//2909
f 2850//2909 2020//2908 2019//2197 2768//2910
f 2768//2910 2019//2197 2018//2911 2851//2912
f 2851//2912 2018//2911 2017//2913 2764//2914
f 2764//2914 2017//2913 2016//2915 2763//2916
f 2763//2916 2016//2915 2015//2917 2762//2918
f 2762//2918 2015//2917 2014//2207 2760//2919
f 2760//2919 2014//2207 2013//2920 2852//2921
f 2852//2921 2761//2922 2721//2883
f 2852//2921 2013//2920 2012//2923 2761//2922
f 2012//2923 2011//2213 2759//2890 2761//2922
f 2011//2213 2010//2214 2758//2889 2759//2890
f 2010//2214 2009//2132 2757//2846 2758//2889
f 2740//2790 2739//2789 2746//2850 2771//2796
f 1543//2756 2742//2755 2741//2924 1544//1580
f 2741//2924 2740//2790 2771//2796 1544//1580
f 2807//2787 2740//2790 2741//2924 2742//2755
f 2808//2797 2748//2793 2747//2925 2784//2926
f 2784//2926 2747//2925 2746//2850 2826//2849
f 2771//2796 2746//2850 2747//2925 2776//2795
f 2776//2795 2747//2925 2748//2793 2773//2792
f 72//2927 71//84 2805//2764 2853//2928
f 73//2929 72//2927 2853//2928 2765//2930
f 74//89 73//2929 2765//2930 2766//2931
f 75//2932 74//89 2766//2931 2854//2933
f 76//2934 75//2932 2854//2933 2855//2935
f 2856//2936 77//2937 76//2934 2855//2935
f 2857//2938 78//2939 77//2937 2856//2936
f 2858//2940 79//2941 78//2939 2857//2938
f 2859//2942 79//2941 2858//2940
f 2860//2943 80//49 79//2941 2859//2942
f 2861//2944 81//2945 80//49 2860//2943
f 2862//2946 82//99 81//2945 2861//2944
f 2863//2947 83//2948 82//99 2862//2946
f 2864//2949 84//2950 83//2948 2863//2947
f 2865//2951 85//2237 84//2950 2864//2949
f 2866//2952 86//210 85//2237 2865//2951
f 2756//2953 87//2954 86//210 2866//2952
f 2755//2955 88//214 87//2954 2756//2953
f 2754//2956 89//216 88//214 2755//2955
f 2753//2957 90//2246 89//216 2754//2956
f 2751//2958 91//2959 90//2246 2753//2957
f 2867//2960 92//2961 91//2959 2751//2958
f 2867//2960 2703//2799 2704//2776 2752//2770
f 2751//2958 2702//2801 2703//2799 2867//2960
f 2753//2957 2701//2803 2702//2801 2751//2958
f 2754//2956 2700//2805 2701//2803 2753//2957
f 2755//2955 2699//2807 2700//2805 2754//2956
f 2756//2953 2698//2809 2699//2807 2755//2955
f 2866//2952 2697//2811 2698//2809 2756//2953
f 2865//2951 2696//2813 2697//2811 2866//2952
f 2864//2949 2695//2815 2696//2813 2865//2951
f 2863//2947 2694//2816 2695//2815 2864//2949
f 2862//2946 2693//2818 2694//2816 2863//2947
f 2861//2944 2692//2820 2693//2818 2862//2946
f 2860//2943 2691//2822 2692//2820 2861//2944
f 2859//2942 2690//2824 2691//2822 2860//2943
f 2858//2940 2689//2826 2690//2824 2859//2942
f 2844//2893 2737//2851 2738//2848 2843//2891
f 2772//2895 2736//2853 2737//2851 2844//2893
f 2845//2897 2735//2855 2736//2853 2772//2895
f 2846//2899 2734//2857 2735//2855 2845//2897
f 2847//2901 2733//2859 2734//2857 2846//2899
f 2770//2903 2732//2861 2733//2859 2847//2901
f 2848//2904 2731//2863 2732//2861 2770//2903
f 2769//2906 2730//2865 2731//2863 2848//2904
f 2849//2907 2729//2867 2730//2865 2769//2906
f 2850//2909 2728//2869 2729//2867 2849//2907
f 2768//2910 2727//2871 2728//2869 2850//2909
f 2851//2912 2726//2873 2727//2871 2768//2910
f 2764//2914 2725//2875 2726//2873 2851//2912
f 2763//2916 2724//2877 2725//2875 2764//2914
f 2762//2918 2723//2879 2724//2877 2763//2916
f 2760//2919 2722//2881 2723//2879 2762//2918
f 2852//2921 2721//2883 2722//2881 2760//2919
f 2684//2836 2685//2834 2765//2930 2853//2928
f 2685//2834 2686//2832 2766//2931 2765//2930
f 2686//2832 2687//2830 2868//2962 2766//2931
f 2687//2830 2688//2828 2869//2963 2868//2962
f 2688//2828 2689//2826 2870//2964 2869//2963
f 2752//2770 93//2769 92//2961 2867//2960
f 2683//2766 2684//2836 2853//2928 2805//2764
f 2709//2841 2710//2838 2775//2844 2825//2843
f 2761//2922 2759//2890 2720//2885 2721//2883
f 2689//2826 2858//2940 2857//2938 2870//2964
f 2870//2964 2857//2938 2856//2936 2869//2963
f 2869//2963 2856//2936 2855//2935 2868//2962
f 2854//2933 2766//2931 2868//2962 2855//2935
f 2826//2849 2827//2852 2783//2965 2784//2926
f 2822//2837 2808//2797 2784//2926 2783//2965
f 2783//2965 2827//2852 2828//2854 2799//2966
f 2799//2966 2828//2854 2829//2856 2871//2967
f 2823//2839 2824//2842 2777//2968 2842//2888
f 2824//2842 2778//2798 2809//2800 2777//2968
f 2871//2967 2829//2856 2830//2858 2782//2969
f 2777//2968 2809//2800 2800//2802 2785//2970
f 2800//2802 2787//2804 2786//2971 2785//2970
f 2787//2804 2790//2806 2789//2972 2786//2971
f 2782//2969 2830//2858 2831//2860 2872//2973
f 2872//2973 2831//2860 2832//2862 2873//2974
f 2873//2974 2832//2862 2833//2864 2781//2975
f 2781//2975 2833//2864 2834//2866 2794//2976
f 2794//2976 2834//2866 2795//2868 2874//2977
f 2874//2977 2795//2868 2791//2870 2780//2978
f 2780//2978 2791//2870 2835//2872 2804//2757
f 2804//2757 2835//2872 2836//2874 2802//2758
f 2836//2874 2837//2876 2779//2979 2802//2758
f 2837//2876 2838//2878 2803//2980 2779//2979
f 2803//2980 2838//2878 2839//2880 2801//2981
f 2839//2880 2840//2882 2875//2982 2801//2981
f 2875//2982 2840//2882 2788//2884 2789//2972
f 2821//2835 2822//2837 2783//2965 2799//2966
f 2820//2833 2821//2835 2799//2966 2797//2983
f 2819//2831 2820//2833 2797//2983 2876//2984
f 2798//2985 2818//2829 2819//2831 2876//2984
f 2793//2986 2817//2827 2818//2829 2798//2985
f 2877//2987 2873//2974 2781//2975
f 2877//2987 2796//2825 2817//2827 2793//2986
f 2780//2978 2814//2817 2815//2819 2874//2977
f 2874//2977 2815//2819 2792//2821 2794//2976
f 2794//2976 2792//2821 2816//2823 2781//2975
f 2781//2975 2816//2823 2796//2825 2877//2987
f 2804//2757 2878//2759 2814//2817 2780//2978
f 2812//2812 2813//2814 2779//2979 2803//2980
f 2811//2810 2812//2812 2803//2980 2801//2981
f 2810//2808 2811//2810 2801//2981 2790//2806
f 2789//2972 2785//2970 2786//2971
f 2785//2970 2841//2886 2842//2888 2777//2968
f 2790//2806 2801//2981 2875//2982 2789//2972
f 2789//2972 2788//2884 2841//2886 2785//2970
f 2802//2758 2779//2979 2813//2814 2878//2759
f 2797//2983 2799//2966 2871//2967 2876//2984
f 2876//2984 2871//2967 2782//2969 2798//2985
f 2798//2985 2782//2969 2872//2973 2793//2986
f 2793//2986 2872//2973 2873//2974 2877//2987
f 3058//2988 3051//2989 3061//2990
f 1824//2749 1823//1800 2941//2991
f 2940//2992 2680//2747 1824//2749
f 1768//2993 96//59 2675//2772 2948//2994
f 1769//1807 1768//2993 2948//2994 2947//2995
f 2948//2994 2675//2772 2676//2773 2886//2996
f 1770//2997 1769//1807 2947//2995 2980//2998
f 2980//2998 2947//2995 2887//2999 2888//3000
f 2886//2996 2887//2999 2947//2995 2948//2994
f 1792//1815 1791//3001 2981//3002 2879//3003
f 1791//3001 1790//1819 2910//3004 2981//3002
f 2880//3005 2879//3003 2981//3002 2909//3006
f 2910//3004 2908//3007 2909//3006 2981//3002
f 2880//3005 2909//3006 2982//3008 2881//3009
f 2909//3006 2908//3007 2911//3010 2982//3008
f 2884//3011 2883//3012 2983//3013 2916//3014
f 2884//3011 2916//3014 2984//3015 2885//3016
f 2916//3014 2914//3017 2915//3018 2984//3015
f 2915//3018 1802//1835 1801//3019 2984//3015
f 1801//3019 1800//3020 2885//3016 2984//3015
f 2913//3021 2914//3017 2916//3014 2983//3013
f 1802//1835 2915//3018 2957//3022 1803//1840
f 2915//3018 2914//3017 2917//3023 2957//3022
f 2942//3024 2941//2991 1823//1800 1822//3025
f 2940//2992 1824//2749 2941//2991 2985//3026
f 2985//3026 2941//2991 2942//3024 2943//3027
f 2985//3026 2943//3027 2937//3028 2938//3029
f 2886//2996 2676//2773 2677//2777 2950//3030
f 2887//2999 2886//2996 2950//3030 2946//3031
f 2950//3030 2677//2777 2678//2845 2951//3032
f 2678//2845 2679//2781 2949//3033 2951//3032
f 2888//3000 2887//2999 2946//3031 2986//3034
f 2911//3010 2908//3007 2907//3035 2987//3036
f 2987//3036 2907//3035 2906//3037 2988//3038
f 2988//3038 2906//3037 2905//3039 2989//3040
f 2989//3040 2905//3039 2904//3041 2990//3042
f 2990//3042 2904//3041 2903//3043 2991//3044
f 2991//3044 2903//3043 2902//3045 2992//3046
f 2992//3046 2902//3045 2901//3047 2964//3048
f 2964//3048 2901//3047 2900//3049 2993//3050
f 2993//3050 2900//3049 2899//3051 2966//3052
f 2966//3052 2899//3051 2898//3053 2994//3054
f 2898//3053 2897//3055 2995//3056 2994//3054
f 2897//3055 2896//3057 2996//3058 2995//3056
f 2896//3057 2895//3059 2997//3060 2996//3058
f 2895//3059 2894//3061 2971//3062 2997//3060
f 2894//3061 2893//3063 2972//3064 2971//3062
f 2972//3064 2893//3063 2892//3065 2973//3066
f 2892//3065 2891//3067 2998//3068 2973//3066
f 2891//3067 2890//3069 2999//3070 2998//3068
f 2890//3069 2889//3071 3000//3072 2999//3070
f 2889//3071 2888//3000 2986//3034 3000//3072
f 2907//3035 2908//3007 2910//3004 2952//3073
f 2952//3073 2910//3004 1790//1819 1789//3074
f 2917//3023 2914//3017 2913//3021 3001//3075
f 3001//3075 2913//3021 2912//3076 3002//3077
f 3002//3077 2912//3076 2911//3010 2987//3036
f 2937//3028 2936//3078 3003//3079 2944//3080
f 2936//3078 2935//3081 3004//3082 3003//3079
f 3004//3082 2935//3081 2934//3083 3005//3084
f 2934//3083 2933//3085 3006//3086 3005//3084
f 2933//3085 2932//3087 3007//3088 3006//3086
f 2932//3087 2931//3089 3008//3090 3007//3088
f 2931//3089 2930//3091 3009//3092 3008//3090
f 2930//3091 2929//3093 3010//3094 3009//3092
f 2929//3093 2928//3095 3011//3096 3010//3094
f 3011//3096 2928//3095 2927//3097 2968//3098
f 2968//3098 2927//3097 2926//3099 3060//3100
f 3060//3100 2926//3099 2925//3101 3012//3102
f 3012//3102 2925//3101 2924//3103 2962//3104
f 2962//3104 2924//3103 2923//3105 3013//3106
f 2923//3105 2922//3107 3014//3108 3013//3106
f 2922//3107 2921//3109 2976//3110 3014//3108
f 2921//3109 2920//3111 3015//3112 2976//3110
f 2920//3111 2919//3113 3016//3114 3015//3112
f 2919//3113 2918//3115 2953//3116 3016//3114
f 2918//3115 2917//3023 3001//3075 2953//3116
f 2957//3022 2917//3023 2918//3115 3017//3117
f 2936//3078 2937//3028 2943//3027 3018//3118
f 3018//3118 2943//3027 2942//3024 1822//3025
f 3018//3118 1822//3025 1821//1940 3019//3119
f 3019//3119 1821//1940 1820//1942 3020//3120
f 3020//3120 1820//1942 1819//3121 3021//3122
f 3021//3122 1819//3121 1818//3123 3022//3124
f 2938//3029 2937//3028 2944//3080 2949//3033
f 2680//2747 2940//2992 2939//3125 2679//2781
f 2939//3125 2938//3029 2949//3033 2679//2781
f 2985//3026 2938//3029 2939//3125 2940//2992
f 2986//3034 2946//3031 2945//3126 3023//3127
f 3023//3127 2945//3126 2944//3080 3003//3079
f 2949//3033 2944//3080 2945//3126 2951//3032
f 2951//3032 2945//3126 2946//3031 2950//3030
f 3017//3117 1804//1951 1803//1840 2957//3022
f 3024//3128 1805//1953 1804//1951 3017//3117
f 3025//3129 1806//3130 1805//1953 3024//3128
f 3026//3131 1807//3132 1806//3130 3025//3129
f 3027//3133 1808//3134 1807//3132 3026//3131
f 3028//3135 1809//3136 1808//3134 3027//3133
f 3029//3137 1810//3138 1809//3136 3028//3135
f 3030//3139 1811//1965 1810//3138 3029//3137
f 3031//3140 1812//3141 1811//1965 3030//3139
f 3032//3142 1813//3143 1812//3141 3031//3140
f 3033//3144 1814//1971 1813//3143 3032//3142
f 3034//3145 1815//3146 1814//1971 3033//3144
f 3035//3147 1816//1975 1815//3146 3034//3145
f 3037//3148 1817//3149 1816//1975 3035//3147
f 3019//3119 2935//3081 2936//3078 3018//3118
f 3020//3120 2934//3083 2935//3081 3019//3119
f 3021//3122 2933//3085 2934//3083 3020//3120
f 3022//3124 2932//3087 2933//3085 3021//3122
f 3037//3148 2931//3089 2932//3087 3022//3124
f 3035//3147 2930//3091 2931//3089 3037//3148
f 1772//1978 1771//3150 3038//3151 2890//3069
f 2890//3069 2891//3067 3039//3152 1772//1978
f 1773//3153 1772//1978 3039//3152 3044//3154
f 3038//3151 2980//2998 3040//3155
f 2889//3071 2890//3069 3038//3151 3040//3155
f 1775//1985 1774//1986 3041//3156 2893//3063
f 2893//3063 2894//3061 3042//3157 1775//1985
f 1776//1989 1775//1985 3042//3157 3043//3158
f 2892//3065 2893//3063 3041//3156 3044//3154
f 1779//3159 1778//1992 3045//3160 2897//3055
f 2897//3055 2898//3053 3046//3161 1779//3159
f 1780//1995 1779//3159 3046//3161 3047//3162
f 2896//3057 2897//3055 3045//3160 3048//3163
f 2895//3059 2896//3057 3048//3163 3043//3158
f 1783//1998 1782//1999 3049//3164 2901//3047
f 2901//3047 2902//3045 3050//3165 1783//1998
f 1784//3166 1783//1998 3050//3165 3051//2989
f 2900//3049 2901//3047 3049//3164 3052//3167
f 2899//3051 2900//3049 3052//3167 3047//3162
f 1786//2004 1785//2005 3054//3168 3053//3169
f 1787//3170 1786//2004 3053//3169 3055//3171
f 1788//3172 1787//3170 3055//3171 3056//3173
f 3054//3168 2903//3043 2904//3041 3053//3169
f 3053//3169 2904//3041 2905//3039 3055//3171
f 2905//3039 2906//3037 3056//3173 3055//3171
f 3024//3128 2919//3113 2920//3111 3025//3129
f 3025//3129 2920//3111 2921//3109 3026//3131
f 3026//3131 2921//3109 2922//3107 3027//3133
f 3027//3133 2922//3107 2923//3105 3028//3135
f 3028//3135 2923//3105 2924//3103 3029//3137
f 3029//3137 2924//3103 2925//3101 3030//3139
f 3030//3139 2925//3101 2926//3099 3031//3140
f 3031//3140 2926//3099 2927//3097 3032//3142
f 3032//3142 2927//3097 2928//3095 3033//3144
f 3033//3144 2928//3095 2929//3093 3034//3145
f 3034//3145 2929//3093 2930//3091 3035//3147
f 1771//3150 1770//2997 2980//2998 3038//3151
f 1789//3074 1788//3172 3056//3173 2952//3073
f 2888//3000 2889//3071 3040//3155 2980//2998
f 2891//3067 2892//3065 3044//3154 3039//3152
f 2906//3037 2907//3035 2952//3073 3056//3173
f 3017//3117 2918//3115 2919//3113 3024//3128
f 3047//3162 3046//3161 2898//3053 2899//3051
f 3022//3124 1818//3123 1817//3149 3037//3148
f 3044//3154 3041//3156 1774//1986 1773//3153
f 3043//3158 3042//3157 2894//3061 2895//3059
f 3048//3163 3045//3160 1778//1992 1777//3174
f 3052//3167 3049//3164 1782//1999 1781//2013
f 3051//2989 3050//3165 2902//3045 2903//3043
f 2883//3012 2882//3175 3036//3176 2983//3013
f 2882//3175 2881//3009 2982//3008 3036//3176
f 2912//3076 2913//3021 2983//3013 3036//3176
f 2982//3008 2911//3010 2912//3076 3036//3176
f 2987//3036 2988//3038 2975//3177 3002//3077
f 2953//3116 3001//3075 3002//3077 2975//3177
f 2975//3177 2988//3038 2989//3040 2954//3178
f 2989//3040 2990//3042 3057//3179 2954//3178
f 2990//3042 2991//3044 2963//3180 3057//3179
f 1784//3166 3051//2989 3058//2988 1785//2005
f 1777//3174 1776//1989 3043//3158 3048//3163
f 3000//3072 2986//3034 3023//3127 2961//3181
f 2961//3181 3023//3127 3003//3079 3004//3082
f 2961//3181 3004//3082 3005//3084 2960//3182
f 2991//3044 2992//3046 2955//3183 2963//3180
f 2992//3046 2964//3048 2977//3184 2955//3183
f 3005//3084 3006//3086 2974//3185 2960//3182
f 2974//3185 3006//3086 3007//3088 2959//3186
f 3007//3088 3008//3090 2979//3187 2959//3186
f 3008//3090 3009//3092 2958//3188 2979//3187
f 3009//3092 3010//3094 3059//3189 2958//3188
f 3010//3094 3011//3096 2970//3190 3059//3189
f 3011//3096 2968//3098 2967//3191 2970//3190
f 2968//3098 3060//3100 2969//3192 2967//3191
f 1781//2013 1780//1995 3047//3162 3052//3167
f 2903//3043 3054//3168 3061//2990 3051//2989
f 3054//3168 1785//2005 3058//2988 3061//2990
f 2999//3070 3000//3072 2961//3181 2960//3182
f 3016//3114 2953//3116 2975//3177 2954//3178
f 3015//3112 3016//3114 2954//3178 3057//3179
f 2998//3068 2999//3070 2960//3182 2973//3066
f 2976//3110 3015//3112 3057//3179 2963//3180
f 3014//3108 2976//3110 2963//3180 2955//3183
f 3013//3106 3014//3108 2955//3183 2977//3184
f 2965//3193 2962//3104 3013//3106 2977//3184
f 2956//3194 3012//3102 2962//3104 2965//3193
f 2996//3058 2997//3060 3059//3189 2970//3190
f 2995//3056 2996//3058 2970//3190 2967//3191
f 2994//3054 2995//3056 2967//3191 2969//3192
f 2978//3195 2966//3052 2994//3054 2969//3192
f 3062//3196 2993//3050 2966//3052 2978//3195
f 2956//3194 2964//3048 2993//3050 3062//3196
f 2997//3060 2971//3062 2958//3188 3059//3189
f 2971//3062 2972//3064 2979//3187 2958//3188
f 2972//3064 2973//3066 2959//3186 2979//3187
f 2974//3185 2959//3186 2973//3066 2960//3182
f 2964//3048 2956//3194 2965//3193 2977//3184
f 3012//3102 2956//3194 3062//3196 3060//3100
f 2978//3195 2969//3192 3060//3100 3062//3196
f 2276//3197 1516//2511 3118//3198
f 3117//3199 1516//2511 2454//2513
f 3098//3200 3097//3201 3195//3202
f 3099//3203 3197//3204 3100//3205
f 2449//2527 798//2526 2230//2284 3125//3206
f 3125//3206 2230//2284 2231//2286 3124//3207
f 2450//2528 2449//2527 3125//3206 3063//3208
f 3124//3207 3064//3209 3063//3208 3125//3206
f 3124//3207 2231//2286 2232//3210 3127//3211
f 3064//3209 3124//3207 3127//3211 3065//3212
f 3127//3211 2232//3210 2233//2293 3156//3213
f 3156//3213 2233//2293 2234//3214 3157//3215
f 3157//3215 2234//3214 2235//2297 3158//3216
f 3158//3216 2235//2297 2236//3217 3159//3218
f 3159//3218 2236//3217 2237//3219 3160//3220
f 3160//3220 2237//3219 2238//2303 3161//3221
f 2252//3222 2253//2306 3135//3223 3087//3224
f 2253//2306 1792//1815 2879//3003 3135//3223
f 2879//3003 2880//3005 3086//3225 3135//3223
f 3086//3225 3085//3226 3087//3224 3135//3223
f 2252//3222 3087//3224 3134//3227 2251//3228
f 3087//3224 3085//3226 3084//3229 3134//3227
f 2880//3005 2881//3009 3162//3230 3086//3225
f 3085//3226 3086//3225 3162//3230 3088//3231
f 3093//3232 2884//3011 2885//3016 3137//3233
f 3137//3233 2885//3016 1800//3020 2254//3234
f 2254//3234 2255//2319 3092//3235 3137//3233
f 3092//3235 3091//3236 3093//3232 3137//3233
f 2884//3011 3093//3232 3136//3237 2883//3012
f 3093//3232 3091//3236 3090//3238 3136//3237
f 2255//2319 2256//2324 3163//3239 3092//3235
f 3094//3240 3091//3236 3092//3235 3163//3239
f 2256//2324 2257//2327 3164//3241 3163//3239
f 2257//2327 2258//3242 3165//3243 3164//3241
f 3118//3198 1516//2511 3117//3199 3166//3244
f 3166//3244 3117//3199 3116//3245 3115//3246
f 3166//3244 3115//3246 3114//3247 3120//3248
f 3119//3249 3118//3198 3166//3244 3120//3248
f 3116//3245 3117//3199 2454//2513 2453//2574
f 2451//2529 2450//2528 3063//3208 3126//3250
f 3126//3250 3063//3208 3064//3209 3123//3251
f 3123//3251 3064//3209 3065//3212 3128//3252
f 3134//3227 3084//3229 3083//3253 3167//3254
f 3167//3254 3083//3253 3082//3255 3168//3256
f 3168//3256 3082//3255 3081//3257 3169//3258
f 3084//3229 3085//3226 3088//3231 3170//3259
f 3136//3237 3090//3238 3089//3260 3171//3261
f 3171//3261 3089//3260 3088//3231 3162//3230
f 3088//3231 3089//3260 3172//3262 3170//3259
f 3089//3260 3090//3238 3173//3263 3172//3262
f 3090//3238 3091//3236 3094//3240 3173//3263
f 3120//3248 3114//3247 3113//3264 3131//3265
f 3121//3266 3114//3247 3115//3246 3174//3267
f 3174//3267 3115//3246 3116//3245 2453//2574
f 3174//3267 2453//2574 2452//2532 3175//3268
f 2452//2532 2451//2529 3126//3250 3175//3268
f 3114//3247 3121//3266 3129//3269 3113//3264
f 2276//3197 3118//3198 3119//3249 2275//3270
f 3119//3249 3120//3248 3131//3265 2275//3270
f 3123//3251 3122//3271 3175//3268 3126//3250
f 3122//3271 3121//3266 3174//3267 3175//3268
f 3121//3266 3122//3271 3176//3272 3129//3269
f 3122//3271 3123//3251 3128//3252 3176//3272
f 3167//3254 2250//2360 2251//3228 3134//3227
f 3168//3256 2249//2361 2250//2360 3167//3254
f 3169//3258 2248//2362 2249//2361 3168//3256
f 3177//3273 2247//3274 2248//2362 3169//3258
f 3178//3275 2246//3276 2247//3274 3177//3273
f 3179//3277 2245//2368 2246//3276 3178//3275
f 3180//3278 2244//2370 2245//2368 3179//3277
f 3181//3279 2243//2372 2244//2370 3180//3278
f 3182//3280 2242//2374 2243//2372 3181//3279
f 3183//3281 2241//2376 2242//2374 3182//3280
f 3184//3282 2240//3283 2241//2376 3183//3281
f 3190//3284 2239//2380 2240//3283 3184//3282
f 2882//3175 2883//3012 3136//3237 3171//3261
f 3156//3213 3066//3285 3065//3212 3127//3211
f 3128//3252 3065//3212 3066//3285 3185//3286
f 3157//3215 3067//3287 3066//3285 3156//3213
f 3185//3286 3066//3285 3067//3287 3186//3288
f 3158//3216 3068//3289 3067//3287 3157//3215
f 3186//3288 3067//3287 3068//3289 3187//3290
f 3159//3218 3069//3291 3068//3289 3158//3216
f 3187//3290 3068//3289 3069//3291 3188//3292
f 3160//3220 3070//3293 3069//3291 3159//3218
f 3188//3292 3069//3291 3070//3293 3141//3294
f 3161//3221 3071//3295 3070//3293 3160//3220
f 3141//3294 3070//3293 3071//3295 3189//3296
f 3190//3284 3072//3297 3071//3295 3161//3221
f 3189//3296 3071//3295 3072//3297 3143//3298
f 3184//3282 3073//3299 3072//3297 3190//3284
f 3143//3298 3072//3297 3073//3299 3191//3300
f 3083//3253 3084//3229 3170//3259 3151//3301
f 3082//3255 3083//3253 3151//3301 3192//3302
f 3081//3257 3082//3255 3192//3302 3193//3303
f 3095//3304 3094//3240 3163//3239 3164//3241
f 3173//3263 3094//3240 3095//3304 3194//3305
f 3165//3243 3096//3306 3095//3304 3164//3241
f 3194//3305 3095//3304 3096//3306 3150//3307
f 3195//3202 3097//3201 3096//3306 3165//3243
f 3150//3307 3096//3306 3097//3201 3196//3308
f 2260//3309 2261//3310 3099//3203 3098//3200
f 2261//3310 2262//2407 3197//3204 3099//3203
f 2262//2407 2263//3311 3198//3312 3197//3204
f 2263//3311 2264//2410 3199//3313 3198//3312
f 2265//3314 2266//3315 3104//3316 3103//3317
f 3104//3316 3200//3318 3105//3319
f 2266//3315 2267//3320 3200//3318 3104//3316
f 2267//3320 2268//3321 3201//3322 3200//3318
f 2268//3321 2269//3323 3202//3324 3201//3322
f 2270//3325 2271//3326 3109//3327 3108//3328
f 3109//3327 3203//3329 3110//3330
f 2271//3326 2272//2429 3203//3329 3109//3327
f 2272//2429 2273//2430 3204//3331 3203//3329
f 2273//2430 2274//2432 3205//3332 3204//3331
f 3183//3281 3074//3333 3073//3299 3184//3282
f 3191//3300 3073//3299 3074//3333 3206//3334
f 3182//3280 3075//3335 3074//3333 3183//3281
f 3206//3334 3074//3333 3075//3335 3207//3336
f 3181//3279 3076//3337 3075//3335 3182//3280
f 3207//3336 3075//3335 3076//3337 3144//3338
f 3180//3278 3077//3339 3076//3337 3181//3279
f 3144//3338 3076//3337 3077//3339 3145//3340
f 3179//3277 3078//3341 3077//3339 3180//3278
f 3145//3340 3077//3339 3078//3341 3208//3342
f 3178//3275 3079//3343 3078//3341 3179//3277
f 3208//3342 3078//3341 3079//3343 3209//3344
f 3177//3273 3080//3345 3079//3343 3178//3275
f 3079//3343 3080//3345 3210//3346 3209//3344
f 3211//3347 3098//3200 3099//3203 3147//3348
f 3099//3203 3100//3205 3212//3349 3147//3348
f 3101//3350 3100//3205 3197//3204 3198//3312
f 3100//3205 3101//3350 3213//3351 3212//3349
f 3214//3352 3198//3312 3199//3313
f 3214//3352 3102//3353 3101//3350 3198//3312
f 3101//3350 3102//3353 3215//3354 3213//3351
f 3216//3355 3103//3317 3104//3316 3155//3356
f 3155//3356 3104//3316 3105//3319 3217//3357
f 3106//3358 3105//3319 3200//3318 3201//3322
f 3217//3357 3105//3319 3106//3358 3218//3359
f 3219//3360 3201//3322 3202//3324
f 3219//3360 3107//3361 3106//3358 3201//3322
f 3218//3359 3106//3358 3107//3361 3220//3362
f 3221//3363 3108//3328 3109//3327 3140//3364
f 3140//3364 3109//3327 3110//3330 3222//3365
f 3111//3366 3110//3330 3203//3329 3204//3331
f 3222//3365 3110//3330 3111//3366 3223//3367
f 3112//3368 3111//3366 3204//3331 3205//3332
f 3223//3367 3111//3366 3112//3368 3224//3369
f 2881//3009 2882//3175 3171//3261 3162//3230
f 3199//3313 2264//2410 2265//3314 3103//3317
f 3202//3324 2269//3323 2270//3325 3108//3328
f 2274//2432 2275//3270 3131//3265 3205//3332
f 3169//3258 3081//3257 3080//3345 3177//3273
f 3080//3345 3081//3257 3193//3303 3210//3346
f 3113//3264 3112//3368 3205//3332 3131//3265
f 3224//3369 3112//3368 3113//3264 3129//3269
f 3161//3221 2238//2303 2239//2380 3190//3284
f 3165//3243 2258//3242 2259//3370 3195//3202
f 3195//3202 2259//3370 2260//3309 3098//3200
f 3199//3313 3103//3317 3102//3353 3214//3352
f 3215//3354 3102//3353 3103//3317 3216//3355
f 3202//3324 3108//3328 3107//3361 3219//3360
f 3220//3362 3107//3361 3108//3328 3221//3363
f 3129//3269 3176//3272 3138//3371 3224//3369
f 3176//3272 3128//3252 3185//3286 3138//3371
f 3170//3259 3172//3262 3152//3372 3151//3301
f 3172//3262 3173//3263 3194//3305 3152//3372
f 3152//3372 3194//3305 3150//3307 3148//3373
f 3138//3371 3185//3286 3186//3288 3139//3374
f 3139//3374 3186//3288 3187//3290 3225//3375
f 3225//3375 3187//3290 3188//3292 3226//3376
f 3226//3376 3188//3292 3141//3294 3227//3377
f 3141//3294 3189//3296 3228//3378 3227//3377
f 3228//3378 3189//3296 3143//3298 3229//3379
f 3229//3379 3143//3298 3191//3300 3230//3380
f 3191//3300 3206//3334 3231//3381 3230//3380
f 3231//3381 3206//3334 3207//3336 3232//3382
f 3148//3373 3150//3307 3196//3308 3149//3383
f 3098//3200 3211//3347 3196//3308 3097//3201
f 3192//3302 3151//3301 3152//3372 3148//3373
f 3139//3374 3223//3367 3224//3369 3138//3371
f 3225//3375 3222//3365 3223//3367 3139//3374
f 3226//3376 3140//3364 3222//3365 3225//3375
f 3221//3363 3140//3364 3226//3376 3227//3377
f 3193//3303 3192//3302 3148//3373 3149//3383
f 3232//3382 3207//3336 3144//3338 3233//3384
f 3233//3384 3144//3338 3145//3340 3132//3385
f 3145//3340 3208//3342 3146//3386 3132//3385
f 3146//3386 3208//3342 3209//3344 3234//3387
f 3209//3344 3210//3346 3133//3388 3234//3387
f 3154//3389 3147//3348 3212//3349 3153//3390
f 3212//3349 3213//3351 3132//3385 3153//3390
f 3213//3351 3215//3354 3233//3384 3132//3385
f 3211//3347 3147//3348 3154//3389 3133//3388
f 3130//3391 3218//3359 3220//3362 3142//3392
f 3217//3357 3218//3359 3130//3391 3230//3380
f 3231//3381 3155//3356 3217//3357 3230//3380
f 3232//3382 3216//3355 3155//3356 3231//3381
f 3142//3392 3220//3362 3221//3363 3227//3377
f 3216//3355 3232//3382 3233//3384 3215//3354
f 3210//3346 3193//3303 3149//3383 3133//3388
f 3149//3383 3196//3308 3211//3347 3133//3388
f 3229//3379 3230//3380 3130//3391 3142//3392
f 3153//3390 3132//3385 3146//3386 3234//3387
f 3234//3387 3133//3388 3154//3389 3153//3390
f 3142//3392 3227//3377 3228//3378 3229//3379
f 3316//3393 3317//3394 3257//3395
f 64//144 3375//3396 65//44
f 3268//3397 3267//3398 3263//3399
f 3264//3400 853//3401 3263//3399
f 3380//3402 3290//3403 3382//3404
f 47//170 46//172 864//3405 863//3406
f 3263//3399 3267//3398 3262//3407 3266//3408
f 3307//3409 3266//3408 3262//3407 3267//3398
f 3266//3408 3265//3410 3264//3400 3263//3399
f 68//46 67//43 3300//3411 1501//1542
f 67//43 66//42 3287//3412 3300//3411
f 3235//3413 1502//1544 1501//1542 3300//3411
f 3236//3414 3235//3413 3300//3411 3287//3412
f 48//167 47//170 3288//3415 3256//3416
f 47//170 863//3406 862//3417 3288//3415
f 3288//3415 862//3417 861//889 3255//3418
f 3255//3418 3254//3419 3256//3416 3288//3415
f 49//168 48//167 3256//3416 3289//3420
f 3289//3420 3256//3416 3254//3419 3253//3421
f 3255//3418 861//889 860//896 3316//3393
f 3254//3419 3255//3418 3316//3393 3257//3395
f 3316//3393 860//896 859//898 3317//3394
f 3317//3394 859//898 858//900 3318//3422
f 3263//3399 853//3401 852//1009 3302//3423
f 3268//3397 3263//3399 3302//3423 3269//3424
f 854//3425 853//3401 3264//3400 3301//3426
f 3301//3426 3264//3400 3265//3410 3261//3427
f 3302//3423 852//1009 851//3428 3319//3429
f 3319//3429 851//3428 850//3430 3320//3431
f 840//770 839//3432 3321//3433 3283//3434
f 839//3432 819//864 1507//1681 3321//3433
f 1507//1681 1506//1678 3282//3435 3321//3433
f 3282//3435 3281//3436 3283//3434 3321//3433
f 840//770 3283//3434 3304//3437 841//892
f 3283//3434 3281//3436 3280//3438 3304//3437
f 1506//1678 1505//1677 3303//3439 3282//3435
f 3281//3436 3282//3435 3303//3439 3284//3440
f 3303//3439 1505//1677 1504//1552 3322//3441
f 3322//3441 1504//1552 1503//1549 3323//3442
f 3323//3442 1503//1549 1502//1544 3235//3413
f 3235//3413 3236//3414 3286//3443 3323//3442
f 3236//3414 3287//3412 3299//3444 3237//3445
f 3299//3444 3287//3412 66//42 65//44
f 3286//3443 3236//3414 3237//3445 3324//3446
f 3253//3421 3252//3447 3325//3448 3289//3420
f 3252//3447 3251//3449 3326//3450 3325//3448
f 3253//3421 3254//3419 3257//3395 3327//3451
f 3261//3427 3260//3452 3294//3453 3301//3426
f 3265//3410 3266//3408 3307//3409 3261//3427
f 3304//3437 3280//3438 3279//3454 3328//3455
f 3328//3455 3279//3454 3278//3456 3329//3457
f 3280//3438 3281//3436 3284//3440 3330//3458
f 3286//3443 3285//3459 3322//3441 3323//3442
f 3285//3459 3284//3440 3303//3439 3322//3441
f 3330//3458 3284//3440 3285//3459 3331//3460
f 3331//3460 3285//3459 3286//3443 3324//3446
f 50//166 49//168 3289//3420 3325//3448
f 51//164 50//166 3325//3448 3326//3450
f 855//905 854//3425 3301//3426 3294//3453
f 856//3461 855//905 3294//3453 3293//3462
f 3294//3453 3292//3463 3293//3462
f 3292//3463 857//1015 856//3461 3293//3462
f 3328//3455 842//972 841//892 3304//3437
f 3329//3457 843//3464 842//972 3328//3455
f 3332//3465 844//3466 843//3464 3329//3457
f 3333//3467 845//984 844//3466 3332//3465
f 3334//3468 846//987 845//984 3333//3467
f 3335//3469 847//3470 846//987 3334//3468
f 3336//3471 848//3472 847//3470 3335//3469
f 3338//3473 849//999 848//3472 3336//3471
f 3252//3447 3253//3421 3327//3451 3337//3474
f 3251//3449 3252//3447 3337//3474 3295//3475
f 3319//3429 3270//3476 3269//3424 3302//3423
f 3320//3431 3271//3477 3270//3476 3319//3429
f 3338//3473 3272//3478 3271//3477 3320//3431
f 3336//3471 3273//3479 3272//3478 3338//3473
f 3279//3454 3280//3438 3330//3458 3339//3480
f 3278//3456 3279//3454 3339//3480 3340//3481
f 63//143 62//146 3240//3482 3239//3483
f 62//146 61//148 3341//3484 3240//3482
f 61//148 60//150 3352//3485 3341//3484
f 3342//3486 60//150 59//152 3343//3487
f 3239//3483 3238//3488 3344//3489 63//143
f 57//154 56//156 3246//3490 3245//3491
f 3246//3490 3345//3492 3247//3493
f 56//156 55//158 3345//3492 3246//3490
f 55//158 54//160 3346//3494 3345//3492
f 54//160 53//159 3347//3495 3346//3494
f 53//159 52//162 3348//3496 3347//3495
f 3245//3491 3244//3497 3349//3498 57//154
f 3244//3497 3243//3499 3350//3500 3349//3498
f 3243//3499 3242//3501 3351//3502 3350//3500
f 3242//3501 3241//3503 3352//3485 3351//3502
f 3353//3504 3238//3488 3239//3483 3297//3505
f 3297//3505 3239//3483 3240//3482 3354//3506
f 3354//3506 3240//3482 3241//3503 3355//3507
f 3355//3507 3241//3503 3242//3501 3356//3508
f 3356//3508 3242//3501 3243//3499 3357//3509
f 3357//3509 3243//3499 3244//3497 3358//3510
f 3358//3510 3244//3497 3245//3491 3359//3511
f 3359//3511 3245//3491 3246//3490 3360//3512
f 3360//3512 3246//3490 3247//3493 3361//3513
f 3248//3514 3247//3493 3345//3492 3346//3494
f 3361//3513 3247//3493 3248//3514 3362//3515
f 3249//3516 3248//3514 3346//3494 3347//3495
f 3362//3515 3248//3514 3249//3516 3363//3517
f 3250//3518 3249//3516 3347//3495 3348//3496
f 3363//3517 3249//3516 3250//3518 3386//3519
f 3258//3520 3257//3395 3317//3394 3318//3422
f 3327//3451 3257//3395 3258//3520 3364//3521
f 3259//3522 3258//3520 3318//3422 3292//3463
f 3364//3521 3258//3520 3259//3522 3365//3523
f 3366//3524 3267//3398 3268//3397 3367//3525
f 3367//3525 3268//3397 3269//3424 3368//3526
f 3368//3526 3269//3424 3270//3476 3369//3527
f 3270//3476 3271//3477 3370//3528 3369//3527
f 3271//3477 3272//3478 3311//3529 3370//3528
f 3272//3478 3273//3479 3371//3530 3311//3529
f 3307//3409 3267//3398 3366//3524 3382//3404
f 3335//3469 3274//3531 3273//3479 3336//3471
f 3273//3479 3274//3531 3372//3532 3371//3530
f 3334//3468 3275//3533 3274//3531 3335//3469
f 3372//3532 3274//3531 3275//3533 3305//3534
f 3333//3467 3276//3535 3275//3533 3334//3468
f 3305//3534 3275//3533 3276//3535 3373//3536
f 3332//3465 3277//3537 3276//3535 3333//3467
f 3276//3535 3277//3537 3374//3538 3373//3536
f 52//162 51//164 3326//3450 3348//3496
f 3318//3422 858//900 857//1015 3292//3463
f 3241//3503 3240//3482 3341//3484 3352//3485
f 3251//3449 3250//3518 3348//3496 3326//3450
f 3250//3518 3251//3449 3295//3475 3386//3519
f 3260//3452 3259//3522 3292//3463 3294//3453
f 3259//3522 3260//3452 3296//3539 3365//3523
f 3329//3457 3278//3456 3277//3537 3332//3465
f 3277//3537 3278//3456 3340//3481 3374//3538
f 3320//3431 850//3430 849//999 3338//3473
f 64//144 63//143 3344//3489 3375//3396
f 3375//3396 3344//3489 3238//3488 3237//3445
f 59//152 58//151 3376//3540 3343//3487
f 58//151 57//154 3349//3498 3376//3540
f 3375//3396 3237//3445 3299//3444 65//44
f 3261//3427 3307//3409 3377//3541 3260//3452
f 3339//3480 3330//3458 3331//3460 3298//3542
f 3331//3460 3324//3446 3353//3504 3298//3542
f 3324//3446 3237//3445 3238//3488 3353//3504
f 3298//3542 3353//3504 3297//3505 3378//3543
f 3378//3543 3297//3505 3354//3506 3312//3544
f 3312//3544 3354//3506 3355//3507 3313//3545
f 3313//3545 3355//3507 3356//3508 3314//3546
f 3314//3546 3356//3508 3357//3509 3309//3547
f 3309//3547 3357//3509 3358//3510 3310//3548
f 3310//3548 3358//3510 3359//3511 3384//3549
f 3384//3549 3359//3511 3360//3512 3308//3550
f 3308//3550 3360//3512 3361//3513 3306//3551
f 3306//3551 3361//3513 3362//3515 3379//3552
f 3379//3552 3362//3515 3363//3517 3380//3402
f 3363//3517 3386//3519 3290//3403 3380//3402
f 3307//3409 3382//3404 3290//3403 3377//3541
f 3337//3474 3327//3451 3364//3521 3365//3523
f 3366//3524 3367//3525 3381//3553 3382//3404
f 3381//3553 3367//3525 3368//3526 3291//3554
f 3291//3554 3368//3526 3369//3527 3383//3555
f 3383//3555 3369//3527 3370//3528 3308//3550
f 3370//3528 3311//3529 3384//3549 3308//3550
f 3311//3529 3371//3530 3310//3548 3384//3549
f 3310//3548 3371//3530 3372//3532 3309//3547
f 3309//3547 3372//3532 3305//3534 3314//3546
f 3314//3546 3305//3534 3373//3536 3313//3545
f 3313//3545 3373//3536 3374//3538 3312//3544
f 3351//3502 3352//3485 60//150 3342//3486
f 3342//3486 3343//3487 3350//3500 3351//3502
f 3378//3543 3340//3481 3339//3480 3298//3542
f 3296//3539 3260//3452 3377//3541 3385//3556
f 3382//3404 3381//3553 3315//3557 3380//3402
f 3312//3544 3374//3538 3340//3481 3378//3543
f 3350//3500 3343//3487 3376//3540 3349//3498
f 3385//3556 3377//3541 3290//3403 3386//3519
f 3383//3555 3308//3550 3306//3551 3387//3558
f 3387//3558 3306//3551 3379//3552 3388//3559
f 3379//3552 3380//3402 3315//3557 3388//3559
f 3315//3557 3381//3553 3291//3554 3388//3559
f 3291//3554 3383//3555 3387//3558 3388//3559
f 3365//3523 3296//3539 3295//3475 3337//3474
f 3295//3475 3296//3539 3385//3556 3386//3519
f 3389//3560 3390//3561 3391//3562
f 3389//3560 3391//3562 3392//3563
f 3393//3564 3394//3565 3391//3562
f 3393//3564 3391//3562 3390//3561
f 3395//3566 3392//3563 3391//3562
f 3395//3566 3391//3562 3394//3565
f 3389//3560 3392//3563 3396//3567
f 3389//3560 3396//3567 3397//3568
f 3395//3566 3398//3569 3396//3567
f 3395//3566 3396//3567 3392//3563
f 3399//3570 3397//3568 3396//3567
f 3399//3570 3396//3567 3398//3569
f 3389//3560 3397//3568 3400//3571
f 3389//3560 3400//3571 3401//3572
f 3399//3570 3402//3573 3400//3571
f 3399//3570 3400//3571 3397//3568
f 3403//3574 3401//3572 3400//3571
f 3403//3574 3400//3571 3402//3573
f 3389//3560 3401//3572 3404//3575
f 3389//3560 3404//3575 3405//3576
f 3403//3574 3406//3577 3404//3575
f 3403//3574 3404//3575 3401//3572
f 3407//3578 3405//3576 3404//3575
f 3407//3578 3404//3575 3406//3577
f 3389//3560 3405//3576 3408//3579
f 3389//3560 3408//3579 3409//3580
f 3407//3578 3410//3581 3408//3579
f 3407//3578 3408//3579 3405//3576
f 3411//3582 3409//3580 3408//3579
f 3411//3582 3408//3579 3410//3581
f 3389//3560 3409//3580 3412//3583
f 3389//3560 3412//3583 3413//3584
f 3411//3582 3414//3585 3412//3583
f 3411//3582 3412//3583 3409//3580
f 3415//3586 3413//3584 3412//3583
f 3415//3586 3412//3583 3414//3585
f 3389//3560 3413//3584 3416//3587
f 3389//3560 3416//3587 3417//3588
f 3415//3586 3418//3589 3416//3587
f 3415//3586 3416//3587 3413//3584
f 3419//3590 3417//3588 3416//3587
f 3419//3590 3416//3587 3418//3589
f 3389//3560 3417//3588 3420//3591
f 3389//3560 3420//3591 3421//3592
f 3419//3590 3422//3593 3420//3591
f 3419//3590 3420//3591 3417//3588
f 3423//3594 3421//3592 3420//3591
f 3423//3594 3420//3591 3422//3593
f 3389//3560 3421//3592 3424//3595
f 3389//3560 3424//3595 3425//3596
f 3423//3594 3426//3597 3424//3595
f 3423//3594 3424//3595 3421//3592
f 3427//3598 3425//3596 3424//3595
f 3427//3598 3424//3595 3426//3597
f 3389//3560 3425//3596 3428//3599
f 3389//3560 3428//3599 3429//3600
f 3427//3598 3430//3601 3428//3599
f 3427//3598 3428//3599 3425//3596
f 3431//3602 3429//3600 3428//3599
f 3431//3602 3428//3599 3430//3601
f 3389//3560 3429//3600 3432//3603
f 3389//3560 3432//3603 3433//3604
f 3431//3602 3434//3605 3432//3603
f 3431//3602 3432//3603 3429//3600
f 3435//3606 3433//3604 3432//3603
f 3435//3606 3432//3603 3434//3605
f 3389//3560 3433//3604 3436//3607
f 3389//3560 3436//3607 3437//3608
f 3435//3606 3438//3609 3436//3607
f 3435//3606 3436//3607 3433//3604
f 3439//3610 3437//3608 3436//3607
f 3439//3610 3436//3607 3438//3609
f 3389//3560 3437//3608 3440//3611
f 3389//3560 3440//3611 3441//3612
f 3439//3610 3442//3613 3440//3611
f 3439//3610 3440//3611 3437//3608
f 3443//3614 3441//3612 3440//3611
f 3443//3614 3440//3611 3442//3613
f 3389//3560 3441//3612 3444//3615
f 3389//3560 3444//3615 3445//3616
f 3443//3614 3446//3617 3444//3615
f 3443//3614 3444//3615 3441//3612
f 3447//3618 3445//3616 3444//3615
f 3447//3618 3444//3615 3446//3617
f 3389//3560 3445//3616 3448//3619
f 3389//3560 3448//3619 3449//3620
f 3447//3618 3450//3621 3448//3619
f 3447//3618 3448//3619 3445//3616
f 3451//3622 3449//3620 3448//3619
f 3451//3622 3448//3619 3450//3621
f 3389//3560 3449//3620 3452//3623
f 3389//3560 3452//3623 3453//3624
f 3451//3622 3454//3625 3452//3623
f 3451//3622 3452//3623 3449//3620
f 3455//3626 3453//3624 3452//3623
f 3455//3626 3452//3623 3454//3625
f 3389//3560 3453//3624 3456//3627
f 3389//3560 3456//3627 3457//3628
f 3455//3626 3458//3629 3456//3627
f 3455//3626 3456//3627 3453//3624
f 3459//3630 3457//3628 3456//3627
f 3459//3630 3456//3627 3458//3629
f 3389//3560 3457//3628 3460//3631
f 3389//3560 3460//3631 3461//3632
f 3459//3630 3462//3633 3460//3631
f 3459//3630 3460//3631 3457//3628
f 3463//3634 3461//3632 3460//3631
f 3463//3634 3460//3631 3462//3633
f 3389//3560 3461//3632 3464//3635
f 3389//3560 3464//3635 3465//3636
f 3463//3634 3466//3637 3464//3635
f 3463//3634 3464//3635 3461//3632
f 3467//3638 3465//3636 3464//3635
f 3467//3638 3464//3635 3466//3637
f 3389//3560 3465//3636 3468//3639
f 3389//3560 3468//3639 3390//3561
f 3467//3638 3469//3640 3468//3639
f 3467//3638 3468//3639 3465//3636
f 3393//3564 3390//3561 3468//3639
f 3393//3564 3468//3639 3469//3640
f 3470//3641 3471//3642 3472//3643
f 3470//3641 3472//3643 3473//3644
f 3395//3566 3394//3565 3472//3643
f 3395//3566 3472//3643 3471//3642
f 3393//3564 3474//3645 3472//3643
f 3393//3564 3472//3643 3394//3565
f 3475//3646 3473//3644 3472//3643
f 3475//3646 3472//3643 3474//3645
f 3476//3647 3477//3648 3478//3649
f 3476//3647 3478//3649 3479//3650
f 3399//3570 3398//3569 3478//3649
f 3399//3570 3478//3649 3477//3648
f 3395//3566 3471//3642 3478//3649
f 3395//3566 3478//3649 3398//3569
f 3470//3641 3479//3650 3478//3649
f 3470//3641 3478//3649 3471//3642
f 3480//3651 3481//3652 3482//3653
f 3480//3651 3482//3653 3483//3654
f 3403//3574 3402//3573 3482//3653
f 3403//3574 3482//3653 3481//3652
f 3399//3570 3477//3648 3482//3653
f 3399//3570 3482//3653 3402//3573
f 3476//3647 3483//3654 3482//3653
f 3476//3647 3482//3653 3477//3648
f 3484//3655 3485//3656 3486//3657
f 3484//3655 3486//3657 3487//3658
f 3407//3578 3406//3577 3486//3657
f 3407//3578 3486//3657 3485//3656
f 3403//3574 3481//3652 3486//3657
f 3403//3574 3486//3657 3406//3577
f 3480//3651 3487//3658 3486//3657
f 3480//3651 3486//3657 3481//3652
f 3488//3659 3489//3660 3490//3661
f 3488//3659 3490//3661 3491//3662
f 3411//3582 3410//3581 3490//3661
f 3411//3582 3490//3661 3489//3660
f 3407//3578 3485//3656 3490//3661
f 3407//3578 3490//3661 3410//3581
f 3484//3655 3491//3662 3490//3661
f 3484//3655 3490//3661 3485//3656
f 3492//3663 3493//3664 3494//3665
f 3492//3663 3494//3665 3495//3666
f 3415//3586 3414//3585 3494//3665
f 3415//3586 3494//3665 3493//3664
f 3411//3582 3489//3660 3494//3665
f 3411//3582 3494//3665 3414//3585
f 3488//3659 3495//3666 3494//3665
f 3488//3659 3494//3665 3489//3660
f 3496//3667 3497//3668 3498//3669
f 3496//3667 3498//3669 3499//3670
f 3419//3590 3418//3589 3498//3669
f 3419//3590 3498//3669 3497//3668
f 3415//3586 3493//3664 3498//3669
f 3415//3586 3498//3669 3418//3589
f 3492//3663 3499//3670 3498//3669
f 3492//3663 3498//3669 3493//3664
f 3500//3671 3501//3672 3502//3673
f 3500//3671 3502//3673 3503//3674
f 3423//3594 3422//3593 3502//3673
f 3423//3594 3502//3673 3501//3672
f 3419//3590 3497//3668 3502//3673
f 3419//3590 3502//3673 3422//3593
f 3496//3667 3503//3674 3502//3673
f 3496//3667 3502//3673 3497//3668
f 3504//3675 3505//3676 3506//3677
f 3504//3675 3506//3677 3507//3678
f 3427//3598 3426//3597 3506//3677
f 3427//3598 3506//3677 3505//3676
f 3423//3594 3501//3672 3506//3677
f 3423//3594 3506//3677 3426//3597
f 3500//3671 3507//3678 3506//3677
f 3500//3671 3506//3677 3501//3672
f 3508//3679 3509//3680 3510//3681
f 3508//3679 3510//3681 3511//3682
f 3431//3602 3430//3601 3510//3681
f 3431//3602 3510//3681 3509//3680
f 3427//3598 3505//3676 3510//3681
f 3427//3598 3510//3681 3430//3601
f 3504//3675 3511//3682 3510//3681
f 3504//3675 3510//3681 3505//3676
f 3512//3683 3513//3684 3514//3685
f 3512//3683 3514//3685 3515//3686
f 3435//3606 3434//3605 3514//3685
f 3435//3606 3514//3685 3513//3684
f 3431//3602 3509//3680 3514//3685
f 3431//3602 3514//3685 3434//3605
f 3508//3679 3515//3686 3514//3685
f 3508//3679 3514//3685 3509//3680
f 3516//3687 3517//3688 3518//3689
f 3516//3687 3518//3689 3519//3690
f 3439//3610 3438//3609 3518//3689
f 3439//3610 3518//3689 3517//3688
f 3435//3606 3513//3684 3518//3689
f 3435//3606 3518//3689 3438//3609
f 3512//3683 3519//3690 3518//3689
f 3512//3683 3518//3689 3513//3684
f 3520//3691 3521//3692 3522//3693
f 3520//3691 3522//3693 3523//3694
f 3443//3614 3442//3613 3522//3693
f 3443//3614 3522//3693 3521//3692
f 3439//3610 3517//3688 3522//3693
f 3439//3610 3522//3693 3442//3613
f 3516//3687 3523//3694 3522//3693
f 3516//3687 3522//3693 3517//3688
f 3524//3695 3525//3696 3526//3697
f 3524//3695 3526//3697 3527//3698
f 3447//3618 3446//3617 3526//3697
f 3447//3618 3526//3697 3525//3696
f 3443//3614 3521//3692 3526//3697
f 3443//3614 3526//3697 3446//3617
f 3520//3691 3527//3698 3526//3697
f 3520//3691 3526//3697 3521//3692
f 3528//3699 3529//3700 3530//3701
f 3528//3699 3530//3701 3531//3702
f 3451//3622 3450//3621 3530//3701
f 3451//3622 3530//3701 3529//3700
f 3447//3618 3525//3696 3530//3701
f 3447//3618 3530//3701 3450//3621
f 3524//3695 3531//3702 3530//3701
f 3524//3695 3530//3701 3525//3696
f 3532//3703 3533//3704 3534//3705
f 3532//3703 3534//3705 3535//3706
f 3455//3626 3454//3625 3534//3705
f 3455//3626 3534//3705 3533//3704
f 3451//3622 3529//3700 3534//3705
f 3451//3622 3534//3705 3454//3625
f 3528//3699 3535//3706 3534//3705
f 3528//3699 3534//3705 3529//3700
f 3536//3707 3537//3708 3538//3709
f 3536//3707 3538//3709 3539//3710
f 3459//3630 3458//3629 3538//3709
f 3459//3630 3538//3709 3537//3708
f 3455//3626 3533//3704 3538//3709
f 3455//3626 3538//3709 3458//3629
f 3532//3703 3539//3710 3538//3709
f 3532//3703 3538//3709 3533//3704
f 3540//3711 3541//3712 3542//3713
f 3540//3711 3542//3713 3543//3714
f 3463//3634 3462//3633 3542//3713
f 3463//3634 3542//3713 3541//3712
f 3459//3630 3537//3708 3542//3713
f 3459//3630 3542//3713 3462//3633
f 3536//3707 3543//3714 3542//3713
f 3536//3707 3542//3713 3537//3708
f 3544//3715 3545//3716 3546//3717
f 3544//3715 3546//3717 3547//3718
f 3467//3638 3466//3637 3546//3717
f 3467//3638 3546//3717 3545//3716
f 3463//3634 3541//3712 3546//3717
f 3463//3634 3546//3717 3466//3637
f 3540//3711 3547//3718 3546//3717
f 3540//3711 3546//3717 3541//3712
f 3475//3646 3474//3645 3548//3719
f 3475//3646 3548//3719 3549//3720
f 3393//3564 3469//3640 3548//3719
f 3393//3564 3548//3719 3474//3645
f 3467//3638 3545//3716 3548//3719
f 3467//3638 3548//3719 3469//3640
f 3544//3715 3549//3720 3548//3719
f 3544//3715 3548//3719 3545//3716
f 3550//3721 3551//3722 3552//3723
f 3550//3721 3552//3723 3553//3724
f 3470//3641 3473//3644 3552//3723
f 3470//3641 3552//3723 3551//3722
f 3475//3646 3554//3725 3552//3723
f 3475//3646 3552//3723 3473//3644
f 3555//3726 3553//3724 3552//3723
f 3555//3726 3552//3723 3554//3725
f 3556//3727 3557//3728 3558//3729
f 3556//3727 3558//3729 3559//3730
f 3476//3647 3479//3650 3558//3729
f 3476//3647 3558//3729 3557//3728
f 3470//3641 3551//3722 3558//3729
f 3470//3641 3558//3729 3479//3650
f 3550//3721 3559//3730 3558//3729
f 3550//3721 3558//3729 3551//3722
f 3560//3731 3561//3732 3562//3733
f 3560//3731 3562//3733 3563//3734
f 3480//3651 3483//3654 3562//3733
f 3480//3651 3562//3733 3561//3732
f 3476//3647 3557//3728 3562//3733
f 3476//3647 3562//3733 3483//3654
f 3556//3727 3563//3734 3562//3733
f 3556//3727 3562//3733 3557//3728
f 3564//3735 3565//3736 3566//3737
f 3564//3735 3566//3737 3567//3738
f 3484//3655 3487//3658 3566//3737
f 3484//3655 3566//3737 3565//3736
f 3480//3651 3561//3732 3566//3737
f 3480//3651 3566//3737 3487//3658
f 3560//3731 3567//3738 3566//3737
f 3560//3731 3566//3737 3561//3732
f 3568//3739 3569//3740 3570//3741
f 3568//3739 3570//3741 3571//3742
f 3488//3659 3491//3662 3570//3741
f 3488//3659 3570//3741 3569//3740
f 3484//3655 3565//3736 3570//3741
f 3484//3655 3570//3741 3491//3662
f 3564//3735 3571//3742 3570//3741
f 3564//3735 3570//3741 3565//3736
f 3572//3743 3573//3744 3574//3745
f 3572//3743 3574//3745 3575//3746
f 3492//3663 3495//3666 3574//3745
f 3492//3663 3574//3745 3573//3744
f 3488//3659 3569//3740 3574//3745
f 3488//3659 3574//3745 3495//3666
f 3568//3739 3575//3746 3574//3745
f 3568//3739 3574//3745 3569//3740
f 3576//3747 3577//3748 3578//3749
f 3576//3747 3578//3749 3579//3750
f 3496//3667 3499//3670 3578//3749
f 3496//3667 3578//3749 3577//3748
f 3492//3663 3573//3744 3578//3749
f 3492//3663 3578//3749 3499//3670
f 3572//3743 3579//3750 3578//3749
f 3572//3743 3578//3749 3573//3744
f 3580//3751 3581//3752 3582//3753
f 3580//3751 3582//3753 3583//3754
f 3500//3671 3503//3674 3582//3753
f 3500//3671 3582//3753 3581//3752
f 3496//3667 3577//3748 3582//3753
f 3496//3667 3582//3753 3503//3674
f 3576//3747 3583//3754 3582//3753
f 3576//3747 3582//3753 3577//3748
f 3584//3755 3585//3756 3586//3757
f 3584//3755 3586//3757 3587//3758
f 3504//3675 3507//3678 3586//3757
f 3504//3675 3586//3757 3585//3756
f 3500//3671 3581//3752 3586//3757
f 3500//3671 3586//3757 3507//3678
f 3580//3751 3587//3758 3586//3757
f 3580//3751 3586//3757 3581//3752
f 3588//3759 3589//3760 3590//3761
f 3588//3759 3590//3761 3591//3762
f 3508//3679 3511//3682 3590//3761
f 3508//3679 3590//3761 3589//3760
f 3504//3675 3585//3756 3590//3761
f 3504//3675 3590//3761 3511//3682
f 3584//3755 3591//3762 3590//3761
f 3584//3755 3590//3761 3585//3756
f 3592//3763 3593//3764 3594//3765
f 3592//3763 3594//3765 3595//3766
f 3512//3683 3515//3686 3594//3765
f 3512//3683 3594//3765 3593//3764
f 3508//3679 3589//3760 3594//3765
f 3508//3679 3594//3765 3515//3686
f 3588//3759 3595//3766 3594//3765
f 3588//3759 3594//3765 3589//3760
f 3596//3767 3597//3768 3598//3769
f 3596//3767 3598//3769 3599//3770
f 3516//3687 3519//3690 3598//3769
f 3516//3687 3598//3769 3597//3768
f 3512//3683 3593//3764 3598//3769
f 3512//3683 3598//3769 3519//3690
f 3592//3763 3599//3770 3598//3769
f 3592//3763 3598//3769 3593//3764
f 3600//3771 3601//3772 3602//3773
f 3600//3771 3602//3773 3603//3774
f 3520//3691 3523//3694 3602//3773
f 3520//3691 3602//3773 3601//3772
f 3516//3687 3597//3768 3602//3773
f 3516//3687 3602//3773 3523//3694
f 3596//3767 3603//3774 3602//3773
f 3596//3767 3602//3773 3597//3768
f 3604//3775 3605//3776 3606//3777
f 3604//3775 3606//3777 3607//3778
f 3524//3695 3527//3698 3606//3777
f 3524//3695 3606//3777 3605//3776
f 3520//3691 3601//3772 3606//3777
f 3520//3691 3606//3777 3527//3698
f 3600//3771 3607//3778 3606//3777
f 3600//3771 3606//3777 3601//3772
f 3608//3779 3609//3780 3610//3781
f 3608//3779 3610//3781 3611//3782
f 3528//3699 3531//3702 3610//3781
f 3528//3699 3610//3781 3609//3780
f 3524//3695 3605//3776 3610//3781
f 3524//3695 3610//3781 3531//3702
f 3604//3775 3611//3782 3610//3781
f 3604//3775 3610//3781 3605//3776
f 3612//3783 3613//3784 3614//3785
f 3612//3783 3614//3785 3615//3786
f 3532//3703 3535//3706 3614//3785
f 3532//3703 3614//3785 3613//3784
f 3528//3699 3609//3780 3614//3785
f 3528//3699 3614//3785 3535//3706
f 3608//3779 3615//3786 3614//3785
f 3608//3779 3614//3785 3609//3780
f 3616//3787 3617//3788 3618//3789
f 3616//3787 3618//3789 3619//3790
f 3536//3707 3539//3710 3618//3789
f 3536//3707 3618//3789 3617//3788
f 3532//3703 3613//3784 3618//3789
f 3532//3703 3618//3789 3539//3710
f 3612//3783 3619//3790 3618//3789
f 3612//3783 3618//3789 3613//3784
f 3620//3791 3621//3792 3622//3793
f 3620//3791 3622//3793 3623//3794
f 3540//3711 3543//3714 3622//3793
f 3540//3711 3622//3793 3621//3792
f 3536//3707 3617//3788 3622//3793
f 3536//3707 3622//3793 3543//3714
f 3616//3787 3623//3794 3622//3793
f 3616//3787 3622//3793 3617//3788
f 3624//3795 3625//3796 3626//3797
f 3624//3795 3626//3797 3627//3798
f 3544//3715 3547//3718 3626//3797
f 3544//3715 3626//3797 3625//3796
f 3540//3711 3621//3792 3626//3797
f 3540//3711 3626//3797 3547//3718
f 3620//3791 3627//3798 3626//3797
f 3620//3791 3626//3797 3621//3792
f 3555//3726 3554//3725 3628//3799
f 3555//3726 3628//3799 3629//3800
f 3475//3646 3549//3720 3628//3799
f 3475//3646 3628//3799 3554//3725
f 3544//3715 3625//3796 3628//3799
f 3544//3715 3628//3799 3549//3720
f 3624//3795 3629//3800 3628//3799
f 3624//3795 3628//3799 3625//3796
f 3630//3801 3631//3802 3632//3803
f 3630//3801 3632//3803 3633//3804
f 3550//3721 3553//3724 3632//3803
f 3550//3721 3632//3803 3631//3802
f 3555//3726 3634//3805 3632//3803
f 3555//3726 3632//3803 3553//3724
f 3635//3806 3633//3804 3632//3803
f 3635//3806 3632//3803 3634//3805
f 3636//3807 3637//3808 3638//3809
f 3636//3807 3638//3809 3639//3810
f 3556//3727 3559//3730 3638//3809
f 3556//3727 3638//3809 3637//3808
f 3550//3721 3631//3802 3638//3809
f 3550//3721 3638//3809 3559//3730
f 3630//3801 3639//3810 3638//3809
f 3630//3801 3638//3809 3631//3802
f 3640//3811 3641//3812 3642//3813
f 3640//3811 3642//3813 3643//3814
f 3560//3731 3563//3734 3642//3813
f 3560//3731 3642//3813 3641//3812
f 3556//3727 3637//3808 3642//3813
f 3556//3727 3642//3813 3563//3734
f 3636//3807 3643//3814 3642//3813
f 3636//3807 3642//3813 3637//3808
f 3644//3815 3645//3816 3646//3817
f 3644//3815 3646//3817 3647//3818
f 3564//3735 3567//3738 3646//3817
f 3564//3735 3646//3817 3645//3816
f 3560//3731 3641//3812 3646//3817
f 3560//3731 3646//3817 3567//3738
f 3640//3811 3647//3818 3646//3817
f 3640//3811 3646//3817 3641//3812
f 3648//3819 3649//3820 3650//3821
f 3648//3819 3650//3821 3651//3822
f 3568//3739 3571//3742 3650//3821
f 3568//3739 3650//3821 3649//3820
f 3564//3735 3645//3816 3650//3821
f 3564//3735 3650//3821 3571//3742
f 3644//3815 3651//3822 3650//3821
f 3644//3815 3650//3821 3645//3816
f 3652//3823 3653//3824 3654//3825
f 3652//3823 3654//3825 3655//3826
f 3572//3743 3575//3746 3654//3825
f 3572//3743 3654//3825 3653//3824
f 3568//3739 3649//3820 3654//3825
f 3568//3739 3654//3825 3575//3746
f 3648//3819 3655//3826 3654//3825
f 3648//3819 3654//3825 3649//3820
f 3656//3827 3657//3828 3658//3829
f 3656//3827 3658//3829 3659//3830
f 3576//3747 3579//3750 3658//3829
f 3576//3747 3658//3829 3657//3828
f 3572//3743 3653//3824 3658//3829
f 3572//3743 3658//3829 3579//3750
f 3652//3823 3659//3830 3658//3829
f 3652//3823 3658//3829 3653//3824
f 3660//3831 3661//3832 3662//3833
f 3660//3831 3662//3833 3663//3834
f 3580//3751 3583//3754 3662//3833
f 3580//3751 3662//3833 3661//3832
f 3576//3747 3657//3828 3662//3833
f 3576//3747 3662//3833 3583//3754
f 3656//3827 3663//3834 3662//3833
f 3656//3827 3662//3833 3657//3828
f 3664//3835 3665//3836 3666//3837
f 3664//3835 3666//3837 3667//3838
f 3584//3755 3587//3758 3666//3837
f 3584//3755 3666//3837 3665//3836
f 3580//3751 3661//3832 3666//3837
f 3580//3751 3666//3837 3587//3758
f 3660//3831 3667//3838 3666//3837
f 3660//3831 3666//3837 3661//3832
f 3668//3839 3669//3840 3670//3841
f 3668//3839 3670//3841 3671//3842
f 3588//3759 3591//3762 3670//3841
f 3588//3759 3670//3841 3669//3840
f 3584//3755 3665//3836 3670//3841
f 3584//3755 3670//3841 3591//3762
f 3664//3835 3671//3842 3670//3841
f 3664//3835 3670//3841 3665//3836
f 3672//3843 3673//3844 3674//3845
f 3672//3843 3674//3845 3675//3846
f 3592//3763 3595//3766 3674//3845
f 3592//3763 3674//3845 3673//3844
f 3588//3759 3669//3840 3674//3845
f 3588//3759 3674//3845 3595//3766
f 3668//3839 3675//3846 3674//3845
f 3668//3839 3674//3845 3669//3840
f 3676//3847 3677//3848 3678//3849
f 3676//3847 3678//3849 3679//3850
f 3596//3767 3599//3770 3678//3849
f 3596//3767 3678//3849 3677//3848
f 3592//3763 3673//3844 3678//3849
f 3592//3763 3678//3849 3599//3770
f 3672//3843 3679//3850 3678//3849
f 3672//3843 3678//3849 3673//3844
f 3680//3851 3681//3852 3682//3853
f 3680//3851 3682//3853 3683//3854
f 3600//3771 3603//3774 3682//3853
f 3600//3771 3682//3853 3681//3852
f 3596//3767 3677//3848 3682//3853
f 3596//3767 3682//3853 3603//3774
f 3676//3847 3683//3854 3682//3853
f 3676//3847 3682//3853 3677//3848
f 3684//3855 3685//3856 3686//3857
f 3684//3855 3686//3857 3687//3858
f 3604//3775 3607//3778 3686//3857
f 3604//3775 3686//3857 3685//3856
f 3600//3771 3681//3852 3686//3857
f 3600//3771 3686//3857 3607//3778
f 3680//3851 3687//3858 3686//3857
f 3680//3851 3686//3857 3681//3852
f 3688//3859 3689//3860 3690//3861
f 3688//3859 3690//3861 3691//3862
f 3608//3779 3611//3782 3690//3861
f 3608//3779 3690//3861 3689//3860
f 3604//3775 3685//3856 3690//3861
f 3604//3775 3690//3861 3611//3782
f 3684//3855 3691//3862 3690//3861
f 3684//3855 3690//3861 3685//3856
f 3692//3863 3693//3864 3694//3865
f 3692//3863 3694//3865 3695//3866
f 3612//3783 3615//3786 3694//3865
f 3612//3783 3694//3865 3693//3864
f 3608//3779 3689//3860 3694//3865
f 3608//3779 3694//3865 3615//3786
f 3688//3859 3695//3866 3694//3865
f 3688//3859 3694//3865 3689//3860
f 3696//3867 3697//3868 3698//3869
f 3696//3867 3698//3869 3699//3870
f 3616//3787 3619//3790 3698//3869
f 3616//3787 3698//3869 3697//3868
f 3612//3783 3693//3864 3698//3869
f 3612//3783 3698//3869 3619//3790
f 3692//3863 3699//3870 3698//3869
f 3692//3863 3698//3869 3693//3864
f 3700//3871 3701//3872 3702//3873
f 3700//3871 3702//3873 3703//3874
f 3620//3791 3623//3794 3702//3873
f 3620//3791 3702//3873 3701//3872
f 3616//3787 3697//3868 3702//3873
f 3616//3787 3702//3873 3623//3794
f 3696//3867 3703//3874 3702//3873
f 3696//3867 3702//3873 3697//3868
f 3704//3875 3705//3876 3706//3877
f 3704//3875 3706//3877 3707//3878
f 3624//3795 3627//3798 3706//3877
f 3624//3795 3706//3877 3705//3876
f 3620//3791 3701//3872 3706//3877
f 3620//3791 3706//3877 3627//3798
f 3700//3871 3707//3878 3706//3877
f 3700//3871 3706//3877 3701//3872
f 3635//3806 3634//3805 3708//3879
f 3635//3806 3708//3879 3709//3880
f 3555//3726 3629//3800 3708//3879
f 3555//3726 3708//3879 3634//3805
f 3624//3795 3705//3876 3708//3879
f 3624//3795 3708//3879 3629//3800
f 3704//3875 3709//3880 3708//3879
f 3704//3875 3708//3879 3705//3876
f 3710//3881 3711//3882 3712//3883
f 3710//3881 3712//3883 3713//3884
f 3630//3801 3633//3804 3712//3883
f 3630//3801 3712//3883 3711//3882
f 3635//3806 3714//3885 3712//3883
f 3635//3806 3712//3883 3633//3804
f 3715//3886 3713//3884 3712//3883
f 3715//3886 3712//3883 3714//3885
f 3716//3887 3717//3888 3718//3889
f 3716//3887 3718//3889 3719//3890
f 3636//3807 3639//3810 3718//3889
f 3636//3807 3718//3889 3717//3888
f 3630//3801 3711//3882 3718//3889
f 3630//3801 3718//3889 3639//3810
f 3710//3881 3719//3890 3718//3889
f 3710//3881 3718//3889 3711//3882
f 3720//3891 3721//3892 3722//3893
f 3720//3891 3722//3893 3723//3894
f 3640//3811 3643//3814 3722//3893
f 3640//3811 3722//3893 3721//3892
f 3636//3807 3717//3888 3722//3893
f 3636//3807 3722//3893 3643//3814
f 3716//3887 3723//3894 3722//3893
f 3716//3887 3722//3893 3717//3888
f 3724//3895 3725//3896 3726//3897
f 3724//3895 3726//3897 3727//3898
f 3644//3815 3647//3818 3726//3897
f 3644//3815 3726//3897 3725//3896
f 3640//3811 3721//3892 3726//3897
f 3640//3811 3726//3897 3647//3818
f 3720//3891 3727//3898 3726//3897
f 3720//3891 3726//3897 3721//3892
f 3728//3899 3729//3900 3730//3901
f 3728//3899 3730//3901 3731//3902
f 3648//3819 3651//3822 3730//3901
f 3648//3819 3730//3901 3729//3900
f 3644//3815 3725//3896 3730//3901
f 3644//3815 3730//3901 3651//3822
f 3724//3895 3731//3902 3730//3901
f 3724//3895 3730//3901 3725//3896
f 3732//3903 3733//3904 3734//3905
f 3732//3903 3734//3905 3735//3906
f 3652//3823 3655//3826 3734//3905
f 3652//3823 3734//3905 3733//3904
f 3648//3819 3729//3900 3734//3905
f 3648//3819 3734//3905 3655//3826
f 3728//3899 3735//3906 3734//3905
f 3728//3899 3734//3905 3729//3900
f 3736//3907 3737//3908 3738//3909
f 3736//3907 3738//3909 3739//3910
f 3656//3827 3659//3830 3738//3909
f 3656//3827 3738//3909 3737//3908
f 3652//3823 3733//3904 3738//3909
f 3652//3823 3738//3909 3659//3830
f 3732//3903 3739//3910 3738//3909
f 3732//3903 3738//3909 3733//3904
f 3740//3911 3741//3912 3742//3913
f 3740//3911 3742//3913 3743//3914
f 3660//3831 3663//3834 3742//3913
f 3660//3831 3742//3913 3741//3912
f 3656//3827 3737//3908 3742//3913
f 3656//3827 3742//3913 3663//3834
f 3736//3907 3743//3914 3742//3913
f 3736//3907 3742//3913 3737//3908
f 3744//3915 3745//3916 3746//3917
f 3744//3915 3746//3917 3747//3918
f 3664//3835 3667//3838 3746//3917
f 3664//3835 3746//3917 3745//3916
f 3660//3831 3741//3912 3746//3917
f 3660//3831 3746//3917 3667//3838
f 3740//3911 3747//3918 3746//3917
f 3740//3911 3746//3917 3741//3912
f 3748//3919 3749//3920 3750//3921
f 3748//3919 3750//3921 3751//3922
f 3668//3839 3671//3842 3750//3921
f 3668//3839 3750//3921 3749//3920
f 3664//3835 3745//3916 3750//3921
f 3664//3835 3750//3921 3671//3842
f 3744//3915 3751//3922 3750//3921
f 3744//3915 3750//3921 3745//3916
f 3752//3923 3753//3924 3754//3925
f 3752//3923 3754//3925 3755//3926
f 3672//3843 3675//3846 3754//3925
f 3672//3843 3754//3925 3753//3924
f 3668//3839 3749//3920 3754//3925
f 3668//3839 3754//3925 3675//3846
f 3748//3919 3755//3926 3754//3925
f 3748//3919 3754//3925 3749//3920
f 3756//3927 3757//3928 3758//3929
f 3756//3927 3758//3929 3759//3930
f 3676//3847 3679//3850 3758//3929
f 3676//3847 3758//3929 3757//3928
f 3672//3843 3753//3924 3758//3929
f 3672//3843 3758//3929 3679//3850
f 3752//3923 3759//3930 3758//3929
f 3752//3923 3758//3929 3753//3924
f 3760//3931 3761//3932 3762//3933
f 3760//3931 3762//3933 3763//3934
f 3680//3851 3683//3854 3762//3933
f 3680//3851 3762//3933 3761//3932
f 3676//3847 3757//3928 3762//3933
f 3676//3847 3762//3933 3683//3854
f 3756//3927 3763//3934 3762//3933
f 3756//3927 3762//3933 3757//3928
f 3764//3935 3765//3936 3766//3937
f 3764//3935 3766//3937 3767//3938
f 3684//3855 3687//3858 3766//3937
f 3684//3855 3766//3937 3765//3936
f 3680//3851 3761//3932 3766//3937
f 3680//3851 3766//3937 3687//3858
f 3760//3931 3767//3938 3766//3937
f 3760//3931 3766//3937 3761//3932
f 3768//3939 3769//3940 3770//3941
f 3768//3939 3770//3941 3771//3942
f 3688//3859 3691//3862 3770//3941
f 3688//3859 3770//3941 3769//3940
f 3684//3855 3765//3936 3770//3941
f 3684//3855 3770//3941 3691//3862
f 3764//3935 3771//3942 3770//3941
f 3764//3935 3770//3941 3765//3936
f 3772//3943 3773//3944 3774//3945
f 3772//3943 3774//3945 3775//3946
f 3692//3863 3695//3866 3774//3945
f 3692//3863 3774//3945 3773//3944
f 3688//3859 3769//3940 3774//3945
f 3688//3859 3774//3945 3695//3866
f 3768//3939 3775//3946 3774//3945
f 3768//3939 3774//3945 3769//3940
f 3776//3947 3777//3948 3778//3949
f 3776//3947 3778//3949 3779//3950
f 3696//3867 3699//3870 3778//3949
f 3696//3867 3778//3949 3777//3948
f 3692//3863 3773//3944 3778//3949
f 3692//3863 3778//3949 3699//3870
f 3772//3943 3779//3950 3778//3949
f 3772//3943 3778//3949 3773//3944
f 3780//3951 3781//3952 3782//3953
f 3780//3951 3782//3953 3783//3954
f 3700//3871 3703//3874 3782//3953
f 3700//3871 3782//3953 3781//3952
f 3696//3867 3777//3948 3782//3953
f 3696//3867 3782//3953 3703//3874
f 3776//3947 3783//3954 3782//3953
f 3776//3947 3782//3953 3777//3948
f 3784//3955 3785//3956 3786//3957
f 3784//3955 3786//3957 3787//3958
f 3704//3875 3707//3878 3786//3957
f 3704//3875 3786//3957 3785//3956
f 3700//3871 3781//3952 3786//3957
f 3700//3871 3786//3957 3707//3878
f 3780//3951 3787//3958 3786//3957
f 3780//3951 3786//3957 3781//3952
f 3715//3886 3714//3885 3788//3959
f 3715//3886 3788//3959 3789//3960
f 3635//3806 3709//3880 3788//3959
f 3635//3806 3788//3959 3714//3885
f 3704//3875 3785//3956 3788//3959
f 3704//3875 3788//3959 3709//3880
f 3784//3955 3789//3960 3788//3959
f 3784//3955 3788//3959 3785//3956
f 3790//3961 3791//3962 3792//3963
f 3790//3961 3792//3963 3793//3964
f 3710//3881 3713//3884 3792//3963
f 3710//3881 3792//3963 3791//3962
f 3715//3886 3794//3965 3792//3963
f 3715//3886 3792//3963 3713//3884
f 3795//3966 3793//3964 3792//3963
f 3795//3966 3792//3963 3794//3965
f 3796//3967 3797//3968 3798//3969
f 3796//3967 3798//3969 3799//3970
f 3716//3887 3719//3890 3798//3969
f 3716//3887 3798//3969 3797//3968
f 3710//3881 3791//3962 3798//3969
f 3710//3881 3798//3969 3719//3890
f 3790//3961 3799//3970 3798//3969
f 3790//3961 3798//3969 3791//3962
f 3800//3971 3801//3972 3802//3973
f 3800//3971 3802//3973 3803//3974
f 3720//3891 3723//3894 3802//3973
f 3720//3891 3802//3973 3801//3972
f 3716//3887 3797//3968 3802//3973
f 3716//3887 3802//3973 3723//3894
f 3796//3967 3803//3974 3802//3973
f 3796//3967 3802//3973 3797//3968
f 3804//3975 3805//3976 3806//3977
f 3804//3975 3806//3977 3807//3978
f 3724//3895 3727//3898 3806//3977
f 3724//3895 3806//3977 3805//3976
f 3720//3891 3801//3972 3806//3977
f 3720//3891 3806//3977 3727//3898
f 3800//3971 3807//3978 3806//3977
f 3800//3971 3806//3977 3801//3972
f 3808//3979 3809//3980 3810//3981
f 3808//3979 3810//3981 3811//3982
f 3728//3899 3731//3902 3810//3981
f 3728//3899 3810//3981 3809//3980
f 3724//3895 3805//3976 3810//3981
f 3724//3895 3810//3981 3731//3902
f 3804//3975 3811//3982 3810//3981
f 3804//3975 3810//3981 3805//3976
f 3812//3983 3813//3984 3814//3985
f 3812//3983 3814//3985 3815//3986
f 3732//3903 3735//3906 3814//3985
f 3732//3903 3814//3985 3813//3984
f 3728//3899 3809//3980 3814//3985
f 3728//3899 3814//3985 3735//3906
f 3808//3979 3815//3986 3814//3985
f 3808//3979 3814//3985 3809//3980
f 3816//3987 3817//3988 3818//3989
f 3816//3987 3818//3989 3819//3990
f 3736//3907 3739//3910 3818//3989
f 3736//3907 3818//3989 3817//3988
f 3732//3903 3813//3984 3818//3989
f 3732//3903 3818//3989 3739//3910
f 3812//3983 3819//3990 3818//3989
f 3812//3983 3818//3989 3813//3984
f 3820//3991 3821//3992 3822//3993
f 3820//3991 3822//3993 3823//3994
f 3740//3911 3743//3914 3822//3993
f 3740//3911 3822//3993 3821//3992
f 3736//3907 3817//3988 3822//3993
f 3736//3907 3822//3993 3743//3914
f 3816//3987 3823//3994 3822//3993
f 3816//3987 3822//3993 3817//3988
f 3824//3995 3825//3996 3826//3997
f 3824//3995 3826//3997 3827//3998
f 3744//3915 3747//3918 3826//3997
f 3744//3915 3826//3997 3825//3996
f 3740//3911 3821//3992 3826//3997
f 3740//3911 3826//3997 3747//3918
f 3820//3991 3827//3998 3826//3997
f 3820//3991 3826//3997 3821//3992
f 3828//3999 3829//4000 3830//4001
f 3828//3999 3830//4001 3831//4002
f 3748//3919 3751//3922 3830//4001
f 3748//3919 3830//4001 3829//4000
f 3744//3915 3825//3996 3830//4001
f 3744//3915 3830//4001 3751//3922
f 3824//3995 3831//4002 3830//4001
f 3824//3995 3830//4001 3825//3996
f 3832//4003 3833//4004 3834//4005
f 3832//4003 3834//4005 3835//4006
f 3752//3923 3755//3926 3834//4005
f 3752//3923 3834//4005 3833//4004
f 3748//3919 3829//4000 3834//4005
f 3748//3919 3834//4005 3755//3926
f 3828//3999 3835//4006 3834//4005
f 3828//3999 3834//4005 3829//4000
f 3836//4007 3837//4008 3838//4009
f 3836//4007 3838//4009 3839//4010
f 3756//3927 3759//3930 3838//4009
f 3756//3927 3838//4009 3837//4008
f 3752//3923 3833//4004 3838//4009
f 3752//3923 3838//4009 3759//3930
f 3832//4003 3839//4010 3838//4009
f 3832//4003 3838//4009 3833//4004
f 3840//4011 3841//4012 3842//4013
f 3840//4011 3842//4013 3843//4014
f 3760//3931 3763//3934 3842//4013
f 3760//3931 3842//4013 3841//4012
f 3756//3927 3837//4008 3842//4013
f 3756//3927 3842//4013 3763//3934
f 3836//4007 3843//4014 3842//4013
f 3836//4007 3842//4013 3837//4008
f 3844//4015 3845//4016 3846//4017
f 3844//4015 3846//4017 3847//4018
f 3764//3935 3767//3938 3846//4017
f 3764//3935 3846//4017 3845//4016
f 3760//3931 3841//4012 3846//4017
f 3760//3931 3846//4017 3767//3938
f 3840//4011 3847//4018 3846//4017
f 3840//4011 3846//4017 3841//4012
f 3848//4019 3849//4020 3850//4021
f 3848//4019 3850//4021 3851//4022
f 3768//3939 3771//3942 3850//4021
f 3768//3939 3850//4021 3849//4020
f 3764//3935 3845//4016 3850//4021
f 3764//3935 3850//4021 3771//3942
f 3844//4015 3851//4022 3850//4021
f 3844//4015 3850//4021 3845//4016
f 3852//4023 3853//4024 3854//4025
f 3852//4023 3854//4025 3855//4026
f 3772//3943 3775//3946 3854//4025
f 3772//3943 3854//4025 3853//4024
f 3768//3939 3849//4020 3854//4025
f 3768//3939 3854//4025 3775//3946
f 3848//4019 3855//4026 3854//4025
f 3848//4019 3854//4025 3849//4020
f 3856//4027 3857//4028 3858//4029
f 3856//4027 3858//4029 3859//4030
f 3776//3947 3779//3950 3858//4029
f 3776//3947 3858//4029 3857//4028
f 3772//3943 3853//4024 3858//4029
f 3772//3943 3858//4029 3779//3950
f 3852//4023 3859//4030 3858//4029
f 3852//4023 3858//4029 3853//4024
f 3860//4031 3861//4032 3862//4033
f 3860//4031 3862//4033 3863//4034
f 3780//3951 3783//3954 3862//4033
f 3780//3951 3862//4033 3861//4032
f 3776//3947 3857//4028 3862//4033
f 3776//3947 3862//4033 3783//3954
f 3856//4027 3863//4034 3862//4033
f 3856//4027 3862//4033 3857//4028
f 3864//4035 3865//4036 3866//4037
f 3864//4035 3866//4037 3867//4038
f 3784//3955 3787//3958 3866//4037
f 3784//3955 3866//4037 3865//4036
f 3780//3951 3861//4032 3866//4037
f 3780//3951 3866//4037 3787//3958
f 3860//4031 3867//4038 3866//4037
f 3860//4031 3866//4037 3861//4032
f 3795//3966 3794//3965 3868//4039
f 3795//3966 3868//4039 3869//4040
f 3715//3886 3789//3960 3868//4039
f 3715//3886 3868//4039 3794//3965
f 3784//3955 3865//4036 3868//4039
f 3784//3955 3868//4039 3789//3960
f 3864//4035 3869//4040 3868//4039
f 3864//4035 3868//4039 3865//4036
f 3870//4041 3871//4042 3872//4043
f 3870//4041 3872//4043 3873//4044
f 3790//3961 3793//3964 3872//4043
f 3790//3961 3872//4043 3871//4042
f 3795//3966 3874//4045 3872//4043
f 3795//3966 3872//4043 3793//3964
f 3875//4046 3873//4044 3872//4043
f 3875//4046 3872//4043 3874//4045
f 3876//4047 3877//4048 3878//4049
f 3876//4047 3878//4049 3879//4050
f 3796//3967 3799//3970 3878//4049
f 3796//3967 3878//4049 3877//4048
f 3790//3961 3871//4042 3878//4049
f 3790//3961 3878//4049 3799//3970
f 3870//4041 3879//4050 3878//4049
f 3870//4041 3878//4049 3871//4042
f 3880//4051 3881//4052 3882//4053
f 3880//4051 3882//4053 3883//4054
f 3800//3971 3803//3974 3882//4053
f 3800//3971 3882//4053 3881//4052
f 3796//3967 3877//4048 3882//4053
f 3796//3967 3882//4053 3803//3974
f 3876//4047 3883//4054 3882//4053
f 3876//4047 3882//4053 3877//4048
f 3884//4055 3885//4056 3886//4057
f 3884//4055 3886//4057 3887//4058
f 3804//3975 3807//3978 3886//4057
f 3804//3975 3886//4057 3885//4056
f 3800//3971 3881//4052 3886//4057
f 3800//3971 3886//4057 3807//3978
f 3880//4051 3887//4058 3886//4057
f 3880//4051 3886//4057 3881//4052
f 3888//4059 3889//4060 3890//4061
f 3888//4059 3890//4061 3891//4062
f 3808//3979 3811//3982 3890//4061
f 3808//3979 3890//4061 3889//4060
f 3804//3975 3885//4056 3890//4061
f 3804//3975 3890//4061 3811//3982
f 3884//4055 3891//4062 3890//4061
f 3884//4055 3890//4061 3885//4056
f 3892//4063 3893//4064 3894//4065
f 3892//4063 3894//4065 3895//4066
f 3812//3983 3815//3986 3894//4065
f 3812//3983 3894//4065 3893//4064
f 3808//3979 3889//4060 3894//4065
f 3808//3979 3894//4065 3815//3986
f 3888//4059 3895//4066 3894//4065
f 3888//4059 3894//4065 3889//4060
f 3896//4067 3897//4068 3898//4069
f 3896//4067 3898//4069 3899//4070
f 3816//3987 3819//3990 3898//4069
f 3816//3987 3898//4069 3897//4068
f 3812//3983 3893//4064 3898//4069
f 3812//3983 3898//4069 3819//3990
f 3892//4063 3899//4070 3898//4069
f 3892//4063 3898//4069 3893//4064
f 3900//4071 3901//4072 3902//4073
f 3900//4071 3902//4073 3903//4074
f 3820//3991 3823//3994 3902//4073
f 3820//3991 3902//4073 3901//4072
f 3816//3987 3897//4068 3902//4073
f 3816//3987 3902//4073 3823//3994
f 3896//4067 3903//4074 3902//4073
f 3896//4067 3902//4073 3897//4068
f 3904//4075 3905//4076 3906//4077
f 3904//4075 3906//4077 3907//4078
f 3824//3995 3827//3998 3906//4077
f 3824//3995 3906//4077 3905//4076
f 3820//3991 3901//4072 3906//4077
f 3820//3991 3906//4077 3827//3998
f 3900//4071 3907//4078 3906//4077
f 3900//4071 3906//4077 3901//4072
f 3908//4079 3909//4080 3910//4081
f 3908//4079 3910//4081 3911//4082
f 3828//3999 3831//4002 3910//4081
f 3828//3999 3910//4081 3909//4080
f 3824//3995 3905//4076 3910//4081
f 3824//3995 3910//4081 3831//4002
f 3904//4075 3911//4082 3910//4081
f 3904//4075 3910//4081 3905//4076
f 3912//4083 3913//4084 3914//4085
f 3912//4083 3914//4085 3915//4086
f 3832//4003 3835//4006 3914//4085
f 3832//4003 3914//4085 3913//4084
f 3828//3999 3909//4080 3914//4085
f 3828//3999 3914//4085 3835//4006
f 3908//4079 3915//4086 3914//4085
f 3908//4079 3914//4085 3909//4080
f 3916//4087 3917//4088 3918//4089
f 3916//4087 3918//4089 3919//4090
f 3836//4007 3839//4010 3918//4089
f 3836//4007 3918//4089 3917//4088
f 3832//4003 3913//4084 3918//4089
f 3832//4003 3918//4089 3839//4010
f 3912//4083 3919//4090 3918//4089
f 3912//4083 3918//4089 3913//4084
f 3920//4091 3921//4092 3922//4093
f 3920//4091 3922//4093 3923//4094
f 3840//4011 3843//4014 3922//4093
f 3840//4011 3922//4093 3921//4092
f 3836//4007 3917//4088 3922//4093
f 3836//4007 3922//4093 3843//4014
f 3916//4087 3923//4094 3922//4093
f 3916//4087 3922//4093 3917//4088
f 3924//4095 3925//4096 3926//4097
f 3924//4095 3926//4097 3927//4098
f 3844//4015 3847//4018 3926//4097
f 3844//4015 3926//4097 3925//4096
f 3840//4011 3921//4092 3926//4097
f 3840//4011 3926//4097 3847//4018
f 3920//4091 3927//4098 3926//4097
f 3920//4091 3926//4097 3921//4092
f 3928//4099 3929//4100 3930//4101
f 3928//4099 3930//4101 3931//4102
f 3848//4019 3851//4022 3930//4101
f 3848//4019 3930//4101 3929//4100
f 3844//4015 3925//4096 3930//4101
f 3844//4015 3930//4101 3851//4022
f 3924//4095 3931//4102 3930//4101
f 3924//4095 3930//4101 3925//4096
f 3932//4103 3933//4104 3934//4105
f 3932//4103 3934//4105 3935//4106
f 3852//4023 3855//4026 3934//4105
f 3852//4023 3934//4105 3933//4104
f 3848//4019 3929//4100 3934//4105
f 3848//4019 3934//4105 3855//4026
f 3928//4099 3935//4106 3934//4105
f 3928//4099 3934//4105 3929//4100
f 3936//4107 3937//4108 3938//4109
f 3936//4107 3938//4109 3939//4110
f 3856//4027 3859//4030 3938//4109
f 3856//4027 3938//4109 3937//4108
f 3852//4023 3933//4104 3938//4109
f 3852//4023 3938//4109 3859//4030
f 3932//4103 3939//4110 3938//4109
f 3932//4103 3938//4109 3933//4104
f 3940//4111 3941//4112 3942//4113
f 3940//4111 3942//4113 3943//4114
f 3860//4031 3863//4034 3942//4113
f 3860//4031 3942//4113 3941//4112
f 3856//4027 3937//4108 3942//4113
f 3856//4027 3942//4113 3863//4034
f 3936//4107 3943//4114 3942//4113
f 3936//4107 3942//4113 3937//4108
f 3944//4115 3945//4116 3946//4117
f 3944//4115 3946//4117 3947//4118
f 3864//4035 3867//4038 3946//4117
f 3864//4035 3946//4117 3945//4116
f 3860//4031 3941//4112 3946//4117
f 3860//4031 3946//4117 3867//4038
f 3940//4111 3947//4118 3946//4117
f 3940//4111 3946//4117 3941//4112
f 3875//4046 3874//4045 3948//4119
f 3875//4046 3948//4119 3949//4120
f 3795//3966 3869//4040 3948//4119
f 3795//3966 3948//4119 3874//4045
f 3864//4035 3945//4116 3948//4119
f 3864//4035 3948//4119 3869//4040
f 3944//4115 3949//4120 3948//4119
f 3944//4115 3948//4119 3945//4116
f 3950//4121 3951//4122 3952//4123
f 3950//4121 3952//4123 3953//4124
f 3870//4041 3873//4044 3952//4123
f 3870//4041 3952//4123 3951//4122
f 3875//4046 3954//4125 3952//4123
f 3875//4046 3952//4123 3873//4044
f 3955//4126 3953//4124 3952//4123
f 3955//4126 3952//4123 3954//4125
f 3956//4127 3957//4128 3958//4129
f 3956//4127 3958//4129 3959//4130
f 3876//4047 3879//4050 3958//4129
f 3876//4047 3958//4129 3957//4128
f 3870//4041 3951//4122 3958//4129
f 3870//4041 3958//4129 3879//4050
f 3950//4121 3959//4130 3958//4129
f 3950//4121 3958//4129 3951//4122
f 3960//4131 3961//4132 3962//4133
f 3960//4131 3962//4133 3963//4134
f 3880//4051 3883//4054 3962//4133
f 3880//4051 3962//4133 3961//4132
f 3876//4047 3957//4128 3962//4133
f 3876//4047 3962//4133 3883//4054
f 3956//4127 3963//4134 3962//4133
f 3956//4127 3962//4133 3957//4128
f 3964//4135 3965//4136 3966//4137
f 3964//4135 3966//4137 3967//4138
f 3884//4055 3887//4058 3966//4137
f 3884//4055 3966//4137 3965//4136
f 3880//4051 3961//4132 3966//4137
f 3880//4051 3966//4137 3887//4058
f 3960//4131 3967//4138 3966//4137
f 3960//4131 3966//4137 3961//4132
f 3968//4139 3969//4140 3970//4141
f 3968//4139 3970//4141 3971//4142
f 3888//4059 3891//4062 3970//4141
f 3888//4059 3970//4141 3969//4140
f 3884//4055 3965//4136 3970//4141
f 3884//4055 3970//4141 3891//4062
f 3964//4135 3971//4142 3970//4141
f 3964//4135 3970//4141 3965//4136
f 3972//4143 3973//4144 3974//4145
f 3972//4143 3974//4145 3975//4146
f 3892//4063 3895//4066 3974//4145
f 3892//4063 3974//4145 3973//4144
f 3888//4059 3969//4140 3974//4145
f 3888//4059 3974//4145 3895//4066
f 3968//4139 3975//4146 3974//4145
f 3968//4139 3974//4145 3969//4140
f 3976//4147 3977//4148 3978//4149
f 3976//4147 3978//4149 3979//4150
f 3896//4067 3899//4070 3978//4149
f 3896//4067 3978//4149 3977//4148
f 3892//4063 3973//4144 3978//4149
f 3892//4063 3978//4149 3899//4070
f 3972//4143 3979//4150 3978//4149
f 3972//4143 3978//4149 3973//4144
f 3980//4151 3981//4152 3982//4153
f 3980//4151 3982//4153 3983//4154
f 3900//4071 3903//4074 3982//4153
f 3900//4071 3982//4153 3981//4152
f 3896//4067 3977//4148 3982//4153
f 3896//4067 3982//4153 3903//4074
f 3976//4147 3983//4154 3982//4153
f 3976//4147 3982//4153 3977//4148
f 3984//4155 3985//4156 3986//4157
f 3984//4155 3986//4157 3987//4158
f 3904//4075 3907//4078 3986//4157
f 3904//4075 3986//4157 3985//4156
f 3900//4071 3981//4152 3986//4157
f 3900//4071 3986//4157 3907//4078
f 3980//4151 3987//4158 3986//4157
f 3980//4151 3986//4157 3981//4152
f 3988//4159 3989//4160 3990//4161
f 3988//4159 3990//4161 3991//4162
f 3908//4079 3911//4082 3990//4161
f 3908//4079 3990//4161 3989//4160
f 3904//4075 3985//4156 3990//4161
f 3904//4075 3990//4161 3911//4082
f 3984//4155 3991//4162 3990//4161
f 3984//4155 3990//4161 3985//4156
f 3992//4163 3993//4164 3994//4165
f 3992//4163 3994//4165 3995//4166
f 3912//4083 3915//4086 3994//4165
f 3912//4083 3994//4165 3993//4164
f 3908//4079 3989//4160 3994//4165
f 3908//4079 3994//4165 3915//4086
f 3988//4159 3995//4166 3994//4165
f 3988//4159 3994//4165 3989//4160
f 3996//4167 3997//4168 3998//4169
f 3996//4167 3998//4169 3999//4170
f 3916//4087 3919//4090 3998//4169
f 3916//4087 3998//4169 3997//4168
f 3912//4083 3993//4164 3998//4169
f 3912//4083 3998//4169 3919//4090
f 3992//4163 3999//4170 3998//4169
f 3992//4163 3998//4169 3993//4164
f 4000//4171 4001//4172 4002//4173
f 4000//4171 4002//4173 4003//4174
f 3920//4091 3923//4094 4002//4173
f 3920//4091 4002//4173 4001//4172
f 3916//4087 3997//4168 4002//4173
f 3916//4087 4002//4173 3923//4094
f 3996//4167 4003//4174 4002//4173
f 3996//4167 4002//4173 3997//4168
f 4004//4175 4005//4176 4006//4177
f 4004//4175 4006//4177 4007//4178
f 3924//4095 3927//4098 4006//4177
f 3924//4095 4006//4177 4005//4176
f 3920//4091 4001//4172 4006//4177
f 3920//4091 4006//4177 3927//4098
f 4000//4171 4007//4178 4006//4177
f 4000//4171 4006//4177 4001//4172
f 4008//4179 4009//4180 4010//4181
f 4008//4179 4010//4181 4011//4182
f 3928//4099 3931//4102 4010//4181
f 3928//4099 4010//4181 4009//4180
f 3924//4095 4005//4176 4010//4181
f 3924//4095 4010//4181 3931//4102
f 4004//4175 4011//4182 4010//4181
f 4004//4175 4010//4181 4005//4176
f 4012//4183 4013//4184 4014//4185
f 4012//4183 4014//4185 4015//4186
f 3932//4103 3935//4106 4014//4185
f 3932//4103 4014//4185 4013//4184
f 3928//4099 4009//4180 4014//4185
f 3928//4099 4014//4185 3935//4106
f 4008//4179 4015//4186 4014//4185
f 4008//4179 4014//4185 4009//4180
f 4016//4187 4017//4188 4018//4189
f 4016//4187 4018//4189 4019//4190
f 3936//4107 3939//4110 4018//4189
f 3936//4107 4018//4189 4017//4188
f 3932//4103 4013//4184 4018//4189
f 3932//4103 4018//4189 3939//4110
f 4012//4183 4019//4190 4018//4189
f 4012//4183 4018//4189 4013//4184
f 4020//4191 4021//4192 4022//4193
f 4020//4191 4022//4193 4023//4194
f 3940//4111 3943//4114 4022//4193
f 3940//4111 4022//4193 4021//4192
f 3936//4107 4017//4188 4022//4193
f 3936//4107 4022//4193 3943//4114
f 4016//4187 4023//4194 4022//4193
f 4016//4187 4022//4193 4017//4188
f 4024//4195 4025//4196 4026//4197
f 4024//4195 4026//4197 4027//4198
f 3944//4115 3947//4118 4026//4197
f 3944//4115 4026//4197 4025//4196
f 3940//4111 4021//4192 4026//4197
f 3940//4111 4026//4197 3947//4118
f 4020//4191 4027//4198 4026//4197
f 4020//4191 4026//4197 4021//4192
f 3955//4126 3954//4125 4028//4199
f 3955//4126 4028//4199 4029//4200
f 3875//4046 3949//4120 4028//4199
f 3875//4046 4028//4199 3954//4125
f 3944//4115 4025//4196 4028//4199
f 3944//4115 4028//4199 3949//4120
f 4024//4195 4029//4200 4028//4199
f 4024//4195 4028//4199 4025//4196
f 4030//4201 4031//4202 4032//4203
f 4030//4201 4032//4203 4033//4204
f 3950//4121 3953//4124 4032//4203
f 3950//4121 4032//4203 4031//4202
f 3955//4126 4034//4205 4032//4203
f 3955//4126 4032//4203 3953//4124
f 4035//4206 4033//4204 4032//4203
f 4035//4206 4032//4203 4034//4205
f 4036//4207 4037//4208 4038//4209
f 4036//4207 4038//4209 4039//4210
f 3956//4127 3959//4130 4038//4209
f 3956//4127 4038//4209 4037//4208
f 3950//4121 4031//4202 4038//4209
f 3950//4121 4038//4209 3959//4130
f 4030//4201 4039//4210 4038//4209
f 4030//4201 4038//4209 4031//4202
f 4040//4211 4041//4212 4042//4213
f 4040//4211 4042//4213 4043//4214
f 3960//4131 3963//4134 4042//4213
f 3960//4131 4042//4213 4041//4212
f 3956//4127 4037//4208 4042//4213
f 3956//4127 4042//4213 3963//4134
f 4036//4207 4043//4214 4042//4213
f 4036//4207 4042//4213 4037//4208
f 4044//4215 4045//4216 4046//4217
f 4044//4215 4046//4217 4047//4218
f 3964//4135 3967//4138 4046//4217
f 3964//4135 4046//4217 4045//4216
f 3960//4131 4041//4212 4046//4217
f 3960//4131 4046//4217 3967//4138
f 4040//4211 4047//4218 4046//4217
f 4040//4211 4046//4217 4041//4212
f 4048//4219 4049//4220 4050//4221
f 4048//4219 4050//4221 4051//4222
f 3968//4139 3971//4142 4050//4221
f 3968//4139 4050//4221 4049//4220
f 3964//4135 4045//4216 4050//4221
f 3964//4135 4050//4221 3971//4142
f 4044//4215 4051//4222 4050//4221
f 4044//4215 4050//4221 4045//4216
f 4052//4223 4053//4224 4054//4225
f 4052//4223 4054//4225 4055//4226
f 3972//4143 3975//4146 4054//4225
f 3972//4143 4054//4225 4053//4224
f 3968//4139 4049//4220 4054//4225
f 3968//4139 4054//4225 3975//4146
f 4048//4219 4055//4226 4054//4225
f 4048//4219 4054//4225 4049//4220
f 4056//4227 4057//4228 4058//4229
f 4056//4227 4058//4229 4059//4230
f 3976//4147 3979//4150 4058//4229
f 3976//4147 4058//4229 4057//4228
f 3972//4143 4053//4224 4058//4229
f 3972//4143 4058//4229 3979//4150
f 4052//4223 4059//4230 4058//4229
f 4052//4223 4058//4229 4053//4224
f 4060//4231 4061//4232 4062//4233
f 4060//4231 4062//4233 4063//4234
f 3980//4151 3983//4154 4062//4233
f 3980//4151 4062//4233 4061//4232
f 3976//4147 4057//4228 4062//4233
f 3976//4147 4062//4233 3983//4154
f 4056//4227 4063//4234 4062//4233
f 4056//4227 4062//4233 4057//4228
f 4064//4235 4065//4236 4066//4237
f 4064//4235 4066//4237 4067//4238
f 3984//4155 3987//4158 4066//4237
f 3984//4155 4066//4237 4065//4236
f 3980//4151 4061//4232 4066//4237
f 3980//4151 4066//4237 3987//4158
f 4060//4231 4067//4238 4066//4237
f 4060//4231 4066//4237 4061//4232
f 4068//4239 4069//4240 4070//4241
f 4068//4239 4070//4241 4071//4242
f 3988//4159 3991//4162 4070//4241
f 3988//4159 4070//4241 4069//4240
f 3984//4155 4065//4236 4070//4241
f 3984//4155 4070//4241 3991//4162
f 4064//4235 4071//4242 4070//4241
f 4064//4235 4070//4241 4065//4236
f 4072//4243 4073//4244 4074//4245
f 4072//4243 4074//4245 4075//4246
f 3992//4163 3995//4166 4074//4245
f 3992//4163 4074//4245 4073//4244
f 3988//4159 4069//4240 4074//4245
f 3988//4159 4074//4245 3995//4166
f 4068//4239 4075//4246 4074//4245
f 4068//4239 4074//4245 4069//4240
f 4076//4247 4077//4248 4078//4249
f 4076//4247 4078//4249 4079//4250
f 3996//4167 3999//4170 4078//4249
f 3996//4167 4078//4249 4077//4248
f 3992//4163 4073//4244 4078//4249
f 3992//4163 4078//4249 3999//4170
f 4072//4243 4079//4250 4078//4249
f 4072//4243 4078//4249 4073//4244
f 4080//4251 4081//4252 4082//4253
f 4080//4251 4082//4253 4083//4254
f 4000//4171 4003//4174 4082//4253
f 4000//4171 4082//4253 4081//4252
f 3996//4167 4077//4248 4082//4253
f 3996//4167 4082//4253 4003//4174
f 4076//4247 4083//4254 4082//4253
f 4076//4247 4082//4253 4077//4248
f 4084//4255 4085//4256 4086//4257
f 4084//4255 4086//4257 4087//4258
f 4004//4175 4007//4178 4086//4257
f 4004//4175 4086//4257 4085//4256
f 4000//4171 4081//4252 4086//4257
f 4000//4171 4086//4257 4007//4178
f 4080//4251 4087//4258 4086//4257
f 4080//4251 4086//4257 4081//4252
f 4088//4259 4089//4260 4090//4261
f 4088//4259 4090//4261 4091//4262
f 4008//4179 4011//4182 4090//4261
f 4008//4179 4090//4261 4089//4260
f 4004//4175 4085//4256 4090//4261
f 4004//4175 4090//4261 4011//4182
f 4084//4255 4091//4262 4090//4261
f 4084//4255 4090//4261 4085//4256
f 4092//4263 4093//4264 4094//4265
f 4092//4263 4094//4265 4095//4266
f 4012//4183 4015//4186 4094//4265
f 4012//4183 4094//4265 4093//4264
f 4008//4179 4089//4260 4094//4265
f 4008//4179 4094//4265 4015//4186
f 4088//4259 4095//4266 4094//4265
f 4088//4259 4094//4265 4089//4260
f 4096//4267 4097//4268 4098//4269
f 4096//4267 4098//4269 4099//4270
f 4016//4187 4019//4190 4098//4269
f 4016//4187 4098//4269 4097//4268
f 4012//4183 4093//4264 4098//4269
f 4012//4183 4098//4269 4019//4190
f 4092//4263 4099//4270 4098//4269
f 4092//4263 4098//4269 4093//4264
f 4100//4271 4101//4272 4102//4273
f 4100//4271 4102//4273 4103//4274
f 4020//4191 4023//4194 4102//4273
f 4020//4191 4102//4273 4101//4272
f 4016//4187 4097//4268 4102//4273
f 4016//4187 4102//4273 4023//4194
f 4096//4267 4103//4274 4102//4273
f 4096//4267 4102//4273 4097//4268
f 4104//4275 4105//4276 4106//4277
f 4104//4275 4106//4277 4107//4278
f 4024//4195 4027//4198 4106//4277
f 4024//4195 4106//4277 4105//4276
f 4020//4191 4101//4272 4106//4277
f 4020//4191 4106//4277 4027//4198
f 4100//4271 4107//4278 4106//4277
f 4100//4271 4106//4277 4101//4272
f 4035//4206 4034//4205 4108//4279
f 4035//4206 4108//4279 4109//4280
f 3955//4126 4029//4200 4108//4279
f 3955//4126 4108//4279 4034//4205
f 4024//4195 4105//4276 4108//4279
f 4024//4195 4108//4279 4029//4200
f 4104//4275 4109//4280 4108//4279
f 4104//4275 4108//4279 4105//4276
f 4110//4281 4111//4282 4112//4283
f 4110//4281 4112//4283 4113//4284
f 4030//4201 4033//4204 4112//4283
f 4030//4201 4112//4283 4111//4282
f 4035//4206 4113//4284 4112//4283
f 4035//4206 4112//4283 4033//4204
f 4110//4281 4114//4285 4115//4286
f 4110//4281 4115//4286 4111//4282
f 4036//4207 4039//4210 4115//4286
f 4036//4207 4115//4286 4114//4285
f 4030//4201 4111//4282 4115//4286
f 4030//4201 4115//4286 4039//4210
f 4110//4281 4116//4287 4117//4288
f 4110//4281 4117//4288 4114//4285
f 4040//4211 4043//4214 4117//4288
f 4040//4211 4117//4288 4116//4287
f 4036//4207 4114//4285 4117//4288
f 4036//4207 4117//4288 4043//4214
f 4110//4281 4118//4289 4119//4290
f 4110//4281 4119//4290 4116//4287
f 4044//4215 4047//4218 4119//4290
f 4044//4215 4119//4290 4118//4289
f 4040//4211 4116//4287 4119//4290
f 4040//4211 4119//4290 4047//4218
f 4110//4281 4120//4291 4121//4292
f 4110//4281 4121//4292 4118//4289
f 4048//4219 4051//4222 4121//4292
f 4048//4219 4121//4292 4120//4291
f 4044//4215 4118//4289 4121//4292
f 4044//4215 4121//4292 4051//4222
f 4110//4281 4122//4293 4123//4294
f 4110//4281 4123//4294 4120//4291
f 4052//4223 4055//4226 4123//4294
f 4052//4223 4123//4294 4122//4293
f 4048//4219 4120//4291 4123//4294
f 4048//4219 4123//4294 4055//4226
f 4110//4281 4124//4295 4125//4296
f 4110//4281 4125//4296 4122//4293
f 4056//4227 4059//4230 4125//4296
f 4056//4227 4125//4296 4124//4295
f 4052//4223 4122//4293 4125//4296
f 4052//4223 4125//4296 4059//4230
f 4110//4281 4126//4297 4127//4298
f 4110//4281 4127//4298 4124//4295
f 4060//4231 4063//4234 4127//4298
f 4060//4231 4127//4298 4126//4297
f 4056//4227 4124//4295 4127//4298
f 4056//4227 4127//4298 4063//4234
f 4110//4281 4128//4299 4129//4300
f 4110//4281 4129//4300 4126//4297
f 4064//4235 4067//4238 4129//4300
f 4064//4235 4129//4300 4128//4299
f 4060//4231 4126//4297 4129//4300
f 4060//4231 4129//4300 4067//4238
f 4110//4281 4130//4301 4131//4302
f 4110//4281 4131//4302 4128//4299
f 4068//4239 4071//4242 4131//4302
f 4068//4239 4131//4302 4130//4301
f 4064//4235 4128//4299 4131//4302
f 4064//4235 4131//4302 4071//4242
f 4110//4281 4132//4303 4133//4304
f 4110//4281 4133//4304 4130//4301
f 4072//4243 4075//4246 4133//4304
f 4072//4243 4133//4304 4132//4303
f 4068//4239 4130//4301 4133//4304
f 4068//4239 4133//4304 4075//4246
f 4110//4281 4134//4305 4135//4306
f 4110//4281 4135//4306 4132//4303
f 4076//4247 4079//4250 4135//4306
f 4076//4247 4135//4306 4134//4305
f 4072//4243 4132//4303 4135//4306
f 4072//4243 4135//4306 4079//4250
f 4110//4281 4136//4307 4137//4308
f 4110//4281 4137//4308 4134//4305
f 4080//4251 4083//4254 4137//4308
f 4080//4251 4137//4308 4136//4307
f 4076//4247 4134//4305 4137//4308
f 4076//4247 4137//4308 4083//4254
f 4110//4281 4138//4309 4139//4310
f 4110//4281 4139//4310 4136//4307
f 4084//4255 4087//4258 4139//4310
f 4084//4255 4139//4310 4138//4309
f 4080//4251 4136//4307 4139//4310
f 4080//4251 4139//4310 4087//4258
f 4110//4281 4140//4311 4141//4312
f 4110//4281 4141//4312 4138//4309
f 4088//4259 4091//4262 4141//4312
f 4088//4259 4141//4312 4140//4311
f 4084//4255 4138//4309 4141//4312
f 4084//4255 4141//4312 4091//4262
f 4110//4281 4142//4313 4143//4314
f 4110//4281 4143//4314 4140//4311
f 4092//4263 4095//4266 4143//4314
f 4092//4263 4143//4314 4142//4313
f 4088//4259 4140//4311 4143//4314
f 4088//4259 4143//4314 4095//4266
f 4110//4281 4144//4315 4145//4316
f 4110//4281 4145//4316 4142//4313
f 4096//4267 4099//4270 4145//4316
f 4096//4267 4145//4316 4144//4315
f 4092//4263 4142//4313 4145//4316
f 4092//4263 4145//4316 4099//4270
f 4110//4281 4146//4317 4147//4318
f 4110//4281 4147//4318 4144//4315
f 4100//4271 4103//4274 4147//4318
f 4100//4271 4147//4318 4146//4317
f 4096//4267 4144//4315 4147//4318
f 4096//4267 4147//4318 4103//4274
f 4110//4281 4148//4319 4149//4320
f 4110//4281 4149//4320 4146//4317
f 4104//4275 4107//4278 4149//4320
f 4104//4275 4149//4320 4148//4319
f 4100//4271 4146//4317 4149//4320
f 4100//4271 4149//4320 4107//4278
f 4110//4281 4113//4284 4150//4321
f 4110//4281 4150//4321 4148//4319
f 4035//4206 4109//4280 4150//4321
f 4035//4206 4150//4321 4113//4284
f 4104//4275 4148//4319 4150//4321
f 4104//4275 4150//4321 4109//4280
f 4209//4322 4208//4323 783//772
f 4201//4324 4542//4325 4202//4326
f 4240//4327 4243//4328 4239//4329
f 4239//4329 4242//4330 4240//4327
f 4218//4331 4171//4332 752//754
f 2253//4333 2252//3222 4225//4334
f 4730//4335 4750//4336 4732//4337
f 794//848 4246//4338 4245//4339 4244//4340
f 4198//4341 4194//4342 4195//4343 4196//4344
f 4242//4330 4239//4329 4238//4345 4241//4346
f 4324//4347 4244//4340 4245//4339 4246//4338
f 795//799 794//848 4244//4340 4243//4328
f 4246//4338 794//848 793//847 4199//4348
f 784//789 783//772 4208//4323 4207//4349
f 4209//4322 783//772 782//787 4210//4350
f 774//785 4151//4351 4217//4352 775//786
f 4218//4331 752//754 751//782 4219//4353
f 4221//4354 4191//4355 4192//4356 4222//4357
f 4225//4334 4224//4358 4196//4344 4197//4359
f 4224//4358 4223//4360 4198//4341 4196//4344
f 4193//4361 4194//4342 4198//4341 4223//4360
f 4222//4357 4192//4356 4193//4361 4223//4360
f 4197//4359 1792//4362 2253//4333 4225//4334
f 4242//4330 4241//4346 798//801 4240//4327
f 4199//4348 793//847 792//843 4200//4363
f 4200//4363 792//843 791//793 4201//4324
f 4201//4324 791//793 790//776 4542//4325
f 4542//4325 790//776 789//791 4202//4326
f 789//791 788//841 4203//4364 4202//4326
f 788//841 787//839 4204//4365 4203//4364
f 787//839 786//837 4205//4366 4204//4365
f 786//837 785//835 4206//4367 4205//4366
f 785//835 784//789 4207//4349 4206//4367
f 4210//4350 782//787 781//833 4211//4368
f 4211//4368 781//833 780//831 4212//4369
f 4212//4369 780//831 779//829 4213//4370
f 4213//4370 779//829 778//827 4214//4371
f 4214//4371 778//827 777//825 4215//4372
f 4215//4372 777//825 776//823 4216//4373
f 4216//4373 776//823 775//786 4217//4352
f 4151//4351 4152//4374 4543//4375 4217//4352
f 4152//4374 4153//4376 4544//4377 4543//4375
f 4153//4376 4154//4378 4281//4379 4544//4377
f 4154//4378 4155//4380 4545//4381 4281//4379
f 4219//4353 751//782 750//820 4220//4382
f 750//820 749//780 4546//4383 4220//4382
f 4546//4383 749//780 37//38 4172//4384
f 4546//4383 4172//4384 4173//4385 4220//4382
f 4173//4385 4174//4386 4253//4387 4220//4382
f 4190//4388 4191//4355 4221//4354 4333//4389
f 2251//3228 4224//4358 4225//4334 2252//3222
f 2251//3228 2250//2360 4226//4390 4224//4358
f 2250//2360 2249//2361 4227//4391 4226//4390
f 4227//4391 2249//2361 2248//2362 4228//4392
f 4228//4392 2248//2362 2247//3274 2246//2366
f 2246//2366 2245//2368 4229//4393 4228//4392
f 2245//2368 2244//2370 4230//4394 4229//4393
f 4230//4394 2244//2370 2243//2372 4231//4395
f 2243//2372 2242//4396 4547//4397 4231//4395
f 4547//4397 2242//4396 2241//2376 4548//4398
f 2241//2376 2240//2378 4549//4399 4548//4398
f 4549//4399 2240//2378 2239//2380 4233//4400
f 2239//2380 2238//2303 4234//4401 4233//4400
f 4234//4401 2238//2303 2237//4402 4235//4403
f 2237//4402 2236//3217 4550//4404 4235//4403
f 4550//4404 2236//3217 2235//2297 4551//4405
f 2235//2297 2234//4406 4552//4407 4551//4405
f 4552//4407 2234//4406 2233//2293 4237//4408
f 2233//2293 2232//4409 4238//4345 4237//4408
f 2232//4409 2231//4410 4241//4346 4238//4345
f 4241//4346 2231//4410 2230//2284 798//801
f 4240//4327 798//801 797//797 796//796
f 796//796 795//799 4243//4328 4240//4327
f 4324//4347 4246//4338 4199//4348 4553//4411
f 4553//4411 4199//4348 4200//4363 4554//4412
f 4554//4412 4200//4363 4201//4324 4555//4413
f 4555//4413 4201//4324 4202//4326 4556//4414
f 4556//4414 4202//4326 4203//4364 4557//4415
f 4557//4415 4203//4364 4204//4365 4558//4416
f 4558//4416 4204//4365 4205//4366 4296//4417
f 4296//4417 4205//4366 4206//4367 4559//4418
f 4559//4418 4206//4367 4207//4349 4560//4419
f 4207//4349 4208//4323 4250//4420 4560//4419
f 4250//4420 4208//4323 4209//4322 4210//4350
f 4223//4360 4224//4358 4226//4390 4561//4421
f 4561//4421 4226//4390 4227//4391 4280//4422
f 4280//4422 4227//4391 4228//4392 4562//4423
f 4562//4423 4228//4392 4229//4393 4563//4424
f 4563//4424 4229//4393 4230//4394 4564//4425
f 4564//4425 4230//4394 4231//4395 4565//4426
f 4549//4399 4233//4400 4232//4427 4548//4398
f 4232//4427 4231//4395 4547//4397 4548//4398
f 4565//4426 4231//4395 4232//4427 4566//4428
f 4566//4428 4232//4427 4233//4400 4567//4429
f 4567//4429 4233//4400 4234//4401 4568//4430
f 4568//4430 4234//4401 4235//4403 4569//4431
f 4552//4407 4237//4408 4236//4432 4551//4405
f 4236//4432 4235//4403 4550//4404 4551//4405
f 4235//4403 4236//4432 4360//4433 4569//4431
f 4236//4432 4237//4408 4570//4434 4360//4433
f 4237//4408 4238//4345 4602//4435 4570//4434
f 4571//4436 4238//4345 4239//4329 4243//4328
f 4243//4328 4244//4340 4324//4347 4571//4436
f 4572//4437 4189//4438 4190//4388 4333//4389
f 4573//4439 4216//4373 4217//4352 4543//4375
f 4215//4372 4216//4373 4573//4439 4256//4440
f 4214//4371 4215//4372 4256//4440 4269//4441
f 4213//4370 4214//4371 4269//4441 4574//4442
f 4212//4369 4213//4370 4574//4442 4575//4443
f 4211//4368 4212//4369 4575//4443 4576//4444
f 4210//4350 4211//4368 4576//4444 4577//4445
f 4578//4446 4219//4353 4220//4382 4253//4387
f 4579//4447 4218//4331 4219//4353 4578//4446
f 4171//4332 4218//4331 4579//4447 4170//4448
f 4222//4357 4223//4360 4561//4421 4580//4449
f 4581//4450 4221//4354 4222//4357 4580//4449
f 4582//4451 4156//4452 4157//4453 4283//4454
f 4283//4454 4157//4453 4158//4455 4316//4456
f 4316//4456 4158//4455 4159//4457 4364//4458
f 4159//4457 4160//4459 4583//4460 4364//4458
f 4161//4461 4162//4462 4308//4463 4584//4464
f 4165//4465 4166//4466 4289//4467 4585//4468
f 4167//4469 4168//4470 4317//4471 4586//4472
f 4295//4473 4178//4474 4179//4475 4309//4476
f 4587//4477 4182//4478 4183//4479 4365//4480
f 4185//4481 4186//4482 4361//4483 4588//4484
f 4186//4482 4187//4485 4589//4486 4361//4483
f 4187//4485 4188//4487 4312//4488 4589//4486
f 4162//4462 4163//4489 4307//4490 4308//4463
f 4179//4475 4180//4491 4310//4492 4309//4476
f 4170//4448 4579//4447 4263//4493 4169//4494
f 4176//4495 4291//4496 4590//4497 4175//4498
f 4178//4474 4295//4473 4294//4499 4177//4500
f 4579//4447 4578//4446 4254//4501 4263//4493
f 4580//4449 4561//4421 4280//4422 4591//4502
f 4543//4375 4544//4377 4592//4503 4573//4439
f 4544//4377 4281//4379 4593//4504 4592//4503
f 4578//4446 4253//4387 4266//4505 4254//4501
f 4253//4387 4174//4386 4284//4506 4266//4505
f 4591//4502 4280//4422 4562//4423 4594//4507
f 4594//4507 4562//4423 4563//4424 4278//4508
f 4278//4508 4563//4424 4564//4425 4595//4509
f 4595//4509 4564//4425 4565//4426 4300//4510
f 4281//4379 4545//4381 4596//4511 4593//4504
f 4300//4510 4565//4426 4566//4428 4597//4512
f 4597//4512 4566//4428 4567//4429 4301//4513
f 4301//4513 4567//4429 4568//4430 4299//4514
f 4299//4514 4568//4430 4569//4431 4598//4515
f 4569//4431 4360//4433 4599//4516 4598//4515
f 4360//4433 4570//4434 4600//4517 4599//4516
f 4570//4434 4602//4435 4601//4518 4600//4517
f 4571//4436 4601//4518 4602//4435 4238//4345
f 4189//4438 4572//4437 4311//4519 4188//4487
f 4250//4420 4210//4350 4577//4445 4249//4520
f 4333//4389 4221//4354 4581//4450 4334//4521
f 4156//4452 4582//4451 4282//4522 4155//4380
f 4160//4459 4161//4461 4584//4464 4583//4460
f 4165//4465 4585//4468 4328//4523 4164//4524
f 4167//4469 4586//4472 4290//4525 4166//4466
f 4182//4478 4587//4477 4332//4526 4181//4527
f 4185//4481 4588//4484 4326//4528 4184//4529
f 4312//4488 4188//4487 4311//4519 4603//4530
f 4256//4440 4573//4439 4592//4503 4255//4531
f 4268//4532 4269//4441 4256//4440 4255//4531
f 4574//4442 4269//4441 4268//4532 4270//4533
f 4575//4443 4574//4442 4270//4533 4271//4534
f 4576//4444 4575//4443 4271//4534 4272//4535
f 4577//4445 4576//4444 4272//4535 4273//4536
f 4560//4419 4250//4420 4249//4520 4604//4537
f 4581//4450 4580//4449 4591//4502 4261//4538
f 4559//4418 4560//4419 4604//4537 4274//4539
f 4296//4417 4559//4418 4274//4539 4605//4540
f 4589//4486 4312//4488 4603//4530 4606//4541
f 4361//4483 4589//4486 4606//4541 4394//4542
f 4607//4543 4177//4500 4294//4499 4644//4544
f 4607//4543 4291//4496 4176//4495 4177//4500
f 4267//4545 4558//4416 4296//4417 4605//4540
f 4557//4415 4558//4416 4267//4545 4297//4546
f 4352//4547 4556//4414 4557//4415 4297//4546
f 4302//4548 4555//4413 4556//4414 4352//4547
f 4303//4549 4554//4412 4555//4413 4302//4548
f 4376//4550 4553//4411 4554//4412 4303//4549
f 4608//4551 4324//4347 4553//4411 4376//4550
f 4377//4552 4571//4436 4324//4347 4608//4551
f 4609//4553 4163//4489 4164//4524 4328//4523
f 4610//4554 4181//4527 4332//4526 4646//4555
f 4610//4554 4310//4492 4180//4491 4181//4527
f 4572//4437 4333//4389 4334//4521 4335//4556
f 4545//4381 4155//4380 4282//4522 4596//4511
f 4284//4506 4174//4386 4175//4498 4590//4497
f 4364//4458 4583//4460 4611//4557 4612//4558
f 4349//4559 4316//4456 4364//4458 4612//4558
f 4613//4560 4283//4454 4316//4456 4349//4559
f 4262//4561 4582//4451 4283//4454 4613//4560
f 4289//4467 4166//4466 4290//4525 4614//4562
f 4615//4563 4585//4468 4289//4467 4614//4562
f 4616//4564 4617//4565 4169//4494 4263//4493
f 4617//4565 4317//4471 4168//4470 4169//4494
f 4618//4566 4183//4479 4184//4529 4326//4528
f 4588//4484 4361//4483 4394//4542 4327//4567
f 4288//4568 4586//4472 4317//4471 4619//4569
f 4620//4570 4295//4473 4309//4476 4621//4571
f 4366//4572 4587//4477 4365//4480 4622//4573
f 4584//4464 4308//4463 4623//4574 4306//4575
f 4583//4460 4584//4464 4306//4575 4611//4557
f 4616//4564 4263//4493 4254//4501 4624//4576
f 4249//4520 4577//4445 4273//4536 4493//4577
f 4601//4518 4571//4436 4377//4552 4325//4578
f 4255//4531 4592//4503 4593//4504 4625//4579
f 4624//4576 4254//4501 4266//4505 4247//4580
f 4593//4504 4596//4511 4314//4581 4625//4579
f 4308//4463 4307//4490 4626//4582 4623//4574
f 4621//4571 4309//4476 4310//4492 4627//4583
f 4247//4580 4266//4505 4284//4506 4628//4584
f 4261//4538 4591//4502 4594//4507 4338//4585
f 4338//4585 4594//4507 4278//4508 4629//4586
f 4629//4586 4278//4508 4595//4509 4437//4587
f 4437//4587 4595//4509 4300//4510 4438//4588
f 4438//4588 4300//4510 4597//4512 4630//4589
f 4630//4589 4597//4512 4301//4513 4440//4590
f 4440//4590 4301//4513 4299//4514 4447//4591
f 4447//4591 4299//4514 4598//4515 4444//4592
f 4444//4592 4598//4515 4599//4516 4631//4593
f 4599//4516 4600//4517 4632//4594 4631//4593
f 4600//4517 4601//4518 4325//4578 4632//4594
f 4311//4519 4572//4437 4335//4556 4337//4595
f 4334//4521 4581//4450 4261//4538 4336//4596
f 4582//4451 4262//4561 4313//4597 4282//4522
f 4596//4511 4282//4522 4313//4597 4314//4581
f 4586//4472 4288//4568 4633//4598 4290//4525
f 4587//4477 4366//4572 4634//4599 4332//4526
f 4588//4484 4327//4567 4635//4600 4326//4528
f 4284//4506 4590//4497 4264//4601 4628//4584
f 4264//4601 4590//4497 4291//4496 4636//4602
f 4295//4473 4620//4570 4644//4544 4294//4499
f 4321//4603 4268//4532 4255//4531 4625//4579
f 4270//4533 4268//4532 4321//4603 4320//4604
f 4271//4534 4270//4533 4320//4604 4638//4605
f 4272//4535 4271//4534 4638//4605 4639//4606
f 4298//4607 4273//4536 4272//4535 4639//4606
f 4603//4530 4311//4519 4337//4595 4279//4608
f 4606//4541 4603//4530 4279//4608 4340//4609
f 4394//4542 4606//4541 4340//4609 4640//4610
f 4641//4611 4619//4569 4317//4471 4617//4565
f 4641//4611 4617//4565 4616//4564 4624//4576
f 4368//4612 4327//4567 4394//4542 4640//4610
f 4335//4556 4334//4521 4336//4596 4642//4613
f 4643//4614 4644//4544 4620//4570 4637//4615
f 4644//4544 4643//4614 4645//4616 4607//4543
f 4614//4562 4290//4525 4633//4598 4647//4617
f 4265//4618 4615//4563 4614//4562 4647//4617
f 4585//4468 4615//4563 4329//4619 4328//4523
f 4378//4620 4618//4566 4326//4528 4635//4600
f 4365//4480 4183//4479 4618//4566 4378//4620
f 4622//4573 4365//4480 4378//4620 4362//4621
f 4604//4537 4249//4520 4493//4577 4541//4622
f 4274//4539 4604//4537 4541//4622 4490//4623
f 4323//4624 4605//4540 4274//4539 4490//4623
f 4648//4625 4267//4545 4605//4540 4323//4624
f 4373//4626 4297//4546 4267//4545 4648//4625
f 4371//4627 4352//4547 4297//4546 4373//4626
f 4649//4628 4302//4548 4352//4547 4371//4627
f 4650//4629 4303//4549 4302//4548 4649//4628
f 4354//4630 4376//4550 4303//4549 4650//4629
f 4651//4631 4608//4551 4376//4550 4354//4630
f 4355//4632 4377//4552 4608//4551 4651//4631
f 4652//4633 4658//4634 4666//4635
f 4653//4636 4288//4568 4619//4569 4652//4633
f 4318//4637 4620//4570 4621//4571 4654//4638
f 4370//4639 4613//4560 4349//4559 4655//4640
f 4655//4640 4349//4559 4612//4558 4656//4641
f 4612//4558 4611//4557 4331//4642 4656//4641
f 4657//4643 4262//4561 4613//4560 4370//4639
f 4307//4490 4163//4489 4609//4553 4305//4644
f 4410//4645 4366//4572 4622//4573 4304//4646
f 4380//4647 4306//4575 4623//4574 4678//4648
f 4331//4642 4611//4557 4306//4575 4380//4647
f 4641//4611 4624//4576 4247//4580 4658//4634
f 4619//4569 4641//4611 4658//4634 4652//4633
f 4643//4614 4637//4615 4293//4649 4645//4616
f 4623//4574 4626//4582 4659//4650 4678//4648
f 4654//4638 4621//4571 4627//4583 4660//4651
f 4336//4596 4261//4538 4338//4585 4251//4652
f 4251//4652 4338//4585 4629//4586 4341//4653
f 4341//4653 4629//4586 4437//4587 4661//4654
f 4329//4619 4615//4563 4265//4618 4408//4655
f 4626//4582 4307//4490 4305//4644 4662//4656
f 4305//4644 4609//4553 4663//4657 4662//4656
f 4327//4567 4368//4612 4379//4658 4635//4600
f 4362//4621 4378//4620 4635//4600 4379//4658
f 4328//4523 4329//4619 4663//4657 4609//4553
f 4262//4561 4657//4643 4348//4659 4313//4597
f 4637//4615 4620//4570 4318//4637 4664//4660
f 4325//4578 4377//4552 4355//4632 4632//4594
f 4634//4599 4366//4572 4410//4645 4383//4661
f 4661//4654 4437//4587 4438//4588 4441//4662
f 4441//4662 4438//4588 4630//4589 4439//4663
f 4439//4663 4630//4589 4440//4590 4448//4664
f 4448//4664 4440//4590 4447//4591 4665//4665
f 4665//4665 4447//4591 4444//4592 4275//4666
f 4658//4634 4247//4580 4628//4584 4666//4635
f 4666//4635 4628//4584 4264//4601 4636//4602
f 4275//4666 4444//4592 4631//4593 4356//4667
f 4356//4667 4631//4593 4632//4594 4355//4632
f 4607//4543 4645//4616 4292//4668 4291//4496
f 4304//4646 4622//4573 4362//4621 4398//4669
f 4337//4595 4335//4556 4642//4613 4667//4670
f 4610//4554 4646//4555 4627//4583 4310//4492
f 4646//4555 4332//4526 4634//4599 4383//4661
f 4288//4568 4653//4636 4668//4671 4633//4598
f 4647//4617 4633//4598 4668//4671 4287//4672
f 4314//4581 4313//4597 4348//4659 4669//4673
f 4642//4613 4336//4596 4251//4652 4421//4674
f 4315//4675 4625//4579 4314//4581 4669//4673
f 4321//4603 4625//4579 4315//4675 4670//4676
f 4320//4604 4321//4603 4670//4676 4374//4677
f 4638//4605 4320//4604 4374//4677 4671//4678
f 4639//4606 4638//4605 4671//4678 4508//4679
f 4298//4607 4639//4606 4508//4679 4674//4680
f 4672//4681 4265//4618 4647//4617 4287//4672
f 4636//4602 4291//4496 4292//4668 4285//4682
f 4407//4683 4648//4625 4323//4624 4488//4684
f 4488//4684 4323//4624 4490//4623 4489//4685
f 4489//4685 4490//4623 4541//4622 4673//4686
f 4673//4686 4541//4622 4493//4577 4674//4680
f 4351//4687 4373//4626 4648//4625 4407//4683
f 4319//4688 4371//4627 4373//4626 4351//4687
f 4372//4689 4649//4628 4371//4627 4319//4688
f 4406//4690 4650//4629 4649//4628 4372//4689
f 4359//4691 4354//4630 4650//4629 4406//4690
f 4651//4631 4354//4630 4359//4691 4357//4692
f 4356//4667 4355//4632 4651//4631 4357//4692
f 4279//4608 4337//4595 4260//4693 4675//4694
f 4340//4609 4279//4608 4675//4694 4342//4695
f 4640//4610 4340//4609 4342//4695 4339//4696
f 4395//4697 4368//4612 4640//4610 4339//4696
f 4382//4698 4410//4645 4304//4646 4399//4699
f 4405//4700 4655//4640 4656//4641 4676//4701
f 4656//4641 4331//4642 4330//4702 4676//4701
f 4677//4703 4370//4639 4655//4640 4405//4700
f 4347//4704 4657//4643 4370//4639 4677//4703
f 4388//4705 4318//4637 4654//4638 4350//4706
f 4679//4707 4653//4636 4652//4633 4666//4635
f 4660//4651 4627//4583 4646//4555 4383//4661
f 4421//4674 4251//4652 4341//4653 4680//4708
f 4298//4607 4674//4680 4493//4577 4273//4536
f 4381//4709 4678//4648 4659//4650 4409//4710
f 4350//4706 4654//4638 4660//4651 4385//4711
f 4653//4636 4679//4707 4681//4712 4668//4671
f 4645//4616 4293//4649 4252//4713 4292//4668
f 4399//4699 4304//4646 4398//4669 4397//4714
f 4637//4615 4664//4660 4392//4715 4293//4649
f 4318//4637 4388//4705 4390//4716 4664//4660
f 4329//4619 4408//4655 4428//4717 4663//4657
f 4330//4702 4331//4642 4380//4647 4426//4718
f 4667//4670 4642//4613 4421//4674 4431//4719
f 4260//4693 4337//4595 4667//4670 4420//4720
f 4398//4669 4362//4621 4379//4658 4276//4721
f 4276//4721 4379//4658 4368//4612 4395//4697
f 4410//4645 4382//4698 4682//4722 4383//4661
f 4680//4708 4341//4653 4661//4654 4683//4723
f 4683//4723 4661//4654 4441//4662 4445//4724
f 4445//4724 4441//4662 4439//4663 4257//4725
f 4257//4725 4439//4663 4448//4664 4450//4726
f 4450//4726 4448//4664 4665//4665 4684//4727
f 4684//4727 4665//4665 4275//4666 4685//4728
f 4685//4728 4275//4666 4356//4667 4357//4692
f 4657//4643 4347//4704 4686//4729 4348//4659
f 4626//4582 4662//4656 4687//4730 4659//4650
f 4662//4656 4663//4657 4428//4717 4687//4730
f 4679//4707 4666//4635 4636//4602 4285//4682
f 4408//4655 4265//4618 4672//4681 4712//4731
f 4380//4647 4678//4648 4688//4732 4426//4718
f 4688//4732 4678//4648 4381//4709 4689//4733
f 4346//4734 4669//4673 4348//4659 4686//4729
f 4285//4682 4292//4668 4252//4713 4690//4735
f 4691//4736 4315//4675 4669//4673 4346//4734
f 4670//4676 4315//4675 4691//4736 4375//4737
f 4353//4738 4374//4677 4670//4676 4375//4737
f 4671//4678 4374//4677 4353//4738 4692//4739
f 4508//4679 4671//4678 4692//4739 4495//4740
f 4492//4741 4674//4680 4508//4679 4495//4740
f 4436//4742 4407//4683 4488//4684 4693//4743
f 4693//4743 4488//4684 4489//4685 4487//4744
f 4489//4685 4673//4686 4491//4745 4487//4744
f 4673//4686 4674//4680 4492//4741 4491//4745
f 4477//4746 4351//4687 4407//4683 4436//4742
f 4694//4747 4319//4688 4351//4687 4477//4746
f 4469//4748 4372//4689 4319//4688 4694//4747
f 4695//4749 4406//4690 4372//4689 4469//4748
f 4358//4750 4359//4691 4406//4690 4695//4749
f 4696//4751 4405//4700 4676//4701 4277//4752
f 4277//4752 4676//4701 4330//4702 4426//4718
f 4697//4753 4677//4703 4405//4700 4696//4751
f 4698//4754 4347//4704 4677//4703 4697//4753
f 4344//4755 4342//4695 4675//4694 4401//4756
f 4401//4756 4675//4694 4260//4693 4699//4757
f 4339//4696 4342//4695 4344//4755 4700//4758
f 4396//4759 4395//4697 4339//4696 4700//4758
f 4387//4760 4388//4705 4350//4706 4259//4761
f 4701//4762 4382//4698 4399//4699 4400//4763
f 4681//4712 4679//4707 4285//4682 4690//4735
f 4385//4711 4660//4651 4383//4661 4682//4722
f 4699//4757 4260//4693 4420//4720 4702//4764
f 4397//4714 4398//4669 4276//4721 4703//4765
f 4703//4765 4276//4721 4395//4697 4396//4759
f 4672//4681 4287//4672 4286//4766 4712//4731
f 4287//4672 4668//4671 4681//4712 4286//4766
f 4293//4649 4392//4715 4704//4767 4252//4713
f 4420//4720 4667//4670 4431//4719 4402//4768
f 4350//4706 4385//4711 4411//4769 4259//4761
f 4357//4692 4359//4691 4358//4750 4705//4770
f 4388//4705 4387//4760 4706//4771 4390//4716
f 4664//4660 4390//4716 4707//4772 4392//4715
f 4400//4763 4399//4699 4397//4714 4708//4773
f 4431//4719 4421//4674 4680//4708 4433//4774
f 4433//4774 4680//4708 4683//4723 4432//4775
f 4432//4775 4683//4723 4445//4724 4709//4776
f 4709//4776 4445//4724 4257//4725 4446//4777
f 4446//4777 4257//4725 4450//4726 4449//4778
f 4449//4778 4450//4726 4684//4727 4478//4779
f 4684//4727 4685//4728 4479//4780 4478//4779
f 4685//4728 4357//4692 4705//4770 4479//4780
f 4358//4750 4695//4749 4513//4781 4705//4770
f 4409//4710 4659//4650 4687//4730 4710//4782
f 4710//4782 4687//4730 4428//4717 4711//4783
f 4711//4783 4428//4717 4408//4655 4712//4731
f 4695//4749 4469//4748 4498//4784 4513//4781
f 4469//4748 4694//4747 4497//4785 4498//4784
f 4694//4747 4477//4746 4467//4786 4497//4785
f 4467//4786 4477//4746 4436//4742 4713//4787
f 4713//4787 4436//4742 4693//4743 4714//4788
f 4714//4788 4693//4743 4487//4744 4715//4789
f 4715//4789 4487//4744 4491//4745 4716//4790
f 4491//4745 4492//4741 4496//4791 4716//4790
f 4347//4704 4698//4754 4717//4792 4686//4729
f 4382//4698 4701//4762 4384//4793 4682//4722
f 4391//4794 4690//4735 4252//4713 4704//4767
f 4346//4734 4686//4729 4717//4792 4345//4795
f 4691//4736 4346//4734 4345//4795 4375//4737
f 4443//4796 4381//4709 4409//4710 4418//4797
f 4689//4733 4381//4709 4443//4796 4718//4798
f 4719//4799 4387//4760 4259//4761 4386//4800
f 4277//4752 4426//4718 4435//4801 4720//4802
f 4435//4801 4426//4718 4688//4732 4721//4803
f 4721//4803 4688//4732 4689//4733 4442//4804
f 4696//4751 4277//4752 4720//4802 4722//4805
f 4723//4806 4697//4753 4696//4751 4722//4805
f 4724//4807 4698//4754 4697//4753 4723//4806
f 4725//4808 4344//4755 4401//4756 4726//4809
f 4726//4809 4401//4756 4699//4757 4727//4810
f 4700//4758 4344//4755 4725//4808 4403//4811
f 4369//4812 4396//4759 4700//4758 4403//4811
f 4353//4738 4375//4737 4511//4813 4510//4814
f 4692//4739 4353//4738 4510//4814 4509//4815
f 4495//4740 4692//4739 4509//4815 4494//4816
f 4367//4817 4701//4762 4400//4763 4526//4818
f 4286//4766 4681//4712 4690//4735 4391//4794
f 4411//4769 4385//4711 4682//4722 4384//4793
f 4386//4800 4259//4761 4411//4769 4384//4793
f 4708//4773 4397//4714 4703//4765 4728//4819
f 4728//4819 4703//4765 4396//4759 4369//4812
f 4511//4813 4375//4737 4345//4795 4729//4820
f 4392//4715 4707//4772 4389//4821 4704//4767
f 4702//4764 4420//4720 4402//4768 4730//4335
f 4729//4820 4345//4795 4717//4792 4731//4822
f 4717//4792 4698//4754 4724//4807 4731//4822
f 4418//4797 4409//4710 4710//4782 4417//4823
f 4710//4782 4711//4783 4363//4824 4417//4823
f 4711//4783 4712//4731 4393//4825 4363//4824
f 4727//4810 4699//4757 4702//4764 4430//4826
f 4431//4719 4433//4774 4751//4827 4402//4768
f 4732//4337 4433//4774 4432//4775 4434//4828
f 4434//4828 4432//4775 4709//4776 4452//4829
f 4689//4733 4718//4798 4755//4830 4442//4804
f 4479//4780 4705//4770 4513//4781 4470//4831
f 4492//4741 4495//4740 4494//4816 4496//4791
f 4470//4831 4513//4781 4498//4784 4733//4832
f 4498//4784 4497//4785 4499//4833 4733//4832
f 4499//4833 4497//4785 4467//4786 4734//4834
f 4393//4825 4712//4731 4286//4766 4391//4794
f 4393//4825 4391//4794 4704//4767 4389//4821
f 4701//4762 4367//4817 4735//4835 4384//4793
f 4526//4818 4400//4763 4708//4773 4527//4836
f 4452//4829 4709//4776 4446//4777 4736//4837
f 4736//4837 4446//4777 4449//4778 4737//4838
f 4737//4838 4449//4778 4478//4779 4451//4839
f 4478//4779 4479//4780 4470//4831 4451//4839
f 4734//4834 4467//4786 4713//4787 4427//4840
f 4427//4840 4713//4787 4714//4788 4738//4841
f 4738//4841 4714//4788 4715//4789 4739//4842
f 4739//4842 4715//4789 4716//4790 4740//4843
f 4387//4760 4719//4799 4412//4844 4706//4771
f 4707//4772 4390//4716 4706//4771 4741//4845
f 4722//4805 4720//4802 4425//4846 4424//4847
f 4720//4802 4435//4801 4742//4848 4425//4846
f 4435//4801 4721//4803 4423//4849 4742//4848
f 4423//4849 4721//4803 4442//4804 4534//4850
f 4723//4806 4722//4805 4424//4847 4539//4851
f 4724//4807 4723//4806 4539//4851 4731//4822
f 4522//4852 4367//4817 4526//4818 4528//4853
f 4343//4854 4726//4809 4727//4810 4422//4855
f 4725//4808 4726//4809 4343//4854 4403//4811
f 4369//4812 4403//4811 4744//4856 4743//4857
f 4719//4799 4386//4800 4745//4858 4519//4859
f 4443//4796 4418//4797 4416//4860 4718//4798
f 4494//4816 4509//4815 4512//4861 4505//4862
f 4509//4815 4510//4814 4322//4863 4512//4861
f 4510//4814 4511//4813 4746//4864 4322//4863
f 4386//4800 4384//4793 4735//4835 4745//4858
f 4735//4835 4367//4817 4522//4852 4745//4858
f 4744//4856 4403//4811 4343//4854 4456//4865
f 4727//4810 4430//4826 4747//4866 4422//4855
f 4731//4822 4539//4851 4538//4867 4729//4820
f 4746//4864 4511//4813 4729//4820 4538//4867
f 4412//4844 4719//4799 4519//4859 4523//4868
f 4706//4771 4412//4844 4414//4869 4741//4845
f 4363//4824 4393//4825 4389//4821 4415//4870
f 4415//4870 4389//4821 4707//4772 4741//4845
f 4418//4797 4417//4823 4419//4871 4416//4860
f 4417//4823 4363//4824 4415//4870 4419//4871
f 4528//4853 4526//4818 4527//4836 4748//4872
f 4456//4865 4343//4854 4422//4855 4749//4873
f 4730//4335 4402//4768 4751//4827 4750//4336
f 4750//4336 4751//4827 4433//4774 4732//4337
f 4494//4816 4505//4862 4752//4874 4496//4791
f 4716//4790 4496//4791 4752//4874 4740//4843
f 4451//4839 4470//4831 4733//4832 4468//4875
f 4733//4832 4499//4833 4464//4876 4468//4875
f 4527//4836 4708//4773 4728//4819 4258//4877
f 4728//4819 4369//4812 4743//4857 4258//4877
f 4430//4826 4702//4764 4730//4335 4732//4337
f 4430//4826 4732//4337 4434//4828 4753//4878
f 4753//4878 4434//4828 4452//4829 4754//4879
f 4442//4804 4755//4830 4429//4880 4534//4850
f 4464//4876 4499//4833 4734//4834 4476//4881
f 4476//4881 4734//4834 4427//4840 4473//4882
f 4473//4882 4427//4840 4738//4841 4756//4883
f 4756//4883 4738//4841 4739//4842 4757//4884
f 4739//4842 4740//4843 4501//4885 4757//4884
f 4754//4879 4452//4829 4736//4837 4758//4886
f 4758//4886 4736//4837 4737//4838 4458//4887
f 4458//4887 4737//4838 4451//4839 4468//4875
f 4519//4859 4745//4858 4522//4852 4516//4888
f 4516//4888 4522//4852 4528//4853 4520//4889
f 4512//4861 4322//4863 4759//4890 4760//4891
f 4322//4863 4746//4864 4540//4892 4759//4890
f 4505//4862 4512//4861 4760//4891 4248//4893
f 4743//4857 4744//4856 4761//4894 4480//4895
f 4762//4896 4539//4851 4424//4847 4404//4897
f 4404//4897 4424//4847 4425//4846 4536//4898
f 4536//4898 4425//4846 4742//4848 4535//4899
f 4535//4899 4742//4848 4423//4849 4534//4850
f 4752//4874 4505//4862 4248//4893 4740//4843
f 4748//4872 4527//4836 4258//4877 4481//4900
f 4258//4877 4743//4857 4480//4895 4481//4900
f 4414//4869 4412//4844 4523//4868 4530//4901
f 4419//4871 4415//4870 4741//4845 4413//4902
f 4416//4860 4419//4871 4413//4902 4774//4903
f 4413//4902 4741//4845 4414//4869 4763//4904
f 4747//4866 4430//4826 4753//4878 4454//4905
f 4749//4873 4422//4855 4747//4866 4454//4905
f 4454//4905 4753//4878 4754//4879 4764//4906
f 4746//4864 4538//4867 4765//4907 4540//4892
f 4538//4867 4539//4851 4762//4896 4765//4907
f 4523//4868 4519//4859 4516//4888 4766//4908
f 4516//4888 4520//4889 4517//4909 4766//4908
f 4520//4889 4528//4853 4748//4872 4524//4910
f 4764//4906 4754//4879 4758//4886 4459//4911
f 4459//4911 4758//4886 4458//4887 4455//4912
f 4458//4887 4468//4875 4767//4913 4455//4912
f 4767//4913 4468//4875 4464//4876 4475//4914
f 4475//4914 4464//4876 4476//4881 4466//4915
f 4466//4915 4476//4881 4473//4882 4768//4916
f 4768//4916 4473//4882 4756//4883 4474//4917
f 4474//4917 4756//4883 4757//4884 4769//4918
f 4769//4918 4757//4884 4501//4885 4770//4919
f 4744//4856 4456//4865 4771//4920 4761//4894
f 4771//4920 4456//4865 4749//4873 4453//4921
f 4772//4922 4501//4885 4740//4843 4248//4893
f 4772//4922 4248//4893 4760//4891 4500//4923
f 4760//4891 4759//4890 4773//4924 4500//4923
f 4773//4924 4759//4890 4540//4892 4503//4925
f 4774//4903 4755//4830 4718//4798 4416//4860
f 4404//4897 4536//4898 4531//4926 4775//4927
f 4762//4896 4404//4897 4775//4927 4765//4907
f 4536//4898 4535//4899 4776//4928 4531//4926
f 4535//4899 4534//4850 4777//4929 4776//4928
f 4777//4929 4534//4850 4429//4880 4537//4930
f 4480//4895 4761//4894 4471//4931 4778//4932
f 4779//4933 4429//4880 4755//4830 4774//4903
f 4749//4873 4454//4905 4764//4906 4453//4921
f 4540//4892 4765//4907 4775//4927 4503//4925
f 4763//4904 4414//4869 4530//4901 4537//4930
f 4537//4930 4429//4880 4779//4933 4763//4904
f 4413//4902 4763//4904 4779//4933 4774//4903
f 4524//4910 4748//4872 4481//4900 4521//4934
f 4481//4900 4480//4895 4778//4932 4521//4934
f 4530//4901 4523//4868 4766//4908 4514//4935
f 4766//4908 4517//4909 4472//4936 4514//4935
f 4520//4889 4524//4910 4525//4937 4517//4909
f 4764//4906 4459//4911 4462//4938 4453//4921
f 4459//4911 4455//4912 4784//4939 4462//4938
f 4455//4912 4767//4913 4457//4940 4460//4941
f 4457//4940 4767//4913 4475//4914 4463//4942
f 4463//4942 4475//4914 4466//4915 4465//4943
f 4465//4943 4466//4915 4768//4916 4483//4944
f 4483//4944 4768//4916 4474//4917 4780//4945
f 4780//4945 4474//4917 4769//4918 4781//4946
f 4769//4918 4770//4919 4502//4947 4781//4946
f 4471//4931 4761//4894 4771//4920 4453//4921
f 4770//4919 4501//4885 4772//4922 4500//4923
f 4533//4948 4777//4929 4537//4930 4532//4949
f 4776//4928 4777//4929 4533//4948 4782//4950
f 4531//4926 4776//4928 4782//4950 4783//4951
f 4775//4927 4531//4926 4783//4951 4503//4925
f 4773//4924 4503//4925 4504//4952 4500//4923
f 4778//4932 4471//4931 4784//4939 4461//4953
f 4471//4931 4453//4921 4462//4938 4784//4939
f 4532//4949 4537//4930 4530//4901 4514//4935
f 4502//4947 4770//4919 4500//4923 4504//4952
f 4521//4934 4778//4932 4461//4953 4518//4954
f 4525//4937 4524//4910 4521//4934 4518//4954
f 4504//4952 4503//4925 4783//4951 4486//4955
f 4517//4909 4525//4937 4785//4956 4472//4936
f 4486//4955 4783//4951 4782//4950 4529//4957
f 4529//4957 4782//4950 4533//4948 4532//4949
f 4460//4941 4461//4953 4784//4939 4455//4912
f 4457//4940 4463//4942 4786//4958 4460//4941
f 4786//4958 4463//4942 4465//4943 4787//4959
f 4787//4959 4465//4943 4483//4944 4484//4960
f 4484//4960 4483//4944 4780//4945 4485//4961
f 4485//4961 4780//4945 4781//4946 4788//4962
f 4788//4962 4781//4946 4502//4947 4504//4952
f 4461//4953 4460//4941 4786//4958 4518//4954
f 4786//4958 4787//4959 4515//4963 4518//4954
f 4525//4937 4518//4954 4515//4963 4785//4956
f 4515//4963 4787//4959 4484//4960 4482//4964
f 4482//4964 4472//4936 4785//4956 4515//4963
f 4484//4960 4485//4961 4507//4965 4482//4964
f 4507//4965 4485//4961 4788//4962 4789//4966
f 4788//4962 4504//4952 4486//4955 4789//4966
f 4789//4966 4486//4955 4529//4957 4506//4967
f 4529//4957 4532//4949 4514//4935 4506//4967
f 4506//4967 4514//4935 4472//4936 4482//4964
f 4507//4965 4789//4966 4506//4967 4482//4964
f 4810//4968 4831//4969 33//11
f 4172//4384 4832//4970 4173//4385
f 1790//4971 1791//4972 4837//4973
f 1//26 4821//4974 4822//4975
f 4855//4976 4852//4977 4851//4978
f 4853//4979 4854//4980 96//59
f 4993//4981 4972//4982 4922//4983
f 5103//4984 5107//4985 5105//4986
f 100//101 4856//4987 4857//4988 4858//4989
f 4811//4990 4196//4344 4195//4343 4194//4342
f 4850//4991 4851//4978 4854//4980 4853//4979
f 4930//4992 4858//4989 4857//4988 4856//4987
f 4856//4987 100//101 99//61 4855//4976
f 101//102 100//101 4858//4989 4812//4993
f 4821//4974 1//26 110//30 4820//4994
f 2//27 1//26 4822//4975 4823//4995
f 4790//4996 11//32 10//31 4830//4997
f 34//36 33//11 4831//4969 4832//4970
f 4836//4998 4196//4344 4811//4990 4835//4999
f 4811//4990 4194//4342 4193//4361 4835//4999
f 4196//4344 4836//4998 4837//4973 4197//4359
f 1791//4972 1792//4362 4197//4359 4837//4973
f 4855//4976 99//61 98//56 4852//4977
f 4852//4977 98//56 97//60 96//59
f 4854//4980 4851//4978 4852//4977 96//59
f 4820//4994 110//30 109//110 4819//5000
f 4819//5000 109//110 108//108 4818//5001
f 4818//5001 108//108 107//106 4817//5002
f 4817//5002 107//106 106//104 4816//5003
f 4816//5003 106//104 105//65 4815//5004
f 4815//5004 105//65 104//4 4814//5005
f 4814//5005 104//4 103//63 4813//5006
f 4813//5006 5150//5007 4812//4993
f 4813//5006 103//63 102//103 5150//5007
f 5150//5007 102//103 101//102 4812//4993
f 4830//4997 10//31 9//79 4829//5008
f 4829//5008 9//79 8//77 4828//5009
f 4828//5009 8//77 7//75 4827//5010
f 4827//5010 7//75 6//73 4826//5011
f 4826//5011 5151//5012 4825//5013
f 6//73 5//71 5151//5012 4826//5011
f 5151//5012 5//71 4//69 4825//5013
f 4//69 3//67 4824//5014 4825//5013
f 3//67 2//27 4823//4995 4824//5014
f 4791//5015 4790//4996 4830//4997 5152//5016
f 4172//4384 37//38 36//37 4832//4970
f 4832//4970 36//37 35//83 34//36
f 4191//4355 4190//4388 5153//5017 4833//5018
f 4192//4356 4191//4355 4833//5018 4834//5019
f 4193//4361 4192//4356 4834//5019 4835//4999
f 1789//5020 1790//4971 4837//4973 4836//4998
f 4853//4979 96//59 1768//2993 1769//5021
f 4853//4979 1769//5021 1770//5022 4850//4991
f 4850//4991 1770//5022 1771//3150 4849//5023
f 1771//3150 1772//1978 5154//5024 4849//5023
f 5154//5024 1772//1978 1773//5025 5155//5026
f 1773//5025 1774//1986 5156//5027 5155//5026
f 5156//5027 1774//1986 1775//1985 4847//5028
f 1775//1985 1776//1989 4846//5029 4847//5028
f 4846//5029 1776//1989 1777//2012 4845//5030
f 1777//2012 1778//5031 5157//5032 4845//5030
f 5157//5032 1778//5031 1779//5033 5158//5034
f 1779//5033 1780//1995 5159//5035 5158//5034
f 5159//5035 1780//1995 1781//5036 4843//5037
f 1781//5036 1782//1999 4842//5038 4843//5037
f 4842//5038 1782//1999 1783//5039 4841//5040
f 4841//5040 1783//5039 1784//2002 4840//5041
f 4840//5041 1784//2002 1785//2005 1786//2004
f 1786//2004 1787//3170 4839//5042 4840//5041
f 4839//5042 1787//3170 1788//2010 4838//5043
f 4838//5043 1788//2010 1789//5020 4836//4998
f 5152//5016 4830//4997 4829//5008 5160//5044
f 5160//5044 4829//5008 4828//5009 5161//5045
f 5161//5045 4828//5009 4827//5010 5162//5046
f 5162//5046 4827//5010 4826//5011 5163//5047
f 5163//5047 4826//5011 4825//5013 5164//5048
f 4825//5013 4824//5014 5165//5049 5164//5048
f 4824//5014 4823//4995 5166//5050 5165//5049
f 4823//4995 4822//4975 5167//5051 5166//5050
f 5167//5051 4822//4975 4821//4974 5168//5052
f 5168//5052 4821//4974 4820//4994 5169//5053
f 5169//5053 4820//4994 4819//5000 5170//5054
f 5170//5054 4819//5000 4818//5001 5171//5055
f 5171//5055 4818//5001 4817//5002 5172//5056
f 5172//5056 4817//5002 4816//5003 5173//5057
f 5173//5057 4816//5003 4815//5004 5174//5058
f 4815//5004 4814//5005 5175//5059 5174//5058
f 4814//5005 4813//5006 5176//5060 5175//5059
f 4813//5006 4812//4993 5177//5061 5176//5060
f 4812//4993 4858//4989 4930//4992 5177//5061
f 4838//5043 4836//4998 4835//4999 4906//5062
f 4906//5062 4835//4999 4834//5019 5178//5063
f 5178//5063 4834//5019 4833//5018 4948//5064
f 4851//4978 4850//4991 5179//5065 4855//4976
f 4930//4992 4856//4987 4855//4976 5179//5065
f 4850//4991 4849//5023 5180//5066 5179//5065
f 4849//5023 4848//5067 5181//5068 5180//5066
f 4848//5067 4847//5028 5182//5069 5181//5068
f 5182//5069 4847//5028 4846//5029 5183//5070
f 5183//5070 4846//5029 4845//5030 5184//5071
f 5184//5071 4845//5030 4844//5072 4921//5073
f 4844//5072 4843//5037 4920//5074 4921//5073
f 4843//5037 4842//5038 4950//5075 4920//5074
f 4842//5038 4841//5040 5185//5076 4950//5075
f 4841//5040 4840//5041 5186//5077 5185//5076
f 4840//5041 4839//5042 4882//5078 5186//5077
f 4839//5042 4838//5043 4906//5062 4882//5078
f 5159//5035 4843//5037 4844//5072 5158//5034
f 4844//5072 4845//5030 5157//5032 5158//5034
f 5156//5027 4847//5028 4848//5067 5155//5026
f 4848//5067 4849//5023 5154//5024 5155//5026
f 4792//5079 4791//5015 5152//5016 5187//5080
f 4868//5081 4174//4386 4173//4385 4832//4970
f 4832//4970 4831//4969 5188//5082 4868//5081
f 5188//5082 4831//4969 4810//4968 4809//5083
f 5231//5084 4794//5085 4793//5086 5189//5087
f 4795//5088 4794//5085 4892//5089 5256//5090
f 4797//5091 4796//5092 4909//5093 5190//5094
f 4798//5095 4797//5091 5190//5094 5191//5096
f 5193//5097 4800//5098 4799//5099 5192//5100
f 5194//5101 4802//5102 4801//5103 5195//5104
f 4805//5105 4804//5106 4885//5107 5196//5108
f 4806//5109 4805//5105 5196//5108 5197//5110
f 4872//5111 4807//5112 4806//5109 5197//5110
f 4175//4498 4174//4386 5198//5113 4862//5114
f 4177//4500 4176//4495 5199//5115 4893//5116
f 4178//4474 4177//4500 4893//5116 5200//5117
f 5201//5118 4180//4491 4179//4475 5202//5119
f 4182//4478 4181//4527 4991//5120 5203//5121
f 4183//4479 4182//4478 5203//5121 5204//5122
f 5205//5123 4184//4529 4183//4479 5204//5122
f 4186//4482 4185//4481 5207//5124 5206//5125
f 4187//4485 4186//4482 5206//5125 5208//5126
f 4924//5127 4189//4438 4188//4487 4923//5128
f 4796//5092 4795//5088 5256//5090 4909//5093
f 5198//5113 4174//4386 4868//5081 5209//5129
f 4189//4438 4924//5127 5210//5130 4190//4388
f 5209//5129 4868//5081 5188//5082 4871//5131
f 4871//5131 5188//5082 4809//5083 4808//5132
f 4175//4498 4862//5114 4860//5133 4176//4495
f 5187//5080 5152//5016 5160//5044 5211//5134
f 5160//5044 5161//5045 5212//5135 5211//5134
f 5161//5045 5162//5046 5213//5136 5212//5135
f 5213//5136 5162//5046 5163//5047 5214//5137
f 4882//5078 4906//5062 5178//5063 4883//5138
f 4883//5138 5178//5063 4948//5064 4998//5139
f 4800//5098 5193//5097 5195//5104 4801//5103
f 4833//5018 5153//5017 4972//4982 4948//5064
f 4792//5079 5187//5080 5189//5087 4793//5086
f 4798//5095 5191//5096 5192//5100 4799//5099
f 4802//5102 5194//5101 4987//5140 4803//5141
f 4871//5131 4808//5132 5216//5142 5215//5143
f 5216//5142 4808//5132 4807//5112 4872//5111
f 4178//4474 5200//5117 5202//5119 4179//4475
f 4180//4491 5201//5118 5217//5144 4181//4527
f 4184//4529 5205//5123 5218//5145 4185//4481
f 4188//4487 4187//4485 5208//5126 4923//5128
f 4991//5120 4181//4527 5217//5144 4947//5146
f 5186//5077 4882//5078 4883//5138 4905//5147
f 5220//5148 5185//5076 5186//5077 4905//5147
f 4950//5075 5185//5076 5220//5148 5221//5149
f 4924//5127 4923//5128 5219//5150 4903//5151
f 4920//5074 4950//5075 5221//5149 5222//5152
f 5223//5153 4921//5073 4920//5074 5222//5152
f 5224//5154 5184//5071 4921//5073 5223//5153
f 5225//5155 5203//5121 4991//5120 4947//5146
f 4965//5156 5204//5122 5203//5121 5225//5155
f 5226//5157 5183//5070 5184//5071 5224//5154
f 5227//5158 5205//5123 5204//5122 4965//5156
f 5153//5017 4190//4388 5210//5130 5228//5159
f 5189//5087 5229//5160 5230//5161 5231//5084
f 5231//5084 5230//5161 4892//5089 4794//5085
f 5233//5162 5193//5097 5192//5100 5232//5163
f 5235//5164 5194//5101 5195//5104 5234//5165
f 5237//5166 4803//5141 4987//5140 5236//5167
f 5237//5166 4885//5107 4804//5106 4803//5141
f 4870//5168 4862//5114 5198//5113 5209//5129
f 5199//5115 4176//4495 4860//5133 4861//5169
f 4893//5116 5199//5115 4861//5169 4954//5170
f 4932//5171 5200//5117 4893//5116 4954//5170
f 5239//5172 5201//5118 5202//5119 5238//5173
f 5207//5124 4185//4481 5218//5145 4966//5174
f 5240//5175 5206//5125 5207//5124 4966//5174
f 5208//5126 5206//5125 5240//5175 5241//5176
f 5176//5060 5177//5061 4951//5177 5242//5178
f 5177//5061 4930//4992 4929//5179 4951//5177
f 4930//4992 5179//5065 4907//5180 4929//5179
f 4907//5180 5179//5065 5180//5066 5243//5181
f 5243//5181 5180//5066 5181//5068 4884//5182
f 5181//5068 5182//5069 5020//5183 4884//5182
f 5182//5069 5183//5070 5226//5157 5020//5183
f 5175//5059 5176//5060 5242//5178 5244//5184
f 5174//5058 5175//5059 5244//5184 5245//5185
f 5246//5186 5171//5055 5172//5056 5247//5187
f 5247//5187 5172//5056 5173//5057 5248//5188
f 5248//5188 5173//5057 5174//5058 5245//5185
f 5249//5189 5170//5054 5171//5055 5246//5186
f 4866//5190 5169//5053 5170//5054 5249//5189
f 4867//5191 5168//5052 5169//5053 4866//5190
f 4865//5192 5167//5051 5168//5052 4867//5191
f 5166//5050 5167//5051 4865//5192 5250//5193
f 5165//5049 5166//5050 5250//5193 5251//5194
f 5164//5048 5165//5049 5251//5194 5252//5195
f 5214//5137 5163//5047 5164//5048 5252//5195
f 4872//5111 5197//5110 4874//5196 4869//5197
f 5197//5110 5196//5108 4908//5198 4874//5196
f 5196//5108 4885//5107 5253//5199 4908//5198
f 5190//5094 4909//5093 5254//5200 4889//5201
f 4910//5202 5191//5096 5190//5094 4889//5201
f 5256//5090 4892//5089 5255//5203 4891//5204
f 5209//5129 4871//5131 5215//5143 4870//5168
f 5238//5173 5202//5119 5200//5117 4932//5171
f 5232//5163 5192//5100 5191//5096 4910//5202
f 4923//5128 5208//5126 5241//5176 5219//5150
f 5228//5159 5210//5130 4924//5127 4903//5151
f 5215//5143 5216//5142 4872//5111 4869//5197
f 5229//5160 5189//5087 5187//5080 5211//5134
f 5234//5165 5195//5104 5193//5097 5233//5162
f 4883//5138 4998//5139 4997//5205 4905//5147
f 4998//5139 4948//5064 4972//4982 4993//4981
f 5205//5123 5227//5158 5257//5206 5218//5145
f 4972//4982 5153//5017 5228//5159 4922//4983
f 5201//5118 5239//5172 5258//5207 5217//5144
f 4870//5168 5215//5143 4869//5197 5259//5208
f 4860//5133 4862//5114 4870//5168 5259//5208
f 4869//5197 4874//5196 4886//5209 5259//5208
f 4874//5196 4908//5198 5260//5210 4886//5209
f 4911//5211 4861//5169 4860//5133 5259//5208
f 4890//5212 5255//5203 4892//5089 5230//5161
f 4890//5212 5230//5161 5229//5160 5261//5213
f 5262//5214 4954//5170 4861//5169 4911//5211
f 5263//5215 5253//5199 4885//5107 5237//5166
f 5263//5215 5237//5166 5236//5167 4986//5216
f 5236//5167 4987//5140 5264//5217 4986//5216
f 5264//5217 4987//5140 5194//5101 5235//5164
f 4908//5198 5253//5199 4931//5218 5260//5210
f 4947//5146 5217//5144 5258//5207 5037//5219
f 4988//5220 5225//5155 4947//5146 5037//5219
f 4902//5221 4965//5156 5225//5155 4988//5220
f 4969//5222 5227//5158 4965//5156 4902//5221
f 5265//5223 5254//5200 4909//5093 5256//5090
f 4878//5224 5211//5134 5212//5135 4896//5225
f 4896//5225 5212//5135 5213//5136 4879//5226
f 4879//5226 5213//5136 5214//5137 4897//5227
f 4897//5227 5214//5137 5252//5195 4863//5228
f 4863//5228 5252//5195 5251//5194 4981//5229
f 5251//5194 5250//5193 5266//5230 4981//5229
f 5250//5193 4865//5192 5267//5231 5266//5230
f 5267//5231 4865//5192 4867//5191 4917//5232
f 4917//5232 4867//5191 4866//5190 4914//5233
f 4914//5233 4866//5190 5249//5189 5268//5234
f 5268//5234 5249//5189 5246//5186 5125//5235
f 5125//5235 5246//5186 5247//5187 4946//5236
f 4946//5236 5247//5187 5248//5188 5269//5237
f 5269//5237 5248//5188 5245//5185 4984//5238
f 5245//5185 5244//5184 4964//5239 4984//5238
f 5244//5184 5242//5178 4927//5240 4964//5239
f 5242//5178 4951//5177 5009//5241 4927//5240
f 4951//5177 4929//5179 5270//5242 5009//5241
f 5270//5242 4929//5179 4907//5180 4928//5243
f 4928//5243 4907//5180 5243//5181 4884//5182
f 4939//5244 4910//5202 4889//5201 5271//5245
f 4889//5201 5254//5200 5272//5246 5271//5245
f 5273//5247 5223//5153 5222//5152 5024//5248
f 5222//5152 5221//5149 5274//5249 5024//5248
f 5221//5149 5220//5148 5275//5250 5274//5249
f 5220//5148 4905//5147 4926//5251 5275//5250
f 5002//5252 5224//5154 5223//5153 5273//5247
f 5029//5253 5226//5157 5224//5154 5002//5252
f 5001//5254 5020//5183 5226//5157 5029//5253
f 5276//5255 4884//5182 5020//5183 5001//5254
f 4932//5171 4954//5170 4933//5256 5137//5257
f 5278//5258 5241//5176 5240//5175 5277//5259
f 5277//5259 5240//5175 4966//5174 4967//5260
f 4966//5174 5218//5145 5257//5206 4967//5260
f 5279//5261 5233//5162 5232//5163 4942//5262
f 4976//5263 5235//5164 5234//5165 4901//5264
f 5280//5265 5239//5172 5238//5173 4888//5266
f 5281//5267 4903//5151 5219//5150 4996//5268
f 4935//5269 4891//5204 5255//5203 4877//5270
f 5229//5160 5211//5134 4878//5224 5261//5213
f 4888//5266 5238//5173 4932//5171 5137//5257
f 4996//5268 5219//5150 5241//5176 5278//5258
f 4942//5262 5232//5163 4910//5202 4939//5244
f 4901//5264 5234//5165 5233//5162 5279//5261
f 5265//5223 5256//5090 4891//5204 5288//5271
f 4911//5211 5259//5208 4886//5209 4887//5272
f 4926//5251 4905//5147 4997//5205 5282//5273
f 4887//5272 4886//5209 5260//5210 5283//5274
f 5260//5210 4931//5218 4975//5275 5283//5274
f 4922//4983 5228//5159 4903//5151 4993//4981
f 4903//5151 5281//5267 4973//5276 4993//4981
f 5235//5164 4976//5263 5284//5277 5264//5217
f 5227//5158 4969//5222 4968//5278 5257//5206
f 4877//5270 5255//5203 4890//5212 5261//5213
f 4933//5256 4954//5170 5262//5214 5285//5279
f 4931//5218 5253//5199 5263//5215 5286//5280
f 5286//5280 5263//5215 4986//5216 5287//5281
f 5287//5281 4986//5216 5264//5217 5284//5277
f 5272//5246 5254//5200 5265//5223 5288//5271
f 4928//5243 4884//5182 5276//5255 5289//5282
f 5239//5172 5280//5265 4992//5283 5258//5207
f 5262//5214 4911//5211 4887//5272 5136//5284
f 5290//5285 5037//5219 5258//5207 4992//5283
f 4970//5286 4967//5260 5257//5206 4968//5278
f 4974//5287 4998//5139 4993//4981 4973//5276
f 5291//5288 4988//5220 5037//5219 5290//5285
f 4971//5289 4902//5221 4988//5220 5291//5288
f 4990//5290 4969//5222 4902//5221 4971//5289
f 4997//5205 4998//5139 4974//5287 5000//5291
f 5270//5242 4928//5243 5289//5282 4985//5292
f 5009//5241 5270//5242 4985//5292 5292//5293
f 4927//5240 5009//5241 5292//5293 4963//5294
f 4964//5239 4927//5240 4963//5294 5293//5295
f 5033//5296 4984//5238 4964//5239 5293//5295
f 5269//5237 4984//5238 5033//5296 5294//5297
f 4945//5298 4946//5236 5269//5237 5294//5297
f 5295//5299 5125//5235 4946//5236 4945//5298
f 4915//5300 5268//5234 5125//5235 5295//5299
f 5296//5301 4914//5233 5268//5234 4915//5300
f 4916//5302 4917//5232 4914//5233 5296//5301
f 4864//5303 5267//5231 4917//5232 4916//5302
f 4955//5304 5266//5230 5267//5231 4864//5303
f 5297//5305 4981//5229 5266//5230 4955//5304
f 4944//5306 4863//5228 4981//5229 5297//5305
f 4880//5307 4897//5227 4863//5228 4944//5306
f 5298//5308 4879//5226 4897//5227 4880//5307
f 4895//5309 4896//5225 4879//5226 5298//5308
f 4894//5310 4878//5224 4896//5225 4895//5309
f 4935//5269 4877//5270 4894//5310 5299//5311
f 4978//5312 4976//5263 4901//5264 5300//5313
f 5002//5252 5273//5247 5026//5314 5025//5315
f 5273//5247 5024//5248 5301//5316 5026//5314
f 5274//5249 5275//5250 4949//5317 5024//5248
f 5275//5250 4926//5251 5282//5273 4949//5317
f 5029//5253 5002//5252 5025//5315 5302//5318
f 5001//5254 5029//5253 5302//5318 5303//5319
f 5304//5320 5276//5255 5001//5254 5303//5319
f 5137//5257 4933//5256 5135//5321 5305//5322
f 4937//5323 5271//5245 5272//5246 4876//5324
f 4940//5325 4939//5244 5271//5245 4937//5323
f 5306//5326 5279//5261 4942//5262 5146//5327
f 5141//5328 5280//5265 4888//5266 5134//5329
f 5278//5258 5277//5259 5307//5330 5308//5331
f 5277//5259 4967//5260 4904//5332 5307//5330
f 4994//5333 5281//5267 4996//5268 4995//5334
f 4894//5310 4877//5270 5261//5213 4878//5224
f 5134//5329 4888//5266 5137//5257 5305//5322
f 5146//5327 4942//5262 4939//5244 4940//5325
f 5300//5313 4901//5264 5279//5261 5306//5326
f 4995//5334 4996//5268 5278//5258 5308//5331
f 5285//5279 5262//5214 5136//5284 5309//5335
f 4894//5310 4895//5309 4859//5336 5299//5311
f 4859//5336 4895//5309 5298//5308 4913//5337
f 4913//5337 5298//5308 4880//5307 4943//5338
f 4975//5275 4931//5218 5286//5280 5310//5339
f 4943//5338 4880//5307 4944//5306 4982//5340
f 5024//5248 4949//5317 5311//5341 5301//5316
f 4982//5340 4944//5306 5297//5305 4956//5342
f 4967//5260 4970//5286 5312//5343 4904//5332
f 4969//5222 4990//5290 5313//5344 4968//5278
f 5310//5339 5286//5280 5287//5281 4953//5345
f 4953//5345 5287//5281 5284//5277 5314//5346
f 5284//5277 4976//5263 4978//5312 5314//5346
f 5282//5273 4997//5205 5000//5291 4925//5347
f 4887//5272 5283//5274 5332//5348 5136//5284
f 5131//5349 5283//5274 4975//5275 5310//5339
f 4992//5283 5280//5265 5141//5328 5140//5350
f 5281//5267 4994//5333 5315//5351 4973//5276
f 5135//5321 4933//5256 5285//5279 5309//5335
f 4876//5324 5272//5246 5288//5271 4934//5352
f 4956//5342 5297//5305 4955//5304 5316//5353
f 4955//5304 4864//5303 4919//5354 5316//5353
f 4919//5354 4864//5303 4916//5302 5317//5355
f 4916//5302 5296//5301 4900//5356 5317//5355
f 5296//5301 4915//5300 5123//5357 4900//5356
f 5123//5357 4915//5300 5295//5299 5124//5358
f 5124//5358 5295//5299 4945//5298 5010//5359
f 4945//5298 5294//5297 4899//5360 5010//5359
f 5294//5297 5033//5296 5318//5361 4899//5360
f 5276//5255 5304//5320 5021//5362 5289//5282
f 4985//5292 5289//5282 5021//5362 5052//5363
f 5319//5364 4949//5317 5282//5273 4925//5347
f 5320//5365 4970//5286 4968//5278 5313//5344
f 4974//5287 4973//5276 5315//5351 4999//5366
f 5000//5291 4974//5287 4999//5366 5051//5367
f 5321//5368 5292//5293 4985//5292 5052//5363
f 5073//5369 4963//5294 5292//5293 5321//5368
f 5034//5370 5293//5295 4963//5294 5073//5369
f 5318//5361 5033//5296 5293//5295 5034//5370
f 5050//5371 5308//5331 5307//5330 5322//5372
f 5322//5372 5307//5330 4904//5332 5047//5373
f 4936//5374 4940//5325 4937//5323 4941//5375
f 4941//5375 4937//5323 4876//5324 5142//5376
f 5031//5377 5306//5326 5146//5327 5145//5378
f 4989//5379 4990//5290 4971//5289 5323//5380
f 5323//5380 4971//5289 5291//5288 5324//5381
f 5324//5381 5291//5288 5290//5285 5325//5382
f 5325//5382 5290//5285 4992//5283 5140//5350
f 5304//5320 5303//5319 5022//5383 5343//5384
f 5303//5319 5302//5318 5144//5385 5022//5383
f 5302//5318 5025//5315 5054//5386 5144//5385
f 5025//5315 5026//5314 5055//5387 5054//5386
f 5026//5314 5301//5316 5326//5388 5055//5387
f 5030//5389 5327//5390 5031//5377
f 5328//5391 4978//5312 5300//5313 5327//5390
f 4881//5392 4994//5333 4995//5334 5048//5393
f 5138//5394 5141//5328 5134//5329 5329//5395
f 4934//5352 4935//5269 5299//5311 4938//5396
f 5288//5271 4891//5204 4935//5269 4934//5352
f 5305//5322 5135//5321 5330//5397 5130//5398
f 5145//5378 5146//5327 4940//5325 4936//5374
f 5327//5390 5300//5313 5306//5326 5031//5377
f 5048//5393 4995//5334 5308//5331 5050//5371
f 5329//5395 5134//5329 5305//5322 5130//5398
f 5315//5351 4994//5333 4881//5392 4999//5366
f 5309//5335 5136//5284 5332//5348 5331//5399
f 5131//5349 5331//5399 5332//5348 5283//5274
f 5299//5311 4859//5336 4912//5400 4938//5396
f 4912//5400 4859//5336 4913//5337 5333//5401
f 5333//5401 4913//5337 4943//5338 4958//5402
f 4958//5402 4943//5338 4982//5340 5334//5403
f 5326//5388 5301//5316 5311//5341 5056//5404
f 4982//5340 4956//5342 4957//5405 5334//5403
f 5021//5362 5304//5320 5343//5384 5052//5363
f 4990//5290 4989//5379 5335//5406 5313//5344
f 4925//5347 5000//5291 5051//5367 5336//5407
f 5330//5397 5135//5321 5309//5335 5331//5399
f 4934//5352 4938//5396 5142//5376 4876//5324
f 5047//5373 4904//5332 5312//5343 5342//5408
f 4957//5405 4956//5342 5316//5353 4918//5409
f 5316//5353 4919//5354 5337//5410 4918//5409
f 5337//5410 4919//5354 5317//5355 5103//4984
f 5317//5355 4900//5356 5338//5411 5103//4984
f 4900//5356 5123//5357 5339//5412 5338//5411
f 5123//5357 5124//5358 5106//5413 5339//5412
f 5106//5413 5124//5358 5010//5359 5012//5414
f 5010//5359 4899//5360 5013//5415 5012//5414
f 4899//5360 5318//5361 5035//5416 5013//5415
f 5035//5416 5318//5361 5034//5370 5340//5417
f 5340//5417 5034//5370 5073//5369 5059//5418
f 5311//5341 4949//5317 5319//5364 5341//5419
f 5319//5364 4925//5347 5336//5407 5341//5419
f 5312//5343 4970//5286 5320//5365 5342//5408
f 5059//5418 5073//5369 5321//5368 5072//5420
f 5072//5420 5321//5368 5052//5363 5343//5384
f 4978//5312 5328//5391 5344//5421 5314//5346
f 5310//5339 4953//5345 5143//5422 5131//5349
f 4953//5345 5314//5346 4977//5423 5143//5422
f 5345//5424 5130//5398 5330//5397 5331//5399
f 5051//5367 4999//5366 4881//5392 5017//5425
f 4881//5392 5048//5393 5346//5426 5017//5425
f 5045//5427 5320//5365 5313//5344 5335//5406
f 5328//5391 5327//5390 5030//5389 5347//5428
f 5065//5429 4989//5379 5323//5380 5015//5430
f 5015//5430 5323//5380 5324//5381 5038//5431
f 5324//5381 5325//5382 5348//5432 5038//5431
f 5325//5382 5140//5350 5349//5433 5348//5432
f 5004//5434 4936//5374 4941//5375 5350//5435
f 4941//5375 5142//5376 5351//5436 5350//5435
f 5055//5387 5326//5388 5028//5437 5352//5438
f 5054//5386 5055//5387 5352//5438 5053//5439
f 5144//5385 5054//5386 5053//5439 5076//5440
f 4952//5441 5022//5383 5144//5385 5076//5440
f 5023//5442 5343//5384 5022//5383 4952//5441
f 5030//5389 5031//5377 5145//5378 5353//5443
f 5046//5444 5322//5372 5047//5373 5354//5445
f 5111//5446 5050//5371 5322//5372 5046//5444
f 5138//5394 5329//5395 4875//5447 5139//5448
f 5353//5443 5145//5378 4936//5374 5004//5434
f 5346//5426 5048//5393 5050//5371 5111//5446
f 5331//5399 5131//5349 5132//5449 5345//5424
f 4875//5447 5329//5395 5130//5398 5345//5424
f 5132//5449 5131//5349 5143//5422 5133//5450
f 5142//5376 4938//5396 4959//5451 5351//5436
f 4959//5451 4938//5396 4912//5400 5333//5401
f 5333//5401 4958//5402 5355//5452 4959//5451
f 5326//5388 5056//5404 5356//5453 5028//5437
f 5354//5445 5047//5373 5342//5408 5357//5454
f 5133//5450 5143//5422 4977//5423 5358//5455
f 5051//5367 5017//5425 5359//5456 5336//5407
f 5138//5394 5139//5448 5140//5350 5141//5328
f 5311//5341 5341//5419 5018//5457 5056//5404
f 5341//5419 5336//5407 5359//5456 5018//5457
f 5342//5408 5320//5365 5045//5427 5357//5454
f 4977//5423 5314//5346 5344//5421 5360//5458
f 5355//5452 4958//5402 5334//5403 4983//5459
f 5334//5403 4957//5405 4898//5460 4983//5459
f 4898//5460 4957//5405 4918//5409 5105//4986
f 5335//5406 4989//5379 5065//5429 5043//5461
f 5105//4986 4918//5409 5337//5410 5103//4984
f 5328//5391 5347//5428 4980//5462 5344//5421
f 5044//5463 5045//5427 5335//5406 5043//5461
f 5349//5433 5140//5350 5139//5448 5361//5464
f 5139//5448 4875//5447 5362//5465 5363//5466
f 5106//5413 5012//5414 5364//5467 5365//5468
f 5339//5412 5106//5413 5365//5468 5366//5469
f 5338//5411 5339//5412 5366//5469 5102//5470
f 5103//4984 5338//5411 5102//5470 5107//4985
f 5065//5429 5015//5430 5110//5471 5367//5472
f 5110//5471 5015//5430 5038//5431 5014//5473
f 5038//5431 5348//5432 5368//5474 5014//5473
f 5368//5474 5348//5432 5349//5433 5361//5464
f 4960//5475 5350//5435 5351//5436 4961//5476
f 5369//5477 5004//5434 5350//5435 4960//5475
f 5023//5442 4952//5441 5075//5478 5060//5479
f 5075//5478 4952//5441 5076//5440 5370//5480
f 5076//5440 5053//5439 5027//5481 5370//5480
f 5053//5439 5352//5438 5371//5482 5027//5481
f 5352//5438 5028//5437 5058//5483 5371//5482
f 5030//5389 5353//5443 5372//5484 5347//5428
f 5092//5485 5012//5414 5013//5415 5011//5486
f 5011//5486 5013//5415 5035//5416 5373//5487
f 5373//5487 5035//5416 5340//5417 5374//5488
f 5374//5488 5340//5417 5059//5418 5074//5489
f 5059//5418 5072//5420 5116//5490 5074//5489
f 5072//5420 5343//5384 5023//5442 5116//5490
f 5375//5491 5111//5446 5046//5444 5376//5492
f 5376//5492 5046//5444 5354//5445 5049//5493
f 5019//5494 5017//5425 5346//5426 5066//5495
f 5351//5436 4959//5451 5355//5452 4961//5476
f 5372//5484 5353//5443 5004//5434 5369//5477
f 5362//5465 4875//5447 5345//5424 5132//5449
f 5066//5495 5346//5426 5111//5446 5375//5491
f 4961//5476 5355//5452 4983//5459 4962//5496
f 4983//5459 4898//5460 5377//5497 4962//5496
f 5377//5497 4898//5460 5105//4986 5107//4985
f 5364//5467 5012//5414 5092//5485 5089//5498
f 5359//5456 5017//5425 5019//5494 5018//5457
f 5045//5427 5044//5463 5378//5499 5357//5454
f 5049//5493 5354//5445 5357//5454 5378//5499
f 5028//5437 5356//5453 5379//5500 5058//5483
f 5116//5490 5023//5442 5060//5479 5074//5489
f 5362//5465 5132//5449 5133//5450 5363//5466
f 5363//5466 5133//5450 5358//5455 5008//5501
f 5361//5464 5139//5448 5363//5466 5008//5501
f 5344//5421 4980//5462 5380//5502 5360//5458
f 4977//5423 5360//5458 5381//5503 5358//5455
f 5032//5504 4960//5475 4961//5476 4962//5496
f 5003//5505 5369//5477 4960//5475 5032//5504
f 5382//5506 5056//5404 5018//5457 5019//5494
f 5382//5506 5019//5494 5066//5495 5383//5507
f 5099//5508 5365//5468 5364//5467 5089//5498
f 5366//5469 5365//5468 5099//5508 5087//5509
f 5356//5453 5056//5404 5382//5506 5057//5510
f 5108//5511 5102//5470 5366//5469 5087//5509
f 5384//5512 5107//4985 5102//5470 5108//5511
f 4979//5513 4980//5462 5347//5428 5385//5514
f 5385//5514 5347//5428 5372//5484 5386//5515
f 5095//5516 5092//5485 5011//5486 5147//5517
f 5147//5517 5011//5486 5373//5487 5148//5518
f 5373//5487 5374//5488 5036//5519 5148//5518
f 5374//5488 5074//5489 5387//5520 5036//5519
f 5367//5472 5110//5471 5082//5521 5113//5522
f 5043//5461 5065//5429 5367//5472 5112//5523
f 5027//5481 5371//5482 5078//5524 5388//5525
f 5371//5482 5058//5483 5389//5526 5078//5524
f 5370//5480 5027//5481 5388//5525 5077//5527
f 5390//5528 5075//5478 5370//5480 5077//5527
f 5128//5529 5060//5479 5075//5478 5390//5528
f 5039//5530 5014//5473 5368//5474 5040//5531
f 5040//5531 5368//5474 5361//5464 5008//5501
f 5391//5532 5044//5463 5043//5461 5112//5523
f 5392//5533 5376//5492 5049//5493 5071//5534
f 5115//5535 5375//5491 5376//5492 5392//5533
f 5386//5515 5372//5484 5369//5477 5003//5505
f 5066//5495 5375//5491 5115//5535 5383//5507
f 5074//5489 5060//5479 5128//5529 5387//5520
f 5057//5510 5382//5506 5383//5507 5393//5536
f 4980//5462 4979//5513 5394//5537 5380//5502
f 5381//5503 5360//5458 5380//5502 5395//5538
f 5014//5473 5039//5530 5396//5539 5399//5540
f 5071//5534 5049//5493 5378//5499 5068//5541
f 5068//5541 5378//5499 5044//5463 5391//5532
f 5389//5526 5058//5483 5379//5500 5398//5542
f 5089//5498 5092//5485 5095//5516 5096//5543
f 5379//5500 5356//5453 5057//5510 5398//5542
f 5008//5501 5358//5455 5381//5503 5395//5538
f 5367//5472 5113//5522 5397//5544 5112//5523
f 5377//5497 5107//4985 5384//5512 5104//5545
f 5399//5540 5082//5521 5110//5471 5014//5473
f 5099//5508 5089//5498 5096//5543 5400//5546
f 5087//5509 5099//5508 5400//5546 5098//5547
f 5100//5548 5108//5511 5087//5509 5098//5547
f 5384//5512 5108//5511 5100//5548 5104//5545
f 5006//5549 4962//5496 5377//5497 5104//5545
f 5032//5504 4962//5496 5006//5549 5005//5550
f 5401//5551 5003//5505 5032//5504 5005//5550
f 5040//5531 5008//5501 5395//5538 5418//5552
f 5042//5553 5039//5530 5040//5531 5418//5552
f 5120//5554 5036//5519 5387//5520 5117//5555
f 5081//5556 5148//5518 5036//5519 5120//5554
f 5402//5557 5147//5517 5148//5518 5081//5556
f 5093//5558 5095//5516 5147//5517 5402//5557
f 5391//5532 5112//5523 5403//5559 5069//5560
f 5070//5561 5392//5533 5071//5534 5404//5562
f 5115//5535 5392//5533 5070//5561 5405//5563
f 5077//5527 5388//5525 5080//5564 5406//5565
f 5388//5525 5078//5524 5407//5566 5080//5564
f 5078//5524 5389//5526 5408//5567 5407//5566
f 5390//5528 5077//5527 5406//5565 5117//5555
f 5128//5529 5390//5528 5117//5555 5387//5520
f 5113//5522 5082//5521 5409//5568 5061//5569
f 5041//5570 5385//5514 5386//5515 5410//5571
f 4979//5513 5385//5514 5041//5570 5411//5572
f 5410//5571 5386//5515 5003//5505 5401//5551
f 5396//5539 5039//5530 5042//5553 5412//5573
f 5391//5532 5069//5560 5413//5574 5068//5541
f 5404//5562 5071//5534 5068//5541 5413//5574
f 5389//5526 5398//5542 5414//5575 5408//5567
f 5398//5542 5057//5510 5393//5536 5414//5575
f 5397//5544 5113//5522 5061//5569 5114//5576
f 5112//5523 5397//5544 5415//5577 5403//5559
f 5104//5545 5100//5548 5091//5578 5006//5549
f 5095//5516 5093//5558 5416//5579 5096//5543
f 5100//5548 5098//5547 5417//5580 5091//5578
f 5395//5538 5380//5502 5394//5537 5418//5552
f 5394//5537 4979//5513 5411//5572 5418//5552
f 5115//5535 5405//5563 5433//5581 5383//5507
f 5070//5561 5404//5562 5067//5582 5405//5563
f 5117//5555 5406//5565 5118//5583 5120//5554
f 5406//5565 5080//5564 5079//5584 5118//5583
f 5080//5564 5407//5566 5419//5585 5079//5584
f 5407//5566 5408//5567 5420//5586 5419//5585
f 5005//5550 5006//5549 5091//5578 5121//5587
f 5421//5588 5081//5556 5120//5554 5118//5583
f 5085//5589 5409//5568 5082//5521 5399//5540
f 5085//5589 5399//5540 5396//5539 5412//5573
f 5129//5590 5402//5557 5081//5556 5421//5588
f 5094//5591 5093//5558 5402//5557 5129//5590
f 5393//5536 5383//5507 5433//5581 5420//5586
f 5400//5546 5096//5543 5416//5579 5097//5592
f 5088//5593 5098//5547 5400//5546 5097//5592
f 5064//5594 5401//5551 5005//5550 5121//5587
f 5422//5595 5041//5570 5410//5571 5423//5596
f 5424//5597 5069//5560 5403//5559 5016//5598
f 5042//5553 5418//5552 5411//5572 5425//5599
f 5425//5599 5411//5572 5041//5570 5422//5595
f 5061//5569 5409//5568 5083//5600 5426//5601
f 5423//5596 5410//5571 5401//5551 5064//5594
f 5420//5586 5408//5567 5414//5575 5393//5536
f 5067//5582 5404//5562 5413//5574 5427//5602
f 5427//5602 5413//5574 5069//5560 5424//5597
f 5417//5580 5098//5547 5088//5593 5101//5603
f 5091//5578 5417//5580 5101//5603 5121//5587
f 5416//5579 5093//5558 5094//5591 5097//5592
f 5415//5577 5397//5544 5114//5576 5428//5604
f 5409//5568 5085//5589 5429//5605 5083//5600
f 5085//5589 5412//5573 4873//5606 5429//5605
f 5412//5573 5042//5553 5425//5599 4873//5606
f 4873//5606 5425//5599 5422//5595 5062//5607
f 5422//5595 5423//5596 5007//5608 5062//5607
f 5016//5598 5403//5559 5415//5577 5428//5604
f 5114//5576 5061//5569 5426//5601 5084//5609
f 5426//5601 5083//5600 5431//5610 5430//5611
f 5064//5594 5121//5587 5122//5612 5109//5613
f 5079//5584 5419//5585 5432//5614 5149//5615
f 5118//5583 5079//5584 5149//5615 5421//5588
f 5432//5614 5419//5585 5420//5586 5433//5581
f 5433//5581 5405//5563 5067//5582 5432//5614
f 5088//5593 5097//5592 5086//5616 5090//5617
f 5094//5591 5129//5590 5126//5618 5434//5619
f 5119//5620 5424//5597 5016//5598 5127//5621
f 5007//5608 5423//5596 5064//5594 5109//5613
f 5432//5614 5067//5582 5427//5602 5149//5615
f 5097//5592 5094//5591 5434//5619 5086//5616
f 5149//5615 5427//5602 5424//5597 5119//5620
f 5421//5588 5149//5615 5119//5620 5129//5590
f 5429//5605 4873//5606 5062//5607 5063//5622
f 5431//5610 5083//5600 5429//5605 5063//5622
f 5063//5622 5062//5607 5007//5608 5109//5613
f 5127//5621 5016//5598 5428//5604 5436//5623
f 5109//5613 5122//5612 5435//5624 5063//5622
f 5114//5576 5084//5609 5436//5623 5428//5604
f 5088//5593 5090//5617 5437//5625 5101//5603
f 5121//5587 5101//5603 5437//5625 5122//5612
f 5119//5620 5127//5621 5126//5618 5129//5590
f 5084//5609 5426//5601 5430//5611 5086//5616
f 5435//5624 5430//5611 5431//5610 5063//5622
f 5436//5623 5434//5619 5126//5618 5127//5621
f 5090//5617 5086//5616 5430//5611 5435//5624
f 5434//5619 5436//5623 5084//5609 5086//5616
f 5435//5624 5122//5612 5437//5625 5090//5617
