# Blender 4.2.1 LTS
# www.blender.org
o ground_truth
v -13.472903 104.104370 4.377709
v -13.606593 103.862694 4.288367
v -13.749267 103.629959 4.213770
v -14.428548 102.407066 4.098665
v -15.061165 101.182068 4.098767
v -15.672173 99.950554 4.202562
v -16.109030 98.658295 4.139136
v -16.433905 97.341995 4.119006
v -16.576200 95.996178 4.022511
v -16.499975 94.635262 3.874024
v -16.300879 93.533249 3.077288
v -16.219891 92.188583 2.835531
v -16.128990 90.829735 2.766821
v -16.269598 89.508141 3.009672
v -15.445190 88.290962 3.037165
v -15.407402 86.838631 3.270719
v -15.607167 85.414551 3.604521
v -15.681270 84.030754 4.121820
v -15.386841 82.705933 4.719077
v -15.298797 81.446533 5.494779
v -15.014522 80.282677 6.370568
v -14.708855 79.231377 7.369388
v -14.249816 78.308434 8.438805
v -13.758204 77.565613 9.625416
v -12.736373 76.935173 10.493725
v -11.736445 76.449577 11.469286
v -10.438472 76.039078 12.040385
v -9.050426 75.694084 12.405463
v -7.600666 75.396812 12.354651
v -6.196428 75.244156 12.136931
v -4.948719 75.128960 11.457767
v -3.762653 75.078453 10.667689
v -2.802335 75.104607 9.610985
v -1.964754 75.144119 8.451904
v -1.341645 75.175774 7.161475
v -0.954411 75.180382 5.777114
v -0.723586 75.160622 4.355042
v -0.856156 75.202316 2.921413
v -1.060796 75.250526 1.508640
v -0.971900 75.488350 1.545433
v -0.877041 75.727722 1.581393
v -0.778975 75.969444 1.617553
v -0.681615 76.209305 1.653613
v -0.580193 77.510201 1.625820
v -0.349957 78.812592 1.711029
v -0.113366 80.013268 2.262311
v 0.006131 81.226524 2.504850
v 0.033287 82.440086 2.242906
v -0.089899 82.785843 3.517941
v -0.002045 83.294014 4.774438
v -0.071347 84.010506 5.841552
v -0.075611 84.886650 6.837468
v 0.096618 85.785042 7.864813
v 0.127896 87.084274 8.709705
v 0.202395 88.279137 9.659562
v 0.237070 89.632591 10.336985
v 0.239200 91.064842 10.812628
v 0.232274 92.531387 11.135277
v 0.206241 94.019310 11.329481
v 0.163660 95.494179 11.594132
v 0.130527 96.964828 11.870353
v 0.085476 98.429497 12.164993
v 0.040214 99.889427 12.471670
v 0.006747 101.334549 12.838244
v 0.015628 101.819565 13.054497
v -0.478468 101.810616 13.077666
v -0.950481 101.788788 13.225069
v -1.434139 101.756615 13.136559
v -1.927125 101.795158 13.147789
v -2.410572 101.812263 13.049548
v -2.855048 101.864311 12.854370
v -3.342973 101.894722 12.837192
v -3.812876 101.959518 12.713078
v -4.302653 101.988205 12.716105
v -4.781560 102.010872 12.821970
v -5.255813 102.042076 12.691932
v -5.671909 102.063271 12.434821
v -6.116397 102.111488 12.238750
v -6.584176 102.155182 12.103316
v -7.065553 102.199219 12.022633
v -7.552221 102.237602 11.978106
v -8.036382 102.314629 11.927027
v -8.496458 102.357590 11.732412
v -8.870658 102.393311 11.405227
v -9.296886 102.437035 11.154955
v -9.759888 102.491722 10.966975
v -10.183894 102.575111 10.697236
v -10.229302 102.059532 10.741483
v -10.335124 100.842255 11.237065
v -10.360260 99.584412 11.639878
v -10.392517 98.294304 11.898250
v -10.418321 96.997215 12.109667
v -10.407215 95.692627 12.211801
v -10.536829 102.650124 10.448638
v -10.820861 102.703247 10.121545
v -11.091228 102.766251 9.787563
v -11.353717 102.830704 9.448405
v -11.593499 102.891045 9.095128
v -11.616764 102.342171 9.060890
v -11.733585 101.026726 8.997740
v -11.895549 99.721474 8.922915
v -12.184343 98.475853 9.233025
v -12.249478 97.488892 10.098289
v -12.415251 96.356400 10.741679
v -11.917712 102.973061 8.731718
v -12.216412 103.128105 8.373575
v -12.480700 103.249016 7.977910
v -12.720807 103.346794 7.554280
v -12.900992 103.455322 7.099943
v -13.060086 103.574524 6.645248
v -13.111096 103.650635 6.169494
v -13.285011 103.755775 5.729786
v -13.425974 103.907310 5.289999
v -13.425946 103.997597 4.818145
v -11.185287 102.313019 10.139004
v -1.308474 101.264359 13.304736
v -2.620096 101.345078 12.834086
v -3.976508 101.483719 12.518165
v -5.328357 101.554680 12.830754
v -6.494682 101.632217 12.056132
v -7.902064 101.804855 12.145476
v -8.902696 101.927635 11.160227
v -12.614270 102.759132 8.297478
v -13.171889 103.012505 7.121081
v -13.062494 103.224892 5.800648
v -13.754860 103.552979 4.698951
v -13.593315 103.777687 4.759870
v -14.218554 102.222603 4.537709
v -14.766873 100.882332 4.425754
v -15.317698 99.534508 4.364202
v -15.745775 98.137459 4.248232
v -15.997954 96.723778 4.077242
v -16.064428 95.309212 3.832979
v -15.905624 93.934868 3.481191
v -15.997510 92.516548 3.329615
v -15.971456 91.080589 3.244286
v -15.977744 89.655220 3.402581
v -15.438441 88.347145 3.543028
v -15.502922 86.944084 3.758874
v -15.585179 85.563248 4.087567
v -15.546785 84.222824 4.568373
v -15.343137 82.940422 5.160834
v -15.201022 81.724541 5.901130
v -14.899463 80.602180 6.738077
v -14.550676 79.586029 7.685399
v -14.133720 78.702736 8.730437
v -13.526291 77.980652 9.801348
v -12.615939 77.375725 10.716975
v -11.541573 76.914055 11.534089
v -10.292445 76.519905 12.100142
v -8.943585 76.188721 12.420574
v -7.545120 75.895988 12.353967
v -6.146102 75.746063 12.117593
v -4.893806 75.630547 11.448950
v -3.697550 75.579796 10.675200
v -2.734498 75.605614 9.623206
v -1.874158 75.639175 8.484974
v -1.248434 75.670097 7.202707
v -0.843460 75.668236 5.832238
v -0.612799 75.649918 4.419980
v -0.744343 75.693504 2.996103
v -15.688453 89.821495 3.782360
v -15.429184 88.386276 4.051111
v -15.606814 86.934349 4.268734
v -15.561202 85.499222 4.635877
v -15.374099 84.115738 5.141223
v -15.268366 82.795837 5.816764
v -15.000099 81.566826 6.613336
v -14.655464 80.446426 7.528545
v -14.222101 79.464462 8.556246
v -13.542648 78.642563 9.592601
v -12.772597 77.975586 10.675838
v -11.606687 77.473648 11.448880
v -10.342763 77.053314 12.104209
v -8.937495 76.705986 12.431023
v -7.486202 76.384026 12.426357
v -7.439491 76.379082 12.421088
v -7.392694 76.374641 12.415709
v -6.026127 76.240776 12.063720
v -4.768080 76.127274 11.420204
v -3.579612 76.079834 10.647449
v -2.614504 76.105003 9.608346
v -1.741252 76.131561 8.491472
v -1.122107 76.159569 7.217803
v -0.705642 76.151695 5.864498
v -0.479947 76.135239 4.466071
v -0.636489 76.185867 3.062007
v -11.012830 98.599800 9.932509
v -10.874881 97.543091 10.738090
v -0.451494 80.326309 7.875818
v -5.938306 95.857666 12.086005
v -10.853092 97.769829 9.989707
v -0.053988 79.245270 4.776952
v -8.537506 97.441490 10.925836
v -13.059857 99.208191 9.404152
v -13.246648 96.566505 10.132024
v -0.696545 80.602776 3.782761
v -9.110591 95.545464 12.332500
v -0.075150 81.955467 4.739597
v -0.162091 78.436371 3.562176
v -0.282953 83.062851 6.750342
v -0.346156 80.759819 6.175275
v -0.428982 84.019127 7.506831
v -5.655650 97.760315 12.820177
v -4.850039 91.502701 10.835660
v -3.323405 93.926186 11.512280
v -7.770769 99.471306 11.599734
v -6.118496 82.633308 12.300616
v -0.179171 80.045433 6.382471
v -10.235958 91.478874 11.002310
v -3.018865 96.935936 11.563591
v -14.878107 94.754807 5.737471
v -12.803767 93.716713 9.523385
v -0.942856 77.086136 7.667729
v -1.920277 89.002251 11.108721
v -2.324428 94.676941 11.229481
v -8.915174 99.542686 10.750185
v -13.602635 100.286064 8.676932
v -14.226132 95.527184 7.006022
v -9.443664 83.342842 12.940835
v -6.490106 96.203415 11.416320
v -0.608030 79.194817 7.242298
v -11.528580 94.559692 10.413547
v -14.703280 88.942894 7.504828
v -2.643722 99.972748 12.369879
v -1.346988 95.610100 12.130976
v -13.216997 97.477379 7.895204
v -12.917060 94.364586 10.396378
v -1.190791 89.335434 10.074120
v -2.312399 92.222984 10.818719
v -13.658515 99.023613 8.505642
v -13.385510 95.962875 8.078216
v -13.752967 96.550316 7.343638
v -7.304788 78.532524 12.671729
v -7.337514 96.338966 10.906462
v -11.771802 95.774651 10.123524
v -12.030807 93.481163 11.437490
v -12.826088 80.769569 10.696383
v -13.231981 100.293175 7.085635
v -14.744143 93.298264 6.493300
v -14.527580 94.413589 6.763387
v -13.083321 95.496048 8.747455
v -14.601748 95.982834 6.012617
v -1.564384 77.064308 8.953616
v -3.037917 81.368706 10.667460
v -1.577676 80.202026 8.905675
v -1.246062 79.118378 8.510608
v -7.537582 98.412277 11.293591
v -4.109386 100.156052 12.169826
v -0.647385 85.409309 8.396049
v -2.493606 86.156067 10.278712
v -1.384130 84.751244 10.390767
v -7.381825 77.250694 12.564783
v -9.852804 79.229851 12.473453
v -11.542964 81.122307 11.546442
v -7.406713 97.378227 11.042455
v -6.575944 97.114006 11.755610
v -6.697582 98.102577 12.154030
v -10.269096 95.019623 11.576348
v -14.592841 92.050407 7.192764
v -14.432395 93.020981 7.406894
v -14.068538 83.846123 9.145569
v -14.583364 86.452461 8.029130
v -14.263593 85.664467 8.742433
v -14.369759 84.645432 8.586076
v -13.510365 81.476166 9.942027
v -2.455453 95.640259 11.378845
v -3.384852 95.121544 11.549132
v -4.407001 94.925552 12.471336
v -13.189926 95.787560 9.882633
v -1.472511 78.055031 9.404282
v -1.302494 91.882317 11.089003
v -2.765211 91.256630 10.879060
v -1.590666 87.737999 9.582146
v -1.518538 86.827454 10.775229
v -1.490026 87.702423 10.751992
v -1.931412 92.885963 10.994419
v -4.788619 79.358841 11.993015
v -3.937284 80.332207 11.219342
v -3.784575 79.289581 11.139101
v -4.890779 81.454773 12.247407
v -6.058650 78.409195 12.189414
v -8.614566 78.849052 12.775504
v -8.483559 79.933601 12.880863
v -4.468369 97.445389 12.201750
v -4.782805 96.340828 12.596145
v -11.371806 93.458992 10.715445
v -13.435328 91.383461 8.994474
v -13.613321 92.264641 8.673604
v -13.533202 92.971420 8.650571
v -13.050511 92.502129 9.256585
v -14.400340 90.170151 8.077268
v -14.746531 90.030083 7.256716
v -12.484016 91.002708 10.631505
v -14.361890 89.251060 8.284202
v -14.287210 88.495216 8.498467
v -14.930242 92.190697 6.312269
v -15.130388 89.929047 6.276024
v -12.559119 89.697624 10.189023
v -11.299205 90.182915 12.096477
v -13.220970 89.536011 9.528285
v -11.926134 90.465012 11.603854
v -11.576647 89.786697 11.911492
v -14.073680 82.279327 9.199624
v -13.648842 84.523468 9.675977
v -2.722719 98.562309 11.883924
v -2.873286 80.311760 10.468344
v -3.249058 82.430862 10.889612
v -3.689627 78.230469 11.001582
v -9.657406 80.271339 12.645874
v -14.553453 87.763680 8.018437
v -13.852974 88.477875 9.133583
v -13.327974 86.688904 9.915011
v -4.219607 98.786705 12.184026
v -4.571103 83.416344 11.457984
v -4.110403 81.385269 11.305203
v -13.157613 88.577385 9.718090
v -12.349445 88.490135 10.560689
v -12.701086 87.427322 10.163874
v -13.905353 87.425133 9.191921
v -2.038479 82.387497 10.895567
v -2.433754 83.384048 10.071316
v -4.977040 82.494003 12.345249
v -11.394423 100.971275 10.357944
v -0.417882 82.511612 8.443167
v -0.479646 83.222549 8.582236
v -0.593378 81.372108 8.794617
v -0.347797 81.863510 7.943803
v -3.143150 85.665596 11.253841
v -2.598575 85.181778 10.071137
v -3.517606 86.371819 10.561896
v -4.573669 86.126427 11.898043
v -5.287011 84.481926 12.472647
v -2.392931 83.448067 11.129365
v -5.018363 85.292633 11.692090
v -5.099491 83.507896 12.411125
v -2.733730 84.498833 11.262521
v -7.337761 90.246277 12.829999
v -6.059121 79.508621 12.216961
v -11.208297 81.993904 11.748524
v -10.309797 82.485344 12.449697
v -12.595192 83.133186 10.788965
v -10.766547 83.305237 12.076021
v -14.014008 85.176392 9.141221
v -13.701659 85.866371 9.527586
v -12.114163 86.748657 10.815057
v -0.460354 82.715881 7.795392
v -9.862615 93.578255 12.235153
v -9.725413 93.767845 11.381989
v -9.528765 92.548370 12.286824
v -9.142780 94.471504 12.579999
v -8.426960 91.477173 12.880202
v -9.184909 91.451378 12.164918
v -6.037910 86.984138 12.625096
v -4.137658 91.030251 11.536791
v -2.378427 90.382896 11.396303
v -3.383530 87.977989 10.504678
v -2.549982 88.028465 11.165463
v -4.412015 88.327873 10.790330
v -4.448842 87.773178 11.331652
v -4.477346 87.194313 12.079854
v -5.133073 86.798210 11.850729
v -5.610305 85.501472 12.521108
v -7.252960 81.781288 12.434692
v -6.088159 81.621391 12.201286
v -6.756533 85.563026 12.436300
v -6.186187 84.492645 12.655058
v -6.453303 86.210548 12.866340
v -6.152445 83.612602 12.494241
v -13.223506 85.237785 10.112390
v -12.134935 85.262825 10.989594
v -12.733482 85.988396 10.502374
v -11.069808 83.829704 11.814725
v -10.275115 89.092491 11.997056
v -10.975717 89.353180 12.245364
v -10.803192 90.024696 11.976327
v -10.660417 84.229309 12.478312
v -8.980793 85.708916 12.229825
v -10.521399 87.448730 12.543684
v -8.608439 89.458374 11.805393
v -11.091538 85.129478 12.011292
v -11.865588 87.577400 11.520577
v -9.435887 89.571587 11.374385
v -8.354788 90.317650 12.878106
v -3.706281 89.316673 11.123948
v -3.108394 92.626259 11.198770
v -5.008544 94.148964 12.300506
v -5.854227 87.435295 12.108957
v -6.773679 94.606346 10.816653
v -6.382817 95.409210 11.146605
v -7.172363 95.343513 10.823572
v -5.842865 93.618668 10.925393
v -5.800719 92.733574 10.765195
v -5.998018 94.758636 11.439843
v -5.234784 95.424644 12.503535
v -6.010571 94.252403 11.030905
v -5.781707 94.343040 11.568048
v -7.970703 85.154213 12.236292
v -8.312418 83.085381 12.733515
v -8.994750 87.332344 11.881233
v -8.240415 89.233894 12.736979
v -6.690629 87.898033 12.837729
v -9.325511 90.520485 11.255678
v -2.886018 91.691193 11.790034
v -4.940196 92.631645 11.647183
v -5.557977 89.803162 12.161979
v -6.605042 89.368561 12.478493
v -5.950328 91.663300 10.984200
v -7.232662 93.441795 11.903386
v -8.527735 92.846931 12.760384
v -6.592021 93.708023 10.887387
v -8.386436 86.577011 12.011119
v -0.387883 77.316460 3.175712
v -0.108966 81.506172 3.561162
v -1.335192 99.793610 13.105600
v -8.867864 100.734383 10.840607
v -11.271838 99.488068 10.397048
v -13.138297 101.533287 8.490652
v -5.355784 100.253532 12.905560
v -6.616586 100.403702 12.271242
v -13.662496 101.695793 7.057850
v -13.224266 101.865219 5.606217
v -13.690880 100.511345 5.530698
v -14.115058 99.080109 5.356516
v -14.660209 97.717110 5.125684
v -14.972379 96.368858 4.854117
v -15.169167 95.043335 4.630733
v -15.357562 93.729729 4.451020
v -15.601151 92.425774 4.300194
v -15.792040 91.119789 4.128373
v -8.767680 77.734261 12.628376
v -6.041990 77.283463 12.158539
v -4.765966 77.213066 11.622397
v -3.620442 77.160469 10.840045
v -2.629350 77.137886 9.861028
v -0.602373 77.147804 6.270202
v -0.376583 77.187492 4.799161
v -1.391145 98.342400 12.761363
v -1.433569 96.886620 12.421184
v -7.994042 100.579185 11.995714
v -10.080993 78.156143 12.299892
v -11.268366 78.607414 11.722052
v -12.364324 79.128685 11.069668
v -13.272829 79.763641 10.267458
v -13.943439 80.529373 9.359015
v -14.489408 81.413055 8.488739
v -14.856349 82.399010 7.660190
v -15.159839 83.479546 6.956092
v -15.384288 84.643913 6.383503
v -15.566141 85.896507 5.961539
v -15.683127 87.220398 5.640419
v -15.765637 88.564636 5.391135
v -15.763816 89.883766 5.241275
v -0.695626 87.196098 8.863119
v -0.831052 88.200645 9.402402
v -0.943719 90.397255 10.597613
v -0.826273 92.797943 11.349620
v -0.697265 93.787827 11.627631
v -0.660619 94.631172 11.792754
v -9.384542 98.643745 11.433867
v -9.301275 97.813797 11.677706
v -9.203246 96.727150 11.999856
v -11.038161 98.460136 10.782237
v -11.567086 96.956703 9.728321
v -11.439501 97.730034 9.508578
v -13.179583 97.466713 9.962366
v -13.159169 98.419334 9.690056
v -0.046403 82.568024 5.951476
v -0.308809 84.599297 7.887785
v -13.394020 98.602577 6.960932
v -14.069297 97.207138 6.345963
v -15.091083 93.531792 5.514519
v -15.277305 92.315994 5.332787
v -5.467532 98.976173 12.858355
v -6.766983 99.210907 12.481276
v -15.486002 91.101974 5.226686
v -8.630118 98.472702 10.797966
v -8.415731 96.321449 11.158175
v -10.715047 97.136765 10.058455
v -10.413363 96.219536 10.386950
v -0.238584 78.253914 5.170130
v -0.800656 78.204247 6.606152
v -1.138505 78.093842 8.019368
v -2.678927 78.188393 10.074508
v -4.769489 78.295525 11.813453
v -10.962884 79.667381 11.969536
v -11.919992 80.173897 11.314837
v -14.444293 83.156181 8.466501
v -14.698938 84.097374 7.828568
v -14.860313 85.108360 7.328038
v -14.948504 86.234184 6.991081
v -15.002736 87.485466 6.744325
v -15.092133 88.727913 6.451413
v -0.692859 79.702850 3.920792
v -1.327340 86.951141 9.228520
v -1.026307 86.162209 8.896766
v -0.595885 86.410942 8.478013
v -1.836138 90.891357 10.517767
v -2.364290 89.846962 10.436312
v -1.523580 94.646194 11.800711
v -1.572694 93.755356 11.518572
v -1.514663 92.993164 11.335823
v -12.164602 95.326004 10.957514
v -12.858696 95.469963 10.693646
v -13.558957 98.011139 8.838785
v -13.444928 97.189415 9.224448
v -0.521478 83.251465 7.652802
v -2.001575 88.333282 10.223050
v -10.099031 94.653152 12.337831
v -13.350139 96.626732 9.509945
v -0.205157 79.207962 5.857818
v -0.463438 81.069801 4.939650
v -15.051956 91.074272 6.233446
v -10.376655 94.854469 10.434035
v -7.978626 95.095665 11.607112
v -0.008238 81.978439 5.463258
v -1.607346 92.578606 11.189960
v -12.164515 94.522331 11.210552
v -1.456898 79.076332 9.886317
v -2.466088 93.598824 11.029529
v 0.028044 80.350975 5.130036
v -0.070831 79.868050 5.462424
v -0.587638 84.122795 8.627984
v -0.757438 85.065178 9.332999
v -14.541938 85.468529 8.181917
v -13.637753 83.072678 9.784893
v -13.076242 82.342918 10.429104
v -12.341974 81.685143 10.981293
v -10.639590 80.665474 12.096047
v -7.248611 79.675468 12.674582
v -2.750387 79.250778 10.283806
v -13.115366 96.718071 8.600634
v -0.486254 82.380203 7.251923
v -0.175406 81.919212 6.602613
v -0.993804 85.990578 9.734429
v -1.205395 86.818932 9.969652
v -1.391833 87.433716 10.098687
v -0.025376 81.439285 5.797025
v -13.071004 96.178711 9.210274
v -14.704471 91.060722 7.157571
v -13.825286 95.095673 7.848855
v -14.096300 94.036003 7.747548
v -8.163671 94.000542 12.316112
v -9.226180 93.628532 12.625110
v -10.364745 93.619896 10.627818
v -12.654798 93.220390 10.770612
v -2.753375 89.460312 11.474937
v -1.558309 80.160492 10.299606
v -3.048724 94.582863 11.306752
v -3.993507 95.821960 11.916312
v -5.866817 96.714561 12.523682
v -4.825560 80.419159 12.130352
v -6.069423 80.581062 12.192727
v -0.401780 81.186531 7.187781
v -14.145645 86.354332 8.893903
v -13.167786 83.822632 10.249124
v -11.918601 82.512756 11.264028
v -10.422511 81.605270 12.280021
v -9.513953 81.279480 12.803741
v -8.378043 80.991997 12.922921
v -7.226358 80.754868 12.593612
v -13.107323 94.991806 9.488873
v -3.227930 90.675621 11.823530
v -0.867600 83.856308 9.820984
v -0.725706 83.072784 9.495401
v -1.468599 85.875916 10.627603
v -9.512902 92.625786 11.298573
v -12.657024 92.848724 9.924633
v -3.285024 88.807426 11.221690
v -2.545229 86.997086 10.786637
v -14.392313 91.074593 7.948599
v -3.527359 89.853470 11.467647
v -13.355804 94.777687 8.420350
v -13.813352 93.374123 8.307365
v -14.088427 92.646950 8.112237
v -14.294667 91.890999 7.927807
v -10.293868 92.497093 10.751780
v -11.176847 92.454346 11.051825
v -11.838017 92.486320 11.650708
v -12.424930 92.226891 11.069461
v -3.682847 94.402306 12.167140
v -0.730967 82.305412 9.296794
v -13.002962 94.318657 8.941211
v -1.693038 81.326340 9.381315
v -1.771488 81.275139 10.667937
v -8.316503 82.035553 12.873618
v -9.427495 82.283249 12.914947
v -10.949430 82.757408 11.948709
v -11.516422 83.242378 11.541062
v -12.103398 83.865654 11.118021
v -12.685870 84.549591 10.653100
v -1.652716 83.599419 10.016265
v -1.893469 84.187927 10.276503
v -1.417667 83.041367 9.750775
v -7.187323 94.192520 11.258820
v -3.369076 93.045441 12.086980
v -3.878227 92.027824 12.076169
v -13.922258 90.302094 8.736640
v -13.877274 89.396431 8.953313
v -9.340477 91.552132 11.210894
v -12.542895 91.930191 10.270776
v -5.968408 95.194260 11.685884
v -13.387488 93.790154 8.604812
v -13.639888 94.204987 8.281592
v -1.913461 82.519279 9.577516
v -6.233348 94.781967 11.032198
v -4.071708 90.219170 10.878825
v -7.356872 92.443810 12.353051
v -10.990886 91.540054 11.389385
v -11.645564 91.560890 11.839772
v -12.194395 91.309662 11.346191
v -13.949513 91.136757 8.531074
v -5.526173 94.766869 12.043026
v -2.656473 84.282478 10.216236
v -4.267522 93.520508 12.314355
v -13.971110 91.766479 8.392268
v -13.177909 93.244003 8.997766
v -4.320860 82.423607 11.391228
v -7.252382 82.818977 12.312979
v -10.346877 83.333549 12.569669
v -11.540738 84.521263 11.412659
v -13.320889 90.478477 9.267993
v -6.660746 92.939445 11.237908
v -6.430933 94.196068 10.797611
v -8.684096 90.502281 11.949492
v -3.720936 88.672516 10.523396
v -3.402735 87.207870 10.349431
v -5.092817 90.331909 10.722919
v -10.187290 90.587379 11.306989
v -7.355457 91.337990 12.677661
v -6.439019 92.118423 11.824690
v -12.890923 91.627373 9.558700
v -4.092276 89.377693 10.553898
v -13.296999 87.815849 9.743806
v -10.853423 90.728104 11.686655
v -11.453296 90.763832 11.994831
v -3.503344 83.448051 11.190719
v -5.477746 93.658539 11.675159
v -7.175926 83.837517 12.234178
v -8.298120 84.143875 12.380051
v -9.553471 84.676636 12.809183
v -3.933106 86.893196 11.187831
v -4.043598 87.411110 10.792192
v -4.012722 87.896828 10.552218
v -12.745622 90.700081 9.869592
v -11.552277 85.965355 11.419975
v -5.016316 89.118599 11.158881
v -5.610690 90.793175 11.610855
v -12.309162 90.084473 11.016280
v -12.005332 89.194077 11.516273
v -11.225896 86.692413 12.155976
v -6.458246 91.099510 12.180444
v -10.215949 89.790451 11.606450
v -3.882827 86.510460 11.780564
v -10.548765 85.767548 12.716043
v -4.799911 84.397980 11.572130
v -3.769223 84.412239 11.539688
v -6.989798 84.772102 12.288554
v -4.088809 85.363937 11.770711
v -9.661204 88.718239 11.590572
v -8.710058 88.431374 11.658287
v -4.262698 87.293541 11.544677
v -9.806617 86.534370 12.235181
v -7.187329 89.194138 12.894029
v -6.447309 90.139908 12.517411
v -8.130317 88.135574 12.568439
v -6.203163 85.167725 12.789574
v -7.519526 86.023743 12.102422
v -4.912860 88.156593 12.159727
v -9.974485 87.974083 11.957364
v -6.021440 88.813400 12.185906
v -11.230315 88.421745 12.154103
v -8.003127 87.258476 11.974087
v -5.084342 85.917160 11.753345
v -10.407717 88.543167 12.307336
v -5.449325 86.300926 12.207851
v -7.341446 86.771576 12.729382
v 0.012821 102.222832 13.184028
v 0.026486 102.535706 12.894011
v 0.025665 102.642738 13.010241
v 0.047227 102.968872 13.151402
v 0.068728 103.293495 13.001505
v 0.077112 103.643944 13.266776
v 0.094574 104.063103 13.138906
v 0.122440 104.025085 13.568847
v 0.137978 104.359550 13.826632
v 0.157482 104.470085 13.419293
v 0.024675 103.754471 13.063066
v -0.135186 102.943459 12.936994
v -0.155176 102.070946 12.779803
v -13.053403 104.199463 4.348387
v -13.003527 104.623428 4.438884
v -12.945312 105.061966 4.626337
v -12.915192 105.469994 4.598856
v -12.881233 105.904381 4.594790
v -12.837651 106.329491 4.728544
v -13.222255 106.454872 4.856531
v -13.138901 106.871948 4.850561
v -12.776748 106.661232 4.777466
v -13.134748 105.907921 4.714527
v -13.083399 105.232849 4.584341
v -13.047961 104.882805 4.493192
v -13.040290 104.804115 4.474915
v -13.392366 104.508766 4.468493
v -13.050197 106.793274 5.328794
v -12.919411 106.712578 5.796867
v -12.775134 106.642601 6.262672
v -12.551423 106.623795 6.701181
v -12.554594 106.473038 7.170203
v -12.360773 106.393738 7.616157
v -12.057801 106.367973 8.003818
v -12.041198 106.153114 8.446855
v -11.784552 106.023827 8.846995
v -11.526809 105.938110 9.257996
v -11.234326 105.905006 9.653060
v -10.840739 105.858841 9.945776
v -10.599957 105.735756 10.357612
v -10.181536 105.653946 10.604449
v -9.780253 105.573631 10.878679
v -9.386588 105.539848 11.172881
v -8.969543 105.412048 11.401829
v -8.512751 105.360962 11.579036
v -8.037786 105.448280 11.676367
v -7.565811 105.406593 11.811336
v -7.117149 105.351685 12.007331
v -6.770340 105.157425 12.298364
v -6.344136 105.014664 12.500043
v -5.891647 104.943970 12.681572
v -5.463108 104.793510 12.872377
v -5.054705 104.667557 13.117393
v -4.665887 104.504128 13.371982
v -4.197657 104.657280 13.367970
v -3.707193 104.645134 13.412569
v -3.230743 104.565872 13.509410
v -2.763505 104.461746 13.625613
v -2.293161 104.365723 13.736136
v -1.809875 104.311829 13.814841
v -1.321435 104.373169 13.796931
v -0.837693 104.452957 13.749283
v -0.352802 104.374992 13.787254
v -0.365831 104.066139 13.131550
v -0.826019 104.068886 13.118001
v -1.286132 104.073265 13.102518
v -1.746131 104.079796 13.084833
v -2.205543 104.097427 13.025729
v -2.663924 104.118484 12.959763
v -3.121851 104.142540 12.891589
v -3.579184 104.169716 12.820892
v -4.032418 104.207336 12.712356
v -4.483149 104.248123 12.592197
v -4.932874 104.291100 12.469791
v -5.381871 104.336418 12.345375
v -5.827627 104.385307 12.204158
v -6.269848 104.436852 12.053290
v -6.711296 104.490845 11.901156
v -7.152070 104.546997 11.748262
v -7.587265 104.604973 11.576740
v -8.013743 104.668236 11.379138
v -8.440015 104.729454 11.180040
v -8.864995 104.793633 10.979419
v -9.288925 104.861244 10.778123
v -9.686053 104.931290 10.527643
v -10.025098 105.008171 10.218693
v -10.363448 105.085060 9.908220
v -10.700161 105.164406 9.596539
v -11.035060 105.245255 9.283244
v -11.301332 105.325188 8.911047
v -11.522359 105.408875 8.517175
v -11.741122 105.494591 8.122462
v -11.957566 105.582787 7.727082
v -12.172364 105.672356 7.330855
v -12.326964 105.760330 6.906284
v -12.444386 105.852135 6.471285
v -12.560490 105.943970 6.035722
v -12.675071 106.035316 5.599479
v -12.788218 106.126114 5.162647
v -0.394790 103.294632 12.992833
v -0.858246 103.296684 12.980080
v -1.321541 103.298393 12.964600
v -1.784308 103.302574 12.938018
v -2.243879 103.322830 12.882779
v -2.702990 103.343285 12.824588
v -3.160906 103.365112 12.758367
v -3.616271 103.398674 12.676317
v -4.068937 103.433678 12.581279
v -4.518531 103.475487 12.474219
v -4.966877 103.518044 12.363706
v -5.413931 103.561134 12.249566
v -5.859526 103.604141 12.132319
v -6.299831 103.650185 11.993015
v -6.738631 103.696815 11.850638
v -7.175876 103.744743 11.705112
v -7.611468 103.795631 11.557302
v -8.038881 103.853676 11.382704
v -8.455437 103.914848 11.184196
v -8.870322 103.977470 10.983600
v -9.283372 104.042213 10.780933
v -9.663630 104.109886 10.518281
v -10.042312 104.182617 10.254811
v -10.384293 104.263725 9.940403
v -10.723765 104.348671 9.624841
v -11.061166 104.436050 9.308298
v -11.345332 104.528275 8.939181
v -11.573851 104.625786 8.535640
v -11.800367 104.724907 8.131475
v -12.024583 104.825462 7.726389
v -12.245914 104.926384 7.320501
v -12.397849 105.024315 6.885449
v -12.515163 105.125137 6.443051
v -12.630237 105.227821 6.000565
v -12.742206 105.332359 5.558104
v -12.851740 105.436417 5.115374
v -0.443931 102.545830 12.880104
v -0.913860 102.545464 12.865903
v -1.383370 102.553322 12.845885
v -1.852985 102.567467 12.811053
v -2.321698 102.575943 12.768126
v -2.788719 102.593987 12.713904
v -3.253955 102.620155 12.649403
v -3.717798 102.651176 12.575106
v -4.179727 102.686028 12.489549
v -4.639089 102.724609 12.393778
v -5.099249 102.756874 12.300681
v -5.555949 102.780472 12.184694
v -6.010292 102.812881 12.060755
v -6.463441 102.853813 11.932634
v -6.913271 102.894302 11.792684
v -7.358654 102.937088 11.642002
v -7.798779 102.983719 11.478938
v -8.231736 103.032951 11.302027
v -8.656083 103.087357 11.104298
v -9.074019 103.140038 10.895021
v -9.482150 103.199280 10.670382
v -9.874301 103.270470 10.422718
v -10.177835 103.329773 10.156077
v -10.475994 103.394043 9.884692
v -10.772368 103.453934 9.610357
v -11.059882 103.523132 9.329139
v -11.326111 103.598549 9.028430
v -11.568208 103.701103 8.652205
v -11.798600 103.806595 8.268894
v -12.021682 103.904335 7.877896
v -12.235103 104.009727 7.482444
v -12.424210 104.110878 7.075423
v -12.556247 104.207764 6.648138
v -12.671030 104.311668 6.216575
v -12.767511 104.421959 5.781703
v -12.862917 104.522903 5.340940
v -12.958902 104.625694 4.903403
v -12.881571 104.767998 4.920104
v -12.891807 104.677147 5.377697
v -12.839442 104.558899 5.829025
v -12.662560 104.469948 6.249610
v -12.610175 104.352882 6.695519
v -12.404614 104.269463 7.101941
v -12.253722 104.162918 7.529719
v -11.989264 104.060730 7.898770
v -11.770288 103.963310 8.292578
v -11.548759 103.858543 8.681942
v -11.305701 103.756424 9.054771
v -11.594741 103.304298 9.164081
v -11.036928 103.681374 9.347699
v -10.804781 103.597000 9.673985
v -10.508321 103.535851 9.951327
v -10.157790 103.487244 10.163188
v -9.857832 103.429375 10.437030
v -9.985274 102.876709 10.492782
v -9.499080 103.346069 10.733694
v -9.098902 103.276489 10.976124
v -8.680400 103.221451 11.189240
v -8.221297 103.191727 11.313849
v -7.817620 103.121437 11.557932
v -7.383996 103.056252 11.745421
v -6.934075 103.017494 11.892196
v -6.482204 102.975304 12.034562
v -6.001705 102.970230 12.052924
v -5.580056 102.903992 12.280742
v -5.120572 102.859756 12.419942
v -4.661940 102.801552 12.531925
v -4.194080 102.792030 12.607043
v -3.731151 102.750954 12.697869
v -3.264808 102.722389 12.770408
v -2.799248 102.689835 12.839881
v -2.331933 102.668190 12.897075
v -1.862483 102.638428 12.952919
v -1.387936 102.638298 12.979751
v -0.916634 102.665405 12.968958
v -0.445340 102.648315 13.000263
v -10.748694 103.823051 9.611946
v -10.220067 103.732414 10.422632
v -11.324445 103.241089 9.501346
v -11.268682 103.869217 9.427654
v -12.902164 105.102295 5.022871
v -12.595608 105.569679 5.988238
v -12.922063 106.246315 6.269738
v -12.488545 104.518272 7.400770
v -12.086962 104.298721 8.187177
v -13.254196 104.487671 4.924550
v -13.075890 105.800209 5.188482
v -12.721825 106.543877 5.232417
v -13.204719 106.399475 5.337089
v -12.840197 105.761284 5.072549
v -13.081360 104.936119 5.104795
v -12.661801 104.753868 5.993884
v -0.476958 102.225311 13.158943
v -0.368292 103.648430 13.238225
v -0.368489 104.020950 13.555275
v -0.341580 104.518555 13.388982
v -0.465834 103.760826 13.074553
v -0.614690 102.958824 12.926447
v -0.653928 102.187798 12.790679
v -11.832433 103.378906 8.740997
v -0.413080 102.970901 13.143308
v -13.012660 104.094055 4.820319
v -11.025768 103.175880 9.808934
v -10.702209 103.098442 10.083652
v -10.331611 102.947227 10.249095
v -9.676906 102.892738 10.894662
v -0.870583 104.076775 13.538088
v -1.446690 104.023964 13.496501
v -12.606257 106.451492 5.682761
v -12.953140 105.701309 5.641152
v -0.924865 102.125305 12.971399
v -11.923492 103.404091 8.259398
v -12.168731 103.503601 7.855323
v -12.428813 103.632713 7.471449
v -12.718430 105.668167 5.527831
v -12.774063 104.849968 5.545119
v -12.549768 104.629066 6.451254
v -12.438954 104.537109 6.893273
v -12.079752 104.368797 7.692961
v -11.860940 104.174881 8.618258
v -11.569121 103.994850 9.053716
v -10.378371 103.755264 9.955671
v -9.816275 103.663139 10.710494
v -9.301195 103.549004 10.771966
v -8.860609 103.488525 10.995294
v -8.436954 103.447624 11.204065
v -12.909192 105.023521 5.473217
v -12.803805 104.913536 5.916022
v -1.405630 102.170174 13.046460
v -1.880797 102.159294 12.938423
v -2.353492 102.233589 13.030639
v -2.836174 102.266289 12.992322
v -3.316561 102.305283 12.945107
v -3.793031 102.351746 12.877112
v -4.267961 102.403091 12.802894
v -4.693611 102.339684 12.572776
v -5.171409 102.443192 12.583216
v -5.646867 102.484459 12.482556
v -6.114312 102.519585 12.359017
v -6.577902 102.563774 12.228665
v -7.039927 102.615173 12.095949
v -7.497795 102.658546 11.940173
v -7.950047 102.697182 11.765148
v -8.358721 102.673912 11.495222
v -8.821219 102.811523 11.390585
v -9.258285 102.856216 11.162064
v -13.072144 106.318375 5.801934
v -12.489664 106.355713 6.138173
v -12.369362 106.253075 6.603558
v -12.580392 106.067032 7.057068
v -12.396123 105.982170 7.525263
v -11.959762 105.995232 7.826048
v -12.033488 105.759331 8.288239
v -11.830444 105.620377 8.727322
v -11.587155 105.531120 9.158288
v -11.261271 105.498856 9.539664
v -10.883505 105.448174 9.858566
v -10.518577 105.366592 10.184029
v -10.026342 105.427879 10.282343
v -9.614449 105.347694 10.564017
v -9.230674 105.268570 10.885418
v -9.027862 105.006104 11.307563
v -8.567035 104.944656 11.528125
v -8.069777 105.034500 11.592278
v -7.568624 105.031273 11.616693
v -7.122948 104.967522 11.831462
v -6.860757 104.755981 12.207721
v -6.429267 104.617386 12.414005
v -5.979824 104.566917 12.590154
v -5.585972 104.502190 12.809078
v -5.182802 104.419533 12.957946
v -4.750915 104.346962 13.091209
v -4.295846 104.405457 13.187494
v -3.838929 104.385765 13.298435
v -3.372939 104.325394 13.373137
v -2.911868 104.231705 13.462931
v -2.445470 104.138733 13.538363
v -1.966227 104.062706 13.577367
v -0.826538 104.540672 13.336440
v -1.304193 104.494827 13.391545
v -0.826685 103.647537 13.239970
v -1.293269 103.650223 13.222789
v -1.770829 104.051895 13.299747
v -2.121368 104.066956 13.289851
v -2.559653 104.091125 13.246681
v -3.019309 104.130730 13.187579
v -3.485482 104.181618 13.123197
v -3.926408 104.318970 13.002521
v -4.380482 104.364540 12.883777
v -4.829105 104.267448 12.793544
v -5.233476 104.368889 12.666051
v -5.557270 104.410316 12.565387
v -0.883326 102.976257 13.136878
v -1.353404 102.969986 13.109344
v -1.763425 103.653984 13.199056
v -2.233335 103.673767 13.145316
v -2.701700 103.697098 13.084574
v -3.167975 103.721352 13.017389
v -3.636604 103.750633 12.944343
v -4.107343 103.788574 12.837234
v -4.567084 103.835144 12.718740
v -5.020809 103.882988 12.598837
v -5.475000 103.930481 12.476213
v -5.928720 103.983681 12.343070
v -6.375794 104.034325 12.192525
v -6.823895 104.086815 12.034641
v -7.273781 104.137413 11.855250
v -7.531172 104.200050 11.431534
v -8.015861 104.258545 11.381709
v -8.517283 104.325027 11.331589
v -8.959090 104.387978 11.122390
v -9.390634 104.451378 10.900758
v -9.714256 104.520531 10.530448
v -10.059649 104.591408 10.210624
v -10.502971 104.680008 10.038737
v -10.849517 104.762749 9.721333
v -11.193159 104.847733 9.401858
v -11.318715 104.926331 8.933146
v -11.710249 105.030815 8.635714
v -11.955397 105.125725 8.223789
v -12.189818 105.219322 7.812817
v -12.418243 105.319717 7.401664
v -12.583050 105.411255 6.965793
v -12.707503 105.506187 6.523956
v -12.830291 105.603409 6.084616
v -0.924134 103.752861 13.057755
v -1.387218 103.756432 13.042780
v -1.841551 103.767296 13.015601
v -1.776037 104.460205 13.418719
v -2.281602 103.780411 12.961472
v -2.238020 104.498528 13.335406
v -2.717109 103.794510 12.897382
v -2.692546 104.559586 13.211469
v -3.143665 103.815567 12.835815
v -3.555592 103.841759 12.768202
v -3.934759 103.748436 12.666917
v -4.363890 103.841042 12.564235
v -4.814786 103.914444 12.441339
v -5.271207 103.956139 12.324265
v -5.737721 103.974037 12.204074
v -6.189698 104.056068 12.050578
v -6.641037 104.082695 11.893012
v -7.109179 104.115250 11.735240
v -7.626463 104.164085 11.809527
v -8.097320 104.238304 11.659980
v -8.334929 104.304863 11.227485
v -8.776509 104.346718 11.016573
v -9.230880 104.390091 10.803889
v -9.751594 104.478966 10.765011
v -10.160887 104.563393 10.460914
v -10.317422 104.610283 9.974292
v -10.686000 104.669815 9.634116
v -11.053303 104.747841 9.296393
v -11.494185 104.899040 9.099918
v -11.496661 104.990089 8.617268
v -11.721889 105.097366 8.213988
v -11.949938 105.187355 7.802311
v -12.175700 105.305740 7.383824
v -12.355927 105.385002 6.922357
v -12.474475 105.461159 6.456805
v -1.089256 102.952385 12.911696
v -1.554265 102.948563 12.895362
v -2.017258 102.974174 12.848357
v -2.470813 102.963501 12.788619
v -2.927294 102.982521 12.730451
v -3.382219 103.000542 12.658282
v -3.826915 103.052147 12.567965
v -4.291343 103.067383 12.466802
v -4.710955 103.142204 12.365791
v -5.126458 103.168655 12.261635
v -5.572611 103.179527 12.162982
v -6.031327 103.160355 12.324100
v -6.333705 103.224953 11.935214
v -6.747458 103.250504 11.797338
v -7.190364 103.287796 11.659685
v -7.634986 103.354652 11.523273
v -8.142528 103.437859 11.612781
v -1.824940 102.972145 13.077086
v -2.293558 102.997719 13.029605
v -2.759738 103.019814 12.971102
v -3.227346 103.047623 12.911172
v -3.692700 103.080101 12.825905
v -4.161433 103.121841 12.739606
v -4.618461 103.151932 12.614347
v -5.079388 103.204994 12.512215
v -5.539748 103.246452 12.379233
v -5.937509 103.286919 12.080146
v -6.422883 103.326843 12.108212
v -6.873116 103.372124 11.957015
v -7.317903 103.415581 11.800245
v -7.757834 103.471230 11.631063
v -8.133122 103.522949 11.347377
v -8.603410 103.580299 11.235449
v -9.023231 103.638908 11.016219
v -9.432335 103.705650 10.780619
v -9.794975 103.776627 10.492809
v -10.116696 103.839355 10.196323
v -10.502587 103.910072 9.971591
v -10.815454 103.977234 9.645152
v -11.132678 104.037498 9.253105
v -11.289844 103.977287 9.072305
v -11.386275 104.133690 8.861244
v -11.666701 104.281578 8.420268
v -11.895572 104.391090 8.007432
v -12.189685 104.507011 7.634547
v -12.252106 104.591698 7.173924
v -12.558046 104.701714 6.804220
v -12.676163 104.813004 6.356407
v -0.949237 102.303970 13.231338
v -2.425556 102.110527 12.648483
v -2.857038 102.041954 12.557078
v -3.315584 102.035606 12.547789
v -3.750214 102.109756 12.406810
v -0.817150 102.388741 13.109756
v -4.208531 102.245461 12.336410
v -5.618474 102.341072 12.048402
v -6.065087 102.279961 11.936227
v -6.510477 102.273102 11.812911
v -6.951138 102.307571 11.711057
v -4.046382 102.409378 12.404045
v -3.732123 102.353958 12.463458
v -3.333650 102.308708 12.544172
v -2.928318 102.289391 12.605231
v -2.577752 102.309036 12.651340
v -7.357137 102.455772 11.589732
v -8.693675 102.627190 11.053020
v -9.178462 102.552444 10.847743
v -9.663526 102.600609 10.689269
v -10.137788 102.853088 10.819244
v -10.520059 102.935570 10.519834
v -7.181326 102.625366 11.622366
v -6.892185 102.562134 11.709967
v -6.520978 102.540100 11.826027
v -6.135263 102.536217 11.952007
v -5.784374 102.535950 12.038769
v -10.833385 102.814369 9.668908
v -10.562954 102.775650 10.012755
v -11.102967 102.901550 9.334661
v -11.285632 103.285851 9.099345
v -12.182740 103.439674 8.540121
v -11.672919 103.131187 8.624331
v -12.385276 103.684837 8.155447
v -12.560431 103.781555 6.665422
v -12.684516 103.823685 6.192103
v -12.904689 103.961281 5.760253
v -13.020380 104.035843 5.296819
v -12.157131 103.744438 8.215143
v -12.003304 103.655190 8.537157
v -11.545028 103.385864 8.701724
v -11.003078 103.160072 9.387822
v -10.714007 103.073906 9.656693
v -10.416945 103.017815 9.928913
v -10.398101 103.193985 10.439077
v -10.029720 103.119667 10.743100
v -9.558909 102.864014 10.622371
v -9.144603 102.814087 10.832561
v -8.814769 102.818176 11.001048
v -12.950815 104.154358 6.242450
v -12.886583 103.986259 6.696218
v -12.709209 103.828430 7.123655
v -12.688305 106.225700 6.712771
v -12.248038 106.230873 7.008803
v -12.057816 106.143692 7.457856
v -12.174399 105.966209 7.935105
v -11.720715 105.941368 8.231601
v -11.409541 105.782249 8.667151
v -11.295399 105.579338 8.888078
v -10.172009 105.190063 10.622703
v -9.811980 105.234398 10.962802
v -9.369207 105.220253 11.169929
v -8.874048 105.276634 11.096300
v -11.224586 105.662560 9.008588
v -8.536769 104.972389 11.130744
v -6.569080 104.895241 11.975572
v -6.162833 104.967751 12.204748
v -5.748332 104.904137 12.396872
v -5.316971 104.835388 12.560289
v -8.406638 105.143456 11.192207
v -8.864393 105.030449 11.010186
v -9.319492 104.980118 11.048554
v -9.718316 105.018127 10.845931
v -9.986635 105.049500 10.601092
v -4.887320 104.674538 12.684915
v -3.609094 104.574699 12.889874
v -3.149519 104.602844 13.064933
v -5.002968 104.560890 12.506971
v -5.317561 104.624855 12.402672
v -5.724986 104.651344 12.297289
v -6.111021 104.718788 12.129780
v -6.440016 104.708305 12.012607
v -11.432803 103.799072 9.247128
v -11.359256 103.029381 8.994987
v -0.033404 106.560417 -6.411375
v -0.046735 106.047768 -6.569575
v -0.071731 104.562332 -6.956500
v -0.088327 103.113945 -7.434181
v -0.099303 101.646751 -7.815798
v -0.111218 100.173882 -8.154610
v -0.108894 98.696037 -8.423504
v -0.046819 97.194359 -8.478037
v 0.008725 95.692009 -8.312644
v -0.027691 94.176994 -8.228359
v -0.073355 92.660812 -8.096298
v 0.001685 91.094643 -8.091337
v 0.003431 89.652351 -7.493443
v 0.042707 88.199051 -6.846429
v 0.038479 86.956512 -5.778702
v 0.019071 85.771049 -4.554746
v 0.066693 84.627518 -3.246754
v 0.114709 83.625999 -1.885580
v 0.149007 82.918915 -0.491880
v 0.155054 82.599434 0.884842
v -1.378137 75.731255 0.213645
v -1.822666 76.264954 -1.029986
v -2.386733 76.822342 -2.212657
v -2.514152 77.264198 -3.559000
v -3.079373 77.672661 -4.797589
v -4.005503 77.943558 -5.836823
v -5.066157 78.123810 -6.765648
v -6.175090 78.258728 -7.642700
v -7.337786 78.350113 -8.453297
v -8.643830 78.394066 -9.010388
v -9.679297 78.587189 -8.055615
v -10.798349 78.792160 -7.201524
v -11.972014 78.994637 -6.438863
v -13.095319 79.213402 -5.609408
v -14.153215 79.464516 -4.705370
v -15.236049 79.727127 -3.833303
v -16.096418 80.088821 -2.768269
v -17.077942 80.478172 -1.824109
v -18.052441 81.004875 -0.941258
v -18.693810 81.617317 0.164154
v -19.038195 82.458473 1.252772
v -19.260708 83.532639 2.156110
v -18.585930 84.578331 2.839544
v -17.988981 85.780022 3.305598
v -17.532909 87.095207 3.561244
v -17.005041 88.404152 3.495517
v -13.441553 104.239922 3.944804
v -13.527496 104.408791 3.485709
v -13.599833 104.580894 3.025936
v -13.677066 104.759949 2.569321
v -13.735476 104.937927 2.110683
v -13.567828 104.977737 1.645763
v -13.486661 105.074806 1.161844
v -13.418460 105.182983 0.672368
v -13.355208 105.311974 0.186896
v -13.223273 105.424049 -0.284593
v -13.100049 105.545769 -0.756716
v -12.958692 105.666092 -1.224958
v -12.731421 105.759949 -1.665619
v -12.485794 105.851723 -2.100054
v -12.256694 105.956787 -2.541992
v -11.989834 106.056580 -2.967280
v -11.704302 106.157692 -3.383635
v -11.399150 106.257408 -3.784810
v -11.086757 106.362564 -4.181915
v -11.297565 105.988182 -4.486546
v -11.885942 104.990311 -5.128072
v -12.153893 103.732742 -5.376964
v -12.370039 102.455788 -5.552873
v -12.554708 101.169525 -5.699681
v -12.384321 99.882652 -5.560982
v -10.720028 106.434044 -4.521390
v -10.307138 106.480583 -4.813265
v -9.844933 106.500877 -5.014190
v -9.401419 106.554382 -5.235996
v -8.966136 106.613579 -5.462932
v -8.527312 106.667885 -5.682350
v -8.062613 106.691956 -5.847418
v -7.594151 106.706276 -6.001430
v -7.135210 106.746902 -6.180723
v -6.649747 106.704094 -6.234401
v -6.160118 106.672050 -6.244017
v -5.683012 106.701553 -6.344340
v -5.199775 106.697975 -6.365172
v -4.743154 106.537529 -6.330694
v -4.307455 106.708145 -6.461386
v -3.829762 106.696465 -6.536769
v -3.347748 106.689697 -6.517660
v -2.882471 106.733276 -6.610047
v -2.408866 106.708923 -6.593611
v -1.939608 106.669449 -6.537518
v -1.467613 106.633537 -6.510867
v -0.994687 106.597649 -6.464871
v -0.517491 106.571060 -6.436220
v -13.279620 103.654823 3.880647
v -13.877395 104.140053 2.861886
v -14.165900 104.701355 1.768598
v -13.390551 104.597046 0.773613
v -13.487327 104.969261 -0.405629
v -13.209270 105.278030 -1.550539
v -12.303811 105.353996 -2.410859
v -12.124388 105.834801 -3.579809
v -10.098413 106.012283 -5.091133
v -8.964049 106.216873 -5.792784
v -7.732494 106.330521 -6.318850
v -6.399338 106.165466 -6.227958
v -5.164231 106.308449 -6.720893
v -3.857453 106.173271 -6.554410
v -2.602047 106.334122 -6.972723
v -1.365245 106.106277 -6.550206
v -1.140980 76.179550 0.263797
v -1.631059 76.729080 -0.958905
v -2.244675 77.298912 -2.113757
v -2.517589 77.754662 -3.435972
v -3.146779 78.154198 -4.646680
v -4.065486 78.425026 -5.696883
v -5.108507 78.613235 -6.646237
v -6.213550 78.750023 -7.530982
v -7.380231 78.841209 -8.338468
v -8.597788 78.893578 -9.070310
v -9.607863 79.085579 -8.086400
v -10.785708 79.283936 -7.311311
v -11.995524 79.491371 -6.511793
v -13.184120 79.712791 -5.686087
v -14.335469 79.948906 -4.817507
v -15.350057 80.262634 -3.813000
v -16.337860 80.613167 -2.794463
v -17.212177 81.075645 -1.719303
v -18.094645 81.642975 -0.703346
v -18.852264 82.346764 0.330348
v -19.301840 83.280930 1.365021
v -18.729130 84.372047 2.164963
v -18.162771 85.607185 2.725161
v -17.726545 86.968018 3.054540
v -17.374578 88.385918 3.133674
v -16.517857 89.431107 2.572767
v -16.295410 90.747887 2.277481
v -16.439714 92.099022 2.354259
v -16.719444 93.373581 2.754966
v -16.953054 94.229820 3.788471
v -17.092958 95.539413 4.057487
v -17.047493 96.865074 4.062427
v -16.770618 98.141663 3.968841
v -16.372789 99.383331 3.919242
v -15.855568 100.602432 3.891008
v -15.153481 101.758484 3.694263
v -14.417188 102.915031 3.654145
v -13.339297 103.951370 3.915127
v -0.886464 76.618454 0.302998
v -1.427865 77.189125 -0.895412
v -2.089766 77.773285 -2.025415
v -2.533709 78.242828 -3.305430
v -3.215031 78.635918 -4.497582
v -4.113886 78.911949 -5.572507
v -5.143969 79.106438 -6.540570
v -6.246711 79.244980 -7.434572
v -7.417269 79.336800 -8.242826
v -8.545253 79.394081 -9.114101
v -9.549772 79.585487 -8.118011
v -10.774244 79.774651 -7.426542
v -11.948888 79.981987 -6.652802
v -13.127734 80.184807 -5.885868
v -14.302286 80.382088 -5.109834
v -15.210759 80.711800 -4.066614
v -16.268545 81.008675 -3.161213
v -17.018089 81.475555 -2.043062
v -17.754477 82.000702 -0.940755
v -18.639210 82.670227 -0.043046
v -19.312111 83.508057 0.895278
v -18.735142 84.542534 1.686293
v -18.224066 85.748589 2.244527
v -17.853971 87.080116 2.577875
v -17.656269 88.480072 2.722055
v -16.766968 89.425331 2.135518
v -0.877760 81.720329 -2.001978
v -13.045076 102.473206 -3.111358
v -0.818874 80.364861 -0.741311
v -12.465628 99.579964 -3.087237
v -0.409188 81.150909 0.593886
v -10.647717 104.017815 -6.346968
v -12.025503 99.849876 -4.431389
v -4.372256 85.581139 -8.321887
v -13.642772 89.868469 -4.173610
v -1.016806 79.286995 -0.905738
v -1.936008 82.182304 -4.764792
v -0.671662 82.259171 -0.932562
v -3.601131 98.681000 -9.548612
v -9.189049 104.036278 -6.687664
v -0.474555 82.141830 0.097143
v -2.342346 87.402008 -8.318599
v -8.603419 84.517807 -9.031759
v -3.273895 101.250114 -8.828278
v -6.830710 102.848145 -7.735200
v -15.197650 87.185349 -1.377708
v -14.503922 93.468575 -0.827112
v -14.454221 101.098564 0.882689
v -0.720080 78.949875 0.405141
v -3.001319 81.343719 -4.957527
v -0.403337 82.894737 -1.097249
v -0.566150 83.957787 -3.061023
v -2.571895 99.124939 -9.323970
v -3.056888 95.360619 -9.895629
v -8.989822 101.592049 -7.372389
v -7.950662 100.048927 -8.566226
v -10.595597 98.737694 -7.782616
v -1.696810 89.020226 -8.992196
v -1.465377 103.147850 -7.679349
v -1.935643 100.501503 -9.051272
v -3.785355 102.161240 -8.536891
v -4.713844 102.585205 -8.291572
v -4.291685 101.609764 -8.754706
v -3.879572 99.927361 -9.323057
v -4.110506 100.916008 -9.008955
v -2.922905 100.194656 -9.099428
v -14.683726 85.179039 -2.477392
v -17.408318 85.705795 -1.767735
v -18.379417 89.446709 -0.322726
v -17.672655 94.192253 1.168606
v -17.092920 96.636482 1.983010
v -3.635436 82.427437 -6.409736
v -3.074769 80.084023 -4.354281
v -1.221548 98.374649 -9.109709
v -8.051797 103.006935 -7.766333
v -8.565272 100.234749 -7.938817
v -9.557723 99.619804 -7.757322
v -10.541167 100.838951 -7.295669
v -11.741805 99.871750 -6.925061
v -1.229511 90.306038 -9.100088
v -0.756830 87.677155 -7.386257
v -10.651986 82.058586 -7.739699
v -4.293797 103.571495 -7.722652
v -5.558473 103.978470 -7.885486
v -18.923613 86.101730 -0.455476
v -19.247778 88.167953 0.416312
v -18.349720 91.219536 2.081081
v -18.150991 94.360382 2.100652
v -14.091018 100.334427 0.978301
v -15.064937 101.158966 0.376912
v -13.847865 102.607788 -1.965174
v -13.810350 101.386192 -1.773311
v -14.679297 102.563965 -0.365120
v -1.548585 80.097649 -3.396058
v -4.633665 82.417801 -7.290945
v -2.078577 81.333214 -4.314475
v -1.292957 83.793678 -5.079921
v -1.041055 94.741272 -9.345554
v -2.930071 97.272743 -9.663173
v -6.900737 100.749153 -8.446362
v -8.444930 100.921509 -7.872531
v -8.020605 101.891312 -8.105245
v -8.415196 97.940758 -8.475657
v -0.924018 92.197952 -9.159085
v -5.878091 81.376762 -7.846361
v -6.119857 80.340103 -7.548558
v -6.932011 81.420593 -8.737328
v -9.188210 83.183006 -8.603742
v -16.216768 85.106125 -2.157298
v -18.010115 88.641945 1.440710
v -17.462765 90.703232 2.207007
v -18.727779 90.818718 0.357428
v -18.646282 92.098473 1.189140
v -19.071157 89.494759 0.845342
v -17.811056 93.033302 2.930582
v -14.605556 99.559319 2.231285
v -15.594556 98.737968 1.998960
v -13.645297 101.140373 -2.767407
v -14.066665 99.519478 -2.006831
v -13.871681 101.236366 -0.715229
v -13.027089 100.235428 -2.132598
v -15.317052 99.998421 -0.960988
v -1.189224 81.207214 -3.533860
v -0.762495 82.607910 -1.991403
v -0.848546 85.797661 -5.699797
v -2.427848 94.205521 -9.782602
v -1.987469 96.146080 -9.620273
v -3.915077 96.455429 -9.861016
v -5.936713 101.853333 -8.596138
v -9.571811 98.725731 -8.020105
v -8.220007 98.816879 -8.415815
v -7.649375 98.894463 -8.911135
v -6.582428 83.466187 -9.011102
v -7.673221 83.580315 -9.396157
v -11.823401 84.354919 -5.270309
v -10.294986 84.291229 -7.396528
v -7.990235 82.694115 -9.340006
v -13.413421 82.426659 -4.675850
v -18.123989 85.891197 -1.347640
v -15.897931 84.243431 -2.684537
v -17.237249 84.179176 -2.334646
v -18.498739 93.203255 2.136481
v -17.465921 92.846291 0.489273
v -17.123077 91.406326 0.108187
v -17.676661 95.512596 2.038805
v -14.742778 100.086029 0.207319
v -3.842591 97.522743 -9.750981
v -2.965797 96.312614 -9.776305
v -6.896407 101.782555 -8.092509
v -5.799797 102.882835 -8.291627
v -4.984266 101.707970 -8.622540
v -9.763144 93.008598 -7.801027
v -3.431484 84.600121 -7.241785
v -2.806597 82.438164 -5.411220
v -7.614666 84.494438 -9.441832
v -12.647960 84.521507 -4.288187
v -13.006917 83.465240 -4.462862
v -13.980644 83.725945 -3.625368
v -10.847015 86.376610 -6.177595
v -9.518602 84.386581 -8.448800
v -16.807123 89.950462 -0.253932
v -17.447826 89.122986 -0.541048
v -16.032684 87.800591 -1.036494
v -17.020267 86.902924 -1.414610
v -18.208815 86.638756 -1.122064
v -14.237155 96.193138 0.142149
v -16.392632 97.716072 1.960823
v -4.916707 97.631935 -9.642059
v -10.352284 95.554741 -7.395312
v -11.509550 97.367081 -6.086111
v -11.503651 98.656395 -7.052501
v -12.368072 98.095779 -3.595450
v -11.754808 98.444931 -4.648352
v -10.788611 96.488739 -7.294658
v -13.448860 97.770569 -3.156789
v -4.423528 84.537102 -7.953360
v -4.504667 83.490166 -7.602678
v -2.418747 83.547295 -5.882078
v -8.701269 89.421738 -8.700581
v -13.348464 86.903061 -3.989131
v -10.824747 85.328674 -6.122252
v -11.034346 84.280960 -6.311968
v -9.107482 86.337265 -7.732698
v -15.849390 86.287392 -1.671975
v -18.445723 87.536659 -0.741955
v -18.563665 88.437370 -0.432710
v -15.699844 97.290550 1.214357
v -15.522792 95.724754 0.954721
v -4.988391 100.808449 -8.918610
v -6.926595 96.614220 -9.415673
v -6.978199 99.565231 -8.745524
v -15.045481 97.574661 -2.236697
v -2.449522 84.626434 -6.607848
v -6.493250 85.470551 -9.356303
v -12.674767 85.601181 -4.563845
v -13.275726 85.900574 -3.565743
v -7.664237 87.535789 -9.364465
v -8.627360 85.483002 -8.947589
v -9.274908 85.350037 -8.012632
v -14.477139 86.744904 -1.920813
v -14.975913 86.030853 -1.937200
v -6.012301 96.527145 -9.680158
v -2.393318 85.615837 -7.196563
v -2.354519 86.553993 -7.770583
v -8.368839 86.412079 -8.610742
v -8.344399 87.431519 -8.468257
v -13.919879 86.258263 -2.636364
v -6.554209 98.547752 -9.155371
v -14.463335 97.343460 -0.308632
v -14.952254 98.564873 -0.746369
v -14.467051 98.892517 -2.164127
v -14.353266 98.400658 -2.458767
v -14.392494 97.600380 -2.830559
v -14.911435 98.294151 -2.154507
v -7.604176 89.619194 -9.200757
v -6.225150 90.527733 -9.767200
v -5.433956 86.586632 -9.156451
v -3.304197 86.599037 -8.224473
v -5.852700 98.706032 -9.338581
v -14.755027 94.270081 -1.200485
v -4.868404 95.353966 -9.952222
v -11.757257 86.476212 -5.489285
v -12.601917 87.621262 -5.042823
v -12.651894 86.638931 -4.828777
v -11.756083 88.392525 -5.845051
v -7.586333 91.002182 -9.396338
v -3.930420 95.481651 -9.941165
v -2.550460 91.963600 -9.918153
v -2.385294 88.150833 -8.753520
v -10.993815 88.302460 -6.521831
v -10.112887 87.324486 -7.097064
v -13.289571 87.868706 -4.327193
v -13.945090 87.236046 -3.179159
v -13.766359 89.050491 -3.915366
v -13.176966 88.777916 -4.602129
v -13.028274 89.656517 -4.859470
v -11.834704 90.063850 -6.229838
v -9.631175 89.223801 -8.129380
v -9.522314 91.384918 -8.397324
v -4.489977 94.213142 -10.035164
v -2.814515 93.392143 -9.940343
v -5.478684 87.666527 -9.459138
v -1.049541 88.356071 -8.072455
v -3.420896 88.568657 -9.290484
v -2.939561 89.841331 -9.628149
v -3.864143 89.431816 -9.785976
v -12.427124 89.363815 -5.440570
v -4.455808 93.125969 -10.115752
v -4.112540 92.137772 -10.088720
v -5.375389 91.665474 -10.097188
v -3.277112 91.046638 -9.905367
v -6.886365 94.390633 -9.633318
v -5.629446 93.988602 -9.971757
v -6.509225 93.560120 -9.812769
v -6.113986 95.193123 -9.843637
v -13.184081 91.727379 -4.957606
v -11.163947 89.970879 -6.898619
v -12.820958 90.618942 -5.215189
v -14.445976 95.208931 -3.380503
v -14.488822 96.533699 -3.163395
v -11.551916 92.753235 -6.600434
v -11.998504 91.050026 -6.346518
v -13.756264 91.449821 -4.134974
v -11.037095 96.295128 -6.257417
v -11.583459 97.147537 -4.939963
v -13.525980 95.508781 -4.291860
v -13.032779 93.191551 -5.425944
v -11.014102 93.396439 -6.504228
v -10.551939 92.020988 -7.581630
v -13.408783 94.283852 -4.832389
v -11.336737 94.914207 -5.701148
v -12.239130 94.569374 -5.173848
v -12.056396 93.663803 -5.910893
v -9.451285 97.826324 -8.282619
v -10.527886 93.572044 -7.056688
v -10.766266 95.279655 -6.501287
v -9.748004 92.253563 -8.099900
v -9.979564 95.800545 -8.270579
v -10.243271 96.723595 -8.145119
v -8.943148 95.296745 -8.893189
v -8.551806 93.451134 -9.118710
v -8.427530 92.276329 -9.069654
v -9.172106 93.293289 -8.454823
v -10.222185 94.658051 -7.642578
v -7.724142 97.785141 -8.852918
v -12.890834 103.308899 -4.358567
v -14.736279 101.539986 1.547138
v -16.850454 93.820374 0.628696
v -16.206190 94.776741 0.781080
v -14.235521 89.010612 -1.945808
v -14.618090 88.118240 -1.538078
v -14.134847 89.361206 -3.192382
v -13.870859 88.170097 -3.589824
v -14.527512 90.201836 -1.904181
v -14.054929 90.079132 -3.522537
v -14.198371 93.696617 -3.699061
v -14.777384 92.998405 -2.267431
v -14.771151 93.898582 -2.446816
v -14.659865 91.633217 -0.383220
v -14.514521 92.603996 -0.540270
v -14.958368 90.395134 -0.460765
v -14.524124 89.541985 -1.192869
v -14.495978 90.887383 -1.504097
v -14.700319 91.951187 -2.205464
v -14.257291 91.223839 -3.273411
v -14.345815 90.412155 -2.945470
v -10.485290 89.954231 -7.547184
v -1.455153 104.642639 -7.123224
v -1.263076 101.733292 -8.140812
v -0.207971 82.009491 1.118554
v -0.948734 77.797295 0.320658
v -12.573660 104.593872 -4.029534
v -10.519416 105.132095 -5.871939
v -13.761342 102.431480 2.175257
v -14.792752 103.395241 1.268589
v -9.203975 105.240311 -6.505473
v -7.874022 105.275429 -6.952873
v -17.553383 92.058128 2.134352
v -17.959925 94.295036 3.183517
v -17.832962 95.597473 3.141680
v -17.513350 96.871941 2.991253
v -16.994356 98.090172 2.830396
v -16.265713 99.214043 2.767341
v -15.233789 100.061966 3.022719
v -14.207026 101.051132 3.077252
v -0.859813 78.170319 -1.047676
v -1.378085 78.615479 -2.313717
v -2.304946 79.419090 -3.112332
v -3.808733 80.111313 -5.819999
v -4.951302 80.231735 -6.740511
v -7.142745 80.362602 -8.527521
v -8.390626 80.494774 -9.193254
v -9.435169 80.718117 -8.232985
v -10.722777 80.907555 -7.609140
v -11.929854 81.097466 -6.865513
v -13.051761 81.304199 -6.035076
v -13.854736 81.411026 -4.902744
v -15.027196 81.833084 -4.324402
v -16.057047 82.139832 -3.521659
v -16.961670 82.558937 -2.689346
v -17.629416 83.108391 -1.744529
v -18.121042 83.781937 -0.769144
v -18.725109 84.523094 0.001648
v -19.256845 85.436050 0.581326
v -19.049667 86.488884 1.201893
v -18.781326 87.669243 1.579217
v -17.566525 89.461365 1.488069
v -0.483645 80.071236 0.656873
v -14.256663 103.749245 0.051668
v -13.179908 103.669289 -0.776569
v -13.674899 103.986427 -1.973204
v -12.569896 103.956566 -2.781014
v -6.548816 105.013428 -6.725582
v -2.744068 104.909851 -7.734175
v -4.044123 104.851883 -7.138544
v -5.364593 105.153358 -7.371923
v -0.964170 99.514259 -8.673374
v -1.082904 100.475655 -8.491522
v -0.952570 95.932373 -9.199010
v -1.041464 97.176796 -9.144642
v -0.574683 90.873131 -8.663195
v -0.450788 89.898254 -8.149989
v -0.760687 86.779968 -6.512814
v -0.492078 83.345787 -1.963180
v -13.059867 102.191505 -4.700010
v -12.581823 101.083183 -4.571081
v -11.686153 101.040230 -6.748061
v -11.517060 102.115936 -6.500582
v -11.396327 102.957008 -6.275481
v -18.312136 90.045624 1.741643
v -2.911612 103.225235 -8.394761
v -1.026623 79.658897 -2.243627
v -8.004780 104.137657 -7.383570
v -6.709809 103.922562 -7.283919
v -2.304806 101.735535 -8.773718
v -2.271081 80.559021 -3.953080
v -0.738427 84.564751 -4.174710
v -0.725677 93.381371 -9.118655
v -13.338593 101.866882 -3.873992
v -13.121867 100.859543 -3.635554
v -0.862979 89.167572 -8.254474
v -1.614861 99.419914 -9.202524
v -10.393209 102.947769 -6.728113
v -10.377284 101.886803 -7.030418
v -10.646372 99.793518 -7.550288
v -11.467878 98.659424 -5.808171
v -15.093219 102.220718 0.706256
v -13.508952 102.399002 -0.753339
v -14.056315 100.657623 1.937524
v -18.553391 92.078117 2.123278
v -4.785868 81.339989 -7.009450
v -8.212985 81.607956 -9.264397
v -9.327745 81.894035 -8.388804
v -11.807333 82.233833 -6.909536
v -12.651217 82.342583 -5.807480
v -14.461200 82.747559 -3.934766
v -15.474879 83.088142 -3.255873
v -16.448879 83.566017 -2.877365
v -18.001356 84.732605 -1.589639
v -18.529490 85.299507 -0.901972
v -19.138090 87.066612 0.023293
v -3.743561 81.308540 -6.099684
v -2.008043 97.214554 -9.568921
v -1.508063 86.626488 -7.212837
v -1.542552 87.500023 -7.858654
v -0.838058 83.067757 -3.088619
v -0.788310 81.377693 -0.742246
v -9.093883 102.859581 -6.997457
v -1.080848 84.726280 -5.270340
v -0.933759 80.741356 -2.111878
v -18.508924 91.046677 1.342268
v -2.124347 95.117981 -9.668250
v -1.775983 91.313011 -9.464599
v -1.538803 85.676659 -6.590981
v -1.521748 93.790192 -9.526911
v -1.964339 92.839439 -9.621503
v -2.156954 98.215538 -9.510209
v -1.647758 88.254143 -8.439844
v -9.402001 100.556602 -7.532550
v -18.198059 93.140617 1.157212
v -15.014796 101.374969 -0.700655
v -14.102544 99.234673 1.325156
v -14.939423 98.303452 1.216947
v -16.415960 96.269287 1.196954
v -17.073202 95.236328 1.177316
v -5.684607 82.426315 -8.105367
v -6.750897 82.480804 -8.886765
v -10.570218 83.250252 -7.789666
v -11.436893 83.293549 -6.655129
v -12.196464 83.343346 -5.522739
v -14.987991 84.028824 -2.951316
v -0.976739 82.161377 -3.201037
v -0.997919 83.529472 -4.125353
v -11.168536 97.529663 -7.171606
v -2.023503 89.977676 -9.422534
v -2.899854 98.054260 -9.551307
v -10.450162 97.716293 -7.977093
v -1.617553 84.720970 -6.120997
v -18.079065 91.853813 0.373162
v -1.171877 82.658127 -4.178732
v -17.778385 90.434418 -0.128831
v -14.797663 96.701744 0.953118
v -14.124430 97.735146 0.701096
v -14.242469 98.935158 0.242536
v -2.338181 90.781509 -9.649739
v -1.346184 81.980919 -4.226200
v -3.212742 87.506981 -8.666221
v -5.542550 83.463638 -8.344941
v -8.517935 83.760567 -9.067292
v -3.518605 83.563675 -6.749829
v -14.118171 100.265984 -1.233172
v -13.391044 100.633858 -1.554255
v -13.555615 84.790764 -3.378609
v -17.870451 88.509102 -0.728871
v -17.531992 87.898697 -0.982521
v -8.692420 99.453362 -8.015431
v -2.580131 88.898239 -9.212903
v -7.886271 100.941017 -8.399810
v -2.997864 88.087769 -8.907269
v -16.520634 92.376846 0.340792
v -15.931269 93.323708 0.516650
v -1.573896 82.989655 -5.100578
v -11.441319 95.971245 -5.268074
v -12.353377 96.830925 -4.077431
v -3.366253 85.623100 -7.742705
v -15.311587 94.240662 0.630464
v -14.679309 95.172264 0.542192
v -1.696490 83.976067 -5.780949
v -3.236857 94.540085 -9.960590
v -3.580167 93.847771 -10.037324
v -3.314180 92.681366 -10.011272
v -8.711267 98.724174 -8.188365
v -8.130733 99.307137 -8.480989
v -5.966206 100.823952 -8.866968
v -6.502503 84.461510 -9.182633
v -5.460971 84.493645 -8.603062
v -13.518931 98.755676 -2.553813
v -4.907793 99.805321 -9.230213
v -4.826080 98.715172 -9.472454
v -4.928563 96.500778 -9.817419
v -11.696952 85.448929 -5.282700
v -9.998378 85.290352 -7.041546
v -16.730635 88.524094 -0.695831
v -4.329935 86.670616 -8.714974
v -16.098181 90.889946 0.015143
v -5.429204 85.532356 -8.875242
v -15.907549 89.337822 -0.428457
v -4.454831 90.499420 -9.964048
v -9.352355 96.910835 -8.495344
v -15.556037 91.921776 0.144340
v -15.047167 92.871284 0.222083
v -14.591440 93.785126 0.052987
v -14.375987 94.717796 -0.381262
v -12.336165 95.664284 -4.592996
v -13.493919 96.695366 -3.743929
v -3.885265 94.748802 -10.001451
v -3.783143 93.222145 -10.051272
v -7.635740 85.481316 -9.488504
v -9.963018 86.337128 -6.954120
v -15.193613 88.653244 -0.881129
v -15.156850 97.838570 -1.465318
v -14.974207 99.287376 -1.674813
v -14.973279 96.843925 -1.139213
v -14.748787 95.710571 -0.799969
v -5.943179 99.748650 -9.109384
v -10.651828 94.383011 -6.823032
v -4.232249 87.881119 -9.163739
v -4.754305 88.941063 -9.695403
v -14.197536 87.658813 -2.311435
v -7.957172 98.443016 -8.633462
v -8.461596 97.001564 -8.664884
v -14.905087 98.735161 -1.975247
v -9.714242 94.950043 -8.409019
v -11.179275 94.052666 -6.132055
v -6.527505 86.516685 -9.535542
v -9.234763 96.081779 -8.699882
v -7.669051 86.509026 -9.506065
v -5.309410 89.849251 -9.820052
v -7.354936 98.157822 -9.126046
v -6.585117 87.567291 -9.672654
v -5.687019 88.635269 -9.693509
v -15.147476 98.416016 -1.789197
v -15.261909 98.752090 -1.421813
v -10.914085 87.371445 -6.344677
v -11.754391 87.465958 -5.675985
v -9.303977 87.331436 -7.885118
v -15.028058 96.515373 -2.177682
v -14.957239 95.116501 -2.018100
v -9.978266 93.833549 -7.742106
v -8.556316 96.278923 -8.786331
v -7.682684 98.131752 -8.875908
v -5.855012 89.339806 -9.793905
v -5.407423 92.923759 -10.032170
v -9.451670 94.107185 -8.468988
v -14.063441 88.553825 -2.751109
v -7.012173 97.371483 -9.349498
v -6.072947 97.763596 -9.445853
v -6.651569 88.580360 -9.693452
v -14.802411 93.194664 -1.520249
v -14.870915 93.786034 -1.721248
v -14.739377 92.509033 -1.333096
v -14.719963 91.733742 -1.358075
v -12.508555 88.534760 -5.251445
v -10.268226 88.258965 -7.289326
v -9.484793 88.293739 -8.038087
v -14.319667 89.745827 -2.498968
v -10.505882 92.785126 -7.146805
v -7.605508 96.906059 -9.033290
v -7.513101 88.526222 -9.051381
v -8.460742 88.451530 -8.441573
v -8.757703 94.404152 -9.025788
v -8.005973 95.768997 -9.055206
v -6.549685 89.520210 -9.546632
v -6.179868 92.880394 -9.911979
v -7.282228 94.919823 -9.432084
v -7.080981 95.627464 -9.438047
v -14.772555 92.484406 -1.936359
v -14.599922 91.155510 -2.367335
v -10.396444 89.141899 -7.448879
v -11.083678 89.165672 -6.729013
v -11.767390 89.249153 -6.054312
v -6.612625 92.141327 -9.800188
v -14.528740 90.583641 -2.415835
v -9.107335 92.604759 -8.534527
v -11.360609 91.771194 -7.055661
v -7.924741 94.746696 -9.233412
v -12.572092 92.172142 -5.957092
v -14.395970 92.410172 -3.086765
v -13.586710 92.701530 -4.503863
v -7.303389 92.967613 -9.538391
v -7.665891 93.892265 -9.388372
v -8.921557 90.465965 -8.709576
v -13.570201 90.648399 -4.326738
v -12.355315 90.016533 -5.624066
v -9.759612 90.080902 -8.132784
v -10.429122 91.324516 -7.762865
v -11.017356 91.268150 -7.319329
v -13.938890 92.186943 -3.926107
v -13.980608 90.649803 -3.720364
v -9.949064 90.705231 -8.069098
v -10.530346 90.672134 -7.630523
v -11.193087 90.736694 -7.067022
v -13.326762 106.515274 4.705911
v -12.871722 105.896461 4.729630
v -12.939694 105.048294 4.715424
v -13.063087 104.200676 4.464875
v -0.102459 106.714355 -6.005266
v -0.064611 107.160622 -5.918131
v -0.013160 107.531982 -5.651177
v -0.028544 107.940956 -5.466659
v -0.049010 108.305229 -5.218266
v -0.155196 108.734108 -5.259707
v -0.195443 109.184410 -5.252581
v -0.175638 109.420433 -4.882130
v -0.133986 109.000755 -4.918243
v -0.137707 108.397072 -5.547694
v -0.056187 107.713783 -5.873193
v -0.038862 107.350243 -6.021204
v -0.036902 106.995987 -6.381505
v -0.613299 109.317200 -4.678343
v -1.037290 109.391129 -4.920251
v -1.486859 109.394226 -5.124319
v -1.952429 109.387596 -5.288518
v -2.431487 109.364586 -5.405664
v -2.924793 109.367577 -5.425005
v -3.415502 109.363747 -5.371028
v -3.900178 109.387146 -5.280215
v -4.385738 109.454430 -5.221711
v -4.778123 109.475403 -4.922869
v -5.254305 109.428505 -5.044236
v -5.747194 109.403503 -5.033873
v -6.222348 109.370850 -4.904070
v -6.715938 109.365616 -4.899787
v -7.202415 109.319756 -4.829585
v -7.687768 109.280296 -4.748522
v -8.178473 109.271133 -4.695228
v -8.657748 109.171806 -4.759793
v -9.011811 109.141457 -4.417107
v -9.398836 109.116173 -4.111685
v -9.787877 109.067787 -3.811634
v -10.187968 109.000908 -3.530235
v -10.599960 108.918633 -3.270939
v -11.031512 108.857704 -3.038981
v -11.161319 108.837746 -2.563025
v -11.377738 108.739479 -2.130262
v -11.627140 108.647339 -1.714254
v -11.884082 108.550232 -1.304022
v -12.138751 108.451294 -0.892821
v -12.349525 108.325676 -0.464424
v -12.531819 108.197014 -0.024041
v -12.688806 108.068520 0.426044
v -12.795452 107.940117 0.890672
v -12.863443 107.832253 1.367650
v -13.128235 107.729065 1.771399
v -12.881462 107.680153 2.196212
v -13.030440 107.521217 2.639238
v -13.081751 107.413086 3.118234
v -13.272756 107.295555 3.558107
v -12.981357 107.253578 3.954453
v -13.078601 107.068619 4.401742
v -13.025840 104.774536 4.069799
v -13.062835 104.884048 3.604743
v -13.098866 104.998535 3.143651
v -13.105202 105.106934 2.651395
v -13.062743 105.227982 2.151443
v -13.031241 105.361244 1.668580
v -12.996137 105.521317 1.177175
v -12.934619 105.647331 0.724549
v -12.822391 105.775841 0.272709
v -12.712565 105.895256 -0.174851
v -12.605453 106.005432 -0.620360
v -12.479232 106.124107 -1.057898
v -12.256078 106.211731 -1.473114
v -12.031924 106.322227 -1.880414
v -11.821220 106.405045 -2.272427
v -11.528253 106.474442 -2.624671
v -11.283842 106.589287 -3.027791
v -10.947995 106.663025 -3.360200
v -10.602044 106.753777 -3.681860
v -10.248901 106.867264 -3.998096
v -10.004386 106.991966 -4.294506
v -9.615283 106.903465 -4.438242
v -9.206829 106.938683 -4.671418
v -8.800171 106.983116 -4.899089
v -8.394789 107.032829 -5.117497
v -7.960058 107.078728 -5.275556
v -7.496679 107.085411 -5.377146
v -7.028786 107.097252 -5.477412
v -6.521305 107.107132 -5.584811
v -5.983114 107.254356 -5.610985
v -5.600127 107.264420 -5.782114
v -5.156381 107.270203 -5.840754
v -4.709114 107.232666 -5.901497
v -4.248746 107.278404 -5.933109
v -3.787402 107.275734 -5.972995
v -3.344443 107.124870 -5.916480
v -2.864840 107.122192 -5.954387
v -2.374343 107.133598 -5.929236
v -1.902019 107.150711 -5.921951
v -1.442225 107.141312 -5.936623
v -0.980685 107.145279 -5.933692
v -0.519125 107.156433 -5.921011
v -0.526957 107.891006 -5.467457
v -1.008662 107.874062 -5.482302
v -1.490106 107.879997 -5.473095
v -1.970299 107.880150 -5.486785
v -2.498559 107.900063 -5.534252
v -2.984442 107.913811 -5.537236
v -3.456168 107.921181 -5.497901
v -3.896148 108.007988 -5.552081
v -4.348142 107.987541 -5.548689
v -4.809834 107.948875 -5.503930
v -5.284271 107.939209 -5.453091
v -5.764260 107.935303 -5.398731
v -6.251791 107.954224 -5.340606
v -6.727515 107.907730 -5.169812
v -7.191419 107.893822 -5.077756
v -7.640892 107.865074 -4.989981
v -8.093892 107.857048 -4.876842
v -8.522242 107.800354 -4.669814
v -8.968363 107.781067 -4.487910
v -9.361906 107.702202 -4.211899
v -9.812079 107.752037 -4.044071
v -10.183501 107.687744 -3.762629
v -10.508088 107.587425 -3.447723
v -10.826051 107.461014 -3.143524
v -11.100065 107.381218 -2.779611
v -11.427140 107.275040 -2.445869
v -11.659904 107.191551 -2.042217
v -11.901914 107.082146 -1.641463
v -12.139232 106.986382 -1.238830
v -12.422176 106.923378 -0.843833
v -12.571799 106.804222 -0.399052
v -12.703227 106.701454 0.060155
v -12.652321 106.546951 0.519034
v -12.847086 106.420998 0.943213
v -12.893541 106.285522 1.411631
v -12.936943 106.146645 1.889687
v -12.979209 106.019829 2.373597
v -13.092280 105.938065 2.860911
v -12.987490 105.812798 3.352289
v -12.956351 105.693596 3.816478
v -12.931617 105.575943 4.269102
v -12.947057 106.417702 4.292415
v -12.961364 106.531326 3.837279
v -12.885118 106.656006 3.386502
v -13.002212 106.721519 2.938148
v -12.961219 106.824417 2.484851
v -12.890475 106.963005 2.042162
v -12.744874 107.079468 1.603105
v -12.794825 107.168510 1.143725
v -12.652932 107.306580 0.717484
v -12.574473 107.358559 0.254658
v -12.447435 107.475601 -0.179870
v -12.306936 107.623047 -0.598999
v -12.073383 107.767456 -0.978803
v -11.839259 107.863625 -1.381198
v -11.597846 107.963982 -1.774619
v -11.373571 108.031517 -2.186340
v -11.058183 108.155716 -2.502616
v -10.663134 108.224541 -2.764342
v -10.323378 108.306862 -3.082268
v -10.049547 108.369934 -3.462513
v -9.670007 108.432861 -3.738056
v -9.234685 108.474609 -3.918753
v -8.827064 108.515648 -4.141747
v -8.421832 108.554192 -4.364515
v -8.039809 108.522438 -4.642883
v -7.580888 108.639076 -4.693016
v -7.118395 108.675392 -4.791650
v -6.662086 108.697220 -4.906756
v -6.208746 108.691505 -5.033024
v -5.740199 108.710098 -5.066802
v -5.270160 108.707779 -5.115165
v -4.801065 108.720398 -5.146501
v -4.327415 108.722046 -5.180109
v -3.867082 108.739952 -5.079232
v -3.388070 108.726372 -5.104611
v -2.909975 108.719444 -5.127637
v -2.445473 108.697121 -5.112634
v -2.000957 108.639915 -5.093792
v -1.542037 108.642723 -5.073755
v -1.074351 108.623146 -5.080519
v -0.597894 108.647011 -5.086689
v -0.497061 107.351067 -6.031887
v -0.965223 107.350845 -6.037843
v -1.433146 107.352562 -6.032553
v -1.901646 107.352356 -6.031482
v -2.369199 107.354492 -6.009636
v -2.836077 107.355614 -5.982158
v -3.301959 107.356400 -5.915408
v -3.753007 107.320885 -5.784322
v -4.217954 107.326073 -5.760807
v -4.680063 107.329590 -5.727075
v -5.141239 107.332024 -5.681689
v -5.601330 107.334900 -5.622026
v -6.066104 107.332542 -5.564211
v -6.531930 107.336769 -5.556495
v -6.988610 107.329300 -5.446080
v -7.428556 107.298088 -5.294750
v -7.882224 107.284645 -5.199476
v -8.337650 107.259277 -5.096881
v -8.765018 107.218277 -4.911496
v -9.184646 107.173538 -4.708209
v -9.582827 107.133888 -4.462233
v -9.936640 107.083130 -4.155760
v -10.334462 107.021950 -3.907443
v -10.627028 106.935951 -3.549041
v -10.897478 106.639908 -3.923090
v -10.966393 106.857193 -3.227537
v -11.350507 106.793213 -2.952591
v -11.652858 106.723595 -2.589525
v -11.907955 106.615776 -2.198599
v -12.119713 106.512749 -1.786098
v -12.293042 106.410332 -1.353372
v -12.374874 106.270996 -0.902299
v -12.598819 106.196106 -0.488138
v -12.789252 106.081749 -0.066522
v -12.897059 105.966713 0.382708
v -12.943799 105.857079 0.843423
v -13.021255 105.730370 1.295089
v -13.119903 105.585228 1.736288
v -13.125658 105.474548 2.196840
v -13.158622 105.348183 2.651883
v -13.145751 105.234764 3.111642
v -13.144930 105.111839 3.570385
v -13.128453 104.988197 4.030349
v -4.676393 107.643494 -5.573191
v -3.314713 107.721375 -5.798337
v -0.522721 107.702209 -5.861068
v -1.637632 108.276512 -5.581740
v -2.886049 108.409424 -5.550085
v -4.266463 108.310135 -5.275006
v -4.751855 108.409996 -5.442565
v -2.349843 108.865273 -5.404125
v -7.514550 107.669777 -5.234912
v -8.855407 107.568642 -4.737328
v -8.425200 107.616798 -4.944626
v -5.607447 107.649712 -5.475284
v -6.578041 107.702690 -5.453280
v -6.591609 108.382996 -5.251353
v -6.051338 108.296181 -5.119255
v -5.704854 108.412064 -5.388490
v -8.079627 108.324356 -4.958673
v -9.523101 108.034302 -3.954648
v -8.546464 108.291710 -4.805835
v -8.971893 108.243141 -4.571834
v -9.386958 108.195129 -4.343816
v -8.101104 108.901955 -4.474503
v -7.619073 108.925468 -4.508602
v -8.564690 108.755325 -4.687760
v -9.838971 108.663773 -3.951166
v -9.005173 108.711891 -4.459928
v -9.421775 108.694374 -4.201945
v -7.145290 108.962425 -4.592427
v -2.442253 108.297241 -5.320887
v -1.000462 107.457558 -5.635397
v -6.725074 109.033180 -5.175220
v -7.206481 108.977173 -5.089177
v -6.236181 108.390541 -5.342400
v -8.164447 108.872437 -4.859833
v -8.440276 108.987808 -4.425947
v -8.816836 108.952202 -4.078831
v -8.925004 108.122498 -4.273809
v -8.888386 107.385841 -4.652425
v -8.473956 107.431297 -4.877328
v -9.702898 107.319397 -4.185995
v -10.215161 107.381851 -4.128321
v -10.951936 107.071594 -3.536568
v -8.000003 108.099632 -4.523902
v -7.150532 107.515190 -5.259841
v -6.666954 107.532471 -5.356665
v -5.761697 107.695396 -5.776557
v -5.277155 107.710045 -5.836261
v -4.793770 107.691483 -5.875688
v -7.689574 108.928955 -4.993706
v -11.473622 107.120667 -2.730557
v -12.851682 106.062843 -1.111459
v -13.136436 105.839622 -0.192638
v -13.012499 105.952225 -0.654160
v -10.692491 107.223915 -3.310968
v -10.546694 108.006279 -3.450706
v -11.296809 107.828209 -2.684017
v -10.931117 108.495094 -2.454317
v -10.937334 107.924492 -3.079205
v -10.073927 108.062576 -3.796585
v -11.838781 107.653824 -1.969715
v -12.068297 107.555016 -1.589723
v -12.680564 107.108727 0.004777
v -12.207175 107.298851 -0.879815
v -12.360678 107.181595 -0.442180
v -12.306913 107.463516 -1.227903
v -11.668933 108.185791 -1.239210
v -11.165747 108.379692 -2.037111
v -12.423023 107.734756 0.438076
v -11.919787 108.086830 -0.847486
v -12.275890 107.855774 0.000035
v -11.416691 108.283241 -1.634575
v -11.422641 107.642555 -2.147427
v -12.118705 107.967445 -0.433177
v -13.503654 105.371475 1.281212
v -13.508389 105.282219 2.183570
v -13.491124 105.358910 1.715783
v -13.215949 105.537109 2.766263
v -13.109344 105.341545 4.105810
v -13.020105 107.322807 1.675154
v -12.718489 107.294327 2.107991
v -12.644852 107.464409 1.342571
v -12.841464 107.062576 3.071233
v -12.531368 107.605469 0.890509
v -10.121367 108.627151 -3.228020
v -9.737920 108.715942 -3.504959
v -11.597426 108.251335 -2.114418
v -10.478705 108.564552 -2.908303
v -11.346652 108.315918 -2.521770
v -10.915772 108.452477 -2.718163
v -10.266284 108.121925 -3.743964
v -9.846892 108.179604 -4.054698
v -11.517108 107.701942 -2.418080
v -10.327278 107.944336 -3.287807
v -11.042830 107.757484 -2.624742
v -11.843911 108.158119 -1.710047
v -12.089602 108.051430 -1.308039
v -12.332973 107.932495 -0.907236
v -12.641111 107.640312 -0.083529
v -12.526402 107.339783 -0.830548
v -12.723311 107.210632 -0.371331
v -12.528508 107.792015 -0.494537
v -12.077060 106.793495 -1.878448
v -11.704026 106.854546 -2.234513
v -11.283313 106.852654 -2.498136
v -12.043819 106.618401 -1.368529
v -12.643356 106.353493 -0.132107
v -12.734338 106.467789 -0.613406
v -12.752321 106.228165 0.306127
v -12.930420 105.967461 1.215314
v -12.535730 105.692322 -1.130867
v -12.920180 107.586906 0.600475
v -13.219808 107.163712 2.517378
v -13.102732 107.333580 2.059012
v -12.882578 107.100243 0.108844
v -12.604419 106.978409 0.491449
v -12.877423 106.565453 1.930230
v -12.748313 106.835197 0.944538
v -12.821582 106.706154 1.439119
v -12.727734 107.513245 0.248243
v -13.193372 106.901062 3.827420
v -13.268737 106.712379 4.270454
v -12.926554 106.120232 3.765176
v -12.900214 106.003807 4.237862
v -13.053538 105.565445 2.720794
v -13.008287 105.691429 2.181394
v -12.965774 105.818787 1.694157
v -13.058986 105.098015 1.162760
v -13.131289 104.941956 1.624582
v -12.997111 105.227333 0.680674
v -12.794284 105.469887 -0.229299
v -13.192470 104.613808 3.031238
v -13.130460 104.481361 3.512557
v -13.075953 104.361145 4.002846
v -0.505074 107.011414 -6.392012
v -4.430822 109.029907 -5.313369
v -4.752943 109.043114 -4.888550
v -2.450818 109.125793 -5.043864
v -3.419290 108.946465 -5.477172
v -2.922660 109.146461 -5.047914
v -1.851406 107.326942 -5.776449
v -2.180934 107.354698 -5.783968
v -2.620838 107.381668 -5.818077
v -7.624780 107.484825 -5.166561
v -11.273463 106.613335 -3.591543
v -11.943801 106.459587 -2.849685
v -12.666753 106.166466 -1.562638
v -12.447365 106.263329 -2.002029
v -12.208960 106.362999 -2.430427
v -13.425005 105.424553 0.901117
v -12.781211 107.179947 2.593465
v -11.561086 107.580421 -1.917789
v -12.786137 107.493851 1.671369
v -12.966809 105.161491 4.235810
v -12.925013 105.355125 0.219345
v -13.294309 104.867912 2.078348
v -1.004454 108.219414 -5.215825
v -2.323109 108.391541 -5.559050
v -3.382577 108.414360 -5.531431
v -5.233971 108.413467 -5.420235
v -1.593650 109.002708 -5.386735
v -1.998462 108.832352 -5.343852
v -1.951730 108.262016 -5.285545
v -4.352944 109.103432 -4.961706
v -5.257357 109.092651 -5.325520
v -1.879976 108.494728 -5.462863
v -1.531925 109.037621 -4.884044
v -0.558940 106.719048 -6.022931
v -10.497217 106.610550 -4.202198
v -1.445916 107.065483 -6.416358
v -0.974714 107.036011 -6.405761
v -5.225014 106.873405 -5.887594
v -3.422459 106.736710 -6.110616
v -2.425307 106.728203 -6.140849
v -13.445055 104.662003 4.028082
v -13.157000 106.022789 4.229974
v -12.793058 106.768448 4.313092
v -13.268134 104.734962 2.551131
v -12.673889 105.579643 -0.683311
v -12.314267 105.788406 -1.538962
v -12.088819 105.905754 -1.945913
v -11.865635 105.993004 -2.373812
v -11.594295 106.076736 -2.770063
v -11.298816 106.203674 -3.152530
v -0.498965 107.455788 -5.583415
v -0.533692 108.215569 -5.161501
v -0.629863 109.093567 -5.048693
v -0.640729 108.909477 -4.819929
v -0.633216 108.398354 -5.538829
v -12.811124 106.880005 3.836996
v -13.161720 106.894287 3.448346
v -10.916903 108.443321 -2.987101
v -10.585896 108.495262 -3.341912
v -10.223156 108.592278 -3.657488
v -6.673234 108.994888 -4.678494
v -6.192217 108.988487 -4.704634
v -5.720814 109.033791 -4.809532
v -5.239832 109.040749 -4.847880
v -3.939201 108.977898 -5.424218
v -2.824136 108.958084 -5.494635
v -2.440590 109.148293 -5.514246
v -2.073553 109.109085 -5.465242
v -1.008418 109.067039 -5.216286
v -1.064733 108.972069 -4.816119
v -1.986873 109.067894 -4.998100
v -3.395145 109.144997 -4.991870
v -3.873291 109.145401 -4.920611
v -4.782770 109.153099 -5.229325
v -5.751937 109.072731 -5.307295
v -6.239089 109.080460 -5.221741
v -9.303657 108.903831 -3.747145
v -9.667833 109.022636 -3.634777
v -9.948564 108.953819 -3.400711
v -10.321367 108.877785 -3.136557
v -10.738403 108.782959 -2.895593
v -11.208884 108.605957 -2.789037
v -11.479163 108.581261 -2.386500
v -11.731718 108.504173 -1.976069
v -11.982797 108.404358 -1.566843
v -12.229613 108.292740 -1.154890
v -12.453490 108.167580 -0.730807
v -12.632137 108.014587 -0.295407
v -12.772191 107.830421 0.144097
v -13.050035 107.488213 1.191755
v -13.257517 107.048294 3.008095
v -12.936699 107.078690 3.417432
v -1.020038 106.716873 -6.046129
v -1.484550 106.722435 -6.085398
v -1.952762 106.738152 -6.105946
v -2.911822 106.714622 -6.160893
v -12.951467 106.251442 3.295957
v -13.179581 106.362488 2.840379
v -12.828231 106.421997 2.423866
v -12.059392 107.370377 -1.101150
v -11.805598 107.471207 -1.511780
v -10.684795 107.837685 -2.963542
v -9.343713 108.079185 -4.043008
v -8.498446 108.170082 -4.504909
v -7.625474 108.240616 -4.822664
v -7.131509 108.278358 -4.912182
v -6.633696 108.293106 -5.011047
v -5.757097 108.288536 -5.160090
v -5.257657 108.286308 -5.205903
v -4.760912 108.299377 -5.243492
v -4.346458 108.431252 -5.514942
v -3.906626 108.342522 -5.273127
v -3.416352 108.319824 -5.303423
v -2.935019 108.315552 -5.333918
v -1.480878 108.250328 -5.246507
v -1.563106 107.469933 -5.679990
v -2.065793 107.583023 -5.652249
v -2.543218 107.617836 -5.686373
v -2.983597 107.614586 -5.691534
v -3.418710 107.557388 -5.687878
v -3.905973 107.587685 -5.644339
v -4.310182 107.724731 -5.905701
v -6.246570 107.641090 -5.665190
v -8.115211 107.539833 -5.219085
v -9.304351 107.331169 -4.424307
v -10.388885 107.186844 -3.661032
v -11.121283 107.012939 -2.969482
v -12.522983 106.584610 -1.063016
v -12.861335 106.097961 0.740481
v -13.040199 105.419243 3.262077
v -13.002260 105.285522 3.761324
v -13.177394 106.139687 3.743854
v -13.176805 106.259277 3.239453
v -12.958980 106.347191 2.722733
v -13.189051 106.491203 2.376255
v -13.149918 106.611473 1.935236
v -13.109019 106.734695 1.479366
v -13.050120 106.843582 0.999919
v -12.911575 106.991417 0.515446
v -7.602319 108.362709 -5.110974
v -7.103670 108.378288 -5.191014
v -3.858873 108.416954 -5.509836
v -1.545805 108.552910 -5.414751
v -1.189607 108.412560 -5.537495
v -1.977721 108.205421 -5.602354
v -13.151842 105.462379 3.620396
v -13.177963 105.570763 3.067475
v -10.108741 106.674553 -4.497242
v -9.781093 106.868492 -4.815908
v -9.358632 106.939751 -5.058690
v -0.988009 107.705009 -5.866929
v -10.944258 106.345787 -3.493057
v -1.450274 107.702171 -5.856748
v -1.916085 107.701920 -5.851976
v -2.379699 107.702538 -5.834038
v -2.847139 107.714653 -5.825092
v -3.778319 107.700768 -5.751705
v -4.222328 107.640076 -5.606227
v -5.137580 107.646133 -5.531034
v -6.089008 107.645950 -5.415986
v -7.048875 107.693115 -5.351016
v -7.952133 107.612671 -5.034499
v -9.277500 107.522476 -4.513338
v -9.711117 107.492630 -4.298480
v -10.032246 107.380692 -3.934386
v -10.472349 107.365822 -3.723005
v -11.132579 107.205994 -3.084316
v -11.774135 107.045303 -2.350295
v -11.864951 106.871826 -1.892673
v -12.219508 106.834999 -1.537674
v -12.330569 106.694778 -1.093644
v -12.500258 106.578262 -0.656592
v -12.742827 106.501625 -0.238069
v -12.878932 106.385437 0.212497
v -12.975145 106.270317 0.662595
v -13.053032 106.146790 1.122686
v -13.104526 106.008415 1.587072
v -13.144608 105.869118 2.059152
v -13.197659 105.696922 2.571991
v -1.919725 107.094254 -6.419148
v -2.396428 107.110390 -6.408958
v -2.877767 107.116676 -6.387410
v -3.367471 107.097488 -6.328502
v -3.824247 106.917259 -6.099827
v -10.198996 106.987083 -4.570432
v -9.698910 106.532677 -4.567452
v -9.271724 106.537407 -4.823326
v -8.846588 106.571877 -5.067069
v -8.397551 106.611877 -5.319737
v -6.534791 106.775002 -5.764836
v -6.123355 106.848083 -5.781594
v -7.442863 106.677795 -5.626945
v -6.374372 106.903992 -5.710200
v -5.690921 107.134903 -6.193713
v -5.198965 107.137283 -6.270691
v -4.310333 107.140953 -6.356614
v -3.820358 107.107948 -6.401781
v -4.213862 106.869278 -6.007351
v -5.667915 106.945488 -5.887744
v -4.096907 107.000282 -5.992137
v -5.344395 107.008766 -5.853273
v -6.083908 107.091911 -5.975762
v -7.515632 107.139893 -5.682653
v -8.010485 107.097084 -5.640991
v -8.486827 107.061974 -5.500888
v -8.932533 107.007301 -5.295046
v -5.938171 107.136497 -5.873167
v -13.358203 105.482216 0.594488
v -13.521852 105.147316 2.651475
v -13.515746 104.990234 3.115945
v -7.861918 106.623146 -5.569407
v -11.621264 106.544365 -3.234572
v -13.224403 105.742302 0.265488
v -13.244945 105.696304 0.695333
v -13.269202 105.597916 1.072922
v -13.260425 105.436882 1.348020
v -13.488207 104.825645 3.575032
v -4.742574 106.967712 -6.240687
v -2.987963 107.376579 -5.813887
v 0.052958 104.472595 13.425214
v 0.188395 103.741371 13.078590
v 0.216562 102.914932 12.929503
v 0.206052 102.071686 12.778463
v 0.507189 101.811913 13.099875
v 0.999483 101.819664 13.118678
v 1.483924 101.827744 13.205043
v 1.958727 101.844238 13.083571
v 2.443216 101.872475 13.020853
v 2.928494 101.902916 13.075127
v 3.365481 101.950035 12.854441
v 3.837307 101.976967 12.719680
v 4.324975 101.991043 12.665436
v 4.795441 102.046928 12.541173
v 5.272048 102.100067 12.454806
v 5.748449 102.156151 12.390429
v 6.215480 102.220634 12.284896
v 6.680515 102.288559 12.170222
v 7.146326 102.359337 12.058634
v 7.603719 102.434807 11.915047
v 8.062674 102.513771 11.773975
v 8.524450 102.595787 11.638464
v 8.929004 102.667259 11.369925
v 9.365850 102.746841 11.155449
v 9.808410 102.832596 10.950897
v 10.225474 102.910049 10.686728
v 10.544091 102.976334 10.405510
v 10.844527 103.042274 10.105193
v 11.145395 103.114845 9.804576
v 11.438445 103.193130 9.495338
v 11.709640 103.275658 9.167247
v 11.977175 103.379517 8.765982
v 12.240956 103.486137 8.367270
v 12.479358 103.596062 7.954841
v 12.692943 103.711723 7.533071
v 12.887448 103.826225 7.099527
v 13.081528 103.945129 6.664071
v 13.290729 104.076378 6.239914
v 13.294471 104.144875 5.757708
v 13.340652 104.247086 5.285899
v 13.389388 104.354607 4.817524
v 13.477248 104.475456 4.382963
v 13.050267 104.570801 4.358873
v 12.968645 105.004173 4.379928
v 12.925265 105.478371 4.459745
v 12.970057 105.883034 4.640369
v 13.139234 106.262039 4.805009
v 12.890823 106.624840 4.846131
v 13.077430 106.863823 5.159387
v 13.036191 107.248817 4.999109
v 13.146945 106.841957 4.940031
v 12.838574 106.217216 4.838442
v 13.074265 105.531021 4.645425
v 13.044304 105.197258 4.515666
v 13.010991 105.125542 4.495740
v 13.373581 104.872314 4.474920
v 12.965830 107.166191 5.479704
v 12.831621 107.071060 5.944118
v 12.696627 107.033424 6.416468
v 12.544814 106.916908 6.870499
v 12.345769 106.693985 7.262196
v 12.293814 106.525635 7.722266
v 12.160640 106.381714 8.174212
v 11.913495 106.272476 8.586145
v 11.744040 106.156128 9.033869
v 11.645993 106.035400 9.501368
v 11.300224 105.986755 9.848975
v 10.846899 105.957603 10.039733
v 10.428463 105.887596 10.290128
v 10.016784 105.886772 10.560668
v 9.566077 105.797134 10.738204
v 9.388453 105.670715 11.179969
v 9.053185 105.555260 11.521977
v 8.714096 105.343987 11.810236
v 8.221716 105.343895 11.793777
v 7.745549 105.317322 11.917191
v 7.336617 105.210304 12.170203
v 6.863126 105.164604 12.298300
v 6.381988 105.171806 12.403703
v 5.970610 105.170509 12.674712
v 5.690493 104.917839 12.991541
v 5.198324 104.916458 12.970349
v 4.708449 104.886856 13.012833
v 4.219890 104.926369 13.061831
v 3.801857 104.793640 13.286082
v 3.313216 104.791359 13.348319
v 2.833970 104.905289 13.345548
v 2.467453 104.708412 13.609350
v 1.982663 104.621658 13.620833
v 1.519201 104.488014 13.720840
v 1.027397 104.460350 13.725313
v 0.552189 104.581497 13.678894
v 0.554749 104.067993 13.127011
v 1.014954 104.074913 13.113174
v 1.475087 104.084290 13.097190
v 1.932842 104.098343 13.064593
v 2.384916 104.126793 13.002541
v 2.836922 104.156631 12.939699
v 3.288666 104.187538 12.875850
v 3.737513 104.221657 12.795333
v 4.175313 104.272942 12.681228
v 4.612487 104.325279 12.565411
v 5.048965 104.378372 12.447914
v 5.485496 104.426445 12.328526
v 5.913544 104.479309 12.184706
v 6.341100 104.534805 12.040866
v 6.767730 104.591591 11.893473
v 7.192960 104.650635 11.742423
v 7.607981 104.716911 11.564658
v 8.018171 104.784790 11.376291
v 8.426690 104.855263 11.185287
v 8.834080 104.928726 10.993508
v 9.240719 105.004578 10.801430
v 9.625777 105.080101 10.568409
v 9.958270 105.155640 10.268202
v 10.288916 105.233238 9.966387
v 10.617852 105.311989 9.663021
v 10.944505 105.391045 9.357221
v 11.229956 105.483116 9.014930
v 11.448237 105.588966 8.625766
v 11.663502 105.695900 8.235138
v 11.875361 105.804283 7.843178
v 12.084218 105.914711 7.450422
v 12.266844 106.024147 7.044392
v 12.379577 106.134789 6.611155
v 12.490090 106.253410 6.179377
v 12.598979 106.376518 5.748115
v 12.704287 106.501457 5.316232
v 0.531973 103.304520 12.992023
v 0.995188 103.315796 12.979955
v 1.458289 103.327759 12.965161
v 1.919952 103.352737 12.930247
v 2.379580 103.379982 12.876709
v 2.838471 103.409645 12.815872
v 3.296670 103.440544 12.750709
v 3.750396 103.476295 12.660737
v 4.200629 103.514465 12.556212
v 4.649889 103.553467 12.448585
v 5.098193 103.593681 12.338080
v 5.545307 103.639549 12.225627
v 5.986371 103.695183 12.094187
v 6.423862 103.753716 11.953400
v 6.860672 103.811707 11.808986
v 7.296638 103.870560 11.661449
v 7.725058 103.935478 11.494094
v 8.152265 103.998756 11.323786
v 8.567854 104.066063 11.126388
v 8.982965 104.128517 10.926867
v 9.397667 104.189758 10.725390
v 9.788193 104.261070 10.480498
v 10.123368 104.354591 10.175150
v 10.456618 104.446831 9.867654
v 10.787744 104.538841 9.557892
v 11.116584 104.631470 9.246261
v 11.369155 104.735916 8.873089
v 11.590845 104.839165 8.480146
v 11.810225 104.942436 8.086036
v 12.027091 105.046532 7.690769
v 12.241401 105.150307 7.294348
v 12.380970 105.264748 6.870627
v 12.496348 105.378029 6.439502
v 12.608878 105.489922 6.006482
v 12.718842 105.601212 5.572340
v 12.825946 105.712646 5.137398
v 0.497323 102.538589 12.893788
v 0.968508 102.546974 12.883189
v 1.438847 102.561844 12.863120
v 1.908769 102.580643 12.830507
v 2.377308 102.603249 12.787053
v 2.844360 102.631767 12.734377
v 3.309757 102.664444 12.669321
v 3.773124 102.700417 12.593299
v 4.234260 102.739281 12.507495
v 4.693413 102.777519 12.408705
v 5.150517 102.818764 12.301841
v 5.605546 102.862022 12.186184
v 6.057910 102.908684 12.061046
v 6.507166 102.959251 11.926498
v 6.952938 103.013084 11.782386
v 7.394648 103.070366 11.628463
v 7.831873 103.131340 11.464522
v 8.264651 103.198906 11.292563
v 8.684971 103.270035 11.093932
v 9.099104 103.346680 10.885998
v 9.504315 103.425674 10.665095
v 9.888325 103.506973 10.409524
v 10.194422 103.581581 10.150644
v 10.492720 103.656982 9.882899
v 10.782722 103.733788 9.606365
v 11.063761 103.811516 9.321312
v 11.327101 103.891151 9.021674
v 11.569029 103.977051 8.644629
v 11.799828 104.069702 8.260482
v 12.016298 104.166077 7.867845
v 12.219152 104.265053 7.468612
v 12.407786 104.365471 7.064000
v 12.533130 104.482559 6.641890
v 12.642833 104.599648 6.213878
v 12.757743 104.709732 5.785548
v 12.854303 104.820618 5.352605
v 12.934033 104.933167 4.915325
v 12.998029 105.074501 4.964367
v 12.911560 104.964287 5.402909
v 12.745425 104.867668 5.821202
v 12.715731 104.734879 6.264682
v 12.560500 104.634941 6.689306
v 12.446737 104.513306 7.117703
v 12.260389 104.410889 7.525193
v 12.070162 104.305069 7.930594
v 11.849813 104.210159 8.323392
v 11.542473 104.135208 8.660224
v 11.355549 104.037926 9.076592
v 11.640831 103.685722 9.216125
v 11.135538 103.920410 9.412658
v 10.842866 103.848999 9.698818
v 10.549317 103.772942 9.977136
v 10.245765 103.700676 10.244121
v 9.922550 103.636711 10.494654
v 10.144550 103.322380 10.687871
v 9.485938 103.583290 10.678773
v 9.111147 103.489685 10.957084
v 8.661049 103.427505 11.096166
v 8.241511 103.356865 11.300260
v 7.836198 103.277016 11.528729
v 7.411735 103.198181 11.723145
v 6.971929 103.133842 11.885585
v 6.526346 103.076149 12.033846
v 6.076265 103.023621 12.170374
v 5.624158 102.971840 12.300415
v 5.169420 102.922546 12.421372
v 4.711799 102.877701 12.531445
v 4.250489 102.836487 12.632762
v 3.786889 102.796013 12.719669
v 3.319296 102.770927 12.786949
v 2.852475 102.732536 12.856938
v 2.383718 102.703201 12.910064
v 1.913883 102.678848 12.954877
v 1.440886 102.667381 12.981247
v 0.969272 102.646889 13.005684
v 0.496633 102.640678 13.014383
v 10.844553 104.092979 9.519503
v 10.507825 104.012856 9.832293
v 11.147049 104.197411 9.237981
v 1.537103 103.765602 13.039248
v 12.153823 103.891441 8.421302
v 13.003496 105.407448 5.089946
v 11.627364 104.392334 8.472287
v 12.065995 104.581131 7.688142
v 0.500383 102.225845 13.192012
v 9.739532 103.245300 10.972507
v 12.986211 104.443169 4.788441
v 0.506059 102.976379 13.133796
v 11.364770 103.601601 9.534837
v 11.073315 103.524658 9.837132
v 10.465133 103.386902 10.414507
v 10.773888 103.453896 10.130006
v 0.534862 103.650833 13.258860
v 0.572585 104.177994 13.539319
v 0.517767 104.565819 13.259338
v 0.645969 103.746300 13.065856
v 0.684072 102.913101 12.916321
v 0.704530 102.118561 12.773170
v 12.923596 104.316162 5.239067
v 12.872971 104.201881 5.700900
v 12.882970 104.170036 6.176886
v 12.904332 105.316505 4.908381
v 12.798073 106.129555 5.128741
v 12.638916 106.942810 5.333071
v 12.996376 106.689468 5.481349
v 12.928268 106.118973 5.286950
v 13.319160 104.765884 4.923755
v 11.908283 103.788200 8.823700
v 1.001514 104.552467 13.312805
v 12.921924 105.306358 5.516742
v 12.817737 105.208557 5.903767
v 9.313715 103.163101 11.212270
v 8.882963 103.084328 11.428524
v 13.225389 104.672974 5.380097
v 13.063031 104.619987 5.832957
v 8.446507 103.012413 11.633829
v 7.998842 102.932999 11.809350
v 7.548734 102.853691 11.968087
v 7.095042 102.778419 12.115059
v 6.637714 102.705559 12.249722
v 6.177292 102.636391 12.373546
v 5.713608 102.571007 12.486033
v 5.247644 102.507347 12.584147
v 4.781283 102.451172 12.677197
v 4.314141 102.404320 12.772665
v 3.846019 102.375504 12.869194
v 3.376082 102.356560 12.966420
v 2.901252 102.326988 13.036946
v 2.423418 102.293648 13.085422
v 1.945035 102.270775 13.129855
v 1.465522 102.252632 13.165614
v 1.041178 104.075600 13.533454
v 1.000762 103.658592 13.251248
v 1.469375 103.668571 13.239108
v 1.940242 103.684769 13.212291
v 2.407938 103.715675 13.157886
v 2.874904 103.747864 13.095922
v 3.345392 103.776588 13.026174
v 3.816163 103.810966 12.933497
v 4.280063 103.863892 12.807259
v 4.745702 103.918312 12.664746
v 5.142893 103.995132 12.358900
v 5.579519 104.011551 12.465255
v 6.002492 104.069572 12.322848
v 6.429000 104.128174 12.183585
v 6.858831 104.186707 12.037392
v 7.291681 104.248329 11.886020
v 7.719247 104.318069 11.711152
v 8.144810 104.390434 11.525340
v 8.564464 104.459633 11.325101
v 8.984945 104.529884 11.112503
v 9.322005 104.597244 10.762094
v 9.795043 104.676025 10.647708
v 10.156080 104.763542 10.343600
v 10.504475 104.851151 10.038225
v 10.848213 104.939354 9.729093
v 11.189877 105.032654 9.412844
v 11.481298 105.123779 9.044471
v 11.701230 105.231789 8.639871
v 11.918048 105.339050 8.237654
v 12.135215 105.447876 7.838831
v 12.335244 105.555664 7.432533
v 12.511364 105.657791 7.021543
v 12.623653 105.769753 6.593421
v 12.727322 105.883476 6.161478
v 12.826888 105.999672 5.725692
v 1.096763 103.752068 13.051694
v 1.476961 104.559547 13.305353
v 1.938331 104.611244 13.199964
v 2.416083 104.600906 13.203876
v 2.860585 104.483475 13.348590
v 3.333698 104.369469 13.359407
v 3.821222 104.373184 13.292506
v 4.261971 104.509727 13.132051
v 4.739231 104.467384 13.043390
v 5.217327 104.496269 12.921976
v 5.689762 104.565308 12.766079
v 5.956635 104.827415 12.430794
v 6.293851 104.923889 12.074432
v 6.752407 105.031067 11.914153
v 7.216744 105.101807 11.777536
v 7.643997 105.156570 11.540843
v 8.115742 105.192947 11.412730
v 8.605472 105.220573 11.421752
v 9.084921 105.179947 11.332141
v 9.498524 105.275856 11.071924
v 9.595112 105.412651 10.571958
v 10.102211 105.474792 10.624829
v 10.515800 105.479713 10.351322
v 10.898867 105.538353 10.041926
v 10.998154 105.799461 9.628868
v 11.330200 105.855766 9.289632
v 11.388731 106.021523 8.845260
v 11.565372 106.114868 8.406145
v 11.805884 106.221497 8.005651
v 11.979949 106.290276 7.567074
v 12.111812 106.374840 7.106681
v 12.290743 106.617203 6.713112
v 12.449021 106.726578 6.259985
v 1.150407 102.918533 12.903798
v 1.968246 103.782310 13.002448
v 2.393619 103.792618 12.946811
v 2.814586 103.802452 12.884254
v 3.227906 103.788963 12.818995
v 3.646433 103.845482 12.749220
v 4.087181 103.886955 12.652751
v 4.531581 103.915825 12.525873
v 4.983755 103.965820 12.399626
v 5.472976 103.993385 12.284865
v 5.955981 104.036003 12.131618
v 6.430087 104.098465 11.968892
v 6.890350 104.200645 11.814172
v 7.344003 104.288170 11.672021
v 7.784635 104.318459 11.490236
v 8.209114 104.352959 11.285971
v 8.620994 104.456116 11.089728
v 9.020523 104.609276 10.903230
v 9.478791 104.565285 11.024272
v 9.640511 104.568214 10.592531
v 9.945465 104.739250 10.302125
v 10.275191 104.812454 9.996322
v 10.596078 104.920799 9.697607
v 10.930264 105.025307 9.391099
v 11.246903 105.052429 9.042647
v 11.459758 105.198975 8.655029
v 11.689165 105.287376 8.246476
v 11.916947 105.397232 7.828226
v 12.151328 105.477257 7.401456
v 12.333656 105.584976 6.940886
v 12.438984 105.780762 6.490634
v 12.561779 105.900101 6.024899
v 12.682244 106.010185 5.569804
v 1.611535 102.963097 12.758794
v 2.083698 102.954094 12.836698
v 2.543436 102.985405 12.783885
v 2.998142 103.018616 12.726236
v 3.467114 103.047058 12.648212
v 3.912757 103.108620 12.559464
v 4.361175 103.148979 12.466352
v 4.809965 103.174683 12.341490
v 5.264863 103.220779 12.237384
v 5.733198 103.242493 12.135283
v 6.194493 103.279251 11.988040
v 6.643174 103.329849 11.834330
v 7.072487 103.397682 11.703205
v 7.510480 103.462944 11.569189
v 7.991896 103.497734 11.642544
v 8.439250 103.549980 11.469114
v 8.858234 103.648964 11.243874
v 9.158381 103.776199 10.848728
v 9.668239 103.777260 10.856588
v 10.072733 103.836632 10.587583
v 10.182079 103.945572 10.134716
v 10.982688 104.021378 9.392888
v 11.625206 104.262077 8.969051
v 11.848993 104.471512 8.078048
v 12.284848 104.669937 7.294009
v 12.429042 104.777336 6.852662
v 12.539463 104.946777 6.386501
v 12.660542 105.050377 5.902441
v 12.787956 105.179344 5.409355
v 12.732128 105.122879 6.207720
v 12.628243 105.019127 6.617402
v 12.502938 104.903984 7.052569
v 12.330554 104.792152 7.477150
v 12.112829 104.689903 7.876477
v 11.902373 104.589661 8.278395
v 11.674612 104.489891 8.678510
v 11.326802 104.375145 8.994456
v 11.206283 104.299232 9.426401
v 10.877887 104.211708 9.711806
v 10.573653 104.132278 10.021594
v 10.251933 104.049965 10.319509
v 9.820053 103.938560 10.469718
v 9.394500 103.877197 10.732656
v 9.064487 103.820450 11.074843
v 8.574653 103.739128 11.129319
v 8.151794 103.669472 11.333862
v 7.737110 103.596489 11.505937
v 7.377590 103.548302 11.805235
v 6.935849 103.487083 11.951344
v 6.497232 103.429375 12.099316
v 6.059113 103.374138 12.247851
v 5.613979 103.320641 12.384070
v 5.161226 103.273476 12.496599
v 4.708013 103.229996 12.605321
v 4.250132 103.187828 12.709508
v 3.789874 103.145164 12.806259
v 3.325228 103.111084 12.899127
v 2.851454 103.075661 12.954041
v 2.382172 103.046509 13.014836
v 1.911584 103.019119 13.062646
v 1.446095 102.999779 13.105217
v 1.079200 102.123955 12.748792
v 1.846019 102.089867 12.747263
v 2.192216 102.114937 12.712016
v 0.939614 102.238182 12.788177
v 2.540840 102.128227 12.674714
v 3.213383 102.193451 12.550218
v 3.549278 102.241440 12.481620
v 3.886471 102.284920 12.414643
v 4.607757 102.321045 12.256207
v 4.929861 102.351273 12.195945
v 5.668842 102.385918 12.045432
v 6.117955 102.422768 11.921799
v 6.574615 102.480568 11.804057
v 7.033463 102.530296 11.683150
v 7.485994 102.587456 11.536422
v 7.937719 102.665749 11.397140
v 8.387728 102.719666 11.252503
v 8.786192 102.828484 11.015918
v 9.203643 102.900230 10.804494
v 9.608358 102.957573 10.599192
v 9.974994 103.017113 10.355254
v 10.279716 103.073792 10.095432
v 10.554692 103.140968 9.815753
v 10.834338 103.213066 9.543286
v 11.108436 103.332817 9.287785
v 11.368439 103.392044 8.973213
v 11.607080 103.476067 8.607323
v 11.850779 103.572510 8.217661
v 12.081729 103.665398 7.817523
v 12.298133 103.770409 7.412840
v 12.482527 103.877625 6.984526
v 12.670931 103.990723 6.561206
v 12.883002 104.370178 6.726872
v 12.740370 104.394531 6.825061
v 12.771235 104.281761 7.100752
v 12.595411 104.130424 7.585392
v 12.382900 104.005089 8.012246
v 12.526189 106.822021 5.788601
v 12.879458 106.600014 5.865274
v 12.522928 106.266380 7.230130
v 12.420642 106.204521 7.684159
v 12.238815 106.081398 8.095099
v 12.020685 105.956436 8.481707
v 12.839343 106.541100 5.702575
v 11.765411 105.746513 8.809276
v 10.575645 105.697632 9.753717
v 10.223629 105.724770 10.059135
v 9.882131 105.664246 10.374670
v 9.741869 105.506279 10.801952
v 11.686845 105.732849 8.586575
v 11.874669 105.814247 8.314235
v 12.080451 105.906921 7.956860
v 12.262037 106.011147 7.595719
v 12.329844 106.127174 7.293586
v 9.246980 105.406387 10.833991
v 8.127540 104.891106 11.744731
v 7.742613 104.973076 11.978530
v 7.347117 104.890030 12.176739
v 6.915128 104.821960 12.315674
v 9.380705 105.247803 10.728363
v 9.740699 105.263260 10.699683
v 9.888755 105.398979 10.306050
v 10.199275 105.464714 10.023057
v 10.449431 105.495842 9.796332
v 6.472028 104.713638 12.375257
v 5.048326 104.754539 12.554498
v 4.614568 104.812637 12.685358
v 4.167934 104.794128 12.775252
v 3.765954 104.700066 12.951291
v 6.561948 104.670731 12.161548
v 6.883640 104.665100 12.107407
v 7.270956 104.723671 11.973862
v 7.633554 104.814903 11.795852
v 7.923256 104.870438 11.624347
v 3.321935 104.582878 12.936360
v 1.992796 104.143822 13.375997
v 1.524865 104.095909 13.493759
v 3.464511 104.412880 12.886421
v 3.781605 104.471268 12.823476
v 4.169079 104.526909 12.717059
v 4.564279 104.564468 12.605871
v 4.881679 104.573540 12.513656
v 0.974518 102.985794 13.121630
v 0.983955 102.239502 13.186974
v 5.240160 102.374542 12.136841
v 13.640391 104.232742 4.321476
v 13.777366 103.984253 4.250241
v 14.317304 102.688469 4.117024
v 14.671933 101.387054 3.867789
v 15.202315 100.134850 4.017964
v 15.670407 98.869270 4.229208
v 15.961830 97.542534 4.202137
v 16.070395 96.211731 3.969391
v 16.050251 94.960953 3.441441
v 15.844234 93.846558 2.666806
v 15.826082 92.482719 2.477643
v 15.970958 91.123161 2.554929
v 16.316803 89.935822 3.090268
v 15.627934 88.644325 2.946544
v 15.617442 87.187943 3.171847
v 15.917336 85.787598 3.528164
v 16.435251 84.493126 4.021597
v 16.336637 83.152672 4.648565
v 16.123386 81.890350 5.394754
v 15.776690 80.716370 6.232367
v 15.324187 79.644470 7.156526
v 14.672342 78.697533 8.092313
v 13.855835 77.922569 9.059270
v 13.133105 77.299530 10.190251
v 12.216988 76.826408 11.250218
v 10.958066 76.376976 11.880309
v 9.618913 76.012131 12.384762
v 8.183036 75.657135 12.454665
v 6.790347 75.451134 12.209422
v 5.447382 75.292793 11.758670
v 4.232908 75.203781 11.017979
v 3.189242 75.188934 10.045300
v 2.235811 75.181023 8.979331
v 1.599289 75.182381 7.695910
v 1.062491 75.124565 6.365148
v 0.827866 75.124527 4.943559
v 0.793553 75.143028 3.501856
v 0.941990 75.197174 2.079020
v 0.867127 75.438477 2.121929
v 0.784173 75.680901 2.163941
v 0.695038 75.924950 2.205397
v 0.606352 76.166924 2.246783
v 0.476259 77.455803 2.318131
v 0.288514 78.722847 2.279371
v 0.179208 79.994881 1.830835
v 0.100656 81.271599 1.817363
v 10.365881 102.448875 10.927286
v 10.456832 101.196373 11.372914
v 10.541163 99.898529 11.582603
v 10.589703 98.589653 11.755099
v 10.613814 97.279457 11.872756
v 10.555028 95.972183 11.876231
v 11.772423 102.747803 9.147371
v 11.934878 101.440086 9.047696
v 12.091479 100.142067 8.959753
v 12.355073 98.864449 9.135379
v 12.598365 97.630959 9.509288
v 12.601283 96.650780 10.385336
v 11.000311 102.574623 9.972223
v 1.351605 101.314186 13.197054
v 2.727671 101.380547 13.080490
v 3.931463 101.546547 12.432992
v 5.296666 101.617302 12.279391
v 6.655441 101.786011 12.327511
v 7.964467 101.994896 11.957247
v 9.018815 102.213448 11.094132
v 12.703579 103.180260 8.329453
v 13.082936 103.348289 7.070333
v 13.595244 103.707474 5.888131
v 13.395518 103.832703 4.552902
v 13.375600 104.093910 4.682896
v 13.860572 102.488014 4.283374
v 14.347361 101.122139 4.183849
v 14.836647 99.750595 4.183789
v 15.288897 98.364563 4.192287
v 15.535953 96.963890 3.965255
v 15.586548 95.597397 3.543265
v 15.474765 94.234291 3.124586
v 15.610585 92.825699 2.968623
v 15.712358 91.400902 2.963891
v 15.908893 90.065445 3.370117
v 15.530711 88.696564 3.442484
v 15.615311 87.294113 3.666783
v 16.003708 85.963753 3.994209
v 16.359579 84.674820 4.486015
v 16.157944 83.382996 5.057326
v 15.911608 82.161911 5.760217
v 15.543994 81.025444 6.550842
v 15.089592 79.991318 7.432609
v 14.488739 79.081924 8.360007
v 13.770522 78.334740 9.342321
v 12.975229 77.748001 10.370404
v 11.996371 77.281563 11.295387
v 10.818737 76.854195 11.975496
v 9.490718 76.500999 12.350658
v 8.107825 76.153679 12.454619
v 6.715765 75.949402 12.217536
v 5.383073 75.792992 11.740396
v 4.156996 75.704773 11.021544
v 3.113839 75.689117 10.050657
v 2.148506 75.677330 8.999801
v 1.501417 75.676590 7.727672
v 0.904094 75.597672 6.432927
v 0.737841 75.617867 5.012337
v 0.671010 75.630737 3.582073
v 15.487709 90.179680 3.626158
v 15.433202 88.732086 3.940428
v 15.647143 87.287796 4.183945
v 16.148163 85.935051 4.526385
v 16.239462 84.555908 5.069810
v 15.921546 83.234856 5.672903
v 15.574782 81.993057 6.416552
v 15.114594 80.855171 7.256549
v 14.598307 79.846153 8.220292
v 13.960128 78.997986 9.260196
v 13.071239 78.352020 10.259977
v 12.007149 77.834099 11.156633
v 10.862531 77.388130 11.990402
v 9.460925 77.015648 12.304081
v 8.034511 76.643761 12.491326
v 7.987770 76.636734 12.490829
v 7.940907 76.630188 12.490109
v 6.562694 76.436882 12.216213
v 5.251920 76.287384 11.698312
v 4.026738 76.202881 10.993027
v 2.985898 76.186493 10.031929
v 2.026042 76.172173 8.989848
v 1.380884 76.168190 7.730324
v 0.731019 76.068871 6.475640
v 0.645977 76.112602 5.062581
v 0.526760 76.113052 3.653799
v 0.244204 79.426895 6.324161
v 10.875079 99.188995 10.054564
v 0.039385 78.812218 4.062516
v 2.939716 83.397850 10.560799
v 11.699773 96.269875 9.771606
v 13.564763 97.777855 9.859513
v -0.034801 82.754044 5.136136
v 0.922412 84.459618 8.935859
v 11.551860 97.355713 9.655385
v 13.905907 99.555046 8.775443
v 0.142180 82.086006 3.728378
v 0.298122 82.893204 6.784629
v 8.785110 95.991249 11.820339
v 13.875771 100.342484 7.050442
v 9.909630 98.034813 11.797394
v 10.242978 86.991478 12.556397
v 6.536369 97.626617 12.341527
v 4.517681 94.873428 11.513595
v 0.022544 80.844048 5.751126
v 4.358550 88.433075 10.607934
v 13.961992 98.628891 8.902095
v 0.592021 83.724930 7.398020
v 10.458195 82.906029 12.438851
v 3.225230 92.772881 10.638804
v 13.960301 97.481995 8.847390
v 13.570503 96.636581 8.221110
v 13.722452 97.527992 6.769415
v 13.624405 98.430267 7.211642
v 13.983092 97.775703 5.911260
v 3.930630 78.304993 11.476017
v 14.978751 89.649277 6.728618
v 13.968622 98.592247 8.196943
v 1.345073 98.418961 12.816310
v 1.482108 95.798988 12.301140
v 13.376900 82.863434 10.151673
v 0.733629 79.256523 7.577619
v 5.181516 98.816643 12.356285
v 8.938122 99.553856 10.713597
v 0.991475 94.615440 11.959329
v 2.085738 93.808807 11.425103
v 1.455411 89.789505 10.323838
v 9.013459 79.141777 12.675654
v 1.393631 88.511993 9.518866
v 14.863962 84.730064 7.425141
v 15.314610 89.309059 5.797959
v 0.419038 82.502045 7.564009
v 0.237766 81.646004 6.768525
v 13.165107 81.216057 10.427778
v 10.514524 78.490135 12.089784
v 12.360602 80.579865 11.189001
v 11.746968 78.962051 11.603783
v 1.350482 79.226524 8.737666
v 0.879023 80.271225 7.999597
v 3.911486 79.357079 11.694150
v 2.199921 79.235794 9.732854
v 7.483622 97.965515 11.411193
v 7.290948 96.722748 11.126392
v 3.225393 94.145691 10.940039
v 15.283572 92.502281 5.008404
v 6.486959 77.465164 12.365042
v 5.167409 79.534256 11.976134
v 7.873784 77.504646 12.602861
v 2.649114 88.551117 9.516929
v 1.178231 85.911583 8.171574
v 14.575633 83.716621 8.068501
v 15.077544 85.816315 6.883121
v 0.553297 83.412888 8.304849
v 1.876117 94.824898 11.898665
v 2.554674 96.125275 11.879001
v 3.889193 97.174232 11.462257
v 12.283781 83.065819 11.126315
v 1.478313 81.258804 9.478180
v 3.839681 100.181595 11.970916
v 6.263544 93.672325 10.794259
v 14.992179 90.802238 6.458262
v 7.581271 79.900719 12.754592
v 5.208374 78.462227 11.848060
v 2.933368 89.655922 10.886874
v 2.696663 90.129303 9.784635
v 14.815903 81.873215 8.189098
v 14.073178 88.214439 8.868369
v 14.573236 88.866386 7.878047
v 14.116719 90.141655 8.505094
v 4.403364 95.959290 11.482774
v 5.348455 94.819267 12.340749
v 5.398201 93.502052 12.132043
v 7.711347 78.776421 12.750652
v 7.481777 80.964516 12.701774
v 2.352960 87.314667 10.565378
v 4.904170 91.064232 10.714467
v 14.705640 86.395103 7.744459
v 6.519829 96.328239 12.063439
v 6.228403 95.173630 11.408001
v 3.871838 98.736862 11.705642
v 5.715406 85.953781 13.040453
v 5.350229 83.712738 12.794849
v 5.240665 82.657333 12.609661
v 7.420645 82.960281 12.394902
v 6.321632 82.833160 12.216584
v 6.337720 81.801285 12.185643
v 6.373971 80.759087 12.229434
v 4.237358 92.562904 11.125474
v 3.772015 91.509094 11.202346
v 4.154047 90.207726 11.537725
v 5.566945 92.090050 10.687359
v 14.495746 87.860664 8.164604
v 14.138512 86.019196 8.949354
v 13.442367 84.405014 9.984647
v 13.836738 85.179741 9.446170
v 1.575738 85.770569 9.559901
v 4.586818 91.124199 11.729196
v 5.068987 92.190155 11.922385
v 8.425059 85.015038 12.466262
v 5.046680 89.999077 10.964639
v 7.184554 89.123161 12.991884
v 5.001613 89.331795 11.112338
v 9.355251 83.435577 12.832060
v 4.778543 86.815422 11.146145
v 5.811984 89.367310 11.206824
v 7.374803 92.569504 11.326848
v 8.382602 83.188408 12.785542
v 8.488582 82.236115 12.864739
v 10.217376 83.760406 12.617509
v 7.497341 84.932724 12.157710
v 4.793423 87.649681 11.424103
v 5.473155 87.671532 11.346597
v 3.838748 86.790459 11.226558
v 3.366988 87.452316 10.444151
v 7.885324 89.942520 12.957645
v 9.530144 82.541679 12.780415
v 7.837260 87.845055 11.981861
v 6.032112 88.293549 12.092978
v 11.213762 83.368317 11.942020
v 10.652717 84.891930 12.446592
v 11.858706 83.908524 11.399107
v 10.636549 86.101402 12.521646
v 11.199722 85.465340 12.129307
v 5.981026 87.132401 13.059579
v 7.398493 88.190430 12.868214
v 9.016976 88.812645 11.913842
v 8.359816 89.689140 12.406275
v 8.392067 87.561142 11.878671
v 10.034374 91.068016 11.557470
v 8.784421 90.333366 11.545581
v 6.718437 85.956573 12.631730
v 12.351411 88.072609 11.216284
v 13.498496 89.235428 9.237040
v 13.364324 87.779457 9.600171
v 11.223132 89.572121 12.075718
v 11.031016 87.476654 12.369668
v 12.205203 86.246788 10.960472
v 11.798837 86.167900 11.573213
v 14.349147 86.915352 8.523908
v 10.135432 89.200615 12.124859
v 10.156337 90.268089 11.905065
v 12.857734 86.359680 10.323467
v 12.520629 85.749985 10.709291
v 12.094105 87.073265 11.357949
v 9.268660 89.423576 11.869542
v 9.119911 91.058495 11.401734
v 7.633554 86.948540 12.012508
v 9.435874 86.557777 12.511895
v 12.449711 84.501312 10.872776
v 12.640321 87.548035 10.434818
v 11.386473 86.741264 12.182454
v 9.994255 95.193352 11.011355
v 11.809202 95.254532 10.198226
v 9.151788 85.054924 12.755450
v 10.395766 85.403542 12.625226
v 9.835857 85.221062 12.725059
v 9.800487 93.456703 12.367780
v 10.346953 95.077843 11.926219
v 9.570523 95.152901 12.403343
v 9.106511 94.023354 12.568695
v 8.582992 94.834435 12.117083
v 10.708297 95.120377 10.239462
v 10.698932 93.949181 10.444504
v 8.722859 90.500862 12.341039
v 10.632873 92.543785 10.819333
v 12.071324 90.769989 11.691822
v 11.092273 90.561668 11.939320
v 11.879876 94.198608 10.711167
v 13.005591 94.602898 10.930752
v 10.880350 91.587944 11.711143
v 13.460452 94.593864 8.956835
v 3.119959 85.133209 11.147502
v 3.613775 85.946114 11.316741
v 3.492152 85.922226 10.703833
v 4.320278 83.635178 12.211550
v 4.933387 85.940674 12.202098
v 4.004574 84.627464 11.025931
v 3.129887 84.174431 10.761840
v 2.500006 81.319122 10.147509
v 2.664746 82.383560 10.347105
v 2.371658 84.852005 9.868126
v 2.456280 84.436462 10.725714
v 3.001103 79.270470 10.765380
v 13.864319 83.633614 9.464387
v 14.234354 84.485115 8.822585
v 1.483165 82.390259 9.739423
v 14.579297 92.180779 7.212384
v 15.022728 92.063393 6.096421
v 5.633043 90.350365 10.922033
v 7.043539 89.996368 12.912297
v 7.251026 91.100288 12.586787
v 7.905511 93.787041 11.764090
v 3.014571 85.495605 10.399876
v 13.339462 90.228027 9.278302
v 12.698318 89.912857 11.124078
v 12.731450 88.901558 10.487397
v 12.984218 90.643555 10.144484
v 12.122603 89.809563 11.734869
v 13.007726 91.909973 10.958973
v 13.225014 93.295181 10.722040
v 13.185691 91.687325 9.933576
v 12.839128 90.799576 11.069224
v 13.531226 92.520004 8.717398
v 14.146873 91.227524 8.285082
v 13.426274 93.500443 9.288034
v 14.123680 93.083969 7.945934
v 13.637893 93.634132 8.451152
v 13.614776 95.227196 8.219740
v 14.092092 94.465363 7.574853
v 8.406623 93.233093 12.583446
v 13.623178 94.074944 9.779076
v 4.132301 82.547791 12.162835
v 15.320731 90.423759 5.600829
v 0.283477 77.349380 3.943876
v 1.342335 99.850632 13.064200
v 1.374608 97.040154 12.554586
v 8.987861 100.905853 10.802569
v 13.323854 101.946098 8.581326
v 13.732120 100.636475 8.740911
v 7.973271 100.618256 11.898743
v 6.662782 100.396278 12.524486
v 5.287652 100.211922 12.089927
v 2.760178 99.940399 12.891974
v 13.439989 102.258781 5.691933
v 13.879456 102.052635 7.150879
v 15.722443 91.435455 3.798315
v 15.408106 92.692200 3.961359
v 15.020246 93.990921 4.121945
v 14.691821 95.326080 4.309596
v 14.396019 96.692101 4.517840
v 14.129974 98.053497 4.718250
v 13.774536 99.389984 5.013244
v 13.465779 100.779434 5.406334
v 9.232697 78.038635 12.503398
v 12.688800 79.522804 10.745189
v 13.542790 80.173485 9.886195
v 14.271338 80.958656 9.042125
v 15.269112 82.907547 7.430025
v 15.630740 84.034264 6.763870
v 15.906028 85.238373 6.207421
v 16.062511 86.495850 5.733189
v 16.056044 87.769058 5.293107
v 16.000778 89.055199 4.975574
v 15.918216 90.304642 4.792905
v 0.483415 77.189507 5.529818
v 0.590717 77.079063 6.939925
v 1.364008 77.151459 8.093514
v 2.051886 77.160225 9.287538
v 2.941043 77.190788 10.337050
v 3.967993 77.254227 11.251426
v 5.233260 77.374046 11.785478
v 0.315989 83.441856 6.128933
v 0.015977 79.805077 3.111494
v 1.312851 87.261131 8.727773
v 1.354455 91.062286 11.059161
v 1.240013 92.387299 11.516847
v 1.107537 93.646263 11.806391
v 9.772208 97.160942 11.989482
v 9.661330 96.112053 12.239745
v 10.457048 97.269157 10.876516
v 10.171671 96.209839 10.942636
v 10.812793 98.232445 10.680558
v 11.316948 98.344780 9.612978
v 13.523200 96.710892 10.111617
v 13.308810 98.790947 9.550981
v 15.604215 91.394470 4.774093
v 15.010347 93.792038 5.227845
v 14.722321 95.100677 5.486850
v 0.319355 78.347618 5.904890
v 2.716971 98.547913 12.524615
v 0.573309 78.172661 7.303213
v 1.337291 78.184746 8.431644
v 2.116012 78.193779 9.526190
v 2.656544 97.210663 12.161603
v 2.941043 78.225273 10.582077
v 7.784379 99.275131 11.677710
v 14.315689 96.443718 5.846024
v 13.555867 98.975418 6.288632
v 6.477493 78.591896 12.256484
v 6.621439 98.999107 12.510474
v 0.284655 84.025383 6.766742
v -0.101253 80.614151 3.519781
v 10.739356 97.941620 10.003131
v 13.146736 99.567314 9.292059
v -0.093534 81.397758 4.705336
v 0.830017 84.720528 7.778038
v 0.038950 82.153740 5.894181
v 2.170668 92.610649 10.956122
v 9.421104 98.338432 11.559267
v 9.010754 97.125427 11.627049
v 10.693851 96.188408 10.079799
v 12.707142 95.639915 10.699035
v 13.499636 95.803764 10.244596
v 15.284770 88.129784 6.075850
v 15.212943 86.956001 6.437194
v 14.216350 82.789818 8.807582
v 13.794074 81.959831 9.634813
v 11.314269 80.035309 11.724249
v 10.224524 79.568459 12.293962
v 10.699821 97.187805 10.009356
v 13.872660 96.495361 9.373885
v 2.394313 87.115906 9.376331
v 2.320288 91.367302 10.499380
v -0.040723 79.937233 4.726611
v 13.954526 99.226852 7.796091
v 15.278343 91.291649 5.475650
v 14.747599 93.478188 6.272851
v 14.436604 94.701286 6.503053
v 14.157106 95.735580 6.688046
v 6.413928 79.693748 12.271667
v 8.602621 98.157051 10.727854
v 5.138250 97.396927 12.378691
v 13.792046 95.876228 9.694922
v 8.419802 96.892799 10.797336
v 8.354838 95.779358 10.979653
v 13.680037 97.936951 7.970182
v 11.007008 81.045700 12.005664
v 11.926726 81.573662 11.447089
v 12.718848 82.182152 10.826159
v 14.515620 85.409103 8.249336
v 14.832822 87.435898 7.337150
v 14.918063 88.522156 7.006358
v 9.969361 80.604103 12.492628
v 8.815127 80.220924 12.799895
v 3.289593 91.604118 10.356638
v 3.347992 90.694115 10.345465
v 2.460772 86.202019 10.622079
v 13.630638 94.943214 10.166735
v 9.819515 94.162437 11.116694
v 10.098214 94.247078 12.022433
v 9.668719 94.480225 12.485371
v 13.561037 95.941338 8.820039
v 13.643930 97.125084 7.505520
v 2.746164 95.201622 11.406466
v 3.280071 96.329002 11.458689
v 13.568087 95.349991 9.420913
v 2.517765 88.518578 10.683434
v 0.339420 80.439857 6.955151
v 1.435643 80.258049 9.076854
v 2.337261 80.279732 9.944155
v 3.141775 80.317627 10.918708
v 3.928324 80.412376 11.907717
v 5.147402 80.589569 12.167337
v 5.271572 96.088524 12.362323
v 8.312508 94.957260 11.245985
v 0.584695 81.347748 7.630237
v 7.322118 95.534615 10.850404
v 13.867457 96.394768 7.107759
v 13.965243 96.790947 6.572062
v 0.769369 82.163582 8.287218
v 3.397504 90.555893 11.122104
v 13.714713 95.906624 7.698582
v 8.636776 81.252098 12.868564
v 9.736052 81.599602 12.661159
v 10.705943 82.011871 12.232473
v 11.530074 82.506592 11.685285
v 12.915074 83.711746 10.564623
v 14.603354 89.929466 7.645109
v 14.600944 91.037392 7.409871
v 14.012436 95.373817 7.329809
v 14.399673 93.304237 7.255619
v 4.420089 93.781364 11.307996
v 1.808668 83.914391 9.352818
v 9.585127 93.117218 11.398374
v 11.907500 93.115257 11.428859
v 3.390494 86.540199 10.532082
v 1.257896 82.965591 8.864606
v 1.030247 81.182442 8.477546
v 7.627943 94.417099 10.859689
v 3.494276 88.349770 10.945453
v 3.550873 95.608215 11.301072
v 3.802616 94.888931 11.135985
v 3.395371 81.355667 10.996156
v 4.000756 81.477898 12.066388
v 5.170522 81.627579 12.395166
v 1.218060 81.900810 8.777557
v 3.786920 89.291725 11.316325
v 7.422487 81.986237 12.571616
v 12.963841 85.118065 10.392913
v 13.363019 85.810471 9.948482
v 13.677817 86.572792 9.538721
v 13.913342 87.375023 9.172273
v 14.126300 89.120934 8.667521
v 13.409657 92.746574 9.676862
v 9.224946 92.631310 12.627468
v 9.620819 92.137314 11.876955
v 12.011490 91.863060 11.578401
v 4.154905 87.560745 10.864696
v 1.955039 83.529892 10.325107
v 14.173517 92.262451 8.089288
v 9.670283 91.668518 11.019227
v 4.360240 89.364151 10.606911
v 4.477173 90.225029 10.704049
v 7.748649 92.252556 12.517673
v 8.636308 91.767632 12.829986
v 9.140175 91.321838 12.177376
v 3.652686 82.406898 11.055757
v 10.925743 84.181816 12.218203
v 11.521189 84.710754 11.747391
v 12.041757 85.284523 11.197762
v 13.139501 87.065392 9.979403
v 13.512001 88.455681 9.334057
v 13.437192 91.409744 8.988095
v 6.641454 91.032310 11.332545
v 4.489924 85.790688 11.174977
v 3.889443 83.477287 11.093389
v 6.360641 83.868546 12.306083
v 4.883871 88.490326 11.265758
v 7.433654 83.947533 12.263996
v 8.338864 84.117851 12.665127
v 9.210111 84.290176 12.813516
v 9.997685 84.540512 12.732726
v 12.394748 86.808556 10.728831
v 12.947924 88.209587 10.033674
v 13.164807 88.595978 9.700177
v 13.094607 89.116066 9.793240
v 13.073436 89.719551 9.811676
v 8.174905 90.838493 12.949494
v 5.480853 87.140724 11.968917
v 4.546494 84.775795 12.219345
v 5.488320 84.823105 12.948255
v 5.669537 88.411819 11.300294
v 12.829887 89.799515 10.381920
v 9.568557 90.694321 11.369046
v 6.476903 84.918457 12.442500
v 12.189325 88.955437 11.592867
v 12.607583 89.250481 11.103864
v 6.544666 89.479912 12.028888
v 8.535886 89.526428 11.615541
v 9.476846 90.132744 11.565534
v 11.500243 88.680504 12.130904
v 11.774418 87.226044 11.872149
v 11.722178 87.863678 11.968052
v 6.318892 88.227592 12.996174
v 7.587910 85.955093 12.056217
v 8.640342 86.009377 12.296524
v 9.167930 85.664932 12.647941
v 9.769922 85.893303 12.681991
v 6.507863 89.018585 12.828528
v 7.753372 89.314224 12.933764
v 8.006186 88.935478 12.510225
v 7.016236 87.034477 12.794217
v 10.633266 88.285660 12.308809
v 8.357403 88.605064 11.691110
v 9.855283 87.762703 12.375521
v 8.471133 86.938438 12.027538
v 9.138301 87.311142 12.261246
v 9.444036 88.443008 12.160439
v 8.829098 87.979698 12.009451
v 12.712216 107.022636 4.877972
v 12.853304 106.195374 4.665257
v 12.935097 105.440666 4.368434
v 13.079391 104.575829 4.251902
v 13.592542 104.646568 3.973836
v 13.710963 104.851578 3.532808
v 13.621509 104.844803 3.043713
v 13.513031 104.958672 2.576945
v 13.486556 105.100060 2.106097
v 13.456764 105.242180 1.634393
v 13.421519 105.384148 1.161148
v 13.355547 105.525391 0.689145
v 13.289565 105.669090 0.216771
v 13.215306 105.804993 -0.260041
v 13.027600 105.905838 -0.718223
v 12.864410 106.013184 -1.191345
v 12.752612 106.161095 -1.671429
v 12.490275 106.263649 -2.096891
v 12.213038 106.361633 -2.505930
v 11.914927 106.380165 -2.907373
v 11.614356 106.411095 -3.304677
v 11.321729 106.475685 -3.706740
v 10.959273 106.505348 -4.054135
v 10.594537 106.548851 -4.387543
v 10.182673 106.561256 -4.665898
v 9.796680 106.600220 -4.976162
v 9.379234 106.683632 -5.237702
v 8.930484 106.679947 -5.469398
v 8.465804 106.652161 -5.675419
v 7.990312 106.685539 -5.842324
v 7.512923 106.709778 -5.977429
v 7.061964 106.775505 -6.158224
v 6.578352 106.748230 -6.189736
v 6.101559 106.747131 -6.266956
v 5.627375 106.746849 -6.357465
v 5.156199 106.677933 -6.359338
v 4.691183 106.719437 -6.425175
v 4.228183 106.782227 -6.513897
v 3.756612 106.815079 -6.597480
v 3.283333 106.776505 -6.554422
v 2.810551 106.785355 -6.601959
v 2.339394 106.741997 -6.570575
v 1.868492 106.696754 -6.535124
v 1.396215 106.651382 -6.503622
v 0.930246 106.607559 -6.404817
v 0.451190 106.577812 -6.429137
v 0.060013 106.706787 -6.007815
v 0.000891 107.429375 -5.576739
v -0.189589 108.169571 -5.145615
v -0.200059 108.965141 -4.747272
v 0.288157 109.341141 -4.732742
v 0.582732 109.433372 -5.118045
v 1.075456 109.440125 -5.148024
v 1.568740 109.438347 -5.128442
v 2.049775 109.414696 -5.236903
v 2.506620 109.366936 -5.417855
v 2.974267 109.404053 -5.264174
v 3.456035 109.374489 -5.367790
v 3.945755 109.376419 -5.430061
v 4.365505 109.456360 -5.182892
v 4.853661 109.469498 -5.110677
v 5.345438 109.470451 -5.067746
v 5.836423 109.472588 -5.016588
v 6.326752 109.483559 -4.960409
v 6.799823 109.502075 -4.820513
v 7.249888 109.557938 -4.625451
v 7.731323 109.620537 -4.715380
v 8.185886 109.579185 -4.527143
v 8.657897 109.589622 -4.382633
v 9.042054 109.544762 -4.075656
v 9.416922 109.464348 -3.764483
v 9.822833 109.452454 -3.483530
v 10.189585 109.420708 -3.154397
v 10.583668 109.393547 -2.858069
v 10.901556 109.290909 -2.494399
v 11.226890 109.226250 -2.128561
v 11.488475 109.129417 -1.721037
v 11.739746 109.040421 -1.305334
v 11.962594 108.975403 -0.869475
v 12.195169 108.926537 -0.436620
v 12.345996 108.777458 0.009293
v 12.532598 108.598183 0.429797
v 12.708508 108.449272 0.866440
v 12.840599 108.310143 1.321394
v 12.951949 108.168983 1.781239
v 13.065444 108.026382 2.240111
v 13.210837 107.887451 2.691036
v 13.381014 107.698318 3.114161
v 13.245946 107.582634 3.574718
v 13.142352 107.491592 4.048760
v 13.073445 107.383232 4.525481
v 13.001243 105.118629 3.946661
v 13.116233 105.355797 3.532019
v 13.068913 105.376991 3.035470
v 13.052154 105.509789 2.575603
v 13.010449 105.645081 2.120422
v 12.970326 105.769279 1.670330
v 12.940991 105.896622 1.212441
v 12.877505 106.026390 0.761549
v 12.771190 106.137321 0.323996
v 12.662298 106.259155 -0.117202
v 12.549807 106.396118 -0.563535
v 12.274974 106.511246 -0.900317
v 12.277787 106.674858 -1.363636
v 12.085008 106.776367 -1.782741
v 11.851584 106.869507 -2.186602
v 11.614783 106.952385 -2.590503
v 11.304006 107.021851 -2.930772
v 10.988853 107.002739 -3.246263
v 10.651400 107.031387 -3.580673
v 10.315062 107.104691 -3.937130
v 9.929265 107.140236 -4.255866
v 9.531891 107.196098 -4.498015
v 9.120525 107.209167 -4.749062
v 8.724606 107.225060 -4.976088
v 8.290439 107.234154 -5.206442
v 7.820622 107.126480 -5.283942
v 7.381971 107.126541 -5.383116
v 6.907349 107.134850 -5.486673
v 6.449397 107.138649 -5.584515
v 6.004747 107.144188 -5.658435
v 5.525301 107.151451 -5.715921
v 5.086561 107.255447 -5.835623
v 4.628778 107.251541 -5.886833
v 4.159557 107.268555 -5.925717
v 3.699567 107.139122 -5.881533
v 3.232696 107.134476 -5.919557
v 2.764927 107.132629 -5.956196
v 2.296200 107.136047 -5.913369
v 1.825433 107.142082 -5.913789
v 1.356109 107.142715 -5.917553
v 0.922716 107.256348 -6.083819
v 0.456123 107.148804 -5.922351
v 0.365251 107.871010 -5.483278
v 0.823090 107.867943 -5.518742
v 1.298409 107.881973 -5.469487
v 1.768187 107.889847 -5.461989
v 2.212103 107.947098 -5.600887
v 2.676457 107.914368 -5.545867
v 3.140460 107.923828 -5.519751
v 3.604638 107.935326 -5.484646
v 4.075029 107.949303 -5.459353
v 4.567420 108.013359 -5.498531
v 5.021900 107.952713 -5.389998
v 5.502390 107.935204 -5.258322
v 5.982002 107.939415 -5.292651
v 6.446659 107.948402 -5.209705
v 6.912515 107.957825 -5.106342
v 7.384323 107.956657 -5.005208
v 7.863342 108.007683 -4.952805
v 8.320468 108.004631 -4.783276
v 8.748115 107.980217 -4.546281
v 9.175579 107.974182 -4.310128
v 9.593219 107.944054 -4.062815
v 10.002105 107.930824 -3.799697
v 10.333893 107.843834 -3.456976
v 10.678795 107.801392 -3.116749
v 11.023829 107.757629 -2.776907
v 11.358409 107.730934 -2.425789
v 11.594272 107.623940 -2.019089
v 11.839690 107.525589 -1.609084
v 12.082324 107.424217 -1.199235
v 12.307628 107.376747 -0.774784
v 12.431454 107.251236 -0.332858
v 12.564268 107.120811 0.108729
v 12.622275 106.952515 0.544200
v 12.790838 106.862144 0.987697
v 12.869212 106.735390 1.441043
v 12.868781 106.593216 1.884983
v 12.919945 106.464111 2.334201
v 12.962959 106.342934 2.784790
v 12.959468 106.212036 3.234210
v 12.932277 106.119141 3.693771
v 12.911287 105.958450 4.141934
v 12.788692 106.783936 4.336287
v 12.799898 106.920731 3.892088
v 12.817327 107.026604 3.436620
v 12.821993 107.155846 2.991491
v 12.835559 107.260643 2.551107
v 12.802320 107.394753 2.118611
v 12.750456 107.482094 1.666215
v 12.684517 107.606300 1.212760
v 12.559044 107.729919 0.767962
v 12.423878 107.865517 0.327230
v 12.280340 107.991783 -0.118006
v 12.119117 108.114555 -0.563670
v 11.899500 108.215004 -0.983380
v 11.652087 108.313896 -1.387871
v 11.402980 108.412865 -1.789930
v 11.157724 108.501564 -2.190368
v 10.827189 108.550537 -2.535940
v 10.479592 108.597710 -2.870574
v 10.088550 108.606056 -3.161295
v 9.805016 108.723442 -3.530531
v 9.368551 108.700111 -3.728524
v 8.975886 108.757927 -4.012196
v 8.547788 108.758545 -4.241917
v 8.136798 108.795876 -4.480055
v 7.677972 108.793961 -4.618919
v 7.201721 108.748657 -4.678262
v 6.731456 108.744530 -4.780112
v 6.259265 108.741898 -4.881680
v 5.780038 108.732033 -4.939923
v 5.297823 108.736732 -4.980401
v 4.824665 108.732620 -5.024411
v 4.354722 108.741814 -5.058732
v 3.892421 108.725037 -5.085090
v 3.430001 108.715797 -5.107736
v 2.968700 108.700928 -5.133111
v 2.510841 108.672806 -5.132132
v 2.064834 108.655556 -5.092334
v 1.626869 108.670731 -5.063015
v 1.178253 108.648010 -5.070309
v 0.728790 108.596191 -5.098580
v 0.272134 108.606033 -5.083051
v 0.422747 107.351639 -5.993210
v 0.887901 107.311012 -5.892360
v 1.351573 107.359428 -5.977773
v 1.819641 107.360977 -5.995243
v 2.286983 107.364563 -5.973883
v 2.752812 107.368896 -5.933603
v 3.219617 107.371635 -5.914423
v 3.685430 107.375908 -5.853633
v 4.142875 107.351212 -5.750780
v 4.608503 107.353539 -5.720994
v 5.065568 107.319176 -5.624070
v 5.532716 107.376259 -5.640453
v 6.000219 107.377495 -5.615090
v 6.459697 107.372337 -5.540625
v 6.911166 107.367981 -5.423288
v 7.359437 107.356140 -5.299645
v 7.814681 107.359489 -5.213583
v 8.245276 107.346840 -5.053458
v 8.643435 107.319572 -4.829366
v 9.041894 107.298820 -4.599152
v 9.438567 107.284927 -4.362752
v 9.834002 107.271629 -4.126810
v 10.193501 107.245842 -3.836523
v 10.519474 107.199905 -3.510407
v 10.802497 106.846985 -3.852803
v 10.850326 107.156883 -3.177317
v 11.181427 107.121704 -2.839564
v 11.495234 107.059280 -2.486401
v 11.730503 106.963722 -2.087687
v 11.964967 106.874413 -1.685409
v 12.198821 106.787575 -1.282294
v 12.444710 106.679337 -0.887985
v 12.600726 106.580101 -0.447619
v 12.736800 106.456779 -0.010093
v 12.850261 106.333549 0.431414
v 12.945033 106.209366 0.879545
v 13.011413 106.082207 1.331069
v 13.066062 105.953590 1.783216
v 13.102442 105.825645 2.237837
v 13.124231 105.697342 2.693396
v 13.104346 105.580971 3.154391
v 12.999143 105.464622 3.606299
v 13.071895 105.330070 4.057338
v 0.334993 108.392967 -5.521363
v 0.331072 108.910118 -4.762796
v 13.306992 104.985268 3.545240
v 13.402117 105.026077 4.026826
v 13.430773 105.219727 3.127287
v 13.440701 105.372398 2.658409
v 13.397654 105.656250 1.721339
v 13.354312 105.796219 1.254271
v 13.294436 105.937065 0.786402
v 13.037013 106.494057 3.933284
v 13.058067 106.623878 3.473677
v 13.002608 106.362083 4.396359
v 13.214701 107.163246 3.520925
v 13.184456 107.072304 4.003587
v 13.155292 106.970459 4.476144
v 13.072174 106.754692 3.014738
v 12.693851 107.225487 1.237945
v 12.573400 107.348381 0.796293
v 12.744455 107.097466 1.680668
v 13.204101 107.319969 3.040106
v 13.202664 106.072449 0.317260
v 12.939658 106.305664 -0.618479
v 12.727810 106.391739 -1.070970
v 12.418341 106.304337 -1.459893
v 12.140331 106.348732 -1.866612
v 11.900032 107.189896 -1.553510
v 12.301509 107.592850 -0.087556
v 12.426285 107.467125 0.356042
v 11.841626 107.977562 -1.446024
v 11.579116 108.075401 -1.866043
v 11.417333 107.386124 -2.371371
v 12.174495 107.720169 -0.540165
v 10.760760 107.496948 -3.076842
v 10.413272 107.546593 -3.424088
v 10.072855 107.597084 -3.763193
v 10.984601 108.240593 -2.655463
v 10.640193 108.297691 -2.999053
v 11.194064 108.119926 -2.211532
v 12.996948 105.977196 2.600128
v 12.956571 106.105492 2.153568
v 13.015950 105.848755 3.046811
v 12.975682 105.773796 3.506977
v 13.203400 107.475868 2.582577
v 13.058406 107.781494 1.650721
v 12.835658 106.858177 2.438835
v 12.916350 106.232079 1.706087
v 13.178655 104.953308 3.088329
v 13.032842 105.342506 1.613271
v 13.182834 104.739433 3.832187
v 12.450412 106.859154 -0.494244
v 12.768499 105.845657 -0.223550
v 12.856928 105.724968 0.227185
v 12.303446 106.989464 -0.921340
v 12.346260 107.134743 -1.387367
v 11.847736 107.330566 -2.241675
v 11.119979 107.511353 -3.037500
v 10.752818 107.569214 -3.345944
v 10.422932 107.649414 -3.688371
v 10.058193 107.717873 -4.006331
v 9.664680 107.777122 -4.260067
v 9.332328 107.836143 -4.440012
v 10.077503 109.023026 -3.030791
v 10.610296 108.986694 -2.991956
v 9.674666 109.089714 -3.324278
v 9.247708 109.108269 -3.594154
v 12.604098 105.971130 -0.658047
v 9.285728 107.642326 -4.285780
v 8.468916 107.682777 -4.757456
v 7.620475 107.729324 -5.121361
v 9.096236 108.459801 -4.182161
v 9.511363 108.437004 -3.938935
v 8.268760 108.512039 -4.646604
v 8.121581 109.455437 -4.329229
v 7.329121 109.210060 -4.863413
v 8.476529 109.377762 -4.194029
v 7.738897 109.302368 -4.405119
v 6.895389 108.497368 -5.004696
v 6.718633 107.741325 -5.351247
v 5.783622 107.750298 -5.532883
v 5.030830 108.469505 -5.304230
v 4.373676 107.727165 -5.664594
v 4.564455 108.463676 -5.354328
v 1.742268 108.413406 -5.504684
v 1.272931 108.408829 -5.516640
v 0.763188 109.061646 -4.956940
v 8.867939 109.180504 -3.922886
v 8.636815 109.158806 -4.400082
v 7.715464 109.194145 -4.773595
v 7.603220 107.551735 -5.139784
v 7.136312 107.561501 -5.240936
v 8.099540 107.671486 -5.204172
v 6.648224 107.562981 -5.345546
v 6.183451 107.465935 -5.280650
v 5.767062 107.573692 -5.489483
v 5.260267 107.584435 -5.548832
v 4.413389 107.595596 -5.619412
v 3.920254 107.569572 -5.652127
v 6.745283 109.136658 -4.598844
v 6.256539 109.143608 -4.709139
v 5.764996 109.135048 -4.764961
v 4.877610 108.334915 -5.215061
v 7.254230 109.146133 -4.510563
v 3.955318 108.330544 -5.276590
v 2.567703 108.286430 -5.339896
v 1.191002 108.946327 -4.942846
v 0.748632 108.174339 -5.209844
v 3.446945 107.547050 -5.690563
v 2.508672 107.529312 -5.728366
v 1.892246 106.739296 -6.101195
v 0.853734 107.674332 -5.915063
v 0.805107 108.399429 -5.518620
v 0.294274 109.104431 -5.113261
v 0.292406 108.167580 -5.158926
v 13.426440 105.515564 2.189913
v 13.085513 106.194923 -0.150028
v 11.147169 106.802849 -3.498145
v 13.154642 107.632874 2.113792
v 6.434349 108.490921 -5.105979
v 4.096187 108.455864 -5.396895
v 5.277321 109.139580 -4.804905
v 3.880866 109.163368 -5.056503
v 3.525314 108.964745 -5.469974
v 2.454513 109.104790 -5.066799
v 0.519836 106.717323 -6.022074
v 5.499044 108.475174 -5.245109
v 4.465553 109.067619 -5.348981
v 4.418897 108.346413 -5.250115
v 2.112650 108.263878 -5.301872
v 1.429916 109.195389 -4.932939
v 1.667107 108.266434 -5.251797
v 1.239911 107.485344 -5.648544
v 1.593632 109.065956 -5.346556
v 2.078618 109.028770 -5.419448
v 1.100333 109.053917 -5.346157
v 13.101529 105.665154 4.183175
v 12.715745 107.197853 4.425114
v 12.867304 106.372414 4.239676
v 12.953975 105.601517 3.948215
v 0.984409 106.800354 -6.010033
v 1.439174 106.728447 -6.078985
v 2.350516 106.741287 -6.128594
v 0.489613 107.457024 -5.597350
v 0.422676 107.705322 -5.840142
v 0.431113 107.017639 -6.388359
v 12.761695 107.340569 3.959234
v 12.847528 107.455200 3.490991
v 12.981475 107.559898 3.036395
v 12.966107 107.930519 1.185138
v 12.826467 108.067688 0.723678
v 12.665403 108.223755 0.272755
v 12.451947 108.392555 -0.154935
v 12.040299 108.527672 -0.455988
v 12.100774 108.589600 -0.978790
v 11.887171 108.665909 -1.444378
v 11.635501 108.762840 -1.880710
v 11.359660 108.860977 -2.301377
v 11.005483 108.917191 -2.670918
v 8.211903 109.177856 -4.672913
v 4.793638 109.135818 -4.847789
v 4.314767 109.144470 -4.881788
v 3.410139 109.146339 -5.011493
v 2.931538 109.102295 -4.955792
v 1.903672 109.059013 -4.943363
v 1.068618 109.251823 -4.995495
v 0.739088 109.055740 -5.210987
v 2.564565 108.949417 -5.499882
v 3.040892 109.015617 -5.441850
v 4.014246 108.951317 -5.460129
v 4.939641 109.091789 -5.300463
v 5.418453 109.093956 -5.264188
v 1.692789 107.506004 -5.667977
v 2.051657 107.511063 -5.687514
v 2.984101 107.539955 -5.729531
v 4.842930 107.700256 -5.797329
v 8.595431 107.687248 -4.995793
v 9.124984 107.689980 -4.695332
v 9.637156 107.553856 -4.447687
v 10.064876 107.460632 -4.175368
v 10.474460 107.406120 -3.861342
v 10.786213 107.315262 -3.512656
v 11.112407 107.266579 -3.212693
v 11.379986 107.237602 -3.006506
v 11.528049 107.400894 -2.722410
v 12.100390 107.232704 -1.807516
v 12.580060 106.723473 -0.041428
v 12.538263 106.543938 0.408123
v 12.808634 106.490440 0.811416
v 12.876143 106.358231 1.257934
v 13.514295 105.212242 3.580958
v 1.563555 108.879761 -4.929223
v 12.877324 106.517418 3.792508
v 12.895534 106.615906 3.343327
v 12.893367 106.745018 2.893735
v 12.781660 106.997742 1.980117
v 12.989871 107.142433 1.544810
v 12.912394 107.268921 1.062920
v 12.753837 107.373573 0.603907
v 12.666311 107.548721 0.156449
v 12.522266 107.684288 -0.301552
v 12.871457 107.640862 2.757709
v 12.720805 107.786880 2.309791
v 12.614989 107.917618 1.845870
v 12.513686 108.044937 1.381637
v 12.391338 108.171440 0.924910
v 12.239126 108.291557 0.472321
v 12.112919 108.420204 0.000005
v 12.236086 108.510269 -0.512574
v 11.769199 108.614685 -0.745367
v 11.506808 108.713341 -1.160397
v 11.244929 108.810631 -1.573671
v 10.984328 108.907242 -1.983098
v 10.652752 108.974686 -2.343618
v 10.354751 109.053322 -2.742885
v 10.292631 109.027260 -3.286677
v 9.940806 109.079460 -3.668092
v 9.497228 109.089684 -3.969550
v 8.948911 109.120094 -4.227814
v 8.529346 109.067467 -4.103116
v 8.198806 109.148270 -4.238132
v 6.863997 109.134476 -5.041681
v 6.385761 109.105896 -5.162407
v 5.900376 109.098549 -5.221989
v 2.213835 108.421791 -5.490734
v 2.686854 108.432999 -5.480500
v 3.158564 108.441322 -5.459435
v 3.627427 108.449181 -5.431024
v 5.966903 108.480911 -5.179148
v 7.354995 108.503540 -4.898000
v 7.816051 108.511925 -4.787979
v 8.682711 108.484070 -4.414635
v 9.841136 108.355728 -3.573574
v 10.284381 108.352882 -3.334068
v 12.079099 107.871483 -1.016214
v 12.960884 107.010147 2.100799
v 13.017311 106.881859 2.556831
v 0.874242 107.589272 -5.637896
v 1.326461 107.712685 -5.838271
v 1.829995 107.713921 -5.843328
v 2.384568 107.683891 -5.827850
v 0.899413 107.048820 -6.397854
v 1.369368 107.080627 -6.399812
v 1.842544 107.115044 -6.399849
v 2.316884 107.143105 -6.390604
v 11.322006 106.614616 -3.067407
v 13.102988 105.784111 3.726819
v 13.146420 105.918312 3.272284
v 13.106073 105.058800 2.563692
v 13.063875 105.206352 2.088206
v 13.002604 105.472733 1.134165
v 12.931175 105.610649 0.676690
v 12.460008 106.150063 -1.084517
v 12.677417 106.569229 -1.508603
v 12.466082 106.682762 -1.979592
v 12.199834 106.776566 -2.418436
v 11.921499 106.811050 -2.860801
v 11.572652 106.852013 -3.248548
v 11.051955 106.546532 -3.349574
v 10.684928 106.566521 -3.683040
v 10.341910 106.659218 -4.037896
v 9.888940 106.687134 -4.372173
v 9.700007 106.984985 -4.827753
v 9.336917 107.114861 -5.129419
v 8.917323 107.110962 -5.364836
v 8.460418 107.021606 -5.528776
v 7.985630 106.728348 -5.427620
v 7.478375 106.709610 -5.550854
v 7.005429 106.777946 -5.726944
v 6.530626 106.727943 -5.756852
v 6.075056 106.731949 -5.840628
v 5.622953 106.809364 -5.964097
v 5.208665 107.115555 -6.257963
v 4.697334 107.162796 -6.328866
v 4.180616 107.184158 -6.369704
v 3.751507 106.768105 -6.146583
v 3.287691 106.727623 -6.125045
v 2.793724 107.158569 -6.370185
v 11.587276 106.512222 -2.663188
v 11.863468 106.425003 -2.266142
v 2.812128 106.730156 -6.160026
v 1.209620 108.238991 -5.229410
v 12.343452 107.809265 -0.764015
v 11.911269 107.796631 -1.068602
v 11.642495 107.897659 -1.491921
v 11.388794 108.001976 -1.914048
v 11.358354 108.169670 -2.394315
v 10.883601 108.117485 -2.587339
v 10.524104 108.172279 -2.942361
v 10.167094 108.212929 -3.303705
v 9.986784 108.375023 -3.750501
v 9.495353 108.298721 -3.844006
v 9.059426 108.332130 -4.090996
v 8.633915 108.338737 -4.341399
v 8.207934 108.371330 -4.579495
v 7.728837 108.371719 -4.738606
v 7.246891 108.349426 -4.853745
v 6.770347 108.348648 -4.955372
v 6.296129 108.341545 -5.059442
v 5.822376 108.332230 -5.130804
v 5.349990 108.342651 -5.169353
v 3.493198 108.318619 -5.300557
v 3.030406 108.307549 -5.330381
v 13.154236 106.038269 2.811908
v 13.121515 106.168167 2.355458
v 13.081098 106.296402 1.901429
v 13.034342 106.423576 1.447483
v 12.983887 106.552574 0.989073
v 12.862731 106.679199 0.536358
v 12.741928 106.800560 0.105119
v 12.613723 106.927269 -0.341684
v 12.455345 107.031822 -0.786911
v 12.135139 107.099815 -1.152847
v 11.658534 107.288292 -1.962503
v 11.102224 107.451927 -2.734885
v 9.691608 107.625359 -4.045199
v 8.872245 107.661148 -4.527551
v 8.056308 107.708023 -4.966269
v 7.155667 107.704185 -5.171692
v 6.247433 107.730400 -5.445945
v 5.318809 107.735146 -5.561404
v 4.837838 107.674904 -5.542797
v 3.899823 107.727562 -5.704530
v 3.415422 107.729065 -5.760599
v 2.881501 107.691704 -5.805596
v 2.677174 107.593262 -5.880846
v 3.272505 107.153984 -6.331909
v 4.615983 106.857048 -6.016980
v 4.161176 106.894485 -6.098997
v 5.249783 106.873047 -5.960786
v 5.978136 107.104851 -6.040469
v 6.301162 107.111900 -5.995945
v 5.025758 106.855064 -5.968645
v 6.620693 107.107018 -5.937969
v 7.389342 107.075600 -5.769152
v 7.705915 107.062660 -5.693789
v 8.019801 107.042191 -5.601075
v 8.686290 106.825623 -5.146183
v 8.975165 106.815086 -4.996382
v 9.257872 106.806335 -4.838880
v 10.017710 106.904991 -4.560984
v 10.296917 106.824707 -4.412470
v 3.746549 107.085144 -6.260076
v 1.215023 75.677841 0.768238
v 1.626953 76.202744 -0.494972
v 2.151004 76.752747 -1.700678
v 2.678215 77.277977 -2.913298
v 3.559973 77.795563 -3.901298
v 4.713129 78.248856 -4.598635
v 6.005092 78.691055 -4.993555
v 5.766824 78.409447 -6.365087
v 7.081851 78.465744 -6.900685
v 8.473620 78.542755 -7.172620
v 9.787157 78.790146 -6.688141
v 11.031928 79.064346 -6.056064
v 12.258021 79.359062 -5.414597
v 13.470336 79.664452 -4.754144
v 14.551338 80.005508 -3.910377
v 15.707445 80.338120 -3.165346
v 16.654600 80.726128 -2.187231
v 17.763065 81.143341 -1.409425
v 18.556732 81.673576 -0.362637
v 19.425406 82.330513 0.544201
v 19.488422 83.147758 1.702078
v 19.471056 84.183754 2.673638
v 18.750565 85.226006 3.317434
v 18.116449 86.417526 3.756912
v 17.621696 87.721657 3.998851
v 17.054638 89.009087 3.856760
v 11.119193 106.077049 -4.329599
v 10.979211 104.768265 -4.433871
v 11.564170 103.698669 -4.915394
v 12.201132 102.770729 -5.589558
v 12.487178 101.494370 -5.691691
v 12.421058 100.195923 -5.579564
v 14.126465 104.393494 4.138224
v 13.513735 104.301430 3.019966
v 13.677051 104.665100 1.794799
v 13.316431 104.962364 0.673309
v 13.612708 105.434502 -0.429394
v 12.754500 105.498772 -1.383109
v 12.705451 105.983681 -2.581024
v 11.608735 105.855736 -3.202688
v 9.868398 106.075333 -4.842304
v 8.995843 106.325050 -5.866284
v 7.674549 106.281815 -6.218037
v 6.370068 106.373222 -6.570162
v 5.054081 106.165611 -6.360750
v 3.830206 106.382164 -6.864346
v 2.512416 106.327507 -6.881271
v 1.260826 106.118874 -6.545029
v 1.013176 76.139168 0.837325
v 1.407559 76.656807 -0.437931
v 1.962792 77.218346 -1.629161
v 2.585127 77.761147 -2.792358
v 3.476248 78.278694 -3.776206
v 4.578015 78.733826 -4.553518
v 5.834695 79.161362 -5.065579
v 5.706551 78.901802 -6.459136
v 7.046089 78.969276 -6.932592
v 8.419839 79.031227 -7.292706
v 9.726832 79.280266 -6.789740
v 11.013953 79.534706 -6.236196
v 12.269477 79.843124 -5.545610
v 13.484357 80.176201 -4.801538
v 14.651901 80.518448 -3.991170
v 15.762465 80.881340 -3.113806
v 16.828476 81.276749 -2.194953
v 17.868742 81.741096 -1.278846
v 18.784649 82.312492 -0.293693
v 19.470350 83.062859 0.757982
v 19.637903 83.985725 1.883895
v 18.978582 85.047089 2.657207
v 18.359318 86.266151 3.196418
v 17.876898 87.613853 3.517623
v 17.504770 89.027679 3.601850
v 16.687283 89.882759 2.742430
v 16.199369 90.996826 2.104849
v 16.076315 92.357712 2.013958
v 16.267563 93.667976 2.354975
v 16.409010 94.880005 2.958881
v 16.567694 95.722084 4.000166
v 16.545399 97.029869 4.263134
v 16.345911 98.340088 4.252021
v 15.976570 99.600395 4.063272
v 15.379659 100.697777 3.584700
v 14.851850 101.933311 3.512000
v 14.710283 103.189163 4.026268
v 13.865702 104.536736 4.064278
v 0.784938 76.588913 0.894171
v 1.179040 77.106895 -0.386576
v 1.768153 77.682037 -1.565439
v 2.488290 78.243851 -2.674070
v 3.389220 78.763603 -3.660934
v 4.447348 79.219963 -4.510163
v 5.659566 79.628189 -5.146232
v 5.652728 79.394882 -6.554101
v 7.010873 79.471275 -6.982797
v 8.370816 79.521057 -7.409072
v 9.677441 79.771431 -6.890997
v 10.994956 80.004814 -6.417238
v 12.208547 80.311775 -5.741406
v 13.347610 80.648712 -4.959932
v 14.533919 80.961288 -4.243075
v 15.537956 81.327957 -3.304071
v 16.666624 81.685936 -2.513823
v 17.582069 82.142654 -1.521060
v 18.607531 82.661728 -0.676287
v 19.183020 83.369240 0.422102
v 19.706137 84.233574 1.429820
v 19.022635 85.229477 2.184255
v 18.478481 86.426125 2.733247
v 18.061451 87.744576 3.066652
v 17.867895 89.138145 3.264550
v 17.038357 89.878334 2.378285
v 12.619464 102.590874 -3.713604
v 6.935025 99.346222 -8.978240
v 12.468986 101.861259 -4.028567
v 9.615296 100.769669 -7.120820
v 12.781535 102.752518 -4.724382
v 12.262678 100.749100 -4.542893
v 10.412682 104.093216 -6.067016
v 10.482984 102.127037 -6.768950
v 13.395597 96.706902 -3.619849
v 14.228493 100.307152 -1.948996
v 12.660392 101.212860 -3.637949
v 13.706367 100.742424 -2.765277
v 6.872051 87.152855 -9.180629
v 2.814717 83.810440 -6.304541
v 4.630479 93.499382 -10.081864
v 0.834307 82.125343 -1.849818
v 0.442542 81.688927 -0.794426
v 15.105884 96.386726 0.601650
v 17.721510 90.452957 -0.987187
v 9.349442 101.791069 -6.781205
v 9.139091 102.845375 -6.478869
v 14.033208 102.008324 0.568739
v 15.300792 102.126160 0.973177
v 13.824167 99.869331 -2.366656
v 14.478591 98.282356 -1.739804
v 14.292712 98.330070 -2.975322
v 13.251719 99.160583 -3.086290
v 7.824098 84.392220 -8.541494
v 3.340054 86.396072 -8.046187
v 3.374465 82.488922 -5.793502
v 8.277247 102.911888 -7.451898
v 2.385904 96.880882 -9.610495
v 0.418872 82.725304 -1.666301
v 2.073189 79.326263 -3.108008
v 13.065475 103.619324 -3.416112
v 14.964205 85.858910 -3.831210
v 11.696288 85.021698 -6.173173
v 14.809201 101.720314 -0.942092
v 1.942798 86.950356 -7.837964
v 5.452672 80.665749 -5.439184
v 0.758938 85.986046 -6.184965
v 0.449737 84.109367 -3.803803
v 0.788849 82.116142 -4.194965
v 1.329000 101.859543 -8.118316
v 2.348792 90.261246 -9.550519
v 1.436974 96.699638 -9.371704
v 0.530679 80.884750 -3.032441
v 0.658230 77.875374 0.856214
v 18.157808 95.657616 2.550102
v 16.764315 99.177238 2.201006
v 17.815527 96.882652 2.467098
v 17.978340 92.121155 2.455023
v 19.310400 87.546349 0.780028
v 13.712581 83.615303 -5.361172
v 14.396379 102.708702 -0.440119
v 14.133868 100.959549 -1.924108
v 2.425071 82.948174 -5.609388
v 7.993866 105.321938 -6.977476
v 5.486078 103.738174 -7.612729
v 1.685716 88.808746 -8.843846
v 0.952105 87.438667 -7.431414
v 2.103333 87.718773 -8.379254
v 2.027256 92.324348 -9.685880
v 3.291800 96.892876 -9.759672
v 1.476110 83.063385 -5.334958
v 0.371391 82.622154 -2.946975
v 18.007385 91.074394 2.170588
v 19.210125 90.888618 1.023543
v 19.337824 87.045891 1.841865
v 19.313335 86.672157 0.326622
v 19.083834 88.123917 2.209842
v 19.033295 87.145744 -0.288789
v 19.260412 89.356880 0.715718
v 19.001833 88.115631 -0.281090
v 14.583707 83.966087 -4.752547
v 17.025709 84.095085 -2.423388
v 16.119040 100.264183 2.048643
v 14.334651 99.142227 -0.295309
v 6.730356 83.393211 -8.209375
v 9.057991 83.675026 -8.128892
v 2.699070 80.872208 -4.458532
v 2.741091 100.623672 -9.040486
v 0.814443 88.535141 -7.873740
v 1.481883 89.880844 -8.991372
v 1.785505 93.487389 -9.613899
v 0.945681 91.828224 -9.124912
v 1.521151 95.712524 -9.477487
v 4.133911 96.616234 -9.843456
v 3.703800 95.538292 -9.930984
v 5.356857 97.263489 -9.657211
v 3.879000 99.071167 -9.424614
v 5.595429 99.503120 -9.186041
v 2.417511 97.929146 -9.473557
v 6.563007 100.128929 -8.908582
v 6.371436 98.726494 -9.236958
v 7.610975 100.380112 -8.456594
v 8.281118 97.300804 -8.682819
v 7.135045 97.922798 -9.057620
v 7.773847 99.097015 -8.528806
v 6.501918 95.728806 -9.626373
v 18.531618 93.095566 1.666805
v 16.096273 92.799660 -0.352507
v 17.250216 88.837921 -1.741628
v 14.222510 84.997261 -4.407384
v 10.926608 84.500908 -7.045759
v 12.378570 84.060638 -6.193810
v 14.526163 99.738625 0.393152
v 15.337150 99.519829 1.566690
v 7.919273 83.472023 -8.341426
v 4.855924 85.711281 -7.826694
v 9.248488 82.735649 -7.860024
v 10.416215 83.057518 -7.528355
v 2.171508 91.221794 -9.662789
v 5.145298 91.257080 -10.052930
v 3.776039 90.085098 -9.851328
v 0.681769 95.552032 -9.022136
v 2.646862 95.021660 -9.819179
v 4.723663 94.470528 -10.014042
v 3.254246 92.761497 -9.998187
v 8.538715 100.570160 -7.643163
v 5.718513 95.477699 -9.901913
v 18.700077 92.651909 0.501854
v 18.366375 94.273262 1.526066
v 16.838297 91.569389 -0.749080
v 16.395035 87.136093 -2.705057
v 15.323771 84.140907 -4.099389
v 11.725825 86.763771 -5.226507
v 13.326194 85.964859 -4.275104
v 9.744871 84.938110 -7.976760
v 5.724320 102.487206 -8.214268
v 4.735282 88.408409 -9.374988
v 3.201888 88.414200 -9.147407
v 2.854743 93.917686 -9.918496
v 4.332010 92.494362 -10.102164
v 3.128966 91.482521 -9.930053
v 9.937184 99.851189 -7.621192
v 11.065524 98.189430 -7.213008
v 11.145352 99.098160 -7.379362
v 11.509242 98.448166 -5.217649
v 11.696862 99.247993 -6.462572
v 10.435634 97.907562 -7.939115
v 11.972564 99.387711 -5.364567
v 17.040392 93.428673 0.065541
v 18.241411 94.397118 2.610295
v 16.998425 86.336815 -2.525228
v 14.948512 87.204582 -3.143716
v 4.939260 82.779770 -6.170287
v 6.711648 84.352730 -8.490526
v 8.434228 85.981735 -8.690541
v 10.230956 85.369957 -7.061947
v 10.886250 85.972260 -6.167927
v 4.821371 89.408401 -9.766988
v 3.982134 87.540817 -8.840700
v 4.093424 91.335068 -10.008131
v 17.651798 92.523651 -0.256824
v 14.172112 86.582916 -3.649592
v 12.684229 86.998573 -4.227265
v 9.317901 85.776535 -8.204321
v 9.290438 88.620361 -8.073812
v 11.169658 87.718140 -6.087591
v 11.979336 87.783638 -4.991697
v 10.695795 88.670547 -6.816086
v 10.732245 90.363724 -6.993422
v 8.609080 85.392250 -8.542739
v 5.115766 87.353104 -8.923480
v 2.928937 87.045364 -8.332093
v 6.363517 92.293884 -9.869081
v 8.079589 87.102844 -8.978096
v 9.610839 90.290756 -8.187501
v 6.489215 88.168251 -9.378115
v 5.356380 92.381462 -10.141260
v 10.243307 90.974907 -7.615172
v 11.475422 89.750610 -6.090294
v 7.054143 89.665337 -9.452437
v 6.068857 87.209534 -9.223567
v 6.816261 86.197319 -8.981910
v 6.544527 94.580505 -9.743161
v 6.481280 93.450958 -9.820329
v 9.267858 94.701927 -8.254586
v 9.060848 95.622673 -8.893045
v 7.543137 94.640526 -9.538517
v 9.347813 93.547844 -8.420383
v 10.969243 92.856819 -7.133502
v 10.247190 93.629112 -7.854527
v 11.540110 91.037407 -5.866004
v 12.512034 88.039635 -4.313742
v 3.979232 86.566124 -8.263877
v 8.413005 91.003601 -9.046926
v 10.781023 95.802383 -6.829831
v 10.321259 96.917068 -7.449510
v 8.164496 95.824188 -9.213106
v 10.930873 94.830124 -7.119527
v 10.949552 97.578728 -6.248493
v 12.027730 91.041649 -5.156698
v 13.048098 91.815735 -3.453148
v 12.277499 91.939606 -4.596708
v 12.203558 94.271233 -4.818306
v 9.399332 95.720985 -8.207995
v 11.381615 97.438278 -5.415275
v 12.924884 90.849579 -3.897000
v 11.637696 93.939690 -6.553018
v 12.468909 93.517754 -3.782355
v 13.521520 97.702339 -4.117849
v 12.693324 95.997353 -5.187915
v 13.004857 96.291473 -4.472975
v 11.609229 95.861549 -6.376608
v 11.749999 93.099442 -5.593562
v 12.736053 92.551811 -3.684709
v 13.130785 92.930984 -2.892227
v 13.168250 93.977150 -2.349213
v 12.175143 96.612419 -5.485682
v 12.497800 95.176910 -5.007769
v 12.446563 94.515999 -3.909871
v 12.094203 93.209396 -4.662946
v 12.245609 94.995987 -5.845332
v 12.035181 94.057106 -5.726043
v 12.905545 95.799492 -3.214216
v 13.280350 94.818016 -1.954130
v 13.800250 97.091118 -2.589053
v 13.147120 96.118523 -2.175821
v 15.114824 99.740105 -1.261096
v 14.993932 99.382462 -0.636557
v 14.722739 100.324425 -0.758896
v 13.739182 97.530113 -1.548851
v 14.405342 95.871216 -0.083811
v 15.746195 95.417679 0.507655
v 14.832217 91.170677 -1.244530
v 14.610240 92.309959 -1.047745
v 13.668220 90.871727 -2.496977
v 15.945968 91.801750 -0.781990
v 13.409957 92.035057 -2.691910
v 14.816957 99.081619 -1.610566
v 14.817693 100.136421 -1.862170
v 14.879584 100.866638 -1.474015
v 14.317286 88.730034 -2.412994
v 16.713926 90.665482 -1.144515
v 14.792785 98.956116 -1.035447
v 14.752541 98.873940 0.907157
v 13.966308 97.892769 -0.626163
v 15.222104 97.908745 1.169018
v 15.930504 98.509163 1.751525
v 14.007100 96.904778 -0.257507
v 15.870215 96.948593 1.132544
v 14.575190 97.368279 0.506812
v 17.361290 96.556267 1.476245
v 13.778729 88.582169 -2.809201
v 14.500681 90.291100 -1.712939
v 16.527731 89.714638 -1.579774
v 16.379530 88.672119 -2.084118
v 17.659975 86.921722 -1.869198
v 18.618912 86.659538 -0.815242
v 1.943218 86.039810 -7.305853
v 2.800471 86.218315 -7.790130
v 1.432300 85.300102 -6.562775
v 2.660346 85.721977 -7.452542
v 3.411589 84.551918 -6.986438
v 1.651261 80.382179 -3.612081
v 4.872699 83.792107 -6.712306
v 9.165989 87.055305 -7.847005
v 7.777719 86.133621 -8.876456
v 16.596291 96.042412 0.834696
v 1.320042 104.690186 -7.022959
v 0.426783 81.387840 0.487198
v 0.629473 79.106422 0.622439
v 0.544376 80.201248 0.428922
v 12.149777 104.991348 -4.003680
v 10.245534 105.210815 -5.659046
v 15.007251 103.379776 2.205911
v 12.982894 104.810204 -3.054155
v 12.948585 104.308159 -1.810954
v 14.078420 104.320518 -1.118976
v 13.602099 103.709679 -0.070721
v 13.547210 103.178970 1.241470
v 2.557680 105.017410 -7.605750
v 3.964872 105.073479 -7.481592
v 5.274564 104.950096 -6.974230
v 6.621025 105.246155 -7.219791
v 8.837303 105.098976 -5.884247
v 16.986755 91.085350 1.718354
v 16.114475 102.130669 2.748467
v 16.595854 100.835068 3.070148
v 16.980347 99.570290 3.316496
v 17.310888 98.303795 3.496822
v 17.569813 97.017151 3.601581
v 17.714802 95.709915 3.615527
v 17.424500 94.458237 3.368667
v 17.134237 93.279900 2.935449
v 17.010389 92.173828 2.363339
v 12.617602 103.915688 -4.475270
v 0.631066 78.324135 -0.710322
v 1.227332 78.773781 -2.034398
v 3.069068 79.832375 -4.036701
v 4.167336 80.263901 -4.886726
v 5.589813 80.405022 -6.843405
v 6.919826 80.444206 -7.313698
v 8.267567 80.514832 -7.667564
v 9.552040 80.777931 -7.210323
v 10.855924 81.057999 -6.795989
v 12.099785 81.454124 -6.173340
v 13.392868 82.010033 -5.375080
v 14.565325 82.078873 -4.505971
v 15.479962 82.353813 -3.610320
v 16.430248 82.709007 -2.819826
v 17.359621 83.155205 -2.045865
v 18.167433 83.702171 -1.200926
v 18.912558 84.361191 -0.395851
v 19.364878 85.146935 0.464589
v 19.554810 86.056129 1.227933
v 19.011034 89.338829 2.257117
v 18.207722 90.076569 1.445874
v 1.336584 103.286217 -7.588016
v 1.312455 100.401146 -8.535670
v 1.229934 99.003510 -8.926838
v 0.690436 96.480400 -8.963472
v 0.651333 94.350571 -9.106679
v 0.739199 93.066254 -9.081960
v 0.611235 90.524300 -8.555002
v 0.681201 89.639572 -8.278440
v 0.550949 85.072533 -5.039298
v 0.531134 83.330040 -2.543264
v 12.653243 101.679466 -4.739024
v 11.659098 101.292809 -6.418749
v 11.916217 100.219925 -6.628087
v 11.072584 103.011658 -5.837459
v 11.407570 102.335403 -6.239877
v 13.145662 103.099770 -2.246668
v 0.966012 80.707024 -0.891741
v 14.288840 103.113708 -1.625528
v 2.632964 103.614746 -8.164960
v 4.093191 103.697792 -8.009277
v 15.286058 101.246468 1.978494
v 17.355576 98.060684 2.339907
v 18.112074 93.195297 2.579969
v 6.864360 104.042946 -7.707187
v 8.171977 104.111145 -7.249917
v 8.999123 103.934570 -6.158559
v 1.226781 97.709221 -9.176490
v 10.333283 103.096642 -6.491760
v 0.748228 79.861191 -2.568452
v 2.711785 102.146645 -8.640703
v 3.821602 81.333801 -5.296075
v 5.186907 81.715698 -5.769152
v 5.537928 81.434555 -7.134556
v 6.832237 81.434380 -7.625087
v 8.150291 81.517792 -7.900399
v 9.409511 81.771202 -7.549371
v 10.653311 82.077751 -7.179171
v 11.796140 82.509201 -6.596244
v 2.554332 99.181015 -9.309021
v 1.641225 94.640327 -9.529964
v 1.272971 90.849304 -9.153983
v 14.665520 83.046410 -4.600354
v 13.958697 82.883224 -5.158927
v 15.440775 83.293121 -3.880025
v 16.240604 83.645294 -3.160863
v 17.776329 84.634148 -1.693241
v 18.447557 85.249840 -0.967608
v 19.006618 85.931915 -0.292594
v 19.324606 88.351242 1.248365
v 12.863139 83.044342 -5.945757
v 10.719887 101.101418 -7.005515
v 10.977568 100.080688 -7.235906
v 0.982439 84.373489 -5.636134
v 0.623910 83.231865 -4.455522
v 12.102702 99.719345 -4.193975
v 13.524162 101.965225 -3.052592
v 4.264272 102.240501 -8.526843
v 7.103330 102.819054 -8.122268
v 14.400138 101.924850 -1.996101
v 14.413310 101.078766 -0.144171
v 15.406056 100.956535 0.341599
v 18.228621 91.671082 1.269536
v 14.807508 100.448166 1.140439
v 16.677164 97.573677 1.554160
v 17.943056 95.448395 1.458935
v 18.353306 92.278130 1.829923
v 1.356946 86.603546 -7.226802
v 0.409378 81.733200 -3.050399
v 16.028027 84.495071 -3.492363
v 16.722717 84.962807 -2.826251
v 17.398909 85.502556 -2.137082
v 18.034643 86.083092 -1.450376
v 1.269823 81.457939 -4.160726
v 2.336336 81.829613 -4.856145
v 2.412397 95.943069 -9.715701
v 4.511237 100.553604 -9.063643
v 5.511446 82.469078 -7.441035
v 6.759779 82.429863 -7.920628
v 8.025717 82.514603 -8.125870
v 11.427839 83.531212 -6.917173
v 18.755571 90.063049 -0.552949
v 18.889769 91.343651 -0.194408
v 1.850204 84.014931 -6.094266
v 11.415818 98.331284 -6.317858
v 12.815974 100.208458 -3.293702
v 12.385173 98.391563 -4.144506
v 8.383979 101.723694 -7.575170
v 2.306870 84.900475 -6.820694
v 0.540258 81.328491 -1.920519
v 13.225059 84.582878 -5.343826
v 18.349638 89.005943 -1.053889
v 18.312338 87.494347 -1.174798
v 2.701470 89.372192 -9.476472
v 3.516430 97.889900 -9.661346
v 10.232158 98.902061 -7.913938
v 1.358101 82.214043 -4.741198
v 6.040768 101.178917 -8.638210
v 7.360989 101.581306 -8.383386
v 16.309803 85.774261 -3.142365
v 15.646337 85.251671 -3.717010
v 15.125127 84.832115 -4.183726
v 0.332553 80.660675 -2.024361
v 0.377360 79.758034 -1.096275
v 3.084815 90.612915 -9.800023
v 3.133084 96.127373 -9.818699
v 3.790280 94.376694 -10.021655
v 8.837526 99.484215 -7.849251
v 15.278200 99.999634 -0.121053
v 17.296968 95.046776 0.619364
v 18.001976 93.964005 0.471340
v 3.600621 83.644585 -6.497221
v 5.535426 83.475822 -7.792547
v 10.111814 84.028854 -7.803584
v 2.031192 82.341362 -5.073675
v 17.790911 91.489952 -0.596518
v 4.933959 98.570335 -9.483656
v 17.793409 88.285889 -1.579972
v 17.110909 87.779701 -2.154714
v 12.401055 85.507729 -5.131475
v 17.487057 89.523582 -1.400317
v 10.827331 97.544395 -6.984364
v 2.403144 86.564293 -7.816822
v 9.246278 98.619957 -8.233707
v 15.680873 86.519066 -3.268724
v 3.886575 93.550262 -10.060127
v 4.489134 97.588768 -9.681758
v 14.292679 98.326988 0.176740
v 16.394344 94.425987 0.329528
v 4.780391 84.755119 -7.229546
v 5.581859 84.452759 -8.152588
v 8.828013 84.590134 -8.354205
v 4.798496 95.473427 -9.936481
v 5.757205 98.060326 -9.458307
v 11.396768 96.579735 -5.823895
v 10.658424 96.721764 -6.417144
v 5.040437 96.379845 -9.821293
v 8.409623 98.311485 -8.391341
v 4.104978 89.003326 -9.731989
v 9.456286 97.644470 -8.445786
v 15.659583 87.868553 -2.656910
v 3.633902 85.786987 -7.751124
v 16.861652 92.298042 -0.453509
v 13.025134 97.038414 -4.856399
v 12.210898 97.305252 -4.899176
v 15.511748 93.859489 -0.060954
v 5.689864 85.395943 -8.536814
v 14.943107 94.864670 -0.026101
v 14.247809 98.677948 -0.991263
v 14.596519 99.409363 -2.358205
v 6.736820 85.287727 -8.757265
v 7.743216 85.293388 -8.727509
v 9.697358 86.262642 -7.392673
v 10.352468 86.945633 -6.696898
v 6.357632 97.666161 -9.431780
v 4.905206 90.200882 -9.895673
v 15.749349 90.903893 -1.193288
v 5.640449 94.506096 -10.010510
v 5.529388 93.465019 -10.064463
v 5.856573 96.147766 -9.786333
v 6.123489 96.967407 -9.604731
v 13.483603 87.378952 -3.447496
v 15.511594 89.995789 -1.630600
v 9.931864 95.776306 -7.358332
v 12.321877 95.891289 -5.875074
v 6.866705 96.756775 -9.355834
v 13.506141 96.493660 -1.145409
v 13.781791 95.377029 -0.915485
v 14.270642 94.387161 -0.729758
v 14.746303 93.461777 -0.632419
v 15.099578 92.599754 -0.631745
v 12.741507 96.583885 -5.293061
v 9.711351 96.630943 -8.468390
v 14.244690 87.839378 -2.896434
v 14.873746 88.378357 -2.504763
v 15.281830 89.100807 -2.084518
v 9.866396 87.826828 -7.347044
v 8.817842 86.491882 -8.510913
v 5.898912 89.987709 -9.748224
v 6.174414 91.132980 -9.836821
v 4.989008 86.549042 -8.384669
v 5.841701 86.302673 -8.914170
v 11.684888 94.916893 -6.555528
v 15.100410 91.948029 -0.863745
v 8.842217 96.370155 -8.930845
v 7.683534 96.365120 -9.087315
v 5.476816 89.000595 -9.580007
v 5.431263 87.955421 -9.321144
v 11.739154 88.574760 -5.441881
v 10.057395 94.710190 -7.573286
v 13.158274 88.353600 -3.528231
v 12.352336 89.055885 -4.592831
v 14.381190 89.372223 -2.124273
v 12.666398 95.461647 -4.145389
v 7.461432 95.630821 -9.314467
v 14.177547 93.030609 -1.229100
v 13.716659 93.871399 -1.461781
v 8.573423 87.734718 -8.430478
v 7.266266 91.012627 -9.520375
v 7.408344 92.252983 -9.585994
v 11.014570 93.815445 -7.236940
v 14.166435 91.699684 -1.619592
v 10.120849 89.477943 -7.557572
v 7.480278 93.467293 -9.551611
v 13.752886 92.511375 -1.891435
v 13.671012 89.555992 -2.743423
v 13.011599 89.451927 -3.681302
v 12.757800 94.734955 -2.974227
v 12.281460 90.168861 -4.992932
v 13.408493 93.315369 -2.129791
v 7.985577 88.128273 -9.068094
v 8.580709 94.852196 -9.138913
v 8.496531 89.543022 -8.813242
v 8.411711 92.279228 -9.056089
v 11.483943 92.998741 -6.462507
v 8.415048 93.536354 -8.997266
v 12.875691 93.789490 -2.994253
v 10.237884 92.418938 -7.744935
v 9.364756 92.374222 -8.469280
v 9.320785 91.298119 -8.412206
v 11.253794 92.159737 -6.394142
v 11.009376 92.235771 -6.965990
v 11.007813 91.322815 -6.606287
v 10.656768 91.732094 -7.264010
v 11.673500 92.054359 -5.595373
v 9.922845 91.564369 -7.917623
vn -0.8522 -0.1426 0.5034
vn -0.9045 0.0146 0.4263
vn -0.4146 -0.4217 0.8064
vn -0.7062 -0.0564 0.7058
vn -0.7553 0.0504 0.6534
vn -0.6661 -0.0580 0.7436
vn -0.9078 0.3428 0.2417
vn -0.9794 -0.1825 0.0867
vn -0.9867 0.1163 0.1133
vn -0.7655 0.0466 0.6418
vn -0.8715 -0.0926 0.4815
vn -0.7223 0.2637 0.6394
vn 0.9613 -0.2508 -0.1139
vn 0.9212 -0.3258 -0.2127
vn 0.9686 -0.2333 -0.0862
vn 0.9753 -0.1797 -0.1283
vn 0.9799 -0.1765 -0.0933
vn 0.9803 0.0203 0.1964
vn 0.9697 -0.1490 0.1937
vn 0.9178 -0.2094 0.3374
vn -0.9735 -0.1777 -0.1442
vn -0.8464 0.4612 -0.2662
vn -0.8298 0.5412 0.1362
vn -0.9464 -0.3217 0.0304
vn -0.8380 0.5323 0.1204
vn -0.8381 0.1411 0.5269
vn -0.7454 0.3988 0.5342
vn -0.7248 0.2345 0.6478
vn -0.5992 0.3345 0.7274
vn -0.6141 0.1839 0.7675
vn -0.9262 0.0160 0.3768
vn -0.8613 0.1624 0.4814
vn -0.8952 -0.1429 0.4222
vn -0.9464 -0.0382 0.3207
vn -0.9649 -0.2200 0.1431
vn -0.9852 -0.1684 0.0314
vn -0.9917 0.0258 -0.1263
vn -0.9917 0.0327 -0.1245
vn -0.9913 0.0905 0.0951
vn -0.9989 0.0200 -0.0427
vn -0.9797 0.0092 0.2004
vn -0.9724 -0.0057 0.2331
vn -0.9825 -0.0349 0.1827
vn -0.9879 -0.0735 0.1368
vn -0.9809 -0.0092 0.1944
vn -0.9707 -0.0335 0.2378
vn -0.9568 -0.0190 0.2900
vn -0.9518 -0.0261 0.3057
vn -0.9283 0.0303 0.3706
vn -0.9321 -0.0094 0.3620
vn -0.9211 0.0083 0.3893
vn -0.8780 0.0586 0.4751
vn -0.8035 0.0733 0.5908
vn -0.7059 -0.0807 0.7037
vn -0.5734 0.0051 0.8192
vn -0.4716 0.0448 0.8807
vn -0.3557 0.0025 0.9346
vn -0.2993 -0.0173 0.9540
vn -0.1052 -0.0158 0.9943
vn -0.0818 -0.0409 0.9958
vn 0.0923 -0.0089 0.9957
vn 0.0930 -0.0600 0.9939
vn 0.2692 -0.0028 0.9631
vn 0.3355 -0.0293 0.9416
vn 0.4997 -0.0319 0.8656
vn 0.5036 -0.0554 0.8621
vn 0.6141 -0.0786 0.7853
vn 0.6426 -0.1023 0.7593
vn 0.7604 -0.1151 0.6392
vn 0.7637 -0.1476 0.6285
vn 0.8300 -0.1664 0.5324
vn 0.8360 -0.2019 0.5103
vn 0.9138 -0.2094 0.3481
vn 0.9030 -0.2269 0.3649
vn 0.9412 -0.2522 0.2250
vn 0.9516 -0.2390 0.1933
vn 0.9756 -0.2192 -0.0111
vn 0.9711 -0.2370 0.0287
vn 0.9213 -0.3076 -0.2377
vn 0.9178 -0.3170 -0.2389
vn 0.9187 -0.3437 -0.1945
vn -0.9204 -0.0056 0.3910
vn -0.9952 -0.0546 -0.0813
vn -0.9842 -0.1019 0.1448
vn -0.9958 -0.0153 -0.0907
vn -0.9959 -0.0727 0.0545
vn -0.3875 -0.0528 0.9204
vn -0.5306 -0.0416 0.8466
vn -0.1544 -0.1132 0.9815
vn -0.0085 -0.1176 0.9930
vn 0.2126 -0.1134 0.9705
vn 0.0953 -0.1643 0.9818
vn 0.3567 -0.0926 0.9296
vn 0.5101 -0.1265 0.8508
vn 0.6614 -0.1269 0.7392
vn 0.7226 -0.2270 0.6529
vn 0.8208 -0.3309 0.4655
vn 0.9091 -0.2768 0.3113
vn 0.9586 -0.1998 0.2028
vn 0.9824 -0.1853 0.0240
vn 0.1317 -0.1262 0.9832
vn -0.4374 0.1885 0.8793
vn -0.5325 0.1229 0.8375
vn -0.0835 -0.2084 0.9745
vn -0.0150 -0.7072 0.7069
vn 0.1970 -0.5244 0.8284
vn 0.1227 -0.1299 0.9839
vn -0.5047 -0.2023 0.8393
vn -0.2586 0.7326 0.6296
vn -0.3127 0.1553 0.9371
vn -0.5996 -0.1877 0.7780
vn -0.4149 0.3451 0.8419
vn -0.7944 -0.3526 0.4946
vn -0.7373 0.1498 0.6587
vn -0.7581 0.1196 0.6411
vn -0.7316 0.3699 0.5727
vn -0.9904 -0.0782 0.1143
vn -0.3264 0.0715 0.9425
vn -0.4794 0.0372 0.8768
vn -0.1331 -0.0097 0.9911
vn -0.4648 -0.0608 0.8833
vn 0.0903 -0.0879 0.9920
vn -0.4340 -0.1518 0.8880
vn 0.1636 -0.2923 0.9422
vn -0.6803 -0.1466 0.7182
vn 0.9753 -0.1153 -0.1884
vn 0.9813 -0.1664 -0.0971
vn 0.5622 -0.8269 -0.0085
vn 0.9670 -0.2435 0.0745
vn 0.9694 -0.2269 0.0933
vn 0.9906 -0.1367 0.0080
vn -0.0065 -0.2030 0.9792
vn -0.0107 -0.2050 0.9787
vn -0.5390 0.2095 0.8158
vn 0.9586 0.2603 0.1155
vn -0.0835 -0.7738 0.6279
vn -0.3446 -0.2317 0.9097
vn -0.1522 -0.5973 0.7874
vn -0.2078 -0.4519 0.8675
vn -0.1963 -0.5784 0.7918
vn -0.0620 -0.2803 0.9579
vn -0.1602 -0.5926 0.7894
vn -0.0277 -0.7471 0.6642
vn -0.1305 -0.6163 0.7766
vn -0.0074 -0.0215 0.9997
vn 0.3106 -0.9259 -0.2153
vn -0.4755 -0.1409 0.8684
vn -0.3291 -0.4378 0.8367
vn -0.2952 0.1347 0.9459
vn -0.2286 -0.6248 0.7466
vn -0.0479 -0.1475 0.9879
vn 0.0089 0.2604 0.9655
vn -0.3643 -0.0975 0.9262
vn -0.8312 0.1250 0.5418
vn -0.5860 0.0807 0.8063
vn -0.7342 0.0121 0.6788
vn -0.5806 0.1125 0.8064
vn -0.8932 -0.1287 0.4309
vn -0.6069 0.2913 0.7395
vn -0.3038 0.8158 0.4921
vn -0.0693 0.9380 0.3395
vn -0.3082 0.5515 0.7751
vn -0.0087 -0.6579 0.7530
vn -0.3689 -0.2616 0.8919
vn 0.1793 -0.1463 0.9729
vn 0.0268 0.0355 0.9990
vn -0.2409 0.1101 0.9643
vn -0.9900 0.1363 0.0376
vn -0.9717 0.0613 0.2279
vn -0.9460 0.1042 0.3069
vn -0.7992 0.2178 0.5602
vn -0.8006 0.1701 0.5745
vn -0.7323 0.1248 0.6695
vn -0.7804 0.0149 0.6251
vn -0.8853 0.0273 0.4641
vn -0.9232 0.0877 0.3741
vn -0.9363 0.1179 0.3308
vn -0.9789 0.0313 0.2021
vn -0.9840 -0.0716 0.1632
vn -0.9655 -0.0913 0.2439
vn -0.9551 -0.0884 0.2829
vn -0.9079 -0.0902 0.4094
vn -0.8428 -0.0515 0.5358
vn -0.0990 -0.1259 0.9871
vn 0.3287 -0.0775 0.9412
vn 0.4852 -0.1320 0.8644
vn 0.6214 -0.1090 0.7759
vn 0.6414 -0.1811 0.7455
vn 0.8030 -0.2596 0.5365
vn 0.9357 -0.1255 0.3296
vn 0.9654 -0.1084 0.2370
vn 0.9861 -0.1515 0.0680
vn -0.0071 -0.2091 0.9779
vn -0.0945 -0.2285 0.9689
vn 0.0311 -0.2058 0.9781
vn -0.2537 -0.2150 0.9431
vn -0.4452 -0.6511 0.6147
vn -0.4593 -0.4020 0.7921
vn -0.2904 0.0361 0.9562
vn -0.3696 -0.5497 0.7491
vn -0.2418 -0.2375 0.9408
vn -0.6161 -0.7053 -0.3507
vn -0.5936 -0.1478 0.7911
vn -0.8205 -0.1185 0.5593
vn -0.9359 -0.0650 0.3463
vn -0.3249 0.2040 0.9235
vn -0.8800 -0.4695 0.0719
vn -0.3448 -0.0884 0.9345
vn -0.4987 -0.0431 0.8657
vn -0.5857 -0.0211 0.8102
vn -0.7695 -0.0443 0.6371
vn -0.8491 -0.0667 0.5240
vn -0.9282 -0.0764 0.3641
vn -0.9453 -0.0568 0.3211
vn -0.9634 -0.0425 0.2648
vn -0.9709 -0.0550 0.2329
vn -0.9731 -0.0242 0.2291
vn -0.9443 0.0049 0.3290
vn -0.9959 0.0195 0.0886
vn -0.9813 0.0186 0.1918
vn 0.4861 -0.2893 0.8246
vn 0.1536 -0.4751 0.8664
vn 0.0428 -0.5344 0.8441
vn 0.2122 -0.4543 0.8652
vn 0.0283 -0.5294 0.8479
vn 0.0001 -0.4303 0.9027
vn 0.0917 -0.3892 0.9166
vn 0.2106 -0.4604 0.8624
vn -0.1025 -0.2828 0.9537
vn -0.0502 -0.3308 0.9424
vn -0.1001 -0.2190 0.9706
vn -0.1129 -0.1684 0.9792
vn 0.1098 -0.2219 0.9689
vn 0.0186 -0.2818 0.9593
vn -0.0727 -0.1547 0.9853
vn 0.2498 -0.1803 0.9514
vn 0.4947 0.2656 0.8275
vn -0.4553 0.1382 0.8796
vn 0.4749 0.2409 0.8464
vn -0.7942 -0.0216 0.6073
vn 0.4272 0.2388 0.8721
vn -0.9593 -0.1967 0.2027
vn -0.7746 0.0075 0.6324
vn -0.9498 -0.1605 0.2687
vn -0.1960 0.1819 0.9636
vn 0.0143 0.3477 0.9375
vn 0.1672 0.4489 0.8778
vn 0.1737 0.2849 0.9427
vn 0.2195 0.3375 0.9154
vn 0.2250 0.2366 0.9452
vn -0.4379 0.3676 0.8204
vn -0.7377 0.1587 0.6562
vn 0.9924 -0.0711 -0.1006
vn 0.9961 0.0456 -0.0755
vn 0.8543 -0.3084 0.4184
vn 0.9635 -0.0032 0.2677
vn 0.9941 0.0102 0.1083
vn 0.8360 -0.4556 0.3060
vn 0.8609 0.0283 0.5079
vn 0.2156 -0.6995 0.6813
vn -0.9988 0.0340 0.0359
vn -0.9683 0.0884 0.2336
vn 0.9855 -0.1508 0.0777
vn 0.9912 -0.1224 0.0496
vn -0.1779 -0.1698 0.9693
vn -0.8549 0.2340 0.4630
vn -0.9012 0.1764 0.3958
vn -0.9327 0.1238 0.3388
vn 0.3635 -0.0409 0.9307
vn -0.7682 0.1652 0.6185
vn -0.9464 0.1027 0.3061
vn -0.9384 0.1137 0.3262
vn 0.0839 -0.0082 0.9964
vn -0.4952 -0.1102 0.8618
vn -0.6379 -0.2607 0.7246
vn 0.1424 0.1131 0.9833
vn -0.9221 0.1448 0.3588
vn 0.0294 -0.2030 0.9787
vn -0.0919 -0.2937 0.9515
vn 0.0230 0.0139 0.9996
vn 0.3232 0.1291 0.9375
vn 0.5006 0.2473 0.8296
vn -0.8704 -0.0526 0.4894
vn -0.6845 0.2065 0.6992
vn 0.9741 -0.1406 0.1771
vn -0.1797 0.3407 0.9228
vn 0.9531 -0.1120 0.2813
vn 0.9504 -0.0867 0.2988
vn -0.0091 -0.1575 0.9875
vn 0.8010 -0.2242 0.5551
vn 0.5441 -0.1709 0.8214
vn 0.6221 -0.0818 0.7787
vn 0.4624 -0.1091 0.8799
vn 0.2885 -0.0489 0.9562
vn 0.2125 -0.0583 0.9754
vn 0.9918 -0.1276 -0.0078
vn -0.0912 -0.0858 0.9921
vn -0.3239 -0.0802 0.9427
vn -0.4905 -0.0191 0.8712
vn -0.5490 0.0158 0.8357
vn -0.6407 0.0189 0.7675
vn -0.7719 0.0112 0.6356
vn -0.8396 0.0158 0.5429
vn -0.8842 0.0299 0.4661
vn -0.9016 0.0418 0.4306
vn -0.9039 0.0441 0.4255
vn -0.9012 0.0448 0.4312
vn -0.9176 0.0354 0.3960
vn -0.8874 0.0432 0.4589
vn -0.8954 0.0881 0.4364
vn 0.9889 0.1200 -0.0878
vn 0.9871 0.0455 -0.1536
vn 0.9291 0.1209 0.3494
vn 0.9311 0.1981 0.3062
vn -0.0387 -0.2210 0.9745
vn 0.6853 0.0053 0.7283
vn -0.3493 -0.2398 0.9058
vn -0.3798 -0.2379 0.8940
vn -0.2366 -0.2514 0.9385
vn -0.3613 0.0944 0.9276
vn 0.3381 0.2776 0.8992
vn 0.5229 0.2898 0.8016
vn -0.7790 -0.0028 0.6270
vn -0.9918 -0.0532 0.1158
vn -0.9815 -0.1874 -0.0389
vn 0.9938 -0.0026 0.1108
vn 0.8720 0.0812 0.4827
vn 0.7442 -0.1269 0.6558
vn -0.9820 -0.1838 0.0442
vn -0.7114 -0.1361 0.6895
vn 0.1559 0.1798 0.9713
vn -0.9811 -0.1740 0.0842
vn -0.9999 -0.0033 0.0138
vn -0.9857 -0.1658 -0.0287
vn 0.9454 -0.2238 0.2371
vn 0.9716 -0.1497 -0.1832
vn -0.9262 0.0850 0.3674
vn -0.6039 0.0057 0.7970
vn 0.3457 0.2575 0.9023
vn -0.2107 -0.2082 0.9551
vn 0.4112 -0.0551 0.9099
vn -0.0931 -0.0898 0.9916
vn -0.6796 -0.2526 0.6887
vn -0.5486 -0.2375 0.8016
vn 0.5802 0.3598 0.7306
vn 0.9901 -0.1335 -0.0439
vn -0.3848 -0.1639 0.9083
vn -0.2740 -0.1922 0.9423
vn 0.7997 0.0954 0.5928
vn -0.3042 -0.1962 0.9322
vn -0.1687 -0.1867 0.9678
vn -0.1045 0.1699 0.9799
vn -0.9284 -0.1119 0.3543
vn -0.9311 0.0886 0.3539
vn -0.9309 0.0943 0.3528
vn -0.9032 0.1365 0.4068
vn -0.8700 0.1853 0.4570
vn -0.8642 0.2142 0.4553
vn -0.9918 -0.0063 0.1280
vn 0.9145 -0.2676 0.3035
vn 0.9225 -0.0716 0.3794
vn 0.7903 -0.1261 0.5997
vn -0.3275 -0.1797 0.9276
vn 0.0635 -0.1187 0.9909
vn 0.9591 0.1111 -0.2605
vn 0.9870 -0.0095 0.1606
vn 0.9866 0.0879 0.1378
vn 0.9448 0.1161 0.3064
vn -0.9303 0.0538 0.3629
vn -0.9326 0.0334 0.3593
vn -0.9116 0.0315 0.4098
vn -0.9268 0.0253 0.3747
vn -0.9296 0.0140 0.3683
vn -0.8895 0.0105 0.4568
vn -0.8448 0.0207 0.5346
vn -0.7809 0.0291 0.6240
vn -0.6868 0.0207 0.7265
vn -0.5666 0.0270 0.8235
vn -0.5462 0.0169 0.8375
vn -0.5055 -0.0101 0.8628
vn -0.3350 -0.0604 0.9403
vn -0.0196 -0.0526 0.9984
vn 0.2416 0.0021 0.9704
vn 0.2485 -0.0240 0.9683
vn 0.4457 -0.0783 0.8918
vn 0.6235 -0.0362 0.7810
vn 0.4406 -0.1500 0.8851
vn 0.0154 -0.2259 0.9740
vn 0.8242 0.1078 0.5559
vn 0.8761 0.1825 0.4463
vn -0.9889 -0.0365 0.1443
vn 0.9634 -0.0530 0.2627
vn 0.9864 0.0383 0.1600
vn 0.9925 0.1054 -0.0614
vn 0.9474 0.1294 0.2927
vn 0.9581 0.1586 0.2385
vn 0.9349 0.3539 0.0267
vn 0.6969 0.0510 0.7153
vn -0.9471 -0.2377 0.2156
vn -0.8954 -0.1992 0.3981
vn 0.9858 -0.0411 0.1631
vn 0.9986 -0.0526 0.0012
vn -0.9964 -0.0846 -0.0105
vn 0.3136 0.1721 0.9338
vn 0.9761 -0.0083 0.2172
vn -0.0663 -0.2729 0.9598
vn -0.7112 -0.2778 0.6458
vn -0.6938 -0.3104 0.6499
vn -0.9272 0.0821 0.3656
vn -0.8683 0.1231 0.4805
vn -0.8133 0.1827 0.5524
vn -0.8459 0.1484 0.5122
vn -0.8957 0.1112 0.4305
vn -0.9249 0.0848 0.3706
vn 0.4663 0.3179 0.8255
vn -0.1687 0.0357 0.9850
vn -0.3617 0.0953 0.9274
vn 0.4499 0.2810 0.8477
vn 0.1757 0.2613 0.9491
vn -0.8935 -0.0608 0.4450
vn 0.0953 -0.2541 0.9625
vn 0.8874 -0.0875 0.4526
vn 0.7712 -0.0888 0.6304
vn 0.8971 -0.1997 0.3942
vn 0.4535 -0.0865 0.8870
vn 0.7805 0.0138 0.6250
vn 0.5411 0.0643 0.8385
vn 0.4960 0.0124 0.8682
vn 0.3305 0.0089 0.9438
vn -0.5139 -0.2204 0.8291
vn 0.9768 -0.0442 0.2097
vn 0.3415 -0.1332 0.9304
vn 0.6272 0.0003 0.7789
vn 0.4359 -0.0426 0.8990
vn 0.1847 -0.0007 0.9828
vn 0.9956 0.0206 0.0916
vn 0.9981 -0.0100 0.0606
vn -0.8777 0.0649 0.4749
vn -0.8891 0.0729 0.4518
vn -0.8683 0.0506 0.4935
vn -0.8439 0.0364 0.5353
vn -0.8071 0.0509 0.5882
vn -0.8644 0.0298 0.5020
vn -0.8074 0.0236 0.5895
vn -0.7734 0.0350 0.6330
vn -0.7067 0.0368 0.7066
vn -0.6301 0.0296 0.7760
vn -0.5764 0.0017 0.8172
vn -0.5741 -0.0068 0.8187
vn -0.5302 -0.0504 0.8464
vn -0.2951 -0.0609 0.9535
vn 0.0892 0.0015 0.9960
vn 0.2706 0.0620 0.9607
vn -0.9913 -0.1140 0.0662
vn 0.7383 0.0379 0.6734
vn 0.7763 0.1285 0.6172
vn 0.0311 -0.2104 0.9771
vn 0.7948 -0.0780 0.6018
vn 0.4929 -0.0864 0.8658
vn 0.8245 -0.1047 0.5561
vn 0.2768 -0.1301 0.9521
vn 0.3858 -0.1593 0.9087
vn -0.9152 -0.1975 0.3514
vn -0.7381 -0.2065 0.6423
vn -0.9686 -0.0190 0.2478
vn -0.9712 -0.0981 0.2172
vn -0.9553 -0.0449 0.2921
vn -0.3075 -0.3416 0.8881
vn -0.5544 -0.2520 0.7932
vn -0.7343 -0.2770 0.6197
vn -0.2286 -0.3247 0.9178
vn -0.8581 0.0992 0.5038
vn 0.1318 0.1503 0.9798
vn -0.4998 -0.3470 0.7936
vn -0.7740 0.1415 0.6172
vn -0.7360 0.1605 0.6577
vn -0.7792 0.1421 0.6105
vn -0.7919 0.1212 0.5986
vn -0.8876 0.0968 0.4503
vn -0.1358 0.1457 0.9800
vn 0.5131 0.3374 0.7892
vn -0.0980 0.2187 0.9709
vn -0.8909 -0.0646 0.4496
vn 0.5230 0.0667 0.8497
vn 0.3912 0.0248 0.9200
vn -0.3181 -0.1854 0.9298
vn 0.7550 -0.2787 0.5936
vn 0.5342 -0.2372 0.8114
vn -0.7312 0.1015 0.6746
vn -0.9219 0.0252 0.3865
vn 0.8471 -0.0571 0.5284
vn 0.7121 -0.0236 0.7016
vn 0.2691 -0.1276 0.9546
vn 0.6279 0.0146 0.7782
vn 0.4283 -0.0231 0.9033
vn 0.1007 -0.0231 0.9947
vn 0.2570 0.0786 0.9632
vn 0.2024 0.0561 0.9777
vn -0.1907 -0.0288 0.9812
vn -0.5429 -0.0699 0.8369
vn -0.5910 0.0013 0.8067
vn -0.5734 0.0209 0.8190
vn -0.5862 0.0534 0.8084
vn -0.6335 0.0527 0.7720
vn -0.7039 0.0506 0.7085
vn -0.7638 0.0380 0.6443
vn -0.6906 0.0850 0.7182
vn -0.1423 -0.2429 0.9596
vn 0.0369 -0.1664 0.9854
vn 0.2427 -0.3193 0.9160
vn 0.2326 -0.3543 0.9057
vn 0.6239 0.3422 0.7026
vn 0.0394 0.0023 0.9992
vn 0.6168 0.3451 0.7074
vn 0.6682 0.0635 0.7413
vn -0.1639 -0.2248 0.9605
vn -0.6225 -0.3806 0.6838
vn -0.7705 0.1153 0.6269
vn -0.7296 0.1118 0.6747
vn -0.8874 -0.3106 0.3406
vn -0.7113 -0.1124 0.6939
vn 0.1756 0.2773 0.9446
vn -0.9390 -0.0009 0.3438
vn -0.7927 -0.2821 0.5405
vn -0.7600 0.1532 0.6316
vn 0.8245 0.0635 0.5623
vn -0.1645 0.0309 0.9859
vn -0.5484 -0.2815 0.7874
vn -0.5846 -0.3048 0.7519
vn -0.6406 -0.3100 0.7025
vn 0.4167 0.1053 0.9029
vn 0.4169 0.2435 0.8757
vn 0.5177 0.3493 0.7810
vn -0.2621 0.1472 0.9537
vn -0.8425 -0.0373 0.5374
vn -0.7319 0.1291 0.6691
vn -0.6893 -0.2695 0.6725
vn 0.6627 0.0862 0.7439
vn 0.8877 0.1632 0.4305
vn 0.8162 0.0957 0.5698
vn -0.1900 -0.1894 0.9634
vn -0.6055 -0.3588 0.7104
vn -0.4256 -0.2791 0.8608
vn -0.7534 0.1107 0.6481
vn -0.7241 0.1072 0.6813
vn -0.7238 0.1193 0.6796
vn -0.8240 0.0854 0.5601
vn -0.8110 0.0673 0.5811
vn 0.2373 -0.1584 0.9584
vn 0.6153 0.0231 0.7880
vn 0.4515 -0.0036 0.8923
vn 0.0264 -0.0862 0.9959
vn 0.1741 0.0512 0.9834
vn 0.2461 0.1537 0.9570
vn -0.0594 0.0627 0.9963
vn -0.5406 -0.1223 0.8323
vn -0.6916 -0.0731 0.7186
vn -0.6921 -0.0317 0.7211
vn -0.6395 0.0157 0.7686
vn -0.6029 0.0590 0.7956
vn -0.6312 0.1025 0.7688
vn -0.6795 0.0844 0.7288
vn -0.7017 0.1029 0.7050
vn -0.7068 0.1238 0.6965
vn 0.5169 0.2023 0.8318
vn 0.7418 0.3199 0.5894
vn 0.0286 -0.0051 0.9996
vn -0.8418 -0.2060 0.4989
vn -0.2617 0.1714 0.9498
vn -0.4604 -0.3115 0.8313
vn -0.3143 -0.2647 0.9117
vn 0.0454 -0.0747 0.9962
vn 0.7382 0.3694 0.5645
vn 0.5632 0.1576 0.8112
vn 0.3481 0.3302 0.8774
vn 0.7384 0.2916 0.6080
vn 0.3475 0.1979 0.9166
vn -0.2977 -0.2446 0.9228
vn -0.7641 -0.3014 0.5703
vn 0.7072 0.3619 0.6074
vn -0.8420 0.0614 0.5359
vn -0.9183 0.0023 0.3959
vn 0.0787 -0.0277 0.9965
vn -0.6289 0.1213 0.7680
vn -0.7087 0.0658 0.7025
vn -0.8084 -0.2785 0.5186
vn 0.4623 0.3448 0.8169
vn -0.1082 0.1901 0.9758
vn -0.7765 -0.0373 0.6290
vn 0.6819 0.0510 0.7296
vn -0.7215 0.1097 0.6837
vn -0.5449 -0.1320 0.8280
vn 0.2168 -0.1817 0.9592
vn -0.6770 -0.3194 0.6631
vn -0.7634 -0.2689 0.5873
vn 0.7177 0.0862 0.6910
vn 0.5796 0.0031 0.8149
vn 0.5206 0.0087 0.8537
vn -0.0408 -0.1149 0.9925
vn -0.0062 0.0502 0.9987
vn 0.2289 0.1803 0.9566
vn 0.1252 0.1472 0.9812
vn -0.5377 -0.0708 0.8402
vn -0.2575 -0.1503 0.9545
vn 0.6397 0.3035 0.7062
vn 0.7885 0.3161 0.5276
vn 0.8662 0.4314 0.2522
vn 0.5030 0.1100 0.8573
vn 0.6032 0.1735 0.7785
vn -0.8491 0.0033 0.5282
vn -0.8488 0.0055 0.5287
vn -0.8568 0.0251 0.5150
vn -0.7451 -0.0449 0.6655
vn -0.7634 -0.0481 0.6441
vn -0.7875 -0.0858 0.6103
vn -0.1291 0.1603 0.9786
vn -0.7293 -0.0452 0.6827
vn -0.5695 -0.1655 0.8052
vn 0.8089 0.3009 0.5052
vn 0.7519 0.3903 0.5313
vn -0.8896 -0.0356 0.4554
vn -0.8126 -0.0400 0.5815
vn -0.7772 -0.0610 0.6263
vn 0.1689 0.0383 0.9849
vn -0.7429 -0.0634 0.6664
vn 0.5623 0.2712 0.7812
vn -0.5786 -0.1035 0.8090
vn 0.3819 0.2970 0.8752
vn 0.4804 0.3153 0.8184
vn -0.1338 0.1720 0.9760
vn -0.6742 -0.0289 0.7380
vn 0.6965 0.2544 0.6710
vn -0.1718 0.0931 0.9807
vn 0.5242 -0.0064 0.8516
vn 0.5701 0.0487 0.8201
vn 0.2322 -0.1313 0.9638
vn -0.1685 -0.1396 0.9758
vn -0.1894 -0.0301 0.9814
vn -0.0223 0.1278 0.9915
vn 0.2393 0.2383 0.9413
vn 0.2216 -0.1298 0.9665
vn 0.1999 0.1769 0.9637
vn -0.4602 0.0100 0.8877
vn 0.8172 0.4703 0.3332
vn 0.8385 0.3921 0.3785
vn -0.5176 -0.0035 0.8556
vn 0.5155 0.0186 0.8567
vn -0.0203 -0.1422 0.9896
vn 0.3206 0.2049 0.9248
vn -0.1203 0.1083 0.9868
vn 0.5084 0.2813 0.8139
vn 0.0493 -0.0168 0.9986
vn 0.4571 0.1889 0.8691
vn -0.5118 -0.2046 0.8344
vn -0.2026 0.0976 0.9744
vn 0.3352 0.0138 0.9420
vn 0.6405 0.1289 0.7571
vn -0.0848 -0.0787 0.9933
vn -0.4167 -0.1660 0.8938
vn -0.3949 -0.0521 0.9172
vn 0.0583 0.1666 0.9843
vn 0.5617 0.2096 0.8003
vn 0.6959 0.2049 0.6883
vn 0.3845 0.2070 0.8996
vn 0.0948 0.1999 0.9752
vn 0.3238 0.0091 0.9461
vn -0.5725 -0.1618 0.8038
vn 0.1445 -0.1191 0.9823
vn 0.3782 0.0390 0.9249
vn 0.5427 -0.0239 0.8396
vn 0.3263 0.1634 0.9310
vn 0.2567 0.0367 0.9658
vn 0.4581 0.0308 0.8884
vn 0.6497 0.1447 0.7463
vn -0.3922 -0.1993 0.8980
vn 0.1341 -0.0003 0.9910
vn 0.4141 0.1303 0.9008
vn -0.7208 0.6103 0.3287
vn -0.7401 0.5468 0.3915
vn -0.6330 0.7154 0.2960
vn -0.9752 -0.0291 0.2192
vn -0.9599 -0.2030 0.1936
vn -0.9810 0.0110 0.1936
vn -0.8268 0.0612 0.5592
vn -0.8196 0.1131 0.5616
vn -0.7621 0.0674 0.6439
vn -0.7674 0.5863 0.2596
vn -0.7966 0.4958 0.3459
vn -0.8530 0.4876 0.1861
vn 0.8025 0.3633 -0.4733
vn 0.7913 -0.0929 -0.6043
vn 0.5486 0.0265 -0.8356
vn -0.0410 -0.5361 0.8432
vn -0.1576 0.2259 0.9613
vn -0.0202 0.3837 0.9232
vn -0.0052 -0.4546 0.8907
vn 0.9909 -0.0901 -0.1003
vn -0.6330 0.7153 0.2960
vn -0.0222 -0.5200 0.8539
vn 0.0324 0.0468 0.9984
vn -0.0197 -0.5043 0.8633
vn -0.1062 0.0884 0.9904
vn -0.0946 -0.5389 0.8371
vn 0.0068 0.0725 0.9973
vn -0.1258 -0.5282 0.8398
vn -0.0778 0.3152 0.9458
vn -0.1404 -0.5133 0.8467
vn -0.0899 0.3638 0.9271
vn -0.1676 -0.5036 0.8475
vn -0.1291 0.2449 0.9609
vn -0.1878 -0.4878 0.8525
vn -0.1163 0.4160 0.9019
vn -0.2039 -0.4525 0.8681
vn -0.1136 0.4491 0.8862
vn -0.2168 -0.4259 0.8784
vn -0.2967 0.2213 0.9290
vn -0.2781 -0.4195 0.8641
vn -0.1158 0.2974 0.9477
vn -0.4362 -0.3081 0.8455
vn -0.2031 0.4869 0.8495
vn -0.1909 -0.1232 0.9738
vn -0.1602 0.5438 0.8238
vn -0.2242 -0.2406 0.9444
vn -0.2121 0.4579 0.8633
vn -0.3218 -0.2770 0.9054
vn -0.2194 0.4772 0.8510
vn -0.3659 -0.2730 0.8897
vn -0.2532 0.4937 0.8319
vn -0.4976 -0.2083 0.8420
vn -0.2783 0.5297 0.8013
vn -0.3588 -0.0748 0.9304
vn -0.3650 0.4231 0.8293
vn -0.3993 -0.1377 0.9064
vn -0.2741 0.4191 0.8656
vn -0.4975 -0.1648 0.8517
vn -0.3585 0.5071 0.7838
vn -0.5917 -0.1346 0.7948
vn -0.4114 0.4998 0.7622
vn -0.6452 -0.0569 0.7619
vn -0.5989 0.3416 0.7243
vn -0.6239 0.0066 0.7815
vn -0.5827 0.2397 0.7765
vn -0.5948 -0.1069 0.7967
vn -0.5072 0.3487 0.7881
vn -0.7461 -0.1187 0.6551
vn -0.5279 0.5212 0.6706
vn -0.7753 -0.0458 0.6299
vn -0.5226 0.5725 0.6318
vn -0.7782 0.0025 0.6281
vn -0.6065 0.5426 0.5811
vn -0.8429 0.0712 0.5333
vn -0.6797 0.5068 0.5302
vn -0.8605 0.0715 0.5044
vn -0.8335 0.3138 0.4548
vn -0.8274 0.0446 0.5599
vn -0.8279 0.1859 0.5291
vn -0.9126 0.0665 0.4035
vn -0.8373 0.2165 0.5021
vn -0.8721 0.1083 0.4773
vn -0.7106 0.4871 0.5078
vn -0.9614 -0.0777 0.2639
vn -0.7316 0.5905 0.3407
vn -0.9667 -0.0843 0.2415
vn -0.7965 0.4959 0.3459
vn -0.9695 -0.1115 0.2183
vn -0.8530 0.4877 0.1861
vn -0.9914 -0.1296 0.0186
vn -0.7400 0.5469 0.3915
vn -0.0151 -0.7072 0.7069
vn -0.0296 0.0643 0.9975
vn -0.1214 0.4065 0.9055
vn -0.0203 0.3839 0.9231
vn 0.0056 0.1569 0.9876
vn -0.0189 0.0159 0.9997
vn 0.0077 -0.2806 0.9598
vn -0.0245 -0.2268 0.9736
vn -0.0139 -0.1020 0.9947
vn -0.0297 -0.0766 0.9966
vn 0.1115 -0.7549 0.6463
vn -0.0276 -0.6566 0.7537
vn 0.1114 -0.7549 0.6463
vn 0.1555 -0.8506 0.5023
vn -0.0704 -0.8835 0.4631
vn -0.0106 0.7447 0.6674
vn -0.0404 0.0582 0.9975
vn 0.1104 0.9457 -0.3057
vn 0.0843 0.9733 -0.2134
vn 0.1113 -0.7550 0.6462
vn -0.0071 0.1763 -0.9843
vn 0.0136 0.1676 -0.9858
vn -0.0244 -0.2267 0.9736
vn -0.0245 -0.2267 0.9737
vn 0.0077 -0.2805 0.9598
vn 0.0273 0.1766 -0.9839
vn 0.0280 0.1762 -0.9840
vn -0.0202 0.3839 0.9232
vn -0.1576 0.2258 0.9613
vn -0.0201 0.3839 0.9232
vn -0.0443 -0.3000 -0.9529
vn -0.4834 -0.2154 -0.8485
vn -0.0150 -0.7073 0.7068
vn 0.1970 -0.5243 0.8284
vn -0.9464 -0.3216 0.0304
vn 0.5753 -0.7840 -0.2333
vn 0.7615 -0.6314 -0.1466
vn 0.9909 -0.0902 -0.1003
vn -0.6330 0.7154 0.2959
vn -0.6331 0.7152 0.2960
vn 0.9877 -0.0065 0.1561
vn 0.9853 -0.0353 -0.1672
vn 0.9833 -0.1754 0.0477
vn -0.9727 -0.2162 0.0840
vn -0.9728 -0.2160 0.0840
vn 0.9901 -0.1119 -0.0847
vn 0.9835 -0.0537 -0.1725
vn 0.9395 0.3163 0.1318
vn -0.8779 0.4026 0.2594
vn -0.8778 0.4027 0.2595
vn 0.9395 0.3161 0.1317
vn 0.8034 0.5783 0.1422
vn 0.9474 0.2981 -0.1168
vn 0.2705 -0.9329 -0.2376
vn 0.2338 -0.9446 -0.2303
vn -0.9759 -0.2166 0.0269
vn -0.9060 -0.4115 0.0992
vn 0.9394 0.3163 0.1318
vn -0.8779 0.4025 0.2594
vn 0.9395 0.3162 0.1319
vn -0.9874 -0.1503 0.0502
vn -0.9749 0.0757 0.2095
vn -0.8778 0.4027 0.2594
vn 0.9833 -0.1755 0.0477
vn -0.9647 0.0729 0.2530
vn -0.9853 0.0648 0.1582
vn -0.9727 -0.2161 0.0841
vn 0.9909 -0.0902 -0.1002
vn -0.8882 0.4130 0.2014
vn -0.9735 -0.1776 -0.1442
vn -0.9463 -0.3218 0.0304
vn -0.7486 0.3375 0.5707
vn -0.8715 -0.0926 0.4816
vn -0.6540 0.3934 0.6462
vn -0.8363 0.3176 0.4469
vn -0.6065 0.5427 0.5811
vn -0.6798 0.5068 0.5302
vn -0.7654 0.0466 0.6419
vn -0.5665 0.4651 0.6803
vn -0.3916 0.5552 0.7338
vn -0.4149 0.3453 0.8418
vn -0.3245 0.5710 0.7541
vn -0.5654 0.4486 0.6921
vn -0.5826 0.2398 0.7766
vn -0.5417 0.3902 0.7445
vn -0.0182 0.3636 0.9314
vn 0.0131 -0.8796 0.4756
vn -0.0035 0.2366 0.9716
vn 0.0453 -0.9067 0.4193
vn -0.8706 0.3824 0.3095
vn -0.9068 -0.3897 0.1609
vn -0.9684 -0.1202 0.2186
vn -0.9590 0.0811 0.2717
vn 0.0325 0.0468 0.9984
vn -0.1264 0.4369 0.8906
vn -0.5072 0.3486 0.7881
vn -0.7828 0.4253 0.4542
vn -0.8279 0.1860 0.5291
vn -0.6331 0.5418 0.5528
vn -0.8372 0.2167 0.5022
vn -0.5672 0.5785 0.5862
vn -0.8706 0.3825 0.3095
vn 0.9680 0.0532 -0.2453
vn 0.9119 -0.0874 -0.4009
vn -0.9668 -0.1060 0.2327
vn 0.9621 -0.0814 -0.2601
vn -0.9665 -0.1019 0.2354
vn 0.9625 -0.0822 -0.2587
vn -0.9320 -0.1949 0.3057
vn 0.9884 -0.0995 -0.1150
vn -0.9254 -0.2326 0.2992
vn 0.9038 -0.0733 -0.4217
vn -0.8682 -0.1599 0.4698
vn 0.8719 -0.0928 -0.4808
vn -0.8746 -0.2021 0.4408
vn 0.9499 -0.0908 -0.2991
vn -0.8678 -0.2321 0.4394
vn 0.8448 -0.0827 -0.5286
vn -0.8076 -0.0487 0.5877
vn -0.8154 -0.1090 0.5686
vn -0.7115 -0.1204 0.6923
vn 0.5672 0.0497 -0.8221
vn -0.6937 -0.0762 0.7162
vn 0.8104 -0.0831 -0.5799
vn -0.5642 -0.0026 0.8256
vn 0.7636 -0.0972 -0.6383
vn -0.6011 0.0576 0.7971
vn 0.4062 0.0684 -0.9112
vn -0.5605 -0.0465 0.8269
vn 0.3242 -0.0056 -0.9460
vn -0.4538 -0.0783 0.8877
vn 0.4465 0.0050 -0.8948
vn -0.4134 -0.1227 0.9023
vn 0.6089 -0.0146 -0.7931
vn -0.9762 0.1439 0.1621
vn -0.9314 0.1856 0.3131
vn -0.3038 0.8157 0.4922
vn -0.0693 0.9380 0.3396
vn -0.3083 0.5515 0.7751
vn 0.9586 0.2604 0.1155
vn -0.0097 0.3538 0.9353
vn -0.0835 -0.7738 0.6280
vn -0.0353 0.3578 0.9331
vn -0.1522 -0.5975 0.7873
vn -0.0270 0.2340 0.9719
vn -0.0700 0.1950 0.9783
vn -0.1963 -0.5785 0.7918
vn -0.1223 0.3135 0.9417
vn -0.0954 0.2443 0.9650
vn -0.0277 -0.7471 0.6641
vn -0.1894 0.4064 0.8938
vn -0.1303 -0.6163 0.7767
vn -0.1759 0.5209 0.8353
vn 0.3104 -0.9259 -0.2154
vn -0.1254 0.4518 0.8833
vn -0.4754 -0.1409 0.8684
vn -0.2322 0.3263 0.9163
vn -0.3291 -0.4377 0.8367
vn -0.2360 0.2680 0.9341
vn -0.2287 -0.6247 0.7466
vn -0.2202 0.3898 0.8942
vn -0.2074 0.2912 0.9339
vn -0.0480 -0.1476 0.9879
vn -0.2417 -0.2375 0.9408
vn -0.2441 0.5356 0.8084
vn -0.3054 0.5199 0.7978
vn -0.6162 -0.7053 -0.3505
vn -0.2560 0.5938 0.7628
vn -0.3697 -0.5497 0.7491
vn -0.2747 0.5430 0.7935
vn -0.4451 -0.6511 0.6148
vn -0.4190 0.4188 0.8057
vn 0.2068 -0.9491 -0.2376
vn 0.9391 0.2585 -0.2263
vn -0.9159 -0.3613 0.1751
vn 0.1298 -0.9624 -0.2387
vn -0.9461 -0.3227 -0.0264
vn -0.4220 -0.3830 -0.8217
vn -0.9301 -0.3604 -0.0708
vn -0.6813 0.6288 0.3748
vn -0.8014 -0.3030 0.5157
vn -0.2426 0.7981 0.5516
vn -0.8670 -0.3149 0.3861
vn -0.6825 -0.7263 -0.0815
vn -0.8885 -0.4585 -0.0193
vn -0.5967 0.7833 0.1743
vn -0.7964 -0.5246 0.3009
vn -0.2664 0.8779 0.3980
vn -0.7533 -0.4941 0.4340
vn -0.2442 0.8712 0.4258
vn -0.6695 -0.4804 0.5666
vn 0.6641 0.7070 -0.2432
vn -0.6246 -0.4533 0.6360
vn 0.5998 0.6718 -0.4346
vn -0.5346 -0.4552 0.7120
vn 0.9605 0.2051 -0.1879
vn -0.4383 -0.4398 0.7839
vn 0.1556 -0.8997 -0.4079
vn -0.5741 -0.4802 0.6632
vn -0.1525 -0.9877 -0.0349
vn -0.6829 -0.5669 0.4607
vn -0.5412 -0.6101 -0.5786
vn -0.6245 -0.6047 0.4944
vn -0.3080 0.4342 0.8465
vn -0.2907 -0.4720 0.8323
vn -0.0556 0.8153 0.5764
vn -0.1368 -0.2726 0.9523
vn 0.6298 0.3036 -0.7150
vn -0.2805 -0.2314 0.9315
vn 0.2932 -0.1119 -0.9495
vn -0.5878 -0.3477 0.7305
vn -0.0881 0.4019 -0.9114
vn -0.6460 -0.4957 0.5804
vn -0.1598 0.7831 0.6010
vn -0.4131 -0.5883 0.6952
vn -0.2592 0.4204 0.8695
vn -0.4063 -0.5627 0.7199
vn -0.1418 0.7522 0.6435
vn -0.4310 -0.4798 0.7642
vn -0.2274 0.5036 0.8334
vn -0.4013 -0.6335 0.6615
vn -0.0776 0.7078 0.7022
vn -0.1724 -0.8681 0.4655
vn 0.3150 0.9456 -0.0816
vn -0.0262 -0.8803 0.4736
vn -0.4081 0.8558 -0.3178
vn -0.2105 -0.6888 0.6937
vn -0.0506 0.8671 0.4956
vn -0.2290 -0.6187 0.7515
vn -0.0521 0.7104 0.7018
vn -0.2522 -0.7037 0.6643
vn -0.0773 0.5907 0.8031
vn -0.2118 -0.8002 0.5611
vn -0.0953 0.4731 0.8758
vn -0.1021 -0.8632 0.4944
vn -0.0297 0.2899 0.9566
vn -0.0377 0.9214 -0.3868
vn -0.0885 0.9495 -0.3009
vn -0.0515 -0.6143 0.7874
vn -0.0514 -0.6144 0.7873
vn -0.0213 -0.1699 0.9852
vn -0.0013 -0.6952 0.7188
vn -0.0411 -0.1767 0.9834
vn -0.0343 -0.9963 -0.0793
vn -0.0807 -0.2241 0.9712
vn -0.0697 -0.9976 0.0004
vn -0.1371 -0.3131 0.9398
vn -0.1022 -0.9893 0.1039
vn -0.1550 -0.3322 0.9304
vn -0.1372 -0.9654 0.2219
vn -0.1685 -0.3295 0.9290
vn -0.2112 -0.9372 0.2775
vn -0.2379 -0.2651 0.9344
vn -0.2199 -0.9330 0.2850
vn -0.2538 -0.2064 0.9450
vn -0.0228 -0.9592 0.2818
vn -0.2159 -0.2448 0.9452
vn -0.0936 -0.9799 0.1759
vn -0.3021 -0.2688 0.9146
vn -0.2289 -0.9572 0.1773
vn -0.2940 -0.1893 0.9369
vn -0.2500 -0.9318 0.2632
vn -0.3412 -0.4635 0.8178
vn -0.8705 0.3827 0.3095
vn -0.0288 -0.1506 0.9882
vn -0.0431 -0.0081 0.9990
vn -0.0504 -0.1568 0.9863
vn -0.0505 -0.1568 0.9863
vn -0.0432 0.0045 0.9991
vn -0.0873 -0.1774 0.9803
vn -0.0961 -0.1662 0.9814
vn -0.1304 -0.1701 0.9768
vn -0.1254 -0.1596 0.9792
vn -0.1418 -0.1629 0.9764
vn -0.1403 -0.1524 0.9783
vn -0.1543 -0.1597 0.9750
vn -0.1612 -0.1495 0.9755
vn -0.2030 -0.1633 0.9655
vn -0.2049 -0.1515 0.9670
vn -0.2440 -0.1519 0.9578
vn -0.2280 -0.1243 0.9657
vn -0.2615 -0.1357 0.9556
vn -0.2557 -0.1159 0.9598
vn -0.2661 -0.1208 0.9563
vn -0.2496 -0.1034 0.9628
vn -0.2808 -0.1033 0.9542
vn -0.2707 -0.0956 0.9579
vn -0.3030 -0.0779 0.9498
vn -0.3542 -0.2389 0.9041
vn -0.3266 -0.0635 0.9430
vn -0.2692 -0.1829 0.9456
vn -0.3451 -0.0603 0.9366
vn -0.3305 -0.0676 0.9414
vn -0.5632 -0.1620 0.8103
vn -0.4289 0.1001 0.8978
vn -0.4895 -0.0748 0.8688
vn -0.2606 0.2870 0.9218
vn -0.1810 0.1291 0.9750
vn -0.3802 0.0067 0.9249
vn -0.3078 0.0784 0.9482
vn -0.4133 -0.1228 0.9023
vn -0.4382 0.0041 0.8989
vn -0.4538 -0.0785 0.8877
vn -0.5820 -0.0585 0.8111
vn -0.5606 -0.0466 0.8268
vn -0.6942 -0.0747 0.7159
vn -0.6011 0.0574 0.7971
vn -0.5458 0.0930 0.8327
vn -0.5643 -0.0026 0.8256
vn -0.5578 0.1173 0.8217
vn -0.6936 -0.0763 0.7163
vn -0.6729 0.0463 0.7382
vn -0.7115 -0.1205 0.6923
vn -0.8289 -0.0249 0.5589
vn -0.8154 -0.1092 0.5686
vn -0.8214 0.0664 0.5665
vn -0.7621 0.1500 0.6298
vn -0.8578 0.0780 0.5081
vn -0.8746 -0.2020 0.4408
vn -0.8634 0.0781 0.4984
vn -0.8682 -0.1600 0.4697
vn -0.8980 0.0854 0.4316
vn -0.9254 -0.2328 0.2991
vn -0.9425 0.0866 0.3228
vn -0.9320 -0.1950 0.3056
vn -0.9560 0.0860 0.2805
vn -0.9665 -0.1021 0.2354
vn -0.9571 0.0845 0.2771
vn 0.0326 0.1735 -0.9843
vn 0.0446 0.1749 -0.9836
vn -0.0013 -0.6952 0.7189
vn -0.0809 -0.2243 0.9712
vn 0.0980 0.1772 -0.9793
vn 0.0293 0.9791 -0.2011
vn -0.1371 -0.3130 0.9398
vn 0.1369 0.1698 -0.9759
vn -0.1371 -0.3133 0.9397
vn 0.1500 0.9655 -0.2131
vn -0.1550 -0.3321 0.9304
vn 0.1471 0.1640 -0.9754
vn -0.1550 -0.3323 0.9304
vn 0.1936 0.9310 -0.3095
vn -0.1685 -0.3294 0.9290
vn 0.1573 0.1625 -0.9741
vn -0.2379 -0.2650 0.9344
vn 0.1706 0.1056 -0.9797
vn 0.2888 0.1122 -0.9508
vn 0.2668 0.1367 -0.9540
vn -0.3021 -0.2685 0.9147
vn 0.2707 0.1292 -0.9540
vn 0.2570 0.1116 -0.9599
vn -0.3411 -0.4634 0.8179
vn 0.2520 0.0166 -0.9676
vn -0.3843 -0.3263 0.8636
vn 0.3422 0.0544 -0.9381
vn -0.4539 -0.0954 0.8859
vn 0.3183 0.1464 -0.9366
vn -0.3527 0.1127 0.9289
vn 0.1675 0.0706 -0.9833
vn -0.4414 -0.1767 0.8797
vn 0.1337 -0.0447 -0.9900
vn -0.3075 -0.4056 0.8608
vn 0.5902 0.0488 -0.8058
vn -0.3726 -0.3862 0.8438
vn 0.6402 0.0463 -0.7668
vn -0.5636 -0.1017 0.8198
vn 0.4073 0.0173 -0.9131
vn -0.4849 0.1464 0.8623
vn 0.3175 -0.0065 -0.9482
vn -0.6158 0.0687 0.7849
vn 0.3929 -0.0665 -0.9172
vn -0.6063 -0.1527 0.7804
vn 0.7773 -0.0013 -0.6291
vn -0.6308 -0.2586 0.7316
vn 0.8183 -0.0030 -0.5748
vn -0.6781 -0.1975 0.7079
vn 0.6702 -0.0440 -0.7409
vn -0.7289 -0.2476 0.6383
vn 0.5427 -0.1385 -0.8284
vn -0.8289 -0.4322 0.3551
vn 0.8228 -0.1054 -0.5585
vn -0.8280 -0.3187 0.4613
vn 0.9320 -0.1014 -0.3480
vn -0.9305 0.0246 0.3655
vn 0.8325 -0.1483 -0.5338
vn -0.8010 0.1283 0.5848
vn 0.9005 -0.0542 -0.4315
vn -0.9095 -0.0621 0.4110
vn 0.8701 -0.1426 -0.4718
vn -0.9669 0.1637 0.1957
vn 0.9439 -0.0708 -0.3226
vn -0.8788 0.3607 0.3124
vn 0.9691 0.0390 -0.2435
vn -0.8751 0.3708 0.3111
vn 0.9689 0.0526 -0.2416
vn -0.8706 0.3826 0.3095
vn 0.0039 0.1112 -0.9938
vn 0.0924 0.1501 -0.9843
vn -0.0961 -0.1663 0.9814
vn 0.1153 0.1798 -0.9769
vn 0.1291 0.1760 -0.9759
vn -0.1402 -0.1523 0.9783
vn 0.1429 0.1713 -0.9748
vn 0.1529 0.2144 -0.9647
vn 0.2418 0.2224 -0.9445
vn -0.2280 -0.1244 0.9657
vn 0.2325 0.1654 -0.9584
vn -0.2557 -0.1158 0.9598
vn 0.2697 0.1761 -0.9467
vn -0.2495 -0.1034 0.9628
vn 0.2179 0.1373 -0.9663
vn -0.2707 -0.0955 0.9579
vn 0.0012 0.1184 -0.9930
vn -0.2708 -0.0955 0.9579
vn -0.3542 -0.2387 0.9042
vn 0.2806 0.0796 -0.9565
vn -0.2692 -0.1827 0.9456
vn 0.5406 0.0483 -0.8399
vn -0.2692 -0.1826 0.9456
vn 0.3082 0.0613 -0.9494
vn -0.4289 0.1002 0.8978
vn 0.2762 0.0986 -0.9560
vn -0.2605 0.2870 0.9218
vn 0.1480 0.0965 -0.9843
vn -0.2604 0.2872 0.9218
vn -0.3803 0.0067 0.9248
vn 0.3710 0.0213 -0.9284
vn -0.3803 0.0066 0.9248
vn -0.9684 -0.1201 0.2186
vn -0.9668 -0.1059 0.2327
vn -0.9254 -0.2327 0.2991
vn -0.8682 -0.1598 0.4698
vn -0.8746 -0.2019 0.4407
vn -0.8154 -0.1090 0.5685
vn -0.7115 -0.1202 0.6923
vn -0.6937 -0.0763 0.7162
vn -0.5606 -0.0465 0.8268
vn -0.4537 -0.0783 0.8877
vn -0.0815 0.0319 0.9962
vn -0.1148 0.0398 0.9926
vn -0.1255 0.0436 0.9911
vn -0.1531 0.0461 0.9871
vn -0.1740 0.0619 0.9828
vn -0.2126 0.0733 0.9744
vn -0.2117 0.1096 0.9712
vn -0.2319 0.1319 0.9638
vn -0.3887 0.0498 0.9200
vn -0.3296 0.0043 0.9441
vn -0.1316 0.1196 0.9841
vn -0.3038 0.1356 0.9430
vn -0.3184 0.1367 0.9380
vn -0.4429 0.0852 0.8925
vn -0.4354 0.0512 0.8988
vn -0.3328 0.1172 0.9357
vn -0.4521 0.1209 0.8837
vn -0.5397 0.1015 0.8357
vn -0.6422 0.0646 0.7638
vn -0.5751 0.0153 0.8180
vn -0.6267 0.0864 0.7744
vn -0.7313 0.1245 0.6706
vn -0.8544 0.0612 0.5160
vn -0.8332 0.0841 0.5465
vn -0.8835 0.0977 0.4581
vn -0.9075 0.1219 0.4020
vn -0.8659 0.1992 0.4588
vn -0.9470 0.1694 0.2729
vn 0.0313 -0.3089 -0.9506
vn -0.5391 0.2095 0.8158
vn 0.9586 0.2604 0.1156
vn -0.1063 0.0886 0.9904
vn 0.0068 0.0727 0.9973
vn 0.3367 -0.4117 -0.8469
vn -0.2078 -0.4520 0.8675
vn 0.1199 -0.6181 -0.7769
vn 0.1315 -0.3558 -0.9253
vn 0.0377 -0.6616 -0.7489
vn -0.5538 -0.3029 -0.7756
vn 0.0325 0.0465 0.9984
vn -0.1798 -0.4766 -0.8605
vn -0.0277 -0.7470 0.6643
vn -0.1304 -0.6163 0.7767
vn -0.2968 0.2215 0.9289
vn 0.3104 -0.9259 -0.2153
vn -0.1157 0.2975 0.9477
vn -0.4755 -0.1410 0.8683
vn 0.4326 -0.4863 -0.7592
vn -0.3290 -0.4377 0.8367
vn 0.2021 -0.6543 -0.7287
vn -0.2285 -0.6248 0.7466
vn 0.2310 -0.4136 -0.8807
vn -0.0481 -0.1476 0.9879
vn 0.0372 -0.7511 -0.6592
vn -0.1136 0.4493 0.8861
vn 0.2133 0.1864 -0.9590
vn -0.1163 0.4161 0.9019
vn 0.2353 0.1529 -0.9598
vn 0.1799 0.0887 -0.9797
vn 0.1173 0.1586 -0.9803
vn -0.0779 0.3152 0.9458
vn 0.1422 0.1832 -0.9727
vn -0.0824 -0.5462 -0.8336
vn -0.6163 -0.7052 -0.3505
vn -0.2781 0.5296 0.8014
vn -0.3695 -0.5497 0.7492
vn -0.4452 -0.6510 0.6148
vn 0.5988 -0.5401 -0.5914
vn -0.4593 -0.4020 0.7922
vn 0.2394 -0.7458 -0.6216
vn -0.5047 -0.2022 0.8393
vn -0.1157 -0.4768 -0.8714
vn 0.2557 -0.2708 -0.9281
vn -0.4148 0.3452 0.8419
vn 0.8873 -0.2170 -0.4070
vn -0.2531 0.4939 0.8319
vn 0.2696 -0.0092 -0.9629
vn -0.2193 0.4773 0.8509
vn 0.2820 0.0179 -0.9592
vn -0.2123 0.4579 0.8633
vn 0.3059 0.0577 -0.9503
vn -0.1602 0.5440 0.8237
vn 0.3167 0.2062 -0.9258
vn -0.2030 0.4870 0.8495
vn 0.1820 0.2359 -0.9546
vn -0.7342 0.0122 0.6788
vn 0.3705 -0.8013 -0.4697
vn 0.6867 -0.6887 -0.2328
vn 0.4966 -0.6360 -0.5906
vn 0.6213 -0.1650 -0.7660
vn 0.3955 -0.2787 -0.8752
vn 0.7885 -0.5130 -0.3393
vn -0.0694 0.9380 0.3396
vn -0.8372 0.2166 0.5022
vn -0.7106 0.4871 0.5077
vn 0.8151 -0.5671 -0.1186
vn -0.9794 -0.1824 0.0867
vn 0.7110 -0.6138 -0.3430
vn 0.6936 -0.6092 -0.3844
vn -0.9203 -0.0055 0.3912
vn 0.7282 -0.6400 -0.2450
vn -0.8280 0.1859 0.5291
vn 0.4288 -0.7623 -0.4847
vn -0.8335 0.3138 0.4547
vn 0.4056 -0.3146 -0.8582
vn -0.6797 0.5067 0.5304
vn 0.6840 0.0930 -0.7235
vn 0.7882 0.0488 -0.6135
vn -0.5226 0.5724 0.6319
vn 0.7036 -0.0071 -0.7106
vn 0.6742 -0.1187 -0.7289
vn -0.5072 0.3486 0.7882
vn 0.8598 -0.4176 -0.2937
vn -0.5827 0.2397 0.7766
vn 0.6031 -0.6963 -0.3892
vn -0.5990 0.3416 0.7242
vn -0.0264 -0.3841 -0.9229
vn -0.4113 0.4996 0.7623
vn 0.0895 -0.0321 -0.9955
vn 0.4167 -0.0942 -0.9041
vn -0.2740 0.4191 0.8656
vn 0.4387 -0.0074 -0.8986
vn -0.9203 -0.0057 0.3911
vn -0.9717 0.0614 0.2280
vn -0.8800 -0.4695 0.0718
vn -0.7674 0.5370 0.3503
vn -0.0086 -0.6580 0.7530
vn -0.6809 0.5014 0.5339
vn 0.7979 0.0407 -0.6015
vn 0.9266 0.1983 -0.3196
vn 0.8382 0.3272 -0.4364
vn 0.9491 0.2862 -0.1315
vn 0.9150 0.2741 -0.2961
vn -0.6781 -0.1977 0.7079
vn -0.6308 -0.2587 0.7315
vn 0.7354 0.4168 -0.5342
vn 0.5728 0.1160 -0.8114
vn 0.1358 0.3003 -0.9441
vn 0.2177 0.6538 -0.7247
vn 0.8404 0.4433 -0.3118
vn -0.8290 -0.4321 0.3550
vn 0.8824 -0.1675 -0.4397
vn 0.7411 0.6076 -0.2857
vn -0.9305 0.0245 0.3655
vn 0.6900 0.5610 -0.4573
vn -0.8009 0.1284 0.5848
vn -0.9095 -0.0620 0.4110
vn -0.9669 0.1639 0.1955
vn -0.8788 0.3608 0.3124
vn -0.8750 0.3710 0.3111
vn -0.4414 -0.1766 0.8798
vn -0.3527 0.1126 0.9289
vn 0.2972 0.3899 -0.8716
vn 0.3064 0.8375 -0.4524
vn 0.3394 0.7236 -0.6011
vn 0.3103 0.9404 -0.1389
vn 0.5115 0.4488 -0.7328
vn 0.3643 0.1228 -0.9231
vn -0.5635 -0.1017 0.8198
vn 0.0748 0.3518 -0.9331
vn -0.4849 0.1463 0.8623
vn 0.1409 0.6117 -0.7785
vn 0.4354 0.6622 -0.6099
vn -0.6064 -0.1526 0.7804
vn 0.5087 0.7236 -0.4665
vn 0.5019 0.8455 -0.1822
vn -0.0565 0.7603 -0.6471
vn 0.1753 0.8813 -0.4388
vn -0.3020 -0.2686 0.9147
vn 0.3950 0.4268 -0.8135
vn -0.2940 -0.1894 0.9369
vn 0.3164 0.3478 -0.8826
vn -0.3412 -0.4634 0.8178
vn 0.3418 0.2923 -0.8932
vn -0.3843 -0.3261 0.8637
vn 0.3838 0.2377 -0.8923
vn -0.4538 -0.0954 0.8860
vn 0.3189 0.0968 -0.9428
vn -0.0809 -0.2242 0.9712
vn -0.3020 -0.2687 0.9146
vn -0.4539 -0.0953 0.8859
vn -0.3528 0.1127 0.9289
vn -0.4413 -0.1767 0.8798
vn -0.4414 -0.1767 0.8798
vn -0.3725 -0.3863 0.8438
vn -0.3726 -0.3863 0.8438
vn -0.5636 -0.1015 0.8198
vn -0.4849 0.1463 0.8622
vn -0.4849 0.1464 0.8622
vn -0.6064 -0.1527 0.7804
vn -0.6064 -0.1525 0.7804
vn -0.6309 -0.2586 0.7315
vn -0.6781 -0.1976 0.7079
vn -0.8281 -0.3185 0.4613
vn -0.8280 -0.3188 0.4613
vn -0.9305 0.0247 0.3654
vn -0.9305 0.0246 0.3654
vn -0.9669 0.1639 0.1956
vn -0.8788 0.3607 0.3125
vn -0.8787 0.3609 0.3125
vn -0.8749 0.3711 0.3111
vn -0.0962 -0.1663 0.9814
vn -0.1402 -0.1524 0.9783
vn -0.4288 0.1002 0.8978
vn -0.2606 0.2872 0.9217
vn -0.4133 -0.1227 0.9023
vn -0.5643 -0.0025 0.8256
vn -0.6936 -0.0761 0.7163
vn -0.8154 -0.1089 0.5686
vn -0.8746 -0.2019 0.4408
vn -0.9668 -0.1060 0.2326
vn -0.0778 0.3154 0.9458
vn -0.1136 0.4492 0.8862
vn -0.2194 0.4772 0.8509
vn -0.2532 0.4939 0.8318
vn -0.2783 0.5298 0.8012
vn -0.3650 0.4232 0.8293
vn -0.7105 0.4871 0.5078
vn -0.7315 0.5906 0.3407
vn 0.0325 0.0467 0.9984
vn -0.1063 0.0884 0.9904
vn 0.0068 0.0726 0.9973
vn -0.0899 0.3637 0.9272
vn -0.1137 0.4491 0.8862
vn -0.2122 0.4579 0.8633
vn -0.2194 0.4770 0.8511
vn -0.2532 0.4939 0.8319
vn -0.2783 0.5296 0.8013
vn -0.3650 0.4233 0.8292
vn -0.2740 0.4190 0.8657
vn -0.5825 0.2399 0.7766
vn -0.5225 0.5724 0.6319
vn -0.8334 0.3139 0.4548
vn -0.7316 0.5906 0.3406
vn -0.8530 0.4875 0.1861
vn -0.7400 0.5468 0.3915
vn 0.5821 -0.5008 -0.6406
vn 0.8428 -0.3793 -0.3819
vn 0.8566 -0.3642 -0.3656
vn -0.1125 0.7468 -0.6555
vn -0.0107 0.4752 -0.8798
vn -0.2250 0.3705 -0.9012
vn -0.8960 0.4363 0.0832
vn -0.9286 0.3010 0.2169
vn -0.9344 0.3009 0.1906
vn -0.7524 0.4383 -0.4917
vn -0.8188 0.0272 -0.5734
vn -0.9274 0.2639 -0.2650
vn -0.9182 0.3932 -0.0480
vn -0.9756 -0.1008 -0.1949
vn -0.7486 -0.6434 -0.1602
vn -0.8061 0.2797 0.5215
vn -0.8774 0.3877 0.2827
vn -0.4824 0.1111 -0.8689
vn -0.6325 0.0020 -0.7746
vn -0.3285 0.1335 -0.9350
vn -0.2219 0.2316 -0.9472
vn -0.1815 0.1733 -0.9680
vn -0.1783 0.1801 -0.9674
vn 0.9390 -0.1903 -0.2866
vn 0.8247 -0.3053 -0.4761
vn 0.8157 -0.2751 -0.5088
vn 0.8860 -0.2207 -0.4077
vn 0.9054 -0.1747 -0.3869
vn 0.9674 -0.0315 -0.2512
vn 0.9422 0.0678 -0.3282
vn 0.8622 0.2154 -0.4585
vn 0.8277 0.2497 -0.5026
vn 0.7242 0.2816 -0.6295
vn 0.7191 0.2577 -0.6453
vn 0.6527 0.2501 -0.7152
vn 0.6536 0.2225 -0.7234
vn 0.6056 0.2267 -0.7628
vn 0.5987 0.2111 -0.7726
vn 0.5157 0.1403 -0.8452
vn 0.5445 0.2124 -0.8114
vn -0.3850 -0.0449 -0.9218
vn 0.1261 0.0323 -0.9915
vn -0.6158 -0.0265 -0.7875
vn -0.6290 -0.0103 -0.7773
vn -0.5877 -0.1618 -0.7927
vn -0.5689 -0.1398 -0.8104
vn -0.5753 -0.1523 -0.8036
vn -0.5766 -0.1886 -0.7949
vn -0.6184 -0.1990 -0.7603
vn -0.6019 -0.2979 -0.7409
vn -0.6352 -0.3381 -0.6944
vn -0.6791 -0.3028 -0.6686
vn -0.7218 -0.2232 -0.6552
vn -0.7308 -0.2345 -0.6411
vn -0.7502 -0.2930 -0.5928
vn -0.7749 -0.2627 -0.5748
vn -0.8637 0.2661 0.4280
vn -0.6578 0.5586 0.5052
vn -0.7749 0.3858 0.5007
vn -0.9316 0.2337 0.2785
vn -0.6952 0.5667 0.4422
vn -0.5382 0.0271 0.8424
vn -0.4218 -0.1516 0.8939
vn -0.0686 -0.5566 0.8279
vn -0.9317 -0.2991 0.2061
vn 0.7022 -0.4512 -0.5508
vn 0.7350 -0.3483 -0.5817
vn 0.9074 0.0027 -0.4202
vn 0.8389 -0.0298 -0.5435
vn 0.7021 -0.1119 -0.7032
vn 0.6317 -0.1291 -0.7643
vn 0.5836 -0.0653 -0.8094
vn 0.5918 -0.1741 -0.7871
vn -0.0156 -0.1399 -0.9900
vn -0.6222 0.0049 -0.7829
vn -0.5140 -0.0981 -0.8522
vn -0.5544 -0.1479 -0.8190
vn -0.5726 -0.1386 -0.8080
vn -0.6452 0.0355 -0.7632
vn -0.6989 -0.1193 -0.7052
vn -0.7534 -0.1956 -0.6278
vn -0.7527 0.0311 -0.6576
vn -0.8484 -0.2074 -0.4870
vn -0.7565 0.0930 -0.6474
vn -0.8247 -0.0908 -0.5582
vn -0.7879 -0.0359 -0.6148
vn -0.9159 -0.1660 -0.3655
vn -0.9973 0.0731 0.0076
vn -0.9760 0.0041 -0.2178
vn -0.8977 0.2010 0.3922
vn -0.9049 0.4190 0.0747
vn -0.8735 0.0897 0.4785
vn -0.8165 0.0700 0.5731
vn -0.7193 0.4742 0.5078
vn -0.5283 0.2345 0.8160
vn 0.0193 -0.1614 -0.9867
vn 0.0086 -0.2654 -0.9641
vn 0.0138 0.2894 -0.9571
vn 0.1712 0.3142 -0.9338
vn -0.7398 -0.1519 -0.6555
vn -0.1622 -0.4680 0.8687
vn -0.7546 0.4662 -0.4618
vn -0.7336 0.3260 -0.5963
vn -0.3648 -0.1736 -0.9148
vn -0.4731 0.6700 -0.5721
vn -0.8079 0.5238 -0.2700
vn -0.0371 0.2091 -0.9772
vn -0.4204 0.6048 -0.6764
vn -0.0057 0.3007 -0.9537
vn 0.2545 0.3309 -0.9087
vn 0.0271 0.3101 -0.9503
vn 0.3673 0.3330 -0.8685
vn -0.0130 0.2554 -0.9667
vn 0.3647 0.3077 -0.8788
vn 0.9570 -0.2185 -0.1909
vn -0.7399 -0.6163 -0.2699
vn 0.9910 -0.0214 -0.1320
vn -0.7276 0.1209 -0.6753
vn -0.8909 -0.0227 -0.4536
vn -0.9627 -0.2621 -0.0672
vn -0.9564 0.2919 0.0059
vn -0.4971 -0.0622 0.8655
vn -0.6828 0.1365 0.7177
vn -0.8768 -0.0329 0.4798
vn -0.9677 -0.2439 0.0646
vn -0.9605 0.1220 0.2502
vn -0.7822 0.6201 -0.0608
vn -0.9878 0.1403 -0.0676
vn -0.9159 0.2111 -0.3415
vn -0.6411 0.4574 -0.6162
vn -0.9378 0.2989 -0.1767
vn -0.4064 0.5798 -0.7062
vn -0.9144 0.2215 -0.3388
vn -0.4331 -0.2018 -0.8785
vn -0.5056 0.1188 -0.8546
vn -0.3950 0.5673 -0.7226
vn -0.4601 0.0597 -0.8858
vn -0.3966 -0.0528 -0.9165
vn -0.3553 0.2660 -0.8961
vn -0.0546 0.4840 -0.8733
vn -0.2842 0.2221 -0.9327
vn -0.0037 0.2413 -0.9704
vn -0.9435 0.1700 0.2846
vn -0.9388 0.1908 0.2867
vn -0.3611 0.4478 -0.8180
vn -0.1767 0.4278 -0.8864
vn -0.2056 -0.1642 0.9648
vn -0.0397 -0.2794 0.9594
vn -0.2538 -0.4662 0.8475
vn -0.7981 -0.0389 0.6013
vn -0.9405 0.1895 0.2821
vn -0.9459 0.3244 -0.0038
vn -0.8670 0.4223 -0.2644
vn -0.6940 0.4557 -0.5575
vn -0.8197 0.5557 -0.1391
vn -0.6490 0.5413 -0.5346
vn -0.5075 0.5152 -0.6906
vn -0.8543 0.2955 -0.4277
vn 0.9591 -0.1689 -0.2271
vn 0.5959 -0.4806 -0.6434
vn 0.6564 -0.3298 -0.6785
vn 0.8100 -0.2072 -0.5486
vn 0.7536 -0.2180 -0.6202
vn 0.5843 -0.2311 -0.7780
vn 0.5845 -0.2720 -0.7645
vn 0.5636 -0.2890 -0.7738
vn -0.1696 -0.0796 -0.9823
vn -0.5640 -0.0395 -0.8249
vn -0.4941 -0.0986 -0.8638
vn -0.5675 -0.0602 -0.8212
vn -0.6749 0.1924 -0.7124
vn -0.5517 0.4248 -0.7177
vn -0.4835 0.2992 -0.8226
vn -0.5761 0.1167 -0.8090
vn -0.7601 -0.0646 -0.6466
vn -0.8627 -0.1582 -0.4803
vn -0.8591 -0.1563 -0.4873
vn -0.8363 -0.1172 -0.5356
vn -0.9974 -0.0131 0.0713
vn -0.9281 0.0144 0.3720
vn -0.8515 0.2014 0.4841
vn -0.7031 0.3376 0.6259
vn -0.5553 -0.0191 0.8315
vn 0.9501 -0.1501 -0.2734
vn 0.9632 -0.0943 -0.2519
vn -0.8359 -0.0408 -0.5474
vn -0.7894 -0.0076 -0.6139
vn -0.9113 -0.1493 -0.3837
vn -0.7647 -0.3976 -0.5071
vn 0.0391 -0.4120 -0.9103
vn 0.0460 -0.4430 -0.8953
vn 0.1386 0.4431 -0.8857
vn 0.1926 -0.0037 -0.9813
vn -0.0691 -0.0238 -0.9973
vn 0.0681 -0.0657 -0.9955
vn -0.1801 0.4008 -0.8983
vn -0.2017 0.0562 -0.9778
vn -0.0592 0.8510 -0.5219
vn -0.4796 0.3244 -0.8153
vn -0.0078 0.9412 -0.3379
vn 0.1421 0.9809 0.1326
vn -0.7943 0.5052 -0.3375
vn -0.8044 -0.5328 -0.2628
vn -0.7882 -0.5603 -0.2545
vn -0.9793 -0.1530 -0.1325
vn -0.6198 0.5568 -0.5529
vn -0.9967 0.0644 0.0498
vn -0.9465 -0.1557 -0.2826
vn -0.9676 0.1186 -0.2227
vn -0.9197 -0.0752 -0.3854
vn -0.9832 0.1686 -0.0697
vn -0.9174 0.2200 -0.3317
vn -0.8754 0.3293 -0.3540
vn -0.1513 0.1501 -0.9770
vn 0.2306 -0.3897 -0.8916
vn -0.0423 0.4349 -0.8995
vn 0.0101 0.4141 -0.9102
vn 0.0020 0.4211 -0.9070
vn -0.2124 0.4558 -0.8644
vn -0.0525 0.2228 -0.9734
vn -0.0391 0.1378 -0.9897
vn 0.4924 0.2097 -0.8447
vn 0.4129 0.2518 -0.8753
vn 0.5176 0.0563 -0.8538
vn 0.0164 0.0128 -0.9998
vn 0.2696 -0.0230 -0.9627
vn 0.5338 0.0658 -0.8431
vn 0.0648 -0.1646 -0.9842
vn -0.1775 -0.4005 -0.8989
vn 0.7116 -0.2719 -0.6478
vn 0.6285 -0.1525 -0.7627
vn 0.6274 -0.4876 -0.6071
vn 0.0665 -0.5108 -0.8571
vn -0.0857 -0.6632 -0.7435
vn 0.6592 -0.5048 -0.5573
vn 0.7702 -0.5072 -0.3868
vn -0.1781 -0.7908 -0.5855
vn -0.2010 -0.8257 -0.5271
vn 0.7931 -0.5119 -0.3301
vn -0.9400 0.2803 -0.1945
vn -0.7181 0.2794 -0.6374
vn -0.7441 0.2216 -0.6303
vn -0.9144 -0.0172 -0.4045
vn -0.8724 -0.0102 -0.4886
vn -0.9139 -0.3516 -0.2029
vn -0.9261 -0.3245 -0.1926
vn -0.6435 0.1448 -0.7517
vn -0.7848 -0.0736 -0.6154
vn -0.5579 0.2537 -0.7902
vn -0.5478 0.2739 -0.7905
vn 0.9946 -0.0485 -0.0915
vn -0.6933 -0.2068 0.6903
vn -0.4229 0.2999 -0.8551
vn -0.3301 0.2241 -0.9169
vn 0.0517 0.3542 -0.9338
vn 0.8703 -0.4077 -0.2764
vn -0.7096 -0.6443 -0.2851
vn 0.9560 -0.1002 -0.2757
vn 0.6828 -0.3629 -0.6341
vn -0.1995 0.3379 -0.9198
vn -0.1826 0.4188 -0.8895
vn 0.2393 0.3092 -0.9204
vn 0.5068 -0.4425 -0.7398
vn 0.9678 -0.0764 -0.2397
vn 0.4870 0.1105 -0.8664
vn 0.6159 -0.0668 -0.7850
vn 0.0094 -0.0764 -0.9970
vn 0.7717 -0.4681 -0.4305
vn -0.2096 -0.7088 -0.6736
vn 0.6551 -0.0465 -0.7541
vn -0.0298 -0.0310 -0.9991
vn 0.7150 -0.4885 -0.5001
vn -0.8883 0.2969 -0.3505
vn -0.9693 0.0308 -0.2441
vn -0.8034 -0.4735 -0.3611
vn 0.9788 -0.0959 -0.1810
vn -0.9186 -0.3164 -0.2369
vn 0.6951 -0.6248 -0.3557
vn 0.6893 -0.2927 -0.6627
vn 0.5724 -0.1957 -0.7963
vn 0.2741 0.1858 -0.9436
vn 0.3021 0.2598 -0.9172
vn 0.5665 0.0165 -0.8239
vn -0.2773 0.2585 -0.9254
vn -0.2513 0.2600 -0.9323
vn -0.3125 0.2413 -0.9188
vn -0.3593 0.1800 -0.9157
vn -0.9637 -0.2438 -0.1085
vn -0.8755 -0.0721 -0.4778
vn -0.6429 0.3584 -0.6770
vn -0.9964 0.0587 0.0610
vn -0.8468 0.2502 -0.4694
vn -0.9876 0.1281 -0.0908
vn -0.8940 -0.0525 0.4450
vn -0.9753 0.0369 -0.2177
vn -0.6853 0.4372 -0.5824
vn -0.4516 0.5401 -0.7102
vn -0.5901 0.4111 -0.6948
vn -0.7165 0.3760 -0.5876
vn -0.8425 0.3480 -0.4113
vn -0.9382 0.2999 -0.1725
vn -0.9711 0.1418 0.1918
vn -0.6871 -0.2351 0.6875
vn -0.6301 -0.1422 0.7634
vn -0.0605 0.4025 -0.9134
vn -0.1365 0.4197 -0.8973
vn 0.5949 -0.2857 -0.7513
vn 0.6000 -0.3060 -0.7392
vn 0.4941 -0.2248 -0.8398
vn -0.1885 -0.0655 -0.9799
vn -0.5180 -0.0464 -0.8541
vn -0.5167 -0.0217 -0.8559
vn -0.6665 0.2110 -0.7150
vn -0.7203 0.4286 -0.5454
vn -0.6278 0.4141 -0.6591
vn -0.3981 0.4505 -0.7991
vn -0.3135 0.4485 -0.8370
vn -0.3747 0.2886 -0.8811
vn -0.5070 0.2021 -0.8379
vn -0.7764 -0.0448 -0.6287
vn -0.8568 -0.1868 -0.4806
vn -0.9149 0.0260 -0.4028
vn -0.9745 0.0196 -0.2235
vn -0.9855 0.1510 0.0772
vn -0.9652 0.0617 0.2541
vn 0.7104 -0.2532 -0.6567
vn 0.7026 -0.3457 -0.6219
vn 0.2730 0.0788 -0.9588
vn 0.2653 0.0541 -0.9626
vn 0.5673 -0.4854 -0.6652
vn 0.5065 -0.4879 -0.7109
vn 0.9521 -0.2180 -0.2146
vn 0.9587 -0.2285 -0.1696
vn 0.9549 -0.2432 -0.1702
vn 0.9747 -0.0842 -0.2071
vn -0.3841 0.2398 -0.8916
vn 0.5173 -0.4743 -0.7124
vn 0.8448 -0.3105 -0.4357
vn 0.9744 -0.1268 -0.1855
vn -0.2916 0.2937 -0.9103
vn -0.2050 0.3610 -0.9098
vn 0.6212 -0.3854 -0.6824
vn -0.9676 -0.0944 0.2342
vn 0.2580 0.0357 -0.9655
vn 0.4609 -0.0865 -0.8832
vn 0.6803 -0.4198 -0.6008
vn -0.8579 -0.0872 -0.5064
vn -0.9472 -0.1660 -0.2745
vn 0.8086 -0.3079 -0.5014
vn 0.3372 -0.0216 -0.9412
vn 0.3845 -0.0257 -0.9228
vn -0.4649 0.1106 -0.8784
vn -0.8988 -0.0194 -0.4380
vn 0.2431 0.1241 -0.9620
vn 0.4615 -0.4844 -0.7432
vn -0.4313 0.2190 -0.8752
vn -0.2287 0.2489 -0.9411
vn -0.9015 0.2448 -0.3569
vn -0.9733 0.1497 -0.1742
vn -0.7598 0.3506 -0.5475
vn 0.0959 0.2131 -0.9723
vn 0.0668 0.2421 -0.9680
vn -0.2146 0.2403 -0.9467
vn -0.1200 0.3428 -0.9317
vn 0.0719 0.3968 -0.9151
vn -0.0021 0.2677 -0.9635
vn -0.2161 0.3403 -0.9152
vn -0.8135 -0.4163 0.4061
vn -0.9331 -0.1154 0.3407
vn -0.6645 0.3250 -0.6729
vn -0.5018 0.2562 -0.8262
vn -0.9944 -0.1046 0.0121
vn -0.9804 -0.0828 0.1785
vn -0.8989 0.2068 -0.3863
vn -0.4340 0.3965 -0.8089
vn -0.3808 0.2925 -0.8772
vn -0.4108 0.3090 -0.8577
vn -0.5205 0.3312 -0.7870
vn -0.6378 0.3487 -0.6867
vn 0.6104 -0.2849 -0.7391
vn 0.5806 -0.2683 -0.7687
vn 0.4282 -0.1914 -0.8832
vn -0.2787 -0.0602 -0.9585
vn -0.5267 -0.0605 -0.8479
vn -0.6219 0.1403 -0.7704
vn -0.7231 0.4318 -0.5391
vn -0.7151 0.4381 -0.5447
vn -0.6117 0.3848 -0.6912
vn -0.4842 0.4121 -0.7719
vn -0.3513 0.4194 -0.8371
vn -0.2011 0.4239 -0.8831
vn -0.1691 0.4172 -0.8929
vn -0.2599 0.3148 -0.9129
vn -0.5684 0.1736 -0.8042
vn -0.5348 0.2005 -0.8208
vn -0.6248 0.1728 -0.7614
vn -0.7201 0.2158 -0.6595
vn -0.5538 0.2318 -0.7998
vn 0.6803 -0.2660 -0.6829
vn 0.6121 -0.3932 -0.6861
vn 0.1300 0.1052 -0.9859
vn 0.1549 0.0905 -0.9838
vn 0.9724 -0.1215 -0.1991
vn 0.9910 -0.0830 -0.1049
vn 0.9263 -0.2328 -0.2962
vn -0.9703 -0.1439 -0.1943
vn -0.8286 -0.2003 -0.5228
vn 0.4894 -0.3618 -0.7935
vn 0.3268 -0.2347 -0.9155
vn 0.4420 -0.4791 -0.7583
vn 0.3723 -0.4760 -0.7967
vn 0.4705 -0.4679 -0.7482
vn 0.0969 0.1431 -0.9849
vn -0.5592 0.0347 -0.8283
vn 0.3245 -0.4707 -0.8204
vn 0.6327 -0.3928 -0.6673
vn -0.4411 0.3300 -0.8346
vn 0.9230 -0.1907 -0.3341
vn 0.4902 -0.4551 -0.7434
vn -0.1565 0.2906 -0.9440
vn -0.9038 0.0545 -0.4245
vn -0.8226 -0.0959 -0.5604
vn -0.2272 0.2342 -0.9453
vn -0.7523 0.1789 -0.6340
vn -0.2875 0.2495 -0.9247
vn -0.2284 0.3177 -0.9203
vn 0.1580 0.0735 -0.9847
vn 0.2861 -0.0550 -0.9566
vn 0.2721 0.0228 -0.9620
vn 0.2357 0.0303 -0.9714
vn -0.2974 0.2946 -0.9082
vn -0.2045 0.2539 -0.9454
vn -0.1361 0.2242 -0.9650
vn -0.1971 0.1872 -0.9623
vn -0.4584 0.1743 -0.8715
vn -0.9309 0.1440 -0.3358
vn -0.8904 -0.1147 0.4406
vn -0.7724 -0.2631 0.5781
vn 0.8617 -0.2556 -0.4383
vn 0.3108 -0.1448 -0.9394
vn 0.7507 -0.3494 -0.5607
vn 0.0431 0.1755 -0.9835
vn 0.0199 0.2339 -0.9721
vn -0.0533 0.3524 -0.9343
vn -0.0161 0.3085 -0.9511
vn -0.0122 0.3039 -0.9526
vn -0.2815 0.2837 -0.9167
vn 0.3776 -0.4240 -0.8232
vn 0.3036 -0.4185 -0.8560
vn 0.5918 -0.3034 -0.7468
vn 0.5448 -0.2523 -0.7997
vn 0.4374 -0.1991 -0.8770
vn 0.1229 -0.1092 -0.9864
vn -0.4662 -0.0159 -0.8845
vn 0.6081 -0.3697 -0.7025
vn 0.4748 -0.4793 -0.7382
vn -0.3236 0.5001 -0.8032
vn -0.9842 0.0953 -0.1493
vn -0.8803 0.0135 -0.4743
vn -0.6626 0.1881 -0.7249
vn -0.7424 0.4179 -0.5236
vn -0.7373 0.3838 -0.5559
vn -0.7271 0.2670 -0.6324
vn -0.7025 0.1326 -0.6992
vn -0.5925 0.2849 -0.7535
vn -0.3750 0.3968 -0.8378
vn -0.0831 0.3787 -0.9218
vn -0.1439 0.3361 -0.9308
vn -0.2002 0.2809 -0.9386
vn -0.0268 0.2988 -0.9539
vn -0.1529 0.3367 -0.9291
vn 0.0208 0.1381 -0.9902
vn 0.0120 0.1078 -0.9941
vn -0.4993 0.1940 -0.8444
vn -0.4218 0.1780 -0.8891
vn -0.5566 0.1730 -0.8126
vn -0.9022 -0.1972 -0.3835
vn -0.8477 -0.2334 -0.4764
vn 0.2634 -0.3686 -0.8915
vn 0.2129 -0.1933 -0.9578
vn -0.2809 0.2476 -0.9273
vn 0.2608 -0.4568 -0.8505
vn 0.0122 0.0914 -0.9957
vn -0.2599 0.2003 -0.9446
vn -0.6242 -0.0319 -0.7806
vn -0.0932 0.3010 -0.9491
vn -0.2580 0.2543 -0.9321
vn -0.3361 0.4007 -0.8524
vn 0.4942 -0.4520 -0.7427
vn -0.0415 0.2479 -0.9679
vn -0.0472 0.2101 -0.9765
vn -0.0990 0.2021 -0.9744
vn 0.5899 -0.4211 -0.6890
vn -0.8239 0.0690 -0.5625
vn -0.6104 0.2802 -0.7409
vn 0.4620 -0.4088 -0.7870
vn 0.1369 -0.1236 -0.9828
vn -0.2864 0.1995 -0.9371
vn -0.6674 0.1837 -0.7217
vn 0.6131 -0.4019 -0.6802
vn 0.1673 0.0525 -0.9845
vn 0.0727 0.0310 -0.9969
vn 0.1065 -0.0281 -0.9939
vn 0.0196 0.2761 -0.9609
vn -0.4674 0.0128 -0.8840
vn -0.2619 0.2362 -0.9357
vn -0.3376 0.2016 -0.9194
vn -0.6367 0.0452 -0.7698
vn -0.1834 0.2532 -0.9499
vn -0.0695 -0.0666 -0.9954
vn 0.3628 -0.1705 -0.9161
vn 0.4973 -0.2449 -0.8323
vn 0.5350 -0.3117 -0.7852
vn 0.5341 -0.3941 -0.7479
vn -0.4705 0.3798 -0.7965
vn -0.4205 0.5084 -0.7515
vn -0.3750 0.4259 -0.8234
vn -0.8861 -0.0496 0.4608
vn -0.8453 -0.1786 0.5036
vn -0.9962 0.0768 0.0404
vn -0.0951 0.1834 -0.9784
vn -0.1104 0.2448 -0.9633
vn -0.1088 0.1529 -0.9822
vn -0.0678 0.1248 -0.9899
vn -0.7178 0.1003 -0.6889
vn -0.6666 -0.0797 -0.7411
vn -0.7337 -0.1906 -0.6522
vn -0.8268 -0.1246 -0.5486
vn -0.7260 0.0920 -0.6815
vn -0.7435 0.2636 -0.6146
vn -0.7624 0.3730 -0.5287
vn -0.0619 0.3695 -0.9272
vn -0.3263 0.3178 -0.8903
vn -0.0361 0.3517 -0.9354
vn -0.8728 -0.0663 -0.4836
vn -0.8628 -0.1460 -0.4841
vn 0.3596 -0.3235 -0.8752
vn 0.2569 -0.3716 -0.8921
vn 0.1328 -0.2459 -0.9601
vn 0.2046 -0.4152 -0.8864
vn -0.7498 0.1271 -0.6493
vn -0.3322 0.2019 -0.9214
vn -0.1659 0.2308 -0.9588
vn 0.4620 -0.3200 -0.8271
vn 0.4329 -0.2392 -0.8691
vn 0.2730 -0.1560 -0.9493
vn -0.6676 0.2336 -0.7069
vn -0.2512 0.2979 -0.9210
vn -0.7302 -0.1177 -0.6730
vn -0.0673 0.0906 -0.9936
vn 0.0505 -0.0414 -0.9979
vn 0.0614 -0.1256 -0.9902
vn -0.7183 0.2067 -0.6643
vn -0.2864 0.1863 -0.9398
vn -0.1974 0.2653 -0.9437
vn -0.2487 0.2479 -0.9363
vn -0.4984 0.2055 -0.8423
vn -0.8338 0.1571 -0.5293
vn -0.9948 0.0257 0.0987
vn -0.4669 0.3382 -0.8171
vn -0.3767 0.4006 -0.8352
vn 0.0342 0.0687 -0.9971
vn -0.0190 0.0578 -0.9981
vn 0.0836 0.0208 -0.9963
vn -0.5482 0.1010 -0.8302
vn -0.1898 -0.0443 -0.9808
vn -0.2615 0.2134 -0.9413
vn -0.3270 0.1879 -0.9262
vn -0.3815 0.4106 -0.8282
vn -0.3704 0.4288 -0.8240
vn -0.5031 0.3494 -0.7905
vn -0.6080 -0.1678 -0.7760
vn -0.7068 -0.1486 -0.6917
vn -0.8177 -0.1929 -0.5423
vn -0.8979 -0.1402 -0.4174
vn -0.6522 -0.1383 -0.7453
vn -0.6839 -0.0862 -0.7245
vn -0.7081 0.0581 -0.7037
vn -0.4393 0.2719 -0.8562
vn -0.7279 0.1289 -0.6735
vn -0.9989 -0.0146 -0.0453
vn -0.5010 0.4909 -0.7127
vn -0.9556 -0.1212 0.2685
vn -0.9513 -0.0556 0.3033
vn -0.9448 -0.0788 0.3182
vn -0.8559 0.0502 -0.5147
vn -0.8261 -0.0760 -0.5583
vn 0.1252 -0.2719 -0.9541
vn -0.1838 0.1328 -0.9739
vn 0.2573 -0.2514 -0.9331
vn 0.3663 -0.2203 -0.9040
vn -0.9213 0.0716 -0.3822
vn -0.5602 0.0760 -0.8248
vn -0.2940 0.1893 -0.9369
vn -0.9311 0.0774 -0.3564
vn -0.6832 0.2938 -0.6685
vn -0.6112 0.2954 -0.7343
vn -0.6886 -0.0721 -0.7216
vn -0.7783 0.2334 -0.5829
vn -0.9255 0.0391 -0.3768
vn -0.7136 0.1762 -0.6781
vn -0.0288 0.0283 -0.9992
vn -0.2251 0.0876 -0.9704
vn -0.1151 -0.0653 -0.9912
vn -0.6746 0.2233 -0.7036
vn -0.5017 0.3802 -0.7770
vn -0.5233 0.2954 -0.7993
vn -0.6121 0.2143 -0.7612
vn -0.7560 0.1770 -0.6302
vn -0.9804 0.0999 -0.1696
vn -0.9795 0.0162 0.2009
vn -0.9415 -0.0758 0.3284
vn 0.1595 -0.1405 -0.9771
vn -0.4052 0.0782 -0.9109
vn -0.4225 0.0788 -0.9029
vn -0.0590 -0.1345 -0.9892
vn -0.0290 -0.0632 -0.9976
vn 0.0747 -0.1434 -0.9868
vn -0.6468 -0.1679 -0.7440
vn -0.6196 -0.1375 -0.7728
vn -0.6667 -0.1198 -0.7356
vn -0.7738 -0.1262 -0.6207
vn -0.8947 -0.1179 -0.4308
vn -0.6791 -0.2124 -0.7027
vn -0.6117 -0.2325 -0.7561
vn -0.9838 -0.0506 -0.1717
vn -0.9957 -0.0510 -0.0778
vn -0.7693 -0.0226 -0.6384
vn -0.7410 -0.1685 -0.6501
vn -0.9201 0.0081 -0.3915
vn -0.7999 0.1363 -0.5844
vn -0.2625 0.1845 -0.9471
vn -0.4074 0.1243 -0.9048
vn -0.6051 0.1294 -0.7856
vn -0.6397 -0.0558 -0.7666
vn -0.1395 0.0498 -0.9890
vn -0.1039 -0.0479 -0.9934
vn -0.0878 0.0242 -0.9958
vn -0.6518 0.1803 -0.7367
vn -0.3492 0.1044 -0.9312
vn -0.6981 -0.1725 -0.6949
vn -0.9778 -0.0779 -0.1946
vn -0.8601 0.0198 -0.5097
vn -0.5788 0.2904 -0.7620
vn -0.5098 0.3506 -0.7856
vn -0.2482 -0.0957 -0.9640
vn -0.3057 0.1342 -0.9426
vn -0.3629 0.0616 -0.9298
vn -0.3280 0.0972 -0.9397
vn -0.9936 -0.0623 0.0939
vn -0.9832 -0.0316 0.1799
vn -0.9736 0.0070 0.2283
vn -0.9941 -0.0936 0.0550
vn -0.9880 -0.0386 -0.1496
vn -0.6498 -0.1598 -0.7431
vn -0.6885 -0.2158 -0.6924
vn -0.6570 -0.1103 -0.7458
vn -0.7391 -0.0878 -0.6679
vn -0.8338 -0.0826 -0.5458
vn -0.6893 -0.2387 -0.6840
vn -0.5329 -0.1719 -0.8285
vn -0.3520 0.1103 -0.9295
vn -0.9856 -0.1332 -0.1040
vn -0.9674 -0.1947 -0.1619
vn -0.6933 0.1157 -0.7113
vn -0.5865 0.3088 -0.7488
vn -0.5169 0.3132 -0.7967
vn -0.4979 0.0231 -0.8669
vn -0.5189 -0.0977 -0.8493
vn -0.9418 -0.0546 -0.3318
vn -0.2959 0.0597 -0.9534
vn -0.2860 0.0434 -0.9572
vn -0.8693 -0.0486 -0.4918
vn -0.6890 0.1461 -0.7099
vn -0.4383 0.0061 -0.8988
vn -0.3156 0.1455 -0.9377
vn -0.9494 -0.1240 -0.2887
vn -0.7219 -0.1374 -0.6782
vn -0.3621 -0.0472 -0.9309
vn -0.2290 0.0214 -0.9732
vn -0.3440 0.0980 -0.9339
vn -0.9979 -0.0635 -0.0103
vn -0.9554 -0.0643 -0.2883
vn -0.9626 -0.0786 -0.2593
vn -0.9797 -0.1192 -0.1612
vn -0.6767 -0.1942 -0.7102
vn -0.5298 -0.1735 -0.8302
vn -0.7060 -0.2239 -0.6719
vn -0.6958 -0.1948 -0.6913
vn -0.6906 -0.1175 -0.7137
vn -0.7403 -0.0798 -0.6675
vn -0.7965 -0.0588 -0.6018
vn -0.3145 -0.0372 -0.9485
vn -0.3628 -0.0814 -0.9283
vn -0.9863 -0.1269 -0.1058
vn -0.9345 -0.0984 -0.3421
vn -0.6037 0.2599 -0.7536
vn -0.5908 0.1807 -0.7863
vn -0.3722 -0.1299 -0.9190
vn -0.4578 -0.1875 -0.8691
vn -0.8842 -0.0653 -0.4626
vn -0.6517 0.0647 -0.7557
vn -0.4991 -0.0582 -0.8646
vn -0.6233 0.1156 -0.7734
vn -0.2813 0.1103 -0.9533
vn -0.7118 0.0175 -0.7022
vn -0.9100 -0.0599 -0.4103
vn -0.8300 -0.0484 -0.5557
vn -0.3374 -0.0094 -0.9413
vn -0.4502 -0.0290 -0.8924
vn -0.3166 0.0519 -0.9471
vn -0.9037 -0.0476 -0.4256
vn -0.7851 -0.0678 -0.6157
vn -0.7708 -0.1314 -0.6233
vn -0.7332 -0.1530 -0.6625
vn -0.7140 -0.1959 -0.6722
vn -0.6984 -0.1923 -0.6893
vn -0.6438 -0.1390 -0.7525
vn -0.5551 -0.0968 -0.8261
vn -0.5834 0.0433 -0.8110
vn -0.5559 0.0303 -0.8307
vn -0.4667 -0.0802 -0.8808
vn -0.6188 -0.0231 -0.7852
vn -0.8517 -0.0596 -0.5207
vn -0.8606 -0.0491 -0.5069
vn -0.7255 -0.1545 -0.6707
vn -0.8140 -0.0889 -0.5740
vn -0.5710 -0.0783 -0.8172
vn -0.6195 -0.1093 -0.7773
vn -0.6839 -0.1517 -0.7136
vn -0.8338 -0.0466 -0.5501
vn 0.1910 -0.6513 0.7344
vn -0.0680 0.8607 -0.5045
vn 0.1956 -0.4536 0.8695
vn 0.4380 -0.7897 0.4296
vn 0.1440 -0.4488 0.8820
vn -0.0531 -0.8732 0.4844
vn -0.9878 -0.1476 0.0501
vn 0.9886 -0.1075 -0.1054
vn 0.6410 -0.6242 0.4467
vn 0.7844 -0.0744 0.6158
vn 0.6374 -0.7472 0.1880
vn 0.6963 -0.2774 0.6620
vn 0.7844 -0.0743 0.6158
vn 0.1901 -0.8401 0.5080
vn 0.2323 0.7411 -0.6299
vn -0.0190 0.4903 -0.8713
vn -0.0109 0.7640 -0.6452
vn 0.2683 -0.7555 0.5977
vn 0.3104 -0.6226 0.7184
vn 0.7599 -0.5888 0.2755
vn 0.0033 0.2722 -0.9622
vn 0.0405 0.2503 -0.9673
vn -0.0149 -0.3400 0.9403
vn 0.0259 -0.4878 0.8726
vn -0.0323 -0.5127 0.8580
vn 0.0047 0.2784 -0.9605
vn -0.0145 -0.5160 0.8565
vn -0.0102 0.2865 -0.9580
vn -0.0116 -0.4843 0.8748
vn -0.0187 0.2915 -0.9564
vn -0.0270 -0.4698 0.8824
vn -0.0443 0.2946 -0.9546
vn -0.0705 0.2738 -0.9592
vn 0.0270 -0.4553 0.8899
vn -0.1617 0.2450 -0.9559
vn -0.2480 -0.5250 0.8141
vn -0.0977 -0.8172 0.5681
vn -0.1475 0.2483 -0.9574
vn 0.0229 -0.6942 0.7194
vn -0.1246 0.4119 -0.9026
vn 0.0067 -0.4920 0.8706
vn -0.0713 0.4739 -0.8777
vn -0.0934 0.4546 -0.8858
vn 0.0872 -0.4673 0.8798
vn -0.1107 0.4407 -0.8908
vn 0.1850 -0.5757 0.7964
vn 0.3477 -0.2629 0.9000
vn -0.0819 0.4264 -0.9008
vn 0.2504 -0.2754 0.9282
vn -0.0722 0.2487 -0.9659
vn 0.1911 -0.6514 0.7343
vn -0.2577 0.1498 -0.9545
vn 0.1955 -0.4534 0.8696
vn -0.2573 0.1876 -0.9479
vn -0.2707 0.3253 -0.9060
vn 0.2408 -0.3400 0.9091
vn -0.2824 0.3039 -0.9099
vn 0.4832 -0.3071 0.8199
vn -0.4317 0.2145 -0.8761
vn 0.4786 -0.3794 0.7919
vn 0.4825 -0.3783 0.7900
vn -0.4839 0.1950 -0.8531
vn 0.2364 -0.4928 0.8374
vn -0.5539 0.1170 -0.8243
vn -0.6408 0.2258 -0.7337
vn 0.3104 -0.6225 0.7184
vn -0.6136 0.2008 -0.7636
vn -0.7801 0.1962 -0.5941
vn 0.7844 -0.0745 0.6158
vn -0.6065 0.2402 -0.7579
vn 0.8034 -0.3520 0.4803
vn -0.7004 0.0818 -0.7091
vn 0.7493 -0.3840 0.5395
vn -0.7982 0.0402 -0.6011
vn 0.8073 -0.1942 0.5572
vn -0.9084 0.1397 -0.3942
vn -0.8695 0.1251 -0.4778
vn 0.9266 -0.1512 0.3443
vn -0.9589 0.0078 -0.2838
vn 0.8265 -0.2564 0.5011
vn -0.9415 0.1249 -0.3131
vn 0.9157 -0.0129 0.4017
vn -0.8977 0.0926 -0.4307
vn 0.9834 -0.0223 0.1801
vn -0.9426 -0.0713 -0.3262
vn 0.9645 -0.1817 0.1917
vn 0.9610 -0.2014 0.1894
vn -0.9661 -0.1413 -0.2163
vn 0.9767 -0.1745 0.1250
vn -0.9745 -0.1320 -0.1816
vn 0.9872 -0.1492 0.0558
vn -0.9749 -0.1058 -0.1957
vn 0.9850 -0.1693 0.0328
vn -0.9794 -0.1412 -0.1441
vn 0.9594 -0.2780 0.0472
vn -0.9754 -0.1906 -0.1110
vn -0.9556 -0.2703 -0.1173
vn 0.9622 -0.2666 -0.0550
vn -0.9850 -0.1727 -0.0052
vn 0.9769 -0.1828 -0.1105
vn -0.9933 -0.1150 0.0062
vn 0.9843 -0.1313 -0.1182
vn -0.7485 -0.6434 -0.1602
vn -0.8276 0.4956 0.2637
vn 0.9886 -0.1074 -0.1055
vn -0.9628 0.2425 0.1195
vn 0.9935 -0.0818 -0.0789
vn -0.9934 0.0917 0.0684
vn 0.8639 0.4846 0.1375
vn 0.8639 0.4846 0.1376
vn -0.9475 -0.3087 -0.0839
vn 0.0853 -0.9489 -0.3038
vn 0.8446 0.4853 0.2263
vn 0.9827 0.1149 0.1451
vn 0.9395 0.3163 0.1319
vn 0.8638 0.4846 0.1377
vn 0.9983 0.0019 -0.0575
vn 0.9987 0.0269 -0.0442
vn 0.9935 -0.0817 -0.0789
vn 0.9921 -0.0923 -0.0850
vn 0.9916 -0.0942 -0.0888
vn 0.9886 -0.1074 -0.1054
vn 0.6360 -0.7303 -0.2492
vn 0.7723 -0.5861 -0.2451
vn -0.9734 -0.1779 -0.1443
vn -0.9317 -0.2991 0.2059
vn 0.7118 -0.6493 -0.2677
vn -0.9677 -0.2438 0.0647
vn 0.6400 -0.7115 -0.2903
vn 0.5272 -0.8044 -0.2739
vn 0.4444 -0.8873 -0.1232
vn 0.5565 -0.8256 -0.0932
vn -0.8044 -0.5328 -0.2627
vn 0.6699 -0.7318 -0.1255
vn 0.6862 -0.7207 -0.0991
vn -0.9793 -0.1529 -0.1327
vn 0.6661 -0.7449 -0.0381
vn -0.9465 -0.1556 -0.2826
vn 0.6657 -0.7462 -0.0100
vn -0.9676 0.1185 -0.2227
vn 0.6704 -0.7420 -0.0018
vn -0.9197 -0.0751 -0.3855
vn 0.6647 -0.7429 0.0799
vn -0.8188 0.0271 -0.5734
vn 0.6483 -0.7415 0.1729
vn 0.6567 -0.7335 0.1754
vn 0.6203 -0.7588 0.1987
vn -0.8359 -0.0408 -0.5473
vn 0.5651 -0.7955 0.2188
vn 0.5846 -0.7823 0.2149
vn 0.0088 -0.2654 -0.9641
vn -0.0382 -0.7770 0.6283
vn -0.0379 -0.6667 0.7444
vn -0.0149 -0.3399 0.9403
vn 0.0259 -0.4877 0.8726
vn 0.1370 -0.5852 0.7992
vn 0.0338 -0.5073 0.8611
vn 0.0897 -0.4086 0.9083
vn 0.0554 -0.4985 0.8651
vn 0.0554 -0.4986 0.8651
vn 0.1279 -0.3996 0.9077
vn 0.0879 -0.3827 0.9197
vn 0.2806 0.0123 0.9598
vn 0.1935 -0.1201 0.9737
vn 0.1936 -0.1201 0.9737
vn 0.2807 0.0123 0.9597
vn 0.4340 -0.2916 0.8524
vn 0.4060 -0.5486 0.7309
vn -0.0103 -0.7112 -0.7029
vn 0.2165 -0.5793 -0.7858
vn -0.2746 0.3921 -0.8780
vn 0.2983 0.4933 -0.8171
vn 0.2806 0.0123 0.9597
vn 0.0121 0.4127 -0.9108
vn -0.0020 0.4689 -0.8833
vn 0.0897 -0.4085 0.9083
vn 0.0230 0.5525 -0.8332
vn -0.0055 0.6271 -0.7789
vn -0.0148 -0.3400 0.9403
vn 0.0024 0.3767 -0.9263
vn 0.0434 0.5493 -0.8345
vn 0.0258 -0.4877 0.8726
vn 0.0193 -0.1613 -0.9867
vn -0.1686 -0.8558 0.4890
vn -0.9279 -0.3349 0.1637
vn -0.5384 0.2971 -0.7886
vn -0.9322 -0.3556 0.0670
vn 0.0767 -0.9688 -0.2355
vn -0.9271 -0.0488 -0.3716
vn 0.0319 -0.9693 -0.2440
vn -0.9719 -0.1744 -0.1580
vn -0.2631 -0.8386 0.4771
vn -0.9611 -0.2727 0.0441
vn -0.3910 0.3319 -0.8585
vn -0.9517 -0.3046 -0.0393
vn -0.2462 -0.9230 -0.2957
vn -0.8732 0.0257 -0.4867
vn 0.2240 -0.9560 -0.1892
vn -0.9450 -0.1812 -0.2723
vn 0.1144 -0.9555 -0.2718
vn -0.9242 -0.2119 -0.3177
vn -0.0950 -0.9395 -0.3290
vn -0.9169 -0.1739 -0.3593
vn -0.1862 -0.9095 -0.3718
vn -0.8970 -0.1185 -0.4259
vn -0.2075 -0.9016 -0.3795
vn -0.8570 -0.0953 -0.5064
vn -0.2245 -0.9026 -0.3673
vn -0.8337 -0.0816 -0.5461
vn -0.2341 -0.9045 -0.3564
vn -0.8350 -0.0833 -0.5440
vn -0.2178 -0.9205 -0.3244
vn -0.8258 -0.1263 -0.5496
vn -0.3687 -0.9280 -0.0531
vn -0.8507 -0.3719 -0.3715
vn -0.8232 0.2072 -0.5287
vn -0.7431 -0.5714 -0.3483
vn -0.4990 0.6916 -0.5222
vn -0.5506 -0.4060 -0.7294
vn -0.4801 0.7289 -0.4880
vn -0.5635 -0.2552 -0.7857
vn -0.4846 0.6687 -0.5639
vn -0.5296 -0.1947 -0.8256
vn -0.2470 0.9265 -0.2839
vn -0.5038 -0.2562 -0.8250
vn -0.3305 0.8432 -0.4241
vn -0.4673 -0.3369 -0.8174
vn 0.5080 0.3896 -0.7682
vn -0.1448 -0.2634 -0.9537
vn 0.1558 -0.9875 0.0257
vn 0.1123 -0.0410 -0.9928
vn 0.0648 -0.9977 -0.0178
vn -0.1295 -0.0767 -0.9886
vn 0.0807 -0.9955 -0.0494
vn -0.1666 -0.0870 -0.9822
vn 0.0532 -0.9923 -0.1117
vn -0.1253 -0.0421 -0.9912
vn 0.0064 -0.9903 -0.1390
vn -0.1099 0.0140 -0.9938
vn 0.0297 -0.9961 -0.0830
vn -0.1505 -0.0487 -0.9874
vn 0.0160 -0.9848 -0.1727
vn -0.0671 -0.0338 -0.9972
vn -0.8444 -0.4666 -0.2632
vn -0.3124 -0.0576 -0.9482
vn -0.0958 0.9609 -0.2597
vn -0.4954 -0.2416 -0.8344
vn 0.0531 0.9942 -0.0934
vn -0.1469 -0.1624 -0.9757
vn -0.0310 0.9233 -0.3829
vn -0.0686 -0.3114 -0.9478
vn -0.0413 0.8701 -0.4911
vn -0.0188 -0.4147 -0.9098
vn 0.0156 0.9950 0.0989
vn 0.0390 0.0636 -0.9972
vn -0.0003 1.0000 0.0090
vn 0.1671 0.0852 -0.9823
vn 0.0720 0.9376 -0.3401
vn 0.2402 0.0587 -0.9690
vn 0.2900 0.9396 0.1815
vn 0.4397 0.1780 -0.8803
vn 0.0504 -0.3740 0.9261
vn -0.2470 0.2272 0.9420
vn -0.1411 0.2662 0.9535
vn -0.0265 0.4119 0.9109
vn 0.0411 0.4291 0.9023
vn 0.1188 0.3899 0.9132
vn 0.0568 0.2608 0.9637
vn -0.1723 -0.1736 0.9696
vn -0.2501 -0.3752 0.8926
vn -0.0258 -0.1525 0.9880
vn 0.1378 -0.0854 0.9868
vn 0.1042 -0.1448 0.9840
vn 0.1736 -0.0364 0.9841
vn 0.1887 0.0641 0.9799
vn 0.1845 0.1451 0.9721
vn 0.3715 0.4174 0.8293
vn 0.5932 0.5518 0.5862
vn 0.5087 0.4348 0.7431
vn 0.5193 0.1848 0.8344
vn 0.3468 0.7294 0.5897
vn 0.3751 0.6328 0.6774
vn 0.3114 0.6895 0.6540
vn 0.1176 0.6838 0.7202
vn 0.5504 0.2262 0.8036
vn 0.8325 -0.3080 0.4605
vn 0.8279 -0.3635 0.4272
vn 0.8337 -0.3590 0.4195
vn 0.8494 -0.3437 0.4004
vn 0.8887 -0.3315 0.3167
vn 0.9321 -0.2723 0.2388
vn 0.9540 -0.1919 0.2305
vn 0.9692 0.1061 0.2223
vn 0.9701 0.2267 0.0870
vn 0.9192 0.3937 0.0041
vn 0.9220 -0.1513 0.3564
vn 0.9845 0.0416 0.1702
vn 0.9274 0.3676 -0.0691
vn 0.8952 0.4281 -0.1240
vn 0.9602 -0.0914 0.2641
vn -0.0324 -0.5127 0.8580
vn -0.0567 -0.7010 0.7109
vn -0.0573 -0.7455 0.6641
vn -0.0411 -0.7950 0.6053
vn -0.0271 -0.4697 0.8824
vn -0.0164 -0.8452 0.5342
vn 0.0269 -0.4554 0.8899
vn 0.0183 -0.8380 0.5454
vn 0.9921 -0.0911 -0.0858
vn 0.9987 0.0079 -0.0507
vn 0.9909 -0.0590 -0.1209
vn 0.9804 -0.0289 -0.1947
vn 0.9971 0.0571 -0.0500
vn 0.9839 -0.1693 0.0568
vn 0.9644 -0.1647 0.2070
vn 0.9676 -0.1405 0.2097
vn 0.9854 -0.1703 0.0041
vn 0.9990 -0.0225 0.0382
vn 0.9867 -0.1503 0.0617
vn 0.9777 -0.1834 0.1026
vn 0.9598 -0.2241 0.1688
vn 0.9778 -0.1170 0.1738
vn 0.9738 -0.1777 0.1420
vn 0.9944 0.0982 -0.0387
vn 0.9933 0.1047 -0.0484
vn 0.9998 -0.0180 -0.0111
vn 0.9501 -0.0788 0.3019
vn 0.9242 -0.2801 0.2597
vn 0.8498 -0.0575 0.5240
vn 0.7655 -0.4142 0.4923
vn 0.8513 -0.1679 0.4970
vn 0.7374 -0.3695 0.5654
vn 0.7842 -0.4664 0.4092
vn 0.8584 -0.2272 0.4599
vn 0.8143 -0.2809 0.5079
vn 0.9315 -0.1029 0.3489
vn 0.8756 0.0265 0.4823
vn 0.8108 -0.2360 0.5356
vn 0.6984 -0.2661 0.6644
vn 0.6193 -0.3931 0.6796
vn 0.7519 -0.4837 0.4480
vn 0.6606 -0.4273 0.6173
vn 0.6144 -0.4869 0.6209
vn 0.8300 -0.3094 0.4641
vn 0.8052 -0.2704 0.5278
vn 0.8091 -0.2724 0.5208
vn 0.4345 -0.1795 0.8826
vn 0.3002 -0.5166 0.8019
vn 0.3833 -0.2848 0.8786
vn 0.2797 -0.4890 0.8262
vn 0.4775 -0.3814 0.7915
vn 0.4501 -0.4301 0.7826
vn 0.4251 -0.3968 0.8135
vn 0.2982 -0.4791 0.8256
vn 0.3096 -0.6642 0.6805
vn 0.3596 -0.3593 0.8612
vn 0.2196 -0.5569 0.8010
vn 0.3482 -0.2653 0.8991
vn 0.1954 -0.4090 0.8914
vn 0.1968 -0.3583 0.9126
vn 0.2436 -0.4092 0.8793
vn 0.3980 -0.2605 0.8796
vn 0.3765 -0.3828 0.8436
vn 0.1581 -0.3944 0.9052
vn 0.0255 -0.6248 0.7804
vn -0.0855 -0.4803 0.8729
vn 0.0843 -0.7297 0.6786
vn 0.0871 -0.4089 0.9084
vn 0.0858 -0.7256 0.6828
vn 0.2682 -0.3180 0.9094
vn 0.1810 -0.5743 0.7984
vn 0.0538 -0.4446 0.8941
vn -0.2576 -0.4427 0.8589
vn -0.2189 -0.5440 0.8100
vn -0.0137 -0.4485 0.8937
vn 0.0462 -0.4440 0.8948
vn 0.0254 -0.4554 0.8899
vn 0.0066 -0.4542 0.8909
vn -0.0610 -0.4618 0.8849
vn -0.0706 -0.4607 0.8847
vn -0.0689 -0.4690 0.8805
vn -0.0919 -0.4604 0.8829
vn -0.0346 -0.4801 0.8765
vn -0.0582 -0.4452 0.8936
vn -0.0328 -0.4820 0.8756
vn -0.0585 -0.4361 0.8980
vn -0.0328 -0.4819 0.8756
vn -0.0558 -0.5286 0.8470
vn -0.0492 -0.5114 0.8579
vn -0.0791 -0.4665 0.8810
vn -0.0530 -0.4662 0.8831
vn 0.0255 -0.4554 0.8899
vn 0.0371 -0.4616 0.8863
vn -0.0109 -0.5220 0.8529
vn -0.2178 -0.4338 0.8743
vn 0.1810 -0.5744 0.7983
vn -0.1651 -0.3706 0.9140
vn 0.0858 -0.7257 0.6827
vn 0.0939 -0.4665 0.8795
vn 0.0843 -0.7298 0.6785
vn 0.0968 -0.4812 0.8712
vn 0.0255 -0.6249 0.7803
vn 0.2093 -0.4373 0.8746
vn 0.3765 -0.3829 0.8436
vn 0.3254 -0.3635 0.8729
vn 0.2436 -0.4093 0.8793
vn 0.3697 -0.4073 0.8351
vn 0.1955 -0.4089 0.8914
vn 0.1971 -0.4078 0.8915
vn 0.0879 -0.3717 0.9242
vn 0.3096 -0.6641 0.6805
vn 0.3096 -0.3987 0.8632
vn 0.5503 -0.4037 0.7309
vn 0.4775 -0.3813 0.7916
vn 0.4641 -0.3454 0.8156
vn 0.5026 -0.3494 0.7908
vn 0.4346 -0.1795 0.8826
vn 0.2734 -0.3551 0.8940
vn 0.8052 -0.2705 0.5277
vn 0.6447 -0.3059 0.7006
vn 0.6784 -0.2575 0.6881
vn 0.6985 -0.2661 0.6643
vn 0.8845 -0.2248 0.4089
vn 0.8083 -0.2741 0.5212
vn 0.8143 -0.2809 0.5080
vn 0.6457 -0.4390 0.6248
vn 0.9120 -0.2077 0.3537
vn 0.8514 -0.1679 0.4970
vn 0.8645 -0.2403 0.4415
vn 0.7915 -0.3255 0.5173
vn 0.9501 -0.0789 0.3018
vn 0.9849 -0.0301 0.1706
vn 0.9993 0.0074 0.0374
vn 0.9738 -0.1778 0.1420
vn 0.9502 -0.2428 0.1952
vn 0.9778 -0.1541 0.1422
vn 0.9866 -0.1489 0.0666
vn 0.9904 -0.1323 0.0406
vn 0.9917 -0.1038 0.0765
vn 0.9989 -0.0470 -0.0084
vn 0.9909 -0.0590 -0.1208
vn 0.9910 -0.1112 -0.0740
vn 0.9901 -0.1005 -0.0982
vn 0.0858 -0.3932 0.9155
vn -0.0909 -0.4169 0.9044
vn -0.0749 -0.3210 0.9441
vn -0.0611 -0.3205 0.9453
vn 0.0103 -0.3395 0.9405
vn 0.0580 -0.3730 0.9260
vn -0.0460 -0.4236 0.9047
vn -0.2225 -0.4739 0.8520
vn 0.1158 -0.0494 0.9920
vn 0.0704 0.1587 0.9848
vn 0.1002 0.1621 0.9817
vn 0.0283 -0.0189 0.9994
vn 0.3117 0.1880 0.9314
vn 0.1843 0.2712 0.9447
vn 0.1439 0.2156 0.9658
vn 0.4979 0.2674 0.8250
vn 0.4479 -0.0329 0.8935
vn 0.5241 -0.2123 0.8247
vn 0.4701 -0.2951 0.8318
vn 0.3761 -0.5506 0.7452
vn 0.5647 -0.6582 0.4979
vn 0.7983 -0.3244 0.5074
vn 0.6183 -0.1724 0.7668
vn 0.5969 0.0590 0.8001
vn 0.7364 -0.0456 0.6751
vn 0.8885 0.1372 0.4378
vn 0.8151 0.2065 0.5413
vn 0.8094 0.2027 0.5512
vn 0.8320 -0.1080 0.5442
vn 0.9284 -0.2890 0.2337
vn 0.9584 -0.2112 0.1920
vn 0.9252 0.3438 0.1606
vn 0.9636 0.2581 0.0695
vn 0.9745 0.0279 0.2229
vn 0.9383 0.2078 0.2763
vn 0.9004 0.4005 0.1699
vn 0.9887 0.1478 -0.0269
vn 0.9996 0.0282 -0.0020
vn 0.9361 0.3147 0.1569
vn 0.9361 0.3148 0.1569
vn 0.9996 0.0283 -0.0019
vn 0.9886 0.1479 -0.0269
vn 0.9383 0.2079 0.2764
vn 0.9744 0.0280 0.2229
vn 0.9635 0.2583 0.0695
vn 0.9584 -0.2113 0.1919
vn 0.8230 0.4315 0.3695
vn 0.8380 0.3953 0.3762
vn 0.8320 -0.1081 0.5442
vn 0.8294 0.3496 0.4358
vn 0.8093 0.2028 0.5513
vn 0.7598 0.3669 0.5368
vn 0.8150 0.2065 0.5413
vn 0.7369 0.3925 0.5503
vn 0.7414 0.3852 0.5494
vn 0.7364 -0.0456 0.6750
vn 0.7667 0.3623 0.5300
vn 0.5969 0.0591 0.8001
vn 0.5517 0.4746 0.6858
vn 0.2584 0.4199 0.8700
vn 0.7983 -0.3243 0.5075
vn 0.5225 0.1714 0.8352
vn 0.5647 -0.6581 0.4980
vn 0.6607 -0.0634 0.7480
vn 0.3761 -0.5505 0.7453
vn 0.5808 -0.1758 0.7948
vn 0.4703 -0.2950 0.8318
vn 0.5242 -0.2122 0.8248
vn 0.4479 -0.0328 0.8935
vn 0.4979 0.2675 0.8250
vn 0.3117 0.1881 0.9314
vn 0.1001 0.1621 0.9817
vn 0.0704 0.1588 0.9848
vn 0.1158 -0.0492 0.9921
vn -0.2225 -0.4738 0.8521
vn -0.0459 -0.4235 0.9047
vn 0.0580 -0.3729 0.9261
vn 0.0103 -0.3394 0.9406
vn -0.0611 -0.3204 0.9453
vn 0.0858 -0.3932 0.9154
vn 0.9361 0.3147 0.1570
vn -0.9921 0.1129 0.0546
vn 0.9996 0.0282 -0.0019
vn -0.9661 0.2462 -0.0780
vn 0.9886 0.1478 -0.0269
vn -0.9935 0.1116 0.0229
vn 0.9004 0.4006 0.1698
vn -0.9934 -0.0092 0.1142
vn -0.9842 0.1696 -0.0507
vn -0.9808 0.1798 -0.0755
vn 0.9636 0.2583 0.0695
vn -0.9707 0.1997 -0.1335
vn 0.9252 0.3438 0.1608
vn -0.9228 0.3084 -0.2307
vn 0.9584 -0.2113 0.1920
vn -0.8502 0.4199 -0.3175
vn -0.8640 0.4069 -0.2965
vn -0.9822 0.1117 -0.1510
vn 0.8092 0.2029 0.5514
vn -0.9557 0.1371 -0.2603
vn 0.8151 0.2066 0.5413
vn -0.8384 0.3331 -0.4315
vn -0.6850 0.4889 -0.5401
vn 0.7364 -0.0458 0.6750
vn -0.7809 0.3703 -0.5031
vn 0.5969 0.0593 0.8001
vn -0.8532 0.2107 -0.4771
vn 0.6183 -0.1723 0.7668
vn -0.7007 0.3467 -0.6236
vn -0.6361 0.4039 -0.6574
vn 0.5646 -0.6582 0.4980
vn -0.4599 0.5078 -0.7285
vn -0.5999 0.3160 -0.7350
vn 0.4703 -0.2951 0.8317
vn -0.6743 0.1889 -0.7139
vn 0.5241 -0.2122 0.8248
vn -0.4729 0.3763 -0.7967
vn 0.4478 -0.0328 0.8935
vn -0.3910 0.3884 -0.8344
vn 0.4981 0.2673 0.8249
vn -0.3182 0.4053 -0.8570
vn 0.1441 0.2155 0.9658
vn -0.2441 0.4139 -0.8770
vn 0.1843 0.2711 0.9448
vn -0.1586 0.4348 -0.8865
vn 0.0098 0.5306 -0.8476
vn 0.0284 -0.0188 0.9994
vn -0.1519 0.4068 -0.9008
vn 0.1001 0.1622 0.9817
vn -0.2770 0.2956 -0.9143
vn -0.0639 0.4404 -0.8955
vn 0.0977 0.5313 -0.8415
vn -0.2226 -0.4739 0.8520
vn -0.0688 0.4345 -0.8980
vn -0.0460 -0.4235 0.9047
vn -0.1892 0.4326 -0.8815
vn -0.0347 0.4548 -0.8899
vn -0.0178 0.4609 -0.8873
vn -0.0256 0.5437 -0.8389
vn -0.0748 -0.3209 0.9441
vn -0.0152 0.7153 -0.6987
vn -0.0909 -0.4167 0.9045
vn 0.0075 0.7650 -0.6440
vn 0.0292 0.3919 -0.9195
vn -0.0908 -0.4170 0.9044
vn -0.0749 -0.3209 0.9441
vn 0.0783 -0.5152 -0.8535
vn 0.0554 -0.5589 -0.8274
vn 0.0105 -0.3394 0.9406
vn -0.2226 -0.4738 0.8520
vn 0.0282 -0.0187 0.9994
vn 0.1843 0.2713 0.9447
vn 0.1439 0.2157 0.9658
vn 0.4479 -0.0330 0.8935
vn 0.5242 -0.2123 0.8247
vn 0.3761 -0.5506 0.7453
vn 0.5647 -0.6581 0.4981
vn 0.7983 -0.3244 0.5075
vn 0.6183 -0.1725 0.7668
vn 0.7363 -0.0456 0.6751
vn 0.8093 0.2027 0.5513
vn 0.8319 -0.1080 0.5442
vn 0.9283 -0.2891 0.2337
vn 0.9636 0.2582 0.0695
vn 0.9744 0.0279 0.2229
vn 0.9004 0.4006 0.1700
vn -0.0327 -0.4820 0.8756
vn -0.0347 -0.4801 0.8765
vn 0.0205 0.1794 -0.9836
vn -0.0140 0.0807 -0.9966
vn -0.0609 -0.4617 0.8849
vn -0.2577 -0.4427 0.8588
vn 0.0858 -0.7257 0.6826
vn 0.0843 -0.7297 0.6785
vn 0.3765 -0.3828 0.8437
vn 0.2195 -0.5569 0.8010
vn 0.3096 -0.6642 0.6804
vn 0.4251 -0.3968 0.8136
vn 0.3833 -0.2847 0.8786
vn 0.8052 -0.2705 0.5278
vn 0.6143 -0.4870 0.6209
vn 0.7519 -0.4838 0.4479
vn 0.8514 -0.1678 0.4970
vn 0.8498 -0.0575 0.5239
vn 0.9867 -0.1503 0.0616
vn 0.9644 -0.1646 0.2070
vn 0.9971 0.0571 -0.0499
vn 0.9921 -0.0912 -0.0858
vn -0.9581 0.2628 0.1137
vn -0.9511 0.2837 0.1219
vn 0.6410 -0.6241 0.4467
vn 0.7599 -0.5888 0.2756
vn -0.3424 0.8669 -0.3624
vn -0.3292 0.8862 -0.3259
vn -0.4928 0.8102 -0.3174
vn -0.4331 0.8188 -0.3767
vn 0.4824 -0.3783 0.7900
vn -0.4181 0.7147 -0.5607
vn -0.4655 0.8283 -0.3119
vn -0.3648 -0.1735 -0.9148
vn -0.7336 0.3261 -0.5963
vn -0.0372 0.2091 -0.9772
vn -0.0038 0.6267 -0.7792
vn 0.0459 -0.4430 -0.8954
vn 0.1925 -0.0037 -0.9813
vn 0.0681 -0.0656 -0.9955
vn -0.0691 -0.0237 -0.9973
vn -0.9144 0.2214 -0.3389
vn -0.4330 -0.2018 -0.8785
vn -0.5056 0.1189 -0.8546
vn 0.9842 -0.1314 -0.1183
vn 0.9769 -0.1827 -0.1105
vn 0.9623 -0.2665 -0.0550
vn 0.9594 -0.2780 0.0473
vn 0.9594 -0.2779 0.0473
vn 0.9850 -0.1693 0.0329
vn 0.9872 -0.1493 0.0558
vn 0.9767 -0.1746 0.1250
vn 0.9610 -0.2015 0.1894
vn 0.9645 -0.1818 0.1917
vn 0.9834 -0.0221 0.1801
vn 0.9157 -0.0130 0.4017
vn 0.9266 -0.1514 0.3443
vn 0.9266 -0.1513 0.3443
vn 0.8073 -0.1943 0.5572
vn 0.7493 -0.3840 0.5396
vn 0.8033 -0.3520 0.4803
vn 0.8034 -0.3520 0.4802
vn -0.0324 -0.5128 0.8579
vn -0.0145 -0.5160 0.8564
vn -0.0217 -0.5666 0.8237
vn -0.0116 -0.4844 0.8748
vn -0.0695 -0.5048 0.8604
vn -0.0363 -0.4672 0.8834
vn -0.0327 -0.4819 0.8756
vn -0.0102 0.6280 -0.7781
vn -0.0346 -0.4799 0.8766
vn -0.0195 0.6251 -0.7803
vn -0.0202 0.6114 -0.7911
vn -0.0610 -0.4617 0.8849
vn -0.0379 0.5885 -0.8076
vn -0.1044 0.5302 -0.8414
vn -0.1631 0.4837 -0.8599
vn -0.1525 0.4784 -0.8648
vn -0.0750 0.4417 -0.8940
vn 0.0858 -0.7256 0.6827
vn -0.0937 0.4412 -0.8925
vn 0.0843 -0.7298 0.6784
vn -0.1064 0.4315 -0.8958
vn 0.0255 -0.6248 0.7803
vn -0.0161 0.4120 -0.9110
vn -0.0912 0.4602 -0.8831
vn 0.2435 -0.4094 0.8793
vn -0.2287 0.4599 -0.8580
vn -0.2879 0.4331 -0.8541
vn -0.2846 0.4617 -0.8401
vn -0.3154 0.4783 -0.8196
vn 0.4251 -0.3970 0.8135
vn -0.4373 0.4919 -0.7529
vn 0.4775 -0.3815 0.7915
vn -0.4478 0.4954 -0.7444
vn -0.5830 0.4436 -0.6807
vn 0.4346 -0.1795 0.8825
vn -0.5810 0.4138 -0.7008
vn 0.8051 -0.2705 0.5279
vn -0.6903 0.4023 -0.6014
vn 0.6145 -0.4867 0.6209
vn -0.6892 0.3628 -0.6273
vn -0.5950 0.4078 -0.6926
vn -0.7254 0.4430 -0.5268
vn 0.8756 0.0266 0.4823
vn -0.8495 0.4191 -0.3204
vn -0.8375 0.4172 -0.3529
vn 0.7842 -0.4665 0.4092
vn -0.8489 0.3641 -0.3830
vn -0.9473 0.1841 -0.2620
vn -0.9113 0.1644 -0.3775
vn -0.9082 0.2843 -0.3073
vn 0.9933 0.1048 -0.0484
vn -0.9408 0.2962 -0.1651
vn -0.9628 0.2518 -0.0982
vn 0.9598 -0.2242 0.1688
vn -0.9704 0.2269 -0.0824
vn 0.9867 -0.1502 0.0617
vn -0.9662 0.2545 -0.0417
vn 0.9854 -0.1702 0.0041
vn -0.9665 0.2566 0.0001
vn -0.9660 0.2583 0.0113
vn -0.9948 -0.1020 0.0083
vn 0.9971 0.0570 -0.0500
vn 0.0573 0.5907 -0.8049
vn -0.0324 -0.5126 0.8580
vn 0.0472 0.6465 -0.7614
vn -0.0145 -0.5159 0.8565
vn 0.0437 0.7059 -0.7069
vn 0.0060 0.7688 -0.6394
vn -0.0748 0.8159 -0.5733
vn 0.0269 -0.4553 0.8899
vn -0.2481 -0.5250 0.8141
vn -0.2328 0.7446 -0.6256
vn -0.0977 -0.8171 0.5681
vn -0.3148 0.7889 -0.5277
vn -0.3648 -0.1737 -0.9148
vn -0.0373 0.2091 -0.9772
vn -0.4330 -0.2020 -0.8785
vn 0.0409 -0.6778 0.7341
vn -0.5055 0.1185 -0.8547
vn 0.3229 -0.8281 0.4583
vn -0.4601 0.0598 -0.8858
vn 0.2975 -0.8827 0.3637
vn -0.3964 -0.0526 -0.9166
vn 0.2722 -0.8332 0.4813
vn -0.0037 0.2412 -0.9705
vn -0.1513 0.1503 -0.9770
vn 0.1910 -0.6514 0.7343
vn 0.1956 -0.4535 0.8695
vn 0.3467 -0.8391 0.4192
vn -0.0036 0.2413 -0.9705
vn 0.2504 -0.2756 0.9281
vn 0.3477 -0.2630 0.9000
vn 0.4281 -0.6922 0.5810
vn 0.1850 -0.5758 0.7964
vn -0.0298 -0.6982 0.7153
vn 0.0872 -0.4674 0.8797
vn 0.1420 0.9809 0.1327
vn -0.0593 0.8510 -0.5219
vn -0.4797 0.3243 -0.8153
vn -0.3312 -0.5275 0.7823
vn 0.2208 -0.6678 0.7109
vn 0.0459 -0.4430 -0.8953
vn -0.2017 0.0561 -0.9778
vn -0.1316 0.7320 -0.6684
vn -0.0077 0.9411 -0.3379
vn 0.1421 0.9809 0.1327
vn -0.1123 0.7468 -0.6555
vn -0.1600 0.5042 -0.8486
vn 0.0229 -0.6941 0.7195
vn 0.1848 -0.5757 0.7965
vn -0.0702 0.7777 -0.6247
vn 0.2308 -0.3896 -0.8916
vn -0.1515 0.1501 -0.9770
vn 0.2504 -0.2752 0.9282
vn -0.2841 0.2221 -0.9327
vn -0.1893 0.8097 -0.5555
vn -0.3966 -0.0526 -0.9165
vn -0.2750 0.7958 -0.5395
vn -0.3855 0.7258 -0.5697
vn 0.1425 0.8054 -0.5754
vn -0.7893 -0.0074 -0.6139
vn -0.6531 0.6965 -0.2972
vn -0.5633 0.7586 -0.3276
vn -0.6859 0.6847 -0.2464
vn -0.7048 0.6776 -0.2099
vn -0.8189 0.0272 -0.5733
vn -0.6993 0.6934 -0.1739
vn -0.9197 -0.0750 -0.3853
vn -0.6832 0.7217 -0.1115
vn -0.7088 0.7041 -0.0428
vn -0.9466 -0.1556 -0.2825
vn -0.7288 0.6846 -0.0114
vn -0.9444 0.3134 -0.0994
vn -0.9793 -0.1530 -0.1326
vn -0.9376 0.3337 -0.0972
vn -0.8044 -0.5329 -0.2627
vn -0.8982 0.4395 -0.0093
vn -0.9878 0.1404 -0.0676
vn -0.5553 0.8239 0.1134
vn -0.5335 0.8372 0.1204
vn -0.9604 0.1222 0.2503
vn -0.5905 0.7659 0.2544
vn -0.9677 -0.2438 0.0646
vn -0.6926 0.6693 0.2689
vn 0.2363 -0.4929 0.8374
vn 0.2365 -0.4928 0.8374
vn 0.4787 -0.3794 0.7918
vn 0.4823 -0.3784 0.7900
vn 0.4786 -0.3795 0.7918
vn 0.2408 -0.3401 0.9090
vn 0.2504 -0.2754 0.9281
vn 0.1849 -0.5758 0.7964
vn 0.0872 -0.4675 0.8797
vn -0.0977 -0.8172 0.5680
vn -0.0977 -0.8171 0.5682
vn 0.2407 -0.3401 0.9091
vn 0.4786 -0.3794 0.7918
vn 0.7493 -0.3841 0.5395
vn 0.8033 -0.3522 0.4803
vn 0.8073 -0.1944 0.5573
vn 0.9156 -0.0129 0.4018
vn 0.9834 -0.0220 0.1802
vn 0.9645 -0.1819 0.1917
vn -0.7977 0.6010 -0.0504
vn -0.4809 0.8679 0.1246
vn -0.4054 0.8773 0.2569
vn 0.9872 -0.1491 0.0559
vn -0.3047 0.9256 0.2245
vn 0.9595 -0.2779 0.0471
vn 0.9842 -0.1315 -0.1183
vn -0.7704 0.5796 0.2657
vn 0.0067 -0.4919 0.8706
vn -0.2479 -0.5251 0.8141
vn 0.0507 -0.5784 0.8142
vn 0.0516 -0.4606 0.8861
vn -0.2481 -0.5251 0.8141
vn -0.3006 -0.6379 0.7091
vn 0.2677 -0.7738 0.5741
vn 0.0956 -0.1407 0.9854
vn 0.3795 -0.3901 0.8389
vn -0.1496 -0.3412 -0.9280
vn 0.1735 0.3770 0.9098
vn -0.1492 -0.3812 -0.9124
vn 0.6668 0.6939 0.2720
vn 0.2046 0.9313 0.3014
vn 0.7203 0.5468 0.4268
vn 0.9235 -0.3827 -0.0267
vn 0.9786 -0.2049 0.0183
vn 0.9772 -0.1827 0.1077
vn -0.6769 -0.0262 -0.7356
vn -0.6222 0.0191 -0.7826
vn -0.7043 0.0027 -0.7099
vn 0.9684 0.0109 0.2490
vn 0.9438 0.2011 0.2624
vn 0.9372 0.1470 0.3164
vn 0.0024 0.4004 0.9164
vn 0.0121 -0.4747 0.8800
vn 0.6341 0.7248 0.2694
vn -0.9873 -0.1108 -0.1134
vn 0.0427 -0.4818 0.8752
vn 0.0249 0.4093 0.9121
vn 0.0394 0.4056 0.9132
vn 0.0713 -0.4768 0.8761
vn 0.0913 -0.4585 0.8840
vn 0.0602 0.3993 0.9149
vn 0.1226 -0.4517 0.8837
vn 0.0693 0.4047 0.9118
vn 0.1430 -0.4500 0.8815
vn 0.0965 0.4128 0.9057
vn 0.1274 0.3904 0.9118
vn 0.1715 -0.4433 0.8798
vn 0.1478 0.3422 0.9279
vn 0.1885 -0.4157 0.8897
vn 0.2206 -0.4055 0.8871
vn 0.1817 0.1770 0.9673
vn 0.1723 0.3408 0.9242
vn 0.2414 -0.3959 0.8860
vn 0.2605 -0.3929 0.8819
vn 0.1736 0.3769 0.9099
vn 0.1745 0.4307 0.8855
vn 0.2896 -0.3834 0.8770
vn 0.3094 -0.3498 0.8842
vn 0.1795 0.4809 0.8582
vn 0.3249 -0.3208 0.8897
vn 0.1833 0.5245 0.8315
vn 0.1855 0.5682 0.8017
vn 0.3460 -0.3173 0.8830
vn 0.1894 0.6175 0.7634
vn 0.4598 -0.2298 0.8578
vn 0.1767 0.6833 0.7084
vn 0.4346 -0.0562 0.8989
vn 0.1623 0.7344 0.6591
vn 0.4500 -0.0149 0.8929
vn 0.3238 -0.0671 0.9437
vn 0.1790 0.7250 0.6651
vn 0.5320 -0.1811 0.8271
vn 0.2333 0.7073 0.6673
vn 0.5025 0.0031 0.8646
vn 0.2293 0.7174 0.6578
vn 0.5098 -0.0361 0.8595
vn 0.3357 0.6814 0.6504
vn 0.4085 0.6500 0.6408
vn 0.5816 -0.2413 0.7768
vn 0.4398 0.6326 0.6375
vn 0.6831 -0.3100 0.6613
vn 0.4659 0.6151 0.6360
vn 0.7059 -0.2884 0.6470
vn 0.5008 0.6232 0.6006
vn 0.7460 -0.3187 0.5848
vn 0.5192 0.6679 0.5333
vn 0.9025 -0.1066 0.4173
vn 0.4956 0.7051 0.5071
vn 0.8100 -0.1219 0.5736
vn 0.8350 -0.1912 0.5159
vn 0.5518 0.6763 0.4880
vn 0.5455 0.6969 0.4656
vn 0.8905 -0.1777 0.4188
vn 0.9012 -0.1876 0.3908
vn 0.5257 0.7239 0.4468
vn 0.9347 -0.1747 0.3096
vn 0.4910 0.7739 0.4000
vn 0.6945 0.6241 0.3580
vn 0.9548 -0.1593 0.2510
vn 0.6360 0.7007 0.3232
vn 0.9706 -0.1637 0.1764
vn 0.6996 0.6186 0.3576
vn 0.9671 -0.1710 0.1881
vn 0.6606 0.6943 0.2855
vn 0.9557 -0.1935 0.2218
vn -0.0124 0.2746 0.9615
vn 0.0024 0.4004 0.9163
vn -0.1302 -0.5438 0.8290
vn 0.0281 -0.1840 0.9825
vn 0.0218 0.0202 0.9996
vn 0.0280 -0.1839 0.9825
vn 0.0232 -0.1718 0.9849
vn -0.0301 -0.5050 0.8626
vn 0.0065 -0.7819 0.6234
vn 0.0950 0.5242 0.8463
vn -0.1765 0.8472 -0.5011
vn -0.2818 0.9200 -0.2725
vn -0.0301 -0.5049 0.8626
vn -0.0302 0.1752 -0.9841
vn -0.0308 0.1740 -0.9843
vn 0.0281 -0.1838 0.9826
vn -0.0271 0.1765 -0.9839
vn 0.0077 -0.2804 0.9598
vn 0.0280 -0.1838 0.9826
vn -0.0282 0.1759 -0.9840
vn -0.0202 0.3838 0.9232
vn 0.0181 -0.3427 -0.9393
vn -0.0203 0.3839 0.9232
vn 0.0024 0.4003 0.9164
vn 0.0065 -0.4734 -0.8808
vn -0.1301 -0.5439 0.8290
vn -0.0152 -0.7071 0.7069
vn -0.5238 -0.7932 -0.3107
vn 0.9206 -0.1749 0.3492
vn 0.8311 -0.5553 -0.0309
vn -0.7129 -0.6518 -0.2588
vn -0.9873 -0.1109 -0.1134
vn 0.6340 0.7249 0.2694
vn 0.9978 -0.0590 -0.0296
vn -0.6832 -0.6784 -0.2702
vn 0.9949 -0.0530 0.0863
vn -0.6615 -0.7280 -0.1801
vn 0.9035 0.2916 0.3140
vn -0.5331 -0.7784 -0.3314
vn -0.9985 -0.0170 -0.0528
vn 0.6339 0.7249 0.2694
vn -0.9881 -0.0002 -0.1540
vn -0.9803 0.1914 -0.0486
vn 0.9786 0.1465 0.1447
vn -0.8254 0.0116 -0.5645
vn -0.8581 -0.1336 -0.4958
vn -0.8438 0.0956 -0.5281
vn 0.9527 -0.2765 0.1263
vn -0.5780 0.1705 -0.7980
vn 0.9527 -0.2765 0.1265
vn -0.8469 0.2581 -0.4649
vn 0.3043 0.9516 0.0429
vn 0.4529 0.8412 0.2954
vn 0.8876 -0.4606 -0.0009
vn 0.9418 -0.2810 0.1847
vn 0.9527 -0.2765 0.1264
vn 0.9527 -0.2766 0.1263
vn 0.9939 0.0600 0.0924
vn 0.9967 -0.0196 0.0793
vn 0.9786 0.1464 0.1447
vn -0.9803 0.1915 -0.0485
vn 0.9856 0.1097 0.1285
vn 0.9379 0.2647 0.2242
vn -0.9803 0.1914 -0.0485
vn 0.9786 0.1466 0.1447
vn -0.9873 -0.1110 -0.1136
vn 0.7774 0.5783 0.2472
vn 0.8286 0.4878 0.2746
vn 0.9206 -0.1747 0.3492
vn 0.7743 -0.4358 0.4589
vn 0.7686 -0.0839 0.6342
vn 0.6358 0.5424 0.5491
vn 0.6011 0.5335 0.5950
vn 0.7563 -0.2860 0.5884
vn 0.5596 0.5155 0.6489
vn 0.5191 0.6679 0.5333
vn 0.5008 0.6233 0.6006
vn 0.4955 0.7051 0.5072
vn 0.6134 -0.2608 0.7454
vn 0.7585 -0.1243 0.6397
vn 0.4800 0.5547 0.6796
vn 0.4276 0.5397 0.7252
vn 0.6758 -0.4748 0.5638
vn 0.5156 0.5349 0.6693
vn 0.7174 -0.3219 0.6178
vn 0.5359 0.5197 0.6654
vn 0.3903 -0.2534 0.8851
vn 0.3225 0.6329 0.7038
vn 0.2292 0.7175 0.6578
vn -0.0171 0.2216 0.9750
vn 0.0454 0.9200 -0.3894
vn 0.9668 0.0475 0.2511
vn 0.9428 0.2044 0.2633
vn 0.2333 0.7074 0.6672
vn 0.3172 0.5098 0.7997
vn 0.3099 0.4931 0.8129
vn 0.4659 0.6152 0.6360
vn 0.4397 0.6327 0.6375
vn 0.7354 0.6162 0.2819
vn 0.6359 0.7008 0.3232
vn 0.6090 0.7042 0.3650
vn 0.6997 0.6186 0.3574
vn 0.9978 -0.0587 -0.0297
vn 0.9949 -0.0529 0.0863
vn 0.4155 -0.6664 0.6191
vn 0.4546 -0.6460 0.6133
vn 0.2893 0.5411 0.7896
vn 0.5228 -0.4051 0.7500
vn 0.2094 0.5147 0.8314
vn 0.3208 -0.6210 0.7151
vn 0.2125 0.4696 0.8569
vn 0.3272 -0.4821 0.8127
vn 0.2092 0.4383 0.8742
vn 0.2906 -0.2054 0.9345
vn 0.1940 0.3936 0.8986
vn 0.2737 -0.5294 0.8030
vn 0.1913 0.3524 0.9161
vn 0.2525 -0.5422 0.8014
vn 0.1783 0.3158 0.9319
vn 0.1196 -0.4865 0.8655
vn 0.1605 0.2536 0.9539
vn 0.1891 -0.7253 0.6620
vn 0.1748 0.2073 0.9625
vn 0.1851 -0.6528 0.7346
vn 0.1788 0.2879 0.9408
vn 0.0831 -0.9835 0.1608
vn 0.1602 0.2083 0.9649
vn 0.1578 -0.8050 0.5719
vn 0.2150 0.2225 0.9509
vn 0.4064 -0.5754 0.7098
vn 0.1491 -0.8683 0.4731
vn 0.0457 0.3889 0.9201
vn 0.0453 -0.4926 0.8691
vn 0.0802 0.3137 0.9461
vn 0.1335 -0.2314 0.9637
vn 0.0565 0.4145 0.9083
vn 0.0742 0.3944 0.9159
vn 0.0450 -0.9058 0.4214
vn -0.0207 0.3433 0.9390
vn -0.0689 -0.6236 0.7787
vn -0.0188 -0.8226 0.5683
vn 0.0394 -0.5597 0.8278
vn 0.0277 -0.1703 0.9850
vn 0.0737 -0.4720 0.8785
vn 0.0490 -0.1698 0.9843
vn 0.0955 -0.1407 0.9854
vn 0.1003 -0.1714 0.9801
vn 0.3796 -0.3901 0.8389
vn 0.1333 -0.1660 0.9771
vn 0.2173 -0.1270 0.9678
vn 0.1465 -0.1641 0.9755
vn 0.1391 0.1741 0.9749
vn 0.1750 -0.1662 0.9704
vn 0.1902 0.1891 0.9634
vn 0.2363 -0.1715 0.9564
vn 0.2395 0.1497 0.9593
vn 0.2771 -0.1640 0.9467
vn 0.2424 0.1830 0.9528
vn 0.4087 -0.2078 0.8887
vn 0.3339 -0.0545 0.9410
vn 0.2479 -0.1134 0.9621
vn 0.2764 -0.4670 0.8399
vn 0.1277 -0.0274 0.9914
vn 0.2223 -0.3098 0.9245
vn 0.3198 -0.0864 0.9435
vn 0.3411 -0.1178 0.9326
vn 0.3246 -0.0729 0.9430
vn 0.3139 -0.0656 0.9472
vn 0.3325 -0.0649 0.9409
vn 0.3902 -0.2471 0.8869
vn 0.3604 -0.0498 0.9315
vn 0.4083 -0.0223 0.9126
vn 0.3926 -0.0256 0.9193
vn 0.3959 -0.0955 0.9133
vn 0.4082 -0.0008 0.9129
vn 0.5719 -0.5026 0.6483
vn 0.4351 0.0035 0.9004
vn 0.5831 -0.2054 0.7860
vn 0.5485 -0.0424 0.8351
vn 0.5216 0.0789 0.8496
vn 0.4888 0.0034 0.8724
vn 0.4664 0.0059 0.8845
vn 0.4878 0.0710 0.8701
vn 0.6598 0.2117 0.7210
vn 0.6515 0.0562 0.7566
vn 0.5928 0.3215 0.7384
vn 0.6615 0.0531 0.7480
vn 0.6011 0.2775 0.7494
vn 0.6705 0.0502 0.7402
vn 0.6040 -0.3742 0.7036
vn 0.7223 0.0603 0.6890
vn 0.7527 -0.3887 0.5314
vn 0.8299 0.0613 0.5545
vn 0.8810 0.0108 0.4731
vn 0.8679 0.0637 0.4926
vn 0.8654 0.0740 0.4957
vn 0.8678 0.0689 0.4921
vn 0.8875 -0.1230 0.4441
vn 0.8826 0.0087 0.4700
vn 0.8958 0.0938 0.4344
vn 0.8758 0.1785 0.4485
vn 0.9298 0.0578 0.3636
vn 0.9407 0.0831 0.3290
vn 0.9865 -0.0643 0.1507
vn 0.9599 0.0834 0.2676
vn 0.9325 -0.0739 0.3536
vn 0.9628 0.0834 0.2569
vn 0.9660 0.0274 0.2572
vn 0.9638 0.0848 0.2528
vn 0.9668 0.0474 0.2511
vn 0.9685 0.0109 0.2489
vn 0.0394 -0.5596 0.8278
vn -0.0328 0.1728 -0.9844
vn -0.1374 0.8734 -0.4672
vn -0.1161 0.7874 -0.6054
vn 0.0956 -0.1409 0.9854
vn 0.0328 0.5333 -0.8453
vn 0.1477 0.3142 -0.9378
vn 0.2174 -0.1269 0.9678
vn -0.0230 0.4660 -0.8845
vn 0.1389 0.1741 0.9749
vn -0.3080 0.5088 -0.8039
vn 0.1902 0.1892 0.9634
vn -0.2507 0.4279 -0.8684
vn 0.2395 0.1494 0.9593
vn -0.1686 0.5137 -0.8412
vn -0.2113 0.6696 -0.7121
vn 0.3338 -0.0546 0.9411
vn -0.5851 0.6842 -0.4353
vn 0.2764 -0.4669 0.8400
vn -0.6685 0.5157 -0.5359
vn 0.2222 -0.3096 0.9245
vn -0.4922 0.5194 -0.6986
vn 0.3412 -0.1178 0.9326
vn -0.3309 0.6094 -0.7205
vn 0.3140 -0.0656 0.9472
vn -0.3943 0.6222 -0.6764
vn 0.3902 -0.2470 0.8870
vn -0.3467 0.5681 -0.7464
vn -0.1728 0.6276 -0.7591
vn 0.3958 -0.0955 0.9134
vn -0.2180 0.6326 -0.7432
vn -0.4479 0.5722 -0.6870
vn -0.7835 0.3795 -0.4920
vn 0.5216 0.0789 0.8495
vn -0.5788 0.1465 -0.8022
vn 0.4664 0.0058 0.8846
vn -0.3446 0.1159 -0.9316
vn 0.6598 0.2116 0.7210
vn -0.5817 0.3152 -0.7498
vn 0.5928 0.3214 0.7384
vn -0.7077 0.5852 -0.3959
vn 0.6013 0.2774 0.7494
vn -0.6503 0.7456 -0.1454
vn 0.6041 -0.3742 0.7036
vn -0.6739 0.7045 -0.2226
vn 0.7528 -0.3884 0.5315
vn -0.8019 0.5945 -0.0591
vn 0.8810 0.0106 0.4729
vn -0.7771 0.5717 -0.2633
vn 0.8654 0.0738 0.4956
vn -0.8071 0.5334 -0.2531
vn -0.8989 0.3804 -0.2174
vn -0.9361 0.2208 -0.2739
vn 0.9297 0.0579 0.3637
vn -0.9308 0.2689 -0.2476
vn 0.9865 -0.0640 0.1509
vn -0.9222 0.3401 -0.1839
vn 0.9325 -0.0738 0.3536
vn -0.9128 0.3908 -0.1190
vn 0.9660 0.0275 0.2572
vn 0.0321 -0.1920 0.9809
vn -0.1283 0.2300 -0.9647
vn -0.0590 0.1726 -0.9832
vn 0.0580 -0.2019 0.9777
vn -0.0914 0.2010 -0.9753
vn 0.1105 -0.2199 0.9692
vn -0.1306 0.2492 -0.9596
vn 0.1326 -0.2145 0.9677
vn -0.0930 0.1977 -0.9758
vn 0.1467 -0.2094 0.9668
vn -0.2187 0.2508 -0.9430
vn 0.1737 -0.1965 0.9650
vn -0.2228 0.2866 -0.9318
vn 0.2324 -0.1833 0.9552
vn -0.2496 0.2702 -0.9299
vn 0.2492 -0.1428 0.9579
vn -0.2794 0.2707 -0.9212
vn 0.3156 -0.0084 0.9489
vn -0.2699 0.2600 -0.9271
vn 0.1455 0.1064 0.9836
vn -0.2797 0.2205 -0.9344
vn 0.2817 -0.0868 0.9556
vn -0.3472 0.1490 -0.9259
vn 0.3071 -0.0715 0.9490
vn -0.3324 0.0736 -0.9403
vn 0.3229 -0.0755 0.9434
vn -0.3254 0.0637 -0.9434
vn 0.3289 -0.0752 0.9414
vn -0.3466 0.0341 -0.9374
vn 0.3534 -0.0611 0.9335
vn -0.3752 -0.0461 -0.9258
vn 0.4354 -0.1734 0.8834
vn -0.3926 -0.0542 -0.9181
vn 0.4222 -0.2249 0.8781
vn -0.4394 -0.0343 -0.8976
vn 0.4532 -0.2215 0.8635
vn -0.2072 -0.0407 -0.9774
vn 0.4480 0.0164 0.8939
vn -0.4490 -0.0210 -0.8933
vn 0.4763 0.0054 0.8793
vn -0.7413 -0.0417 -0.6699
vn 0.5779 -0.0862 0.8115
vn -0.7103 0.0285 -0.7033
vn 0.6642 0.0532 0.7456
vn -0.6904 0.0812 -0.7188
vn 0.6788 0.0290 0.7337
vn -0.7161 0.0376 -0.6970
vn 0.6784 0.0117 0.7346
vn -0.6584 -0.0603 -0.7503
vn 0.8123 -0.0764 0.5782
vn -0.8290 -0.0816 -0.5533
vn 0.8419 -0.1256 0.5249
vn -0.8695 -0.1033 -0.4830
vn 0.8740 0.0006 0.4859
vn -0.8656 -0.0715 -0.4956
vn 0.8777 0.0037 0.4793
vn -0.8669 -0.0761 -0.4927
vn 0.8649 0.0892 0.4940
vn -0.8899 -0.0767 -0.4496
vn 0.9193 -0.0488 0.3905
vn -0.9466 -0.0729 -0.3139
vn 0.9598 0.0087 0.2807
vn -0.9613 -0.0784 -0.2643
vn 0.9676 0.0138 0.2523
vn -0.9596 -0.0786 -0.2701
vn 0.9684 0.0110 0.2490
vn -0.9587 -0.0831 -0.2719
vn 0.0249 0.4093 0.9120
vn -0.0733 0.1756 -0.9817
vn 0.0394 0.4057 0.9132
vn -0.0226 0.1245 -0.9920
vn 0.0602 0.3994 0.9148
vn -0.0944 0.2260 -0.9695
vn 0.0693 0.4048 0.9118
vn -0.1835 0.2370 -0.9540
vn -0.1871 0.1684 -0.9678
vn 0.1275 0.3904 0.9118
vn -0.2150 0.1699 -0.9617
vn 0.1478 0.3423 0.9279
vn -0.2419 0.1611 -0.9568
vn 0.1818 0.1770 0.9673
vn -0.2524 0.1338 -0.9583
vn 0.1723 0.3409 0.9242
vn -0.2247 0.1174 -0.9673
vn 0.1736 0.3770 0.9098
vn -0.2581 0.1093 -0.9599
vn 0.1743 0.4306 0.8855
vn -0.3101 0.0838 -0.9470
vn -0.3184 0.0670 -0.9456
vn 0.1832 0.5245 0.8315
vn -0.3000 0.0581 -0.9522
vn 0.1854 0.5682 0.8017
vn -0.1306 0.0137 -0.9913
vn 0.1893 0.6176 0.7634
vn -0.1927 0.0329 -0.9807
vn 0.1766 0.6833 0.7085
vn -0.4147 0.0800 -0.9064
vn 0.1622 0.7343 0.6592
vn -0.6241 0.1067 -0.7740
vn 0.1791 0.7249 0.6651
vn -0.4107 0.0633 -0.9096
vn 0.2334 0.7073 0.6673
vn -0.3558 0.0804 -0.9311
vn 0.2292 0.7173 0.6580
vn -0.7668 0.1308 -0.6284
vn 0.4084 0.6500 0.6408
vn -0.8112 -0.1391 -0.5680
vn 0.4396 0.6326 0.6376
vn -0.6773 -0.0241 -0.7353
vn 0.5007 0.6234 0.6006
vn 0.5190 0.6679 0.5333
vn -0.8634 -0.0083 -0.5045
vn -0.9405 -0.0459 -0.3366
vn 0.5518 0.6763 0.4879
vn -0.8632 -0.0727 -0.4996
vn -0.8644 -0.0741 -0.4973
vn 0.5256 0.7239 0.4468
vn -0.9082 -0.0866 -0.4095
vn 0.4908 0.7740 0.4000
vn -0.9549 -0.0908 -0.2828
vn -0.9620 -0.0835 -0.2601
vn 0.6359 0.7008 0.3233
vn -0.9613 -0.0792 -0.2638
vn 0.6997 0.6185 0.3576
vn -0.9622 -0.0482 -0.2681
vn 0.6605 0.6944 0.2856
vn 0.9265 0.1997 0.3188
vn 0.9190 0.1809 0.3504
vn 0.8687 0.1757 0.4631
vn 0.8447 0.2033 0.4951
vn 0.8315 0.2148 0.5124
vn 0.7742 0.0812 0.6277
vn 0.8368 0.1198 0.5342
vn 0.7741 0.2236 0.5922
vn 0.6424 0.2049 0.7384
vn 0.6431 0.2229 0.7326
vn 0.5425 0.1054 0.8334
vn 0.4493 0.0389 0.8925
vn 0.6079 -0.0102 0.7939
vn 0.3994 0.0839 0.9129
vn 0.3143 0.0855 0.9455
vn 0.4187 0.0532 0.9066
vn 0.4709 0.0596 0.8802
vn 0.4309 0.0890 0.8980
vn 0.2945 0.1546 0.9431
vn 0.2930 0.1468 0.9448
vn 0.2823 0.1367 0.9495
vn 0.2502 0.1373 0.9584
vn 0.2215 0.1427 0.9647
vn 0.2130 0.1367 0.9674
vn 0.1998 0.1211 0.9723
vn 0.1859 0.0862 0.9788
vn 0.1557 0.0646 0.9857
vn 0.1185 0.0637 0.9909
vn 0.1105 0.0479 0.9927
vn 0.0889 0.0289 0.9956
vn 0.0615 0.0215 0.9979
vn 0.0270 0.0336 0.9991
vn -0.0688 -0.6236 0.7787
vn 0.2202 -0.4587 -0.8609
vn -0.2990 -0.4188 -0.8574
vn -0.0776 -0.4127 -0.9075
vn -0.0446 0.1920 -0.9804
vn 0.0249 0.4094 0.9120
vn 0.1491 -0.8682 0.4732
vn 0.1695 -0.4458 -0.8790
vn -0.3864 -0.4004 -0.8309
vn 0.4065 -0.5754 0.7097
vn -0.1694 -0.3287 -0.9291
vn 0.0692 0.4047 0.9118
vn 0.0829 -0.9835 0.1607
vn 0.1578 -0.8049 0.5720
vn 0.0214 -0.3068 -0.9515
vn 0.1723 0.3410 0.9241
vn -0.3552 -0.3287 -0.8751
vn 0.1852 -0.6529 0.7345
vn 0.1478 0.3424 0.9279
vn 0.2525 -0.5420 0.8015
vn 0.1196 -0.4865 0.8654
vn -0.1777 -0.4328 -0.8838
vn -0.1844 -0.4698 -0.8633
vn -0.1613 -0.5099 -0.8450
vn -0.1731 -0.5426 -0.8219
vn 0.3272 -0.4822 0.8127
vn -0.1700 -0.5475 -0.8193
vn 0.3207 -0.6210 0.7152
vn -0.2255 -0.4437 -0.8673
vn -0.1630 -0.7053 -0.6899
vn 0.5229 -0.4051 0.7500
vn -0.3043 -0.5636 -0.7679
vn 0.4547 -0.6459 0.6133
vn -0.3043 -0.5449 -0.7813
vn -0.3192 -0.5740 -0.7541
vn 0.3904 -0.2534 0.8851
vn -0.3895 -0.6210 -0.6802
vn 0.6134 -0.2610 0.7454
vn -0.4355 -0.6510 -0.6217
vn -0.4519 -0.6428 -0.6186
vn -0.4450 -0.6114 -0.6544
vn -0.5218 -0.5526 -0.6499
vn 0.7742 -0.4358 0.4591
vn -0.5925 -0.5868 -0.5519
vn -0.5965 -0.6112 -0.5202
vn 0.7679 -0.5381 0.3476
vn -0.6742 -0.5232 -0.5212
vn -0.5789 -0.6539 -0.4872
vn 0.8824 -0.1710 0.4382
vn -0.5981 -0.6551 -0.4617
vn 0.9274 0.0523 0.3704
vn -0.6010 -0.6891 -0.4049
vn 0.9092 -0.2651 0.3212
vn -0.4892 -0.7461 -0.4517
vn 0.9256 -0.0193 0.3781
vn 0.9255 -0.0193 0.3781
vn 0.9036 0.2915 0.3139
vn 0.6528 0.6041 0.4571
vn 0.6380 0.5901 0.4947
vn 0.9092 -0.2651 0.3210
vn 0.8825 -0.1708 0.4382
vn 0.9068 0.0423 0.4195
vn 0.3918 0.8723 0.2926
vn 0.8765 0.4441 0.1858
vn 0.1098 0.9310 0.3481
vn -0.0640 0.9689 0.2389
vn 0.3679 0.8362 0.4068
vn 0.0664 0.9581 0.2787
vn 0.4206 0.7709 0.4784
vn 0.7337 -0.4467 0.5121
vn 0.1267 -0.7271 0.6747
vn -0.1836 -0.8937 -0.4093
vn -0.3460 -0.7016 -0.6230
vn 0.3078 -0.6962 -0.6486
vn -0.8395 0.5008 -0.2109
vn -0.5401 -0.7254 -0.4267
vn 0.6588 -0.7065 0.2583
vn 0.7389 -0.2394 0.6298
vn 0.1156 0.8295 0.5464
vn -0.0575 0.9753 0.2135
vn 0.1081 0.8166 0.5670
vn -0.0698 0.9829 0.1704
vn -0.0942 0.8797 0.4661
vn 0.1459 -0.6114 0.7778
vn -0.0277 -0.9988 -0.0411
vn -0.0780 -0.7835 -0.6165
vn -0.1119 -0.5950 -0.7959
vn -0.0662 -0.8565 -0.5119
vn -0.1236 -0.5418 -0.8314
vn -0.0267 -0.8376 -0.5456
vn 0.4246 -0.6763 0.6019
vn 0.5334 -0.1038 0.8395
vn 0.0777 0.3630 0.9285
vn 0.0473 0.3903 0.9195
vn 0.8794 -0.3307 0.3425
vn 0.9865 -0.0642 0.1507
vn 0.9795 -0.1779 0.0948
vn 0.9652 -0.0147 0.2611
vn 0.8409 -0.4522 0.2973
vn 0.8782 -0.2645 0.3984
vn 0.5983 -0.7999 -0.0472
vn 0.7194 -0.6341 0.2835
vn 0.7527 -0.3886 0.5314
vn 0.6040 -0.3744 0.7036
vn 0.3735 -0.6292 0.6816
vn 0.4880 -0.6833 0.5431
vn 0.8281 -0.3450 0.4419
vn 0.6240 -0.2743 0.7317
vn 0.8810 0.0107 0.4730
vn 0.5256 -0.8507 0.0099
vn 0.8654 0.0739 0.4956
vn 0.5512 -0.8291 0.0931
vn 0.8875 -0.1230 0.4440
vn 0.5679 -0.8190 0.0817
vn 0.8959 0.0938 0.4343
vn 0.6291 -0.7772 0.0150
vn 0.9298 0.0579 0.3636
vn 0.6619 -0.7494 0.0139
vn 0.5783 -0.5805 0.5732
vn 0.3633 -0.7036 0.6107
vn 0.4278 -0.2845 0.8579
vn 0.4055 -0.5300 0.7448
vn 0.2517 -0.2561 0.9333
vn 0.5216 0.0787 0.8496
vn 0.2820 -0.3408 0.8968
vn 0.4664 0.0058 0.8845
vn 0.7525 -0.3010 0.5858
vn 0.6599 0.2115 0.7210
vn 0.8269 0.0060 0.5623
vn 0.6777 -0.0505 0.7336
vn 0.6012 0.2772 0.7495
vn 0.6420 -0.0793 0.7626
vn 0.2138 -0.5230 0.8251
vn -0.0327 -0.7435 0.6679
vn 0.0944 -0.8417 0.5316
vn 0.3037 -0.5733 0.7610
vn 0.2689 -0.8055 0.5281
vn 0.2055 -0.8907 0.4055
vn 0.3140 -0.0657 0.9472
vn 0.2106 -0.8866 0.4118
vn 0.3903 -0.2470 0.8869
vn 0.3259 -0.8721 0.3650
vn 0.4083 -0.0224 0.9126
vn 0.3711 -0.8487 0.3769
vn 0.2125 -0.9079 0.3613
vn 0.1908 -0.5745 0.7960
vn 0.2174 -0.1270 0.9678
vn 0.1723 -0.8198 0.5461
vn 0.1390 0.1741 0.9749
vn 0.1683 -0.2501 0.9535
vn 0.1902 0.1890 0.9634
vn 0.3026 -0.2540 0.9186
vn 0.2395 0.1495 0.9593
vn 0.2825 -0.1664 0.9447
vn 0.2424 0.1829 0.9528
vn 0.2627 -0.2067 0.9425
vn 0.3339 -0.0546 0.9410
vn 0.2301 -0.2464 0.9415
vn 0.0580 -0.2020 0.9777
vn 0.1326 -0.2146 0.9677
vn 0.1737 -0.1966 0.9650
vn 0.1455 0.1065 0.9836
vn 0.2816 -0.0869 0.9556
vn 0.3289 -0.0751 0.9414
vn 0.3534 -0.0610 0.9335
vn 0.4222 -0.2248 0.8782
vn 0.4480 0.0165 0.8939
vn 0.4764 0.0054 0.8792
vn 0.6642 0.0533 0.7457
vn 0.8124 -0.0765 0.5781
vn 0.8740 0.0005 0.4859
vn 0.8777 0.0037 0.4792
vn 0.8649 0.0893 0.4940
vn 0.9598 0.0086 0.2807
vn 0.9676 0.0137 0.2522
vn 0.0321 -0.1921 0.9808
vn 0.1454 0.1064 0.9836
vn 0.4354 -0.1735 0.8834
vn 0.4222 -0.2250 0.8781
vn 0.4532 -0.2217 0.8634
vn 0.4481 0.0164 0.8938
vn 0.5779 -0.0863 0.8115
vn 0.8123 -0.0766 0.5782
vn 0.8777 0.0035 0.4793
vn 0.9193 -0.0489 0.3905
vn 0.9598 0.0085 0.2807
vn 0.0965 0.4129 0.9057
vn 0.1478 0.3424 0.9278
vn 0.1818 0.1771 0.9673
vn 0.1743 0.4307 0.8855
vn 0.1794 0.4810 0.8582
vn 0.1854 0.5683 0.8017
vn 0.1892 0.6176 0.7634
vn 0.1766 0.6834 0.7084
vn 0.3795 -0.3901 0.8390
vn 0.2424 0.1828 0.9528
vn 0.2223 -0.3097 0.9245
vn 0.5719 -0.5025 0.6484
vn 0.5830 -0.2054 0.7861
vn 0.5215 0.0790 0.8496
vn 0.4665 0.0058 0.8845
vn 0.5928 0.3213 0.7384
vn 0.6012 0.2773 0.7495
vn 0.6040 -0.3742 0.7037
vn 0.7527 -0.3887 0.5315
vn 0.8809 0.0108 0.4731
vn 0.8875 -0.1229 0.4441
vn 0.8958 0.0939 0.4344
vn 0.1104 -0.2199 0.9693
vn 0.2493 -0.1427 0.9579
vn 0.3155 -0.0086 0.9489
vn 0.1455 0.1062 0.9836
vn 0.2816 -0.0868 0.9556
vn 0.3071 -0.0716 0.9490
vn 0.3288 -0.0751 0.9414
vn 0.4532 -0.2216 0.8634
vn 0.4481 0.0165 0.8938
vn 0.4763 0.0056 0.8793
vn 0.8123 -0.0765 0.5782
vn 0.8419 -0.1255 0.5249
vn 0.9193 -0.0487 0.3905
vn 0.1743 0.4308 0.8855
vn 0.1831 0.5245 0.8315
vn 0.1622 0.7344 0.6591
vn 0.4397 0.6326 0.6375
vn 0.4659 0.6151 0.6361
vn 0.4955 0.7052 0.5072
vn 0.5518 0.6764 0.4879
vn 0.5454 0.6970 0.4656
vn 0.4910 0.7739 0.4001
vn 0.6945 0.6242 0.3579
vn 0.1891 -0.7252 0.6621
vn 0.6793 0.5009 0.5363
vn 0.7680 -0.5380 0.3476
vn -0.9826 -0.1842 -0.0235
vn -0.9740 -0.1857 -0.1299
vn -0.9651 -0.2610 -0.0219
vn -0.9648 -0.2561 -0.0595
vn -0.9373 -0.2956 -0.1846
vn 0.9622 0.0003 0.2724
vn 0.9455 0.0076 0.3255
vn 0.9915 0.1278 0.0227
vn 0.7585 -0.1242 0.6397
vn 0.7603 0.1154 0.6392
vn 0.7973 0.4660 0.3836
vn 0.9800 0.1920 0.0519
vn 0.4313 0.1094 0.8955
vn 0.0286 0.0850 0.9960
vn 0.3485 0.2908 0.8910
vn 0.9206 -0.1748 0.3492
vn 0.9517 -0.0123 0.3067
vn 0.5687 0.1679 0.8052
vn 0.9743 0.1141 0.1942
vn 0.3727 0.0294 0.9275
vn 0.8058 0.1226 0.5793
vn 0.4682 -0.0386 0.8828
vn 0.6724 0.1603 0.7226
vn 0.6042 0.1957 0.7724
vn 0.7852 0.0500 0.6172
vn 0.6706 0.4054 0.6212
vn 0.8529 0.2484 0.4592
vn 0.9525 0.0891 0.2912
vn 0.9766 -0.0822 0.1988
vn 0.9300 -0.1400 0.3398
vn 0.9895 0.1408 0.0339
vn 0.9861 0.1361 -0.0952
vn 0.9589 0.2191 -0.1803
vn 0.9594 0.2338 -0.1576
vn 0.9725 0.1394 0.1866
vn 0.9290 0.0794 0.3614
vn 0.8880 0.0551 0.4565
vn 0.9007 0.0708 0.4286
vn 0.8488 0.0781 0.5229
vn 0.8591 0.0857 0.5046
vn 0.8310 0.0549 0.5535
vn 0.8215 0.0874 0.5635
vn 0.8047 0.0036 0.5937
vn 0.8430 -0.0742 0.5328
vn 0.8275 -0.1070 0.5512
vn 0.8379 -0.1224 0.5320
vn 0.7074 0.0758 0.7027
vn 0.8084 -0.0396 0.5873
vn 0.5386 0.1047 0.8360
vn 0.6050 0.1129 0.7882
vn 0.3542 0.0023 0.9352
vn 0.4311 0.0035 0.9023
vn 0.1469 0.0709 0.9866
vn 0.1797 0.0353 0.9831
vn -0.0477 -0.0270 0.9985
vn -0.0601 -0.0090 0.9982
vn -0.2462 -0.0655 0.9670
vn -0.2148 -0.0428 0.9757
vn -0.3906 -0.0356 0.9199
vn -0.4265 -0.0507 0.9031
vn -0.5909 -0.0962 0.8010
vn -0.5682 -0.0755 0.8194
vn -0.6983 -0.1122 0.7069
vn -0.7029 -0.1376 0.6979
vn -0.7898 -0.1504 0.5946
vn -0.8086 -0.1791 0.5604
vn -0.8789 -0.2304 0.4177
vn -0.8760 -0.2089 0.4348
vn -0.9163 -0.2869 0.2793
vn -0.9325 -0.2925 0.2118
vn -0.9685 -0.2319 0.0911
vn -0.9747 -0.2108 0.0748
vn -0.9415 -0.2724 -0.1984
vn -0.9458 -0.2585 -0.1964
vn -0.9340 -0.3120 -0.1742
vn 0.9929 -0.0423 -0.1111
vn 0.9821 -0.0156 -0.1875
vn 0.9650 0.1465 -0.2176
vn 0.9870 0.1576 0.0318
vn 0.6504 -0.0468 0.7581
vn 0.4203 -0.0290 0.9069
vn 0.2102 -0.0555 0.9761
vn 0.1224 -0.0380 0.9918
vn 0.0028 -0.1086 0.9941
vn -0.1670 -0.1132 0.9794
vn -0.2532 -0.1201 0.9599
vn -0.4316 -0.0883 0.8977
vn -0.5634 -0.1767 0.8071
vn -0.7070 -0.1983 0.6789
vn -0.8258 -0.1760 0.5358
vn -0.8463 -0.2487 0.4711
vn -0.9443 -0.2558 0.2069
vn -0.9748 -0.2077 0.0810
vn -0.0148 -0.1320 0.9911
vn 0.8516 -0.0232 0.5237
vn 0.9458 0.1046 0.3074
vn -0.1302 -0.5439 0.8290
vn -0.0243 -0.0845 0.9961
vn 0.4682 0.2084 0.8587
vn 0.6134 -0.2609 0.7454
vn 0.4280 -0.1993 0.8815
vn 0.5616 0.1418 0.8151
vn 0.7742 -0.4358 0.4589
vn 0.7685 -0.0839 0.6343
vn 0.6732 0.4842 0.5589
vn 0.7279 -0.0615 0.6829
vn 0.6409 -0.3004 0.7064
vn 0.7357 -0.1164 0.6672
vn 0.1007 -0.5182 0.8493
vn 0.3679 -0.2309 0.9007
vn -0.3210 -0.2638 0.9096
vn 0.2446 -0.1613 0.9561
vn -0.1735 -0.1119 0.9785
vn 0.2167 -0.0131 0.9761
vn -0.9832 -0.1266 -0.1312
vn -0.9848 -0.1723 -0.0221
vn -0.1061 -0.1717 0.9794
vn -0.1097 -0.2007 0.9735
vn -0.1053 -0.2108 0.9718
vn 0.4155 -0.6663 0.6192
vn 0.4547 -0.6458 0.6133
vn 0.5301 -0.0292 0.8474
vn 0.3208 -0.6209 0.7152
vn 0.1988 0.0915 0.9758
vn 0.2737 -0.5295 0.8030
vn -0.0368 -0.1092 0.9933
vn 0.1851 -0.6527 0.7346
vn 0.1442 -0.0137 0.9895
vn 0.6683 0.0696 0.7406
vn 0.6282 0.1110 0.7701
vn 0.6557 0.3433 0.6724
vn 0.5567 0.0257 0.8303
vn 0.7574 0.1845 0.6263
vn 0.9036 0.2916 0.3139
vn 0.5667 -0.0727 0.8207
vn 0.1456 -0.0169 0.9892
vn -0.1297 -0.0319 0.9910
vn 0.2057 -0.3013 0.9311
vn 0.2248 -0.1514 0.9626
vn 0.3844 -0.1380 0.9128
vn 0.3949 -0.1569 0.9052
vn 0.9991 0.0299 -0.0308
vn 0.9816 0.1847 0.0486
vn 0.9969 0.0780 0.0091
vn 0.9600 0.2329 0.1553
vn 0.9585 0.1975 0.2056
vn 0.9030 0.0744 0.4231
vn 0.8787 0.0985 0.4672
vn 0.6915 0.0684 0.7191
vn 0.8495 0.1405 0.5086
vn 0.9926 0.0485 0.1114
vn 0.8205 -0.0841 0.5654
vn 0.8787 -0.0418 0.4755
vn 0.8925 -0.0456 0.4488
vn 0.9140 -0.0539 0.4022
vn 0.9366 -0.0624 0.3448
vn 0.2011 -0.1166 0.9726
vn 0.3432 -0.0367 0.9385
vn 0.5434 -0.0424 0.8384
vn 0.7075 -0.0809 0.7020
vn 0.7583 -0.0593 0.6492
vn 0.8429 -0.0492 0.5358
vn 0.8718 -0.0153 0.4895
vn 0.8756 0.0130 0.4828
vn 0.8733 0.0270 0.4865
vn 0.8896 0.0852 0.4488
vn 0.9417 0.1404 0.3058
vn 0.9881 0.0898 0.1249
vn 0.9969 0.0395 0.0675
vn 0.9802 0.0995 0.1711
vn -0.3154 -0.0610 0.9470
vn -0.9812 -0.1727 0.0860
vn -0.9315 -0.1923 0.3086
vn -0.8357 -0.1852 0.5170
vn -0.7941 -0.1516 0.5885
vn -0.7055 -0.1865 0.6838
vn -0.5383 -0.2075 0.8168
vn -0.3794 -0.0915 0.9207
vn -0.9991 0.0134 -0.0408
vn -0.9933 -0.0175 -0.1144
vn -0.9958 0.0867 0.0286
vn -0.9806 -0.0318 0.1933
vn 0.0450 -0.9057 0.4214
vn -0.0690 -0.6236 0.7787
vn 0.1492 -0.8683 0.4731
vn 0.0452 -0.4926 0.8691
vn 0.0831 -0.9835 0.1607
vn 0.8825 -0.1710 0.4381
vn 0.9274 0.0523 0.3703
vn -0.9895 -0.1100 -0.0939
vn -0.9741 -0.0988 -0.2032
vn -0.9753 -0.1369 -0.1733
vn -0.9895 -0.1444 0.0103
vn -0.6841 -0.0162 0.7292
vn -0.1542 -0.4798 0.8637
vn 0.2228 -0.3596 0.9061
vn 0.2800 -0.4142 0.8660
vn -0.1094 -0.2165 0.9701
vn 0.0847 -0.2680 0.9597
vn 0.7470 0.1211 0.6537
vn 0.0763 0.1863 0.9795
vn -0.5069 0.2557 0.8232
vn -0.1776 0.2037 0.9628
vn 0.8614 -0.0449 0.5060
vn -0.1697 0.2417 0.9554
vn -0.0660 0.1729 0.9827
vn 0.9407 -0.0935 0.3260
vn 0.9836 -0.1077 0.1449
vn 0.9625 -0.2681 0.0422
vn 0.8541 -0.0462 0.5181
vn 0.9911 -0.1150 0.0672
vn 0.1508 0.1700 0.9738
vn 0.3800 0.0689 0.9224
vn -0.1727 0.2923 0.9406
vn -0.2008 0.4084 0.8904
vn -0.1961 0.3380 0.9205
vn 0.2664 0.1018 0.9585
vn 0.5345 0.2953 0.7919
vn 0.6553 0.1307 0.7440
vn 0.1101 0.2853 0.9521
vn -0.0031 -0.4509 0.8926
vn 0.9927 -0.0111 -0.1200
vn 0.9308 0.2233 0.2894
vn 0.9522 0.1655 0.2567
vn 0.9624 0.1926 0.1917
vn 0.9647 0.2105 0.1581
vn -0.9831 -0.1353 0.1231
vn 0.0566 0.0245 0.9981
vn 0.3589 -0.2348 0.9034
vn -0.9130 -0.0980 0.3961
vn -0.8330 -0.1285 0.5382
vn -0.7836 -0.1028 0.6127
vn 0.4159 -0.2295 0.8800
vn -0.7222 -0.1204 0.6811
vn -0.4924 -0.1541 0.8566
vn -0.2643 -0.1142 0.9577
vn 0.5870 -0.1938 0.7861
vn 0.9492 0.2279 0.2171
vn 0.9504 0.2194 0.2203
vn 0.9990 0.0443 -0.0104
vn -0.3413 -0.0160 0.9398
vn 0.2482 -0.0647 0.9665
vn -0.2022 0.0240 0.9790
vn 0.1292 -0.1667 0.9775
vn -0.8936 -0.2055 0.3990
vn -0.9970 0.0280 -0.0719
vn -0.3174 -0.1761 0.9318
vn 0.8391 -0.0884 0.5368
vn 0.0593 0.2888 0.9555
vn -0.9993 0.0374 0.0034
vn -0.8806 -0.0637 0.4696
vn -0.9837 0.0588 0.1700
vn -0.9763 0.0768 0.2021
vn -0.1416 -0.1969 0.9701
vn 0.8826 0.1652 0.4402
vn 0.4374 -0.2443 0.8654
vn 0.4232 -0.2662 0.8661
vn -0.6276 0.2361 0.7418
vn -0.7146 0.2328 0.6597
vn -0.0919 0.2356 0.9675
vn -0.2039 0.3040 0.9306
vn 0.5686 0.1368 0.8111
vn 0.8522 0.1087 0.5118
vn 0.8747 0.0867 0.4769
vn 0.8953 0.1102 0.4315
vn 0.8266 0.1280 0.5480
vn 0.8187 0.1154 0.5625
vn 0.8259 0.0982 0.5552
vn 0.8307 0.0904 0.5494
vn 0.8272 0.0869 0.5551
vn 0.7950 0.0556 0.6041
vn 0.7262 -0.0121 0.6873
vn 0.6013 -0.0071 0.7990
vn 0.4577 -0.0167 0.8889
vn 0.3928 -0.0739 0.9167
vn 0.1921 -0.0790 0.9782
vn -0.1045 -0.0602 0.9927
vn 0.6861 -0.0042 0.7275
vn 0.4799 0.1677 0.8611
vn 0.9807 -0.1943 0.0239
vn 0.9278 -0.1679 0.3331
vn 0.0132 0.1573 0.9875
vn 0.9943 -0.0757 0.0745
vn 0.9957 -0.0884 -0.0274
vn 0.9134 0.1165 0.3901
vn -0.8055 0.0905 0.5856
vn -0.8106 0.2242 0.5409
vn 0.3373 -0.3356 0.8795
vn -0.2089 -0.2005 0.9572
vn -0.9931 -0.0900 0.0750
vn -0.7033 -0.0701 0.7074
vn 0.3851 -0.2617 0.8850
vn -0.9688 0.1241 0.2147
vn -0.9709 -0.0846 0.2241
vn 0.4479 -0.2369 0.8621
vn -0.1062 -0.1856 0.9769
vn 0.9948 -0.0161 -0.1004
vn 0.9331 0.1040 0.3443
vn 0.9412 0.1105 0.3194
vn 0.9352 0.1535 0.3191
vn 0.9298 0.1698 0.3264
vn 0.9233 0.1955 0.3307
vn 0.9266 0.2053 0.3150
vn 0.9766 0.1403 0.1629
vn 0.9855 -0.0854 -0.1466
vn -0.8943 -0.0584 0.4437
vn -0.8305 -0.1090 0.5463
vn -0.7628 -0.0691 0.6429
vn -0.7398 -0.0557 0.6705
vn -0.4892 -0.1400 0.8608
vn -0.2172 -0.1366 0.9665
vn -0.2546 -0.0369 0.9663
vn -0.6062 0.2749 0.7463
vn 0.3969 0.1479 0.9059
vn -0.8054 0.0443 0.5911
vn -0.0158 0.0032 0.9999
vn 0.5873 -0.2137 0.7806
vn 0.3879 -0.1503 0.9094
vn -0.3148 -0.0925 0.9446
vn 0.9884 -0.0987 0.1154
vn -0.2321 0.0637 0.9706
vn -0.3681 0.1028 0.9241
vn -0.9843 -0.0443 0.1707
vn -0.9648 -0.0182 0.2622
vn -0.9678 -0.0049 0.2515
vn 0.9818 -0.1049 -0.1584
vn 0.9788 -0.1193 -0.1666
vn 0.5682 -0.0003 0.8229
vn 0.4825 -0.0637 0.8736
vn 0.6682 0.0234 0.7436
vn 0.7649 0.0271 0.6436
vn 0.8363 0.0070 0.5483
vn 0.8779 0.0012 0.4789
vn 0.9024 0.0128 0.4308
vn 0.9176 0.0291 0.3965
vn 0.9284 0.0346 0.3699
vn 0.9360 0.0381 0.3499
vn 0.9377 0.0522 0.3435
vn 0.9352 0.0765 0.3458
vn 0.3345 -0.0707 0.9397
vn 0.1220 -0.0576 0.9909
vn -0.2186 -0.0179 0.9756
vn -0.7358 0.1086 0.6685
vn -0.2516 -0.1115 0.9614
vn -0.6427 -0.0231 0.7658
vn -0.8115 0.0797 0.5789
vn 0.9236 0.0056 0.3834
vn 0.2956 0.2002 0.9341
vn -0.2530 0.4184 0.8723
vn 0.9655 -0.2594 -0.0238
vn 0.8888 -0.0565 0.4549
vn 0.2736 0.0974 0.9569
vn -0.0279 -0.2221 0.9746
vn 0.0906 -0.2038 0.9748
vn 0.9940 -0.0787 -0.0755
vn 0.9937 -0.0933 -0.0619
vn -0.9327 0.0340 0.3590
vn 0.9844 0.0712 0.1611
vn 0.4065 -0.2470 0.8796
vn 0.0871 0.2686 0.9593
vn -0.2790 0.1845 0.9424
vn 0.2965 -0.2202 0.9293
vn 0.9880 -0.1314 -0.0809
vn -0.6950 -0.0290 0.7184
vn -0.9371 -0.0689 0.3422
vn -0.8871 -0.0785 0.4548
vn -0.8030 -0.1284 0.5819
vn -0.7148 -0.0663 0.6962
vn -0.7532 0.0235 0.6574
vn -0.5342 -0.0896 0.8406
vn -0.1496 -0.1456 0.9780
vn -0.1888 -0.0128 0.9819
vn 0.5405 -0.1621 0.8256
vn 0.5132 -0.2293 0.8271
vn -0.3467 -0.0396 0.9372
vn -0.4684 -0.1269 0.8744
vn -0.7309 0.2880 0.6188
vn -0.9093 -0.0942 0.4052
vn 0.2979 -0.1472 0.9432
vn 0.9429 0.1533 0.2958
vn -0.8312 -0.1168 0.5436
vn -0.8768 0.2154 0.4300
vn -0.6649 0.1540 0.7309
vn -0.7126 0.2154 0.6677
vn 0.9625 0.0857 0.2572
vn 0.9640 0.0808 0.2533
vn -0.2477 0.0338 0.9682
vn 0.0227 -0.0189 0.9996
vn 0.3055 -0.0564 0.9505
vn 0.4818 -0.0418 0.8753
vn 0.5777 0.0011 0.8163
vn 0.6303 0.0334 0.7756
vn 0.6888 0.0507 0.7232
vn 0.7536 0.0397 0.6562
vn 0.8096 0.0317 0.5862
vn 0.8517 0.0307 0.5231
vn 0.8827 0.0300 0.4689
vn 0.9018 0.0372 0.4306
vn 0.9082 0.0536 0.4150
vn 0.9063 0.0784 0.4153
vn 0.9053 0.0842 0.4164
vn 0.9085 0.1931 0.3705
vn 0.9003 0.1356 0.4137
vn 0.9198 0.1455 0.3645
vn 0.9181 0.1044 0.3825
vn -0.5261 -0.0977 0.8448
vn -0.6186 0.0618 0.7833
vn -0.7136 -0.0187 0.7003
vn -0.6943 0.1780 0.6973
vn -0.7613 0.1095 0.6391
vn 0.8808 -0.0781 0.4670
vn 0.7283 -0.1405 0.6707
vn -0.0296 0.2886 0.9570
vn 0.7796 -0.0330 0.6254
vn 0.9786 -0.0809 0.1894
vn -0.3140 0.1842 0.9314
vn -0.0959 -0.1208 0.9880
vn 0.6119 -0.2796 0.7398
vn -0.8121 0.0217 0.5831
vn -0.8844 -0.0841 0.4591
vn -0.2478 0.0918 0.9644
vn -0.0160 -0.1989 0.9799
vn -0.6407 -0.0644 0.7651
vn 0.1669 -0.3772 0.9110
vn -0.1430 0.3140 0.9386
vn 0.9912 -0.0012 0.1322
vn -0.7139 0.2301 0.6613
vn 0.0473 -0.2020 0.9782
vn -0.1861 -0.1568 0.9699
vn -0.7568 -0.1287 0.6409
vn -0.6178 -0.0504 0.7847
vn -0.7577 0.0841 0.6472
vn -0.6184 -0.0263 0.7854
vn -0.0874 -0.1385 0.9865
vn -0.0630 -0.0178 0.9979
vn -0.9021 -0.0145 0.4313
vn 0.0526 -0.2329 0.9711
vn 0.4658 -0.3828 0.7978
vn 0.3509 -0.3403 0.8724
vn -0.2656 0.0813 0.9606
vn -0.1007 0.0321 0.9944
vn 0.2190 -0.0330 0.9752
vn 0.4566 -0.0501 0.8883
vn 0.5904 -0.0207 0.8068
vn 0.6426 0.0152 0.7661
vn 0.6666 0.0444 0.7441
vn 0.6896 0.0580 0.7218
vn 0.7246 0.0675 0.6858
vn 0.7570 0.0674 0.6500
vn 0.7789 0.0831 0.6216
vn 0.7927 0.0873 0.6033
vn 0.7995 0.0934 0.5934
vn 0.7882 0.0997 0.6072
vn 0.8339 0.0910 0.5444
vn 0.9779 -0.1267 0.1664
vn 0.9980 -0.0325 0.0535
vn 0.2457 -0.1863 0.9513
vn 0.3767 -0.2461 0.8931
vn 0.9063 -0.2677 0.3270
vn 0.2887 -0.0242 0.9571
vn -0.4508 0.2579 0.8546
vn -0.7543 0.3020 0.5829
vn 0.7827 -0.0179 0.6221
vn 0.3709 0.1038 0.9229
vn -0.6485 0.3425 0.6798
vn -0.4341 0.1778 0.8831
vn -0.6715 0.1610 0.7233
vn -0.5036 0.0697 0.8611
vn -0.7583 0.1040 0.6436
vn 0.8410 0.1354 0.5238
vn 0.8964 0.0398 0.4414
vn 0.8013 0.1107 0.5879
vn -0.3426 0.0607 0.9375
vn -0.7391 -0.0790 0.6689
vn 0.4186 -0.1711 0.8919
vn 0.1279 -0.1179 0.9847
vn 0.2665 0.1877 0.9454
vn -0.2168 0.3507 0.9110
vn -0.2333 0.0222 0.9721
vn 0.9686 -0.1235 0.2159
vn 0.9128 0.0165 0.4080
vn 0.1683 -0.1353 0.9764
vn 0.5798 -0.2850 0.7633
vn 0.5230 -0.2629 0.8108
vn -0.5955 0.2659 0.7580
vn -0.6280 0.3553 0.6924
vn 0.2361 0.0173 0.9716
vn 0.8005 -0.3115 0.5120
vn -0.6955 0.0413 0.7173
vn -0.0590 -0.1217 0.9908
vn 0.0928 -0.0478 0.9945
vn -0.7618 0.1082 0.6387
vn -0.5123 -0.0799 0.8551
vn 0.3840 -0.0460 0.9222
vn 0.5767 -0.0479 0.8155
vn 0.6700 -0.0316 0.7417
vn 0.7181 0.0121 0.6958
vn 0.6709 0.0878 0.7363
vn 0.6800 0.0883 0.7278
vn 0.6967 0.1041 0.7098
vn 0.7113 0.1220 0.6922
vn 0.6913 0.1150 0.7133
vn 0.7419 0.0864 0.6650
vn 0.8235 0.0593 0.5642
vn 0.8385 0.0484 0.5428
vn 0.0999 0.0015 0.9950
vn -0.2169 0.0706 0.9736
vn -0.2307 0.0933 0.9685
vn 0.8370 -0.0593 0.5440
vn 0.4026 0.1027 0.9096
vn -0.3963 -0.0978 0.9129
vn -0.2605 -0.1849 0.9476
vn -0.6151 0.0377 0.7875
vn -0.2460 0.0690 0.9668
vn -0.5481 0.1960 0.8131
vn -0.6809 0.2905 0.6723
vn -0.5972 0.1947 0.7781
vn -0.3646 0.3192 0.8748
vn 0.0452 0.1914 0.9805
vn -0.7702 0.1053 0.6291
vn 0.9539 -0.0902 0.2862
vn -0.7491 0.0854 0.6569
vn -0.0810 -0.0944 0.9922
vn 0.2308 -0.0940 0.9684
vn -0.4331 0.2275 0.8722
vn 0.8341 -0.3444 0.4309
vn -0.4041 0.1609 0.9004
vn -0.2716 0.1821 0.9450
vn -0.4200 0.2016 0.8848
vn -0.1444 0.0713 0.9869
vn -0.2888 0.1271 0.9489
vn 0.0179 0.0174 0.9997
vn 0.2714 -0.0254 0.9621
vn 0.5421 -0.0797 0.8365
vn 0.6445 -0.0897 0.7593
vn 0.7816 -0.1122 0.6137
vn 0.7832 -0.0139 0.6216
vn 0.7765 -0.0019 0.6301
vn 0.8266 -0.0452 0.5609
vn 0.8545 -0.0266 0.5188
vn 0.8093 0.0457 0.5856
vn 0.8687 -0.0008 0.4953
vn 0.8870 0.0054 0.4617
vn -0.6846 0.3004 0.6641
vn 0.2292 0.0201 0.9732
vn 0.8255 -0.3239 0.4621
vn -0.5537 0.2629 0.7901
vn -0.8102 0.4234 0.4054
vn 0.8677 -0.0821 0.4903
vn 0.5111 0.0491 0.8581
vn -0.7734 0.1917 0.6042
vn -0.1442 -0.0396 0.9888
vn -0.5556 0.2376 0.7968
vn -0.2280 0.2691 0.9357
vn 0.0997 0.1635 0.9815
vn 0.9477 -0.0756 0.3102
vn -0.2016 0.3053 0.9307
vn 0.7231 -0.1735 0.6686
vn 0.3217 -0.1491 0.9350
vn -0.7936 0.2855 0.5373
vn 0.9162 -0.0626 0.3959
vn -0.4758 0.1628 0.8644
vn -0.8731 0.3446 0.3448
vn 0.8584 -0.1152 0.4999
vn 0.8564 -0.1365 0.4979
vn 0.0242 0.0570 0.9981
vn -0.3295 0.2015 0.9224
vn -0.1502 0.1274 0.9804
vn 0.0530 0.0740 0.9958
vn 0.3504 0.0022 0.9366
vn 0.3465 0.0132 0.9380
vn 0.5358 -0.0593 0.8423
vn -0.4933 0.2489 0.8335
vn 0.4244 -0.1387 0.8948
vn -0.8152 0.2999 0.4955
vn 0.8439 -0.3031 0.4427
vn 0.8863 -0.1181 0.4478
vn 0.7201 -0.0726 0.6901
vn -0.0869 -0.0576 0.9945
vn 0.4449 -0.1555 0.8820
vn 0.4580 -0.0151 0.8888
vn -0.2372 0.3466 0.9075
vn 0.3928 0.0586 0.9178
vn 0.7281 -0.0854 0.6801
vn 0.6599 -0.0541 0.7494
vn -0.1090 0.1938 0.9750
vn -0.4969 0.1972 0.8451
vn -0.2711 0.0906 0.9583
vn 0.0600 0.1214 0.9908
vn -0.3190 0.2250 0.9207
vn -0.2692 0.1947 0.9432
vn 0.0301 0.1037 0.9942
vn -0.7864 0.3538 0.5063
vn -0.0216 0.0201 0.9996
vn 0.4114 -0.1310 0.9020
vn 0.8109 -0.3014 0.5016
vn 0.0622 0.1216 0.9906
vn 0.2843 0.0597 0.9569
vn -0.2858 0.2024 0.9367
vn 0.5002 -0.1920 0.8444
vn -0.2881 0.2903 0.9125
vn 0.0147 0.1539 0.9880
vn 0.3269 -0.0206 0.9448
vn 0.4888 -0.2305 0.8414
vn -0.1241 0.1767 0.9764
vn -0.2433 0.1713 0.9547
vn 0.4748 -0.0663 0.8776
vn 0.7045 -0.2262 0.6727
vn -0.3474 0.1810 0.9201
vn -0.1167 0.1498 0.9818
vn -0.3060 0.1753 0.9358
vn -0.2101 0.1905 0.9589
vn -0.3541 0.1670 0.9202
vn -0.8738 -0.2727 -0.4026
vn 0.9920 -0.1165 -0.0478
vn 0.1149 0.2861 -0.9513
vn 0.1375 -0.4481 0.8834
vn 0.1347 0.5728 -0.8086
vn 0.1606 -0.2516 0.9544
vn -0.2061 0.4107 -0.8882
vn -0.2150 -0.5038 0.8367
vn 0.0007 0.2678 -0.9635
vn 0.0115 -0.4894 0.8720
vn 0.0415 0.2617 -0.9643
vn 0.0476 -0.4738 0.8794
vn 0.0737 0.1891 -0.9792
vn -0.0063 -0.4619 0.8869
vn 0.0737 0.2533 -0.9646
vn -0.0421 -0.4773 0.8777
vn 0.1520 0.2307 -0.9611
vn 0.2129 -0.6009 0.7704
vn 0.1221 0.2539 -0.9595
vn 0.0543 -0.8613 0.5052
vn 0.1685 0.3379 -0.9260
vn 0.0045 -0.7917 0.6108
vn 0.0369 0.3632 -0.9310
vn -0.3919 -0.6476 0.6535
vn 0.0167 0.2733 -0.9618
vn -0.2166 -0.4999 0.8385
vn 0.1267 0.2394 -0.9626
vn -0.1984 -0.4992 0.8435
vn 0.1942 0.2426 -0.9505
vn -0.0707 -0.5240 0.8488
vn 0.2803 0.3066 -0.9096
vn -0.2219 -0.4684 0.8552
vn 0.1794 0.3658 -0.9132
vn -0.2017 -0.4053 0.8917
vn 0.2710 0.3360 -0.9020
vn 0.0236 -0.3589 0.9331
vn 0.4009 0.3778 -0.8346
vn -0.2170 -0.5506 0.8060
vn 0.4674 0.3959 -0.7904
vn -0.3908 -0.6170 0.6831
vn 0.4752 0.4032 -0.7821
vn -0.4390 -0.6932 0.5716
vn 0.4800 0.4001 -0.7807
vn -0.4800 -0.4042 0.7786
vn 0.5445 0.3839 -0.7457
vn -0.6847 -0.1712 0.7085
vn 0.6494 0.3661 -0.6665
vn -0.6559 -0.0566 0.7527
vn 0.6805 0.3751 -0.6294
vn -0.7240 -0.0506 0.6880
vn 0.6797 0.3801 -0.6273
vn -0.6871 -0.0404 0.7255
vn 0.7107 0.3707 -0.5979
vn -0.5420 -0.4339 0.7197
vn 0.7956 0.3596 -0.4876
vn -0.7198 -0.5402 0.4360
vn 0.8407 0.3503 -0.4129
vn -0.7481 -0.5669 0.3449
vn 0.8426 0.3473 -0.4117
vn -0.7669 -0.5748 0.2853
vn 0.8386 0.2424 -0.4878
vn -0.8417 -0.5395 -0.0207
vn 0.9114 -0.0209 -0.4109
vn -0.9429 -0.3300 0.0452
vn 0.9460 -0.0356 -0.3221
vn -0.9156 -0.2692 0.2987
vn 0.9596 -0.0283 -0.2798
vn -0.9551 -0.2722 0.1172
vn 0.9636 -0.0773 -0.2559
vn -0.9214 -0.3342 0.1982
vn 0.9729 -0.1239 -0.1952
vn -0.9772 -0.1674 0.1306
vn 0.9806 -0.1171 -0.1569
vn -0.9873 -0.1442 0.0661
vn 0.9822 -0.1324 -0.1333
vn -0.9902 -0.1338 0.0387
vn 0.9805 -0.1624 -0.1110
vn -0.9908 -0.1262 0.0492
vn 0.9766 -0.2075 -0.0571
vn -0.9925 -0.1187 0.0289
vn 0.9644 -0.2616 0.0390
vn -0.9814 -0.1902 0.0246
vn 0.9881 -0.1533 -0.0126
vn -0.8589 -0.5116 -0.0233
vn 0.9721 -0.2048 0.1149
vn 0.5777 0.7994 0.1652
vn 0.9769 0.2058 0.0584
vn -0.9938 -0.0821 -0.0753
vn 0.9851 0.0345 0.1687
vn -0.9837 -0.1638 -0.0736
vn -0.9838 -0.1637 -0.0735
vn 0.9199 -0.3884 -0.0541
vn 0.4437 0.8554 0.2673
vn -0.9107 0.4043 0.0843
vn -0.9868 0.1534 0.0511
vn -0.9838 -0.1637 -0.0736
vn -0.9887 -0.1295 -0.0753
vn -0.9918 -0.1013 -0.0780
vn -0.9828 -0.1247 -0.1366
vn -0.9928 -0.0851 -0.0844
vn -0.8739 -0.2727 -0.4025
vn -0.8738 -0.2728 -0.4026
vn -0.6101 -0.4842 -0.6272
vn -0.4459 -0.7862 -0.4278
vn 0.9721 -0.2047 0.1149
vn 0.9206 -0.1749 0.3490
vn 0.0427 -0.7788 0.6259
vn 0.0131 -0.1267 -0.9919
vn 0.0485 -0.6429 0.7644
vn 0.1375 -0.4480 0.8834
vn -0.0102 -0.4447 -0.8956
vn 0.1464 -0.5306 0.8349
vn -0.1022 -0.4164 -0.9034
vn -0.0386 -0.7365 0.6753
vn -0.1502 -0.0305 -0.9882
vn 0.0465 -0.8157 0.5766
vn -0.0583 -0.1056 -0.9927
vn 0.0320 -0.8629 0.5044
vn 0.0389 -0.5916 0.8053
vn 0.1376 -0.4481 0.8833
vn 0.3554 -0.3709 0.8580
vn 0.1512 -0.6128 0.7756
vn 0.0148 -0.5751 0.8179
vn 0.1512 -0.6129 0.7756
vn 0.0541 -0.4616 0.8854
vn 0.0167 -0.4847 0.8745
vn -0.0816 -0.3334 0.9392
vn 0.2805 0.0123 0.9598
vn 0.0167 -0.4848 0.8744
vn 0.4522 -0.2134 0.8660
vn 0.2755 0.7683 0.5778
vn 0.0117 0.4672 -0.8840
vn 0.0167 -0.4848 0.8745
vn 0.0187 0.4761 -0.8792
vn 0.1513 -0.6131 0.7754
vn 0.1511 -0.6129 0.7756
vn 0.2178 0.6396 -0.7372
vn -0.0194 0.5375 -0.8430
vn 0.0131 -0.1266 -0.9919
vn 0.6128 0.2945 -0.7333
vn 0.4459 0.7744 -0.4489
vn 0.6581 0.6693 -0.3448
vn 0.9364 -0.0481 -0.3476
vn -0.7239 -0.0507 0.6880
vn -0.6870 -0.0405 0.7255
vn -0.6559 -0.0565 0.7527
vn 0.8189 0.3924 -0.4188
vn 0.5989 0.7877 0.1445
vn 0.9187 -0.3779 0.1150
vn 0.7802 0.5682 0.2616
vn 0.5316 0.8116 0.2423
vn -0.8534 0.5202 0.0337
vn 0.6312 0.7430 0.2224
vn -0.7622 0.6472 0.0090
vn 0.3128 0.4072 -0.8581
vn -0.5856 0.8040 -0.1035
vn -0.4732 -0.8552 -0.2115
vn -0.7457 0.6624 0.0714
vn -0.3861 -0.9052 -0.1775
vn -0.9057 0.3350 0.2596
vn -0.3524 -0.9146 -0.1982
vn -0.9404 0.2222 0.2575
vn -0.3188 -0.9298 -0.1837
vn -0.9435 0.1661 0.2867
vn -0.2921 -0.9376 -0.1887
vn -0.9315 0.1319 0.3391
vn -0.2226 -0.9558 -0.1922
vn -0.9199 0.0551 0.3883
vn 0.0693 -0.9040 0.4220
vn -0.8420 -0.1434 0.5201
vn -0.5041 0.1142 -0.8561
vn -0.9202 0.0259 0.3907
vn -0.1747 -0.9792 -0.1036
vn -0.9376 0.1884 0.2922
vn -0.1976 -0.9761 -0.0907
vn -0.8731 0.0645 0.4832
vn -0.2038 -0.9748 -0.0906
vn -0.8469 0.0444 0.5299
vn -0.1799 -0.9829 -0.0391
vn -0.7873 0.0184 0.6163
vn -0.1653 -0.9859 0.0264
vn -0.6937 0.0012 0.7202
vn 0.3874 -0.6650 0.6385
vn -0.4811 -0.1042 0.8705
vn 0.1238 0.9887 0.0846
vn -0.4743 -0.1197 0.8722
vn -0.1248 0.9527 0.2770
vn -0.5513 -0.0261 0.8339
vn 0.0759 0.9971 -0.0071
vn -0.5878 0.0853 0.8045
vn -0.0601 0.9474 -0.3143
vn -0.6919 0.2504 0.6772
vn -0.5763 -0.7237 0.3796
vn -0.6559 0.3101 0.6882
vn -0.2161 -0.7599 0.6131
vn -0.3434 0.1115 0.9325
vn 0.7332 -0.6224 0.2740
vn 0.0289 -0.0553 0.9981
vn -0.0595 0.9927 0.1053
vn 0.1234 -0.1448 0.9817
vn -0.0411 0.9984 -0.0387
vn -0.2384 0.0198 0.9710
vn -0.0089 0.9966 -0.0818
vn -0.1794 0.1041 0.9783
vn 0.0013 0.9965 -0.0831
vn -0.1004 0.1113 0.9887
vn 0.0012 0.9956 -0.0942
vn -0.0883 0.1212 0.9887
vn 0.0080 0.9930 -0.1182
vn -0.0803 0.1239 0.9890
vn -0.0077 0.9617 -0.2739
vn -0.1739 0.2214 0.9596
vn 0.0233 0.8985 -0.4384
vn -0.1895 0.4037 0.8950
vn -0.0310 0.8184 -0.5738
vn 0.0819 0.4142 0.9065
vn 0.0235 0.9667 -0.2550
vn -0.0924 0.2596 0.9613
vn -0.0737 0.9581 -0.2769
vn 0.0830 0.3040 0.9491
vn 0.0326 0.9964 -0.0777
vn 0.1844 0.2354 0.9543
vn 0.0631 0.9788 -0.1950
vn 0.0073 0.3636 0.9315
vn -0.0183 0.9734 -0.2284
vn -0.2702 0.1202 0.9553
vn 0.0395 -0.6329 0.7732
vn 0.1213 -0.0033 0.9926
vn -0.3301 0.0319 -0.9434
vn -0.2863 -0.0163 -0.9580
vn -0.0797 0.0194 -0.9966
vn -0.1729 -0.1493 -0.9736
vn 0.0408 -0.3007 -0.9529
vn -0.0086 -0.2622 -0.9650
vn -0.0429 -0.3852 -0.9218
vn 0.2097 -0.4157 -0.8850
vn 0.1741 -0.2114 -0.9618
vn 0.0941 -0.1499 -0.9842
vn 0.0926 -0.1506 -0.9843
vn 0.1607 -0.2515 0.9544
vn -0.0261 -0.6081 0.7934
vn -0.2150 -0.5037 0.8367
vn -0.2763 -0.6117 0.7413
vn 0.0339 -0.5154 0.8563
vn 0.0477 -0.4737 0.8794
vn 0.1078 -0.4210 0.9006
vn -0.0062 -0.4620 0.8869
vn 0.0271 -0.4132 0.9102
vn -0.0420 -0.4773 0.8777
vn -0.0363 -0.4611 0.8866
vn 0.2129 -0.6009 0.7705
vn -0.0602 -0.4537 0.8891
vn 0.0543 -0.8614 0.5050
vn 0.0081 -0.5077 0.8615
vn 0.0045 -0.7917 0.6109
vn 0.1442 -0.4923 0.8584
vn -0.3920 -0.6475 0.6535
vn -0.1118 -0.5014 0.8580
vn -0.2167 -0.4999 0.8385
vn -0.3128 -0.5109 0.8007
vn -0.1984 -0.4992 0.8434
vn -0.2106 -0.4587 0.8633
vn -0.1522 -0.4160 0.8966
vn -0.0618 -0.4184 0.9062
vn -0.2016 -0.4054 0.8916
vn -0.1966 -0.4083 0.8914
vn 0.0237 -0.3588 0.9331
vn -0.0364 -0.3839 0.9227
vn -0.2170 -0.5506 0.8061
vn -0.1130 -0.4107 0.9047
vn -0.4093 -0.4346 0.8022
vn -0.4390 -0.6933 0.5715
vn -0.4568 -0.3611 0.8130
vn -0.5155 -0.2161 0.8292
vn -0.6846 -0.1712 0.7085
vn -0.5930 -0.1954 0.7812
vn -0.6907 -0.1696 0.7030
vn -0.7238 -0.1640 0.6702
vn -0.6870 -0.0404 0.7255
vn -0.6492 -0.2318 0.7244
vn -0.5419 -0.4340 0.7197
vn -0.7365 -0.0382 0.6754
vn -0.7419 -0.4020 0.5366
vn -0.7480 -0.5670 0.3449
vn -0.8098 -0.4269 0.4024
vn -0.7669 -0.5749 0.2853
vn -0.8376 -0.3701 0.4017
vn -0.8417 -0.5396 -0.0208
vn -0.9469 -0.2017 0.2506
vn -0.9429 -0.3299 0.0452
vn -0.9917 0.0159 0.1272
vn -0.9156 -0.2691 0.2986
vn -0.9384 -0.1443 0.3139
vn -0.9901 -0.1031 0.0948
vn -0.9214 -0.3343 0.1982
vn -0.9531 -0.2166 0.2114
vn -0.9772 -0.1675 0.1305
vn -0.9381 -0.2304 0.2585
vn -0.9906 -0.1179 0.0698
vn -0.9903 -0.1338 0.0387
vn -0.9894 -0.1367 0.0493
vn -0.9909 -0.1229 0.0555
vn -0.9927 -0.1181 0.0247
vn -0.9926 -0.1130 -0.0441
vn -0.9830 -0.1684 -0.0732
vn -0.6313 -0.7479 -0.2053
vn -0.9919 -0.0990 -0.0793
vn -0.9910 -0.1234 -0.0527
vn -0.9906 -0.1363 0.0058
vn -0.9828 -0.1760 0.0562
vn -0.9864 -0.1627 0.0225
vn -0.9992 0.0359 0.0152
vn -0.9471 0.0651 0.3144
vn -0.9575 0.1526 0.2446
vn -0.9696 0.0509 0.2392
vn -0.9544 0.0279 0.2973
vn -0.9543 -0.0855 0.2863
vn -0.7299 -0.5548 0.3992
vn -0.7248 -0.6272 0.2851
vn -0.7402 -0.6087 0.2855
vn -0.7870 -0.4893 0.3757
vn -0.5663 -0.5566 0.6079
vn -0.5721 -0.6085 0.5500
vn -0.5966 -0.5994 0.5336
vn -0.6070 -0.5862 0.5365
vn -0.6205 -0.6025 0.5020
vn -0.6271 -0.6055 0.4901
vn -0.6847 -0.4435 0.5784
vn -0.5286 -0.5970 0.6034
vn -0.3936 -0.5826 0.7111
vn -0.4880 -0.6050 0.6291
vn -0.3863 -0.6511 0.6533
vn -0.3981 -0.6846 0.6106
vn -0.3839 -0.6500 0.6558
vn -0.3435 -0.6247 0.7013
vn -0.1162 -0.5341 0.8374
vn -0.1472 -0.4179 0.8965
vn -0.1907 -0.4120 0.8910
vn -0.1215 -0.3240 0.9382
vn -0.1382 -0.3243 0.9358
vn -0.0975 -0.4286 0.8982
vn -0.2786 -0.5347 0.7978
vn 0.0183 -0.5498 0.8351
vn 0.0202 -0.4414 0.8971
vn -0.0449 -0.4451 0.8944
vn -0.0514 -0.4539 0.8896
vn -0.0563 -0.4545 0.8890
vn 0.0950 -0.4601 0.8828
vn 0.1325 -0.4730 0.8710
vn 0.1659 -0.2000 0.9656
vn -0.1308 -0.2330 0.9636
vn -0.2768 -0.2201 0.9354
vn 0.0181 -0.4307 0.9023
vn 0.0414 -0.2590 0.9650
vn 0.1221 -0.3524 0.9279
vn 0.0171 -0.3556 0.9345
vn 0.0210 -0.3991 0.9167
vn -0.0182 -0.3101 0.9505
vn -0.0968 -0.3183 0.9430
vn -0.0551 -0.4238 0.9041
vn -0.0777 -0.4224 0.9031
vn -0.0798 -0.4202 0.9039
vn -0.0904 -0.4176 0.9041
vn -0.1533 -0.4087 0.8997
vn -0.1832 -0.4030 0.8967
vn -0.0455 -0.2964 0.9540
vn -0.2051 0.0370 0.9780
vn -0.4017 0.0922 0.9111
vn -0.5771 -0.0679 0.8138
vn -0.5403 -0.3039 0.7847
vn -0.4778 -0.3960 0.7841
vn -0.4984 -0.5009 0.7076
vn -0.6787 -0.2591 0.6872
vn -0.6427 0.1027 0.7592
vn -0.6850 0.1776 0.7066
vn -0.7170 0.0336 0.6963
vn -0.8687 0.1774 0.4625
vn -0.8261 0.2012 0.5264
vn -0.9094 0.0470 0.4132
vn -0.8101 -0.3068 0.4996
vn -0.9363 -0.1264 0.3276
vn -0.9530 -0.0434 0.2998
vn -0.9622 0.0434 0.2687
vn -0.9652 0.0555 0.2556
vn -0.9789 0.1005 0.1781
vn -0.8981 0.4274 0.1036
vn -0.9212 0.3885 0.0205
vn -0.9964 0.0823 -0.0219
vn -0.9954 -0.0703 -0.0656
vn -0.9874 -0.1360 -0.0805
vn -0.9874 -0.1361 -0.0805
vn -0.9863 -0.1475 -0.0742
vn -0.9954 -0.0705 -0.0656
vn -0.9854 -0.1595 -0.0601
vn -0.9833 -0.1821 0.0077
vn -0.9213 0.3884 0.0205
vn -0.9874 -0.1484 0.0542
vn -0.9952 0.0225 -0.0956
vn -0.9788 0.1007 0.1781
vn -0.9983 -0.0248 -0.0531
vn -0.9652 0.0556 0.2556
vn -0.9618 -0.1913 0.1957
vn -0.9668 -0.1633 0.1966
vn -0.9531 -0.0433 0.2997
vn -0.9583 -0.2144 0.1887
vn -0.9319 -0.2783 0.2325
vn 0.8846 -0.4648 -0.0370
vn -0.9954 -0.0704 -0.0656
vn 0.8349 -0.5432 -0.0887
vn -0.9964 0.0822 -0.0219
vn 0.7958 -0.4405 -0.4155
vn 0.7690 -0.3069 -0.5607
vn -0.8981 0.4275 0.1036
vn 0.8481 -0.4074 -0.3387
vn 0.8850 -0.3653 -0.2887
vn 0.8952 -0.3140 -0.3162
vn -0.9622 0.0435 0.2687
vn 0.8889 -0.2919 -0.3532
vn -0.9531 -0.0434 0.2997
vn 0.8972 -0.2542 -0.3612
vn 0.9311 -0.3104 -0.1915
vn 0.8896 -0.1160 -0.4418
vn -0.9094 0.0469 0.4132
vn 0.7452 0.0398 -0.6657
vn -0.8261 0.2011 0.5265
vn 0.8312 -0.1510 -0.5351
vn -0.8687 0.1775 0.4625
vn 0.8147 -0.1784 -0.5518
vn -0.7170 0.0337 0.6963
vn 0.7560 -0.1720 -0.6315
vn -0.6850 0.1776 0.7065
vn 0.7181 -0.2073 -0.6643
vn -0.6429 0.1026 0.7591
vn 0.7961 -0.3858 -0.4662
vn -0.6787 -0.2592 0.6872
vn 0.7868 -0.3365 -0.5174
vn -0.4983 -0.5009 0.7077
vn 0.6253 -0.0306 -0.7798
vn -0.4778 -0.3959 0.7842
vn 0.5105 -0.1705 -0.8428
vn 0.1987 -0.3023 -0.9323
vn -0.5769 -0.0682 0.8139
vn 0.1258 -0.2481 -0.9605
vn -0.4016 0.0922 0.9111
vn 0.3904 0.0732 -0.9177
vn -0.2052 0.0369 0.9780
vn 0.5516 -0.1356 -0.8230
vn -0.0455 -0.2965 0.9539
vn 0.4463 -0.1098 -0.8881
vn 0.2875 -0.2110 -0.9343
vn -0.1533 -0.4086 0.8998
vn 0.1989 -0.1693 -0.9653
vn 0.1101 -0.1625 -0.9805
vn -0.0798 -0.4201 0.9040
vn -0.0778 -0.4224 0.9031
vn -0.0551 -0.4239 0.9041
vn -0.0182 -0.3099 0.9506
vn 0.0171 -0.3555 0.9345
vn 0.1219 -0.3525 0.9278
vn 0.1660 -0.1999 0.9656
vn 0.1660 -0.2000 0.9656
vn -0.0005 0.4615 -0.8871
vn 0.0051 0.5172 -0.8558
vn 0.0181 -0.4306 0.9024
vn 0.0165 0.4575 -0.8891
vn 0.0103 0.5312 -0.8472
vn 0.0205 0.4479 -0.8938
vn 0.0209 -0.3991 0.9167
vn 0.0365 0.4400 -0.8973
vn 0.0472 0.4360 -0.8987
vn -0.0967 -0.3183 0.9430
vn 0.0598 0.4348 -0.8985
vn -0.0550 -0.4239 0.9041
vn 0.0712 0.4376 -0.8963
vn 0.0931 0.4314 -0.8973
vn -0.0798 -0.4201 0.9039
vn 0.1045 0.4231 -0.9000
vn 0.1166 0.4197 -0.9002
vn -0.1533 -0.4086 0.8997
vn 0.1636 0.4132 -0.8958
vn 0.1937 0.4086 -0.8919
vn -0.0455 -0.2965 0.9540
vn 0.1995 0.4062 -0.8917
vn -0.2052 0.0370 0.9780
vn 0.2323 0.4070 -0.8834
vn -0.4016 0.0924 0.9111
vn 0.3835 0.3917 -0.8363
vn -0.5771 -0.0681 0.8139
vn 0.4705 0.3848 -0.7941
vn -0.5402 -0.3040 0.7847
vn 0.4757 0.3825 -0.7921
vn 0.5867 0.3291 -0.7399
vn 0.5995 0.3762 -0.7064
vn 0.5899 0.4259 -0.6860
vn -0.6428 0.1027 0.7591
vn 0.6790 0.3692 -0.6346
vn 0.7809 0.2982 -0.5489
vn -0.7170 0.0335 0.6963
vn 0.7793 0.3555 -0.5161
vn -0.8687 0.1774 0.4624
vn 0.7635 0.4074 -0.5011
vn 0.8451 0.3232 -0.4258
vn -0.9094 0.0468 0.4133
vn 0.9135 0.2427 -0.3264
vn 0.9474 0.2334 -0.2189
vn 0.9422 0.2722 -0.1952
vn -0.9530 -0.0433 0.2997
vn 0.9390 0.2714 -0.2113
vn -0.9623 0.0434 0.2687
vn 0.9427 0.2610 -0.2078
vn 0.9639 0.2356 -0.1239
vn -0.9789 0.1006 0.1781
vn 0.9412 0.3021 -0.1514
vn 0.9417 0.2994 -0.1534
vn 0.9770 0.2051 -0.0579
vn -0.9964 0.0824 -0.0218
vn 0.9840 0.1780 0.0069
vn 0.9865 0.1443 0.0771
vn 0.9884 0.1239 0.0875
vn -0.1048 -0.7408 0.6634
vn -0.0378 0.5088 -0.8600
vn 0.0130 -0.5163 0.8563
vn -0.1700 0.4924 -0.8536
vn 0.1325 -0.4731 0.8710
vn 0.0215 0.6312 -0.7753
vn 0.0950 -0.4603 0.8827
vn 0.0278 0.6403 -0.7676
vn 0.1608 -0.2515 0.9544
vn -0.0738 0.5750 -0.8148
vn -0.2151 -0.5037 0.8367
vn -0.0497 0.6689 -0.7417
vn -0.0468 0.7260 -0.6861
vn -0.0290 0.7864 -0.6170
vn 0.7500 0.5950 -0.2890
vn 0.9861 0.1189 0.1157
vn 0.9743 0.1984 0.1067
vn 0.8189 0.3923 -0.4188
vn 0.9187 -0.3778 0.1150
vn -0.5579 -0.7989 0.2246
vn 0.9787 -0.1992 -0.0503
vn -0.7381 -0.6656 -0.1106
vn 0.9479 -0.2875 -0.1376
vn -0.7450 -0.6531 -0.1357
vn 0.9669 -0.1517 -0.2049
vn -0.7303 -0.6690 -0.1385
vn 0.8643 -0.4513 -0.2221
vn -0.7258 -0.6765 -0.1249
vn 0.8685 -0.4291 -0.2483
vn -0.7144 -0.6941 -0.0887
vn 0.9971 -0.0758 -0.0073
vn -0.6694 -0.7400 -0.0658
vn 0.9630 -0.0052 -0.2695
vn -0.6501 -0.7597 -0.0169
vn 0.8710 0.0515 -0.4887
vn -0.7152 -0.6987 0.0161
vn 0.8295 -0.3877 -0.4020
vn -0.8399 -0.5001 -0.2109
vn 0.8791 0.3601 -0.3122
vn -0.8682 -0.4716 -0.1544
vn -0.0743 0.9755 0.2069
vn -0.6992 -0.6765 0.2313
vn 0.1653 0.9416 -0.2935
vn -0.6758 -0.6617 0.3246
vn 0.1291 0.9916 -0.0114
vn -0.6668 -0.6161 0.4193
vn 0.3723 0.9274 -0.0350
vn -0.2812 -0.7759 0.5647
vn 0.9364 -0.0479 -0.3475
vn -0.1486 -0.7565 0.6369
vn -0.5295 -0.7226 0.4443
vn 0.6129 0.2946 -0.7332
vn -0.5418 -0.6902 0.4797
vn 0.5692 0.1487 -0.8086
vn -0.6583 -0.6188 0.4286
vn 0.3297 -0.4321 -0.8394
vn -0.6369 -0.6856 0.3526
vn 0.2222 0.6397 -0.7358
vn -0.4430 -0.7306 0.5196
vn 0.5624 0.7290 -0.3903
vn -0.2855 -0.6646 0.6905
vn -0.0187 0.9964 0.0828
vn 0.0356 -0.4956 0.8678
vn 0.5128 0.7285 -0.4542
vn 0.0513 -0.6406 0.7662
vn 0.2763 0.2723 -0.9217
vn -0.1844 -0.8332 0.5213
vn 0.2904 -0.0523 -0.9555
vn -0.1412 -0.8680 0.4761
vn 0.2474 0.4257 -0.8704
vn -0.0351 -0.8438 0.5355
vn 0.1161 0.0443 -0.9922
vn -0.1441 -0.8641 0.4822
vn 0.1256 0.0693 -0.9897
vn -0.4073 -0.8615 0.3032
vn -0.2545 0.4214 -0.8705
vn -0.3275 -0.7943 0.5117
vn -0.1015 0.9847 -0.1414
vn -0.1229 -0.7129 0.6904
vn 0.1365 0.9827 -0.1255
vn 0.2792 -0.6058 0.7450
vn 0.4712 0.5328 -0.7030
vn 0.3175 -0.7148 0.6232
vn 0.1872 0.2402 -0.9525
vn -0.1502 -0.0304 -0.9882
vn -0.0583 -0.1058 -0.9927
vn 0.0122 -0.0562 -0.9983
vn 0.0347 0.8233 -0.5665
vn 0.6703 0.6722 -0.3143
vn 0.5894 0.7634 -0.2644
vn 0.1653 0.9416 -0.2933
vn 0.5493 0.8114 -0.1999
vn -0.0743 0.9756 0.2067
vn 0.4232 0.8741 -0.2385
vn 0.8791 0.3601 -0.3123
vn 0.5380 0.8195 -0.1976
vn 0.8295 -0.3878 -0.4020
vn 0.7052 0.7021 -0.0988
vn 0.8709 0.0516 -0.4888
vn 0.6994 0.7138 -0.0357
vn 0.9629 -0.0049 -0.2697
vn 0.0183 -0.5040 -0.8635
vn 0.2654 -0.5813 -0.7692
vn 0.0115 -0.4893 0.8720
vn 0.0045 -0.8811 0.4729
vn -0.0062 -0.4619 0.8869
vn 0.0195 -0.8738 0.4859
vn -0.0420 -0.4774 0.8777
vn -0.1049 -0.7408 0.6635
vn 0.0623 -0.4523 0.8897
vn 0.0129 -0.5164 0.8563
vn 0.0130 -0.5164 0.8562
vn 0.0535 -0.4151 0.9082
vn 0.0623 -0.4664 0.8824
vn -0.9919 -0.0991 -0.0793
vn -0.9906 -0.1364 0.0057
vn -0.9828 -0.1761 0.0561
vn -0.9992 0.0360 0.0152
vn -0.9470 0.0653 0.3144
vn -0.9575 0.1527 0.2447
vn -0.9543 0.0280 0.2974
vn -0.9543 -0.0854 0.2863
vn -0.7795 -0.4377 0.4482
vn -0.7299 -0.5548 0.3993
vn -0.7330 -0.4296 0.5275
vn -0.7248 -0.6271 0.2852
vn -0.8388 -0.3261 0.4360
vn -0.7403 -0.6087 0.2855
vn -0.9253 -0.2181 0.3103
vn -0.7871 -0.4892 0.3757
vn -0.7714 -0.3539 0.5289
vn -0.5663 -0.5565 0.6079
vn -0.5534 -0.4455 0.7038
vn -0.6797 -0.3622 0.6379
vn -0.7702 -0.3379 0.5409
vn -0.6847 -0.4434 0.5785
vn -0.6208 -0.4129 0.6664
vn -0.3936 -0.5824 0.7112
vn -0.3183 -0.5056 0.8019
vn -0.3863 -0.6511 0.6534
vn -0.4785 -0.4342 0.7632
vn -0.3840 -0.6499 0.6558
vn -0.4607 -0.4147 0.7847
vn -0.3435 -0.6246 0.7013
vn -0.3860 -0.4168 0.8230
vn -0.2174 -0.3938 0.8931
vn -0.1472 -0.4183 0.8963
vn -0.1754 -0.3913 0.9034
vn -0.1892 -0.4131 0.8908
vn -0.1215 -0.3241 0.9382
vn -0.1628 -0.4129 0.8961
vn -0.1382 -0.3244 0.9358
vn -0.0764 -0.3880 0.9185
vn -0.1124 -0.3861 0.9156
vn -0.2786 -0.5346 0.7978
vn -0.1093 -0.4772 0.8720
vn -0.0261 -0.4915 0.8705
vn -0.0355 -0.4409 0.8969
vn -0.0449 -0.4450 0.8944
vn -0.0425 -0.4440 0.8950
vn -0.0513 -0.4539 0.8896
vn -0.0272 -0.4551 0.8900
vn 0.0154 -0.5096 0.8603
vn 0.0949 -0.4601 0.8828
vn 0.1328 -0.5239 0.8414
vn -0.1307 -0.2331 0.9636
vn 0.1221 -0.3525 0.9278
vn -0.0968 -0.3185 0.9430
vn -0.0550 -0.4238 0.9041
vn -0.0456 -0.2964 0.9540
vn -0.4016 0.0921 0.9112
vn -0.4778 -0.3960 0.7842
vn -0.6787 -0.2592 0.6871
vn -0.8687 0.1773 0.4624
vn -0.8261 0.2009 0.5264
vn -0.9094 0.0468 0.4132
vn -0.8101 -0.3069 0.4996
vn -0.9919 -0.0990 -0.0792
vn -0.9909 -0.1235 -0.0527
vn -0.9910 -0.1232 -0.0527
vn 0.9716 0.2325 0.0440
vn -0.9907 -0.1363 0.0057
vn -0.9907 -0.1362 0.0058
vn 0.9643 0.2649 -0.0060
vn -0.9828 -0.1759 0.0562
vn 0.9588 0.2834 -0.0187
vn -0.9864 -0.1628 0.0225
vn -0.9864 -0.1627 0.0226
vn 0.9593 0.2806 -0.0319
vn 0.9502 0.2988 -0.0890
vn -0.9470 0.0655 0.3144
vn -0.9470 0.0652 0.3144
vn 0.9238 0.3510 -0.1532
vn -0.9575 0.1527 0.2448
vn 0.9178 0.3621 -0.1628
vn 0.9110 0.3622 -0.1974
vn -0.9544 0.0280 0.2974
vn 0.8386 0.4085 -0.3603
vn -0.9543 -0.0856 0.2865
vn 0.8024 0.3882 -0.4532
vn 0.8440 0.3345 -0.4192
vn -0.7248 -0.6272 0.2852
vn 0.8433 0.3378 -0.4181
vn 0.7918 0.3500 -0.5005
vn -0.7871 -0.4893 0.3757
vn 0.7070 0.3598 -0.6089
vn -0.5664 -0.5565 0.6079
vn 0.6840 0.3634 -0.6325
vn -0.5967 -0.5994 0.5336
vn 0.6841 0.3625 -0.6330
vn 0.6337 0.3651 -0.6820
vn -0.6847 -0.4434 0.5784
vn 0.5207 0.3767 -0.7661
vn -0.3937 -0.5825 0.7112
vn 0.4823 0.3779 -0.7903
vn 0.4765 0.3808 -0.7924
vn -0.3840 -0.6500 0.6558
vn 0.4596 0.3873 -0.7992
vn -0.3435 -0.6245 0.7014
vn 0.3619 0.4132 -0.8357
vn -0.1162 -0.5340 0.8374
vn -0.1162 -0.5340 0.8375
vn 0.1923 0.4335 -0.8804
vn -0.1472 -0.4184 0.8963
vn 0.2248 0.4376 -0.8706
vn -0.1907 -0.4121 0.8910
vn 0.2480 0.4629 -0.8510
vn -0.1215 -0.3242 0.9382
vn 0.1625 0.4839 -0.8599
vn 0.0960 0.4755 -0.8745
vn -0.0131 0.4165 -0.9090
vn -0.2785 -0.5347 0.7978
vn 0.1143 0.4004 -0.9092
vn 0.1354 0.4393 -0.8881
vn 0.0202 -0.4412 0.8972
vn 0.1017 0.4954 -0.8627
vn 0.0643 0.5622 -0.8245
vn -0.0513 -0.4540 0.8895
vn 0.0353 0.5984 -0.8004
vn 0.0554 0.3754 -0.9252
vn -0.0563 -0.4547 0.8889
vn -0.0563 -0.4544 0.8890
vn -0.1048 -0.7409 0.6634
vn 0.8045 0.5719 0.1605
vn -0.9925 -0.1188 0.0289
vn 0.7997 0.5852 0.1339
vn -0.9908 -0.1264 0.0491
vn 0.1871 0.2401 -0.9526
vn 0.0057 0.2242 -0.9745
vn 0.0652 0.8530 -0.5178
vn 0.2920 0.8687 -0.4000
vn 0.1294 0.8019 -0.5832
vn 0.1367 0.9826 -0.1255
vn 0.4712 0.5327 -0.7030
vn 0.2646 0.8273 -0.4956
vn -0.2545 0.4214 -0.8704
vn -0.1015 0.9847 -0.1415
vn -0.1397 0.7630 -0.6311
vn -0.0314 0.8007 -0.5982
vn 0.0957 0.8023 -0.5892
vn 0.0719 0.7660 -0.6388
vn -0.3920 -0.6476 0.6535
vn 0.2473 0.4256 -0.8705
vn 0.1161 0.0442 -0.9923
vn 0.1859 0.8205 -0.5406
vn -0.2218 -0.4683 0.8553
vn -0.2016 -0.4053 0.8917
vn 0.1067 0.8085 -0.5787
vn 0.2905 -0.0523 -0.9554
vn 0.1957 0.7663 -0.6120
vn -0.0707 -0.5239 0.8488
vn 0.5128 0.7285 -0.4543
vn 0.2763 0.2724 -0.9217
vn 0.3357 0.7381 -0.5852
vn -0.3908 -0.6169 0.6831
vn 0.3912 0.7518 -0.5308
vn 0.3060 0.7930 -0.5268
vn 0.2222 0.6398 -0.7357
vn 0.5623 0.7290 -0.3904
vn 0.2778 0.7844 -0.5546
vn -0.4800 -0.4043 0.7786
vn 0.3296 -0.4321 -0.8394
vn 0.5150 0.7175 -0.4690
vn 0.5693 0.1486 -0.8086
vn -0.6846 -0.1713 0.7085
vn 0.3650 0.7310 -0.5765
vn 0.7653 0.6400 0.0685
vn 0.8685 -0.4290 -0.2483
vn 0.7275 0.6849 0.0404
vn 0.7789 0.6204 0.0914
vn 0.8642 -0.4513 -0.2223
vn 0.7902 0.6016 0.1170
vn 0.9669 -0.1516 -0.2051
vn 0.9478 -0.2876 -0.1376
vn -0.9814 -0.1903 0.0246
vn -0.9925 -0.1188 0.0290
vn -0.9903 -0.1338 0.0386
vn -0.9772 -0.1674 0.1305
vn -0.9156 -0.2692 0.2986
vn -0.9429 -0.3301 0.0451
vn -0.8417 -0.5395 -0.0208
vn -0.7670 -0.5747 0.2853
vn -0.7481 -0.5668 0.3450
vn -0.7198 -0.5401 0.4361
vn -0.7240 -0.0507 0.6880
vn -0.3908 -0.6169 0.6832
vn 0.0237 -0.3589 0.9331
vn -0.2017 -0.4054 0.8916
vn -0.3920 -0.6476 0.6534
vn 0.0544 -0.8614 0.5050
vn 0.2130 -0.6009 0.7704
vn 0.2130 -0.6008 0.7705
vn -0.7481 -0.5669 0.3450
vn -0.7670 -0.5748 0.2853
vn -0.8417 -0.5396 -0.0206
vn -0.9550 -0.2724 0.1172
vn -0.9873 -0.1443 0.0661
vn 0.0123 -0.0561 -0.9984
vn -0.0062 -0.4620 0.8868
vn 0.7239 -0.0693 -0.6864
vn 0.7871 -0.1476 -0.5989
vn 0.6933 -0.0525 -0.7187
vn 0.5748 0.0082 0.8182
vn 0.4119 0.3735 0.8312
vn 0.7518 0.6547 0.0784
vn 0.3100 0.7349 0.6032
vn 0.9720 -0.2047 0.1149
vn 0.8853 0.3194 -0.3380
vn 0.7517 0.5110 -0.4169
vn -0.1191 -0.2431 -0.9627
vn 0.1165 -0.1384 -0.9835
vn 0.1303 -0.1456 -0.9807
vn -0.8953 -0.3061 -0.3235
vn -0.8745 -0.3508 -0.3350
vn 0.1979 0.5839 -0.7873
vn -0.0375 0.4702 -0.8818
vn 0.2474 0.4256 -0.8704
vn 0.3124 0.1181 -0.9426
vn 0.1449 0.1053 -0.9838
vn 0.2337 0.1366 -0.9627
vn 0.2446 0.1797 -0.9528
vn 0.2320 0.2501 -0.9400
vn 0.2441 0.1585 -0.9567
vn 0.6844 -0.0164 -0.7289
vn 0.3924 -0.0478 -0.9186
vn 0.4075 -0.0838 -0.9093
vn 0.2615 0.3441 -0.9018
vn 0.6281 0.2156 -0.7477
vn 0.3717 0.2952 -0.8802
vn -0.1927 -0.4983 -0.8453
vn -0.1322 -0.5148 -0.8471
vn -0.1341 -0.5100 -0.8497
vn -0.9492 -0.1834 -0.2556
vn -0.8217 -0.3379 -0.4590
vn -0.8353 -0.3322 -0.4380
vn -0.8223 -0.2823 -0.4941
vn -0.8233 -0.2392 -0.5147
vn -0.8302 -0.0980 -0.5488
vn -0.7980 -0.0439 -0.6011
vn -0.6893 0.0606 -0.7219
vn -0.6626 0.0344 -0.7482
vn -0.4593 -0.0581 -0.8864
vn -0.4710 0.0166 -0.8820
vn -0.6555 -0.2348 -0.7177
vn -0.8309 -0.2746 -0.4839
vn -0.9376 -0.2550 -0.2365
vn -0.8236 -0.2188 -0.5233
vn -0.2790 -0.1590 -0.9470
vn -0.2874 -0.1209 -0.9502
vn -0.0322 -0.1839 -0.9824
vn 0.1994 -0.2000 -0.9593
vn 0.3894 -0.1791 -0.9035
vn 0.4233 -0.1936 -0.8851
vn 0.4829 -0.2626 -0.8354
vn 0.4906 -0.2952 -0.8199
vn 0.5069 -0.2550 -0.8234
vn 0.5373 -0.2003 -0.8193
vn 0.5617 -0.1388 -0.8156
vn 0.5768 -0.1567 -0.8017
vn 0.6252 -0.1584 -0.7642
vn 0.6028 -0.1888 -0.7753
vn 0.6424 -0.0766 -0.7625
vn 0.6573 -0.0934 -0.7479
vn 0.6763 -0.1476 -0.7217
vn 0.6813 -0.1344 -0.7196
vn 0.6375 0.4266 0.6415
vn 0.4307 0.6501 0.6260
vn 0.7739 0.2626 0.5763
vn 0.8881 0.2267 0.3999
vn 0.4398 0.7428 0.5048
vn 0.6173 0.3768 0.6906
vn 0.0847 -0.2119 0.9736
vn -0.2319 -0.2753 0.9330
vn 0.8189 0.3925 -0.4187
vn -0.8560 -0.3445 -0.3854
vn -0.7023 -0.4291 -0.5681
vn -0.6290 -0.3647 -0.6866
vn -0.5505 -0.3100 -0.7751
vn -0.4268 -0.3260 -0.8436
vn -0.7384 -0.3441 -0.5800
vn -0.8366 -0.2094 -0.5062
vn -0.2815 -0.2647 -0.9223
vn 0.0981 -0.2537 -0.9623
vn 0.3704 -0.2268 -0.9008
vn 0.4558 -0.2548 -0.8528
vn 0.5528 -0.2548 -0.7934
vn 0.5723 -0.2273 -0.7879
vn 0.6143 -0.2124 -0.7599
vn 0.6641 -0.1382 -0.7348
vn 0.6791 -0.1308 -0.7223
vn 0.7176 -0.1124 -0.6873
vn 0.7862 -0.0808 -0.6127
vn 0.8130 -0.0781 -0.5770
vn 0.8945 -0.0413 -0.4451
vn 0.9498 -0.0107 -0.3126
vn 0.9974 0.0566 -0.0454
vn 0.9810 0.1180 0.1542
vn 0.8574 0.1230 0.4998
vn 0.8954 0.3968 0.2020
vn 0.7847 0.0739 0.6155
vn 0.9042 0.2865 0.3168
vn 0.7495 0.0658 0.6587
vn 0.5621 0.4221 0.7112
vn 0.3780 0.7040 0.6013
vn 0.0130 -0.1265 -0.9919
vn -0.2310 0.3261 -0.9167
vn 0.8946 0.2892 0.3407
vn 0.0017 -0.5292 0.8485
vn 0.7594 0.3070 0.5736
vn 0.7462 0.2517 -0.6163
vn 0.6129 0.2945 -0.7332
vn 0.9364 -0.0480 -0.3477
vn 0.5972 0.4399 -0.6707
vn 0.5692 0.1488 -0.8086
vn 0.4659 0.4008 -0.7889
vn -0.2667 0.3138 -0.9113
vn -0.9792 -0.1349 -0.1514
vn -0.9756 -0.1497 -0.1609
vn -0.9989 0.0050 -0.0463
vn -0.9498 -0.1690 -0.2632
vn 0.8865 0.4066 0.2210
vn 0.9441 0.2868 0.1627
vn 0.9852 -0.1542 0.0748
vn 0.8986 -0.0426 -0.4367
vn 0.3722 0.9275 -0.0351
vn 0.1653 0.9416 -0.2934
vn 0.6939 0.3661 -0.6201
vn 0.3972 0.5860 -0.7063
vn 0.4341 0.4190 -0.7975
vn -0.0103 -0.4448 -0.8956
vn -0.1023 -0.4164 -0.9034
vn -0.1421 0.4832 -0.8639
vn 0.1547 0.4649 -0.8717
vn 0.1871 0.2402 -0.9525
vn 0.4711 0.5327 -0.7030
vn 0.1804 0.3842 -0.9055
vn -0.1015 0.9848 -0.1413
vn -0.2543 0.4214 -0.8705
vn 0.5994 0.7526 -0.2727
vn 0.7199 0.6113 -0.3287
vn 0.9414 0.2625 -0.2118
vn 0.8474 0.2911 -0.4440
vn 0.9354 0.3512 0.0398
vn 0.8768 0.4221 -0.2305
vn 0.9836 0.1791 0.0191
vn 0.9436 0.2083 0.2573
vn 0.9967 0.0782 -0.0214
vn 0.7415 0.5319 -0.4090
vn -0.1943 0.3952 -0.8978
vn 0.2211 0.4084 -0.8856
vn 0.0512 0.4493 -0.8919
vn -0.0309 0.4702 -0.8820
vn 0.4158 0.3814 -0.8256
vn 0.5847 0.2989 -0.7542
vn 0.6092 0.2355 -0.7572
vn 0.0697 -0.0892 0.9936
vn 0.9194 0.3317 0.2114
vn 0.8623 0.4820 0.1554
vn 0.3948 0.3605 0.8451
vn 0.9019 0.3474 0.2568
vn 0.4356 0.1739 0.8832
vn 0.8751 0.2686 0.4025
vn 0.3559 -0.0148 0.9344
vn 0.8070 0.1377 0.5743
vn 0.2531 -0.3771 0.8909
vn 0.6252 -0.1689 0.7620
vn 0.1384 -0.2649 0.9543
vn -0.0876 -0.2786 0.9564
vn -0.2834 -0.4177 0.8633
vn 0.8643 -0.4512 -0.2223
vn 0.9971 -0.0758 -0.0072
vn 0.9629 -0.0051 -0.2697
vn 0.4268 0.5557 -0.7135
vn 0.6790 0.4194 -0.6026
vn 0.2221 0.6398 -0.7358
vn -0.0188 0.9964 0.0828
vn 0.2906 -0.0524 -0.9554
vn 0.1255 0.0693 -0.9897
vn -0.8989 -0.3524 -0.2602
vn -0.5963 -0.5373 -0.5964
vn -0.4953 -0.4989 -0.7112
vn -0.4444 -0.4500 -0.7746
vn -0.3590 -0.4093 -0.8388
vn -0.7403 -0.3323 -0.5844
vn -0.7600 -0.2633 -0.5942
vn -0.2814 -0.3044 -0.9100
vn 0.0680 -0.2534 -0.9650
vn 0.3587 -0.2436 -0.9011
vn 0.4266 -0.2396 -0.8721
vn 0.5493 -0.2152 -0.8074
vn 0.5738 -0.2092 -0.7918
vn 0.6614 -0.1730 -0.7298
vn 0.6929 -0.1591 -0.7032
vn 0.6571 -0.1102 -0.7457
vn 0.7190 -0.0930 -0.6888
vn 0.7329 -0.0671 -0.6770
vn 0.8423 -0.0480 -0.5369
vn 0.9272 -0.0278 -0.3735
vn 0.9896 0.0783 0.1209
vn 0.9337 0.0341 0.3565
vn 0.7641 0.0130 0.6450
vn 0.6789 0.4812 0.5546
vn 0.2587 0.3353 0.9059
vn -0.2956 0.2796 -0.9135
vn -0.2819 0.3262 -0.9023
vn -0.3050 0.2516 -0.9185
vn -0.3220 0.2074 -0.9237
vn -0.5686 0.0197 -0.8224
vn -0.6451 0.0430 -0.7629
vn -0.5696 0.0033 -0.8219
vn -0.6221 -0.0554 -0.7810
vn -0.6632 -0.2271 -0.7132
vn -0.6644 -0.2846 -0.6911
vn -0.9612 -0.2001 -0.1900
vn -0.9046 -0.2448 -0.3490
vn -0.9554 -0.2724 -0.1144
vn 0.9864 -0.1210 -0.1114
vn 0.8819 0.0824 -0.4642
vn 0.6116 0.4026 -0.6811
vn 0.9729 -0.0541 -0.2250
vn 0.9658 -0.2361 -0.1074
vn 0.7169 0.0726 -0.6934
vn 0.5132 0.2792 -0.8116
vn 0.5384 0.4938 -0.6829
vn 0.4960 0.3523 -0.7936
vn 0.9913 -0.0125 -0.1311
vn 0.7758 0.3306 -0.5374
vn -0.9979 0.0277 0.0592
vn -0.9967 0.0704 0.0407
vn 0.9808 -0.1601 -0.1114
vn 0.7745 0.3435 -0.5311
vn 0.8974 0.2688 0.3498
vn -0.1973 0.3347 -0.9214
vn 0.1639 0.3805 -0.9101
vn -0.0129 0.4151 -0.9097
vn 0.7862 0.5538 -0.2740
vn 0.6683 0.4367 -0.6022
vn 0.8865 -0.0053 -0.4627
vn 0.6871 0.2915 -0.6655
vn 0.7410 0.2719 -0.6140
vn 0.8368 0.3513 -0.4200
vn 0.9367 0.3070 -0.1684
vn 0.9833 0.1475 0.1064
vn 0.8912 -0.0194 0.4532
vn 0.7853 -0.0685 0.6153
vn 0.3466 -0.2759 0.8965
vn 0.3768 -0.3005 0.8762
vn 0.0914 0.3374 -0.9369
vn 0.6155 0.2574 -0.7449
vn 0.3160 0.3213 -0.8927
vn 0.5477 0.4128 -0.7278
vn -0.4029 0.1056 -0.9091
vn -0.6245 -0.0929 -0.7755
vn -0.6858 -0.3276 -0.6499
vn -0.8951 -0.3348 -0.2946
vn 0.2191 0.3610 -0.9065
vn 0.1827 0.2752 -0.9439
vn -0.7437 -0.4384 -0.5046
vn -0.1738 0.2935 -0.9400
vn -0.9258 -0.2773 -0.2569
vn -0.4576 -0.5002 -0.7351
vn -0.4097 -0.4641 -0.7853
vn -0.2836 -0.4304 -0.8569
vn -0.7676 -0.3326 -0.5479
vn -0.7244 -0.2600 -0.6385
vn -0.2711 -0.2877 -0.9186
vn 0.0568 -0.2374 -0.9697
vn 0.3283 -0.2381 -0.9141
vn 0.4290 -0.2084 -0.8789
vn 0.5307 -0.1130 -0.8400
vn -0.1504 0.2499 -0.9565
vn -0.2178 0.2051 -0.9542
vn -0.3666 0.0915 -0.9259
vn -0.3679 0.0523 -0.9284
vn -0.3218 0.0228 -0.9465
vn -0.3709 -0.0078 -0.9286
vn -0.4865 -0.1698 -0.8570
vn -0.5382 -0.2399 -0.8079
vn -0.7777 -0.3602 -0.5151
vn 0.5944 -0.1127 -0.7962
vn 0.6779 -0.1157 -0.7260
vn 0.6929 -0.1287 -0.7094
vn 0.6981 -0.1152 -0.7067
vn 0.7048 -0.0650 -0.7064
vn 0.7324 -0.0341 -0.6800
vn 0.7562 -0.0241 -0.6539
vn 0.8474 -0.0166 -0.5307
vn 0.9675 0.0734 -0.2420
vn 0.9855 0.0588 -0.1593
vn 0.9974 0.0646 0.0327
vn 0.5563 -0.0782 -0.8273
vn 0.9908 0.0548 -0.1239
vn 0.9160 0.2889 0.2784
vn 0.2367 0.2822 -0.9297
vn 0.3083 0.3015 -0.9022
vn -0.8892 -0.2139 -0.4045
vn -0.7391 -0.3290 -0.5877
vn -0.9999 -0.0032 0.0169
vn 0.8868 -0.3626 -0.2865
vn 0.8800 -0.4713 -0.0595
vn -0.9915 -0.1290 0.0184
vn 0.9076 -0.0923 -0.4095
vn 0.9515 -0.0065 -0.3075
vn 0.6681 -0.0117 -0.7440
vn 0.7228 0.2203 -0.6550
vn -0.5692 -0.4034 -0.7164
vn 0.0825 0.3157 -0.9453
vn 0.0990 0.3547 -0.9297
vn 0.2316 0.2877 -0.9293
vn 0.6143 0.1908 -0.7657
vn -0.4823 -0.3676 -0.7951
vn -0.6461 -0.4162 -0.6397
vn 0.7982 0.1550 -0.5821
vn 0.9895 0.1428 -0.0217
vn 0.9206 0.3890 0.0344
vn 0.8814 0.2235 -0.4163
vn 0.4186 0.2891 -0.8609
vn 0.9176 0.2210 0.3305
vn -0.3473 -0.0441 -0.9367
vn 0.9543 -0.1225 -0.2727
vn 0.7437 -0.1019 -0.6607
vn 0.9336 -0.1964 -0.2997
vn 0.6146 0.0836 -0.7844
vn 0.4774 0.2460 -0.8435
vn 0.4820 0.3729 -0.7928
vn 0.6340 0.3960 -0.6643
vn 0.8210 0.3380 -0.4602
vn 0.9554 0.2388 -0.1736
vn 0.9849 0.1513 0.0840
vn 0.9353 -0.2009 0.2913
vn 0.3445 0.2934 -0.8918
vn -0.2396 0.1496 -0.9593
vn 0.5558 0.1322 -0.8208
vn -0.5932 -0.4168 -0.6887
vn -0.8430 -0.2514 -0.4755
vn -0.9906 -0.0234 -0.1351
vn 0.5496 0.1869 -0.8143
vn 0.6674 -0.0238 -0.7444
vn 0.6682 -0.0058 -0.7440
vn 0.7010 -0.0216 -0.7129
vn 0.7234 -0.0197 -0.6901
vn 0.7412 -0.0146 -0.6712
vn 0.7610 -0.0134 -0.6487
vn 0.8762 0.0344 -0.4806
vn 0.9051 0.0346 -0.4237
vn -0.7570 -0.3837 -0.5290
vn -0.4738 -0.5175 -0.7126
vn -0.3674 -0.5005 -0.7839
vn -0.2111 0.1148 -0.9707
vn -0.2407 0.0608 -0.9687
vn -0.1945 0.0533 -0.9795
vn -0.2227 0.0216 -0.9746
vn 0.0698 0.2704 -0.9602
vn -0.2691 -0.4776 -0.8363
vn -0.5126 -0.4160 -0.7511
vn -0.6786 -0.2505 -0.6905
vn -0.2506 -0.2830 -0.9258
vn 0.0545 -0.2293 -0.9718
vn 0.2958 -0.2091 -0.9321
vn 0.4549 -0.1145 -0.8832
vn 0.5472 0.0739 -0.8337
vn 0.5444 0.2558 -0.7989
vn 0.0073 0.2158 -0.9764
vn -0.3382 -0.1174 -0.9337
vn -0.3893 -0.2053 -0.8979
vn 0.8348 0.0964 -0.5420
vn 0.7896 0.3445 -0.5078
vn -0.5284 -0.4415 -0.7252
vn -0.4110 -0.4692 -0.7816
vn 0.9135 -0.0882 -0.3972
vn 0.9119 -0.3219 -0.2545
vn 0.2688 0.3599 -0.8934
vn 0.2232 0.3813 -0.8971
vn 0.7509 -0.0637 -0.6573
vn 0.6095 0.3428 -0.7149
vn 0.5506 0.1970 -0.8112
vn -0.3464 -0.4855 -0.8027
vn -0.9138 0.1875 0.3604
vn 0.4765 0.4482 -0.7563
vn -0.3878 -0.4661 -0.7952
vn 0.6249 0.1350 -0.7690
vn 0.7411 0.0321 -0.6707
vn -0.2791 -0.2897 -0.9155
vn -0.0668 0.1620 -0.9845
vn 0.4368 0.1709 -0.8832
vn -0.5122 -0.4374 -0.7392
vn 0.1201 0.3064 -0.9443
vn 0.3322 0.2361 -0.9132
vn -0.1720 -0.0160 -0.9850
vn -0.4284 -0.4521 -0.7824
vn 0.6914 0.0465 -0.7210
vn 0.6251 0.1032 -0.7737
vn 0.5761 0.1566 -0.8023
vn 0.5186 0.2243 -0.8251
vn 0.4749 0.2502 -0.8437
vn 0.9524 0.1948 -0.2345
vn 0.7940 -0.1906 -0.5773
vn -0.9977 0.0143 0.0661
vn -0.0795 0.1235 -0.9892
vn -0.4493 -0.4509 -0.7712
vn 0.3820 0.4276 -0.8193
vn -0.1723 -0.0678 -0.9827
vn -0.1945 -0.1461 -0.9700
vn -0.1271 0.0906 -0.9877
vn -0.0667 0.0784 -0.9947
vn -0.0702 0.0628 -0.9956
vn 0.4659 0.2474 -0.8495
vn 0.3327 0.2778 -0.9012
vn 0.9296 0.3520 -0.1092
vn 0.9494 -0.2827 0.1372
vn 0.9320 -0.3517 -0.0874
vn 0.7852 0.0395 -0.6180
vn 0.5404 0.2292 -0.8096
vn 0.3541 0.3447 -0.8694
vn 0.3350 0.3957 -0.8551
vn 0.4370 0.3720 -0.8189
vn 0.5980 0.3894 -0.7005
vn 0.8818 0.2782 -0.3809
vn 0.8144 0.0039 -0.5803
vn 0.7254 -0.1308 -0.6757
vn -0.3326 -0.5044 -0.7969
vn -0.3082 -0.4959 -0.8118
vn -0.1459 -0.4851 -0.8622
vn -0.6360 -0.3740 -0.6750
vn -0.6204 -0.2718 -0.7356
vn -0.2167 -0.2801 -0.9352
vn 0.2891 -0.1626 -0.9434
vn 0.0673 -0.2182 -0.9736
vn 0.5181 0.0383 -0.8545
vn 0.5717 0.2860 -0.7690
vn 0.5705 0.4063 -0.7138
vn -0.2964 -0.5181 -0.8023
vn 0.3520 0.2867 -0.8910
vn 0.2622 0.3330 -0.9057
vn 0.1238 0.2328 -0.9646
vn 0.0792 0.1973 -0.9771
vn 0.7809 0.1124 -0.6145
vn 0.8647 -0.2292 -0.4470
vn 0.5553 0.3751 -0.7422
vn 0.6013 0.1357 -0.7874
vn 0.4534 0.2526 -0.8548
vn 0.5557 0.4191 -0.7181
vn -0.2348 -0.4681 -0.8519
vn 0.3486 0.3779 -0.8577
vn 0.2030 0.2312 -0.9515
vn 0.3371 0.3184 -0.8860
vn 0.6521 -0.0463 -0.7568
vn 0.8550 -0.4067 -0.3219
vn 0.4325 0.2888 -0.8541
vn -0.2840 -0.4853 -0.8269
vn -0.1914 -0.5039 -0.8423
vn -0.3577 -0.4718 -0.8059
vn -0.2587 -0.4775 -0.8397
vn 0.1798 0.3016 -0.9363
vn 0.5019 0.1782 -0.8464
vn 0.3647 0.3482 -0.8635
vn 0.2944 0.3991 -0.8684
vn -0.1107 -0.1403 -0.9839
vn -0.0720 0.0312 -0.9969
vn 0.4762 0.1478 -0.8668
vn 0.0503 0.1540 -0.9868
vn 0.0043 0.1238 -0.9923
vn 0.4038 0.4517 -0.7956
vn 0.9900 0.0369 -0.1364
vn 0.7106 -0.6261 0.3211
vn 0.9136 -0.4056 0.0285
vn 0.8966 -0.0623 -0.4384
vn 0.7020 0.1405 -0.6982
vn 0.4602 0.2908 -0.8389
vn 0.2887 0.2942 -0.9111
vn 0.2084 0.2968 -0.9319
vn 0.1592 0.3779 -0.9121
vn 0.7695 0.1616 -0.6179
vn 0.5587 0.2579 -0.7883
vn 0.5978 0.1491 -0.7877
vn -0.4023 -0.4464 -0.7993
vn -0.5504 -0.2786 -0.7871
vn 0.6640 0.2219 -0.7140
vn 0.6933 0.2576 -0.6730
vn 0.6277 0.0997 -0.7720
vn 0.3155 -0.1340 -0.9394
vn 0.0940 -0.2078 -0.9736
vn -0.1677 -0.2764 -0.9463
vn 0.1649 0.3671 -0.9154
vn 0.1859 0.3746 -0.9083
vn 0.0185 0.0881 -0.9959
vn 0.0040 0.0759 -0.9971
vn 0.1355 0.1808 -0.9741
vn 0.2393 0.1758 -0.9549
vn -0.0704 -0.0250 -0.9972
vn -0.0685 -0.0967 -0.9930
vn 0.5757 0.4005 -0.7129
vn 0.7754 0.0537 -0.6292
vn 0.4687 0.4528 -0.7585
vn 0.7021 0.2365 -0.6717
vn 0.8529 -0.0123 -0.5220
vn -0.0061 0.0523 -0.9986
vn -0.1569 -0.4677 -0.8698
vn 0.0745 0.1429 -0.9869
vn 0.3505 0.1600 -0.9228
vn 0.2832 0.2486 -0.9263
vn 0.3793 0.3063 -0.8731
vn 0.2448 0.4753 -0.8451
vn -0.1266 -0.3501 -0.9281
vn 0.2624 0.2296 -0.9372
vn 0.1999 0.3907 -0.8986
vn 0.8524 -0.3350 -0.4014
vn 0.7189 0.0959 -0.6885
vn 0.2440 0.3866 -0.8894
vn 0.2443 0.4136 -0.8771
vn 0.1918 0.4587 -0.8676
vn 0.1362 0.3728 -0.9179
vn -0.2902 -0.4885 -0.8229
vn 0.1054 0.1627 -0.9810
vn 0.3698 0.5106 -0.7763
vn 0.8008 0.0878 -0.5925
vn 0.6515 0.2174 -0.7268
vn 0.1644 0.3661 -0.9159
vn 0.3348 0.2965 -0.8944
vn -0.4364 -0.4282 -0.7914
vn -0.4608 -0.2932 -0.8377
vn 0.4941 0.2709 -0.8261
vn 0.6505 0.2214 -0.7266
vn 0.8388 0.0203 -0.5440
vn 0.9386 -0.1643 -0.3035
vn 0.8507 -0.4964 0.1728
vn 0.7421 -0.6209 0.2524
vn 0.9247 -0.2440 -0.2922
vn 0.7008 0.2109 -0.6815
vn -0.0913 -0.2623 -0.9607
vn 0.1246 -0.1957 -0.9727
vn 0.3119 -0.1409 -0.9396
vn 0.6457 0.1016 -0.7568
vn 0.7494 0.1225 -0.6507
vn 0.7028 -0.0559 -0.7092
vn 0.2788 0.1598 -0.9470
vn 0.4027 0.1527 -0.9025
vn 0.0503 -0.1431 -0.9884
vn 0.1082 -0.1142 -0.9875
vn 0.0700 -0.0279 -0.9972
vn 0.1501 0.3887 -0.9090
vn 0.1472 0.3713 -0.9168
vn 0.5575 0.3446 -0.7552
vn 0.4794 0.3361 -0.8107
vn 0.1453 0.0639 -0.9873
vn 0.6798 0.2493 -0.6897
vn 0.1695 0.0355 -0.9849
vn 0.2046 0.1469 -0.9678
vn 0.7534 -0.0986 -0.6501
vn 0.2599 0.2337 -0.9369
vn 0.5368 0.3108 -0.7844
vn 0.1660 0.3984 -0.9021
vn 0.7620 -0.0115 -0.6474
vn 0.7083 0.1688 -0.6855
vn 0.3584 0.1390 -0.9232
vn -0.0844 -0.4317 -0.8981
vn 0.8827 -0.4671 0.0520
vn 0.9286 -0.3687 0.0425
vn 0.9361 -0.1237 -0.3293
vn 0.8029 0.1509 -0.5767
vn 0.6220 0.2406 -0.7451
vn 0.5956 0.2145 -0.7741
vn 0.0703 -0.2269 -0.9714
vn 0.7302 -0.1741 -0.6607
vn 0.2645 0.4531 -0.8513
vn 0.8909 -0.4077 -0.2001
vn 0.9079 -0.3548 -0.2233
vn 0.8863 -0.4528 -0.0969
vn 0.1340 0.4647 -0.8753
vn 0.1568 0.4270 -0.8906
vn 0.2590 0.0883 -0.9618
vn 0.6729 -0.1444 -0.7255
vn 0.7156 0.0292 -0.6979
vn 0.6607 0.1269 -0.7398
vn 0.3578 -0.1209 -0.9259
vn 0.1536 -0.1765 -0.9722
vn 0.0086 -0.2300 -0.9731
vn 0.2101 -0.1106 -0.9714
vn 0.1831 -0.1528 -0.9711
vn 0.2506 -0.0414 -0.9672
vn 0.7878 -0.0382 -0.6147
vn 0.7510 0.0457 -0.6587
vn -0.4302 -0.4224 -0.7978
vn -0.3232 -0.2978 -0.8983
vn 0.6996 0.0683 -0.7113
vn 0.5408 0.1906 -0.8193
vn 0.3651 0.3276 -0.8714
vn 0.2595 0.0271 -0.9654
vn 0.2522 0.2252 -0.9411
vn 0.0818 -0.2098 -0.9743
vn -0.2558 -0.4327 -0.8645
vn -0.1140 -0.2825 -0.9525
vn 0.7282 -0.1376 -0.6714
vn 0.8094 -0.1129 -0.5763
vn 0.6021 0.1940 -0.7745
vn 0.5675 0.2585 -0.7817
vn 0.7624 0.0669 -0.6436
vn 0.8267 -0.1360 -0.5459
vn 0.8784 -0.1458 -0.4552
vn 0.9162 -0.2796 -0.2871
vn 0.8161 -0.0717 -0.5734
vn 0.6600 0.1844 -0.7283
vn 0.3774 0.3495 -0.8575
vn 0.3743 0.3482 -0.8594
vn 0.9256 -0.3563 -0.1281
vn 0.9422 -0.2958 -0.1576
vn 0.9338 -0.2415 -0.2641
vn 0.3112 0.0386 -0.9496
vn 0.6940 0.2083 -0.6892
vn 0.7722 0.1904 -0.6062
vn 0.6271 -0.1603 -0.7622
vn 0.2987 -0.0953 -0.9496
vn 0.2808 -0.1004 -0.9545
vn 0.3554 -0.0282 -0.9343
vn 0.8799 0.0716 -0.4698
vn 0.8256 -0.1041 -0.5546
vn 0.6581 0.0451 -0.7516
vn 0.7386 0.1862 -0.6479
vn 0.6587 -0.1031 -0.7453
vn 0.7891 -0.0545 -0.6118
vn 0.6917 -0.1413 -0.7082
vn 0.3777 0.0135 -0.9258
vn 0.6033 0.0779 -0.7937
vn 0.6836 0.0155 -0.7297
vn 0.8002 0.2006 -0.5653
vn 0.8278 0.1246 -0.5470
vn 0.7785 0.1088 -0.6182
vn 0.8237 -0.0137 -0.5668
vn 0.9425 -0.2657 -0.2028
vn 0.9198 -0.2162 -0.3275
vn 0.9424 -0.0516 -0.3304
vn 0.8335 -0.0271 -0.5519
vn 0.9552 -0.1345 -0.2638
vn 0.8363 0.2013 -0.5100
vn 0.8703 0.1271 -0.4759
vn 0.5464 -0.0976 -0.8318
vn 0.5039 -0.0899 -0.8591
vn 0.4676 -0.0733 -0.8809
vn 0.5112 0.0009 -0.8594
vn 0.8687 -0.1670 -0.4664
vn 0.7103 -0.1045 -0.6961
vn 0.5435 -0.0124 -0.8393
vn 0.8500 0.0705 -0.5220
vn 0.9299 -0.1880 -0.3160
vn 0.9578 -0.1947 -0.2113
vn 0.8928 0.1242 -0.4331
vn 0.8547 0.1521 -0.4964
vn 0.5229 0.0999 -0.8465
vn 0.6623 -0.0870 -0.7442
vn 0.7681 -0.0325 -0.6395
vn 0.6089 -0.0992 -0.7870
vn 0.8588 0.1924 -0.4748
vn 0.9063 0.0586 -0.4186
vn 0.5984 -0.0257 -0.8008
vn 0.5725 -0.0185 -0.8197
vn 0.8147 0.0382 -0.5786
vn 0.8267 0.1053 -0.5528
vn 0.7968 -0.1634 -0.5817
vn 0.8624 -0.1400 -0.4865
vn 0.8186 -0.0864 -0.5679
vn 0.8415 0.1188 -0.5270
vn 0.7285 -0.0536 -0.6829
vn 0.7359 -0.1210 -0.6662
vn 0.9203 -0.0234 -0.3904
vn 0.8556 0.1454 -0.4968
vn 0.8510 0.1643 -0.4988
vn 0.8894 -0.0103 -0.4571
vn 0.6550 -0.0653 -0.7528
s 1
f 12//1 135//2 11//3
f 172//4 147//5 148//6
f 124//7 110//8 125//9
f 96//10 97//11 115//12
f 38//13 41//14 161//15
f 161//15 43//16 187//17
f 523//18 203//19 469//20
f 1//21 2//22 127//23 114//24
f 2//22 3//25 126//26 127//23
f 3//25 4//27 128//28 126//26
f 5//29 129//30 128//28 4//27
f 13//31 14//32 137//33 136//34
f 15//35 138//36 137//33 14//32
f 139//37 138//36 15//35 16//38
f 16//38 17//39 140//40 139//37
f 141//41 140//40 17//39 18//42
f 142//43 141//41 18//42 19//44
f 20//45 143//46 142//43 19//44
f 143//46 20//45 21//47 144//48
f 22//49 145//50 144//48 21//47
f 145//50 22//49 23//51 146//52
f 146//52 23//51 24//53 147//5
f 147//5 24//53 25//54 148//6
f 148//6 25//54 26//55 149//56
f 149//56 26//55 27//57 150//58
f 150//58 27//57 28//59 151//60
f 28//59 29//61 152//62 151//60
f 152//62 29//61 30//63 153//64
f 153//64 30//63 31//65 154//66
f 154//66 31//65 32//67 155//68
f 155//68 32//67 33//69 156//70
f 156//70 33//69 34//71 157//72
f 157//72 34//71 35//73 158//74
f 159//75 158//74 35//73 36//76
f 36//76 37//77 160//78 159//75
f 37//77 38//13 161//15 160//78
f 38//13 39//79 40//80 41//14
f 161//15 41//14 42//81 43//16
f 113//82 114//24 127//23 126//26
f 163//83 162//84 137//33 138//36
f 163//83 138//36 139//37 164//85
f 164//85 139//37 140//40 165//86
f 174//87 173//88 149//56 150//58
f 175//89 174//87 150//58 151//60
f 151//60 152//62 176//90 175//89
f 152//62 178//91 177//92 176//90
f 178//91 152//62 153//64 179//93
f 179//93 153//64 154//66 180//94
f 180//94 154//66 155//68 181//95
f 181//95 155//68 156//70 182//96
f 182//96 156//70 157//72 183//97
f 183//97 157//72 158//74 184//98
f 184//98 158//74 159//75 185//99
f 159//75 160//78 186//100 185//99
f 160//78 161//15 187//17 186//100
f 253//101 176//90 177//92 178//91
f 129//30 5//29 6//102 130//103
f 12//1 13//31 136//34 135//2
f 64//104 65//105 66//106 116//107
f 86//108 87//109 88//110 122//111
f 88//110 87//109 94//112 115//12
f 97//11 98//113 99//114 115//12
f 99//114 98//113 105//115 123//116
f 165//86 140//40 141//41 166//117
f 148//6 149//56 173//88 172//4
f 130//103 6//102 7//118 131//119
f 131//119 7//118 8//120 132//121
f 132//121 8//120 9//122 133//123
f 133//123 9//122 10//124 134//125
f 134//125 10//124 11//3 135//2
f 187//17 43//16 44//126 413//127
f 48//128 49//129 414//130 47//131
f 63//132 64//104 116//107 415//133
f 116//107 66//106 67//134 68//135
f 116//107 68//135 69//136 117//137
f 117//137 69//136 70//138 71//139
f 117//137 71//139 72//140 118//141
f 118//141 72//140 73//142 74//143
f 118//141 74//143 75//144 119//145
f 119//145 75//144 76//146 77//147
f 77//147 78//148 120//149 119//145
f 120//149 78//148 79//150 80//151
f 88//110 89//152 416//153 122//111
f 88//110 115//12 324//154 89//152
f 324//154 115//12 99//114 100//155
f 115//12 94//112 95//156 96//10
f 324//154 100//155 101//157 417//158
f 99//114 123//116 418//159 100//155
f 123//116 105//115 106//160 107//161
f 123//116 107//161 108//162 124//7
f 124//7 108//162 109//163 110//8
f 415//133 116//107 117//137 225//164
f 225//164 117//137 118//141 249//165
f 249//165 118//141 119//145 419//166
f 419//166 119//145 120//149 420//167
f 123//116 124//7 421//168 418//159
f 113//82 126//26 125//9 112//169
f 126//26 128//28 422//170 125//9
f 128//28 129//30 423//171 422//170
f 129//30 130//103 424//172 423//171
f 130//103 131//119 425//173 424//172
f 425//173 131//119 132//121 426//174
f 426//174 132//121 133//123 427//175
f 427//175 133//123 134//125 428//176
f 428//176 134//125 135//2 429//177
f 135//2 136//34 430//178 429//177
f 136//34 137//33 162//84 430//178
f 166//117 141//41 142//43 167//179
f 167//179 142//43 143//46 168//180
f 168//180 143//46 144//48 169//181
f 169//181 144//48 145//50 170//182
f 170//182 145//50 146//52 171//183
f 171//183 146//52 147//5 172//4
f 175//89 176//90 253//101 431//184
f 253//101 178//91 179//93 432//185
f 179//93 180//94 433//186 432//185
f 180//94 181//95 434//187 433//186
f 181//95 182//96 435//188 434//187
f 182//96 183//97 244//189 435//188
f 183//97 184//98 214//190 244//189
f 184//98 185//99 436//191 214//190
f 185//99 186//100 437//192 436//191
f 186//100 187//17 413//127 437//192
f 62//193 63//132 415//133 438//194
f 61//195 62//193 438//194 439//196
f 122//111 84//197 85//198 86//108
f 122//111 121//199 83//200 84//197
f 121//199 81//201 82//202 83//200
f 121//199 120//149 80//151 81//201
f 420//167 120//149 121//199 440//203
f 440//203 121//199 122//111 416//153
f 417//158 188//204 463//205
f 90//206 89//152 324//154 417//158
f 125//9 110//8 111//207 112//169
f 441//208 174//87 175//89 431//184
f 442//209 173//88 174//87 441//208
f 443//210 172//4 173//88 442//209
f 444//211 171//183 172//4 443//210
f 445//212 170//182 171//183 444//211
f 446//213 169//181 170//182 445//212
f 168//180 169//181 446//213 447//214
f 167//179 168//180 447//214 448//215
f 166//117 167//179 448//215 449//216
f 165//86 166//117 449//216 450//217
f 164//85 165//86 450//217 451//218
f 452//219 163//83 164//85 451//218
f 453//220 162//84 163//83 452//219
f 497//221 53//222 54//223 454//224
f 55//225 56//226 229//227 455//228
f 56//226 57//229 456//230 229//227
f 58//231 59//232 458//233 457//234
f 59//232 60//235 459//236 458//233
f 460//237 90//206 91//238 461//239
f 461//239 91//238 92//240 462//241
f 189//242 92//240 91//238 463//205
f 479//243 189//242 192//244
f 465//245 102//246 103//247 464//248
f 464//248 103//247 104//249 236//250
f 103//247 102//246 467//251 466//252
f 413//127 44//126 45//253 200//254
f 463//205 91//238 90//206 417//158
f 421//168 124//7 125//9 422//170
f 51//255 201//256 468//257 50//258
f 53//222 250//259 469//20 52//260
f 422//170 423//171 239//261 421//168
f 239//261 423//171 424//172 470//262
f 188//204 417//158 101//157 102//246
f 47//131 414//130 197//263 46//264
f 438//194 415//133 225//164 306//265
f 424//172 425//173 471//266 470//262
f 425//173 426//174 243//267 471//266
f 243//267 426//174 427//175 212//268
f 306//265 225//164 249//165 314//269
f 100//155 418//159 218//270 101//157
f 218//270 418//159 421//168 239//261
f 427//175 428//176 472//271 212//268
f 428//176 429//177 473//272 472//271
f 314//269 249//165 419//166 474//273
f 474//273 419//166 420//167 475//274
f 475//274 420//167 440//203 207//275
f 207//275 440//203 416//153 217//276
f 217//276 416//153 89//152 90//206
f 429//177 430//178 476//277 473//272
f 430//178 162//84 453//220 476//277
f 61//195 439//196 226//278 60//235
f 55//225 455//228 454//224 54//223
f 58//231 457//234 272//279 57//229
f 217//276 90//206 460//237 477//280
f 477//280 460//237 461//239 194//281
f 194//281 461//239 462//241 478//282
f 188//204 102//246 465//245 192//244
f 465//245 464//248 479//243 192//244
f 464//248 236//250 480//283 479//243
f 103//247 466//252 196//284 104//249
f 437//192 413//127 200//254 481//285
f 195//286 467//251 102//246 101//157
f 436//191 437//192 481//285 482//287
f 214//190 436//191 482//287 483//288
f 439//196 438//194 306//265 211//289
f 244//189 214//190 483//288 271//290
f 435//188 244//189 271//290 484//291
f 434//187 435//188 484//291 309//292
f 433//186 434//187 309//292 485//293
f 432//185 433//186 485//293 282//294
f 234//295 253//101 432//185 282//294
f 199//296 414//130 49//129 50//258
f 431//184 253//101 234//295 283//297
f 441//208 431//184 283//297 254//298
f 486//299 442//209 441//208 254//298
f 487//300 443//210 442//209 486//299
f 238//301 444//211 443//210 487//300
f 266//302 445//212 444//211 238//301
f 304//303 446//213 445//212 266//302
f 447//214 446//213 304//303 488//304
f 448//215 447//214 488//304 489//305
f 449//216 448//215 489//305 490//306
f 450//217 449//216 490//306 491//307
f 451//218 450//217 491//307 492//308
f 493//309 452//219 451//218 492//308
f 453//220 452//219 493//309 298//310
f 494//311 45//253 46//264 197//263
f 200//254 45//253 494//311 193//312
f 203//19 51//255 52//260 469//20
f 497//221 454//224 495//313 496//314
f 497//221 496//314 250//259 53//222
f 456//230 57//229 272//279 498//315
f 499//316 229//227 456//230 498//315
f 459//236 60//235 226//278 500//317
f 458//233 459//236 500//317 501//318
f 502//319 457//234 458//233 501//318
f 462//241 92//240 93//320 198//321
f 503//322 236//250 104//249 504//323
f 192//244 189//242 463//205 188//204
f 466//252 467//251 505//324 506//325
f 480//283 92//240 189//242 479//243
f 201//256 51//255 203//19 507//326
f 455//228 229//227 508//327 274//328
f 259//329 509//330 93//320 92//240
f 198//321 93//320 509//330 351//331
f 504//323 104//249 196//284 270//332
f 195//286 101//157 218//270 231//333
f 467//251 195//286 231//333 505//324
f 231//333 218//270 239//261 470//262
f 466//252 506//325 510//334 196//284
f 481//285 200//254 193//312 511//335
f 414//130 199//296 512//336 197//263
f 454//224 455//228 274//328 495//313
f 476//277 453//220 298//310 513//337
f 259//329 92//240 480//283 514//338
f 514//338 480//283 236//250 223//339
f 439//196 211//289 267//340 226//278
f 306//265 314//269 285//341 211//289
f 285//341 314//269 474//273 204//342
f 204//342 474//273 475//274 258//343
f 475//274 207//275 248//344 258//343
f 207//275 217//276 477//280 248//344
f 478//282 462//241 198//321 515//345
f 199//296 50//258 468//257 516//346
f 248//344 477//280 194//281 256//347
f 256//347 194//281 478//282 235//348
f 508//327 229//227 499//316 215//349
f 517//350 502//319 277//351
f 457//234 502//319 517//350 272//279
f 223//339 236//250 503//322 518//352
f 518//352 503//322 504//323 228//353
f 473//272 476//277 513//337 297//354
f 472//271 473//272 297//354 240//355
f 212//268 472//271 240//355 241//356
f 219//357 243//267 212//268 241//356
f 233//358 471//266 243//267 219//357
f 227//359 470//262 471//266 233//358
f 482//287 481//285 511//335 222//360
f 483//288 482//287 222//360 247//361
f 271//290 483//288 247//361 519//362
f 500//317 226//278 267//340 216//363
f 501//318 500//317 216//363 520//364
f 521//365 494//311 197//263 512//336
f 193//312 494//311 521//365 522//366
f 507//326 203//19 523//18 326//367
f 523//18 469//20 250//259 524//368
f 293//369 298//310 493//309 224//370
f 224//370 493//309 492//308 311//371
f 492//308 491//307 263//372 311//371
f 491//307 490//306 525//373 263//372
f 490//306 489//305 265//374 525//373
f 489//305 488//304 262//375 265//374
f 488//304 304//303 526//376 262//375
f 304//303 266//302 527//377 526//376
f 527//377 266//302 238//301 528//378
f 528//378 238//301 487//300 255//379
f 255//379 487//300 486//299 529//380
f 486//299 254//298 310//381 529//380
f 254//298 283//297 284//382 310//381
f 283//297 234//295 530//383 284//382
f 234//295 282//294 339//384 530//383
f 282//294 485//293 278//385 339//384
f 485//293 309//292 280//386 278//385
f 309//292 484//291 531//387 280//386
f 484//291 271//290 519//362 531//387
f 498//315 272//279 230//388 273//389
f 499//316 498//315 273//389 356//390
f 277//351 502//319 501//318 520//364
f 506//325 505//324 227//359 532//391
f 534//392 468//257 201//256 533//393
f 533//393 201//256 507//326 347//394
f 535//395 496//314 495//313 536//396
f 537//397 274//328 508//327 276//398
f 509//330 259//329 349//399 348//400
f 227//359 505//324 231//333 470//262
f 495//313 274//328 537//397 536//396
f 511//335 193//312 522//366 209//401
f 516//346 468//257 534//392 538//402
f 270//332 196//284 510//334 539//403
f 510//334 506//325 532//391 539//403
f 478//282 515//345 391//404 235//348
f 347//394 507//326 326//367 325//405
f 276//398 508//327 215//349 358//406
f 258//343 248//344 256//347 257//407
f 257//407 256//347 235//348 221//408
f 230//388 272//279 517//350 277//351
f 513//337 298//310 293//369 540//409
f 532//391 227//359 233//358 232//410
f 232//410 233//358 219//357 541//411
f 541//411 219//357 241//356 542//412
f 241//356 240//355 261//413 542//412
f 240//355 297//354 260//414 261//413
f 297//354 513//337 540//409 260//414
f 515//345 198//321 351//331 543//415
f 351//331 509//330 348//400 544//416
f 349//399 259//329 514//338 545//417
f 545//417 514//338 223//339 287//418
f 287//418 223//339 518//352 237//419
f 518//352 228//353 546//420 237//419
f 512//336 199//296 516//346 538//402
f 215//349 499//316 356//390 547//421
f 519//362 247//361 246//422 548//423
f 247//361 222//360 190//424 246//422
f 222//360 511//335 209//401 190//424
f 520//364 216//363 549//425 206//426
f 549//425 216//363 267//340 268//427
f 267//340 211//289 550//428 268//427
f 550//428 211//289 285//341 286//429
f 286//429 285//341 204//342 551//430
f 551//430 204//342 258//343 257//407
f 496//314 535//395 524//368 250//259
f 521//365 512//336 538//402 202//431
f 522//366 521//365 202//431 209//401
f 531//387 519//362 548//423 307//432
f 280//386 531//387 307//432 279//433
f 278//385 280//386 279//433 552//434
f 339//384 278//385 552//434 553//435
f 554//436 534//392 533//393 328//437
f 328//437 533//393 347//394 325//405
f 293//369 224//370 295//438 292//439
f 224//370 311//371 296//440 295//438
f 311//371 263//372 555//441 320//442
f 263//372 525//373 264//443 555//441
f 264//443 525//373 265//374 344//444
f 265//374 262//375 305//445 344//444
f 262//375 526//376 556//446 305//445
f 526//376 527//377 342//447 556//446
f 527//377 528//378 557//448 342//447
f 528//378 255//379 340//449 557//448
f 255//379 529//380 558//450 340//449
f 529//380 310//381 559//451 558//450
f 310//381 284//382 560//452 559//451
f 284//382 530//383 561//453 560//452
f 530//383 339//384 553//435 561//453
f 504//323 270//332 562//454 228//353
f 273//389 230//388 386//455 404//456
f 356//390 273//389 404//456 563//457
f 564//458 523//18 524//368 252//459
f 326//367 523//18 564//458 565//460
f 277//351 520//364 386//455 230//388
f 566//461 535//395 536//396 275//462
f 348//400 349//399 567//463 350//464
f 537//397 276//398 275//462 536//396
f 202//431 538//402 534//392 554//436
f 209//401 202//431 554//436 190//424
f 252//459 524//368 535//395 566//461
f 539//403 532//391 232//410 242//465
f 562//454 270//332 539//403 242//465
f 546//420 228//353 213//466 568//467
f 215//349 547//421 569//468 358//406
f 235//348 391//404 390//469 221//408
f 257//407 221//408 191//470 551//430
f 276//398 358//406 570//471 275//462
f 540//409 293//369 292//439 571//472
f 544//416 348//400 350//464 410//473
f 547//421 356//390 563//457 572//474
f 232//410 541//411 573//475 242//465
f 541//411 542//412 604//476 573//475
f 574//477 542//412 261//413 575//478
f 261//413 260//414 576//479 575//478
f 576//479 260//414 540//409 571//472
f 543//415 351//331 544//416 410//473
f 567//463 349//399 545//417 577//480
f 577//480 545//417 287//418 578//481
f 578//481 287//418 237//419 579//482
f 579//482 237//419 546//420 580//483
f 549//425 268//427 581//484 206//426
f 268//427 550//428 269//485 581//484
f 269//485 550//428 286//429 395//486
f 395//486 286//429 551//430 191//470
f 190//424 554//436 328//437 327//487
f 327//487 328//437 325//405 582//488
f 325//405 326//367 565//460 582//488
f 296//440 311//371 320//442 312//489
f 213//466 228//353 562//454 583//490
f 246//422 190//424 327//487 584//491
f 548//423 246//422 584//491 585//492
f 307//432 548//423 585//492 245//493
f 279//433 307//432 245//493 316//494
f 552//434 279//433 316//494 281//495
f 553//435 552//434 281//495 365//496
f 561//453 553//435 365//496 364//497
f 560//452 561//453 364//497 586//498
f 559//451 560//452 586//498 587//499
f 558//450 559//451 587//499 341//500
f 340//449 558//450 341//500 588//501
f 557//448 340//449 588//501 589//502
f 342//447 557//448 589//502 590//503
f 556//446 342//447 590//503 591//504
f 305//445 556//446 591//504 370//505
f 344//444 305//445 370//505 345//506
f 264//443 344//444 345//506 555//441
f 313//507 320//442 555//441 345//506
f 251//508 566//461 275//462 570//471
f 564//458 252//459 593//509 592//510
f 594//511 565//460 564//458 592//510
f 391//404 515//345 595//512 389//513
f 595//512 515//345 543//415 409//514
f 386//455 520//364 206//426 596//515
f 404//456 386//455 596//515 597//516
f 563//457 404//456 597//516 355//517
f 598//518 292//439 295//438 599//519
f 599//519 295//438 296//440 312//489
f 353//520 350//464 567//463 600//521
f 583//490 562//454 242//465 573//475
f 600//521 567//463 577//480 210//522
f 580//483 546//420 568//467 601//523
f 221//408 390//469 602//524 191//470
f 583//490 573//475 604//476 603//525
f 574//477 603//525 604//476 542//412
f 584//491 327//487 582//488 605//526
f 582//488 565//460 594//511 605//526
f 350//464 353//520 352//527 410//473
f 390//469 391//404 389//513 606//528
f 572//474 563//457 355//517 607//529
f 547//421 572//474 385//530 569//468
f 566//461 251//508 330//531 252//459
f 409//514 543//415 410//473 608//532
f 210//522 577//480 578//481 609//533
f 609//533 578//481 579//482 610//534
f 610//534 579//482 580//483 611//535
f 571//472 292//439 598//518 612//536
f 613//537 395//486 191//470 602//524
f 585//492 584//491 605//526 321//538
f 593//509 252//459 330//531 614//539
f 322//540 592//510 593//509 614//539
f 594//511 592//510 322//540 605//526
f 596//515 206//426 581//484 615//541
f 597//516 596//515 615//541 405//542
f 355//517 597//516 405//542 205//543
f 616//544 576//479 571//472 612//536
f 575//478 576//479 616//544 289//545
f 290//546 574//477 575//478 289//545
f 213//466 583//490 603//525 617//547
f 568//467 213//466 617//547 291//548
f 245//493 585//492 321//538 308//549
f 316//494 245//493 308//549 618//550
f 281//495 316//494 618//550 323//551
f 365//496 281//495 323//551 208//552
f 364//497 365//496 208//552 619//553
f 586//498 364//497 619//553 399//554
f 587//499 586//498 399//554 220//555
f 341//500 587//499 220//555 620//556
f 343//557 588//501 341//500 620//556
f 589//502 588//501 343//557 373//558
f 590//503 589//502 373//558 621//559
f 591//504 590//503 621//559 371//560
f 370//505 591//504 371//560 372//561
f 345//506 370//505 372//561 313//507
f 599//519 312//489 317//562 301//563
f 622//564 598//518 599//519 301//563
f 411//565 595//512 409//514 623//566
f 624//567 389//513 595//512 411//565
f 625//568 353//520 600//521 403//569
f 357//570 358//406 569//468 626//571
f 570//471 358//406 357//570 627//572
f 251//508 570//471 627//572 331//573
f 607//529 355//517 205//543 628//574
f 403//569 600//521 210//522 629//575
f 603//525 574//477 290//546 617//547
f 330//531 251//508 331//573 329//576
f 608//532 410//473 352//527 630//577
f 581//484 269//485 387//578 615//541
f 606//528 389//513 624//567 396//579
f 409//514 608//532 631//580 623//566
f 601//523 568//467 291//548 632//581
f 611//535 580//483 601//523 294//582
f 626//571 569//468 385//530 633//583
f 385//530 572//474 607//529 633//583
f 312//489 320//442 634//584 317//562
f 313//507 319//585 634//584 320//442
f 390//469 606//528 394//586 602//524
f 210//522 609//533 635//587 629//575
f 609//533 610//534 636//588 635//587
f 636//588 610//534 611//535 302//589
f 395//486 613//537 387//578 269//485
f 321//538 605//526 322//540 334//590
f 612//536 598//518 622//564 288//591
f 353//520 625//568 384//592 352//527
f 308//549 321//538 334//590 637//593
f 638//594 405//542 615//541 387//578
f 613//537 602//524 394//586 397//595
f 337//596 614//539 330//531 329//576
f 334//590 322//540 614//539 337//596
f 616//544 612//536 288//591 289//545
f 291//548 617//547 290//546 289//545
f 618//550 308//549 637//593 315//597
f 323//551 618//550 315//597 336//598
f 208//552 323//551 336//598 369//599
f 619//553 208//552 369//599 639//600
f 399//554 619//553 639//600 640//601
f 220//555 399//554 640//601 641//602
f 377//603 620//556 220//555 641//602
f 343//557 620//556 377//603 373//558
f 205//543 405//542 393//604 408//605
f 331//573 627//572 643//606 642//607
f 627//572 357//570 644//608 643//606
f 644//608 357//570 626//571 359//609
f 299//610 301//563 317//562 318//611
f 645//612 622//564 301//563 299//610
f 319//585 313//507 372//561 346//613
f 346//613 372//561 371//560 646//614
f 646//614 371//560 621//559 381//615
f 381//615 621//559 373//558 377//603
f 625//568 403//569 383//616 380//617
f 411//565 623//566 393//604 392//618
f 624//567 411//565 392//618 396//579
f 291//548 289//545 288//591 632//581
f 632//581 288//591 622//564 645//612
f 387//578 613//537 397//595 638//594
f 393//604 405//542 638//594 392//618
f 394//586 606//528 396//579 397//595
f 396//579 392//618 638//594 397//595
f 408//605 393//604 623//566 631//580
f 294//582 601//523 632//581 645//612
f 633//583 607//529 628//574 647//619
f 628//574 205//543 408//605 648//620
f 645//612 299//610 649//621 294//582
f 302//589 611//535 294//582 649//621
f 299//610 318//611 650//622 649//621
f 317//562 634//584 319//585 318//611
f 319//585 346//613 382//623 318//611
f 359//609 626//571 633//583 647//619
f 630//577 352//527 384//592 338//624
f 346//613 646//614 651//625 382//623
f 631//580 608//532 630//577 652//626
f 384//592 625//568 380//617 401//627
f 403//569 629//575 653//628 383//616
f 629//575 635//587 376//629 653//628
f 635//587 636//588 300//630 376//629
f 300//630 636//588 302//589 303//631
f 331//573 642//607 654//632 329//576
f 651//625 646//614 381//615 655//633
f 655//633 381//615 377//603 641//602
f 336//598 315//597 656//634 333//635
f 315//597 637//593 657//636 656//634
f 369//599 336//598 333//635 367//637
f 639//600 369//599 367//637 658//638
f 640//601 639//600 658//638 398//639
f 378//640 641//602 640//601 398//639
f 657//636 337//596 329//576 659//641
f 637//593 334//590 337//596 657//636
f 380//617 383//616 660//642 661//643
f 662//644 642//607 643//606 360//645
f 360//645 643//606 644//608 359//609
f 303//631 302//589 649//621 650//622
f 648//620 408//605 631//580 652//626
f 650//622 318//611 382//623 672//646
f 656//634 657//636 659//641 335//647
f 659//641 329//576 654//632 332//648
f 655//633 641//602 378//640 663//649
f 382//623 651//625 379//650 672//646
f 379//650 651//625 655//633 663//649
f 383//616 653//628 374//651 660//642
f 338//624 384//592 401//627 664//652
f 630//577 338//624 665//653 652//626
f 401//627 380//617 661//643 666//654
f 374//651 653//628 376//629 375//655
f 375//655 376//629 300//630 303//631
f 654//632 642//607 662//644 361//656
f 333//635 656//634 335//647 363//657
f 667//658 367//637 333//635 363//657
f 658//638 367//637 667//658 366//659
f 398//639 658//638 366//659 668//660
f 412//661 378//640 398//639 668//660
f 360//645 359//609 647//619 669//662
f 361//656 662//644 360//645 669//662
f 628//574 648//620 406//663 647//619
f 661//643 660//642 670//664 400//665
f 648//620 652//626 665//653 406//663
f 375//655 303//631 650//622 672//646
f 669//662 647//619 406//663 671//666
f 663//649 378//640 412//661 400//665
f 673//667 400//665 412//661
f 661//643 400//665 673//667 666//654
f 332//648 654//632 361//656 362//668
f 361//656 669//662 388//669 362//668
f 335//647 659//641 332//648 674//670
f 660//642 374//651 675//671 670//664
f 675//671 374//651 375//655 672//646
f 664//652 401//627 666//654 402//672
f 338//624 664//652 407//673 665//653
f 363//657 335//647 674//670 676//674
f 670//664 379//650 663//649 400//665
f 673//667 412//661 668//660 677//675
f 677//675 668//660 366//659 368//676
f 368//676 366//659 667//658 363//657
f 675//671 672//646 379//650 670//664
f 406//663 665//653 407//673 671//666
f 407//673 664//652 402//672 671//666
f 666//654 673//667 677//675 402//672
f 674//670 332//648 362//668 676//674
f 676//674 362//668 388//669 354//677
f 368//676 363//657 676//674 354//677
f 677//675 368//676 354//677 402//672
f 402//672 354//677 388//669
f 388//669 669//662 671//666 402//672
f 898//678 848//679 849//680
f 850//681 702//682 703//683
f 1114//684 1113//685 1112//686
f 1170//687 846//688 847//689
f 1203//690 933//691 892//692
f 888//693 813//694 679//695 680//696
f 703//683 692//697 849//698 850//681
f 887//699 814//700 813//694 888//693
f 814//700 887//699 886//701 815//702
f 885//703 816//704 815//702 886//701
f 816//704 885//703 884//705 817//706
f 883//707 818//708 817//706 884//705
f 882//709 819//710 818//708 883//707
f 881//711 820//712 819//710 882//709
f 880//713 821//714 820//712 881//711
f 879//715 822//716 821//714 880//713
f 822//716 879//715 878//717 823//718
f 877//719 824//720 823//718 878//717
f 876//721 825//722 824//720 877//719
f 875//723 826//724 825//722 876//721
f 874//725 827//726 826//724 875//723
f 873//727 828//728 827//726 874//725
f 872//729 829//730 828//728 873//727
f 871//731 830//732 829//730 872//729
f 870//733 831//734 830//732 871//731
f 869//735 832//736 831//734 870//733
f 868//737 833//738 832//736 869//735
f 866//739 834//740 833//738 868//737
f 865//741 835//742 834//740 866//739
f 864//743 836//744 835//742 865//741
f 863//745 837//746 836//744 864//743
f 862//747 838//748 837//746 863//745
f 860//749 839//750 838//748 862//747
f 859//751 840//752 839//750 860//749
f 858//753 841//754 840//752 859//751
f 857//755 842//756 841//754 858//753
f 856//757 843//758 842//756 857//755
f 855//759 844//760 843//758 856//757
f 844//760 855//759 854//761 845//762
f 853//763 846//764 845//762 854//761
f 852//765 847//766 846//764 853//763
f 851//767 848//768 847//766 852//765
f 850//681 849//698 848//768 851//767
f 66//106 65//769 678//770 905//771
f 905//771 678//770 679//772 813//694
f 680//696 681//773 913//774 888//693
f 681//773 682//775 777//776 913//774
f 777//776 682//775 683//777 906//778
f 683//777 684//779 741//780 906//778
f 741//780 684//781 685//782 907//783
f 685//782 686//784 740//785 907//783
f 686//784 687//786 908//787 740//785
f 908//787 687//786 684//779 741//780
f 741//780 684//788 688//789 909//790
f 909//790 688//789 682//775 777//791
f 777//792 682//793 689//794 910//795
f 910//795 689//794 679//796 813//797
f 813//694 679//798 690//799 911//800
f 690//799 65//801 66//802 911//800
f 114//803 1//21 691//804 914//805
f 914//805 691//804 692//806 849//807
f 849//808 692//806 693//809 903//810
f 903//810 693//809 694//811 812//812
f 812//813 694//811 695//814 902//815
f 902//815 695//814 696//816 776//817
f 776//818 696//819 697//820 901//821
f 901//821 697//820 698//822 705//823
f 698//822 699//824 900//825 705//823
f 699//824 696//826 776//827 900//825
f 696//828 700//829 899//830 776//831
f 700//829 694//832 812//812 899//830
f 694//832 701//833 893//834 812//835
f 701//833 702//682 850//681 893//834
f 692//836 704//837 898//678 849//680
f 704//837 1//838 114//839 898//678
f 861//840 98//113 97//841 891//842
f 98//113 861//840 912//843 105//115
f 861//840 839//844 840//845 912//843
f 839//844 861//840 891//842 838//748
f 891//842 97//841 96//846 915//847
f 915//847 96//846 95//156 916//848
f 916//848 95//156 94//849 917//850
f 917//850 94//849 87//109 867//851
f 867//851 834//740 835//852 917//850
f 867//851 87//109 86//108 918//853
f 834//740 867//851 918//853 833//738
f 907//783 740//785 739//854 919//855
f 919//855 739//854 738//856 920//857
f 900//825 776//827 775//858 921//859
f 899//830 812//812 811//860 922//861
f 813//694 814//862 923//863 905//771
f 917//850 835//852 836//864 916//848
f 916//848 836//864 837//746 915//847
f 915//847 837//746 838//748 891//842
f 912//843 840//845 841//754 924//865
f 924//865 841//754 842//866 925//867
f 925//867 842//866 843//868 926//869
f 776//817 775//870 927//871 902//815
f 812//812 811//860 928//872 903//810
f 811//860 810//873 904//874 928//872
f 810//873 809//875 929//876 904//874
f 809//875 808//877 930//878 929//876
f 808//877 807//879 896//880 930//878
f 807//879 806//881 931//882 896//880
f 806//881 805//883 897//884 931//882
f 805//883 804//885 932//886 897//884
f 932//886 804//885 803//887 933//691
f 933//691 803//887 802//888 892//692
f 892//692 802//888 801//889 889//890
f 889//890 801//889 800//891 934//892
f 934//892 800//891 799//893 890//894
f 890//894 799//893 798//895 935//896
f 798//895 797//897 936//898 935//896
f 797//897 796//899 937//900 936//898
f 796//899 795//901 938//902 937//900
f 893//834 850//681 851//767 939//903
f 939//903 851//767 852//765 940//904
f 924//865 106//905 105//115 912//843
f 925//867 107//906 106//905 924//865
f 926//869 108//907 107//906 925//867
f 67//134 66//106 905//771 923//863
f 68//908 67//134 923//863 941//909
f 69//910 68//908 941//909 942//911
f 70//912 69//910 942//911 943//913
f 71//139 70//912 943//913 944//914
f 72//915 71//139 944//914 945//916
f 73//142 72//915 945//916 946//917
f 74//918 73//142 946//917 947//919
f 75//920 74//918 947//919 948//921
f 76//922 75//920 948//921 949//923
f 77//924 76//922 949//923 950//925
f 78//926 77//924 950//925 951//927
f 79//928 78//926 951//927 952//929
f 953//930 80//931 79//928 952//929
f 81//932 80//931 953//930 954//933
f 955//934 82//935 81//932 954//933
f 956//936 83//937 82//935 955//934
f 957//938 84//939 83//937 956//936
f 958//940 85//198 84//939 957//938
f 921//859 706//941 705//823 900//825
f 705//823 706//941 959//942 901//821
f 960//943 707//944 706//941 921//859
f 961//945 708//946 707//944 960//943
f 962//947 709//948 708//946 961//945
f 963//949 710//950 709//948 962//947
f 964//951 711//952 710//950 963//949
f 965//953 712//954 711//952 964//951
f 966//955 713//956 712//954 965//953
f 967//957 714//958 713//956 966//955
f 968//959 715//960 714//958 967//957
f 969//961 716//962 715//960 968//959
f 970//963 717//964 716//962 969//961
f 971//965 718//966 717//964 970//963
f 972//967 719//968 718//966 971//965
f 973//969 720//970 719//968 972//967
f 974//971 721//972 720//970 973//969
f 975//973 722//974 721//972 974//971
f 976//975 723//976 722//974 975//973
f 977//977 724//978 723//976 976//975
f 978//979 725//980 724//978 977//977
f 979//981 726//982 725//980 978//979
f 980//983 727//984 726//982 979//981
f 981//985 728//986 727//984 980//983
f 982//987 729//988 728//986 981//985
f 983//989 730//990 729//988 982//987
f 984//991 731//992 730//990 983//989
f 985//993 732//994 731//992 984//991
f 986//995 733//996 732//994 985//993
f 987//997 734//998 733//996 986//995
f 988//999 735//1000 734//998 987//997
f 989//1001 736//1002 735//1000 988//999
f 990//1003 737//1004 736//1002 989//1001
f 739//854 740//785 908//787 991//1005
f 738//856 739//854 991//1005 992//1006
f 742//1007 741//780 907//783 919//855
f 906//778 741//780 742//1008 993//1009
f 743//1010 742//1007 919//855 920//857
f 993//1009 742//1008 743//1010 994//1011
f 995//1012 744//1013 743//1010 920//857
f 996//1014 745//1015 744//1013 995//1012
f 997//1016 746//1017 745//1015 996//1014
f 998//1018 747//1019 746//1017 997//1016
f 999//1020 748//1021 747//1019 998//1018
f 1000//1022 749//1023 748//1021 999//1020
f 1001//1024 750//1025 749//1023 1000//1022
f 1002//1026 751//1027 750//1025 1001//1024
f 1003//1028 752//1029 751//1027 1002//1026
f 1004//1030 753//1031 752//1029 1003//1028
f 922//861 775//1032 776//831 899//830
f 993//1009 778//1033 777//776 906//778
f 913//774 777//776 778//1033 1005//1034
f 994//1011 779//1035 778//1033 993//1009
f 1005//1034 778//1033 779//1036 1006//1037
f 1007//1038 780//1039 779//1035 994//1011
f 1008//1040 781//1041 780//1039 1007//1038
f 1009//1042 782//1043 781//1041 1008//1040
f 1010//1044 783//1045 782//1043 1009//1042
f 1011//1046 784//1047 783//1045 1010//1044
f 1012//1048 785//1049 784//1047 1011//1046
f 1013//1050 786//1051 785//1049 1012//1048
f 1014//1052 787//1053 786//1051 1013//1050
f 1015//1054 788//1055 787//1053 1014//1052
f 1016//1056 789//1057 788//1055 1015//1054
f 1017//1058 790//1059 789//1057 1016//1056
f 1018//1060 791//1061 790//1059 1017//1058
f 1019//1062 792//1063 791//1061 1018//1060
f 1020//1064 793//1065 792//1063 1019//1062
f 1021//1066 794//1067 793//1065 1020//1064
f 1022//1068 795//1069 794//1067 1021//1066
f 1023//1070 796//1071 795//1069 1022//1068
f 1024//1072 797//1073 796//1071 1023//1070
f 1025//1074 798//1075 797//1073 1024//1072
f 1026//1076 799//1077 798//1075 1025//1074
f 1027//1078 800//1079 799//1077 1026//1076
f 1028//1080 801//1081 800//1079 1027//1078
f 1029//1082 802//1083 801//1081 1028//1080
f 1030//1084 803//887 802//1083 1029//1082
f 1031//1085 804//885 803//887 1030//1084
f 1032//1086 805//1087 804//885 1031//1085
f 1033//1088 806//1089 805//1087 1032//1086
f 1034//1090 807//1091 806//1089 1033//1088
f 1035//1092 808//1093 807//1091 1034//1090
f 1036//1094 809//1095 808//1093 1035//1092
f 1037//1096 810//873 809//1095 1036//1094
f 939//903 811//860 812//835 893//834
f 742//1007 741//780 909//790 1038//1097
f 741//780 742//1007 991//1005 908//787
f 743//1010 742//1007 1038//1097 1039//1098
f 742//1007 743//1099 992//1006 991//1005
f 744//1100 743//1010 1039//1098 1040//1101
f 743//1099 744//1100 1041//1102 992//1006
f 745//1103 744//1100 1040//1101 1042//1104
f 744//1100 745//1105 1043//1106 1041//1102
f 746//1107 745//1103 1042//1104 1044//1108
f 745//1105 746//1109 1045//1110 1043//1106
f 747//1111 746//1107 1044//1108 1046//1112
f 748//1113 747//1111 1046//1112 1047//1114
f 749//1023 748//1113 1047//1114 1048//1115
f 750//1025 749//1023 1048//1115 1049//1116
f 751//1117 750//1025 1049//1116 1050//1118
f 752//1029 751//1117 1050//1118 1051//1119
f 753//1120 752//1029 1051//1119 1052//1121
f 754//1122 753//1120 1052//1121 1053//1123
f 755//1124 754//1122 1053//1123 1054//1125
f 756//1126 755//1124 1054//1125 1055//1127
f 757//1128 756//1126 1055//1127 1056//1129
f 758//1130 757//1128 1056//1129 1057//1131
f 759//1132 758//1130 1057//1131 1058//1133
f 760//1134 759//1132 1058//1133 1059//1135
f 761//1136 760//1134 1059//1135 1060//1137
f 762//1138 761//1136 1060//1137 1061//1139
f 763//1140 762//1138 1061//1139 1062//1141
f 764//1142 763//1140 1062//1141 1063//1143
f 765//1144 764//1142 1063//1143 1064//1145
f 766//1146 765//1144 1064//1145 1065//1147
f 767//1148 766//1146 1065//1147 1066//1149
f 768//1150 767//1148 1066//1149 1067//1151
f 769//1152 768//1150 1067//1151 1068//1153
f 770//1154 769//1152 1068//1153 1069//1155
f 771//1156 770//1154 1069//1155 1070//1157
f 772//1158 771//1156 1070//1157 1071//1159
f 773//1160 772//1158 1071//1159 1072//1161
f 774//1162 773//1160 1072//1161 894//1163
f 775//1164 776//818 901//821 959//942
f 778//1033 777//792 910//795 1073//1165
f 777//791 778//1033 1038//1097 909//790
f 779//1036 778//1033 1073//1165 1074//1166
f 778//1033 779//1036 1039//1098 1038//1097
f 780//1167 779//1036 1074//1166 1075//1168
f 779//1036 780//1039 1040//1101 1039//1098
f 781//1041 780//1167 1075//1168 1076//1169
f 780//1039 781//1041 1042//1104 1040//1101
f 782//1170 781//1041 1076//1169 1077//1171
f 781//1041 782//1170 1044//1108 1042//1104
f 783//1045 782//1170 1077//1171 1078//1172
f 782//1170 783//1045 1046//1112 1044//1108
f 784//1047 783//1045 1078//1172 1079//1173
f 783//1045 784//1047 1047//1114 1046//1112
f 785//1174 784//1047 1079//1173 1080//1175
f 784//1047 785//1049 1048//1115 1047//1114
f 786//1176 785//1174 1080//1175 1081//1177
f 785//1049 786//1176 1049//1116 1048//1115
f 787//1178 786//1176 1081//1177 1082//1179
f 786//1176 787//1053 1050//1118 1049//1116
f 788//1180 787//1178 1082//1179 1083//1181
f 787//1053 788//1182 1051//1119 1050//1118
f 789//1183 788//1180 1083//1181 1084//1184
f 788//1182 789//1057 1052//1121 1051//1119
f 790//1185 789//1183 1084//1184 1085//1186
f 789//1057 790//1187 1053//1123 1052//1121
f 791//1061 790//1185 1085//1186 1086//1188
f 790//1187 791//1061 1054//1125 1053//1123
f 792//1189 791//1061 1086//1188 1087//1190
f 791//1061 792//1189 1055//1127 1054//1125
f 793//1191 792//1189 1087//1190 1088//1192
f 792//1189 793//1193 1056//1129 1055//1127
f 794//1194 793//1191 1088//1192 1089//1195
f 793//1193 794//1196 1057//1131 1056//1129
f 811//1197 812//813 902//815 927//871
f 810//1198 811//1197 927//871 894//1163
f 809//875 810//1198 894//1163 1072//1161
f 808//1093 809//875 1072//1161 1071//1159
f 807//1199 808//1093 1071//1159 1070//1157
f 806//1200 807//1199 1070//1157 1069//1155
f 805//1201 806//1200 1069//1155 1068//1153
f 804//885 805//1201 1068//1153 1067//1151
f 803//887 804//885 1067//1151 1066//1149
f 802//1202 803//887 1066//1149 1065//1147
f 801//1203 802//1202 1065//1147 1064//1145
f 800//1204 801//1203 1064//1145 1063//1143
f 799//1077 800//1204 1063//1143 1062//1141
f 798//895 799//1077 1062//1141 1061//1139
f 797//1205 798//895 1061//1139 1060//1137
f 796//1206 797//1205 1060//1137 1059//1135
f 795//1069 796//1206 1059//1135 1058//1133
f 1005//1034 887//699 888//693 913//774
f 1006//1037 886//701 887//699 1005//1034
f 1090//1207 885//703 886//701 1006//1037
f 1091//1208 884//705 885//703 1090//1207
f 1092//1209 883//707 884//705 1091//1208
f 1093//1210 882//709 883//707 1092//1209
f 1094//1211 881//711 882//709 1093//1210
f 1095//1212 880//713 881//711 1094//1211
f 1096//1213 879//715 880//713 1095//1212
f 1097//1214 878//717 879//715 1096//1213
f 1098//1215 877//719 878//717 1097//1214
f 1099//1216 876//721 877//719 1098//1215
f 1100//1217 875//723 876//721 1099//1216
f 1101//1218 874//725 875//723 1100//1217
f 1102//1219 873//727 874//725 1101//1218
f 1103//1220 872//729 873//727 1102//1219
f 1104//1221 871//731 872//729 1103//1220
f 1105//1222 870//733 871//731 1104//1221
f 1106//1223 869//735 870//733 1105//1222
f 1107//1224 868//737 869//735 1106//1223
f 1108//1225 866//739 868//737 1107//1224
f 865//741 866//739 1108//1225 1109//1226
f 864//743 865//741 1109//1226 1110//1227
f 863//745 864//743 1110//1227 1111//1228
f 862//747 863//745 1111//1228 1112//686
f 860//749 862//747 1112//686 1113//685
f 859//751 860//749 1113//685 1114//684
f 1115//1229 858//753 859//751 1114//684
f 1116//1230 857//755 858//753 1115//1229
f 1117//1231 856//757 857//755 1116//1230
f 1118//1232 855//759 856//757 1117//1231
f 1119//1233 854//761 855//759 1118//1232
f 1120//1234 853//763 854//761 1119//1233
f 1121//1235 67//1236 68//1237 815//1238
f 815//1238 68//1237 69//136 816//1239
f 69//136 70//912 1122//1240 816//1239
f 70//912 71//1241 1123//1242 1122//1240
f 1123//1242 71//1241 72//140 1124//1243
f 72//140 73//142 1125//1244 1124//1243
f 911//800 1121//1235 1126//1245
f 1121//1235 815//1238 814//1246 1126//1245
f 1127//1247 74//1248 75//1249 822//1250
f 822//1250 75//1249 76//1251 823//1252
f 76//1251 77//1253 1128//1254 823//1252
f 77//1253 78//1255 1129//1256 1128//1254
f 1129//1256 78//1255 79//1257 1130//1258
f 79//1257 80//1259 1131//1260 1130//1258
f 1127//1247 822//1250 821//1261 1132//1262
f 1132//1262 821//1261 820//1263 1133//1264
f 1133//1264 820//1263 819//710 1134//1265
f 819//710 818//708 1135//1266 1134//1265
f 818//708 817//1267 1136//1268 1135//1266
f 1137//1269 81//932 82//1270 829//1271
f 82//1270 83//1272 830//732 829//1271
f 83//1272 84//1273 1138//1274 830//732
f 84//1273 85//1275 1139//1276 1138//1274
f 1139//1276 85//1275 86//1277 1140//1278
f 86//1277 87//109 1141//1279 1140//1278
f 87//109 94//1280 1142//1281 1141//1279
f 1137//1269 829//1271 828//1282 1143//1283
f 1143//1283 828//1282 827//1284 1144//1285
f 1144//1285 827//1284 826//1286 1145//1287
f 826//1286 825//1288 1146//1289 1145//1287
f 825//1288 824//1290 1147//1291 1146//1289
f 95//1292 96//846 1148//1293 1149//1294
f 1148//1293 96//846 97//841 1150//1295
f 105//115 106//160 1152//1296 1153//1297
f 1154//1298 107//1299 108//907 843//1300
f 108//907 109//163 844//1301 843//1300
f 844//1301 1155//1302 845//762
f 109//163 110//1303 1155//1302 844//1301
f 110//1303 111//207 1156//1304 1155//1302
f 111//207 112//169 1157//1305 1156//1304
f 112//169 113//1306 1158//1307 1157//1305
f 1154//1298 843//1300 842//1308 1159//1309
f 1159//1309 842//1308 841//1310 1160//1311
f 1160//1311 841//1310 840//1312 1161//1313
f 1161//1313 840//1312 839//750 1151//1314
f 839//750 838//1315 1162//1316 1151//1314
f 838//1315 837//746 1163//1317 1162//1316
f 1163//1317 837//746 836//1318 1164//1319
f 1164//1319 836//1318 835//1320 1165//1321
f 1165//1321 835//1320 834//1322 1166//1323
f 1166//1323 834//1322 833//1324 1167//1325
f 833//1324 832//736 1168//1326 1167//1325
f 832//736 831//1327 1169//1328 1168//1326
f 848//679 113//1329 112//1330 847//689
f 112//1330 111//1331 1170//687 847//689
f 111//1331 110//8 1171//1332 1170//687
f 110//8 109//1333 1172//1334 1171//1332
f 707//944 708//946 1173//1335 895//1336
f 708//946 709//948 1174//1337 1173//1335
f 1174//1337 709//948 710//950 1175//1338
f 1175//1338 710//950 711//952 1176//1339
f 715//960 716//962 765//1340 766//1146
f 716//962 717//964 764//1341 765//1340
f 717//964 718//966 1180//1342 764//1341
f 718//966 719//968 1181//1343 1180//1342
f 1181//1343 719//968 720//970 1182//1344
f 720//970 721//972 1183//1345 1182//1344
f 1184//1346 766//1146 767//1347 1179//1348
f 1179//1348 767//1347 768//1150 1178//1349
f 768//1150 769//1350 1177//1351 1178//1349
f 769//1350 770//1352 1176//1339 1177//1351
f 770//1352 771//1353 1175//1338 1176//1339
f 771//1353 772//1354 1174//1337 1175//1338
f 772//1354 773//1355 1173//1335 1174//1337
f 773//1355 774//1356 895//1336 1173//1335
f 723//976 724//978 757//1357 758//1130
f 724//978 725//980 756//1358 757//1357
f 725//980 726//982 1186//1359 756//1358
f 726//982 727//984 1187//1360 1186//1359
f 1187//1360 727//984 728//986 1188//1361
f 728//986 729//988 1189//1362 1188//1361
f 1190//1363 758//1130 759//1132 1185//1364
f 1185//1364 759//1132 760//1365 1191//1366
f 1191//1366 760//1365 761//1367 1192//1368
f 761//1367 762//1138 1193//1369 1192//1368
f 762//1138 763//1370 1194//1371 1193//1369
f 1195//1372 730//990 731//992 750//1025
f 731//992 732//994 749//1023 750//1025
f 749//1023 1196//1373 748//1021
f 732//994 733//996 1196//1373 749//1023
f 733//996 734//998 1197//1374 1196//1373
f 734//998 735//1000 1045//1110 1197//1374
f 735//1000 736//1002 1043//1106 1045//1110
f 736//1002 737//1004 1041//1102 1043//1106
f 1195//1372 750//1025 751//1375 1198//1376
f 1198//1376 751//1375 752//1377 1199//1378
f 1199//1378 752//1377 753//1379 1200//1380
f 753//1379 754//1381 1201//1382 1200//1380
f 754//1381 755//1383 1202//1384 1201//1382
f 1007//1038 744//1385 745//1015 1008//1040
f 1008//1040 745//1015 746//1017 1009//1042
f 1009//1042 746//1017 747//1019 1010//1044
f 1010//1044 747//1019 748//1021 1011//1046
f 1011//1046 748//1021 749//1023 1012//1048
f 1012//1048 749//1023 750//1025 1013//1050
f 1013//1050 750//1025 751//1386 1014//1052
f 1014//1052 751//1386 752//1029 1015//1054
f 1015//1054 752//1029 753//1031 1016//1056
f 980//983 754//1122 753//1031 981//985
f 1016//1056 753//1031 754//1122 1017//1058
f 979//981 755//1387 754//1122 980//983
f 1017//1058 754//1122 755//1124 1018//1060
f 978//979 756//1358 755//1387 979//981
f 1018//1060 755//1124 756//1388 1019//1062
f 977//977 757//1389 756//1358 978//979
f 1019//1062 756//1388 757//1390 1020//1064
f 976//975 758//1130 757//1389 977//977
f 1020//1064 757//1390 758//1130 1021//1066
f 975//973 759//1391 758//1130 976//975
f 1021//1066 758//1130 759//1392 1022//1068
f 974//971 760//1393 759//1391 975//973
f 1022//1068 759//1392 760//1134 1023//1070
f 973//969 761//1394 760//1393 974//971
f 1023//1070 760//1134 761//1395 1024//1072
f 972//967 762//1138 761//1394 973//969
f 1024//1072 761//1395 762//1138 1025//1074
f 971//965 763//1396 762//1138 972//967
f 1025//1074 762//1138 763//1397 1026//1076
f 970//963 764//1341 763//1396 971//965
f 1026//1076 763//1397 764//1398 1027//1078
f 969//961 765//1399 764//1341 970//963
f 1027//1078 764//1398 765//1340 1028//1080
f 968//959 766//1146 765//1399 969//961
f 1028//1080 765//1340 766//1146 1029//1082
f 967//957 767//1347 766//1146 968//959
f 1029//1082 766//1146 767//1347 1030//1084
f 966//955 768//1400 767//1347 967//957
f 1030//1084 767//1347 768//1401 1031//1085
f 965//953 769//1402 768//1400 966//955
f 1031//1085 768//1401 769//1403 1032//1086
f 964//951 770//1352 769//1402 965//953
f 1032//1086 769//1403 770//1352 1033//1088
f 963//949 771//1353 770//1352 964//951
f 1033//1088 770//1352 771//1156 1034//1090
f 962//947 772//1404 771//1353 963//949
f 1034//1090 771//1156 772//1354 1035//1092
f 961//945 773//1405 772//1404 962//947
f 1035//1092 772//1354 773//1406 1036//1094
f 960//943 774//1356 773//1405 961//945
f 1036//1094 773//1406 774//1407 1037//1096
f 1090//1207 780//1408 781//1041 1091//1208
f 1091//1208 781//1041 782//1409 1092//1209
f 1092//1209 782//1409 783//1045 1093//1210
f 1093//1210 783//1045 784//1047 1094//1211
f 1094//1211 784//1047 785//1049 1095//1212
f 1095//1212 785//1049 786//1051 1096//1213
f 1096//1213 786//1051 787//1178 1097//1214
f 1097//1214 787//1178 788//1180 1098//1215
f 1098//1215 788//1180 789//1057 1099//1216
f 1099//1216 789//1057 790//1185 1100//1217
f 1100//1217 790//1185 791//1061 1101//1218
f 1101//1218 791//1061 792//1410 1102//1219
f 1102//1219 792//1410 793//1411 1103//1220
f 1103//1220 793//1411 794//1194 1104//1221
f 1104//1221 794//1194 795//1412 1105//1222
f 1105//1222 795//1412 796//899 1106//1223
f 1106//1223 796//899 797//1205 1107//1224
f 1107//1224 797//1205 798//895 1108//1225
f 798//895 799//1413 1109//1226 1108//1225
f 799//1413 800//1414 1110//1227 1109//1226
f 800//1414 801//889 1111//1228 1110//1227
f 801//889 802//1415 1112//686 1111//1228
f 802//1415 803//887 1114//684 1112//686
f 803//887 804//885 1115//1229 1114//684
f 1115//1229 804//885 805//1416 1116//1230
f 1116//1230 805//1416 806//881 1117//1231
f 1117//1231 806//881 807//879 1118//1232
f 1118//1232 807//879 808//877 1119//1233
f 1119//1233 808//877 809//875 1120//1234
f 1120//1234 809//875 810//1417 940//904
f 815//1238 816//1239 942//911 941//909
f 816//1239 817//1418 943//913 942//911
f 817//1418 818//708 944//914 943//913
f 818//708 819//710 945//916 944//914
f 945//916 819//710 820//1263 946//917
f 946//917 820//1263 821//1419 947//919
f 947//919 821//1419 822//1250 948//921
f 948//921 822//1250 823//1252 949//923
f 949//923 823//1252 824//1290 950//925
f 950//925 824//1290 825//722 951//927
f 951//927 825//722 826//1286 952//929
f 952//929 826//1286 827//1420 953//930
f 953//930 827//1420 828//1421 954//933
f 954//933 828//1421 829//1422 955//934
f 955//934 829//1422 830//1423 956//936
f 956//936 830//1423 831//1327 957//938
f 957//938 831//1327 832//736 958//940
f 844//1424 845//1425 1171//1332 1172//1334
f 845//1425 846//688 1170//687 1171//1332
f 747//1019 748//1021 1196//1373 1197//1374
f 814//1426 815//1427 1074//1166 1073//1165
f 815//1427 816//1428 1075//1168 1074//1166
f 816//1428 817//1267 1076//1169 1075//1168
f 817//1267 818//1429 1077//1171 1076//1169
f 818//1429 819//710 1078//1172 1077//1171
f 819//710 820//712 1079//1173 1078//1172
f 820//712 821//1430 1080//1175 1079//1173
f 821//1430 822//1250 1081//1177 1080//1175
f 822//1250 823//1252 1082//1179 1081//1177
f 823//1252 824//720 1083//1181 1082//1179
f 824//720 825//722 1084//1184 1083//1181
f 825//722 826//1431 1085//1186 1084//1184
f 826//1431 827//1432 1086//1188 1085//1186
f 827//1432 828//1433 1087//1190 1086//1188
f 828//1433 829//1434 1088//1192 1087//1190
f 829//1434 830//1435 1089//1195 1088//1192
f 830//1435 831//1436 938//902 1089//1195
f 831//1436 832//736 937//900 938//902
f 832//736 833//738 936//898 937//900
f 833//738 834//740 935//896 936//898
f 935//896 834//740 835//1437 890//894
f 890//894 835//1437 836//1318 934//892
f 934//892 836//1318 837//746 889//890
f 889//890 837//746 838//1438 892//692
f 892//692 838//1438 839//750 1203//690
f 1203//690 839//750 840//845 933//691
f 840//845 841//1439 932//886 933//691
f 841//1439 842//866 897//884 932//886
f 842//866 843//1300 931//882 897//884
f 843//1300 844//1424 896//880 931//882
f 844//1424 845//1440 930//878 896//880
f 846//688 845//762 1155//1302 1156//1304
f 845//1440 846//688 929//876 930//878
f 847//1441 846//688 1156//1304 1157//1305
f 846//688 847//689 904//874 929//876
f 848//679 847//1441 1157//1305 1158//1307
f 847//689 848//1442 928//872 904//874
f 911//800 66//802 67//1236 1121//1235
f 1125//1244 73//142 74//1248 1127//1247
f 1131//1260 80//1259 81//932 1137//1269
f 94//1280 95//1292 1149//1294 1142//1281
f 1152//1296 106//160 107//1299 1154//1298
f 113//1306 114//803 914//805 1158//1307
f 898//678 114//839 113//1329 848//679
f 1172//1334 109//1333 108//907 926//869
f 918//853 86//108 85//198 958//940
f 706//941 707//944 895//1336 959//942
f 774//1356 960//943 921//859 775//858
f 1189//1362 729//988 730//990 1195//1372
f 920//857 738//856 737//1004 990//1003
f 737//1004 738//856 992//1006 1041//1102
f 994//1011 743//1010 744//1385 1007//1038
f 1037//1096 774//1407 775//1032 922//861
f 1006//1037 779//1036 780//1408 1090//1207
f 853//763 1120//1234 940//904 852//765
f 922//861 811//860 810//873 1037//1096
f 940//904 810//1417 811//860 939//903
f 814//862 815//1238 941//909 923//863
f 958//940 832//736 833//738 918//853
f 926//869 843//868 844//1424 1172//1334
f 746//1109 747//1019 1197//1374 1045//1110
f 755//1383 756//1358 1186//1359 1202//1384
f 763//1370 764//1341 1180//1342 1194//1371
f 775//870 774//1162 894//1163 927//871
f 774//1356 775//1164 959//942 895//1336
f 795//901 794//1194 1089//1195 938//902
f 794//1196 795//1069 1058//1133 1057//1131
f 903//810 928//872 848//1442 849//808
f 1126//1245 814//1246 813//694 911//800
f 813//797 814//1426 1073//1165 910//795
f 817//1267 816//1239 1122//1240 1136//1268
f 824//1290 823//1252 1128//1254 1147//1291
f 831//1327 830//732 1138//1274 1169//1328
f 849//807 848//679 1158//1307 914//805
f 1176//1339 711//952 712//954 1177//1351
f 981//985 753//1031 1004//1030 982//987
f 1178//1349 1184//1346 1179//1348
f 715//960 766//1146 1184//1346 714//958
f 723//976 758//1130 1190//1363 722//974
f 1183//1345 721//972 722//974 1190//1363
f 1183//1345 1190//1363 1185//1364 1191//1366
f 1150//1295 97//841 98//113 1204//1443
f 1204//1443 98//113 105//115 1153//1297
f 1177//1351 712//954 713//956 1178//1349
f 1178//1349 713//956 714//958 1184//1346
f 1191//1366 1192//1368 1182//1344 1183//1345
f 1182//1344 1192//1368 1193//1369 1181//1343
f 1181//1343 1193//1369 1194//1371 1180//1342
f 982//987 1004//1030 1003//1028 983//989
f 983//989 1003//1028 1002//1026 984//991
f 984//991 1002//1026 1001//1024 985//993
f 985//993 1001//1024 1000//1022 986//995
f 986//995 1000//1022 999//1020 987//997
f 987//997 999//1020 998//1018 988//999
f 988//999 998//1018 997//1016 989//1001
f 989//1001 997//1016 996//1014 990//1003
f 990//1003 996//1014 995//1012 920//857
f 1125//1244 1127//1247 1132//1262 1133//1264
f 1133//1264 1134//1265 1124//1243 1125//1244
f 1124//1243 1134//1265 1135//1266 1123//1242
f 1123//1242 1135//1266 1136//1268 1122//1240
f 1131//1260 1137//1269 1143//1283 1144//1285
f 1144//1285 1145//1287 1130//1258 1131//1260
f 1130//1258 1145//1287 1146//1289 1129//1256
f 1129//1256 1146//1289 1147//1291 1128//1254
f 1152//1296 1154//1298 1159//1309 1160//1311
f 1160//1311 1161//1313 1153//1297 1152//1296
f 1153//1297 1161//1313 1151//1314 1204//1443
f 1204//1443 1151//1314 1162//1316 1150//1295
f 1150//1295 1162//1316 1163//1317 1148//1293
f 1148//1293 1163//1317 1164//1319 1149//1294
f 1164//1319 1165//1321 1142//1281 1149//1294
f 1165//1321 1166//1323 1141//1279 1142//1281
f 1166//1323 1167//1325 1140//1278 1141//1279
f 1140//1278 1167//1325 1168//1326 1139//1276
f 1139//1276 1168//1326 1169//1328 1138//1274
f 1189//1362 1195//1372 1198//1376 1199//1378
f 1199//1378 1200//1380 1188//1361 1189//1362
f 1188//1361 1200//1380 1201//1382 1187//1360
f 1187//1360 1201//1382 1202//1384 1186//1359
f 1315//1444 42//81 41//14
f 40//80 39//79 1225//1445
f 1287//1446 1311//1447 1310//1448
f 1247//1449 1248//1450 1337//1451
f 1304//1452 1263//1453 1305//1454
f 3//25 2//22 1299//1455
f 1352//1456 1//21 1251//1457
f 1347//1458 7//118 1348//1459
f 1637//1460 1883//1461 1871//1462
f 1560//1463 1571//1464 1889//1465
f 43//16 42//81 1315//1444 1353//1466
f 41//14 40//80 1225//1445 1315//1444
f 1226//1467 1316//1468 1315//1444 1225//1445
f 1316//1468 1226//1467 1227//1469 1317//1470
f 1317//1470 1227//1469 1228//1471 1318//1472
f 1318//1472 1228//1471 1229//1473 1319//1474
f 1319//1474 1229//1473 1230//1475 1320//1476
f 1320//1476 1230//1475 1231//1477 1321//1478
f 1321//1478 1231//1477 1232//1479 1322//1480
f 1322//1480 1232//1479 1233//1481 1323//1482
f 1233//1481 1234//1483 1324//1484 1323//1482
f 1234//1483 1235//1485 1325//1486 1324//1484
f 1235//1485 1236//1487 1326//1488 1325//1486
f 1326//1488 1236//1487 1237//1489 1327//1490
f 1327//1490 1237//1489 1238//1491 1328//1492
f 1239//1493 1329//1494 1328//1492 1238//1491
f 1329//1494 1239//1493 1240//1495 1330//1496
f 1330//1496 1240//1495 1241//1497 1331//1498
f 1249//1499 1250//1500 1339//1501 1338//1502
f 1340//1503 1339//1501 1250//1500 14//32
f 1341//1504 1340//1503 14//32 13//31
f 1342//1505 1341//1504 13//31 12//1
f 1343//1506 1342//1505 12//1 11//3
f 2//22 1//21 1352//1456 1299//1455
f 1252//1507 1299//1455 1352//1456 1251//1457
f 1353//1466 1315//1444 1316//1468 1354//1508
f 1317//1470 1355//1509 1354//1508 1316//1468
f 1355//1509 1317//1470 1318//1472 1356//1510
f 1319//1474 1357//1511 1356//1510 1318//1472
f 1357//1511 1319//1474 1320//1476 1358//1512
f 1358//1512 1320//1476 1321//1478 1359//1513
f 1359//1513 1321//1478 1322//1480 1360//1514
f 1360//1514 1322//1480 1323//1482 1361//1515
f 1361//1515 1323//1482 1324//1484 1362//1516
f 1325//1486 1363//1517 1362//1516 1324//1484
f 1325//1486 1326//1488 1364//1518 1363//1517
f 1365//1519 1364//1518 1326//1488 1327//1490
f 1327//1490 1328//1492 1366//1520 1365//1519
f 1328//1492 1329//1494 1367//1521 1366//1520
f 1329//1494 1330//1496 1368//1522 1367//1521
f 1330//1496 1331//1498 1369//1523 1368//1522
f 1331//1498 1332//1524 1370//1525 1369//1523
f 1332//1524 1333//1526 1371//1527 1370//1525
f 1372//1528 1371//1527 1333//1526 1334//1529
f 1334//1529 1335//1530 1373//1531 1372//1528
f 1374//1532 1373//1531 1335//1530 1336//1533
f 1375//1534 1374//1532 1336//1533 1337//1451
f 1376//1535 1375//1534 1337//1451 1338//1502
f 1376//1535 1338//1502 1339//1501 1377//1536
f 1340//1503 1378//1537 1377//1536 1339//1501
f 1298//1538 1205//1539 1206//1540 1314//1541
f 1331//1498 1241//1497 1242//1542 1332//1524
f 1248//1450 1249//1499 1338//1502 1337//1451
f 1344//1543 1343//1506 11//3 10//124
f 3//25 1299//1455 1351//1544 4//27
f 1268//1545 1269//1546 1270//1547 1306//1548
f 1270//1547 1269//1546 1276//1549 1307//1550
f 1206//1540 1207//1551 1660//1552 1314//1541
f 1660//1552 1207//1551 1208//1553 1411//1554
f 1208//1553 1209//1555 1661//1556 1411//1554
f 48//128 47//131 1662//1557 1224//1558
f 44//126 43//16 1353//1466 1663//1559
f 1332//1524 1242//1542 1243//1560 1333//1526
f 1333//1526 1243//1560 1244//1561 1334//1529
f 1334//1529 1244//1561 1245//1562 1335//1530
f 1335//1530 1245//1562 1246//1563 1336//1533
f 1336//1533 1246//1563 1247//1449 1337//1451
f 10//124 9//122 1345//1564 1344//1543
f 9//122 8//120 1346//1565 1345//1564
f 8//120 7//118 1347//1458 1346//1565
f 1300//1566 1299//1455 1252//1507 1253//1567
f 1300//1566 1253//1567 1254//1568 1301//1569
f 1301//1569 1254//1568 1255//1570 1256//1571
f 1306//1548 1270//1547 1271//1572 1664//1573
f 1270//1547 1307//1550 1665//1574 1271//1572
f 1307//1550 1276//1549 1277//1575 1278//1576
f 1307//1550 1278//1576 1279//1577 1308//1578
f 1308//1578 1279//1577 1280//1579 1281//1580
f 1308//1578 1281//1580 1282//1581 1309//1582
f 1309//1582 1282//1581 1283//1583 1284//1584
f 1299//1455 1300//1566 1666//1585 1351//1544
f 1300//1566 1301//1569 1667//1586 1666//1585
f 1307//1550 1308//1578 1668//1587 1665//1574
f 1308//1578 1309//1582 1669//1588 1668//1587
f 1378//1537 1340//1503 1341//1504 1463//1589
f 1463//1589 1341//1504 1342//1505 1670//1590
f 1670//1590 1342//1505 1343//1506 1467//1591
f 1467//1591 1343//1506 1344//1543 1671//1592
f 1671//1592 1344//1543 1345//1564 1672//1593
f 1672//1593 1345//1564 1346//1565 1673//1594
f 1673//1594 1346//1565 1347//1458 1674//1595
f 4//27 1351//1544 1350//1596 5//29
f 5//29 1350//1596 1349//1597 6//102
f 6//102 1349//1597 1348//1459 7//118
f 1674//1595 1347//1458 1348//1459 1675//1598
f 1675//1598 1348//1459 1349//1597 1676//1599
f 1676//1599 1349//1597 1350//1596 1677//1600
f 1677//1600 1350//1596 1351//1544 1666//1585
f 1353//1466 1354//1508 1678//1601 1663//1559
f 1354//1508 1355//1509 1679//1602 1678//1601
f 1355//1509 1356//1510 1680//1603 1679//1602
f 1680//1603 1356//1510 1357//1511 1425//1604
f 1357//1511 1358//1512 1681//1605 1425//1604
f 1681//1605 1358//1512 1359//1513 1682//1606
f 1682//1606 1359//1513 1360//1514 1458//1607
f 1458//1607 1360//1514 1361//1515 1683//1608
f 1683//1608 1361//1515 1362//1516 1684//1609
f 1684//1609 1362//1516 1363//1517 1685//1610
f 1685//1610 1363//1517 1364//1518 1686//1611
f 1686//1611 1364//1518 1365//1519 1687//1612
f 1687//1612 1365//1519 1366//1520 1688//1613
f 1688//1613 1366//1520 1367//1521 1689//1614
f 1367//1521 1368//1522 1690//1615 1689//1614
f 1368//1522 1369//1523 1691//1616 1690//1615
f 1369//1523 1370//1525 1692//1617 1691//1616
f 1370//1525 1371//1527 1693//1618 1692//1617
f 1371//1527 1372//1528 1694//1619 1693//1618
f 1372//1528 1373//1531 1695//1620 1694//1619
f 1373//1531 1374//1532 1696//1621 1695//1620
f 1696//1621 1374//1532 1375//1534 1697//1622
f 1697//1622 1375//1534 1376//1535 1698//1623
f 1698//1623 1376//1535 1377//1536 1462//1624
f 1377//1536 1378//1537 1699//1625 1462//1624
f 1401//1626 45//253 44//126 1663//1559
f 1700//1627 46//264 45//253 1401//1626
f 1306//1548 1266//1628 1267//1629 1268//1545
f 1306//1548 1305//1454 1265//1630 1266//1628
f 1305//1454 1263//1453 1264//1631 1265//1630
f 1314//1541 1296//1632 1297//1633 1298//1538
f 1314//1541 1313//1634 1295//1635 1296//1632
f 1313//1634 1293//1636 1294//1637 1295//1635
f 1313//1634 1312//1638 1292//1639 1293//1636
f 1312//1638 1290//1640 1291//1641 1292//1639
f 1290//1640 1312//1638 1311//1447 1289//1642
f 1311//1447 1287//1446 1288//1643 1289//1642
f 1302//1644 1301//1569 1256//1571 1257//1645
f 1302//1644 1257//1645 1258//1646 1259//1647
f 1301//1569 1302//1644 1701//1648 1667//1586
f 1303//1649 1302//1644 1259//1647 1260//1650
f 1303//1649 1260//1650 1261//1651 1304//1452
f 1304//1452 1261//1651 1262//1652 1263//1453
f 1302//1644 1303//1649 1702//1653 1701//1648
f 1303//1649 1304//1452 1703//1654 1702//1653
f 1305//1454 1306//1548 1664//1573 1704//1655
f 1310//1448 1309//1582 1284//1584 1285//1656
f 1310//1448 1285//1656 1286//1657 1287//1446
f 1309//1582 1310//1448 1705//1658 1669//1588
f 1313//1634 1314//1541 1660//1552 1706//1659
f 1312//1638 1313//1634 1706//1659 1707//1660
f 1311//1447 1312//1638 1707//1660 1708//1661
f 1210//1662 1211//1663 1709//1664 1710//1665
f 1712//1666 1212//1667 1213//1668 1711//1669
f 1216//1670 1217//1671 1714//1672 1713//1673
f 1433//1674 1218//1675 1219//1676 1715//1677
f 1404//1678 1221//1679 1222//1680 1716//1681
f 1638//1682 1272//1683 1273//1684 1717//1685
f 1717//1685 1273//1684 1274//1686 1718//1687
f 1275//1688 1274//1686 1719//1689 1431//1690
f 1274//1686 1273//1684 1720//1691 1719//1689
f 1273//1684 1272//1683 1721//1692 1720//1691
f 1664//1573 1271//1572 1272//1683 1638//1682
f 1304//1452 1305//1454 1704//1655 1703//1654
f 1310//1448 1311//1447 1708//1661 1705//1658
f 1663//1559 1678//1601 1388//1693 1401//1626
f 1699//1625 1378//1537 1463//1589 1722//1694
f 1271//1572 1665//1574 1384//1695 1272//1683
f 1384//1695 1665//1574 1668//1587 1392//1696
f 1706//1659 1660//1552 1411//1554 1723//1697
f 1224//1558 1662//1557 1393//1698 1223//1699
f 1678//1601 1679//1602 1724//1700 1388//1693
f 1679//1602 1680//1603 1446//1701 1724//1700
f 1392//1696 1668//1587 1669//1588 1725//1702
f 1725//1702 1669//1588 1705//1658 1726//1703
f 1411//1554 1661//1556 1727//1704 1723//1697
f 1680//1603 1425//1604 1728//1705 1446//1701
f 46//264 1700//1627 1383//1706 47//131
f 1209//1555 1210//1662 1710//1665 1661//1556
f 1212//1667 1712//1666 1426//1707 1211//1663
f 1216//1670 1713//1673 1456//1708 1215//1709
f 1221//1679 1404//1678 1729//1710 1220//1711
f 1730//1712 1214//1713 1215//1709 1456//1708
f 1477//1714 1715//1677 1219//1676 1220//1711
f 1704//1655 1664//1573 1638//1682 1380//1715
f 1638//1682 1717//1685 1731//1716 1380//1715
f 1731//1716 1717//1685 1718//1687 1732//1717
f 1381//1718 1700//1627 1401//1626 1388//1693
f 1718//1687 1274//1686 1275//1688 1385//1719
f 1403//1720 1716//1681 1222//1680 1223//1699
f 1733//1721 1714//1672 1217//1671 1218//1675
f 1432//1722 1713//1673 1714//1672 1733//1721
f 1662//1557 47//131 1383//1706 1393//1698
f 1709//1664 1211//1663 1426//1707 1734//1723
f 1412//1724 1710//1665 1709//1664 1734//1723
f 1450//1725 1711//1669 1213//1668 1214//1713
f 1721//1692 1272//1683 1384//1695 1735//1726
f 1720//1691 1721//1692 1735//1726 1736//1727
f 1719//1689 1720//1691 1736//1727 1430//1728
f 1431//1690 1719//1689 1430//1728 1737//1729
f 1738//1730 1275//1688 1431//1690 1523//1731
f 1667//1586 1701//1648 1445//1732 1739//1733
f 1701//1648 1702//1653 1740//1734 1445//1732
f 1702//1653 1703//1654 1443//1735 1740//1734
f 1639//1736 1666//1585 1667//1586 1739//1733
f 1677//1600 1666//1585 1639//1736 1741//1737
f 1676//1599 1677//1600 1741//1737 1468//1738
f 1469//1739 1675//1598 1676//1599 1468//1738
f 1519//1740 1674//1595 1675//1598 1469//1739
f 1423//1741 1673//1594 1674//1595 1519//1740
f 1497//1742 1672//1593 1673//1594 1423//1741
f 1440//1743 1671//1592 1672//1593 1497//1742
f 1494//1744 1467//1591 1671//1592 1440//1743
f 1742//1745 1670//1590 1467//1591 1494//1744
f 1439//1746 1463//1589 1670//1590 1742//1745
f 1436//1747 1708//1661 1707//1660 1435//1748
f 1435//1748 1707//1660 1706//1659 1723//1697
f 1743//1749 1682//1606 1458//1607 1457//1750
f 1457//1750 1458//1607 1683//1608 1459//1751
f 1459//1751 1683//1608 1684//1609 1744//1752
f 1744//1752 1684//1609 1685//1610 1745//1753
f 1745//1753 1685//1610 1686//1611 1434//1754
f 1434//1754 1686//1611 1687//1612 1746//1755
f 1746//1755 1687//1612 1688//1613 1747//1756
f 1747//1756 1688//1613 1689//1614 1490//1757
f 1689//1614 1690//1615 1748//1758 1490//1757
f 1690//1615 1691//1616 1749//1759 1748//1758
f 1691//1616 1692//1617 1750//1760 1749//1759
f 1692//1617 1693//1618 1493//1761 1750//1760
f 1693//1618 1694//1619 1751//1762 1493//1761
f 1694//1619 1695//1620 1752//1763 1751//1762
f 1752//1763 1695//1620 1696//1621 1437//1764
f 1437//1764 1696//1621 1697//1622 1753//1765
f 1753//1765 1697//1622 1698//1623 1438//1766
f 1438//1766 1698//1623 1462//1624 1466//1767
f 1466//1767 1462//1624 1699//1625 1722//1694
f 1754//1768 1681//1605 1682//1606 1743//1749
f 1402//1769 1425//1604 1681//1605 1754//1768
f 1755//1770 1712//1666 1711//1669 1479//1771
f 1433//1674 1715//1677 1756//1772 1757//1773
f 1758//1774 1404//1678 1716//1681 1476//1775
f 1703//1654 1704//1655 1380//1715 1443//1735
f 1726//1703 1705//1658 1708//1661 1436//1747
f 1661//1556 1710//1665 1412//1724 1727//1704
f 1403//1720 1223//1699 1393//1698 1390//1776
f 1476//1775 1716//1681 1403//1720 1390//1776
f 1393//1698 1383//1706 1759//1777 1390//1776
f 1759//1777 1383//1706 1700//1627 1381//1718
f 1735//1726 1384//1695 1392//1696 1760//1778
f 1728//1705 1425//1604 1402//1769 1448//1779
f 1477//1714 1220//1711 1729//1710 1761//1780
f 1388//1693 1724//1700 1762//1781 1381//1718
f 1760//1778 1392//1696 1725//1702 1427//1782
f 1427//1782 1725//1702 1726//1703 1397//1783
f 1218//1675 1433//1674 1595//1784 1733//1721
f 1722//1694 1463//1589 1439//1746 1763//1785
f 1479//1771 1711//1669 1450//1725 1764//1786
f 1713//1673 1432//1722 1765//1787 1456//1708
f 1715//1677 1477//1714 1766//1788 1756//1772
f 1732//1717 1718//1687 1385//1719 1382//1789
f 1731//1716 1732//1717 1470//1790 1380//1715
f 1762//1781 1724//1700 1446//1701 1475//1791
f 1475//1791 1446//1701 1728//1705 1448//1779
f 1450//1725 1214//1713 1730//1712 1767//1792
f 1730//1712 1456//1708 1768//1793 1767//1792
f 1523//1731 1431//1690 1737//1729 1409//1794
f 1385//1719 1275//1688 1738//1730 1525//1795
f 1712//1666 1755//1770 1769//1796 1426//1707
f 1595//1784 1433//1674 1757//1773 1770//1797
f 1736//1727 1735//1726 1760//1778 1407//1798
f 1771//1799 1430//1728 1736//1727 1407//1798
f 1464//1800 1466//1767 1722//1694 1763//1785
f 1439//1746 1742//1745 1465//1801 1763//1785
f 1465//1801 1742//1745 1494//1744 1772//1802
f 1734//1723 1426//1707 1769//1796 1405//1803
f 1418//1804 1412//1724 1734//1723 1405//1803
f 1737//1729 1430//1728 1771//1799 1429//1805
f 1435//1748 1723//1697 1413//1806 1414//1807
f 1413//1806 1723//1697 1727//1704 1396//1808
f 1436//1747 1435//1748 1414//1807 1502//1809
f 1400//1810 1639//1736 1739//1733 1442//1811
f 1739//1733 1445//1732 1773//1812 1442//1811
f 1445//1732 1740//1734 1472//1813 1773//1812
f 1740//1734 1443//1735 1444//1814 1472//1813
f 1741//1737 1639//1736 1400//1810 1441//1815
f 1468//1738 1741//1737 1441//1815 1774//1816
f 1775//1817 1469//1739 1468//1738 1774//1816
f 1539//1818 1519//1740 1469//1739 1775//1817
f 1776//1819 1423//1741 1519//1740 1539//1818
f 1777//1820 1497//1742 1423//1741 1776//1819
f 1422//1821 1440//1743 1497//1742 1777//1820
f 1772//1802 1494//1744 1440//1743 1422//1821
f 1447//1822 1743//1749 1457//1750 1778//1823
f 1778//1823 1457//1750 1459//1751 1779//1824
f 1779//1824 1459//1751 1744//1752 1489//1825
f 1489//1825 1744//1752 1745//1753 1460//1826
f 1745//1753 1434//1754 1780//1827 1460//1826
f 1780//1827 1434//1754 1746//1755 1781//1828
f 1781//1828 1746//1755 1747//1756 1782//1829
f 1782//1829 1747//1756 1490//1757 1509//1830
f 1509//1830 1490//1757 1748//1758 1510//1831
f 1510//1831 1748//1758 1749//1759 1783//1832
f 1749//1759 1750//1760 1492//1833 1783//1832
f 1492//1833 1750//1760 1493//1761 1461//1834
f 1493//1761 1751//1762 1420//1835 1461//1834
f 1751//1762 1752//1763 1491//1836 1420//1835
f 1491//1836 1752//1763 1437//1764 1517//1837
f 1517//1837 1437//1764 1753//1765 1537//1838
f 1537//1838 1753//1765 1438//1766 1538//1839
f 1538//1839 1438//1766 1466//1767 1421//1840
f 1424//1841 1754//1768 1743//1749 1447//1822
f 1506//1842 1402//1769 1754//1768 1424//1841
f 1451//1843 1755//1770 1479//1771 1500//1844
f 1784//1845 1758//1774 1476//1775 1379//1846
f 1404//1678 1758//1774 1785//1847 1729//1710
f 1522//1848 1738//1730 1523//1731 1786//1849
f 1432//1722 1733//1721 1410//1850 1787//1851
f 1757//1773 1756//1772 1556//1852 1394//1853
f 1443//1735 1380//1715 1470//1790 1444//1814
f 1379//1846 1476//1775 1390//1776 1759//1777
f 1396//1808 1727//1704 1412//1724 1418//1804
f 1397//1783 1726//1703 1436//1747 1502//1809
f 1379//1846 1759//1777 1381//1718 1762//1781
f 1402//1769 1506//1842 1389//1854 1448//1779
f 1755//1770 1451//1843 1788//1855 1769//1796
f 1786//1849 1523//1731 1409//1794 1789//1856
f 1770//1797 1757//1773 1394//1853 1581//1857
f 1410//1850 1733//1721 1595//1784 1770//1797
f 1766//1788 1477//1714 1761//1780 1790//1858
f 1464//1800 1763//1785 1465//1801 1791//1859
f 1758//1774 1784//1845 1792//1860 1785//1847
f 1756//1772 1766//1788 1555//1861 1556//1852
f 1421//1840 1466//1767 1464//1800 1793//1862
f 1738//1730 1522//1848 1617//1863 1525//1795
f 1732//1717 1382//1789 1473//1864 1470//1790
f 1409//1794 1737//1729 1429//1805 1482//1865
f 1385//1719 1525//1795 1524//1866 1382//1789
f 1407//1798 1760//1778 1427//1782 1454//1867
f 1454//1867 1427//1782 1397//1783 1501//1868
f 1762//1781 1475//1791 1784//1845 1379//1846
f 1500//1844 1479//1771 1764//1786 1406//1869
f 1768//1793 1456//1708 1765//1787 1580//1870
f 1764//1786 1450//1725 1767//1792 1478//1871
f 1478//1871 1767//1792 1768//1793 1593//1872
f 1791//1859 1465//1801 1772//1802 1495//1873
f 1495//1873 1772//1802 1422//1821 1640//1874
f 1640//1874 1422//1821 1777//1820 1641//1875
f 1641//1875 1777//1820 1776//1819 1540//1876
f 1540//1876 1776//1819 1539//1818 1794//1877
f 1794//1877 1539//1818 1775//1817 1795//1878
f 1795//1878 1775//1817 1774//1816 1796//1879
f 1796//1879 1774//1816 1441//1815 1498//1880
f 1498//1880 1441//1815 1400//1810 1442//1811
f 1761//1780 1729//1710 1785//1847 1449//1881
f 1432//1722 1787//1851 1797//1882 1765//1787
f 1798//1883 1475//1791 1448//1779 1389//1854
f 1405//1803 1769//1796 1788//1855 1391//1884
f 1416//1885 1418//1804 1405//1803 1391//1884
f 1414//1807 1413//1806 1415//1886 1503//1887
f 1415//1886 1413//1806 1396//1808 1417//1888
f 1502//1809 1414//1807 1503//1887 1481//1889
f 1394//1853 1556//1852 1570//1890 1799//1891
f 1529//1892 1447//1822 1778//1823 1800//1893
f 1800//1893 1778//1823 1779//1824 1485//1894
f 1779//1824 1489//1825 1486//1895 1485//1894
f 1489//1825 1460//1826 1801//1896 1486//1895
f 1802//1897 1424//1841 1447//1822 1529//1892
f 1506//1842 1424//1841 1802//1897 1530//1898
f 1773//1812 1472//1813 1803//1899 1474//1900
f 1442//1811 1773//1812 1474//1900 1498//1880
f 1472//1813 1444//1814 1804//1901 1803//1899
f 1512//1902 1460//1826 1780//1827 1488//1903
f 1488//1903 1780//1827 1781//1828 1534//1904
f 1534//1904 1781//1828 1782//1829 1487//1905
f 1487//1905 1782//1829 1509//1830 1508//1906
f 1508//1906 1509//1830 1510//1831 1805//1907
f 1805//1907 1510//1831 1783//1832 1419//1908
f 1419//1908 1783//1832 1492//1833 1461//1834
f 1536//1909 1461//1834 1420//1835 1516//1910
f 1516//1910 1420//1835 1491//1836 1517//1837
f 1806//1911 1538//1839 1421//1840 1514//1912
f 1537//1838 1538//1839 1806//1911 1807//1913
f 1517//1837 1537//1838 1807//1913 1516//1910
f 1499//1914 1451//1843 1500//1844 1480//1915
f 1429//1805 1771//1799 1428//1916 1808//1917
f 1771//1799 1407//1798 1453//1918 1428//1916
f 1616//1919 1522//1848 1786//1849 1526//1920
f 1787//1851 1410//1850 1809//1921 1597//1922
f 1417//1888 1396//1808 1418//1804 1416//1885
f 1501//1868 1397//1783 1502//1809 1481//1889
f 1804//1901 1444//1814 1470//1790 1473//1864
f 1410//1850 1770//1797 1581//1857 1809//1921
f 1784//1845 1475//1791 1798//1883 1792//1860
f 1453//1918 1407//1798 1454//1867 1810//1923
f 1394//1853 1799//1891 1811//1924 1581//1857
f 1480//1915 1500//1844 1406//1869 1579//1925
f 1789//1856 1409//1794 1482//1865 1626//1926
f 1526//1920 1786//1849 1789//1856 1631//1927
f 1415//1886 1417//1888 1541//1928 1503//1887
f 1788//1855 1451//1843 1499//1914 1391//1884
f 1810//1923 1454//1867 1501//1868 1452//1929
f 1461//1834 1536//1909 1553//1930 1419//1908
f 1555//1861 1766//1788 1790//1858 1545//1931
f 1793//1862 1464//1800 1791//1859 1496//1932
f 1496//1932 1791//1859 1495//1873 1812//1933
f 1812//1933 1495//1873 1640//1874 1813//1934
f 1506//1842 1530//1898 1814//1935 1389//1854
f 1798//1883 1389//1854 1814//1935 1792//1860
f 1449//1881 1785//1847 1792//1860 1814//1935
f 1522//1848 1616//1919 1815//1936 1617//1863
f 1525//1795 1617//1863 1816//1937 1524//1866
f 1556//1852 1555//1861 1817//1938 1570//1890
f 1580//1870 1765//1787 1797//1882 1603//1939
f 1813//1934 1640//1874 1641//1875 1818//1940
f 1818//1940 1641//1875 1540//1876 1819//1941
f 1761//1780 1449//1881 1820//1942 1790//1858
f 1406//1869 1764//1786 1478//1871 1821//1943
f 1821//1943 1478//1871 1593//1872 1822//1944
f 1593//1872 1768//1793 1580//1870 1823//1945
f 1797//1882 1787//1851 1597//1922 1603//1939
f 1514//1912 1421//1840 1793//1862 1513//1946
f 1801//1896 1460//1826 1512//1902 1395//1947
f 1482//1865 1429//1805 1808//1917 1824//1948
f 1428//1916 1453//1918 1810//1923 1408//1949
f 1808//1917 1428//1916 1408//1949 1825//1950
f 1826//1951 1481//1889 1503//1887 1541//1928
f 1507//1952 1486//1895 1801//1896 1395//1947
f 1827//1953 1485//1894 1486//1895 1507//1952
f 1828//1954 1800//1893 1485//1894 1827//1953
f 1528//1955 1529//1892 1800//1893 1828//1954
f 1505//1956 1802//1897 1529//1892 1528//1955
f 1545//1931 1530//1898 1802//1897 1505//1956
f 1473//1864 1382//1789 1829//1957 1471//1958
f 1829//1957 1382//1789 1524//1866 1527//1959
f 1561//1960 1795//1878 1796//1879 1562//1961
f 1562//1961 1796//1879 1498//1880 1474//1900
f 1518//1962 1794//1877 1795//1878 1561//1960
f 1416//1885 1391//1884 1831//1963 1830//1964
f 1520//1965 1499//1914 1480//1915 1832//1966
f 1533//1967 1534//1904 1487//1905 1833//1968
f 1833//1968 1487//1905 1508//1906 1547//1969
f 1508//1906 1805//1907 1548//1970 1547//1969
f 1805//1907 1419//1908 1559//1971 1548//1970
f 1834//1972 1488//1903 1534//1904 1533//1967
f 1551//1973 1512//1902 1488//1903 1834//1972
f 1536//1909 1516//1910 1515//1974 1398//1975
f 1515//1974 1516//1910 1807//1913 1835//1976
f 1806//1911 1514//1912 1835//1976 1807//1913
f 1628//1977 1616//1919 1526//1920 1521//1978
f 1799//1891 1570//1890 1836//1979 1859//1980
f 1598//1981 1597//1922 1809//1921 1596//1982
f 1831//1963 1391//1884 1499//1914 1520//1965
f 1417//1888 1416//1885 1830//1964 1541//1928
f 1820//1942 1449//1881 1814//1935 1530//1898
f 1452//1929 1501//1868 1481//1889 1826//1951
f 1820//1942 1530//1898 1545//1931 1790//1858
f 1555//1861 1545//1931 1505//1956 1817//1938
f 1819//1941 1540//1876 1794//1877 1518//1962
f 1804//1901 1473//1864 1471//1958 1803//1899
f 1809//1921 1581//1857 1811//1924 1596//1982
f 1553//1930 1536//1909 1398//1975 1552//1983
f 1626//1926 1482//1865 1824//1948 1455//1984
f 1513//1946 1793//1862 1496//1932 1837//1985
f 1817//1938 1505//1956 1528//1955 1386//1986
f 1570//1890 1817//1938 1386//1986 1836//1979
f 1386//1986 1528//1955 1828//1954 1838//1987
f 1838//1987 1828//1954 1827//1953 1546//1988
f 1512//1902 1551//1973 1550//1989 1395//1947
f 1835//1976 1514//1912 1513//1946 1839//1990
f 1521//1978 1526//1920 1631//1927 1630//1991
f 1559//1971 1419//1908 1553//1930 1552//1983
f 1832//1966 1480//1915 1579//1925 1573//1992
f 1823//1945 1580//1870 1603//1939 1601//1993
f 1597//1922 1598//1981 1840//1994 1603//1939
f 1616//1919 1628//1977 1623//1995 1815//1936
f 1631//1927 1789//1856 1626//1926 1841//1996
f 1811//1924 1799//1891 1859//1980 1596//1982
f 1408//1949 1810//1923 1452//1929 1543//1997
f 1837//1985 1496//1932 1812//1933 1842//1998
f 1842//1998 1812//1933 1813//1934 1843//1999
f 1843//1999 1813//1934 1818//1940 1844//2000
f 1844//2000 1818//1940 1819//1941 1845//2001
f 1617//1863 1815//1936 1846//2002 1816//1937
f 1527//1959 1524//1866 1816//1937 1847//2003
f 1406//1869 1821//1943 1848//2004 1579//1925
f 1848//2004 1821//1943 1822//1944 1592//2005
f 1593//1872 1823//1945 1849//2006 1822//1944
f 1808//1917 1825//1950 1483//2007 1824//1948
f 1546//1988 1827//1953 1507//1952 1850//2008
f 1850//2008 1507//1952 1395//1947 1550//1989
f 1826//1951 1541//1928 1830//1964 1857//2009
f 1484//2010 1825//1950 1408//1949 1543//1997
f 1563//2011 1471//1958 1829//1957 1564//2012
f 1564//2012 1829//1957 1527//1959 1565//2013
f 1574//2014 1833//1968 1547//1969 1576//2015
f 1547//1969 1548//1970 1532//2016 1576//2015
f 1548//1970 1559//1971 1585//2017 1532//2016
f 1511//2018 1533//1967 1833//1968 1574//2014
f 1851//2019 1834//1972 1533//1967 1511//2018
f 1535//2020 1551//1973 1834//1972 1851//2019
f 1398//1975 1515//1974 1852//2021 1643//2022
f 1875//2023 1562//1961 1474//1900 1854//2024
f 1854//2024 1474//1900 1803//1899 1471//1958
f 1561//1960 1562//1961 1853//2025 1855//2026
f 1518//1962 1561//1960 1855//2026 1856//2027
f 1857//2009 1830//1964 1831//1963 1571//1464
f 1858//2028 1628//1977 1521//1978 1636//2029
f 1860//2030 1598//1981 1596//1982 1859//1980
f 1520//1965 1832//1966 1554//2031 1889//1465
f 1594//2032 1859//1980 1836//1979 1569//2033
f 1452//1929 1826//1951 1857//2009 1543//1997
f 1845//2001 1819//1941 1518//1962 1856//2027
f 1836//1979 1386//1986 1838//1987 1569//2033
f 1571//1464 1831//1963 1520//1965 1889//1465
f 1852//2021 1515//1974 1835//1976 1839//1990
f 1552//1983 1398//1975 1643//2022 1861//2034
f 1585//2017 1559//1971 1552//1983 1861//2034
f 1483//2007 1825//1950 1484//2010 1862//2035
f 1626//1926 1455//1984 1863//2036 1841//1996
f 1874//2037 1864//2038 1566//2039
f 1854//2024 1471//1958 1563//2011 1864//2038
f 1521//1978 1630//1991 1865//2040 1636//2029
f 1551//1973 1535//2020 1557//2041 1550//1989
f 1563//2011 1564//2012 1566//2039 1864//2038
f 1566//2039 1564//2012 1565//2013 1544//2042
f 1565//2013 1527//1959 1847//2003 1612//2043
f 1849//2006 1823//1945 1601//1993 1600//2044
f 1554//2031 1832//1966 1573//1992 1607//2045
f 1601//1993 1603//1939 1840//1994 1602//2046
f 1628//1977 1858//2028 1866//2047 1623//1995
f 1815//1936 1623//1995 1624//2048 1846//2002
f 1847//2003 1816//1937 1846//2002 1618//2049
f 1455//1984 1824//1948 1483//2007 1862//2035
f 1839//1990 1513//1946 1837//1985 1653//2050
f 1837//1985 1842//1998 1651//2051 1653//2050
f 1651//2051 1842//1998 1843//1999 1652//2052
f 1652//2052 1843//1999 1844//2000 1399//2053
f 1399//2053 1844//2000 1845//2001 1572//2054
f 1569//2033 1838//1987 1546//1988 1867//2055
f 1631//1927 1841//1996 1868//2056 1630//1991
f 1573//1992 1579//1925 1848//2004 1592//2005
f 1592//2005 1822//1944 1849//2006 1600//2044
f 1867//2055 1546//1988 1850//2008 1869//2057
f 1869//2057 1850//2008 1550//1989 1557//2041
f 1857//2009 1571//1464 1560//1463 1543//1997
f 1598//1981 1860//2030 1870//2058 1840//1994
f 1484//2010 1543//1997 1560//1463 1871//1462
f 1594//2032 1569//2033 1867//2055 1872//2059
f 1860//2030 1859//1980 1594//2032 1873//2060
f 1875//2023 1854//2024 1864//2038 1874//2037
f 1875//2023 1874//2037 1853//2025 1562//1961
f 1876//2061 1511//2018 1574//2014 1877//2062
f 1574//2014 1576//2015 1575//2063 1877//2062
f 1576//2015 1532//2016 1584//2064 1575//2063
f 1532//2016 1585//2017 1645//2065 1584//2064
f 1583//2066 1851//2019 1511//2018 1876//2061
f 1878//2067 1535//2020 1851//2019 1583//2066
f 1855//2026 1853//2025 1544//2042 1879//2068
f 1856//2027 1855//2026 1879//2068 1880//2069
f 1627//2070 1858//2028 1636//2029 1881//2071
f 1642//2072 1643//2022 1852//2021 1654//2073
f 1654//2073 1852//2021 1839//1990 1653//2050
f 1544//2042 1565//2013 1612//2043 1879//2068
f 1544//2042 1853//2025 1874//2037 1566//2039
f 1572//2054 1845//2001 1856//2027 1880//2069
f 1841//1996 1863//2036 1882//2074 1868//2056
f 1863//2036 1455//1984 1637//1460 1900//2075
f 1862//2035 1883//1461 1637//1460 1455//1984
f 1872//2059 1867//2055 1869//2057 1549//2076
f 1549//2076 1869//2057 1557//2041 1558//2077
f 1558//2077 1557//2041 1535//2020 1878//2067
f 1573//1992 1592//2005 1605//2078 1607//2045
f 1860//2030 1873//2060 1884//2079 1870//2058
f 1605//2078 1592//2005 1600//2044 1885//2080
f 1601//1993 1602//2046 1885//2080 1600//2044
f 1846//2002 1624//2048 1622//2081 1618//2049
f 1865//2040 1630//1991 1868//2056 1632//2082
f 1636//2029 1865//2040 1886//2083 1881//2071
f 1861//2034 1643//2022 1642//2072 1887//2084
f 1585//2017 1861//2034 1887//2084 1645//2065
f 1612//2043 1847//2003 1618//2049 1611//2085
f 1858//2028 1627//2070 1620//2086 1866//2047
f 1623//1995 1866//2047 1625//2087 1624//2048
f 1602//2046 1840//1994 1870//2058 1568//2088
f 1484//2010 1871//1462 1883//1461 1862//2035
f 1560//1463 1889//1465 1888//2089 1871//1462
f 1888//2089 1889//1465 1554//2031 1542//2090
f 1873//2060 1594//2032 1872//2059 1890//2091
f 1399//2053 1572//2054 1892//2092 1891//2093
f 1893//2094 1652//2052 1399//2053 1891//2093
f 1894//2095 1651//2051 1652//2052 1893//2094
f 1655//2096 1653//2050 1651//2051 1894//2095
f 1876//2061 1877//2062 1577//2097 1582//2098
f 1877//2062 1575//2063 1895//2099 1577//2097
f 1575//2063 1584//2064 1587//2100 1895//2099
f 1584//2064 1645//2065 1586//2101 1587//2100
f 1583//2066 1876//2061 1582//2098 1896//2102
f 1878//2067 1583//2066 1896//2102 1897//2103
f 1554//2031 1607//2045 1908//2104 1542//2090
f 1642//2072 1654//2073 1646//2105 1898//2106
f 1627//2070 1881//2071 1504//2107 1899//2108
f 1542//2090 1900//2075 1888//2089
f 1637//1460 1871//1462 1888//2089 1900//2075
f 1654//2073 1653//2050 1655//2096 1646//2105
f 1879//2068 1612//2043 1611//2085 1880//2069
f 1620//2086 1627//2070 1899//2108 1613//2109
f 1890//2091 1872//2059 1549//2076 1901//2110
f 1549//2076 1558//2077 1902//2111 1901//2110
f 1558//2077 1878//2067 1897//2103 1902//2111
f 1892//2092 1572//2054 1880//2069 1650//2112
f 1604//2113 1607//2045 1605//2078 1606//2114
f 1611//2085 1618//2049 1622//2081 1648//2115
f 1624//2048 1625//2087 1619//2116 1622//2081
f 1865//2040 1632//2082 1903//2117 1886//2083
f 1632//2082 1868//2056 1882//2074 1904//2118
f 1882//2074 1863//2036 1900//2075 1904//2118
f 1645//2065 1887//2084 1644//2119 1586//2101
f 1887//2084 1642//2072 1898//2106 1644//2119
f 1881//2071 1886//2083 1635//2120 1504//2107
f 1625//2087 1866//2047 1620//2086 1613//2109
f 1568//2088 1870//2058 1884//2079 1905//2121
f 1605//2078 1885//2080 1906//2122 1606//2114
f 1884//2079 1873//2060 1890//2091 1905//2121
f 1907//2123 1908//2104 1607//2045 1604//2113
f 1909//2124 1893//2094 1891//2093 1649//2125
f 1649//2125 1891//2093 1892//2092 1650//2112
f 1894//2095 1893//2094 1909//2124 1656//2126
f 1910//2127 1655//2096 1894//2095 1656//2126
f 1897//2103 1896//2102 1911//2128 1590//2129
f 1896//2102 1582//2098 1912//2130 1911//2128
f 1582//2098 1577//2097 1913//2131 1912//2130
f 1577//2097 1895//2099 1599//2132 1913//2131
f 1599//2132 1895//2099 1587//2100 1588//2133
f 1587//2100 1586//2101 1387//2134 1588//2133
f 1914//2135 1602//2046 1568//2088 1578//2136
f 1898//2106 1646//2105 1915//2137 1658//2138
f 1621//2139 1899//2108 1504//2107 1629//2140
f 1650//2112 1880//2069 1611//2085 1648//2115
f 1915//2137 1646//2105 1655//2096 1910//2127
f 1905//2121 1890//2091 1901//2110 1567//2141
f 1901//2110 1902//2111 1531//2142 1567//2141
f 1902//2111 1897//2103 1590//2129 1531//2142
f 1586//2101 1644//2119 1647//2143 1387//2134
f 1644//2119 1898//2106 1658//2138 1647//2143
f 1504//2107 1635//2120 1916//2144 1629//2140
f 1886//2083 1903//2117 1633//2145 1635//2120
f 1899//2108 1621//2139 1917//2146 1613//2109
f 1632//2082 1904//2118 1918//2147 1903//2117
f 1625//2087 1613//2109 1919//2148 1619//2116
f 1900//2075 1542//2090 1908//2104 1904//2118
f 1904//2118 1908//2104 1907//2123 1918//2147
f 1602//2046 1914//2135 1906//2122 1885//2080
f 1578//2136 1568//2088 1905//2121 1567//2141
f 1649//2125 1650//2112 1648//2115 1920//2149
f 1622//2081 1619//2116 1921//2150 1648//2115
f 1922//2151 1606//2114 1906//2122 1914//2135
f 1914//2135 1578//2136 1634//2152 1922//2151
f 1923//2153 1604//2113 1606//2114 1922//2151
f 1656//2126 1909//2124 1649//2125 1920//2149
f 1658//2138 1915//2137 1910//2127 1657//2154
f 1588//2133 1387//2134 1925//2155 1610//2156
f 1926//2157 1599//2132 1588//2133 1610//2156
f 1913//2131 1599//2132 1926//2157 1589//2158
f 1609//2159 1912//2130 1913//2131 1589//2158
f 1911//2128 1912//2130 1609//2159 1659//2160
f 1590//2129 1911//2128 1659//2160 1927//2161
f 1928//2162 1621//2139 1629//2140 1591//2163
f 1924//2164 1578//2136 1567//2141 1531//2142
f 1531//2142 1590//2129 1927//2161 1924//2164
f 1634//2152 1578//2136 1924//2164 1591//2163
f 1621//2139 1928//2162 1929//2165 1917//2146
f 1648//2115 1921//2150 1930//2166 1920//2149
f 1916//2144 1635//2120 1633//2145 1634//2152
f 1922//2151 1634//2152 1633//2145 1923//2153
f 1923//2153 1633//2145 1903//2117 1918//2147
f 1923//2153 1918//2147 1907//2123 1604//2113
f 1387//2134 1647//2143 1931//2167 1925//2155
f 1658//2138 1657//2154 1931//2167 1647//2143
f 1919//2148 1613//2109 1917//2146 1614//2168
f 1619//2116 1919//2148 1608//2169 1921//2150
f 1657//2154 1910//2127 1656//2126 1920//2149
f 1591//2163 1629//2140 1916//2144 1634//2152
f 1932//2170 1927//2161 1659//2160 1933//2171
f 1659//2160 1609//2159 1934//2172 1933//2171
f 1934//2172 1609//2159 1589//2158 1614//2168
f 1614//2168 1589//2158 1926//2157 1610//2156
f 1928//2162 1591//2163 1932//2170 1933//2171
f 1608//2169 1610//2156 1925//2155 1615//2173
f 1924//2164 1927//2161 1932//2170 1591//2163
f 1610//2156 1608//2169 1919//2148 1614//2168
f 1934//2172 1614//2168 1917//2146 1929//2165
f 1933//2171 1934//2172 1929//2165 1928//2162
f 1930//2166 1921//2150 1608//2169 1615//2173
f 1615//2173 1925//2155 1931//2167 1657//2154
f 1657//2154 1920//2149 1930//2166 1615//2173
f 2020//2174 2495//2175 2019//2176
f 2483//2177 2485//2178 2482//2179
f 702//682 2159//2180 1993//2181
f 2011//2182 2010//2183 2444//2184
f 2011//2182 2201//2185 2010//2186
f 1283//1583 2503//2187 1282//1581
f 2491//2188 2493//2189 2330//2190
f 2477//2191 2013//2192 2012//2193
f 1993//2181 692//697 703//683 702//682
f 2117//2194 1950//2195 1940//2196 2034//2197
f 2034//2197 2033//2198 2118//2199 2117//2194
f 2033//2198 2032//2200 2119//2201 2118//2199
f 2032//2200 2031//2202 2120//2203 2119//2201
f 2031//2202 2030//2204 2121//2205 2120//2203
f 2122//2206 2121//2205 2030//2204 2029//2207
f 2123//2208 2122//2206 2029//2207 2028//2209
f 2028//2209 2027//2210 2124//2211 2123//2208
f 2027//2210 2026//2212 2125//2213 2124//2211
f 2026//2212 2025//2214 2126//2215 2125//2213
f 2127//2216 2126//2215 2025//2214 2024//2217
f 2128//2218 2127//2216 2024//2217 2023//2219
f 2023//2219 2022//2220 2129//2221 2128//2218
f 2022//2220 2021//2222 2130//2223 2129//2221
f 2021//2222 2020//2224 2131//2225 2130//2223
f 2020//2224 2019//2226 2132//2227 2131//2225
f 2133//2228 2132//2227 2019//2226 2018//2229
f 2134//2230 2133//2228 2018//2229 2017//2231
f 2135//2232 2134//2230 2017//2231 2016//2233
f 2016//2233 2015//2234 2136//2235 2135//2232
f 2015//2234 2014//2236 2137//2237 2136//2235
f 2138//2238 2137//2237 2014//2236 2013//2239
f 2139//2240 2138//2238 2013//2239 2012//2193
f 2012//2193 2011//2182 2140//2241 2139//2240
f 2011//2182 2010//2242 2142//2243 2140//2241
f 2010//2242 2009//2244 2143//2245 2142//2243
f 2009//2244 2008//2246 2144//2247 2143//2245
f 2008//2246 2007//2248 2145//2249 2144//2247
f 2146//2250 2145//2249 2007//2248 2006//2251
f 2147//2252 2146//2250 2006//2251 2005//2253
f 2148//2254 2147//2252 2005//2253 2004//2255
f 2149//2256 2148//2254 2004//2255 2003//2257
f 2150//2258 2149//2256 2003//2257 2002//2259
f 2002//2259 2001//2260 2151//2261 2150//2258
f 2001//2260 2000//2262 2152//2263 2151//2261
f 2000//2262 1999//2264 2153//2265 2152//2263
f 1999//2264 1998//2266 2154//2267 2153//2265
f 1998//2266 1997//2268 2155//2269 2154//2267
f 2156//2270 2155//2269 1997//2268 1996//2271
f 2157//2272 2156//2270 1996//2271 1995//2273
f 2158//2274 2157//2272 1995//2273 1994//2275
f 2159//2180 2158//2274 1994//2275 1993//2181
f 1251//2276 1//838 704//837 2333//2277
f 2333//2277 704//837 692//836 1993//2278
f 2159//2180 702//682 701//833 2237//2279
f 2237//2279 701//833 694//832 2075//2280
f 2075//2280 694//832 700//829 2334//2281
f 2334//2281 700//829 696//828 2076//2282
f 2076//2283 696//826 699//824 2335//2284
f 2335//2284 699//824 698//822 1992//2285
f 698//822 1935//2286 2280//2287 1992//2285
f 1935//2286 696//2288 2076//2289 2280//2287
f 696//816 1936//2290 2282//2291 2076//2283
f 1936//2290 694//811 2075//2292 2282//2291
f 694//811 1937//2293 2312//2294 2075//2292
f 1937//2293 692//806 1993//2295 2312//2294
f 692//806 1938//2296 2292//2297 1993//2181
f 1938//2296 1//2298 1251//1457 2292//2297
f 2292//2297 1251//1457 1252//2299 2291//2300
f 2291//2300 1252//2299 1253//2301 2290//2302
f 2290//2302 1253//2301 1254//1568 2336//2303
f 2336//2303 1254//1568 1255//1570 2314//2304
f 2314//2304 1255//1570 1256//1571 2287//2305
f 2287//2305 1256//1571 1257//2306 2286//2307
f 2286//2307 1257//2306 1258//1646 2288//2308
f 2288//2308 1258//1646 1259//2309 2313//2310
f 2313//2310 1259//2309 1260//2311 2289//2312
f 2289//2312 1260//2311 1261//2313 2337//2314
f 2337//2314 1261//2313 1262//2315 2269//2316
f 2269//2316 1262//2315 1263//2317 2338//2318
f 2338//2318 1263//2317 1264//1631 2339//2319
f 2339//2319 1264//1631 1265//1630 2340//2320
f 2340//2320 1265//1630 1266//2321 2341//2322
f 2341//2322 1266//2321 1267//1629 2342//2323
f 1298//1538 1205//2324 1939//2325 2326//2326
f 2326//2326 1939//2325 1940//2327 2034//2328
f 2034//2197 1940//2196 1941//2329 2343//2330
f 2343//2330 1941//2329 1942//2331 2035//2332
f 2035//2333 1942//2331 1943//2334 2344//2335
f 2344//2335 1943//2334 1944//2336 2116//2337
f 2116//2338 1944//2339 1945//2340 2345//2341
f 2345//2341 1945//2340 1946//2342 1952//2343
f 1952//2343 1946//2342 1947//2344 2346//2345
f 1947//2344 1944//2346 2116//2337 2346//2345
f 2116//2338 1944//2346 1948//2347 2347//2348
f 1948//2347 1942//2331 2035//2332 2347//2348
f 1942//2349 1949//2350 2162//2351 2035//2332
f 1949//2350 1950//2195 2117//2194 2162//2351
f 1940//2352 1951//2353 2293//2354 2034//2355
f 1951//2353 1205//1539 1298//2356 2293//2354
f 1992//2285 1991//2357 2348//2358 2335//2284
f 1991//2357 1990//2359 2349//2360 2348//2358
f 1990//2359 1989//2361 2241//2362 2349//2360
f 1989//2361 1988//2363 2309//2364 2241//2362
f 1988//2363 1987//2365 2239//2366 2309//2364
f 1987//2365 1986//2367 2238//2368 2239//2366
f 1986//2367 1985//2369 2240//2370 2238//2368
f 1985//2369 1984//2371 2242//2372 2240//2370
f 1984//2371 1983//2373 2227//2374 2242//2372
f 1983//2373 1982//2375 2229//2376 2227//2374
f 1982//2375 1981//2377 2232//2378 2229//2376
f 1981//2377 1980//2379 2228//2380 2232//2378
f 1980//2379 1979//2381 2225//2382 2228//2380
f 1979//2381 1978//2383 2230//2384 2225//2382
f 1978//2383 1977//2385 2226//2386 2230//2384
f 1977//2385 1976//2387 2216//2388 2226//2386
f 1976//2387 1975//2389 2350//2390 2216//2388
f 1975//2389 1974//2391 2351//2392 2350//2390
f 1974//2391 1973//2393 2352//2394 2351//2392
f 1973//2393 1972//2395 2184//2396 2352//2394
f 1972//2395 1971//2397 2186//2398 2184//2396
f 1971//2397 1970//2399 2185//2400 2186//2398
f 1970//2399 1969//2401 2183//2402 2185//2400
f 1969//2401 1968//2403 2181//2404 2183//2402
f 1968//2403 1967//2405 2182//2406 2181//2404
f 1967//2405 1966//2407 2187//2408 2182//2406
f 1966//2407 1965//2409 2353//2410 2187//2408
f 1965//2409 1964//2411 2354//2412 2353//2410
f 1964//2411 1963//2413 2355//2414 2354//2412
f 1963//2413 1962//2415 2356//2416 2355//2414
f 1962//2415 1961//2417 2295//2418 2356//2416
f 1961//2417 1960//2419 2294//2420 2295//2418
f 1960//2419 1959//2421 2357//2422 2294//2420
f 2357//2422 1959//2421 1958//2423 2297//2424
f 2297//2424 1958//2423 1957//2425 2358//2426
f 1957//2425 1956//2427 2359//2428 2358//2426
f 1956//2427 1955//2429 2360//2430 2359//2428
f 1955//2429 1954//2431 2319//2432 2360//2430
f 1954//2431 1953//2433 2361//2434 2319//2432
f 1953//2433 1952//2343 2346//2345 2361//2434
f 1952//2343 1953//2433 2362//2435 2345//2341
f 1953//2433 1954//2431 2325//2436 2362//2435
f 2325//2436 1954//2431 1955//2429 2363//2437
f 2363//2437 1955//2429 1956//2427 2296//2438
f 2296//2438 1956//2427 1957//2425 2298//2439
f 2298//2439 1957//2425 1958//2423 2364//2440
f 2364//2440 1958//2423 1959//2421 2365//2441
f 2365//2441 1959//2421 1960//2419 2322//2442
f 2322//2442 1960//2419 1961//2417 2366//2443
f 2366//2443 1961//2417 1962//2415 2323//2444
f 2323//2444 1962//2415 1963//2413 2367//2445
f 2367//2445 1963//2413 1964//2411 2368//2446
f 2368//2446 1964//2411 1965//2409 2190//2447
f 2190//2447 1965//2409 1966//2407 2191//2448
f 2191//2448 1966//2407 1967//2405 2208//2449
f 2208//2449 1967//2405 1968//2403 2193//2450
f 2193//2450 1968//2403 1969//2401 2194//2451
f 2194//2451 1969//2401 1970//2399 2195//2452
f 2195//2452 1970//2399 1971//2397 2369//2453
f 1971//2397 1972//2395 2370//2454 2369//2453
f 1972//2395 1973//2393 2371//2455 2370//2454
f 1973//2393 1974//2391 2372//2456 2371//2455
f 1974//2391 1975//2389 2373//2457 2372//2456
f 1975//2389 1976//2387 2374//2458 2373//2457
f 1976//2387 1977//2385 2375//2459 2374//2458
f 1977//2385 1978//2383 2376//2460 2375//2459
f 1978//2383 1979//2381 2377//2461 2376//2460
f 1979//2381 1980//2379 2378//2462 2377//2461
f 1980//2379 1981//2377 2379//2463 2378//2462
f 1981//2377 1982//2375 2380//2464 2379//2463
f 1982//2375 1983//2373 2381//2465 2380//2464
f 1983//2373 1984//2371 2270//2466 2381//2465
f 1984//2371 1985//2369 2382//2467 2270//2466
f 2382//2467 1985//2369 1986//2367 2311//2468
f 2311//2468 1986//2367 1987//2365 2272//2469
f 2272//2469 1987//2365 1988//2363 2271//2470
f 2271//2470 1988//2363 1989//2361 2383//2471
f 2383//2471 1989//2361 1990//2359 2384//2472
f 2384//2472 1990//2359 1991//2357 2279//2473
f 2279//2473 1991//2357 1992//2285 2280//2287
f 2034//2328 2033//2474 2385//2475 2326//2326
f 2033//2474 2032//2200 2386//2476 2385//2475
f 2032//2200 2031//2202 2387//2477 2386//2476
f 2031//2202 2030//2478 2332//2479 2387//2477
f 2030//2478 2029//2480 2388//2481 2332//2479
f 2282//2291 2075//2292 2074//2482 2281//2483
f 2281//2483 2074//2482 2073//2484 2389//2485
f 2389//2485 2073//2484 2072//2486 2390//2487
f 2390//2487 2072//2486 2071//2488 2391//2489
f 2391//2489 2071//2488 2070//2490 2275//2491
f 2275//2491 2070//2490 2069//2492 2277//2493
f 2277//2493 2069//2492 2068//2494 2276//2495
f 2276//2495 2068//2494 2067//2496 2274//2497
f 2274//2497 2067//2496 2066//2498 2273//2499
f 2273//2499 2066//2498 2065//2500 2259//2501
f 2259//2501 2065//2500 2064//2502 2258//2503
f 2258//2503 2064//2502 2063//2504 2392//2505
f 2392//2505 2063//2504 2062//2506 2393//2507
f 2393//2507 2062//2506 2061//2508 2310//2509
f 2310//2509 2061//2508 2060//2510 2251//2511
f 2251//2511 2060//2510 2059//2512 2253//2513
f 2253//2513 2059//2512 2058//2514 2394//2515
f 2394//2515 2058//2514 2057//2516 2252//2517
f 2252//2517 2057//2516 2056//2518 2249//2519
f 2249//2519 2056//2518 2055//2520 2250//2521
f 2250//2521 2055//2520 2054//2522 2395//2523
f 2395//2523 2054//2522 2053//2524 2196//2525
f 2196//2525 2053//2524 2052//2526 2396//2527
f 2396//2527 2052//2526 2051//2528 2202//2529
f 2202//2529 2051//2528 2050//2530 2397//2531
f 2397//2531 2050//2530 2049//2532 2398//2533
f 2398//2533 2049//2532 2048//2534 2399//2535
f 2399//2535 2048//2534 2047//2536 2192//2537
f 2192//2537 2047//2536 2046//2538 2400//2539
f 2400//2539 2046//2538 2045//2540 2401//2541
f 2401//2541 2045//2540 2044//2542 2402//2543
f 2402//2543 2044//2542 2043//2544 2403//2545
f 2403//2545 2043//2544 2042//2546 2404//2547
f 2404//2547 2042//2546 2041//2548 2405//2549
f 2405//2549 2041//2548 2040//2550 2406//2551
f 2406//2551 2040//2550 2039//2552 2188//2553
f 2188//2553 2039//2552 2038//2554 2321//2555
f 2038//2554 2037//2556 2407//2557 2321//2555
f 2037//2556 2036//2558 2315//2559 2407//2557
f 2036//2558 2035//2333 2344//2335 2315//2559
f 2343//2330 2035//2332 2036//2560 2189//2561
f 2189//2561 2036//2560 2037//2556 2408//2562
f 2408//2562 2037//2556 2038//2554 2409//2563
f 2409//2563 2038//2554 2039//2552 2410//2564
f 2410//2564 2039//2552 2040//2565 2411//2566
f 2411//2566 2040//2565 2041//2548 2412//2567
f 2041//2548 2042//2546 2413//2568 2412//2567
f 2042//2546 2043//2569 2414//2570 2413//2568
f 2043//2569 2044//2571 2207//2572 2414//2570
f 2044//2571 2045//2573 2206//2574 2207//2572
f 2045//2573 2046//2575 2205//2576 2206//2574
f 2046//2575 2047//2577 2415//2578 2205//2576
f 2047//2577 2048//2579 2204//2580 2415//2578
f 2048//2579 2049//2581 2203//2582 2204//2580
f 2049//2581 2050//2530 2302//2583 2203//2582
f 2050//2530 2051//2584 2416//2585 2302//2583
f 2051//2584 2052//2526 2198//2586 2416//2585
f 2052//2526 2053//2587 2197//2588 2198//2586
f 2053//2587 2054//2522 2417//2589 2197//2588
f 2054//2522 2055//2590 2199//2591 2417//2589
f 2055//2590 2056//2592 2200//2593 2199//2591
f 2056//2592 2057//2516 2418//2594 2200//2593
f 2057//2516 2058//2514 2201//2185 2418//2594
f 2058//2514 2059//2595 2419//2596 2201//2185
f 2419//2596 2059//2595 2060//2510 2263//2597
f 2263//2597 2060//2510 2061//2598 2262//2599
f 2262//2599 2061//2598 2062//2506 2261//2600
f 2261//2600 2062//2506 2063//2601 2264//2602
f 2264//2602 2063//2601 2064//2502 2420//2603
f 2420//2603 2064//2502 2065//2604 2266//2605
f 2266//2605 2065//2604 2066//2498 2265//2606
f 2265//2606 2066//2498 2067//2607 2267//2608
f 2267//2608 2067//2607 2068//2494 2421//2609
f 2421//2609 2068//2494 2069//2492 2268//2610
f 2268//2610 2069//2492 2070//2490 2285//2611
f 2285//2611 2070//2490 2071//2488 2284//2612
f 2284//2612 2071//2488 2072//2486 2283//2613
f 2283//2613 2072//2486 2073//2614 2422//2615
f 2422//2615 2073//2614 2074//2482 2423//2616
f 2423//2616 2074//2482 2075//2292 2312//2294
f 2116//2337 2115//2617 2315//2559 2344//2335
f 2115//2617 2114//2618 2407//2557 2315//2559
f 2407//2557 2114//2618 2113//2619 2321//2555
f 2321//2555 2113//2619 2112//2620 2188//2553
f 2188//2553 2112//2620 2111//2621 2406//2551
f 2406//2551 2111//2621 2110//2622 2405//2549
f 2405//2549 2110//2622 2109//2623 2404//2547
f 2404//2547 2109//2623 2108//2624 2403//2545
f 2403//2545 2108//2624 2107//2625 2402//2543
f 2402//2543 2107//2625 2106//2626 2401//2541
f 2401//2541 2106//2626 2105//2627 2400//2539
f 2400//2539 2105//2627 2104//2628 2192//2537
f 2192//2537 2104//2628 2103//2629 2399//2535
f 2399//2535 2103//2629 2102//2630 2398//2533
f 2398//2533 2102//2630 2101//2631 2397//2531
f 2397//2531 2101//2631 2100//2632 2202//2529
f 2202//2529 2100//2632 2099//2633 2396//2527
f 2396//2527 2099//2633 2098//2634 2196//2525
f 2196//2525 2098//2634 2097//2635 2395//2523
f 2395//2523 2097//2635 2096//2636 2250//2521
f 2250//2521 2096//2636 2095//2637 2249//2519
f 2249//2519 2095//2637 2094//2638 2252//2517
f 2252//2517 2094//2638 2093//2639 2394//2515
f 2394//2515 2093//2639 2092//2640 2253//2513
f 2253//2513 2092//2640 2091//2641 2251//2511
f 2251//2511 2091//2641 2090//2642 2310//2509
f 2310//2509 2090//2642 2089//2643 2393//2507
f 2393//2507 2089//2643 2088//2644 2392//2505
f 2392//2505 2088//2644 2087//2645 2258//2503
f 2258//2503 2087//2645 2086//2646 2259//2501
f 2259//2501 2086//2646 2085//2647 2273//2499
f 2273//2499 2085//2647 2084//2648 2274//2497
f 2274//2497 2084//2648 2083//2649 2276//2495
f 2276//2495 2083//2649 2082//2650 2277//2493
f 2277//2493 2082//2650 2081//2651 2275//2491
f 2275//2491 2081//2651 2080//2652 2391//2489
f 2391//2489 2080//2652 2079//2653 2390//2487
f 2390//2487 2079//2653 2078//2654 2389//2485
f 2389//2485 2078//2654 2077//2655 2281//2483
f 2281//2483 2077//2655 2076//2283 2282//2291
f 2280//2287 2076//2289 2077//2656 2279//2473
f 2279//2473 2077//2656 2078//2657 2384//2472
f 2384//2472 2078//2657 2079//2658 2383//2471
f 2383//2471 2079//2658 2080//2652 2271//2470
f 2271//2470 2080//2652 2081//2659 2272//2469
f 2272//2469 2081//2659 2082//2660 2311//2468
f 2311//2468 2082//2660 2083//2661 2382//2467
f 2382//2467 2083//2661 2084//2648 2270//2466
f 2270//2466 2084//2648 2085//2662 2278//2663
f 2085//2662 2086//2646 2257//2664 2278//2663
f 2086//2646 2087//2665 2260//2666 2257//2664
f 2087//2665 2088//2667 2256//2668 2260//2666
f 2088//2667 2089//2669 2255//2670 2256//2668
f 2089//2669 2090//2642 2254//2671 2255//2670
f 2090//2642 2091//2672 2245//2673 2254//2671
f 2091//2672 2092//2674 2247//2675 2245//2673
f 2092//2674 2093//2639 2248//2676 2247//2675
f 2093//2639 2094//2677 2246//2678 2248//2676
f 2094//2677 2095//2679 2243//2680 2246//2678
f 2095//2679 2096//2681 2244//2682 2243//2680
f 2096//2681 2097//2683 2369//2453 2244//2682
f 2097//2683 2098//2684 2195//2452 2369//2453
f 2098//2684 2099//2685 2194//2451 2195//2452
f 2194//2451 2099//2685 2100//2686 2193//2450
f 2193//2450 2100//2686 2101//2631 2208//2449
f 2208//2449 2101//2631 2102//2630 2191//2448
f 2191//2448 2102//2630 2103//2687 2190//2447
f 2190//2447 2103//2687 2104//2628 2368//2446
f 2368//2446 2104//2628 2105//2688 2367//2445
f 2367//2445 2105//2688 2106//2689 2323//2444
f 2323//2444 2106//2689 2107//2690 2366//2443
f 2366//2443 2107//2690 2108//2691 2322//2442
f 2322//2442 2108//2691 2109//2692 2365//2441
f 2365//2441 2109//2692 2110//2693 2364//2440
f 2364//2440 2110//2693 2111//2694 2298//2439
f 2298//2439 2111//2694 2112//2695 2296//2438
f 2296//2438 2112//2695 2113//2619 2363//2437
f 2363//2437 2113//2619 2114//2618 2325//2436
f 2114//2618 2115//2696 2362//2435 2325//2436
f 2115//2696 2116//2338 2345//2341 2362//2435
f 2076//2282 2077//2697 2424//2698 2334//2281
f 2077//2697 2078//2699 2425//2700 2424//2698
f 2078//2699 2079//2701 2426//2702 2425//2700
f 2079//2701 2080//2703 2427//2704 2426//2702
f 2080//2703 2081//2659 2428//2705 2427//2704
f 2081//2659 2082//2660 2429//2706 2428//2705
f 2082//2660 2083//2707 2430//2708 2429//2706
f 2083//2707 2084//2709 2431//2710 2430//2708
f 2084//2709 2085//2711 2221//2712 2431//2710
f 2085//2711 2086//2646 2223//2713 2221//2712
f 2086//2646 2087//2645 2222//2714 2223//2713
f 2087//2645 2088//2715 2224//2716 2222//2714
f 2088//2715 2089//2717 2220//2718 2224//2716
f 2089//2717 2090//2642 2219//2719 2220//2718
f 2090//2642 2091//2720 2231//2721 2219//2719
f 2091//2720 2092//2722 2215//2723 2231//2721
f 2092//2722 2093//2724 2217//2725 2215//2723
f 2093//2724 2094//2677 2214//2726 2217//2725
f 2094//2677 2095//2727 2218//2728 2214//2726
f 2095//2727 2096//2681 2177//2729 2218//2728
f 2096//2681 2097//2730 2180//2731 2177//2729
f 2097//2730 2098//2732 2179//2733 2180//2731
f 2098//2732 2099//2734 2178//2735 2179//2733
f 2099//2734 2100//2736 2176//2737 2178//2735
f 2100//2736 2101//2738 2432//2739 2176//2737
f 2101//2738 2102//2740 2433//2741 2432//2739
f 2102//2740 2103//2629 2173//2742 2433//2741
f 2103//2629 2104//2743 2174//2744 2173//2742
f 2104//2743 2105//2745 2175//2746 2174//2744
f 2105//2745 2106//2626 2318//2747 2175//2746
f 2106//2626 2107//2690 2166//2748 2318//2747
f 2107//2690 2108//2749 2165//2750 2166//2748
f 2108//2749 2109//2751 2434//2752 2165//2750
f 2434//2752 2109//2751 2110//2622 2317//2753
f 2317//2753 2110//2622 2111//2694 2164//2754
f 2164//2754 2111//2694 2112//2695 2316//2755
f 2316//2755 2112//2695 2113//2756 2324//2757
f 2324//2757 2113//2756 2114//2758 2435//2759
f 2435//2759 2114//2758 2115//2617 2436//2760
f 2115//2617 2116//2338 2347//2348 2436//2760
f 2346//2345 2116//2337 2115//2696 2361//2434
f 2361//2434 2115//2696 2114//2761 2319//2432
f 2114//2761 2113//2762 2320//2763 2319//2432
f 2113//2762 2112//2695 2167//2764 2320//2763
f 2112//2695 2111//2765 2358//2426 2167//2764
f 2111//2765 2110//2622 2297//2424 2358//2426
f 2110//2622 2109//2751 2357//2422 2297//2424
f 2109//2751 2108//2766 2294//2420 2357//2422
f 2108//2766 2107//2690 2295//2418 2294//2420
f 2107//2690 2106//2689 2356//2416 2295//2418
f 2106//2689 2105//2688 2355//2414 2356//2416
f 2105//2688 2104//2767 2354//2412 2355//2414
f 2104//2767 2103//2687 2353//2410 2354//2412
f 2103//2687 2102//2768 2187//2408 2353//2410
f 2102//2768 2101//2769 2182//2406 2187//2408
f 2101//2769 2100//2632 2181//2404 2182//2406
f 2100//2632 2099//2770 2183//2402 2181//2404
f 2099//2770 2098//2771 2185//2400 2183//2402
f 2098//2771 2097//2683 2186//2398 2185//2400
f 2097//2683 2096//2772 2184//2396 2186//2398
f 2096//2772 2095//2773 2352//2394 2184//2396
f 2095//2773 2094//2774 2351//2392 2352//2394
f 2094//2774 2093//2775 2350//2390 2351//2392
f 2093//2775 2092//2674 2216//2388 2350//2390
f 2092//2674 2091//2776 2226//2386 2216//2388
f 2091//2776 2090//2642 2230//2384 2226//2386
f 2090//2642 2089//2717 2225//2382 2230//2384
f 2089//2717 2088//2777 2228//2380 2225//2382
f 2088//2777 2087//2778 2232//2378 2228//2380
f 2087//2778 2086//2779 2229//2376 2232//2378
f 2086//2779 2085//2647 2227//2374 2229//2376
f 2085//2647 2084//2648 2242//2372 2227//2374
f 2084//2648 2083//2780 2240//2370 2242//2372
f 2083//2780 2082//2781 2238//2368 2240//2370
f 2082//2781 2081//2651 2239//2366 2238//2368
f 2081//2651 2080//2782 2309//2364 2239//2366
f 2080//2782 2079//2653 2241//2362 2309//2364
f 2079//2653 2078//2699 2349//2360 2241//2362
f 2078//2699 2077//2655 2348//2358 2349//2360
f 2077//2655 2076//2283 2335//2284 2348//2358
f 2347//2348 2035//2332 2036//2783 2436//2760
f 2436//2760 2036//2783 2037//2784 2163//2785
f 2163//2785 2037//2784 2038//2554 2437//2786
f 2437//2786 2038//2554 2039//2787 2316//2755
f 2039//2787 2040//2565 2164//2754 2316//2755
f 2040//2565 2041//2548 2317//2753 2164//2754
f 2041//2548 2042//2788 2434//2752 2317//2753
f 2042//2788 2043//2569 2165//2750 2434//2752
f 2043//2569 2044//2789 2166//2748 2165//2750
f 2044//2789 2045//2790 2318//2747 2166//2748
f 2045//2790 2046//2538 2175//2746 2318//2747
f 2046//2538 2047//2791 2174//2744 2175//2746
f 2047//2791 2048//2534 2173//2742 2174//2744
f 2048//2534 2049//2532 2433//2741 2173//2742
f 2049//2532 2050//2792 2432//2739 2433//2741
f 2050//2792 2051//2793 2176//2737 2432//2739
f 2051//2793 2052//2794 2178//2735 2176//2737
f 2052//2794 2053//2524 2179//2733 2178//2735
f 2053//2524 2054//2795 2180//2731 2179//2733
f 2054//2795 2055//2590 2177//2729 2180//2731
f 2055//2590 2056//2796 2218//2728 2177//2729
f 2056//2796 2057//2797 2214//2726 2218//2728
f 2057//2797 2058//2798 2217//2725 2214//2726
f 2058//2798 2059//2595 2215//2723 2217//2725
f 2059//2595 2060//2510 2231//2721 2215//2723
f 2060//2510 2061//2598 2219//2719 2231//2721
f 2061//2598 2062//2506 2220//2718 2219//2719
f 2062//2506 2063//2799 2224//2716 2220//2718
f 2063//2799 2064//2800 2222//2714 2224//2716
f 2064//2800 2065//2604 2223//2713 2222//2714
f 2065//2604 2066//2498 2221//2712 2223//2713
f 2066//2498 2067//2496 2431//2710 2221//2712
f 2067//2496 2068//2494 2430//2708 2431//2710
f 2068//2494 2069//2801 2429//2706 2430//2708
f 2069//2801 2070//2490 2428//2705 2429//2706
f 2070//2490 2071//2802 2427//2704 2428//2705
f 2071//2802 2072//2803 2426//2702 2427//2704
f 2072//2803 2073//2614 2425//2700 2426//2702
f 2073//2614 2074//2804 2424//2698 2425//2700
f 2074//2804 2075//2280 2334//2281 2424//2698
f 2075//2280 2074//2482 2438//2805 2237//2279
f 2438//2805 2074//2482 2073//2614 2439//2806
f 2011//2807 2012//2808 2327//2809 2141//2810
f 2012//2808 2013//2192 2440//2811 2327//2809
f 2013//2192 2014//2236 2441//2812 2440//2811
f 2441//2812 2014//2236 2015//2813 2442//2814
f 2010//2186 2011//2807 2141//2810 2303//2815
f 2303//2815 2141//2810 1269//2816 1268//2817
f 1276//2818 1269//2816 2141//2810 2327//2809
f 2162//2351 2117//2194 2118//2199 2443//2819
f 1297//2820 1298//1538 2326//2326 2385//2475
f 1296//1632 1297//2820 2385//2475 2386//2476
f 1295//2821 1296//1632 2386//2476 2387//2477
f 1294//2822 1295//2821 2387//2477 2332//2479
f 1293//2823 1294//2822 2332//2479 2388//2481
f 2440//2811 1277//2824 1276//2818 2327//2809
f 2441//2812 1278//2825 1277//2824 2440//2811
f 2442//2814 1279//2826 1278//2825 2441//2812
f 2291//2300 1994//2275 1993//2181 2292//2297
f 2312//2294 1993//2295 1994//2827 2423//2616
f 2290//2302 1995//2828 1994//2275 2291//2300
f 2423//2616 1994//2827 1995//2828 2422//2615
f 2336//2303 1996//2271 1995//2828 2290//2302
f 2422//2615 1995//2828 1996//2829 2283//2613
f 2314//2304 1997//2830 1996//2271 2336//2303
f 2283//2613 1996//2829 1997//2831 2284//2612
f 2287//2305 1998//2832 1997//2830 2314//2304
f 2284//2612 1997//2831 1998//2266 2285//2611
f 2286//2307 1999//2833 1998//2832 2287//2305
f 2285//2611 1998//2266 1999//2833 2268//2610
f 2288//2308 2000//2834 1999//2833 2286//2307
f 2268//2610 1999//2833 2000//2834 2421//2609
f 2313//2310 2001//2835 2000//2834 2288//2308
f 2421//2609 2000//2834 2001//2835 2267//2608
f 2289//2312 2002//2836 2001//2835 2313//2310
f 2267//2608 2001//2835 2002//2836 2265//2606
f 2337//2314 2003//2257 2002//2836 2289//2312
f 2265//2606 2002//2836 2003//2837 2266//2605
f 2269//2316 2004//2838 2003//2257 2337//2314
f 2266//2605 2003//2837 2004//2255 2420//2603
f 2338//2318 2005//2253 2004//2838 2269//2316
f 2420//2603 2004//2255 2005//2253 2264//2602
f 2339//2319 2006//2839 2005//2253 2338//2318
f 2264//2602 2005//2253 2006//2840 2261//2600
f 2340//2320 2007//2841 2006//2839 2339//2319
f 2261//2600 2006//2840 2007//2841 2262//2599
f 2341//2322 2008//2842 2007//2841 2340//2320
f 2262//2599 2007//2841 2008//2842 2263//2597
f 2342//2323 2009//2843 2008//2842 2341//2322
f 2263//2597 2008//2842 2009//2844 2419//2596
f 2444//2184 2010//2183 2009//2843 2342//2323
f 2419//2596 2009//2844 2010//2186 2201//2185
f 2033//2845 2034//2197 2343//2330 2189//2561
f 2032//2846 2033//2845 2189//2561 2408//2562
f 2299//2847 2031//2848 2032//2846 2408//2562
f 2300//2849 2030//2478 2031//2848 2299//2847
f 2301//2850 2029//2480 2030//2478 2300//2849
f 2443//2819 2036//2851 2035//2332 2162//2351
f 2445//2852 2037//2853 2036//2851 2443//2819
f 2446//2854 2038//2554 2037//2853 2445//2852
f 2447//2855 2039//2856 2038//2554 2446//2854
f 2448//2857 2040//2565 2039//2856 2447//2855
f 2161//2858 2041//2548 2040//2565 2448//2857
f 2449//2859 2042//2788 2041//2548 2161//2858
f 2450//2860 2043//2569 2042//2788 2449//2859
f 2160//2861 2044//2862 2043//2569 2450//2860
f 2451//2863 2045//2864 2044//2862 2160//2861
f 2171//2865 2046//2866 2045//2864 2451//2863
f 2452//2867 2047//2536 2046//2866 2171//2865
f 2172//2868 2048//2869 2047//2536 2452//2867
f 2453//2870 2049//2581 2048//2869 2172//2868
f 2168//2871 2050//2530 2049//2581 2453//2870
f 2454//2872 2051//2793 2050//2530 2168//2871
f 2170//2873 2052//2874 2051//2793 2454//2872
f 2169//2875 2053//2876 2052//2874 2170//2873
f 2455//2877 2054//2522 2053//2876 2169//2875
f 2456//2878 2055//2879 2054//2522 2455//2877
f 2457//2880 2056//2881 2055//2879 2456//2878
f 2458//2882 2057//2883 2056//2881 2457//2880
f 2213//2884 2058//2514 2057//2883 2458//2882
f 2459//2885 2059//2595 2058//2514 2213//2884
f 2209//2886 2060//2887 2059//2595 2459//2885
f 2460//2888 2061//2508 2060//2887 2209//2886
f 2461//2889 2062//2890 2061//2508 2460//2888
f 2462//2891 2063//2799 2062//2890 2461//2889
f 2463//2892 2064//2800 2063//2799 2462//2891
f 2464//2893 2065//2604 2064//2800 2463//2892
f 2465//2894 2066//2895 2065//2604 2464//2893
f 2466//2896 2067//2496 2066//2895 2465//2894
f 2467//2897 2068//2898 2067//2496 2466//2896
f 2468//2899 2069//2900 2068//2898 2467//2897
f 2469//2901 2070//2902 2069//2900 2468//2899
f 2470//2903 2071//2488 2070//2902 2469//2901
f 2439//2806 2471//2904 2236//2905
f 2471//2904 2072//2906 2071//2488 2470//2903
f 2329//2907 2033//2908 2034//2355 2293//2354
f 2328//2909 2032//2910 2033//2908 2329//2907
f 2472//2911 2031//2202 2032//2910 2328//2909
f 2473//2912 2030//2478 2031//2202 2472//2911
f 2474//2913 2029//2914 2030//2478 2473//2912
f 2028//2915 2029//2914 2474//2913 2475//2916
f 2027//2917 2028//2915 2475//2916 2476//2918
f 2158//2274 2159//2180 2237//2279 2438//2805
f 2157//2272 2158//2274 2438//2805 2439//2806
f 2236//2905 2156//2270 2157//2272 2439//2806
f 2471//2904 2155//2269 2156//2270 2236//2905
f 2011//2182 1269//2919 1276//2920 2012//2193
f 1276//2920 1277//1575 2477//2191 2012//2193
f 1277//1575 1278//2921 2478//2922 2477//2191
f 1278//2921 1279//2923 2479//2924 2478//2922
f 1279//2923 1280//2925 2480//2926 2479//2924
f 2480//2926 1280//2925 1281//2927 2481//2928
f 1284//2929 1285//2930 2482//2179 2020//2931
f 2020//2224 2019//2932 2484//2933 1284//2934
f 2021//2935 2020//2931 2482//2179 2485//2178
f 2022//2936 2021//2935 2485//2178 2483//2177
f 2486//2937 2023//2938 2022//2936 2483//2177
f 2487//2939 2024//2940 2023//2938 2486//2937
f 1286//1657 1287//1446 2486//2937 2483//2177
f 1287//1446 1288//2941 2487//2939 2486//2937
f 1290//2942 1291//2943 2489//2944 2488//2945
f 2329//2907 1297//2946 1296//1632 2328//2909
f 2328//2909 1296//1632 1295//2821 2472//2911
f 2472//2911 1295//2821 1294//2822 2473//2912
f 2473//2912 1294//2822 1293//2823 2474//2913
f 2474//2913 1293//2823 1292//2947 2475//2916
f 2475//2916 1292//2947 1291//1641 2476//2918
f 2490//2948 1290//1640 1289//2949 2025//2214
f 1289//2949 1288//2950 2330//2190 2025//2214
f 2330//2190 1288//2950 1287//2951 2491//2188
f 2476//2918 2490//2948 2492//2952
f 2490//2948 2025//2214 2026//2953 2492//2952
f 2024//2940 2025//2214 2330//2190 2493//2189
f 2023//2954 2024//2940 2493//2189 2491//2188
f 2494//2955 1286//2956 1285//2957 2021//2958
f 2021//2958 1285//2957 1284//2929 2020//2224
f 1284//2934 1283//2959 2495//2175 2020//2174
f 1283//2959 1282//1581 2496//2960 2495//2175
f 1282//1581 1281//2961 2497//2962 2496//2960
f 1281//2961 1280//2925 2498//2963 2497//2962
f 2491//2188 2494//2955 2499//2964
f 2494//2955 2021//2958 2022//2220 2499//2964
f 1267//2965 1266//2321 2304//2966 2504//2967
f 1266//2321 1265//1630 2307//2968 2304//2966
f 1265//1630 1264//1631 2306//2969 2307//2968
f 1264//1631 1263//2970 2305//2971 2306//2969
f 1263//2970 1262//2972 2210//2973 2305//2971
f 1262//2972 1261//1651 2212//2974 2210//2973
f 1261//1651 1260//2975 2211//2976 2212//2974
f 2500//2977 1259//2978 1258//1646 2308//2979
f 2308//2979 1258//1646 1257//2980 2233//2981
f 1256//1571 1255//2982 2234//2983 2235//2984
f 1255//2982 1254//2985 2501//2986 2234//2983
f 1254//2985 1253//2987 2502//2988 2501//2986
f 2011//2182 2012//2193 2418//2594 2201//2185
f 2012//2193 2013//2192 2200//2593 2418//2594
f 2014//2989 2013//2192 2477//2191 2478//2922
f 2013//2192 2014//2990 2199//2591 2200//2593
f 2014//2990 2015//2234 2417//2589 2199//2591
f 2016//2991 2015//2992 2479//2924 2480//2926
f 2015//2234 2016//2993 2197//2588 2417//2589
f 2017//2231 2016//2991 2480//2926 2481//2928
f 2016//2993 2017//2231 2198//2586 2197//2588
f 2018//2994 2017//2231 2481//2928 2503//2187
f 2017//2231 2018//2229 2416//2585 2198//2586
f 2019//2226 2020//2174 2203//2582 2302//2583
f 2020//2174 2021//2995 2204//2580 2203//2582
f 2021//2995 2022//2220 2415//2578 2204//2580
f 2022//2220 2023//2996 2205//2576 2415//2578
f 2023//2996 2024//2997 2206//2574 2205//2576
f 2027//2998 2026//2953 2488//2945 2489//2944
f 2026//2953 2027//2999 2413//2568 2414//2570
f 2018//3000 2019//2176 2495//2175 2496//2960
f 2017//2231 2018//3000 2496//2960 2497//2962
f 2016//3001 2017//2231 2497//2962 2498//2963
f 2008//3002 2009//3003 2504//2967 2304//2966
f 2007//3004 2008//3002 2304//2966 2307//2968
f 2006//2839 2007//3004 2307//2968 2306//2969
f 2005//2253 2006//2839 2306//2969 2305//2971
f 2004//3005 2005//2253 2305//2971 2210//2973
f 2003//3006 2004//3005 2210//2973 2212//2974
f 2002//3007 2003//3006 2212//2974 2211//2976
f 2001//2835 2002//3007 2211//2976 2505//3008
f 2506//3009 2000//2834 2001//2835 2505//3008
f 2507//3010 1999//3011 2000//2834 2506//3009
f 2508//3012 1998//2832 1999//3011 2507//3010
f 1997//3013 1998//2832 2235//2984 2234//2983
f 1996//2271 1997//3013 2234//2983 2501//2986
f 1995//2273 1996//2271 2501//2986 2502//2988
f 1994//3014 1995//2273 2502//2988 2509//3015
f 2445//2852 2119//2201 2120//2203 2446//2854
f 2446//2854 2120//2203 2121//2205 2447//2855
f 2447//2855 2121//2205 2122//2206 2448//2857
f 2448//2857 2122//2206 2123//2208 2161//2858
f 2161//2858 2123//2208 2124//2211 2449//2859
f 2449//2859 2124//2211 2125//2213 2450//2860
f 2450//2860 2125//2213 2126//2215 2160//2861
f 2160//2861 2126//2215 2127//2216 2451//2863
f 2451//2863 2127//2216 2128//2218 2171//2865
f 2171//2865 2128//2218 2129//2221 2452//2867
f 2452//2867 2129//2221 2130//2223 2172//2868
f 2172//2868 2130//2223 2131//2225 2453//2870
f 2453//2870 2131//2225 2132//2227 2168//2871
f 2168//2871 2132//2227 2133//2228 2454//2872
f 2454//2872 2133//2228 2134//2230 2170//2873
f 2170//2873 2134//2230 2135//2232 2169//2875
f 2169//2875 2135//2232 2136//2235 2455//2877
f 2455//2877 2136//2235 2137//2237 2456//2878
f 2456//2878 2137//2237 2138//2238 2457//2880
f 2457//2880 2138//2238 2139//2240 2458//2882
f 2458//2882 2139//2240 2140//2241 2213//2884
f 2213//2884 2140//2241 2142//2243 2459//2885
f 2459//2885 2142//2243 2143//2245 2209//2886
f 2209//2886 2143//2245 2144//2247 2460//2888
f 2460//2888 2144//2247 2145//2249 2461//2889
f 2461//2889 2145//2249 2146//2250 2462//2891
f 2462//2891 2146//2250 2147//2252 2463//2892
f 2463//2892 2147//2252 2148//2254 2464//2893
f 2464//2893 2148//2254 2149//2256 2465//2894
f 2465//2894 2149//2256 2150//2258 2466//2896
f 2466//2896 2150//2258 2151//2261 2467//2897
f 2467//2897 2151//2261 2152//2263 2468//2899
f 2468//2899 2152//2263 2153//2265 2469//2901
f 2469//2901 2153//2265 2154//2267 2470//2903
f 2470//2903 2154//2267 2155//2269 2471//2904
f 1285//2930 1286//1657 2483//2177 2482//2179
f 2293//2354 1298//2356 1297//2946 2329//2907
f 2476//2918 1291//1641 1290//1640 2490//2948
f 1287//2951 1286//2956 2494//2955 2491//2188
f 2498//2963 1280//2925 1279//2826 2442//2814
f 2505//3008 2211//2976 1260//2975 1259//2978
f 2018//2229 2019//2226 2302//2583 2416//2585
f 2207//2572 2206//2574 2024//2997 2025//3016
f 2439//2806 2073//2614 2072//2906 2471//2904
f 2119//2201 2445//2852 2443//2819 2118//2199
f 2492//2952 2026//2953 2027//2917 2476//2918
f 2499//2964 2022//2220 2023//2954 2491//2188
f 2015//2813 2016//3001 2498//2963 2442//2814
f 2412//2567 2413//2568 2027//2999 2028//3017
f 2025//3016 2026//2953 2414//2570 2207//2572
f 2342//2323 1267//1629 1268//1545 2444//2184
f 2444//2184 1268//1545 1269//2919 2011//2182
f 2478//2922 2479//2924 2015//2992 2014//2989
f 2481//2928 1281//2927 1282//1581 2503//2187
f 2509//3015 2502//2988 1253//2987 1252//2299
f 1283//1583 1284//2934 2484//2933 2503//2187
f 2503//2187 2484//2933 2019//2932 2018//2994
f 1288//2941 1289//2949 2510//3018 2487//2939
f 2025//3016 2024//2940 2487//2939 2510//3018
f 2026//2953 2025//3016 2510//3018 2488//2945
f 1289//2949 1290//2942 2488//2945 2510//3018
f 2029//2480 2301//2850 2511//3019 2028//3017
f 2009//3003 2010//2186 2303//2815 2504//2967
f 2504//2967 2303//2815 1268//2817 1267//2965
f 2028//3020 2027//2998 2489//2944 2331//3021
f 2331//3021 2489//2944 1291//2943 1292//1639
f 2299//2847 2408//2562 2409//2563 2300//2849
f 2300//2849 2409//2563 2410//2564 2301//2850
f 2301//2850 2410//2564 2411//2566 2511//3019
f 2511//3019 2411//2566 2412//2567 2028//3017
f 2167//2764 2358//2426 2359//2428 2360//2430
f 2437//2786 2316//2755 2324//2757 2163//2785
f 2163//2785 2324//2757 2435//2759 2436//2760
f 2360//2430 2319//2432 2320//2763 2167//2764
f 1252//2299 1251//2276 2333//2277 2509//3015
f 2509//3015 2333//2277 1993//2278 1994//3014
f 2244//2682 2369//2453 2370//2454 2371//2455
f 2381//2465 2270//2466 2278//2663 2257//2664
f 1292//1639 1293//2823 2388//2481 2331//3021
f 2331//3021 2388//2481 2029//2480 2028//3020
f 2505//3008 1259//2978 2500//2977 2506//3009
f 2506//3009 2500//2977 2308//2979 2507//3010
f 2507//3010 2308//2979 2233//2981 2508//3012
f 2235//2984 1998//2832 2508//3012 2233//2981
f 2233//2981 1257//2980 1256//1571 2235//2984
f 2380//2464 2381//2465 2257//2664 2260//2666
f 2379//2463 2380//2464 2260//2666 2256//2668
f 2378//2462 2379//2463 2256//2668 2255//2670
f 2377//2461 2378//2462 2255//2670 2254//2671
f 2376//2460 2377//2461 2254//2671 2245//2673
f 2375//2459 2376//2460 2245//2673 2247//2675
f 2374//2458 2375//2459 2247//2675 2248//2676
f 2373//2457 2374//2458 2248//2676 2246//2678
f 2372//2456 2373//2457 2246//2678 2243//2680
f 2371//2455 2372//2456 2243//2680 2244//2682
f 3044//3022 2607//3023 2608//3024
f 2978//3025 2686//3026 3053//3027
f 3001//3028 3002//3029 3003//3030
f 2566//3031 2565//3032 2713//3033
f 2752//3034 2754//3035 2929//3036
f 2673//3037 2937//3038 2786//3039
f 679//695 2676//3040 2751//3041 680//696
f 2712//3042 2555//3043 2566//3031 2713//3033
f 2750//3044 2751//3041 2676//3040 2677//3045
f 2677//3045 2678//3046 2749//3047 2750//3044
f 2748//3048 2749//3047 2678//3046 2679//3049
f 2747//3050 2748//3048 2679//3049 2680//3051
f 2746//3052 2747//3050 2680//3051 2681//3053
f 2681//3053 2682//3054 2745//3055 2746//3052
f 2682//3054 2683//3056 2744//3057 2745//3055
f 2743//3058 2744//3057 2683//3056 2684//3059
f 2684//3059 2685//3060 2742//3061 2743//3058
f 2741//3062 2742//3061 2685//3060 2686//3063
f 2686//3063 2687//3064 2740//3065 2741//3062
f 2739//3066 2740//3065 2687//3064 2688//3067
f 2738//3068 2739//3066 2688//3067 2689//3069
f 2689//3069 2690//3070 2737//3071 2738//3068
f 2690//3070 2691//3072 2736//3073 2737//3071
f 2691//3072 2692//3074 2735//3075 2736//3073
f 2692//3074 2693//3076 2734//3077 2735//3075
f 2733//3078 2734//3077 2693//3076 2694//3079
f 2732//3080 2733//3078 2694//3079 2695//3081
f 2731//3082 2732//3080 2695//3081 2696//3083
f 2729//3084 2731//3082 2696//3083 2697//3085
f 2697//3085 2698//3086 2728//3087 2729//3084
f 2698//3086 2699//3088 2727//3089 2728//3087
f 2699//3088 2700//3090 2726//3091 2727//3089
f 2700//3090 2701//3092 2725//3093 2726//3091
f 2701//3092 2702//3094 2723//3095 2725//3093
f 2702//3094 2703//3096 2722//3097 2723//3095
f 2721//3098 2722//3097 2703//3096 2704//3099
f 2704//3099 2705//3100 2720//3101 2721//3098
f 2719//3102 2720//3101 2705//3100 2706//3103
f 2718//3104 2719//3102 2706//3103 2707//3105
f 2707//3105 2708//3106 2717//3107 2718//3104
f 2708//3106 2709//3108 2716//3109 2717//3107
f 2709//3108 2710//3110 2715//3111 2716//3109
f 2710//3110 2711//3112 2714//3113 2715//3111
f 2711//3112 2712//3042 2713//3033 2714//3113
f 679//772 678//770 2760//3114 2676//3115
f 678//770 65//769 2516//3116 2760//3114
f 2640//3117 682//775 681//773 2763//3118
f 2763//3118 681//773 680//696 2751//3041
f 682//775 2640//3119 2768//3120 683//777
f 2604//3121 684//779 683//777 2768//3120
f 684//781 2604//3121 2769//3122 685//782
f 2603//3123 686//784 685//782 2769//3122
f 686//784 2603//3123 2770//3124 2512//3125
f 684//779 2512//3125 2770//3124 2604//3126
f 2513//3127 684//788 2604//3121 2771//3128
f 682//793 2513//3127 2771//3128 2640//3129
f 2514//3130 682//3131 2640//3132 2772//3133
f 679//3134 2514//3130 2772//3133 2676//3115
f 2515//3135 679//3136 2676//3137 2773//3138
f 2516//3139 65//3140 2515//3135 2773//3138
f 2554//3141 2553//3142 2552//3143 2762//3144
f 2555//3145 2554//3141 2762//3144 2712//3146
f 2762//3144 2552//3143 2551//3147 2774//3148
f 2774//3148 2551//3147 2550//3149 2775//3150
f 2775//3150 2550//3149 2549//3151 2776//3152
f 2556//3153 2555//3145 2712//3154 2777//3155
f 2557//3156 2556//3153 2777//3155 2675//3157
f 2558//3158 2557//3156 2675//3157 2778//3159
f 2559//3160 2558//3158 2778//3159 2639//3161
f 2560//3162 2559//3160 2639//3163 2779//3164
f 2561//3165 2560//3162 2779//3164 2568//3166
f 2562//3167 2561//3165 2568//3166 2780//3168
f 2639//3169 2559//3160 2562//3167 2780//3168
f 2559//3160 2639//3170 2781//3171 2563//3172
f 2675//3173 2557//3174 2563//3172 2781//3171
f 2713//3033 2565//3032 2564//3175 2757//3176
f 2757//3176 2564//3175 2557//3177 2675//3178
f 2555//3179 2712//3146 2782//3180 2567//3181
f 2552//3143 2553//3182 2567//3181 2782//3180
f 2542//3183 2543//3184 2783//3185 2724//3186
f 2541//3187 2542//3183 2724//3186 2764//3188
f 2764//3188 2724//3186 2702//3189 2701//3190
f 2703//3191 2702//3189 2724//3186 2783//3185
f 2537//3192 2538//3193 2766//3194 2730//3195
f 2538//3193 2539//3196 2767//3197 2766//3194
f 2539//3196 2540//3198 2765//3199 2767//3197
f 2540//3198 2541//3187 2764//3188 2765//3199
f 2536//3200 2537//3192 2730//3195 2761//3201
f 2761//3201 2730//3195 2697//3085 2696//3202
f 2698//3086 2697//3085 2730//3195 2766//3194
f 2603//3123 2602//3203 2784//3204 2770//3124
f 2675//3178 2674//3205 2785//3206 2757//3176
f 2674//3205 2673//3037 2786//3039 2785//3206
f 2696//3202 2695//3207 2787//3208 2761//3201
f 2695//3207 2694//3079 2788//3209 2787//3208
f 2701//3190 2700//3210 2765//3199 2764//3188
f 2700//3210 2699//3211 2767//3197 2765//3199
f 2699//3211 2698//3086 2766//3194 2767//3197
f 2712//3146 2711//3112 2789//3212 2782//3180
f 2709//3213 2790//3214 2710//3215
f 2711//3112 2710//3215 2790//3214 2789//3212
f 2551//3216 2552//3143 2782//3180 2789//3212
f 2550//3217 2551//3216 2789//3212 2790//3214
f 2787//3208 2535//3218 2536//3200 2761//3201
f 2788//3209 2534//3219 2535//3218 2787//3208
f 2791//3220 2533//3221 2534//3219 2788//3209
f 2792//3222 2532//3223 2533//3221 2791//3220
f 2793//3224 2531//3225 2532//3223 2792//3222
f 2794//3226 2530//3227 2531//3225 2793//3224
f 2795//3228 2529//3229 2530//3227 2794//3226
f 2796//3230 2528//3231 2529//3229 2795//3228
f 2797//3232 2527//3233 2528//3231 2796//3230
f 2798//3234 2526//3235 2527//3233 2797//3232
f 2799//3236 2525//3237 2526//3235 2798//3234
f 2800//3238 2524//3239 2525//3237 2799//3236
f 2801//3240 2523//3241 2524//3239 2800//3238
f 2802//3242 2522//3243 2523//3241 2801//3240
f 2521//3244 2522//3243 2802//3242 2803//3245
f 2520//3246 2521//3244 2803//3245 2804//3247
f 2519//3248 2520//3246 2804//3247 2805//3249
f 2806//3250 2518//3251 2519//3248 2805//3249
f 3052//3252 2517//3253 2518//3251 2806//3250
f 2602//3203 2603//3123 2769//3122 2807//3254
f 2605//3255 2604//3121 2768//3120 2808//3256
f 2604//3121 2605//3255 2807//3254 2769//3122
f 2606//3257 2605//3255 2808//3256 2809//3258
f 2607//3259 2606//3257 2809//3258 2810//3260
f 2608//3261 2607//3259 2810//3260 2811//3262
f 2609//3263 2608//3261 2811//3262 2812//3264
f 2610//3265 2609//3263 2812//3264 2813//3266
f 2611//3267 2610//3265 2813//3266 2814//3268
f 2612//3269 2611//3267 2814//3268 2815//3270
f 2613//3271 2612//3269 2815//3270 2816//3272
f 2614//3273 2613//3271 2816//3272 2817//3274
f 2615//3275 2614//3273 2817//3274 2818//3276
f 2616//3277 2615//3275 2818//3276 2819//3278
f 2617//3279 2616//3277 2819//3278 2820//3280
f 2618//3281 2617//3279 2820//3280 2821//3282
f 2619//3283 2618//3281 2821//3282 2822//3284
f 2620//3285 2619//3283 2822//3284 2823//3286
f 2621//3287 2620//3285 2823//3286 2824//3288
f 2622//3289 2621//3287 2824//3288 2825//3290
f 2623//3291 2622//3289 2825//3290 2826//3292
f 2624//3293 2623//3291 2826//3292 2827//3294
f 2625//3295 2624//3293 2827//3294 2828//3296
f 2626//3297 2625//3295 2828//3296 2829//3298
f 2627//3299 2626//3297 2829//3298 2830//3300
f 2628//3301 2627//3299 2830//3300 2831//3302
f 2629//3303 2628//3301 2831//3302 2832//3304
f 2630//3305 2629//3303 2832//3304 2833//3306
f 2631//3307 2630//3305 2833//3306 2834//3308
f 2632//3309 2631//3307 2834//3308 2835//3310
f 2633//3311 2632//3309 2835//3310 2836//3312
f 2634//3313 2633//3311 2836//3312 2837//3314
f 2635//3315 2634//3313 2837//3314 2838//3316
f 2636//3317 2635//3315 2838//3316 2839//3318
f 2637//3319 2636//3317 2839//3318 2840//3320
f 2638//3321 2637//3319 2840//3320 2841//3322
f 2674//3323 2675//3173 2781//3171 2841//3322
f 2673//3324 2674//3323 2841//3322 2840//3320
f 2784//3204 2605//3325 2604//3126 2770//3124
f 2771//3128 2604//3121 2605//3325 2842//3326
f 2843//3327 2606//3257 2605//3325 2784//3204
f 2844//3328 2607//3329 2606//3257 2843//3327
f 2845//3330 2608//3024 2607//3329 2844//3328
f 2846//3331 2609//3332 2608//3024 2845//3330
f 2847//3333 2610//3334 2609//3332 2846//3331
f 2848//3335 2611//3336 2610//3334 2847//3333
f 2849//3337 2612//3338 2611//3336 2848//3335
f 2850//3339 2613//3271 2612//3338 2849//3337
f 2851//3340 2614//3341 2613//3271 2850//3339
f 2852//3342 2615//3343 2614//3341 2851//3340
f 2853//3344 2616//3345 2615//3343 2852//3342
f 2854//3346 2617//3347 2616//3345 2853//3344
f 2855//3348 2618//3349 2617//3347 2854//3346
f 2856//3350 2619//3351 2618//3349 2855//3348
f 2857//3352 2620//3285 2619//3351 2856//3350
f 2858//3353 2621//3354 2620//3285 2857//3352
f 2859//3355 2622//3289 2621//3354 2858//3353
f 2860//3356 2623//3291 2622//3289 2859//3355
f 2861//3357 2624//3358 2623//3291 2860//3356
f 2862//3359 2625//3360 2624//3358 2861//3357
f 2863//3361 2626//3362 2625//3360 2862//3359
f 2864//3363 2627//3364 2626//3362 2863//3361
f 2865//3365 2628//3366 2627//3364 2864//3363
f 2866//3367 2629//3368 2628//3366 2865//3365
f 2867//3369 2630//3370 2629//3368 2866//3367
f 2868//3371 2631//3372 2630//3370 2867//3369
f 2869//3373 2632//3374 2631//3372 2868//3371
f 2870//3375 2633//3311 2632//3374 2869//3373
f 2871//3376 2634//3313 2633//3311 2870//3375
f 2872//3377 2635//3378 2634//3313 2871//3376
f 2873//3379 2636//3380 2635//3378 2872//3377
f 2874//3381 2637//3382 2636//3380 2873//3379
f 3006//3383 2638//3384 2637//3382 2874//3381
f 2842//3326 2641//3385 2640//3129 2771//3128
f 2772//3133 2640//3132 2641//3385 2875//3386
f 2755//3387 2642//3388 2641//3385 2842//3326
f 2876//3389 2643//3390 2642//3388 2755//3387
f 2877//3391 2644//3392 2643//3390 2876//3389
f 2878//3393 2645//3394 2644//3392 2877//3391
f 2879//3395 2646//3396 2645//3394 2878//3393
f 2880//3397 2647//3398 2646//3396 2879//3395
f 2881//3399 2648//3400 2647//3398 2880//3397
f 2882//3401 2649//3402 2648//3400 2881//3399
f 2883//3403 2650//3404 2649//3402 2882//3401
f 2884//3405 2651//3406 2650//3404 2883//3403
f 2885//3407 2652//3408 2651//3406 2884//3405
f 2886//3409 2653//3410 2652//3408 2885//3407
f 2887//3411 2654//3412 2653//3410 2886//3409
f 2888//3413 2655//3414 2654//3412 2887//3411
f 2889//3415 2656//3416 2655//3414 2888//3413
f 2890//3417 2657//3418 2656//3416 2889//3415
f 2891//3419 2658//3420 2657//3418 2890//3417
f 2892//3421 2659//3422 2658//3420 2891//3419
f 2893//3423 2660//3424 2659//3422 2892//3421
f 2894//3425 2661//3426 2660//3424 2893//3423
f 2895//3427 2662//3428 2661//3426 2894//3425
f 2896//3429 2663//3430 2662//3428 2895//3427
f 2897//3431 2664//3432 2663//3430 2896//3429
f 2898//3433 2665//3434 2664//3432 2897//3431
f 2899//3435 2666//3436 2665//3434 2898//3433
f 2900//3437 2667//3438 2666//3436 2899//3435
f 2901//3439 2668//3440 2667//3438 2900//3437
f 2902//3441 2669//3442 2668//3440 2901//3439
f 2903//3443 2670//3444 2669//3442 2902//3441
f 2904//3445 2671//3446 2670//3444 2903//3443
f 2905//3447 2672//3448 2671//3446 2904//3445
f 2906//3449 2673//3450 2672//3448 2905//3447
f 2907//3451 2674//3323 2673//3450 2906//3449
f 2875//3386 2677//3452 2676//3115 2772//3133
f 2908//3453 2678//3454 2677//3452 2875//3386
f 2909//3455 2679//3456 2678//3454 2908//3453
f 2910//3457 2680//3458 2679//3456 2909//3455
f 2911//3459 2681//3053 2680//3458 2910//3457
f 2912//3460 2682//3461 2681//3053 2911//3459
f 2913//3462 2683//3463 2682//3461 2912//3460
f 2914//3464 2684//3465 2683//3463 2913//3462
f 2915//3466 2685//3467 2684//3465 2914//3464
f 2916//3468 2686//3469 2685//3467 2915//3466
f 2917//3470 2687//3471 2686//3469 2916//3468
f 2918//3472 2688//3067 2687//3471 2917//3470
f 2919//3473 2689//3474 2688//3067 2918//3472
f 2920//3475 2690//3476 2689//3474 2919//3473
f 2921//3477 2691//3478 2690//3476 2920//3475
f 2922//3479 2692//3480 2691//3478 2921//3477
f 2923//3481 2693//3482 2692//3480 2922//3479
f 2924//3483 2694//3484 2693//3482 2923//3481
f 2925//3485 2695//3486 2694//3484 2924//3483
f 2926//3487 2696//3488 2695//3486 2925//3485
f 2927//3489 2697//3085 2696//3488 2926//3487
f 2698//3490 2697//3085 2927//3489 2928//3491
f 2699//3492 2698//3490 2928//3491 2753//3493
f 2700//3210 2699//3492 2753//3493 2752//3034
f 2701//3494 2700//3210 2752//3034 2929//3036
f 2702//3495 2701//3494 2929//3036 2754//3035
f 2930//3496 2703//3191 2702//3495 2754//3035
f 2758//3497 2704//3498 2703//3191 2930//3496
f 2931//3499 2705//3100 2704//3498 2758//3497
f 2759//3500 2706//3501 2705//3100 2931//3499
f 2932//3502 2707//3503 2706//3501 2759//3500
f 2933//3504 2708//3106 2707//3503 2932//3502
f 2934//3505 2709//3506 2708//3106 2933//3504
f 2935//3507 2710//3508 2709//3506 2934//3505
f 2936//3509 2711//3510 2710//3508 2935//3507
f 2785//3206 2714//3113 2713//3033 2757//3176
f 2786//3039 2715//3111 2714//3113 2785//3206
f 2937//3038 2716//3109 2715//3111 2786//3039
f 2938//3511 2717//3107 2716//3109 2937//3038
f 2939//3512 2718//3104 2717//3107 2938//3511
f 2940//3513 2719//3102 2718//3104 2939//3512
f 2941//3514 2720//3101 2719//3102 2940//3513
f 2942//3515 2721//3098 2720//3101 2941//3514
f 2943//3516 2722//3097 2721//3098 2942//3515
f 2944//3517 2723//3095 2722//3097 2943//3516
f 2945//3518 2725//3093 2723//3095 2944//3517
f 2946//3519 2726//3091 2725//3093 2945//3518
f 2947//3520 2727//3089 2726//3091 2946//3519
f 2948//3521 2728//3087 2727//3089 2947//3520
f 2949//3522 2729//3084 2728//3087 2948//3521
f 2731//3082 2729//3084 2949//3522 2950//3523
f 2732//3080 2731//3082 2950//3523 2951//3524
f 2733//3078 2732//3080 2951//3524 2952//3525
f 2734//3077 2733//3078 2952//3525 2953//3526
f 2735//3075 2734//3077 2953//3526 2954//3527
f 2736//3073 2735//3075 2954//3527 2955//3528
f 2737//3071 2736//3073 2955//3528 2956//3529
f 2738//3068 2737//3071 2956//3529 2957//3530
f 2739//3066 2738//3068 2957//3530 2958//3531
f 2740//3065 2739//3066 2958//3531 2959//3532
f 2741//3062 2740//3065 2959//3532 2960//3533
f 2742//3061 2741//3062 2960//3533 2961//3534
f 2743//3058 2742//3061 2961//3534 2962//3535
f 2744//3057 2743//3058 2962//3535 2963//3536
f 2745//3055 2744//3057 2963//3536 2964//3537
f 2746//3052 2745//3055 2964//3537 2965//3538
f 2747//3050 2746//3052 2965//3538 2966//3539
f 2748//3048 2747//3050 2966//3539 2967//3540
f 2749//3047 2748//3048 2967//3540 2968//3541
f 2750//3044 2749//3047 2968//3541 3051//3542
f 2518//3251 2517//3543 2969//3544 2678//3454
f 2678//3454 2679//3456 2970//3545 2518//3251
f 2519//3248 2518//3251 2970//3545 2971//3546
f 2969//3544 2773//3138 2972//3547
f 2677//3548 2678//3454 2969//3544 2972//3547
f 2521//3549 2520//3246 2973//3550 2681//3053
f 2681//3053 2682//3461 2974//3551 2521//3549
f 2522//3552 2521//3549 2974//3551 2975//3553
f 2680//3554 2681//3053 2973//3550 2971//3546
f 2524//3555 2523//3556 2976//3557 2684//3465
f 2684//3465 2685//3558 2977//3559 2524//3555
f 2525//3560 2524//3555 2977//3559 2978//3025
f 2683//3561 2684//3465 2976//3557 2975//3553
f 2528//3562 2527//3563 2979//3564 2980//3565
f 2529//3229 2528//3562 2980//3565 2981//3566
f 2530//3227 2529//3229 2981//3566 2982//3567
f 2531//3568 2530//3227 2982//3567 2983//3569
f 2532//3570 2531//3568 2983//3569 2984//3571
f 2985//3572 2533//3573 2532//3570 2984//3571
f 2986//3574 2534//3575 2533//3573 2985//3572
f 2987//3576 2535//3218 2534//3575 2986//3574
f 2988//3577 2536//3578 2535//3218 2987//3576
f 2989//3579 2537//3580 2536//3578 2988//3577
f 2990//3581 2538//3193 2537//3580 2989//3579
f 2991//3582 2539//3196 2538//3193 2990//3581
f 2992//3583 2540//3198 2539//3196 2991//3582
f 2541//3187 2540//3198 2992//3583 2993//3584
f 2542//3585 2541//3187 2993//3584 2994//3586
f 2543//3184 2542//3585 2994//3586 2995//3587
f 2544//3588 2543//3184 2995//3587 2996//3589
f 2997//3590 2545//3591 2544//3588 2996//3589
f 2998//3592 2546//3593 2545//3591 2997//3590
f 2999//3594 2547//3595 2546//3593 2998//3592
f 3000//3596 2548//3597 2547//3595 2999//3594
f 3001//3028 2548//3598 2549//3599 2709//3213
f 3001//3028 2709//3213 2708//3106 3002//3029
f 3002//3029 2708//3106 2707//3105 3003//3030
f 2707//3105 2706//3103 3004//3600 3003//3030
f 2706//3103 2705//3100 3005//3601 3004//3600
f 3004//3600 2546//3593 2547//3602 3003//3030
f 3005//3601 2545//3603 2546//3593 3004//3600
f 2874//3381 2570//3604 2569//3605 3006//3383
f 2873//3379 2571//3606 2570//3604 2874//3381
f 2872//3377 2572//3607 2571//3606 2873//3379
f 2871//3376 2573//3608 2572//3607 2872//3377
f 2870//3375 2574//3609 2573//3608 2871//3376
f 2869//3373 2575//3610 2574//3609 2870//3375
f 2868//3371 2576//3611 2575//3610 2869//3373
f 2867//3369 2577//3612 2576//3611 2868//3371
f 2866//3367 2578//3613 2577//3612 2867//3369
f 2865//3365 2579//3614 2578//3613 2866//3367
f 2864//3363 2580//3615 2579//3614 2865//3365
f 2863//3361 2581//3616 2580//3615 2864//3363
f 2862//3359 2582//3617 2581//3616 2863//3361
f 2861//3357 2583//3618 2582//3617 2862//3359
f 2860//3356 2584//3619 2583//3618 2861//3357
f 2859//3355 2585//3620 2584//3619 2860//3356
f 2858//3353 2586//3621 2585//3620 2859//3355
f 2857//3352 2587//3622 2586//3621 2858//3353
f 2856//3350 2588//3623 2587//3622 2857//3352
f 2855//3348 2589//3624 2588//3623 2856//3350
f 2854//3346 2590//3625 2589//3624 2855//3348
f 2853//3344 2591//3626 2590//3625 2854//3346
f 2852//3342 2592//3627 2591//3626 2853//3344
f 2851//3340 2593//3628 2592//3627 2852//3342
f 2850//3339 2594//3629 2593//3628 2851//3340
f 2849//3337 2595//3630 2594//3629 2850//3339
f 2848//3335 2596//3631 2595//3630 2849//3337
f 2847//3333 2597//3632 2596//3631 2848//3335
f 2846//3331 2598//3633 2597//3632 2847//3333
f 2845//3330 2599//3634 2598//3633 2846//3331
f 2844//3328 2600//3635 2599//3634 2845//3330
f 2843//3327 2601//3636 2600//3635 2844//3328
f 3007//3637 2569//3605 2570//3604 2637//3319
f 2570//3604 2571//3606 2636//3638 2637//3319
f 2571//3606 2572//3607 3008//3639 2636//3638
f 2572//3607 2573//3608 3009//3640 3008//3639
f 3009//3640 2573//3608 2574//3609 3010//3641
f 2574//3609 2575//3610 3011//3642 3010//3641
f 2780//3168 3007//3637 3012//3643
f 3007//3637 2637//3319 2638//3321 3012//3643
f 3013//3644 2576//3611 2577//3612 2630//3645
f 2577//3612 2578//3613 2629//3646 2630//3645
f 2578//3613 2579//3614 3014//3647 2629//3646
f 2579//3614 2580//3615 3015//3648 3014//3647
f 3015//3648 2580//3615 2581//3616 3016//3649
f 2581//3616 2582//3617 3017//3650 3016//3649
f 3013//3644 2630//3645 2631//3651 3018//3652
f 3018//3652 2631//3651 2632//3653 3019//3654
f 3019//3654 2632//3653 2633//3655 3020//3656
f 2633//3655 2634//3657 3021//3658 3020//3656
f 2634//3657 2635//3659 3022//3660 3021//3658
f 3023//3661 2583//3618 2584//3619 2623//3291
f 2584//3619 2585//3620 2622//3289 2623//3291
f 2585//3620 2586//3621 3024//3662 2622//3289
f 2586//3621 2587//3622 3025//3663 3024//3662
f 3025//3663 2587//3622 2588//3623 3026//3664
f 2588//3623 2589//3624 3027//3665 3026//3664
f 3023//3661 2623//3291 2624//3666 3028//3667
f 3028//3667 2624//3666 2625//3668 3029//3669
f 3029//3669 2625//3668 2626//3670 3030//3671
f 2626//3670 2627//3364 3031//3672 3030//3671
f 2627//3364 2628//3673 3032//3674 3031//3672
f 3033//3675 2590//3625 2591//3626 2616//3277
f 2591//3626 2592//3627 2615//3275 2616//3277
f 2592//3627 2593//3628 3034//3676 2615//3275
f 2593//3628 2594//3629 3035//3677 3034//3676
f 3035//3677 2594//3629 2595//3630 3036//3678
f 2595//3630 2596//3631 3037//3679 3036//3678
f 3033//3675 2616//3277 2617//3347 3038//3680
f 3038//3680 2617//3347 2618//3681 3039//3682
f 3039//3682 2618//3681 2619//3683 3040//3684
f 2619//3683 2620//3685 3041//3686 3040//3684
f 2620//3685 2621//3287 3042//3687 3041//3686
f 3043//3688 2597//3632 2598//3633 2609//3689
f 2598//3633 2599//3634 2608//3024 2609//3689
f 2599//3634 2600//3635 3044//3022 2608//3024
f 2600//3635 2601//3636 3045//3690 3044//3022
f 3043//3688 2609//3689 2610//3691 3046//3692
f 3046//3692 2610//3691 2611//3693 3047//3694
f 3047//3694 2611//3693 2612//3695 3048//3696
f 2612//3695 2613//3697 3049//3698 3048//3696
f 2613//3697 2614//3699 3050//3700 3049//3698
f 2606//3257 2607//3023 3044//3022 3045//3690
f 2642//3701 2641//3385 3051//3542 2968//3541
f 2643//3390 2642//3701 2968//3541 2967//3540
f 2644//3702 2643//3390 2967//3540 2966//3539
f 2645//3394 2644//3702 2966//3539 2965//3538
f 2646//3703 2645//3394 2965//3538 2964//3537
f 2647//3398 2646//3703 2964//3537 2963//3536
f 2648//3400 2647//3398 2963//3536 2962//3535
f 2649//3402 2648//3400 2962//3535 2961//3534
f 2650//3704 2649//3402 2961//3534 2960//3533
f 2651//3705 2650//3704 2960//3533 2959//3532
f 2652//3408 2651//3705 2959//3532 2958//3531
f 2653//3410 2652//3408 2958//3531 2957//3530
f 2654//3706 2653//3410 2957//3530 2956//3529
f 2655//3707 2654//3706 2956//3529 2955//3528
f 2656//3416 2655//3707 2955//3528 2954//3527
f 2657//3708 2656//3416 2954//3527 2953//3526
f 2658//3420 2657//3708 2953//3526 2952//3525
f 2659//3709 2658//3420 2952//3525 2951//3524
f 2660//3710 2659//3709 2951//3524 2950//3523
f 2661//3426 2660//3710 2950//3523 2949//3522
f 2948//3521 2662//3711 2661//3426 2949//3522
f 2947//3520 2663//3430 2662//3711 2948//3521
f 2946//3519 2664//3432 2663//3430 2947//3520
f 2945//3518 2665//3712 2664//3432 2946//3519
f 2944//3517 2666//3436 2665//3712 2945//3518
f 2943//3516 2667//3713 2666//3436 2944//3517
f 2942//3515 2668//3714 2667//3713 2943//3516
f 2941//3514 2669//3715 2668//3714 2942//3515
f 2940//3513 2670//3444 2669//3715 2941//3514
f 2939//3512 2671//3716 2670//3444 2940//3513
f 2938//3511 2672//3717 2671//3716 2939//3512
f 2641//3718 2642//3388 2809//3258 2808//3256
f 2642//3388 2643//3390 2810//3260 2809//3258
f 2643//3390 2644//3702 2811//3262 2810//3260
f 2644//3702 2645//3394 2812//3264 2811//3262
f 2645//3394 2646//3703 2813//3266 2812//3264
f 2646//3703 2647//3398 2814//3268 2813//3266
f 2647//3398 2648//3400 2815//3270 2814//3268
f 2648//3400 2649//3402 2816//3272 2815//3270
f 2649//3402 2650//3719 2817//3274 2816//3272
f 2650//3719 2651//3705 2818//3276 2817//3274
f 2651//3705 2652//3408 2819//3278 2818//3276
f 2652//3408 2653//3410 2820//3280 2819//3278
f 2653//3410 2654//3706 2821//3282 2820//3280
f 2654//3706 2655//3414 2822//3284 2821//3282
f 2655//3414 2656//3720 2823//3286 2822//3284
f 2656//3720 2657//3721 2824//3288 2823//3286
f 2657//3721 2658//3722 2825//3290 2824//3288
f 2658//3722 2659//3723 2826//3292 2825//3290
f 2659//3723 2660//3710 2827//3294 2826//3292
f 2660//3710 2661//3724 2828//3296 2827//3294
f 2661//3724 2662//3428 2829//3298 2828//3296
f 2662//3428 2663//3430 2830//3300 2829//3298
f 2663//3430 2664//3432 2831//3302 2830//3300
f 2664//3432 2665//3725 2832//3304 2831//3302
f 2665//3725 2666//3436 2833//3306 2832//3304
f 2666//3436 2667//3713 2834//3308 2833//3306
f 2667//3713 2668//3726 2835//3310 2834//3308
f 2668//3726 2669//3442 2836//3312 2835//3310
f 2836//3312 2669//3442 2670//3727 2837//3314
f 2670//3727 2671//3728 2838//3316 2837//3314
f 2671//3728 2672//3717 2839//3318 2838//3316
f 2806//3250 2678//3454 2677//3548 3052//3252
f 2805//3249 2679//3456 2678//3454 2806//3250
f 2804//3247 2680//3458 2679//3456 2805//3249
f 2803//3245 2681//3729 2680//3458 2804//3247
f 2802//3242 2682//3461 2681//3729 2803//3245
f 2801//3240 2683//3730 2682//3461 2802//3242
f 2800//3238 2684//3731 2683//3730 2801//3240
f 2685//3558 2684//3731 2800//3238 2799//3236
f 2686//3469 2685//3558 2799//3236 2798//3234
f 2687//3732 2686//3469 2798//3234 2797//3232
f 2688//3733 2687//3732 2797//3232 2796//3230
f 2689//3474 2688//3733 2796//3230 2795//3228
f 2690//3734 2689//3474 2795//3228 2794//3226
f 2691//3735 2690//3734 2794//3226 2793//3224
f 2692//3736 2691//3735 2793//3224 2792//3222
f 2693//3482 2692//3736 2792//3222 2791//3220
f 2755//3387 2606//3257 2607//3023 2876//3389
f 2876//3389 2607//3023 2608//3737 2877//3391
f 2877//3391 2608//3737 2609//3689 2878//3393
f 2878//3393 2609//3689 2610//3265 2879//3395
f 2879//3395 2610//3265 2611//3693 2880//3397
f 2880//3397 2611//3693 2612//3338 2881//3399
f 2881//3399 2612//3338 2613//3738 2882//3401
f 2882//3401 2613//3738 2614//3699 2883//3403
f 2883//3403 2614//3699 2615//3343 2884//3405
f 2884//3405 2615//3343 2616//3739 2885//3407
f 2885//3407 2616//3739 2617//3347 2886//3409
f 2886//3409 2617//3347 2618//3281 2887//3411
f 2887//3411 2618//3281 2619//3683 2888//3413
f 2888//3413 2619//3683 2620//3685 2889//3415
f 2889//3415 2620//3685 2621//3287 2890//3417
f 2890//3417 2621//3287 2622//3740 2891//3419
f 2891//3419 2622//3740 2623//3741 2892//3421
f 2892//3421 2623//3741 2624//3742 2893//3423
f 2893//3423 2624//3742 2625//3743 2894//3425
f 2894//3425 2625//3743 2626//3670 2895//3427
f 2895//3427 2626//3670 2627//3744 2896//3429
f 2896//3429 2627//3744 2628//3745 2897//3431
f 2897//3431 2628//3745 2629//3746 2898//3433
f 2898//3433 2629//3746 2630//3747 2899//3435
f 2899//3435 2630//3747 2631//3748 2900//3437
f 2900//3437 2631//3748 2632//3374 2901//3439
f 2901//3439 2632//3374 2633//3749 2902//3441
f 2902//3441 2633//3749 2634//3750 2903//3443
f 2903//3443 2634//3750 2635//3659 2904//3445
f 2904//3445 2635//3659 2636//3638 2905//3447
f 2905//3447 2636//3638 2637//3382 2906//3449
f 2906//3449 2637//3382 2638//3384 2907//3451
f 2908//3453 2642//3388 2643//3751 2909//3455
f 2909//3455 2643//3751 2644//3702 2910//3457
f 2910//3457 2644//3702 2645//3394 2911//3459
f 2911//3459 2645//3394 2646//3396 2912//3460
f 2912//3460 2646//3396 2647//3398 2913//3462
f 2913//3462 2647//3398 2648//3752 2914//3464
f 2914//3464 2648//3752 2649//3753 2915//3466
f 2915//3466 2649//3753 2650//3754 2916//3468
f 2916//3468 2650//3754 2651//3755 2917//3470
f 2917//3470 2651//3755 2652//3756 2918//3472
f 2918//3472 2652//3756 2653//3410 2919//3473
f 2919//3473 2653//3410 2654//3757 2920//3475
f 2920//3475 2654//3757 2655//3414 2921//3477
f 2921//3477 2655//3414 2656//3416 2922//3479
f 2922//3479 2656//3416 2657//3721 2923//3481
f 2923//3481 2657//3721 2658//3758 2924//3483
f 2924//3483 2658//3758 2659//3759 2925//3485
f 2925//3485 2659//3759 2660//3760 2926//3487
f 2926//3487 2660//3760 2661//3426 2927//3489
f 2661//3426 2662//3428 2928//3491 2927//3489
f 2662//3428 2663//3430 2753//3493 2928//3491
f 2663//3430 2664//3432 2752//3034 2753//3493
f 2664//3432 2665//3761 2754//3035 2752//3034
f 2754//3035 2665//3761 2666//3762 2930//3496
f 2930//3496 2666//3762 2667//3438 2758//3497
f 2758//3497 2667//3438 2668//3440 2931//3499
f 2931//3499 2668//3440 2669//3442 2759//3500
f 2759//3500 2669//3442 2670//3763 2932//3502
f 2932//3502 2670//3763 2671//3716 2933//3504
f 2933//3504 2671//3716 2672//3717 2934//3505
f 2934//3505 2672//3717 2673//3450 2935//3507
f 2935//3507 2673//3450 2674//3323 2936//3509
f 3053//3027 2686//3026 2687//3764 2979//3564
f 2979//3564 2687//3764 2688//3733 2980//3565
f 2980//3565 2688//3733 2689//3765 2981//3566
f 2981//3566 2689//3765 2690//3734 2982//3567
f 2982//3567 2690//3734 2691//3735 2983//3569
f 2983//3569 2691//3735 2692//3074 2984//3571
f 2984//3571 2692//3074 2693//3766 2985//3572
f 2693//3766 2694//3079 2986//3574 2985//3572
f 2694//3079 2695//3081 2987//3576 2986//3574
f 2695//3081 2696//3202 2988//3577 2987//3576
f 2696//3202 2697//3085 2989//3579 2988//3577
f 2697//3085 2698//3086 2990//3581 2989//3579
f 2698//3086 2699//3767 2991//3582 2990//3581
f 2699//3767 2700//3768 2992//3583 2991//3582
f 2992//3583 2700//3768 2701//3190 2993//3584
f 2993//3584 2701//3190 2702//3189 2994//3586
f 2994//3586 2702//3189 2703//3769 2995//3587
f 2995//3587 2703//3769 2704//3770 2996//3589
f 2996//3589 2704//3770 2705//3771 2997//3590
f 2997//3590 2705//3771 2706//3103 2998//3592
f 2998//3592 2706//3103 2707//3772 2999//3594
f 2999//3594 2707//3772 2708//3773 3000//3596
f 3000//3596 2708//3773 2709//3213 2776//3152
f 2776//3152 2709//3213 2710//3110 2775//3150
f 2775//3150 2710//3110 2711//3112 2774//3148
f 2517//3543 2516//3139 2773//3138 2969//3544
f 2520//3246 2519//3248 2971//3546 2973//3550
f 2523//3556 2522//3552 2975//3553 2976//3557
f 2776//3152 2549//3151 2548//3597 3000//3596
f 2549//3599 2550//3217 2790//3214 2709//3213
f 3003//3030 2547//3602 2548//3598 3001//3028
f 3006//3383 2569//3605 2568//3166 2779//3164
f 2780//3168 2568//3166 2569//3605 3007//3637
f 3011//3642 2575//3610 2576//3611 3013//3644
f 3017//3650 2582//3617 2583//3618 3023//3661
f 3027//3665 2589//3624 2590//3625 3033//3675
f 3037//3679 2596//3631 2597//3632 3043//3688
f 2784//3204 2602//3203 2601//3636 2843//3327
f 2601//3636 2602//3203 2807//3254 3045//3690
f 2808//3256 2768//3120 2640//3119 2641//3718
f 2605//3255 2606//3257 3045//3690 2807//3254
f 2614//3699 2615//3275 3034//3676 3050//3700
f 2621//3287 2622//3289 3024//3662 3042//3687
f 2628//3673 2629//3646 3014//3647 3032//3674
f 2635//3659 2636//3638 3008//3639 3022//3660
f 2639//3170 2638//3321 2841//3322 2781//3171
f 3012//3643 2638//3321 2639//3169 2780//3168
f 2641//3385 2640//3117 2763//3118 3051//3542
f 2672//3717 2938//3511 2937//3038 2673//3037
f 2672//3717 2673//3324 2840//3320 2839//3318
f 2694//3079 2693//3482 2791//3220 2788//3209
f 2842//3326 2605//3325 2606//3257 2755//3387
f 2779//3164 2639//3163 2638//3384 3006//3383
f 2907//3451 2638//3384 2639//3161 2778//3159
f 2875//3386 2641//3385 2642//3388 2908//3453
f 2778//3159 2675//3157 2674//3323 2907//3451
f 2936//3509 2674//3323 2675//3157 2777//3155
f 2676//3137 2677//3548 2972//3547 2773//3138
f 2679//3456 2680//3554 2971//3546 2970//3545
f 2682//3461 2683//3561 2975//3553 2974//3551
f 2777//3155 2712//3154 2711//3510 2936//3509
f 2774//3148 2711//3112 2712//3146 2762//3144
f 2751//3041 2750//3044 3051//3542 2763//3118
f 2978//3025 2977//3559 2685//3558 2686//3026
f 3053//3027 2979//3564 2527//3563 2526//3774
f 2526//3774 2525//3560 2978//3025 3053//3027
f 2676//3115 2760//3114 3052//3252 2677//3548
f 2760//3114 2516//3116 2517//3253 3052//3252
f 2704//3770 2703//3191 2783//3185 2756//3775
f 2756//3775 2783//3185 2543//3184 2544//3776
f 2545//3603 3005//3601 2756//3775 2544//3776
f 2756//3775 3005//3601 2705//3100 2704//3770
f 3011//3642 3013//3644 3018//3652 3019//3654
f 3019//3654 3020//3656 3010//3641 3011//3642
f 3010//3641 3020//3656 3021//3658 3009//3640
f 3009//3640 3021//3658 3022//3660 3008//3639
f 3017//3650 3023//3661 3028//3667 3029//3669
f 3029//3669 3030//3671 3016//3649 3017//3650
f 3016//3649 3030//3671 3031//3672 3015//3648
f 3015//3648 3031//3672 3032//3674 3014//3647
f 3027//3665 3033//3675 3038//3680 3039//3682
f 3039//3682 3040//3684 3026//3664 3027//3665
f 3026//3664 3040//3684 3041//3686 3025//3663
f 3025//3663 3041//3686 3042//3687 3024//3662
f 3037//3679 3043//3688 3046//3692 3047//3694
f 3047//3694 3048//3696 3036//3678 3037//3679
f 3036//3678 3048//3696 3049//3698 3035//3677
f 3035//3677 3049//3698 3050//3700 3034//3676
f 3184//3777 3095//3778 3158//3779
f 3090//3780 3158//3779 3093//3781
f 3163//3782 3139//3783 3138//3784
f 2539//3196 2538//3785 3112//3786
f 3121//3787 3122//3788 2548//3598
f 3127//3789 3059//3790 3058//3791
f 2553//3792 2552//3143 3124//3793 3054//3794
f 3054//3794 3124//3793 3123//3795 3055//3796
f 3125//3797 3056//3798 3055//3796 3123//3795
f 3125//3797 3126//3799 3057//3800 3056//3798
f 3134//3801 3066//3802 3065//3803 3133//3804
f 3134//3801 3135//3805 3067//3806 3066//3802
f 3067//3806 3135//3805 3136//3807 3068//3808
f 3137//3809 3069//3810 3068//3808 3136//3807
f 3138//3784 3070//3811 3069//3810 3137//3809
f 3139//3783 3071//3812 3070//3811 3138//3784
f 3139//3783 3140//3813 3072//3814 3071//3812
f 3140//3813 3141//3815 3073//3816 3072//3814
f 3141//3815 3142//3817 3074//3818 3073//3816
f 3075//3819 3074//3818 3142//3817 3143//3820
f 3143//3820 3144//3821 3076//3822 3075//3819
f 3144//3821 3145//3823 3077//3824 3076//3822
f 3145//3823 3146//3825 3078//3826 3077//3824
f 3146//3825 3147//3827 3079//3828 3078//3826
f 3147//3827 3148//3829 3080//3830 3079//3828
f 3149//3831 3081//3832 3080//3830 3148//3829
f 3149//3831 3150//3833 3082//3834 3081//3832
f 3083//3835 3082//3834 3150//3833 3151//3836
f 3151//3836 3152//3837 3084//3838 3083//3835
f 3085//3839 3084//3838 3152//3837 3153//3840
f 3086//3841 3085//3839 3153//3840 3154//3842
f 3087//3843 3086//3841 3154//3842 3155//3844
f 3156//3845 3088//3846 3087//3843 3155//3844
f 3157//3847 3089//3848 3088//3846 3156//3845
f 3158//3779 3090//3780 3089//3848 3157//3847
f 3090//3780 3093//3781 3092//3849 3091//3850
f 3158//3779 3095//3778 3094//3851 3093//3781
f 2551//3216 3123//3795 3124//3793 2552//3143
f 3134//3801 3159//3852 3160//3853 3135//3805
f 3160//3853 3161//3854 3136//3807 3135//3805
f 3161//3854 3162//3855 3137//3809 3136//3807
f 3146//3825 3170//3856 3171//3857 3147//3827
f 3172//3858 3148//3829 3147//3827 3171//3857
f 3173//3859 3149//3831 3148//3829 3172//3858
f 3149//3831 3173//3859 3174//3860 3175//3861
f 3175//3861 3176//3862 3150//3833 3149//3831
f 3151//3836 3150//3833 3176//3862 3177//3863
f 3152//3837 3151//3836 3177//3863 3178//3864
f 3153//3840 3152//3837 3178//3864 3179//3865
f 3179//3865 3180//3866 3154//3842 3153//3840
f 3155//3844 3154//3842 3180//3866 3181//3867
f 3156//3845 3155//3844 3181//3867 3182//3868
f 3183//3869 3157//3847 3156//3845 3182//3868
f 3157//3847 3183//3869 3184//3777 3158//3779
f 3246//3870 3175//3861 3174//3860 3173//3859
f 3058//3791 3057//3800 3126//3799 3127//3789
f 3133//3804 3065//3803 3064//3871 3132//3872
f 2516//3873 65//105 64//104 3113//3874
f 3100//3875 2537//3876 2536//3200 3119//3877
f 2538//3785 2537//3876 3100//3875 3112//3786
f 3106//3878 2542//3879 2541//3187 3112//3786
f 2543//3880 2542//3879 3106//3878 3120//3881
f 3138//3784 3137//3809 3162//3855 3163//3782
f 3170//3856 3146//3825 3145//3823 3169//3882
f 3132//3872 3064//3871 3063//3883 3131//3884
f 3131//3884 3063//3883 3062//3885 3130//3886
f 3130//3886 3062//3885 3061//3887 3129//3888
f 3129//3888 3061//3887 3060//3889 3128//3890
f 3128//3890 3060//3889 3059//3790 3127//3789
f 3096//3891 3095//3778 3184//3777 3412//3892
f 64//104 63//132 3413//3893 3113//3874
f 63//132 62//193 3217//3894 3413//3893
f 62//193 61//195 3414//3895 3217//3894
f 3119//3877 2536//3200 2535//3896 2534//3897
f 3119//3877 2534//3897 2533//3221 3118//3898
f 3118//3898 2533//3221 2532//3899 2531//3568
f 3118//3898 2531//3568 2530//3227 3117//3900
f 3117//3900 2530//3227 2529//3901 2528//3231
f 3117//3900 2528//3231 2527//3233 3116//3902
f 3116//3902 2527//3233 2526//3235 2525//3903
f 3100//3875 3119//3877 3415//3904 3101//3905
f 3107//3906 3106//3878 3112//3786 3100//3875
f 3112//3786 2541//3187 2540//3198 2539//3196
f 3106//3878 3107//3906 3416//3907 3120//3881
f 3107//3906 3108//3908 3417//3909 3416//3907
f 3122//3788 3123//3795 2551//3216 2550//3217
f 3122//3788 2550//3217 2549//3910 2548//3598
f 3415//3904 3119//3877 3118//3898 3418//3911
f 3418//3911 3118//3898 3117//3900 3419//3912
f 3419//3912 3117//3900 3116//3902 3420//3913
f 3420//3913 3116//3902 3115//3914 3257//3915
f 3257//3915 3115//3914 3114//3916 3421//3917
f 3421//3917 3114//3916 3113//3874 3413//3893
f 3123//3795 3122//3788 3422//3918 3125//3797
f 3122//3788 3121//3787 3423//3919 3422//3918
f 3121//3787 3120//3881 3416//3907 3423//3919
f 3159//3852 3134//3801 3133//3804 3424//3920
f 3424//3920 3133//3804 3132//3872 3425//3921
f 3132//3872 3131//3884 3426//3922 3425//3921
f 3131//3884 3130//3886 3427//3923 3426//3922
f 3130//3886 3129//3888 3428//3924 3427//3923
f 3129//3888 3128//3890 3429//3925 3428//3924
f 3429//3925 3128//3890 3127//3789 3430//3926
f 3430//3926 3127//3789 3126//3799 3431//3927
f 3431//3927 3126//3799 3125//3797 3422//3918
f 3169//3882 3145//3823 3144//3821 3168//3928
f 3168//3928 3144//3821 3143//3820 3167//3929
f 3167//3929 3143//3820 3142//3817 3166//3930
f 3166//3930 3142//3817 3141//3815 3165//3931
f 3165//3931 3141//3815 3140//3813 3164//3932
f 3164//3932 3140//3813 3139//3783 3163//3782
f 3246//3870 3173//3859 3172//3858 3432//3933
f 3172//3858 3171//3857 3233//3934 3432//3933
f 3171//3857 3170//3856 3235//3935 3233//3934
f 3170//3856 3169//3882 3433//3936 3235//3935
f 3169//3882 3168//3928 3434//3937 3433//3936
f 3168//3928 3167//3929 3435//3938 3434//3937
f 3435//3938 3167//3929 3166//3930 3264//3939
f 3264//3939 3166//3930 3165//3931 3436//3940
f 3436//3940 3165//3931 3164//3932 3437//3941
f 3437//3941 3164//3932 3163//3782 3438//3942
f 3438//3942 3163//3782 3162//3855 3439//3943
f 3439//3943 3162//3855 3161//3854 3440//3944
f 3440//3944 3161//3854 3160//3853 3441//3945
f 3441//3945 3160//3853 3159//3852 3442//3946
f 3176//3862 3175//3861 3246//3870 3244//3947
f 3412//3892 3184//3777 3183//3869 3443//3948
f 3443//3948 3183//3869 3182//3868 3444//3949
f 3444//3949 3182//3868 3181//3867 3445//3950
f 3445//3950 3181//3867 3180//3866 3446//3951
f 3446//3951 3180//3866 3179//3865 3447//3952
f 3447//3952 3179//3865 3178//3864 3448//3953
f 3178//3864 3177//3863 3449//3954 3448//3953
f 3177//3863 3176//3862 3244//3947 3449//3954
f 3195//3955 49//129 48//128 3099//3956
f 50//258 49//129 3195//3955 3191//3957
f 3450//3958 51//255 50//258 3191//3957
f 3113//3874 2518//3959 2517//3960 2516//3873
f 3113//3874 3114//3916 2519//3248 2518//3959
f 3114//3916 2521//3961 2520//3962 2519//3248
f 3114//3916 3115//3914 2522//3243 2521//3961
f 3115//3914 2524//3963 2523//3556 2522//3243
f 3115//3914 3116//3902 2525//3903 2524//3963
f 3120//3881 2545//3964 2544//3776 2543//3880
f 3120//3881 3121//3787 2546//3965 2545//3964
f 3121//3787 2548//3598 2547//3602 2546//3965
f 3451//3966 3098//3967 3097//3968 3187//3969
f 54//223 53//222 3248//3970 3452//3971
f 3453//3972 57//229 56//226 3225//3973
f 3455//3974 59//232 58//231 3454//3975
f 3103//3976 3102//3977 3487//3978 3199//3979
f 3104//3980 3103//3976 3199//3979 3456//3981
f 3457//3982 3105//3983 3104//3980 3456//3981
f 3104//3980 3105//3983 3459//3984 3458//3985
f 3186//3986 3102//3977 3103//3976 3460//3987
f 3109//3988 3108//3908 3186//3986 3461//3989
f 3189//3990 3111//3991 3110//3992 3193//3993
f 3190//3994 3110//3992 3111//3991 3462//3995
f 3463//3996 3109//3988 3110//3992 3190//3994
f 3097//3968 3096//3891 3412//3892 3187//3969
f 3101//3905 3102//3977 3186//3986 3108//3908
f 56//226 55//225 3227//3997 3225//3973
f 3431//3927 3422//3918 3423//3919 3198//3998
f 3423//3919 3416//3907 3417//3909 3198//3998
f 3442//3946 3159//3852 3424//3920 3464//3999
f 3464//3999 3424//3920 3425//3921 3243//4000
f 3425//3921 3426//3922 3465//4001 3243//4000
f 3426//3922 3427//3923 3466//4002 3465//4001
f 3187//3969 3412//3892 3443//3948 3467//4003
f 3107//3906 3100//3875 3101//3905 3108//3908
f 3102//3977 3101//3905 3415//3904 3222//4004
f 3413//3893 3217//3894 3468//4005 3421//3917
f 3467//4003 3443//3948 3444//3949 3469//4006
f 3469//4006 3444//3949 3445//3950 3470//4007
f 3470//4007 3445//3950 3446//3951 3471//4008
f 3217//3894 3414//3895 3472//4009 3468//4005
f 3471//4008 3446//3951 3447//3952 3473//4010
f 3473//4010 3447//3952 3448//3953 3214//4011
f 3214//4011 3448//3953 3449//3954 3261//4012
f 3222//4004 3415//3904 3418//3911 3474//4013
f 3466//4002 3427//3923 3428//3924 3475//4014
f 3428//3924 3429//3925 3213//4015 3475//4014
f 3213//4015 3429//3925 3430//3926 3476//4016
f 3476//4016 3430//3926 3431//3927 3198//3998
f 3449//3954 3244//3947 3477//4017 3261//4012
f 3474//4013 3418//3911 3419//3912 3478//4018
f 3478//4018 3419//3912 3420//3913 3221//4019
f 3221//4019 3420//3913 3257//3915 3278//4020
f 3278//4020 3257//3915 3421//3917 3468//4005
f 51//255 3450//3958 3479//4021 52//260
f 3098//3967 3451//3966 3480//4022 3099//3956
f 55//225 54//223 3452//3971 3227//3997
f 57//229 3453//3972 3454//3975 58//231
f 59//232 3455//3974 3223//4023 60//235
f 3104//3980 3458//3985 3460//3987 3103//3976
f 3110//3992 3109//3988 3461//3989 3193//3993
f 3186//3986 3460//3987 3481//4024 3461//3989
f 3109//3988 3463//3996 3482//4025 3108//3908
f 3195//3955 3099//3956 3480//4022 3483//4026
f 3484//4027 3248//3970 53//222 52//260
f 3191//3957 3195//3955 3483//4026 3485//4028
f 3450//3958 3191//3957 3485//4028 3196//4029
f 3218//4030 3414//3895 61//195 60//235
f 3417//3909 3108//3908 3482//4025 3194//4031
f 3224//4032 3455//3974 3454//3975 3486//4033
f 3488//4034 3456//3981 3199//3979 3487//3978
f 3457//3982 3456//3981 3488//4034 3197//4035
f 3490//4036 3111//3991 3189//3990 3351//4037
f 3491//4038 3462//3995 3111//3991 3490//4036
f 3492//4039 3440//3944 3441//3945 3229//4040
f 3229//4040 3441//3945 3442//3946 3411//4041
f 3493//4042 3439//3943 3440//3944 3492//4039
f 3250//4043 3438//3942 3439//3943 3493//4042
f 3228//4044 3437//3941 3438//3942 3250//4043
f 3249//4045 3436//3940 3437//3941 3228//4044
f 3494//4046 3264//3939 3436//3940 3249//4045
f 3495//4047 3435//3938 3264//3939 3494//4046
f 3232//4048 3434//3937 3435//3938 3495//4047
f 3433//3936 3434//3937 3232//4048 3234//4049
f 3235//3935 3433//3936 3234//4049 3496//4050
f 3233//3934 3235//3935 3496//4050 3497//4051
f 3226//4052 3432//3933 3233//3934 3497//4051
f 3271//4053 3246//3870 3432//3933 3226//4052
f 3498//4054 3458//3985 3459//3984 3489//4055
f 3350//4056 3459//3984 3105//3983 3356//4057
f 3105//3983 3457//3982 3357//4058 3356//4057
f 3190//3994 3462//3995 3499//4059 3209//4060
f 3205//4061 3463//3996 3190//3994 3209//4060
f 3500//4062 3452//3971 3248//3970 3294//4063
f 3501//4064 3453//3972 3225//3973 3263//4065
f 3451//3966 3187//3969 3502//4066 3480//4022
f 3244//3947 3246//3870 3271//4053 3477//4017
f 3486//4033 3454//3975 3453//3972 3501//4064
f 3481//4024 3460//3987 3458//3985 3498//4054
f 3193//3993 3461//3989 3481//4024 3498//4054
f 3194//4031 3482//4025 3463//3996 3205//4061
f 3498//4054 3489//4055 3189//3990 3193//3993
f 3227//3997 3452//3971 3500//4062 3247//4067
f 3225//3973 3227//3997 3247//4067 3263//4065
f 3218//4030 60//235 3223//4023 3252//4068
f 3252//4068 3223//4023 3455//3974 3224//4032
f 3479//4021 3450//3958 3196//4029 3206//4069
f 3484//4027 52//260 3479//4021 3206//4069
f 3502//4066 3187//3969 3467//4003 3185//4070
f 3414//3895 3218//4030 3253//4071 3472//4009
f 3278//4020 3468//4005 3472//4009 3254//4072
f 3417//3909 3194//4031 3503//4073 3198//3998
f 3411//4041 3442//3946 3464//3999 3504//4074
f 3504//4074 3464//3999 3243//4000 3386//4075
f 3243//4000 3465//4001 3505//4076 3386//4075
f 3465//4001 3466//4002 3506//4077 3505//4076
f 3466//4002 3475//4014 3507//4078 3506//4077
f 3547//4079 3475//4014 3213//4015 3211//4080
f 3211//4080 3213//4015 3476//4016 3212//4081
f 3476//4016 3198//3998 3503//4073 3212//4081
f 3185//4070 3467//4003 3469//4006 3220//4082
f 3220//4082 3469//4006 3470//4007 3236//4083
f 3236//4083 3470//4007 3471//4008 3239//4084
f 3239//4084 3471//4008 3473//4010 3381//4085
f 3381//4085 3473//4010 3214//4011 3238//4086
f 3238//4086 3214//4011 3261//4012 3245//4087
f 3245//4087 3261//4012 3477//4017 3508//4088
f 3357//4058 3457//3982 3197//4035 3359//4089
f 3459//3984 3350//4056 3360//4090 3489//4055
f 3351//4037 3189//3990 3489//4055 3360//4090
f 3248//3970 3484//4027 3192//4091 3294//4063
f 3487//3978 3102//3977 3222//4004 3509//4092
f 3509//4092 3222//4004 3474//4013 3240//4093
f 3240//4093 3474//4013 3478//4018 3201//4094
f 3201//4094 3478//4018 3221//4019 3510//4095
f 3510//4095 3221//4019 3278//4020 3254//4072
f 3462//3995 3491//4038 3511//4096 3499//4059
f 3488//4034 3487//3978 3509//4092 3512//4097
f 3197//4035 3488//4034 3512//4097 3513//4098
f 3485//4028 3483//4026 3203//4099 3231//4100
f 3196//4029 3485//4028 3231//4100 3230//4101
f 3483//4026 3480//4022 3502//4066 3203//4099
f 3216//4102 3205//4061 3209//4060 3514//4103
f 3496//4050 3234//4049 3516//4104 3515//4105
f 3516//4104 3234//4049 3232//4048 3517//4106
f 3517//4106 3232//4048 3495//4047 3219//4107
f 3219//4107 3495//4047 3494//4046 3382//4108
f 3382//4108 3494//4046 3249//4045 3383//4109
f 3383//4109 3249//4045 3228//4044 3518//4110
f 3518//4110 3228//4044 3250//4043 3275//4111
f 3275//4111 3250//4043 3493//4042 3519//4112
f 3519//4112 3493//4042 3492//4039 3520//4113
f 3520//4113 3492//4039 3229//4040 3215//4114
f 3215//4114 3229//4040 3411//4041 3259//4115
f 3497//4051 3496//4050 3515//4105 3521//4116
f 3522//4117 3226//4052 3497//4051 3521//4116
f 3260//4118 3271//4053 3226//4052 3522//4117
f 3501//4064 3263//4065 3524//4119 3523//4120
f 3500//4062 3294//4063 3525//4121 3273//4122
f 3526//4123 3491//4038 3490//4036 3367//4124
f 3367//4124 3490//4036 3351//4037 3366//4125
f 3350//4056 3356//4057 3528//4126 3527//4127
f 3356//4057 3357//4058 3529//4128 3528//4126
f 3224//4032 3486//4033 3208//4129 3242//4130
f 3210//4131 3209//4060 3499//4059 3530//4132
f 3194//4031 3205//4061 3216//4102 3503//4073
f 3486//4033 3501//4064 3523//4120 3208//4129
f 3477//4017 3271//4053 3260//4118 3508//4088
f 3484//4027 3206//4069 3251//4133 3192//4091
f 3206//4069 3196//4029 3230//4101 3251//4133
f 3514//4103 3209//4060 3210//4131 3531//4134
f 3253//4071 3218//4030 3252//4068 3532//4135
f 3532//4135 3252//4068 3224//4032 3242//4130
f 3366//4125 3351//4037 3360//4090 3361//4136
f 3360//4090 3350//4056 3527//4127 3361//4136
f 3529//4128 3357//4058 3359//4089 3358//4137
f 3472//4009 3253//4071 3533//4138 3254//4072
f 3530//4132 3499//4059 3511//4096 3534//4139
f 3247//4067 3500//4062 3273//4122 3535//4140
f 3203//4099 3502//4066 3185//4070 3536//4141
f 3536//4141 3185//4070 3220//4082 3237//4142
f 3237//4142 3220//4082 3236//4083 3537//4143
f 3537//4143 3236//4083 3239//4084 3538//4144
f 3538//4144 3239//4084 3381//4085 3539//4145
f 3539//4145 3381//4085 3238//4086 3540//4146
f 3540//4146 3238//4086 3245//4087 3541//4147
f 3541//4147 3245//4087 3508//4088 3285//4148
f 3259//4115 3411//4041 3504//4074 3386//4075
f 3512//4097 3509//4092 3240//4093 3241//4149
f 3241//4149 3240//4093 3201//4094 3276//4150
f 3276//4150 3201//4094 3510//4095 3542//4151
f 3510//4095 3254//4072 3268//4152 3542//4151
f 3197//4035 3513//4098 3543//4153 3359//4089
f 3511//4096 3491//4038 3526//4123 3534//4139
f 3231//4100 3203//4099 3536//4141 3544//4154
f 3212//4081 3503//4073 3216//4102 3514//4103
f 3513//4098 3512//4097 3241//4149 3545//4155
f 3211//4080 3212//4081 3514//4103 3531//4134
f 3547//4079 3211//4080 3531//4134 3546//4156
f 3547//4079 3546//4156 3507//4078 3475//4014
f 3230//4101 3231//4100 3544//4154 3548//4157
f 3262//4158 3263//4065 3247//4067 3535//4140
f 3524//4119 3263//4065 3262//4158 3549//4159
f 3287//4160 3523//4120 3524//4119 3549//4159
f 3550//4161 3210//4131 3530//4132 3406//4162
f 3272//4163 3260//4118 3522//4117 3551//4164
f 3551//4164 3522//4117 3521//4116 3552//4165
f 3552//4165 3521//4116 3515//4105 3553//4166
f 3553//4166 3515//4105 3516//4104 3554//4167
f 3554//4167 3516//4104 3517//4106 3255//4168
f 3255//4168 3517//4106 3219//4107 3555//4169
f 3555//4169 3219//4107 3382//4108 3292//4170
f 3292//4170 3382//4108 3383//4109 3293//4171
f 3293//4171 3383//4109 3518//4110 3291//4172
f 3291//4172 3518//4110 3275//4111 3337//4173
f 3337//4173 3275//4111 3519//4112 3290//4174
f 3290//4174 3519//4112 3520//4113 3266//4175
f 3266//4175 3520//4113 3215//4114 3556//4176
f 3556//4176 3215//4114 3259//4115 3557//4177
f 3506//4077 3507//4078 3558//4178 3407//4179
f 3559//4180 3505//4076 3506//4077 3407//4179
f 3385//4181 3386//4075 3505//4076 3559//4180
f 3560//4182 3242//4130 3208//4129 3286//4183
f 3525//4121 3294//4063 3379//4184 3391//4185
f 3379//4184 3294//4063 3192//4091 3561//4186
f 3562//4187 3527//4127 3528//4126 3355//4188
f 3355//4188 3528//4126 3529//4128 3358//4137
f 3367//4124 3366//4125 3563//4189 3398//4190
f 3409//4191 3526//4123 3367//4124 3398//4190
f 3273//4122 3525//4121 3564//4192 3312//4193
f 3286//4183 3208//4129 3523//4120 3287//4160
f 3259//4115 3386//4075 3385//4181 3557//4177
f 3285//4148 3508//4088 3260//4118 3272//4163
f 3546//4156 3531//4134 3210//4131 3550//4161
f 3545//4155 3241//4149 3276//4150 3277//4194
f 3192//4091 3251//4133 3565//4195 3561//4186
f 3251//4133 3230//4101 3548//4157 3565//4195
f 3544//4154 3536//4141 3237//4142 3566//4196
f 3543//4153 3513//4098 3545//4155 3567//4197
f 3276//4150 3542//4151 3269//4198 3277//4194
f 3542//4151 3268//4152 3202//4199 3269//4198
f 3535//4140 3273//4122 3312//4193 3568//4200
f 3361//4136 3527//4127 3562//4187 3363//4201
f 3563//4189 3366//4125 3361//4136 3363//4201
f 3406//4162 3530//4132 3534//4139 3369//4202
f 3369//4202 3534//4139 3526//4123 3409//4191
f 3525//4121 3391//4185 3372//4203 3564//4192
f 3533//4138 3253//4071 3532//4135 3569//4204
f 3532//4135 3242//4130 3570//4205 3569//4204
f 3268//4152 3254//4072 3533//4138 3569//4204
f 3566//4196 3237//4142 3537//4143 3256//4206
f 3256//4206 3537//4143 3538//4144 3377//4207
f 3377//4207 3538//4144 3539//4145 3571//4208
f 3571//4208 3539//4145 3540//4146 3572//4209
f 3572//4209 3540//4146 3541//4147 3573//4210
f 3573//4210 3541//4147 3285//4148 3284//4211
f 3570//4205 3242//4130 3560//4182 3202//4199
f 3548//4157 3544//4154 3566//4196 3574//4212
f 3575//4213 3262//4158 3535//4140 3568//4200
f 3549//4159 3262//4158 3575//4213 3288//4214
f 3295//4215 3287//4160 3549//4159 3288//4214
f 3558//4178 3507//4078 3546//4156 3550//4161
f 3558//4178 3550//4161 3406//4162 3407//4179
f 3576//4216 3272//4163 3551//4164 3306//4217
f 3306//4217 3551//4164 3552//4165 3314//4218
f 3314//4218 3552//4165 3553//4166 3207//4219
f 3207//4219 3553//4166 3554//4167 3317//4220
f 3317//4220 3554//4167 3255//4168 3319//4221
f 3319//4221 3255//4168 3555//4169 3347//4222
f 3347//4222 3555//4169 3292//4170 3577//4223
f 3577//4223 3292//4170 3293//4171 3578//4224
f 3578//4224 3293//4171 3291//4172 3579//4225
f 3579//4225 3291//4172 3337//4173 3580//4226
f 3580//4226 3337//4173 3290//4174 3265//4227
f 3265//4227 3290//4174 3266//4175 3581//4228
f 3581//4228 3266//4175 3556//4176 3267//4229
f 3267//4229 3556//4176 3557//4177 3402//4230
f 3409//4191 3398//4190 3582//4231 3403//4232
f 3270//4233 3560//4182 3286//4183 3296//4234
f 3584//4235 3562//4187 3355//4188 3583//4236
f 3355//4188 3358//4137 3408//4237 3583//4236
f 3358//4137 3359//4089 3390//4238 3408//4237
f 3390//4238 3359//4089 3543//4153 3567//4197
f 3397//4239 3398//4190 3563//4189 3585//4240
f 3586//4241 3312//4193 3564//4192 3311//4242
f 3391//4185 3379//4184 3380//4243 3370//4244
f 3379//4184 3561//4186 3587//4245 3380//4243
f 3404//4246 3559//4180 3407//4179 3405//4247
f 3385//4181 3559//4180 3404//4246 3588//4248
f 3268//4152 3569//4204 3570//4205 3202//4199
f 3284//4211 3285//4148 3272//4163 3576//4216
f 3296//4234 3286//4183 3287//4160 3295//4215
f 3402//4230 3557//4177 3385//4181 3588//4248
f 3407//4179 3406//4162 3369//4202 3405//4247
f 3369//4202 3409//4191 3403//4232 3405//4247
f 3269//4198 3202//4199 3560//4182 3270//4233
f 3312//4193 3586//4241 3204//4249 3568//4200
f 3574//4212 3566//4196 3256//4206 3384//4250
f 3567//4197 3545//4155 3277//4194 3258//4251
f 3277//4194 3269//4198 3270//4233 3258//4251
f 3587//4245 3561//4186 3565//4195 3384//4250
f 3565//4195 3548//4157 3574//4212 3384//4250
f 3258//4251 3270//4233 3296//4234 3289//4252
f 3562//4187 3584//4235 3589//4253 3363//4201
f 3563//4189 3363//4201 3368//4254 3585//4240
f 3372//4203 3391//4185 3370//4244 3371//4255
f 3582//4231 3398//4190 3397//4239 3399//4256
f 3404//4246 3405//4247 3401//4257 3588//4248
f 3311//4242 3564//4192 3372//4203 3371//4255
f 3590//4258 3575//4213 3568//4200 3204//4249
f 3591//4259 3288//4214 3575//4213 3590//4258
f 3274//4260 3295//4215 3288//4214 3591//4259
f 3304//4261 3390//4238 3567//4197 3258//4251
f 3408//4237 3390//4238 3304//4261 3592//4262
f 3583//4236 3408//4237 3592//4262 3593//4263
f 3584//4235 3583//4236 3593//4263 3594//4264
f 3410//4265 3572//4209 3573//4210 3281//4266
f 3281//4266 3573//4210 3284//4211 3283//4267
f 3595//4268 3571//4208 3572//4209 3410//4265
f 3378//4269 3377//4207 3571//4208 3595//4268
f 3384//4250 3256//4206 3377//4207 3378//4269
f 3307//4270 3207//4219 3317//4220 3596//4271
f 3596//4271 3317//4220 3319//4221 3597//4272
f 3597//4272 3319//4221 3347//4222 3598//4273
f 3598//4273 3347//4222 3577//4223 3341//4274
f 3341//4274 3577//4223 3578//4224 3340//4275
f 3340//4275 3578//4224 3579//4225 3599//4276
f 3599//4276 3579//4225 3580//4226 3332//4277
f 3332//4277 3580//4226 3265//4227 3600//4278
f 3600//4278 3265//4227 3581//4228 3331//4279
f 3331//4279 3581//4228 3267//4229 3392//4280
f 3267//4229 3402//4230 3601//4281 3392//4280
f 3301//4282 3314//4218 3207//4219 3307//4270
f 3305//4283 3306//4217 3314//4218 3301//4282
f 3282//4284 3576//4216 3306//4217 3305//4283
f 3400//4285 3397//4239 3585//4240 3364//4286
f 3380//4243 3587//4245 3188//4287 3376//4288
f 3370//4244 3380//4243 3376//4288 3375//4289
f 3309//4290 3586//4241 3311//4242 3302//4291
f 3587//4245 3384//4250 3378//4269 3188//4287
f 3283//4267 3284//4211 3576//4216 3282//4284
f 3289//4252 3296//4234 3295//4215 3274//4260
f 3601//4281 3402//4230 3588//4248 3401//4257
f 3304//4261 3258//4251 3289//4252 3602//4292
f 3311//4242 3371//4255 3603//4293 3302//4291
f 3368//4254 3363//4201 3589//4253 3327//4294
f 3364//4286 3585//4240 3368//4254 3365//4295
f 3371//4255 3370//4244 3375//4289 3603//4293
f 3188//4287 3378//4269 3595//4268 3604//4296
f 3376//4288 3188//4287 3604//4296 3375//4289
f 3399//4256 3397//4239 3400//4285 3395//4297
f 3401//4257 3405//4247 3403//4232 3582//4231
f 3401//4257 3582//4231 3399//4256 3601//4281
f 3604//4296 3595//4268 3410//4265 3373//4298
f 3373//4298 3410//4265 3281//4266 3280//4299
f 3280//4299 3281//4266 3283//4267 3605//4300
f 3586//4241 3309//4290 3606//4301 3204//4249
f 3584//4235 3594//4264 3344//4302 3589//4253
f 3395//4297 3392//4280 3601//4281 3399//4256
f 3300//4303 3590//4258 3204//4249 3606//4301
f 3298//4304 3591//4259 3590//4258 3300//4303
f 3274//4260 3591//4259 3298//4304 3387//4305
f 3607//4306 3282//4284 3305//4283 3608//4307
f 3608//4307 3305//4283 3301//4282 3609//4308
f 3609//4308 3301//4282 3307//4270 3610//4309
f 3610//4309 3307//4270 3596//4271 3318//4310
f 3318//4310 3596//4271 3597//4272 3321//4311
f 3321//4311 3597//4272 3598//4273 3336//4312
f 3598//4273 3341//4274 3335//4313 3336//4312
f 3335//4313 3341//4274 3340//4275 3611//4314
f 3611//4314 3340//4275 3599//4276 3348//4315
f 3348//4315 3599//4276 3332//4277 3612//4316
f 3332//4277 3600//4278 3613//4317 3612//4316
f 3613//4317 3600//4278 3331//4279 3614//4318
f 3331//4279 3392//4280 3615//4319 3614//4318
f 3592//4262 3304//4261 3602//4292 3389//4320
f 3593//4263 3592//4262 3389//4320 3616//4321
f 3594//4264 3593//4263 3616//4321 3362//4322
f 3310//4323 3309//4290 3302//4291 3617//4324
f 3393//4325 3400//4285 3364//4286 3396//4326
f 3289//4252 3274//4260 3387//4305 3602//4292
f 3605//4300 3283//4267 3282//4284 3607//4306
f 3375//4289 3604//4296 3373//4298 3618//4327
f 3618//4327 3373//4298 3280//4299 3619//4328
f 3606//4301 3309//4290 3310//4323 3620//4329
f 3365//4295 3368//4254 3327//4294 3339//4330
f 3396//4326 3364//4286 3365//4295 3333//4331
f 3615//4319 3392//4280 3395//4297 3621//4332
f 3395//4297 3400//4285 3393//4325 3621//4332
f 3589//4253 3344//4302 3622//4333 3327//4294
f 3344//4302 3594//4264 3362//4322 3328//4334
f 3619//4328 3280//4299 3605//4300 3623//4335
f 3603//4293 3375//4289 3618//4327 3374//4336
f 3614//4318 3615//4319 3621//4332 3394//4337
f 3613//4317 3614//4318 3394//4337 3612//4316
f 3302//4291 3603//4293 3374//4336 3617//4324
f 3300//4303 3606//4301 3620//4329 3303//4338
f 3298//4304 3300//4303 3303//4338 3387//4305
f 3310//4323 3617//4324 3316//4339 3620//4329
f 3330//4340 3348//4315 3612//4316 3394//4337
f 3342//4341 3611//4314 3348//4315 3330//4340
f 3335//4313 3611//4314 3342//4341 3336//4312
f 3308//4342 3607//4306 3608//4307 3297//4343
f 3608//4307 3609//4308 3352//4344 3297//4343
f 3352//4344 3609//4308 3610//4309 3354//4345
f 3610//4309 3318//4310 3353//4346 3354//4345
f 3353//4346 3318//4310 3321//4311 3320//4347
f 3321//4311 3336//4312 3349//4348 3320//4347
f 3616//4321 3389//4320 3388//4349 3313//4350
f 3389//4320 3602//4292 3626//4351 3388//4349
f 3362//4322 3616//4321 3313//4350 3325//4352
f 3625//4353 3393//4325 3396//4326 3624//4354
f 3623//4335 3605//4300 3607//4306 3308//4342
f 3626//4351 3602//4292 3387//4305 3303//4338
f 3621//4332 3393//4325 3625//4353 3394//4337
f 3374//4336 3618//4327 3619//4328 3279//4355
f 3279//4355 3619//4328 3623//4335 3329//4356
f 3620//4329 3316//4339 3626//4351 3303//4338
f 3328//4334 3362//4322 3325//4352 3627//4357
f 3622//4333 3344//4302 3328//4334 3628//4358
f 3396//4326 3333//4331 3629//4359 3624//4354
f 3336//4312 3342//4341 3630//4360 3349//4348
f 3630//4360 3342//4341 3330//4340 3631//4361
f 3333//4331 3365//4295 3339//4330 3338//4362
f 3339//4330 3327//4294 3622//4333 3628//4358
f 3322//4363 3617//4324 3374//4336 3279//4355
f 3316//4339 3617//4324 3322//4363 3632//4364
f 3330//4340 3394//4337 3625//4353 3624//4354
f 3633//4365 3308//4342 3297//4343 3634//4366
f 3297//4343 3352//4344 3635//4367 3634//4366
f 3635//4367 3352//4344 3354//4345 3636//4368
f 3636//4368 3354//4345 3353//4346 3320//4347
f 3388//4349 3626//4351 3637//4369 3299//4370
f 3638//4371 3313//4350 3388//4349 3299//4370
f 3325//4352 3313//4350 3638//4371 3639//4372
f 3200//4373 3320//4347 3349//4348 3334//4374
f 3329//4356 3623//4335 3308//4342 3633//4365
f 3631//4361 3330//4340 3624//4354 3629//4359
f 3637//4369 3626//4351 3316//4339 3632//4364
f 3636//4368 3320//4347 3200//4373 3346//4375
f 3322//4363 3279//4355 3329//4356 3640//4376
f 3339//4330 3628//4358 3343//4377 3338//4362
f 3333//4331 3338//4362 3641//4378 3629//4359
f 3628//4358 3328//4334 3627//4357 3343//4377
f 3334//4374 3349//4348 3630//4360 3631//4361
f 3627//4357 3325//4352 3639//4372 3642//4379
f 3323//4380 3639//4372 3638//4371 3299//4370
f 3632//4364 3322//4363 3640//4376 3323//4380
f 3635//4367 3636//4368 3346//4375 3634//4366
f 3643//4381 3200//4373 3334//4374 3641//4378
f 3633//4365 3634//4366 3644//4382 3345//4383
f 3299//4370 3637//4369 3632//4364 3323//4380
f 3329//4356 3633//4365 3345//4383 3640//4376
f 3334//4374 3631//4361 3629//4359 3641//4378
f 3639//4372 3323//4380 3315//4384 3642//4379
f 3315//4384 3323//4380 3640//4376 3345//4383
f 3627//4357 3642//4379 3324//4385 3343//4377
f 3345//4383 3644//4382 3326//4386 3315//4384
f 3200//4373 3643//4381 3645//4387 3346//4375
f 3644//4382 3634//4366 3346//4375 3645//4387
f 3641//4378 3338//4362 3646//4388 3643//4381
f 3646//4388 3338//4362 3343//4377 3324//4385
f 3326//4386 3644//4382 3645//4387 3647//4389
f 3647//4389 3645//4387 3643//4381 3646//4388
f 3642//4379 3315//4384 3326//4386 3647//4389
f 3647//4389 3646//4388 3324//4385 3642//4379
f 3739//4390 3905//4391 2565//3032
f 3739//4390 2565//3032 2566//3031 2555//3043
f 3863//4392 3780//4393 1940//2196 1950//2195
f 3780//4393 3863//4392 3864//4394 3779//4395
f 3865//4396 3778//4397 3779//4395 3864//4394
f 3866//4398 3777//4399 3778//4397 3865//4396
f 3867//4400 3776//4401 3777//4399 3866//4398
f 3776//4401 3867//4400 3868//4402 3775//4403
f 3775//4403 3868//4402 3869//4404 3774//4405
f 3774//4405 3869//4404 3870//4406 3773//4407
f 3773//4407 3870//4406 3871//4408 3772//4409
f 3872//4410 3771//4411 3772//4409 3871//4408
f 3873//4412 3770//4413 3771//4411 3872//4410
f 3770//4413 3873//4412 3874//4414 3769//4415
f 3875//4416 3768//4417 3769//4415 3874//4414
f 3876//4418 3767//4419 3768//4417 3875//4416
f 3877//4420 3766//4421 3767//4419 3876//4418
f 3878//4422 3765//4423 3766//4421 3877//4420
f 3765//4423 3878//4422 3879//4424 3764//4425
f 3880//4426 3763//4427 3764//4425 3879//4424
f 3881//4428 3762//4429 3763//4427 3880//4426
f 3882//4430 3761//4431 3762//4429 3881//4428
f 3761//4431 3882//4430 3883//4432 3760//4433
f 3760//4433 3883//4432 3884//4434 3759//4435
f 3759//4435 3884//4434 3885//4436 3758//4437
f 3758//4437 3885//4436 3886//4438 3757//4439
f 3888//4440 3756//4441 3757//4439 3886//4438
f 3889//4442 3755//4443 3756//4441 3888//4440
f 3890//4444 3754//4445 3755//4443 3889//4442
f 3891//4446 3753//4447 3754//4445 3890//4444
f 3892//4448 3752//4449 3753//4447 3891//4446
f 3893//4450 3751//4451 3752//4449 3892//4448
f 3751//4451 3893//4450 3894//4452 3750//4453
f 3895//4454 3749//4455 3750//4453 3894//4452
f 3896//4456 3748//4457 3749//4455 3895//4454
f 3897//4458 3747//4459 3748//4457 3896//4456
f 3898//4460 3746//4461 3747//4459 3897//4458
f 3899//4462 3745//4463 3746//4461 3898//4460
f 3900//4464 3744//4465 3745//4463 3899//4462
f 3901//4466 3743//4467 3744//4465 3900//4464
f 3743//4467 3901//4466 3902//4468 3742//4469
f 3903//4470 3741//4471 3742//4469 3902//4468
f 3904//4472 3740//4473 3741//4471 3903//4470
f 3740//4473 3904//4472 3905//4391 3739//4390
f 2567//3181 2553//3182 3652//4474 3909//4475
f 2555//3179 2567//3181 3909//4475 3739//4390
f 2564//3175 2565//3032 3905//4391 4040//4476
f 2557//3177 2564//3175 4040//4476 3821//4477
f 2563//3172 2557//3174 3821//4477 3917//4478
f 2559//3160 2563//3172 3917//4478 3822//4479
f 2562//3167 2559//3160 3822//4480 3920//4481
f 2561//3165 2562//3167 3920//4481 3738//4482
f 2561//3165 3738//4482 4041//4483 3648//4484
f 3822//4479 2559//3160 3648//4484 4041//4483
f 2559//3160 3822//4485 4042//4486 3649//4487
f 3821//4477 2557//3177 3649//4487 4042//4486
f 2557//3177 3821//4477 4043//4488 3650//4489
f 3739//4490 2555//3145 3650//4489 4043//4488
f 2555//3145 3739//4491 3954//4492 3651//4493
f 3652//4494 2553//4495 3651//4493 3954//4492
f 3694//4496 1205//1539 3693//4497 4029//4498
f 1940//2196 3694//4496 4029//4498 3780//4499
f 4029//4498 3693//4497 3692//4500 4044//4501
f 4044//4501 3692//4500 3691//4502 4045//4503
f 4045//4503 3691//4502 3690//4504 4014//4505
f 4014//4505 3690//4504 3689//4506 4046//4507
f 3695//4508 1940//2352 3780//4509 4047//4510
f 1942//2331 3695//4508 4047//4510 3781//4511
f 3696//4512 1942//2331 3781//4513 4018//4514
f 1944//2336 3696//4512 4018//4514 3862//4515
f 3697//4516 1944//4517 3862//4518 3907//4519
f 3698//4520 1946//2342 3697//4516 3907//4519
f 1946//2342 3698//4520 4017//4521 1947//2344
f 3862//4522 1944//2346 1947//2344 4017//4521
f 1944//2346 3862//4522 3906//4523 1948//2347
f 3781//4524 1942//2331 1948//2347 3906//4523
f 1942//2349 3781//4525 4048//4526 1949//2350
f 3863//4392 1950//2195 1949//2350 4048//4526
f 1940//2352 3780//4509 4049//4527 1951//2353
f 3693//4528 1205//1539 1951//2353 4049//4527
f 3670//4529 3887//4530 4021//4531 3669//4532
f 3887//4530 3757//4533 3756//4534 4021//4531
f 3758//4535 3757//4533 3887//4530 3670//4529
f 3909//4475 3652//4474 3653//4536 3908//4537
f 3908//4537 3653//4536 3654//4538 3910//4539
f 3738//4482 3737//4540 4050//4541 4041//4483
f 3737//4540 3736//4542 4051//4543 4050//4541
f 3736//4542 3735//4544 4052//4545 4051//4543
f 3735//4544 3734//4546 3948//4547 4052//4545
f 3734//4546 3733//4548 4022//4549 3948//4547
f 3733//4548 3732//4550 3949//4551 4022//4549
f 3732//4550 3731//4552 4053//4553 3949//4551
f 3731//4552 3730//4554 4054//4555 4053//4553
f 3730//4554 3729//4556 4055//4557 4054//4555
f 3729//4556 3728//4558 4056//4559 4055//4557
f 3728//4558 3727//4560 4057//4561 4056//4559
f 3727//4560 3726//4562 4058//4563 4057//4561
f 3726//4562 3725//4564 4059//4565 4058//4563
f 3725//4564 3724//4566 4060//4567 4059//4565
f 3724//4566 3723//4568 4061//4569 4060//4567
f 3723//4568 3722//4570 4062//4571 4061//4569
f 3722//4570 3721//4572 3968//4573 4062//4571
f 3721//4572 3720//4574 3967//4575 3968//4573
f 3720//4574 3719//4576 3969//4577 3967//4575
f 3719//4576 3718//4578 3970//4579 3969//4577
f 3718//4578 3717//4580 3991//4581 3970//4579
f 3717//4580 3716//4582 3992//4583 3991//4581
f 3716//4582 3715//4584 4063//4585 3992//4583
f 3715//4584 3714//4586 3993//4587 4063//4585
f 3714//4586 3713//4588 4007//4589 3993//4587
f 3713//4588 3712//4590 4003//4591 4007//4589
f 3712//4590 3711//4592 4004//4593 4003//4591
f 3711//4592 3710//4594 4005//4595 4004//4593
f 3710//4594 3709//4596 4025//4597 4005//4595
f 3709//4596 3708//4598 4064//4599 4025//4597
f 3708//4598 3707//4600 4065//4601 4064//4599
f 3707//4600 3706//4602 4026//4603 4065//4601
f 3706//4602 3705//4604 4066//4605 4026//4603
f 4066//4605 3705//4604 3704//4606 4067//4607
f 4067//4607 3704//4606 3703//4608 4028//4609
f 4028//4609 3703//4608 3702//4610 4068//4611
f 4068//4611 3702//4610 3701//4612 4034//4613
f 4034//4613 3701//4612 3700//4614 4069//4615
f 4069//4615 3700//4614 3699//4616 4070//4617
f 3699//4616 3698//4520 3907//4519 4070//4617
f 3698//4520 3699//4616 3990//4618 4017//4521
f 3699//4616 3700//4614 4039//4619 3990//4618
f 4039//4619 3700//4614 3701//4612 4037//4620
f 4037//4620 3701//4612 3702//4610 4038//4621
f 4038//4621 3702//4610 3703//4608 4071//4622
f 4071//4622 3703//4608 3704//4606 4072//4623
f 4072//4623 3704//4606 3705//4604 4027//4624
f 4027//4624 3705//4604 3706//4602 4073//4625
f 4073//4625 3706//4602 3707//4600 4031//4626
f 4031//4626 3707//4600 3708//4598 4074//4627
f 4074//4627 3708//4598 3709//4596 4075//4628
f 4047//4510 3780//4509 3779//4629 4015//4630
f 4015//4630 3779//4629 3778//4631 4036//4632
f 3778//4631 3777//4399 4076//4633 4036//4632
f 3777//4399 3776//4634 4077//4635 4076//4633
f 3776//4634 3775//4636 4013//4637 4077//4635
f 3775//4636 3774//4638 4078//4639 4013//4637
f 3774//4638 3773//4640 4012//4641 4078//4639
f 3773//4640 3772//4642 4002//4643 4012//4641
f 3772//4642 3771//4644 4001//4645 4002//4643
f 3771//4644 3770//4646 4079//4647 4001//4645
f 3770//4646 3769//4648 4000//4649 4079//4647
f 3769//4648 3768//4650 3999//4651 4000//4649
f 3768//4650 3767//4419 3998//4652 3999//4651
f 3767//4419 3766//4421 3997//4653 3998//4652
f 3766//4421 3765//4654 3995//4655 3997//4653
f 3765//4654 3764//4656 3994//4657 3995//4655
f 3764//4656 3763//4658 3996//4659 3994//4657
f 3763//4658 3762//4429 4080//4660 3996//4659
f 3762//4429 3761//4661 4081//4662 4080//4660
f 4081//4662 3761//4661 3760//4433 4082//4663
f 4082//4663 3760//4433 3759//4664 4083//4665
f 4083//4665 3759//4664 3758//4535 4084//4666
f 4084//4666 3758//4535 3757//4439 4085//4667
f 4085//4667 3757//4439 3756//4668 4086//4669
f 3756//4668 3755//4670 4087//4671 4086//4669
f 3755//4670 3754//4445 4088//4672 4087//4671
f 3754//4445 3753//4673 3960//4674 4088//4672
f 3753//4673 3752//4675 4089//4676 3960//4674
f 3752//4675 3751//4677 3959//4678 4089//4676
f 3751//4677 3750//4679 3958//4680 3959//4678
f 3750//4679 3749//4681 3955//4682 3958//4680
f 3749//4681 3748//4457 4090//4683 3955//4682
f 3748//4457 3747//4684 4091//4685 4090//4683
f 3747//4684 3746//4686 4092//4687 4091//4685
f 3746//4686 3745//4463 4093//4688 4092//4687
f 3745//4463 3744//4689 3951//4690 4093//4688
f 3744//4689 3743//4467 3945//4691 3951//4690
f 3743//4467 3742//4469 3944//4692 3945//4691
f 3742//4469 3741//4471 3946//4693 3944//4692
f 3741//4471 3740//4473 3947//4694 3946//4693
f 3740//4473 3739//4490 4043//4488 3947//4694
f 3739//4491 3740//4473 4094//4695 3954//4492
f 3821//4477 3820//4696 3947//4694 4043//4488
f 3820//4696 3819//4697 3946//4693 3947//4694
f 3819//4697 3818//4698 3944//4692 3946//4693
f 3818//4698 3817//4699 3945//4691 3944//4692
f 3817//4699 3816//4700 3951//4690 3945//4691
f 3816//4700 3815//4701 4093//4688 3951//4690
f 3815//4701 3814//4702 4092//4687 4093//4688
f 3814//4702 3813//4703 4091//4685 4092//4687
f 3813//4703 3812//4704 4090//4683 4091//4685
f 3812//4704 3811//4705 3955//4682 4090//4683
f 3811//4705 3810//4706 3958//4680 3955//4682
f 3810//4706 3809//4707 3959//4678 3958//4680
f 3809//4707 3808//4708 4089//4676 3959//4678
f 3808//4708 3807//4709 3960//4674 4089//4676
f 3960//4674 3807//4709 3806//4710 4088//4672
f 4088//4672 3806//4710 3805//4711 3961//4712
f 3961//4712 3805//4711 3804//4713 3962//4714
f 3962//4714 3804//4713 3803//4715 3963//4716
f 3963//4716 3803//4715 3802//4717 3964//4718
f 3964//4718 3802//4717 3801//4719 3965//4720
f 3801//4719 3800//4721 3966//4722 3965//4720
f 3800//4721 3799//4723 4081//4662 3966//4722
f 3799//4723 3798//4724 4080//4660 4081//4662
f 3798//4724 3797//4725 3996//4659 4080//4660
f 3797//4725 3796//4726 3994//4657 3996//4659
f 3796//4726 3795//4727 3995//4655 3994//4657
f 3795//4727 3794//4728 3997//4653 3995//4655
f 3794//4728 3793//4729 3998//4652 3997//4653
f 3793//4729 3792//4730 3999//4651 3998//4652
f 3792//4730 3791//4731 4000//4649 3999//4651
f 3791//4731 3790//4732 4079//4647 4000//4649
f 3790//4732 3789//4733 4001//4645 4079//4647
f 3789//4733 3788//4734 4002//4643 4001//4645
f 3788//4734 3787//4735 4012//4641 4002//4643
f 3787//4735 3786//4736 4078//4639 4012//4641
f 3786//4736 3785//4737 4013//4637 4078//4639
f 3784//4738 4076//4633 4077//4635
f 3907//4519 3862//4518 3861//4739 4070//4617
f 4070//4617 3861//4739 3860//4740 4010//4741
f 4010//4741 3860//4740 3859//4742 4095//4743
f 4095//4743 3859//4742 3858//4744 4068//4611
f 3858//4744 3857//4745 4028//4609 4068//4611
f 3857//4745 3856//4746 4067//4607 4028//4609
f 3856//4746 3855//4747 4066//4605 4067//4607
f 3855//4747 3854//4748 4026//4603 4066//4605
f 3854//4748 3853//4749 4065//4601 4026//4603
f 3853//4749 3852//4750 4064//4599 4065//4601
f 3852//4750 3851//4751 4025//4597 4064//4599
f 3851//4751 3850//4752 4005//4595 4025//4597
f 3850//4752 3849//4753 4004//4593 4005//4595
f 3849//4753 3848//4754 4003//4591 4004//4593
f 3848//4754 3847//4755 4007//4589 4003//4591
f 3847//4755 3846//4756 3993//4587 4007//4589
f 3846//4756 3845//4757 4063//4585 3993//4587
f 3845//4757 3844//4758 3992//4583 4063//4585
f 3844//4758 3843//4759 3991//4581 3992//4583
f 3843//4759 3842//4760 3970//4579 3991//4581
f 3842//4760 3841//4761 3969//4577 3970//4579
f 3841//4761 3840//4762 3967//4575 3969//4577
f 3840//4762 3839//4763 3968//4573 3967//4575
f 3839//4763 3838//4764 4062//4571 3968//4573
f 3838//4764 3837//4765 4061//4569 4062//4571
f 3837//4765 3836//4766 4060//4567 4061//4569
f 3836//4766 3835//4767 4059//4565 4060//4567
f 3835//4767 3834//4768 4058//4563 4059//4565
f 3834//4768 3833//4769 4057//4561 4058//4563
f 3833//4769 3832//4770 4056//4559 4057//4561
f 3832//4770 3831//4771 4055//4557 4056//4559
f 3831//4771 3830//4772 4054//4555 4055//4557
f 3830//4772 3829//4773 4053//4553 4054//4555
f 3829//4773 3828//4774 3949//4551 4053//4553
f 3828//4774 3827//4775 4022//4549 3949//4551
f 3827//4775 3826//4776 3948//4547 4022//4549
f 3826//4776 3825//4777 4052//4545 3948//4547
f 3825//4777 3824//4778 4051//4543 4052//4545
f 3824//4778 3823//4779 4050//4541 4051//4543
f 3823//4779 3822//4479 4041//4483 4050//4541
f 3822//4485 3823//4780 4096//4781 4042//4486
f 3823//4780 3824//4782 4097//4783 4096//4781
f 3824//4782 3825//4777 4098//4784 4097//4783
f 3825//4777 3826//4785 3950//4786 4098//4784
f 3826//4785 3827//4775 4099//4787 3950//4786
f 3827//4775 3828//4788 4100//4789 4099//4787
f 3828//4788 3829//4790 4101//4791 4100//4789
f 3829//4790 3830//4772 4102//4792 4101//4791
f 3830//4772 3831//4793 4103//4794 4102//4792
f 3831//4793 3832//4770 4104//4795 4103//4794
f 3920//4481 3822//4480 3823//4780 3919//4796
f 3919//4796 3823//4780 3824//4797 3918//4798
f 3918//4798 3824//4797 3825//4799 3925//4800
f 3925//4800 3825//4799 3826//4776 4105//4801
f 4105//4801 3826//4776 3827//4802 4106//4803
f 4106//4803 3827//4802 3828//4788 4107//4804
f 4107//4804 3828//4788 3829//4790 4108//4805
f 4108//4805 3829//4790 3830//4806 4109//4807
f 4109//4807 3830//4806 3831//4808 4110//4809
f 4110//4809 3831//4808 3832//4770 4111//4810
f 4111//4810 3832//4770 3833//4769 4112//4811
f 4112//4811 3833//4769 3834//4812 4113//4813
f 4113//4813 3834//4812 3835//4814 4114//4815
f 4114//4815 3835//4814 3836//4816 4115//4817
f 4115//4817 3836//4816 3837//4818 4116//4819
f 4116//4819 3837//4818 3838//4820 4117//4821
f 4117//4821 3838//4820 3839//4822 4118//4823
f 4118//4823 3839//4822 3840//4824 4119//4825
f 4119//4825 3840//4824 3841//4826 4120//4827
f 4120//4827 3841//4826 3842//4828 4121//4829
f 4121//4829 3842//4828 3843//4759 4122//4830
f 3843//4759 3844//4831 4123//4832 4122//4830
f 3844//4831 3845//4833 4124//4834 4123//4832
f 3845//4833 3846//4835 3981//4836 4124//4834
f 3846//4835 3847//4837 3979//4838 3981//4836
f 3847//4837 3848//4754 4125//4839 3979//4838
f 4125//4839 3848//4754 3849//4840 4126//4841
f 4126//4841 3849//4840 3850//4752 4127//4842
f 4127//4842 3850//4752 3851//4843 4075//4628
f 4075//4628 3851//4843 3852//4844 4074//4627
f 4074//4627 3852//4844 3853//4845 4031//4626
f 4031//4626 3853//4845 3854//4748 4073//4625
f 4073//4625 3854//4748 3855//4846 4027//4624
f 4027//4624 3855//4846 3856//4746 4072//4623
f 4072//4623 3856//4746 3857//4847 4071//4622
f 4071//4622 3857//4847 3858//4848 4038//4621
f 4038//4621 3858//4848 3859//4742 4037//4620
f 4037//4620 3859//4742 3860//4740 4039//4619
f 3860//4740 3861//4849 3990//4618 4039//4619
f 3861//4849 3862//4522 4017//4521 3990//4618
f 3862//4522 3861//4850 4016//4851 3906//4523
f 3861//4850 3860//4740 3989//4852 4016//4851
f 3989//4852 3860//4740 3859//4853 3988//4854
f 3988//4854 3859//4853 3858//4744 4128//4855
f 4128//4855 3858//4744 3857//4847 4129//4856
f 4129//4856 3857//4847 3856//4857 4130//4858
f 4130//4858 3856//4857 3855//4747 4131//4859
f 4131//4859 3855//4747 3854//4860 4024//4861
f 4024//4861 3854//4860 3853//4862 3987//4863
f 3987//4863 3853//4862 3852//4750 3985//4864
f 3985//4864 3852//4750 3851//4865 4030//4866
f 4030//4866 3851//4865 3850//4752 4132//4867
f 4132//4867 3850//4752 3849//4868 4023//4869
f 4023//4869 3849//4868 3848//4754 3982//4870
f 3982//4870 3848//4754 3847//4871 4133//4872
f 4133//4872 3847//4871 3846//4873 4134//4874
f 4134//4874 3846//4873 3845//4875 3977//4876
f 3977//4876 3845//4875 3844//4877 4135//4878
f 4135//4878 3844//4877 3843//4879 3975//4880
f 3975//4880 3843//4879 3842//4760 3976//4881
f 3976//4881 3842//4760 3841//4761 4136//4882
f 4136//4882 3841//4761 3840//4762 4137//4883
f 4137//4883 3840//4762 3839//4884 3942//4885
f 3942//4885 3839//4884 3838//4820 3941//4886
f 3941//4886 3838//4820 3837//4887 3943//4888
f 3943//4888 3837//4887 3836//4889 3935//4890
f 3935//4890 3836//4889 3835//4767 3934//4891
f 3934//4891 3835//4767 3834//4892 4138//4893
f 4138//4893 3834//4892 3833//4769 3937//4894
f 3937//4894 3833//4769 3832//4770 3932//4895
f 3932//4895 3832//4770 3831//4896 3933//4897
f 3933//4897 3831//4896 3830//4898 3923//4899
f 3923//4899 3830//4898 3829//4790 3922//4900
f 3922//4900 3829//4790 3828//4901 3924//4902
f 3924//4902 3828//4901 3827//4802 4139//4903
f 4139//4903 3827//4802 3826//4776 4140//4904
f 4140//4904 3826//4776 3825//4905 3921//4906
f 3921//4906 3825//4905 3824//4782 3916//4907
f 3916//4907 3824//4782 3823//4780 3915//4908
f 3915//4908 3823//4780 3822//4479 3917//4478
f 3781//4525 3782//4909 4141//4910 4048//4526
f 3782//4909 3783//4911 4142//4912 4141//4910
f 3783//4911 3784//4913 4143//4914 4142//4912
f 4143//4914 3784//4913 3785//4915 4144//4916
f 3780//4509 3779//4917 4145//4918 4049//4527
f 3779//4917 3778//4919 4146//4920 4145//4918
f 3778//4919 3777//4399 4147//4921 4146//4920
f 3777//4399 3776//4634 4148//4922 4147//4921
f 4021//4531 3756//4534 3755//4443 4149//4923
f 4040//4476 3905//4391 3904//4472 4150//4924
f 4150//4924 3904//4472 3903//4470 4151//4925
f 3653//4926 3652//4494 3954//4492 4094//4695
f 3654//4927 3653//4926 4094//4695 3952//4928
f 3655//4929 3654//4927 3952//4928 4152//4930
f 3656//4931 3655//4929 4152//4930 4153//4932
f 3657//4933 3656//4931 4153//4932 3953//4934
f 3658//4935 3657//4933 3953//4934 4154//4936
f 3659//4937 3658//4935 4154//4936 4155//4938
f 3660//4939 3659//4937 4155//4938 3957//4940
f 3661//4941 3660//4939 3957//4940 3956//4942
f 3662//4943 3661//4941 3956//4942 3971//4944
f 3663//4945 3662//4943 3971//4944 4156//4946
f 3664//4947 3663//4945 4156//4946 4157//4948
f 3665//4949 3664//4947 4157//4948 4158//4950
f 3666//4951 3665//4949 4158//4950 4159//4952
f 3667//4953 3666//4951 4159//4952 4160//4954
f 3668//4955 3667//4953 4160//4954 4161//4956
f 3669//4957 3668//4955 4161//4956 4162//4958
f 4163//4959 3670//4960 3669//4957 4162//4958
f 4164//4961 3671//4962 3670//4960 4163//4959
f 4165//4963 3672//4964 3671//4962 4164//4961
f 4166//4965 3673//4966 3672//4964 4165//4963
f 4167//4967 3674//4968 3673//4966 4166//4965
f 4168//4969 3675//4970 3674//4968 4167//4967
f 4169//4971 3676//4972 3675//4970 4168//4969
f 4170//4973 3677//4974 3676//4972 4169//4971
f 4171//4975 3678//4976 3677//4974 4170//4973
f 4172//4977 3679//4978 3678//4976 4171//4975
f 4173//4979 3680//4980 3679//4978 4172//4977
f 4174//4981 3681//4982 3680//4980 4173//4979
f 4175//4983 3682//4984 3681//4982 4174//4981
f 4176//4985 3683//4986 3682//4984 4175//4983
f 4177//4987 3684//4988 3683//4986 4176//4985
f 4178//4989 3685//4990 3684//4988 4177//4987
f 4179//4991 3686//4992 3685//4990 4178//4989
f 3692//4500 3693//4528 4049//4527 4145//4918
f 3691//4502 3692//4500 4145//4918 4146//4920
f 3690//4993 3691//4502 4146//4920 4147//4921
f 3689//4994 3690//4993 4147//4921 4148//4922
f 3688//4995 3689//4994 4148//4922 4181//4996
f 4149//4923 3668//4955 3669//4532 4021//4531
f 4182//4997 3667//4953 3668//4955 4149//4923
f 4183//4998 3666//4999 3667//4953 4182//4997
f 3930//5000 3665//5001 3666//4999 4183//4998
f 3929//5002 3664//5003 3665//5001 3930//5000
f 3928//5004 3663//5005 3664//5003 3929//5002
f 3927//5006 3662//5007 3663//5005 3928//5004
f 4020//5008 3661//5009 3662//5007 3927//5006
f 3919//4796 3737//4540 3738//4482 3920//4481
f 3918//4798 3736//4542 3737//4540 3919//4796
f 3925//4800 3735//4544 3736//4542 3918//4798
f 4105//4801 3734//4546 3735//4544 3925//4800
f 4106//4803 3733//4548 3734//4546 4105//4801
f 4107//4804 3732//4550 3733//4548 4106//4803
f 4108//4805 3731//4552 3732//4550 4107//4804
f 4109//4807 3730//4554 3731//4552 4108//4805
f 4110//4809 3729//4556 3730//4554 4109//4807
f 4111//4810 3728//4558 3729//4556 4110//4809
f 4112//4811 3727//4560 3728//4558 4111//4810
f 4113//4813 3726//4562 3727//4560 4112//4811
f 4114//4815 3725//4564 3726//4562 4113//4813
f 4115//4817 3724//4566 3725//4564 4114//4815
f 4116//4819 3723//4568 3724//4566 4115//4817
f 4117//4821 3722//4570 3723//4568 4116//4819
f 4118//4823 3721//4572 3722//4570 4117//4821
f 4119//4825 3720//4574 3721//4572 4118//4823
f 4120//4827 3719//4576 3720//4574 4119//4825
f 3718//4578 3719//4576 4120//4827 4121//4829
f 3717//4580 3718//4578 4121//4829 4122//4830
f 3716//4582 3717//4580 4122//4830 3980//5010
f 3715//4584 3716//4582 3980//5010 3978//5011
f 3714//4586 3715//4584 3978//5011 3981//4836
f 3979//4838 3713//4588 3714//4586 3981//4836
f 4125//4839 3712//4590 3713//4588 3979//4838
f 4126//4841 3711//4592 3712//4590 4125//4839
f 4127//4842 3710//4594 3711//4592 4126//4841
f 4044//4501 3779//4629 3780//4499 4029//4498
f 4045//4503 3778//4631 3779//4629 4044//4501
f 4014//4505 3777//5012 3778//4631 4045//4503
f 4046//4507 3776//4634 3777//5012 4014//4505
f 4184//5013 3775//5014 3776//4634 4046//4507
f 4180//5015 3774//5016 3775//5014 4184//5013
f 4015//4630 3782//5017 3781//4511 4047//4510
f 4018//4514 3781//4513 3782//5017 4011//5018
f 4036//4632 3783//5019 3782//5017 4015//4630
f 4011//5018 3782//5017 3783//5020 4185//5021
f 4076//4633 3784//4738 3783//5019 4036//4632
f 3783//5020 3784//4913 4035//5022 4185//5021
f 3820//5023 3821//4477 4042//4486 4096//4781
f 3819//4697 3820//5023 4096//4781 4097//4783
f 3818//5024 3819//4697 4097//4783 4098//4784
f 3817//5025 3818//5024 4098//4784 3950//4786
f 3816//4700 3817//5025 3950//4786 4099//4787
f 3815//5026 3816//4700 4099//4787 4100//4789
f 3814//5027 3815//5026 4100//4789 4101//4791
f 3813//5028 3814//5027 4101//4791 4102//4792
f 3812//4704 3813//5028 4102//4792 4103//4794
f 3811//5029 3812//4704 4103//4794 4104//4795
f 3810//5030 3811//5029 4104//4795 4186//5031
f 3809//5032 3810//5030 4186//5031 4187//5033
f 3808//5034 3809//5032 4187//5033 4188//5035
f 3807//5036 3808//5034 4188//5035 4189//5037
f 3806//5038 3807//5036 4189//5037 4190//5039
f 3805//5040 3806//5038 4190//5039 4191//5041
f 3804//4713 3805//5040 4191//5041 4192//5042
f 3803//4715 3804//4713 4192//5042 4193//5043
f 3802//5044 3803//4715 4193//5043 4194//5045
f 3801//5046 3802//5044 4194//5045 4195//5047
f 3800//5048 3801//5046 4195//5047 4196//5049
f 3799//5050 3800//5048 4196//5049 4197//5051
f 3798//5052 3799//5050 4197//5051 4198//5053
f 3797//4725 3798//5052 4198//5053 4199//5054
f 3796//5055 3797//4725 4199//5054 4200//5056
f 3795//4727 3796//5055 4200//5056 4201//5057
f 3794//5058 3795//4727 4201//5057 4202//5059
f 3793//5060 3794//5058 4202//5059 4203//5061
f 3792//4730 3793//5060 4203//5061 4204//5062
f 3791//5063 3792//4730 4204//5062 4006//5064
f 3790//4732 3791//5063 4006//5064 4032//5065
f 3789//4733 3790//4732 4032//5065 4008//5066
f 3788//5067 3789//4733 4008//5066 4205//5068
f 3787//5069 3788//5067 4205//5068 4206//5070
f 3786//4736 3787//5069 4206//5070 4009//5071
f 3785//5072 3786//4736 4009//5071 4033//5073
f 4011//5018 3861//4739 3862//4515 4018//4514
f 4185//5021 3860//5074 3861//4739 4011//5018
f 3859//4742 3860//5074 4185//5021 4035//5022
f 3858//5075 3859//4742 4035//5022 4033//5073
f 3857//4745 3858//5075 4033//5073 4009//5071
f 3856//4857 3857//4745 4009//5071 4206//5070
f 3855//4747 3856//4857 4206//5070 4205//5068
f 3854//5076 3855//4747 4205//5068 4008//5066
f 3853//5077 3854//5076 4008//5066 4032//5065
f 3852//4750 3853//5077 4032//5065 4006//5064
f 3851//4751 3852//4750 4006//5064 4204//5062
f 3850//4752 3851//4751 4204//5062 4203//5061
f 3849//4753 3850//4752 4203//5061 4202//5059
f 3848//4754 3849//4753 4202//5059 4201//5057
f 3847//5078 3848//4754 4201//5057 4200//5056
f 3846//4835 3847//5078 4200//5056 4199//5054
f 3845//5079 3846//4835 4199//5054 4198//5053
f 3844//4877 3845//5079 4198//5053 4197//5051
f 3843//4759 3844//4877 4197//5051 4196//5049
f 3842//5080 3843//4759 4196//5049 4195//5047
f 3841//4761 3842//5080 4195//5047 4194//5045
f 3840//5081 3841//4761 4194//5045 4193//5043
f 3839//4884 3840//5081 4193//5043 4192//5042
f 3838//4820 3839//4884 4192//5042 4191//5041
f 3837//4765 3838//4820 4191//5041 4190//5039
f 3836//5082 3837//4765 4190//5039 4189//5037
f 3835//5083 3836//5082 4189//5037 4188//5035
f 3834//5084 3835//5083 4188//5035 4187//5033
f 3833//5085 3834//5084 4187//5033 4186//5031
f 4150//4924 3820//5023 3821//4477 4040//4476
f 3917//4478 3821//4477 3820//5086 3915//4908
f 4151//4925 3819//5087 3820//5023 4150//4924
f 3915//4908 3820//5086 3819//5088 3916//4907
f 4207//5089 3818//5090 3819//5087 4151//4925
f 3916//4907 3819//5088 3818//5091 3921//4906
f 4208//5092 3817//5025 3818//5090 4207//5089
f 3921//4906 3818//5091 3817//5093 4140//4904
f 4209//5094 3816//5095 3817//5025 4208//5092
f 4140//4904 3817//5093 3816//5096 4139//4903
f 4210//5097 3815//5026 3816//5095 4209//5094
f 4139//4903 3816//5096 3815//4701 3924//4902
f 4211//5098 3814//5099 3815//5026 4210//5097
f 3924//4902 3815//4701 3814//5100 3922//4900
f 4212//5101 3813//5102 3814//5099 4211//5098
f 3922//4900 3814//5100 3813//5028 3923//4899
f 4213//5103 3812//4704 3813//5102 4212//5101
f 3923//4899 3813//5028 3812//4704 3933//4897
f 4214//5104 3811//5029 3812//4704 4213//5103
f 3933//4897 3812//4704 3811//5105 3932//4895
f 4215//5106 3810//5107 3811//5029 4214//5104
f 3932//4895 3811//5105 3810//5030 3937//4894
f 4216//5108 3809//4707 3810//5107 4215//5106
f 3937//4894 3810//5030 3809//4707 4138//4893
f 3931//5109 3808//5110 3809//4707 4216//5108
f 4138//4893 3809//4707 3808//5110 3934//4891
f 4217//5111 3807//4709 3808//5110 3931//5109
f 3934//4891 3808//5110 3807//4709 3935//4890
f 3936//5112 3806//5113 3807//4709 4217//5111
f 3935//4890 3807//4709 3806//5038 3943//4888
f 4218//5114 3805//5115 3806//5113 3936//5112
f 3943//4888 3806//5038 3805//5040 3941//4886
f 3938//5116 3804//4713 3805//5115 4218//5114
f 3941//4886 3805//5040 3804//5117 3942//4885
f 3939//5118 3803//4715 3804//4713 3938//5116
f 3942//4885 3804//5117 3803//4715 4137//4883
f 3940//5119 3802//5044 3803//4715 3939//5118
f 4137//4883 3803//4715 3802//5120 4136//4882
f 4219//5121 3801//4719 3802//5044 3940//5119
f 4136//4882 3802//5120 3801//5122 3976//4881
f 3972//5123 3800//5048 3801//4719 4219//5121
f 3976//4881 3801//5122 3800//5048 3975//4880
f 4220//5124 3799//5125 3800//5048 3972//5123
f 3975//4880 3800//5048 3799//4723 4135//4878
f 3973//5126 3798//4724 3799//5125 4220//5124
f 4135//4878 3799//4723 3798//5127 3977//4876
f 4221//5128 3797//5129 3798//4724 3973//5126
f 3977//4876 3798//5127 3797//5130 4134//4874
f 3974//5131 3796//5132 3797//5129 4221//5128
f 4134//4874 3797//5130 3796//5055 4133//4872
f 4222//5133 3795//5134 3796//5132 3974//5131
f 4133//4872 3796//5055 3795//4727 3982//4870
f 3983//5135 3794//5136 3795//5134 4222//5133
f 3982//4870 3795//4727 3794//4728 4023//4869
f 4223//5137 3793//4729 3794//5136 3983//5135
f 4023//4869 3794//4728 3793//4729 4132//4867
f 3984//5138 3792//4730 3793//4729 4223//5137
f 4132//4867 3793//4729 3792//4730 4030//4866
f 4224//5139 3791//5140 3792//4730 3984//5138
f 4030//4866 3792//4730 3791//5063 3985//4864
f 4225//5141 3790//4732 3791//5140 4224//5139
f 3985//4864 3791//5063 3790//4732 3987//4863
f 3986//5142 3789//4733 3790//4732 4225//5141
f 3987//4863 3790//4732 3789//5143 4024//4861
f 4226//5144 3788//4734 3789//4733 3986//5142
f 4024//4861 3789//5143 3788//5067 4131//4859
f 4227//5145 3787//5146 3788//4734 4226//5144
f 4131//4859 3788//5067 3787//5069 4130//4858
f 4144//4916 4228//5147 4229//5148
f 4228//5147 3786//5149 3787//5146 4227//5145
f 4130//4858 3787//5069 3786//5150 4129//4856
f 3782//5151 3781//4524 3906//4523 4016//4851
f 3783//4911 3782//5151 4016//4851 3989//4852
f 3784//4738 3783//4911 3989//4852 3988//4854
f 3785//5072 3784//4738 3988//4854 4128//4855
f 3908//4537 3740//4473 3739//4390 3909//4475
f 3910//4539 3741//4471 3740//4473 3908//4537
f 3911//5152 3742//5153 3741//4471 3910//4539
f 4019//5154 3743//5155 3742//5153 3911//5152
f 3864//4394 3863//4392 4048//4526 4141//4910
f 3865//4396 3864//4394 4141//4910 4142//4912
f 3866//4398 3865//4396 4142//4912 4143//4914
f 3867//4400 3866//4398 4143//4914 4144//4916
f 4229//5148 3868//4402 3867//4400 4144//4916
f 4228//5147 3869//4404 3868//4402 4229//5148
f 4227//5145 3870//4406 3869//4404 4228//5147
f 4226//5144 3871//4408 3870//4406 4227//5145
f 3986//5142 3872//4410 3871//4408 4226//5144
f 4225//5141 3873//4412 3872//4410 3986//5142
f 4224//5139 3874//4414 3873//4412 4225//5141
f 3984//5138 3875//4416 3874//4414 4224//5139
f 4223//5137 3876//4418 3875//4416 3984//5138
f 3983//5135 3877//4420 3876//4418 4223//5137
f 4222//5133 3878//4422 3877//4420 3983//5135
f 3974//5131 3879//4424 3878//4422 4222//5133
f 4221//5128 3880//4426 3879//4424 3974//5131
f 3973//5126 3881//4428 3880//4426 4221//5128
f 4220//5124 3882//4430 3881//4428 3973//5126
f 3972//5123 3883//4432 3882//4430 4220//5124
f 4219//5121 3884//4434 3883//4432 3972//5123
f 3940//5119 3885//4436 3884//4434 4219//5121
f 3939//5118 3886//4438 3885//4436 3940//5119
f 3938//5116 3888//4440 3886//4438 3939//5118
f 4218//5114 3889//4442 3888//4440 3938//5116
f 3936//5112 3890//4444 3889//4442 4218//5114
f 4217//5111 3891//4446 3890//4444 3936//5112
f 3931//5109 3892//4448 3891//4446 4217//5111
f 4216//5108 3893//4450 3892//4448 3931//5109
f 4215//5106 3894//4452 3893//4450 4216//5108
f 4214//5104 3895//4454 3894//4452 4215//5106
f 4213//5103 3896//4456 3895//4454 4214//5104
f 4212//5101 3897//4458 3896//4456 4213//5103
f 4211//5098 3898//4460 3897//4458 4212//5101
f 4210//5097 3899//4462 3898//4460 4211//5098
f 4209//5094 3900//4464 3899//4462 4210//5097
f 4208//5092 3901//4466 3900//4464 4209//5094
f 4207//5089 3902//4468 3901//4466 4208//5092
f 3686//5156 3687//5157 4230//5158 4246//5159
f 4231//5160 3684//5161 3685//5162 4232//5163
f 3682//5164 3683//5165 4233//5166 3769//4648
f 3769//4648 3768//4417 4234//5167 3682//5164
f 3681//4982 3682//5164 4234//5167 4235//5168
f 3683//5165 4236//5169 4233//5166
f 3770//5170 3769//4648 4233//5166 4236//5169
f 3771//4644 3770//5170 4236//5169 4231//5160
f 3772//4642 3771//4644 4231//5160 4232//5163
f 3679//5171 3680//5172 4237//5173 3766//5174
f 3766//5174 3765//5175 4238//5176 3679//5171
f 3678//5177 3679//5171 4238//5176 4239//5178
f 3767//5179 3766//5174 4237//5173 4235//5168
f 3676//5180 3677//5181 4240//5182 3763//4658
f 3763//4658 3762//5183 4241//5184 3676//5180
f 3675//4970 3676//5180 4241//5184 4242//5185
f 3764//4656 3763//4658 4240//5182 4239//5178
f 3673//5186 3674//5187 4243//5188 3760//5189
f 3672//5190 4245//5191 3671//5192
f 3760//5189 3759//5193 4244//5194 3673//5186
f 3672//5190 3673//5186 4244//5194 4245//5191
f 3761//4661 3760//5189 4243//5188 4242//5185
f 3914//5195 3659//5196 3660//4939 3926//5197
f 3913//5198 3658//5199 3659//5196 3914//5195
f 3912//5200 3657//5201 3658//5199 3913//5198
f 4019//5154 3656//5202 3657//5201 3912//5200
f 3911//5152 3655//4929 3656//5202 4019//5154
f 3741//5203 3742//5204 4152//4930 3952//4928
f 3742//5204 3743//4467 4153//4932 4152//4930
f 3743//4467 3744//5205 3953//4934 4153//4932
f 3744//5205 3745//4463 4154//4936 3953//4934
f 3745//4463 3746//5206 4155//4938 4154//4936
f 3746//5206 3747//4459 3957//4940 4155//4938
f 3747//4459 3748//4457 3956//4942 3957//4940
f 3748//4457 3749//5207 3971//4944 3956//4942
f 3749//5207 3750//5208 4156//4946 3971//4944
f 3750//5208 3751//5209 4157//4948 4156//4946
f 3751//5209 3752//5210 4158//4950 4157//4948
f 3752//5210 3753//5211 4159//4952 4158//4950
f 3753//5211 3754//5212 4160//4954 4159//4952
f 3754//5212 3755//4443 4161//4956 4160//4954
f 3755//4443 3756//4534 4162//4958 4161//4956
f 3756//4534 3757//5213 4163//4959 4162//4958
f 3757//5213 3758//4437 4164//4961 4163//4959
f 3758//4437 3759//5193 4165//4963 4164//4961
f 3759//5193 3760//4433 4166//4965 4165//4963
f 4166//4965 3760//4433 3761//4431 4167//4967
f 4167//4967 3761//4431 3762//5214 4168//4969
f 4168//4969 3762//5214 3763//4658 4169//4971
f 4169//4971 3763//4658 3764//5215 4170//4973
f 4170//4973 3764//5215 3765//5216 4171//4975
f 4171//4975 3765//5216 3766//4421 4172//4977
f 4172//4977 3766//4421 3767//4419 4173//4979
f 4173//4979 3767//4419 3768//4417 4174//4981
f 4174//4981 3768//4417 3769//4648 4175//4983
f 4175//4983 3769//4648 3770//5217 4176//4985
f 4176//4985 3770//5217 3771//4644 4177//4987
f 4177//4987 3771//4644 3772//5218 4178//4989
f 4178//4989 3772//5218 3773//5219 4179//4991
f 3774//5016 3773//5220 4246//5159 4230//5158
f 4182//4997 3754//5212 3753//5221 4183//4998
f 4183//4998 3753//5221 3752//5222 3930//5000
f 3930//5000 3752//5222 3751//5223 3929//5002
f 3929//5002 3751//5223 3750//4679 3928//5004
f 3928//5004 3750//4679 3749//5207 3927//5006
f 3927//5006 3749//5207 3748//5224 4020//5008
f 4020//5008 3748//5224 3747//4459 3926//5197
f 3926//5197 3747//4459 3746//4686 3914//5195
f 3914//5195 3746//4686 3745//5225 3913//5198
f 3913//5198 3745//5225 3744//4689 3912//5200
f 3680//5172 3681//4982 4235//5168 4237//5173
f 3677//5181 3678//5177 4239//5178 4240//5182
f 3674//5187 3675//4970 4242//5185 4243//5188
f 3661//5009 4020//5008 3926//5197 3660//4939
f 3910//4539 3654//4538 3655//4929 3911//5152
f 4075//4628 3709//4596 3710//4594 4127//4842
f 3740//4473 3741//5203 3952//4928 4094//4695
f 4077//4635 4013//4637 3785//4737 3784//4738
f 3832//4770 3833//5085 4186//5031 4104//4795
f 4144//4916 3785//4915 3786//5149 4228//5147
f 4129//4856 3786//5150 3785//5072 4128//4855
f 3768//4417 3767//5179 4235//5168 4234//5167
f 3765//5175 3764//4656 4239//5178 4238//5176
f 3762//5183 3761//4661 4242//5185 4241//5184
f 4149//4923 3755//4443 3754//5212 4182//4997
f 3912//5200 3744//4689 3743//5155 4019//5154
f 4151//4925 3903//4470 3902//4468 4207//5089
f 4033//5073 4035//5022 3784//4913 3785//5072
f 4046//4507 3689//4506 3688//5226 4184//5013
f 4181//4996 4148//4922 3776//4634 3775//5227
f 3684//5161 4231//5160 4236//5169 3683//5165
f 4245//5191 4244//5194 3759//5193 3758//4535
f 4184//5013 3688//5226 3687//5157 4180//5015
f 4095//4743 4068//4611 4034//4613 4010//4741
f 4010//4741 4034//4613 4069//4615 4070//4617
f 3966//4722 4081//4662 4082//4663 3965//4720
f 3965//4720 4082//4663 4083//4665 3964//4718
f 3964//4718 4083//4665 4084//4666 3963//4716
f 3963//4716 4084//4666 4085//4667 3962//4714
f 3962//4714 4085//4667 4086//4669 3961//4712
f 4087//4671 4088//4672 3961//4712 4086//4669
f 3980//5010 4122//4830 4123//4832 4124//4834
f 3758//4535 3670//4529 3671//5192 4245//5191
f 3773//5220 3772//4642 4232//5163 4246//5159
f 4232//5163 3685//5162 3686//5156 4246//5159
f 3775//5227 3774//5016 4230//5158 4181//4996
f 4181//4996 4230//5158 3687//5157 3688//4995
f 3774//5016 4180//5015 4179//4991 3773//5219
f 4124//4834 3981//4836 3978//5011 3980//5010
f 4180//5015 3687//5157 3686//4992 4179//4991
f 4312//5228 4265//5229 4264//5230
f 4330//5231 3057//3800 4329//5232
f 4279//5233 3054//3794 3055//3796
f 4332//5234 3652//5235 2553//3792
f 3664//4947 4284//5236 4285//5237
f 4533//5238 4528//5239 4371//5240
f 4247//5241 3091//3850 3092//3849
f 4295//5242 3093//3781 3094//3851
f 4289//5243 4290//5244 3679//5245
f 4458//5246 4479//5247 4827//5248
f 4862//5249 4853//5250 4549//5251
f 4865//5252 4526//5253 4878//5254
f 4851//5255 4586//5256 4838//5257
f 4387//5258 4545//5259 4809//5260
f 4295//5242 3094//3851 3095//3778 4333//5261
f 4247//5241 3092//3849 3093//3781 4295//5242
f 4295//5242 4296//5262 4248//5263 4247//5241
f 4249//5264 4248//5263 4296//5262 4297//5265
f 4250//5266 4249//5264 4297//5265 4298//5267
f 4251//5268 4250//5266 4298//5267 4299//5269
f 4299//5269 4300//5270 4252//5271 4251//5268
f 4253//5272 4252//5271 4300//5270 4301//5273
f 4254//5274 4253//5272 4301//5273 4302//5275
f 4255//5276 4254//5274 4302//5275 4303//5277
f 4304//5278 4256//5279 4255//5276 4303//5277
f 4305//5280 4257//5281 4256//5279 4304//5278
f 4306//5282 4258//5283 4257//5281 4305//5280
f 4259//5284 4258//5283 4306//5282 4307//5285
f 4260//5286 4259//5284 4307//5285 4308//5287
f 4308//5287 4309//5288 4261//5289 4260//5286
f 4262//5290 4261//5289 4309//5288 4310//5291
f 4263//5292 4262//5290 4310//5291 4311//5293
f 4319//5294 4272//5295 4271//5296 4318//5297
f 4272//5295 4319//5294 4320//5298 3066//3802
f 3066//3802 4320//5298 4321//5299 3065//3803
f 4322//5300 3064//3871 3065//3803 4321//5299
f 3064//3871 4322//5300 4323//5301 3063//3883
f 3054//3794 4279//5233 4332//5234 2553//3792
f 3653//5302 3652//5235 4332//5234 4279//5233
f 4296//5262 4295//5242 4333//5261 4334//5303
f 4297//5265 4296//5262 4334//5303 4335//5304
f 4298//5267 4297//5265 4335//5304 4336//5305
f 4299//5269 4298//5267 4336//5305 4337//5306
f 4337//5306 4338//5307 4300//5270 4299//5269
f 4338//5307 4339//5308 4301//5273 4300//5270
f 4302//5275 4301//5273 4339//5308 4340//5309
f 4340//5309 4341//5310 4303//5277 4302//5275
f 4304//5278 4303//5277 4341//5310 4342//5311
f 4305//5280 4304//5278 4342//5311 4343//5312
f 4305//5280 4343//5312 4344//5313 4306//5282
f 4345//5314 4307//5285 4306//5282 4344//5313
f 4307//5285 4345//5314 4346//5315 4308//5287
f 4347//5316 4309//5288 4308//5287 4346//5315
f 4348//5317 4310//5291 4309//5288 4347//5316
f 4349//5318 4311//5293 4310//5291 4348//5317
f 4350//5319 4312//5228 4311//5293 4349//5318
f 4351//5320 4313//5321 4312//5228 4350//5319
f 4352//5322 4314//5323 4313//5321 4351//5320
f 4314//5323 4352//5322 4353//5324 4315//5325
f 4354//5326 4316//5327 4315//5325 4353//5324
f 4316//5327 4354//5326 4355//5328 4317//5329
f 4317//5329 4355//5328 4356//5330 4318//5297
f 4356//5330 4357//5331 4319//5294 4318//5297
f 4320//5298 4319//5294 4357//5331 4358//5332
f 1206//1540 1205//1539 3693//5333 4294//5334
f 4264//5230 4263//5292 4311//5293 4312//5228
f 4318//5297 4271//5296 4270//5335 4317//5329
f 3063//3883 4323//5301 4324//5336 3062//3885
f 4331//5337 4279//5233 3055//3796 3056//3798
f 4273//5338 3670//5339 3669//5340 4286//5341
f 3671//5342 3670//5339 4273//5338 4287//5343
f 1206//1540 4294//5334 4620//5344 1207//1551
f 3099//3956 48//128 1224//1558 4621//5345
f 4333//5261 3095//3778 3096//3891 4406//5346
f 4406//5346 3096//3891 3097//3968 4622//5347
f 3097//3968 3098//3967 4623//5348 4622//5347
f 4317//5329 4270//5335 4269//5349 4316//5327
f 4316//5327 4269//5349 4268//5350 4315//5325
f 4315//5325 4268//5350 4267//5351 4314//5323
f 4314//5323 4267//5351 4266//5352 4313//5321
f 4313//5321 4266//5352 4265//5229 4312//5228
f 3056//3798 3057//3800 4330//5231 4331//5337
f 4286//5341 3669//5340 3668//5353 3667//4953
f 4286//5341 3667//4953 3666//5354 4285//5237
f 4285//5237 3666//5354 3665//5001 3664//4947
f 4274//5355 4273//5338 4286//5341 4624//5356
f 4273//5338 4274//5355 4625//5357 4287//5343
f 4294//5334 3693//5333 3692//5358 3691//5359
f 4294//5334 3691//5359 3690//4504 4293//5360
f 4293//5360 3690//4504 3689//4994 3688//4995
f 4293//5360 3688//4995 3687//5157 4292//5361
f 4292//5361 3687//5157 3686//5362 3685//5363
f 3685//5363 3684//5161 4291//5364 4292//5361
f 4291//5364 3684//5161 3683//5365 3682//5366
f 4279//5233 4331//5337 4626//5367 4280//5368
f 3653//5302 4279//5233 4280//5368 3654//4927
f 4624//5356 4286//5341 4285//5237 4627//5369
f 4627//5369 4285//5237 4284//5236 4628//5370
f 4284//5236 4283//5371 4629//5372 4628//5370
f 4283//5371 4282//5373 4630//5374 4629//5372
f 4630//5374 4282//5373 4281//5375 4631//5376
f 4631//5376 4281//5375 4280//5368 4626//5367
f 4280//5368 4281//5375 3655//4929 3654//4927
f 4294//5334 4293//5360 4632//5377 4620//5344
f 4632//5377 4293//5360 4292//5361 4633//5378
f 4633//5378 4292//5361 4291//5364 4634//5379
f 4634//5379 4291//5364 4290//5244 4635//5380
f 4635//5380 4290//5244 4289//5243 4416//5381
f 4416//5381 4289//5243 4288//5382 4636//5383
f 4636//5383 4288//5382 4287//5343 4625//5357
f 4321//5299 4320//5298 4358//5332 4637//5384
f 4331//5337 4330//5231 4638//5385 4626//5367
f 4638//5385 4330//5231 4329//5232 4639//5386
f 4639//5386 4329//5232 4328//5387 4640//5388
f 4640//5388 4328//5387 4327//5389 4641//5390
f 4641//5390 4327//5389 4326//5391 4642//5392
f 4642//5392 4326//5391 4325//5393 4643//5394
f 4643//5394 4325//5393 4324//5336 4644//5395
f 4644//5395 4324//5336 4323//5301 4645//5396
f 4645//5396 4323//5301 4322//5300 4646//5397
f 4322//5300 4321//5299 4637//5384 4646//5397
f 3062//3885 4324//5336 4325//5393 3061//3887
f 3061//3887 4325//5393 4326//5391 3060//3889
f 3060//3889 4326//5391 4327//5389 3059//3790
f 3059//3790 4327//5389 4328//5387 3058//3791
f 3058//3791 4328//5387 4329//5232 3057//3800
f 4281//5375 3657//5201 3656//5202 3655//4929
f 3657//5201 4281//5375 4282//5373 3658//5398
f 3660//5399 4282//5373 4283//5371 3661//5400
f 4282//5373 3660//5399 3659//5196 3658//5398
f 4283//5371 4284//5236 3662//5007 3661//5400
f 4284//5236 3664//4947 3663//4945 3662//5007
f 4275//5401 4274//5355 4624//5356 4647//5402
f 4287//5343 3673//5403 3672//4964 3671//5342
f 4287//5343 4288//5382 3674//5187 3673//5403
f 4288//5382 3676//5180 3675//5404 3674//5187
f 4288//5382 4289//5243 3677//5181 3676//5180
f 4289//5243 3679//5245 3678//5405 3677//5181
f 4290//5244 4291//5364 3682//5366 3681//5406
f 4290//5244 3681//5406 3680//5172 3679//5245
f 4334//5303 4333//5261 4406//5346 4648//5407
f 4335//5304 4334//5303 4648//5407 4649//5408
f 4336//5305 4335//5304 4649//5408 4392//5409
f 4337//5306 4336//5305 4392//5409 4650//5410
f 4338//5307 4337//5306 4650//5410 4651//5411
f 4339//5308 4338//5307 4651//5411 4398//5412
f 4340//5309 4339//5308 4398//5412 4652//5413
f 4341//5310 4340//5309 4652//5413 4653//5414
f 4342//5311 4341//5310 4653//5414 4654//5415
f 4655//5416 4343//5312 4342//5311 4654//5415
f 4656//5417 4344//5313 4343//5312 4655//5416
f 4657//5418 4345//5314 4344//5313 4656//5417
f 4346//5315 4345//5314 4657//5418 4658//5419
f 4347//5316 4346//5315 4658//5419 4659//5420
f 4348//5317 4347//5316 4659//5420 4660//5421
f 4661//5422 4349//5318 4348//5317 4660//5421
f 4662//5423 4350//5319 4349//5318 4661//5422
f 4663//5424 4351//5320 4350//5319 4662//5423
f 4664//5425 4352//5322 4351//5320 4663//5424
f 4665//5426 4353//5324 4352//5322 4664//5425
f 4666//5427 4354//5326 4353//5324 4665//5426
f 4427//5428 4355//5328 4354//5326 4666//5427
f 4429//5429 4356//5330 4355//5328 4427//5428
f 4357//5331 4356//5330 4429//5429 4667//5430
f 4358//5332 4357//5331 4667//5430 4668//5431
f 4402//5432 1209//1555 1208//1553 4669//5433
f 4670//5434 1210//1662 1209//1555 4402//5432
f 4671//5435 1211//1663 1210//1662 4670//5434
f 1213//1668 1212//1667 4672//5436 4474//5437
f 1214//1713 1213//1668 4474//5437 4673//5438
f 4674//5439 1215//1709 1214//1713 4673//5438
f 1217//1671 1216//1670 4675//5440 4676//5441
f 4400//5442 1221//1679 1220//1711 4677//5443
f 4678//5444 1222//1680 1221//1679 4400//5442
f 4679//5445 4277//5446 4276//5447 4363//5448
f 4277//5446 4278//5449 4681//5450 4680//5451
f 4682//5452 4275//5401 4276//5447 4683//5453
f 4669//5433 1208//1553 1207//1551 4620//5344
f 4647//5402 4624//5356 4627//5369 4393//5454
f 4393//5454 4627//5369 4628//5370 4684//5455
f 4648//5407 4406//5346 4622//5347 4771//5456
f 4622//5347 4623//5348 4685//5457 4771//5456
f 4277//5446 4679//5445 4364//5458 4278//5449
f 3098//3967 3099//3956 4621//5345 4623//5348
f 4628//5370 4629//5372 4686//5459 4684//5455
f 4629//5372 4630//5374 4413//5460 4686//5459
f 4620//5344 4632//5377 4687//5461 4669//5433
f 4687//5461 4632//5377 4633//5378 4688//5462
f 4688//5462 4633//5378 4634//5379 4417//5463
f 4630//5374 4631//5376 4380//5464 4413//5460
f 4631//5376 4626//5367 4381//5465 4380//5464
f 4381//5465 4626//5367 4638//5385 4689//5466
f 4689//5466 4638//5385 4639//5386 4435//5467
f 4435//5467 4639//5386 4640//5388 4408//5468
f 4408//5468 4640//5388 4641//5390 4690//5469
f 4690//5469 4641//5390 4642//5392 4409//5470
f 4409//5470 4642//5392 4643//5394 4407//5471
f 4407//5471 4643//5394 4644//5395 4502//5472
f 4502//5472 4644//5395 4645//5396 4691//5473
f 4645//5396 4646//5397 4410//5474 4691//5473
f 4646//5397 4637//5384 4425//5475 4410//5474
f 4637//5384 4358//5332 4668//5431 4425//5475
f 4417//5463 4634//5379 4635//5380 4692//5476
f 4692//5476 4635//5380 4416//5381 4693//5477
f 4693//5477 4416//5381 4636//5383 4694//5478
f 4694//5478 4636//5383 4625//5357 4365//5479
f 4365//5479 4625//5357 4274//5355 4275//5401
f 4276//5447 4275//5401 4647//5402 4363//5448
f 1211//1663 4671//5435 4695//5480 1212//1667
f 1215//1709 4674//5439 4444//5481 1216//1670
f 1217//1671 4676//5441 4441//5482 1218//1675
f 1222//1680 4678//5444 4391//5483 1223//1699
f 4277//5446 4680//5451 4683//5453 4276//5447
f 4365//5479 4275//5401 4682//5452 4696//5484
f 4696//5484 4682//5452 4683//5453 4366//5485
f 4697//5486 4649//5408 4648//5407 4771//5456
f 4698//5487 4402//5432 4669//5433 4687//5461
f 4621//5345 1224//1558 1223//1699 4375//5488
f 4392//5409 4649//5408 4697//5486 4615//5489
f 4650//5410 4392//5409 4615//5489 4439//5490
f 4651//5411 4650//5410 4439//5490 4699//5491
f 4398//5412 4651//5411 4699//5491 4700//5492
f 4652//5413 4398//5412 4700//5492 4701//5493
f 4653//5414 4652//5413 4701//5493 4702//5494
f 4654//5415 4653//5414 4702//5494 4703//5495
f 4704//5496 4655//5416 4654//5415 4703//5495
f 4705//5497 4656//5417 4655//5416 4704//5496
f 4706//5498 4657//5418 4656//5417 4705//5497
f 4440//5499 4670//5434 4402//5432 4698//5487
f 4707//5500 4671//5435 4670//5434 4440//5499
f 4672//5436 1212//1667 4695//5480 4404//5501
f 4474//5437 4672//5436 4404//5501 4445//5502
f 4673//5438 4474//5437 4445//5502 4708//5503
f 4443//5504 4674//5439 4673//5438 4708//5503
f 4675//5440 1216//1670 4444//5481 4709//5505
f 4442//5506 4676//5441 4675//5440 4709//5505
f 4399//5507 4677//5443 1220//1711 1219//1676
f 4659//5420 4658//5419 4711//5508 4710//5509
f 4660//5421 4659//5420 4710//5509 4712//5510
f 4713//5511 4661//5422 4660//5421 4712//5510
f 4434//5512 4662//5423 4661//5422 4713//5511
f 4714//5513 4663//5424 4662//5423 4434//5512
f 4715//5514 4664//5425 4663//5424 4714//5513
f 4716//5515 4665//5426 4664//5425 4715//5514
f 4428//5516 4666//5427 4665//5426 4716//5515
f 4427//5428 4666//5427 4428//5516 4411//5517
f 4717//5518 4429//5429 4427//5428 4411//5517
f 4718//5519 4658//5419 4657//5418 4706//5498
f 4667//5430 4429//5429 4717//5518 4431//5520
f 4426//5521 4668//5431 4667//5430 4431//5520
f 4719//5522 4680//5451 4681//5450 4720//5523
f 4722//5524 4400//5442 4677//5443 4721//5525
f 4424//5526 4678//5444 4400//5442 4722//5524
f 4498//5527 4681//5450 4278//5449 4500//5528
f 4623//5348 4621//5345 4375//5488 4685//5457
f 4375//5488 1223//1699 4391//5483 4374//5529
f 4374//5529 4391//5483 4678//5444 4424//5526
f 4278//5449 4364//5458 4723//5530 4500//5528
f 4363//5448 4647//5402 4393//5454 4359//5531
f 4681//5450 4498//5527 4496//5532 4720//5523
f 4359//5531 4393//5454 4684//5455 4724//5533
f 4721//5525 4677//5443 4399//5507 4612//5534
f 4698//5487 4687//5461 4688//5462 4725//5535
f 4688//5462 4417//5463 4488//5536 4725//5535
f 4417//5463 4692//5476 4726//5537 4488//5536
f 4726//5537 4692//5476 4693//5477 4389//5538
f 4676//5441 4442//5506 4418//5539 4441//5482
f 1218//1675 4441//5482 4419//5540 1219//1676
f 4684//5455 4686//5459 4727//5541 4724//5533
f 4686//5459 4413//5460 4396//5542 4727//5541
f 4413//5460 4380//5464 4728//5543 4396//5542
f 4380//5464 4381//5465 4729//5544 4728//5543
f 4693//5477 4694//5478 4379//5545 4389//5538
f 4694//5478 4365//5479 4696//5484 4379//5545
f 4425//5475 4668//5431 4426//5521 4730//5546
f 4674//5439 4443//5504 4421//5547 4444//5481
f 4364//5458 4679//5445 4361//5548 4369//5549
f 4729//5544 4381//5465 4689//5466 4731//5550
f 4731//5550 4689//5466 4435//5467 4466//5551
f 4466//5551 4435//5467 4408//5468 4599//5552
f 4599//5552 4408//5468 4690//5469 4732//5553
f 4732//5553 4690//5469 4409//5470 4603//5554
f 4603//5554 4409//5470 4407//5471 4733//5555
f 4733//5555 4407//5471 4502//5472 4481//5556
f 4481//5556 4502//5472 4691//5473 4459//5557
f 4691//5473 4410//5474 4734//5558 4459//5557
f 4734//5558 4410//5474 4425//5475 4730//5546
f 4379//5545 4696//5484 4366//5485 4378//5559
f 4366//5485 4683//5453 4680//5451 4719//5522
f 4671//5435 4707//5500 4451//5560 4695//5480
f 4711//5508 4658//5419 4718//5519 4412//5561
f 4399//5507 1219//1676 4419//5540 4735//5562
f 4424//5526 4722//5524 4401//5563 4736//5564
f 4433//5565 4710//5509 4711//5508 4412//5561
f 4484//5566 4712//5510 4710//5509 4433//5565
f 4737//5567 4713//5511 4712//5510 4484//5566
f 4738//5568 4434//5512 4713//5511 4737//5567
f 4739//5569 4714//5513 4434//5512 4738//5568
f 4740//5570 4715//5514 4714//5513 4739//5569
f 4609//5571 4716//5515 4715//5514 4740//5570
f 4430//5572 4428//5516 4716//5515 4609//5571
f 4411//5517 4428//5516 4430//5572 4432//5573
f 4361//5548 4679//5445 4363//5448 4359//5531
f 4615//5489 4697//5486 4405//5574 4741//5575
f 4742//5576 4439//5490 4615//5489 4741//5575
f 4404//5501 4695//5480 4451//5560 4390//5577
f 4445//5502 4404//5501 4390//5577 4743//5578
f 4708//5503 4445//5502 4743//5578 4475//5579
f 4491//5580 4443//5504 4708//5503 4475//5579
f 4440//5499 4698//5487 4725//5535 4744//5581
f 4699//5491 4439//5490 4742//5576 4388//5582
f 4505//5583 4700//5492 4699//5491 4388//5582
f 4701//5493 4700//5492 4505//5583 4745//5584
f 4702//5494 4701//5493 4745//5584 4746//5585
f 4703//5495 4702//5494 4746//5585 4747//5586
f 4469//5587 4704//5496 4703//5495 4747//5586
f 4470//5588 4705//5497 4704//5496 4469//5587
f 4748//5589 4706//5498 4705//5497 4470//5588
f 4464//5590 4718//5519 4706//5498 4748//5589
f 4449//5591 4707//5500 4440//5499 4744//5581
f 4709//5505 4444//5481 4421//5547 4471//5592
f 4403//5593 4442//5506 4709//5505 4471//5592
f 4717//5518 4411//5517 4432//5573 4431//5520
f 4426//5521 4431//5520 4749//5594 4750//5595
f 4423//5596 4722//5524 4721//5525 4751//5597
f 4498//5527 4500//5528 4497//5598 4752//5599
f 4362//5600 4719//5522 4720//5523 4494//5601
f 4361//5548 4359//5531 4724//5533 4369//5549
f 4378//5559 4366//5485 4719//5522 4362//5600
f 4364//5458 4369//5549 4753//5602 4723//5530
f 4497//5598 4500//5528 4723//5530 4754//5603
f 4389//5538 4379//5545 4378//5559 4755//5604
f 4751//5597 4721//5525 4612//5534 4756//5605
f 4424//5526 4736//5564 4757//5606 4374//5529
f 4412//5561 4718//5519 4464//5590 4758//5607
f 4419//5540 4441//5482 4418//5539 4420//5608
f 4749//5594 4431//5520 4432//5573 4759//5609
f 4430//5572 4609//5571 4760//5610 4432//5573
f 4418//5539 4442//5506 4403//5593 4761//5611
f 4707//5500 4449//5591 4762//5612 4451//5560
f 4494//5601 4720//5523 4496//5532 4763//5613
f 4401//5563 4764//5614 4741//5575
f 4722//5524 4423//5596 4764//5614 4401//5563
f 4685//5457 4375//5488 4374//5529 4757//5606
f 4725//5535 4488//5536 4765//5615 4744//5581
f 4488//5536 4726//5537 4766//5616 4765//5615
f 4726//5537 4389//5538 4755//5604 4766//5616
f 4421//5547 4443//5504 4491//5580 4477//5617
f 4612//5534 4399//5507 4735//5562 4610//5618
f 4609//5571 4740//5570 4608//5619 4760//5610
f 4608//5619 4740//5570 4739//5569 4503//5620
f 4503//5620 4739//5569 4738//5568 4767//5621
f 4767//5621 4738//5568 4737//5567 4768//5622
f 4737//5567 4484//5566 4769//5623 4768//5622
f 4730//5546 4426//5521 4750//5595 4480//5624
f 4496//5532 4498//5527 4752//5599 4495//5625
f 4685//5457 4757//5606 4770//5626 4771//5456
f 4770//5626 4405//5574 4697//5486 4771//5456
f 4390//5577 4451//5560 4762//5612 4422//5627
f 4397//5628 4735//5562 4419//5540 4420//5608
f 4433//5565 4412//5561 4758//5607 4462//5629
f 4769//5623 4484//5566 4433//5565 4462//5629
f 4493//5630 4471//5592 4421//5547 4477//5617
f 4772//5631 4403//5593 4471//5592 4493//5630
f 4773//5632 4743//5578 4390//5577 4422//5627
f 4734//5558 4730//5546 4480//5624 4459//5557
f 4475//5579 4743//5578 4773//5632 4447//5633
f 4774//5634 4491//5580 4475//5579 4447//5633
f 4478//5635 4362//5600 4494//5601 4775//5636
f 4581//5637 4728//5543 4729//5544 4776//5638
f 4776//5638 4729//5544 4731//5550 4465//5639
f 4465//5639 4731//5550 4466//5551 4596//5640
f 4596//5640 4466//5551 4599//5552 4598//5641
f 4598//5641 4599//5552 4732//5553 4601//5642
f 4601//5642 4732//5553 4603//5554 4619//5643
f 4619//5643 4603//5554 4733//5555 4777//5644
f 4777//5644 4733//5555 4481//5556 4778//5645
f 4778//5645 4481//5556 4459//5557 4480//5624
f 4396//5542 4728//5543 4581//5637 4592//5646
f 4414//5647 4727//5541 4396//5542 4592//5646
f 4370//5648 4724//5533 4727//5541 4414//5647
f 4415//5649 4423//5596 4751//5597 4372//5650
f 4505//5583 4388//5582 4779//5651 4616//5652
f 4745//5584 4505//5583 4616//5652 4780//5653
f 4746//5585 4745//5584 4780//5653 4437//5654
f 4438//5655 4469//5587 4747//5586 4467//5656
f 4747//5586 4746//5585 4437//5654 4467//5656
f 4781//5657 4470//5588 4469//5587 4438//5655
f 4463//5658 4748//5589 4470//5588 4781//5657
f 4395//5659 4464//5590 4748//5589 4463//5658
f 4405//5574 4736//5564 4401//5563 4741//5575
f 4742//5576 4741//5575 4764//5614 4782//5660
f 4415//5649 4388//5582 4742//5576 4782//5660
f 4750//5595 4749//5594 4377//5661 4783//5662
f 4449//5591 4744//5581 4450//5663 4784//5664
f 4752//5599 4497//5598 4557//5665 4551//5666
f 4755//5604 4378//5559 4362//5600 4478//5635
f 4388//5582 4415//5649 4372//5650 4779//5651
f 4782//5660 4764//5614 4423//5596 4415//5649
f 4770//5626 4757//5606 4736//5564 4405//5574
f 4723//5530 4753//5602 4385//5667 4754//5603
f 4369//5549 4724//5533 4370//5648 4753//5602
f 4759//5609 4432//5573 4760//5610 4785//5668
f 4785//5668 4760//5610 4608//5619 4786//5669
f 4464//5590 4395//5659 4787//5670 4758//5607
f 4418//5539 4761//5611 4490//5671 4420//5608
f 4750//5595 4783//5662 4513//5672 4480//5624
f 4450//5663 4744//5581 4765//5615 4452//5673
f 4377//5661 4749//5594 4759//5609 4788//5674
f 4763//5613 4496//5532 4495//5625 4499//5675
f 4752//5599 4551//5666 4789//5676 4495//5625
f 4786//5669 4608//5619 4503//5620 4483//5677
f 4756//5605 4612//5534 4610//5618 4613//5678
f 4372//5650 4751//5597 4756//5605 4614//5679
f 4610//5618 4735//5562 4397//5628 4790//5680
f 4397//5628 4420//5608 4524//5681 4790//5680
f 4494//5601 4763//5613 4791//5682 4775//5636
f 4452//5673 4765//5615 4766//5616 4454//5683
f 4766//5616 4755//5604 4478//5635 4454//5683
f 4483//5677 4503//5620 4767//5621 4792//5684
f 4792//5684 4767//5621 4768//5622 4394//5685
f 4394//5685 4768//5622 4769//5623 4462//5629
f 4761//5611 4403//5593 4772//5631 4473//5686
f 4491//5580 4774//5634 4793//5687 4477//5617
f 4454//5683 4478//5635 4775//5636 4457//5688
f 4762//5612 4449//5591 4784//5664 4794//5689
f 4422//5627 4762//5612 4794//5689 4446//5690
f 4486//5691 4462//5629 4758//5607 4787//5670
f 4773//5632 4422//5627 4446//5690 4447//5633
f 4579//5692 4581//5637 4776//5638 4580//5693
f 4580//5693 4776//5638 4465//5639 4436//5694
f 4436//5694 4465//5639 4596//5640 4795//5695
f 4795//5695 4596//5640 4598//5641 4602//5696
f 4602//5696 4598//5641 4601//5642 4376//5697
f 4376//5697 4601//5642 4619//5643 4584//5698
f 4584//5698 4619//5643 4777//5644 4796//5699
f 4796//5699 4777//5644 4778//5645 4501//5700
f 4778//5645 4480//5624 4513//5672 4501//5700
f 4592//5646 4581//5637 4579//5692 4591//5701
f 4368//5702 4414//5647 4592//5646 4591//5701
f 4370//5648 4414//5647 4368//5702 4382//5703
f 4779//5651 4372//5650 4614//5679
f 4797//5704 4616//5652 4779//5651 4614//5679
f 4780//5653 4616//5652 4797//5704 4798//5705
f 4509//5706 4395//5659 4463//5658 4508//5707
f 4508//5707 4463//5658 4781//5657 4487//5708
f 4487//5708 4781//5657 4438//5655 4799//5709
f 4799//5709 4438//5655 4467//5656 4386//5710
f 4467//5656 4437//5654 4506//5711 4386//5710
f 4482//5712 4783//5662 4377//5661 4594//5713
f 4774//5634 4447//5633 4800//5714 4476//5715
f 4801//5716 4784//5664 4450//5663 4453//5717
f 4493//5630 4477//5617 4492//5718 4512//5719
f 4772//5631 4493//5630 4512//5719 4473//5686
f 4551//5666 4557//5665 4802//5720 4803//5721
f 4497//5598 4754//5603 4812//5722 4557//5665
f 4753//5602 4370//5648 4382//5703 4385//5667
f 4561//5723 4754//5603 4385//5667 4384//5724
f 4492//5718 4477//5617 4793//5687 4373//5725
f 4524//5681 4420//5608 4490//5671 4511//5726
f 4800//5714 4447//5633 4446//5690 4804//5727
f 4450//5663 4452//5673 4360//5728 4453//5717
f 4360//5728 4452//5673 4454//5683 4457//5688
f 4775//5636 4791//5682 4805//5729 4457//5688
f 4759//5609 4785//5668 4461//5730 4788//5674
f 4394//5685 4462//5629 4486//5691 4514//5731
f 4761//5611 4473//5686 4806//5732 4490//5671
f 4791//5682 4763//5613 4499//5675 4807//5733
f 4594//5713 4377//5661 4788//5674 4606//5734
f 4499//5675 4495//5625 4789//5676 4548//5735
f 4787//5670 4395//5659 4509//5706 4485//5736
f 4461//5730 4785//5668 4786//5669 4607//5737
f 4786//5669 4483//5677 4808//5738 4607//5737
f 4808//5738 4483//5677 4792//5684 4504//5739
f 4504//5739 4792//5684 4394//5685 4514//5731
f 4614//5679 4756//5605 4613//5678 4809//5260
f 4793//5687 4774//5634 4476//5715 4373//5725
f 4783//5662 4482//5712 4810//5740 4513//5672
f 4610//5618 4790//5680 4611//5741 4613//5678
f 4611//5741 4790//5680 4524//5681 4387//5258
f 4446//5690 4794//5689 4448//5742 4804//5727
f 4794//5689 4784//5664 4801//5716 4448//5742
f 4437//5654 4780//5653 4798//5705 4506//5711
f 4789//5676 4551//5666 4803//5721 4548//5735
f 4557//5665 4812//5722 4569//5743 4802//5720
f 4561//5723 4811//5744 4812//5722 4754//5603
f 4515//5745 4486//5691 4787//5670 4485//5736
f 4501//5700 4513//5672 4810//5740 4460//5746
f 4813//5747 4796//5699 4501//5700 4460//5746
f 4797//5704 4614//5679 4809//5260 4468//5748
f 4798//5705 4797//5704 4468//5748 4814//5749
f 4815//5750 4584//5698 4796//5699 4813//5747
f 4583//5751 4376//5697 4584//5698 4815//5750
f 4600//5752 4602//5696 4376//5697 4583//5751
f 4597//5753 4795//5695 4602//5696 4600//5752
f 4816//5754 4436//5694 4795//5695 4597//5753
f 4595//5755 4580//5693 4436//5694 4816//5754
f 4579//5692 4580//5693 4595//5755 4590//5756
f 4591//5701 4579//5692 4590//5756 4817//5757
f 4368//5702 4591//5701 4817//5757 4382//5703
f 4386//5710 4506//5711 4818//5758 4819//5759
f 4522//5760 4799//5709 4386//5710 4819//5759
f 4516//5761 4487//5708 4799//5709 4522//5760
f 4820//5762 4508//5707 4487//5708 4516//5761
f 4821//5763 4509//5706 4508//5707 4820//5762
f 4822//5764 4801//5716 4453//5717 4456//5765
f 4823//5766 4473//5686 4512//5719 4472//5767
f 4512//5719 4492//5718 4529//5768 4472//5767
f 4482//5712 4594//5713 4824//5769 4588//5770
f 4803//5721 4802//5720 4564//5771 4547//5772
f 4476//5715 4800//5714 4479//5247 4825//5773
f 4812//5722 4811//5744 4839//5774 4569//5743
f 4385//5667 4382//5703 4817//5757 4384//5724
f 4506//5711 4798//5705 4814//5749 4818//5758
f 4456//5765 4453//5717 4360//5728 4457//5688
f 4529//5768 4492//5718 4373//5725 4826//5775
f 4373//5725 4476//5715 4825//5773 4826//5775
f 4479//5247 4800//5714 4804//5727 4827//5248
f 4804//5727 4448//5742 4828//5776 4827//5248
f 4448//5742 4801//5716 4822//5764 4828//5776
f 4509//5706 4821//5763 4518//5777 4485//5736
f 4805//5729 4791//5682 4807//5733 4455//5778
f 4810//5740 4482//5712 4588//5770 4460//5746
f 4486//5691 4515//5745 4829//5779 4514//5731
f 4524//5681 4511//5726 4545//5259 4387//5258
f 4809//5260 4613//5678 4611//5741 4387//5258
f 4594//5713 4606//5734 4830//5780 4824//5769
f 4606//5734 4788//5674 4461//5730 4607//5737
f 4803//5721 4547//5772 4831//5781 4548//5735
f 4802//5720 4569//5743 4832//5782 4564//5771
f 4456//5765 4457//5688 4805//5729 4455//5778
f 4822//5764 4456//5765 4833//5783 4828//5776
f 4490//5671 4806//5732 4489//5784 4511//5726
f 4817//5757 4590//5756 4383//5785 4384//5724
f 4383//5785 4590//5756 4595//5755 4816//5754
f 4816//5754 4597//5753 4582//5786 4383//5785
f 4582//5786 4597//5753 4600//5752 4834//5787
f 4834//5787 4600//5752 4583//5751 4835//5788
f 4835//5788 4583//5751 4815//5750 4836//5789
f 4836//5789 4815//5750 4813//5747 4837//5790
f 4813//5747 4460//5746 4838//5257 4837//5790
f 4473//5686 4823//5766 4510//5791 4806//5732
f 4840//5792 4807//5733 4499//5675 4548//5735
f 4841//5793 4504//5739 4514//5731 4829//5779
f 4367//5794 4563//5795 4811//5744 4561//5723
f 4561//5723 4384//5724 4577//5796 4367//5794
f 4842//5797 4808//5738 4504//5739 4841//5793
f 4843//5798 4607//5737 4808//5738 4842//5797
f 4535//5799 4825//5773 4479//5247 4458//5246
f 4844//5800 4821//5763 4820//5762 4617//5801
f 4617//5801 4820//5762 4516//5761 4845//5802
f 4516//5761 4522//5760 4507//5803 4845//5802
f 4507//5803 4522//5760 4819//5759 4618//5804
f 4819//5759 4818//5758 4534//5805 4618//5804
f 4823//5766 4472//5767 4847//5806 4846//5807
f 4472//5767 4529//5768 4525//5808 4847//5806
f 4515//5745 4485//5736 4519//5809 4544//5810
f 4468//5748 4809//5260 4545//5259 4848//5811
f 4814//5749 4468//5748 4848//5811 4849//5812
f 4547//5772 4564//5771 4850//5813 4550//5814
f 4851//5255 4588//5770 4824//5769 4585//5815
f 4838//5257 4460//5746 4588//5770 4851//5255
f 4818//5758 4814//5749 4849//5812 4534//5805
f 4606//5734 4607//5737 4843//5798 4830//5780
f 4577//5796 4384//5724 4383//5785 4582//5786
f 4525//5808 4529//5768 4826//5775 4536//5816
f 4536//5816 4826//5775 4825//5773 4535//5799
f 4807//5733 4840//5792 4852//5817 4455//5778
f 4833//5783 4456//5765 4455//5778 4853//5250
f 4827//5248 4828//5776 4833//5783 4458//5246
f 4489//5784 4806//5732 4510//5791 4854//5818
f 4545//5259 4511//5726 4523//5819 4848//5811
f 4523//5819 4511//5726 4489//5784 4855//5820
f 4821//5763 4844//5800 4520//5821 4518//5777
f 4519//5809 4485//5736 4518//5777 4856//5822
f 4831//5781 4547//5772 4550//5814 4857//5823
f 4585//5815 4824//5769 4830//5780 4605//5824
f 4829//5779 4515//5745 4544//5810 4858//5825
f 4840//5792 4548//5735 4831//5781 4556//5826
f 4564//5771 4832//5782 4573//5827 4850//5813
f 4832//5782 4569//5743 4839//5774 4562//5828
f 4839//5774 4811//5744 4563//5795 4562//5828
f 4510//5791 4823//5766 4846//5807 4854//5818
f 4859//5829 4544//5810 4519//5809 4856//5822
f 4849//5812 4848//5811 4523//5819 4533//5238
f 4604//5830 4841//5793 4829//5779 4858//5825
f 4593//5831 4842//5797 4841//5793 4604//5830
f 4843//5798 4842//5797 4593//5831 4860//5832
f 4563//5795 4367//5794 4575//5833 4861//5834
f 4367//5794 4577//5796 4578//5835 4575//5833
f 4535//5799 4458//5246 4862//5249 4539//5836
f 4863//5837 4837//5790 4838//5257 4586//5256
f 4864//5838 4836//5789 4837//5790 4863//5837
f 4507//5803 4618//5804 4526//5253 4845//5802
f 4618//5804 4534//5805 4371//5240 4526//5253
f 4517//5839 4844//5800 4617//5801 4865//5252
f 4846//5807 4847//5806 4866//5840 4532//5841
f 4866//5840 4847//5806 4525//5808 4867//5842
f 4578//5835 4834//5787 4835//5788 4576//5843
f 4835//5788 4836//5789 4864//5838 4576//5843
f 4577//5796 4582//5786 4834//5787 4578//5835
f 4550//5814 4850//5813 4559//5844 4868//5845
f 4586//5256 4851//5255 4585//5815 4869//5846
f 4862//5249 4458//5246 4833//5783 4853//5250
f 4830//5780 4843//5798 4860//5832 4605//5824
f 4534//5805 4849//5812 4533//5238 4371//5240
f 4840//5792 4556//5826 4538//5847 4852//5817
f 4853//5250 4455//5778 4852//5817 4549//5251
f 4855//5820 4489//5784 4854//5818 4528//5239
f 4856//5822 4518//5777 4520//5821 4531//5848
f 4844//5800 4517//5839 4870//5849 4520//5821
f 4867//5842 4525//5808 4536//5816 4871//5850
f 4871//5850 4536//5816 4535//5799 4539//5836
f 4854//5818 4846//5807 4532//5841 4528//5239
f 4857//5823 4550//5814 4868//5845 4542//5851
f 4556//5826 4831//5781 4857//5823 4537//5852
f 4586//5256 4869//5846 4872//5853 4863//5837
f 4869//5846 4585//5815 4605//5824 4587//5854
f 4593//5831 4604//5830 4873//5855 4860//5832
f 4604//5830 4858//5825 4874//5856 4873//5855
f 4858//5825 4544//5810 4859//5829 4874//5856
f 4832//5782 4562//5828 4570//5857 4573//5827
f 4562//5828 4563//5795 4861//5834 4570//5857
f 4850//5813 4573//5827 4574//5858 4559//5844
f 4533//5238 4523//5819 4855//5820 4528//5239
f 4865//5252 4617//5801 4845//5802 4526//5253
f 4578//5835 4576//5843 4875//5859 4575//5833
f 4876//5860 4859//5829 4856//5822 4531//5848
f 4861//5834 4575//5833 4875//5859 4571//5861
f 4877//5862 4864//5838 4863//5837 4872//5853
f 4568//5863 4576//5843 4864//5838 4877//5862
f 4878//5254 4526//5253 4371//5240 4528//5239
f 4539//5836 4862//5249 4549//5251 4879//5864
f 4517//5839 4865//5252 4878//5254 4880//5865
f 4532//5841 4866//5840 4546//5866 4880//5865
f 4546//5866 4866//5840 4867//5842 4881//5867
f 4868//5845 4559//5844 4882//5868 4541//5869
f 4878//5254 4528//5239 4532//5841 4880//5865
f 4605//5824 4860//5832 4873//5855 4587//5854
f 4549//5251 4852//5817 4538//5847 4879//5864
f 4881//5867 4867//5842 4871//5850 4883//5870
f 4883//5870 4871//5850 4539//5836 4879//5864
f 4873//5855 4874//5856 4558//5871 4587//5854
f 4874//5856 4859//5829 4876//5860 4558//5871
f 4538//5847 4556//5826 4537//5852 4879//5864
f 4559//5844 4574//5858 4565//5872 4882//5868
f 4570//5857 4861//5834 4571//5861 4555//5873
f 4573//5827 4570//5857 4555//5873 4574//5858
f 4875//5859 4576//5843 4568//5863 4884//5874
f 4869//5846 4587//5854 4589//5875 4872//5853
f 4537//5852 4857//5823 4542//5851 4540//5876
f 4542//5851 4868//5845 4541//5869 4885//5877
f 4520//5821 4870//5849 4521//5878 4531//5848
f 4517//5839 4880//5865 4527//5879 4870//5849
f 4567//5880 4877//5862 4872//5853 4589//5875
f 4571//5861 4875//5859 4884//5874 4560//5881
f 4884//5874 4568//5863 4877//5862 4567//5880
f 4887//5882 4546//5866 4881//5867 4886//5883
f 4876//5860 4531//5848 4543//5884 4552//5885
f 4889//5886 4541//5869 4882//5868 4888//5887
f 4883//5870 4879//5864 4537//5852 4540//5876
f 4886//5883 4881//5867 4883//5870 4540//5876
f 4886//5883 4540//5876 4542//5851 4885//5877
f 4527//5879 4880//5865 4546//5866 4887//5882
f 4543//5884 4531//5848 4521//5878 4890//5888
f 4558//5871 4876//5860 4552//5885 4554//5889
f 4870//5849 4527//5879 4530//5890 4521//5878
f 4885//5877 4541//5869 4889//5886 4891//5891
f 4574//5858 4555//5873 4572//5892 4565//5872
f 4555//5873 4571//5861 4560//5881 4572//5892
f 4587//5854 4558//5871 4553//5893 4589//5875
f 4560//5881 4884//5874 4567//5880 4566//5894
f 4567//5880 4589//5875 4553//5893 4566//5894
f 4882//5868 4565//5872 4892//5895 4888//5887
f 4893//5896 4887//5882 4886//5883 4885//5877
f 4889//5886 4888//5887 4890//5888 4891//5891
f 4530//5890 4527//5879 4887//5882 4893//5896
f 4890//5888 4521//5878 4530//5890 4891//5891
f 4893//5896 4885//5877 4891//5891 4530//5890
f 4552//5885 4543//5884 4892//5895 4554//5889
f 4888//5887 4892//5895 4543//5884 4890//5888
f 4892//5895 4565//5872 4572//5892 4554//5889
f 4572//5892 4560//5881 4566//5894 4554//5889
f 4553//5893 4558//5871 4554//5889 4566//5894
