# Blender 4.2.1 LTS
# www.blender.org
o ground_truth
v 32.352116 70.100380 6.077848
v 32.146282 70.760895 6.003051
v 32.067699 70.966644 5.973976
v 31.683008 72.012306 5.835371
v 31.279852 73.050491 5.694073
v 31.031626 73.659027 5.607041
v 30.860910 74.080841 5.548605
v 30.464010 75.122498 5.419003
v 30.048206 76.156296 5.286265
v 29.890213 76.548897 5.236463
v 29.626120 77.188370 5.153802
v 29.206186 78.221245 5.022660
v 28.760366 79.243172 4.885125
v 28.684635 79.414635 4.861827
v 28.344086 80.279556 4.761512
v 27.906309 81.306297 4.631991
v 27.511398 82.300438 4.520522
v 27.059614 83.375916 4.393132
v 26.601774 84.393608 4.264085
v 26.282820 85.163589 4.177465
v 26.166380 85.423233 4.145768
v 25.729593 86.452385 4.029347
v 25.280029 87.475792 3.911730
v 25.031677 88.018288 3.846805
v 24.820673 88.494621 3.793034
v 24.381662 89.523994 3.684578
v 23.921906 90.543617 3.572640
v 23.764448 90.868111 3.534273
v 23.475851 91.569885 3.467695
v 23.021788 92.593559 3.362721
v 22.554640 93.610191 3.258240
v 22.499769 93.721786 3.246038
v 22.112587 94.640221 3.162570
v 21.649290 95.659859 3.063882
v 21.230236 96.575974 2.975428
v 21.181471 96.676964 2.965401
v 20.729673 97.703384 2.875811
v 20.257397 98.719604 2.785612
v 19.943563 99.425453 2.726730
v 19.790144 99.739677 2.699198
v 19.321156 100.759544 2.614691
v 18.835058 101.772209 2.531745
v 18.597633 102.252853 2.493036
v 18.333385 102.777931 2.450847
v 17.842524 103.789810 2.373287
v 17.323603 104.787552 2.297232
v 17.185997 105.052818 2.277305
v 16.802702 105.784386 2.222461
v 16.271803 106.776138 2.151826
v 15.697003 107.816177 2.080117
v 15.194550 108.758926 2.017994
v 14.661722 109.762047 1.948523
v 14.265584 110.644463 1.889361
v 14.189353 110.809303 1.879017
v 13.703048 111.876175 1.816329
v 13.232068 112.997643 1.760833
v 13.196284 113.074928 1.757349
v 13.057129 113.371910 1.806785
v 12.927629 113.672607 1.844624
v 12.910464 113.716003 1.849376
v 12.894050 113.759666 1.853966
v 12.822581 113.942078 1.877389
v 12.757445 114.125244 1.899856
v 12.645869 114.483635 1.940268
v 12.541903 114.840271 1.983327
v 12.521251 114.918289 1.994060
v 12.487475 115.043053 2.011479
v 12.455977 115.168274 2.029249
v 12.365752 115.577263 2.092369
v 12.285148 115.989418 2.152917
v 12.259089 116.125687 2.171808
v 12.234576 116.262596 2.190011
v 12.172556 116.700027 2.254887
v 12.127843 117.136658 2.314727
v 12.122113 117.191406 2.322225
v 12.116318 117.245926 2.329660
v 12.110103 117.304070 2.337434
v 12.105162 117.362381 2.344747
v 12.104277 117.499084 2.358611
v 12.103490 117.635574 2.371853
v 12.110782 117.939812 2.406539
v 12.123199 118.241081 2.444029
v 12.129971 118.355896 2.456080
v 12.139322 118.470619 2.468608
v 12.185447 118.896080 2.510445
v 12.235983 119.314186 2.562487
v 12.249680 119.430077 2.573653
v 12.265512 119.545448 2.583465
v 12.328983 119.954346 2.623893
v 12.396441 120.356346 2.670507
v 12.415978 120.470497 2.681414
v 12.435405 120.583916 2.692338
v 12.506937 120.980980 2.729847
v 12.579396 121.371353 2.778185
v 12.622816 121.471855 2.786368
v 12.681775 121.563225 2.792191
v 12.910294 121.874123 2.824148
v 13.109012 122.170670 2.875318
v 13.156575 122.252098 2.896638
v 13.133507 122.342812 2.918081
v 13.072537 122.659157 3.011805
v 12.915698 122.967033 3.097803
v 12.933443 123.063614 3.097057
v 12.950531 123.159142 3.093845
v 13.016118 123.529106 3.075705
v 13.083180 123.898331 3.061873
v 13.100748 123.994873 3.058448
v 13.118484 124.091911 3.054858
v 13.190154 124.486771 3.034851
v 13.262713 124.883629 3.018395
v 13.276095 125.002396 3.011803
v 13.304628 125.118408 3.004495
v 13.370076 125.509338 2.986848
v 13.436557 125.898293 2.965534
v 13.449903 125.999992 2.959992
v 13.468775 126.101860 2.955215
v 13.528480 126.518898 2.943486
v 13.587028 126.937584 2.930228
v 13.598442 127.032463 2.927367
v 13.612358 127.127052 2.924692
v 13.664248 127.552063 2.912868
v 13.712969 127.971947 2.904301
v 13.725749 128.062500 2.901292
v 13.739255 128.152786 2.897808
v 13.802567 128.569489 2.879395
v 13.868102 128.984085 2.858735
v 13.882970 129.071487 2.852292
v 13.898117 129.158722 2.845148
v 13.970558 129.571442 2.806744
v 14.044829 129.984192 2.759971
v 14.060382 130.069839 2.747833
v 14.075953 130.155350 2.734956
v 14.097366 130.272781 2.716352
v 14.118749 130.390213 2.697129
v 14.172981 130.686401 2.641279
v 14.227137 130.982346 2.583611
v 14.241977 131.065216 2.566272
v 14.256263 131.147720 2.547694
v 14.325240 131.559402 2.438582
v 14.394302 131.971451 2.324729
v 14.408055 132.056229 2.297644
v 14.421557 132.140594 2.269018
v 14.486289 132.546707 2.127114
v 14.547591 132.957413 1.975862
v 14.559740 133.043259 1.941596
v 14.571637 133.128860 1.906427
v 14.626979 133.533630 1.735540
v 14.671251 133.943451 1.558063
v 14.681127 134.031219 1.518354
v 14.691123 134.118881 1.478180
v 14.737882 134.523224 1.289623
v 14.766382 134.931137 1.101935
v 14.773369 135.005447 1.066467
v 14.780581 135.079758 1.030723
v 14.804689 135.501968 0.851406
v 14.829656 135.926254 0.670769
v 14.839635 136.028076 0.607896
v 14.847832 136.129730 0.548847
v 14.819750 136.325668 0.819508
v 14.798278 136.500900 1.014324
v 14.763611 136.829849 1.282598
v 14.753639 137.172394 1.533098
v 14.780449 137.706909 1.847541
v 14.781977 138.258469 2.131958
v 15.013381 138.713989 2.434793
v 14.994684 139.271530 2.635546
v 14.941017 139.788528 2.780694
v 14.876076 140.312988 2.903718
v 14.857068 140.351791 2.899441
v 14.837985 140.390564 2.895071
v 14.585452 140.901550 2.833844
v 14.347443 141.423965 2.753102
v 14.128181 141.942398 2.657779
v 13.917441 142.468948 2.538769
v 13.793154 142.803741 2.455980
v 13.673558 143.140213 2.367022
v 13.610173 143.328842 2.312414
v 13.548906 143.518600 2.257804
v 13.393883 144.041336 2.097083
v 13.258330 144.568237 1.921155
v 13.147006 145.091553 1.734011
v 13.053617 145.617538 1.533646
v 12.990340 146.142456 1.321910
v 12.940639 146.670410 1.099212
v 12.919505 147.184494 0.830528
v 12.913150 147.689255 0.527628
v 12.940978 148.193039 0.199836
v 12.983660 148.697418 -0.148276
v 13.049672 149.201080 -0.520057
v 13.126348 149.693222 -0.925439
v 13.210403 150.171036 -1.363612
v 13.299761 150.611313 -1.846992
v 13.381538 150.993896 -2.374972
v 13.472078 151.299606 -2.943656
v 13.569945 151.513412 -3.542784
v 13.635821 151.645538 -4.172883
v 13.632716 151.655060 -4.239996
v 13.626773 151.664658 -4.309970
v 12.806212 151.620682 -4.406940
v 11.799258 151.533020 -4.592074
v 10.789664 151.568954 -4.787282
v 9.914981 151.744827 -4.957579
v 9.712195 151.804703 -4.999024
v 9.106571 152.064026 -5.132159
v 9.059272 151.920578 -4.641376
v 9.007421 151.740402 -4.181472
v 8.865917 151.433426 -3.490579
v 8.695780 151.146988 -2.827354
v 8.684081 151.121567 -2.769735
v 8.672400 151.096344 -2.712059
v 8.579515 150.836334 -2.119777
v 8.491552 150.585190 -1.517693
v 8.404597 150.276932 -0.864405
v 8.282075 149.888535 -0.247436
v 8.092531 149.408951 0.312342
v 7.865842 148.880112 0.834972
v 7.650161 148.408554 1.308044
v 7.433451 147.939011 1.796669
v 7.395504 147.874741 1.866901
v 7.358484 147.808319 1.938473
v 7.297903 147.649170 2.100808
v 7.237463 147.491119 2.262258
v 7.156153 147.160889 2.581683
v 7.085113 146.829254 2.897524
v 7.013809 146.351959 3.346105
v 6.950813 145.876648 3.790412
v 6.893265 145.483353 4.166873
v 6.829099 145.098404 4.543574
v 6.814358 145.009293 4.630061
v 6.801775 144.922531 4.713365
v 6.781567 143.771713 5.798414
v 6.729936 142.756821 6.762662
v 6.706819 142.102982 7.374493
v 6.691416 141.717941 7.729496
v 6.644979 140.740341 8.629930
v 6.638404 140.572403 8.784266
v 6.580034 139.785095 9.488836
v 6.567736 139.661850 9.596185
v 6.382452 138.849426 10.300243
v 6.332077 138.663254 10.462530
v 6.060500 137.933914 11.034291
v 5.499391 137.050522 11.766646
v 5.414938 136.964569 11.832226
v 4.978303 136.532532 12.131566
v 4.404369 136.277222 12.284219
v 3.759745 136.079773 12.386668
v 3.628775 136.044769 12.405328
v 3.497201 136.012665 12.420409
v 2.829926 135.872131 12.470787
v 2.133423 135.778824 12.495337
v 1.304565 135.763779 12.478157
v 0.473755 135.810349 12.430792
v -0.208682 135.927185 12.353242
v -0.866690 136.085541 12.254025
v -1.018196 136.126709 12.225064
v -1.170137 136.171814 12.191665
v -1.905525 136.421158 12.014602
v -2.539980 136.737839 11.779180
v -2.832356 136.961411 11.608072
v -3.120750 137.192734 11.423512
v -4.002060 138.139755 10.638291
v -4.106030 138.264542 10.536557
v -4.653049 139.077255 9.859708
v -4.918800 139.563919 9.455185
v -5.111524 140.055527 9.034763
v -5.439727 141.066879 8.167997
v -5.480156 141.201141 8.052484
v -5.739423 142.087830 7.276907
v -5.943928 143.048264 6.441901
v -5.974892 143.196381 6.310226
v -6.207895 144.312592 5.318142
v -6.280447 144.804245 4.890379
v -6.326643 144.973816 4.732695
v -6.368680 145.149155 4.568263
v -6.400098 145.276855 4.447296
v -6.427959 145.406570 4.325976
v -6.539321 145.884689 3.877904
v -6.636604 146.363144 3.433105
v -6.760498 146.858002 2.968668
v -6.882646 147.341965 2.518639
v -7.026849 147.613205 2.229953
v -7.150308 147.852020 1.978009
v -7.270708 148.112015 1.709277
v -7.410632 148.371689 1.444496
v -7.710343 148.893478 0.904509
v -8.015094 149.406204 0.362496
v -8.260772 149.837372 -0.177488
v -8.443843 150.210022 -0.760674
v -8.462046 150.238434 -0.816674
v -8.479396 150.263794 -0.874381
v -8.665687 150.560410 -1.558014
v -8.846932 150.834290 -2.252470
v -9.024528 151.106430 -2.943553
v -9.206354 151.386810 -3.627188
v -9.356362 151.635193 -4.227809
v -9.500057 151.843475 -4.879272
v -9.715577 151.760971 -4.840716
v -9.853300 151.714737 -4.807755
v -10.736649 151.523727 -4.601937
v -11.730437 151.497498 -4.363296
v -12.721121 151.565018 -4.121768
v -13.711327 151.596268 -3.866300
v -13.975410 151.597519 -3.831077
v -13.999474 151.546951 -3.627735
v -13.972892 151.498825 -3.444052
v -13.845450 151.270477 -2.853080
v -13.726938 150.980545 -2.289726
v -13.604047 150.583603 -1.788376
v -13.487872 150.161575 -1.306374
v -13.440187 149.966766 -1.139274
v -13.392916 149.772568 -0.973003
v -13.321709 149.483261 -0.725333
v -13.257649 149.186066 -0.489876
v -13.160049 148.678253 -0.124138
v -13.072873 148.171265 0.227209
v -13.006644 147.657608 0.551352
v -12.954170 147.142273 0.855090
v -12.931247 146.631226 1.149766
v -12.927096 146.118149 1.427674
v -12.953593 145.604996 1.694249
v -13.003558 145.090668 1.944413
v -13.082746 144.572586 2.181455
v -13.189338 144.055252 2.396226
v -13.200340 144.010513 2.414072
v -13.211632 143.966095 2.432416
v -13.340487 143.484116 2.608027
v -13.483893 143.003433 2.762079
v -13.667480 142.468155 2.905349
v -13.866922 141.942932 3.017033
v -14.067311 141.465195 3.098432
v -14.286641 140.998947 3.156967
v -14.314443 140.942368 3.162307
v -14.341852 140.885864 3.167072
v -14.603889 140.348312 3.202827
v -14.810188 139.791107 3.168572
v -14.776710 139.423340 2.973164
v -14.707351 139.068802 2.763848
v -14.666903 138.912811 2.660177
v -14.617235 138.760925 2.552634
v -14.724935 138.209671 2.310092
v -14.700271 137.667526 2.012516
v -14.708458 137.507004 1.907163
v -14.724471 137.349503 1.810621
v -14.762634 137.019745 1.541087
v -14.810193 136.671051 1.173387
v -14.809052 136.636032 1.186398
v -14.807284 136.600998 1.202838
v -14.796590 136.409698 1.311105
v -14.790565 136.216568 1.410840
v -14.786412 135.923233 1.553902
v -14.774445 135.625717 1.705799
v -14.766524 135.429855 1.806629
v -14.758458 135.235001 1.908774
v -14.746541 134.939880 2.063220
v -14.735178 134.644684 2.216890
v -14.732111 134.599930 2.239845
v -14.729011 134.555191 2.262772
v -14.718470 134.404160 2.339900
v -14.708422 134.252548 2.415859
v -14.690269 133.953796 2.560240
v -14.661242 133.657898 2.698014
v -14.641973 133.461105 2.789469
v -14.622725 133.263962 2.879097
v -14.591393 132.964828 3.004525
v -14.558414 132.668167 3.125809
v -14.548360 132.599838 3.151719
v -14.538251 132.531372 3.177367
v -14.518806 132.400986 3.225074
v -14.498970 132.269928 3.271582
v -14.453115 131.972198 3.372167
v -14.405540 131.675812 3.463235
v -14.371327 131.474319 3.519693
v -14.334389 131.271347 3.572017
v -14.278139 130.974915 3.644630
v -14.222536 130.679840 3.708189
v -14.182500 130.475571 3.746177
v -14.138579 130.270187 3.779413
v -14.074080 129.977036 3.824292
v -14.012329 129.684738 3.864414
v -13.967809 129.477356 3.885238
v -13.919913 129.269318 3.901666
v -13.850392 128.971848 3.924002
v -13.780278 128.674728 3.946070
v -13.742833 128.471008 3.957187
v -13.704648 128.266861 3.964958
v -13.648514 127.979530 3.970739
v -13.603406 127.688538 3.979848
v -13.569875 127.469200 3.986161
v -13.544360 127.248535 3.990783
v -13.508832 126.958496 3.995836
v -13.479581 126.665489 4.008372
v -13.455164 126.434830 4.018806
v -13.429408 126.205627 4.030222
v -13.395934 125.917839 4.045809
v -13.357711 125.629517 4.064227
v -13.328113 125.393822 4.080205
v -13.293594 125.158241 4.094980
v -13.253212 124.876320 4.111902
v -13.209391 124.595573 4.126965
v -13.170058 124.356071 4.141617
v -13.130469 124.116692 4.154379
v -13.090181 123.844254 4.163016
v -13.048755 123.574028 4.170067
v -13.010787 123.331436 4.177673
v -12.974131 123.087341 4.185296
v -12.943187 122.821770 4.189670
v -12.905497 122.558739 4.197104
v -12.870659 122.308800 4.204018
v -12.834482 122.054771 4.206551
v -12.796223 121.795921 4.206558
v -12.756393 121.536827 4.206012
v -12.716001 121.277580 4.201398
v -12.674912 121.016335 4.194859
v -12.634690 120.760277 4.188741
v -12.595110 120.504616 4.182872
v -12.553886 120.235939 4.174569
v -12.513370 119.966454 4.165200
v -12.480274 119.713638 4.149438
v -12.446517 119.460655 4.135856
v -12.409332 119.190186 4.126202
v -12.372969 118.919823 4.114455
v -12.359569 118.665184 4.094188
v -12.350162 118.414261 4.074505
v -12.337636 118.140846 4.057003
v -12.312344 117.865807 4.039561
v -12.286319 117.627762 4.026560
v -12.258813 117.391228 4.019029
v -12.253978 117.335159 4.017097
v -12.250699 117.278984 4.015132
v -12.257433 117.042313 4.007813
v -12.262145 116.805275 4.000588
v -12.265273 116.540359 3.992307
v -12.277216 116.275246 3.989556
v -12.442310 116.066612 3.985605
v -12.599521 115.855545 3.988129
v -12.785674 115.664162 3.989441
v -12.976801 115.481216 3.984642
v -12.977971 115.227989 3.946886
v -12.957059 114.974724 3.905290
v -12.953613 114.852699 3.890307
v -12.952904 114.729332 3.878609
v -12.959859 114.569084 3.867000
v -12.965003 114.409355 3.856085
v -12.967951 114.257935 3.845281
v -12.969093 114.107864 3.833381
v -12.969721 113.985374 3.821663
v -12.985567 113.864006 3.813105
v -13.030791 113.615921 3.799034
v -13.068501 113.371521 3.777308
v -13.093610 113.229202 3.767115
v -13.124245 113.085930 3.760761
v -13.147881 112.999062 3.759907
v -13.297385 112.656761 3.815467
v -13.420730 112.309937 3.863895
v -13.619881 111.780518 3.937319
v -13.822326 111.260048 4.014576
v -14.021443 110.744194 4.090904
v -14.217249 110.230431 4.166506
v -14.405489 109.717102 4.239430
v -14.585027 109.202309 4.310743
v -14.609578 109.144287 4.319485
v -14.632387 109.085510 4.327847
v -14.785636 108.630043 4.386639
v -14.934417 108.173477 4.443997
v -15.114334 107.660927 4.511901
v -15.288112 107.146378 4.576599
v -15.485863 106.642044 4.647410
v -15.670303 106.131958 4.713345
v -15.881569 105.635010 4.789956
v -16.075090 105.129395 4.859413
v -16.253389 104.614891 4.921759
v -16.426674 104.098404 4.981885
v -16.605978 103.585793 5.046926
v -16.757936 103.062439 5.097601
v -16.936649 102.549614 5.164633
v -17.085615 102.025322 5.214905
v -17.229813 101.561310 5.266783
v -17.356451 101.091263 5.308358
v -17.371912 101.035179 5.313513
v -17.387617 100.979179 5.318833
v -17.539021 100.456879 5.372372
v -17.687742 99.934006 5.424278
v -17.847246 99.415298 5.485909
v -17.980072 98.886314 5.529272
v -18.134495 98.366295 5.587622
v -18.278246 97.842308 5.639647
v -18.389395 97.424126 5.679644
v -18.493742 97.003738 5.714204
v -18.524687 96.897087 5.726228
v -18.554659 96.790062 5.737424
v -18.707537 96.269745 5.798493
v -18.859283 95.748802 5.858931
v -19.011572 95.227722 5.921159
v -19.153410 94.702972 5.975272
v -19.306173 94.182518 6.038882
v -19.440836 93.655174 6.087709
v -19.542898 93.286827 6.128767
v -19.643002 92.917877 6.168538
v -19.685087 92.762634 6.185450
v -19.726099 92.606972 6.201395
v -19.871552 92.084724 6.263270
v -20.011278 91.559845 6.320600
v -20.168692 91.042816 6.394900
v -20.308743 90.518654 6.453915
v -20.460247 89.998306 6.524704
v -20.601662 89.474335 6.586171
v -20.693134 89.150276 6.628149
v -20.779127 88.824150 6.665027
v -20.832901 88.625847 6.689071
v -20.885403 88.427025 6.711878
v -21.033804 87.906822 6.782633
v -21.178871 87.384880 6.850283
v -21.320524 86.861320 6.916306
v -21.452000 86.333893 6.972081
v -21.607382 85.816612 7.054239
v -21.740499 85.290062 7.114069
v -21.818441 85.005753 7.152561
v -21.892403 84.720055 7.187124
v -21.951891 84.479729 7.213678
v -22.008524 84.238365 7.237233
v -22.148659 83.715446 7.307389
v -22.278053 83.188354 7.366275
v -22.428099 82.670189 7.450224
v -22.550117 82.140228 7.503404
v -22.699591 81.621605 7.587880
v -22.829575 81.095055 7.651863
v -22.894569 80.846420 7.686306
v -22.956842 80.596771 7.717860
v -23.029295 80.322243 7.757327
v -23.097912 80.046028 7.792405
v -23.231339 79.522057 7.863983
v -23.355291 78.994034 7.924124
v -23.493670 78.472038 8.003876
v -23.622131 77.945686 8.071736
v -23.751558 77.419945 8.142384
v -23.876171 76.892357 8.207629
v -23.932394 76.671989 8.240472
v -23.986135 76.450584 8.270164
v -24.057756 76.145432 8.308442
v -24.125925 75.838837 8.341897
v -24.253111 75.313812 8.416362
v -24.370771 74.784882 8.478402
v -24.506536 74.264244 8.568614
v -24.624073 73.735641 8.633385
v -24.749750 73.211311 8.711378
v -24.873304 72.685936 8.788923
v -24.920046 72.481422 8.817976
v -24.967718 72.277306 8.848196
v -25.040958 71.955284 8.894255
v -25.106808 71.629723 8.930883
v -25.229605 71.104752 9.011409
v -25.334049 70.572746 9.068103
v -25.468054 70.056755 9.172752
v -25.582090 69.530479 9.253063
v -25.695581 69.002289 9.330144
v -25.799088 68.471054 9.397229
v -25.843567 68.248055 9.427133
v -25.885609 68.024452 9.455185
v -24.979786 68.062172 9.996706
v -23.973984 68.028831 10.317628
v -22.925978 67.957947 10.431918
v -21.872002 67.879379 10.436086
v -20.819540 67.801476 10.375938
v -19.772387 67.727409 10.252048
v -18.726965 67.654564 10.114194
v -17.684032 67.583527 9.957555
v -16.647190 67.516129 9.763242
v -15.619039 67.453056 9.526029
v -14.602350 67.394882 9.242858
v -13.600295 67.342194 8.911099
v -12.614181 67.294914 8.534029
v -11.868126 67.260696 8.232164
v -11.639472 67.251099 8.128606
v -10.693328 67.214470 7.659621
v -10.465959 67.205498 7.545175
v -10.437731 67.384758 7.555743
v -10.271138 68.440453 7.619437
v -10.118178 69.499413 7.657562
v -9.963908 70.557861 7.698967
v -9.846926 71.307533 7.742452
v -9.800653 71.614212 7.757432
v -9.635932 72.670181 7.819453
v -9.472659 73.726555 7.879068
v -9.309585 74.782951 7.938934
v -9.148411 75.839897 7.995816
v -9.013146 76.707611 8.047979
v -8.983470 76.895927 8.059922
v -8.820791 77.952690 8.119997
v -8.652150 79.007744 8.191342
v -8.482982 80.062515 8.265056
v -8.312843 81.117058 8.341230
v -8.161749 82.103516 8.398336
v -8.150707 82.173943 8.402894
v -7.980503 83.228180 8.481168
v -7.811578 84.283066 8.557518
v -7.640838 85.337059 8.638719
v -7.477865 86.393623 8.704864
v -7.303658 87.496552 8.782760
v -7.140805 88.503143 8.864326
v -6.966635 89.555595 8.961072
v -6.800546 90.611229 9.040962
v -6.629766 91.664635 9.135967
v -6.461244 92.719261 9.227760
v -6.433322 92.883835 9.246769
v -6.286694 93.771416 9.339988
v -6.109029 94.821449 9.466726
v -5.933198 95.871666 9.596389
v -5.751354 96.917442 9.757228
v -5.566522 97.959770 9.941452
v -5.515702 98.237968 9.998900
v -5.379840 98.997612 10.153481
v -5.192683 100.028877 10.406802
v -5.002300 101.037567 10.745885
v -4.820569 102.021866 11.171245
v -4.675043 102.851799 11.554018
v -4.444105 101.957657 11.450440
v -4.052571 100.997643 11.159533
v -3.662007 100.042900 10.867496
v -3.347914 99.029427 10.754759
v -3.027210 98.021233 10.647070
v -2.685580 97.022636 10.525086
v -2.389960 96.001335 10.476751
v -2.129844 94.970055 10.475387
v -1.877262 93.937492 10.492223
v -1.661791 92.899750 10.532119
v -1.463702 91.858765 10.587652
v -1.430441 91.737106 10.588938
v -1.247464 90.823921 10.632062
v -1.094645 89.776085 10.709897
v -0.831025 88.751282 10.744911
v -0.662926 87.705986 10.818265
v -0.393240 86.682182 10.863528
v -0.163471 85.648186 10.924953
v 0.033485 84.607788 10.997191
v 0.255897 83.572685 11.068208
v 0.461806 82.534172 11.145509
v 0.636635 81.490379 11.229955
v 0.846040 80.453415 11.312014
v 1.010301 79.408333 11.400691
v 1.090867 79.033089 11.431060
v 1.224741 78.373108 11.486029
v 1.401841 77.331024 11.577847
v 1.603123 76.293167 11.671494
v 1.803008 75.255150 11.766785
v 2.021210 74.221474 11.864272
v 2.231355 73.186485 11.965257
v 2.438629 72.151184 12.069937
v 2.646763 71.116112 12.177791
v 2.847920 70.080063 12.290572
v 3.029560 69.041161 12.409659
v 3.202731 68.002739 12.535307
v 3.290850 67.333656 12.622918
v 3.412062 67.574112 13.550454
v 3.476205 67.816704 14.569219
v 3.402529 68.025528 15.595366
v 3.193159 68.192337 16.610769
v 2.904121 68.330757 17.610743
v 2.624956 68.473137 18.612711
v 2.458690 68.647003 19.634518
v 2.466261 68.848961 20.664675
v 2.623028 69.061607 21.680969
v 2.884985 69.277039 22.674940
v 3.234993 69.492722 23.641439
v 3.679981 69.706001 24.568562
v 4.240879 69.911263 25.432302
v 4.942987 70.096550 26.190880
v 5.799476 70.239952 26.781300
v 6.787926 70.309898 27.128740
v 7.836450 70.274429 27.174839
v 8.840186 70.115997 26.909931
v 9.702827 69.838936 26.378870
v 10.365666 69.463379 25.655796
v 10.800473 69.012024 24.812859
v 10.918820 68.759689 24.364065
v 10.885066 68.995338 24.277657
v 10.704183 69.984238 23.907480
v 10.526710 70.974144 23.538988
v 10.495826 71.129883 23.480211
v 10.395694 71.972618 23.174150
v 10.244438 72.968063 22.805964
v 10.082871 73.961235 22.436714
v 9.900340 74.949402 22.064999
v 9.783131 75.864273 21.730587
v 9.769056 75.947563 21.699554
v 9.634185 76.945427 21.332115
v 9.482323 77.940163 20.962582
v 9.323851 78.933434 20.591644
v 9.157314 79.924408 20.219971
v 9.048660 80.592598 19.969679
v 9.006264 80.917969 19.849665
v 8.878462 81.916206 19.481737
v 8.728236 82.910179 19.110233
v 8.578205 83.903877 18.738535
v 8.408333 84.893188 18.365154
v 8.354935 85.323936 18.206179
v 8.272408 85.888710 17.995447
v 8.164805 86.888565 17.626856
v 8.044690 87.886665 17.256548
v 7.850886 88.869240 16.876886
v 7.803337 89.876343 16.515673
v 7.778809 90.064995 16.444635
v 7.725666 90.880112 16.149445
v 7.630005 91.881737 15.780552
v 7.522297 92.881660 15.409291
v 7.352327 93.867516 15.025813
v 7.403129 94.831482 14.712039
v 7.371988 95.896294 14.339838
v 7.310346 96.903481 13.976348
v 7.235702 97.908287 13.608645
v 7.144711 98.908852 13.233828
v 7.127184 99.626862 12.995009
v 7.113528 99.926018 12.891860
v 7.093581 100.951912 12.563710
v 7.034059 101.975845 12.213276
v 6.900962 102.987427 11.800906
v 6.854874 103.178520 11.715543
v 7.443582 101.991638 11.688304
v 7.737200 100.884605 11.492852
v 7.983780 99.899101 11.319645
v 8.263648 98.851860 11.157619
v 8.541987 97.805336 11.007981
v 8.577044 97.673416 10.989711
v 8.807601 96.755249 10.858920
v 9.079607 95.705116 10.724973
v 9.359836 94.654968 10.610147
v 9.407020 94.451195 10.582003
v 9.630908 93.603233 10.496311
v 9.946384 92.558342 10.451942
v 10.302809 91.528450 10.507129
v 10.382785 91.256454 10.499071
v 10.703377 90.558739 10.740048
v 10.989956 89.527328 10.529915
v 11.321197 88.489662 10.498363
v 11.435055 88.150879 10.513556
v 11.686883 87.472008 10.627975
v 11.990694 86.435387 10.489141
v 12.315231 85.396309 10.460609
v 12.451266 84.988892 10.488067
v 12.666927 84.372040 10.566163
v 12.993451 83.333626 10.569494
v 13.303542 82.288567 10.528770
v 13.442139 81.805305 10.494025
v 13.587188 81.248604 10.386693
v 13.831151 80.231567 10.077076
v 14.121310 79.188095 9.973475
v 14.305786 78.644012 10.032722
v 14.481513 78.176552 10.144117
v 14.824618 77.148911 10.251692
v 15.148318 76.109886 10.279058
v 15.335479 75.485764 10.267629
v 15.460355 75.064903 10.255081
v 15.761513 74.019974 10.198710
v 16.050531 72.975235 10.066013
v 16.237648 72.279549 9.986471
v 16.328848 71.931961 9.921089
v 16.588255 70.925919 9.597444
v 16.862274 69.883354 9.433852
v 17.072229 69.113312 9.391424
v 17.145193 68.832024 9.363091
v 17.311907 68.172012 9.285459
v 18.057070 68.263786 9.189543
v 19.109238 68.404030 9.044046
v 20.161825 68.548447 8.916900
v 20.828032 68.640129 8.845139
v 21.215319 68.693741 8.803096
v 22.268108 68.840096 8.683591
v 23.321302 68.988152 8.566854
v 24.373772 69.138786 8.446186
v 25.425016 69.292076 8.319362
v 26.475325 69.447044 8.189869
v 27.525396 69.603371 8.060272
v 28.575354 69.761284 7.931727
v 29.623880 69.921532 7.796598
v 30.660694 70.083031 7.593683
v 31.623087 70.207558 7.148009
v 31.781019 70.192841 6.942956
v 32.232368 70.127800 6.279510
v 1.151382 131.925430 13.245502
v 0.537824 131.853745 13.241649
v 0.073494 131.786545 13.244903
v -0.965214 131.625900 13.248965
v -2.377863 131.390793 13.273829
v -3.712208 131.127563 13.303466
v -4.578969 130.940857 13.305508
v 1.996139 131.747345 13.248664
v 2.181745 131.705063 13.251559
v 3.563494 131.382065 13.266252
v 4.938797 131.027206 13.289882
v 6.240998 130.637619 13.309937
v 6.763040 130.442719 13.314022
v 1.121508 133.487579 13.224624
v 2.141548 133.630478 13.241879
v 3.414240 133.840546 13.291511
v 3.664420 133.882889 13.300179
v 5.124037 134.151550 13.362268
v 6.497777 134.454575 13.432586
v 7.042407 134.580215 13.455649
v 0.509872 133.614471 13.201891
v -1.029923 133.969284 13.169895
v -1.168985 134.004166 13.168702
v -2.506048 134.328537 13.138796
v -3.904722 134.684952 13.112255
v -4.796438 134.935959 13.093146
v -24.973547 68.598686 9.827956
v -24.983318 69.618141 9.568103
v -24.979071 70.634377 9.291695
v -24.974594 71.653671 9.019264
v -23.988935 68.696953 10.177358
v -24.010614 69.722153 9.949367
v -24.027731 70.748329 9.719676
v -24.036394 71.772362 9.474216
v -24.036243 72.794495 9.217834
v -24.032236 73.817963 8.964202
v -24.017498 74.838669 8.696999
v -23.998152 75.858932 8.425004
v -22.956335 68.757118 10.356709
v -22.992094 69.793755 10.192828
v -23.022669 70.827995 10.011516
v -23.046560 71.859612 9.812401
v -23.064514 72.889908 9.603021
v -23.077349 73.919853 9.387717
v -23.083281 74.948647 9.161801
v -23.079821 75.974586 8.919676
v -23.070082 76.999962 8.672812
v -23.053656 78.024864 8.420139
v -23.025038 79.046455 8.153548
v -22.986156 80.064964 7.874616
v -21.909229 68.802101 10.420672
v -21.952185 69.846703 10.325789
v -21.992403 70.888550 10.203477
v -22.028303 71.927803 10.058335
v -22.059355 72.965057 9.896148
v -22.085409 74.000954 9.721286
v -22.105215 75.035210 9.532526
v -22.117603 76.067230 9.328448
v -22.124439 77.098488 9.117138
v -22.125299 78.128952 8.898531
v -22.118002 79.157921 8.669249
v -22.098623 80.183273 8.421828
v -22.066549 81.204765 8.157389
v -22.029404 82.225677 7.890630
v -21.976347 83.241104 7.604743
v -21.916212 84.255463 7.314351
v -20.859871 68.843987 10.414836
v -20.904785 69.892204 10.380374
v -20.949657 70.938774 10.314029
v -20.992531 71.983261 10.220129
v -21.032232 73.025787 10.104481
v -21.068094 74.066666 9.971948
v -21.099411 75.106056 9.824635
v -21.125301 76.143761 9.662133
v -21.145929 77.180214 9.488137
v -21.160925 78.215538 9.303858
v -21.169003 79.249458 9.108121
v -21.167963 80.280952 8.896842
v -21.157248 81.309761 8.670458
v -21.139139 82.336906 8.434804
v -21.110983 83.361305 8.185837
v -21.071796 84.382874 7.923536
v -21.022203 85.401611 7.650434
v -20.964499 86.418724 7.371930
v -20.898552 87.433990 7.085427
v -20.811171 88.441612 6.779236
v -19.776346 67.841560 10.262158
v -19.812101 68.886742 10.355658
v -19.855833 69.935516 10.369966
v -19.901535 70.984039 10.353869
v -19.947538 72.031540 10.308697
v -19.992371 73.077675 10.239347
v -20.035032 74.122452 10.150539
v -20.074724 75.165939 10.045178
v -20.110569 76.208023 9.923501
v -20.142143 77.248810 9.787796
v -20.169065 78.288452 9.640025
v -20.190720 79.326973 9.480911
v -20.205650 80.363884 9.307807
v -20.212645 81.398712 9.119197
v -20.211790 82.431541 8.916997
v -20.201473 83.461739 8.699651
v -20.180918 84.489136 8.467789
v -20.151363 85.514221 8.225068
v -20.114511 86.537979 7.975320
v -20.068207 87.559196 7.715055
v -20.007366 88.576355 7.439648
v -19.935949 89.590355 7.153661
v -19.857849 90.603035 6.863035
v -19.764782 91.610474 6.559515
v -19.670061 92.618553 6.256523
v -18.735056 67.888664 10.135003
v -18.768337 68.932045 10.247499
v -18.808804 69.979614 10.304621
v -18.852758 71.028122 10.332489
v -18.898880 72.076714 10.332370
v -18.945765 73.124809 10.307657
v -18.992224 74.172096 10.261869
v -19.037294 75.218437 10.197843
v -19.080105 76.263756 10.116705
v -19.120014 77.307999 10.020229
v -19.156534 78.351234 9.910449
v -19.189129 79.393547 9.788552
v -19.216703 80.434677 9.652929
v -19.238043 81.474236 9.501800
v -19.252466 82.511963 9.335410
v -19.259090 83.547630 9.153863
v -19.257265 84.581093 8.957734
v -19.246778 85.612312 8.748164
v -19.227783 86.641495 8.527042
v -19.199324 87.668175 8.293645
v -19.159245 88.691811 8.046588
v -19.108442 89.712334 7.787108
v -19.049343 90.730736 7.519647
v -18.980818 91.746628 7.243319
v -18.902472 92.759766 6.957775
v -18.821554 93.773186 6.672441
v -18.737928 94.786873 6.387759
v -18.647352 95.799278 6.097713
v -17.696297 67.937523 9.989643
v -17.728668 68.980492 10.106511
v -17.765806 70.026314 10.192348
v -17.806593 71.073578 10.255485
v -17.850584 72.121742 10.294717
v -17.896832 73.170235 10.311207
v -17.944288 74.218597 10.306756
v -17.991957 75.266571 10.283446
v -18.038954 76.313957 10.242633
v -18.084530 77.360634 10.185675
v -18.128035 78.406555 10.114200
v -18.168877 79.451736 10.029585
v -18.206251 80.496063 9.931413
v -18.239170 81.539299 9.818410
v -18.266806 82.581207 9.690145
v -18.288332 83.621567 9.546589
v -18.302807 84.660149 9.387511
v -18.309435 85.696709 9.213058
v -18.307894 86.731224 9.024583
v -18.297567 87.763481 8.822442
v -18.277472 88.793320 8.606683
v -18.246687 89.820152 8.376317
v -18.206211 90.844353 8.134130
v -18.155479 91.865707 7.880362
v -18.094946 92.884262 7.616240
v -18.028746 93.901688 7.347897
v -17.959368 94.919151 7.078676
v -17.881113 95.934349 6.802022
v -17.808096 96.952721 6.533881
v -17.710361 97.962715 6.240511
v -17.613829 98.974251 5.952088
v -17.505522 99.982750 5.654556
v -16.663418 67.989861 9.808439
v -16.694860 69.032433 9.928905
v -16.728849 70.076591 10.034553
v -16.765850 71.122093 10.124920
v -16.806234 72.168854 10.196928
v -16.849701 73.216499 10.249819
v -16.895611 74.264641 10.283768
v -16.943159 75.312981 10.299619
v -16.991543 76.361252 10.298224
v -17.039991 77.409248 10.280466
v -17.087782 78.456841 10.247507
v -17.134249 79.503960 10.200671
v -17.178715 80.550545 10.140353
v -17.220406 81.596458 10.065893
v -17.258505 82.641502 9.976553
v -17.292164 83.685486 9.871912
v -17.320431 84.728188 9.751515
v -17.342344 85.769325 9.615026
v -17.357203 86.808739 9.463037
v -17.364243 87.846230 9.295858
v -17.362555 88.881615 9.113655
v -17.350754 89.914276 8.915036
v -17.328726 90.944138 8.701399
v -17.296366 91.971130 8.474030
v -17.253859 92.995232 8.234188
v -17.203453 94.017258 7.985975
v -17.147072 95.038025 7.732610
v -17.084200 96.057350 7.473654
v -17.021370 97.077637 7.216882
v -16.946012 98.094131 6.947301
v -16.866381 99.110107 6.675562
v -16.776434 100.123558 6.395775
v -16.691679 101.140747 6.124806
v -16.578243 102.149506 5.830872
v -16.445539 103.153564 5.526741
v -16.286243 104.149574 5.206867
v -15.638570 68.046211 9.587354
v -15.668874 69.088310 9.711955
v -15.700038 70.131081 9.831326
v -15.733226 71.174828 9.941872
v -15.769320 72.219780 10.039693
v -15.808581 73.265800 10.123034
v -15.850883 74.312706 10.190839
v -15.895816 75.360260 10.242718
v -15.942821 76.408226 10.278681
v -15.991252 77.456390 10.299045
v -16.040440 78.504570 10.304393
v -16.089705 79.552628 10.295660
v -16.138390 80.600471 10.273457
v -16.185837 81.647995 10.237605
v -16.231333 82.695091 10.187470
v -16.274117 83.741570 10.122584
v -16.313326 84.787285 10.042371
v -16.347992 85.831993 9.946128
v -16.377184 86.875443 9.833655
v -16.399940 87.917412 9.704852
v -16.415268 88.957680 9.559754
v -16.421730 89.995720 9.397050
v -16.418497 91.031242 9.217067
v -16.405031 92.063988 9.020722
v -16.381027 93.093758 8.808993
v -16.347500 94.120842 8.584797
v -16.306200 95.145897 8.351707
v -16.257765 96.169136 8.111073
v -16.205633 97.191719 7.867524
v -16.146038 98.212227 7.616360
v -16.082733 99.232079 7.362727
v -16.014574 100.251091 7.105634
v -15.947837 101.271744 6.852843
v -15.866101 102.288872 6.588420
v -15.767143 103.302208 6.312758
v -15.637435 104.306755 6.016250
v -15.490198 105.307251 5.711771
v -15.284781 106.286377 5.372457
v -15.052752 107.254166 5.015006
v -14.830283 108.225967 4.653265
v -14.623900 68.107018 9.324372
v -14.652898 69.148613 9.453367
v -14.681673 70.190331 9.582119
v -14.711513 71.232628 9.706574
v -14.743303 72.275780 9.823602
v -14.777748 73.319908 9.930872
v -14.815132 74.364975 10.026771
v -14.855509 75.410912 10.110049
v -14.898688 76.457588 10.179889
v -14.944312 77.504829 10.235962
v -14.991895 78.552490 10.278188
v -15.040874 79.600403 10.306912
v -15.090645 80.648438 10.322536
v -15.140617 81.696510 10.325107
v -15.190185 82.744507 10.314179
v -15.238715 83.792313 10.289418
v -15.285471 84.839821 10.250192
v -15.329612 85.886833 10.195706
v -15.370185 86.933159 10.125174
v -15.406181 87.978554 10.038085
v -15.436543 89.022797 9.934130
v -15.459894 90.065483 9.812082
v -15.474921 91.106194 9.671233
v -15.480533 92.144547 9.511661
v -15.475833 93.180122 9.333750
v -15.460784 94.212822 9.139350
v -15.436218 95.242867 8.931399
v -15.403002 96.270462 8.712236
v -15.363663 97.296349 8.485974
v -15.318390 98.320541 8.253118
v -15.270556 99.344131 8.018219
v -15.221588 100.367714 7.783069
v -15.175104 101.392654 7.552426
v -15.123314 102.416931 7.318292
v -15.059113 103.438965 7.074723
v -14.970759 104.455315 6.812310
v -14.859497 105.466385 6.535075
v -14.703193 106.463760 6.227900
v -14.507445 107.445732 5.891423
v -14.307345 108.424744 5.542919
v -14.091399 109.398918 5.178879
v -13.867905 110.376549 4.808476
v -13.623329 111.359573 4.430987
v -13.362406 112.361588 4.045191
v -14.768974 135.654526 1.952644
v -14.764521 136.643250 1.727230
v -13.621600 68.172630 9.018414
v -13.649370 69.213799 9.151230
v -13.676547 70.254906 9.285168
v -13.703661 71.296104 9.418876
v -13.731600 72.337769 9.549438
v -13.761371 73.380112 9.674257
v -13.793376 74.423187 9.792084
v -13.828052 75.467079 9.901237
v -13.865648 76.511810 10.000171
v -13.906157 77.557320 10.088004
v -13.949407 78.603508 10.164035
v -13.995058 79.650261 10.228045
v -14.042673 80.697441 10.280009
v -14.091758 81.744965 10.319964
v -14.141823 82.792747 10.347402
v -14.192360 83.840683 10.362206
v -14.242797 84.888695 10.363847
v -14.292464 85.936668 10.351583
v -14.340575 86.984459 10.324433
v -14.386233 88.031914 10.281544
v -14.428428 89.078842 10.222147
v -14.465935 90.124931 10.145061
v -14.497294 91.169830 10.048787
v -14.521044 92.213097 9.932407
v -14.535723 93.254204 9.795345
v -14.540306 94.292717 9.638113
v -14.534510 95.328423 9.462560
v -14.518657 96.361252 9.271072
v -14.494362 97.391548 9.067357
v -14.463295 98.419731 8.854525
v -14.428859 99.446739 8.637504
v -14.394630 100.473747 8.420992
v -14.365456 101.502281 8.211331
v -14.338768 102.531914 8.005710
v -14.308555 103.561546 7.797569
v -14.265111 104.589134 7.576859
v -14.200569 105.613197 7.338214
v -14.109662 106.631958 7.078229
v -13.958419 107.629509 6.769485
v -13.789505 108.616753 6.439137
v -13.601047 109.595779 6.088015
v -13.400260 110.572868 5.728166
v -13.179835 111.549210 5.361840
v -12.947639 112.525841 5.002367
v -12.723822 113.498123 4.719454
v -12.642690 114.523392 4.531227
v -12.840258 115.540154 4.486773
v -12.262762 116.343262 4.227485
v -14.018186 129.710953 4.060175
v -14.250735 130.733749 4.109334
v -14.459375 131.761703 4.075765
v -14.630658 132.790451 3.949058
v -14.721942 133.813217 3.733819
v -14.743388 134.820663 3.462566
v -14.716408 135.804550 3.177079
v -14.666138 136.763397 2.957765
v -14.616440 137.762024 2.893162
v -14.554613 138.780945 2.741667
v -12.633652 68.243309 8.669681
v -12.662088 69.284698 8.800839
v -12.687300 70.325157 8.940150
v -12.712605 71.365715 9.079086
v -12.737414 72.406288 9.218589
v -12.763129 73.447166 9.355623
v -12.789958 74.488426 9.489799
v -12.818707 75.530281 9.618979
v -12.849904 76.572861 9.741401
v -12.883916 77.616211 9.855707
v -12.920860 78.660332 9.960873
v -12.960709 79.705170 10.056206
v -13.003270 80.750641 10.141261
v -13.048215 81.796669 10.216022
v -13.095230 82.843208 10.279677
v -13.143961 83.890160 10.332108
v -13.193972 84.937462 10.373039
v -13.244797 85.985054 10.402014
v -13.295885 87.032867 10.418019
v -13.346573 88.080818 10.420021
v -13.396052 89.128792 10.406941
v -13.443369 90.176605 10.377667
v -13.487233 91.224060 10.330272
v -13.526158 92.270805 10.262977
v -13.558414 93.316345 10.174069
v -13.582282 94.360123 10.062539
v -13.596395 95.401604 9.928603
v -13.599927 96.440315 9.773509
v -13.593106 97.476051 9.599855
v -13.577243 98.508965 9.411311
v -13.555264 99.539665 9.213003
v -13.531694 100.569420 9.011638
v -13.512384 101.599937 8.815490
v -13.499216 102.631889 8.627716
v -13.495111 103.666298 8.452277
v -13.495562 104.702538 8.280807
v -13.475629 105.736694 8.086389
v -13.414817 106.762772 7.856442
v -13.321507 107.777702 7.596931
v -13.183566 108.771751 7.289113
v -13.025017 109.755333 6.956362
v -12.856834 110.734146 6.616333
v -12.682803 111.710320 6.279066
v -12.509827 112.684448 5.964154
v -12.350672 113.668327 5.705403
v -12.218630 114.669548 5.499946
v -12.482642 115.661888 5.503720
v -12.124854 116.582291 5.255932
v -12.194946 117.588257 5.095825
v -12.309355 118.582497 4.965515
v -12.453065 119.589531 4.866604
v -12.607533 120.603844 4.782992
v -12.755260 121.624939 4.743334
v -12.891092 122.646301 4.720144
v -13.028966 123.673538 4.726243
v -13.172424 124.711082 4.755911
v -13.283246 125.764542 4.794889
v -13.353203 126.819740 4.870382
v -13.491592 127.852905 5.025760
v -13.754737 128.864929 5.197505
v -14.043488 129.874985 5.326762
v -14.327750 130.898834 5.384449
v -14.566602 131.937408 5.348773
v -14.746732 132.984329 5.210006
v -14.796046 134.024323 4.975105
v -14.747017 135.034470 4.686821
v -14.649631 136.001770 4.386818
v -14.526610 136.953705 4.129439
v -14.352155 137.934052 3.947710
v -14.155688 138.923065 3.707381
v -14.413367 139.938293 3.630054
v -11.666945 68.320465 8.266892
v -11.691935 69.360901 8.406512
v -11.715987 70.401115 8.548600
v -11.741134 71.441666 8.688117
v -11.763034 72.481361 8.834538
v -11.785255 73.521141 8.980376
v -11.807777 74.561035 9.125745
v -11.831256 75.601204 9.269202
v -11.856287 76.641838 9.409148
v -11.883619 77.683098 9.543735
v -11.913458 78.724998 9.672137
v -11.946089 79.767570 9.793404
v -11.981616 80.810837 9.906684
v -12.019908 81.854706 10.011955
v -12.060859 82.899239 10.108175
v -12.104397 83.944344 10.194753
v -12.150190 84.989975 10.271694
v -12.197935 86.036064 10.338929
v -12.247302 87.082603 10.395612
v -12.297912 88.129570 10.440709
v -12.349243 89.176949 10.472910
v -12.400682 90.224632 10.491461
v -12.451324 91.272583 10.494488
v -12.500056 92.320656 10.479866
v -12.545360 93.368584 10.445017
v -12.585361 94.415924 10.387343
v -12.618055 95.462128 10.305099
v -12.641419 96.506432 10.197310
v -12.653986 97.548134 10.064403
v -12.655374 98.586716 9.908585
v -12.646895 99.622032 9.733950
v -12.632302 100.654778 9.547359
v -12.617602 101.686523 9.358381
v -12.610925 102.719727 9.180612
v -12.627000 103.757568 9.035703
v -12.643184 104.794273 8.885962
v -12.630614 105.824600 8.702033
v -12.612887 106.856689 8.532378
v -12.574496 107.883240 8.338017
v -12.477157 108.890007 8.066882
v -12.350715 109.880508 7.760559
v -12.207082 110.860695 7.440444
v -12.066560 111.837402 7.129983
v -11.950835 112.819191 6.859688
v -11.857891 113.808144 6.640143
v -11.791904 114.806229 6.467910
v -12.001190 115.799095 6.466448
v -11.829656 116.777298 6.265625
v -11.958595 117.777138 6.158171
v -12.122048 118.774635 6.067459
v -12.294562 119.779663 5.997556
v -12.449935 120.797379 5.930258
v -12.586921 121.824097 5.897431
v -12.725801 122.855103 5.866325
v -12.853763 123.885620 5.868874
v -12.953254 124.927208 5.893611
v -13.010978 125.980278 5.929093
v -13.074785 127.015564 6.027319
v -13.310829 128.024796 6.230540
v -13.656357 129.014694 6.444705
v -14.038368 130.014221 6.604122
v -14.398376 131.047882 6.673363
v -14.680452 132.105408 6.636503
v -14.803925 133.184753 6.499312
v -14.768799 134.249268 6.235043
v -14.622359 135.283142 5.906464
v -14.424367 136.236221 5.567060
v -14.189928 137.171432 5.241941
v -13.905166 138.117355 4.943534
v -13.690274 139.102966 4.635517
v -13.634135 140.119247 4.302732
v -13.512117 141.101303 3.867805
v -13.396431 142.080032 3.395675
v -13.290561 143.059799 2.897323
v -13.551279 150.960022 -2.308137
v -13.655765 151.492935 -3.451288
v -10.695782 67.362030 7.681339
v -10.712492 68.400871 7.836356
v -10.740470 69.442352 7.970075
v -10.764393 70.482719 8.112419
v -10.789985 71.523506 8.251208
v -10.807937 72.562210 8.405845
v -10.828264 73.601555 8.555890
v -10.847525 74.640572 8.708536
v -10.867255 75.679695 8.860618
v -10.887332 76.718910 9.012164
v -10.909081 77.758568 9.160378
v -10.932210 78.798508 9.305871
v -10.957411 79.838890 9.447227
v -10.985089 80.879845 9.583257
v -11.015595 81.921402 9.713138
v -11.048509 82.963509 9.837110
v -11.084512 84.006302 9.952935
v -11.123228 85.049675 10.061224
v -11.164626 86.093590 10.161553
v -11.208396 87.138008 10.253793
v -11.254371 88.182930 10.337305
v -11.302356 89.228416 10.410447
v -11.352029 90.274376 10.472959
v -11.402864 91.320877 10.523890
v -11.454327 92.367935 10.561354
v -11.505533 93.415581 10.582707
v -11.555130 94.463722 10.584194
v -11.601293 95.512093 10.562284
v -11.641536 96.560112 10.513397
v -11.673089 97.606895 10.434741
v -11.693413 98.651382 10.325109
v -11.701080 99.692421 10.185402
v -11.697352 100.729523 10.020381
v -11.687873 101.763725 9.841008
v -11.686622 102.799561 9.673250
v -11.686494 103.834023 9.497558
v -11.628576 104.823952 9.154738
v -11.671826 105.870842 9.125369
v -11.723857 106.916725 9.096091
v -11.723299 107.954185 8.963541
v -11.668745 108.974770 8.746535
v -11.575488 109.975952 8.474252
v -11.454415 110.960670 8.178660
v -11.344069 111.941650 7.897113
v -11.272784 112.933983 7.668711
v -11.236994 113.932610 7.495270
v -11.236482 114.937256 7.366420
v -11.380837 115.936295 7.342314
v -11.382637 116.941910 7.228564
v -11.550498 117.940788 7.172677
v -11.731644 118.946976 7.115130
v -11.904155 119.964943 7.069677
v -12.064893 120.986649 7.016945
v -12.207747 122.016716 6.993282
v -12.349318 123.052711 6.961133
v -12.457877 124.096268 6.953434
v -12.515742 125.136650 6.959043
v -12.519695 126.173866 6.975412
v -12.698458 127.192642 7.147067
v -13.042261 128.170197 7.418769
v -13.494258 129.133163 7.690706
v -13.998057 130.116837 7.890327
v -14.378484 131.206085 7.976342
v -14.599466 132.292130 7.929681
v -14.642903 133.410812 7.769233
v -14.528304 134.491608 7.478095
v -14.301371 135.518417 7.102253
v -14.009151 136.469589 6.693820
v -13.689987 137.385635 6.284977
v -13.333896 138.306458 5.871922
v -13.087451 139.300827 5.476376
v -12.912604 140.307800 5.033082
v -12.748696 141.304413 4.543165
v -12.590847 142.290619 4.015362
v -12.443039 143.270248 3.457994
v -12.314200 144.251144 2.879968
v -12.214290 145.236465 2.279354
v -12.156384 146.224945 1.650526
v -12.151225 147.211792 0.980169
v -12.205405 148.188828 0.251394
v -12.303354 149.154312 -0.538494
v -12.426158 150.111694 -1.376995
v -12.535724 150.913727 -2.373342
v -12.645671 151.425247 -3.545049
v -9.871505 72.648247 7.938781
v -9.889702 73.687218 8.093071
v -9.907255 74.725937 8.249133
v -9.925604 75.764809 8.404135
v -9.942472 76.803276 8.562181
v -9.960726 77.842072 8.717712
v -9.978252 78.880547 8.875018
v -9.996654 79.919067 9.031404
v -10.016699 80.957939 9.185056
v -10.040252 81.997612 9.332088
v -10.064395 83.037277 9.478623
v -10.091875 84.077690 9.618234
v -10.122190 85.118706 9.751929
v -10.155859 86.160393 9.878008
v -10.191940 87.202477 9.998510
v -10.230437 88.244926 10.113181
v -10.271255 89.287834 10.220994
v -10.314685 90.331230 10.320542
v -10.360099 91.375038 10.413175
v -10.407584 92.419403 10.496794
v -10.456777 93.464455 10.570238
v -10.507197 94.510399 10.629556
v -10.557975 95.557388 10.670894
v -10.607426 96.605408 10.689332
v -10.652930 97.654144 10.678761
v -10.690804 98.702744 10.633148
v -10.716632 99.749496 10.546967
v -10.727242 100.792267 10.418403
v -10.724029 101.829720 10.253501
v -10.716823 102.863884 10.072681
v -10.673292 103.868347 9.772803
v -10.627628 104.871727 9.468414
v -10.705269 105.917358 9.530968
v -10.777069 106.963661 9.558445
v -10.801492 108.006737 9.481756
v -10.773269 109.035217 9.309741
v -10.705471 110.044495 9.072453
v -10.653397 111.056053 8.866757
v -10.528863 112.029175 8.565018
v -10.497948 113.035576 8.383550
v -10.508067 114.046646 8.258102
v -10.556406 115.060928 8.174654
v -10.651406 116.071609 8.122729
v -10.789429 117.083206 8.117970
v -10.972724 118.095390 8.103066
v -11.154598 119.112305 8.071954
v -11.328124 120.137321 8.045904
v -11.491984 121.166214 8.019300
v -11.636534 122.202591 7.998134
v -11.769473 123.243240 7.964787
v -11.847843 124.279739 7.940743
v -11.869514 125.314857 7.905652
v -11.925570 126.354919 7.955503
v -12.210006 127.349281 8.212999
v -12.667687 128.282227 8.576060
v -13.253003 129.212051 8.926803
v -13.735595 130.231079 9.157563
v -14.071381 131.359360 9.262033
v -14.238830 132.496490 9.209682
v -14.233240 133.638321 9.004815
v -14.078058 134.738983 8.668905
v -13.800982 135.753586 8.241977
v -13.453032 136.695206 7.757246
v -13.076911 137.593369 7.257442
v -12.680001 138.490601 6.737514
v -12.395757 139.475800 6.251500
v -12.166226 140.477814 5.735449
v -11.953780 141.472549 5.181584
v -11.749221 142.453781 4.590234
v -11.557143 143.424149 3.967109
v -11.387722 144.390427 3.318606
v -11.253497 145.356842 2.644826
v -11.166774 146.322235 1.939174
v -11.140335 147.281113 1.190625
v -11.185496 148.226074 0.386558
v -11.281730 149.153519 -0.475434
v -11.411216 150.058762 -1.390209
v -11.526308 150.829590 -2.432296
v -11.639400 151.305618 -3.636210
v -9.034184 77.931892 8.232238
v -9.046906 78.969261 8.398448
v -9.059929 80.006485 8.565317
v -9.073245 81.043671 8.732318
v -9.092711 82.082458 8.888034
v -9.108213 83.119843 9.052859
v -9.128577 84.158493 9.208473
v -9.150671 85.197372 9.361512
v -9.177283 86.237328 9.505337
v -9.205614 87.277397 9.646310
v -9.236041 88.317596 9.783998
v -9.267291 89.357658 9.921279
v -9.302367 90.398491 10.049865
v -9.339272 91.439423 10.175700
v -9.379039 92.480835 10.294582
v -9.420904 93.522469 10.408680
v -9.464741 94.564499 10.516202
v -9.510740 95.607262 10.614144
v -9.558538 96.651138 10.699508
v -9.607406 97.696747 10.764780
v -9.655094 98.744469 10.800471
v -9.696589 99.793709 10.792641
v -9.724204 100.841820 10.726381
v -9.730851 101.883774 10.592216
v -9.717357 102.914993 10.395242
v -9.657533 103.899918 10.038270
v -9.632842 104.922058 9.800204
v -9.716269 105.965782 9.880567
v -9.796871 107.008972 9.944602
v -9.837007 108.052872 9.915229
v -9.825757 109.086327 9.780988
v -9.760213 110.096367 9.542187
v -9.778933 111.131279 9.462830
v -9.642061 112.103271 9.131433
v -9.638447 113.126518 8.990061
v -9.679044 114.151489 8.907301
v -9.758777 115.176086 8.865949
v -9.882093 116.195679 8.859218
v -10.049853 117.216179 8.893003
v -10.241605 118.232864 8.920762
v -10.427614 119.262222 8.919520
v -10.602222 120.294495 8.916114
v -10.764478 121.331032 8.911663
v -10.907626 122.373207 8.895632
v -11.020183 123.409584 8.854042
v -11.074177 124.458656 8.793868
v -11.055064 125.488762 8.700667
v -11.222349 126.524025 8.847860
v -11.595215 127.486710 9.201077
v -12.163592 128.346024 9.681516
v -12.747948 129.299606 10.089957
v -13.194570 130.358200 10.352303
v -13.491538 131.492966 10.462182
v -13.637781 132.673096 10.414586
v -13.607892 133.844574 10.187692
v -13.432149 134.956711 9.805478
v -13.139961 135.977188 9.312310
v -12.773635 136.908325 8.749146
v -12.374040 137.789780 8.156769
v -11.957236 138.661133 7.542336
v -11.638062 139.622864 6.967813
v -11.364196 140.607025 6.377550
v -11.108378 141.587143 5.756462
v -10.864910 142.556259 5.103677
v -10.638399 143.515991 4.423180
v -10.438205 144.470856 3.718461
v -10.277605 145.423935 2.988533
v -10.168172 146.374374 2.227336
v -10.124217 147.316727 1.423559
v -10.166082 148.241867 0.558184
v -10.263660 149.150925 -0.365799
v -10.401282 150.056183 -1.321962
v -10.514327 150.777344 -2.446806
v -10.624441 151.255478 -3.702302
v -8.175139 83.209465 8.579985
v -8.190174 84.246941 8.746011
v -8.204096 85.283745 8.915532
v -8.226036 86.322792 9.069303
v -8.247332 87.361320 9.225442
v -8.270705 88.399948 9.379379
v -8.290812 89.437012 9.543406
v -8.318933 90.476318 9.690257
v -8.347224 91.514977 9.839948
v -8.379282 92.554337 9.982049
v -8.413235 93.593506 10.122201
v -8.446901 94.631653 10.266942
v -8.483098 95.669899 10.407771
v -8.521212 96.707970 10.547217
v -8.562235 97.746849 10.678676
v -8.606123 98.787239 10.797775
v -8.651772 99.830750 10.889836
v -8.693467 100.878487 10.925283
v -8.716496 101.926003 10.864058
v -8.709270 102.961243 10.693258
v -8.643676 103.936035 10.311078
v -8.639105 104.971275 10.135875
v -8.723525 106.014771 10.220767
v -8.815136 107.054344 10.325387
v -8.864491 108.099220 10.328435
v -8.863556 109.137367 10.219494
v -8.800688 110.151115 9.978759
v -8.855594 111.192619 9.979093
v -8.753813 112.189232 9.690556
v -8.725887 113.214859 9.509018
v -8.776012 114.252457 9.445003
v -8.865999 115.288063 9.426877
v -9.001758 116.318077 9.453156
v -9.180816 117.341690 9.523617
v -9.382765 118.367668 9.594945
v -9.585143 119.398155 9.651793
v -9.768973 120.436256 9.682811
v -9.925554 121.474686 9.696574
v -10.057920 122.519287 9.683189
v -10.152148 123.565323 9.625232
v -10.184855 124.609703 9.524747
v -10.188613 125.651749 9.427106
v -10.418356 126.681656 9.640583
v -10.844832 127.616173 10.082350
v -11.455435 128.444534 10.667366
v -11.999518 129.423569 11.126769
v -12.410713 130.510864 11.418459
v -12.674436 131.646515 11.546447
v -12.805144 132.847076 11.497364
v -12.789281 134.038879 11.267053
v -12.616286 135.161026 10.844761
v -12.341976 136.189102 10.284159
v -11.978958 137.106934 9.643966
v -11.580899 137.963608 8.973617
v -11.156569 138.797775 8.271571
v -10.817127 139.730103 7.617001
v -10.514676 140.691650 6.959215
v -10.228801 141.654251 6.279387
v -9.956407 142.609909 5.574419
v -9.702675 143.559372 4.846681
v -9.477157 144.505936 4.098888
v -9.295010 145.451889 3.329811
v -9.166267 146.396790 2.534056
v -9.106513 147.337036 1.698856
v -9.156363 148.268158 0.794058
v -9.266464 149.214127 -0.151501
v -9.426921 150.172272 -1.125644
v -9.508224 150.798691 -2.370483
v -9.620426 151.314240 -3.691325
v -7.319171 88.487045 8.944326
v -7.333111 89.522820 9.121784
v -7.357004 90.561699 9.278183
v -7.377909 91.598801 9.445274
v -7.403947 92.637230 9.602159
v -7.430655 93.675110 9.761322
v -7.453629 94.710297 9.935555
v -7.480600 95.745857 10.104739
v -7.509005 96.780342 10.277548
v -7.540423 97.814720 10.446978
v -7.574000 98.848137 10.616053
v -7.606181 99.877022 10.807251
v -7.645122 100.908852 10.982082
v -7.682673 101.953827 11.052088
v -7.691665 102.998001 10.962093
v -7.629202 103.973671 10.582749
v -7.647514 105.018959 10.478160
v -7.739077 106.060997 10.583916
v -7.833549 107.099693 10.704304
v -7.885990 108.145325 10.724777
v -7.892992 109.186729 10.636538
v -7.843727 110.208252 10.419582
v -7.906374 111.251419 10.442199
v -7.861254 112.277237 10.240382
v -7.824970 113.305420 10.044570
v -7.856646 114.348648 9.953041
v -7.937209 115.393005 9.926377
v -8.064242 116.432739 9.951560
v -8.234204 117.465080 10.027253
v -8.437465 118.491432 10.139657
v -8.650538 119.520134 10.254313
v -8.849099 120.557068 10.341674
v -9.002867 121.608170 10.378925
v -9.126583 122.658791 10.367915
v -9.212647 123.709557 10.300224
v -9.232142 124.744400 10.167449
v -9.263683 125.797073 10.071136
v -9.517343 126.822426 10.318062
v -9.962941 127.715614 10.834360
v -10.516322 128.552231 11.456100
v -11.012057 129.535385 11.955082
v -11.392131 130.620361 12.295962
v -11.673103 131.793472 12.445243
v -11.782064 132.993317 12.417084
v -11.788130 134.198746 12.200306
v -11.643718 135.331772 11.759578
v -11.388209 136.350113 11.149341
v -11.061300 137.267136 10.433003
v -10.687039 138.087997 9.690495
v -10.277738 138.881592 8.911109
v -9.938205 139.785568 8.190926
v -9.624493 140.725662 7.478854
v -9.321906 141.672028 6.753273
v -9.030287 142.616272 6.008697
v -8.755968 143.559189 5.246151
v -8.508823 144.503540 4.468916
v -8.308659 145.449677 3.678178
v -8.163339 146.396622 2.871522
v -8.088519 147.345688 2.036280
v -8.174616 148.327988 1.126154
v -8.325484 149.348557 0.202816
v 3.285871 68.203819 13.420501
v 3.074212 69.214294 13.215925
v 2.857294 70.225899 13.016032
v 2.635157 71.238106 12.820585
v 2.418849 72.252922 12.629071
v 2.210633 73.270439 12.440564
v 2.006779 74.289818 12.255485
v 1.797695 75.309151 12.073620
v 1.602527 76.332260 11.893958
v 1.402797 77.355156 11.716006
v -6.450109 93.758377 9.395761
v -6.467668 94.792999 9.584479
v -6.490477 95.828712 9.765428
v -6.512403 96.862259 9.957927
v -6.535099 97.894630 10.155197
v -6.558685 98.925041 10.360789
v -6.582452 99.950317 10.587402
v -6.599714 100.952713 10.895885
v -6.635133 101.972496 11.134780
v -6.662481 103.017738 11.189758
v -6.615210 104.012108 10.857171
v -6.663921 105.064064 10.841684
v -6.770295 106.101761 10.985624
v -6.853527 107.144608 11.084987
v -6.903163 108.191093 11.108564
v -6.915525 109.234352 11.035838
v -6.885017 110.264565 10.855955
v -6.935058 111.310181 10.852185
v -6.927402 112.350685 10.718432
v -6.914071 113.389893 10.562309
v -6.934793 114.436096 10.457958
v -7.001315 115.485100 10.416632
v -7.106928 116.532104 10.415974
v -7.249691 117.575157 10.456244
v -7.432996 118.608658 10.562286
v -7.637386 119.635902 10.711985
v -7.844797 120.666374 10.859991
v -8.010448 121.716850 10.947792
v -8.127942 122.779236 10.950346
v -8.211375 123.831764 10.881387
v -8.236296 124.873535 10.734253
v -8.280363 125.925255 10.626230
v -8.529178 126.953918 10.870815
v -8.940577 127.860634 11.386947
v -9.431877 128.697769 12.028049
v -9.874335 129.674454 12.558254
v -10.224782 130.736237 12.924757
v -10.509590 131.907654 13.121871
v -10.594860 133.098343 13.131992
v -10.613154 134.299515 12.923997
v -10.506933 135.435486 12.489419
v -10.285051 136.435776 11.842237
v -10.013387 137.325897 11.079170
v -9.693182 138.131973 10.281374
v -9.328876 138.897400 9.448956
v -9.010064 139.779709 8.683068
v -8.700574 140.702179 7.934315
v -8.393101 141.635056 7.179360
v -8.091052 142.571304 6.410044
v -7.801803 143.514160 5.625039
v -7.533916 144.469238 4.828054
v -7.317086 145.425461 4.032048
v -7.156673 146.374390 3.241355
v -7.063352 147.326996 2.457539
v 3.320552 68.419830 14.446999
v 3.058018 69.416771 14.245628
v 2.794264 70.414268 14.046481
v 2.546436 71.417030 13.850890
v 2.327926 72.428085 13.659836
v 2.132411 73.445190 13.472556
v 1.950167 74.465988 13.288570
v 1.768313 75.487976 13.107051
v 1.589933 76.511528 12.927501
v 1.408540 77.535149 12.749701
v 1.233510 78.560295 12.574251
v 1.056986 79.585869 12.401434
v 0.883411 80.612663 12.229823
v 0.696466 81.637856 12.061147
v 0.515225 82.664375 11.893394
v 0.318382 83.688744 11.730521
v 0.111168 84.711777 11.572165
v -0.086617 85.736931 11.414950
v -0.315026 86.756828 11.267533
v -0.579786 87.769524 11.133663
v -0.762711 88.798050 10.977650
v -1.043801 89.808083 10.859267
v -1.222029 90.838623 10.701642
v -5.528984 98.991112 10.169273
v -5.546743 100.014313 10.432103
v -5.562606 101.020126 10.751586
v -5.585339 102.002068 11.126521
v -5.622725 103.014931 11.376815
v -5.611942 104.054214 11.162948
v -5.717994 105.097427 11.292432
v -5.813694 106.140137 11.413551
v -5.875833 107.188515 11.469633
v -5.917671 108.236229 11.484910
v -5.932142 109.280876 11.419811
v -5.924483 110.319885 11.287580
v -5.949745 111.366432 11.223225
v -5.958099 112.412781 11.120949
v -5.966900 113.460732 11.012524
v -5.996827 114.511620 10.935792
v -6.054664 115.563210 10.891695
v -6.136290 116.613892 10.859467
v -6.249963 117.662735 10.858534
v -6.401699 118.704956 10.922434
v -6.578690 119.739258 11.043580
v -6.766305 120.771049 11.197066
v -6.942262 121.810936 11.360847
v -7.072441 122.868629 11.423186
v -7.155678 123.926025 11.358647
v -7.191179 124.972069 11.213311
v -7.245447 126.029190 11.091990
v -7.471634 127.067886 11.303597
v -7.825564 128.011444 11.757908
v -8.247489 128.846832 12.392910
v -8.643522 129.797073 12.947562
v -8.969620 130.857590 13.349648
v -9.217516 131.981918 13.563848
v -9.297697 133.160324 13.575315
v -9.307953 134.327255 13.381682
v -9.231641 135.437485 12.956132
v -9.063002 136.421646 12.315888
v -8.867810 137.298920 11.541772
v -8.616474 138.092590 10.738606
v -8.325816 138.843796 9.880461
v -8.044667 139.709747 9.091295
v -7.750679 140.615417 8.324639
v -7.447563 141.533142 7.557859
v -7.143257 142.459137 6.779911
v -6.846253 143.405807 5.987044
v -6.565607 144.398605 5.171045
v 3.228532 68.603142 15.476507
v 2.924156 69.587059 15.272733
v 2.630169 70.574417 15.070827
v 2.383576 71.576225 14.875729
v 2.187415 72.590889 14.687438
v 2.020576 73.612053 14.503035
v 1.865165 74.635948 14.321002
v 1.708013 75.660362 14.140608
v 1.550588 76.685432 13.961732
v 1.391116 77.710686 13.784369
v 1.234958 78.736923 13.608875
v 1.076029 79.763390 13.435443
v 0.917163 80.790314 13.263426
v 0.749975 81.816444 13.093638
v 0.586398 82.843254 12.925060
v 0.418307 83.869682 12.759358
v 0.243862 84.895470 12.596663
v 0.073946 85.922028 12.435302
v -0.105446 86.947350 12.277799
v -0.306916 87.969559 12.126425
v -0.481366 88.995811 11.969530
v -0.697028 90.016563 11.826491
v -0.890862 91.040825 11.677374
v -1.097171 92.063988 11.536588
v -1.314517 93.085770 11.400331
v -1.531671 94.108116 11.268985
v -1.774034 95.126701 11.153377
v -2.018279 96.145599 11.047057
v -2.299955 97.157906 10.978905
v -2.682873 98.138138 11.025321
v -3.058230 99.122696 11.070601
v -3.416085 100.113403 11.110374
v -3.858493 101.049339 11.335462
v -4.306736 101.996208 11.561250
v -4.617125 103.021866 11.611370
v -4.666971 104.091187 11.610638
v -4.740908 105.146278 11.665450
v -4.838080 106.186218 11.792771
v -4.899405 107.231239 11.856886
v -4.928848 108.279762 11.853428
v -4.942057 109.326675 11.785879
v -4.947947 110.372643 11.680627
v -4.953925 111.418129 11.561787
v -4.961446 112.465836 11.450032
v -4.982958 113.518677 11.378873
v -5.021763 114.573540 11.337770
v -5.073570 115.627808 11.298145
v -5.142398 116.680702 11.256724
v -5.234934 117.731155 11.230817
v -5.357440 118.777275 11.255261
v -5.506389 119.817993 11.339104
v -5.668343 120.856865 11.460944
v -5.827748 121.892822 11.622846
v -5.967909 122.940346 11.753816
v -6.060432 123.999710 11.744417
v -6.108444 125.053749 11.607265
v -6.167531 126.115410 11.470392
v -6.363789 127.165565 11.634269
v -6.663569 128.138062 12.023592
v -7.018524 129.035507 12.553545
v -7.370255 129.943970 13.122941
v -7.664239 130.946548 13.540739
v -7.846850 132.034775 13.763947
v -7.932795 133.173401 13.770156
v -7.949491 134.300308 13.563489
v -7.903599 135.360504 13.152650
v -7.776883 136.313065 12.556931
v -7.651677 137.176300 11.835456
v -7.492054 137.974091 11.064755
v -7.289365 138.731613 10.216618
v -7.054007 139.574112 9.413821
v -6.780779 140.454697 8.641468
v -6.488369 141.343765 7.876264
v -6.187915 142.244522 7.108144
v 3.012084 68.746925 16.493631
v 2.695060 69.726433 16.287638
v 2.419320 70.719856 16.088947
v 2.211786 71.731766 15.899831
v 2.053416 72.753716 15.716040
v 1.917596 73.779457 15.534443
v 1.787084 74.806236 15.354053
v 1.653015 75.832939 15.174678
v 1.517444 76.859833 14.996383
v 1.380448 77.886894 14.819241
v 1.242856 78.914261 14.643548
v 1.100888 79.941498 14.469580
v 0.957815 80.968941 14.296943
v 0.811011 81.996185 14.125949
v 0.668120 83.024040 13.955886
v 0.522826 84.051811 13.787839
v 0.373748 85.079315 13.621903
v 0.228593 86.107430 13.456796
v 0.076302 87.134911 13.294271
v -0.096234 88.159950 13.136637
v -0.256061 89.186516 12.977027
v -0.445806 90.209496 12.826814
v -0.624081 91.233788 12.674320
v -0.805813 92.257942 12.525822
v -0.990239 93.281403 12.379323
v -1.158492 94.306541 12.229724
v -1.347149 95.328606 12.090545
v -1.502823 96.353172 11.937102
v -1.651024 97.377815 11.774524
v -2.069889 98.336464 11.854281
v -2.489917 99.294594 11.936109
v -2.634759 100.321785 11.775554
v -3.101200 101.227348 12.037463
v -3.428485 102.223259 12.092372
v -3.896098 103.105606 12.374352
v -3.885303 104.140312 12.309447
v -3.870564 105.178856 12.250246
v -3.875308 106.222679 12.207847
v -3.882416 107.266502 12.118546
v -3.903576 108.315300 12.104124
v -3.913150 109.363136 12.019837
v -3.917786 110.409424 11.897897
v -3.923685 111.456322 11.772369
v -3.933569 112.506615 11.663759
v -3.957685 113.562698 11.610363
v -3.997172 114.620667 11.594831
v -4.048528 115.678154 11.582105
v -4.112788 116.733910 11.556929
v -4.190826 117.785561 11.522223
v -4.293133 118.832153 11.527566
v -4.420235 119.874657 11.589295
v -4.556818 120.919121 11.674135
v -4.692105 121.962364 11.789307
v -4.821387 123.001137 11.945800
v -4.928800 124.058983 12.002242
v -4.999841 125.123161 11.924425
v -5.055636 126.187599 11.766798
v -5.220725 127.249611 11.879622
v -5.470126 128.247482 12.204085
v -5.767644 129.180145 12.647251
v -6.073732 130.098679 13.107087
v -6.342823 131.065063 13.475676
v -6.470635 132.088989 13.700283
v -6.537538 133.145309 13.708703
v -6.577852 134.193756 13.521474
v -6.562888 135.194748 13.149873
v -6.465387 136.111542 12.612466
v -6.400934 136.950836 11.972527
v -6.340280 137.759811 11.246544
v -6.233133 138.543564 10.436444
v -6.049551 139.373489 9.646737
v -5.797978 140.229736 8.887521
v -5.516313 141.088974 8.147028
v 2.736366 68.869591 17.499056
v 2.458059 69.862694 17.301186
v 2.244995 70.873795 17.112820
v 2.091016 71.896637 16.929790
v 1.967934 72.923912 16.748638
v 1.855889 73.952461 16.568247
v 1.744455 74.981087 16.388479
v 1.629556 76.009438 16.209421
v 1.512923 77.037766 16.031128
v 1.394480 78.066071 15.853715
v 1.273317 79.094315 15.677496
v 1.147438 80.122330 15.502738
v 1.020654 81.150475 15.329090
v 0.892290 82.178642 15.156656
v 0.766746 83.207214 14.984995
v 0.638619 84.235687 14.815001
v 0.506754 85.263931 14.646816
v 0.375459 86.292374 14.479700
v 0.236321 87.320122 14.315063
v 0.081316 88.346153 14.154328
v -0.061665 89.373375 13.991772
v -0.229410 90.397942 13.836602
v -0.380324 91.424225 13.677788
v -0.534237 92.450325 13.521557
v -0.680193 93.476982 13.363338
v -0.810270 94.504761 13.200368
v -0.964788 95.530586 13.047256
v -1.108729 96.557304 12.888282
v -1.053450 97.568954 12.616430
v -1.495357 98.515640 12.715224
v -1.834535 99.508575 12.728508
v -1.852277 100.518791 12.445117
v -2.257055 101.469009 12.615351
v -2.777949 102.319809 12.916756
v -2.852169 103.102722 12.234749
v -2.838178 104.137779 12.394423
v -2.832654 105.188980 12.401484
v -2.833711 106.238808 12.334048
v -2.838914 107.285583 12.234529
v -2.851309 108.334328 12.173440
v -2.859618 109.380470 12.064754
v -2.866219 110.427917 11.949526
v -2.874966 111.479210 11.848855
v -2.888241 112.534782 11.766376
v -2.910836 113.594215 11.712410
v -2.945400 114.655449 11.697156
v -2.991245 115.715660 11.708390
v -3.048090 116.773918 11.699616
v -3.117429 117.828247 11.685332
v -3.205606 118.877357 11.693845
v -3.314916 119.922684 11.744204
v -3.432506 120.970207 11.815819
v -3.547639 122.019386 11.895771
v -3.659061 123.061180 12.006499
v -3.764803 124.110451 12.112530
v -3.847825 125.172325 12.111413
v -3.919049 126.251808 11.987421
v -4.052885 127.322960 12.052812
v -4.256080 128.343307 12.325300
v -4.500019 129.304153 12.700482
v -4.770154 130.227356 13.086314
v -5.034176 131.157181 13.403640
v -5.093957 132.105652 13.578411
v -5.140894 133.100159 13.582897
v -5.208507 134.078842 13.422521
v -5.232940 135.020432 13.094983
v -5.133457 135.875763 12.623980
v -5.136915 136.695755 12.034413
v -5.188283 137.506256 11.331140
v -5.173825 138.318619 10.562355
v -5.028566 139.155243 9.811870
v 2.497343 69.004395 18.512249
v 2.299836 70.019272 18.327188
v 2.158057 71.044067 18.145296
v 2.047792 72.072746 17.964069
v 1.948879 73.102455 17.783205
v 1.852198 74.132240 17.602755
v 1.754087 75.161804 17.422785
v 1.653583 76.191124 17.243338
v 1.551438 77.220329 17.064466
v 1.447306 78.249390 16.886309
v 1.340017 79.278267 16.709164
v 1.229007 80.306961 16.533205
v 1.117225 81.335716 16.358133
v 1.004437 82.364487 16.184031
v 0.892298 83.393394 16.010756
v 0.776525 84.422096 15.839108
v 0.656373 85.450523 15.669234
v 0.534106 86.478859 15.500725
v 0.405642 87.506714 15.334294
v 0.270583 88.533989 15.169890
v 0.144658 89.562012 15.003884
v 0.007269 90.589149 14.841607
v -0.114607 91.617485 14.675178
v -0.236150 92.645988 14.509227
v -0.347138 93.675072 14.339344
v -0.451579 94.704460 14.166735
v -0.551996 95.734116 13.990895
v -0.571040 96.759796 13.767188
v -0.459410 97.757683 13.460616
v -0.886912 98.712288 13.548556
v -1.130482 99.730194 13.476438
v -1.083982 100.720085 13.131536
v -1.588714 101.593399 13.416972
v -1.773407 102.573074 13.099474
v -1.802346 103.100601 12.194725
v -1.789760 104.140800 12.337629
v -1.784017 105.192078 12.362884
v -1.784292 106.243492 12.316049
v -1.788534 107.292961 12.234050
v -1.797463 108.342102 12.159554
v -1.805522 109.390282 12.065788
v -1.813681 110.440666 11.970318
v -1.824188 111.495110 11.886144
v -1.838571 112.553787 11.815503
v -1.859358 113.615746 11.762050
v -1.888279 114.679176 11.730487
v -1.926108 115.742020 11.717967
v -1.973566 116.802788 11.708669
v -2.032577 117.860794 11.714570
v -2.107149 118.914970 11.735055
v -2.198590 119.965691 11.780065
v -2.297295 121.012344 11.845753
v -2.396528 122.060463 11.915637
v -2.495310 123.107681 12.008005
v -2.589966 124.160133 12.092205
v -2.673422 125.226372 12.123842
v -2.752857 126.307106 12.091254
v -2.868664 127.385826 12.165236
v -3.029639 128.429352 12.404376
v -3.221966 129.426025 12.733442
v -3.450333 130.387299 13.073567
v -3.713367 132.084045 13.471110
v -3.729996 133.055878 13.474649
v -3.825148 134.022110 13.323058
v -3.877956 134.770172 13.078241
v -3.773284 135.633057 12.651685
v -3.855553 136.466843 12.097724
v -4.041072 137.315948 11.392152
v -4.108890 138.152115 10.635702
v 2.382402 69.169212 19.542612
v 2.264390 70.196915 19.361441
v 2.171536 71.226944 19.179234
v 2.086317 72.257469 18.997053
v 2.000938 73.287888 18.815454
v 1.913954 74.318123 18.634384
v 1.825439 75.348167 18.453716
v 1.735637 76.378044 18.273399
v 1.644595 77.407768 18.093504
v 1.551939 78.437340 17.914167
v 1.456994 79.466728 17.735601
v 1.359913 80.496010 17.557861
v 1.262011 81.525261 17.380825
v 1.162926 82.554443 17.204622
v 1.062454 83.583580 17.029413
v 0.958446 84.612518 16.855677
v 0.851171 85.641296 16.683350
v 0.741895 86.670036 16.512138
v 0.631286 87.698753 16.341677
v 0.522556 88.727623 16.170788
v 0.419026 89.756828 15.998552
v 0.319017 90.786209 15.824861
v 0.228063 91.815948 15.647739
v 0.143549 92.845970 15.467602
v 0.070007 93.876183 15.281751
v 0.011934 94.906311 15.086830
v -0.009050 95.933411 14.867152
v 0.018632 96.952660 14.614636
v 0.137870 97.947647 14.301608
v -0.248115 98.921982 14.355728
v -0.400984 99.948128 14.200922
v -0.333127 100.927986 13.834418
v -0.696808 101.909302 13.873687
v -0.722392 102.596680 13.082071
v -0.753474 103.096268 12.158799
v -0.743489 104.142410 12.252251
v -0.737117 105.192833 12.286483
v -0.735747 106.244446 12.262124
v -0.737873 107.295494 12.207179
v -0.743935 108.345963 12.145520
v -0.751645 109.395897 12.064698
v -0.761011 110.448135 11.981091
v -0.772820 111.504326 11.905215
v -0.787549 112.564529 11.838413
v -0.806144 113.627686 11.781527
v -0.829693 114.692253 11.740619
v -0.859610 115.756424 11.721053
v -0.897477 116.818779 11.715077
v -0.945338 117.878807 11.721827
v -1.005911 118.935722 11.743567
v -1.079439 119.988152 11.787349
v -1.160634 121.036598 11.849427
v -1.244963 122.084282 11.920849
v -1.331524 123.133354 12.006350
v -1.417400 124.189453 12.081066
v -1.497866 125.259109 12.117867
v -1.577010 126.344032 12.132831
v -1.675800 127.432243 12.229347
v -1.797443 128.499634 12.448907
v -1.938815 129.536041 12.750079
v -2.120575 130.552902 13.063119
v -2.322167 132.004944 13.368333
v -2.306800 133.005142 13.381495
v -2.439763 134.003296 13.232047
v -2.456211 134.502853 13.079551
v -2.377412 135.416412 12.683961
v -2.544830 136.297653 12.140136
v 2.423465 69.355103 20.575113
v 2.348823 70.386055 20.390873
v 2.277479 71.417076 20.206522
v 2.203371 72.447914 20.023075
v 2.125976 73.478554 19.840492
v 2.046751 74.509064 19.658398
v 1.966761 75.539459 19.476534
v 1.886432 76.569748 19.294806
v 1.805643 77.599907 19.113277
v 1.724247 78.629936 18.932026
v 1.642096 79.659859 18.751122
v 1.559338 80.689659 18.570581
v 1.476011 81.719391 18.390480
v 1.391757 82.749039 18.210943
v 1.306185 83.778603 18.032129
v 1.219451 84.808128 17.853909
v 1.132664 85.837662 17.675846
v 1.047279 86.867294 17.497339
v 0.965751 87.897026 17.317163
v 0.890120 88.926781 17.134138
v 0.820720 89.956551 16.947983
v 0.759870 90.986046 16.756773
v 0.707039 92.015221 16.560692
v 0.664323 93.043755 16.357670
v 0.634097 94.071175 16.145567
v 0.619684 95.096634 15.921468
v 0.621202 96.119576 15.686090
v 0.641624 97.139214 15.439536
v 0.736985 98.139366 15.140741
v 0.424846 99.138947 15.133204
v 0.384402 100.151237 14.868835
v 0.368371 101.158257 14.580360
v 0.353915 101.919487 13.857759
v 0.325929 102.556480 13.022890
v 0.294803 103.092125 12.120023
v 0.303372 104.141167 12.174854
v 0.310353 105.191261 12.215041
v 0.313511 106.242973 12.215422
v 0.313569 107.295059 12.190522
v 0.309772 108.346413 12.140991
v 0.302314 109.397232 12.067048
v 0.291859 110.450188 11.988232
v 0.278918 111.506775 11.913773
v 0.264119 112.566971 11.843437
v 0.247871 113.629883 11.779734
v 0.229870 114.694397 11.735848
v 0.208179 115.758537 11.720047
v 0.180285 116.820732 11.718270
v 0.144068 117.880630 11.725120
v 0.097942 118.937515 11.746429
v 0.041578 119.990189 11.789468
v -0.022586 121.039146 11.850034
v -0.092442 122.087120 11.921309
v -0.167683 123.137321 12.003978
v -0.245961 124.195740 12.076686
v -0.323020 125.268532 12.119433
v -0.398635 126.357544 12.153797
v -0.479930 127.454773 12.253260
v -0.564034 128.542740 12.460738
v -0.652564 129.614899 12.749900
v -0.767266 130.689514 13.049755
v -0.917043 131.891617 13.283894
v -0.871328 132.960373 13.308908
v -0.976525 134.256729 13.092014
v -0.937302 135.231125 12.727959
v 2.593019 69.548759 21.593088
v 2.531554 70.580055 21.406567
v 2.467163 71.611191 21.220932
v 2.399402 72.642174 21.036251
v 2.329689 73.673058 20.852112
v 2.259495 74.703880 20.668102
v 2.189689 75.734642 20.483976
v 2.120632 76.765327 20.299623
v 2.052370 77.795914 20.115023
v 1.984988 78.826393 19.930140
v 1.918549 79.856743 19.744923
v 1.853053 80.886978 19.559343
v 1.788329 81.917107 19.373449
v 1.724505 82.947136 19.187113
v 1.662043 83.977089 19.000023
v 1.602164 85.006935 18.811422
v 1.546286 86.036613 18.620375
v 1.495805 87.066025 18.425827
v 1.452122 88.094955 18.226562
v 1.416061 89.123154 18.021574
v 1.387840 90.150421 17.810226
v 1.368276 91.176353 17.591215
v 1.357094 92.200668 17.364225
v 1.354537 93.222946 17.128469
v 1.358816 94.243156 16.885738
v 1.364240 95.262505 16.643095
v 1.361203 96.283493 16.412924
v 1.346659 97.307175 16.200056
v 1.338422 98.330261 15.979535
v 1.369183 99.292618 15.568077
v 1.401267 100.238663 15.117099
v 1.412335 101.087708 14.497995
v 1.396252 101.832489 13.757256
v 1.373217 102.512833 12.958333
v 1.342851 103.086998 12.079698
v 1.351490 104.137001 12.115188
v 1.359164 105.186974 12.162992
v 1.363860 106.238579 12.192237
v 1.365626 107.291382 12.194895
v 1.363913 108.343323 12.147215
v 1.356655 109.394226 12.072036
v 1.345115 110.446892 11.991456
v 1.331026 111.502373 11.909418
v 1.316018 112.560730 11.826165
v 1.302110 113.622086 11.755402
v 1.290215 114.685509 11.719024
v 1.277339 115.748039 11.717480
v 1.259846 116.808205 11.719757
v 1.235617 117.865982 11.724397
v 1.204041 118.920982 11.744054
v 1.164399 119.972366 11.787326
v 1.116851 121.020836 11.847448
v 1.061277 122.068726 11.917879
v 0.996720 123.118774 12.001861
v 0.924984 124.177505 12.078434
v 0.851027 125.251427 12.123966
v 0.779895 126.342361 12.154277
v 0.714781 127.445084 12.237803
v 0.667059 128.544174 12.437396
v 0.634162 129.634583 12.729803
v 0.603921 130.745346 13.032775
v 0.587376 132.912674 13.269446
v 0.550123 134.048874 13.120930
v 0.549350 135.099030 12.784549
v 2.859187 69.744743 22.589756
v 2.801353 70.776131 22.402246
v 2.742283 71.807411 22.215134
v 2.682791 72.838608 22.028093
v 2.623963 73.869736 21.840738
v 2.566577 74.900810 21.652782
v 2.511143 75.931770 21.464024
v 2.457971 76.962616 21.274290
v 2.407262 77.993309 21.083424
v 2.359212 79.023804 20.891235
v 2.313973 80.054070 20.697515
v 2.271705 81.084076 20.502014
v 2.232671 82.113777 20.304371
v 2.197499 83.143105 20.103949
v 2.167065 84.171913 19.899845
v 2.142428 85.200012 19.690907
v 2.124474 86.227127 19.475962
v 2.113828 87.252968 19.253895
v 2.110755 88.277199 19.023785
v 2.115254 89.299507 18.784849
v 2.127050 90.319572 18.536528
v 2.145623 91.337143 18.278563
v 2.169865 92.352135 18.011593
v 2.197890 93.365013 17.737812
v 2.227338 94.376785 17.460775
v 2.257800 95.387703 17.180452
v 2.292898 96.394646 16.884413
v 2.336653 97.387146 16.540653
v 2.381670 98.340691 16.097136
v 2.418452 99.258873 15.583423
v 2.438973 100.132858 14.997838
v 2.445520 100.965340 14.355912
v 2.438269 101.747917 13.655708
v 2.419943 102.466858 12.891153
v 2.390792 103.079521 12.038827
v 2.400576 104.129662 12.071426
v 2.409122 105.179070 12.135385
v 2.414649 106.229919 12.201008
v 2.417783 107.284111 12.217166
v 2.418720 108.336487 12.153813
v 2.411656 109.387428 12.076235
v 2.398862 110.438408 11.981141
v 2.383040 111.490379 11.875074
v 2.367047 112.545044 11.773169
v 2.356130 113.604576 11.712309
v 2.351337 114.665710 11.696149
v 2.347985 115.724670 11.719226
v 2.341306 116.780907 11.719011
v 2.329162 117.834595 11.718663
v 2.312163 118.885612 11.736075
v 2.288944 119.934158 11.781221
v 2.257764 120.981667 11.841602
v 2.216549 122.029457 11.910644
v 2.162426 123.077675 12.000832
v 2.096162 124.134544 12.087102
v 2.024320 125.207268 12.130687
v 1.956840 126.296585 12.132930
v 1.904772 127.398315 12.177317
v 1.892744 128.493820 12.373899
v 1.916319 129.572296 12.687002
v 1.974171 130.666901 13.015562
v 2.025559 132.857224 13.306345
v 2.089264 134.029160 13.167407
v 2.055703 135.070114 12.836823
v 3.213250 69.940918 23.558632
v 3.162743 70.972290 23.368416
v 3.114397 72.003548 23.177229
v 3.068780 73.034653 22.984730
v 3.026395 74.065567 22.790621
v 2.987567 75.096245 22.594671
v 2.952564 76.126640 22.396635
v 2.921627 77.156670 22.196218
v 2.894980 78.186272 21.993082
v 2.872836 79.215363 21.786819
v 2.855438 80.243835 21.576927
v 2.843117 81.271561 21.362757
v 2.836325 82.298332 21.143450
v 2.835601 83.323914 20.917953
v 2.841446 84.348000 20.685108
v 2.854200 85.370216 20.443771
v 2.873943 86.390205 20.192940
v 2.900473 87.407639 19.931826
v 2.933422 88.422157 19.659792
v 2.972200 89.433487 19.376427
v 3.016062 90.441429 19.081577
v 3.064065 91.445915 18.775457
v 3.115224 92.446899 18.458334
v 3.168828 93.444130 18.129223
v 3.224630 94.435928 17.783072
v 3.281865 95.418007 17.408491
v 3.337039 96.382851 16.989178
v 3.383677 97.321770 16.512135
v 3.420800 98.237396 15.990562
v 3.449247 99.131035 15.432227
v 3.469242 100.003571 14.842547
v 3.480638 100.852676 14.221072
v 3.480005 101.664558 13.553134
v 3.466139 102.417252 12.820342
v 3.438665 103.068779 11.996922
v 3.450417 104.118340 12.040166
v 3.459653 105.166252 12.123579
v 3.465024 106.218018 12.170489
v 3.469547 107.271927 12.178143
v 3.474725 108.326500 12.154497
v 3.467310 109.377197 12.060552
v 3.452035 110.423645 11.928774
v 3.432852 111.469810 11.790925
v 3.417186 112.521988 11.698874
v 3.410205 113.578300 11.663018
v 3.413264 114.635025 11.668699
v 3.418896 115.689880 11.674535
v 3.422642 116.741760 11.666013
v 3.422050 117.790306 11.653001
v 3.419714 118.834877 11.669148
v 3.414671 119.874573 11.731773
v 3.399103 120.923607 11.814474
v 3.373825 121.970535 11.901233
v 3.330494 123.014275 12.001245
v 3.268148 124.068474 12.105562
v 3.196968 125.138367 12.141644
v 3.130720 126.222900 12.085536
v 3.085900 127.315735 12.058406
v 3.110450 128.392838 12.265919
v 3.189654 129.427200 12.620166
v 3.326075 130.443771 12.990539
v 3.474347 131.692596 13.326231
v 3.471083 132.769516 13.403708
v 3.606644 134.149094 13.231981
v 3.542490 135.141830 12.882901
v 3.665218 70.134445 24.486391
v 3.630882 71.165062 24.288309
v 3.601479 72.195320 24.087439
v 3.577160 73.225113 23.883490
v 3.558102 74.254333 23.676134
v 3.544415 75.282898 23.465048
v 3.536208 76.310684 23.249830
v 3.533573 77.337563 23.030027
v 3.536596 78.363396 22.805099
v 3.545371 79.388008 22.574396
v 3.560033 80.411179 22.337120
v 3.580736 81.432640 22.092327
v 3.607607 82.452057 21.838966
v 3.640680 83.469055 21.575962
v 3.679837 84.483253 21.302313
v 3.724762 85.494270 21.017195
v 3.774951 86.501762 20.719975
v 3.829762 87.505455 20.410191
v 3.888503 88.505028 20.087431
v 3.950394 89.500252 19.751333
v 4.014610 90.490807 19.401382
v 4.080265 91.476219 19.036497
v 4.146263 92.455521 18.654440
v 4.211030 93.426956 18.251202
v 4.272169 94.387756 17.821264
v 4.326684 95.334839 17.359875
v 4.372663 96.266907 16.867252
v 4.411218 97.185486 16.349123
v 4.444770 98.093010 15.811930
v 4.474490 98.990166 15.257863
v 4.498524 99.873779 14.682857
v 4.514938 100.739655 14.082046
v 4.520290 101.576599 13.442369
v 4.511765 102.363762 12.743884
v 4.486602 103.054626 11.952216
v 4.501061 104.102554 12.016944
v 4.510099 105.151299 12.086963
v 4.508673 106.202835 12.047402
v 4.502263 107.252342 11.977949
v 4.515593 108.303886 11.975347
v 4.512702 109.353798 11.906560
v 4.499906 110.400513 11.801190
v 4.481761 111.446716 11.685528
v 4.463995 112.492882 11.580468
v 4.455863 113.542923 11.520709
v 4.461631 114.594276 11.498622
v 4.472722 115.644081 11.484231
v 4.485456 116.691162 11.466320
v 4.496603 117.736206 11.450498
v 4.513474 118.774773 11.475801
v 4.529064 119.812561 11.562224
v 4.535979 120.849968 11.668861
v 4.528476 121.893852 11.798597
v 4.501278 122.933960 11.959851
v 4.442560 123.985405 12.066294
v 4.369209 125.052055 12.056163
v 4.294112 126.125282 11.934222
v 4.252493 127.205437 11.868542
v 4.318387 128.253708 12.114515
v 4.454000 129.226700 12.534667
v 4.649448 130.171722 12.963703
v 4.883024 131.667862 13.449345
v 4.900060 132.695419 13.538444
v 5.044778 133.717361 13.455291
v 5.076206 134.316071 13.312624
v 4.974084 135.283859 12.928247
v 5.128051 136.175522 12.420726
v 4.236194 70.319290 25.347895
v 4.227171 71.347130 25.133158
v 4.224669 72.373978 24.913378
v 4.228511 73.399719 24.688278
v 4.238660 74.424187 24.457415
v 4.255018 75.447197 24.220310
v 4.277448 76.468605 23.976448
v 4.305759 77.488190 23.725262
v 4.339759 78.505745 23.466105
v 4.379272 79.521019 23.198196
v 4.424111 80.533699 22.920650
v 4.474039 81.543411 22.632534
v 4.528733 82.549774 22.332924
v 4.587759 83.552383 22.020987
v 4.650521 84.550896 21.696110
v 4.716296 85.545021 21.357922
v 4.784305 86.534500 21.006113
v 4.853751 87.519035 20.640253
v 4.923770 88.498306 20.259949
v 4.993386 89.471992 19.864738
v 5.061510 90.439621 19.453810
v 5.126870 91.400520 19.025988
v 5.187942 92.353706 18.579651
v 5.243124 93.298004 18.113194
v 5.291301 94.232483 17.626194
v 5.333107 95.157921 17.121925
v 5.371431 96.077614 16.607595
v 5.408151 96.992485 16.085098
v 5.443820 97.902275 15.554183
v 5.478538 98.806877 15.014359
v 5.510265 99.704094 14.461667
v 5.536152 100.590828 13.891408
v 5.552181 101.458344 13.291343
v 5.554100 102.289810 12.642652
v 5.535003 103.036316 11.900919
v 5.551608 104.083946 11.965851
v 5.542061 105.133507 11.887013
v 5.520135 106.178848 11.762380
v 5.501486 107.223732 11.648797
v 5.515696 108.272514 11.634813
v 5.515813 109.318596 11.573903
v 5.504565 110.362343 11.476697
v 5.487440 111.405289 11.367483
v 5.470856 112.448875 11.268661
v 5.467975 113.495537 11.223676
v 5.471473 114.540466 11.170076
v 5.487555 115.584801 11.141120
v 5.509242 116.628151 11.119944
v 5.540049 117.669617 11.123335
v 5.582932 118.705467 11.181087
v 5.626963 119.739517 11.296473
v 5.665130 120.768555 11.446754
v 5.680198 121.802361 11.628012
v 5.667477 122.839684 11.806014
v 5.611234 123.892700 11.868911
v 5.523023 124.947144 11.809342
v 5.429415 126.007179 11.651978
v 5.399077 127.077660 11.608416
v 5.513337 128.087677 11.922767
v 5.705139 128.986313 12.432856
v 5.943069 129.861130 12.929295
v 6.263184 131.597778 13.593469
v 6.308012 132.620026 13.699206
v 6.434244 133.639191 13.625065
v 6.477953 134.522446 13.407538
v 6.352457 135.463394 12.982694
v 6.412668 136.354904 12.436547
v 6.548195 137.217026 11.765459
v 6.497265 138.014206 11.013708
v 4.949955 70.482887 26.100283
v 4.971899 71.504028 25.856483
v 5.000429 72.523193 25.605005
v 5.035094 73.540237 25.345591
v 5.075537 74.554977 25.077799
v 5.121351 75.567223 24.801144
v 5.172048 76.576790 24.515190
v 5.227144 77.583458 24.219408
v 5.286190 78.586967 23.913118
v 5.348724 79.586967 23.595560
v 5.414228 80.583122 23.265966
v 5.482124 81.575020 22.923588
v 5.551767 82.562256 22.567699
v 5.622373 83.544518 22.197962
v 5.693067 84.521660 21.814384
v 5.762976 85.493523 21.416954
v 5.831213 86.459763 21.005352
v 5.896849 87.420166 20.579435
v 5.958940 88.374557 20.139280
v 6.016486 89.322716 19.684883
v 6.068532 90.264328 19.216190
v 6.114836 91.199821 18.734720
v 6.155319 92.129059 18.240799
v 6.189924 93.051407 17.733944
v 6.221028 93.968254 17.217579
v 6.251245 94.881393 16.695343
v 6.280193 95.790977 16.167997
v 6.308673 96.696358 15.634992
v 6.343444 97.602287 15.104799
v 6.387754 98.511620 14.581443
v 6.440908 99.425125 14.064588
v 6.488267 100.332016 13.534268
v 6.535251 101.237022 12.998870
v 6.574729 102.138268 12.450429
v 6.584473 103.005814 11.836803
v 6.565741 104.052727 11.688167
v 6.534657 105.103691 11.546544
v 6.502733 106.146172 11.390862
v 6.485573 107.190788 11.274926
v 6.509883 108.238342 11.276271
v 6.482894 109.275673 11.146644
v 6.478912 110.317871 11.067349
v 6.478546 111.361168 11.002358
v 6.480056 112.405815 10.958755
v 6.409875 113.427528 10.749290
v 6.430657 114.470901 10.715817
v 6.459167 115.512718 10.694462
v 6.500803 116.552834 10.693789
v 6.560562 117.589355 10.732534
v 6.636652 118.619141 10.832994
v 6.715446 119.643211 10.988267
v 6.783678 120.666161 11.171460
v 6.822407 121.697083 11.374319
v 6.810956 122.739723 11.506340
v 6.748284 123.789062 11.527075
v 6.647449 124.838432 11.450300
v 6.541721 125.883400 11.297282
v 6.520448 126.942627 11.279625
v 6.691120 127.901939 11.691351
v 6.941986 128.718475 12.317691
v 7.217748 129.538651 12.891687
v 7.526927 130.453796 13.361901
v 7.631275 131.479767 13.681240
v 7.706005 132.539673 13.801411
v 7.832462 133.613159 13.718332
v 7.818263 134.666901 13.452958
v 7.694917 135.645569 12.997850
v 7.671587 136.543640 12.381548
v 7.672753 137.389267 11.635423
v 7.534750 138.186539 10.831411
v 7.272596 139.021606 10.083238
v 6.937548 139.868057 9.366284
v 5.816834 70.602814 26.680302
v 5.868031 71.611504 26.392954
v 5.924003 72.617050 26.095503
v 5.984051 73.619362 25.787828
v 6.047485 74.618301 25.469740
v 6.113590 75.613792 25.141092
v 6.181702 76.605659 24.801529
v 6.251223 77.593559 24.450336
v 6.321493 78.577133 24.086784
v 6.391758 79.556023 23.710321
v 6.461217 80.529839 23.320404
v 6.529015 81.498192 22.916485
v 6.594282 82.460876 22.498608
v 6.656213 83.418030 22.067497
v 6.713952 84.369614 21.623405
v 6.766450 85.315208 21.165951
v 6.812893 86.254753 20.695518
v 6.852845 87.188553 20.213213
v 6.886162 88.116989 19.720242
v 6.911722 89.039459 19.215858
v 6.929969 89.956398 18.701550
v 6.941441 90.868431 18.179176
v 6.945229 91.774315 17.647581
v 6.950699 92.678291 17.114386
v 6.964807 93.583572 16.584467
v 6.987363 94.490257 16.056978
v 6.979919 95.380226 15.501853
v 6.988746 96.274712 14.955211
v 7.009715 97.173759 14.415763
v 7.036550 98.075714 13.880637
v 7.058886 98.977119 13.344055
v 7.676359 101.987106 11.411210
v 7.478462 103.005264 11.240781
v 7.562006 104.042747 11.368196
v 7.510732 105.075554 11.160624
v 7.472421 106.112427 10.985534
v 7.467141 107.157829 10.891796
v 7.495670 108.204163 10.893642
v 7.446602 109.231743 10.710286
v 7.465660 110.275490 10.685684
v 7.483284 111.319511 10.671722
v 7.370883 112.320305 10.395028
v 7.329990 113.350708 10.233052
v 7.364238 114.392029 10.211521
v 7.406842 115.429909 10.200353
v 7.476589 116.463127 10.233294
v 7.570536 117.489616 10.314720
v 7.680795 118.507034 10.454268
v 7.789902 119.524353 10.632340
v 7.882417 120.550781 10.823214
v 7.926351 121.587212 10.973495
v 7.907494 122.631187 11.058931
v 7.847188 123.679161 11.075068
v 7.741168 124.723572 11.008782
v 7.621971 125.752197 10.862350
v 7.608261 126.802078 10.878225
v 7.841276 127.691551 11.405099
v 8.159430 128.461960 12.097066
v 8.486026 129.330887 12.697639
v 8.813538 130.284470 13.155023
v 8.976514 131.339508 13.491311
v 9.090528 132.450363 13.632012
v 9.196759 133.594650 13.553206
v 9.153956 134.711166 13.298009
v 9.019374 135.745178 12.819137
v 8.909969 136.664536 12.139297
v 8.788485 137.508896 11.343855
v 8.549509 138.296402 10.501362
v 8.243715 139.163055 9.738955
v 7.886981 140.045593 9.005362
v 7.505085 140.929962 8.274697
v 7.120814 141.822617 7.535457
v 6.811115 70.647583 27.014528
v 6.880023 71.637650 26.671482
v 6.950250 72.623695 26.317192
v 7.021006 73.605736 25.951796
v 7.091487 74.583778 25.575499
v 7.160928 75.557747 25.188150
v 7.228555 76.527153 24.788849
v 7.293493 77.491455 24.376631
v 7.354820 78.450439 23.951389
v 7.411504 79.403732 23.512751
v 7.462383 80.350830 23.060205
v 7.506746 81.291885 22.594694
v 7.544511 82.227631 22.118158
v 7.575073 83.158295 21.631269
v 7.596502 84.082878 21.132549
v 7.608771 85.001793 20.623436
v 7.612550 85.915833 20.105785
v 7.607700 86.825294 19.580450
v 7.593654 87.730148 19.047989
v 7.571694 88.630547 18.509130
v 7.551425 89.530724 17.970091
v 7.503691 90.419411 17.414530
v 7.461198 91.308624 16.860491
v 7.429091 92.200775 16.310736
v 7.392845 93.092735 15.760738
v 7.292265 93.971039 15.197053
v 8.523991 98.839989 10.873645
v 8.447400 99.876144 10.758819
v 8.392664 100.919136 10.670800
v 8.363679 101.968719 10.616640
v 8.464436 102.981712 10.871651
v 8.533160 104.022392 10.964277
v 8.473372 105.044876 10.739029
v 8.435628 106.078430 10.562568
v 8.447386 107.124229 10.502349
v 8.475551 108.168983 10.494331
v 8.418377 109.191124 10.290317
v 8.462893 110.232750 10.328877
v 8.410248 111.259476 10.162063
v 8.262418 112.235649 9.829978
v 8.270144 113.272728 9.751382
v 8.296113 114.306740 9.702538
v 8.353900 115.336143 9.704125
v 8.444533 116.358559 9.755269
v 8.564194 117.370659 9.855372
v 8.691928 118.376831 9.990414
v 8.809627 119.391663 10.144837
v 8.906405 120.422218 10.283611
v 8.949595 121.462852 10.399145
v 8.940801 122.510231 10.480087
v 8.890863 123.547806 10.510146
v 8.790686 124.589966 10.466583
v 8.662243 125.611328 10.347609
v 8.651751 126.654602 10.395081
v 8.938258 127.498245 10.983199
v 9.316562 128.260162 11.676537
v 9.696264 129.130402 12.273323
v 10.036165 130.136719 12.741346
v 10.264965 131.194351 13.062949
v 10.432887 132.355194 13.201406
v 10.489077 133.521133 13.141923
v 10.434354 134.682724 12.884470
v 10.269103 135.756393 12.392886
v 10.082753 136.701981 11.702148
v 9.860625 137.556656 10.895430
v 9.533897 138.358765 10.063674
v 9.186659 139.246384 9.307511
v 8.813829 140.161377 8.580320
v 8.424250 141.078232 7.850729
v 8.030429 141.996506 7.105009
v 7.645815 142.928345 6.338324
v 7.267025 143.889130 5.540530
v 6.892406 144.909500 4.696287
v 7.858728 70.586174 27.047709
v 7.926251 71.553520 26.644808
v 7.991206 72.516693 26.231514
v 8.052917 73.475822 25.808109
v 8.110465 74.430603 25.374109
v 8.162469 75.380226 24.927956
v 8.207498 76.323845 24.468523
v 8.245266 77.262001 23.997488
v 8.274592 78.194443 23.514660
v 8.293502 79.120209 23.018845
v 8.302814 80.040428 22.512840
v 8.302722 80.955765 21.998209
v 8.294126 81.867409 21.477304
v 8.270606 82.772514 20.945894
v 8.237758 83.673637 20.408869
v 8.195951 84.571182 19.866943
v 8.147416 85.466331 19.321943
v 8.084292 86.356644 18.770573
v 8.004859 87.242256 18.214079
v 7.930631 88.128716 17.659239
v 7.792419 89.001793 17.095661
v 9.390225 95.687889 10.460002
v 9.339539 96.722527 10.329526
v 9.298114 97.762901 10.218921
v 9.259098 98.807037 10.122928
v 9.262009 99.857941 10.096587
v 9.304508 100.907043 10.150440
v 9.397647 101.912445 10.436002
v 9.478753 102.944229 10.598811
v 9.494208 103.989586 10.536210
v 9.431868 105.010399 10.306988
v 9.398432 106.043884 10.136828
v 9.427860 107.089127 10.110442
v 9.450504 108.131348 10.080902
v 9.400500 109.153809 9.893373
v 9.428691 110.193115 9.889267
v 9.276456 111.163322 9.557813
v 9.211943 112.174316 9.361611
v 9.202051 113.196312 9.248429
v 9.228175 114.218117 9.189392
v 9.286820 115.235229 9.179203
v 9.381293 116.245827 9.216147
v 9.510619 117.247536 9.301698
v 9.640070 118.253983 9.403427
v 9.749130 119.267815 9.503605
v 9.840488 120.295898 9.603894
v 9.893128 121.331200 9.705943
v 9.907630 122.369240 9.791370
v 9.872704 123.401970 9.842631
v 9.782878 124.440788 9.837349
v 9.658574 125.459023 9.758670
v 9.634894 126.494774 9.813508
v 9.937938 127.349815 10.373147
v 10.377647 128.088882 11.057973
v 10.813747 128.963654 11.653895
v 11.177440 129.987808 12.123367
v 11.467021 131.072128 12.411661
v 11.638421 132.255966 12.519382
v 11.684056 133.465271 12.446137
v 11.591998 134.629013 12.192258
v 11.407533 135.699829 11.696088
v 11.147765 136.660965 11.043285
v 10.857048 137.526932 10.287643
v 10.458704 138.346573 9.498087
v 10.083617 139.257309 8.776473
v 9.704085 140.198410 8.075685
v 9.317664 141.141891 7.367484
v 8.931161 142.081543 6.640048
v 8.553937 143.022858 5.889448
v 8.192201 143.973587 5.116995
v 7.867827 144.935333 4.327907
v 7.617190 145.887085 3.543316
v 7.443584 146.839096 2.753711
v 8.855479 70.402397 26.773542
v 8.901938 71.346718 26.316648
v 8.942492 72.287125 25.851046
v 8.976327 73.223549 25.376755
v 9.000410 74.154198 24.890432
v 9.012294 75.077873 24.390627
v 9.013021 75.995735 23.880392
v 9.003705 76.909302 23.362843
v 8.977643 77.815353 22.833199
v 8.943063 78.717873 22.298643
v 8.900227 79.617523 21.760002
v 8.848577 80.514282 21.217270
v 8.772909 81.404045 20.665781
v 8.690787 82.291466 20.112381
v 8.602728 83.177650 19.558287
v 8.507846 84.062027 19.002985
v 8.387645 84.941032 18.444887
v 10.384503 91.525276 10.471196
v 10.336390 92.543633 10.266908
v 10.295552 93.572693 10.099803
v 10.253015 94.605354 9.942182
v 10.216159 95.644524 9.810958
v 10.193196 96.690224 9.719199
v 10.177886 97.738838 9.646365
v 10.195029 98.790115 9.647264
v 10.253402 99.834023 9.751821
v 10.347548 100.839134 10.039229
v 10.433032 101.859215 10.268971
v 10.446267 102.905884 10.191737
v 10.437181 103.947044 10.070649
v 10.385828 104.973198 9.865096
v 10.363127 106.009277 9.714310
v 10.406825 107.053543 9.711448
v 10.418426 108.092873 9.648365
v 10.381846 109.117729 9.493015
v 10.334298 110.137955 9.334208
v 10.202646 111.114037 9.039685
v 10.128874 112.112419 8.829739
v 10.098232 113.118462 8.679324
v 10.112202 114.125999 8.592134
v 10.154872 115.133156 8.549176
v 10.235403 116.134056 8.550069
v 10.354427 117.134521 8.600443
v 10.485122 118.132011 8.666763
v 10.593951 119.150894 8.734676
v 10.688410 120.173332 8.809653
v 10.752732 121.196800 8.904050
v 10.790980 122.228111 8.996730
v 10.784707 123.248131 9.076976
v 10.716781 124.278114 9.125971
v 10.610847 125.295792 9.102704
v 10.546393 126.320389 9.127921
v 10.819122 127.223488 9.601065
v 11.281060 127.988403 10.229086
v 11.783252 128.856186 10.814166
v 12.199913 129.865631 11.256166
v 12.494971 130.943130 11.526758
v 12.676477 132.113754 11.614886
v 12.709455 133.300308 11.552410
v 12.620238 134.470566 11.279309
v 12.396174 135.547226 10.814521
v 12.096866 136.536377 10.212274
v 11.736815 137.417572 9.533460
v 11.316238 138.278534 8.827661
v 10.926372 139.208649 8.158642
v 10.551413 140.170547 7.500053
v 10.179264 141.133789 6.827279
v 9.811740 142.090073 6.132895
v 9.456508 143.041382 5.415748
v 9.123999 143.992081 4.678624
v 8.834224 144.944443 3.923608
v 8.605873 145.897552 3.150504
v 8.451061 146.852936 2.351872
v 8.407916 147.821869 1.501006
v 8.492555 148.814713 0.576283
v 8.640607 149.824158 -0.368536
v 8.661598 150.561005 -1.558661
v 9.707494 70.101555 26.238634
v 9.718711 71.025749 25.740171
v 9.718225 71.944710 25.231787
v 9.703230 72.857704 24.713301
v 9.670028 73.762901 24.182703
v 9.627457 74.664375 23.646936
v 9.577538 75.563499 23.107609
v 9.497828 76.453178 22.556490
v 9.417392 77.342247 22.005276
v 9.333202 78.230888 21.454044
v 9.234841 79.116310 20.900074
v 9.121686 79.998161 20.344141
v 11.428876 88.488220 10.466279
v 11.423975 89.527122 10.392924
v 11.477457 90.559998 10.551831
v 11.358945 91.487320 10.075689
v 11.310128 92.515739 9.874516
v 11.264795 93.548843 9.696443
v 11.224943 94.587059 9.545197
v 11.193585 95.630264 9.427121
v 11.171532 96.676720 9.339654
v 11.148185 97.722420 9.244891
v 11.202192 98.765160 9.351228
v 11.290444 99.781540 9.593976
v 11.384258 100.788116 9.870749
v 11.282397 101.807892 9.655478
v 11.349442 102.853813 9.657500
v 11.361831 103.898125 9.570644
v 11.332370 104.932632 9.408108
v 11.327539 105.973206 9.291295
v 11.371791 107.017906 9.277475
v 11.365663 108.055496 9.170346
v 11.307262 109.076225 8.975544
v 11.206367 110.076439 8.727693
v 11.086103 111.058830 8.451447
v 10.982100 112.041283 8.199252
v 10.922992 113.035240 8.007914
v 10.901263 114.031204 7.871236
v 10.910994 115.028786 7.786170
v 10.956834 116.026382 7.742625
v 11.057395 117.020988 7.752610
v 11.188304 118.017082 7.790529
v 11.311358 119.022156 7.836431
v 11.417341 120.036392 7.898727
v 11.497469 121.050735 7.988429
v 11.560035 122.070122 8.086214
v 11.583410 123.082756 8.196307
v 11.552881 124.098099 8.300011
v 11.487881 125.115990 8.340980
v 11.390821 126.131798 8.357154
v 11.590923 127.083611 8.721212
v 11.983290 127.948692 9.225649
v 12.539006 128.788132 9.775938
v 12.987187 129.758301 10.193329
v 13.324353 130.811539 10.428862
v 13.520085 131.964233 10.538472
v 13.563190 133.137619 10.483630
v 13.459334 134.306870 10.203731
v 13.222114 135.382919 9.790585
v 12.906201 136.353470 9.259787
v 12.519552 137.258881 8.673642
v 12.085513 138.150116 8.056450
v 11.705696 139.107529 7.461983
v 11.351814 140.090683 6.861322
v 11.007228 141.071533 6.236825
v 10.670335 142.042740 5.587697
v 10.347282 143.005981 4.915768
v 10.048335 143.964783 4.222998
v 9.789165 144.921936 3.508323
v 9.584893 145.877899 2.766603
v 9.448600 146.830048 1.988106
v 9.404860 147.776505 1.153356
v 9.462726 148.717514 0.252091
v 9.579736 149.664536 -0.681963
v 9.657444 150.510818 -1.728542
v 9.662940 151.038818 -2.982307
v 9.701111 151.551331 -4.259662
v 10.357859 69.703743 25.516495
v 10.319864 70.609329 24.986748
v 10.260365 71.507332 24.445992
v 10.166348 72.394493 23.892708
v 10.075083 73.282433 23.341455
v 9.977443 74.169075 22.789667
v 9.851739 75.049271 22.233889
v 12.446223 85.394112 10.426103
v 12.451987 86.432945 10.363469
v 12.496212 87.470329 10.489840
v 12.439734 88.469749 10.177761
v 12.437800 89.517113 10.117671
v 12.492447 90.551903 10.284816
v 12.376801 91.484825 9.817119
v 12.326346 92.513664 9.611612
v 12.283021 93.549118 9.441054
v 12.243127 94.587395 9.288645
v 12.208899 95.628685 9.158265
v 12.194131 96.676659 9.102957
v 12.144280 97.706947 8.912319
v 12.228899 98.728882 9.133558
v 12.317722 99.744736 9.376951
v 12.340694 100.791191 9.432591
v 12.144035 101.752197 9.061076
v 12.231029 102.797768 9.089210
v 12.266006 103.844749 9.035620
v 12.263301 104.887024 8.921111
v 12.274633 105.931618 8.832427
v 12.287470 106.975060 8.748740
v 12.243350 108.005264 8.576288
v 12.149265 109.015396 8.332611
v 12.021869 110.007263 8.049104
v 11.880424 110.983513 7.748995
v 11.746759 111.956360 7.464192
v 11.646556 112.938332 7.227410
v 11.578413 113.924942 7.042799
v 11.537613 114.917984 6.912912
v 11.545297 115.914406 6.832741
v 11.609052 116.913124 6.801656
v 11.726658 117.907364 6.800256
v 11.867171 118.911087 6.823629
v 11.992467 119.907791 6.874213
v 12.086212 120.912964 6.954366
v 12.166938 121.920708 7.052368
v 12.225066 122.913879 7.182464
v 12.233435 123.926598 7.343067
v 12.222243 124.931763 7.437266
v 12.166623 125.941284 7.504428
v 12.210974 126.939819 7.720231
v 12.535389 127.856522 8.134603
v 13.018999 128.735672 8.583170
v 13.530623 129.687561 8.962916
v 13.916267 130.711945 9.183613
v 14.138690 131.842209 9.323672
v 14.205475 132.987915 9.264802
v 14.122789 134.119858 9.021642
v 13.898201 135.193954 8.661984
v 13.581711 136.155075 8.218869
v 13.201818 137.079208 7.734190
v 12.781464 137.996506 7.215611
v 12.427190 138.975525 6.704922
v 12.111547 139.978973 6.174469
v 11.808528 140.975952 5.609048
v 11.511996 141.959946 5.014238
v 11.227172 142.933716 4.394850
v 10.964637 143.902115 3.753972
v 10.738151 144.868988 3.090997
v 10.561544 145.834503 2.399237
v 10.447580 146.793396 1.666183
v 10.413102 147.736969 0.872917
v 10.460801 148.658234 0.008576
v 10.556561 149.564331 -0.907422
v 10.646098 150.448792 -1.864086
v 10.675324 151.021378 -3.030094
v 10.728571 151.431610 -4.254079
v 10.777019 69.230606 24.677729
v 10.642941 70.109901 24.121496
v 13.460983 82.284805 10.509703
v 13.491119 83.325401 10.512718
v 13.506960 84.370392 10.475888
v 13.464231 85.370209 10.163844
v 13.474413 86.418297 10.123500
v 13.522046 87.456749 10.266944
v 13.466578 88.458664 9.959364
v 13.458667 89.504692 9.871407
v 13.507983 90.542862 10.018796
v 13.398308 91.487305 9.574342
v 13.357958 92.524467 9.417269
v 13.314822 93.559502 9.247282
v 13.271441 94.594078 9.076077
v 13.234172 95.632545 8.930281
v 13.216005 96.679352 8.861413
v 13.147952 97.693710 8.605353
v 13.244745 98.704353 8.867152
v 13.305931 99.740227 9.019907
v 13.261699 100.783623 8.924463
v 13.007739 101.694786 8.470402
v 13.092249 102.740868 8.491561
v 13.143962 103.788467 8.459544
v 13.164675 104.835381 8.382520
v 13.165758 105.880852 8.274607
v 13.122680 106.915260 8.103469
v 13.029793 107.932335 7.869675
v 12.891986 108.928429 7.581233
v 12.737338 109.911743 7.270427
v 12.574394 110.885620 6.950368
v 12.411767 111.854858 6.639463
v 12.259318 112.827919 6.357883
v 12.131156 113.804520 6.125247
v 12.026959 114.792702 5.956442
v 11.979148 115.792007 5.842795
v 11.998024 116.793823 5.773861
v 12.085767 117.789261 5.733107
v 12.213093 118.785759 5.719197
v 12.353313 119.783569 5.749974
v 12.472830 120.778625 5.825743
v 12.573997 121.765465 5.920692
v 12.651027 122.745628 6.073093
v 12.714252 123.733879 6.272201
v 12.760015 124.739273 6.396988
v 12.767867 125.755920 6.503699
v 12.717047 126.763756 6.648272
v 12.962357 127.720970 6.985624
v 13.311722 128.665344 7.343867
v 13.768265 129.608566 7.658024
v 14.205504 130.619644 7.875665
v 14.493128 131.689255 7.990582
v 14.620089 132.799835 7.975785
v 14.581380 133.908371 7.764428
v 14.398605 134.971558 7.460900
v 14.121211 135.942398 7.112847
v 13.786135 136.884552 6.727232
v 13.408156 137.830475 6.317341
v 13.089780 138.823105 5.895439
v 12.829193 139.842514 5.443221
v 12.579005 140.849609 4.941330
v 12.331264 141.842209 4.406353
v 12.090558 142.824310 3.845613
v 11.869398 143.802872 3.265465
v 11.681198 144.784103 2.669044
v 11.537984 145.767944 2.048758
v 11.450875 146.748398 1.388875
v 11.432295 147.716629 0.669110
v 11.481807 148.667313 -0.120260
v 11.570874 149.602097 -0.968633
v 11.655073 150.494202 -1.887008
v 11.692116 151.104675 -3.004684
v 11.759513 151.461960 -4.196959
v 14.295596 79.182663 9.921930
v 14.333722 80.223022 9.928287
v 14.441106 81.216537 10.236444
v 14.504007 82.253494 10.374521
v 14.529037 83.301567 10.354722
v 14.536034 84.347069 10.267109
v 14.495804 85.352814 9.970827
v 14.504000 86.400742 9.917859
v 14.547371 87.442268 10.039933
v 14.495102 88.449432 9.750425
v 14.480664 89.491798 9.630376
v 14.523348 90.533646 9.750352
v 14.419542 91.490211 9.331034
v 14.384058 92.530479 9.195010
v 14.342122 93.566116 9.030187
v 14.298592 94.600212 8.857865
v 14.258960 95.636780 8.701133
v 14.230242 96.679367 8.588031
v 14.146331 97.680115 8.283499
v 14.243876 98.692459 8.542896
v 14.264618 99.740341 8.589630
v 14.158984 100.761459 8.375812
v 13.869306 101.636726 7.876900
v 13.912024 102.682793 7.838963
v 13.987769 103.727867 7.835012
v 13.989716 104.771805 7.734827
v 13.940963 105.806778 7.568164
v 13.845987 106.825882 7.339286
v 13.703850 107.827148 7.061135
v 13.530601 108.812721 6.745359
v 13.348380 109.790176 6.413902
v 13.159639 110.761314 6.074195
v 12.953013 111.726311 5.732965
v 12.748219 112.690125 5.414652
v 12.559100 113.662071 5.143005
v 12.382033 114.646904 4.944602
v 12.257502 115.651085 4.799829
v 12.212120 116.662125 4.696672
v 12.250364 117.671326 4.620195
v 12.346206 118.681328 4.569422
v 12.477252 119.683830 4.566619
v 12.622836 120.671997 4.618438
v 12.761981 121.656670 4.717408
v 12.868166 122.596008 4.891434
v 12.963950 123.546692 5.109398
v 13.072672 124.533318 5.252999
v 13.143471 125.536491 5.380397
v 13.168322 126.560509 5.545695
v 13.242401 127.569679 5.786747
v 13.520943 128.543381 6.091851
v 13.860799 129.521835 6.362498
v 14.199501 130.531830 6.554171
v 14.551869 131.552689 6.644499
v 14.759229 132.612808 6.639648
v 14.800906 133.693329 6.463368
v 14.693061 134.739532 6.222752
v 14.499656 135.724335 5.948530
v 14.249503 136.683090 5.655404
v 13.944730 137.650742 5.359470
v 13.683255 138.654770 5.035079
v 13.500960 139.683594 4.669211
v 13.299312 140.682175 4.218935
v 13.104064 141.674500 3.741055
v 12.919944 142.665878 3.247985
v 12.755580 143.662537 2.746820
v 12.616637 144.665848 2.237184
v 12.515187 145.675766 1.714126
v 12.458791 146.686447 1.156627
v 12.455741 147.686935 0.529198
v 12.507421 148.678696 -0.178723
v 12.590314 149.667358 -0.954313
v 12.666607 150.572403 -1.863098
v 12.706369 151.229553 -2.954459
v 12.768109 151.573700 -4.146214
v 15.352561 76.106621 10.267322
v 15.370302 77.146744 10.213637
v 15.365036 78.177490 10.034675
v 15.307334 79.145409 9.634175
v 15.350441 80.193108 9.666268
v 15.460474 81.186417 9.987494
v 15.526105 82.223953 10.133840
v 15.551493 83.273392 10.117176
v 15.560165 84.319946 10.035810
v 15.524243 85.333237 9.763272
v 15.533870 86.381981 9.714905
v 15.570640 87.427368 9.802391
v 15.517504 88.435349 9.514205
v 15.502849 89.477867 9.391081
v 15.537541 90.523438 9.476612
v 15.440645 91.493431 9.087720
v 15.408633 92.535507 8.965459
v 15.367980 93.571884 8.806039
v 15.324216 94.605736 8.632764
v 15.280678 95.639526 8.459449
v 15.237788 96.674232 8.290980
v 15.144234 97.666008 7.960318
v 15.229436 98.688980 8.179184
v 15.195754 99.734581 8.102592
v 15.032405 100.722290 7.790735
v 14.720656 101.577583 7.268429
v 14.696364 102.619865 7.144992
v 14.806645 103.662537 7.178568
v 14.768903 104.700073 7.034131
v 14.604670 105.698196 6.761779
v 14.466863 106.702103 6.496266
v 14.271365 107.684349 6.182626
v 14.075686 108.664146 5.853657
v 13.862395 109.636330 5.503964
v 13.634051 110.603874 5.142119
v 13.377594 111.561684 4.773205
v 13.111157 112.520653 4.421939
v 12.850112 113.487114 4.113987
v 12.600989 114.473991 3.900225
v 12.387657 115.482971 3.735294
v 12.261111 116.510353 3.607916
v 12.231461 117.545631 3.500218
v 12.285538 118.577591 3.419654
v 12.396829 119.599754 3.384246
v 12.547893 120.605728 3.409140
v 12.717813 121.582069 3.496043
v 13.099016 122.415688 3.697232
v 13.023030 123.348671 3.924788
v 13.166623 124.298561 4.063775
v 13.308619 125.314354 4.202981
v 13.403009 126.350609 4.368379
v 13.451465 127.387245 4.572909
v 13.650805 128.398071 4.835175
v 13.904006 129.402451 5.073783
v 14.177619 130.413467 5.247817
v 14.455935 131.430588 5.332875
v 14.666582 132.459915 5.322584
v 14.792462 133.497055 5.181492
v 14.787302 134.521576 4.973835
v 14.694275 135.508591 4.745493
v 14.554309 136.477707 4.522357
v 14.361513 137.465866 4.342261
v 14.210126 138.485580 4.133008
v 14.210915 139.534927 3.921482
v 14.057220 140.524460 3.523288
v 13.901595 141.510757 3.093525
v 13.760195 142.502045 2.651081
v 16.277960 72.965210 10.059752
v 16.331215 73.998138 10.185404
v 16.373758 75.040276 10.241971
v 16.401751 76.085945 10.205241
v 16.411325 77.126740 10.077485
v 16.387691 78.139572 9.801459
v 16.331516 79.109917 9.404082
v 16.371672 80.158745 9.424342
v 16.477621 81.157875 9.729445
v 16.543842 82.195473 9.875669
v 16.570845 83.244934 9.866300
v 16.582443 84.292320 9.797149
v 16.552933 85.313950 9.557008
v 16.563902 86.362900 9.513583
v 16.591860 87.411240 9.555902
v 16.539078 88.420998 9.274416
v 16.525335 89.463783 9.153745
v 16.550035 90.512093 9.195888
v 16.461884 91.497208 8.845658
v 16.431746 92.539742 8.729041
v 16.389673 93.574898 8.563409
v 16.342417 94.606163 8.376275
v 16.292776 95.635811 8.180440
v 16.237686 96.662132 7.969157
v 16.141445 97.652344 7.635007
v 16.198467 98.690849 7.773309
v 16.097651 99.713455 7.563768
v 15.889574 100.668816 7.184011
v 15.575704 101.525291 6.664183
v 15.497652 102.554436 6.470771
v 15.600810 103.598022 6.492497
v 15.466975 104.609642 6.255264
v 15.179511 105.551048 5.896018
v 14.988535 106.537621 5.597489
v 14.768165 107.511185 5.270537
v 14.531089 108.478264 4.922919
v 14.292269 109.447289 4.561803
v 14.012011 110.405540 4.178982
v 13.696344 111.355614 3.785456
v 13.359572 112.307762 3.404747
v 13.028615 113.272377 3.062143
v 12.707644 114.271545 2.845770
v 12.441716 115.290260 2.670656
v 12.246202 116.326660 2.527740
v 13.472526 126.125694 3.154135
v 13.594867 127.195435 3.350863
v 13.716289 128.239639 3.580080
v 13.910283 129.264267 3.795246
v 14.132674 130.282990 3.955844
v 14.364351 131.299850 4.035612
v 14.558398 132.317535 4.025663
v 14.700175 133.333878 3.908288
v 14.753618 134.341568 3.723667
v 14.729228 135.326340 3.519112
v 14.672675 136.297241 3.349309
v 14.611383 137.297867 3.271855
v 14.600667 138.329361 3.165365
v 14.765643 139.355942 3.047375
v 17.108465 69.873878 9.386401
v 17.171852 70.909966 9.491778
v 17.263399 71.880310 9.872607
v 17.327841 72.913231 10.035524
v 17.378157 73.957848 10.110964
v 17.415770 75.006523 10.114687
v 17.436401 76.052902 10.030116
v 17.434330 77.086647 9.844815
v 17.403944 78.092125 9.543037
v 17.356213 79.075050 9.176792
v 17.393053 80.124298 9.183433
v 17.494667 81.129135 9.470762
v 17.560387 82.167305 9.612962
v 17.588558 83.216698 9.608546
v 17.603392 84.264740 9.552918
v 17.582232 85.295074 9.353856
v 17.594389 86.343819 9.314900
v 17.610170 87.392754 9.297037
v 17.559649 88.406387 9.030484
v 17.548708 89.449913 8.920720
v 17.559021 90.498505 8.901820
v 17.483137 91.501030 8.604416
v 17.449026 92.540108 8.467899
v 17.397018 93.568008 8.266712
v 17.342665 94.594193 8.057033
v 17.286528 95.619247 7.841952
v 17.228338 96.642532 7.620242
v 17.140169 97.641335 7.314168
v 17.142981 98.689384 7.312671
v 16.951130 99.655876 6.953520
v 16.733496 100.604057 6.560702
v 16.433058 101.477631 6.062347
v 16.307364 102.487907 5.806555
v 16.357533 103.534340 5.765910
v 16.128300 104.505997 5.446935
v 15.785843 105.414284 5.050263
v 15.506717 106.363609 4.700562
v 15.208783 107.305435 4.339039
v 14.913568 108.251747 3.971669
v 14.626658 109.207085 3.597487
v 14.306961 110.155899 3.203243
v 13.939382 111.096092 2.793694
v 13.569345 112.059914 2.390449
v 13.191096 113.048515 2.002266
v 14.271355 131.168716 2.753372
v 14.458902 132.185593 2.745354
v 14.620139 133.197952 2.642094
v 14.722216 134.205109 2.470724
v 14.755037 135.195831 2.277632
v 14.749068 136.168472 2.149909
v 14.686530 137.202347 2.181033
v 18.094389 68.780670 9.230762
v 18.142260 69.827721 9.198594
v 18.212950 70.861900 9.360879
v 18.304443 71.835747 9.742099
v 18.367926 72.872246 9.897504
v 18.414448 73.920265 9.946162
v 18.446285 74.969559 9.916351
v 18.460611 76.013504 9.802646
v 18.453518 77.043228 9.596791
v 18.421751 78.047142 9.290368
v 18.381613 79.040558 8.952736
v 18.414537 80.089958 8.943091
v 18.512022 81.099937 9.213259
v 18.575871 82.139442 9.346300
v 18.604166 83.188835 9.342472
v 18.621922 84.237312 9.298518
v 18.612432 85.276718 9.155464
v 18.621336 86.324234 9.098261
v 18.621672 87.369545 9.012606
v 18.580544 88.392975 8.787930
v 18.572029 89.436401 8.687243
v 18.555647 90.477501 8.567838
v 18.498312 91.498962 8.338492
v 18.439087 92.522133 8.117703
v 18.375362 93.542686 7.885819
v 18.313410 94.564117 7.657677
v 18.253290 95.586250 7.433360
v 18.200813 96.611427 7.224400
v 18.145096 97.636162 7.011748
v 17.972265 98.612991 6.671539
v 17.756880 99.564392 6.285678
v 17.562828 100.527733 5.919791
v 17.298460 101.437660 5.471174
v 17.136665 102.426964 5.166319
v 17.080515 103.461235 5.007200
v 16.758446 104.380875 4.616608
v 16.413040 105.290627 4.218097
v 16.074118 106.209328 3.831471
v 15.712931 107.119041 3.438041
v 15.359447 108.037514 3.047763
v 14.980487 108.949112 2.647247
v 14.587929 109.861992 2.239152
v 14.825408 136.121124 0.880487
v 19.128752 68.726219 9.058544
v 19.183668 69.774612 9.073565
v 19.255941 70.806427 9.253598
v 19.343868 71.793785 9.599883
v 19.403784 72.834023 9.730076
v 19.445446 73.883095 9.750724
v 19.472349 74.931396 9.696278
v 19.483032 75.973396 9.567199
v 19.473471 77.001068 9.352015
v 19.441984 78.005363 9.046992
v 19.407803 79.006523 8.732332
v 19.436132 80.055710 8.703292
v 19.529625 81.070358 8.956846
v 19.590063 82.111900 9.074992
v 19.616453 83.161423 9.064174
v 19.634426 84.210258 9.020943
v 19.633747 85.254883 8.915689
v 19.631176 86.299500 8.812351
v 19.620275 87.341026 8.686637
v 19.593916 88.375793 8.515656
v 19.566751 89.411995 8.352564
v 19.518766 90.440071 8.148837
v 19.457552 91.461304 7.913923
v 19.385441 92.478249 7.664612
v 19.312910 93.494926 7.415269
v 19.240339 94.511818 7.166974
v 19.164900 95.527946 6.915451
v 19.073385 96.538353 6.644780
v 18.923784 97.525414 6.316493
v 18.720957 98.486946 5.945244
v 18.529526 99.453438 5.583068
v 18.360441 100.431435 5.242838
v 18.171453 101.402092 4.890397
v 17.980505 102.375908 4.545016
v 17.659414 103.295616 4.146930
v 17.304176 104.200562 3.738448
v 16.944918 105.107414 3.332662
v 16.545397 105.995377 2.919488
v 16.139496 106.882957 2.509852
v 20.168877 68.673279 8.921655
v 20.226431 69.720879 8.960601
v 20.298658 70.751884 9.145184
v 20.382444 71.752769 9.451188
v 20.437712 72.796539 9.550572
v 20.474234 73.845848 9.543674
v 20.497080 74.892944 9.470047
v 20.505388 75.933624 9.331363
v 20.494692 76.960464 9.112473
v 20.464523 77.966423 8.812878
v 20.434793 78.973068 8.515722
v 20.457903 80.021538 8.464255
v 20.547476 81.040436 8.701579
v 20.602728 82.084450 8.798371
v 20.623581 83.133705 8.768322
v 20.635412 84.181686 8.704865
v 20.631250 85.225662 8.590905
v 20.617958 86.266869 8.455439
v 20.594793 87.304222 8.296298
v 20.560858 88.337006 8.109459
v 20.509621 89.363503 7.893384
v 20.438841 90.381279 7.645435
v 20.365187 91.397308 7.390168
v 20.281553 92.409294 7.121802
v 20.192204 93.419014 6.846601
v 20.092028 94.424599 6.559352
v 19.970152 95.421814 6.250387
v 19.810219 96.403603 5.909155
v 19.622026 97.373344 5.547172
v 19.421236 98.337578 5.177064
v 19.224869 99.304611 4.810762
v 19.015274 100.267822 4.438806
v 18.770056 101.217567 4.049139
v 18.453703 102.139397 3.639623
v 18.084057 103.038452 3.222557
v 17.697323 103.930557 2.804262
v 17.292648 104.816628 2.387589
v 21.269262 69.668053 8.847445
v 21.341030 70.698746 9.033868
v 21.419920 71.712769 9.294501
v 21.469862 72.759399 9.360852
v 21.501427 73.808372 9.328818
v 21.520933 74.854309 9.239913
v 21.527769 75.894188 9.095548
v 21.517143 76.921272 8.878022
v 21.489067 77.929848 8.587260
v 21.462614 78.940361 8.303186
v 21.479975 79.987411 8.226504
v 21.565310 81.010544 8.446328
v 21.612839 82.057182 8.512780
v 21.623922 83.104927 8.450802
v 21.623661 84.149811 8.351529
v 21.608934 85.189964 8.210604
v 21.581303 86.225449 8.040158
v 21.538460 87.254692 7.838272
v 21.483706 88.278809 7.612569
v 21.409491 89.294868 7.356818
v 21.319191 90.303581 7.078276
v 21.224592 91.310440 6.793402
v 21.117392 92.312202 6.494054
v 20.994612 93.307755 6.178977
v 20.848993 94.294212 5.843929
v 20.673491 95.268547 5.486465
v 20.471922 96.232101 5.112437
v 20.254568 97.189293 4.729888
v 20.023022 98.140839 4.339976
v 19.773920 99.086418 3.943706
v 19.479530 100.013885 3.533067
v 19.148216 100.927345 3.115159
v 18.781015 101.826843 2.693861
v 22.312147 69.616341 8.733852
v 22.382692 70.647964 8.915474
v 22.455666 71.673935 9.126353
v 22.500029 72.722397 9.160666
v 22.527174 73.770615 9.107217
v 22.544016 74.815483 9.006432
v 22.550116 75.854965 8.859443
v 22.540642 76.883232 8.647852
v 22.515373 77.895294 8.369480
v 22.491400 78.908638 8.095545
v 22.502563 79.953331 7.990944
v 22.582317 80.981499 8.187796
v 22.618429 82.030190 8.211728
v 22.616411 83.074547 8.109783
v 22.600388 84.113998 7.967902
v 22.568714 85.147270 7.787336
v 22.519749 86.173431 7.572201
v 22.452181 87.191490 7.324821
v 22.370279 88.203316 7.055298
v 22.269745 89.207031 6.761285
v 22.154228 90.204109 6.449680
v 22.027174 91.196526 6.126332
v 21.881605 92.181450 5.786416
v 21.712246 93.156715 5.428057
v 21.516254 94.121239 5.052476
v 21.293547 95.074852 4.662145
v 21.049068 96.019623 4.261933
v 20.771982 96.950356 3.848752
v 20.486845 97.879471 3.435859
v 20.165056 98.794312 3.015628
v 23.354588 69.566566 8.614955
v 23.422766 70.600845 8.782250
v 23.489107 71.636124 8.944514
v 23.528328 72.685356 8.951274
v 23.551737 73.732597 8.880317
v 23.566406 74.776512 8.769959
v 23.572226 75.815811 8.622116
v 23.564779 76.845932 8.420112
v 23.543236 77.862480 8.158960
v 23.521492 78.878288 7.894747
v 23.526117 79.919434 7.759651
v 23.597410 80.954079 7.921760
v 23.617270 82.002609 7.889058
v 23.598623 83.040916 7.740385
v 23.560753 84.071152 7.545594
v 23.503340 85.092796 7.312055
v 23.425266 86.105339 7.045084
v 23.327192 87.108940 6.750442
v 23.211441 88.104820 6.434790
v 23.077276 89.092758 6.100176
v 22.925398 90.073166 5.749599
v 22.754095 91.045677 5.384282
v 22.558300 92.008263 5.003080
v 22.333967 92.958977 4.605996
v 22.086475 93.900894 4.199568
v 21.806416 94.828949 3.780354
v 21.507116 95.749947 3.357570
v 24.395819 69.519875 8.483896
v 24.460558 70.557571 8.630553
v 24.520424 71.598938 8.751227
v 24.555222 72.648216 8.735293
v 24.575399 73.694382 8.649475
v 24.588064 74.737328 8.530333
v 24.593634 75.776451 8.381555
v 24.588766 76.808685 8.191216
v 24.572264 77.830872 7.953909
v 24.553577 78.850082 7.704794
v 24.551641 79.886063 7.537509
v 24.609240 80.928398 7.643248
v 24.604698 81.971405 7.533144
v 24.558313 82.996918 7.316637
v 24.487394 84.011253 7.055459
v 24.393698 85.015289 6.760999
v 24.278017 86.009605 6.440128
v 24.140856 86.994438 6.097018
v 23.982716 87.970184 5.735466
v 23.804602 88.937744 5.359380
v 23.602171 89.894981 4.967428
v 23.377695 90.843727 4.564692
v 23.115997 91.776489 4.144986
v 22.840353 92.704605 3.722793
v 25.435614 69.476372 8.339713
v 25.496719 70.516838 8.466681
v 25.550404 71.562065 8.551249
v 25.581163 72.610924 8.515024
v 25.598288 73.655914 8.415352
v 25.608633 74.697716 8.286220
v 25.613306 75.736343 8.133699
v 25.610777 76.770348 7.953354
v 25.600519 77.798607 7.744694
v 25.587849 78.824455 7.527278
v 25.580383 79.854179 7.331604
v 25.612036 80.902000 7.332984
v 25.555241 81.920883 7.089502
v 25.464781 82.924118 6.791777
v 25.349133 83.916107 6.463307
v 25.209564 84.897659 6.110841
v 25.046860 85.869377 5.739305
v 24.858170 86.829628 5.348667
v 24.649414 87.781937 4.946974
v 24.410244 88.721535 4.530128
v 24.150587 89.653076 4.106084
v 23.866148 90.575142 3.675785
v 26.532408 70.477531 8.298935
v 26.579697 71.525322 8.348025
v 26.606390 72.573410 8.291613
v 26.620020 73.616898 8.176459
v 26.626783 74.656883 8.032535
v 26.628424 75.693848 7.868227
v 26.625610 76.727867 7.686952
v 26.619558 77.759636 7.494964
v 26.613077 78.791206 7.304383
v 26.608295 79.824272 7.122357
v 26.538702 80.834259 6.843486
v 26.419638 81.821678 6.501710
v 26.275827 82.798561 6.137171
v 26.105844 83.764153 5.751857
v 25.915190 84.721825 5.353942
v 25.687979 85.662987 4.934477
v 25.444450 86.598320 4.509590
v 25.181257 87.526413 4.079282
v 27.567953 70.439354 8.130126
v 27.608679 71.488548 8.143344
v 27.630314 72.535240 8.062498
v 27.638273 73.576035 7.923636
v 27.637716 74.612015 7.752369
v 27.630466 75.644005 7.558441
v 27.617537 76.672722 7.347101
v 27.597691 77.698166 7.118664
v 27.561934 78.717422 6.861934
v 27.478153 79.718330 6.545211
v 27.331984 80.692490 6.170638
v 27.156174 81.653191 5.773012
v 26.944456 82.597923 5.353487
v 26.721212 83.539406 4.931969
v 26.462849 84.466072 4.496573
v 28.603703 70.402107 7.962519
v 28.636484 71.451378 7.932851
v 28.649027 72.494514 7.811792
v 28.644272 73.528313 7.627012
v 28.626606 74.554466 7.404314
v 28.596176 75.573898 7.152594
v 28.549103 76.585556 6.871134
v 28.476141 77.586624 6.555290
v 28.357939 78.569473 6.194426
v 28.185898 79.530029 5.793578
v 27.964039 80.468163 5.363459
v 27.723387 81.399422 4.927698
v 29.637821 70.365532 7.785127
v 29.656952 71.411278 7.689606
v 29.647085 72.442474 7.490312
v 29.610477 73.457451 7.222413
v 29.554361 74.462730 6.921546
v 29.469995 75.454987 6.583200
v 29.353876 76.434471 6.214555
v 29.192667 77.396034 5.812709
v 28.977835 78.334785 5.380869
v 30.660831 70.326042 7.552531
v 30.642384 71.352615 7.332393
v 30.570450 72.346458 7.000057
v 30.472595 73.328392 6.637231
v 30.336430 74.294617 6.241915
v 30.166584 75.247681 5.825948
v 29.967285 76.190910 5.398778
v 31.475042 71.203720 6.710565
v 31.318411 72.154472 6.288847
v 31.144064 73.102066 5.862700
v 15.728228 107.763588 2.083753
v -6.868526 147.296661 2.562170
v 7.405932 94.884995 14.694613
v 6.974542 102.998978 11.729734
v 7.720909 100.945847 11.503325
v -18.519331 96.798882 5.778514
v -14.299301 140.897446 3.203919
v -11.639967 67.279442 8.132753
v -9.853648 71.609314 7.784169
v -9.015781 76.892792 8.076910
v -8.162871 82.172775 8.409075
v 1.225332 78.382401 11.539845
v -1.133183 136.120407 12.230763
v 3.647269 133.819534 13.311840
v 3.728543 136.035995 12.416887
v 7.733857 100.945488 11.487982
v 8.571470 97.803764 10.976459
v 7.793797 89.897484 16.550528
v 9.410781 94.651932 10.567961
v 7.404491 147.807404 1.920763
v 10.518318 70.991333 23.568180
v 12.112710 117.372986 2.405214
v 15.721375 107.768982 2.102175
v 22.536692 93.621330 3.294336
v 28.727888 79.259613 4.936868
v 31.621738 70.254448 7.135587
v -9.154838 67.403473 6.879289
v -7.866278 67.607315 6.172757
v -6.549686 67.804985 5.519433
v -5.194282 67.993240 4.947333
v -3.755578 68.145164 4.626755
v -2.277696 68.224785 4.724792
v -0.870915 68.242668 5.195453
v 0.359705 68.190987 6.021685
v 1.347072 68.077080 7.122689
v 2.129526 67.927757 8.374024
v 2.636475 67.736877 9.755239
v 2.996003 67.532211 11.180732
v -2.261622 75.792732 6.054087
v -0.224088 78.648415 7.826352
v -7.332636 70.617119 6.243323
v 0.891960 78.486374 9.499965
v -8.637286 70.776695 6.998714
v -3.748571 92.920738 8.827647
v -5.870632 75.873642 6.343381
v -5.117185 93.163612 8.891318
v -2.606661 90.912369 8.812359
v -7.531251 76.086159 7.129849
v -1.810995 91.143448 9.647942
v -2.982233 84.092216 7.340523
v -4.031692 96.092033 9.508159
v -4.332743 99.322311 10.332334
v 2.376200 70.265068 9.804447
v 0.873269 74.166359 8.005583
v -0.373777 81.609062 8.423817
v -7.547840 72.954010 6.692977
v 0.773187 79.795868 10.046656
v 1.327256 76.611855 9.771297
v 1.262030 77.745995 10.419131
v -2.541374 93.219841 9.482574
v -5.654920 79.169426 6.765214
v -4.730497 90.872040 8.412420
v -2.441603 87.676910 8.190440
v -0.956224 84.780853 8.677382
v -5.185545 85.560562 7.623460
v -5.413696 82.362747 7.199166
v -3.168778 96.354820 9.950808
v -4.522164 97.255859 9.728556
v -5.017494 96.274048 9.521010
v 2.781954 69.372429 10.954744
v 2.450307 71.466728 10.719541
v 1.729977 74.515350 9.845611
v 0.301540 81.856422 9.775260
v -8.602471 73.082199 7.304588
v 1.458189 76.726990 10.769156
v -7.189838 79.370148 7.432554
v -5.806561 91.025032 8.708191
v -5.148634 88.783813 8.135126
v -1.266989 88.039688 9.296288
v -0.324570 84.999939 9.798577
v -6.450101 85.730293 8.103496
v -6.470185 83.582779 7.761592
v -6.810009 81.438393 7.573275
v -3.537039 97.358025 10.034460
v 1.893797 74.647789 10.893802
v -5.094817 91.987122 8.660874
v -5.459309 89.915527 8.400456
v -6.181954 88.922783 8.504897
v -4.175003 98.264671 10.031388
v 1.638871 75.651443 10.357769
v 1.078746 78.735985 10.463050
v -2.460792 92.051712 9.188093
v -8.239910 71.951988 6.939242
v -7.851018 74.498787 7.074523
v -1.727468 89.588806 9.176654
v -0.989701 86.395020 9.141873
v -0.493641 86.067657 10.014118
v -0.205850 83.392838 9.290433
v 0.212964 82.957153 10.184233
v -0.006072 83.998734 10.134231
v -8.990532 71.568481 7.316356
v -7.173019 71.836243 6.333150
v -8.641983 74.054581 7.461012
v -0.748975 85.515762 9.176674
v -0.429713 84.280853 9.239557
v -4.559810 70.947411 5.231314
v -6.007547 71.109245 5.674973
v -7.319567 69.066704 6.031886
v -4.166251 94.490425 9.120667
v 2.341574 68.994781 9.239822
v -0.461143 71.568108 6.124480
v 0.332795 79.522675 8.755869
v 2.806539 68.383324 10.577146
v 3.002784 68.470093 11.569998
v 2.622070 70.420059 10.833096
v 1.638455 72.119568 8.686011
v 0.601301 80.887169 10.272906
v -5.566335 87.157921 7.995512
v -6.557834 86.843498 8.326147
v -6.271801 87.870140 8.357846
v -5.997118 84.684196 7.734085
v -6.942533 84.715996 8.174705
v -4.571418 84.125565 7.288815
v -0.135758 82.404930 9.026861
v -1.422982 83.076263 7.779423
v -4.567508 69.411385 5.008387
v -4.936006 73.509178 5.683007
v -6.235843 72.926628 6.036016
v -7.252312 68.190071 5.902730
v -6.430181 69.910332 5.695552
v -6.397260 68.857452 5.545129
v -5.576858 69.457825 5.287860
v -8.131033 69.776825 6.563607
v -9.075213 68.831688 6.996252
v -4.329991 93.615952 8.919737
v 2.569954 69.389244 10.049698
v -0.343204 69.815544 5.840574
v -0.730469 80.186447 7.726623
v 2.112082 71.421539 9.556373
v 2.075780 72.947411 10.141517
v 2.300599 72.568779 11.106075
v 2.109726 73.609879 10.991897
v 1.562926 70.302605 8.067149
v 1.970169 70.622772 8.942399
v -5.724826 86.256012 7.894727
v -3.755328 85.327431 7.449465
v -3.795084 82.681664 6.997505
v -4.516431 68.547409 4.827467
v -3.095226 69.462219 4.820329
v -5.134394 72.159546 5.525114
v -6.303758 71.974762 5.957384
v -6.037227 74.401978 6.153443
v -5.380753 70.419884 5.358097
v -9.216730 69.885033 7.199007
v -8.555572 68.112755 6.618765
v -0.270049 68.853783 5.669900
v 0.808809 69.440208 6.746336
v -0.226373 79.517784 8.052486
v 1.696037 69.037834 7.898165
v -4.557479 84.987137 7.431188
v -3.769718 84.464890 7.319675
v -2.189468 85.419090 7.836847
v -4.256792 86.661583 7.664471
v -3.849405 70.194328 4.986875
v -2.154446 71.118797 5.275500
v -2.860496 70.433487 5.014935
v -1.638581 69.578476 5.132474
v -6.843354 75.186371 6.650356
v -6.846337 73.733589 6.422468
v 0.856780 68.583191 6.615603
v 0.357736 70.649666 6.556139
v 1.026754 70.299385 7.218362
v 0.884060 71.806313 7.399926
v 0.269180 71.575890 6.721774
v 0.152137 73.180748 6.935048
v -2.916240 84.983330 7.510252
v -3.046170 86.330978 7.713301
v -4.570705 87.783264 7.879179
v -3.490154 87.469330 7.836884
v -3.313861 72.601501 5.386382
v -1.158630 70.568260 5.502708
v -2.308761 69.085594 4.867726
v 1.441939 71.313652 8.095132
v 1.041452 72.926826 7.937123
v 1.595860 73.368675 9.017783
v -4.314557 72.747704 5.437820
v 1.354030 74.364044 8.896601
v 0.737158 75.888786 8.293591
v 1.320623 75.581200 9.245922
v -6.461181 77.532425 6.823066
v -6.452287 82.489647 7.567825
v -7.332809 82.613785 8.027940
v -7.477649 80.473289 7.776799
v -6.265518 80.293480 7.151008
v -4.319670 80.707649 6.735331
v -5.790126 81.308861 7.127152
v -5.251037 80.168976 6.807338
v -8.310234 75.404686 7.459339
v -3.230002 89.310326 8.232026
v -3.783852 88.463501 7.972633
v -4.305749 89.790314 8.200485
v -3.416991 90.353691 8.392574
v -1.997563 88.619804 8.645838
v -1.214173 88.940636 9.800958
v -0.798024 87.213524 9.848034
v -1.572937 87.194672 8.662583
v -1.660571 86.184921 8.346757
v -2.316649 86.770416 8.066549
v -3.103296 95.088867 9.603862
v -3.187144 94.061523 9.274044
v -5.054623 95.170280 9.272512
v -5.338423 94.166405 9.122530
v -5.447055 83.455490 7.365163
v -0.043879 80.547874 8.527122
v 0.439619 80.460968 9.390522
v 0.143190 81.270172 9.094679
v -1.611651 81.511551 7.385457
v -2.562281 82.892090 7.239842
v -1.839500 84.237602 7.777293
v -0.488982 75.123024 6.819166
v -3.478522 71.443459 5.157298
v -1.656467 72.679436 5.692473
v -3.350415 74.394585 5.662820
v -4.694865 75.043449 5.891822
v -5.537050 75.111420 6.093644
v -5.201478 74.323402 5.888757
v -3.548487 75.671562 5.861010
v -3.193790 78.279297 6.301985
v -4.159496 79.316185 6.471797
v -3.038994 76.927094 6.098441
v -2.410192 79.928047 6.758202
v -1.236125 77.316086 6.780596
v -4.758998 77.399040 6.265896
v -4.594472 76.230865 6.041531
v -3.973465 76.930016 6.073342
v -3.145376 79.273605 6.508802
v -2.018902 76.783035 6.319766
v -1.223845 75.969864 6.533950
v -2.149375 77.892113 6.462056
v -1.215580 78.577873 7.014946
v -0.159604 76.376396 7.341044
v -2.133600 78.922905 6.649095
v -4.230545 78.289742 6.334654
v 0.454441 77.377266 8.299936
v -0.338598 77.551712 7.473097
v 0.932913 76.695160 8.854539
v 0.389342 78.362183 8.606378
v -6.629397 76.489769 6.749531
v -6.544151 78.598488 7.021218
v -7.677612 78.154388 7.509316
v -7.393056 77.154007 7.217293
v -4.485090 81.800957 6.921040
v -2.529081 89.913620 8.647744
v -0.871298 81.111832 7.802088
v -1.029597 82.156265 7.891723
v 0.134227 74.270096 7.176898
v 0.484836 75.075317 7.714762
v -2.433992 72.089600 5.401119
v -1.358874 71.688469 5.620224
v -0.623399 72.711647 6.214499
v -0.804040 73.970360 6.360793
v -1.517945 74.888237 6.175279
v -2.461248 74.832375 5.831660
v -2.406873 73.632004 5.659778
v -1.512407 73.572685 5.908184
v -1.593760 80.468437 7.173390
v -2.967425 81.296761 6.836869
v -3.350366 80.351135 6.643536
v -2.382628 81.977135 7.116314
v -5.549766 78.092377 6.580056
v -5.687352 76.914719 6.439960
v -3.678247 91.631531 8.589014
v 15.846306 68.155365 9.505779
v 14.473250 68.091034 10.062962
v 13.137507 68.031387 10.706119
v 11.960472 67.989296 11.608697
v 11.025183 67.977875 12.758677
v 10.352438 68.008644 14.080420
v 10.172322 68.086983 15.550324
v 10.204478 68.190865 17.029469
v 10.406479 68.313904 18.493692
v 10.664023 68.443077 19.948997
v 10.905276 68.570724 21.407530
v 10.991530 68.677940 22.884857
v 9.243206 78.499947 13.828715
v 8.452899 87.212685 13.055201
v 9.057205 79.625023 16.864120
v 10.792823 73.797539 11.969192
v 12.900434 74.521477 10.596291
v 10.229218 81.056587 11.603528
v 8.439430 84.456146 14.969197
v 11.291492 77.990646 11.107699
v 11.807113 81.022820 10.706113
v 10.061705 83.873016 11.433989
v 8.454648 85.047356 16.547276
v 9.691784 87.191978 11.320448
v 8.426539 90.139122 12.358968
v 9.232699 79.700897 18.545992
v 9.245898 90.490448 11.136718
v 10.601109 70.806801 21.248087
v 7.883020 96.801758 12.328282
v 8.090541 93.418335 12.563910
v 7.995494 89.790154 14.374866
v 10.582158 71.204887 22.331606
v 8.696519 93.719215 11.426343
v 15.026408 69.899940 9.913749
v 7.665641 99.114044 12.109242
v 9.513434 74.723289 16.958847
v 8.124848 87.676537 15.119138
v 8.879693 81.700462 17.354595
v 13.433306 76.150444 10.431981
v 14.086131 72.977249 10.259498
v 12.441554 79.226776 10.551394
v 11.430581 83.415924 10.790382
v 10.650195 85.430740 10.944340
v 9.946383 88.604851 10.998540
v 10.275805 72.788116 20.749851
v 7.797817 94.914574 13.121798
v 7.722562 92.925362 13.927178
v 7.863863 90.991295 14.859876
v 15.944884 70.176544 9.671860
v 9.582600 76.565590 18.777502
v 8.082270 88.055962 16.160530
v 8.889671 82.087761 18.389727
v 15.066566 73.262993 10.149757
v 10.285216 73.161705 21.753328
v 9.971965 74.718834 19.988581
v 9.663839 77.037071 20.011744
v 8.049590 88.912956 15.257555
v 9.059751 80.879898 18.249659
v 10.420024 72.206383 22.128380
v 9.976234 75.095024 20.999189
v 10.118171 74.136681 21.403070
v 9.832348 75.878448 20.132505
v 10.812845 69.859436 22.215471
v 8.627402 92.005997 11.713766
v 9.357183 91.802315 10.947210
v 9.124164 92.827553 11.052966
v 8.200803 94.482712 12.134379
v 8.650567 94.955704 11.317949
v 8.100702 95.662003 12.091273
v 7.903125 90.075180 15.392000
v 8.012362 90.860039 13.478732
v 9.442094 78.153648 18.889521
v 9.488995 78.136139 19.934612
v 9.103625 80.106468 17.689043
v 9.142613 80.457298 19.063770
v 8.469440 92.920387 11.867102
v 8.300597 96.424950 11.574846
v 9.883113 71.531281 14.578022
v 11.195987 70.844353 11.965693
v 10.637674 69.621704 20.604927
v 15.136385 68.862877 9.809667
v 13.731890 69.335602 10.348743
v 10.436388 82.468712 11.290921
v 10.891030 84.361580 10.916589
v 10.509124 87.696815 10.827661
v 10.542737 86.562340 10.904529
v 9.962906 89.697113 10.879839
v 9.003171 89.241364 11.620317
v 8.343169 88.714409 12.875136
v 8.117341 88.608170 14.073823
v 7.754041 93.896294 13.465619
v 7.743950 92.083588 14.660262
v 10.449640 71.837341 21.149933
v 10.142444 73.775352 20.417728
v 9.898943 72.426910 18.175430
v 9.935370 73.663811 18.967722
v 10.230143 71.707153 19.568253
v 10.854958 69.569229 23.093874
v 8.044714 92.125572 12.907956
v 8.315335 91.217178 12.387189
v 9.225060 77.473793 16.853741
v 9.257939 78.698776 17.737001
v 10.073370 69.711449 14.704316
v 11.341258 69.317558 12.073298
v 16.076185 69.170555 9.576706
v 13.763118 71.170670 10.320961
v 8.900854 82.595856 13.285593
v 10.968982 81.580391 11.049042
v 11.957855 82.274551 10.694107
v 8.869567 87.885834 12.035344
v 8.146549 89.691574 13.306279
v 8.194203 87.530663 14.052537
v 8.272913 86.076683 14.804008
v 10.026217 70.299950 17.627949
v 9.727229 73.631050 17.666151
v 9.700641 72.323891 16.290903
v 9.738357 72.722244 17.220610
v 9.872442 71.498611 17.356411
v 9.571309 73.612724 16.293993
v 10.088647 71.145340 18.499510
v 9.887987 70.565254 16.049303
v 9.664757 72.975540 14.934192
v 10.375600 70.387337 19.551855
v 10.438468 71.053139 20.293749
v 9.725609 75.090385 18.557606
v 9.666772 74.527351 17.839205
v 10.054262 72.653404 19.177259
v 7.896821 91.759087 13.776612
v 9.391116 77.407555 18.001040
v 9.415954 76.083641 17.428331
v 10.147464 68.712555 14.766465
v 11.413782 68.443665 12.124323
v 12.436564 69.288124 11.072081
v 10.480340 70.088234 13.191471
v 10.400199 69.086082 13.722275
v 14.127001 70.244331 10.194846
v 13.006614 70.283981 10.668073
v 12.267745 71.871841 10.982055
v 12.020875 70.358444 11.293034
v 12.886744 71.223106 10.677165
v 13.206125 72.300323 10.504230
v 13.094710 73.416985 10.552198
v 11.849696 73.748245 11.070938
v 14.910230 71.887489 10.009441
v 9.527115 82.052498 12.209273
v 10.181929 69.144585 17.703325
v 10.017152 69.327721 16.426493
v 10.251661 69.803375 18.605217
v 10.464402 69.358620 19.513350
v 9.960466 69.757805 15.615629
v 9.794721 71.408379 16.433100
v 9.732312 72.100670 15.348275
v 10.156430 72.690498 13.231741
v 9.757035 75.756958 19.210108
v 10.945382 70.077248 12.401353
v 10.814319 68.946373 12.829651
v 11.314761 75.834999 11.253089
v 11.330028 72.620323 11.594677
v 12.314101 72.873161 10.883106
v 9.716834 82.983002 11.813619
v 9.063541 80.547371 13.556201
v 9.892414 72.421806 14.146542
v 11.895090 74.886185 10.995030
v 12.638041 75.523109 10.652516
v 12.218706 76.925926 10.710711
v 10.973186 74.838654 11.616727
v 9.824477 76.388229 12.961625
v 10.426714 75.819145 12.077173
v 9.430898 75.252373 14.814286
v 10.762428 76.932831 11.568666
v 9.452873 74.655220 15.805390
v 9.888831 74.705391 13.260079
v 10.387584 74.608147 12.396457
v 10.164104 73.721016 12.948706
v 9.723468 73.821915 14.070405
v 9.995566 78.382622 12.237430
v 9.299194 76.077583 15.990767
v 9.563758 73.976990 15.059688
v 10.550063 77.850723 11.681403
v 10.636132 72.841011 12.328535
v 10.545990 71.643814 12.672167
v 11.106449 71.776588 11.934485
v 9.492306 80.909035 12.515088
v 9.054903 81.552002 13.229406
v 8.685162 81.916855 15.265610
v 8.760748 81.991249 14.181534
v 8.577127 83.288559 14.363804
v 9.529755 79.564972 12.733168
v 8.838366 84.532616 12.836106
v 9.320697 83.885269 12.170588
v 9.477659 85.266586 11.765173
v 8.551585 84.287567 13.879151
v 8.808686 83.593864 13.198731
v 8.468060 85.589386 13.573345
v 9.746960 86.178825 11.404878
v 8.978685 86.708817 12.126904
v 8.376006 85.222038 14.430998
v 8.311481 86.535057 13.902201
v 8.618008 86.272392 12.907550
v 13.383443 77.477928 10.395061
v 12.400956 78.066147 10.585602
v 13.269300 78.607948 10.278293
v 9.389695 75.565292 16.709057
v 9.284564 76.928856 14.506861
v 9.287396 76.597168 16.712908
v 9.155983 79.524658 13.698413
v 8.844210 80.231659 15.204814
v 9.534916 78.677994 12.975677
v 9.556452 77.515938 13.235212
v 10.065996 77.218803 12.366136
v 10.425822 79.613976 11.588478
v 10.107606 84.781799 11.304023
v 8.910914 85.440262 12.522382
v 9.311870 76.158134 15.050401
v 9.872098 80.162148 12.102577
v 10.981628 80.429329 11.113352
v 11.373141 79.346947 10.979753
v 11.963571 80.062859 10.691430
v 12.869631 80.490532 10.396605
v 10.765544 78.739128 11.399512
v 7.652841 97.970360 12.488200
v 8.050990 97.531960 11.757932
v 14.104140 75.009384 10.336925
v 13.919939 73.993103 10.327075
v 7.671764 96.075439 13.222779
v 9.347206 79.130173 19.481203
v 8.216703 86.589714 16.184431
v 8.320942 85.670448 15.743791
v 8.190244 86.805832 15.316375
v 9.920620 70.643089 15.047240
v 10.126474 70.670296 14.005897
v 9.598501 75.655792 13.780646
v 8.644474 83.330956 16.288963
v 8.622540 83.996315 17.425213
v 8.777416 82.847374 17.516335
v 8.552802 83.536514 15.323281
v 8.482043 84.884804 17.431437
v 9.056220 78.256172 15.429981
v 8.821696 80.986237 14.477218
v 8.806234 81.041855 16.228790
v 8.936544 80.810631 17.114094
v 8.906290 80.135818 16.115816
v 8.316257 85.960045 16.979650
v 8.734179 82.206810 16.355822
v 9.174850 77.142258 15.616398
v 9.169274 77.879456 14.555854
v 8.993705 79.186562 14.774043
v 9.109874 78.548729 16.520845
v 8.972123 79.198624 15.773441
v 32.772869 70.377968 4.691813
v 32.597023 70.423920 3.229007
v 32.019768 70.321159 1.876876
v 31.189167 70.138313 0.672711
v 30.120291 69.881546 -0.309676
v 28.973028 69.603294 -1.192687
v 27.763281 69.307022 -1.981395
v 26.537434 69.006599 -2.743758
v 25.315672 68.708450 -3.513516
v 24.116972 68.419304 -4.321823
v 22.970137 68.150047 -5.208570
v 21.899282 67.910767 -6.194246
v 20.901102 67.708389 -7.264460
v 20.878973 68.136665 -7.199496
v 20.763384 69.236115 -6.984745
v 20.662159 70.338806 -6.790306
v 20.627806 70.706886 -6.726138
v 20.556593 71.442772 -6.597074
v 20.457655 72.548943 -6.412589
v 20.384718 73.718773 -6.246773
v 20.280821 74.766495 -6.073382
v 20.187689 75.875450 -5.903872
v 20.105623 76.728859 -5.770527
v 20.086233 76.983803 -5.735139
v 19.990238 78.093788 -5.572878
v 19.891243 79.203781 -5.409985
v 19.859808 79.749832 -5.343703
v 19.812889 80.317200 -5.265567
v 19.716822 81.427689 -5.111959
v 19.622030 82.538902 -4.963503
v 19.605433 82.771019 -4.935473
v 19.521111 83.649818 -4.813368
v 19.424612 84.761055 -4.670494
v 19.335028 85.791924 -4.540503
v 19.328253 85.873215 -4.530854
v 19.228477 86.984863 -4.392008
v 19.121599 88.096008 -4.250478
v 19.170424 88.819908 -4.289838
v 19.164555 89.218353 -4.280745
v 18.995876 90.304962 -4.040648
v 18.877907 91.410118 -3.875251
v 18.833849 91.813927 -3.815858
v 18.751268 92.516335 -3.707153
v 18.630550 93.624107 -3.552253
v 18.543844 94.741180 -3.443752
v 18.537764 94.834373 -3.436498
v 18.423357 95.848846 -3.297596
v 18.285002 96.953415 -3.135376
v 18.181330 97.842216 -3.020587
v 18.148886 98.059784 -2.984589
v 17.956396 99.148224 -2.774083
v 17.710585 100.216469 -2.514693
v 17.568319 100.766533 -2.369447
v 17.439993 101.274590 -2.239373
v 17.148403 102.324532 -1.950816
v 16.807135 103.348755 -1.627000
v 16.720203 103.591324 -1.546503
v 16.458158 104.370293 -1.300816
v 16.099764 105.387749 -0.970505
v 15.732683 106.350479 -0.640486
v 15.333618 107.399391 -0.283629
v 14.935272 108.400772 0.066454
v 14.662223 109.079918 0.308147
v 14.536928 109.406448 0.424821
v 14.154184 110.427261 0.796162
v 13.768732 111.467812 1.178024
v 13.614351 111.888512 1.332450
v 13.387962 112.544395 1.566320
v 20.388929 73.661034 -6.255293
v 26.325476 77.524834 -1.402004
v 22.966949 76.719612 -3.183415
v 24.688622 83.994637 -1.266205
v 23.185932 89.898270 -1.148694
v 19.817701 99.290504 -0.329842
v 31.194357 73.533371 2.357320
v 21.195360 91.633278 -2.220864
v 21.144037 89.003395 -2.555793
v 18.681662 101.791946 0.006200
v 21.887030 79.364449 -3.378429
v 25.174166 88.006783 0.631882
v 31.628393 73.321564 4.024585
v 25.541842 87.734261 2.258629
v 22.597511 70.922539 -4.693550
v 23.966238 91.105644 0.969481
v 20.286493 99.026054 1.194371
v 30.001448 76.559608 2.046736
v 19.941460 92.160805 -2.859924
v 21.517096 70.982719 -5.634813
v 23.931635 91.230202 2.278953
v 30.193256 76.847404 3.647979
v 16.977934 105.286743 0.547110
v 21.447989 76.195602 -4.383583
v 26.702637 84.523972 1.111060
v 21.948133 83.130821 -2.763597
v 19.940651 97.400108 -1.620402
v 28.748285 79.554779 1.685200
v 26.844574 84.773552 2.706155
v 20.597395 83.144730 -3.687672
v 19.084524 97.411743 -2.415876
v 28.962589 79.844902 3.291941
v 15.406833 108.199760 1.065136
v 18.164118 103.199669 0.811909
v 17.414680 103.889931 -0.269413
v 19.202896 101.218529 1.238393
v 22.442511 93.915306 -0.047151
v 21.676809 74.120621 -4.637649
v 20.136480 95.364403 -2.159316
v 22.612129 94.164284 1.615377
v 20.916857 74.176910 -5.415958
v 19.272804 95.357147 -2.824340
v 21.188297 75.159363 -4.851114
v 19.071527 96.381104 -2.652442
v 16.203598 106.734474 0.690921
v 18.879759 99.658043 -1.573527
v 20.226288 89.774467 -3.417147
v 21.210817 86.386833 -2.784560
v 20.409901 85.230377 -3.516589
v 18.077908 101.760277 -1.178697
v 20.922253 78.570755 -4.367248
v 20.890436 80.789612 -3.890062
v 24.714357 89.544983 1.801416
v 24.402765 90.048393 2.722464
v 24.875999 89.023933 2.793600
v 16.808321 104.825195 -0.400612
v 23.315800 92.609451 1.472784
v 23.027323 93.119286 2.399937
v 23.453676 92.151878 2.498950
v 19.306273 98.484642 -1.787167
v 20.251465 87.518242 -3.317015
v 17.976452 102.761940 -0.411921
v 18.864742 100.746796 -0.803159
v 20.224653 80.827148 -4.573320
v 20.444605 81.953453 -4.060089
v 20.625965 79.725090 -4.358970
v 24.312056 90.479027 1.699545
v 23.712179 91.774651 1.560637
v 18.667295 99.012009 -2.197877
v 20.012867 98.295288 -0.890868
v 17.395506 103.253166 -0.927822
v 18.330193 100.545227 -1.681636
v 19.290442 99.915558 -0.779467
v 19.405546 100.528419 0.260694
v 21.310713 82.268440 -3.295724
v 21.425648 96.391754 0.344233
v 21.191092 97.177116 1.574458
v 19.739321 100.115990 1.373137
v 23.240263 81.116112 -2.394798
v 20.732262 97.186668 -0.527304
v 19.912472 99.641441 0.557980
v 22.372124 81.956665 -2.713696
v 23.485994 83.053406 -2.026715
v 22.126760 80.656334 -3.027241
v 22.714087 82.757126 -2.424363
v 27.344007 73.456200 -1.519508
v 31.848194 71.912102 2.634079
v 30.012991 72.488304 0.233700
v 24.217197 70.298927 -3.798111
v 23.172606 69.535545 -4.664522
v 17.600933 104.283806 0.870002
v 18.690210 102.219719 1.059404
v 21.894314 72.456390 -4.885232
v 20.966837 93.581863 -1.928022
v 19.775539 94.042290 -2.574750
v 19.922529 96.401451 -2.004471
v 15.703943 107.495781 0.550924
v 16.385971 105.958801 0.045483
v 20.352386 90.945763 -2.905487
v 21.446236 90.317062 -2.412893
v 19.550179 90.846291 -3.450793
v 21.776478 84.804489 -2.625638
v 20.145792 84.184227 -3.957651
v 21.024994 84.111382 -3.191324
v 22.014137 77.852348 -3.576907
v 25.219378 88.200096 2.972688
v 20.269743 86.372696 -3.453439
v 20.280394 88.653343 -3.213569
v 21.344631 87.691872 -2.582851
v 22.545065 88.532982 -1.821879
v 21.763599 88.420738 -2.257713
v 21.797224 95.865471 1.640180
v 20.689909 98.169212 1.834052
v 20.764385 97.883583 0.568972
v 21.113283 95.774231 -1.035509
v 21.497225 80.192207 -3.524495
v 21.482035 81.315117 -3.329438
v 27.870367 71.391319 -1.549642
v 32.155777 70.990334 2.571201
v 31.286732 71.501923 1.300815
v 32.298470 71.652153 4.045393
v 32.202465 71.500389 5.080441
v 30.373251 71.150040 0.189715
v 24.504671 69.285927 -3.862053
v 25.559414 70.159630 -3.050431
v 22.146238 69.908424 -5.335075
v 21.360495 69.712997 -6.139161
v 22.007084 68.912415 -5.767049
v 23.364416 70.436180 -4.289725
v 21.979298 71.536613 -5.038293
v 20.730406 92.597137 -2.279666
v 20.487938 94.447350 -2.014045
v 19.419716 93.106361 -3.006422
v 22.388401 91.069160 -1.555633
v 21.133919 85.444664 -2.929026
v 21.562008 78.610306 -3.738745
v 22.071798 76.801552 -3.762372
v 21.176109 77.381355 -4.351463
v 20.737539 76.673546 -4.957046
v 21.454889 96.528046 2.118544
v 22.025934 95.139915 0.474373
v 20.303522 98.695854 0.276421
v 20.578573 96.570045 -1.284979
v 28.161814 70.294212 -1.585099
v 26.835779 70.460442 -2.295189
v 29.169485 71.124504 -0.768758
v 31.297205 72.518883 1.832653
v 30.740177 72.328850 0.968055
v 31.922983 72.464363 3.512022
v 25.796595 69.315620 -3.099842
v 24.872074 72.944672 -2.890542
v 23.818357 71.910065 -3.659853
v 22.683350 68.997818 -5.186987
v 22.240330 89.983315 -1.718105
v 22.080299 92.613503 -1.335905
v 23.379124 91.212914 -0.422536
v 20.707670 75.821449 -5.187976
v 22.186050 95.009148 1.418708
v 22.060804 95.159531 2.357831
v 22.430107 94.366608 0.744986
v 21.771559 94.760551 -0.691374
v 21.951544 93.698364 -1.041142
v 21.141918 94.879005 -1.429708
v 21.583769 95.631996 -0.216030
v 27.030054 69.610123 -2.347628
v 26.462904 72.141716 -2.205427
v 28.612116 72.669060 -0.831366
v 29.719090 71.706032 -0.238537
v 29.832352 70.714653 -0.354790
v 24.868776 71.269463 -3.195307
v 24.571321 72.134712 -3.191561
v 25.907440 71.207573 -2.650528
v 25.537695 72.177597 -2.675205
v 21.904089 91.811554 -1.699933
v 24.119385 89.993599 -0.001904
v 23.032476 90.749535 -1.068364
v 22.736753 91.871864 -0.953717
v 22.703596 92.876938 -0.427218
v 22.958698 93.183998 0.600860
v 23.400894 92.086487 0.398562
v 27.029602 71.373718 -2.032980
v 28.564432 71.768456 -1.058523
v 24.061481 88.332428 -0.780338
v 23.850401 89.309074 -0.685392
v 24.604460 88.921684 0.139858
v 24.555525 89.645531 0.823529
v 30.911366 75.052208 3.530214
v 30.598433 75.658836 4.432724
v 31.018934 74.621223 4.569075
v 31.335173 73.786453 4.753805
v 25.992338 86.311974 1.042369
v 29.539417 78.220497 2.644641
v 27.735641 82.597069 2.148235
v 28.096460 81.812538 3.299527
v 27.562368 82.938515 3.337166
v 27.276453 83.679901 2.427243
v 27.110037 83.902260 3.461681
v 28.250227 81.087410 1.862528
v 28.078079 81.797417 2.395090
v 16.701674 106.008263 1.224835
v 25.171076 88.551239 1.600815
v 25.326794 81.663963 -1.308795
v 21.179556 72.065468 -5.678154
v 21.004730 73.117554 -5.560148
v 23.283440 84.724800 -1.858823
v 31.838327 72.549629 4.835997
v 22.807487 72.011909 -4.272127
v 27.390121 72.370262 -1.666562
v 26.037500 73.562294 -2.212445
v 26.696558 72.987038 -1.957108
v 24.511784 75.159874 -2.666334
v 26.683115 75.455368 -1.552084
v 25.040701 74.091217 -2.602391
v 25.641016 75.083641 -2.134862
v 25.064646 76.676826 -2.151956
v 26.449757 74.465607 -1.845777
v 25.879322 76.073967 -1.850331
v 25.067614 75.775467 -2.287982
v 29.254074 74.954750 0.180492
v 31.280710 74.056145 3.303888
v 30.484375 75.965393 2.933470
v 30.674866 74.811150 2.180817
v 30.311666 73.850937 0.980126
v 30.740183 74.021996 1.753050
v 29.421463 73.652061 0.022047
v 29.329313 72.797844 -0.283473
v 28.306517 74.272324 -0.736780
v 27.395781 74.638908 -1.273650
v 28.058960 76.243279 -0.521386
v 28.022068 75.250748 -0.751763
v 30.022657 75.046745 1.151179
v 30.253824 75.635612 1.887565
v 28.747162 73.511848 -0.553547
v 25.655233 87.302521 1.283614
v 26.491364 85.502434 1.800481
v 26.262638 85.945854 2.980396
v 26.022995 86.641190 2.122931
v 25.758097 86.975517 3.100599
v 24.836912 86.432251 -0.644077
v 25.357634 86.945114 0.237923
v 24.683577 87.498718 -0.428089
v 29.930531 77.284752 2.762912
v 28.881311 77.720955 0.787640
v 29.142645 79.161423 2.547489
v 29.375357 78.732643 3.834199
v 29.745573 77.731781 4.170946
v 28.453756 80.793938 3.725983
v 28.615601 80.631622 2.716599
v 24.634808 82.731575 -1.531729
v 24.237713 81.619255 -1.878950
v 24.992329 79.403496 -1.820394
v 23.414593 82.076195 -2.199424
v 24.880720 80.605888 -1.701564
v 23.867220 79.954773 -2.258241
v 23.868093 78.153809 -2.518066
v 24.195477 79.034424 -2.248927
v 23.017685 79.096970 -2.795464
v 22.910366 78.042854 -3.004914
v 22.935194 80.119446 -2.672703
v 27.021704 81.883598 0.151795
v 26.637333 80.062134 -0.753876
v 25.976347 83.031517 -0.538853
v 25.729496 80.037369 -1.343171
v 26.322550 78.847343 -1.214024
v 25.423964 82.553093 -1.096345
v 26.220509 81.882668 -0.648626
v 26.099508 80.911324 -0.953814
v 27.755529 78.796021 -0.122033
v 25.407541 78.249535 -1.773189
v 27.030823 79.181572 -0.640359
v 23.837349 83.924484 -1.746742
v 22.530527 84.005203 -2.321920
v 22.528524 86.026443 -2.105367
v 21.994186 86.909241 -2.312316
v 22.527319 85.114708 -2.199919
v 23.789642 85.984299 -1.475814
v 23.805914 87.211998 -1.263850
v 22.927799 86.965576 -1.808841
v 23.332556 88.077995 -1.412082
v 24.713839 85.238548 -1.045389
v 25.681147 85.472740 -0.047954
v 26.237349 85.362404 0.789199
v 24.025953 76.296646 -2.705159
v 23.683531 77.215042 -2.733332
v 27.051939 76.561638 -1.154719
v 27.385365 77.716515 -0.707072
v 28.185551 77.826363 -0.012179
v 29.117262 78.475113 1.613201
v 29.508951 77.452232 1.644486
v 29.350739 76.294518 0.763311
v 28.503378 78.780396 0.719493
v 28.806049 75.850670 0.036053
v 28.648951 76.890099 0.172307
v 27.687744 81.897766 1.161231
v 27.756739 80.404655 0.427778
v 27.075644 83.160347 0.824201
v 28.285749 79.714569 0.851237
v 26.647831 82.755913 0.076118
v 27.121778 83.791534 1.512417
v 24.696514 77.636589 -2.195023
v 26.126287 84.236206 -0.033444
v 25.504507 83.883095 -0.718124
v 25.392382 84.793556 -0.603550
v 27.037863 80.877609 -0.197642
v 22.593273 75.173668 -3.711000
v 23.296476 75.732933 -3.186916
v 23.622915 74.012283 -3.333446
v 23.278700 72.958382 -3.743721
v 22.631969 73.921379 -3.970850
v 22.458414 73.004433 -4.290228
v 23.729952 74.911064 -3.108988
v -26.838041 68.378311 8.383607
v -27.480070 68.642929 7.082617
v -27.715784 68.801323 5.636832
v -27.500898 68.853325 4.179388
v -26.997869 68.845299 2.793841
v -26.330444 68.811714 1.479324
v -25.632551 68.775383 0.180011
v -24.918636 68.739822 -1.110294
v -24.257277 68.719406 -2.428265
v -23.694391 68.729424 -3.790703
v -23.254805 68.782501 -5.196958
v -22.982088 68.899948 -6.641253
v -22.892143 69.105576 -8.100214
v -22.833836 69.257782 -8.039205
v -22.782942 69.412590 -7.978597
v -22.624489 69.901817 -7.790257
v -22.471354 70.390457 -7.603697
v -22.454506 70.438652 -7.585662
v -22.436960 70.486656 -7.567711
v -22.269335 70.920181 -7.405380
v -22.128506 71.363243 -7.243297
v -21.959856 71.853600 -7.066796
v -21.829090 72.355042 -6.891657
v -21.663641 72.847771 -6.719754
v -21.520960 73.348152 -6.549410
v -21.376654 73.849510 -6.380380
v -21.231909 74.349289 -6.213393
v -21.213268 74.412949 -6.192311
v -21.194542 74.476585 -6.171228
v -21.066271 74.913170 -6.026747
v -20.950039 75.354332 -5.886861
v -20.821838 75.862167 -5.728125
v -20.851423 76.399559 -5.627626
v -20.862568 76.934639 -5.516144
v -20.873110 77.471161 -5.409644
v -20.884136 78.008827 -5.308685
v -20.892094 78.546227 -5.205827
v -20.891483 78.588150 -5.197077
v -20.890465 78.629997 -5.187985
v -20.869747 79.121178 -5.073443
v -20.868364 79.617500 -4.978615
v -20.824072 80.146690 -4.840679
v -20.817543 80.686089 -4.740324
v -20.761339 81.214066 -4.598172
v -20.724876 81.747940 -4.475135
v -20.667828 82.278114 -4.338451
v -20.614485 82.808800 -4.205791
v -20.524597 83.324356 -4.045570
v -20.461977 83.850876 -3.909641
v -20.473778 84.394600 -3.833694
v -20.439323 84.930283 -3.721051
v -20.376587 85.459038 -3.585858
v -20.316551 85.988625 -3.457098
v -20.210447 86.452751 -3.300855
v -20.111193 86.919373 -3.151214
v -20.103434 86.965294 -3.138220
v -20.095633 87.011200 -3.125232
v -20.008165 87.532234 -2.978270
v -19.948799 88.063995 -2.853165
v -19.957197 88.608047 -2.775371
v -19.930229 89.147163 -2.675532
v -19.869427 89.678154 -2.550367
v -19.813330 90.210960 -2.430434
v -19.736715 90.631340 -2.311547
v -19.663240 91.052773 -2.195247
v -19.645643 91.153885 -2.167660
v -19.627438 91.254745 -2.139496
v -19.542782 91.781616 -2.004623
v -19.502344 92.321777 -1.906838
v -19.423779 92.851128 -1.780179
v -19.370092 93.388145 -1.676342
v -19.276335 93.913490 -1.542974
v -19.197729 94.443802 -1.423315
v -19.133728 94.806480 -1.334595
v -19.070642 95.169197 -1.247519
v -19.043001 95.333717 -1.209675
v -19.015228 95.498245 -1.171776
v -18.920618 96.025253 -1.046466
v -18.816818 96.549728 -0.918344
v -18.715010 97.075912 -0.793227
v -18.584547 97.590759 -0.651720
v -18.446785 98.103096 -0.508406
v -18.314753 98.618698 -0.370161
v -18.239424 98.908508 -0.292351
v -18.162746 99.197784 -0.213879
v -18.100317 99.422264 -0.152241
v -18.044050 99.648621 -0.093617
v -17.906025 100.162132 0.043919
v -17.760839 100.673172 0.182380
v -17.598661 101.178574 0.328297
v -17.425838 101.678947 0.477184
v -17.258982 102.181946 0.622657
v -17.095446 102.686378 0.766515
v -17.015600 102.896568 0.830471
v -16.936344 103.106949 0.894245
v -16.830751 103.391502 0.979626
v -16.706839 103.667656 1.068891
v -16.522953 104.164162 1.216048
v -16.391256 104.681641 1.347365
v -16.246220 105.194878 1.482148
v -16.071814 105.697144 1.624375
v -15.892674 106.197838 1.766700
v -15.720159 106.701393 1.907325
v -15.667907 106.835754 1.946513
v -15.617244 106.970825 1.985471
v -15.487308 107.336830 2.089790
v -15.344658 107.698082 2.195735
v -15.152762 108.195618 2.343461
v -14.961217 108.693008 2.491106
v -14.756309 109.186256 2.639327
v -14.550559 109.679886 2.789827
v -14.331182 110.169998 2.939566
v -14.114654 110.662819 3.090098
v -14.095325 110.708549 3.103765
v -14.075995 110.754288 3.117434
v -13.886249 111.209373 3.252321
v -13.695712 111.667900 3.386169
v -13.489276 112.181129 3.536197
v -13.287383 112.706520 3.683554
v -13.221924 112.854088 3.722127
v -22.527021 88.567757 1.856090
v -25.272062 76.168114 1.510021
v -25.936735 76.001213 5.176734
v -24.837263 80.359894 3.597391
v -20.860985 93.977501 2.276400
v -19.608971 97.651283 2.582873
v -21.407845 90.524284 0.038666
v -22.794218 72.260681 -3.315068
v -18.537964 100.448624 2.814244
v -17.257002 103.579872 3.079499
v -22.402498 88.276558 4.512698
v -21.785582 87.479599 -0.694629
v -23.469769 79.699974 -1.013736
v -25.466261 75.692993 7.002255
v -25.092073 78.312584 6.003827
v -24.222975 81.474205 5.690085
v -20.481918 94.030098 4.321694
v -20.139143 95.511375 0.779572
v -20.594900 93.425751 0.162071
v -21.852505 73.626549 -4.450050
v -22.247671 71.545601 -5.109429
v -22.318554 80.095085 -3.028576
v -22.815157 76.627800 -2.610118
v -22.844854 83.600037 -0.774479
v -22.123152 77.985985 -3.812348
v -21.902719 75.799477 -4.113419
v -21.762152 84.944443 -2.039035
v -21.865864 82.776871 -2.474365
v -26.883509 71.548759 6.555995
v -26.708557 70.111702 7.839490
v -25.518787 72.451515 0.974023
v -23.506704 70.473892 -2.904034
v -22.609468 70.129768 -5.717125
v -26.794662 71.663063 3.638530
v -27.018339 69.164597 7.796443
v -27.313364 70.009857 6.455411
v -25.754328 70.548691 0.902328
v -23.758368 69.449364 -3.014597
v -24.286230 70.047638 -1.638789
v -22.911682 69.297119 -5.842476
v -23.063612 69.958336 -4.319725
v -22.188543 71.089699 -6.144051
v -22.574903 69.852432 -6.717631
v -27.046879 70.163963 3.553581
v -27.534590 69.173042 6.398549
v -26.930571 70.695801 7.065988
v -26.191029 71.399925 8.029699
v -27.395872 70.085190 4.984817
v -25.887104 69.518951 0.860458
v -24.472975 69.192162 -1.719072
v -25.043478 70.011696 -0.371640
v -23.854975 71.977470 -1.670228
v -22.890957 71.101967 -3.810791
v -22.630728 70.658768 -4.875622
v -27.204838 69.309753 3.500389
v -26.438578 70.906372 2.289608
v -26.368418 69.888596 1.810337
v -26.104832 70.538635 8.472072
v -27.207563 70.858833 5.753290
v -26.880674 72.325455 5.124173
v -27.104145 71.153206 4.634896
v -25.039644 71.462502 -0.032480
v -23.855017 70.958656 -2.010976
v -24.468424 71.032799 -0.989155
v -23.347742 71.714554 -2.577103
v -26.777725 70.915749 3.128423
v -26.236652 72.480751 2.393044
v -25.943533 71.518364 1.467796
v -26.797791 69.795250 2.683413
v -25.286243 70.650383 0.172177
v -24.513029 73.235939 -0.421431
v -26.494886 73.289673 3.822783
v -25.665823 74.254295 1.754984
v -24.970917 72.479584 0.103771
v -24.447470 72.095757 -0.767320
v -26.529272 72.504616 3.293533
v -25.807251 73.188240 1.704795
v -26.149687 73.729179 2.741059
v -26.192167 74.938652 3.903561
v -25.919062 74.911064 2.731707
v -25.552526 75.256828 1.852657
v -24.719175 74.951942 0.231851
v -26.086847 73.227074 7.262837
v -23.237827 74.137947 -2.090617
v -23.229010 72.930237 -2.367306
v -23.861212 73.120476 -1.393788
v -22.515547 73.768387 -3.228591
v -22.573776 75.196739 -2.870222
v -21.976828 74.641891 -3.837369
v -21.360498 74.985527 -4.812991
v -22.326933 72.986382 -3.834121
v -22.392616 76.064850 -3.300574
v -22.076225 76.888115 -3.974364
v -21.586979 77.567398 -4.626962
v -21.527020 76.512566 -4.802215
v -21.442575 74.081505 -5.257180
v -25.150370 73.694336 0.658261
v -26.428818 74.043762 5.455056
v -25.695768 76.801414 3.358242
v -25.643454 76.102814 2.528258
v -25.933363 75.817169 3.459926
v -24.106493 77.313011 -0.431773
v -26.390219 72.180717 7.295239
v -25.732422 72.583176 8.080749
v -26.631983 72.786079 6.243928
v -24.000294 74.481430 -0.921123
v -24.528000 74.151718 -0.219255
v -23.989477 75.884445 -0.590319
v -24.618780 76.177956 0.446595
v -23.507570 76.749428 -1.479524
v -23.474173 78.252159 -1.421418
v -23.322168 75.422279 -1.672602
v -23.130545 77.518105 -2.114817
v -22.794046 78.842812 -2.530309
v -22.633013 77.559990 -3.020185
v -24.033382 78.695732 -0.214929
v -23.195570 79.114182 -1.711538
v -22.216192 79.062294 -3.477043
v -21.662153 79.968811 -4.012030
v -21.622236 78.791237 -4.351434
v -21.717340 81.319878 -3.510893
v -24.787512 77.815048 1.111896
v -25.296085 77.334557 2.224954
v -24.922247 76.884628 0.998476
v -25.298803 78.582932 3.569382
v -24.995649 78.727104 2.185398
v -25.441305 77.721153 3.116888
v -22.553186 81.398705 -2.177277
v -22.915052 80.272072 -1.924507
v -24.383070 77.931175 0.248842
v -25.020498 79.468864 2.988803
v -24.107367 81.247093 1.135327
v -24.585859 80.031822 1.738483
v -22.041101 81.898666 -2.818571
v -21.363876 82.529900 -3.432247
v -22.219412 80.962036 -2.872483
v -22.720987 82.517021 -1.508031
v -23.340425 81.262657 -0.756805
v -23.283880 82.474678 -0.367091
v -23.685980 81.638550 0.207903
v -23.922400 80.271706 0.166502
v -24.505325 81.237595 2.512511
v -23.712288 84.296814 2.194175
v -23.730122 83.014175 1.137559
v -23.301577 83.410820 0.206933
v -22.799955 85.653633 0.254655
v -22.948784 84.515320 -0.031968
v -23.390242 84.255699 1.045776
v -22.333403 85.270302 -0.906943
v -22.263901 86.397629 -0.515869
v -22.322929 84.312416 -1.380135
v -21.855021 83.867577 -2.281648
v -21.212692 84.534401 -2.961743
v -22.661427 87.193283 0.904532
v -21.288649 86.424278 -1.764547
v -21.093889 85.644089 -2.671855
v -21.213362 83.484917 -3.021704
v -22.323355 87.172211 0.021310
v -21.840984 85.718636 -1.545928
v -24.547642 79.004845 1.092173
v -24.748264 80.318565 2.637662
v -24.411983 81.950615 4.058695
v -23.532757 84.087288 5.197477
v -24.139214 82.176529 1.878170
v -24.332878 82.242111 2.979942
v -24.038782 83.431847 3.905847
v -24.007065 83.196945 2.410796
v -20.790567 87.782516 -1.704530
v -24.163874 79.404457 0.357456
v -24.612398 81.262817 3.447409
v -23.987511 82.749687 5.138740
v -23.543566 85.145622 3.756540
v -22.752338 86.192314 5.366728
v -20.638134 86.981094 -2.282177
v -21.353304 89.076675 -0.801373
v -23.484747 82.446373 6.451816
v -23.726799 84.306877 4.251377
v -21.251650 88.175545 -0.999977
v -23.668684 81.277382 6.769910
v -24.495556 79.887535 6.242251
v -24.214027 80.756157 6.256242
v -23.520071 83.306602 5.877728
v -22.890408 84.362267 6.290895
v -22.926313 83.446274 6.660549
v -23.100031 85.110435 5.455212
v -22.440332 85.565567 6.260859
v -23.208321 85.675285 4.587296
v -22.906372 86.998230 4.227855
v -22.779896 87.960434 3.148972
v -22.877407 87.429688 2.068259
v -26.429815 74.101395 4.436815
v -26.196400 74.980278 4.996629
v -26.035013 74.930977 6.216768
v -26.223846 73.927032 6.484435
v -25.539625 74.444450 7.548409
v -25.440907 73.558235 8.041853
v -25.039148 75.268890 7.798806
v -25.558117 77.555588 4.718651
v -25.195679 78.770378 4.822557
v -24.924538 79.220154 5.656767
v -24.918493 79.917961 4.696182
v -25.810438 76.621796 4.364800
v -25.489416 77.015083 5.962807
v -25.700750 76.071350 6.127236
v -24.794418 77.475311 7.142009
v -24.396885 78.740845 7.058061
v -25.230919 76.640236 6.842523
v -23.967272 79.693939 7.130409
v -24.817190 76.232231 7.658104
v -22.010408 89.224655 0.573182
v -22.057510 88.245720 0.058477
v -21.578964 89.640923 -0.117914
v -22.453602 88.158607 0.959841
v -20.736017 90.333549 -1.262976
v -20.675549 91.914452 -0.628821
v -20.672609 89.258904 -1.754805
v -20.948141 91.008484 -0.633275
v -23.322432 85.877899 2.316972
v -23.030102 86.537186 1.593775
v -24.587757 81.016937 4.702569
v -21.348196 92.031082 1.058076
v -21.922655 90.535973 1.669862
v -21.625418 90.896843 4.232858
v -21.808693 90.128471 0.812261
v -22.261543 89.626747 3.215586
v -22.539734 88.815681 2.782606
v -22.269722 89.595482 2.081537
v -20.180965 92.973122 -0.862612
v -19.972059 94.104378 -0.587101
v -20.350317 94.489731 0.387521
v -20.803366 93.841911 1.173177
v -19.760410 95.237679 -0.289912
v -21.016975 92.933037 0.889815
v -20.534920 94.854607 1.624577
v -20.368536 95.236237 3.212632
v -23.595068 85.065193 2.785526
v -23.269186 86.231308 3.426937
v -23.047037 87.046867 2.945187
v -23.222570 85.370018 1.287953
v -21.576818 91.839790 2.769834
v -21.936184 89.584328 4.567569
v -21.706961 88.721581 5.621418
v -21.207375 90.364845 5.427783
v -22.194620 87.433983 5.587657
v -20.882582 91.765038 5.155839
v -21.235991 89.516365 5.867023
v -22.124336 86.568352 6.188046
v -21.652197 87.952316 6.108529
v -20.756327 91.079857 5.716835
v -21.276022 92.102043 3.985886
v -20.713797 92.899239 4.728810
v -21.144394 93.013344 3.084643
v -21.285086 92.708435 1.985202
v -20.376745 92.483177 5.516266
v -20.130157 93.631393 5.258523
v -20.874977 93.303680 3.916612
v -20.709652 94.230644 3.300145
v -19.839773 95.381386 4.637698
v -20.296373 94.872169 4.041563
v -19.799335 96.586792 3.681918
v -20.075779 96.311996 2.287305
v -20.054260 95.755737 3.860957
v -19.361279 96.472984 4.801436
v -19.091076 97.992943 4.199814
v -19.516098 97.223663 0.842022
v -19.595648 96.310478 0.125564
v -20.368299 95.439384 2.314997
v -19.516930 97.481560 3.517081
v -19.761969 97.097359 1.785467
v -21.650162 91.483734 1.839046
v -21.939581 90.709778 2.843996
v -19.796432 94.570023 5.219028
v -18.962431 97.344627 4.904260
v -19.062662 99.018227 3.046524
v -18.571920 99.265755 4.316496
v -18.788754 99.481773 1.434664
v -18.621115 98.494308 4.813406
v -18.673820 99.780083 3.502286
v -18.087461 100.945732 4.073904
v -18.858664 99.664726 2.370730
v -19.257288 98.582703 1.993270
v -18.991310 98.410042 0.729062
v -19.044451 97.668083 0.163305
v -18.164152 100.113213 4.584005
v -17.894814 102.028648 2.765302
v -18.198561 101.243141 3.186601
v -18.249195 100.759331 1.487673
v -18.356451 100.080101 0.861548
v -17.631290 102.163925 4.036483
v -17.582767 102.732216 3.295677
v -17.416737 102.919609 2.033591
v -16.883757 103.809143 2.131230
v -17.805105 101.837265 1.608243
v -21.787855 72.737556 -5.414296
v -22.172796 72.374443 -4.587013
v -21.919168 71.996391 -6.004562
v -16.551275 105.146446 3.197106
v -16.648518 104.748695 2.299638
v -16.842958 104.277283 3.910327
v -17.169201 103.277489 4.126137
v -15.972580 106.451027 3.304219
v -16.180296 105.710777 3.878473
v -16.229727 105.839737 2.602445
v -15.456641 107.521133 3.374271
v -15.075607 108.431595 3.450803
v 14.936937 136.301025 -0.457592
v 15.023208 136.493149 -1.390638
v 15.124158 136.709564 -2.403437
v 15.228354 136.977707 -3.378656
v 15.311688 137.276581 -4.276628
v 15.395210 137.630768 -5.140109
v 15.415967 137.742905 -5.377282
v 15.428932 137.857224 -5.610415
v 15.451522 138.123459 -6.092257
v 15.471427 138.402252 -6.567845
v 15.507494 138.818161 -7.184876
v 15.562311 139.243622 -7.782220
v 15.605422 139.592148 -8.321473
v 15.636363 139.938675 -8.834004
v 15.640302 139.975861 -8.883359
v 15.645488 140.012314 -8.933184
v 15.720050 140.463165 -9.404037
v 15.672839 140.991745 -9.773326
v 15.595090 141.563995 -10.040830
v 15.493790 142.151535 -10.233545
v 15.379625 142.750961 -10.362993
v 15.261043 143.350937 -10.451573
v 15.147117 143.949951 -10.512818
v 15.032669 144.548569 -10.543061
v 14.921050 145.145477 -10.536432
v 14.810948 145.739960 -10.502871
v 14.707680 146.330841 -10.445643
v 14.605858 146.915207 -10.352847
v 14.508316 147.489243 -10.211324
v 14.411346 148.047333 -10.022707
v 14.324493 148.591019 -9.792492
v 14.239571 149.113327 -9.515837
v 14.164451 149.611221 -9.192450
v 14.092020 150.077820 -8.823310
v 14.028640 150.499908 -8.393844
v 13.969072 150.864075 -7.908967
v 13.915929 151.153854 -7.368640
v 13.859036 151.375778 -6.790514
v 13.797510 151.533920 -6.190445
v 13.732036 151.650208 -5.575026
v 13.651550 151.700394 -4.936949
v 9.038550 152.168182 -5.481591
v 8.725369 152.090256 -7.107243
v 8.442946 151.699387 -8.018672
v 8.360078 151.417892 -8.439444
v 8.343476 151.299072 -8.597810
v 8.269464 150.988297 -8.971064
v 8.192575 150.612030 -9.432881
v 8.009242 149.656509 -10.250740
v 7.937843 149.327789 -10.484051
v 7.898661 148.446609 -10.988844
v 7.866641 148.041412 -11.194934
v 7.813663 147.151657 -11.555179
v 7.734900 145.795654 -11.938609
v 7.726815 144.552887 -12.196046
v 7.713520 143.272934 -12.379290
v 7.712476 143.149429 -12.396600
v 7.686805 142.238785 -12.485801
v 7.676177 142.006134 -12.506592
v 7.586022 140.756088 -12.590737
v 7.392924 139.509384 -12.626302
v 7.136356 138.722031 -12.598150
v 6.996550 138.276123 -12.547141
v 6.965967 138.127335 -12.529473
v 6.884292 137.677078 -12.446749
v 6.804807 137.187317 -12.376166
v 6.755815 136.144226 -12.057218
v 6.750045 135.753937 -11.889978
v 7.099353 135.007996 -11.595786
v 7.314058 133.938416 -11.204992
v 7.463615 132.828201 -11.098877
v 7.465837 132.666199 -11.059099
v 7.247821 132.027145 -10.548591
v 7.281200 130.989532 -10.777967
v 6.645069 130.500488 -10.051917
v 6.046939 129.633163 -9.682066
v 5.367349 128.841309 -9.378497
v 5.230930 128.726685 -9.338286
v 4.335780 127.963844 -9.080789
v 4.107606 127.796562 -9.027442
v 3.634588 127.124245 -8.787386
v 3.487087 126.882263 -8.730098
v 3.025449 125.952065 -8.433879
v 2.770075 125.443291 -8.178360
v 2.524971 125.290199 -8.120545
v 2.195364 125.095901 -8.044244
v 0.739418 124.410721 -7.786928
v 0.300449 124.259697 -7.731118
v -0.383788 124.017967 -7.642798
v -1.221306 124.253006 -7.731325
v -1.602579 124.358047 -7.769919
v -3.395787 125.004250 -7.995910
v -3.633998 125.099236 -8.002090
v -4.287468 125.437027 -8.073102
v -4.608290 126.045311 -8.324445
v -5.090026 126.999260 -8.598863
v -5.205146 127.180420 -8.649726
v -5.587988 127.749084 -8.834790
v -5.753875 127.914688 -8.881459
v -5.914550 128.042526 -8.912010
v -6.831956 128.871109 -9.143231
v -7.567311 129.813278 -9.401124
v -8.108120 130.667801 -9.713086
v -8.759730 131.218262 -10.394012
v -8.611866 132.226837 -10.170187
v -8.693230 133.000046 -10.440736
v -8.797848 133.080673 -10.635208
v -8.711533 134.105179 -10.879251
v -8.524934 135.155869 -11.315758
v -8.186128 135.941208 -11.712670
v -8.187998 136.274918 -11.869136
v -8.194763 137.307144 -12.243480
v -8.236613 137.886353 -12.309981
v -8.298186 138.407150 -12.390349
v -8.416409 138.952011 -12.427277
v -8.450072 139.068634 -12.432317
v -8.609310 139.652328 -12.431966
v -8.749049 140.930557 -12.400767
v -8.805850 142.188278 -12.333512
v -8.812242 142.548187 -12.310979
v -8.838746 143.452072 -12.216227
v -8.855371 144.730560 -12.021394
v -8.861313 145.404465 -11.869171
v -8.863479 145.997513 -11.709820
v -8.864177 146.094955 -11.679644
v -8.907825 146.682465 -11.490085
v -8.932859 147.271973 -11.278449
v -8.947191 147.907440 -11.021501
v -8.953147 148.542145 -10.715927
v -8.958381 149.110153 -10.381866
v -9.020459 149.548477 -10.067332
v -9.020459 149.548477 -10.067332
v -9.020459 149.548477 -10.067332
v -9.026969 149.660873 -9.990576
v -9.034992 149.765701 -9.917507
v -9.093016 150.183762 -9.604577
v -9.123125 150.546722 -9.222209
v -9.139715 150.803009 -8.900456
v -9.161922 151.055832 -8.573924
v -9.175321 151.193497 -8.391398
v -9.190556 151.324203 -8.203298
v -9.202449 151.518906 -7.899158
v -9.234168 151.687149 -7.573309
v -9.263901 151.837570 -7.219855
v -9.303756 151.954849 -6.858552
v -9.431487 152.048462 -6.072021
v -9.490884 151.948776 -5.260220
v -9.492259 151.898590 -5.072592
v -14.011212 151.678635 -4.395114
v -14.091590 151.698654 -4.983592
v -14.126656 151.662643 -5.251403
v -14.160876 151.632950 -5.518437
v -14.208445 151.567886 -5.887563
v -14.254097 151.477661 -6.249630
v -14.331019 151.297195 -6.861376
v -14.402568 151.050339 -7.443930
v -14.472026 150.725449 -7.996052
v -14.537897 150.320358 -8.486419
v -14.600578 149.848846 -8.910682
v -14.660425 149.334991 -9.284742
v -14.715713 148.788803 -9.610840
v -14.766866 148.210129 -9.879469
v -14.820604 147.617493 -10.103187
v -14.872841 147.009201 -10.274151
v -14.933713 146.388901 -10.384982
v -15.000316 145.762466 -10.462995
v -15.074526 145.133301 -10.497952
v -15.158734 144.503860 -10.518108
v -15.246513 143.874268 -10.483156
v -15.345809 143.245972 -10.425769
v -15.448753 142.618805 -10.324104
v -15.563700 141.995102 -10.175971
v -15.666837 141.378708 -9.952679
v -15.750991 140.780090 -9.632278
v -15.788605 140.220840 -9.226541
v -15.654816 139.773117 -8.646438
v -15.594184 139.684311 -8.415846
v -15.525553 139.637253 -8.181371
v -15.556885 139.448044 -7.726347
v -15.513774 139.249496 -7.236839
v -15.466796 138.887238 -6.474825
v -15.444150 138.541794 -5.695052
v -15.383430 138.227676 -4.904405
v -15.318896 137.943161 -4.092534
v -15.301038 137.875412 -3.872422
v -15.278636 137.808228 -3.655025
v -15.205319 137.598694 -2.929990
v -15.131892 137.403915 -2.187598
v -15.109436 137.344681 -1.958874
v -15.087029 137.290390 -1.728139
v -15.006668 137.097824 -0.912646
v -14.923920 136.921204 -0.054317
v -14.912395 136.893265 0.073354
v -14.901103 136.864105 0.202094
v -14.857880 136.762848 0.665682
v -22.892500 69.246880 -8.438642
v -23.138527 69.696465 -9.388284
v -23.616251 70.191696 -10.221539
v -23.840872 70.425232 -10.614119
v -24.089720 70.687164 -11.057601
v -24.549803 71.180473 -11.902515
v -24.950417 71.656113 -12.786578
v -25.227459 72.089378 -13.736833
v -25.356731 72.330772 -14.305963
v -25.376207 72.471436 -14.731845
v -25.232353 72.721733 -15.773705
v -24.789125 72.816849 -16.755148
v -23.999739 72.693687 -17.481085
v -23.390858 72.568199 -17.907887
v -23.096670 72.481911 -18.019003
v -22.085051 72.113411 -18.114540
v -21.107510 71.695778 -17.920382
v -20.188742 71.263802 -17.551748
v -19.460449 70.911003 -17.216318
v -19.386938 70.874771 -17.182093
v -19.208145 71.374748 -17.085871
v -19.029076 71.891609 -16.975353
v -18.668659 72.889267 -16.796631
v -18.313866 73.887009 -16.607426
v -17.963306 74.884895 -16.412041
v -17.607941 75.883446 -16.229612
v -17.544916 76.058006 -16.199844
v -17.254969 76.882530 -16.044153
v -16.894562 77.881973 -15.875731
v -16.537596 78.881622 -15.702221
v -16.181997 79.881721 -15.528453
v -15.876114 80.750153 -15.372214
v -15.829103 80.882065 -15.349700
v -15.487305 81.881630 -15.146729
v -15.125269 82.882866 -14.993561
v -14.767700 83.884483 -14.832789
v -14.420981 84.885696 -14.646721
v -14.221303 85.448326 -14.554916
v -14.069495 85.887108 -14.472262
v -13.718020 86.888725 -14.299069
v -13.365834 87.891037 -14.131777
v -13.008550 88.894432 -13.983999
v -12.653442 89.898155 -13.829110
v -12.560704 90.154381 -13.797447
v -12.311031 90.894310 -13.616345
v -11.963332 91.893250 -13.420062
v -11.615440 92.893387 -13.226517
v -11.262053 93.895721 -13.057035
v -10.943002 94.833656 -12.809708
v -10.597726 95.860161 -12.482728
v -10.219760 96.855942 -12.331201
v -9.839211 97.852325 -12.182910
v -9.466037 98.843140 -11.985034
v -9.209797 99.485893 -11.959758
v -9.063159 99.821686 -11.836528
v -8.646986 100.753662 -11.474599
v -8.215508 101.664558 -11.061640
v -7.769337 102.546951 -10.594420
v -7.295510 103.370705 -10.025161
v -7.132053 103.643944 -9.825747
v -6.933834 104.045006 -9.600073
v -6.855930 103.318840 -10.087845
v -6.843495 103.136131 -10.184355
v -6.776091 102.355927 -10.565538
v -6.657110 101.378571 -10.989927
v -6.517075 100.429321 -11.459334
v -6.365321 99.513329 -11.985833
v -6.205233 98.458305 -12.014678
v -6.059496 97.444809 -12.310251
v -5.914981 96.437241 -12.637337
v -5.785417 95.450951 -13.027712
v -5.663924 94.481499 -13.460643
v -5.541374 93.523468 -13.909248
v -5.391262 93.175499 -13.807866
v -5.399610 92.568771 -14.101533
v -5.483450 91.642418 -14.616490
v -5.522957 90.706078 -15.122100
v -5.659758 89.799644 -15.658326
v -5.915126 88.931541 -16.222923
v -5.936532 88.008263 -16.755901
v -6.097767 87.113922 -17.311403
v -6.233324 86.217041 -17.873405
v -6.415381 85.331192 -18.439520
v -6.633203 84.454880 -19.009237
v -6.749245 83.979805 -19.320457
v -6.841066 83.580254 -19.583714
v -7.117342 82.724236 -20.155899
v -7.398796 81.874138 -20.732803
v -7.616762 81.010612 -21.319725
v -7.874603 80.160484 -21.906477
v -8.179325 79.325035 -22.494930
v -8.531690 78.508118 -23.078003
v -8.812285 77.669479 -23.671745
v -9.058380 76.825073 -24.274929
v -9.205323 75.964348 -24.887487
v -9.521565 75.405937 -25.306713
v -9.607946 75.174751 -25.475250
v -9.870657 74.337128 -26.080019
v -10.151866 73.513008 -26.693645
v -10.227860 73.174843 -26.939154
v -10.159329 73.354431 -27.136475
v -9.725981 73.951263 -27.882504
v -8.973574 74.360527 -28.490814
v -8.029026 74.595955 -28.886511
v -6.989958 74.667038 -29.026159
v -5.951179 74.588058 -28.888840
v -5.007946 74.379768 -28.475662
v -4.250781 74.073364 -27.815084
v -3.741236 73.713661 -26.969870
v -3.461555 73.347168 -26.026022
v -3.318928 72.992981 -25.047308
v -3.229418 72.647034 -24.059258
v -3.150713 72.303398 -23.069475
v -3.127440 72.190613 -22.742556
v -3.078452 71.961227 -22.078691
v -3.002325 71.618546 -21.088465
v -2.908631 71.272514 -20.101076
v -2.778408 70.919319 -19.120497
v -2.587434 70.554497 -18.154161
v -2.316557 70.175064 -17.212681
v -1.943648 69.777336 -16.314676
v -1.417292 69.350693 -15.512113
v -0.617410 68.875542 -15.028309
v -0.527558 68.819527 -14.981053
v -0.411595 69.394196 -14.823305
v -0.372037 69.567574 -14.787286
v -0.135719 70.608757 -14.584846
v 0.110453 71.650330 -14.417613
v 0.335502 72.697685 -14.238897
v 0.555826 73.745255 -14.069683
v 0.738149 74.669945 -13.917736
v 0.764513 74.797691 -13.900382
v 0.973426 75.852074 -13.746448
v 1.181287 76.908356 -13.606500
v 1.386032 77.967728 -13.474407
v 1.582137 79.024925 -13.348456
v 1.761307 80.006721 -13.237545
v 1.774778 80.086655 -13.227757
v 1.956315 81.146866 -13.109259
v 2.137950 82.211823 -13.000463
v 2.308810 83.274895 -12.893319
v 2.480488 84.342659 -12.790639
v 2.641722 85.379341 -12.701105
v 2.808482 86.481010 -12.619679
v 2.963781 87.551926 -12.553063
v 3.109972 88.625084 -12.487798
v 3.247866 89.698586 -12.426431
v 3.378482 90.790276 -12.426053
v 3.500104 91.850548 -12.405371
v 3.605927 92.927910 -12.455510
v 3.678947 93.992554 -12.633448
v 3.793969 95.065308 -12.526768
v 3.891360 96.205673 -12.459781
v 3.863500 97.196724 -12.690060
v 4.142080 98.137199 -12.229261
v 4.364563 99.130569 -11.856119
v 4.561911 100.138618 -11.503879
v 4.704044 101.183662 -11.251514
v 4.725656 101.288940 -11.205890
v 4.931490 102.084534 -10.694124
v 5.099180 103.044373 -10.216725
v 5.182889 103.850540 -9.889887
v 5.528740 103.154907 -10.302169
v 5.872462 102.413658 -10.868865
v 5.911439 102.327507 -10.926807
v 6.285793 101.430916 -11.448378
v 6.645452 100.499687 -11.920203
v 6.994215 99.553932 -12.363627
v 7.020532 99.483971 -12.399637
v 7.339488 98.608475 -12.810043
v 7.679137 97.655029 -13.244463
v 8.015765 96.699577 -13.675935
v 8.097289 96.454552 -13.774594
v 8.345402 95.734543 -14.093025
v 8.665569 94.756767 -14.489882
v 8.971305 93.763916 -14.859221
v 9.094831 93.331749 -14.996816
v 9.263011 92.756187 -15.194908
v 9.547198 91.747086 -15.529666
v 9.823376 90.733047 -15.856138
v 9.983617 90.115089 -16.031363
v 10.091070 89.710045 -16.155773
v 10.360465 88.698418 -16.486422
v 10.625434 87.682182 -16.813196
v 10.826177 86.886162 -17.051287
v 10.884197 86.659660 -17.122150
v 11.142212 85.638878 -17.437260
v 11.397616 84.617149 -17.751955
v 11.634891 83.636955 -18.033979
v 11.891090 82.561218 -18.346781
v 12.131907 81.530220 -18.639515
v 12.356087 80.488647 -18.901331
v 12.384594 80.354362 -18.934313
v 12.616443 79.477379 -19.237558
v 12.859177 78.448639 -19.536974
v 13.095026 77.417480 -19.829178
v 13.173810 77.108948 -19.931170
v 13.340140 76.393211 -20.140749
v 13.568341 75.358925 -20.428720
v 13.793696 74.324142 -20.719309
v 13.894226 73.822861 -20.847055
v 14.007991 73.282990 -20.993454
v 14.230184 72.249352 -21.287102
v 14.409774 71.195793 -21.538012
v 14.484479 70.685593 -21.644819
v 15.310857 70.590134 -20.854643
v 15.806101 70.505180 -20.270451
v 15.960422 70.455070 -19.997980
v 16.439102 70.270981 -19.038353
v 16.770969 70.055565 -18.023830
v 17.031321 69.830574 -16.990742
v 17.127060 69.743698 -16.591211
v 17.267164 69.604080 -15.952787
v 17.491667 69.376488 -14.912618
v 17.722029 69.149658 -13.873545
v 17.967653 68.924469 -12.837735
v 18.227560 68.700523 -11.805314
v 18.564022 68.483505 -10.793794
v 18.983068 68.273155 -9.812271
v 19.335058 68.120804 -9.104195
v 19.494894 68.071083 -8.876899
v 20.141466 67.883682 -8.022422
v 20.289675 68.509071 -7.769548
v 20.442190 69.450226 -7.325573
v 20.583298 70.392418 -6.876667
v 19.653194 68.948036 -8.479111
v 19.813911 69.889954 -8.042624
v 19.965075 70.832710 -7.601721
v 20.101774 71.775597 -7.153831
v 20.229588 72.719231 -6.702475
v 19.006630 68.462151 -9.720392
v 19.118078 69.400185 -9.261002
v 19.276678 70.341751 -8.823134
v 19.423269 71.283043 -8.379924
v 19.558195 72.224396 -7.931739
v 19.687834 73.166740 -7.482753
v 19.790731 74.107407 -7.021346
v 19.910475 75.052750 -6.571442
v 20.027273 75.999458 -6.121650
v 18.611208 68.926987 -10.574502
v 18.704603 69.863106 -10.107942
v 18.828245 70.801750 -9.653365
v 18.954464 71.740746 -9.200142
v 19.076536 72.679878 -8.745826
v 19.189556 73.619011 -8.288447
v 19.283953 74.557060 -7.823321
v 19.382055 75.497391 -7.361803
v 19.482317 76.439697 -6.903231
v 19.570833 77.382324 -6.441621
v 19.675322 78.330109 -5.991796
v 19.789185 79.281158 -5.548977
v 18.267696 69.395988 -11.448825
v 18.346956 70.330864 -10.977386
v 18.442232 71.267097 -10.511615
v 18.544701 72.203835 -10.048556
v 18.647078 73.140656 -9.585772
v 18.744619 74.077385 -9.121546
v 18.831301 75.013481 -8.653463
v 18.913305 75.950142 -8.184785
v 18.991566 76.887489 -7.715860
v 19.058773 77.824944 -7.244153
v 19.140005 78.766869 -6.781977
v 19.237467 79.713127 -6.330735
v 19.335867 80.661438 -5.882417
v 19.452841 81.614616 -5.448178
v 19.576513 82.570946 -5.021496
v 17.973684 69.869072 -12.339047
v 18.035772 70.802567 -11.862397
v 18.105883 71.736717 -11.388327
v 18.185270 72.671486 -10.917118
v 18.269554 73.606544 -10.447616
v 18.354628 74.541695 -9.978650
v 18.433443 75.476372 -9.507836
v 18.503174 76.410576 -9.034565
v 18.566999 77.344658 -8.559991
v 18.603451 78.275681 -8.076015
v 18.654783 79.210854 -7.600411
v 18.718988 80.149734 -7.132339
v 18.787464 81.090843 -6.667922
v 18.871969 82.036499 -6.214171
v 18.974331 82.987358 -5.773565
v 19.080753 83.940636 -5.337877
v 19.206264 84.899185 -4.918102
v 17.721642 69.417931 -13.731449
v 17.720110 70.345695 -13.239791
v 17.761000 71.277489 -12.757666
v 17.810375 72.209938 -12.277784
v 17.870743 73.143150 -11.800857
v 17.939541 74.076874 -11.326434
v 18.013418 75.010918 -10.853782
v 18.083845 75.944580 -10.380291
v 18.144598 76.877411 -9.904087
v 18.198019 77.809624 -9.425859
v 18.188786 78.731987 -8.926032
v 18.205578 79.660187 -8.436499
v 18.238249 80.592278 -7.954194
v 18.277332 81.526573 -7.475612
v 18.331055 82.464920 -7.005538
v 18.399929 83.407646 -6.545221
v 18.478926 84.353737 -6.092393
v 18.578823 85.305534 -5.654916
v 18.690176 86.261154 -5.227482
v 18.815750 87.221230 -4.813028
v 18.958811 88.186508 -4.416497
v 17.487120 69.896629 -14.636098
v 17.485428 70.824356 -14.144537
v 17.512402 71.754906 -13.659239
v 17.546627 72.686028 -13.175698
v 17.591646 73.617943 -12.694801
v 17.646273 74.550514 -12.216475
v 17.707819 75.483528 -11.740214
v 17.766127 76.416130 -11.263091
v 17.812645 77.347496 -10.782426
v 17.840210 78.276466 -10.295544
v 17.792341 79.190926 -9.783311
v 17.781618 80.113579 -9.283544
v 17.788258 81.040154 -8.790557
v 17.799513 81.968155 -8.299834
v 17.822426 82.899300 -7.814998
v 17.860044 83.834450 -7.338186
v 17.910038 84.773132 -6.868902
v 17.977037 85.716469 -6.410691
v 18.055815 86.663162 -5.961040
v 18.148212 87.613396 -5.522052
v 18.245058 88.564438 -5.087591
v 18.430038 89.530792 -4.720877
v 18.610199 90.495857 -4.344675
v 18.776754 91.461372 -3.958569
v 17.263056 70.376587 -15.542752
v 17.261047 71.304237 -15.051208
v 17.277710 72.233803 -14.563769
v 17.300276 73.163841 -14.077663
v 17.331825 74.094589 -13.593591
v 17.371395 75.025925 -13.111436
v 17.415672 75.957550 -12.630438
v 17.453356 76.888306 -12.147310
v 17.474499 77.816803 -11.658778
v 17.469139 78.740807 -11.161136
v 17.402773 79.651123 -10.643031
v 17.374327 80.570168 -10.137014
v 17.360531 81.492409 -9.636222
v 17.347794 82.415001 -9.135883
v 17.343817 83.339836 -8.639350
v 17.352661 84.268082 -8.148836
v 17.373299 85.199554 -7.664374
v 17.409122 86.135185 -7.188339
v 17.457695 87.074341 -6.719908
v 17.518805 88.016991 -6.259432
v 17.593033 88.963234 -5.807264
v 17.727810 89.921516 -5.394738
v 17.884163 90.882500 -4.996253
v 18.039755 91.844658 -4.599493
v 18.183098 92.806900 -4.196643
v 18.322805 93.770821 -3.794610
v 17.027838 69.927444 -16.938280
v 17.029734 70.855820 -16.447443
v 17.027861 71.783501 -15.955923
v 17.036642 72.712334 -15.466811
v 17.049475 73.641495 -14.978488
v 17.067652 74.571083 -14.491183
v 17.089355 75.500854 -14.004395
v 17.110298 76.430275 -13.516877
v 17.120909 77.357964 -13.025636
v 17.114128 78.282463 -12.528183
v 17.084820 79.202126 -12.022612
v 17.016428 80.112175 -11.503704
v 16.977377 81.029068 -10.994051
v 16.947580 81.947899 -10.487453
v 16.915987 82.866203 -9.980035
v 16.890234 83.785927 -9.474777
v 16.874926 84.708351 -8.973798
v 16.870611 85.633728 -8.477687
v 16.880854 86.563072 -7.988609
v 16.905336 87.496307 -7.506914
v 16.945997 88.433998 -7.034271
v 17.005905 89.376732 -6.573081
v 17.121220 90.330818 -6.146588
v 17.252092 91.286888 -5.729784
v 17.379524 92.242546 -5.311363
v 17.491821 93.196281 -4.883811
v 17.615013 94.154442 -4.468760
v 17.734894 95.114555 -4.056147
v 17.898415 96.086540 -3.686855
v 18.052114 97.058411 -3.310399
v 16.752691 70.402031 -17.833363
v 16.758272 71.330887 -17.343636
v 16.758974 72.258965 -16.852678
v 16.762003 73.187340 -16.362078
v 16.766083 74.115723 -15.871389
v 16.770741 75.044014 -15.380340
v 16.773506 75.971748 -14.888062
v 16.770918 76.898270 -14.393345
v 16.757689 77.822487 -13.894398
v 16.731207 78.743629 -13.390290
v 16.690701 79.661209 -12.880843
v 16.628424 80.573067 -12.363660
v 16.582657 81.488670 -11.851684
v 16.540785 82.404930 -11.340805
v 16.495836 83.320190 -10.828534
v 16.454374 84.236168 -10.317336
v 16.420935 85.154137 -9.809102
v 16.397142 86.074661 -9.304736
v 16.387146 86.998886 -8.806443
v 16.391653 87.927032 -8.315063
v 16.412312 88.859581 -7.832092
v 16.452560 89.797279 -7.360172
v 16.542601 90.745964 -6.917604
v 16.682390 91.702782 -6.506904
v 16.781424 92.652695 -6.069765
v 16.861322 93.598358 -5.620455
v 16.942148 94.544998 -5.173432
v 17.020470 95.492180 -4.726010
v 17.138048 96.450920 -4.311553
v 17.270279 97.414810 -3.913258
v 17.398458 98.379654 -3.514620
v 17.505075 99.339943 -3.097067
v 17.559065 100.282707 -2.629104
v 16.413576 70.867455 -18.710787
v 16.420485 71.796524 -18.222090
v 16.423225 72.725060 -17.731594
v 16.423012 73.653252 -17.239819
v 16.420635 74.581009 -16.746891
v 16.414837 75.508034 -16.252283
v 16.403831 76.433853 -15.755260
v 16.386168 77.358009 -15.255240
v 16.360016 78.280029 -14.751637
v 16.325190 79.199722 -14.244452
v 16.282618 80.117180 -13.734155
v 16.228102 81.031281 -13.219329
v 16.178782 81.946342 -12.706028
v 16.129438 82.861046 -12.192436
v 16.076891 83.774605 -11.677373
v 16.025846 84.688278 -11.162624
v 15.980124 85.603165 -10.649708
v 15.942006 86.519981 -10.139673
v 15.915825 87.439964 -9.634614
v 15.902016 88.363304 -9.135114
v 15.901252 89.290230 -8.641988
v 15.917246 90.221710 -8.157681
v 15.983365 91.164925 -7.701093
v 16.092199 92.116074 -7.270127
v 16.190916 93.065331 -6.832967
v 16.266558 94.009613 -6.381319
v 16.310301 94.946045 -5.909531
v 16.361235 95.884727 -5.442549
v 16.434582 96.830238 -4.992128
v 16.528730 97.782066 -4.559078
v 16.626699 98.735756 -4.130425
v 16.717402 99.688347 -3.696777
v 16.777689 100.631889 -3.236984
v 16.811310 101.567238 -2.755589
v 16.807005 102.488396 -2.243899
v 16.741735 103.380432 -1.684281
v 15.971862 71.312820 -19.552490
v 15.981883 72.242943 -19.065195
v 15.988968 73.172630 -18.576220
v 15.991195 74.101616 -18.085264
v 15.988055 75.029442 -17.591862
v 15.980397 75.956291 -17.096363
v 15.966283 76.881645 -16.597971
v 15.946277 77.805481 -16.096918
v 15.919692 78.727646 -15.593077
v 15.886057 79.647881 -15.086284
v 15.846984 80.566498 -14.577250
v 15.800209 81.482857 -14.065087
v 15.751658 82.398407 -13.551965
v 15.700480 83.312904 -13.037599
v 15.645961 84.226158 -12.521710
v 15.591077 85.138962 -12.005468
v 15.538719 86.052162 -11.490024
v 15.491531 86.966576 -10.976471
v 15.453443 87.883354 -10.466615
v 15.424601 88.802635 -9.960743
v 15.404986 89.724503 -9.459135
v 15.398227 90.650024 -8.963868
v 15.436989 91.587082 -8.492083
v 15.522842 92.533836 -8.046758
v 15.612991 93.481163 -7.604141
v 15.681107 94.423546 -7.147914
v 15.720450 95.358582 -6.673763
v 15.757998 96.293175 -6.198512
v 15.784050 97.224625 -5.715793
v 15.843451 98.166176 -5.255520
v 15.913535 99.110954 -4.803126
v 15.984534 100.056328 -4.351712
v 16.040688 100.997452 -3.888727
v 16.071457 101.930443 -3.405962
v 16.064240 102.848770 -2.893032
v 16.012348 103.746880 -2.345030
v 15.943118 104.638443 -1.785163
v 15.853050 105.521278 -1.211616
v 15.320862 70.772057 -20.766848
v 15.388873 71.721977 -20.324020
v 15.412355 72.656273 -19.844353
v 15.431836 73.589378 -19.362320
v 15.443931 74.521065 -18.876945
v 15.450487 75.451363 -18.388845
v 15.451439 76.380394 -17.897894
v 15.445888 77.307953 -17.403940
v 15.435646 78.234352 -16.907759
v 15.419339 79.159340 -16.408861
v 15.394205 80.082001 -15.905996
v 15.363586 81.003075 -15.400725
v 15.326487 81.922287 -14.892612
v 15.284240 82.839798 -14.382063
v 15.237396 83.755722 -13.869415
v 15.186574 84.670212 -13.354942
v 15.133725 85.583755 -12.839452
v 15.080864 86.496941 -12.323760
v 15.030660 87.410576 -11.808981
v 14.986478 88.325676 -11.296629
v 14.948699 89.242447 -10.786988
v 14.917345 90.161003 -10.280241
v 14.895152 91.082275 -9.777924
v 14.915523 92.014923 -9.296754
v 14.984014 92.958214 -8.841460
v 15.063942 93.903610 -8.392732
v 15.125107 94.844688 -7.932463
v 15.152290 95.776817 -7.451295
v 15.164281 96.704338 -6.960437
v 15.172373 97.630470 -6.466506
v 15.211596 98.566307 -5.992332
v 15.262622 99.505585 -5.525994
v 15.316413 100.445717 -5.061292
v 15.353917 101.380524 -4.583851
v 15.363029 102.305016 -4.084329
v 15.345197 103.218315 -3.563352
v 15.299057 104.118835 -3.020056
v 15.238082 105.013855 -2.466299
v 15.159991 105.902359 -1.901201
v 15.063776 106.783646 -1.324238
v 14.947385 107.656548 -0.734250
v 14.794090 108.512634 -0.122055
v 14.571408 71.125557 -21.411587
v 14.647654 72.077080 -20.977724
v 14.709910 73.025322 -20.532164
v 14.734969 73.959793 -20.054388
v 14.772875 74.900101 -19.590061
v 14.794477 75.835182 -19.113161
v 14.812830 76.769592 -18.634724
v 14.825828 77.702980 -18.153463
v 14.832931 78.634644 -17.668457
v 14.833896 79.564903 -17.180199
v 14.824411 80.492424 -16.686516
v 14.808730 81.418114 -16.189547
v 14.785785 82.341736 -15.688876
v 14.755805 83.263115 -15.184500
v 14.720046 84.182602 -14.677226
v 14.679377 85.100380 -14.167468
v 14.635182 86.016769 -13.655849
v 14.588620 86.932060 -13.142891
v 14.542221 87.846992 -12.629708
v 14.499036 88.762482 -12.117755
v 14.460199 89.678940 -11.607635
v 14.426982 90.596825 -11.100080
v 14.402283 91.517105 -10.596737
v 14.413925 92.447258 -10.111521
v 14.467669 93.387337 -9.648515
v 14.526937 94.328674 -9.188333
v 14.564300 95.264534 -8.714429
v 14.575162 96.192444 -8.223547
v 14.578135 97.117500 -7.727110
v 14.582591 98.042686 -7.231017
v 14.610911 98.975449 -6.749931
v 14.645831 99.910263 -6.272827
v 14.675789 100.843483 -5.791337
v 14.682462 101.767921 -5.291384
v 14.666016 102.682434 -4.772835
v 14.641248 103.592949 -4.246786
v 14.603225 104.497368 -3.709428
v 14.557988 105.399879 -3.166449
v 14.505965 106.301102 -2.618123
v 14.446048 107.200256 -2.062359
v 14.378123 108.097023 -1.496607
v 14.305310 108.990601 -0.915169
v 14.157730 109.855423 -0.284017
v 13.940844 110.694633 0.383202
v 13.708031 111.544678 1.061172
v 14.365842 131.892868 2.088481
v 14.500635 132.802765 1.519945
v 14.628301 133.720551 0.893836
v 14.751811 134.650803 0.229917
v 14.871470 135.578934 -0.465212
v 13.922565 74.279121 -20.638163
v 13.970378 75.223152 -20.185177
v 14.017046 76.168953 -19.735258
v 14.057189 77.112175 -19.278173
v 14.091743 78.054230 -18.817026
v 14.113162 78.990929 -18.344706
v 14.138827 79.930092 -17.877138
v 14.153468 80.866570 -17.402287
v 14.158815 81.799751 -16.920534
v 14.155031 82.730171 -16.432955
v 14.143901 83.658188 -15.940724
v 14.126899 84.584297 -15.444862
v 14.103500 85.508179 -14.944992
v 14.075093 86.430183 -14.441917
v 14.041758 87.350235 -13.935771
v 14.005832 88.268936 -13.427748
v 13.970688 89.187294 -12.919640
v 13.938395 90.106010 -12.412601
v 13.912272 91.026085 -11.908392
v 13.896192 91.948715 -11.409089
v 13.903116 92.877563 -10.921525
v 13.931632 93.812004 -10.445059
v 13.956159 94.745132 -9.964878
v 13.967038 95.673706 -9.474830
v 13.968905 96.598969 -8.978132
v 13.970855 97.523911 -8.480850
v 13.976527 98.449760 -7.985348
v 13.991124 99.378532 -7.495207
v 14.003348 100.306305 -7.002364
v 14.003974 101.229301 -6.499451
v 13.986208 102.143829 -5.980893
v 13.961059 103.054771 -5.456090
v 13.947083 103.970451 -4.938804
v 13.926478 104.882683 -4.413813
v 13.907814 105.796829 -3.888387
v 13.895925 106.714859 -3.364590
v 13.883951 107.633362 -2.834546
v 13.862892 108.549110 -2.290236
v 13.809433 109.451714 -1.714261
v 13.697440 110.330894 -1.093276
v 13.518656 111.186661 -0.435139
v 13.288650 112.037735 0.237895
v 13.061180 112.915321 0.912241
v 12.807602 113.836220 1.488928
v 13.580582 126.861671 2.735317
v 13.711476 127.812317 2.449014
v 13.829471 128.741928 2.142343
v 13.958089 129.661743 1.793271
v 14.092391 130.578293 1.383797
v 14.223681 131.493546 0.909473
v 14.375632 132.412018 0.362315
v 14.534225 133.335709 -0.244888
v 14.697069 134.265305 -0.902708
v 14.859382 135.190567 -1.614242
v 15.046962 136.079498 -2.462329
v 13.180634 77.391655 -19.783167
v 13.229274 78.340843 -19.343325
v 13.275955 79.290749 -18.903528
v 13.325633 80.241135 -18.463583
v 13.366622 81.189850 -18.018030
v 13.393949 82.132500 -17.558249
v 13.417508 83.074669 -17.096231
v 13.431745 84.013359 -16.625631
v 13.439471 84.949677 -16.149395
v 13.439334 85.883034 -15.666652
v 13.432398 86.813698 -15.178282
v 13.418080 87.741501 -14.684370
v 13.397936 88.666664 -14.185891
v 13.375926 89.590431 -13.685315
v 13.354186 90.513565 -13.184042
v 13.336745 91.437309 -12.684342
v 13.326278 92.362572 -12.187602
v 13.322771 93.289207 -11.693347
v 13.322215 94.215691 -11.198529
v 13.318713 95.140129 -10.699635
v 13.313107 96.063164 -10.198020
v 13.308619 96.986336 -9.696553
v 13.306381 97.910042 -9.195994
v 13.304794 98.833527 -8.694854
v 13.301516 99.755676 -8.190987
v 13.292174 100.674583 -7.680913
v 13.274567 101.589134 -7.162935
v 13.250093 102.500015 -6.638825
v 13.238741 103.417778 -6.126527
v 13.242024 104.341324 -5.623874
v 13.231943 105.257866 -5.106369
v 13.233214 106.180115 -4.595309
v 13.240911 107.105789 -4.085255
v 13.239405 108.027611 -3.562370
v 13.253443 108.955437 -3.043067
v 13.223693 109.863579 -2.481672
v 13.141726 110.746437 -1.878123
v 13.011424 111.610832 -1.244856
v 12.840487 112.472466 -0.607692
v 12.661519 113.341515 0.005996
v 12.459607 114.245422 0.546800
v 12.344255 115.228630 0.981252
v 12.164534 116.202225 1.431575
v 12.014817 117.228836 1.811940
v 12.062449 118.282951 2.099130
v 12.191371 119.331596 2.311833
v 12.353440 120.362450 2.448390
v 12.538364 121.375122 2.513155
v 13.149899 122.136536 2.475657
v 12.822370 122.777725 2.632075
v 12.955477 123.623901 2.389574
v 13.116176 124.537285 2.131982
v 13.286911 125.479263 1.838908
v 13.455462 126.445488 1.539552
v 13.603621 127.391869 1.238897
v 13.734046 128.323242 0.926290
v 13.849898 129.246811 0.584617
v 13.961990 130.170044 0.190989
v 14.078250 131.093430 -0.260380
v 14.239673 132.015320 -0.782188
v 14.420067 132.940063 -1.369087
v 14.614469 133.865036 -2.015494
v 14.818334 134.782303 -2.724236
v 15.034408 135.682663 -3.539461
v 15.240226 136.595901 -4.429870
v 15.401708 137.551758 -5.332437
v 12.460163 81.444054 -18.483873
v 12.521377 82.406982 -18.073910
v 12.575663 83.366341 -17.651880
v 12.611707 84.316696 -17.206884
v 12.646304 85.266411 -16.760117
v 12.670832 86.211845 -16.301929
v 12.687510 87.153740 -15.835246
v 12.695912 88.092331 -15.360832
v 12.695454 89.026901 -14.878007
v 12.688611 89.958138 -14.388566
v 12.676944 90.886726 -13.894180
v 12.663372 91.813377 -13.396545
v 12.650749 92.739143 -12.897313
v 12.636447 93.662758 -12.394161
v 12.620763 94.584045 -11.887097
v 12.604488 95.503799 -11.377608
v 12.589272 96.423172 -10.867750
v 12.575982 97.342819 -10.358514
v 12.563128 98.261932 -9.848463
v 12.548649 99.179390 -9.335569
v 12.531307 100.094444 -8.818638
v 12.510827 101.007210 -8.298007
v 12.488065 101.918526 -7.775164
v 12.465056 102.829834 -7.252726
v 12.467493 103.755203 -6.755318
v 12.469067 104.677513 -6.251768
v 12.471623 105.599724 -5.745638
v 12.479816 106.524284 -5.240814
v 12.490911 107.450005 -4.734834
v 12.511424 108.379837 -4.233289
v 12.544229 109.312561 -3.734530
v 12.538566 110.224182 -3.194766
v 12.593692 111.153580 -2.677886
v 12.406142 111.972733 -2.020479
v 12.291571 112.844437 -1.433069
v 12.181338 113.722191 -0.876970
v 12.057175 114.616112 -0.379806
v 12.186229 115.575340 -0.048375
v 11.862273 116.426186 0.417266
v 11.751410 117.399170 0.749712
v 11.788306 118.401955 1.001546
v 11.904708 119.401627 1.178210
v 12.066732 120.392570 1.280544
v 12.267035 121.387291 1.325098
v 12.987323 122.131493 1.194119
v 12.497536 122.210037 1.558151
v 12.639377 123.153587 1.275330
v 12.805320 124.101173 0.993903
v 12.991559 125.054886 0.694856
v 13.179708 126.018311 0.384227
v 13.348105 126.969048 0.069893
v 13.495378 127.906937 -0.250624
v 13.630440 128.832458 -0.591956
v 13.766791 129.758774 -0.976020
v 13.919652 130.683716 -1.413795
v 14.091395 131.609161 -1.911776
v 14.286768 132.534103 -2.478015
v 14.503583 133.455566 -3.110649
v 14.743415 134.366440 -3.809521
v 14.993052 135.264343 -4.598749
v 15.205400 136.177704 -5.452835
v 15.340461 137.131775 -6.319584
v 15.385381 138.131653 -7.159218
v 15.472178 139.135223 -7.988774
v 11.688561 84.556313 -17.646683
v 11.741323 85.517715 -17.229256
v 11.791796 86.479424 -16.809851
v 11.828270 87.433098 -16.369415
v 11.862905 88.386711 -15.927785
v 11.884741 89.334053 -15.469933
v 11.893958 90.274605 -14.996880
v 11.893908 91.210381 -14.513802
v 11.885756 92.140984 -14.020886
v 11.873343 93.067932 -13.521052
v 11.856162 93.991173 -13.014531
v 11.836595 94.911369 -12.503191
v 11.816021 95.829697 -11.989032
v 11.794288 96.746239 -11.472264
v 11.771937 97.661324 -10.953428
v 11.748279 98.574448 -10.431794
v 11.722987 99.485382 -9.907086
v 11.697486 100.395149 -9.381095
v 11.672596 101.304810 -8.855556
v 11.648366 102.214867 -8.331151
v 11.627604 103.127625 -7.811906
v 11.637919 104.058327 -7.325841
v 11.638009 104.979370 -6.820883
v 11.642367 105.901787 -6.316696
v 11.650020 106.824661 -5.811638
v 11.666003 107.751488 -5.312748
v 11.704077 108.688980 -4.834537
v 11.743629 109.622093 -4.347903
v 11.925961 110.595474 -3.970232
v 11.767180 111.387894 -3.286151
v 11.700250 112.280251 -2.737343
v 11.633657 113.169189 -2.198953
v 11.581335 114.065346 -1.697986
v 11.519511 114.968620 -1.240627
v 11.911343 115.879066 -1.096058
v 11.414078 116.555931 -0.566515
v 11.379729 117.521477 -0.290338
v 11.409791 118.490562 -0.071775
v 11.506455 119.455544 0.079125
v 11.715270 120.398865 0.132480
v 11.881907 121.366661 0.178300
v 12.428772 122.220451 0.023957
v 12.060331 121.733192 0.475036
v 12.205496 122.733009 0.184056
v 12.383510 123.697502 -0.113185
v 12.583964 124.661804 -0.425016
v 12.781589 125.619301 -0.743984
v 12.968190 126.560074 -1.062952
v 13.144261 127.499329 -1.391958
v 13.314527 128.426086 -1.734470
v 13.489702 129.352203 -2.111395
v 13.682258 130.274689 -2.536207
v 13.897020 131.196594 -3.019824
v 14.124240 132.119019 -3.568793
v 14.357528 133.039856 -4.187399
v 14.584104 133.953827 -4.871590
v 14.796079 134.861008 -5.638613
v 14.954902 135.784729 -6.455452
v 15.036063 136.741852 -7.278443
v 15.045407 137.731369 -8.069181
v 15.008748 138.742477 -8.813712
v 14.945383 139.782364 -9.522239
v 14.924222 140.907257 -10.045898
v 14.846010 142.074265 -10.422140
v 14.697174 143.272934 -10.616372
v 14.518497 144.475647 -10.683970
v 14.320121 145.673752 -10.624907
v 14.118520 146.854660 -10.461898
v 13.912549 147.996552 -10.130418
v 13.716542 149.073776 -9.622165
v 13.535586 150.053635 -8.928695
v 13.373778 150.867859 -8.018576
v 13.219699 151.378174 -6.906603
v 13.047442 151.634720 -5.699247
v -1.072480 70.048729 -15.338935
v -0.669115 70.981354 -15.061827
v -0.286324 71.922363 -14.773512
v 0.077421 72.871193 -14.475213
v 0.434120 73.825401 -14.179739
v 10.868876 87.639839 -16.742052
v 10.920175 88.606133 -16.333715
v 10.969676 89.573662 -15.925065
v 10.993912 90.524796 -15.474844
v 11.014855 91.475060 -15.022782
v 11.020698 92.415596 -14.548185
v 11.014400 93.347107 -14.055374
v 11.001733 94.274193 -13.554296
v 10.984305 95.196480 -13.045201
v 10.963686 96.115517 -12.530597
v 10.939019 97.030785 -12.009994
v 10.911412 97.942772 -11.484473
v 10.880975 98.851448 -10.954247
v 10.848283 99.757103 -10.420086
v 10.816782 100.662247 -9.886239
v 10.787730 101.568489 -9.355188
v 10.761411 102.476585 -8.828044
v 10.749522 103.396767 -8.322508
v 10.751307 104.322044 -7.827343
v 10.750709 105.241997 -7.321369
v 10.751840 106.161453 -6.812814
v 10.756782 107.081238 -6.304276
v 10.776239 108.009819 -5.812373
v 10.818625 108.950050 -5.345074
v 11.065100 109.946678 -5.090995
v 10.960979 110.720238 -4.381214
v 10.937547 111.638794 -3.884803
v 10.899611 112.543114 -3.371025
v 10.877980 113.455627 -2.885552
v 10.876501 114.377831 -2.438379
v 10.873889 115.308792 -2.024397
v 11.442102 116.125122 -2.115982
v 10.883070 116.636742 -1.514580
v 10.881682 117.595177 -1.285848
v 10.923018 118.550285 -1.106286
v 11.019318 119.492577 -0.982005
v 11.366523 120.344315 -1.025948
v 11.385913 121.270630 -0.923672
v 11.720771 122.165176 -1.047706
v 11.537181 121.397560 -0.616528
v 11.673615 122.371300 -0.884421
v 11.849480 123.334831 -1.184698
v 12.059287 124.298561 -1.506934
v 12.272403 125.247009 -1.833180
v 12.479983 126.183914 -2.160697
v 12.691489 127.113304 -2.492172
v 12.908717 128.032059 -2.838307
v 13.130612 128.952744 -3.212031
v 13.352783 129.876099 -3.621719
v 13.579387 130.806595 -4.090747
v 13.811778 131.731079 -4.615868
v 14.037772 132.657547 -5.213973
v 14.224749 133.584213 -5.880616
v 14.375313 134.512451 -6.609528
v 14.473192 135.452271 -7.375845
v 14.489364 136.424561 -8.147749
v 14.421593 137.426208 -8.870650
v 14.287498 138.475845 -9.514012
v 14.127281 139.574371 -10.068353
v 14.020701 140.729401 -10.486096
v 13.893577 141.921387 -10.767047
v 13.727104 143.129303 -10.913391
v 13.538411 144.339462 -10.952792
v 13.333611 145.545837 -10.870900
v 13.122543 146.731918 -10.667537
v 12.913287 147.886078 -10.324130
v 12.714423 148.978607 -9.805943
v 12.532833 149.983551 -9.117389
v 12.371704 150.810898 -8.206720
v 12.217597 151.338806 -7.107080
v 12.049346 151.592514 -5.906511
v 11.821612 151.550522 -4.685918
v -1.648677 70.516739 -16.080393
v -1.262177 71.449120 -15.790394
v -0.898506 72.387383 -15.487597
v -0.556632 73.331482 -15.173036
v -0.224818 74.280479 -14.856799
v 0.092025 75.234642 -14.535340
v 0.414580 76.195267 -14.231681
v 0.752345 77.160530 -13.955326
v 1.096545 78.130005 -13.697849
v 1.440607 79.102448 -13.452722
v 10.013355 90.703773 -15.804258
v 10.054173 91.672142 -15.396914
v 10.084723 92.634300 -14.970173
v 10.087386 93.573418 -14.491487
v 10.087665 94.511711 -14.012372
v 10.074697 95.437820 -13.509689
v 10.057345 96.359810 -12.999782
v 10.034682 97.277184 -12.482165
v 10.006899 98.189445 -11.956293
v 9.973804 99.096306 -11.422120
v 9.936713 99.998550 -10.881565
v 9.899379 100.898560 -10.338768
v 9.863905 101.798820 -9.797595
v 9.831014 102.700493 -9.259867
v 9.818873 103.622108 -8.757718
v 9.815652 104.543594 -8.256285
v 9.809629 105.458130 -7.740240
v 9.803613 106.370659 -7.218674
v 9.801787 107.283836 -6.697845
v 9.820503 108.213150 -6.206492
v 10.071531 109.226357 -6.039226
v 10.027575 109.970093 -5.296457
v 10.035734 110.914017 -4.849760
v 10.030845 111.844887 -4.382791
v 10.019613 112.766151 -3.907679
v 10.039568 113.705887 -3.481187
v 10.086631 114.656410 -3.093570
v 10.145117 115.623085 -2.740288
v 10.789756 116.338966 -3.060761
v 10.230365 116.659912 -2.381997
v 10.252040 117.622940 -2.202623
v 10.312205 118.585953 -2.069388
v 10.423965 119.538567 -1.990271
v 10.935057 120.244621 -2.175288
v 10.779201 121.106079 -1.966392
v 10.995424 121.998291 -2.078105
v 10.927238 121.118042 -1.676323
v 11.053596 122.053848 -1.926207
v 11.219127 123.006226 -2.222498
v 11.434243 123.973976 -2.545845
v 11.662309 124.910820 -2.879707
v 11.898218 125.831985 -3.211282
v 12.143180 126.754295 -3.551142
v 12.394810 127.668472 -3.899281
v 12.646345 128.588181 -4.266763
v 12.889853 129.514069 -4.660613
v 13.118111 130.451889 -5.102082
v 13.342238 131.389816 -5.600422
v 13.539115 132.329971 -6.166056
v 13.688478 133.273438 -6.801377
v 13.774772 134.224960 -7.481118
v 13.802200 135.188583 -8.192392
v 13.740050 136.171341 -8.898460
v 13.611617 137.190338 -9.550993
v 13.437914 138.257523 -10.119248
v 13.255630 139.377289 -10.587159
v 13.109019 140.549850 -10.928068
v 12.949239 141.755829 -11.135739
v 12.763421 142.975983 -11.224280
v 12.563945 144.195267 -11.223380
v 12.350383 145.411316 -11.115059
v 12.131738 146.602280 -10.875429
v 11.918853 147.759720 -10.508877
v 11.719320 148.863739 -9.991431
v 11.538777 149.891159 -9.317698
v 11.375695 150.733810 -8.418979
v 11.221508 151.309418 -7.337966
v 11.059858 151.628708 -6.151568
v 10.836472 151.595871 -4.917299
v -2.054979 70.952324 -16.945070
v -1.710659 71.892281 -16.629692
v -1.372040 72.833061 -16.311689
v -1.047387 73.776299 -15.987510
v -0.752706 74.723900 -15.648204
v -0.492547 75.674240 -15.287479
v -0.203035 76.629295 -14.960494
v 0.101018 77.588394 -14.657940
v 0.400962 78.552376 -14.360302
v 0.708117 79.520157 -14.076246
v 1.017541 80.491730 -13.802407
v 1.330546 81.467003 -13.541426
v 1.650100 82.446281 -13.297872
v 1.974523 83.429283 -13.071991
v 2.313153 84.416893 -12.875146
v 9.105604 93.744041 -14.821027
v 9.115930 94.692886 -14.365750
v 9.111416 95.627510 -13.880696
v 9.100929 96.556175 -13.384377
v 9.084550 97.479912 -12.879318
v 9.059192 98.394554 -12.357867
v 9.028930 99.304649 -11.828928
v 8.992780 100.208679 -11.290436
v 8.951311 101.104599 -10.740009
v 8.907508 101.995712 -10.183350
v 8.864463 102.885521 -9.626337
v 8.846996 103.804359 -9.120157
v 8.836740 104.717400 -8.604874
v 8.822929 105.620926 -8.068809
v 8.804759 106.516869 -7.516987
v 8.796435 107.422607 -6.978932
v 9.006217 108.449013 -6.833630
v 9.015575 109.153099 -6.052346
v 9.035729 110.108475 -5.626927
v 9.055610 111.064857 -5.210298
v 9.065948 112.010460 -4.776429
v 9.080482 112.955116 -4.348720
v 9.127687 113.918083 -3.972103
v 9.361794 114.921204 -3.819987
v 9.360778 115.887184 -3.415283
v 9.971450 116.574867 -3.878056
v 9.452165 116.615189 -3.138394
v 9.489505 117.605339 -3.010284
v 9.574431 118.580849 -2.928260
v 9.708073 119.552696 -2.899013
v 10.309144 120.114540 -3.250509
v 10.045066 120.899330 -2.916095
v 10.241398 121.779320 -3.062063
v 10.204852 120.859306 -2.664068
v 10.319813 121.756126 -2.904052
v 10.485110 122.721977 -3.206394
v 10.702715 123.683159 -3.530536
v 10.945502 124.614624 -3.870526
v 11.206573 125.528381 -4.207721
v 11.478899 126.435623 -4.544777
v 11.754926 127.346397 -4.884789
v 12.021669 128.268585 -5.238972
v 12.276556 129.202744 -5.610478
v 12.507678 130.138550 -6.026804
v 12.720613 131.088608 -6.495338
v 12.885653 132.053574 -7.021698
v 12.990130 133.019608 -7.610636
v 13.030602 133.993896 -8.244839
v 12.993884 134.975449 -8.900578
v 12.871703 135.970963 -9.545556
v 12.701777 136.997482 -10.139679
v 12.517824 138.067459 -10.655072
v 12.333598 139.191467 -11.064091
v 12.169534 140.372482 -11.337908
v 11.996284 141.584320 -11.493078
v 11.803730 142.815292 -11.542554
v 11.593411 144.045822 -11.506703
v 11.374046 145.268250 -11.374847
v 11.149216 146.467392 -11.110568
v 10.930573 147.630432 -10.722295
v 10.732165 148.752441 -10.217499
v 10.553577 149.794632 -9.551742
v 10.391342 150.666504 -8.676395
v 10.238856 151.349548 -7.645792
v 10.104341 151.788254 -6.456936
v 9.919447 151.785812 -5.145411
v -2.347010 71.367287 -17.864676
v -2.038711 72.314415 -17.533354
v -1.729307 73.260796 -17.201620
v -1.426813 74.208023 -16.866425
v -1.134083 75.156670 -16.526062
v -0.695052 76.064964 -16.239723
v -0.585514 77.032661 -15.851353
v -0.372694 77.997917 -15.500577
v -0.139899 78.963173 -15.160809
v 0.103590 79.929886 -14.830008
v 0.356060 80.898483 -14.508279
v 0.616687 81.869438 -14.196735
v 0.886910 82.843269 -13.898428
v 1.169624 83.820518 -13.618564
v 1.470814 84.801147 -13.367598
v 1.776879 85.785484 -13.134827
v 2.088826 86.773758 -12.925262
v 2.406239 87.766472 -12.742698
v 2.727628 88.764008 -12.588246
v 3.050724 89.765427 -12.462758
v 8.096061 96.690422 -13.657007
v 8.081022 97.614067 -13.156349
v 8.065497 98.542068 -12.661879
v 8.043797 99.463593 -12.154075
v 8.016181 100.379929 -11.635874
v 7.972503 101.273315 -11.079938
v 7.924085 102.158493 -10.512920
v 7.872348 103.036400 -9.937251
v 7.838680 103.936340 -9.401182
v 7.824311 104.839859 -8.872015
v 7.805525 105.731033 -8.314827
v 7.779579 106.611305 -7.737251
v 7.926750 107.636391 -7.535091
v 7.963338 108.308777 -6.725301
v 7.983936 109.245049 -6.256446
v 8.012497 110.211601 -5.859167
v 8.039767 111.179497 -5.470557
v 8.065622 112.146461 -5.083383
v 8.101699 113.116776 -4.705358
v 8.375842 114.130913 -4.683215
v 8.346777 115.003113 -4.095756
v 8.516107 116.036827 -4.055585
v 9.001870 116.829529 -4.507784
v 8.576918 116.510582 -3.756776
v 8.623408 117.537285 -3.689422
v 8.725429 118.543022 -3.669075
v 8.873623 119.525391 -3.689430
v 9.485347 119.971230 -4.196483
v 9.198726 120.692970 -3.762935
v 9.375663 121.572998 -3.934831
v 9.352922 120.620323 -3.546418
v 9.464431 121.527176 -3.794811
v 9.635882 122.499039 -4.104898
v 9.850196 123.437134 -4.427400
v 10.100156 124.361267 -4.763813
v 10.376032 125.266296 -5.091268
v 10.666831 126.179176 -5.422317
v 10.950849 127.075371 -5.759099
v 11.240564 127.992447 -6.105029
v 11.513331 128.922760 -6.460360
v 11.757359 129.867050 -6.852610
v 11.968379 130.836594 -7.288752
v 12.115883 131.821869 -7.775306
v 12.186366 132.811554 -8.317162
v 12.183510 133.803131 -8.904761
v 12.095250 134.798660 -9.510668
v 11.927146 135.802368 -10.106167
v 11.731265 136.825150 -10.657822
v 11.538469 137.886612 -11.132520
v 11.357018 139.007111 -11.489261
v 11.198670 140.189072 -11.705958
v 11.030015 141.407898 -11.815933
v 10.839075 142.643814 -11.843122
v 10.625989 143.881958 -11.786220
v 10.402555 145.111435 -11.637563
v 10.172111 146.321762 -11.359702
v 9.949080 147.502106 -10.968189
v 9.752329 148.646484 -10.479564
v 9.577823 149.707199 -9.818995
v 9.423611 150.634918 -8.981650
v 9.271361 151.415955 -8.023447
v 9.181841 152.005630 -6.842644
v -2.554571 71.766937 -18.813644
v -2.270333 72.719109 -18.474129
v -1.980170 73.669952 -18.135456
v -1.679263 74.618401 -17.799417
v -1.343457 75.558311 -17.474092
v -0.902519 76.466331 -17.186041
v -0.877538 77.432663 -16.777582
v -0.734035 78.400963 -16.400393
v -0.563238 79.368202 -16.032171
v -0.377953 80.335358 -15.670234
v -0.180277 81.302940 -15.315029
v 0.027729 82.271431 -14.967107
v 0.245715 83.241325 -14.627933
v 0.474072 84.213058 -14.299550
v 0.715914 85.186943 -13.986079
v 0.968556 86.163170 -13.687242
v 1.231570 87.142250 -13.405284
v 1.505803 88.124893 -13.144592
v 1.791542 89.111702 -12.910808
v 2.089656 90.103302 -12.717229
v 2.383093 91.098717 -12.535012
v 2.693623 92.100922 -12.434019
v 2.998180 93.109123 -12.401917
v 3.279841 94.115303 -12.538295
v 3.590815 95.122772 -12.463458
v 6.993915 100.474060 -11.855435
v 6.961209 101.389397 -11.336576
v 6.915612 102.280502 -10.777602
v 6.858997 103.152283 -10.191455
v 6.800319 104.007439 -9.590516
v 6.789014 104.909218 -9.059422
v 6.770107 105.792702 -8.489903
v 6.846898 106.799576 -8.191154
v 6.891835 107.485069 -7.392817
v 6.911231 108.357521 -6.811079
v 6.938756 109.311584 -6.382048
v 6.973001 110.289200 -6.014776
v 7.007430 111.271500 -5.662988
v 7.048353 112.263260 -5.337448
v 7.302626 113.282974 -5.374220
v 7.320517 114.099266 -4.714602
v 7.382250 115.124855 -4.503385
v 7.574970 116.154594 -4.562628
v 7.932067 117.049866 -4.935582
v 7.638533 116.414444 -4.278028
v 7.688006 117.465065 -4.257719
v 7.788710 118.490471 -4.287663
v 7.939515 119.494804 -4.364158
v 8.511719 119.836891 -4.997474
v 8.233624 120.531738 -4.477887
v 8.408593 121.418633 -4.685898
v 8.387496 120.467064 -4.319502
v 8.500924 121.394493 -4.575661
v 8.655796 122.338928 -4.884946
v 8.867390 123.267517 -5.207006
v 9.125024 124.182594 -5.535121
v 9.420905 125.078796 -5.851271
v 9.719408 125.979675 -6.178996
v 10.015178 126.876320 -6.514725
v 10.317171 127.786186 -6.855412
v 10.613471 128.708786 -7.194734
v 10.881846 129.659409 -7.560787
v 11.105597 130.641647 -7.966010
v 11.250174 131.634933 -8.418818
v 11.303317 132.639969 -8.919012
v 11.265864 133.644882 -9.462592
v 11.136767 134.649094 -10.025203
v 10.928192 135.650208 -10.587107
v 10.705644 136.660385 -11.112627
v 10.505625 137.708267 -11.552871
v 10.334066 138.820374 -11.866024
v 10.200056 139.999664 -12.028863
v 10.048868 141.221786 -12.098886
v 9.867749 142.461563 -12.108214
v 9.653720 143.704651 -12.036242
v 9.426696 144.938339 -11.876460
v 9.194392 146.160080 -11.599903
v 8.971243 147.367050 -11.234236
v 8.768950 148.551590 -10.750762
v 8.601257 149.634659 -10.088803
v 8.450068 150.587540 -9.317330
v -2.698353 72.154297 -19.779350
v -2.427210 73.109108 -19.436293
v -2.146442 74.061905 -19.095177
v -1.850024 75.011192 -18.758171
v -1.534206 75.956017 -18.427290
v -1.111003 76.870071 -18.131285
v -1.122003 77.834351 -17.716841
v -1.021421 78.803368 -17.326857
v -0.894500 79.771667 -16.943296
v -0.753851 80.739403 -16.563557
v -0.602406 81.706841 -16.187502
v -0.442776 82.674240 -15.814998
v -0.276232 83.641937 -15.446257
v -0.102389 84.610252 -15.082158
v 0.081857 85.579536 -14.725111
v 0.277929 86.549980 -14.376932
v 0.485641 87.521812 -14.039098
v 0.704950 88.495354 -13.713430
v 0.935469 89.470757 -13.401634
v 1.178462 90.448692 -13.107422
v 1.430136 91.428665 -12.826777
v 1.701360 92.412315 -12.579047
v 1.990343 93.400681 -12.372337
v 2.309128 94.395317 -12.257830
v 2.619893 95.395172 -12.172063
v 2.915341 96.401886 -12.127991
v 3.143261 97.413895 -12.286681
v 3.598459 98.284187 -11.911360
v 3.981296 99.238701 -11.673891
v 4.356749 100.194450 -11.415439
v 5.819190 103.198418 -10.338574
v 5.744022 104.030655 -9.720009
v 5.741862 104.929909 -9.159901
v 5.769208 105.918106 -8.788177
v 5.813825 106.655693 -8.037187
v 5.837996 107.516014 -7.436675
v 5.862409 108.421806 -6.911179
v 5.888914 109.368217 -6.465868
v 5.928774 110.358574 -6.134922
v 5.991852 111.379753 -5.923899
v 6.197682 112.407204 -5.946656
v 6.261978 113.165459 -5.225746
v 6.308965 114.187088 -4.997028
v 6.386899 115.223320 -4.846894
v 6.564970 116.251259 -4.936950
v 6.822230 117.207909 -5.217718
v 6.641681 116.370499 -4.716511
v 6.698191 117.408813 -4.731562
v 6.794171 118.421501 -4.801774
v 6.937084 119.403969 -4.916920
v 7.432237 119.722244 -5.645110
v 7.198860 120.420593 -5.087984
v 7.361015 121.313927 -5.321454
v 7.327038 120.364311 -4.968916
v 7.446156 121.300499 -5.235083
v 7.589433 122.236183 -5.541279
v 7.784353 123.156799 -5.853469
v 8.046496 124.064445 -6.159544
v 8.352534 124.960815 -6.469758
v 8.656718 125.860161 -6.804283
v 8.955831 126.751015 -7.147438
v 9.278777 127.652153 -7.480389
v 9.610126 128.568436 -7.803806
v 9.913849 129.517868 -8.144832
v 10.162420 130.498138 -8.524730
v 10.320292 131.492874 -8.952881
v 10.370251 132.496445 -9.426574
v 10.311233 133.501114 -9.939366
v 10.146300 134.506760 -10.464051
v 9.885954 135.506805 -10.988849
v 9.623042 136.502563 -11.489614
v 9.419449 137.530777 -11.906853
v 9.267576 138.631424 -12.181405
v 9.176898 139.805450 -12.303305
v 9.056878 141.028320 -12.334851
v 8.885926 142.264313 -12.318058
v 8.675261 143.501083 -12.238996
v 8.449982 144.731949 -12.080600
v 8.222111 145.962631 -11.830512
v 8.007752 147.198090 -11.501672
v -2.799782 72.533234 -20.753710
v -2.537414 73.489578 -20.408762
v -2.268917 74.444618 -20.065203
v -1.996834 75.398895 -19.722853
v -1.709578 76.350121 -19.384691
v -1.315315 77.273491 -19.077875
v -1.335958 78.237366 -18.662912
v -1.255605 79.206474 -18.267921
v -1.153368 80.175262 -17.877552
v -1.041611 81.143517 -17.489067
v -0.923389 82.111313 -17.101862
v -0.800548 83.078705 -16.715624
v -0.673705 84.045860 -16.330353
v -0.542508 85.012947 -15.946412
v -0.405280 85.980179 -15.564713
v -0.260163 86.947678 -15.186264
v -0.106550 87.915550 -14.811778
v 0.056121 88.883965 -14.442009
v 0.229049 89.853172 -14.078117
v 0.414266 90.823608 -13.722151
v 0.613565 91.795197 -13.375928
v 0.828868 92.768074 -13.042631
v 1.062489 93.742195 -12.725738
v 1.326738 94.717216 -12.438870
v 1.612860 95.690620 -12.173269
v 1.918568 96.660278 -11.923110
v 2.274915 97.626129 -11.737325
v 2.650961 98.587517 -11.575904
v 3.021816 99.543770 -11.378032
v 3.387938 100.492889 -11.138144
v 3.746444 101.434525 -10.847826
v 4.128144 102.389801 -10.622642
v 4.597002 103.334465 -10.514365
v 4.692419 104.036133 -9.746704
v 4.699513 104.984184 -9.290688
v 4.730379 105.813438 -8.647223
v 4.761058 106.693115 -8.079564
v 4.789319 107.582275 -7.528796
v 4.815414 108.492668 -7.016301
v 4.843826 109.444328 -6.587102
v 4.931905 110.475395 -6.455146
v 5.090918 111.509193 -6.459890
v 5.185314 112.225258 -5.698946
v 5.226629 113.233643 -5.419688
v 5.283223 114.261734 -5.234038
v 5.367227 115.300186 -5.135450
v 5.518373 116.325623 -5.220384
v 5.704931 117.308472 -5.424971
v 5.601505 116.357704 -5.076148
v 5.667417 117.374123 -5.127660
v 5.803619 118.340660 -5.342669
v 5.885398 119.320061 -5.375521
v 6.286659 119.634575 -6.160075
v 6.111666 120.357742 -5.599779
v 6.258070 121.257164 -5.857403
v 6.210302 120.326698 -5.519142
v 6.324345 121.237846 -5.790509
v 6.455595 122.169373 -6.100797
v 6.641436 123.085083 -6.402013
v 6.908050 123.998711 -6.692307
v 7.220796 124.901184 -6.985630
v 7.518730 125.805008 -7.313970
v 7.822892 126.695839 -7.661066
v 8.161679 127.578239 -8.003327
v 8.549462 128.478806 -8.321504
v 8.907378 129.423813 -8.648074
v 9.187692 130.398743 -9.006511
v 9.366660 131.375580 -9.420506
v 9.410249 132.366318 -9.855385
v 9.335592 133.355453 -10.340204
v 9.135926 134.358261 -10.826810
v 8.810242 135.362747 -11.306255
v 8.481872 136.350708 -11.773743
v 8.271752 137.359070 -12.173932
v 8.149817 138.441208 -12.425617
v 8.134509 139.614182 -12.522204
v 8.057829 140.840958 -12.524869
v 7.892091 142.053574 -12.476490
v -2.877316 72.907646 -21.731964
v -2.623598 73.865532 -21.385462
v -2.371186 74.823624 -21.039042
v -2.122558 75.782349 -20.692120
v -1.866118 76.739670 -20.347017
v -1.516989 77.676071 -20.025837
v -1.528661 78.640945 -19.613199
v -1.450068 79.610054 -19.217791
v -1.356064 80.579025 -18.825527
v -1.258310 81.547722 -18.433714
v -1.158354 82.516075 -18.041870
v -1.056881 83.484047 -17.649784
v -0.954194 84.451653 -17.257362
v -0.850322 85.418968 -16.864630
v -0.744317 86.386116 -16.471897
v -0.634272 87.353203 -16.079725
v -0.518720 88.320312 -15.688657
v -0.396341 89.287613 -15.299279
v -0.265702 90.255302 -14.912382
v -0.125609 91.223656 -14.528859
v 0.026190 92.192818 -14.149999
v 0.191143 93.163116 -13.777176
v 0.372423 94.134933 -13.412707
v 0.578230 95.108589 -13.062064
v 0.814947 96.083466 -12.730425
v 1.085918 97.058281 -12.422822
v 1.398507 98.030655 -12.148851
v 1.743436 98.999420 -11.904617
v 2.110586 99.965134 -11.683476
v 2.500673 100.927925 -11.489381
v 2.950434 101.874840 -11.369251
v 3.466328 102.791298 -11.328804
v 3.575836 103.574318 -10.639717
v 3.628771 104.029236 -9.701240
v 3.646181 104.963402 -9.232122
v 3.676228 105.827690 -8.642342
v 3.709071 106.740662 -8.132600
v 3.739635 107.643425 -7.606891
v 3.768231 108.561668 -7.111979
v 3.815791 109.555298 -6.794828
v 3.994426 110.580193 -6.928555
v 4.084928 111.319595 -6.193671
v 4.135326 112.283363 -5.804727
v 4.187249 113.300682 -5.598337
v 4.252072 114.328552 -5.462089
v 4.335782 115.360527 -5.405950
v 4.452582 116.382507 -5.447852
v 4.592712 117.372452 -5.606933
v 4.539461 116.364075 -5.390882
v 4.611029 117.362549 -5.468713
v 4.787317 118.249779 -5.858958
v 4.803373 119.220901 -5.742026
v 5.092429 119.570618 -6.540347
v 4.983381 120.332909 -6.008227
v 5.103473 121.234573 -6.279835
v 5.053148 120.306946 -5.952645
v 5.150493 121.213173 -6.227690
v 5.266088 122.128113 -6.536288
v 5.445945 123.049858 -6.841874
v 5.721798 123.967567 -7.125327
v 6.045179 124.881813 -7.405201
v 6.332961 125.801750 -7.727211
v 6.623031 126.701897 -8.073184
v 6.976289 127.575539 -8.422878
v 7.452142 128.458740 -8.747353
v 7.884988 129.397705 -9.081847
v 8.200084 130.360321 -9.432162
v 8.494726 131.198105 -9.993632
v 8.427221 132.222656 -10.195983
v 8.339226 133.185913 -10.640420
v 8.119741 134.179077 -11.090239
v 7.721429 135.207413 -11.537790
v 7.282863 136.199234 -11.959456
v 7.054572 137.216324 -12.333894
v -2.941591 73.279884 -22.711939
v -2.698584 74.239845 -22.363726
v -2.461659 75.200874 -22.014746
v -2.232410 76.163071 -21.664368
v -2.004191 77.125214 -21.313555
v -1.723166 78.077621 -20.973812
v -1.708066 79.044449 -20.565933
v -1.620084 80.013504 -20.172363
v -1.525903 80.982567 -19.780024
v -1.431635 81.951614 -19.387375
v -1.337533 82.920494 -18.994190
v -1.244061 83.889099 -18.600277
v -1.151548 84.857414 -18.205492
v -1.060076 85.825432 -17.809795
v -0.968636 86.793198 -17.413437
v -0.875377 87.760796 -17.016859
v -0.778753 88.728287 -16.620516
v -0.677491 89.695786 -16.224854
v -0.570410 90.663460 -15.830411
v -0.456206 91.631500 -15.437925
v -0.332440 92.600113 -15.048529
v -0.197046 93.569572 -14.663585
v -0.046984 94.540245 -14.285154
v 0.123845 95.512497 -13.917150
v 0.323128 96.486107 -13.564902
v 0.555154 97.460320 -13.233457
v 0.823720 98.433746 -12.928020
v 1.125521 99.404907 -12.648940
v 1.494830 100.366867 -12.431303
v 1.888504 101.322548 -12.244258
v 2.365656 102.250603 -12.154803
v 2.471228 103.074699 -11.515544
v 2.520473 103.635063 -10.630083
v 2.566184 104.027664 -9.662335
v 2.590137 104.964043 -9.198300
v 2.621674 105.847328 -8.638047
v 2.655665 106.775208 -8.154758
v 2.687467 107.686852 -7.641180
v 2.716826 108.610634 -7.147698
v 2.851611 109.647987 -7.210685
v 2.938841 110.641457 -6.892477
v 3.030740 111.319946 -6.103785
v 3.082215 112.330688 -5.861369
v 3.141484 113.360954 -5.748249
v 3.201255 114.382645 -5.594081
v 3.279131 115.410423 -5.577716
v 3.381057 116.422241 -5.665663
v 3.485566 117.416260 -5.777890
v 3.450658 116.392349 -5.617622
v 3.526185 117.383011 -5.720901
v 3.714687 118.150200 -6.285781
v 3.695527 119.043388 -5.990489
v 3.865861 119.523781 -6.758017
v 3.821295 120.336624 -6.302309
v 3.908732 121.238831 -6.575432
v 3.862928 120.305199 -6.265832
v 3.933184 121.216484 -6.536762
v 4.033897 122.141701 -6.845611
v 4.195331 123.062271 -7.160393
v 4.492300 123.978287 -7.452211
v 4.841621 124.896538 -7.734446
v 5.119024 125.840080 -8.053493
v 5.379953 126.753960 -8.399642
v 5.731000 127.632072 -8.743441
v 6.350441 128.540833 -9.079804
v 6.859616 129.477264 -9.440886
v 7.208974 130.431000 -9.807625
v 7.626047 131.031357 -10.566465
v 7.431072 132.058762 -10.485841
v -3.005297 73.652496 -23.691696
v -2.777915 74.615532 -23.341095
v -2.559129 75.579987 -22.989071
v -2.349315 76.545647 -22.635065
v -2.144733 77.511742 -22.279200
v -1.951773 78.478210 -21.917440
v -1.891093 79.447350 -21.518011
v -1.796710 80.416725 -21.125727
v -1.700410 81.386131 -20.733604
v -1.604558 82.355553 -20.341028
v -1.509762 83.324890 -19.947733
v -1.416647 84.294044 -19.553499
v -1.325479 85.262955 -19.158207
v -1.236232 86.231567 -18.761841
v -1.147914 87.199890 -18.364660
v -1.059317 88.167961 -17.966988
v -0.969345 89.135780 -17.569181
v -0.877052 90.103432 -17.171595
v -0.781435 91.070999 -16.774694
v -0.681112 92.038567 -16.379168
v -0.574358 93.006256 -15.985906
v -0.459636 93.974228 -15.595994
v -0.335023 94.942657 -15.210948
v -0.194371 95.911858 -14.834206
v -0.028699 96.881927 -14.471041
v 0.170755 97.852448 -14.127967
v 0.414909 98.821648 -13.813410
v 0.628716 99.793495 -13.488306
v 1.030297 100.739433 -13.295687
v 1.299668 101.711601 -13.021273
v 1.376825 102.530479 -12.369601
v 1.420333 103.135963 -11.510943
v 1.463977 103.669495 -10.608642
v 1.504363 104.034744 -9.629751
v 1.533168 104.973343 -9.170572
v 1.566921 105.864708 -8.623226
v 1.602221 106.799805 -8.154096
v 1.635256 107.714027 -7.646656
v 1.691490 108.719849 -7.363290
v 1.811904 109.761086 -7.356833
v 1.890471 110.616859 -6.757787
v 1.978448 111.342094 -6.007922
v 2.035389 112.385391 -5.989372
v 2.089920 113.418419 -5.859847
v 2.141057 114.420799 -5.578792
v 2.207004 115.456139 -5.562859
v 2.288973 116.464249 -5.734237
v 2.373302 117.465111 -5.853222
v 2.343638 116.453300 -5.667681
v 2.413712 117.455933 -5.811676
v 2.572429 118.082520 -6.548027
v 2.552838 118.912819 -6.081455
v 2.634244 119.492668 -6.818152
v 2.630845 120.360039 -6.436571
v 2.686313 121.271690 -6.707761
v 2.643794 120.336060 -6.407191
v 2.692099 121.277565 -6.679313
v 2.769017 122.218277 -6.990840
v 2.905149 123.136894 -7.318713
v 3.215039 124.034691 -7.643796
v 3.634117 124.949547 -7.951906
v 3.889677 125.917191 -8.288204
v 4.097098 126.845207 -8.633220
v 4.450975 127.763603 -8.981505
v -3.305362 73.063988 -25.021042
v -3.096809 74.030327 -24.667114
v -2.893497 74.997513 -24.312321
v -2.702155 75.966339 -23.954828
v -2.522520 76.936432 -23.593964
v -2.359084 77.907677 -23.227316
v -2.223669 78.878975 -22.849405
v -2.127373 79.849777 -22.458340
v -2.029049 80.820007 -22.066851
v -1.931285 81.790031 -21.674841
v -1.834364 82.759956 -21.282280
v -1.738896 83.729782 -20.888918
v -1.645334 84.699432 -20.494566
v -1.553858 85.668854 -20.099117
v -1.464327 86.637993 -19.702600
v -1.376429 87.606812 -19.305107
v -1.289588 88.575317 -18.906834
v -1.203312 89.543465 -18.507992
v -1.117031 90.511276 -18.108843
v -1.030021 91.478783 -17.709761
v -0.941295 92.445984 -17.311279
v -0.849811 93.412918 -16.914019
v -0.754085 94.379623 -16.518896
v -0.651335 95.346161 -16.127501
v -0.535481 96.312721 -15.742991
v -0.396405 97.279564 -15.370789
v -0.226996 98.247063 -15.016352
v -0.045390 99.215698 -14.671374
v 0.126159 100.185875 -14.323049
v 0.233901 101.121429 -13.863172
v 0.285377 101.924393 -13.184585
v 0.327501 102.577530 -12.358700
v 0.368081 103.171707 -11.491501
v 0.407402 103.705887 -10.589551
v 0.442862 104.048973 -9.602481
v 0.475687 104.988159 -9.145224
v 0.512021 105.891029 -8.617535
v 0.549164 106.828941 -8.152793
v 0.585920 107.775108 -7.701978
v 0.683195 108.818481 -7.653214
v 0.757120 109.806923 -7.312139
v 0.856961 110.533813 -6.563547
v 0.924114 111.397354 -5.975471
v 0.984514 112.435890 -6.094683
v 1.032696 113.459023 -5.885733
v 1.079477 114.454338 -5.568814
v 1.133343 115.493912 -5.562759
v 1.195625 116.505554 -5.752195
v 1.260149 117.515800 -5.873403
v 1.240214 116.510010 -5.668261
v 1.300676 117.521683 -5.818347
v 1.405981 118.039940 -6.669385
v 1.401742 118.807518 -6.048029
v 1.421976 119.470604 -6.761294
v 1.432925 120.391396 -6.448535
v 1.460033 121.319481 -6.727255
v 1.424083 120.407799 -6.415037
v 1.447187 121.360413 -6.700176
v 1.488106 122.306252 -7.022485
v 1.580479 123.238342 -7.356079
v 1.899318 124.131592 -7.676230
v 2.451398 125.063774 -8.030318
v -3.444746 73.448860 -25.987793
v -3.266242 74.419060 -25.627621
v -3.101983 75.390465 -25.263353
v -2.950192 76.362640 -24.894833
v -2.811514 77.335167 -24.521034
v -2.687754 78.307495 -24.140541
v -2.578070 79.278801 -23.753372
v -2.474976 80.250122 -23.364351
v -2.377231 81.220795 -22.972521
v -2.282352 82.191078 -22.579302
v -2.189604 83.161125 -22.185051
v -2.098950 84.130997 -21.789753
v -2.010542 85.100632 -21.393322
v -1.924491 86.070000 -20.995668
v -1.840870 87.039070 -20.596720
v -1.759719 88.007759 -20.196424
v -1.681015 88.976021 -19.794731
v -1.604699 89.943764 -19.391644
v -1.530587 90.910950 -18.987194
v -1.458264 91.877548 -18.581516
v -1.387028 92.843506 -18.174870
v -1.315723 93.808891 -17.767700
v -1.242810 94.773888 -17.360641
v -1.167100 95.738670 -16.953884
v -1.089260 96.702980 -16.545500
v -1.013308 97.664749 -16.128256
v -0.946098 98.617485 -15.685641
v -0.891381 99.549431 -15.195490
v -0.847722 100.435577 -14.622235
v -0.805793 101.238510 -13.935971
v -0.763091 101.957642 -13.163611
v -0.721914 102.618202 -12.342781
v -0.683895 103.219902 -11.480460
v -0.649327 103.746696 -10.573990
v -0.618697 104.069847 -9.580231
v -0.582205 105.008743 -9.123188
v -0.542834 105.917091 -8.605498
v -0.503302 106.854019 -8.139092
v -0.446982 107.868546 -7.883843
v -0.364342 108.905052 -7.745438
v -0.281520 109.751640 -7.131645
v -0.181576 110.487892 -6.391377
v -0.129393 111.454887 -5.989889
v -0.070881 112.484612 -6.173030
v -0.025062 113.485466 -5.875152
v 0.016903 114.481194 -5.557016
v 0.058940 115.522087 -5.570227
v 0.102852 116.538246 -5.751766
v 0.146672 117.550529 -5.888390
v 0.138385 116.548622 -5.673864
v 0.180543 117.560081 -5.832159
v 0.238497 118.000000 -6.735331
v 0.248731 118.692398 -6.024443
v 0.230824 119.450356 -6.650221
v 0.235282 120.408997 -6.452825
v 0.231668 121.341454 -6.739684
v 0.207672 120.439262 -6.422934
v 0.199238 121.402527 -6.708742
v 0.198873 122.362831 -7.041329
v 0.213552 123.327515 -7.388228
v 0.519932 124.237259 -7.721135
v -3.724190 73.845940 -26.918432
v -3.594896 74.817650 -26.541637
v -3.476156 75.788948 -26.159714
v -3.366063 76.759705 -25.773193
v -3.263922 77.729767 -25.382236
v -3.168106 78.699196 -24.987831
v -3.076774 79.668091 -24.591251
v -2.986764 80.637390 -24.195126
v -2.900709 81.606255 -23.796818
v -2.818064 82.574654 -23.396585
v -2.738671 83.542557 -22.994434
v -2.662563 84.509926 -22.590254
v -2.589834 85.476677 -22.183918
v -2.520637 86.442734 -21.775223
v -2.455171 87.407967 -21.363897
v -2.393667 88.372215 -20.949610
v -2.336313 89.335297 -20.531960
v -2.283213 90.297020 -20.110565
v -2.234368 91.257179 -19.684935
v -2.189683 92.215569 -19.254423
v -2.149020 93.171806 -18.817991
v -2.112336 94.125229 -18.373739
v -2.079659 95.074562 -17.918335
v -2.050697 96.017525 -17.446703
v -2.024238 96.950554 -16.952108
v -1.997846 97.868744 -16.426994
v -1.968500 98.766434 -15.864893
v -1.933873 99.638115 -15.261724
v -1.895396 100.474190 -14.610062
v -1.853604 101.262604 -13.903798
v -1.810967 102.001945 -13.149058
v -1.770106 102.681473 -12.342729
v -1.735319 103.278519 -11.476432
v -1.706422 103.791954 -10.561980
v -1.680594 104.097328 -9.562861
v -1.640431 105.033585 -9.101444
v -1.597590 105.945396 -8.589831
v -1.553192 106.914284 -8.191066
v -1.482227 107.953667 -8.059785
v -1.415045 108.914978 -7.644412
v -1.302239 109.639320 -6.893588
v -1.229835 110.494728 -6.290421
v -1.181749 111.507324 -6.020007
v -1.130595 112.532120 -6.227785
v -1.082043 113.494949 -5.827939
v -1.046355 114.500549 -5.545493
v -1.015749 115.540588 -5.576927
v -0.989894 116.559158 -5.742784
v -0.967645 117.569328 -5.893715
v -0.963302 116.568382 -5.678707
v -0.943662 117.580605 -5.832207
v -0.933961 117.955566 -6.766424
v -0.904312 118.580399 -5.999069
v -0.944475 119.427261 -6.502562
v -0.961128 120.403221 -6.452968
v -0.997053 121.334023 -6.736446
v -1.006967 120.428345 -6.422409
v -1.048370 121.393349 -6.704258
v -1.089842 122.357780 -7.036592
v -1.133357 123.331192 -7.387733
v -1.453379 124.238060 -7.727499
v -4.236099 74.235374 -27.748011
v -4.149780 75.201622 -27.345984
v -4.068014 76.166771 -26.940243
v -3.989935 77.131050 -26.531572
v -3.914845 78.094666 -26.120752
v -3.842206 79.057846 -25.708420
v -3.772002 80.020561 -25.294611
v -3.704247 80.982895 -24.879299
v -3.639786 81.944435 -24.461353
v -3.579119 82.904823 -24.039980
v -3.522591 83.863724 -23.614489
v -3.470364 84.820847 -23.184315
v -3.422511 85.775856 -22.748930
v -3.379134 86.728401 -22.307625
v -3.340288 87.678017 -21.859566
v -3.305880 88.624229 -21.403889
v -3.275591 89.566544 -20.939703
v -3.248849 90.504448 -20.466131
v -3.224814 91.437416 -19.982162
v -3.202338 92.364830 -19.486616
v -3.179974 93.285782 -18.977953
v -3.155979 94.199074 -18.454359
v -3.128430 95.103569 -17.914478
v -3.095750 95.998466 -17.357946
v -3.057588 96.883507 -16.785662
v -3.016284 97.760376 -16.201654
v -2.977084 98.631889 -15.611259
v -2.946593 99.505348 -15.025003
v -2.919131 100.359833 -14.412395
v -2.888940 101.180389 -13.756238
v -2.856474 101.973076 -13.065364
v -2.819593 102.713280 -12.318262
v -2.786968 103.331963 -11.469058
v -2.764470 103.838989 -10.552032
v -2.743171 104.131287 -9.549994
v -2.698998 105.062073 -9.079589
v -2.652072 105.976746 -8.573104
v -2.598592 106.986267 -8.293382
v -2.535517 108.010475 -8.071385
v -2.440634 108.822769 -7.415627
v -2.333205 109.569801 -6.688351
v -2.281128 110.542030 -6.297063
v -2.233650 111.555748 -6.034893
v -2.195110 112.577782 -6.249981
v -2.137205 113.489708 -5.750006
v -2.109759 114.513245 -5.550560
v -2.090448 115.549759 -5.583021
v -2.082960 116.567886 -5.720142
v -2.082937 117.572021 -5.878930
v -2.064747 116.568008 -5.683342
v -2.068019 117.583717 -5.816057
v -2.115888 117.909264 -6.763045
v -2.055579 118.479820 -5.972235
v -2.106953 119.402504 -6.324368
v -2.155440 120.368874 -6.444870
v -2.223135 121.295341 -6.715273
v -2.222276 120.373291 -6.412785
v -2.294738 121.329399 -6.689455
v -2.375027 122.295753 -7.009365
v -2.500552 123.243950 -7.352755
v -2.859812 124.163467 -7.705070
v -4.995924 74.570206 -28.390463
v -4.936147 75.526566 -27.961136
v -4.878572 76.481590 -27.528696
v -4.823107 77.435371 -27.093369
v -4.769894 78.387810 -26.654955
v -4.719135 79.338676 -26.212952
v -4.671027 80.287659 -25.766647
v -4.625823 81.234291 -25.315063
v -4.583844 82.178001 -24.857044
v -4.545180 83.118164 -24.391485
v -4.509559 84.054314 -23.917633
v -4.476550 84.985893 -23.434616
v -4.445601 85.912132 -22.941269
v -4.415889 86.832253 -22.436489
v -4.386262 87.745598 -21.919518
v -4.355278 88.651787 -21.390081
v -4.321306 89.550674 -20.848269
v -4.282658 90.442307 -20.294571
v -4.237772 91.326965 -19.729836
v -4.185321 92.205002 -19.154936
v -4.123604 93.075523 -18.569265
v -4.052144 93.938828 -17.974020
v -3.972554 94.796303 -17.371767
v -3.887376 95.648941 -16.764126
v -3.800341 96.497871 -16.152275
v -3.716342 97.345558 -15.538795
v -3.638352 98.192818 -14.924103
v -3.443219 98.982567 -14.263351
v -3.642537 99.902504 -13.804305
v -3.747504 100.806137 -13.283011
v -3.816554 101.701164 -12.740892
v -3.851835 102.583023 -12.174708
v -3.838839 103.314659 -11.424544
v -3.824705 103.867569 -10.537720
v -3.806946 104.173111 -9.543034
v -3.758174 105.094543 -9.059447
v -3.705933 106.026268 -8.587535
v -3.649041 107.045097 -8.342581
v -3.583006 108.012573 -7.941677
v -3.452216 108.687828 -7.150002
v -3.384773 109.616554 -6.675236
v -3.331437 110.597618 -6.322329
v -3.285373 111.597099 -6.031764
v -3.264423 112.617737 -6.230492
v -3.192214 113.488403 -5.672987
v -3.172506 114.521973 -5.588758
v -3.165238 115.551163 -5.589687
v -3.177598 116.560478 -5.697381
v -3.198416 117.557610 -5.827919
v -3.165668 116.550797 -5.663378
v -3.186765 117.566628 -5.794352
v -3.315386 117.868568 -6.699787
v -3.204927 118.401062 -5.937117
v -3.260134 119.378517 -6.129361
v -3.345549 120.322388 -6.379138
v -3.441798 121.242630 -6.640437
v -3.439602 120.289017 -6.331447
v -3.538460 121.241348 -6.605314
v -3.652033 122.208473 -6.925963
v -3.819280 123.139992 -7.248293
v -4.164253 124.100113 -7.560863
v -4.648027 125.072632 -7.841444
v -4.974212 126.041580 -8.213857
v -5.260891 126.995338 -8.552367
v -5.941151 74.805199 -28.782562
v -5.897567 75.747238 -28.320871
v -5.855756 76.686531 -27.853601
v -5.815791 77.622520 -27.379763
v -5.777524 78.554688 -26.898523
v -5.740518 79.482674 -26.409286
v -5.704349 80.405731 -25.910906
v -5.668513 81.322716 -25.401573
v -5.632138 82.233055 -24.880737
v -5.594157 83.136772 -24.348803
v -5.553342 84.033447 -23.805378
v -5.508094 84.922096 -23.249268
v -5.456670 85.802116 -22.680239
v -5.397544 86.673775 -22.099249
v -5.329572 87.537804 -21.507847
v -5.251939 88.395172 -20.907778
v -5.164231 89.247047 -20.300810
v -5.066331 90.094490 -19.688551
v -4.957317 90.937790 -19.071730
v -4.834166 91.775665 -18.450039
v -4.700165 92.609612 -17.825754
v -4.559125 93.441696 -17.200573
v -4.406065 94.269882 -16.573393
v -4.245916 95.096054 -15.946677
v -4.113343 95.930809 -15.325870
v -3.986560 96.766777 -14.705736
v -4.049831 97.640625 -14.131124
v -3.983508 98.485954 -13.513310
v -4.200469 99.409492 -13.064011
v -4.291268 100.311028 -12.534255
v -4.412755 101.219994 -12.024013
v -4.732212 102.185486 -11.763607
v -4.855902 103.100212 -11.262289
v -4.885520 103.818535 -10.502815
v -4.871848 104.233925 -9.558579
v -4.818923 105.130302 -9.042727
v -4.759305 106.076622 -8.602469
v -4.699852 107.068130 -8.265831
v -4.620338 107.979424 -7.753341
v -4.492681 108.669861 -6.976170
v -4.431565 109.633934 -6.573339
v -4.379980 110.623474 -6.242225
v -4.333889 111.624611 -5.953169
v -4.335014 112.644646 -6.147066
v -4.243255 113.489212 -5.559334
v -4.227128 114.517555 -5.455978
v -4.228950 115.543053 -5.431252
v -4.257569 116.553795 -5.511751
v -4.297449 117.550781 -5.625503
v -4.250366 116.541344 -5.476085
v -4.288117 117.559044 -5.584452
v -4.509444 117.854149 -6.478920
v -4.327048 118.385765 -5.711615
v -4.400443 119.364586 -5.894699
v -4.512724 120.315994 -6.147398
v -4.633337 121.243095 -6.412005
v -4.631176 120.314758 -6.082823
v -4.753749 121.245544 -6.356949
v -4.898771 122.188377 -6.668002
v -5.091447 123.125450 -6.977788
v -5.420642 124.075066 -7.259430
v -5.836509 125.041885 -7.539412
v -6.178554 126.005180 -7.865594
v -6.517443 126.932945 -8.217204
v -6.958120 127.818230 -8.555664
v -7.644956 128.734619 -8.828195
v -8.168296 129.695023 -9.122490
v -8.553950 130.633530 -9.488021
v -9.020095 131.259140 -10.193266
v -8.753700 132.259033 -10.085845
v -6.980157 74.907959 -28.893951
v -6.942417 75.826836 -28.387285
v -6.904270 76.739616 -27.869890
v -6.864820 77.645653 -27.341064
v -6.823022 78.545296 -26.801737
v -6.777435 79.437424 -26.250301
v -6.725942 80.319756 -25.684017
v -6.667134 81.192673 -25.104235
v -6.600436 82.058037 -24.514177
v -6.523877 82.915459 -23.913788
v -6.434570 83.763573 -23.302202
v -6.331954 84.603409 -22.681551
v -6.216694 85.436790 -22.054514
v -6.089565 86.265381 -21.423254
v -5.952531 87.091240 -20.790117
v -5.807240 87.915794 -20.156504
v -5.655057 88.739990 -19.523314
v -5.498628 89.565140 -18.891516
v -5.333590 90.389275 -18.259489
v -5.141610 91.205093 -17.624069
v -4.955644 92.024445 -16.992262
v -4.766187 92.844666 -16.362230
v -4.577741 93.665405 -15.732252
v -4.399230 94.489555 -15.103218
v -4.305038 95.334732 -14.483512
v -4.365939 96.208954 -13.901568
v -4.465844 97.092499 -13.339068
v -4.607534 97.999901 -12.823333
v -4.774550 98.919762 -12.334849
v -4.970460 99.851929 -11.880272
v -5.235364 100.807671 -11.521174
v -5.505376 101.770020 -11.190023
v -5.792937 102.753380 -10.941440
v -5.927736 103.642723 -10.383174
v -5.945532 104.253700 -9.547698
v -5.877955 105.158569 -9.012667
v -5.811000 106.102272 -8.550559
v -5.731540 107.026733 -8.056983
v -5.658281 107.953224 -7.570993
v -5.534988 108.672867 -6.820553
v -5.472523 109.641212 -6.426097
v -5.421964 110.634705 -6.103136
v -5.376665 111.637856 -5.813312
v -5.399635 112.661110 -5.992164
v -5.279594 113.473671 -5.359715
v -5.260507 114.501213 -5.213959
v -5.268270 115.528374 -5.158457
v -5.311187 116.541763 -5.212461
v -5.369737 117.540092 -5.307309
v -5.308490 116.526810 -5.174639
v -5.359960 117.547050 -5.254212
v -5.667856 117.864357 -6.127131
v -5.415974 118.412003 -5.366689
v -5.505477 119.390686 -5.540154
v -5.643777 120.345230 -5.789389
v -5.792476 121.276176 -6.052352
v -5.792556 120.359962 -5.703405
v -5.930552 121.284843 -5.974969
v -6.098364 122.218864 -6.273610
v -6.312594 123.159950 -6.574593
v -6.629009 124.098206 -6.854164
v -7.015833 125.049156 -7.138280
v -7.370866 125.985634 -7.464633
v -7.735214 126.893974 -7.804216
v -8.156868 127.776283 -8.113928
v -8.691548 128.690674 -8.368016
v -9.141812 129.642700 -8.644172
v -9.473061 130.606705 -8.960177
v -9.823226 131.413437 -9.529250
v -9.732219 132.432068 -9.731871
v -9.698227 133.386337 -10.189892
v -9.519589 134.360916 -10.675922
v -9.166517 135.370468 -11.195046
v -8.754263 136.358566 -11.701181
v -8.543798 137.364777 -12.131512
v -8.426583 138.428589 -12.365623
v -8.014669 74.855927 -28.722002
v -7.962957 75.739075 -28.156506
v -7.904377 76.612267 -27.576534
v -7.838356 77.477486 -26.985399
v -7.762802 78.334671 -26.383514
v -7.672182 79.178848 -25.765558
v -7.567331 80.012688 -25.136065
v -7.452551 80.842094 -24.501966
v -7.322893 81.665024 -23.861509
v -7.171993 82.478165 -23.213037
v -7.003778 83.284973 -22.561028
v -6.825020 84.090042 -21.909695
v -6.639556 84.895500 -21.260424
v -6.447870 85.701653 -20.613171
v -6.255288 86.510887 -19.969236
v -6.063676 87.323486 -19.328476
v -5.877104 88.140068 -18.690823
v -5.690335 88.959030 -18.056244
v -5.510776 89.780693 -17.423273
v -5.313549 90.595650 -16.786478
v -5.101034 91.410339 -16.153364
v -4.932379 92.237717 -15.522702
v -4.801906 93.073090 -14.895292
v -4.685872 93.913895 -14.273364
v -4.883865 94.821831 -13.774872
v -5.085152 95.741234 -13.297676
v -5.283967 96.670769 -12.836150
v -5.497955 97.619492 -12.420355
v -5.728451 98.584435 -12.058233
v -5.985704 99.601402 -11.945685
v -6.237114 100.502953 -11.456008
v -6.479446 101.431335 -11.007160
v -6.698419 102.380821 -10.580701
v -7.003407 104.237122 -9.451174
v -6.925529 105.149406 -8.884334
v -6.842496 106.064590 -8.348769
v -6.758175 106.980675 -7.831910
v -6.696068 107.929649 -7.388578
v -6.578091 108.692154 -6.684366
v -6.515427 109.659599 -6.295524
v -6.464153 110.646843 -5.965071
v -6.416214 111.637367 -5.646989
v -6.454795 112.665184 -5.779768
v -6.311758 113.465202 -5.140868
v -6.289332 114.483704 -4.956952
v -6.298443 115.505753 -4.856215
v -6.349708 116.516472 -4.864787
v -6.421602 117.513687 -4.922286
v -6.351390 116.495232 -4.826163
v -6.408746 117.516678 -4.862816
v -6.788445 117.885124 -5.681178
v -6.475936 118.440933 -4.950548
v -6.575273 119.435158 -5.101933
v -6.730189 120.401466 -5.322482
v -6.906094 121.342041 -5.575422
v -6.910453 120.439590 -5.220166
v -7.059505 121.373589 -5.480807
v -7.240753 122.303795 -5.767292
v -7.472447 123.235413 -6.062461
v -7.789384 124.166275 -6.351703
v -8.163479 125.096169 -6.644867
v -8.525712 126.016296 -6.962480
v -8.889949 126.920616 -7.279877
v -9.283112 127.817558 -7.571062
v -9.727412 128.737961 -7.829113
v -10.115541 129.688339 -8.113288
v -10.420613 130.651581 -8.449890
v -10.639936 131.600021 -8.880258
v -10.680756 132.593018 -9.294176
v -10.649889 133.578049 -9.790471
v -10.495687 134.569427 -10.322804
v -10.220145 135.554153 -10.871388
v -9.913106 136.524521 -11.394368
v -9.704139 137.544952 -11.813775
v -9.574632 138.634064 -12.090090
v -9.536095 139.806961 -12.211346
v -9.478432 141.048752 -12.241285
v -9.348804 142.289093 -12.230277
v -9.171004 143.524902 -12.154217
v -8.968841 144.754959 -11.992284
v -8.944636 74.633362 -28.288385
v -8.848297 75.469475 -27.660559
v -8.739283 76.297234 -27.023174
v -8.619583 77.121010 -26.381243
v -8.468412 77.926331 -25.722155
v -8.299418 78.723030 -25.057751
v -8.130080 79.523300 -24.397043
v -7.947692 80.322144 -23.736206
v -7.728915 81.108139 -23.069918
v -7.502604 81.894127 -22.406044
v -7.277183 82.683769 -21.745190
v -7.045526 83.475365 -21.087959
v -6.805735 84.268700 -20.435184
v -6.584939 85.070770 -19.785616
v -6.368295 85.878204 -19.139637
v -6.173744 86.693665 -18.496332
v -6.008124 87.517700 -17.855919
v -5.838304 88.343300 -17.219622
v -5.768746 89.192078 -16.594780
v -5.542308 90.000244 -15.952479
v -5.409791 90.842499 -15.327216
v -5.397732 91.721245 -14.737776
v -9.141131 99.830070 -11.820154
v -8.941554 100.783813 -11.408042
v -8.722761 101.704247 -10.924979
v -8.478843 102.566612 -10.352674
v -8.194782 103.320068 -9.666943
v -8.044429 104.227516 -9.170256
v -7.959315 105.135254 -8.652308
v -7.866857 106.029922 -8.105000
v -7.778706 106.935341 -7.580216
v -7.730657 107.901817 -7.183150
v -7.619483 108.718506 -6.548569
v -7.557689 109.677383 -6.153672
v -7.502800 110.648010 -5.794369
v -7.449384 111.621719 -5.445708
v -7.495266 112.652031 -5.499835
v -7.330181 113.451172 -4.871449
v -7.302619 114.456619 -4.645983
v -7.309679 115.467705 -4.495480
v -7.361725 116.474571 -4.446238
v -7.442184 117.468460 -4.457411
v -7.367015 116.444656 -4.406105
v -7.422997 117.462563 -4.395050
v -7.862254 117.909233 -5.133786
v -7.494991 118.489761 -4.454707
v -7.598438 119.490067 -4.573013
v -7.765371 120.473122 -4.760372
v -7.966626 121.431694 -4.993543
v -7.970890 120.549904 -4.636803
v -8.131175 121.508827 -4.887091
v -8.324296 122.436119 -5.168821
v -8.578325 123.356873 -5.459941
v -8.899602 124.290359 -5.758234
v -9.253936 125.199257 -6.046325
v -9.609538 126.116455 -6.347646
v -9.966261 127.022011 -6.646745
v -10.334485 127.927849 -6.932241
v -10.715304 128.856369 -7.201073
v -11.054257 129.807648 -7.504229
v -11.332871 130.780319 -7.864083
v -11.515267 131.762268 -8.287654
v -11.592009 132.750565 -8.769748
v -11.580348 133.740341 -9.306055
v -11.465854 134.730011 -9.873988
v -11.252903 135.712036 -10.447536
v -11.004367 136.693695 -10.985566
v -10.803966 137.723969 -11.430607
v -10.652864 138.823349 -11.746709
v -10.558209 140.003479 -11.916094
v -10.464930 141.235046 -11.985057
v -10.327172 142.480026 -11.992257
v -10.146318 143.724426 -11.924345
v -9.942899 144.959763 -11.768620
v -9.732815 146.176926 -11.493247
v -9.516975 147.383713 -11.107703
v -9.290025 148.584930 -10.615502
v -9.667386 74.231110 -27.641644
v -9.497875 75.020210 -26.968676
v -9.321197 75.811234 -26.296900
v -9.120276 76.595757 -25.623272
v -8.878322 77.359749 -24.939440
v -8.650836 78.135201 -24.262184
v -8.423929 78.917847 -23.591644
v -8.134292 79.684097 -22.924805
v -7.852461 80.454865 -22.258394
v -7.599445 81.237602 -21.593622
v -7.381011 82.032951 -20.929115
v -7.110570 82.818840 -20.272264
v -10.822656 95.900223 -12.537688
v -10.660929 96.934837 -12.427388
v -10.505563 97.966309 -12.273730
v -10.358399 98.987679 -12.043230
v -10.162557 99.930084 -11.598525
v -9.931230 100.815376 -11.062142
v -9.643637 101.615219 -10.430877
v -9.271244 102.296989 -9.722794
v -9.173717 103.240746 -9.284022
v -9.059100 104.166222 -8.827704
v -8.971301 105.079811 -8.335612
v -8.883042 105.985901 -7.821827
v -8.790572 106.883682 -7.294318
v -8.750747 107.852806 -6.912526
v -8.649899 108.718277 -6.347418
v -8.589811 109.670105 -5.944626
v -8.530708 110.626793 -5.561337
v -8.468301 111.585220 -5.185780
v -8.507216 112.611351 -5.131480
v -8.320073 113.416077 -4.518312
v -8.284962 114.409645 -4.252951
v -8.285792 115.411278 -4.053904
v -8.336106 116.413223 -3.947178
v -8.419598 117.403214 -3.905459
v -8.345513 116.375854 -3.904904
v -8.389095 117.382774 -3.844366
v -8.870232 117.930923 -4.474520
v -8.455989 118.539543 -3.863406
v -8.557768 119.549782 -3.945692
v -8.730350 120.552910 -4.093115
v -8.961934 121.535255 -4.303738
v -8.958797 120.696571 -3.934705
v -9.122722 121.673706 -4.188316
v -9.330029 122.623878 -4.471805
v -9.598590 123.537659 -4.746068
v -9.913707 124.467834 -5.031596
v -10.240885 125.379517 -5.316586
v -10.583542 126.293411 -5.597287
v -10.927553 127.205040 -5.882819
v -11.266788 128.118820 -6.166696
v -11.600890 129.053207 -6.449574
v -11.904320 130.006149 -6.773726
v -12.160850 130.974182 -7.160644
v -12.346051 131.949493 -7.619106
v -12.446336 132.929504 -8.142152
v -12.469928 133.904663 -8.722510
v -12.401118 134.881989 -9.331126
v -12.242914 135.865311 -9.934967
v -12.033976 136.859024 -10.497918
v -11.840830 137.899155 -10.980753
v -11.675594 139.006454 -11.347146
v -11.554696 140.189148 -11.569074
v -11.441052 141.416000 -11.682408
v -11.295016 142.658035 -11.708553
v -11.116483 143.898987 -11.654599
v -10.916618 145.134872 -11.512646
v -10.707875 146.342819 -11.243988
v -10.493768 147.519104 -10.850875
v -10.286082 148.654037 -10.359298
v -10.067666 149.688599 -9.728974
v -9.816469 150.573898 -8.936924
v -9.561858 151.328186 -8.017718
v -10.087443 73.655388 -26.869631
v -9.835776 74.416222 -26.179781
v -12.471262 90.920097 -13.653996
v -12.338622 91.954094 -13.508037
v -12.207954 92.988091 -13.354953
v -12.077697 94.022446 -13.197024
v -11.951945 95.052444 -13.002726
v -11.826274 96.079399 -12.786092
v -11.694279 97.092674 -12.509650
v -11.539898 98.071671 -12.136139
v -11.326662 98.982201 -11.639541
v -11.052077 99.817619 -11.053112
v -10.684463 100.542213 -10.383636
v -10.274878 101.214989 -9.693528
v -10.213490 102.174416 -9.279785
v -10.129426 103.123497 -8.850463
v -10.032772 104.056595 -8.404735
v -9.950974 104.981712 -7.937834
v -9.871478 105.902245 -7.456950
v -9.789360 106.817680 -6.966358
v -9.740391 107.769691 -6.551914
v -9.660724 108.681717 -6.062806
v -9.597816 109.623833 -5.639355
v -9.535157 110.573112 -5.241027
v -9.459338 111.518211 -4.838649
v -9.471210 112.528648 -4.662269
v -9.275731 113.357986 -4.087111
v -9.232902 114.341042 -3.788056
v -9.221938 115.332825 -3.537393
v -9.261393 116.330421 -3.364564
v -9.332076 117.320267 -3.248952
v -9.276610 116.295738 -3.316738
v -9.289083 117.299232 -3.200984
v -9.785205 117.950195 -3.693355
v -9.334609 118.598122 -3.162200
v -9.427766 119.611732 -3.202533
v -9.597562 120.629417 -3.310943
v -9.859829 121.643456 -3.493354
v -9.851066 120.903343 -3.119571
v -10.002438 121.895607 -3.375777
v -10.216285 122.857994 -3.640963
v -10.482185 123.780205 -3.901695
v -10.789936 124.702141 -4.160605
v -11.096653 125.623497 -4.447453
v -11.418669 126.548157 -4.729119
v -11.743030 127.463707 -5.001155
v -12.053927 128.383209 -5.283999
v -12.353092 129.320053 -5.582291
v -12.633036 130.270859 -5.929130
v -12.881187 131.226807 -6.346926
v -13.084473 132.183685 -6.843665
v -13.215976 133.139221 -7.406015
v -13.282660 134.092270 -8.028100
v -13.272400 135.049423 -8.683934
v -13.172978 136.026001 -9.333366
v -13.001953 137.023636 -9.941861
v -12.816791 138.069641 -10.472043
v -12.643837 139.182358 -10.895340
v -12.521203 140.365341 -11.178678
v -12.403790 141.587860 -11.340531
v -12.257268 142.822968 -11.396471
v -12.084219 144.061066 -11.368112
v -11.891646 145.293655 -11.242488
v -11.686087 146.502258 -10.990111
v -11.482024 147.667648 -10.610562
v -11.274305 148.786514 -10.104773
v -11.048470 149.813354 -9.448487
v -10.779749 150.666229 -8.594336
v -10.497265 151.331757 -7.564774
v -10.204551 151.771347 -6.391147
v -9.889934 151.777328 -5.077698
v -14.160895 85.902756 -14.504170
v -14.018524 86.939911 -14.401924
v -13.878913 87.976906 -14.295233
v -13.740224 89.014145 -14.187535
v -13.607434 90.050079 -14.056687
v -13.481669 91.081871 -13.887692
v -13.359636 92.110176 -13.693521
v -13.239499 93.135223 -13.477376
v -13.118291 94.152817 -13.223793
v -12.992482 95.160126 -12.927872
v -12.850123 96.147301 -12.570924
v -12.670836 97.093437 -12.127734
v -12.429820 97.971672 -11.589143
v -12.122340 98.779068 -10.985359
v -11.664889 99.425743 -10.295097
v -11.243786 100.099922 -9.612121
v -11.168590 101.047203 -9.170990
v -11.116847 102.013000 -8.769285
v -11.043491 102.966301 -8.345884
v -10.961023 103.907181 -7.908526
v -10.884481 104.839943 -7.454414
v -10.811293 105.770195 -6.991525
v -10.737609 106.698853 -6.523329
v -10.677958 107.641052 -6.084694
v -10.618474 108.580162 -5.640148
v -10.562792 109.529480 -5.223046
v -10.496196 110.476807 -4.812257
v -10.403577 111.412552 -4.385730
v -10.362578 112.392937 -4.084601
v -10.182560 113.264000 -3.566604
v -10.116285 114.232666 -3.219086
v -10.082572 115.216957 -2.916152
v -10.099749 116.212700 -2.670478
v -10.176484 117.210754 -2.503321
v -10.119330 116.199883 -2.608763
v -10.087920 117.200798 -2.447060
v -10.568439 117.959770 -2.789439
v -10.101120 118.664238 -2.343969
v -10.182006 119.662735 -2.347547
v -10.344540 120.668045 -2.418148
v -10.712893 121.628075 -2.622031
v -10.638457 121.241295 -2.200957
v -10.767595 122.192276 -2.477434
v -10.979732 123.126160 -2.716992
v -11.240401 124.045715 -2.951076
v -11.527735 124.978027 -3.195868
v -11.809749 125.917374 -3.472917
v -12.098561 126.842300 -3.742048
v -12.393859 127.777115 -4.019058
v -12.680986 128.701294 -4.301175
v -12.957305 129.636230 -4.618494
v -13.221648 130.582260 -4.990944
v -13.469894 131.525604 -5.437472
v -13.693565 132.461716 -5.964385
v -13.866445 133.398056 -6.566345
v -13.989098 134.320480 -7.223294
v -14.044982 135.257019 -7.927840
v -14.017609 136.214966 -8.634458
v -13.898795 137.206039 -9.303819
v -13.723987 138.243500 -9.898408
v -13.551360 139.351837 -10.390973
v -13.455846 140.532333 -10.749146
v -13.353396 141.747192 -10.969904
v -13.218851 142.979980 -11.077527
v -13.054639 144.216721 -11.087666
v -12.868477 145.452927 -10.991000
v -12.671874 146.666611 -10.763302
v -12.470780 147.842209 -10.401580
v -12.262949 148.953018 -9.870700
v -12.022902 149.974274 -9.187345
v -11.742743 150.793839 -8.283057
v -11.449130 151.343826 -7.196210
v -11.131401 151.632294 -6.009289
v -10.794355 151.563461 -4.756425
v -15.717574 81.923119 -15.243382
v -15.562065 82.960594 -15.168153
v -15.414670 83.997833 -15.076141
v -15.274324 85.034615 -14.968158
v -15.140012 86.070381 -14.843328
v -15.011126 87.104546 -14.701012
v -14.886493 88.136917 -14.541650
v -14.765350 89.165367 -14.353929
v -14.645400 90.187035 -14.129659
v -14.524239 91.201202 -13.872861
v -14.398577 92.205910 -13.581668
v -14.261762 93.196678 -13.249273
v -14.107181 94.169342 -12.873897
v -13.929744 95.121010 -12.458356
v -13.729262 96.050293 -12.007422
v -13.485118 96.929466 -11.486677
v -13.200274 97.756996 -10.907170
v -12.756757 98.422081 -10.227915
v -12.239023 99.001892 -9.523563
v -12.050821 99.877159 -8.979808
v -12.036965 100.858253 -8.612514
v -11.964116 101.811089 -8.181785
v -11.904168 102.770523 -7.768128
v -11.836315 103.719910 -7.340807
v -11.764760 104.659157 -6.894191
v -11.695251 105.596352 -6.440440
v -11.627244 106.534157 -5.984141
v -11.562649 107.476074 -5.536479
v -11.511725 108.426979 -5.105696
v -11.464167 109.384804 -4.693218
v -11.390616 110.331902 -4.267353
v -11.281305 111.264000 -3.821659
v -11.166214 112.204887 -3.411429
v -11.009860 113.113480 -2.938302
v -10.909884 114.070900 -2.545391
v -10.836164 115.045654 -2.186515
v -10.866957 116.049683 -1.912072
v -10.989305 117.058731 -1.720697
v -10.834575 116.086632 -1.774392
v -10.755858 117.101128 -1.591142
v -11.199974 117.954124 -1.789925
v -10.743124 118.708755 -1.418622
v -10.816987 119.677635 -1.390277
v -10.971228 120.623833 -1.428196
v -11.275886 121.376152 -1.527070
v -11.602421 121.712891 -1.513474
v -11.429654 122.555557 -1.521009
v -11.641297 123.443481 -1.724533
v -11.888226 124.357666 -1.944335
v -12.147708 125.295952 -2.173495
v -12.399747 126.253738 -2.435441
v -12.650021 127.189880 -2.695759
v -12.904477 128.120422 -2.958356
v -13.159243 129.063400 -3.251293
v -13.406293 130.000961 -3.582142
v -13.654860 130.944931 -3.977000
v -13.907460 131.876083 -4.448967
v -14.143931 132.802383 -4.999918
v -14.355283 133.713196 -5.624230
v -14.531207 134.617905 -6.314599
v -14.655609 135.531235 -7.056147
v -14.707283 136.464676 -7.807827
v -14.669021 137.431396 -8.550919
v -14.543422 138.436722 -9.247840
v -14.402099 139.520157 -9.850717
v -14.359881 140.686768 -10.286852
v -14.298451 141.888077 -10.593548
v -14.183805 143.118881 -10.766953
v -14.029345 144.359436 -10.820413
v -13.848465 145.601059 -10.744792
v -13.656296 146.830566 -10.550780
v -13.460541 148.017136 -10.192928
v -13.244695 149.132401 -9.648849
v -12.994939 150.139069 -8.923694
v -12.707867 150.935638 -7.981500
v -12.411697 151.412155 -6.856061
v -12.094105 151.608170 -5.662944
v -17.419582 76.913589 -16.121618
v -17.260126 77.950363 -16.044035
v -17.107046 78.986916 -15.955079
v -16.958145 80.023354 -15.859271
v -16.813927 81.059479 -15.753821
v -16.673069 82.095428 -15.642402
v -16.539665 83.129967 -15.510862
v -16.411512 84.162666 -15.360827
v -16.288206 85.192734 -15.189194
v -16.168385 86.218864 -14.992391
v -16.049925 87.239571 -14.767133
v -15.929146 88.252098 -14.507278
v -15.801058 89.253235 -14.208456
v -15.661339 90.240959 -13.871750
v -15.503923 91.212189 -13.496556
v -15.320429 92.162643 -13.081861
v -15.101813 93.087975 -12.629497
v -14.839142 93.984299 -12.144544
v -14.519053 94.846039 -11.634056
v -14.005485 95.592834 -11.104328
v -14.029869 96.548492 -10.674513
v -13.880022 97.452301 -10.164735
v -13.360376 98.031700 -9.462108
v -12.916469 98.694176 -8.781508
v -12.889644 99.665733 -8.386756
v -12.842261 100.630951 -7.978034
v -12.765185 101.581848 -7.541953
v -12.708545 102.542198 -7.127067
v -12.654532 103.498772 -6.708429
v -12.587512 104.443420 -6.266491
v -12.518574 105.385109 -5.815952
v -12.455173 106.330322 -5.367207
v -12.393360 107.278191 -4.921485
v -12.336665 108.231102 -4.483337
v -12.288890 109.192520 -4.063595
v -12.207200 110.140953 -3.623655
v -12.078167 111.070427 -3.157991
v -11.916197 111.990944 -2.693894
v -11.750603 112.910034 -2.223353
v -11.607939 113.853958 -1.790019
v -11.490212 114.817276 -1.387247
v -11.553204 115.828690 -1.099753
v -11.790222 116.843155 -0.927582
v -11.411953 116.004677 -0.843918
v -11.284842 117.043236 -0.651566
v -11.689127 117.948891 -0.727824
v -11.263277 118.755638 -0.413678
v -11.343891 119.714966 -0.358786
v -11.490859 120.634911 -0.349742
v -11.689347 121.505714 -0.329101
v -12.258457 122.031410 -0.525389
v -11.987303 122.862602 -0.490632
v -12.202721 123.762512 -0.682220
v -12.438987 124.688164 -0.888403
v -12.674698 125.638916 -1.104496
v -12.895960 126.606766 -1.351597
v -13.104418 127.549828 -1.597554
v -13.306540 128.494370 -1.857455
v -13.506366 129.438034 -2.146814
v -13.719083 130.382080 -2.492800
v -13.946932 131.325333 -2.909072
v -14.181180 132.256668 -3.399178
v -14.418198 133.177734 -3.965280
v -14.651382 134.085205 -4.605271
v -14.878955 134.980072 -5.322960
v -15.060565 135.876968 -6.085050
v -15.165519 136.795853 -6.883090
v -15.197635 137.740784 -7.664354
v -15.172205 138.690689 -8.454613
v -15.153277 139.701401 -9.251146
v -15.263263 140.797668 -9.834200
v -15.260254 141.983841 -10.264112
v -15.153682 143.227432 -10.475389
v -15.003807 144.484070 -10.553212
v -14.827578 145.737595 -10.499197
v -14.641634 146.977783 -10.330513
v -14.446106 148.169052 -9.965497
v -14.225131 149.288010 -9.411919
v -13.968970 150.267288 -8.655051
v -13.686322 151.032394 -7.684599
v -13.384682 151.470749 -6.550322
v -13.061853 151.668808 -5.342999
v -19.132010 71.911697 -17.024921
v -18.970285 72.947769 -16.941425
v -18.814878 73.983452 -16.846304
v -18.661282 75.019028 -16.750029
v -18.506514 76.054832 -16.659132
v -18.355841 77.090645 -16.561840
v -18.212507 78.125870 -16.449146
v -18.074654 79.160225 -16.323460
v -17.941896 80.193405 -16.183767
v -17.814222 81.224663 -16.026079
v -17.691187 82.252586 -15.844491
v -17.571331 83.276299 -15.638164
v -17.452171 84.293915 -15.402558
v -17.330652 85.303596 -15.135298
v -17.202551 86.302933 -14.833473
v -17.062363 87.289001 -14.494614
v -16.903978 88.258842 -14.118207
v -16.721756 89.210121 -13.706286
v -16.509260 90.140144 -13.261353
v -16.259171 91.045845 -12.786847
v -15.965308 91.924911 -12.288465
v -15.624382 92.776672 -11.773890
v -15.234690 93.600861 -11.250667
v -14.779918 94.388260 -10.725956
v -14.328880 95.174126 -10.197467
v -14.481279 96.139519 -9.819995
v -14.515128 97.100273 -9.403749
v -13.991406 97.676170 -8.701704
v -13.632484 98.425949 -8.061757
v -13.645118 99.412720 -7.703847
v -13.600710 100.379311 -7.296649
v -13.527507 101.332520 -6.863801
v -13.462746 102.288666 -6.438304
v -13.413039 103.247208 -6.018926
v -13.349334 104.195435 -5.579118
v -13.274269 105.137955 -5.124994
v -13.209659 106.086670 -4.676681
v -13.150107 107.039818 -4.232091
v -13.085700 107.993813 -3.785385
v -13.026006 108.953384 -3.348578
v -12.933077 109.901932 -2.894156
v -12.783888 110.828789 -2.411684
v -12.594539 111.742607 -1.923317
v -12.387645 112.650818 -1.430645
v -12.200901 113.579041 -0.967445
v -12.042182 114.527687 -0.535845
v -12.111317 115.533989 -0.222391
v -12.508764 116.506287 -0.084226
v -11.799593 116.035255 0.158032
v -11.674094 117.040543 0.358653
v -12.052108 117.951088 0.374262
v -11.683467 118.799309 0.643350
v -11.787271 119.754898 0.718946
v -11.939780 120.678581 0.748915
v -12.124595 121.581291 0.757952
v -12.618251 122.301590 0.605253
v -12.458333 123.187172 0.573469
v -12.657587 124.094810 0.404659
v -12.872568 125.033241 0.212453
v -13.091323 126.000633 0.001936
v -13.288112 126.977272 -0.231508
v -13.459038 127.928307 -0.466694
v -13.617721 128.877777 -0.720088
v -13.776263 129.822113 -1.012626
v -13.941791 130.771591 -1.372598
v -14.119293 131.714279 -1.800676
v -14.318433 132.651108 -2.308232
v -14.534357 133.578629 -2.889516
v -14.764635 134.492081 -3.542530
v -15.012115 135.386536 -4.272949
v -15.229192 136.280014 -5.063488
v -15.377548 137.196671 -5.885126
v -15.434662 138.149826 -6.707274
v -15.462153 139.095627 -7.544724
v -14.024251 151.688263 -5.008071
v -20.063658 72.093987 -17.472609
v -19.909937 73.128609 -17.373396
v -19.760939 74.162971 -17.264629
v -19.616316 75.197044 -17.147915
v -19.478533 76.230026 -17.014910
v -19.346937 77.261185 -16.863201
v -19.220169 78.290184 -16.693598
v -19.097212 79.316032 -16.502993
v -18.976633 80.337296 -16.287415
v -18.856146 81.352089 -16.042698
v -18.732731 82.358620 -15.766786
v -18.602552 83.354851 -15.458020
v -18.460733 84.338341 -15.114777
v -18.301851 85.306633 -14.736917
v -18.120096 86.257332 -14.325597
v -17.910023 87.188477 -13.883664
v -17.666939 88.098557 -13.415289
v -17.386374 88.986168 -12.925238
v -17.064571 89.850243 -12.419016
v -16.700762 90.691093 -11.903010
v -16.299173 91.511322 -11.383133
v -15.869028 92.315582 -10.862946
v -15.427225 93.111443 -10.341750
v -14.952774 93.886620 -9.820535
v -14.707328 94.765526 -9.306049
v -14.841390 95.732529 -8.922183
v -15.112769 96.703911 -8.634592
v -14.658809 97.361351 -7.955392
v -14.353591 98.159729 -7.346682
v -14.380814 99.151123 -7.002242
v -14.335040 100.116837 -6.593315
v -14.253304 101.066040 -6.153193
v -14.162683 102.010078 -5.705130
v -14.107094 102.965698 -5.277402
v -14.044209 103.915855 -4.837285
v -13.960799 104.858009 -4.378455
v -13.882457 105.804314 -3.921096
v -13.815091 106.757622 -3.470111
v -13.742200 107.711914 -3.015815
v -13.667678 108.668663 -2.563421
v -13.556781 109.614113 -2.092821
v -13.388153 110.538979 -1.597362
v -13.163472 111.442810 -1.088025
v -12.913506 112.338539 -0.577127
v -12.673607 113.247192 -0.088285
v -12.459791 114.175270 0.368277
v -12.523475 115.171059 0.705700
v -12.955928 116.097710 0.902081
v -12.058406 116.030495 1.200568
v -11.947879 117.024368 1.407170
v -12.272676 117.948952 1.504898
v -12.014961 118.856483 1.736418
v -12.138786 119.810661 1.833826
v -12.290504 120.759155 1.874266
v -12.464931 121.698669 1.872487
v -12.795535 122.559685 1.770876
v -12.806760 123.483376 1.689572
v -12.995496 124.420204 1.530618
v -13.196994 125.381950 1.345077
v -13.390616 126.370171 1.134244
v -13.562180 127.353355 0.924638
v -13.708072 128.307800 0.701598
v -13.840166 129.265381 0.447879
v -13.965487 130.210861 0.147754
v -14.090668 131.158295 -0.222824
v -14.257471 132.100677 -0.674096
v -14.439803 133.039337 -1.201817
v -14.633273 133.972427 -1.798212
v -14.835993 134.894394 -2.460657
v -15.037681 135.797440 -3.206091
v -15.212283 136.700302 -4.024336
v -15.373161 137.624786 -4.880432
v -21.029877 72.272957 -17.841936
v -20.888838 73.305084 -17.709805
v -20.754875 74.335266 -17.555733
v -20.628977 75.361313 -17.371017
v -20.506222 76.383636 -17.165129
v -20.384809 77.401482 -16.937103
v -20.262774 78.413284 -16.683302
v -20.137115 79.416832 -16.399624
v -20.003952 80.409790 -16.083509
v -19.858969 81.390068 -15.734325
v -19.697371 82.355614 -15.352529
v -19.513996 83.304420 -14.939512
v -19.303911 84.234818 -14.497978
v -19.062719 85.145538 -14.031775
v -18.787029 86.035927 -13.545668
v -18.474360 86.905685 -13.044805
v -18.123022 87.754723 -12.534418
v -17.733046 88.583649 -12.019693
v -17.308752 89.394928 -11.505051
v -16.860477 90.193459 -10.992387
v -16.403830 90.986137 -10.479913
v -15.952425 91.778564 -9.964482
v -15.546697 92.588036 -9.439348
v -15.182569 93.416107 -8.910603
v -15.180987 94.362701 -8.458310
v -15.419700 95.335312 -8.141525
v -15.698949 96.306351 -7.857712
v -15.412554 97.123260 -7.265581
v -15.080673 97.895180 -6.637262
v -15.110489 98.886986 -6.294967
v -15.045427 99.844078 -5.869643
v -14.929970 100.777306 -5.404064
v -14.804779 101.705620 -4.931601
v -14.735175 102.655457 -4.491535
v -14.661038 103.602676 -4.043556
v -14.575437 104.546318 -3.584539
v -14.480570 105.489159 -3.118300
v -14.395930 106.438759 -2.656876
v -14.306701 107.389748 -2.192109
v -14.212906 108.342094 -1.725688
v -14.076499 109.281288 -1.238977
v -13.882944 110.200676 -0.730729
v -13.621463 111.094582 -0.206364
v -13.330642 111.979324 0.317737
v -13.042531 112.871681 0.824879
v -12.776031 113.779381 1.301132
v -12.823069 114.765480 1.658740
v -13.163498 115.702385 1.943882
v -12.233811 115.964897 2.249936
v -12.137259 116.962685 2.468632
v -12.352227 117.930069 2.640420
v -12.243361 118.903870 2.855222
v -12.379395 119.895340 2.974439
v -12.539812 120.885231 3.020377
v -12.706729 121.860794 3.012726
v -12.896192 122.813171 2.936327
v -13.036944 123.770958 2.834628
v -13.214126 124.742607 2.680459
v -13.394292 125.737846 2.488709
v -13.557938 126.732994 2.303350
v -13.700606 127.718338 2.116020
v -13.824409 128.679382 1.907357
v -13.951128 129.637314 1.653300
v -14.093483 130.587769 1.336156
v -14.231682 131.536407 0.942336
v -14.386634 132.480209 0.467443
v -14.545596 133.421844 -0.081330
v -14.707316 134.361313 -0.692133
v -14.868865 135.293503 -1.360069
v -15.026598 136.200211 -2.126116
v -15.168338 137.110107 -2.986309
v -22.045309 72.437416 -18.051586
v -21.917368 73.460365 -17.852959
v -21.795271 74.470718 -17.594803
v -21.671499 75.477509 -17.325109
v -21.543453 76.477394 -17.031691
v -21.407503 77.467300 -16.708733
v -21.259228 78.444618 -16.353998
v -21.093935 79.407158 -15.967518
v -20.907139 80.353233 -15.551204
v -20.694639 81.281616 -15.108081
v -20.452557 82.191360 -14.641896
v -20.177788 83.081917 -14.157102
v -19.868223 83.953285 -13.658566
v -19.522825 84.805870 -13.151269
v -19.141329 85.640312 -12.639922
v -18.724310 86.457436 -12.128801
v -18.274803 87.258934 -11.621366
v -17.801359 88.048790 -11.118677
v -17.318975 88.833435 -10.617758
v -16.846655 89.620476 -10.112477
v -16.404484 90.417625 -9.596957
v -16.005634 91.230255 -9.070464
v -15.689980 92.074181 -8.535273
v -15.598685 92.996170 -8.042266
v -15.749465 93.966148 -7.668421
v -16.005941 94.939125 -7.366172
v -16.241699 95.911736 -7.048706
v -16.086386 96.808128 -6.525749
v -15.816500 97.632881 -5.936596
v -15.829219 98.618431 -5.577888
v -15.688173 99.540123 -5.096930
v -15.532964 100.455193 -4.607304
v -15.389101 101.375763 -4.124018
v -15.297122 102.317619 -3.669062
v -15.213663 103.262749 -3.215612
v -15.115371 104.203880 -2.751045
v -15.012476 105.146034 -2.281859
v -14.898608 106.087517 -1.806676
v -14.792617 107.034363 -1.333592
v -14.665317 107.977028 -0.851133
v -14.505313 108.910210 -0.353331
v -14.277860 109.820061 0.166879
v -13.989374 110.707947 0.699566
v -13.657811 111.582581 1.233811
v -13.322929 112.462090 1.756765
v -13.021271 113.359093 2.253048
v -13.027783 114.346863 2.626406
v -13.230582 115.315178 2.975573
v -12.398847 115.854225 3.295976
v -12.237473 116.868973 3.534891
v -12.339580 117.883118 3.760895
v -12.368388 118.917358 3.984722
v -12.972205 123.067421 4.094968
v -13.134494 124.067642 3.989366
v -13.298650 125.078392 3.832934
v -13.448483 126.090347 3.654593
v -13.575089 127.095634 3.489200
v -13.703028 128.080658 3.325261
v -13.884122 129.044342 3.126079
v -14.057960 130.002838 2.870014
v -14.221969 130.957413 2.537963
v -14.368300 131.908859 2.121871
v -14.507378 132.855560 1.622314
v -14.633606 133.800644 1.051232
v -14.752535 134.745407 0.427185
v -14.865142 135.687851 -0.237517
v -14.978624 136.597580 -1.035898
v -23.087545 72.556534 -18.001574
v -22.945080 73.535637 -17.652836
v -22.810163 74.524559 -17.330387
v -22.660299 75.500168 -16.972557
v -22.492489 76.460762 -16.582819
v -22.302723 77.404800 -16.163691
v -22.087046 78.331039 -15.718227
v -21.842463 79.239014 -15.250700
v -21.566656 80.128662 -14.765699
v -21.257908 81.000191 -14.267859
v -20.915207 81.854073 -13.761740
v -20.538485 82.691063 -13.251750
v -20.128475 83.512199 -12.741882
v -19.686428 84.318588 -12.235600
v -19.214399 85.111473 -11.735656
v -18.717751 85.893356 -11.243068
v -18.208696 86.669365 -10.754877
v -17.706383 87.447006 -10.263335
v -17.232687 88.234306 -9.759657
v -16.807531 89.038170 -9.239513
v -16.449144 89.865135 -8.705183
v -16.185209 90.725601 -8.167394
v -16.073034 91.638031 -7.660246
v -16.146339 92.597801 -7.239042
v -16.340897 93.571312 -6.895495
v -16.569078 94.544586 -6.573214
v -16.744490 95.515686 -6.215069
v -16.699713 96.455505 -5.750565
v -16.581305 97.377769 -5.265117
v -16.404541 98.283340 -4.765791
v -16.216875 99.184891 -4.262356
v -16.051733 100.096458 -3.768148
v -15.914601 101.020767 -3.287324
v -15.810221 101.959236 -2.824539
v -15.704628 102.898430 -2.360564
v -15.587436 103.835022 -1.888918
v -15.467498 104.772942 -1.414107
v -15.348704 105.713379 -0.937374
v -15.209116 106.649773 -0.452062
v -15.048018 107.581726 0.041808
v -14.852492 108.503601 0.550215
v -14.598876 109.405228 1.076957
v -14.288600 110.288185 1.614380
v -13.913325 111.151306 2.155517
v -13.541659 112.027283 2.692992
v -13.193125 112.922729 3.223368
v -13.009346 113.943604 3.607934
v -14.614908 133.231461 2.783866
v -14.702336 134.177597 2.194107
v -14.764964 135.123001 1.557545
v -14.816701 136.073410 0.914705
v -23.890905 73.512222 -17.197336
v -23.699482 74.456505 -16.776583
v -23.482220 75.382309 -16.330008
v -23.236254 76.289703 -15.861765
v -22.958838 77.178360 -15.375878
v -22.649595 78.049362 -14.877601
v -22.308323 78.903656 -14.371489
v -21.935097 79.742149 -13.861593
v -21.530424 80.565758 -13.351563
v -21.095459 81.375587 -12.844557
v -20.631952 82.172821 -12.343217
v -20.142012 82.958733 -11.849529
v -19.628637 83.734772 -11.364585
v -19.098982 84.503960 -10.886858
v -18.568449 85.272408 -10.409451
v -18.060255 86.048637 -9.920991
v -17.598883 86.840950 -9.412622
v -17.204304 87.655693 -8.883953
v -16.891985 88.497940 -8.343198
v -16.677917 89.373337 -7.806228
v -16.581490 90.287621 -7.299188
v -16.607944 91.236862 -6.850035
v -16.736679 92.205215 -6.464029
v -16.927908 93.178299 -6.118860
v -17.099997 94.149529 -5.758696
v -17.185251 95.113411 -5.350101
v -17.139538 96.055656 -4.885322
v -17.006514 96.976486 -4.394051
v -16.830965 97.884331 -3.893553
v -16.664661 98.795593 -3.396551
v -16.530327 99.720116 -2.913160
v -16.421242 100.655968 -2.443275
v -16.318787 101.596436 -1.979828
v -16.196659 102.531494 -1.508083
v -16.056921 103.461685 -1.027759
v -15.905250 104.389732 -0.542165
v -15.743648 105.316162 -0.051665
v -15.563318 106.238731 0.444388
v -15.368080 107.158569 0.945400
v -15.137700 108.067093 1.459812
v -14.850909 108.954552 1.990300
v -14.494069 109.817421 2.528703
v -24.631014 73.341141 -16.472385
v -24.354813 74.230507 -15.987964
v -24.047337 75.102516 -15.490497
v -23.705734 75.956291 -14.983770
v -23.334303 76.795189 -14.473266
v -22.933851 77.620377 -13.962333
v -22.505363 78.432884 -13.453811
v -22.050114 79.233696 -12.950074
v -21.569635 80.023766 -12.453013
v -21.066015 80.804222 -11.963973
v -20.541895 81.576309 -11.483630
v -20.000978 82.341667 -11.011554
v -19.451618 83.103661 -10.544104
v -18.911716 83.869164 -10.071588
v -18.408150 84.647758 -9.580822
v -17.968618 85.448196 -9.064601
v -17.612173 86.275894 -8.527887
v -17.347984 87.133484 -7.984602
v -17.180183 88.022354 -7.452697
v -17.108953 88.942070 -6.951357
v -17.121798 89.886673 -6.492511
v -17.197180 90.846260 -6.072886
v -17.329063 91.814636 -5.690009
v -17.485201 92.784782 -5.321181
v -17.573906 93.747978 -4.912860
v -17.570890 94.698204 -4.465794
v -17.493298 95.632866 -3.991911
v -17.366892 96.555183 -3.503153
v -17.239185 97.478752 -3.015884
v -17.131262 98.411156 -2.538698
v -17.042751 99.353226 -2.073982
v -16.955318 100.298431 -1.613262
v -16.846403 101.238396 -1.145328
v -16.706455 102.168938 -0.664872
v -16.542673 103.091911 -0.174462
v -16.346874 104.004555 0.326721
v -16.151060 104.918579 0.828508
v -15.948694 105.833305 1.330700
v -15.695602 106.731102 1.844350
v -25.110470 73.012962 -15.597820
v -24.744501 73.854759 -15.088294
v -24.339956 74.677200 -14.576190
v -23.914412 75.490288 -14.066253
v -23.464956 76.293106 -13.560362
v -22.992895 77.086494 -13.060090
v -22.499784 77.871284 -12.566591
v -21.987173 78.648216 -12.080672
v -21.457094 79.418114 -11.602602
v -20.911924 80.182014 -11.132178
v -20.355759 80.941589 -10.667973
v -19.797449 81.700409 -10.205243
v -19.256491 82.465942 -9.733030
v -18.763563 83.248947 -9.237486
v -18.350306 84.058952 -8.713582
v -18.034742 84.900223 -8.171643
v -17.817797 85.772339 -7.630005
v -17.692270 86.673180 -7.106108
v -17.646700 87.599083 -6.612669
v -17.663342 88.543694 -6.153186
v -17.716534 89.498436 -5.718297
v -17.792822 90.458305 -5.299466
v -17.889359 91.421707 -4.893970
v -17.971855 92.383743 -4.482176
v -17.978672 93.334885 -4.036965
v -17.944799 94.279556 -3.578362
v -17.879694 95.218010 -3.108425
v -17.807232 96.157036 -2.637840
v -17.749010 97.104164 -2.178632
v -17.690046 98.055420 -1.724866
v -17.622847 99.007835 -1.270841
v -17.522968 99.951363 -0.801607
v -17.402719 100.889709 -0.326115
v -17.236523 101.813225 0.167861
v -17.040401 102.726524 0.673123
v -25.336359 72.555069 -14.680047
v -24.869881 73.349457 -14.176612
v -24.406719 74.145592 -13.673115
v -23.919447 74.932289 -13.176785
v -23.415243 75.712456 -12.686924
v -22.896051 76.486847 -12.203606
v -22.363123 77.255890 -11.726864
v -21.818203 78.020180 -11.256298
v -21.264349 78.780846 -10.790583
v -20.704426 79.539032 -10.328279
v -20.146299 80.297943 -9.865100
v -19.609671 81.065300 -9.390396
v -19.129263 81.853340 -8.889922
v -18.742468 82.672935 -8.360116
v -18.467117 83.527252 -7.816074
v -18.295568 84.412758 -7.279301
v -18.209459 85.324234 -6.765207
v -18.189985 86.256462 -6.280948
v -18.215113 87.202843 -5.823715
v -18.263887 88.156677 -5.383241
v -18.319113 89.112938 -4.948953
v -18.370951 90.069054 -4.513944
v -18.411762 91.024246 -4.075012
v -18.434538 91.978630 -3.631800
v -18.431494 92.930550 -3.180883
v -18.418711 93.883438 -2.729863
v -18.406841 94.840164 -2.283545
v -18.399008 95.803123 -1.847169
v -18.378805 96.766922 -1.410200
v -18.329985 97.725815 -0.961848
v -18.228800 98.669113 -0.485593
v -24.822399 72.767937 -13.303640
v -24.305326 73.543327 -12.819075
v -23.780174 74.315598 -12.338490
v -23.246000 75.084457 -11.862641
v -22.702877 75.849831 -11.391592
v -22.152660 76.612282 -10.924387
v -21.598486 77.372917 -10.459239
v -21.045380 78.133636 -9.993205
v -20.497658 78.896301 -9.523956
v -19.971218 79.667351 -9.043855
v -19.503107 80.460197 -8.538980
v -19.139780 81.288383 -8.005237
v -18.901880 82.154541 -7.461464
v -18.774485 83.052376 -6.931904
v -18.727636 83.973831 -6.429262
v -18.735273 84.912422 -5.955269
v -18.775986 85.862282 -5.504142
v -18.827564 86.817154 -5.063236
v -18.878172 87.772949 -4.622846
v -18.919178 88.727577 -4.178140
v -18.954084 89.682472 -3.731527
v -18.982338 90.638313 -3.283549
v -19.005987 91.597626 -2.838838
v -19.026344 92.560745 -2.400114
v -19.059349 93.531792 -1.977702
v -19.076880 94.503342 -1.551472
v -24.620993 72.128662 -12.495250
v -24.085409 72.897324 -12.021148
v -23.548374 73.665253 -11.547437
v -23.005644 74.430878 -11.076800
v -22.458277 75.194427 -10.608568
v -21.911526 75.957710 -10.139567
v -21.370842 76.722786 -9.666689
v -20.843719 77.492668 -9.186227
v -20.337561 78.270683 -8.695787
v -19.883490 79.068565 -8.185701
v -19.537716 79.903442 -7.649720
v -19.333580 80.780106 -7.107687
v -19.250946 81.689613 -6.587706
v -19.248108 82.621521 -6.100237
v -19.285263 83.566963 -5.638525
v -19.342577 84.520691 -5.193979
v -19.408379 85.479057 -4.759064
v -19.469126 86.438354 -4.324145
v -19.492514 87.388390 -3.863445
v -19.527449 88.343773 -3.413753
v -19.604919 89.313042 -2.996360
v -19.666386 90.283195 -2.573095
v -24.342253 71.463539 -11.731896
v -23.797503 72.229301 -11.264055
v -23.265228 72.998314 -10.787516
v -22.730465 73.765999 -10.312121
v -22.198385 74.534050 -9.834649
v -21.677944 75.305717 -9.350253
v -21.176672 76.084114 -8.856078
v -20.703732 76.873047 -8.349981
v -20.271757 77.678062 -7.831251
v -19.936666 78.517326 -7.293825
v -19.759283 79.402740 -6.754516
v -19.726990 80.324364 -6.248245
v -19.778276 81.268272 -5.784204
v -19.852493 82.222198 -5.340887
v -19.924173 83.179855 -4.901569
v -19.989485 84.138214 -4.461507
v -20.089781 85.108276 -4.052149
v -20.149755 86.071800 -3.616186
v -24.018164 70.785271 -10.998467
v -23.475462 71.551910 -10.529411
v -22.961119 72.325554 -10.040972
v -22.454786 73.101036 -9.547670
v -21.962955 73.881134 -9.046658
v -21.496649 74.670166 -8.534242
v -21.062864 75.471436 -8.010900
v -20.671345 76.288902 -7.477865
v -20.344170 77.130981 -6.937967
v -20.173231 78.020554 -6.400433
v -20.209263 78.957146 -5.918165
v -20.324951 79.914513 -5.489870
v -20.442411 80.878120 -5.071784
v -20.542585 81.843475 -4.647408
v -23.144749 70.873283 -9.799901
v -22.676365 71.657822 -9.282387
v -22.227230 72.448814 -8.756904
v -21.806034 73.250267 -8.222165
v -21.416527 74.064720 -7.680274
v -21.070326 74.896507 -7.132557
v -20.779860 75.749115 -6.583662
v -20.574930 76.632248 -6.044072
v -20.692450 77.583832 -5.600840
v -22.873074 70.207100 -9.035440
v -22.478285 71.009727 -8.480536
v -22.118368 71.826149 -7.918785
v -21.776630 72.653839 -7.359062
v -21.471861 73.498184 -6.798785
v -22.769691 69.573166 -8.204780
v -9.289985 151.937241 -6.943017
v -10.926188 94.884239 -12.794070
v 3.890362 96.139191 -12.450499
v 14.528490 70.680428 -21.604273
v 20.377668 73.669411 -6.269627
v 18.519939 94.752312 -3.462124
v 12.538581 114.848686 1.961602
v 12.393402 80.478752 -18.883343
v 12.818442 151.627487 -4.446771
v 3.878572 96.142570 -12.446688
v 7.018588 99.551987 -12.358937
v 4.684130 101.188988 -11.243011
v -3.148498 72.313416 -23.065813
v 5.256608 128.714340 -9.330132
v -5.364328 92.598473 -14.147748
v -9.061777 149.643402 -9.990890
v -6.839333 83.609840 -19.620295
v -10.937245 94.886185 -12.796785
v -9.310079 151.932281 -6.928704
v -9.600500 75.191978 -25.497301
v -15.855926 80.886917 -15.360938
v -11.753200 151.509384 -4.438748
v -18.056170 70.667465 -16.546698
v -16.712408 70.463928 -15.939236
v -15.270949 70.277588 -15.618465
v -13.790886 70.126884 -15.585128
v -12.381426 70.061638 -16.057541
v -11.325425 70.161827 -17.101717
v -10.814642 70.452484 -18.469584
v -10.530437 70.830086 -19.881186
v -10.431922 71.275238 -21.298115
v -10.415520 71.750885 -22.709660
v -10.418778 72.237556 -24.117922
v -10.363366 72.711555 -25.529669
v -8.644461 88.510742 -13.221713
v -8.347812 92.562767 -12.623387
v -9.885122 84.013016 -13.778438
v -12.084928 84.818497 -13.795835
v -7.720724 81.790283 -16.178843
v -6.945799 82.709709 -17.775705
v -9.628694 74.331444 -23.093651
v -7.846601 98.561913 -11.874294
v -6.759584 92.431847 -13.164509
v -13.249741 74.763756 -14.918097
v -10.446896 89.748528 -13.282621
v -15.430338 75.607750 -15.228916
v -12.353079 78.808090 -14.337317
v -16.460470 76.054474 -15.671157
v -14.281862 79.561241 -14.683928
v -8.250779 95.546303 -12.602060
v -7.546297 100.827873 -11.356385
v -16.746046 72.611275 -15.877315
v -6.734284 89.429466 -13.806712
v -7.169987 86.193123 -14.616476
v -9.999049 92.819832 -12.776837
v -12.813776 85.938957 -13.981896
v -12.863898 82.508278 -14.105052
v -7.662971 79.758659 -18.498217
v -6.967348 82.546738 -18.971371
v -6.624701 84.149635 -17.542955
v -9.125640 75.616791 -23.494747
v -10.004107 73.965523 -24.565966
v -11.198612 87.590317 -13.446638
v -11.034867 90.948715 -13.217619
v -14.567499 80.913445 -14.777368
v -15.014829 77.638054 -15.007104
v -15.351918 78.938576 -15.131231
v -9.374557 95.918777 -12.106165
v -7.366474 96.719482 -12.380826
v -7.109380 94.756065 -13.164786
v -17.677692 73.025391 -16.316200
v -5.978865 89.826851 -14.562828
v -6.338098 87.670715 -15.077309
v -6.456761 85.825043 -16.175182
v -13.968187 82.967621 -14.502584
v -7.463182 80.603310 -19.808704
v -8.459363 77.099083 -20.163477
v -12.258369 88.014458 -13.746061
v -15.931045 78.036438 -15.415716
v -17.595755 71.785942 -16.256907
v -8.007386 78.742393 -20.782848
v -8.848869 77.131943 -21.936716
v -15.812062 76.917770 -15.348682
v -16.490849 74.328300 -15.699123
v -17.391905 74.013779 -16.128641
v -7.266251 81.234688 -18.175213
v -11.495259 89.994957 -13.540032
v -11.209605 88.811066 -13.442091
v -9.270640 91.040916 -12.879445
v -15.180313 79.992691 -15.074962
v -9.282244 94.272415 -12.391659
v -6.423206 90.942627 -13.549672
v -6.267683 88.711693 -14.584346
v -13.017116 83.868103 -14.110150
v -13.777023 81.767937 -14.422492
v -12.086425 86.836678 -13.696216
v -16.619474 71.538292 -15.863195
v -16.945494 75.203583 -15.895745
v -9.954898 88.538170 -13.173718
v -10.136556 90.630157 -13.026067
v -10.289920 91.743576 -12.934644
v -8.970157 95.114830 -12.250153
v -7.346363 87.787888 -13.832789
v -12.212817 80.707169 -14.130177
v -13.436493 80.560974 -14.363502
v -12.836955 81.500648 -14.166854
v -12.719229 79.794510 -14.271554
v -10.068949 73.032707 -23.055763
v -11.421449 72.780342 -15.889769
v -14.301543 72.534386 -15.232504
v -15.560035 72.213577 -15.459786
v -15.904819 73.333321 -15.500555
v -14.657478 71.347687 -15.407309
v -15.689064 71.209358 -15.599109
v -6.737343 83.536659 -18.375042
v -7.154665 83.291557 -16.293100
v -9.632216 74.838707 -24.048483
v -10.138282 73.645729 -25.464457
v -10.250888 73.036598 -24.629625
v -7.115650 97.783592 -12.194590
v -7.180313 95.689445 -12.633451
v -7.354878 81.709335 -19.617641
v -9.410480 73.960655 -19.600739
v -7.753410 79.368721 -19.705378
v -7.708810 79.928490 -20.753029
v -8.089790 78.178345 -19.684170
v -9.526852 76.395912 -16.379316
v -8.587541 76.935593 -18.120935
v -8.358039 77.305229 -19.108715
v -8.840216 75.608734 -19.283953
v -8.136885 78.383080 -18.064680
v -7.934037 78.790550 -18.933846
v -9.067264 75.341362 -21.698732
v -7.427381 80.602318 -18.861538
v -7.855007 80.291252 -16.921267
v -7.273308 81.799431 -17.207216
v -8.095699 94.351753 -12.597444
v -7.326868 93.536644 -13.129571
v -6.453482 93.837509 -13.570190
v -8.630419 93.513336 -12.468881
v -7.831872 90.332321 -13.066702
v -6.015125 91.887421 -13.624707
v -13.278758 84.950188 -14.215019
v -9.968731 73.704918 -23.680834
v -10.655263 71.871498 -17.298899
v -11.612224 71.335503 -16.217503
v -6.871663 83.367119 -17.153421
v -9.962276 72.425972 -20.121653
v -8.794325 77.744438 -16.777147
v -9.188565 75.100929 -22.651953
v -9.007164 76.203880 -22.546726
v -8.944842 77.101883 -22.898182
v -9.586036 73.642082 -21.435307
v -7.557262 80.407066 -17.813801
v -7.963647 79.338577 -17.503660
v -6.970469 90.216286 -13.379713
v -7.363518 91.421928 -13.013540
v -10.848263 70.918060 -17.572931
v -12.785075 72.082848 -15.452763
v -13.721555 71.720634 -15.369261
v -12.907761 70.966690 -15.616673
v -11.097617 72.099693 -16.480774
v -10.257773 71.570084 -20.411264
v -10.246565 71.813293 -18.775274
v -8.464786 77.672508 -17.613850
v -8.947963 76.783897 -17.154842
v -9.362382 75.064568 -17.622942
v -10.197829 73.593903 -16.974176
v -10.257828 78.145676 -15.039573
v -9.732809 73.662567 -22.396328
v -10.028295 72.581047 -21.882685
v -9.831408 72.835678 -20.978676
v -8.372672 91.549126 -12.822108
v -9.271880 92.072258 -12.743558
v -13.191619 73.382256 -15.134833
v -11.935730 72.046463 -15.761461
v -10.515151 71.032784 -19.039045
v -9.803236 72.946556 -19.008635
v -9.525347 73.997444 -18.321962
v -9.155334 74.906021 -18.611919
v -8.905490 75.887283 -18.187172
v -9.968391 73.065308 -17.919758
v -9.728533 74.232681 -17.450737
v -10.299907 74.980484 -16.115095
v -9.568258 77.508667 -15.843283
v -11.841438 74.178619 -15.288133
v -12.293197 72.973839 -15.395315
v -10.257216 72.234276 -17.998837
v -12.688837 74.101006 -15.063602
v -11.676709 76.391357 -14.843902
v -10.549013 76.896400 -15.248115
v -10.841082 75.756660 -15.398846
v -11.093320 74.797539 -15.532556
v -12.162330 75.289177 -14.936858
v -7.564424 99.751427 -11.937772
v -6.515713 86.625923 -15.405484
v -6.136809 87.342674 -16.014736
v -6.213395 86.616318 -16.555054
v -6.428390 85.260658 -17.208820
v -6.805543 84.554764 -16.161884
v -8.065802 84.064362 -14.659228
v -6.995103 85.298759 -15.312028
v -7.352629 83.946617 -15.459107
v -8.043930 82.737480 -15.168274
v -7.787085 85.195183 -14.437094
v -8.852271 84.734924 -13.925459
v -10.343431 85.865173 -13.510298
v -9.788063 85.018845 -13.635631
v -10.914326 84.612389 -13.651759
v -11.107329 86.562340 -13.507129
v -9.860343 87.160416 -13.349513
v -8.880054 86.134781 -13.589638
v -11.221825 82.933067 -13.830419
v -11.658435 81.793457 -13.978747
v -11.367813 85.554474 -13.605013
v -7.971591 86.091248 -14.018303
v -11.641129 83.880569 -13.767980
v -9.647682 81.729454 -14.364818
v -10.614025 82.060837 -14.017706
v -9.746958 82.867729 -14.051950
v -10.644080 80.490952 -14.280697
v -11.525659 79.676613 -14.273837
v -8.950521 83.610474 -14.193006
v -8.898909 82.469521 -14.576604
v -8.624326 81.225502 -15.226963
v -10.388636 79.326347 -14.653555
v -11.240943 78.538872 -14.555012
v -9.483970 80.270073 -14.890288
v -11.355189 77.447227 -14.720587
v -8.566680 80.038155 -15.826196
v -8.068646 80.853859 -16.122322
v -9.034908 78.760918 -15.901732
v -9.681804 78.918419 -15.188746
v -7.584477 82.621208 -15.912965
v -8.661683 87.317467 -13.434701
v -8.382718 79.285217 -16.539675
v -7.851799 86.995064 -13.785480
v -8.346198 78.523064 -17.132942
v -8.394299 77.730278 -21.095644
v -8.231901 78.513474 -21.800398
v -8.654434 77.924446 -22.370686
v -9.147355 89.722008 -12.993897
v -10.208610 93.883873 -12.798538
v -7.596735 88.811668 -13.458792
v -8.231698 89.457138 -13.129019
v -6.937268 87.151329 -14.479112
v -14.595919 74.040184 -15.107436
v -14.996549 73.186722 -15.250504
v -14.354874 75.190849 -14.956371
v -14.530751 76.457901 -14.902350
v -13.447772 77.625717 -14.572028
v -12.429095 77.176239 -14.600912
v -13.217432 76.094040 -14.722624
v -13.744494 76.802589 -14.695601
v -9.071385 74.954277 -20.422552
v -8.875557 76.061470 -20.317986
v -8.807379 76.753052 -21.022810
v -9.279699 74.526657 -21.250246
v -9.376003 74.421165 -22.121531
v -9.665525 75.460068 -16.741161
v -9.194633 75.938370 -17.338131
v -10.858718 73.782890 -16.040522
v -15.522138 74.542938 -15.296082
v -14.245752 78.424484 -14.717161
v -13.388181 78.996445 -14.468945
v -8.654193 97.121452 -11.974513
v -8.202075 96.385902 -12.263800
v -8.759284 98.124886 -11.899492
v 13.246800 71.031860 -22.392813
v 11.760035 71.082703 -22.435640
v 10.414687 70.913498 -21.822708
v 9.264821 70.680084 -20.906996
v 8.387240 70.394066 -19.738892
v 7.611190 70.098320 -18.503191
v 6.816648 69.804726 -17.279305
v 5.970657 69.516815 -16.088793
v 4.967251 69.250702 -15.021372
v 3.730510 69.026695 -14.224408
v 2.259707 68.883186 -14.045785
v 0.792315 68.809822 -14.287047
v 6.801311 84.950882 -15.052247
v 8.484928 75.765320 -18.988270
v 6.505729 92.395706 -13.722334
v 7.052428 88.667427 -14.883705
v 7.618455 92.568161 -15.005583
v 8.117267 89.912750 -15.854951
v 10.674733 76.283318 -20.520519
v 12.024298 76.611404 -20.529478
v 6.128795 95.293282 -13.460487
v 8.276939 86.539558 -16.639887
v 7.056472 95.814026 -14.199903
v 9.469309 87.014755 -17.102365
v 5.730022 97.578636 -13.212039
v 5.607886 99.643745 -12.282082
v 1.591059 70.650841 -13.814692
v 5.366981 74.403358 -14.602012
v 5.114655 84.451782 -12.978668
v 8.466399 83.194466 -17.468386
v 5.147869 92.222816 -12.715989
v 5.438046 87.752762 -13.030820
v 8.945441 88.903648 -16.447733
v 8.652719 90.987190 -15.790367
v 9.345168 79.123894 -19.093538
v 11.767303 74.604408 -21.249376
v 4.995170 95.519402 -12.827236
v 6.693460 97.911552 -13.182399
v 4.761110 97.647362 -12.884203
v 0.663964 70.901299 -14.074192
v 2.382371 72.703911 -13.484465
v 3.533876 75.821503 -13.244201
v 3.813370 84.646805 -12.525444
v 6.018330 79.868782 -14.476192
v 4.323045 82.364586 -12.767733
v 9.520823 84.737259 -17.757959
v 9.746282 81.554428 -18.725231
v 4.252161 87.917389 -12.419443
v 5.396373 89.984184 -12.842267
v 10.927096 79.673347 -19.553734
v 12.827947 74.776505 -21.001513
v 6.550960 96.808441 -13.694262
v 5.886206 98.649551 -12.805679
v 5.090431 96.594841 -13.291589
v 0.918344 69.858246 -14.087283
v 1.363298 71.923309 -13.686080
v 1.731304 73.895378 -13.399734
v 2.186146 76.091881 -13.130461
v 3.527565 78.049370 -12.959332
v 3.187357 82.559807 -12.664221
v 3.893396 80.210922 -12.827548
v 10.479079 84.987068 -17.783197
v 10.947170 81.886185 -18.812122
v 4.326122 90.128044 -12.421659
v 12.097246 75.583168 -20.892853
v 4.992887 98.601242 -12.393687
v 2.390845 78.278313 -12.986140
v 2.776455 80.421188 -12.808188
v 9.734723 85.897972 -17.489744
v 7.012867 94.065056 -14.350223
v 7.953617 94.051880 -14.832586
v 7.645958 95.005325 -14.520008
v 7.232675 90.978050 -14.980657
v 5.403392 93.877129 -12.873526
v 4.660142 86.203384 -12.636112
v 3.815288 86.874290 -12.432109
v 5.018342 88.837593 -12.659711
v 4.043983 89.049500 -12.394422
v 3.939895 83.473000 -12.605122
v 3.573294 81.390625 -12.676758
v 10.576587 80.778717 -19.166582
v 9.967809 83.199654 -18.342001
v 5.005829 91.064743 -12.615936
v 3.167412 79.216148 -12.795960
v 2.751945 77.135765 -12.967688
v 8.607621 85.385414 -17.114157
v 6.749609 94.928833 -14.072211
v 6.280211 94.090233 -13.517395
v 5.524628 94.783348 -12.987502
v 4.788887 87.155113 -12.651664
v 3.650226 85.778229 -12.485385
v 6.151948 88.952560 -13.681800
v 11.468002 80.423386 -19.273125
v 9.987955 79.927940 -19.200876
v 10.182923 82.354248 -18.624857
v 9.060937 82.383774 -18.154150
v 5.938110 91.495514 -13.205150
v 8.580617 84.296486 -17.349939
v 9.214832 83.727440 -17.905975
v 7.456090 83.719727 -16.124712
v 7.588098 85.410866 -16.133972
v 10.960374 82.966530 -18.392696
v 8.182996 80.387924 -17.669373
v 8.966475 80.161980 -18.576843
v 6.591176 91.337395 -14.118231
v 8.779955 81.257660 -18.154192
v 6.603102 90.028732 -14.307190
v 7.848239 81.794121 -16.947817
v 7.290655 89.901604 -15.143276
v 6.024427 89.891602 -13.557942
v 12.548654 72.657074 -21.919233
v 12.535849 73.752556 -21.497187
v 8.723582 73.130638 -19.764389
v 5.539208 100.642632 -11.772243
v 2.911591 70.133690 -13.878348
v 5.382408 71.826698 -15.024554
v 9.047740 89.844536 -16.170242
v 9.536304 88.052399 -16.780048
v 8.346326 87.786919 -16.444632
v 7.221984 87.046013 -15.395654
v 7.813699 87.119614 -16.097395
v 10.978899 77.980057 -20.084333
v 12.090096 77.842453 -20.081606
v 11.649470 78.845078 -19.810362
v 5.855473 96.175308 -13.647162
v 1.205751 72.989677 -13.656924
v 3.469505 74.079414 -13.450637
v 1.744502 75.047012 -13.337670
v 2.555114 74.457695 -13.273454
v 8.210460 93.236992 -15.106572
v 4.591791 85.224747 -12.672263
v 6.430267 87.558739 -14.113218
v 7.264758 84.586891 -15.794079
v 12.522339 71.720146 -22.282379
v 11.066418 72.295845 -21.832613
v 11.321682 73.484123 -21.559549
v 9.863188 73.004967 -20.952456
v 8.763133 71.734200 -20.077713
v 7.098089 72.777679 -17.287653
v 2.016115 69.798492 -13.910371
v 2.663322 71.420753 -13.674712
v 4.173239 71.121010 -14.187117
v 3.692659 72.344894 -13.751303
v 3.368191 70.902969 -13.863597
v 5.432242 70.496979 -15.311532
v 7.063827 85.966629 -15.354831
v 6.215269 85.994553 -14.020636
v 5.542060 85.476082 -13.255498
v 5.631184 86.633057 -13.251620
v 6.067520 84.416992 -13.993878
v 11.196044 77.088951 -20.392136
v 2.742459 75.355797 -13.170699
v 6.035562 88.100151 -13.558342
v 6.560482 88.409447 -14.217952
v 6.951895 87.747490 -14.855490
v 11.057231 71.453453 -22.069403
v 10.067985 71.925110 -21.350389
v 9.382930 72.185829 -20.694223
v 7.873104 72.129143 -18.669344
v 4.335633 69.996468 -14.401872
v 3.231899 73.150070 -13.501999
v 4.601398 72.118431 -14.316834
v 5.329594 73.106941 -14.765484
v 4.520001 73.694786 -14.012345
v 6.421842 73.889359 -16.002228
v 4.389118 74.964409 -13.732740
v 6.095957 72.663643 -15.717574
v 5.844962 73.807549 -15.215124
v 5.269990 77.068604 -14.087823
v 6.621658 73.039726 -16.463655
v 4.600468 76.149513 -13.693011
v 3.892039 76.957268 -13.207360
v 5.604759 75.801926 -14.633731
v 6.175447 75.014191 -15.456945
v 7.106825 77.772453 -16.457790
v 7.297165 75.404388 -17.241686
v 6.494725 76.534973 -15.704082
v 6.762928 74.880547 -16.404451
v 6.883536 75.910881 -16.436033
v 7.229286 74.090294 -17.354469
v 7.862391 74.802307 -18.295679
v 7.703126 73.331909 -18.268785
v 8.628433 74.453712 -19.387955
v 8.156164 72.965851 -19.019936
v 4.945785 71.047905 -14.722129
v 6.678816 86.695732 -14.602997
v 6.360432 85.180344 -14.324703
v 6.665208 83.527756 -14.944822
v 5.522683 83.033134 -13.502591
v 8.201175 71.328293 -19.278152
v 7.186199 71.266838 -17.593323
v 6.560450 71.719879 -16.519655
v 6.672323 70.743301 -16.857571
v 6.084297 70.935402 -16.008701
v 5.096671 75.177650 -14.240115
v 5.926163 76.777901 -14.854864
v 5.987000 78.323967 -14.669398
v 8.088018 74.025467 -18.759859
v 9.483230 75.481827 -20.075548
v 9.434141 74.061226 -20.329021
v 10.510448 74.347755 -21.009375
v 11.011009 75.315849 -20.906633
v 7.152054 82.292679 -15.689059
v 4.878538 83.494820 -12.912759
v 5.586758 83.905884 -13.472421
v 5.405502 81.280258 -13.621011
v 4.547319 81.054039 -13.003699
v 5.049767 79.866852 -13.494685
v 4.309507 78.965500 -13.139710
v 5.246315 78.744934 -13.838603
v 4.581414 77.870132 -13.443681
v 7.684824 71.098106 -18.448420
v 7.213421 70.407730 -17.782000
v 7.395686 72.124969 -17.874727
v 6.819219 79.227348 -15.756732
v 6.493154 77.670853 -15.480915
v 9.384021 77.236298 -19.592506
v 7.719395 82.744560 -16.476080
v 6.261009 82.155960 -14.489416
v 5.145998 82.157394 -13.261250
v 5.594375 80.448242 -13.924462
v 6.313557 79.140526 -14.978621
v 7.133168 80.750023 -16.009653
v 9.790629 76.442513 -20.063019
v 6.711029 82.662994 -15.036003
v 6.144182 83.091553 -14.248567
v 7.359205 81.595268 -16.218822
v 7.664520 80.789940 -16.883837
v 7.527193 79.411125 -16.935236
v 8.274028 78.958992 -18.110361
v 6.620300 80.159592 -15.296884
v 6.658542 81.288109 -15.119113
v 7.164223 79.886856 -16.262812
v 7.177686 78.702354 -16.439283
v 8.739776 78.036156 -18.845341
v 8.574860 76.900780 -18.852068
v 7.850987 76.276344 -17.999414
v 7.895230 77.654366 -17.805794
v 7.372933 76.873245 -17.133371
v 7.740025 78.542015 -17.377159
v 8.468687 92.032806 -15.472549
v 6.953533 93.040817 -14.383969
v 5.863391 92.933983 -13.066551
v 4.615078 93.152428 -12.759973
v 10.261141 78.754158 -19.657679
v 9.513587 78.182800 -19.414961
v 7.803925 88.720894 -15.856824
v 4.816030 135.789215 -12.100040
v 2.935774 135.782578 -12.091792
v 1.082385 135.788742 -12.086562
v -0.760049 135.806122 -12.084115
v -2.600477 135.833054 -12.084112
v -4.448972 135.868088 -12.086256
v -6.320768 135.903458 -12.088467
v -7.218820 138.687393 -12.703106
v -5.595496 138.540558 -12.682622
v -3.959737 138.465958 -12.672631
v -2.313564 138.422256 -12.667649
v -0.662982 138.395370 -12.665445
v 0.986974 138.381577 -12.665471
v 2.629719 138.384216 -12.668395
v 4.259326 138.420029 -12.677245
v 5.873487 138.526672 -12.698243
v 5.658370 137.552307 -12.525800
v 5.519542 136.670273 -12.323108
v 5.418685 135.954361 -12.139636
v 6.517963 136.690170 -12.315417
v 3.742444 136.664429 -12.317800
v 1.952180 136.666840 -12.316216
v 0.165596 136.677658 -12.316739
v -1.619248 136.699448 -12.319871
v -3.404258 136.727097 -12.324715
v -5.190133 136.762878 -12.332007
v -6.974779 136.801651 -12.315314
v -7.994301 136.866089 -12.193650
v -6.892822 136.056442 -12.078923
v -7.054159 137.701416 -12.556252
v -5.263982 137.597275 -12.526331
v -3.443459 137.539795 -12.513799
v -1.613628 137.501831 -12.506296
v 0.218492 137.480408 -12.502645
v 2.048047 137.471649 -12.501825
v 3.867653 137.486618 -12.506867
v 6.453300 149.633728 -10.703643
v 4.922569 149.687912 -10.864635
v 3.369133 149.687073 -10.896911
v 1.811668 149.688614 -10.896043
v 0.252990 149.697800 -10.892048
v -1.306811 149.713669 -10.885343
v -2.868154 149.737534 -10.875274
v -4.430625 149.776855 -10.856401
v -5.976902 149.765656 -10.676453
v -7.500557 149.714279 -10.429760
v -8.272743 151.816010 -8.155275
v -6.892492 151.975983 -8.643343
v -5.510883 152.173401 -9.103426
v -4.101959 152.319153 -9.483798
v -2.652604 152.369659 -9.669253
v -1.190598 152.363174 -9.713614
v 0.273466 152.352402 -9.731267
v 1.738234 152.333664 -9.714004
v 3.202715 152.300507 -9.656580
v 4.644500 152.185135 -9.413473
v 6.050693 151.990326 -9.025840
v 7.443548 151.803955 -8.570682
v 7.308133 151.091095 -9.342418
v 7.140701 150.359619 -10.010531
v 6.971202 149.716171 -10.514194
v 7.940801 150.281906 -9.872524
v 5.634867 150.506088 -10.272541
v 4.112744 150.580063 -10.470083
v 2.573545 150.578766 -10.475341
v 1.034362 150.586075 -10.476172
v -0.505168 150.599960 -10.474483
v -2.044999 150.620575 -10.470167
v -3.585348 150.650314 -10.461719
v -5.116583 150.634903 -10.300566
v -6.623127 150.552414 -9.993807
v -8.126985 150.450211 -9.685328
v -8.943469 150.378784 -9.538446
v -8.009023 149.820786 -10.219629
v -8.223660 151.158203 -8.976988
v -6.843519 151.257965 -9.346402
v -5.460727 151.386703 -9.713813
v -4.056595 151.468216 -9.992991
v -2.628504 151.466782 -10.072075
v -1.198037 151.447006 -10.082759
v 0.232853 151.431747 -10.090064
v 1.664087 151.422012 -10.094287
v 3.096004 151.416428 -10.096157
v 4.522642 151.362610 -9.968874
v 5.924611 151.231171 -9.681293
v 1.024156 125.556961 -8.278210
v -0.779985 125.573906 -8.318524
v -2.581560 125.535278 -8.337588
v -4.388422 127.992424 -9.210079
v -2.578982 128.026337 -9.227436
v -0.807331 128.046799 -9.239422
v 0.962133 128.025681 -9.235457
v 2.765714 127.987015 -9.223990
v 2.306779 127.162231 -8.895585
v 1.929714 126.365288 -8.631680
v 1.642258 125.691429 -8.328502
v 2.946836 126.291031 -8.612348
v 0.119710 126.428368 -8.650168
v -1.697361 126.429443 -8.645808
v -3.508334 126.362122 -8.618148
v -4.519496 126.313370 -8.485457
v -3.197673 125.649864 -8.368839
v -3.900087 127.158989 -8.900043
v -2.351017 127.195854 -8.912918
v -0.796194 127.206093 -8.915183
v 0.758358 127.197227 -8.910567
v -4.889965 145.124969 4.947842
v -3.455882 145.275375 5.150884
v -1.981735 145.337082 5.200273
v -0.500525 145.349899 5.176404
v 0.984838 145.374329 5.167108
v 2.471213 145.399414 5.156870
v 3.941205 145.366684 5.009183
v 5.374202 145.242508 4.796343
v 5.664010 147.502502 2.900602
v 4.138872 147.713486 3.411067
v 2.573689 147.848373 3.756147
v 0.973545 147.827194 3.760852
v -0.626539 147.797501 3.769640
v -2.224325 147.777939 3.814769
v -3.796677 147.630768 3.573810
v -5.328063 147.414749 3.111923
v -4.231810 146.347366 4.267590
v -1.398099 146.560638 4.409955
v 3.190927 146.562210 4.353046
v 4.955334 146.481003 3.942178
v -3.006914 146.854019 4.202696
v -3.285764 146.069504 4.658038
v -4.567224 147.029160 3.680774
v -5.419421 146.262085 3.935295
v -1.253945 145.821930 4.863335
v 0.218498 146.447128 4.486794
v -1.415880 147.329391 4.005089
v 1.787337 146.882309 4.257160
v 0.827303 147.057327 4.159850
v 2.288035 146.184540 4.672994
v 3.199161 145.849701 4.815165
v 3.372880 147.304413 3.869471
v 4.921846 147.195404 3.433532
v 4.659254 145.813736 4.526427
v 5.864837 145.891205 4.128519
v -5.534337 145.533981 4.485510
v 1.217487 146.162231 4.671800
v 6.021304 146.698532 3.398134
vn -0.6200 0.2114 0.7556
vn -0.3869 0.2398 0.8904
vn -0.5756 0.2347 0.7834
vn -0.6364 0.2563 0.7276
vn -0.6136 0.2180 0.7589
vn -0.4205 0.2357 0.8761
vn -0.4103 0.2234 0.8841
vn -0.5493 0.2612 0.7938
vn -0.6937 0.2009 0.6917
vn -0.5835 0.2516 0.7721
vn -0.4370 0.2277 0.8702
vn -0.6134 0.2578 0.7466
vn -0.5292 0.2379 0.8145
vn -0.5855 0.2342 0.7761
vn -0.4128 0.2157 0.8849
vn 0.1212 -0.0836 0.9891
vn 0.1179 -0.0844 0.9894
vn 0.0759 -0.0528 0.9957
vn -0.5809 0.2350 0.7793
vn -0.5769 0.2520 0.7769
vn -0.4622 0.2248 0.8578
vn -0.5624 0.2373 0.7921
vn -0.4372 0.2174 0.8727
vn -0.6062 0.2507 0.7548
vn -0.4614 0.2116 0.8616
vn -0.5900 0.2368 0.7719
vn -0.6146 0.2747 0.7395
vn -0.6278 0.2452 0.7388
vn -0.6443 0.2507 0.7225
vn -0.5093 0.2281 0.8298
vn -0.6094 0.2547 0.7508
vn -0.6404 0.2523 0.7254
vn -0.4837 0.2183 0.8476
vn -0.6271 0.2513 0.7373
vn -0.5186 0.2255 0.8247
vn -0.6385 0.2712 0.7203
vn 0.4244 -0.1149 0.8982
vn 0.3835 -0.1117 0.9168
vn 0.4356 -0.1238 0.8916
vn 0.3990 -0.1078 0.9106
vn -0.5656 0.2453 0.7873
vn -0.6643 0.2731 0.6958
vn -0.6486 0.2706 0.7114
vn -0.5431 0.2352 0.8061
vn -0.6594 0.2508 0.7087
vn -0.6578 0.2630 0.7058
vn -0.5707 0.2368 0.7863
vn -0.6635 0.2672 0.6989
vn -0.6609 0.2575 0.7049
vn -0.6697 0.2538 0.6979
vn -0.6692 0.2749 0.6904
vn -0.5931 0.2445 0.7671
vn -0.6106 0.2543 0.7500
vn -0.6812 0.2806 0.6762
vn -0.6923 0.2753 0.6670
vn -0.6849 0.2706 0.6765
vn -0.6241 0.2513 0.7398
vn -0.6999 0.2912 0.6522
vn -0.6583 0.2654 0.7044
vn -0.7153 0.2681 0.6454
vn -0.7312 0.2861 0.6192
vn -0.6403 0.2597 0.7229
vn -0.6950 0.2797 0.6624
vn -0.7256 0.2614 0.6366
vn -0.7273 0.2696 0.6312
vn -0.7222 0.2554 0.6428
vn -0.6636 0.2484 0.7057
vn -0.6750 0.2522 0.6933
vn -0.7589 0.2990 0.5785
vn -0.7372 0.2772 0.6162
vn -0.6964 0.2593 0.6692
vn -0.7657 0.2908 0.5737
vn -0.7813 0.2784 0.5586
vn -0.7587 0.2708 0.5925
vn -0.7738 0.2695 0.5732
vn -0.6976 0.2549 0.6696
vn -0.7094 0.2568 0.6563
vn -0.8095 0.2628 0.5250
vn -0.7944 0.3032 0.5263
vn 0.4521 -0.1222 0.8836
vn 0.4342 -0.1167 0.8932
vn 0.4613 -0.1156 0.8797
vn 0.4666 -0.1222 0.8760
vn 0.4698 -0.1231 0.8741
vn 0.4516 -0.1246 0.8835
vn 0.4800 -0.1305 0.8675
vn 0.4792 -0.1242 0.8689
vn 0.4612 -0.1355 0.8769
vn 0.4437 -0.1262 0.8872
vn 0.4692 -0.1249 0.8742
vn 0.4710 -0.1402 0.8709
vn -0.9845 -0.1713 0.0366
vn -0.9808 -0.1849 0.0613
vn -0.9821 -0.1766 0.0658
vn -0.9859 -0.1640 0.0331
vn 0.4278 -0.1351 0.8937
vn 0.4109 -0.1495 0.8993
vn 0.4178 -0.1409 0.8976
vn 0.3497 -0.1542 0.9241
vn 0.3514 -0.1381 0.9260
vn 0.3346 -0.1452 0.9311
vn -0.8952 -0.1452 0.4213
vn -0.9274 -0.1328 0.3496
vn -0.9052 -0.1591 0.3941
vn 0.2918 -0.1561 0.9437
vn -0.9387 -0.1410 0.3144
vn 0.2211 -0.1936 0.9558
vn 0.1175 -0.2022 0.9723
vn 0.1740 -0.2232 0.9591
vn -0.0390 -0.2379 0.9705
vn -0.7215 0.2527 0.6447
vn -0.8134 0.2959 0.5008
vn -0.8087 0.2651 0.5252
vn -0.7374 0.2668 0.6205
vn -0.8258 0.3081 0.4724
vn -0.8232 0.2944 0.4855
vn -0.8308 0.3171 0.4574
vn -0.7578 0.2838 0.5875
vn -0.8388 0.3306 0.4325
vn -0.8397 0.3726 0.3950
vn -0.7898 0.3117 0.5282
vn -0.8346 0.3737 0.4047
vn -0.8321 0.3484 0.4316
vn -0.8946 0.3432 0.2861
vn -0.8838 0.3823 0.2696
vn -0.8142 0.3422 0.4690
vn -0.8698 0.3668 0.3301
vn -0.8568 0.4068 0.3168
vn -0.8585 0.3459 0.3786
vn -0.9072 0.3715 0.1974
vn -0.9144 0.3720 0.1598
vn -0.8700 0.3517 0.3456
vn -0.9163 0.3647 0.1657
vn -0.9160 0.3761 0.1394
vn -0.9047 0.3604 0.2272
vn -0.9063 0.3989 0.1395
vn -0.8507 0.3384 0.4022
vn -0.8769 0.3634 0.3145
vn -0.8851 0.3237 0.3345
vn -0.9018 0.3448 0.2606
vn -0.9247 0.2119 0.3164
vn -0.9648 0.1371 0.2243
vn -0.9591 0.1353 0.2488
vn -0.9443 0.1234 0.3051
vn -0.6126 0.7898 -0.0314
vn -0.9068 0.3825 0.1773
vn -0.9386 -0.1352 0.3175
vn -0.9271 0.0332 0.3733
vn -0.9901 -0.1147 0.0811
vn -0.9829 -0.0772 0.1671
vn -0.9900 -0.1152 0.0818
vn -0.9843 -0.1412 0.1061
vn -0.9893 -0.1330 -0.0604
vn -0.9843 -0.1392 0.1084
vn -0.9839 -0.1334 0.1193
vn -0.9883 -0.1494 -0.0311
vn -0.9902 -0.1389 -0.0122
vn -0.9833 -0.1298 0.1278
vn -0.9818 -0.1343 0.1343
vn -0.9901 -0.1322 0.0468
vn -0.9798 -0.1215 0.1586
vn -0.9871 -0.1435 0.0704
vn -0.9923 -0.1222 0.0209
vn -0.9842 -0.1093 0.1396
vn -0.9762 -0.2158 -0.0204
vn -0.9813 -0.1924 -0.0111
vn -0.9705 -0.2401 0.0235
vn -0.9793 -0.1970 -0.0463
vn -0.9810 -0.1891 -0.0431
vn -0.9743 -0.2245 -0.0205
vn -0.9921 -0.1121 -0.0560
vn -0.9863 -0.1555 -0.0549
vn -0.9870 -0.1475 -0.0639
vn -0.9831 -0.1731 -0.0591
vn -0.9824 -0.1773 -0.0579
vn -0.9796 -0.1945 -0.0501
vn -0.9924 -0.1160 -0.0402
vn -0.9960 -0.0728 -0.0520
vn -0.9979 -0.0592 -0.0266
vn -0.9721 -0.1112 0.2065
vn -0.9867 -0.0887 0.1365
vn -0.9772 -0.0907 0.1921
vn -0.9874 -0.1198 0.1034
vn -0.9819 -0.1362 0.1318
vn -0.9613 -0.2167 0.1701
vn -0.9810 -0.1474 0.1259
vn -0.9757 -0.1992 0.0916
vn -0.9989 -0.0067 0.0457
vn -0.9993 -0.0266 0.0262
vn -0.9996 0.0039 0.0276
vn -0.9799 0.0100 0.1991
vn -0.9912 -0.0824 0.1032
vn -0.9833 0.0836 0.1614
vn -0.7170 0.3147 0.6219
vn -0.7546 -0.0219 0.6558
vn -0.7511 0.1509 0.6427
vn -0.6373 0.4062 0.6548
vn -0.6282 0.3970 0.6691
vn -0.6442 0.3841 0.6614
vn 0.1384 0.9099 0.3911
vn 0.1524 0.8459 0.5111
vn 0.0938 0.8329 0.5455
vn 0.0304 0.9697 0.2423
vn 0.0251 0.9431 0.3316
vn 0.0879 0.9238 0.3727
vn -0.4652 0.4600 0.7563
vn -0.5094 0.4179 0.7523
vn -0.4693 0.4973 0.7297
vn -0.4188 0.4299 0.7999
vn -0.3973 0.5076 0.7646
vn -0.3618 0.4790 0.7998
vn -0.3050 0.4515 0.8385
vn -0.3045 0.5294 0.7918
vn -0.2366 0.5092 0.8275
vn -0.0137 0.6462 0.7630
vn 0.0750 0.6558 0.7512
vn 0.0606 0.6050 0.7939
vn -0.0977 0.5520 0.8281
vn -0.1755 0.4862 0.8560
vn -0.2020 0.5622 0.8019
vn 0.0185 0.6073 0.7943
vn -0.0344 0.5480 0.8358
vn -0.0974 0.6056 0.7898
vn -0.1151 0.9406 0.3193
vn -0.0538 0.9580 0.2818
vn -0.0188 0.9433 0.3314
vn -0.2041 -0.0085 0.9789
vn -0.3688 -0.3090 0.8766
vn -0.5048 -0.1212 0.8547
vn -0.2795 0.8816 0.3803
vn -0.2863 0.9007 0.3269
vn -0.2853 0.8899 0.3558
vn -0.1189 0.9129 0.3905
vn -0.0939 0.9115 0.4005
vn -0.1776 0.8831 0.4343
vn -0.1233 0.9205 0.3709
vn -0.1518 0.9097 0.3866
vn -0.2194 0.8809 0.4194
vn -0.3863 0.6134 0.6888
vn -0.3799 0.5704 0.7282
vn -0.4625 0.5381 0.7047
vn -0.2581 0.6387 0.7249
vn -0.2398 0.6306 0.7381
vn -0.2529 0.6291 0.7350
vn -0.2850 0.6230 0.7284
vn -0.2863 0.5978 0.7488
vn -0.3075 0.6052 0.7343
vn -0.2893 0.6193 0.7299
vn -0.2960 0.6173 0.7289
vn 0.0739 -0.2154 0.9737
vn 0.0475 -0.3386 0.9397
vn 0.0553 -0.2951 0.9539
vn 0.0600 -0.2221 0.9732
vn 0.0582 0.1886 0.9803
vn 0.0593 0.0792 0.9951
vn 0.0492 0.1883 0.9809
vn 0.0480 -0.0376 0.9981
vn 0.0428 -0.1793 0.9829
vn 0.0272 -0.1102 0.9935
vn 0.0347 0.0511 0.9981
vn 0.0587 0.2999 0.9522
vn -0.1505 0.6629 0.7334
vn -0.0906 0.6580 0.7475
vn -0.1040 0.6545 0.7489
vn -0.1767 0.6167 0.7671
vn -0.1964 0.6501 0.7341
vn -0.1349 0.6455 0.7517
vn -0.0401 0.6512 0.7579
vn -0.0729 0.6610 0.7469
vn -0.0355 0.6581 0.7521
vn -0.0482 0.6522 0.7565
vn 0.0002 0.6517 0.7585
vn 0.0764 0.4119 0.9080
vn 0.0860 0.4300 0.8987
vn 0.0824 0.2575 0.9628
vn 0.0703 0.3173 0.9457
vn 0.0841 0.4259 0.9008
vn 0.0693 0.4919 0.8679
vn 0.0161 0.1704 0.9852
vn 0.0332 0.3462 0.9376
vn 0.0610 0.6041 0.7946
vn 0.0347 0.5565 0.8301
vn 0.0546 0.6444 0.7627
vn 0.0259 0.6612 0.7497
vn 0.0207 0.6539 0.7563
vn 0.0005 0.6706 0.7418
vn 0.0477 0.6593 0.7504
vn 0.0516 0.6593 0.7501
vn 0.0530 0.6743 0.7365
vn 0.0545 0.6708 0.7396
vn 0.0642 0.6718 0.7379
vn 0.9618 0.2310 0.1467
vn 0.9770 0.1735 0.1238
vn 0.9279 0.2472 0.2791
vn 0.9784 0.1958 0.0659
vn 0.9762 0.1924 0.1002
vn 0.9696 0.1883 0.1564
vn 0.9613 0.2165 0.1701
vn 0.9205 0.2508 0.2997
vn 0.9297 0.2352 0.2835
vn 0.9684 0.2061 0.1406
vn 0.9771 0.1715 0.1256
vn 0.9817 0.1765 0.0720
vn 0.9245 0.2470 0.2904
vn 0.9605 0.2247 0.1644
vn 0.9712 0.1932 0.1394
vn 0.9793 0.1866 0.0788
vn 0.2006 0.2839 0.9376
vn 0.2765 0.0586 0.9592
vn 0.2937 0.0452 0.9548
vn 0.1590 -0.0908 0.9831
vn 0.1269 -0.0163 0.9918
vn 0.1203 -0.0120 0.9927
vn 0.1849 -0.0666 0.9805
vn 0.6553 0.3556 0.6664
vn 0.8101 0.2543 0.5283
vn 0.8250 0.2245 0.5186
vn 0.8348 0.1268 0.5358
vn 0.8408 0.1345 0.5244
vn 0.7668 0.0724 0.6378
vn 0.6617 0.0529 0.7479
vn 0.8886 0.1838 0.4203
vn 0.9759 0.1382 0.1688
vn 0.9129 0.2375 0.3320
vn 0.9667 0.1555 0.2031
vn 0.9867 0.1062 0.1234
vn 0.2171 0.2325 0.9481
vn 0.2759 0.0861 0.9573
vn 0.3291 0.0703 0.9417
vn 0.2321 0.1798 0.9559
vn 0.3781 0.1775 0.9086
vn 0.3462 0.2549 0.9029
vn 0.2837 0.3321 0.8996
vn 0.4470 0.1869 0.8748
vn 0.2510 0.0831 0.9644
vn 0.1895 0.2014 0.9610
vn 0.2090 0.1690 0.9632
vn 0.2672 0.0640 0.9615
vn 0.9683 0.1253 0.2161
vn 0.9661 0.0325 0.2562
vn 0.9570 0.1431 0.2523
vn 0.6076 0.1015 0.7877
vn 0.7026 0.1053 0.7037
vn 0.6813 0.0897 0.7265
vn 0.4754 0.1283 0.8704
vn 0.7755 0.0958 0.6241
vn 0.6373 0.0917 0.7651
vn 0.7176 0.0962 0.6898
vn 0.7875 0.1234 0.6039
vn 0.9494 0.1113 0.2936
vn 0.1777 -0.0647 0.9820
vn 0.2039 -0.0659 0.9768
vn 0.1716 -0.0036 0.9852
vn 0.1453 -0.0611 0.9875
vn 0.0439 -0.1095 0.9930
vn 0.0428 -0.1342 0.9900
vn 0.0181 -0.1159 0.9931
vn 0.0771 -0.1233 0.9894
vn 0.1168 -0.0353 0.9925
vn 0.1250 -0.0493 0.9909
vn 0.1098 -0.0465 0.9929
vn 0.1012 -0.1172 0.9879
vn 0.0800 0.0133 0.9967
vn 0.0482 0.0051 0.9988
vn 0.0594 0.0312 0.9977
vn 0.1104 0.0653 0.9917
vn 0.1388 -0.1325 0.9814
vn 0.1347 -0.1108 0.9847
vn 0.1433 -0.1174 0.9827
vn 0.6178 0.3289 0.7142
vn 0.4166 0.1694 0.8932
vn 0.7887 0.3378 0.5136
vn 0.8823 0.3146 0.3500
vn 0.8443 0.3404 0.4139
vn 0.8046 0.3261 0.4963
vn 0.6825 0.3390 0.6475
vn 0.7542 0.3849 0.5321
vn 0.7987 0.3723 0.4727
vn 0.8401 0.3800 0.3870
vn 0.7301 0.3410 0.5922
vn 0.7909 0.3839 0.4765
vn 0.8491 0.4062 0.3377
vn 0.8426 0.3867 0.3748
vn 0.7870 0.3794 0.4865
vn 0.8234 0.4114 0.3908
vn 0.8603 0.4098 0.3032
vn 0.8500 0.4150 0.3246
vn 0.8183 0.3945 0.4181
vn 0.8608 0.4006 0.3138
vn 0.8563 0.3922 0.3361
vn 0.8581 0.4260 0.2867
vn 0.8669 0.3937 0.3057
vn 0.8233 0.4063 0.3963
vn 0.8257 0.4172 0.3796
vn 0.8471 0.4086 0.3399
vn 0.7986 0.3909 0.4577
vn 0.8625 0.4145 0.2902
vn 0.7829 0.3865 0.4876
vn 0.8957 0.4199 0.1463
vn 0.8614 0.3923 0.3225
vn 0.8783 0.4164 0.2348
vn 0.8859 0.4400 0.1470
vn 0.8697 0.4070 0.2794
vn 0.8229 0.3949 0.4085
vn 0.8418 0.4244 0.3334
vn 0.8647 0.4296 0.2601
vn 0.8552 0.4212 0.3020
vn 0.8688 0.4149 0.2703
vn 0.8395 0.3994 0.3683
vn 0.8776 0.4299 0.2123
vn 0.8412 0.3999 0.3640
vn 0.8560 0.4247 0.2946
vn 0.8677 0.4270 0.2546
vn 0.8818 0.4219 0.2108
vn 0.2325 0.1817 0.9555
vn 0.4015 0.4522 0.7964
vn 0.4353 0.0667 0.8978
vn 0.1517 0.2572 0.9544
vn 0.0132 -0.2287 0.9734
vn 0.0134 -0.1084 0.9940
vn 0.0142 0.1341 0.9909
vn 0.0021 0.0130 0.9999
vn -0.0249 0.1245 0.9919
vn -0.0632 -0.2424 0.9681
vn -0.0740 -0.1032 0.9919
vn -0.0615 -0.1214 0.9907
vn -0.0754 -0.0005 0.9972
vn -0.0338 -0.1307 0.9908
vn -0.0410 0.0068 0.9991
vn -0.0134 -0.1189 0.9928
vn -0.0015 0.2779 0.9606
vn -0.0901 0.1014 0.9908
vn -0.0823 0.2243 0.9710
vn -0.0610 0.1404 0.9882
vn -0.0675 0.3015 0.9511
vn -0.0174 0.3667 0.9302
vn -0.0247 0.4396 0.8979
vn -0.0262 0.4429 0.8962
vn -0.0625 0.6107 0.7894
vn -0.0497 0.4948 0.8676
vn -0.0789 0.5332 0.8423
vn -0.0519 0.5921 0.8042
vn -0.0761 0.5777 0.8127
vn -0.0916 0.6200 0.7792
vn -0.1014 0.2448 0.9643
vn -0.0642 0.3288 0.9422
vn -0.1049 0.3783 0.9197
vn 0.0433 0.1426 0.9888
vn 0.0675 0.3088 0.9487
vn 0.0054 0.4848 0.8746
vn -0.0975 0.6677 0.7380
vn -0.0166 0.6806 0.7325
vn 0.0198 0.6589 0.7520
vn 0.1418 0.6680 0.7305
vn 0.1033 0.6574 0.7464
vn 0.0730 0.6524 0.7544
vn 0.0810 0.7006 0.7089
vn 0.2005 0.6708 0.7140
vn 0.1466 0.6664 0.7310
vn 0.2702 0.6476 0.7125
vn 0.2617 0.6411 0.7215
vn 0.2472 0.6387 0.7287
vn 0.2881 0.6142 0.7347
vn 0.2841 0.6345 0.7189
vn 0.2968 0.6252 0.7219
vn 0.3183 0.6252 0.7126
vn 0.3861 0.5953 0.7046
vn 0.3633 0.5716 0.7357
vn 0.3733 0.7827 0.4980
vn 0.3359 0.7133 0.6152
vn 0.3419 0.6912 0.6366
vn 0.1678 0.8887 0.4267
vn 0.1139 0.9112 0.3960
vn 0.2158 0.8898 0.4022
vn 0.2825 0.8654 0.4138
vn 0.1585 0.9221 0.3530
vn 0.3134 0.8920 0.3257
vn 0.9918 -0.0892 -0.0911
vn 0.9980 -0.0065 -0.0626
vn 0.9898 -0.0415 -0.1361
vn 0.9680 -0.2134 -0.1318
vn 0.9604 -0.2781 0.0165
vn 0.9755 -0.1607 -0.1502
vn 0.8426 -0.5335 0.0738
vn 0.8123 -0.5603 0.1619
vn 0.9741 -0.1875 0.1264
vn 0.8835 0.4411 0.1580
vn 0.8912 0.4472 0.0761
vn 0.8884 0.4467 0.1061
vn 0.8671 0.4381 0.2371
vn 0.8401 0.4743 0.2632
vn 0.8643 0.4735 0.1698
vn 0.8830 0.4693 0.0133
vn 0.8950 0.4302 0.1180
vn 0.9102 0.4135 0.0240
vn 0.9017 0.4038 0.1543
vn 0.8972 0.4294 -0.1034
vn 0.8516 0.4898 0.1866
vn 0.8780 0.4749 0.0598
vn 0.8604 0.4495 0.2400
vn 0.8700 0.4898 -0.0573
vn 0.8852 0.4634 0.0409
vn 0.9853 -0.0864 -0.1472
vn 0.9865 -0.0527 -0.1549
vn 0.9816 -0.0987 -0.1634
vn 0.9869 -0.1291 -0.0963
vn 0.9831 -0.1012 -0.1524
vn 0.9609 0.2764 0.0175
vn 0.9390 0.3371 0.0675
vn 0.9466 0.3223 0.0058
vn 0.9797 0.2000 -0.0129
vn 0.9659 0.2586 -0.0161
vn 0.9849 -0.1508 -0.0848
vn 0.9775 -0.1404 -0.1572
vn 0.9761 -0.1466 -0.1604
vn 0.9439 0.2897 -0.1587
vn 0.8815 0.3660 -0.2985
vn 0.9988 -0.0459 0.0162
vn 0.9869 -0.1614 0.0032
vn 0.9877 -0.1198 0.1004
vn 0.9839 -0.1772 -0.0250
vn 0.9822 -0.1810 -0.0509
vn 0.9822 -0.1809 -0.0510
vn 0.9877 -0.1439 0.0608
vn 0.9708 0.2310 -0.0644
vn 0.9623 0.2633 -0.0679
vn 0.9199 0.3874 0.0603
vn 0.9089 0.4148 -0.0425
vn 0.9167 0.3986 0.0281
vn 0.9905 0.1219 -0.0636
vn 0.9750 0.2101 -0.0728
vn 0.9744 0.2034 -0.0957
vn 0.9880 0.0958 -0.1213
vn 0.9799 0.1571 -0.1227
vn 0.9734 0.1261 -0.1913
vn 0.3085 0.9068 0.2872
vn 0.1364 0.9509 0.2779
vn 0.1209 0.4301 0.8946
vn 0.1711 0.5172 0.8386
vn 0.2318 0.4371 0.8690
vn 0.0646 0.5718 0.8179
vn 0.0435 0.5106 0.8587
vn 0.0002 0.5302 0.8479
vn -0.0474 0.5705 0.8199
vn -0.0746 0.5849 0.8077
vn -0.0203 0.6161 0.7874
vn 0.9907 -0.1311 0.0358
vn 0.9898 -0.1333 0.0493
vn 0.9828 -0.1548 0.1012
vn 0.9921 -0.1186 0.0406
vn 0.9821 -0.1807 0.0531
vn 0.9916 -0.1223 0.0421
vn 0.9873 -0.1577 0.0208
vn 0.9874 -0.1580 0.0017
vn 0.9777 -0.2096 0.0122
vn 0.9829 -0.1822 -0.0270
vn 0.9827 -0.1831 -0.0268
vn 0.9753 -0.2197 -0.0218
vn 0.9818 -0.1804 -0.0587
vn 0.9847 -0.1652 -0.0550
vn 0.9819 -0.1805 -0.0574
vn 0.9854 -0.1635 -0.0474
vn 0.9919 -0.1205 -0.0401
vn 0.9842 -0.1692 -0.0515
vn 0.9927 -0.1180 -0.0229
vn 0.9983 -0.0583 -0.0097
vn 0.9907 -0.1316 -0.0334
vn 0.5837 0.3974 0.7080
vn 0.5971 0.3922 0.6998
vn 0.5876 0.3941 0.7067
vn 0.3304 0.3869 0.8609
vn 0.3021 0.4783 0.8246
vn 0.3973 0.4200 0.8160
vn -0.0899 0.6204 0.7791
vn -0.0721 0.6613 0.7467
vn -0.0732 0.6782 0.7312
vn -0.0917 0.7122 0.6960
vn -0.0638 0.7794 0.6233
vn -0.0994 0.8070 0.5821
vn 0.4135 0.4616 0.7848
vn 0.4969 0.4178 0.7606
vn 0.4543 0.3846 0.8036
vn -0.1076 0.8524 0.5118
vn -0.0893 0.9153 0.3928
vn -0.1243 0.9211 0.3689
vn -0.0742 0.9846 0.1582
vn -0.1118 0.9643 0.2402
vn -0.0751 0.9785 0.1920
vn -0.1065 0.9591 0.2623
vn 0.9987 -0.0472 0.0197
vn 0.9995 -0.0077 0.0310
vn 0.9961 -0.0851 0.0211
vn 0.6064 0.3842 0.6962
vn 0.6083 0.4042 0.6831
vn 0.6127 0.3905 0.6870
vn 0.8602 -0.1029 0.4995
vn 0.8541 -0.0611 0.5166
vn 0.8870 -0.2622 0.3801
vn 0.8062 0.3897 0.4452
vn 0.8487 0.4037 0.3417
vn 0.8494 0.4075 0.3354
vn 0.8709 0.4155 0.2623
vn 0.8645 0.4640 0.1935
vn 0.8902 0.4532 0.0469
vn 0.9329 0.3601 -0.0020
vn 0.9339 0.3546 -0.0450
vn 0.9492 0.3133 -0.0306
vn 0.9566 0.2905 -0.0234
vn 0.9642 0.2633 -0.0322
vn 0.9765 0.1936 -0.0947
vn 0.9827 0.1613 -0.0915
vn 0.9729 0.1288 -0.1918
vn 0.9728 0.1296 -0.1920
vn 0.9908 0.0019 -0.1354
vn 0.9866 -0.0264 -0.1608
vn 0.9809 -0.1107 -0.1602
vn 0.9790 -0.1333 -0.1542
vn 0.9755 -0.1518 -0.1590
vn 0.9747 -0.1588 -0.1572
vn 0.8824 -0.4662 -0.0630
vn 0.8145 -0.5795 -0.0267
vn 0.9842 -0.1593 0.0774
vn 0.9790 0.2037 -0.0058
vn 0.9811 -0.1794 -0.0730
vn 0.9813 -0.1777 -0.0739
vn 0.9835 -0.1690 -0.0652
vn 0.9823 -0.1804 -0.0512
vn 0.9844 -0.1716 -0.0388
vn 0.9858 -0.1656 -0.0295
vn 0.9902 -0.1310 0.0480
vn 0.9913 -0.1243 0.0444
vn 0.9887 -0.1419 0.0491
vn 0.9877 -0.1474 0.0515
vn 0.9856 -0.1690 0.0051
vn 0.9851 -0.1720 0.0062
vn 0.9835 -0.1801 -0.0141
vn 0.9831 -0.1810 -0.0274
vn 0.9827 -0.1834 -0.0267
vn 0.9807 -0.1913 -0.0403
vn 0.9822 -0.1779 -0.0597
vn 0.9823 -0.1776 -0.0600
vn 0.9862 -0.1582 -0.0491
vn 0.9864 -0.1563 -0.0500
vn 0.9923 -0.1223 -0.0217
vn 0.9920 -0.1242 -0.0209
vn 0.9965 -0.0834 0.0003
vn 0.9977 -0.0660 0.0160
vn 0.9968 0.0531 0.0594
vn 0.9968 0.0435 0.0667
vn 0.9973 0.0428 0.0602
vn 0.9989 -0.0049 0.0458
vn 0.6370 0.3906 0.6646
vn 0.7571 0.1770 0.6288
vn 0.6185 0.3803 0.6876
vn 0.6175 0.3868 0.6849
vn 0.4976 0.4561 0.7378
vn 0.5592 0.4232 0.7129
vn 0.5339 0.3921 0.7492
vn 0.5335 0.3889 0.7510
vn -0.1036 0.9816 0.1602
vn -0.0574 0.9960 0.0682
vn -0.0479 0.9791 0.1978
vn -0.0955 0.9627 0.2531
vn 0.0706 0.9669 0.2452
vn 0.0170 0.9574 0.2884
vn 0.1675 0.8897 0.4247
vn 0.1392 0.9049 0.4021
vn 0.2743 0.6566 0.7026
vn 0.2448 0.6549 0.7150
vn 0.2431 0.6576 0.7131
vn 0.2520 0.6661 0.7020
vn -0.0323 0.4681 0.8831
vn -0.0398 0.4538 0.8902
vn -0.0603 0.4107 0.9098
vn -0.0141 0.4868 0.8734
vn 0.0077 0.5184 0.8551
vn 0.0127 0.4189 0.9079
vn -0.0054 0.4673 0.8841
vn -0.2100 0.6381 0.7408
vn -0.2174 0.6477 0.7302
vn -0.2368 0.6479 0.7240
vn -0.2259 0.6396 0.7348
vn -0.2261 0.6379 0.7362
vn -0.1939 0.8014 0.5658
vn -0.3389 0.6658 0.6648
vn -0.2095 0.8570 0.4708
vn -0.2004 0.8773 0.4361
vn 0.0507 0.7254 0.6865
vn 0.0952 0.7639 0.6382
vn 0.0808 0.6599 0.7470
vn 0.0809 0.6596 0.7473
vn -0.5088 0.4299 0.7458
vn -0.5403 0.4499 0.7111
vn -0.9010 0.0425 0.4317
vn -0.7919 -0.2711 0.5472
vn -0.8082 -0.4272 0.4054
vn -0.9509 0.0815 0.2985
vn -0.9972 0.0376 0.0639
vn -0.9956 0.0398 0.0849
vn -0.9962 -0.0046 0.0875
vn -0.9965 -0.0221 0.0810
vn -0.9976 -0.0062 0.0688
vn -0.9983 0.0082 0.0583
vn -0.9993 -0.0270 0.0262
vn -0.9993 -0.0263 0.0252
vn -0.9992 -0.0404 0.0005
vn -0.9999 -0.0053 -0.0097
vn -0.9977 -0.0677 0.0021
vn -0.9977 -0.0683 0.0024
vn -0.9977 -0.0670 0.0016
vn -0.9980 -0.0627 -0.0005
vn -0.9924 -0.1159 -0.0410
vn -0.9922 -0.1182 -0.0394
vn -0.9840 -0.1677 -0.0600
vn -0.9839 -0.1685 -0.0602
vn -0.9837 -0.1693 -0.0598
vn -0.9835 -0.1708 -0.0589
vn -0.9809 -0.1870 -0.0537
vn -0.9795 -0.1951 -0.0492
vn -0.9761 -0.2161 -0.0244
vn -0.9742 -0.2247 0.0205
vn -0.9736 -0.2270 0.0223
vn -0.9771 -0.2074 0.0477
vn -0.9580 -0.2716 0.0923
vn -0.9825 -0.1799 0.0485
vn -0.9810 -0.1869 0.0512
vn -0.9847 -0.1292 0.1171
vn -0.9869 -0.1069 0.1208
vn -0.9863 -0.0952 0.1344
vn -0.9853 -0.1010 0.1378
vn -0.9871 -0.1164 0.1098
vn -0.9868 -0.1206 0.1085
vn -0.9873 -0.1302 0.0907
vn -0.9868 -0.1460 0.0697
vn -0.9850 -0.1529 0.0796
vn -0.9840 -0.1574 0.0834
vn -0.9872 -0.1468 0.0628
vn -0.9867 -0.1510 0.0605
vn -0.9871 -0.1514 0.0516
vn -0.9909 -0.1277 0.0425
vn -0.9897 -0.1390 0.0348
vn -0.9853 -0.1655 -0.0428
vn -0.9877 -0.1489 -0.0480
vn -0.9842 -0.1616 -0.0721
vn -0.9865 -0.1532 -0.0576
vn -0.9864 -0.1524 -0.0622
vn -0.9848 -0.1528 -0.0826
vn -0.9868 -0.1477 -0.0666
vn -0.9913 -0.1313 0.0049
vn -0.9909 -0.1346 0.0075
vn -0.9908 -0.1350 0.0078
vn -0.9984 -0.0438 0.0371
vn -0.9976 -0.0454 0.0514
vn -0.9928 -0.0915 0.0770
vn -0.9910 -0.1041 0.0844
vn -0.9954 -0.0741 0.0613
vn -0.9963 -0.0106 0.0855
vn -0.9251 0.3662 0.1001
vn -0.9995 0.0247 -0.0177
vn -0.9996 0.0164 -0.0241
vn -0.9624 -0.0782 0.2602
vn -0.9426 -0.0518 0.3298
vn -0.9858 -0.1009 0.1346
vn -0.9314 0.0096 0.3638
vn -0.9290 -0.0017 0.3700
vn -0.9258 -0.0159 0.3776
vn -0.9231 -0.0272 0.3837
vn -0.9371 0.1140 0.3298
vn -0.9446 0.1379 0.2979
vn -0.9568 0.1732 0.2335
vn -0.9520 0.2178 0.2149
vn -0.8756 0.3956 0.2772
vn -0.8606 0.3465 0.3732
vn -0.8071 0.2733 0.5233
vn -0.7894 0.2886 0.5418
vn -0.6880 0.2515 0.6808
vn -0.7502 0.2511 0.6117
vn -0.7580 0.2525 0.6013
vn -0.7286 0.2906 0.6202
vn -0.6525 0.2494 0.7156
vn -0.7038 0.2595 0.6613
vn -0.7154 0.2787 0.6407
vn -0.6717 0.2613 0.6932
vn -0.7047 0.2547 0.6622
vn -0.6290 0.2611 0.7322
vn -0.6083 0.2433 0.7555
vn -0.6665 0.2598 0.6988
vn -0.5664 0.2521 0.7846
vn -0.5207 0.2241 0.8238
vn -0.5608 0.2443 0.7911
vn -0.5008 0.2334 0.8335
vn 0.1258 -0.0943 0.9876
vn 0.1372 -0.0837 0.9870
vn 0.1532 -0.0992 0.9832
vn 0.1668 -0.0852 0.9823
vn 0.1893 -0.0999 0.9768
vn 0.2048 -0.0891 0.9747
vn 0.4383 -0.1252 0.8901
vn 0.4379 -0.1238 0.8905
vn 0.4517 -0.1222 0.8838
vn 0.4736 -0.1209 0.8724
vn 0.4508 -0.1234 0.8840
vn 0.4763 -0.1224 0.8707
vn 0.4677 -0.1273 0.8747
vn 0.4807 -0.1258 0.8678
vn 0.4615 -0.1324 0.8772
vn 0.4801 -0.1372 0.8664
vn 0.4554 -0.1329 0.8803
vn 0.4578 -0.1450 0.8772
vn 0.4456 -0.1331 0.8853
vn 0.4529 -0.1373 0.8809
vn 0.4071 -0.1333 0.9036
vn 0.3889 -0.1474 0.9094
vn 0.3351 -0.1556 0.9292
vn 0.2701 -0.1723 0.9473
vn 0.1410 -0.2750 0.9510
vn -0.1555 -0.2998 0.9413
vn -0.5710 -0.3652 0.7352
vn -0.5040 -0.2783 0.8176
vn -0.5354 -0.4418 0.7198
vn -0.4587 -0.3926 0.7972
vn -0.3920 -0.3283 0.8594
vn -0.6474 -0.2732 0.7115
vn -0.5278 -0.2711 0.8049
vn -0.7232 -0.3133 0.6155
vn -0.9069 -0.1978 0.3720
vn -0.9262 -0.1567 0.3428
vn -0.9301 -0.1577 0.3318
vn -0.9405 -0.1598 0.3000
vn -0.9325 -0.2112 0.2930
vn -0.9479 -0.1609 0.2750
vn -0.9564 -0.1881 0.2233
vn -0.9466 -0.2129 0.2422
vn -0.9843 -0.1736 0.0306
vn -0.9833 -0.1723 0.0582
vn -0.9809 -0.1857 0.0579
vn -0.9832 -0.1818 0.0169
vn -0.9788 -0.2002 0.0431
vn -0.9820 -0.1889 0.0011
vn -0.9795 -0.1998 0.0258
vn -0.9802 -0.1969 -0.0190
vn -0.9552 0.0004 0.2958
vn -0.9586 -0.0033 0.2849
vn -0.9295 0.0205 0.3682
vn -0.9242 0.0250 0.3812
vn -0.8852 0.0527 0.4621
vn -0.8751 0.0612 0.4800
vn -0.8119 0.1002 0.5751
vn -0.7936 0.1135 0.5978
vn -0.6895 0.1640 0.7055
vn -0.6596 0.1811 0.7295
vn -0.4978 0.2379 0.8340
vn -0.4545 0.2561 0.8531
vn -0.2316 0.3068 0.9232
vn -0.1783 0.3222 0.9297
vn 0.0828 0.3513 0.9326
vn 0.1374 0.3607 0.9225
vn 0.3920 0.3592 0.8469
vn 0.4388 0.3620 0.8225
vn 0.6470 0.3325 0.6861
vn 0.6814 0.3303 0.6531
vn 0.8281 0.2842 0.4832
vn 0.8518 0.2799 0.4428
vn 0.9335 0.2370 0.2691
vn 0.9837 0.1661 0.0687
vn 0.9810 0.1795 0.0737
vn 0.9410 0.2460 0.2322
vn 0.9723 0.2130 0.0965
vn 0.9543 0.2338 0.1862
vn 0.9513 0.2308 0.2043
vn 0.9736 0.2040 0.1022
vn 0.9541 0.2232 0.1997
vn 0.9790 0.1862 0.0826
vn 0.9604 0.2125 0.1803
vn 0.9838 0.1688 0.0600
vn 0.9715 0.1745 0.1606
vn 0.9800 0.1616 0.1165
vn 0.9352 0.2211 0.2768
vn 0.9691 0.1851 0.1630
vn 0.8054 0.2783 0.5234
vn 0.9103 0.1925 0.3665
vn 0.7185 0.1148 0.6860
vn 0.8180 0.1189 0.5628
vn 0.6267 0.1099 0.7715
vn 0.7333 0.1011 0.6723
vn 0.3852 0.1846 0.9042
vn 0.5282 0.1435 0.8369
vn 0.2743 -0.0174 0.9615
vn 0.3130 -0.0055 0.9497
vn 0.1384 -0.0152 0.9903
vn 0.1459 -0.0693 0.9869
vn 0.1277 -0.1426 0.9815
vn 0.1266 -0.0983 0.9871
vn 0.2043 0.0604 0.9770
vn 0.1612 -0.0110 0.9869
vn 0.2554 0.0928 0.9624
vn 0.3246 0.1634 0.9316
vn -0.0410 0.2639 0.9637
vn -0.0523 0.1130 0.9922
vn -0.0953 0.2352 0.9673
vn -0.0906 0.3388 0.9365
vn -0.1033 0.1234 0.9870
vn 0.0574 0.3843 0.9214
vn 0.7496 0.1691 0.6399
vn 0.7737 0.2198 0.5942
vn 0.8485 0.4782 0.2268
vn 0.8697 0.4929 0.0261
vn 0.7055 0.3612 0.6098
vn 0.8244 0.3633 0.4340
vn 0.8313 0.3700 0.4147
vn 0.7337 0.3618 0.5752
vn 0.7379 0.3494 0.5775
vn 0.8335 0.3805 0.4006
vn 0.8393 0.3778 0.3910
vn 0.7683 0.3616 0.5281
vn 0.7799 0.3657 0.5079
vn 0.8722 0.3695 0.3205
vn 0.8041 0.3916 0.4474
vn 0.8653 0.3826 0.3239
vn 0.7919 0.3851 0.4739
vn 0.8563 0.4003 0.3264
vn 0.8083 0.3957 0.4360
vn 0.7703 0.3795 0.5124
vn 0.8055 0.3934 0.4431
vn 0.8597 0.4048 0.3114
vn 0.8629 0.4035 0.3043
vn 0.8184 0.3991 0.4135
vn 0.8230 0.3951 0.4081
vn 0.8635 0.4083 0.2960
vn 0.8654 0.4103 0.2878
vn 0.8346 0.4032 0.3753
vn 0.8364 0.4009 0.3737
vn 0.8742 0.4008 0.2741
vn 0.8500 0.4073 0.3340
vn 0.8878 0.3977 0.2317
vn 0.8587 0.3969 0.3242
vn 0.8796 0.4304 0.2025
vn 0.8893 0.4134 0.1955
vn 0.8712 0.4015 0.2824
vn 0.8792 0.4045 0.2519
vn 0.8946 0.4281 0.1278
vn 0.8959 0.4310 0.1078
vn 0.8854 0.4223 0.1940
vn 0.8677 0.4553 0.1997
vn 0.8890 0.4545 0.0555
vn 0.8394 0.4839 0.2475
vn 0.8753 0.4717 0.1068
vn 0.8836 0.4360 0.1708
vn 0.8747 0.4828 -0.0420
vn 0.9102 0.3988 0.1122
vn 0.9100 0.4102 -0.0605
vn 0.9164 0.4002 -0.0016
vn 0.9212 0.3793 0.0865
vn 0.9211 0.3879 0.0334
vn 0.9748 0.1179 -0.1895
vn 0.9836 0.0483 -0.1740
vn 0.9855 0.0227 -0.1681
vn 0.9854 -0.1095 0.1303
vn 0.9880 -0.1269 0.0883
vn 0.9840 -0.1692 -0.0557
vn 0.9848 -0.1634 -0.0586
vn 0.9854 -0.1590 -0.0609
vn 0.9837 -0.1736 -0.0478
vn 0.9784 -0.2009 -0.0483
vn 0.9812 -0.1853 -0.0540
vn 0.9809 -0.1886 -0.0470
vn 0.9810 -0.1880 -0.0472
vn 0.9818 -0.1836 -0.0492
vn 0.9830 -0.1750 -0.0560
vn 0.9969 -0.0694 0.0379
vn 0.9961 -0.0657 0.0591
vn 0.9961 -0.0427 0.0773
vn 0.9972 -0.0059 0.0750
vn 0.9965 0.0478 0.0679
vn 0.9904 -0.0877 0.1066
vn 0.9951 -0.0051 0.0991
vn 0.9867 -0.0976 0.1303
vn 0.9610 -0.2110 0.1788
vn 0.9462 -0.0566 0.3187
vn 0.9842 0.0759 0.1598
vn 0.8592 -0.0336 0.5105
vn 0.7818 0.1901 0.5938
vn 0.5858 0.3940 0.7083
vn 0.5678 0.4454 0.6922
vn 0.3315 0.9072 0.2592
vn 0.2158 0.8302 0.5140
vn 0.1880 0.8923 0.4104
vn 0.2266 0.8775 0.4226
vn 0.1504 0.8372 0.5258
vn 0.3159 0.6183 0.7197
vn 0.2866 0.6376 0.7150
vn 0.2949 0.6203 0.7268
vn 0.2932 0.6208 0.7271
vn 0.2913 0.6250 0.7243
vn 0.2898 0.6274 0.7228
vn 0.2750 0.6391 0.7183
vn 0.2649 0.6373 0.7237
vn 0.1933 0.6373 0.7460
vn 0.2142 0.6674 0.7132
vn 0.2111 0.6693 0.7124
vn 0.2487 0.6708 0.6987
vn 0.2005 0.6708 0.7141
vn 0.2391 0.6722 0.7007
vn 0.2013 0.6719 0.7128
vn 0.1706 0.6679 0.7244
vn 0.1590 0.6667 0.7282
vn 0.2627 0.6709 0.6934
vn 0.1550 0.6653 0.7303
vn 0.1932 0.6704 0.7164
vn 0.0606 0.6459 0.7610
vn 0.1136 0.6733 0.7306
vn -0.1060 0.6731 0.7319
vn -0.0605 0.6544 0.7537
vn -0.0434 0.5789 0.8142
vn -0.0267 0.4363 0.8994
vn -0.0406 0.3678 0.9290
vn 0.0067 0.6012 0.7991
vn 0.0157 0.6124 0.7904
vn 0.0291 0.6316 0.7747
vn 0.0629 0.6644 0.7447
vn 0.0648 0.6717 0.7380
vn 0.0302 0.6336 0.7731
vn -0.0228 0.6605 0.7505
vn 0.0090 0.6559 0.7548
vn -0.1675 0.6569 0.7351
vn -0.1249 0.6445 0.7543
vn -0.2235 0.6546 0.7222
vn -0.3184 0.6216 0.7157
vn -0.3429 0.5734 0.7441
vn -0.3089 0.6212 0.7202
vn -0.2701 0.6420 0.7176
vn -0.5685 0.5507 0.6112
vn -0.2670 0.6667 0.6959
vn 0.0700 0.9657 0.2499
vn 0.0942 0.9447 0.3140
vn 0.0858 0.9891 0.1195
vn 0.1109 0.9365 0.3327
vn 0.0651 0.9909 0.1182
vn 0.0272 0.9853 0.1687
vn 0.2438 0.7736 0.5850
vn 0.0824 0.8572 0.5084
vn -0.5916 0.4264 0.6843
vn -0.5908 0.4059 0.6973
vn -0.6010 0.3965 0.6939
vn -0.5312 0.4801 0.6981
vn -0.6483 0.3890 0.6545
vn -0.6652 0.3830 0.6410
vn -0.6558 0.3712 0.6574
vn -0.6507 0.3872 0.6532
vn -0.6587 0.3797 0.6496
vn -0.6639 0.3679 0.6510
vn -0.8090 -0.4747 0.3467
vn -0.9434 -0.0821 0.3212
vn -0.9956 0.0480 0.0804
vn -0.9941 0.0747 0.0790
vn -0.9958 0.0485 0.0771
vn -0.9954 0.0466 0.0842
vn -0.9993 -0.0272 0.0263
vn -0.9979 0.0532 0.0374
vn -0.9781 -0.2058 -0.0309
vn -0.9763 -0.2159 0.0140
vn -0.9591 -0.2812 0.0311
vn -0.9678 0.1652 0.1897
vn -0.9995 0.0287 -0.0147
vn -0.9703 0.2419 0.0027
vn -0.7970 0.5908 -0.1256
vn -0.9046 0.3837 0.1859
vn -0.9298 0.3546 0.0986
vn -0.8431 0.3416 0.4154
vn -0.9112 0.3327 0.2428
vn -0.9068 0.3491 0.2362
vn -0.8433 0.3293 0.4246
vn -0.7830 0.3051 0.5421
vn -0.8522 0.3381 0.3993
vn -0.8514 0.3403 0.3991
vn -0.7617 0.2691 0.5895
vn -0.7270 0.2630 0.6343
vn -0.8112 0.3169 0.4914
vn -0.7978 0.2935 0.5266
vn -0.6916 0.2391 0.6816
vn -0.7732 0.2821 0.5680
vn -0.7715 0.2880 0.5673
vn -0.7217 0.2607 0.6413
vn -0.7205 0.2714 0.6382
vn -0.7291 0.2693 0.6292
vn -0.7053 0.3144 0.6354
vn -0.6282 0.2513 0.7364
vn -0.5541 0.2286 0.8005
vn -0.5852 0.2416 0.7741
vn -0.6687 0.2630 0.6954
vn -0.6911 0.2376 0.6826
vn -0.6857 0.2599 0.6799
vn -0.5890 0.2416 0.7712
vn -0.4944 0.2197 0.8410
vn -0.5278 0.2366 0.8157
vn -0.5951 0.2617 0.7598
vn -0.6547 0.2775 0.7031
vn -0.6440 0.2586 0.7200
vn -0.4810 0.2237 0.8477
vn -0.6080 0.2281 0.7604
vn -0.6049 0.2452 0.7576
vn -0.4347 0.2066 0.8766
vn -0.4512 0.2259 0.8634
vn -0.6447 0.2241 0.7309
vn -0.6422 0.2426 0.7272
vn -0.3819 0.2127 0.8994
vn -0.1871 0.1561 0.9698
vn -0.2892 0.2154 0.9327
vn -0.0540 0.0634 0.9965
vn -0.1413 0.1499 0.9785
vn 0.0204 -0.0020 0.9998
vn -0.0441 0.0776 0.9960
vn 0.0204 0.0173 0.9996
vn 0.0815 -0.0421 0.9958
vn 0.2460 -0.0959 0.9645
vn 0.2285 -0.1017 0.9682
vn 0.2893 -0.1058 0.9514
vn 0.2695 -0.1051 0.9572
vn 0.3321 -0.1177 0.9359
vn 0.3116 -0.1102 0.9438
vn 0.3570 -0.1251 0.9257
vn 0.3592 -0.1121 0.9265
vn 0.4588 -0.1243 0.8798
vn 0.4580 -0.1254 0.8801
vn 0.4709 -0.1076 0.8756
vn 0.4282 -0.1127 0.8966
vn 0.4745 -0.1028 0.8742
vn 0.4333 -0.1077 0.8948
vn 0.4755 -0.1174 0.8719
vn 0.4408 -0.1104 0.8908
vn 0.4798 -0.1210 0.8690
vn 0.4517 -0.1235 0.8836
vn 0.4782 -0.1238 0.8695
vn 0.4529 -0.1237 0.8829
vn 0.4755 -0.1392 0.8686
vn 0.4548 -0.1330 0.8806
vn 0.4701 -0.1317 0.8728
vn 0.4482 -0.1287 0.8846
vn 0.4472 -0.1348 0.8842
vn 0.4358 -0.1281 0.8909
vn 0.4379 -0.1288 0.8897
vn 0.4292 -0.1219 0.8949
vn 0.4203 -0.1234 0.8990
vn 0.4055 -0.1281 0.9051
vn 0.3779 -0.1370 0.9157
vn 0.3968 -0.1302 0.9086
vn 0.3545 -0.1490 0.9231
vn 0.3841 -0.1315 0.9139
vn 0.3235 -0.1528 0.9338
vn 0.3702 -0.1301 0.9198
vn 0.2281 -0.1821 0.9565
vn 0.3183 -0.1592 0.9345
vn 0.1699 -0.2001 0.9649
vn 0.2916 -0.1690 0.9415
vn 0.0897 -0.2292 0.9692
vn 0.2527 -0.1814 0.9504
vn -0.2274 -0.3348 0.9144
vn 0.0830 -0.3047 0.9488
vn -0.2852 -0.3411 0.8957
vn -0.0412 -0.2637 0.9637
vn -0.5710 -0.2953 0.7660
vn -0.6961 -0.3116 0.6468
vn -0.6462 -0.2527 0.7202
vn -0.7459 -0.2013 0.6349
vn -0.7126 -0.2060 0.6707
vn -0.8297 -0.1569 0.5357
vn -0.7495 -0.1770 0.6379
vn -0.8744 -0.1567 0.4592
vn -0.7853 -0.1979 0.5866
vn -0.9020 -0.1515 0.4044
vn -0.8432 -0.1568 0.5142
vn -0.9198 -0.1470 0.3639
vn -0.8404 -0.1965 0.5052
vn -0.9288 -0.1458 0.3408
vn -0.9577 -0.1833 0.2219
vn -0.9692 -0.1683 0.1799
vn -0.9635 -0.1913 0.1875
vn -0.9746 -0.1639 0.1528
vn -0.9705 -0.1876 0.1518
vn -0.9777 -0.1705 0.1228
vn -0.9757 -0.1602 0.1498
vn -0.9818 -0.1636 0.0967
vn -0.9748 -0.1757 0.1374
vn -0.9837 -0.1593 0.0838
vn -0.9796 -0.1671 0.1112
vn -0.9844 -0.1633 0.0660
vn -0.9782 -0.1824 0.0996
vn -0.9859 -0.1584 0.0538
vn -0.9811 -0.1913 0.0290
vn -0.9789 -0.2017 -0.0323
vn -0.9812 -0.1859 0.0521
vn -0.9770 -0.2107 -0.0322
vn -0.9807 -0.1801 0.0762
vn -0.9757 -0.2187 -0.0165
vn -0.9810 -0.1654 0.1011
vn -0.9764 -0.2152 0.0158
vn -0.9803 -0.1573 0.1198
vn -0.9779 -0.2004 0.0593
vn -0.9811 -0.1200 0.1521
vn -0.9782 -0.1823 0.0999
vn -0.9790 -0.1062 0.1738
vn -0.9800 -0.1509 0.1296
vn -0.9738 -0.2205 0.0563
vn -0.9697 -0.2438 0.0181
vn -0.9558 -0.2868 -0.0640
vn -0.9479 -0.3036 -0.0960
vn -0.9284 -0.3306 -0.1696
vn -0.9249 -0.3339 -0.1818
vn -0.9179 -0.3349 -0.2127
vn -0.9302 -0.3112 -0.1948
vn -0.9438 -0.2827 -0.1711
vn -0.9640 -0.2339 -0.1267
vn -0.9813 -0.1846 -0.0554
vn -0.9906 -0.1363 -0.0070
vn -0.9925 -0.0901 0.0832
vn -0.9915 -0.0624 0.1142
vn -0.9799 -0.0328 0.1967
vn -0.9769 -0.0227 0.2123
vn 0.9312 0.2488 0.2663
vn 0.9758 0.1821 0.1210
vn 0.9744 0.1926 0.1163
vn 0.9404 0.2385 0.2426
vn 0.9291 0.2440 0.2779
vn 0.9800 0.1838 0.0759
vn 0.9806 0.1727 0.0925
vn 0.9354 0.2386 0.2609
vn 0.9792 0.1823 0.0893
vn 0.9442 0.2314 0.2344
vn 0.9375 0.2319 0.2595
vn 0.9773 0.1716 0.1240
vn 0.9819 0.1720 0.0796
vn 0.9416 0.2317 0.2444
vn 0.9818 0.1767 0.0699
vn 0.9506 0.2214 0.2174
vn 0.9437 0.2193 0.2478
vn 0.9835 0.1599 0.0851
vn 0.9862 0.1497 0.0713
vn 0.9450 0.2193 0.2428
vn 0.9855 0.1533 0.0721
vn 0.9549 0.2200 0.1992
vn 0.9135 0.2331 0.3334
vn 0.9747 0.1440 0.1709
vn 0.9725 0.1583 0.1710
vn 0.9190 0.2232 0.3249
vn 0.8160 0.2816 0.5048
vn 0.9357 0.1507 0.3191
vn 0.9194 0.1796 0.3500
vn 0.8064 0.2808 0.5205
vn 0.8324 0.2770 0.4800
vn 0.5867 0.3837 0.7131
vn 0.8452 0.1630 0.5090
vn 0.7848 0.2190 0.5797
vn 0.4499 0.4543 0.7689
vn 0.6610 0.3267 0.6756
vn 0.2623 0.5534 0.7906
vn 0.5653 0.0154 0.8247
vn 0.6917 0.3214 0.6467
vn 0.6986 0.0911 0.7097
vn 0.8336 0.1214 0.5389
vn 0.6323 0.1061 0.7674
vn 0.7439 0.1036 0.6602
vn 0.4244 0.1551 0.8921
vn 0.6218 0.1079 0.7757
vn 0.2543 0.0696 0.9646
vn 0.2627 0.1594 0.9516
vn 0.2111 0.0583 0.9757
vn 0.2093 0.0525 0.9764
vn 0.2621 0.0044 0.9650
vn 0.2422 -0.0152 0.9701
vn 0.1619 0.1464 0.9759
vn 0.1584 0.0639 0.9853
vn 0.1281 0.0129 0.9917
vn 0.1357 0.0131 0.9907
vn 0.2056 -0.2339 0.9503
vn 0.1934 -0.2063 0.9592
vn 0.2883 -0.0836 0.9539
vn 0.2597 -0.1292 0.9570
vn 0.1621 0.2655 0.9504
vn 0.1428 0.1669 0.9756
vn 0.1033 0.0867 0.9909
vn 0.0960 0.1099 0.9893
vn 0.0659 -0.0141 0.9977
vn 0.0521 -0.0302 0.9982
vn 0.0498 -0.0785 0.9957
vn 0.0418 -0.0873 0.9953
vn 0.0861 -0.2782 0.9567
vn 0.0552 -0.2625 0.9634
vn 0.1420 -0.1929 0.9709
vn 0.1425 -0.2174 0.9656
vn 0.1534 -0.0275 0.9878
vn 0.1524 -0.0855 0.9846
vn 0.1418 -0.0817 0.9865
vn 0.1439 -0.0890 0.9856
vn 0.1039 -0.1190 0.9874
vn 0.1184 -0.0517 0.9916
vn 0.1151 -0.0633 0.9913
vn 0.1053 -0.1383 0.9848
vn 0.1183 -0.0817 0.9896
vn 0.1142 -0.1450 0.9828
vn 0.1596 -0.0847 0.9835
vn 0.1428 -0.0982 0.9849
vn 0.1616 -0.0517 0.9855
vn 0.1560 -0.1113 0.9815
vn 0.1418 -0.0679 0.9876
vn 0.1683 -0.0069 0.9857
vn 0.0614 -0.0585 0.9964
vn 0.0520 -0.1937 0.9797
vn 0.0709 -0.0931 0.9931
vn 0.0840 -0.0689 0.9941
vn 0.0394 -0.2651 0.9634
vn 0.0413 -0.3032 0.9520
vn 0.0305 -0.2330 0.9720
vn -0.0217 -0.2555 0.9666
vn -0.0428 -0.3273 0.9440
vn -0.0889 -0.2869 0.9538
vn -0.0660 -0.3956 0.9161
vn -0.0939 -0.3168 0.9438
vn -0.0843 -0.4720 0.8775
vn -0.0885 -0.4221 0.9022
vn -0.0186 -0.5212 0.8532
vn -0.0989 -0.1758 0.9794
vn -0.0972 -0.1347 0.9861
vn 0.0046 -0.2183 0.9759
vn 0.0303 -0.3848 0.9225
vn -0.0844 0.1483 0.9853
vn 0.0711 0.2136 0.9743
vn -0.3072 0.1995 0.9305
vn -0.3528 0.2040 0.9132
vn -0.1838 0.1530 0.9710
vn -0.2374 0.1682 0.9568
vn -0.2871 0.1800 0.9408
vn -0.3322 0.1846 0.9250
vn -0.3720 0.1920 0.9082
vn -0.4087 0.2014 0.8902
vn -0.0937 0.0993 0.9906
vn -0.1495 0.1207 0.9814
vn -0.2004 0.1368 0.9701
vn -0.2456 0.1482 0.9580
vn -0.2860 0.1592 0.9449
vn -0.3243 0.1715 0.9303
vn -0.3623 0.1804 0.9144
vn -0.3977 0.1860 0.8985
vn -0.4316 0.1939 0.8810
vn -0.4651 0.2062 0.8609
vn -0.0242 0.0482 0.9985
vn -0.0752 0.0733 0.9945
vn -0.1232 0.0943 0.9879
vn -0.1682 0.1102 0.9796
vn -0.2102 0.1237 0.9698
vn -0.2508 0.1363 0.9584
vn -0.2903 0.1467 0.9456
vn -0.3267 0.1555 0.9322
vn -0.3611 0.1644 0.9179
vn -0.3955 0.1764 0.9014
vn -0.4314 0.1900 0.8819
vn -0.4669 0.1994 0.8615
vn -0.4996 0.2109 0.8402
vn -0.5317 0.2216 0.8174
vn 0.0351 0.0035 0.9994
vn -0.0106 0.0296 0.9995
vn -0.0561 0.0523 0.9971
vn -0.1000 0.0708 0.9925
vn -0.1420 0.0861 0.9861
vn -0.1827 0.0998 0.9781
vn -0.2217 0.1123 0.9686
vn -0.2591 0.1232 0.9580
vn -0.2954 0.1328 0.9461
vn -0.3314 0.1437 0.9325
vn -0.3677 0.1566 0.9167
vn -0.4034 0.1689 0.8993
vn -0.4373 0.1810 0.8809
vn -0.4692 0.1945 0.8614
vn -0.5009 0.2060 0.8406
vn -0.5314 0.2143 0.8196
vn -0.5594 0.2219 0.7986
vn -0.5857 0.2355 0.7756
vn 0.1155 -0.0702 0.9908
vn 0.0839 -0.0346 0.9959
vn 0.0461 -0.0097 0.9989
vn 0.0055 0.0130 0.9999
vn -0.0359 0.0324 0.9988
vn -0.0767 0.0490 0.9959
vn -0.1164 0.0641 0.9911
vn -0.1555 0.0777 0.9848
vn -0.1936 0.0895 0.9770
vn -0.2305 0.1000 0.9679
vn -0.2668 0.1108 0.9573
vn -0.3031 0.1233 0.9449
vn -0.3394 0.1363 0.9307
vn -0.3753 0.1494 0.9148
vn -0.4106 0.1629 0.8971
vn -0.4455 0.1751 0.8780
vn -0.4780 0.1858 0.8585
vn -0.5076 0.1964 0.8389
vn -0.5357 0.2095 0.8180
vn -0.5640 0.2218 0.7954
vn -0.5902 0.2313 0.7734
vn -0.6143 0.2403 0.7516
vn -0.6373 0.2476 0.7298
vn 0.1514 -0.0865 0.9847
vn 0.1294 -0.0634 0.9896
vn 0.0991 -0.0427 0.9942
vn 0.0644 -0.0224 0.9977
vn 0.0272 -0.0037 0.9996
vn -0.0110 0.0133 0.9999
vn -0.0498 0.0286 0.9983
vn -0.0884 0.0428 0.9952
vn -0.1264 0.0555 0.9904
vn -0.1636 0.0669 0.9842
vn -0.2002 0.0780 0.9766
vn -0.2368 0.0900 0.9674
vn -0.2738 0.1028 0.9563
vn -0.3110 0.1158 0.9433
vn -0.3481 0.1291 0.9285
vn -0.3845 0.1424 0.9121
vn -0.4195 0.1552 0.8944
vn -0.4529 0.1674 0.8757
vn -0.4849 0.1801 0.8558
vn -0.5157 0.1935 0.8346
vn -0.5445 0.2058 0.8131
vn -0.5700 0.2167 0.7925
vn -0.5934 0.2277 0.7720
vn -0.6149 0.2342 0.7530
vn -0.6331 0.2360 0.7372
vn -0.6485 0.2405 0.7222
vn -0.6571 0.2370 0.7156
vn 0.1897 -0.0975 0.9770
vn 0.1737 -0.0842 0.9812
vn 0.1505 -0.0690 0.9862
vn 0.1222 -0.0526 0.9911
vn 0.0901 -0.0362 0.9953
vn 0.0555 -0.0204 0.9982
vn 0.0195 -0.0054 0.9998
vn -0.0176 0.0087 0.9998
vn -0.0550 0.0218 0.9982
vn -0.0922 0.0338 0.9952
vn -0.1290 0.0451 0.9906
vn -0.1659 0.0567 0.9845
vn -0.2033 0.0689 0.9767
vn -0.2410 0.0816 0.9671
vn -0.2791 0.0947 0.9556
vn -0.3171 0.1083 0.9422
vn -0.3548 0.1219 0.9270
vn -0.3914 0.1353 0.9102
vn -0.4267 0.1487 0.8921
vn -0.4607 0.1630 0.8725
vn -0.4929 0.1774 0.8518
vn -0.5223 0.1910 0.8311
vn -0.5498 0.2036 0.8101
vn -0.5744 0.2131 0.7904
vn -0.5953 0.2193 0.7730
vn -0.6138 0.2253 0.7567
vn -0.6301 0.2254 0.7431
vn -0.6442 0.2344 0.7280
vn -0.6624 0.2395 0.7098
vn -0.6792 0.2449 0.6919
vn 0.2298 -0.1049 0.9676
vn 0.2184 -0.0986 0.9709
vn 0.2014 -0.0887 0.9755
vn 0.1797 -0.0767 0.9807
vn 0.1536 -0.0637 0.9861
vn 0.1235 -0.0503 0.9911
vn 0.0912 -0.0368 0.9952
vn 0.0569 -0.0236 0.9981
vn 0.0216 -0.0108 0.9997
vn -0.0151 0.0011 0.9999
vn -0.0513 0.0125 0.9986
vn -0.0882 0.0237 0.9958
vn -0.1255 0.0357 0.9914
vn -0.1635 0.0473 0.9854
vn -0.2021 0.0599 0.9775
vn -0.2414 0.0731 0.9677
vn -0.2809 0.0867 0.9558
vn -0.3202 0.1006 0.9420
vn -0.3588 0.1147 0.9263
vn -0.3964 0.1298 0.9089
vn -0.4327 0.1456 0.8897
vn -0.4677 0.1608 0.8691
vn -0.5001 0.1756 0.8480
vn -0.5296 0.1886 0.8270
vn -0.5552 0.1988 0.8076
vn -0.5771 0.2069 0.7900
vn -0.5959 0.2117 0.7747
vn -0.6117 0.2178 0.7605
vn -0.6289 0.2224 0.7450
vn -0.6473 0.2253 0.7282
vn -0.6680 0.2212 0.7106
vn -0.6888 0.2272 0.6884
vn -0.7156 0.2385 0.6565
vn -0.7419 0.2581 0.6189
vn 0.2714 -0.1099 0.9562
vn 0.2639 -0.1077 0.9585
vn 0.2525 -0.1024 0.9622
vn 0.2367 -0.0949 0.9669
vn 0.2163 -0.0855 0.9726
vn 0.1928 -0.0753 0.9783
vn 0.1647 -0.0642 0.9842
vn 0.1345 -0.0528 0.9895
vn 0.1019 -0.0414 0.9939
vn 0.0681 -0.0301 0.9972
vn 0.0330 -0.0192 0.9993
vn -0.0029 -0.0085 1.0000
vn -0.0400 0.0026 0.9992
vn -0.0772 0.0136 0.9969
vn -0.1158 0.0253 0.9930
vn -0.1554 0.0375 0.9871
vn -0.1960 0.0505 0.9793
vn -0.2372 0.0641 0.9693
vn -0.2787 0.0782 0.9572
vn -0.3202 0.0932 0.9428
vn -0.3610 0.1096 0.9261
vn -0.4009 0.1262 0.9074
vn -0.4393 0.1429 0.8869
vn -0.4747 0.1588 0.8657
vn -0.5067 0.1726 0.8447
vn -0.5344 0.1844 0.8248
vn -0.5578 0.1931 0.8072
vn -0.5777 0.2003 0.7913
vn -0.5963 0.2045 0.7763
vn -0.6149 0.2050 0.7615
vn -0.6348 0.2003 0.7463
vn -0.6568 0.1989 0.7273
vn -0.6843 0.2038 0.7001
vn -0.7155 0.2191 0.6634
vn -0.7490 0.2360 0.6192
vn -0.7787 0.2687 0.5669
vn -0.8094 0.3013 0.5041
vn -0.8307 0.3216 0.4545
vn 0.3153 -0.1114 0.9424
vn 0.3109 -0.1127 0.9437
vn 0.3031 -0.1107 0.9465
vn 0.2922 -0.1070 0.9504
vn 0.2778 -0.1015 0.9553
vn 0.2592 -0.0948 0.9612
vn 0.2372 -0.0868 0.9676
vn 0.2122 -0.0779 0.9741
vn 0.1838 -0.0684 0.9806
vn 0.1534 -0.0586 0.9864
vn 0.1216 -0.0487 0.9914
vn 0.0881 -0.0390 0.9954
vn 0.0527 -0.0291 0.9982
vn 0.0171 -0.0189 0.9997
vn -0.0203 -0.0084 0.9998
vn -0.0592 0.0026 0.9982
vn -0.0995 0.0143 0.9949
vn -0.1414 0.0269 0.9896
vn -0.1844 0.0402 0.9820
vn -0.2284 0.0544 0.9720
vn -0.2729 0.0703 0.9595
vn -0.3178 0.0872 0.9441
vn -0.3620 0.1050 0.9263
vn -0.4045 0.1231 0.9062
vn -0.4440 0.1403 0.8850
vn -0.4792 0.1561 0.8637
vn -0.5098 0.1692 0.8435
vn -0.5356 0.1798 0.8251
vn -0.5572 0.1861 0.8092
vn -0.5758 0.1875 0.7958
vn -0.5934 0.1823 0.7840
vn -0.6119 0.1757 0.7711
vn -0.6353 0.1731 0.7526
vn -0.6672 0.1780 0.7233
vn -0.7083 0.1889 0.6801
vn -0.7493 0.2133 0.6269
vn -0.7816 0.2562 0.5688
vn -0.8081 0.2887 0.5135
vn -0.8254 0.3119 0.4706
vn -0.8377 0.3244 0.4393
vn -0.8486 0.3334 0.4108
vn -0.8621 0.3365 0.3790
vn 0.3608 -0.1118 0.9259
vn 0.3565 -0.1149 0.9272
vn 0.3528 -0.1143 0.9287
vn 0.3459 -0.1147 0.9312
vn 0.3356 -0.1123 0.9353
vn 0.3223 -0.1090 0.9404
vn 0.3053 -0.1040 0.9466
vn 0.2855 -0.0979 0.9534
vn 0.2631 -0.0907 0.9605
vn 0.2377 -0.0830 0.9678
vn 0.2100 -0.0748 0.9748
vn 0.1806 -0.0665 0.9813
vn 0.1494 -0.0579 0.9871
vn 0.1162 -0.0489 0.9920
vn 0.0815 -0.0398 0.9959
vn 0.0445 -0.0303 0.9985
vn 0.0062 -0.0204 0.9998
vn -0.0340 -0.0097 0.9994
vn -0.0766 0.0020 0.9971
vn -0.1210 0.0148 0.9925
vn -0.1672 0.0288 0.9855
vn -0.2152 0.0446 0.9755
vn -0.2637 0.0626 0.9626
vn -0.3126 0.0815 0.9464
vn -0.3601 0.1011 0.9274
vn -0.4047 0.1204 0.9065
vn -0.4445 0.1383 0.8850
vn -0.4786 0.1540 0.8644
vn -0.5060 0.1656 0.8465
vn -0.5272 0.1718 0.8322
vn -0.5429 0.1699 0.8224
vn -0.5550 0.1628 0.8158
vn -0.5710 0.1514 0.8069
vn -0.6014 0.1377 0.7870
vn -0.6370 0.1457 0.7569
vn -0.6625 0.1809 0.7268
vn -0.6974 0.2173 0.6829
vn -0.7408 0.2531 0.6222
vn -0.7653 0.2962 0.5715
vn -0.7851 0.3131 0.5344
vn -0.8039 0.3185 0.5023
vn -0.8292 0.3085 0.4661
vn -0.8652 0.2711 0.4218
vn -0.8966 0.2017 0.3943
vn -0.9151 -0.0190 0.4028
vn -0.9348 0.1342 0.3290
vn -0.9673 -0.2530 -0.0194
vn -0.9771 -0.2063 -0.0526
vn -0.9920 -0.1154 -0.0520
vn -0.9998 -0.0027 -0.0202
vn -0.9958 0.0869 0.0293
vn -0.9854 0.1447 0.0897
vn -0.9677 0.1851 0.1712
vn -0.9297 0.2354 0.2833
vn 0.4008 -0.1121 0.9093
vn 0.4008 -0.1133 0.9091
vn 0.3996 -0.1147 0.9095
vn 0.3939 -0.1193 0.9114
vn 0.3864 -0.1186 0.9147
vn 0.3773 -0.1180 0.9186
vn 0.3663 -0.1157 0.9233
vn 0.3521 -0.1123 0.9292
vn 0.3358 -0.1074 0.9358
vn 0.3164 -0.1021 0.9431
vn 0.2944 -0.0961 0.9509
vn 0.2700 -0.0897 0.9587
vn 0.2430 -0.0829 0.9665
vn 0.2144 -0.0756 0.9738
vn 0.1839 -0.0678 0.9806
vn 0.1506 -0.0603 0.9867
vn 0.1162 -0.0522 0.9918
vn 0.0799 -0.0435 0.9958
vn 0.0406 -0.0339 0.9986
vn -0.0012 -0.0233 0.9997
vn -0.0458 -0.0117 0.9989
vn -0.0934 0.0016 0.9956
vn -0.1439 0.0175 0.9894
vn -0.1969 0.0351 0.9798
vn -0.2509 0.0550 0.9665
vn -0.3043 0.0765 0.9495
vn -0.3546 0.0987 0.9298
vn -0.3998 0.1202 0.9087
vn -0.4375 0.1394 0.8883
vn -0.4658 0.1539 0.8714
vn -0.4841 0.1608 0.8601
vn -0.4947 0.1570 0.8548
vn -0.5079 0.1343 0.8509
vn -0.5135 0.1226 0.8493
vn -0.4592 0.1763 0.8707
vn -0.4900 0.1403 0.8603
vn -0.5850 0.1457 0.7979
vn -0.6469 0.2083 0.7336
vn -0.6832 0.2682 0.6792
vn -0.7098 0.2972 0.6386
vn -0.7312 0.3043 0.6105
vn -0.7622 0.2785 0.5844
vn -0.8053 0.2247 0.5486
vn -0.8479 0.1674 0.5030
vn -0.8717 -0.0425 0.4881
vn -0.8803 0.0747 0.4685
vn -0.9311 0.0535 0.3608
vn -0.9445 -0.1075 0.3103
vn -0.9512 -0.1360 0.2768
vn -0.9554 -0.1376 0.2614
vn -0.9580 -0.1270 0.2571
vn -0.9590 -0.1219 0.2559
vn -0.9589 -0.1220 0.2561
vn -0.9564 -0.1117 0.2698
vn -0.9506 -0.0808 0.2998
vn -0.9407 -0.0664 0.3326
vn -0.9350 -0.1853 0.3023
vn -0.9215 -0.3204 0.2194
vn -0.9198 -0.3674 0.1377
vn -0.9325 -0.3568 0.0561
vn -0.9570 -0.2898 0.0113
vn -0.9826 -0.1853 0.0125
vn -0.9983 -0.0333 0.0468
vn -0.9902 0.1079 0.0884
vn -0.9674 0.2116 0.1389
vn -0.9366 0.2840 0.2052
vn -0.8971 0.3367 0.2862
vn -0.8579 0.3532 0.3732
vn -0.8277 0.2275 0.5130
vn -0.7136 0.3223 0.6220
vn 0.4330 -0.1222 0.8931
vn 0.4293 -0.1217 0.8949
vn 0.4237 -0.1227 0.8974
vn 0.4175 -0.1220 0.9005
vn 0.4092 -0.1210 0.9044
vn 0.3986 -0.1182 0.9095
vn 0.3851 -0.1160 0.9156
vn 0.3683 -0.1124 0.9229
vn 0.3489 -0.1081 0.9309
vn 0.3282 -0.1027 0.9390
vn 0.3047 -0.0978 0.9474
vn 0.2788 -0.0916 0.9560
vn 0.2514 -0.0856 0.9641
vn 0.2226 -0.0791 0.9717
vn 0.1918 -0.0726 0.9787
vn 0.1582 -0.0653 0.9852
vn 0.1220 -0.0572 0.9909
vn 0.0826 -0.0484 0.9954
vn 0.0391 -0.0387 0.9985
vn -0.0084 -0.0269 0.9996
vn -0.0603 -0.0130 0.9981
vn -0.1167 0.0050 0.9932
vn -0.1757 0.0256 0.9841
vn -0.2356 0.0495 0.9706
vn -0.2935 0.0755 0.9530
vn -0.3454 0.1025 0.9328
vn -0.3874 0.1280 0.9130
vn -0.4160 0.1473 0.8974
vn -0.4311 0.1507 0.8896
vn -0.4276 0.1450 0.8923
vn -0.3435 0.2304 0.9104
vn -0.2980 0.1931 0.9348
vn -0.4046 0.0164 0.9144
vn -0.4916 0.0575 0.8689
vn -0.5443 0.1561 0.8242
vn -0.5856 0.2302 0.7772
vn -0.6145 0.2760 0.7391
vn -0.6606 0.2707 0.7002
vn -0.6865 0.2542 0.6813
vn -0.7259 0.1754 0.6651
vn -0.7721 0.1107 0.6258
vn -0.7945 -0.0334 0.6064
vn -0.8008 0.0244 0.5985
vn -0.8584 -0.0505 0.5105
vn -0.8761 -0.1273 0.4651
vn -0.8836 -0.1323 0.4491
vn -0.8890 -0.1243 0.4407
vn -0.8946 -0.1167 0.4314
vn -0.8975 -0.1122 0.4264
vn -0.8970 -0.1015 0.4301
vn -0.8910 -0.0722 0.4483
vn -0.8771 -0.0315 0.4792
vn -0.8731 -0.1079 0.4754
vn -0.8654 -0.3142 0.3904
vn -0.8540 -0.4359 0.2841
vn -0.8623 -0.4736 0.1796
vn -0.9054 -0.4020 0.1369
vn -0.9505 -0.2694 0.1550
vn -0.9768 -0.1045 0.1872
vn -0.9745 0.0707 0.2130
vn -0.9478 0.2197 0.2312
vn -0.9068 0.3336 0.2576
vn -0.8615 0.4090 0.3010
vn -0.8146 0.4562 0.3582
vn -0.7838 0.4392 0.4390
vn -0.7571 0.3735 0.5360
vn -0.6909 0.4017 0.6012
vn -0.6406 0.4321 0.6348
vn -0.5880 0.4601 0.6653
vn 0.4475 -0.1237 0.8857
vn 0.4389 -0.1258 0.8897
vn 0.4266 -0.1247 0.8958
vn 0.4118 -0.1214 0.9031
vn 0.3978 -0.1170 0.9100
vn 0.3796 -0.1160 0.9179
vn 0.3597 -0.1102 0.9265
vn 0.3386 -0.1053 0.9350
vn 0.3170 -0.0994 0.9432
vn 0.2935 -0.0952 0.9512
vn 0.2675 -0.0906 0.9593
vn 0.2372 -0.0855 0.9677
vn 0.2042 -0.0793 0.9757
vn 0.1683 -0.0736 0.9830
vn 0.1283 -0.0659 0.9895
vn 0.0834 -0.0566 0.9949
vn 0.0324 -0.0442 0.9985
vn -0.0253 -0.0280 0.9993
vn -0.0891 -0.0073 0.9960
vn -0.1572 0.0187 0.9874
vn -0.2252 0.0504 0.9730
vn -0.2868 0.0867 0.9541
vn -0.3333 0.1229 0.9348
vn -0.3554 0.1482 0.9229
vn -0.3300 0.2063 0.9212
vn -0.2705 0.3043 0.9134
vn -0.3147 0.1107 0.9427
vn -0.3632 -0.0595 0.9298
vn -0.4067 0.0067 0.9135
vn -0.4527 0.1077 0.8851
vn -0.4892 0.1943 0.8503
vn -0.5201 0.2305 0.8224
vn -0.5856 0.2226 0.7794
vn -0.5957 0.2491 0.7636
vn -0.6344 0.1255 0.7627
vn -0.6764 0.0585 0.7342
vn -0.6983 -0.0197 0.7155
vn -0.7203 -0.0433 0.6923
vn -0.7644 -0.1181 0.6338
vn -0.7815 -0.1304 0.6101
vn -0.7936 -0.1229 0.5959
vn -0.8021 -0.1164 0.5857
vn -0.8095 -0.1089 0.5769
vn -0.8127 -0.0952 0.5749
vn -0.8094 -0.0679 0.5833
vn -0.7958 -0.0226 0.6051
vn -0.7771 -0.0116 0.6293
vn -0.7813 -0.2198 0.5842
vn -0.7639 -0.4427 0.4695
vn -0.7568 -0.5598 0.3375
vn -0.7976 -0.5300 0.2879
vn -0.8661 -0.3833 0.3208
vn -0.9104 -0.2154 0.3532
vn -0.9286 -0.0314 0.3697
vn -0.9171 0.1504 0.3691
vn -0.8819 0.3043 0.3600
vn -0.8324 0.4246 0.3562
vn -0.7830 0.4999 0.3702
vn -0.7360 0.5431 0.4042
vn -0.7116 0.5147 0.4782
vn -0.6837 0.4628 0.5642
vn -0.6293 0.4720 0.6174
vn -0.5695 0.4994 0.6529
vn -0.5091 0.5265 0.6809
vn -0.4495 0.5458 0.7072
vn -0.3891 0.5591 0.7322
vn -0.3267 0.5715 0.7528
vn -0.2615 0.5894 0.7643
vn -0.1946 0.6169 0.7626
vn -0.1259 0.6525 0.7472
vn -0.0545 0.6886 0.7231
vn 0.0065 0.7575 0.6528
vn 0.0687 0.8774 0.4747
vn 0.4341 -0.1284 0.8917
vn 0.4214 -0.1233 0.8984
vn 0.4054 -0.1198 0.9063
vn 0.3906 -0.1130 0.9136
vn 0.3738 -0.1115 0.9208
vn 0.3542 -0.1102 0.9287
vn 0.3289 -0.1092 0.9380
vn 0.3040 -0.1029 0.9471
vn 0.2773 -0.1004 0.9555
vn 0.2483 -0.0954 0.9640
vn 0.2154 -0.0911 0.9723
vn 0.1749 -0.0862 0.9808
vn 0.1260 -0.0776 0.9890
vn 0.0679 -0.0654 0.9955
vn -0.0003 -0.0458 0.9989
vn -0.0775 -0.0171 0.9968
vn -0.1593 0.0241 0.9869
vn -0.2336 0.0781 0.9692
vn -0.2802 0.1378 0.9500
vn -0.2834 0.2499 0.9259
vn -0.2692 0.2993 0.9154
vn -0.3128 0.0557 0.9482
vn -0.3287 -0.0857 0.9405
vn -0.3634 -0.0351 0.9310
vn -0.4035 0.0676 0.9125
vn -0.4271 0.1735 0.8874
vn -0.4517 0.1705 0.8757
vn -0.5113 0.1825 0.8398
vn -0.5347 0.2290 0.8134
vn -0.5537 0.0968 0.8271
vn -0.5707 0.0212 0.8209
vn -0.5951 -0.0360 0.8029
vn -0.6177 -0.0964 0.7805
vn -0.6396 -0.1364 0.7565
vn -0.6640 -0.1352 0.7354
vn -0.6886 -0.1251 0.7143
vn -0.7070 -0.1153 0.6978
vn -0.7174 -0.0997 0.6895
vn -0.7197 -0.0718 0.6905
vn -0.7117 -0.0253 0.7020
vn -0.6903 0.0377 0.7225
vn -0.6799 -0.0448 0.7320
vn -0.6718 -0.3392 0.6586
vn -0.6362 -0.5599 0.5308
vn -0.6398 -0.6363 0.4311
vn -0.7170 -0.5240 0.4598
vn -0.7868 -0.3546 0.5051
vn -0.8300 -0.1749 0.5296
vn -0.8472 0.0166 0.5310
vn -0.8378 0.2023 0.5072
vn -0.8019 0.3652 0.4729
vn -0.7537 0.4865 0.4419
vn -0.7026 0.5667 0.4302
vn -0.6565 0.6089 0.4452
vn -0.6300 0.5849 0.5109
vn -0.5987 0.5378 0.5937
vn -0.5440 0.5416 0.6409
vn -0.4848 0.5618 0.6703
vn -0.4290 0.5816 0.6912
vn -0.3779 0.5956 0.7088
vn -0.3299 0.6051 0.7245
vn -0.2841 0.6143 0.7362
vn -0.2397 0.6282 0.7402
vn -0.1960 0.6510 0.7333
vn -0.1525 0.6813 0.7160
vn -0.1275 0.7022 0.7004
vn -0.1099 0.7668 0.6325
vn -0.0219 0.8990 0.4374
vn 0.3875 -0.1269 0.9131
vn 0.3726 -0.1189 0.9204
vn 0.3542 -0.1191 0.9276
vn 0.3352 -0.1145 0.9352
vn 0.3125 -0.1163 0.9428
vn 0.2816 -0.1194 0.9521
vn 0.2453 -0.1171 0.9623
vn 0.2023 -0.1140 0.9727
vn 0.1501 -0.1052 0.9831
vn 0.0847 -0.0891 0.9924
vn -0.0049 -0.0607 0.9981
vn -0.1121 -0.0013 0.9937
vn -0.2052 0.0906 0.9745
vn -0.2536 0.2483 0.9349
vn -0.2683 0.2759 0.9230
vn -0.3132 0.0180 0.9495
vn -0.3314 -0.1101 0.9370
vn -0.3598 -0.0695 0.9304
vn -0.3860 0.0396 0.9217
vn -0.4032 0.1624 0.9006
vn -0.4276 0.1162 0.8965
vn -0.4708 0.1395 0.8711
vn -0.5112 0.2018 0.8355
vn -0.5127 0.1021 0.8525
vn -0.5063 0.0093 0.8623
vn -0.5041 -0.0512 0.8621
vn -0.5068 -0.1113 0.8548
vn -0.5148 -0.1479 0.8445
vn -0.5408 -0.1548 0.8268
vn -0.5783 -0.1457 0.8027
vn -0.6100 -0.1239 0.7827
vn -0.6267 -0.0904 0.7740
vn -0.6298 -0.0450 0.7754
vn -0.6227 0.0165 0.7823
vn -0.6086 0.0720 0.7902
vn -0.6019 -0.0992 0.7924
vn -0.5581 -0.4156 0.7182
vn -0.5019 -0.6357 0.5865
vn -0.5190 -0.6515 0.5533
vn -0.5992 -0.5053 0.6210
vn -0.6676 -0.3326 0.6660
vn -0.7149 -0.1493 0.6831
vn -0.7373 0.0443 0.6741
vn -0.7374 0.2313 0.6346
vn -0.7085 0.4052 0.5778
vn -0.6601 0.5362 0.5261
vn -0.6088 0.6203 0.4947
vn -0.5598 0.6671 0.4915
vn -0.5286 0.6488 0.5474
vn -0.5026 0.6001 0.6223
vn -0.4564 0.5969 0.6598
vn -0.4072 0.6088 0.6809
vn -0.3616 0.6213 0.6951
vn -0.3218 0.6300 0.7068
vn -0.2877 0.6349 0.7170
vn -0.2595 0.6394 0.7237
vn -0.2370 0.6475 0.7242
vn -0.2208 0.6627 0.7156
vn -0.2264 0.6715 0.7055
vn 0.3309 -0.1443 0.9326
vn 0.3106 -0.1433 0.9397
vn 0.2860 -0.1454 0.9471
vn 0.2539 -0.1450 0.9563
vn 0.2064 -0.1521 0.9666
vn 0.1355 -0.1526 0.9790
vn 0.0190 -0.1173 0.9929
vn -0.1156 -0.0064 0.9933
vn -0.2143 0.2049 0.9550
vn -0.2644 0.2336 0.9357
vn -0.3243 -0.0291 0.9455
vn -0.3522 -0.1362 0.9260
vn -0.3628 -0.0816 0.9283
vn -0.3733 0.0227 0.9274
vn -0.3902 0.1444 0.9093
vn -0.4161 0.0796 0.9058
vn -0.4362 0.0953 0.8948
vn -0.4815 0.1700 0.8598
vn -0.4964 0.1078 0.8614
vn -0.4842 0.0242 0.8746
vn -0.4666 -0.0436 0.8834
vn -0.4459 -0.1020 0.8893
vn -0.4272 -0.1461 0.8923
vn -0.4302 -0.1739 0.8858
vn -0.4587 -0.1723 0.8717
vn -0.4993 -0.1417 0.8547
vn -0.5306 -0.0890 0.8429
vn -0.5437 -0.0262 0.8389
vn -0.5435 0.0480 0.8380
vn -0.5367 0.0835 0.8396
vn -0.5201 -0.1248 0.8449
vn -0.4498 -0.4552 0.7684
vn -0.3727 -0.6504 0.6619
vn -0.3800 -0.6322 0.6752
vn -0.4499 -0.4902 0.7465
vn -0.5154 -0.3232 0.7937
vn -0.5687 -0.1393 0.8107
vn -0.5991 0.0533 0.7989
vn -0.6048 0.2472 0.7570
vn -0.5825 0.4348 0.6868
vn -0.5331 0.5804 0.6156
vn -0.4827 0.6663 0.5683
vn -0.4338 0.7168 0.5459
vn -0.4117 0.6973 0.5868
vn -0.3988 0.6450 0.6518
vn -0.3665 0.6355 0.6796
vn -0.3309 0.6408 0.6927
vn -0.2988 0.6477 0.7009
vn -0.2728 0.6515 0.7079
vn -0.2544 0.6516 0.7147
vn -0.2451 0.6500 0.7193
vn -0.2448 0.6501 0.7193
vn 0.1734 -0.2323 0.9571
vn 0.0942 -0.2334 0.9678
vn -0.0327 -0.1410 0.9895
vn -0.1743 0.1127 0.9782
vn -0.2730 0.1555 0.9494
vn -0.3663 -0.1023 0.9249
vn -0.3871 -0.1416 0.9111
vn -0.3679 -0.0700 0.9272
vn -0.3648 0.0153 0.9310
vn -0.3783 0.1206 0.9178
vn -0.4023 0.0638 0.9133
vn -0.3945 0.0752 0.9158
vn -0.4255 0.1309 0.8954
vn -0.4564 0.0977 0.8844
vn -0.4624 0.0346 0.8860
vn -0.4506 -0.0233 0.8924
vn -0.4189 -0.0678 0.9055
vn -0.3784 -0.1186 0.9180
vn -0.3499 -0.1674 0.9217
vn -0.3462 -0.1869 0.9194
vn -0.3684 -0.1612 0.9156
vn -0.4111 -0.1042 0.9056
vn -0.4471 -0.0242 0.8942
vn -0.4603 0.0655 0.8853
vn -0.4607 0.0909 0.8829
vn -0.4366 -0.1191 0.8917
vn -0.3473 -0.4413 0.8274
vn -0.2504 -0.6135 0.7489
vn -0.2411 -0.6066 0.7576
vn -0.2958 -0.4778 0.8272
vn -0.3554 -0.3195 0.8784
vn -0.4046 -0.1386 0.9039
vn -0.4273 0.0579 0.9022
vn -0.4288 0.2576 0.8659
vn -0.4070 0.4580 0.7903
vn -0.3643 0.6117 0.7022
vn -0.3269 0.6964 0.6389
vn -0.2977 0.7430 0.5995
vn -0.2918 0.7237 0.6254
vn -0.2936 0.6709 0.6810
vn -0.2756 0.6579 0.7009
vn -0.2537 0.6588 0.7082
vn -0.2347 0.6617 0.7121
vn -0.2234 0.6612 0.7162
vn -0.9656 -0.2588 -0.0243
vn -0.9638 -0.2595 -0.0617
vn -0.9678 -0.2388 -0.0798
vn -0.9744 -0.2115 -0.0765
vn -0.9797 -0.1912 -0.0597
vn -0.9827 -0.1817 -0.0368
vn -0.9845 -0.1748 -0.0144
vn -0.9851 -0.1720 0.0042
vn -0.9861 -0.1650 0.0196
vn -0.3511 0.0114 0.9363
vn -0.3933 -0.1382 0.9090
vn -0.3705 -0.1148 0.9217
vn -0.3622 -0.0525 0.9306
vn -0.3580 0.0174 0.9336
vn -0.3658 0.0953 0.9258
vn -0.3800 0.0685 0.9225
vn -0.3539 0.0833 0.9316
vn -0.3614 0.1002 0.9270
vn -0.3910 0.0720 0.9176
vn -0.4132 0.0281 0.9102
vn -0.4100 -0.0005 0.9121
vn -0.3863 -0.0272 0.9220
vn -0.3496 -0.0758 0.9338
vn -0.3056 -0.1310 0.9431
vn -0.2713 -0.1670 0.9479
vn -0.2645 -0.1733 0.9487
vn -0.2927 -0.1339 0.9468
vn -0.3370 -0.0431 0.9405
vn -0.3695 0.0640 0.9270
vn -0.3819 0.0971 0.9191
vn -0.3577 -0.0921 0.9293
vn -0.2684 -0.3816 0.8845
vn -0.1669 -0.5601 0.8115
vn -0.1202 -0.5681 0.8141
vn -0.1481 -0.4667 0.8719
vn -0.1987 -0.3137 0.9285
vn -0.2282 -0.1253 0.9655
vn -0.2368 0.0686 0.9691
vn -0.2286 0.2663 0.9364
vn -0.2068 0.4653 0.8607
vn -0.1847 0.6147 0.7668
vn -0.1729 0.6970 0.6960
vn -0.1687 0.7441 0.6465
vn -0.1823 0.7293 0.6595
vn -0.1916 0.6822 0.7057
vn -0.1804 0.6671 0.7228
vn -0.1654 0.6651 0.7282
vn -0.9431 -0.3086 -0.1238
vn -0.9498 -0.2820 -0.1352
vn -0.9646 -0.2325 -0.1247
vn -0.9763 -0.1910 -0.1015
vn -0.9829 -0.1679 -0.0759
vn -0.9858 -0.1595 -0.0516
vn -0.9872 -0.1565 -0.0294
vn -0.9880 -0.1544 -0.0088
vn -0.9886 -0.1501 0.0112
vn -0.9887 -0.1469 0.0292
vn -0.9883 -0.1453 0.0455
vn -0.9872 -0.1471 0.0615
vn -0.9862 -0.1453 0.0797
vn -0.9845 -0.1441 0.0995
vn -0.9815 -0.1455 0.1245
vn -0.9785 -0.1408 0.1510
vn -0.9734 -0.1419 0.1802
vn -0.9634 -0.1522 0.2208
vn -0.9579 -0.1341 0.2538
vn -0.9487 -0.1491 0.2787
vn -0.9418 -0.1374 0.3067
vn -0.5514 -0.0529 0.8325
vn -0.4759 -0.0915 0.8747
vn -0.4040 -0.0824 0.9111
vn -0.3300 -0.0193 0.9438
vn -0.2963 0.0278 0.9547
vn -0.2941 0.0835 0.9521
vn -0.2872 0.0939 0.9533
vn -0.2640 0.1035 0.9589
vn -0.2672 0.0855 0.9598
vn -0.2899 0.0454 0.9560
vn -0.3105 0.0192 0.9504
vn -0.3203 0.0117 0.9472
vn -0.3192 -0.0015 0.9477
vn -0.2996 -0.0357 0.9534
vn -0.2667 -0.0880 0.9597
vn -0.2335 -0.1321 0.9633
vn -0.2035 -0.1579 0.9663
vn -0.1931 -0.1448 0.9704
vn -0.2261 -0.0757 0.9711
vn -0.2721 0.0399 0.9614
vn -0.3026 0.0954 0.9483
vn -0.2852 -0.0523 0.9570
vn -0.2080 -0.3095 0.9279
vn -0.1085 -0.4774 0.8720
vn -0.0358 -0.5131 0.8576
vn -0.0225 -0.4448 0.8954
vn -0.0308 -0.2902 0.9565
vn -0.0452 -0.1074 0.9932
vn -0.0469 0.0850 0.9953
vn -0.0365 0.2732 0.9613
vn -0.0256 0.4521 0.8916
vn -0.0228 0.5902 0.8070
vn -0.0330 0.6701 0.7416
vn -0.0445 0.7234 0.6890
vn -0.0697 0.7197 0.6908
vn -0.0832 0.6838 0.7249
vn -0.0801 0.6671 0.7406
vn -0.9335 -0.3127 -0.1757
vn -0.9558 -0.2546 -0.1471
vn -0.9748 -0.1931 -0.1114
vn -0.9846 -0.1551 -0.0805
vn -0.9888 -0.1384 -0.0559
vn -0.9903 -0.1342 -0.0347
vn -0.9910 -0.1333 -0.0149
vn -0.9913 -0.1314 0.0047
vn -0.9914 -0.1286 0.0235
vn -0.9909 -0.1283 0.0403
vn -0.9902 -0.1279 0.0563
vn -0.9891 -0.1280 0.0725
vn -0.9881 -0.1246 0.0903
vn -0.9866 -0.1213 0.1089
vn -0.9843 -0.1215 0.1283
vn -0.9819 -0.1179 0.1484
vn -0.9788 -0.1171 0.1678
vn -0.9736 -0.1272 0.1893
vn -0.9701 -0.1245 0.2083
vn -0.9650 -0.1317 0.2266
vn -0.9593 -0.1348 0.2481
vn -0.9549 -0.1279 0.2679
vn -0.9471 -0.1279 0.2944
vn -0.9375 -0.1161 0.3281
vn -0.9222 -0.1115 0.3704
vn -0.9024 -0.1023 0.4185
vn -0.8750 -0.0807 0.4773
vn -0.7943 -0.1575 0.5868
vn -0.7260 -0.3617 0.5849
vn -0.7419 -0.2166 0.6346
vn -0.6343 -0.2028 0.7460
vn -0.5104 -0.3596 0.7811
vn -0.5640 -0.3757 0.7354
vn -0.4824 -0.0585 0.8740
vn -0.3412 -0.0021 0.9400
vn -0.3200 0.0049 0.9474
vn -0.2399 0.0377 0.9701
vn -0.1808 0.0458 0.9825
vn -0.1581 0.0489 0.9862
vn -0.1358 0.0975 0.9859
vn -0.1281 0.1137 0.9852
vn -0.1356 0.1055 0.9851
vn -0.1514 0.0722 0.9858
vn -0.1640 0.0312 0.9860
vn -0.1751 0.0096 0.9845
vn -0.1924 0.0055 0.9813
vn -0.2035 0.0097 0.9790
vn -0.2032 -0.0108 0.9791
vn -0.1928 -0.0573 0.9796
vn -0.1726 -0.0952 0.9804
vn -0.1447 -0.1186 0.9823
vn -0.1195 -0.1337 0.9838
vn -0.1199 -0.0956 0.9882
vn -0.1604 -0.0013 0.9870
vn -0.2074 0.0800 0.9750
vn -0.2093 -0.0160 0.9777
vn -0.1533 -0.2391 0.9588
vn -0.0756 -0.3931 0.9164
vn -0.0009 -0.4430 0.8965
vn 0.0504 -0.3832 0.9223
vn 0.0643 -0.2634 0.9625
vn 0.0645 -0.0965 0.9932
vn 0.0676 0.0908 0.9936
vn 0.0703 0.2653 0.9616
vn 0.0721 0.4273 0.9012
vn 0.0678 0.5545 0.8294
vn 0.0589 0.6357 0.7697
vn 0.0534 0.6940 0.7180
vn 0.0258 0.6979 0.7157
vn -0.9539 -0.2597 -0.1506
vn -0.9768 -0.1910 -0.0969
vn -0.9882 -0.1422 -0.0564
vn -0.9925 -0.1188 -0.0302
vn -0.9938 -0.1106 -0.0119
vn -0.9940 -0.1096 0.0040
vn -0.9938 -0.1093 0.0198
vn -0.9935 -0.1081 0.0358
vn -0.9929 -0.1074 0.0511
vn -0.9919 -0.1084 0.0658
vn -0.9908 -0.1084 0.0807
vn -0.9896 -0.1071 0.0959
vn -0.9883 -0.1037 0.1116
vn -0.9868 -0.1015 0.1263
vn -0.9847 -0.1023 0.1407
vn -0.9828 -0.1010 0.1543
vn -0.9808 -0.1030 0.1658
vn -0.9773 -0.1127 0.1794
vn -0.9745 -0.1103 0.1956
vn -0.9701 -0.1147 0.2139
vn -0.9647 -0.1129 0.2378
vn -0.9592 -0.1018 0.2636
vn -0.9514 -0.0950 0.2930
vn -0.9426 -0.0764 0.3252
vn -0.9310 -0.0756 0.3570
vn -0.9182 -0.0667 0.3904
vn -0.8876 0.0437 0.4586
vn -0.8128 -0.0936 0.5750
vn -0.7238 -0.3419 0.5993
vn -0.7369 -0.0482 0.6743
vn -0.6374 -0.0978 0.7643
vn -0.5660 -0.4413 0.6963
vn -0.4818 -0.0261 0.8759
vn -0.0145 0.3573 0.9339
vn -0.0267 -0.0664 0.9974
vn -0.0471 0.0218 0.9987
vn -0.0474 0.0742 0.9961
vn -0.0455 0.0656 0.9968
vn -0.0255 0.0788 0.9966
vn -0.0218 0.1049 0.9942
vn -0.0366 0.1028 0.9940
vn -0.0571 0.0874 0.9945
vn -0.0715 0.0610 0.9956
vn -0.0727 0.0305 0.9969
vn -0.0706 0.0054 0.9975
vn -0.0701 0.0015 0.9975
vn -0.0742 0.0094 0.9972
vn -0.0858 -0.0069 0.9963
vn -0.0892 -0.0406 0.9952
vn -0.0815 -0.0684 0.9943
vn -0.0676 -0.0844 0.9941
vn -0.0451 -0.1015 0.9938
vn -0.0323 -0.0955 0.9949
vn -0.0511 -0.0382 0.9980
vn -0.0882 0.0520 0.9947
vn -0.1185 -0.0072 0.9929
vn -0.0981 -0.1851 0.9778
vn -0.0481 -0.3260 0.9441
vn 0.0065 -0.3751 0.9270
vn 0.0843 0.0863 0.9927
vn 0.0824 0.5379 0.8390
vn 0.0821 0.6171 0.7826
vn 0.0796 0.6733 0.7351
vn -0.9826 -0.1739 -0.0654
vn -0.9922 -0.1236 -0.0150
vn -0.9950 -0.0984 0.0148
vn -0.9955 -0.0893 0.0319
vn -0.9952 -0.0871 0.0439
vn -0.9947 -0.0872 0.0551
vn -0.9940 -0.0867 0.0672
vn -0.9931 -0.0866 0.0790
vn -0.9920 -0.0866 0.0915
vn -0.9906 -0.0877 0.1048
vn -0.9892 -0.0872 0.1181
vn -0.9875 -0.0858 0.1319
vn -0.9859 -0.0833 0.1454
vn -0.9840 -0.0829 0.1575
vn -0.9819 -0.0844 0.1695
vn -0.9798 -0.0850 0.1811
vn -0.9775 -0.0874 0.1921
vn -0.9740 -0.0918 0.2073
vn -0.9702 -0.0851 0.2269
vn -0.9648 -0.0851 0.2487
vn -0.9578 -0.0750 0.2775
vn -0.9499 -0.0631 0.3061
vn -0.9401 -0.0508 0.3372
vn -0.9292 -0.0339 0.3681
vn -0.9141 -0.0236 0.4048
vn -0.8840 0.0312 0.4665
vn -0.8414 0.1708 0.5127
vn -0.8068 -0.0663 0.5871
vn -0.7271 -0.2649 0.6334
vn -0.7291 0.0750 0.6802
vn -0.6811 -0.1098 0.7239
vn -0.5118 -0.2472 0.8228
vn -0.1826 0.6349 0.7507
vn 0.0311 0.4400 0.8975
vn 0.0569 -0.0698 0.9959
vn 0.0529 0.0119 0.9985
vn 0.0348 0.0605 0.9976
vn 0.0191 0.0680 0.9975
vn 0.0124 0.0804 0.9967
vn -0.0014 0.0909 0.9959
vn -0.0165 0.0856 0.9962
vn -0.0282 0.0733 0.9969
vn -0.0345 0.0573 0.9978
vn -0.0313 0.0373 0.9988
vn -0.0185 0.0178 0.9997
vn -0.0072 0.0110 0.9999
vn -0.0097 0.0035 0.9999
vn -0.0182 -0.0120 0.9998
vn -0.0206 -0.0339 0.9992
vn -0.0173 -0.0552 0.9983
vn -0.0119 -0.0668 0.9977
vn -0.0057 -0.0810 0.9967
vn 0.0049 -0.0857 0.9963
vn 0.0088 -0.0472 0.9988
vn -0.0158 0.0127 0.9998
vn -0.0549 -0.0307 0.9980
vn -0.0567 -0.1629 0.9850
vn -0.0263 -0.2774 0.9604
vn 0.0132 -0.3233 0.9462
vn 0.0740 0.0787 0.9941
vn -0.9946 -0.0955 0.0415
vn -0.9947 -0.0739 0.0716
vn -0.9939 -0.0672 0.0877
vn -0.9930 -0.0662 0.0978
vn -0.9921 -0.0662 0.1061
vn -0.9912 -0.0659 0.1150
vn -0.9901 -0.0654 0.1246
vn -0.9887 -0.0648 0.1348
vn -0.9872 -0.0645 0.1459
vn -0.9853 -0.0647 0.1580
vn -0.9832 -0.0634 0.1713
vn -0.9808 -0.0619 0.1848
vn -0.9784 -0.0605 0.1977
vn -0.9756 -0.0605 0.2109
vn -0.9725 -0.0613 0.2248
vn -0.9688 -0.0606 0.2403
vn -0.9643 -0.0591 0.2582
vn -0.9582 -0.0549 0.2809
vn -0.9507 -0.0450 0.3068
vn -0.9414 -0.0371 0.3353
vn -0.9296 -0.0219 0.3679
vn -0.9163 -0.0081 0.4005
vn -0.9002 0.0094 0.4353
vn -0.8810 0.0310 0.4721
vn -0.8549 0.0647 0.5147
vn -0.8265 0.1249 0.5490
vn -0.8118 0.2090 0.5452
vn -0.8006 -0.0436 0.5976
vn -0.7340 -0.1684 0.6579
vn -0.7065 0.1695 0.6872
vn -0.6492 -0.0359 0.7598
vn -0.3024 0.3764 0.8757
vn 0.0218 0.8253 0.5643
vn 0.0507 0.4603 0.8863
vn 0.0699 -0.0536 0.9961
vn 0.0678 -0.0023 0.9977
vn 0.0474 0.0380 0.9982
vn 0.0233 0.0527 0.9983
vn 0.0085 0.0679 0.9977
vn -0.0017 0.0788 0.9969
vn -0.0094 0.0759 0.9971
vn -0.0139 0.0674 0.9976
vn -0.0136 0.0580 0.9982
vn -0.0084 0.0454 0.9989
vn -0.0021 0.0277 0.9996
vn -0.0010 0.0118 0.9999
vn -0.0039 -0.0010 1.0000
vn -0.0047 -0.0135 0.9999
vn -0.0047 -0.0316 0.9995
vn -0.0031 -0.0512 0.9987
vn -0.0017 -0.0635 0.9980
vn -0.0006 -0.0757 0.9971
vn 0.0034 -0.0768 0.9970
vn 0.0063 -0.0507 0.9987
vn -0.0039 -0.0179 0.9998
vn -0.0256 -0.0531 0.9983
vn -0.0279 -0.1523 0.9879
vn -0.0077 -0.2448 0.9695
vn 0.0179 -0.2870 0.9578
vn 0.0441 0.4586 0.8876
vn -0.9892 -0.0465 0.1393
vn -0.9875 -0.0433 0.1518
vn -0.9861 -0.0445 0.1599
vn -0.9848 -0.0450 0.1676
vn -0.9834 -0.0448 0.1756
vn -0.9819 -0.0436 0.1845
vn -0.9801 -0.0422 0.1941
vn -0.9780 -0.0408 0.2047
vn -0.9754 -0.0389 0.2170
vn -0.9724 -0.0372 0.2302
vn -0.9689 -0.0346 0.2452
vn -0.9649 -0.0322 0.2607
vn -0.9604 -0.0300 0.2770
vn -0.9551 -0.0277 0.2950
vn -0.9485 -0.0241 0.3158
vn -0.9403 -0.0184 0.3398
vn -0.9301 -0.0102 0.3672
vn -0.9174 0.0015 0.3980
vn -0.9023 0.0151 0.4309
vn -0.8845 0.0302 0.4655
vn -0.8640 0.0478 0.5013
vn -0.8407 0.0659 0.5374
vn -0.8144 0.0870 0.5737
vn -0.7864 0.1110 0.6077
vn -0.7630 0.1369 0.6317
vn -0.7567 0.1583 0.6343
vn -0.7704 0.2040 0.6040
vn -0.7867 -0.0286 0.6167
vn -0.6530 0.0481 0.7558
vn -0.5164 0.2643 0.8146
vn -0.2762 0.4084 0.8700
vn 0.0710 0.7387 0.6703
vn 0.0685 0.8267 0.5584
vn 0.0511 0.4599 0.8865
vn 0.0611 -0.0416 0.9973
vn 0.0560 -0.0168 0.9983
vn 0.0330 0.0117 0.9994
vn 0.0083 0.0330 0.9994
vn -0.0015 0.0594 0.9982
vn -0.0044 0.0734 0.9973
vn -0.0054 0.0729 0.9973
vn -0.0025 0.0689 0.9976
vn 0.0048 0.0640 0.9979
vn 0.0119 0.0513 0.9986
vn 0.0108 0.0276 0.9996
vn 0.0028 0.0071 1.0000
vn -0.0015 -0.0030 1.0000
vn -0.0016 -0.0131 0.9999
vn -0.0006 -0.0306 0.9995
vn 0.0002 -0.0496 0.9988
vn 0.0003 -0.0628 0.9980
vn 0.0008 -0.0736 0.9973
vn 0.0019 -0.0739 0.9973
vn 0.0003 -0.0540 0.9985
vn -0.0051 -0.0334 0.9994
vn -0.0099 -0.0610 0.9981
vn -0.0023 -0.1394 0.9902
vn 0.0105 -0.2253 0.9742
vn 0.0213 -0.2665 0.9636
vn -0.9745 -0.0196 0.2236
vn -0.9731 -0.0211 0.2296
vn -0.9714 -0.0223 0.2365
vn -0.9692 -0.0216 0.2453
vn -0.9666 -0.0195 0.2554
vn -0.9636 -0.0165 0.2668
vn -0.9602 -0.0134 0.2791
vn -0.9560 -0.0096 0.2932
vn -0.9511 -0.0056 0.3087
vn -0.9454 -0.0011 0.3258
vn -0.9388 0.0037 0.3445
vn -0.9309 0.0090 0.3651
vn -0.9216 0.0150 0.3879
vn -0.9102 0.0226 0.4135
vn -0.8963 0.0323 0.4422
vn -0.8795 0.0443 0.4738
vn -0.8595 0.0588 0.5078
vn -0.8363 0.0753 0.5431
vn -0.8099 0.0928 0.5792
vn -0.7804 0.1116 0.6152
vn -0.7480 0.1309 0.6506
vn -0.7138 0.1499 0.6841
vn -0.6790 0.1684 0.7145
vn -0.6484 0.1816 0.7393
vn -0.6259 0.1850 0.7577
vn -0.6085 0.1829 0.7722
vn -0.5902 0.2055 0.7807
vn -0.4649 0.2284 0.8554
vn -0.2089 0.3939 0.8951
vn -0.0158 0.4830 0.8755
vn 0.1404 0.6434 0.7526
vn 0.1252 0.7297 0.6722
vn 0.0728 0.7992 0.5966
vn 0.0494 0.4513 0.8910
vn 0.0474 -0.0383 0.9981
vn 0.0357 -0.0348 0.9988
vn 0.0081 -0.0166 0.9998
vn -0.0107 0.0196 0.9998
vn -0.0081 0.0606 0.9981
vn -0.0041 0.0739 0.9973
vn 0.0027 0.0781 0.9969
vn 0.0172 0.0800 0.9966
vn 0.0322 0.0747 0.9967
vn 0.0329 0.0503 0.9982
vn 0.0199 0.0171 0.9997
vn 0.0035 -0.0035 1.0000
vn -0.0005 -0.0033 1.0000
vn 0.0024 -0.0111 0.9999
vn 0.0035 -0.0296 0.9996
vn 0.0027 -0.0494 0.9988
vn 0.0024 -0.0621 0.9981
vn 0.0024 -0.0729 0.9973
vn -0.0003 -0.0764 0.9971
vn -0.0050 -0.0586 0.9983
vn -0.0054 -0.0357 0.9993
vn 0.0061 -0.0498 0.9987
vn 0.0250 -0.1223 0.9922
vn 0.0303 -0.2185 0.9754
vn 0.0229 -0.2646 0.9641
vn -0.9521 0.0020 0.3056
vn -0.9497 0.0027 0.3132
vn -0.9462 0.0050 0.3234
vn -0.9418 0.0088 0.3360
vn -0.9365 0.0136 0.3503
vn -0.9303 0.0192 0.3662
vn -0.9231 0.0253 0.3836
vn -0.9148 0.0321 0.4027
vn -0.9051 0.0394 0.4234
vn -0.8938 0.0475 0.4460
vn -0.8808 0.0561 0.4702
vn -0.8653 0.0660 0.4968
vn -0.8471 0.0774 0.5257
vn -0.8257 0.0907 0.5568
vn -0.8007 0.1058 0.5896
vn -0.7721 0.1226 0.6235
vn -0.7400 0.1407 0.6577
vn -0.7047 0.1594 0.6914
vn -0.6663 0.1785 0.7240
vn -0.6249 0.1977 0.7552
vn -0.5823 0.2154 0.7840
vn -0.5384 0.2314 0.8103
vn -0.4937 0.2443 0.8346
vn -0.4447 0.2548 0.8587
vn -0.3793 0.2693 0.8852
vn -0.2785 0.3004 0.9123
vn -0.1281 0.3629 0.9230
vn 0.0194 0.4511 0.8923
vn 0.1113 0.5032 0.8570
vn 0.1753 0.5699 0.8028
vn 0.1684 0.6336 0.7551
vn 0.1242 0.6949 0.7083
vn 0.0773 0.7710 0.6322
vn 0.0487 0.4347 0.8993
vn 0.0344 -0.0453 0.9984
vn 0.0155 -0.0590 0.9981
vn 0.0049 -0.0338 0.9994
vn 0.0093 0.0213 0.9997
vn 0.0037 0.0602 0.9982
vn 0.0058 0.0822 0.9966
vn 0.0287 0.0976 0.9948
vn 0.0554 0.1010 0.9933
vn 0.0617 0.0774 0.9951
vn 0.0452 0.0358 0.9983
vn 0.0232 -0.0028 0.9997
vn 0.0175 -0.0084 0.9998
vn 0.0244 0.0009 0.9997
vn 0.0308 -0.0062 0.9995
vn 0.0322 -0.0289 0.9991
vn 0.0249 -0.0526 0.9983
vn 0.0151 -0.0650 0.9978
vn 0.0055 -0.0774 0.9970
vn -0.0035 -0.0838 0.9965
vn -0.0118 -0.0647 0.9978
vn -0.0058 -0.0247 0.9997
vn 0.0259 -0.0171 0.9995
vn 0.0605 -0.0974 0.9934
vn 0.0530 -0.2276 0.9723
vn 0.0202 -0.2869 0.9577
vn -0.9177 0.0304 0.3962
vn -0.9115 0.0358 0.4098
vn -0.9038 0.0424 0.4259
vn -0.8948 0.0498 0.4437
vn -0.8842 0.0581 0.4635
vn -0.8720 0.0670 0.4849
vn -0.8580 0.0767 0.5079
vn -0.8421 0.0871 0.5322
vn -0.8240 0.0982 0.5580
vn -0.8034 0.1102 0.5851
vn -0.7799 0.1233 0.6136
vn -0.7532 0.1376 0.6433
vn -0.7229 0.1532 0.6737
vn -0.6890 0.1701 0.7045
vn -0.6515 0.1880 0.7350
vn -0.6108 0.2064 0.7644
vn -0.5671 0.2249 0.7924
vn -0.5210 0.2430 0.8182
vn -0.4721 0.2609 0.8420
vn -0.4213 0.2776 0.8634
vn -0.3676 0.2934 0.8825
vn -0.3098 0.3083 0.8994
vn -0.2435 0.3242 0.9141
vn -0.1626 0.3448 0.9245
vn -0.0644 0.3744 0.9250
vn 0.0431 0.4147 0.9089
vn 0.1323 0.4596 0.8782
vn 0.1823 0.4944 0.8499
vn 0.2013 0.5286 0.8246
vn 0.1925 0.5633 0.8035
vn 0.1663 0.6061 0.7778
vn 0.1288 0.6629 0.7376
vn 0.0834 0.7408 0.6666
vn 0.0497 0.4108 0.9104
vn 0.0254 -0.0609 0.9978
vn 0.0230 -0.0629 0.9978
vn 0.0606 -0.0138 0.9981
vn 0.0957 0.0258 0.9951
vn 0.0914 0.0495 0.9946
vn 0.0914 0.0977 0.9910
vn 0.0961 0.1195 0.9882
vn 0.0936 0.1080 0.9897
vn 0.0868 0.0673 0.9939
vn 0.0841 0.0217 0.9962
vn 0.0913 -0.0042 0.9958
vn 0.1080 0.0025 0.9941
vn 0.1177 0.0092 0.9930
vn 0.1224 -0.0014 0.9925
vn 0.1142 -0.0363 0.9928
vn 0.0935 -0.0690 0.9932
vn 0.0717 -0.0806 0.9942
vn 0.0475 -0.0930 0.9945
vn 0.0171 -0.1031 0.9945
vn 0.0058 -0.0671 0.9977
vn 0.0341 0.0096 0.9994
vn 0.0884 0.0418 0.9952
vn 0.1166 -0.0739 0.9904
vn 0.0759 -0.2594 0.9628
vn 0.0124 -0.3363 0.9417
vn -0.8615 0.0721 0.5026
vn -0.8482 0.0821 0.5232
vn -0.8330 0.0928 0.5455
vn -0.8156 0.1042 0.5692
vn -0.7961 0.1160 0.5940
vn -0.7742 0.1284 0.6198
vn -0.7498 0.1414 0.6464
vn -0.7227 0.1550 0.6736
vn -0.6927 0.1692 0.7011
vn -0.6595 0.1842 0.7288
vn -0.6231 0.1999 0.7562
vn -0.5833 0.2164 0.7829
vn -0.5401 0.2335 0.8086
vn -0.4939 0.2507 0.8326
vn -0.4451 0.2679 0.8545
vn -0.3940 0.2846 0.8739
vn -0.3405 0.3009 0.8908
vn -0.2852 0.3165 0.9047
vn -0.2277 0.3312 0.9157
vn -0.1679 0.3452 0.9234
vn -0.1042 0.3592 0.9274
vn -0.0359 0.3740 0.9267
vn 0.0378 0.3906 0.9198
vn 0.1139 0.4106 0.9047
vn 0.1832 0.4328 0.8827
vn 0.2328 0.4551 0.8595
vn 0.2567 0.4743 0.8421
vn 0.2609 0.4926 0.8302
vn 0.2507 0.5132 0.8208
vn 0.2303 0.5391 0.8101
vn 0.2005 0.5752 0.7931
vn 0.1591 0.6277 0.7621
vn 0.1055 0.7053 0.7010
vn 0.0577 0.3772 0.9243
vn 0.0364 -0.0667 0.9971
vn 0.1028 -0.0048 0.9947
vn 0.1939 0.0531 0.9796
vn 0.2423 0.0432 0.9692
vn 0.2419 0.0375 0.9696
vn 0.2298 0.0852 0.9695
vn 0.2147 0.1079 0.9707
vn 0.2068 0.1030 0.9729
vn 0.2116 0.0744 0.9745
vn 0.2163 0.0316 0.9758
vn 0.2341 0.0168 0.9721
vn 0.2493 0.0128 0.9683
vn 0.2536 0.0126 0.9672
vn 0.2435 -0.0097 0.9699
vn 0.2178 -0.0580 0.9743
vn 0.1873 -0.0943 0.9778
vn 0.1520 -0.1125 0.9820
vn 0.1056 -0.1350 0.9852
vn 0.0752 -0.1263 0.9891
vn 0.0978 -0.0396 0.9944
vn 0.1486 0.0689 0.9865
vn 0.1928 0.0958 0.9765
vn 0.1786 -0.0822 0.9805
vn 0.0929 -0.3198 0.9429
vn -0.0002 -0.4084 0.9128
vn -0.1024 0.0053 0.9947
vn -0.0893 0.4253 0.9006
vn -0.7683 0.1299 0.6268
vn -0.7439 0.1435 0.6527
vn -0.7170 0.1574 0.6790
vn -0.6876 0.1716 0.7056
vn -0.6554 0.1860 0.7320
vn -0.6205 0.2005 0.7581
vn -0.5828 0.2153 0.7836
vn -0.5423 0.2301 0.8081
vn -0.4988 0.2452 0.8313
vn -0.4522 0.2606 0.8530
vn -0.4029 0.2760 0.8726
vn -0.3507 0.2915 0.8900
vn -0.2963 0.3065 0.9046
vn -0.2397 0.3209 0.9163
vn -0.1817 0.3345 0.9247
vn -0.1224 0.3471 0.9298
vn -0.0618 0.3588 0.9314
vn -0.0004 0.3693 0.9293
vn 0.0625 0.3792 0.9232
vn 0.1254 0.3880 0.9131
vn 0.1883 0.3966 0.8985
vn 0.2490 0.4056 0.8795
vn 0.3051 0.4156 0.8568
vn 0.3518 0.4254 0.8339
vn 0.3839 0.4332 0.8154
vn 0.4019 0.4398 0.8032
vn 0.4103 0.4469 0.7949
vn 0.4089 0.4545 0.7913
vn 0.3950 0.4668 0.7912
vn 0.3659 0.4864 0.7934
vn 0.3262 0.5195 0.7898
vn 0.2691 0.5669 0.7786
vn 0.1845 0.6447 0.7418
vn 0.0904 0.3235 0.9419
vn 0.1474 0.0166 0.9889
vn 0.2622 0.0937 0.9605
vn 0.3156 0.1114 0.9423
vn 0.3364 0.0565 0.9400
vn 0.3330 0.0300 0.9425
vn 0.3493 0.0856 0.9331
vn 0.3515 0.0948 0.9314
vn 0.3320 0.0924 0.9387
vn 0.3030 0.0615 0.9510
vn 0.3478 0.0675 0.9351
vn 0.3761 0.0270 0.9262
vn 0.3718 0.0136 0.9282
vn 0.3580 -0.0014 0.9337
vn 0.3263 -0.0403 0.9444
vn 0.2840 -0.0946 0.9541
vn 0.2414 -0.1335 0.9612
vn 0.1984 -0.1583 0.9673
vn 0.1659 -0.1701 0.9714
vn 0.1825 -0.1063 0.9774
vn 0.2299 0.0127 0.9731
vn 0.2682 0.1181 0.9561
vn 0.2783 0.1102 0.9542
vn 0.2276 -0.1268 0.9655
vn 0.1007 -0.4082 0.9073
vn -0.0194 -0.4960 0.8681
vn -0.0940 -0.0070 0.9956
vn -0.0869 0.4702 0.8783
vn -0.6178 0.2012 0.7601
vn -0.5792 0.2165 0.7859
vn -0.5381 0.2315 0.8105
vn -0.4943 0.2462 0.8337
vn -0.4481 0.2604 0.8552
vn -0.3997 0.2742 0.8747
vn -0.3489 0.2878 0.8919
vn -0.2956 0.3011 0.9066
vn -0.2399 0.3140 0.9186
vn -0.1821 0.3265 0.9275
vn -0.1221 0.3385 0.9330
vn -0.0605 0.3497 0.9349
vn 0.0019 0.3594 0.9332
vn 0.0645 0.3678 0.9277
vn 0.1274 0.3749 0.9183
vn 0.1904 0.3807 0.9049
vn 0.2530 0.3849 0.8876
vn 0.3136 0.3877 0.8668
vn 0.3728 0.3897 0.8421
vn 0.4290 0.3899 0.8148
vn 0.4804 0.3889 0.7861
vn 0.5274 0.3884 0.7557
vn 0.5654 0.3863 0.7288
vn 0.5906 0.3833 0.7102
vn 0.6052 0.3814 0.6988
vn 0.6259 0.3833 0.6792
vn 0.6426 0.3745 0.6684
vn 0.6479 0.3664 0.6678
vn 0.6452 0.3620 0.6728
vn 0.2948 0.1241 0.9475
vn 0.3404 0.1482 0.9285
vn 0.3675 0.1315 0.9207
vn 0.3613 0.0485 0.9312
vn 0.3628 0.0456 0.9307
vn 0.3987 0.1099 0.9105
vn 0.3775 0.0628 0.9239
vn 0.3301 0.0495 0.9426
vn 0.4094 0.1375 0.9019
vn 0.4777 0.1088 0.8718
vn 0.4531 0.0120 0.8914
vn 0.4382 -0.0034 0.8989
vn 0.4077 -0.0365 0.9124
vn 0.3618 -0.0869 0.9282
vn 0.3120 -0.1408 0.9396
vn 0.2717 -0.1748 0.9464
vn 0.2465 -0.1896 0.9504
vn 0.2618 -0.1567 0.9523
vn 0.3103 -0.0576 0.9489
vn 0.3405 0.0489 0.9390
vn 0.3496 0.1349 0.9271
vn 0.3434 0.1011 0.9337
vn 0.2747 -0.1911 0.9423
vn 0.0995 -0.5193 0.8488
vn -0.0166 -0.5856 0.8105
vn 0.0264 -0.0238 0.9994
vn 0.0229 0.6125 0.7902
vn 0.0469 0.6879 0.7243
vn -0.3946 0.2764 0.8763
vn -0.3423 0.2900 0.8937
vn -0.2880 0.3027 0.9085
vn -0.2324 0.3143 0.9204
vn -0.1755 0.3249 0.9293
vn -0.1168 0.3350 0.9350
vn -0.0565 0.3444 0.9371
vn 0.0054 0.3531 0.9356
vn 0.0688 0.3609 0.9301
vn 0.1334 0.3676 0.9204
vn 0.1987 0.3728 0.9064
vn 0.2629 0.3760 0.8886
vn 0.3261 0.3776 0.8667
vn 0.3878 0.3777 0.8408
vn 0.4485 0.3760 0.8109
vn 0.5061 0.3723 0.7780
vn 0.5608 0.3670 0.7421
vn 0.6119 0.3604 0.7041
vn 0.6589 0.3525 0.6645
vn 0.6990 0.3426 0.6277
vn 0.7396 0.3349 0.5838
vn 0.7746 0.3193 0.5459
vn 0.7991 0.3007 0.5206
vn 0.8190 0.2831 0.4990
vn 0.8621 0.2526 0.4392
vn 0.3787 0.0450 0.9244
vn 0.3826 0.1840 0.9054
vn 0.3905 0.1300 0.9114
vn 0.3723 0.0309 0.9276
vn 0.3781 0.0766 0.9226
vn 0.3943 0.1105 0.9123
vn 0.3512 0.0089 0.9363
vn 0.4147 0.1321 0.9003
vn 0.5190 0.2372 0.8212
vn 0.4870 0.0658 0.8709
vn 0.4715 0.0034 0.8818
vn 0.4574 -0.0303 0.8888
vn 0.4230 -0.0794 0.9026
vn 0.3820 -0.1338 0.9144
vn 0.3512 -0.1771 0.9194
vn 0.3416 -0.1949 0.9194
vn 0.3627 -0.1761 0.9151
vn 0.4058 -0.1102 0.9073
vn 0.4318 -0.0281 0.9015
vn 0.4342 0.0545 0.8992
vn 0.4293 0.1345 0.8931
vn 0.4143 0.0862 0.9061
vn 0.3218 -0.2709 0.9072
vn 0.1340 -0.6152 0.7769
vn 0.0846 -0.6395 0.7641
vn 0.1237 -0.5352 0.8356
vn 0.1694 -0.3960 0.9025
vn 0.1956 -0.2324 0.9527
vn 0.2124 -0.0487 0.9760
vn 0.2144 0.1359 0.9672
vn 0.2010 0.3284 0.9229
vn 0.1841 0.5117 0.8392
vn 0.1769 0.6398 0.7479
vn 0.1799 0.7133 0.6774
vn 0.1954 0.7164 0.6697
vn 0.2063 0.6797 0.7039
vn -0.1049 0.3380 0.9353
vn -0.0449 0.3462 0.9371
vn 0.0154 0.3531 0.9354
vn 0.0755 0.3587 0.9304
vn 0.1370 0.3637 0.9214
vn 0.2001 0.3682 0.9080
vn 0.2635 0.3710 0.8905
vn 0.3269 0.3726 0.8685
vn 0.3909 0.3731 0.8415
vn 0.4537 0.3713 0.8101
vn 0.5136 0.3670 0.7755
vn 0.5696 0.3602 0.7388
vn 0.6244 0.3533 0.6967
vn 0.6763 0.3438 0.6514
vn 0.7233 0.3324 0.6053
vn 0.7649 0.3194 0.5594
vn 0.8040 0.3059 0.5099
vn 0.8403 0.2902 0.4578
vn 0.8697 0.2694 0.4135
vn 0.9134 0.2391 0.3294
vn 0.5193 -0.0535 0.8529
vn 0.2873 -0.1739 0.9419
vn 0.3750 0.0809 0.9235
vn 0.4033 0.1944 0.8942
vn 0.3997 0.1133 0.9096
vn 0.3775 0.0155 0.9259
vn 0.3853 0.0995 0.9174
vn 0.3799 0.0842 0.9212
vn 0.3950 0.0387 0.9179
vn 0.5071 0.2758 0.8166
vn 0.5008 0.1957 0.8432
vn 0.4664 0.0485 0.8832
vn 0.4774 0.0051 0.8787
vn 0.4676 -0.0508 0.8825
vn 0.4534 -0.1064 0.8849
vn 0.4401 -0.1553 0.8844
vn 0.4455 -0.1783 0.8774
vn 0.4736 -0.1729 0.8636
vn 0.5099 -0.1385 0.8490
vn 0.5307 -0.0873 0.8431
vn 0.5320 -0.0301 0.8462
vn 0.5238 0.0428 0.8508
vn 0.5089 0.1206 0.8523
vn 0.4831 0.0622 0.8733
vn 0.3880 -0.3318 0.8599
vn 0.2374 -0.6599 0.7129
vn 0.2212 -0.6675 0.7110
vn 0.2683 -0.5549 0.7875
vn 0.3188 -0.4139 0.8527
vn 0.3597 -0.2480 0.8995
vn 0.3924 -0.0653 0.9175
vn 0.4083 0.1240 0.9044
vn 0.4003 0.3266 0.8562
vn 0.3750 0.5157 0.7703
vn 0.3446 0.6413 0.6855
vn 0.3169 0.7152 0.6229
vn 0.3126 0.7137 0.6268
vn 0.3164 0.6742 0.6674
vn 0.2969 0.6656 0.6847
vn 0.2725 0.6685 0.6920
vn 0.2117 0.3679 0.9054
vn 0.2704 0.3690 0.8892
vn 0.3281 0.3688 0.8697
vn 0.3863 0.3687 0.8455
vn 0.4462 0.3678 0.8158
vn 0.5059 0.3646 0.7818
vn 0.5634 0.3591 0.7440
vn 0.6202 0.3535 0.7002
vn 0.6734 0.3442 0.6543
vn 0.7208 0.3332 0.6078
vn 0.7632 0.3203 0.5611
vn 0.8049 0.3079 0.5073
vn 0.8431 0.2923 0.4514
vn 0.8746 0.2747 0.3996
vn 0.9009 0.2565 0.3500
vn 0.6105 0.0647 0.7894
vn 0.4824 -0.0172 0.8758
vn 0.2796 -0.1559 0.9474
vn 0.1552 -0.2310 0.9605
vn 0.3098 -0.0466 0.9497
vn 0.4166 0.1456 0.8974
vn 0.4167 0.1892 0.8892
vn 0.4016 0.0894 0.9115
vn 0.3817 0.0074 0.9243
vn 0.3928 0.1098 0.9131
vn 0.3893 0.0764 0.9179
vn 0.4730 0.1692 0.8647
vn 0.5086 0.2917 0.8101
vn 0.4775 0.1457 0.8665
vn 0.5043 0.0740 0.8604
vn 0.5194 0.0107 0.8545
vn 0.5318 -0.0472 0.8456
vn 0.5418 -0.1063 0.8338
vn 0.5537 -0.1470 0.8197
vn 0.5760 -0.1524 0.8031
vn 0.6034 -0.1380 0.7854
vn 0.6216 -0.1177 0.7745
vn 0.6261 -0.0881 0.7747
vn 0.6201 -0.0450 0.7832
vn 0.6054 0.0181 0.7957
vn 0.5812 0.0903 0.8087
vn 0.5493 0.0405 0.8346
vn 0.4821 -0.3319 0.8108
vn 0.3657 -0.6587 0.6575
vn 0.3597 -0.6850 0.6336
vn 0.4178 -0.5749 0.7035
vn 0.4763 -0.4271 0.7686
vn 0.5305 -0.2519 0.8094
vn 0.5720 -0.0651 0.8177
vn 0.5869 0.1196 0.8008
vn 0.5807 0.3226 0.7474
vn 0.5488 0.4989 0.6707
vn 0.5038 0.6158 0.6058
vn 0.4584 0.6935 0.5558
vn 0.4375 0.6913 0.5750
vn 0.4281 0.6532 0.6246
vn 0.4017 0.6465 0.6486
vn 0.3674 0.6533 0.6620
vn 0.3352 0.6606 0.6718
vn 0.3084 0.6648 0.6804
vn 0.2866 0.6637 0.6909
vn 0.5032 0.3607 0.7853
vn 0.5535 0.3554 0.7532
vn 0.6049 0.3499 0.7153
vn 0.6579 0.3443 0.6698
vn 0.7080 0.3354 0.6214
vn 0.7521 0.3239 0.5740
vn 0.7963 0.3139 0.5171
vn 0.8352 0.2982 0.4621
vn 0.8660 0.2813 0.4134
vn 0.8929 0.2655 0.3636
vn 0.5073 0.1097 0.8547
vn 0.4693 0.0844 0.8790
vn 0.4469 0.0518 0.8931
vn 0.3631 -0.0551 0.9301
vn 0.2147 -0.1835 0.9593
vn 0.1214 -0.2630 0.9571
vn 0.3450 -0.0495 0.9373
vn 0.4733 0.0571 0.8791
vn 0.4618 0.1494 0.8743
vn 0.4311 0.1645 0.8872
vn 0.4042 0.0614 0.9126
vn 0.3979 0.0144 0.9173
vn 0.4187 0.1137 0.9010
vn 0.4521 0.1333 0.8819
vn 0.5211 0.2563 0.8141
vn 0.5204 0.2553 0.8149
vn 0.5480 0.1771 0.8175
vn 0.5853 0.1029 0.8043
vn 0.6176 0.0374 0.7856
vn 0.6472 -0.0212 0.7620
vn 0.6719 -0.0825 0.7361
vn 0.6908 -0.1257 0.7121
vn 0.7057 -0.1316 0.6962
vn 0.7162 -0.1220 0.6871
vn 0.7204 -0.1127 0.6844
vn 0.7179 -0.0969 0.6894
vn 0.7085 -0.0675 0.7025
vn 0.6899 -0.0189 0.7236
vn 0.6611 0.0454 0.7489
vn 0.6298 0.0318 0.7761
vn 0.5906 -0.2734 0.7593
vn 0.5003 -0.6104 0.6141
vn 0.5160 -0.6653 0.5396
vn 0.5642 -0.5913 0.5762
vn 0.6309 -0.4374 0.6408
vn 0.6885 -0.2560 0.6785
vn 0.7191 -0.0764 0.6906
vn 0.7289 0.1113 0.6755
vn 0.7180 0.3072 0.6245
vn 0.6794 0.4654 0.5673
vn 0.6306 0.5770 0.5191
vn 0.5792 0.6513 0.4902
vn 0.5492 0.6494 0.5261
vn 0.5315 0.6178 0.5796
vn 0.4959 0.6142 0.6139
vn 0.4536 0.6250 0.6353
vn 0.4114 0.6364 0.6525
vn 0.3718 0.6435 0.6691
vn 0.3364 0.6451 0.6861
vn 0.3080 0.6425 0.7017
vn 0.2891 0.6397 0.7122
vn 0.2817 0.6380 0.7167
vn 0.7316 0.3233 0.6002
vn 0.7731 0.3152 0.5504
vn 0.8176 0.3057 0.4879
vn 0.8554 0.2887 0.4300
vn 0.8848 0.2713 0.3789
vn 0.3109 0.1847 0.9323
vn 0.3122 0.1617 0.9362
vn 0.3079 0.1350 0.9418
vn 0.3078 0.1037 0.9458
vn 0.3025 0.0802 0.9498
vn 0.3181 0.0237 0.9478
vn 0.2326 -0.1745 0.9568
vn 0.1634 -0.2609 0.9514
vn 0.3255 -0.0673 0.9431
vn 0.5389 0.1402 0.8306
vn 0.5251 0.0158 0.8509
vn 0.4930 0.1090 0.8632
vn 0.4527 0.1237 0.8831
vn 0.4261 0.0417 0.9037
vn 0.4526 0.0481 0.8904
vn 0.5022 0.1457 0.8524
vn 0.5505 0.2129 0.8072
vn 0.5872 0.2778 0.7603
vn 0.6031 0.2673 0.7515
vn 0.6423 0.2170 0.7351
vn 0.6855 0.1454 0.7134
vn 0.7276 0.0822 0.6811
vn 0.7638 0.0221 0.6450
vn 0.7902 -0.0461 0.6111
vn 0.8067 -0.1022 0.5821
vn 0.8165 -0.1226 0.5642
vn 0.8184 -0.1237 0.5612
vn 0.8158 -0.1182 0.5662
vn 0.8117 -0.1077 0.5741
vn 0.8040 -0.0905 0.5877
vn 0.7874 -0.0587 0.6136
vn 0.7602 -0.0085 0.6497
vn 0.7311 0.0219 0.6819
vn 0.6910 -0.2049 0.6932
vn 0.6655 -0.4836 0.5685
vn 0.6498 -0.6124 0.4502
vn 0.6850 -0.5842 0.4353
vn 0.7578 -0.4479 0.4744
vn 0.8088 -0.2778 0.5183
vn 0.8349 -0.1013 0.5410
vn 0.8411 0.0948 0.5325
vn 0.8201 0.2781 0.5001
vn 0.7761 0.4230 0.4676
vn 0.7247 0.5327 0.4372
vn 0.6743 0.5973 0.4343
vn 0.6437 0.5969 0.4789
vn 0.6184 0.5670 0.5442
vn 0.5743 0.5686 0.5889
vn 0.5230 0.5848 0.6201
vn 0.4723 0.6004 0.6454
vn 0.4241 0.6108 0.6686
vn 0.3792 0.6159 0.6906
vn 0.3382 0.6186 0.7092
vn 0.3024 0.6233 0.7211
vn 0.2751 0.6331 0.7236
vn 0.2612 0.6469 0.7165
vn 0.2658 0.6539 0.7083
vn 0.2439 0.7243 0.6449
vn 0.8918 0.2699 0.3632
vn 0.2418 -0.0501 0.9690
vn 0.2468 0.1586 0.9560
vn 0.2303 0.3286 0.9160
vn 0.2202 0.1779 0.9591
vn 0.2108 0.1584 0.9646
vn 0.2198 0.1402 0.9654
vn 0.2277 0.0992 0.9687
vn 0.2397 0.1078 0.9648
vn 0.2752 0.0114 0.9613
vn 0.2236 -0.2414 0.9443
vn 0.2875 -0.1744 0.9418
vn 0.4475 0.1723 0.8775
vn 0.5446 0.1926 0.8163
vn 0.5491 -0.0143 0.8356
vn 0.5270 0.0644 0.8474
vn 0.4917 0.0805 0.8670
vn 0.4930 0.0572 0.8681
vn 0.5541 0.1147 0.8245
vn 0.6102 0.2006 0.7664
vn 0.6488 0.2630 0.7141
vn 0.6746 0.2941 0.6771
vn 0.6976 0.2920 0.6543
vn 0.7305 0.2526 0.6345
vn 0.7737 0.1954 0.6026
vn 0.8173 0.1355 0.5601
vn 0.8538 0.0722 0.5155
vn 0.8797 -0.0033 0.4755
vn 0.8960 -0.0706 0.4384
vn 0.9029 -0.1139 0.4145
vn 0.9045 -0.1296 0.4063
vn 0.9037 -0.1263 0.4092
vn 0.8999 -0.1167 0.4201
vn 0.8928 -0.1089 0.4371
vn 0.8814 -0.0913 0.4635
vn 0.8607 -0.0600 0.5056
vn 0.8350 -0.0163 0.5500
vn 0.8099 -0.1255 0.5729
vn 0.8129 -0.3191 0.4872
vn 0.7584 -0.5282 0.3818
vn 0.7904 -0.5300 0.3072
vn 0.8395 -0.4520 0.3016
vn 0.8917 -0.3073 0.3324
vn 0.9221 -0.1332 0.3634
vn 0.9242 0.0533 0.3781
vn 0.8993 0.2264 0.3742
vn 0.8562 0.3680 0.3626
vn 0.8041 0.4723 0.3611
vn 0.7533 0.5339 0.3842
vn 0.7195 0.5329 0.4453
vn 0.6902 0.5056 0.5178
vn 0.6407 0.5100 0.5739
vn 0.5823 0.5340 0.6131
vn 0.5266 0.5546 0.6443
vn 0.4733 0.5689 0.6726
vn 0.4209 0.5768 0.7001
vn 0.3671 0.5825 0.7252
vn 0.3112 0.5927 0.7429
vn 0.2558 0.6129 0.7476
vn 0.2054 0.6433 0.7376
vn 0.1657 0.6723 0.7215
vn 0.1185 0.7137 0.6903
vn 0.0430 0.8270 0.5605
vn -0.0028 0.9186 0.3951
vn 0.2066 -0.0492 0.9772
vn 0.2103 0.0834 0.9741
vn 0.2092 0.1843 0.9603
vn 0.2297 -0.0304 0.9728
vn 0.2437 0.1596 0.9566
vn 0.2166 0.3019 0.9284
vn 0.1981 0.1573 0.9675
vn 0.1956 0.1636 0.9669
vn 0.2041 0.1534 0.9669
vn 0.2164 0.1052 0.9706
vn 0.2456 0.1572 0.9565
vn 0.2845 0.0086 0.9586
vn 0.2846 -0.2261 0.9316
vn 0.3821 -0.0367 0.9234
vn 0.4786 0.3081 0.8222
vn 0.5525 0.2345 0.7999
vn 0.5831 -0.0179 0.8122
vn 0.5719 0.0241 0.8200
vn 0.5670 0.0680 0.8209
vn 0.6092 0.1134 0.7849
vn 0.6687 0.1863 0.7198
vn 0.7109 0.2524 0.6564
vn 0.7386 0.2939 0.6067
vn 0.7577 0.3092 0.5747
vn 0.7761 0.3076 0.5505
vn 0.8050 0.2863 0.5197
vn 0.8440 0.2451 0.4770
vn 0.8830 0.1916 0.4286
vn 0.9171 0.1263 0.3781
vn 0.9434 0.0477 0.3283
vn 0.9587 -0.0312 0.2828
vn 0.9646 -0.0924 0.2471
vn 0.9663 -0.1246 0.2252
vn 0.9661 -0.1323 0.2218
vn 0.9635 -0.1285 0.2348
vn 0.9588 -0.1224 0.2562
vn 0.9507 -0.1150 0.2879
vn 0.9392 -0.0990 0.3287
vn 0.9250 -0.0663 0.3741
vn 0.9132 -0.0621 0.4028
vn 0.8904 -0.2188 0.3992
vn 0.8702 -0.3828 0.3102
vn 0.8705 -0.4440 0.2122
vn 0.8919 -0.4219 0.1630
vn 0.9360 -0.3204 0.1460
vn 0.9671 -0.1879 0.1716
vn 0.9784 -0.0189 0.2059
vn 0.9627 0.1490 0.2260
vn 0.9263 0.2867 0.2444
vn 0.8799 0.3852 0.2783
vn 0.8307 0.4489 0.3293
vn 0.7932 0.4539 0.4060
vn 0.7594 0.4307 0.4876
vn 0.7051 0.4367 0.5587
vn 0.6471 0.4735 0.5975
vn 0.5940 0.4979 0.6319
vn 0.5365 0.5141 0.6692
vn 0.4723 0.5222 0.7101
vn 0.4004 0.5285 0.7486
vn 0.3205 0.5410 0.7776
vn 0.2345 0.5676 0.7892
vn 0.1484 0.6085 0.7796
vn 0.0655 0.6498 0.7573
vn -0.0091 0.6900 0.7237
vn -0.0567 0.8081 0.5863
vn -0.0927 0.9153 0.3919
vn 0.1979 0.0385 0.9795
vn 0.2087 0.1847 0.9604
vn 0.1971 0.1615 0.9670
vn 0.1980 -0.0415 0.9793
vn 0.2129 0.0891 0.9730
vn 0.2155 0.1928 0.9573
vn 0.2326 -0.0072 0.9725
vn 0.2460 0.1610 0.9558
vn 0.2240 0.2738 0.9353
vn 0.2135 0.1466 0.9659
vn 0.2074 0.1646 0.9643
vn 0.2091 0.1600 0.9647
vn 0.2263 0.1282 0.9656
vn 0.2653 0.2078 0.9415
vn 0.3035 0.0236 0.9525
vn 0.3322 -0.1684 0.9280
vn 0.4354 0.0905 0.8957
vn 0.4968 0.4016 0.7693
vn 0.5683 0.2834 0.7725
vn 0.6252 0.0034 0.7805
vn 0.6205 0.0032 0.7842
vn 0.6472 0.1085 0.7546
vn 0.7136 0.1927 0.6735
vn 0.7612 0.2390 0.6029
vn 0.7886 0.2907 0.5418
vn 0.8063 0.3107 0.5033
vn 0.8206 0.3201 0.4734
vn 0.8380 0.3242 0.4390
vn 0.8621 0.3176 0.3949
vn 0.8930 0.2870 0.3467
vn 0.9249 0.2434 0.2920
vn 0.9542 0.1841 0.2360
vn 0.9784 0.1074 0.1765
vn 0.9924 0.0184 0.1217
vn 0.9955 -0.0566 0.0756
vn 0.9933 -0.1067 0.0452
vn 0.9906 -0.1320 0.0349
vn 0.9889 -0.1414 0.0453
vn 0.9882 -0.1366 0.0691
vn 0.9673 -0.1845 0.1738
vn 0.9793 -0.0956 0.1782
vn 0.9745 -0.1094 0.1961
vn 0.9665 -0.0810 0.2436
vn 0.9511 -0.1453 0.2724
vn 0.9470 -0.2375 0.2164
vn 0.9251 -0.3462 0.1562
vn 0.9378 -0.3389 0.0753
vn 0.9517 -0.3054 0.0315
vn 0.9715 -0.2353 0.0299
vn 0.9945 -0.0965 0.0401
vn 0.9963 0.0467 0.0727
vn 0.9773 0.1755 0.1186
vn 0.9464 0.2689 0.1788
vn 0.9078 0.3356 0.2517
vn 0.8697 0.3516 0.3464
vn 0.8266 0.3308 0.4552
vn 0.7461 0.3440 0.5701
vn 0.6738 0.4196 0.6082
vn 0.6253 0.4401 0.6444
vn 0.2270 -0.1786 0.9574
vn 0.2246 -0.2330 0.9462
vn 0.2344 -0.0700 0.9696
vn 0.2337 0.0415 0.9714
vn 0.2229 0.1699 0.9599
vn 0.2023 0.1485 0.9680
vn 0.1983 -0.0291 0.9797
vn 0.2232 0.1041 0.9692
vn 0.2264 0.1973 0.9539
vn 0.2331 0.0092 0.9724
vn 0.2496 0.1640 0.9544
vn 0.2275 0.2491 0.9414
vn 0.2192 0.1385 0.9658
vn 0.2177 0.1644 0.9621
vn 0.2260 0.1699 0.9592
vn 0.2500 0.1627 0.9545
vn 0.2848 0.2498 0.9255
vn 0.3155 0.0477 0.9477
vn 0.3722 -0.0806 0.9246
vn 0.4750 0.2144 0.8535
vn 0.5118 0.4672 0.7210
vn 0.5741 0.3376 0.7460
vn 0.6373 0.0291 0.7701
vn 0.6458 0.0108 0.7634
vn 0.7065 0.2047 0.6775
vn 0.7813 0.2841 0.5557
vn 0.8232 0.2815 0.4930
vn 0.8394 0.3133 0.4442
vn 0.8527 0.3231 0.4106
vn 0.8649 0.3322 0.3762
vn 0.8782 0.3463 0.3298
vn 0.8965 0.3472 0.2751
vn 0.9202 0.3258 0.2169
vn 0.9439 0.2897 0.1585
vn 0.9653 0.2400 0.1029
vn 0.9846 0.1670 0.0517
vn 0.9971 0.0758 0.0032
vn 0.9733 -0.1773 0.1455
vn 0.9643 -0.2441 0.1030
vn 0.9641 -0.2619 0.0445
vn 0.9640 -0.2660 -0.0020
vn 0.9741 -0.2224 -0.0416
vn 0.9881 -0.1470 -0.0464
vn 0.9986 -0.0473 -0.0221
vn 0.9980 0.0608 0.0191
vn 0.9868 0.1432 0.0752
vn 0.9679 0.2020 0.1495
vn 0.9410 0.2130 0.2629
vn 0.8919 0.1651 0.4209
vn 0.1845 0.1844 0.9654
vn 0.2296 0.3259 0.9171
vn 0.2276 0.1732 0.9582
vn 0.2219 -0.1690 0.9603
vn 0.2309 -0.2261 0.9464
vn 0.2437 -0.0727 0.9671
vn 0.2418 0.0330 0.9698
vn 0.2281 0.1490 0.9622
vn 0.2017 0.1287 0.9710
vn 0.1983 -0.0112 0.9801
vn 0.2300 0.1259 0.9650
vn 0.2308 0.1923 0.9538
vn 0.2330 0.0264 0.9721
vn 0.2551 0.1691 0.9520
vn 0.2316 0.2232 0.9469
vn 0.2321 0.1411 0.9624
vn 0.2496 0.1770 0.9520
vn 0.2704 0.1883 0.9442
vn 0.2940 0.1962 0.9354
vn 0.3102 0.2709 0.9113
vn 0.3260 0.0787 0.9421
vn 0.4122 0.0402 0.9102
vn 0.5143 0.3321 0.7907
vn 0.5284 0.4973 0.6881
vn 0.5638 0.3751 0.7358
vn 0.6326 0.0667 0.7716
vn 0.6812 0.0777 0.7279
vn 0.7387 0.3332 0.5859
vn 0.7927 0.3649 0.4883
vn 0.8371 0.3285 0.4374
vn 0.8616 0.3411 0.3758
vn 0.8820 0.3419 0.3242
vn 0.8948 0.3482 0.2794
vn 0.9019 0.3692 0.2240
vn 0.9111 0.3771 0.1664
vn 0.9250 0.3605 0.1200
vn 0.9850 -0.1624 -0.0591
vn 0.9940 -0.0968 -0.0513
vn 0.9996 -0.0155 -0.0222
vn 0.9985 0.0495 0.0212
vn 0.9931 0.0829 0.0824
vn 0.1164 -0.0466 0.9921
vn 0.1584 0.0314 0.9869
vn 0.1991 0.1197 0.9726
vn 0.2328 0.2285 0.9453
vn 0.2383 0.3236 0.9157
vn 0.2245 0.1638 0.9606
vn 0.2220 -0.1532 0.9629
vn 0.2321 -0.2161 0.9484
vn 0.2473 -0.0726 0.9662
vn 0.2480 0.0247 0.9684
vn 0.2341 0.1238 0.9643
vn 0.2005 0.1038 0.9742
vn 0.2048 0.0170 0.9787
vn 0.2454 0.1499 0.9578
vn 0.2355 0.1765 0.9557
vn 0.2337 0.0483 0.9711
vn 0.2721 0.1805 0.9452
vn 0.2511 0.1996 0.9472
vn 0.2804 0.1742 0.9439
vn 0.3177 0.2032 0.9262
vn 0.3390 0.2082 0.9175
vn 0.3527 0.2138 0.9110
vn 0.3458 0.2628 0.9008
vn 0.3343 0.1142 0.9355
vn 0.4935 0.2300 0.8388
vn 0.5778 0.4054 0.7083
vn 0.5535 0.4865 0.6760
vn 0.5567 0.3925 0.7321
vn 0.6257 0.1309 0.7690
vn 0.7012 0.1893 0.6874
vn 0.7315 0.4327 0.5270
vn 0.7673 0.4293 0.4764
vn 0.8120 0.4038 0.4214
vn 0.8449 0.4033 0.3515
vn 0.8730 0.3862 0.2977
vn 0.8923 0.3883 0.2304
vn 0.0991 -0.2703 0.9577
vn 0.1102 -0.2597 0.9594
vn 0.1411 -0.1041 0.9845
vn 0.1720 -0.0162 0.9850
vn 0.2019 0.0618 0.9775
vn 0.2245 0.1467 0.9634
vn 0.2368 0.2423 0.9409
vn 0.2326 0.3106 0.9216
vn 0.2206 0.1577 0.9625
vn 0.2223 -0.1359 0.9655
vn 0.2329 -0.2040 0.9509
vn 0.2514 -0.0682 0.9655
vn 0.2567 0.0195 0.9663
vn 0.2459 0.0945 0.9647
vn 0.2187 0.0841 0.9722
vn 0.2437 0.0615 0.9679
vn 0.2775 0.1613 0.9471
vn 0.2520 0.1489 0.9562
vn 0.2773 0.0981 0.9558
vn 0.3325 0.1944 0.9228
vn 0.3391 0.2078 0.9175
vn 0.3799 0.2215 0.8981
vn 0.4029 0.2245 0.8873
vn 0.4201 0.2220 0.8799
vn 0.4338 0.2164 0.8746
vn 0.4402 0.2306 0.8678
vn 0.5180 0.2469 0.8190
vn 0.6318 0.3823 0.6743
vn 0.6300 0.3971 0.6674
vn 0.5882 0.4437 0.6761
vn 0.5538 0.3824 0.7396
vn 0.6097 0.2229 0.7606
vn 0.7312 0.3483 0.5866
vn 0.7590 0.4756 0.4447
vn 0.7757 0.4632 0.4287
vn 0.8035 0.4652 0.3714
vn 0.8319 0.4571 0.3146
vn 0.1088 -0.1004 0.9890
vn 0.0921 -0.2645 0.9600
vn 0.1230 -0.2329 0.9647
vn 0.1614 -0.0785 0.9838
vn 0.1916 0.0099 0.9814
vn 0.2143 0.0822 0.9733
vn 0.2276 0.1597 0.9606
vn 0.2323 0.2464 0.9409
vn 0.2255 0.2972 0.9278
vn 0.2166 0.1559 0.9637
vn 0.2220 -0.1177 0.9679
vn 0.2339 -0.1896 0.9536
vn 0.2569 -0.0578 0.9647
vn 0.2708 0.0224 0.9624
vn 0.2748 0.0753 0.9586
vn 0.2762 0.0898 0.9569
vn 0.3087 0.1046 0.9454
vn 0.3279 0.1539 0.9321
vn 0.3314 0.1511 0.9313
vn 0.3838 0.1701 0.9076
vn 0.4320 0.2175 0.8753
vn 0.4516 0.2330 0.8613
vn 0.4725 0.2417 0.8475
vn 0.4930 0.2411 0.8359
vn 0.5211 0.2420 0.8185
vn 0.5653 0.2495 0.7862
vn 0.6347 0.2836 0.7189
vn 0.6888 0.3532 0.6331
vn 0.6945 0.3802 0.6108
vn 0.6869 0.3625 0.6298
vn 0.6723 0.3815 0.6344
vn 0.6727 0.3654 0.6434
vn 0.7579 0.3754 0.5335
vn 0.8149 0.4605 0.3520
vn 0.8248 0.4701 0.3141
vn 0.0960 -0.2474 0.9641
vn 0.1325 -0.1988 0.9710
vn 0.1731 -0.0502 0.9836
vn 0.2011 0.0328 0.9790
vn 0.2190 0.0964 0.9710
vn 0.2274 0.1665 0.9595
vn 0.2274 0.2456 0.9423
vn 0.2185 0.2847 0.9334
vn 0.2125 0.1583 0.9642
vn 0.2216 -0.0981 0.9702
vn 0.2354 -0.1720 0.9566
vn 0.2650 -0.0385 0.9635
vn 0.2912 0.0400 0.9558
vn 0.3158 0.0835 0.9451
vn 0.3380 0.1138 0.9342
vn 0.3688 0.1371 0.9193
vn 0.4008 0.1665 0.9009
vn 0.4333 0.1881 0.8814
vn 0.4750 0.2211 0.8518
vn 0.5076 0.2427 0.8267
vn 0.5315 0.2524 0.8086
vn 0.5565 0.2611 0.7888
vn 0.5891 0.2689 0.7620
vn 0.6327 0.2835 0.7207
vn 0.6844 0.3098 0.6600
vn 0.7265 0.3442 0.5947
vn 0.7455 0.3675 0.5560
vn 0.7564 0.3675 0.5411
vn 0.7789 0.3617 0.5124
vn 0.8125 0.3757 0.4457
vn 0.8487 0.3953 0.3512
vn 0.1023 -0.2262 0.9687
vn 0.1440 -0.1611 0.9764
vn 0.1838 -0.0222 0.9827
vn 0.2085 0.0523 0.9766
vn 0.2225 0.1066 0.9691
vn 0.2272 0.1690 0.9591
vn 0.2231 0.2407 0.9446
vn 0.2121 0.2728 0.9384
vn 0.2081 0.1641 0.9642
vn 0.2208 -0.0764 0.9723
vn 0.2391 -0.1492 0.9595
vn 0.2776 -0.0081 0.9607
vn 0.3143 0.0720 0.9466
vn 0.3499 0.1123 0.9300
vn 0.3833 0.1455 0.9121
vn 0.4214 0.1753 0.8898
vn 0.4625 0.2031 0.8631
vn 0.5020 0.2296 0.8338
vn 0.5374 0.2573 0.8031
vn 0.5685 0.2703 0.7770
vn 0.6008 0.2802 0.7487
vn 0.6363 0.2935 0.7134
vn 0.6769 0.3103 0.6675
vn 0.7187 0.3322 0.6108
vn 0.7542 0.3559 0.5518
vn 0.7803 0.3712 0.5034
vn 0.8045 0.3798 0.4566
vn 0.8305 0.3792 0.4081
vn 0.1141 -0.1995 0.9732
vn 0.1584 -0.1220 0.9798
vn 0.1943 0.0033 0.9809
vn 0.2147 0.0682 0.9743
vn 0.2255 0.1137 0.9676
vn 0.2274 0.1679 0.9592
vn 0.2199 0.2318 0.9476
vn 0.2064 0.2613 0.9429
vn 0.2027 0.1723 0.9640
vn 0.2194 -0.0518 0.9743
vn 0.2464 -0.1172 0.9621
vn 0.2953 0.0334 0.9548
vn 0.3390 0.1129 0.9340
vn 0.3828 0.1528 0.9111
vn 0.4274 0.1882 0.8843
vn 0.4732 0.2212 0.8527
vn 0.5175 0.2476 0.8191
vn 0.5593 0.2715 0.7833
vn 0.5964 0.2926 0.7475
vn 0.6322 0.3050 0.7122
vn 0.6709 0.3182 0.6698
vn 0.7105 0.3349 0.6188
vn 0.7491 0.3537 0.5601
vn 0.7821 0.3711 0.5006
vn 0.8101 0.3859 0.4414
vn 0.1312 -0.1687 0.9769
vn 0.1728 -0.0860 0.9812
vn 0.2027 0.0248 0.9789
vn 0.2194 0.0811 0.9723
vn 0.2283 0.1188 0.9663
vn 0.2289 0.1641 0.9595
vn 0.2190 0.2192 0.9508
vn 0.2016 0.2469 0.9478
vn 0.1954 0.1811 0.9638
vn 0.2158 -0.0211 0.9762
vn 0.2571 -0.0712 0.9638
vn 0.3197 0.0868 0.9435
vn 0.3762 0.1643 0.9118
vn 0.4328 0.2059 0.8776
vn 0.4873 0.2410 0.8393
vn 0.5377 0.2711 0.7984
vn 0.5836 0.2944 0.7568
vn 0.6269 0.3144 0.7128
vn 0.6665 0.3308 0.6681
vn 0.7059 0.3445 0.6189
vn 0.7446 0.3586 0.5630
vn 0.7819 0.3758 0.4974
vn 0.8131 0.3868 0.4351
vn 0.1470 -0.1383 0.9794
vn 0.1831 -0.0553 0.9815
vn 0.2083 0.0429 0.9771
vn 0.2231 0.0925 0.9704
vn 0.2318 0.1234 0.9649
vn 0.2331 0.1595 0.9593
vn 0.2227 0.2032 0.9535
vn 0.2011 0.2281 0.9527
vn 0.1871 0.1866 0.9645
vn 0.2090 0.0187 0.9777
vn 0.2765 -0.0008 0.9610
vn 0.3717 0.1648 0.9136
vn 0.4496 0.2311 0.8628
vn 0.5143 0.2680 0.8147
vn 0.5714 0.2966 0.7652
vn 0.6211 0.3206 0.7152
vn 0.6672 0.3402 0.6627
vn 0.7091 0.3549 0.6093
vn 0.7489 0.3693 0.5503
vn 0.7854 0.3798 0.4887
vn 0.1887 -0.0278 0.9816
vn 0.2121 0.0594 0.9754
vn 0.2271 0.1041 0.9683
vn 0.2384 0.1304 0.9624
vn 0.2441 0.1571 0.9569
vn 0.2383 0.1862 0.9532
vn 0.2186 0.2029 0.9545
vn 0.2016 0.1859 0.9617
vn 0.2184 0.0692 0.9734
vn 0.3624 0.1372 0.9219
vn 0.4896 0.2624 0.8315
vn 0.5625 0.3007 0.7702
vn 0.6219 0.3269 0.7116
vn 0.6721 0.3465 0.6543
vn 0.7187 0.3659 0.5913
vn 0.7596 0.3774 0.5297
vn 0.1919 -0.0009 0.9814
vn 0.2163 0.0771 0.9733
vn 0.2357 0.1191 0.9645
vn 0.2550 0.1435 0.9562
vn 0.2729 0.1633 0.9481
vn 0.2849 0.1794 0.9416
vn 0.2922 0.1866 0.9380
vn 0.3097 0.1843 0.9328
vn 0.4085 0.1934 0.8920
vn 0.5586 0.2949 0.7753
vn 0.6319 0.3349 0.6989
vn 0.6893 0.3565 0.6306
vn 0.7359 0.3689 0.5678
vn 0.1958 0.0288 0.9802
vn 0.2286 0.1013 0.9682
vn 0.2621 0.1447 0.9541
vn 0.2996 0.1707 0.9387
vn 0.3411 0.1895 0.9207
vn 0.3891 0.2050 0.8981
vn 0.4522 0.2224 0.8637
vn 0.5448 0.2554 0.7987
vn 0.6447 0.3185 0.6950
vn 0.7130 0.3614 0.6009
vn 0.2142 0.0697 0.9743
vn 0.2710 0.1446 0.9517
vn 0.3336 0.1920 0.9229
vn 0.3986 0.2201 0.8903
vn 0.4701 0.2448 0.8480
vn 0.5504 0.2691 0.7903
vn 0.6386 0.3017 0.7079
vn 0.7217 0.3433 0.6011
vn 0.2828 0.1413 0.9487
vn 0.3850 0.2230 0.8956
vn 0.4775 0.2626 0.8385
vn 0.5646 0.2909 0.7724
vn 0.6492 0.3153 0.6921
vn 0.4660 0.2681 0.8432
vn 0.5876 0.3149 0.7454
vn 0.8992 0.3964 -0.1853
vn -0.0636 0.6119 0.7884
vn -0.3032 0.6116 0.7308
vn -0.7566 0.6445 -0.1105
vn 0.1660 -0.1791 0.9697
vn 0.3095 -0.1620 0.9370
vn 0.0754 -0.1785 0.9810
vn 0.4804 -0.1068 0.8705
vn 0.4874 -0.1095 0.8663
vn 0.4868 -0.1097 0.8666
vn 0.4855 -0.1250 0.8652
vn 0.4659 -0.1048 0.8786
vn 0.4614 -0.1242 0.8784
vn 0.4855 -0.1200 0.8660
vn 0.4871 -0.1201 0.8650
vn 0.2896 -0.1558 0.9444
vn -0.8594 -0.1627 0.4847
vn -0.9105 -0.1850 0.3698
vn -0.9546 -0.1909 0.2288
vn 0.4881 -0.0967 0.8674
vn 0.4814 -0.1231 0.8678
vn -0.5180 -0.2116 0.8288
vn -0.7913 -0.2149 0.5724
vn -0.6257 -0.2156 0.7497
vn 0.4694 -0.1198 0.8748
vn 0.4863 -0.1222 0.8652
vn 0.4459 -0.1269 0.8860
vn 0.0708 -0.2145 0.9742
vn 0.4213 -0.1407 0.8959
vn 0.3528 -0.1384 0.9254
vn 0.2999 -0.1582 0.9408
vn 0.4891 -0.0994 0.8665
vn -0.0403 -0.1684 0.9849
vn -0.2406 -0.1593 0.9575
vn -0.0184 -0.1631 0.9864
vn 0.4085 -0.1018 0.9071
vn 0.4082 -0.1235 0.9045
vn 0.4635 -0.0895 0.8816
vn 0.4767 -0.0899 0.8745
vn 0.4221 -0.0776 0.9032
vn -0.9775 -0.1323 0.1644
vn -0.9656 -0.0852 0.2456
vn -0.9801 -0.1082 0.1666
vn -0.9796 -0.1742 0.1005
vn 0.3667 -0.1353 0.9204
vn 0.4412 -0.1338 0.8874
vn 0.3795 -0.1403 0.9145
vn 0.2771 -0.1489 0.9492
vn -0.6364 -0.1614 0.7543
vn -0.4457 -0.1797 0.8769
vn -0.6347 -0.1645 0.7551
vn 0.4643 -0.1305 0.8760
vn 0.4637 -0.1282 0.8767
vn 0.2096 -0.1544 0.9655
vn 0.3992 -0.1432 0.9056
vn 0.3097 -0.1516 0.9387
vn 0.2621 -0.1340 0.9557
vn 0.3778 -0.1228 0.9177
vn 0.3834 -0.1334 0.9139
vn -0.6483 -0.1353 0.7492
vn -0.5644 -0.1822 0.8052
vn -0.3963 -0.1575 0.9045
vn 0.4609 -0.1298 0.8779
vn 0.3886 -0.1308 0.9121
vn 0.4562 -0.1401 0.8788
vn 0.4032 -0.1346 0.9052
vn 0.4852 -0.1247 0.8655
vn -0.7210 -0.1711 0.6715
vn -0.6951 -0.1648 0.6998
vn 0.2025 -0.1697 0.9645
vn 0.3385 -0.1054 0.9350
vn 0.0595 -0.1400 0.9884
vn -0.9502 -0.1732 0.2591
vn 0.4608 -0.1425 0.8760
vn -0.8924 -0.2224 0.3926
vn -0.9195 -0.2042 0.3360
vn 0.4570 -0.1459 0.8774
vn 0.3707 -0.1483 0.9168
vn -0.9570 -0.1908 0.2185
vn -0.9417 -0.1968 0.2727
vn -0.9306 -0.1986 0.3074
vn -0.8244 -0.1616 0.5424
vn 0.1457 -0.1544 0.9772
vn 0.0988 -0.2038 0.9740
vn -0.6471 -0.1657 0.7442
vn -0.7915 -0.1784 0.5845
vn 0.2815 -0.1580 0.9465
vn 0.3972 -0.1414 0.9068
vn -0.7963 -0.1965 0.5720
vn -0.9786 -0.1806 0.0984
vn -0.9469 -0.1711 0.2722
vn -0.9705 -0.1877 0.1513
vn 0.4174 -0.1454 0.8970
vn -0.8185 -0.2146 0.5329
vn -0.8327 -0.1877 0.5210
vn -0.6408 -0.1771 0.7470
vn 0.3638 -0.1575 0.9181
vn -0.9764 -0.1827 0.1152
vn -0.2552 -0.2722 0.9278
vn -0.2680 -0.2995 0.9157
vn -0.8933 -0.1469 0.4248
vn -0.8039 -0.1492 0.5758
vn -0.8122 -0.1545 0.5625
vn 0.1773 -0.1699 0.9694
vn 0.1695 -0.1885 0.9673
vn -0.0548 -0.2091 0.9764
vn -0.1303 -0.2168 0.9675
vn 0.0747 -0.1603 0.9842
vn 0.0993 -0.1607 0.9820
vn 0.2616 -0.1439 0.9544
vn -0.5100 -0.2432 0.8251
vn -0.8282 -0.1610 0.5367
vn -0.0636 -0.2379 0.9692
vn -0.8694 -0.1544 0.4694
vn -0.2163 -0.1682 0.9617
vn -0.0022 -0.1587 0.9873
vn -0.2937 -0.1672 0.9412
vn -0.9461 -0.1783 0.2704
vn -0.9749 -0.1730 0.1399
vn -0.8630 -0.2154 0.4570
vn -0.3778 -0.1818 0.9079
vn -0.6074 -0.2015 0.7684
vn -0.2859 -0.1871 0.9398
vn -0.5555 -0.1566 0.8166
vn -0.4256 -0.1611 0.8905
vn -0.3469 -0.1710 0.9222
vn 0.3678 -0.1499 0.9177
vn -0.9758 -0.1457 0.1633
vn -0.9581 -0.1105 0.2644
vn 0.0230 -0.1755 0.9842
vn -0.2048 -0.2331 0.9506
vn -0.8992 -0.1267 0.4188
vn -0.9194 -0.1221 0.3740
vn -0.9405 -0.1379 0.3104
vn -0.9713 -0.1571 0.1784
vn -0.9312 -0.1445 0.3347
vn -0.7157 -0.1436 0.6835
vn -0.9693 -0.2005 0.1423
vn -0.8864 -0.1461 0.4392
vn -0.9483 -0.1534 0.2780
vn -0.9530 -0.0823 0.2916
vn -0.9773 -0.0717 0.1995
vn -0.1973 -0.1916 0.9614
vn -0.1837 -0.2034 0.9617
vn -0.8983 -0.1199 0.4228
vn 0.4375 -0.1442 0.8876
vn -0.7593 -0.1564 0.6317
vn -0.8170 -0.1536 0.5557
vn -0.9467 -0.1670 0.2755
vn -0.9763 -0.1928 0.0985
vn 0.1524 -0.1570 0.9758
vn 0.2222 -0.1596 0.9619
vn 0.1105 -0.1488 0.9827
vn 0.3925 -0.1370 0.9095
vn -0.4187 -0.2706 0.8669
vn -0.4998 -0.2220 0.8372
vn -0.4926 -0.2212 0.8417
vn -0.9119 -0.1855 0.3661
vn -0.8888 -0.1802 0.4213
vn -0.8166 -0.2066 0.5389
vn 0.4750 -0.1242 0.8712
vn -0.4169 -0.1792 0.8911
vn -0.2113 -0.1690 0.9627
vn -0.3749 -0.1694 0.9114
vn -0.8644 -0.1984 0.4621
vn -0.7573 -0.1925 0.6241
vn 0.2443 -0.1420 0.9592
vn 0.1963 -0.1486 0.9692
vn 0.3320 -0.1475 0.9317
vn -0.6320 -0.2195 0.7432
vn 0.2290 -0.1654 0.9593
vn 0.1078 -0.1607 0.9811
vn -0.6958 -0.1852 0.6940
vn -0.8715 -0.1344 0.4717
vn -0.8471 -0.1445 0.5114
vn -0.2132 -0.1971 0.9569
vn -0.2046 -0.1798 0.9622
vn 0.2043 -0.1595 0.9658
vn -0.0821 -0.1731 0.9815
vn -0.9097 -0.1597 0.3834
vn -0.8790 -0.1680 0.4462
vn 0.4433 -0.1254 0.8876
vn -0.4664 -0.1955 0.8627
vn -0.6881 -0.1776 0.7036
vn -0.8132 -0.1995 0.5466
vn -0.4820 -0.1738 0.8588
vn -0.4646 -0.1869 0.8656
vn -0.6517 -0.1723 0.7387
vn 0.0242 -0.1612 0.9866
vn 0.1965 -0.1468 0.9694
vn 0.2111 -0.1488 0.9661
vn 0.3231 -0.1364 0.9365
vn -0.6552 -0.1603 0.7383
vn -0.6927 -0.1625 0.7027
vn -0.5398 -0.1604 0.8264
vn 0.1007 -0.1484 0.9838
vn -0.7801 -0.1759 0.6004
vn -0.7736 -0.1614 0.6128
vn -0.6672 -0.1603 0.7274
vn -0.6194 -0.1956 0.7603
vn -0.1583 -0.1428 0.9770
vn 0.2949 -0.1396 0.9453
vn 0.0261 -0.1661 0.9858
vn -0.7394 -0.1569 0.6547
vn -0.8119 -0.1241 0.5705
vn -0.1242 -0.1800 0.9758
vn -0.4420 -0.1748 0.8798
vn 0.0937 -0.1542 0.9836
vn 0.1036 -0.1719 0.9797
vn 0.2262 -0.1514 0.9622
vn -0.8507 -0.1368 0.5075
vn -0.7970 -0.1420 0.5870
vn -0.2378 -0.1623 0.9577
vn -0.2250 -0.1809 0.9574
vn 0.1836 -0.1491 0.9716
vn 0.0288 -0.1608 0.9866
vn 0.1401 -0.1291 0.9817
vn -0.5571 -0.1662 0.8137
vn -0.5404 -0.1645 0.8252
vn -0.1802 -0.1671 0.9693
vn -0.3328 -0.1652 0.9284
vn -0.1794 -0.1577 0.9711
vn -0.6785 -0.1562 0.7178
vn -0.4169 -0.1959 0.8876
vn -0.1633 -0.1797 0.9701
vn -0.3855 -0.1691 0.9071
vn -0.0577 -0.1661 0.9844
vn -0.5884 -0.1655 0.7915
vn -0.6619 -0.1683 0.7305
vn -0.4781 -0.1687 0.8620
vn 0.0502 -0.1632 0.9853
vn -0.0141 -0.1531 0.9881
vn 0.2621 -0.1380 0.9551
vn 0.2773 -0.1517 0.9487
vn -0.1305 -0.1681 0.9771
vn -0.0664 -0.1631 0.9844
vn 0.1399 -0.1609 0.9770
vn -0.1670 -0.1667 0.9718
vn -0.3415 -0.1712 0.9241
vn -0.5495 -0.1751 0.8169
vn -0.2576 -0.1694 0.9513
vn -0.1430 -0.1613 0.9765
vn -0.3380 -0.1659 0.9264
vn -0.3136 -0.1628 0.9355
vn -0.0898 -0.1724 0.9809
vn -0.2581 -0.1686 0.9513
vn -0.5036 -0.1603 0.8489
vn 0.2056 -0.1633 0.9649
vn 0.3032 -0.1418 0.9423
vn -0.3104 -0.1710 0.9351
vn 0.9923 0.1059 -0.0649
vn 0.9897 0.1434 0.0028
vn 0.9918 0.1260 -0.0226
vn 0.9911 0.1322 -0.0125
vn 0.9815 0.1865 0.0443
vn 0.9908 0.1018 -0.0890
vn 0.9897 0.1429 -0.0032
vn 0.9891 0.1393 -0.0481
vn 0.9877 0.1495 -0.0447
vn 0.9867 0.1611 0.0199
vn 0.9832 0.0961 -0.1555
vn 0.9828 0.0916 -0.1606
vn 0.9837 0.0930 -0.1538
vn 0.9862 0.1632 0.0262
vn 0.1413 -0.0440 0.9890
vn 0.1399 -0.0097 0.9901
vn 0.5215 0.0664 0.8507
vn 0.7994 0.0979 0.5928
vn 0.6721 0.0820 0.7359
vn 0.9870 0.1587 0.0266
vn 0.5093 0.0580 0.8586
vn 0.3940 0.0160 0.9190
vn 0.4100 0.0158 0.9120
vn 0.9894 0.1397 -0.0390
vn 0.9877 0.1564 0.0013
vn 0.9843 0.1740 0.0311
vn 0.9884 0.1517 0.0089
vn 0.9609 0.1073 0.2552
vn 0.9557 0.1373 0.2605
vn 0.9150 0.1190 0.3855
vn 0.5911 0.0947 0.8011
vn 0.9815 0.1144 -0.1534
vn 0.9844 0.1279 -0.1212
vn 0.8750 0.1329 0.4655
vn 0.6398 0.1173 0.7596
vn 0.7419 0.1218 0.6594
vn 0.4178 0.0492 0.9072
vn 0.9697 0.1017 0.2221
vn 0.9895 0.1084 0.0960
vn 0.9931 0.1063 0.0503
vn 0.9932 0.1130 -0.0279
vn 0.9948 0.0966 -0.0323
vn 0.9877 0.0978 -0.1222
vn 0.9865 0.1634 0.0107
vn 0.3289 -0.0500 0.9431
vn 0.5049 0.0928 0.8582
vn 0.8338 0.1643 0.5270
vn 0.7364 0.1042 0.6684
vn 0.8584 0.1251 0.4976
vn 0.9922 0.1162 0.0461
vn 0.9970 0.0682 0.0367
vn 0.9922 0.0997 0.0751
vn 0.9896 0.1412 0.0258
vn 0.9387 0.1222 0.3223
vn 0.9820 0.1035 0.1580
vn 0.3135 0.0827 0.9460
vn 0.9900 0.1216 -0.0716
vn 0.9900 0.1091 -0.0893
vn 0.9887 0.0894 -0.1204
vn 0.9897 0.1084 0.0933
vn 0.3512 0.0504 0.9350
vn 0.3342 0.0175 0.9423
vn 0.2697 0.0790 0.9597
vn 0.9245 0.1053 0.3663
vn 0.8704 0.1156 0.4786
vn 0.8027 0.1052 0.5870
vn 0.9869 0.1177 -0.1099
vn 0.9862 0.1169 -0.1174
vn 0.9076 0.1473 0.3931
vn 0.9886 0.1162 -0.0960
vn 0.9762 0.1221 -0.1794
vn 0.9924 0.0863 0.0878
vn 0.9816 0.1085 -0.1569
vn 0.9866 0.1172 -0.1132
vn 0.9932 0.1158 0.0079
vn 0.9632 0.1072 0.2466
vn 0.9511 0.1219 0.2838
vn 0.9921 0.1100 0.0603
vn 0.9862 0.1604 0.0409
vn 0.9025 0.0806 0.4231
vn 0.9250 0.0652 0.3744
vn 0.7920 0.0822 0.6050
vn 0.3341 0.0999 0.9372
vn 0.3604 0.0615 0.9308
vn 0.9880 0.1541 0.0071
vn 0.9576 0.0615 0.2814
vn 0.9706 0.1193 0.2090
vn 0.8586 0.0669 0.5082
vn 0.9415 0.0721 0.3291
vn 0.8197 0.0722 0.5683
vn 0.9871 0.1283 -0.0959
vn 0.9866 0.1389 -0.0858
vn 0.9886 0.1063 0.1062
vn 0.9836 0.1181 -0.1366
vn 0.9788 0.1201 -0.1658
vn 0.9877 0.1272 -0.0909
vn 0.3414 0.0056 0.9399
vn 0.1973 -0.0792 0.9771
vn 0.2213 -0.0423 0.9743
vn 0.7391 0.0985 0.6663
vn 0.5247 0.0652 0.8488
vn 0.6654 0.0909 0.7410
vn 0.9787 0.1087 -0.1741
vn 0.8611 0.1138 0.4955
vn 0.8248 0.1008 0.5563
vn 0.9241 0.1319 0.3588
vn 0.7892 0.1082 0.6046
vn 0.9533 0.0800 0.2912
vn 0.9467 0.1075 0.3035
vn 0.9096 0.0945 0.4047
vn 0.9066 0.1165 0.4055
vn 0.8622 0.1102 0.4944
vn 0.9942 0.0972 -0.0458
vn 0.9959 0.0909 0.0020
vn 0.9874 0.1064 0.1171
vn 0.9823 0.1378 0.1267
vn 0.9311 0.0948 0.3522
vn 0.9912 0.0773 0.1076
vn 0.9865 0.0859 0.1397
vn 0.9521 0.0963 0.2902
vn 0.7825 0.1111 0.6127
vn 0.7521 0.1085 0.6500
vn 0.8982 0.1025 0.4275
vn 0.2888 -0.0364 0.9567
vn 0.3240 -0.0064 0.9460
vn 0.3109 0.0139 0.9503
vn 0.4616 0.0483 0.8858
vn 0.2424 -0.0824 0.9667
vn 0.6225 0.0823 0.7783
vn 0.5685 0.0738 0.8194
vn 0.6966 0.0948 0.7112
vn 0.9735 0.0788 0.2147
vn 0.2892 0.0399 0.9564
vn 0.2330 0.0003 0.9725
vn 0.2760 -0.0245 0.9608
vn 0.3584 0.0385 0.9328
vn 0.2615 -0.0783 0.9620
vn 0.3844 0.0576 0.9214
vn 0.3483 0.0522 0.9359
vn 0.4987 0.0711 0.8638
vn 0.9839 0.1034 -0.1455
vn 0.9873 0.0825 -0.1360
vn 0.9844 0.1084 -0.1386
vn 0.8015 0.0967 0.5901
vn 0.9255 0.1235 0.3581
vn 0.2358 -0.0596 0.9700
vn 0.2286 -0.0732 0.9708
vn 0.9952 0.0937 0.0281
vn 0.9822 0.0961 0.1611
vn 0.9884 0.1510 -0.0163
vn 0.7956 0.0917 0.5989
vn 0.1814 0.0819 0.9800
vn 0.1588 0.0274 0.9869
vn 0.9758 0.1081 0.1903
vn 0.9940 0.1089 0.0029
vn 0.0889 -0.1045 0.9905
vn 0.5530 0.0710 0.8301
vn 0.9842 0.1255 -0.1246
vn 0.9327 0.1058 0.3448
vn 0.7837 0.1063 0.6119
vn 0.6672 0.1020 0.7379
vn 0.5378 0.0629 0.8407
vn 0.3217 0.0425 0.9459
vn 0.9760 0.0839 0.2009
vn 0.9861 0.1162 -0.1190
vn 0.4974 0.0621 0.8653
vn 0.4548 0.0501 0.8892
vn 0.9870 0.1060 -0.1205
vn 0.9923 0.1014 0.0708
vn 0.9922 0.1233 -0.0185
vn 0.4481 0.0239 0.8937
vn 0.8895 0.0890 0.4481
vn 0.7053 0.0825 0.7040
vn 0.9885 0.1509 0.0082
vn 0.6072 0.0892 0.7895
vn 0.4776 0.0531 0.8770
vn 0.8902 0.0817 0.4481
vn 0.9830 0.1080 0.1482
vn 0.9891 0.1139 -0.0932
vn 0.9941 0.1002 -0.0411
vn 0.9939 0.1104 -0.0047
vn 0.9882 0.1107 -0.1060
vn 0.5931 0.0697 0.8021
vn 0.7025 0.1061 0.7037
vn 0.8125 0.0975 0.5747
vn 0.8900 0.1064 0.4434
vn 0.9773 0.1109 -0.1804
vn 0.7149 0.1013 0.6918
vn 0.9145 0.1334 0.3819
vn 0.5850 0.0974 0.8051
vn 0.5998 0.0857 0.7955
vn 0.9780 0.1013 -0.1826
vn 0.9794 0.1022 -0.1740
vn 0.9792 0.1159 -0.1666
vn 0.9863 0.0892 -0.1388
vn 0.9900 0.0883 -0.1103
vn 0.9808 0.1181 -0.1550
vn 0.9912 0.1111 -0.0726
vn 0.9946 0.1031 0.0067
vn 0.9915 0.0816 -0.1013
vn 0.9918 0.0885 -0.0927
vn 0.9906 0.0866 -0.1059
vn 0.9163 0.1102 0.3850
vn 0.9440 0.0858 0.3186
vn 0.9948 0.0978 -0.0300
vn 0.7844 0.1158 0.6093
vn 0.3283 0.0057 0.9446
vn 0.4594 0.0504 0.8868
vn 0.4590 0.0394 0.8875
vn 0.9905 0.1300 -0.0445
vn 0.8497 0.1077 0.5161
vn 0.9637 0.1004 0.2475
vn 0.9874 0.1088 -0.1150
vn 0.9916 0.1143 -0.0604
vn 0.9819 0.1060 -0.1568
vn 0.9914 0.1081 0.0734
vn 0.9904 0.1072 0.0867
vn 0.9177 0.1105 0.3815
vn 0.8275 0.1069 0.5512
vn 0.7917 0.1029 0.6022
vn 0.9940 0.1096 -0.0061
vn 0.3337 0.0040 0.9427
vn 0.6448 0.0951 0.7584
vn 0.9320 0.1136 0.3441
vn 0.9619 0.1011 0.2540
vn 0.9092 0.1091 0.4019
vn 0.6235 0.0770 0.7780
vn 0.6978 0.0821 0.7115
vn 0.8200 0.0979 0.5639
vn 0.9216 0.1006 0.3749
vn 0.9822 0.1131 0.1503
vn 0.9791 0.1158 0.1671
vn 0.9602 0.1179 0.2534
vn 0.8831 0.1084 0.4565
vn 0.9880 0.1153 0.1028
vn 0.9616 0.1084 0.2522
vn 0.9910 0.1106 0.0760
vn 0.9707 0.1133 0.2117
vn 0.9838 0.1081 0.1431
vn 0.7731 0.1104 0.6245
vn 0.6302 0.0725 0.7731
vn 0.9927 0.0924 -0.0777
vn 0.6822 0.0913 0.7255
vn 0.9932 0.0978 0.0625
vn 0.9804 0.1204 0.1557
vn 0.9947 0.1021 -0.0118
vn 0.9883 0.1015 0.1138
vn 0.9931 0.1039 -0.0538
vn 0.9936 0.0796 -0.0802
vn 0.9280 0.3440 0.1429
vn 0.8922 0.3699 0.2592
vn 0.8886 0.4324 0.1528
vn 0.9035 0.4244 0.0592
vn 0.8279 0.3412 -0.4451
vn 0.8953 0.3934 -0.2090
vn 0.8192 0.3255 -0.4722
vn 0.9221 0.3170 -0.2219
vn 0.9304 0.3570 -0.0834
vn 0.8768 0.4619 -0.1337
vn 0.8700 0.4745 -0.1338
vn 0.9283 0.3677 -0.0547
vn 0.9007 0.3213 -0.2923
vn 0.9281 0.3557 -0.1096
vn 0.8928 0.3984 0.2101
vn 0.9058 0.3764 0.1947
vn 0.7440 0.1428 -0.6527
vn 0.7767 0.1455 -0.6128
vn 0.6857 0.1533 -0.7116
vn 0.7981 0.4552 -0.3947
vn 0.7413 0.4187 -0.5245
vn 0.7937 0.4458 -0.4139
vn 0.8945 0.4203 0.1522
vn 0.4439 0.1461 -0.8841
vn 0.4526 0.1584 -0.8775
vn 0.4381 0.1607 -0.8844
vn 0.9077 0.3765 0.1850
vn 0.9102 0.4033 -0.0939
vn 0.9108 0.4110 0.0391
vn 0.9066 0.3700 -0.2027
vn 0.9002 0.4016 0.1681
vn 0.9264 0.3687 -0.0764
vn 0.9253 0.3471 -0.1525
vn 0.8735 0.3107 -0.3747
vn 0.9115 0.3827 -0.1505
vn 0.7464 0.4436 -0.4961
vn 0.5222 0.0866 -0.8484
vn 0.4730 0.0953 -0.8759
vn 0.4638 0.0865 -0.8817
vn 0.4299 0.1184 -0.8951
vn 0.4183 0.1264 -0.8995
vn 0.4301 0.1151 -0.8954
vn 0.9124 0.3923 0.1164
vn 0.9127 0.3865 0.1325
vn 0.9226 0.3602 -0.1377
vn 0.8780 0.3181 -0.3577
vn 0.8363 0.4932 -0.2394
vn 0.8406 0.4915 -0.2276
vn 0.7890 0.4450 -0.4237
vn 0.9144 0.4006 0.0581
vn 0.8928 0.3982 0.2104
vn 0.9090 0.3907 0.1451
vn 0.4928 0.1270 -0.8608
vn 0.6003 0.1535 -0.7849
vn 0.5703 0.1304 -0.8110
vn 0.8411 0.2952 -0.4533
vn 0.9168 0.3700 -0.1504
vn 0.8625 0.3041 -0.4046
vn 0.9059 0.3718 -0.2027
vn 0.9202 0.3912 -0.0106
vn 0.8944 0.2920 -0.3387
vn 0.7935 0.2542 -0.5529
vn 0.7515 0.4102 -0.5167
vn 0.8485 0.4435 -0.2888
vn 0.7947 0.4130 -0.4449
vn 0.9071 0.3977 0.1381
vn 0.6854 0.1715 -0.7077
vn 0.7541 0.1620 -0.6365
vn 0.7947 0.1699 -0.5827
vn 0.8639 0.4696 -0.1823
vn 0.6865 0.2098 -0.6962
vn 0.6806 0.2032 -0.7039
vn 0.6089 0.1796 -0.7727
vn 0.8314 0.2452 -0.4986
vn 0.9017 0.4071 0.1458
vn 0.9035 0.4053 0.1395
vn 0.7400 0.2531 -0.6231
vn 0.8633 0.3386 -0.3744
vn 0.8192 0.2972 -0.4904
vn 0.8974 0.4203 0.1343
vn 0.9056 0.4230 -0.0314
vn 0.8998 0.4073 0.1567
vn 0.7111 0.3927 -0.5832
vn 0.7375 0.4378 -0.5143
vn 0.8938 0.4470 -0.0355
vn 0.6600 0.1148 -0.7425
vn 0.5410 0.0976 -0.8353
vn 0.8922 0.4100 0.1895
vn 0.8879 0.4227 0.1815
vn 0.6160 0.1927 -0.7638
vn 0.6938 0.1991 -0.6921
vn 0.6034 0.2065 -0.7702
vn 0.5570 0.2183 -0.8013
vn 0.6345 0.2105 -0.7437
vn 0.8970 0.4125 0.1589
vn 0.6326 0.2317 -0.7390
vn 0.7299 0.3208 -0.6036
vn 0.6332 0.2352 -0.7374
vn 0.9136 0.4063 -0.0151
vn 0.7595 0.1485 -0.6334
vn 0.7997 0.1541 -0.5802
vn 0.7975 0.1428 -0.5862
vn 0.6598 0.1490 -0.7365
vn 0.7116 0.1369 -0.6892
vn 0.7720 0.1341 -0.6214
vn 0.7870 0.1447 -0.5997
vn 0.7118 0.3726 -0.5954
vn 0.7228 0.3734 -0.5815
vn 0.8924 0.4187 0.1685
vn 0.8588 0.4537 -0.2381
vn 0.8486 0.5008 -0.1704
vn 0.8098 0.4726 -0.3477
vn 0.9202 0.3731 -0.1181
vn 0.8963 0.4200 -0.1422
vn 0.8955 0.4017 -0.1916
vn 0.9067 0.4218 0.0024
vn 0.8861 0.4124 -0.2115
vn 0.9022 0.4308 0.0225
vn 0.5659 0.0895 -0.8196
vn 0.5779 0.1331 -0.8052
vn 0.5364 0.1859 -0.8232
vn 0.5797 0.1727 -0.7963
vn 0.9104 0.4127 -0.0287
vn 0.6664 0.3441 -0.6614
vn 0.6774 0.3341 -0.6553
vn 0.6381 0.1504 -0.7551
vn 0.7081 0.1569 -0.6885
vn 0.5374 0.1382 -0.8319
vn 0.5937 0.2045 -0.7783
vn 0.6161 0.1797 -0.7669
vn 0.7408 0.3484 -0.5743
vn 0.8180 0.3927 -0.4202
vn 0.8848 0.4269 -0.1871
vn 0.8951 0.4415 0.0621
vn 0.9007 0.4333 -0.0316
vn 0.8948 0.4251 0.1364
vn 0.8829 0.4398 -0.1645
vn 0.8669 0.4394 -0.2352
vn 0.8971 0.4416 0.0156
vn 0.8915 0.4127 0.1868
vn 0.8984 0.4391 0.0055
vn 0.4714 0.1257 -0.8729
vn 0.4321 0.1344 -0.8918
vn 0.4215 0.1232 -0.8984
vn 0.8906 0.4536 -0.0329
vn 0.8766 0.4722 -0.0925
vn 0.8929 0.4227 0.1553
vn 0.6719 0.1345 -0.7283
vn 0.5655 0.1315 -0.8142
vn 0.7550 0.1694 -0.6335
vn 0.6419 0.1713 -0.7474
vn 0.9226 0.3489 -0.1647
vn 0.8677 0.3166 -0.3832
vn 0.8852 0.3229 -0.3348
vn 0.7965 0.4749 -0.3743
vn 0.7654 0.4526 -0.4575
vn 0.8311 0.4025 -0.3837
vn 0.5851 0.1643 -0.7942
vn 0.5654 0.1683 -0.8075
vn 0.8875 0.4215 -0.1860
vn 0.8313 0.3971 -0.3889
vn 0.9128 0.3778 -0.1549
vn 0.8981 0.3999 -0.1828
vn 0.7014 0.1910 -0.6867
vn 0.6466 0.1937 -0.7378
vn 0.9008 0.3870 -0.1969
vn 0.5792 0.2424 -0.7783
vn 0.6433 0.1793 -0.7444
vn 0.5700 0.2275 -0.7895
vn 0.8999 0.3993 -0.1754
vn 0.8351 0.2630 -0.4832
vn 0.5137 0.1319 -0.8478
vn 0.6076 0.1924 -0.7706
vn 0.4821 0.1833 -0.8567
vn 0.4888 0.1848 -0.8526
vn 0.5117 0.1974 -0.8362
vn 0.5526 0.1630 -0.8174
vn 0.5394 0.2156 -0.8140
vn 0.5002 0.1986 -0.8429
vn 0.5935 0.2336 -0.7702
vn 0.6451 0.1734 -0.7442
vn 0.5059 0.2012 -0.8388
vn 0.7149 0.4188 -0.5600
vn 0.8003 0.1640 -0.5767
vn 0.7317 0.1722 -0.6595
vn 0.7982 0.1329 -0.5875
vn 0.6212 0.0909 -0.7784
vn 0.8832 0.3416 -0.3213
vn 0.6561 0.0137 -0.7545
vn 0.6082 0.1012 -0.7873
vn 0.6327 -0.0056 -0.7744
vn 0.8171 0.1571 -0.5547
vn 0.6868 0.0688 -0.7236
vn 0.7159 0.1417 -0.6837
vn 0.8905 0.3241 -0.3192
vn 0.8355 0.2896 -0.4670
vn 0.7705 0.1570 -0.6178
vn 0.7510 0.1356 -0.6462
vn 0.7476 0.1458 -0.6480
vn 0.6829 0.1245 -0.7198
vn 0.7340 0.1481 -0.6628
vn 0.5909 0.1656 -0.7895
vn 0.5940 0.1155 -0.7962
vn 0.7705 0.1796 -0.6116
vn 0.7589 0.1742 -0.6275
vn 0.7159 0.2017 -0.6684
vn 0.6390 0.1469 -0.7551
vn 0.6501 0.1904 -0.7356
vn 0.6504 0.1919 -0.7349
vn 0.7212 0.1898 -0.6663
vn 0.5851 0.1298 -0.8005
vn 0.7289 0.2082 -0.6522
vn 0.6900 0.2111 -0.6924
vn 0.7209 0.1741 -0.6708
vn 0.8142 0.4455 -0.3723
vn 0.7126 0.1411 -0.6873
vn 0.8072 0.3895 -0.4435
vn 0.6615 0.2099 -0.7200
vn 0.5793 0.1675 -0.7977
vn 0.7722 0.1651 -0.6135
vn 0.7336 0.1664 -0.6588
vn 0.7848 0.1632 -0.5979
vn 0.8135 0.1401 -0.5644
vn 0.5732 0.1629 -0.8031
vn 0.6380 0.1962 -0.7446
vn 0.5999 0.1685 -0.7821
vn 0.8229 0.1551 -0.5466
vn 0.6160 0.1053 -0.7807
vn 0.9225 0.3726 -0.1012
vn 0.7589 0.1796 -0.6260
vn 0.9114 0.4115 0.0051
vn 0.7797 0.3478 -0.5206
vn 0.7288 0.3035 -0.6138
vn 0.5264 0.2103 -0.8238
vn 0.5601 0.1913 -0.8061
vn 0.5171 0.2441 -0.8204
vn 0.5957 0.1081 -0.7959
vn 0.6293 0.2536 -0.7347
vn 0.6257 0.1922 -0.7560
vn 0.6982 0.3675 -0.6144
vn 0.7291 0.4389 -0.5252
vn 0.8886 0.4132 -0.1993
vn 0.8969 0.3928 -0.2032
vn 0.7057 0.2328 -0.6691
vn 0.8390 0.3083 -0.4484
vn 0.6799 0.2207 -0.6993
vn 0.5308 0.0856 -0.8431
vn 0.4682 0.1507 -0.8707
vn 0.4726 0.1375 -0.8705
vn 0.6374 0.1772 -0.7499
vn 0.5034 0.1424 -0.8523
vn 0.5093 0.1515 -0.8471
vn 0.5553 0.1493 -0.8181
vn 0.6011 0.0069 -0.7991
vn 0.4383 0.1258 -0.8900
vn 0.4157 0.1272 -0.9006
vn 0.6115 0.1654 -0.7737
vn 0.5046 0.1471 -0.8507
vn 0.4604 0.1387 -0.8768
vn 0.7135 0.1284 -0.6888
vn 0.6337 0.2773 -0.7221
vn 0.6575 0.3062 -0.6884
vn 0.7200 0.2111 -0.6611
vn 0.6190 0.1641 -0.7681
vn 0.8109 0.1504 -0.5655
vn 0.9034 0.3756 -0.2069
vn 0.8780 0.3742 -0.2985
vn 0.8788 0.4031 -0.2552
vn 0.4557 0.1357 -0.8797
vn 0.4393 0.1303 -0.8888
vn 0.4264 0.1225 -0.8962
vn 0.4392 0.1438 -0.8868
vn 0.4375 0.1491 -0.8868
vn 0.4545 0.1328 -0.8808
vn 0.4885 0.1736 -0.8551
vn 0.8563 0.3028 -0.4184
vn 0.9234 0.3566 -0.1423
vn 0.5640 0.1570 -0.8107
vn 0.6840 0.2026 -0.7008
vn 0.7527 0.2332 -0.6156
vn 0.6572 0.1912 -0.7291
vn 0.4790 0.1790 -0.8594
vn 0.4751 0.1484 -0.8673
vn 0.5014 0.1530 -0.8516
vn 0.6677 0.2337 -0.7068
vn 0.5302 0.2061 -0.8224
vn 0.5028 0.1756 -0.8464
vn 0.5873 0.1841 -0.7882
vn 0.5545 0.1749 -0.8136
vn 0.6660 0.2468 -0.7040
vn 0.5836 0.2257 -0.7801
vn 0.5802 0.2038 -0.7885
vn 0.4458 0.1158 -0.8876
vn 0.4554 0.0952 -0.8852
vn 0.4922 0.1060 -0.8640
vn 0.4244 0.1250 -0.8968
vn 0.4463 0.1331 -0.8849
vn 0.5021 0.1517 -0.8514
vn 0.4908 0.1220 -0.8627
vn 0.5684 0.1600 -0.8070
vn 0.4947 0.1376 -0.8581
vn 0.8492 0.3994 -0.3455
vn 0.8217 0.3539 -0.4467
vn 0.4823 0.1650 -0.8603
vn 0.5470 0.1663 -0.8205
vn 0.7461 0.2262 -0.6262
vn 0.5988 0.1578 -0.7852
vn 0.5055 0.1920 -0.8412
vn 0.6024 0.2272 -0.7651
vn 0.4784 0.1692 -0.8617
vn 0.5635 0.1933 -0.8032
vn 0.6435 0.2398 -0.7269
vn 0.8569 0.3779 -0.3505
vn 0.4549 0.1464 -0.8784
vn 0.4704 0.1619 -0.8675
vn 0.4738 0.1596 -0.8660
vn 0.5490 0.1658 -0.8192
vn 0.7314 0.2819 -0.6209
vn 0.7460 0.2932 -0.5979
vn 0.8209 0.3301 -0.4660
vn 0.4630 0.1601 -0.8718
vn 0.5870 0.1563 -0.7944
vn 0.6036 0.1846 -0.7756
vn 0.5491 0.1654 -0.8192
vn 0.9184 0.3952 -0.0187
vn 0.7633 0.2665 -0.5885
vn 0.6422 0.2009 -0.7397
vn 0.7874 0.2570 -0.5604
vn 0.8798 0.3284 -0.3436
vn 0.4917 0.1521 -0.8574
vn 0.4389 0.1286 -0.8893
vn 0.4532 0.1295 -0.8820
vn 0.5020 0.1344 -0.8544
vn 0.5601 0.1709 -0.8106
vn 0.6639 0.2031 -0.7197
vn 0.6363 0.1989 -0.7454
vn 0.7910 0.2652 -0.5513
vn 0.7872 0.2630 -0.5578
vn 0.4993 0.1223 -0.8578
vn 0.5250 0.1477 -0.8382
vn 0.4638 0.1645 -0.8705
vn 0.4700 0.1645 -0.8672
vn 0.4332 0.1566 -0.8876
vn 0.4445 0.1439 -0.8842
vn 0.4837 0.1502 -0.8622
vn 0.4289 0.1480 -0.8912
vn 0.5754 0.1593 -0.8022
vn 0.4396 0.1603 -0.8838
vn 0.4348 0.1286 -0.8913
vn 0.4769 0.1352 -0.8685
vn 0.5198 0.1530 -0.8405
vn 0.4747 0.1330 -0.8700
vn 0.5144 0.1504 -0.8443
vn 0.5771 0.1675 -0.7993
vn 0.6136 0.1738 -0.7702
vn 0.7977 0.2678 -0.5404
vn 0.5086 0.1433 -0.8490
vn 0.6274 0.2003 -0.7525
vn 0.5795 0.1693 -0.7972
vn 0.7053 0.2158 -0.6753
vn 0.6863 0.2136 -0.6953
vn 0.6659 0.1944 -0.7203
vn 0.8821 0.3443 -0.3215
vn 0.8521 0.3170 -0.4165
vn 0.8620 0.3071 -0.4033
vn 0.6153 0.1888 -0.7654
vn 0.5297 0.1604 -0.8329
vn 0.5523 0.1635 -0.8174
vn 0.4420 0.1212 -0.8888
vn 0.6143 0.1766 -0.7691
vn 0.4296 0.1214 -0.8948
vn 0.8116 0.2887 -0.5079
vn 0.7650 0.2508 -0.5932
vn 0.7548 0.2611 -0.6018
vn 0.7657 0.2542 -0.5909
vn 0.7332 0.2298 -0.6400
vn 0.6711 0.1999 -0.7139
vn 0.6889 0.2251 -0.6890
vn 0.4798 0.1103 -0.8704
vn -0.9132 0.1767 -0.3673
vn -0.9421 0.1992 -0.2697
vn -0.9308 0.2009 -0.3055
vn -0.9186 0.3917 -0.0528
vn -0.9361 0.3504 0.0305
vn -0.9469 0.3196 0.0346
vn -0.9404 0.3392 -0.0248
vn -0.8432 0.0616 -0.5341
vn -0.8163 0.1248 -0.5640
vn -0.8477 0.1339 -0.5132
vn -0.9592 0.2583 0.1149
vn -0.9722 0.2273 -0.0562
vn -0.9735 0.2273 -0.0263
vn -0.9580 0.2771 0.0734
vn -0.8973 0.2428 0.3686
vn -0.7532 0.2568 0.6056
vn -0.8585 0.2635 0.4400
vn -0.9479 0.2878 0.1368
vn -0.9600 0.2467 0.1323
vn -0.9438 0.1696 -0.2837
vn -0.9415 0.1840 -0.2822
vn -0.9026 0.1353 -0.4086
vn -0.9364 0.3503 0.0210
vn -0.8530 0.2083 -0.4786
vn -0.8472 0.1971 -0.4934
vn -0.8294 0.1511 -0.5378
vn -0.9450 0.3139 -0.0922
vn -0.9522 0.2875 0.1035
vn -0.9404 0.3057 0.1492
vn -0.8579 0.2211 -0.4638
vn -0.8653 0.2241 -0.4483
vn -0.8917 0.2706 -0.3628
vn -0.8468 0.0247 -0.5313
vn -0.8517 0.0696 -0.5194
vn -0.8352 0.1482 -0.5296
vn -0.9169 0.2035 0.3433
vn -0.9488 0.2499 0.1934
vn -0.9791 0.2030 -0.0077
vn -0.9583 0.2787 0.0628
vn -0.9545 0.2870 0.0813
vn -0.8462 0.1787 -0.5020
vn -0.8338 0.1522 -0.5307
vn -0.8534 0.2176 -0.4737
vn -0.9431 0.2741 -0.1880
vn -0.8867 0.2265 -0.4030
vn -0.9412 0.2610 -0.2147
vn -0.9554 0.2830 -0.0845
vn -0.9668 0.2364 0.0973
vn -0.9403 0.2367 0.2446
vn -0.9609 0.2750 0.0324
vn -0.8917 0.1451 -0.4287
vn -0.8891 0.1372 -0.4366
vn -0.9392 0.1739 -0.2959
vn -0.9406 0.2494 0.2303
vn -0.9358 0.2541 0.2442
vn -0.8192 0.1211 -0.5605
vn -0.8209 0.1193 -0.5585
vn -0.9614 0.2747 -0.0164
vn -0.9556 0.2799 -0.0924
vn -0.9630 0.2579 0.0783
vn -0.9687 0.2462 0.0319
vn -0.9698 0.2089 -0.1259
vn -0.8907 0.0870 -0.4462
vn -0.8503 -0.0730 -0.5212
vn -0.8106 -0.0132 -0.5854
vn -0.9515 0.2814 -0.1241
vn -0.9377 0.2978 -0.1790
vn -0.9524 0.2991 -0.0592
vn -0.9566 0.2883 -0.0423
vn -0.9523 0.2994 -0.0591
vn -0.8383 0.1250 -0.5307
vn -0.8336 0.1237 -0.5384
vn -0.8223 0.1280 -0.5545
vn -0.9545 0.2928 -0.0570
vn -0.9621 0.2325 -0.1424
vn -0.9342 0.1928 -0.3002
vn -0.8965 0.3172 -0.3093
vn -0.8770 0.2690 -0.3981
vn -0.8707 0.2525 -0.4220
vn -0.9044 0.1022 -0.4142
vn -0.9084 0.3179 -0.2715
vn -0.8804 0.2724 -0.3882
vn -0.9137 0.3052 -0.2684
vn -0.8947 0.1406 -0.4239
vn -0.8786 0.1324 -0.4589
vn -0.9120 0.1544 -0.3799
vn -0.7397 0.1212 -0.6619
vn -0.7326 0.1143 -0.6710
vn -0.7721 0.0913 -0.6289
vn -0.7378 0.2429 -0.6298
vn -0.7658 0.1575 -0.6235
vn -0.7599 0.3292 -0.5605
vn -0.7326 0.1149 -0.6709
vn -0.8511 -0.0112 -0.5248
vn -0.8380 0.2012 -0.5072
vn -0.8797 0.2179 -0.4228
vn -0.8457 0.2220 -0.4853
vn -0.8681 0.0249 -0.4958
vn -0.8703 -0.0591 -0.4889
vn -0.8602 -0.0425 -0.5082
vn -0.7709 0.1017 -0.6287
vn -0.9671 0.2159 -0.1347
vn -0.9062 0.3542 -0.2309
vn -0.9126 0.3650 -0.1841
vn -0.8521 0.1246 -0.5083
vn -0.8287 0.1094 -0.5489
vn -0.8246 0.1163 -0.5537
vn -0.8303 0.1500 -0.5367
vn -0.7643 0.1376 -0.6300
vn -0.7420 0.1532 -0.6527
vn -0.8350 0.1181 -0.5374
vn -0.7652 0.1768 -0.6191
vn -0.8718 0.2776 -0.4036
vn -0.8583 0.2291 -0.4592
vn -0.7216 0.1878 -0.6664
vn -0.7225 0.2040 -0.6606
vn -0.8510 0.0742 -0.5199
vn -0.7635 0.2178 -0.6080
vn -0.7227 0.2245 -0.6537
vn -0.7398 0.1805 -0.6481
vn -0.9656 0.1821 -0.1857
vn -0.9571 0.1845 -0.2233
vn -0.9651 0.2540 0.0636
vn -0.9078 0.2805 0.3118
vn -0.9589 0.2588 0.1163
vn -0.8371 0.1281 -0.5318
vn -0.7573 0.2989 -0.5807
vn -0.7292 0.2368 -0.6420
vn -0.7857 0.1570 -0.5983
vn -0.8482 0.2589 0.4621
vn -0.9025 0.2693 0.3360
vn -0.8906 0.3232 -0.3200
vn -0.8934 0.1414 -0.4264
vn -0.9152 0.1836 -0.3587
vn -0.9094 0.1660 -0.3814
vn -0.9289 0.1961 -0.3141
vn -0.7457 0.2621 -0.6126
vn -0.7661 0.2868 -0.5751
vn -0.7674 0.1902 -0.6123
vn -0.8882 0.1443 -0.4363
vn -0.8748 0.0905 -0.4759
vn -0.8898 0.1420 -0.4336
vn -0.8568 0.2071 -0.4722
vn -0.8560 0.1733 -0.4870
vn -0.7661 0.2577 -0.5888
vn -0.9165 0.2758 -0.2899
vn -0.9497 0.2855 -0.1288
vn -0.9212 0.2610 -0.2884
vn -0.7783 0.1136 -0.6176
vn -0.7348 0.2168 -0.6427
vn -0.7465 0.1443 -0.6495
vn -0.8597 0.1310 -0.4937
vn -0.8693 0.1310 -0.4766
vn -0.7716 0.3393 -0.5381
vn -0.7869 0.2984 -0.5401
vn -0.7542 0.3807 -0.5350
vn -0.8099 0.2826 -0.5140
vn -0.9556 0.2589 -0.1410
vn -0.9622 0.2721 -0.0110
vn -0.9527 0.2962 0.0678
vn -0.8545 0.1384 -0.5007
vn -0.8761 0.1183 -0.4673
vn -0.7928 0.1342 -0.5945
vn -0.7941 0.2534 -0.5525
vn -0.7436 0.2504 -0.6200
vn -0.7941 0.0942 -0.6005
vn -0.7844 0.1804 -0.5934
vn -0.8157 0.2375 -0.5274
vn -0.8027 0.3079 0.5107
vn -0.7841 0.2971 0.5449
vn -0.7392 0.2970 -0.6045
vn -0.8178 0.1438 -0.5572
vn -0.9164 0.3478 -0.1980
vn -0.7923 0.1310 -0.5959
vn -0.8771 0.1275 -0.4631
vn -0.8666 0.1042 -0.4880
vn -0.8915 0.3003 -0.3391
vn -0.9316 0.3085 -0.1920
vn -0.9338 0.3267 -0.1458
vn -0.7478 0.1948 -0.6347
vn -0.7423 0.2270 -0.6305
vn -0.8469 0.2905 0.4454
vn -0.9197 0.2819 0.2732
vn -0.7782 0.2831 0.5606
vn -0.8059 0.3032 0.5086
vn -0.7342 0.2978 0.6102
vn -0.7582 0.2772 -0.5902
vn -0.7330 0.3011 -0.6100
vn -0.9475 0.3113 -0.0736
vn -0.9155 0.2729 -0.2955
vn -0.8267 0.2673 -0.4951
vn -0.7463 0.2747 -0.6063
vn -0.7524 0.2958 -0.5886
vn -0.9388 0.1855 -0.2901
vn -0.9718 0.2184 -0.0886
vn -0.9476 0.1872 -0.2590
vn -0.8820 0.2528 -0.3977
vn -0.8289 0.2468 -0.5021
vn -0.7610 0.2295 -0.6069
vn -0.9019 0.2957 0.3149
vn -0.8385 0.3937 -0.3767
vn -0.8606 0.3549 -0.3653
vn -0.8927 0.4057 -0.1962
vn -0.8160 0.3066 0.4900
vn -0.8687 0.3115 0.3851
vn -0.8862 0.3165 0.3383
vn -0.7992 0.2808 -0.5314
vn -0.7522 0.2656 -0.6030
vn -0.7446 0.2608 -0.6145
vn -0.7021 0.2699 0.6589
vn -0.7628 0.2859 -0.5800
vn -0.8175 0.2973 -0.4932
vn -0.7590 0.2605 -0.5967
vn -0.9184 0.3230 -0.2285
vn -0.7856 0.2565 -0.5631
vn -0.7452 0.2320 -0.6252
vn -0.7716 0.2632 -0.5791
vn -0.7712 0.2723 -0.5754
vn -0.7701 0.2693 -0.5783
vn -0.9516 0.2953 -0.0849
vn -0.9496 0.3101 0.0467
vn -0.9465 0.3100 0.0901
vn -0.7489 0.2114 -0.6280
vn -0.7792 0.2950 -0.5530
vn -0.8346 0.3222 -0.4467
vn -0.8003 0.3450 -0.4905
vn -0.8249 0.3566 -0.4387
vn -0.8089 0.3607 -0.4644
vn -0.8607 0.3695 -0.3502
vn -0.9213 0.3451 0.1790
vn -0.9266 0.3534 -0.1282
vn -0.9420 0.3287 0.0675
vn -0.8279 0.3381 -0.4476
vn -0.8288 0.3338 -0.4491
vn -0.9463 0.3225 0.0229
vn -0.9344 0.3298 -0.1344
vn -0.8806 0.4356 -0.1867
vn -0.8803 0.4104 -0.2379
vn -0.8569 0.4414 -0.2662
vn -0.9657 0.2091 -0.1539
vn -0.9530 0.2030 -0.2250
vn -0.8264 0.3663 -0.4277
vn -0.9133 0.2790 -0.2967
vn -0.8285 0.3436 -0.4423
vn -0.8880 0.3654 -0.2792
vn -0.8632 0.2986 -0.4071
vn -0.8980 0.3503 -0.2663
vn -0.8315 0.3357 -0.4427
vn -0.9036 0.1224 -0.4105
vn -0.8944 0.3853 -0.2271
vn -0.8501 0.3859 -0.3583
vn -0.9264 0.3755 0.0287
vn -0.9236 0.3801 0.0499
vn -0.8783 0.3263 0.3494
vn -0.9300 0.2132 -0.2993
vn -0.9021 0.1915 -0.3866
vn -0.7946 0.0886 -0.6006
vn -0.8582 0.4098 -0.3093
vn -0.8815 0.3481 0.3189
vn -0.8950 0.3878 0.2204
vn -0.8598 0.4154 -0.2968
vn -0.8164 0.2518 0.5197
vn -0.7477 0.2421 0.6183
vn -0.8619 0.1269 -0.4909
vn -0.8822 0.4179 -0.2172
vn -0.9211 0.3625 -0.1418
vn -0.9117 0.3278 -0.2478
vn -0.9126 0.2130 -0.3490
vn -0.8988 0.2185 -0.3800
vn -0.9097 0.3143 -0.2713
vn -0.8990 0.3676 -0.2379
vn -0.8101 0.2812 -0.5145
vn -0.8969 0.4265 -0.1171
vn -0.9058 0.4107 0.1040
vn -0.9192 0.3805 -0.1014
vn -0.9107 0.4037 -0.0880
vn -0.9044 0.3760 -0.2018
vn -0.8563 0.4138 -0.3090
vn -0.7673 0.2766 0.5786
vn -0.7708 0.2746 0.5748
vn -0.9202 0.3699 -0.1279
vn -0.9198 0.3825 -0.0871
vn -0.9290 0.3683 -0.0355
vn -0.9259 0.3747 -0.0474
vn -0.9143 0.3911 0.1049
vn -0.8190 0.2140 0.5324
vn -0.9278 0.3650 0.0775
vn -0.9106 0.4099 0.0526
vn -0.9275 0.3738 -0.0088
vn -0.9146 0.3928 0.0960
vn -0.9234 0.3781 0.0660
vn -0.9238 0.3818 0.0287
vn -0.9208 0.3884 0.0368
vn -0.9254 0.3780 0.0278
vn -0.7380 0.1692 -0.6533
vn -0.7235 0.1777 -0.6671
vn -0.9247 0.3800 0.0220
vn -0.9310 0.3649 0.0090
vn -0.9275 0.3729 0.0248
vn -0.9316 0.3633 0.0145
vn -0.9371 0.1651 -0.3075
vn -0.9117 0.1533 -0.3812
vn -0.8581 0.3801 -0.3451
vn -0.9526 0.2759 0.1279
vn -0.9685 0.2437 -0.0515
vn -0.9277 0.2736 0.2541
vn -0.7178 0.2781 0.6383
vn -0.7710 0.2884 0.5678
vn -0.9225 0.2640 0.2815
vn -0.7980 0.2634 0.5421
vn -0.7313 0.2855 0.6195
vn -0.6893 0.2226 0.6895
vn -0.9110 0.3003 0.2825
vn -0.8514 0.2986 0.4313
vn -0.7497 0.2828 0.5983
vn -0.7169 0.2710 0.6424
vn -0.7747 0.2949 0.5593
vn -0.8112 0.2898 0.5080
vn -0.6789 0.2490 0.6908
vn -0.7982 0.2658 -0.5406
vn -0.8559 0.1689 -0.4887
vn -0.7573 0.2876 0.5863
vn -0.8748 0.2965 0.3832
vn -0.7907 0.2853 -0.5417
vn -0.7950 0.3190 -0.5160
vn -0.9159 0.1808 -0.3584
vn -0.9481 0.3178 -0.0064
vn -0.9356 0.3197 0.1498
vn -0.9433 0.3316 -0.0177
vn -0.9238 0.2902 0.2497
vn -0.9404 0.2858 0.1844
vn -0.6868 0.2574 0.6798
vn -0.9627 0.2653 0.0539
vn -0.9649 0.2572 -0.0537
vn -0.7233 0.2483 0.6444
vn -0.8410 0.0411 -0.5395
vn -0.8627 -0.0086 -0.5056
vn -0.8705 0.0299 -0.4913
vn -0.8834 0.2783 0.3770
vn -0.8433 0.2720 0.4635
vn -0.8523 0.2776 0.4433
vn -0.8685 0.1510 -0.4721
vn -0.8153 0.2245 -0.5337
vn -0.8633 0.2176 -0.4554
vn -0.7899 0.3143 -0.5266
vn -0.9201 0.3902 0.0350
vn -0.9601 0.1839 -0.2108
vn -0.8833 0.4139 0.2204
vn -0.8860 0.3402 0.3150
vn -0.9123 0.4087 -0.0249
vn -0.9252 0.3713 0.0788
vn -0.9646 0.2570 0.0588
vn -0.8718 0.0490 -0.4874
vn -0.8922 0.1526 -0.4250
vn -0.9053 0.4236 0.0309
vn -0.8943 0.1186 -0.4314
vn -0.8297 0.0791 -0.5526
vn -0.9267 0.3756 -0.0091
vn -0.8573 0.3036 0.4159
vn -0.7632 0.2765 0.5840
vn -0.8303 0.2888 0.4766
vn -0.8191 0.2997 0.4892
vn -0.9056 0.3342 0.2612
vn -0.8903 0.3075 0.3359
vn -0.8282 0.3131 0.4648
vn -0.9205 0.3241 0.2180
vn -0.9468 0.2809 -0.1573
vn -0.8275 0.2959 0.4772
vn -0.7435 0.2897 0.6027
vn -0.9078 0.3089 0.2838
vn -0.8501 0.3042 0.4299
vn -0.9141 0.3333 0.2308
vn -0.9239 0.3810 -0.0346
vn -0.8996 0.3277 0.2888
vn -0.9311 0.3354 0.1432
vn -0.8380 0.1597 -0.5218
vn -0.9657 0.2308 -0.1192
vn -0.8374 0.1809 -0.5158
vn -0.7374 0.2373 -0.6324
vn -0.9647 0.2213 -0.1425
vn -0.8871 0.1601 -0.4329
vn -0.9597 0.2308 -0.1601
vn -0.9512 0.2241 -0.2122
vn -0.9693 0.2458 -0.0062
vn -0.9701 0.2413 -0.0268
vn -0.9465 0.2185 -0.2374
vn -0.9045 0.1712 -0.3906
vn -0.9509 0.2641 0.1613
vn -0.9579 0.2622 0.1169
vn -0.7633 0.2720 -0.5860
vn -0.8226 0.2592 -0.5061
vn -0.8811 0.2329 -0.4116
vn -0.9571 0.2310 -0.1748
vn -0.9277 0.2197 -0.3019
vn -0.7452 0.3324 -0.5781
vn -0.9393 0.2222 -0.2615
vn -0.9606 0.2513 -0.1187
vn -0.9072 0.2168 -0.3605
vn -0.9277 0.2291 -0.2948
vn -0.8488 0.2182 -0.4816
vn -0.9265 0.2474 -0.2835
vn -0.9639 0.2522 -0.0859
vn -0.9582 0.2445 -0.1484
vn -0.9003 0.2881 0.3263
vn -0.9569 0.2798 0.0773
vn -0.9213 0.2971 0.2507
vn -0.8600 0.3057 0.4085
vn -0.8294 0.1570 -0.5361
vn -0.8656 0.2489 -0.4345
vn -0.9549 0.2750 0.1118
vn -0.8753 0.2876 0.3888
vn -0.9497 0.2751 -0.1494
vn -0.8811 0.3034 0.3627
vn -0.9426 0.2978 0.1510
vn -0.9459 0.2399 -0.2185
vn -0.9128 0.2766 0.3006
vn -0.9107 0.2793 0.3042
vn -0.8758 0.2749 -0.3968
vn -0.9571 0.2832 0.0612
vn -0.9423 0.3168 0.1083
vn -0.8696 0.3207 0.3754
vn -0.9122 0.3090 0.2691
vn -0.9123 0.3158 0.2608
vn -0.8542 0.3900 -0.3437
vn -0.9057 0.3733 -0.2010
vn 0.8843 0.0856 -0.4590
vn 0.8665 0.0901 -0.4910
vn 0.9119 0.0870 -0.4012
vn 0.9180 0.0853 -0.3873
vn 0.7922 0.1580 -0.5895
vn 0.8242 0.1367 -0.5495
vn 0.9709 0.1077 -0.2140
vn 0.9743 0.1094 -0.1970
vn 0.9726 0.1082 -0.2057
vn 0.9663 0.1217 -0.2268
vn 0.9741 0.1105 -0.1975
vn 0.9648 0.1605 -0.2085
vn 0.9704 0.1137 -0.2132
vn 0.8167 0.1296 -0.5623
vn 0.8495 0.1426 -0.5080
vn 0.8494 0.1472 -0.5068
vn 0.8667 0.1479 -0.4764
vn 0.8080 0.2476 -0.5345
vn 0.7023 0.2469 -0.6677
vn 0.7221 0.2522 -0.6442
vn 0.7716 0.2587 -0.5811
vn 0.6986 0.3027 -0.6483
vn 0.5249 0.3220 -0.7879
vn 0.6324 0.3100 -0.7099
vn 0.4346 0.3166 -0.8431
vn 0.6325 0.3260 -0.7026
vn 0.3995 0.3367 -0.8526
vn 0.5560 0.3422 -0.7575
vn 0.4085 0.3420 -0.8463
vn 0.4006 0.3807 -0.8334
vn 0.4784 0.3298 -0.8139
vn 0.5606 0.3397 -0.7552
vn 0.3839 0.3014 -0.8728
vn 0.8462 0.1371 -0.5149
vn 0.8571 0.1479 -0.4934
vn 0.8177 0.1517 -0.5552
vn 0.8244 0.1630 -0.5421
vn 0.7962 0.1544 -0.5850
vn 0.8052 0.1699 -0.5682
vn 0.7301 0.1152 -0.6736
vn 0.7344 0.1515 -0.6616
vn 0.7360 0.1638 -0.6569
vn 0.6980 0.1662 -0.6966
vn 0.6355 0.1279 -0.7614
vn 0.6966 0.1754 -0.6957
vn 0.6787 0.2021 -0.7061
vn 0.6571 0.1836 -0.7311
vn 0.4657 0.1456 -0.8729
vn 0.5554 0.1056 -0.8248
vn 0.5269 0.0579 -0.8480
vn 0.5068 0.0683 -0.8594
vn 0.6644 -0.0800 -0.7431
vn 0.5429 0.0030 -0.8398
vn 0.7081 -0.0325 -0.7054
vn 0.5920 0.0170 -0.8058
vn 0.7658 -0.0444 -0.6415
vn 0.4663 0.0399 -0.8837
vn 0.3995 -0.0064 -0.9167
vn 0.6472 -0.0240 -0.7619
vn 0.7148 -0.0215 -0.6990
vn 0.4684 0.3356 -0.8173
vn 0.2787 0.3446 -0.8964
vn 0.1832 0.3037 -0.9350
vn 0.2642 0.3406 -0.9023
vn 0.4030 0.3458 -0.8474
vn 0.4955 0.3503 -0.7948
vn 0.1305 0.3196 -0.9385
vn 0.5184 0.0072 -0.8551
vn 0.3305 0.0354 -0.9431
vn 0.2201 0.0619 -0.9735
vn 0.9785 -0.1626 -0.1268
vn 0.9768 -0.1672 -0.1336
vn 0.9776 -0.1656 -0.1302
vn 0.9761 -0.1647 -0.1417
vn 0.9738 -0.1827 -0.1352
vn 0.9747 -0.1512 -0.1645
vn 0.9791 -0.1138 -0.1684
vn 0.3654 0.3566 -0.8598
vn 0.4410 0.3749 -0.8154
vn 0.2371 0.3453 -0.9080
vn 0.0837 0.3224 -0.9429
vn 0.2472 0.0477 -0.9678
vn -0.0064 -0.0193 -0.9998
vn 0.0744 0.0079 -0.9972
vn 0.2495 0.3843 -0.8889
vn 0.1316 0.3653 -0.9215
vn 0.3594 0.4019 -0.8422
vn 0.4172 0.4119 -0.8101
vn 0.0777 0.4481 -0.8906
vn 0.2893 0.4576 -0.8408
vn 0.1887 0.4420 -0.8769
vn -0.2924 0.0843 -0.9526
vn -0.4526 -0.2482 -0.8565
vn -0.2799 0.0819 -0.9565
vn -0.2459 0.0294 -0.9688
vn 0.2867 0.4775 -0.8305
vn 0.0529 0.4570 -0.8879
vn 0.2184 0.4797 -0.8498
vn 0.0202 0.4324 -0.9015
vn 0.3548 0.4516 -0.8187
vn -0.3603 0.2789 -0.8902
vn -0.3102 0.2786 -0.9089
vn -0.2142 0.5086 -0.8339
vn -0.0565 0.5385 -0.8407
vn 0.0815 0.5749 -0.8142
vn 0.1901 0.5542 -0.8104
vn -0.2433 0.4637 -0.8519
vn 0.1209 0.2139 -0.9693
vn 0.6624 0.3086 -0.6826
vn 0.6929 0.2965 -0.6573
vn 0.7115 0.4066 -0.5731
vn 0.7259 0.3976 -0.5612
vn 0.7415 0.4259 -0.5185
vn 0.8549 0.3835 -0.3493
vn 0.8769 0.3422 -0.3375
vn 0.8888 0.4079 -0.2091
vn 0.8786 0.4107 -0.2438
vn 0.9550 0.2867 -0.0766
vn 0.9674 -0.2012 -0.1539
vn 0.9703 0.1300 -0.2039
vn 0.9583 0.2509 -0.1365
vn 0.9750 -0.0162 -0.2217
vn 0.9680 -0.0897 -0.2343
vn 0.9151 0.2958 -0.2741
vn 0.9189 -0.3462 -0.1893
vn 0.9629 -0.1389 -0.2316
vn 0.9891 -0.1456 -0.0221
vn 0.9873 -0.1555 -0.0335
vn 0.9882 -0.1492 -0.0333
vn 0.9820 -0.1800 -0.0566
vn 0.9671 -0.2120 -0.1404
vn 0.9709 -0.2080 -0.1188
vn 0.9852 -0.1647 -0.0482
vn 0.9872 -0.1568 -0.0276
vn 0.9919 -0.1272 0.0028
vn 0.9923 -0.1161 0.0435
vn 0.9921 -0.1128 0.0548
vn 0.9913 -0.1300 0.0193
vn 0.9953 -0.0727 0.0635
vn 0.9721 -0.2091 -0.1064
vn 0.9119 -0.3136 -0.2647
vn 0.9011 -0.3905 -0.1883
vn 0.3507 -0.4388 -0.8273
vn 0.4806 -0.4814 -0.7330
vn 0.4447 -0.3206 -0.8363
vn 0.3047 -0.2935 -0.9061
vn 0.3486 -0.1882 -0.9182
vn 0.2958 -0.1998 -0.9341
vn 0.2881 -0.0635 -0.9555
vn 0.2767 -0.1207 -0.9533
vn 0.2986 -0.0660 -0.9521
vn 0.2297 0.0808 -0.9699
vn 0.2235 0.1208 -0.9672
vn 0.2251 0.1146 -0.9676
vn 0.2624 -0.0197 -0.9648
vn 0.2607 0.0300 -0.9650
vn 0.2602 0.0301 -0.9651
vn 0.1762 0.2250 -0.9583
vn 0.1860 0.2255 -0.9563
vn 0.1899 0.1614 -0.9685
vn 0.1592 0.3739 -0.9137
vn 0.1484 0.3004 -0.9422
vn 0.1381 0.3576 -0.9236
vn 0.1024 0.8437 -0.5269
vn 0.0737 0.7555 -0.6510
vn 0.0580 0.8221 -0.5664
vn -0.0315 0.9941 -0.1042
vn 0.0014 0.9913 -0.1315
vn 0.0121 0.9772 -0.2122
vn 0.0582 0.9518 -0.3012
vn 0.0483 0.9106 -0.4105
vn 0.0252 0.9424 -0.3336
vn 0.1327 0.5179 -0.8451
vn 0.1225 0.4421 -0.8886
vn 0.1086 0.5005 -0.8589
vn 0.1091 0.6736 -0.7310
vn 0.0972 0.5887 -0.8025
vn 0.0859 0.6529 -0.7525
vn -0.0782 0.9969 0.0063
vn -0.0632 0.9980 -0.0096
vn 0.1092 0.5405 -0.8342
vn 0.0690 0.6330 -0.7711
vn 0.0786 0.5528 -0.8296
vn 0.2768 0.9575 0.0805
vn 0.1990 0.4774 -0.8558
vn 0.1802 0.4681 -0.8651
vn 0.2176 0.5236 -0.8237
vn 0.3101 0.7999 -0.5137
vn 0.2877 0.8328 -0.4729
vn 0.3309 0.7487 -0.5744
vn 0.3067 0.9518 -0.0000
vn 0.3153 0.9175 -0.2426
vn 0.3032 0.8944 -0.3289
vn 0.2101 0.7283 -0.6523
vn 0.2437 0.6682 -0.7029
vn 0.2840 0.7171 -0.6365
vn 0.0058 -0.3318 -0.9433
vn 0.0012 -0.3472 -0.9378
vn 0.0017 -0.3514 -0.9362
vn 0.0035 -0.3468 -0.9379
vn 0.0033 -0.3578 -0.9338
vn 0.0051 -0.3448 -0.9387
vn 0.0058 -0.3590 -0.9333
vn 0.0809 -0.4016 -0.9122
vn 0.1120 -0.4065 -0.9068
vn 0.0806 -0.3882 -0.9180
vn 0.1244 -0.4272 -0.8956
vn 0.1304 -0.4505 -0.8832
vn 0.1935 -0.4456 -0.8741
vn 0.0893 -0.4126 -0.9065
vn 0.0439 -0.4185 -0.9072
vn 0.0222 -0.3704 -0.9286
vn 0.0088 -0.3726 -0.9280
vn 0.0036 -0.3581 -0.9337
vn 0.1274 -0.3851 -0.9140
vn 0.1201 -0.3268 -0.9374
vn 0.0760 -0.3750 -0.9239
vn 0.0849 -0.3561 -0.9306
vn 0.1990 -0.2512 -0.9473
vn 0.1583 -0.2548 -0.9539
vn 0.1185 -0.1939 -0.9738
vn 0.1458 0.2847 -0.9475
vn 0.1987 0.3905 -0.8989
vn 0.1980 0.3174 -0.9274
vn 0.1965 0.3563 -0.9135
vn 0.1674 0.0714 -0.9833
vn 0.1386 0.0754 -0.9875
vn 0.1323 0.0919 -0.9869
vn 0.1268 0.0586 -0.9902
vn 0.1268 0.0909 -0.9878
vn 0.4566 -0.4673 -0.7571
vn 0.4032 -0.2693 -0.8746
vn 0.3148 -0.2455 -0.9168
vn 0.4430 0.0079 -0.8965
vn 0.1123 -0.1457 -0.9829
vn 0.1343 -0.1057 -0.9853
vn 0.1887 -0.1321 -0.9731
vn 0.2010 -0.3044 -0.9311
vn 0.1142 -0.3518 -0.9291
vn 0.2047 -0.3213 -0.9246
vn -0.9359 0.3477 -0.0573
vn -0.9313 0.3596 0.0574
vn -0.8988 0.3881 -0.2041
vn -0.9438 0.3293 0.0279
vn 0.4466 0.0242 -0.8944
vn 0.4346 0.0281 -0.9002
vn 0.4358 0.0167 -0.8999
vn 0.4330 0.0057 -0.9014
vn 0.4342 0.0102 -0.9008
vn 0.4271 0.0102 -0.9041
vn 0.3763 0.0418 -0.9256
vn -0.9717 0.2017 0.1228
vn -0.9795 0.1785 0.0933
vn -0.9720 0.2266 0.0628
vn -0.9751 0.1889 0.1163
vn 0.3483 0.0494 -0.9361
vn 0.3349 0.0510 -0.9409
vn 0.3581 0.0437 -0.9327
vn 0.2608 0.0944 -0.9608
vn 0.4101 0.0333 -0.9114
vn 0.3969 0.0238 -0.9176
vn 0.3891 0.0473 -0.9200
vn 0.3390 0.0577 -0.9390
vn -0.0464 0.6339 -0.7720
vn -0.2411 0.6468 -0.7235
vn -0.1526 0.5347 -0.8311
vn -0.2419 0.4489 -0.8602
vn -0.4461 0.3099 -0.8396
vn 0.0808 0.4182 -0.9048
vn -0.2715 0.5011 -0.8217
vn -0.2386 0.5508 -0.7998
vn -0.3731 0.3664 -0.8524
vn 0.2749 0.1319 -0.9524
vn 0.2405 0.1250 -0.9626
vn 0.2430 0.1247 -0.9620
vn 0.1430 0.1620 -0.9764
vn -0.8439 0.2916 -0.4502
vn -0.7905 0.3250 -0.5192
vn -0.5839 0.0612 -0.8095
vn -0.9091 0.3096 -0.2786
vn 0.2464 0.1929 -0.9498
vn 0.2303 0.1761 -0.9571
vn 0.0972 0.2014 -0.9747
vn 0.2654 0.1737 -0.9484
vn -0.0641 0.3821 -0.9219
vn -0.0027 0.1099 -0.9939
vn -0.1536 0.4133 -0.8976
vn -0.3042 0.5058 -0.8072
vn -0.2743 0.3400 -0.8995
vn -0.1118 0.2837 -0.9524
vn -0.4090 0.3766 -0.8312
vn -0.0357 0.2033 -0.9785
vn -0.8972 0.3964 0.1946
vn -0.9031 0.4229 0.0742
vn -0.8852 0.3684 0.2842
vn -0.9149 0.4036 -0.0089
vn -0.8064 0.2131 0.5516
vn -0.7968 0.2234 0.5614
vn -0.7961 0.2124 0.5667
vn -0.7887 0.2348 0.5682
vn -0.9323 0.2223 0.2852
vn -0.9387 0.2561 0.2306
vn -0.9488 0.2732 0.1583
vn -0.9295 0.2349 0.2844
vn -0.9380 0.2076 -0.2775
vn -0.9512 0.2963 0.0861
vn -0.9556 0.2945 -0.0135
vn -0.7510 0.1971 -0.6302
vn -0.7769 0.1837 -0.6022
vn -0.8343 0.1767 -0.5222
vn -0.7732 0.2260 -0.5925
vn -0.7492 0.2151 -0.6264
vn -0.7738 0.1982 -0.6016
vn -0.8076 0.2013 -0.5543
vn -0.7679 0.2149 -0.6034
vn -0.8131 0.2335 -0.5333
vn -0.8297 0.3259 -0.4532
vn -0.8369 0.3487 -0.4220
vn -0.7748 0.2435 -0.5834
vn -0.7966 0.2309 -0.5586
vn -0.8112 0.2368 -0.5347
vn -0.7941 0.3146 -0.5200
vn -0.7956 0.2672 -0.5438
vn -0.7857 0.2859 -0.5485
vn 0.0023 -0.3267 -0.9451
vn -0.1919 -0.3779 -0.9057
vn -0.1129 -0.3670 -0.9233
vn -0.1542 -0.3536 -0.9226
vn -0.2315 -0.4004 -0.8866
vn -0.2624 -0.4262 -0.8658
vn -0.1437 -0.4474 -0.8827
vn -0.1839 -0.4200 -0.8887
vn -0.2246 -0.4070 -0.8854
vn -0.2012 -0.4283 -0.8810
vn -0.2247 -0.3546 -0.9076
vn -0.2441 -0.4324 -0.8680
vn -0.2498 -0.4518 -0.8564
vn -0.1956 -0.4571 -0.8676
vn -0.1926 -0.4446 -0.8748
vn -0.3927 -0.4512 -0.8014
vn -0.4697 -0.0729 -0.8798
vn -0.4423 -0.2942 -0.8472
vn -0.5474 0.1265 -0.8273
vn -0.3007 -0.3416 -0.8904
vn -0.3389 -0.3427 -0.8762
vn -0.2226 -0.3853 -0.8955
vn -0.2657 -0.1755 -0.9479
vn -0.2328 -0.1618 -0.9590
vn -0.2377 -0.1534 -0.9591
vn -0.2470 -0.1134 -0.9624
vn -0.1550 0.1269 -0.9797
vn -0.1796 0.0853 -0.9800
vn -0.1993 0.1123 -0.9735
vn -0.1907 0.1689 -0.9670
vn -0.2068 0.1938 -0.9590
vn -0.1855 0.2386 -0.9532
vn -0.1703 0.1586 -0.9725
vn -0.1988 0.4505 -0.8704
vn -0.1999 0.4586 -0.8659
vn -0.2209 0.3963 -0.8912
vn -0.2403 0.5180 -0.8209
vn -0.1933 0.5342 -0.8230
vn -0.2387 0.5531 -0.7982
vn -0.2457 0.8516 -0.4631
vn -0.3543 0.7995 -0.4851
vn -0.3454 0.7458 -0.5696
vn -0.2843 0.7601 -0.5844
vn -0.1888 0.7302 -0.6566
vn -0.4335 0.8244 -0.3640
vn -0.3876 0.8441 -0.3705
vn -0.4364 0.8405 -0.3210
vn -0.2799 0.9452 -0.1680
vn -0.9768 -0.1616 -0.1402
vn -0.9803 -0.1346 -0.1444
vn -0.9728 -0.2092 -0.0992
vn -0.9733 0.2296 -0.0052
vn -0.9267 0.3754 -0.0180
vn -0.9159 0.4009 -0.0204
vn -0.9067 0.3314 -0.2609
vn -0.8933 0.3510 -0.2808
vn -0.8510 0.3681 -0.3745
vn -0.9339 0.3402 -0.1101
vn -0.9289 0.3674 -0.0465
vn -0.9117 0.3451 -0.2230
vn -0.8683 0.4906 -0.0734
vn -0.9995 -0.0179 -0.0266
vn -0.9998 -0.0189 -0.0105
vn -0.9880 -0.1510 -0.0335
vn -0.9869 -0.1458 -0.0689
vn -0.8900 0.4450 0.0993
vn -0.9987 -0.0462 0.0235
vn -0.9976 -0.0681 -0.0093
vn -0.9867 -0.1236 -0.1057
vn 0.0263 0.9966 0.0775
vn -0.2187 0.0184 -0.9756
vn -0.1848 0.0674 -0.9805
vn -0.2427 0.0427 -0.9692
vn -0.2565 -0.0807 -0.9632
vn -0.2143 -0.0377 -0.9760
vn -0.2731 -0.0630 -0.9599
vn -0.1888 0.1090 -0.9760
vn -0.1610 0.1612 -0.9737
vn -0.2052 0.1359 -0.9692
vn -0.3211 -0.4787 -0.8172
vn -0.2638 -0.3486 -0.8994
vn -0.3860 -0.3659 -0.8468
vn -0.5487 -0.7517 -0.3659
vn -0.4550 -0.5689 -0.6851
vn -0.6263 -0.4534 -0.6342
vn -0.2331 -0.1491 -0.9610
vn -0.3007 -0.2033 -0.9318
vn -0.2793 -0.2301 -0.9322
vn -0.1997 0.2365 -0.9509
vn -0.1502 0.3181 -0.9361
vn -0.1684 0.2578 -0.9514
vn -0.1001 0.8099 -0.5779
vn -0.1013 0.7321 -0.6736
vn -0.1328 0.7248 -0.6760
vn -0.0762 0.9398 -0.3332
vn -0.0707 0.8895 -0.4515
vn -0.1236 0.8923 -0.4342
vn 0.0494 0.9987 0.0120
vn 0.1393 0.9895 -0.0373
vn 0.1487 0.9868 0.0634
vn -0.1243 0.5616 -0.8180
vn -0.1773 0.5557 -0.8123
vn -0.1296 0.6320 -0.7641
vn -0.1473 0.4693 -0.8707
vn -0.1437 0.4074 -0.9019
vn -0.1905 0.3948 -0.8988
vn -0.9855 -0.1683 -0.0210
vn -0.9910 -0.1251 0.0471
vn -0.9904 -0.1357 0.0281
vn -0.9824 -0.1837 -0.0343
vn -0.9841 -0.1779 -0.0007
vn -0.9885 -0.1475 0.0344
vn -0.9828 -0.1760 -0.0552
vn -0.9823 -0.1797 -0.0521
vn -0.9908 -0.1301 -0.0370
vn -0.9981 -0.0548 0.0266
vn 0.8291 0.1498 -0.5387
vn 0.7014 0.1684 -0.6926
vn 0.7059 0.3735 -0.6019
vn 0.9296 0.3219 -0.1795
vn 0.9680 0.1959 -0.1569
vn 0.9248 -0.3544 -0.1383
vn 0.9892 -0.1449 -0.0223
vn 0.9833 -0.1754 -0.0477
vn 0.9939 -0.0855 0.0697
vn 0.9944 -0.1051 -0.0136
vn 0.9759 -0.1874 -0.1114
vn 0.9925 -0.1127 -0.0484
vn 0.6169 -0.3821 -0.6880
vn 0.6139 -0.6211 -0.4872
vn 0.5944 -0.6708 -0.4434
vn 0.7906 -0.4279 -0.4381
vn -0.0172 0.9994 0.0288
vn 0.1205 0.9912 0.0547
vn 0.1779 -0.3188 -0.9310
vn 0.2225 -0.3208 -0.9206
vn 0.1526 -0.2230 -0.9628
vn 0.4745 -0.2983 -0.8281
vn 0.3425 -0.6483 -0.6799
vn -0.5596 -0.4097 -0.7204
vn -0.4328 -0.6174 -0.6569
vn -0.2104 0.5599 -0.8014
vn -0.1750 0.5960 -0.7837
vn -0.2576 0.6503 -0.7146
vn -0.2882 0.7446 -0.6020
vn -0.3088 0.7225 -0.6186
vn -0.3142 0.7572 -0.5726
vn -0.3647 0.8205 -0.4403
vn -0.2269 0.9690 0.0981
vn -0.0705 0.9926 0.0989
vn -0.0104 0.9911 -0.1329
vn 0.0292 0.9988 -0.0384
vn -0.0206 0.9844 -0.1746
vn -0.9043 -0.3390 -0.2595
vn -0.3140 -0.9313 -0.1848
vn -0.9959 -0.0275 0.0861
vn -0.9978 -0.0315 0.0581
vn -0.9951 -0.0981 -0.0110
vn -0.9917 -0.0813 -0.0993
vn -0.9911 0.1072 0.0788
vn -0.9282 0.3267 -0.1779
vn -0.9172 0.3621 -0.1664
vn -0.8693 0.3597 -0.3390
vn -0.8579 0.3870 -0.3379
vn -0.8057 0.2445 0.5395
vn -0.8077 0.2553 0.5314
vn -0.8812 0.4450 -0.1594
vn -0.8625 0.4478 -0.2357
vn 0.1125 0.1591 -0.9808
vn 0.1649 0.1414 -0.9761
vn 0.4272 0.0152 -0.9040
vn 0.4393 0.0024 -0.8983
vn 0.4098 0.0189 -0.9120
vn 0.4274 0.0003 -0.9041
vn 0.3902 0.0305 -0.9202
vn 0.3940 0.0191 -0.9189
vn 0.3611 0.0333 -0.9319
vn 0.3837 0.0073 -0.9234
vn 0.3149 0.0628 -0.9470
vn 0.3453 0.0328 -0.9379
vn 0.2191 0.1233 -0.9679
vn 0.2749 0.0882 -0.9574
vn 0.1758 0.1309 -0.9757
vn 0.2278 0.0384 -0.9729
vn 0.2587 0.1719 -0.9505
vn 0.2605 0.1375 -0.9556
vn -0.2155 0.4831 -0.8486
vn -0.0222 0.4272 -0.9039
vn -0.3155 0.2830 -0.9058
vn 0.0685 0.4196 -0.9051
vn -0.1938 0.3710 -0.9082
vn 0.0477 0.4755 -0.8784
vn -0.0476 0.3157 -0.9477
vn -0.0292 0.1514 -0.9880
vn -0.8758 0.3113 -0.3688
vn -0.8130 0.3127 -0.4911
vn -0.9277 0.2803 -0.2467
vn -0.8727 0.2427 -0.4237
vn -0.9481 0.2969 -0.1140
vn -0.9267 0.3150 -0.2049
vn -0.9532 0.2799 -0.1142
vn -0.9631 0.1990 -0.1814
vn -0.9676 0.2238 0.1167
vn -0.9574 0.2573 0.1314
vn -0.9699 0.2297 0.0808
vn -0.9806 0.1717 0.0943
vn -0.9720 0.2230 0.0737
vn -0.9753 0.1702 0.1408
vn -0.9657 0.2454 0.0851
vn -0.9617 0.2198 0.1640
vn -0.9304 0.3533 -0.0973
vn -0.9424 0.3340 -0.0154
vn -0.9128 0.3784 -0.1535
vn -0.9595 0.2803 -0.0265
vn -0.8012 0.4581 -0.3851
vn -0.8434 0.4459 -0.2997
vn -0.9173 0.3618 -0.1664
vn -0.5700 0.5109 -0.6435
vn -0.6240 0.5346 -0.5699
vn -0.3554 0.5386 -0.7639
vn -0.2839 0.5093 -0.8124
vn -0.0592 0.5020 -0.8628
vn 0.0243 0.4676 -0.8836
vn 0.3281 0.3922 -0.8594
vn 0.2416 0.4330 -0.8684
vn 0.5994 0.2845 -0.7482
vn 0.5230 0.3334 -0.7844
vn 0.7539 0.2056 -0.6239
vn 0.8063 0.1490 -0.5724
vn 0.9242 0.0085 -0.3819
vn 0.9021 0.0669 -0.4264
vn 0.9662 -0.0979 -0.2385
vn 0.9645 -0.0465 -0.2599
vn 0.5663 0.0334 -0.8235
vn 0.7140 -0.0457 -0.6986
vn 0.4574 0.0423 -0.8883
vn 0.6719 -0.0307 -0.7400
vn 0.2857 0.0133 -0.9582
vn 0.5575 0.0107 -0.8301
vn 0.1499 0.0397 -0.9879
vn 0.3399 0.0450 -0.9394
vn -0.1904 0.0663 -0.9795
vn -0.2568 0.1282 -0.9579
vn -0.2255 0.0484 -0.9730
vn -0.1711 -0.0052 -0.9852
vn -0.3949 0.3457 -0.8512
vn -0.3949 0.3711 -0.8404
vn -0.2319 0.3193 -0.9188
vn -0.2188 0.3092 -0.9255
vn 0.2311 0.4905 -0.8403
vn 0.0168 0.4510 -0.8924
vn 0.2877 0.4633 -0.8382
vn 0.1040 0.4375 -0.8932
vn 0.3625 0.4233 -0.8303
vn 0.1796 0.3986 -0.8994
vn 0.5109 0.3202 -0.7978
vn 0.3207 0.3336 -0.8865
vn 0.5651 0.3331 -0.7548
vn 0.3876 0.3471 -0.8540
vn 0.6947 0.2527 -0.6735
vn 0.6861 0.2323 -0.6895
vn 0.5690 0.2473 -0.7843
vn 0.5757 0.2712 -0.7714
vn 0.9505 0.1835 -0.2507
vn 0.9591 0.1386 -0.2467
vn 0.8369 0.1368 -0.5300
vn 0.7636 0.1087 -0.6365
vn 0.7598 0.1468 -0.6333
vn 0.7816 0.1600 -0.6029
vn 0.8331 0.1392 -0.5353
vn 0.8519 0.1393 -0.5049
vn 0.8570 0.1527 -0.4921
vn 0.8509 0.1473 -0.5043
vn 0.8400 0.1526 -0.5207
vn 0.8105 0.1614 -0.5631
vn 0.7839 0.1695 -0.5973
vn 0.7643 0.1677 -0.6226
vn 0.6779 0.1590 -0.7177
vn 0.6984 0.1571 -0.6983
vn 0.7264 0.1763 -0.6643
vn 0.6724 0.1797 -0.7180
vn 0.6555 0.2312 -0.7189
vn 0.6544 0.2721 -0.7055
vn 0.6984 0.3283 -0.6360
vn 0.7337 0.4090 -0.5425
vn 0.7850 0.4036 -0.4699
vn 0.8148 0.4012 -0.4185
vn 0.7627 0.4024 -0.5063
vn 0.8836 0.3843 -0.2675
vn 0.8881 0.4014 -0.2241
vn 0.8938 0.3876 -0.2255
vn 0.9773 -0.1895 -0.0944
vn 0.9827 -0.1769 -0.0551
vn 0.9921 -0.1057 0.0668
vn 0.9870 -0.1520 0.0513
vn 0.9848 -0.1717 0.0279
vn 0.9879 -0.1440 0.0581
vn 0.9893 -0.1278 0.0709
vn 0.9812 -0.1876 0.0452
vn 0.9865 -0.1575 0.0450
vn 0.9971 -0.0650 0.0402
vn 0.9637 -0.2015 -0.1750
vn 0.9823 -0.1768 -0.0621
vn 0.8873 -0.4110 -0.2092
vn 0.7895 -0.3479 -0.5057
vn 0.2628 0.9542 -0.1432
vn 0.3242 0.6425 -0.6943
vn 0.3232 0.7013 -0.6354
vn 0.2136 0.5998 -0.7711
vn 0.3043 0.5665 -0.7658
vn 0.1707 0.2682 -0.9481
vn 0.1201 0.2259 -0.9667
vn 0.1481 0.2010 -0.9683
vn 0.1120 0.1605 -0.9807
vn 0.1482 0.1295 -0.9804
vn 0.1105 0.1395 -0.9840
vn 0.1594 0.0359 -0.9866
vn 0.1350 0.0210 -0.9906
vn 0.1758 -0.0316 -0.9839
vn 0.1428 -0.0280 -0.9894
vn 0.0924 -0.1757 -0.9801
vn 0.2498 -0.3269 -0.9114
vn 0.3252 -0.2150 -0.9209
vn 0.3799 -0.2924 -0.8776
vn 0.4774 -0.0439 -0.8776
vn 0.3078 -0.6648 -0.6807
vn 0.1974 -0.6004 -0.7749
vn 0.2469 -0.4442 -0.8612
vn 0.1560 -0.4556 -0.8764
vn 0.1289 -0.3763 -0.9175
vn 0.1438 -0.4159 -0.8980
vn 0.0003 -0.3412 -0.9400
vn -0.0436 -0.3526 -0.9347
vn -0.0147 -0.3352 -0.9420
vn -0.2831 -0.4486 -0.8477
vn -0.2349 -0.4495 -0.8619
vn -0.3041 -0.4447 -0.8425
vn -0.3487 -0.4483 -0.8231
vn -0.2910 -0.6036 -0.7423
vn -0.3633 -0.6166 -0.6985
vn -0.3866 -0.2797 -0.8788
vn -0.5056 -0.3254 -0.7990
vn -0.4185 -0.3674 -0.8306
vn -0.3618 -0.3476 -0.8650
vn -0.3004 -0.3332 -0.8937
vn -0.3220 -0.3428 -0.8825
vn -0.2843 -0.2320 -0.9302
vn -0.2925 -0.2639 -0.9191
vn -0.2194 0.0083 -0.9756
vn -0.2349 -0.0212 -0.9718
vn -0.2678 -0.0563 -0.9618
vn -0.2382 0.0051 -0.9712
vn -0.2527 -0.0859 -0.9637
vn -0.2986 -0.1541 -0.9419
vn -0.1939 0.0388 -0.9803
vn -0.2187 0.0508 -0.9745
vn -0.1889 0.2773 -0.9420
vn -0.1827 0.2595 -0.9483
vn -0.1893 0.3147 -0.9301
vn -0.1935 0.3522 -0.9157
vn -0.2022 0.3442 -0.9169
vn -0.2332 0.3015 -0.9245
vn 0.1224 -0.2857 -0.9505
vn -0.0000 -0.0000 -1.0000
vn -0.2624 0.5359 -0.8025
vn -0.3457 0.9308 0.1186
vn -0.3367 0.9416 0.0022
vn -0.2308 0.9538 -0.1923
vn -0.2836 0.9237 0.2575
vn 0.0099 0.9995 -0.0287
vn 0.0597 0.9898 -0.1293
vn -0.0281 0.9711 -0.2369
vn -0.0814 0.9629 -0.2574
vn -0.8747 -0.2878 -0.3899
vn -0.9702 -0.2026 -0.1327
vn -0.9687 -0.2449 -0.0400
vn -0.9423 -0.3136 -0.1170
vn -0.9904 -0.1337 -0.0363
vn -0.9956 -0.0710 0.0610
vn -0.9971 -0.0147 0.0746
vn -0.9973 -0.0141 0.0727
vn -0.9928 -0.0810 0.0884
vn -0.9918 -0.1075 0.0694
vn -0.9936 -0.0839 0.0756
vn -0.9936 -0.0832 0.0760
vn -0.9935 -0.0840 0.0762
vn -0.9935 -0.0846 0.0757
vn -0.9948 -0.0702 0.0736
vn -0.9939 -0.0758 0.0797
vn -0.9938 -0.0825 0.0749
vn -0.9927 -0.1013 0.0654
vn -0.9951 -0.0628 0.0764
vn -0.9939 -0.0755 0.0802
vn -0.9959 -0.0296 0.0851
vn -0.9965 -0.0540 0.0630
vn -0.9958 -0.0752 0.0514
vn -0.9856 -0.1635 -0.0432
vn -0.9870 -0.1607 -0.0039
vn -0.9909 -0.0143 -0.1342
vn -0.9958 -0.0511 -0.0763
vn -0.9189 0.3945 0.0025
vn -0.9156 0.3976 -0.0601
vn -0.8188 0.3141 -0.4805
vn -0.8107 0.3356 -0.4796
vn -0.8115 0.2557 -0.5254
vn -0.7672 0.2558 -0.5883
vn -0.8010 0.2333 -0.5513
vn -0.7535 0.2507 -0.6078
vn -0.7830 0.2436 -0.5723
vn -0.7547 0.2802 -0.5932
vn -0.7461 0.2187 -0.6289
vn -0.7824 0.2122 -0.5856
vn -0.8229 0.1425 -0.5500
vn -0.9349 0.2128 -0.2840
vn -0.9563 0.2840 0.0694
vn -0.9367 0.2842 0.2044
vn -0.9472 0.2314 0.2220
vn -0.9035 0.2029 0.3776
vn -0.8604 0.1951 0.4709
vn -0.8298 0.1936 0.5235
vn -0.7959 0.1963 0.5727
vn -0.8309 0.2788 0.4815
vn -0.8517 0.2816 0.4419
vn -0.8728 0.3287 0.3608
vn -0.8830 0.2933 0.3664
vn -0.7687 0.4577 -0.4467
vn -0.7058 0.4188 -0.5713
vn -0.5379 0.3960 -0.7442
vn -0.5626 0.3366 -0.7551
vn 0.2991 0.0800 -0.9509
vn 0.3370 0.0640 -0.9393
vn 0.4055 0.0299 -0.9136
vn 0.4103 0.0251 -0.9116
vn 0.4196 0.0242 -0.9074
vn 0.4440 0.0208 -0.8958
vn 0.4128 0.0264 -0.9104
vn 0.4458 0.0104 -0.8951
vn 0.3984 0.0298 -0.9167
vn 0.4414 0.0049 -0.8973
vn 0.3869 0.0323 -0.9216
vn 0.4211 0.0098 -0.9069
vn 0.3635 0.0446 -0.9305
vn 0.4080 0.0132 -0.9129
vn 0.3252 0.0544 -0.9441
vn 0.3753 0.0254 -0.9266
vn 0.3007 0.0728 -0.9509
vn 0.3647 0.0273 -0.9307
vn 0.2815 0.0724 -0.9568
vn 0.3233 0.0310 -0.9458
vn 0.2351 0.0902 -0.9678
vn 0.2856 0.0359 -0.9577
vn 0.1822 0.1214 -0.9757
vn 0.2607 0.0284 -0.9650
vn 0.1830 0.1356 -0.9737
vn 0.2564 0.0837 -0.9629
vn 0.1297 0.1598 -0.9786
vn 0.2307 0.1105 -0.9667
vn 0.0454 0.2065 -0.9774
vn 0.1858 0.1119 -0.9762
vn -0.1178 0.3280 -0.9373
vn 0.1337 0.0834 -0.9875
vn -0.3134 0.5657 -0.7628
vn 0.0176 0.4490 -0.8934
vn -0.4179 0.6544 -0.6302
vn -0.0966 0.5669 -0.8181
vn -0.3625 0.5804 -0.7292
vn -0.2012 0.6325 -0.7480
vn -0.2331 0.6776 -0.6975
vn -0.3229 0.4943 -0.8071
vn -0.1858 0.2175 -0.9582
vn -0.0950 0.1874 -0.9777
vn -0.3776 0.2873 -0.8803
vn -0.1496 0.2602 -0.9539
vn -0.4867 0.2879 -0.8248
vn -0.2386 0.2853 -0.9283
vn -0.5795 0.2837 -0.7640
vn -0.2739 0.3723 -0.8868
vn -0.6556 0.2646 -0.7072
vn -0.2975 0.3543 -0.8866
vn -0.7854 0.2702 -0.5570
vn -0.3707 0.1655 -0.9139
vn -0.9757 0.2026 -0.0835
vn -0.9812 0.1710 -0.0899
vn -0.9779 0.2089 -0.0111
vn -0.9833 0.1793 -0.0321
vn -0.9809 0.1936 0.0182
vn -0.9845 0.1752 0.0031
vn -0.9784 0.2009 0.0482
vn -0.9809 0.1895 0.0436
vn -0.9760 0.2097 0.0595
vn -0.9815 0.1804 0.0637
vn -0.9576 0.2803 0.0663
vn -0.9521 0.2624 0.1574
vn -0.9492 0.3146 -0.0077
vn -0.9436 0.3140 0.1050
vn -0.9408 0.3302 -0.0761
vn -0.9565 0.2912 0.0180
vn -0.9306 0.3522 -0.0999
vn -0.9823 0.1841 0.0357
vn -0.9312 0.3505 -0.1001
vn -0.9468 0.3006 0.1151
vn -0.9708 0.2384 -0.0279
vn 0.9749 -0.1706 -0.1434
vn 0.9730 -0.1384 -0.1849
vn 0.9768 -0.1621 -0.1400
vn 0.9785 -0.1605 -0.1295
vn 0.9732 -0.1814 -0.1414
vn 0.9689 -0.1857 -0.1637
vn 0.9719 -0.1649 -0.1677
vn 0.9617 -0.1858 -0.2014
vn 0.9619 -0.1669 -0.2167
vn 0.9477 -0.1834 -0.2614
vn 0.9434 -0.1659 -0.2872
vn 0.9218 -0.1802 -0.3433
vn 0.9113 -0.1620 -0.3786
vn 0.8750 -0.1750 -0.4514
vn 0.8481 -0.1547 -0.5067
vn 0.7854 -0.1527 -0.5998
vn 0.6776 -0.0860 -0.7304
vn 0.5626 0.0297 -0.8262
vn 0.7055 -0.0801 -0.7042
vn 0.5669 -0.0030 -0.8238
vn 0.7123 -0.0599 -0.6993
vn 0.5524 0.0024 -0.8336
vn 0.5869 0.0005 -0.8097
vn 0.7397 -0.0216 -0.6725
vn 0.7143 -0.0279 -0.6993
vn 0.4762 -0.0035 -0.8793
vn 0.6934 -0.0363 -0.7197
vn 0.4128 0.0015 -0.9108
vn 0.4924 0.0137 -0.8702
vn 0.6747 -0.0061 -0.7380
vn 0.6391 0.0016 -0.7691
vn 0.3649 0.0486 -0.9298
vn 0.5984 0.0099 -0.8011
vn 0.2969 0.0268 -0.9545
vn 0.5251 0.0323 -0.8504
vn 0.4677 0.0374 -0.8831
vn 0.5823 0.0242 -0.8126
vn 0.2130 0.0194 -0.9769
vn 0.4044 0.0424 -0.9136
vn -0.0796 -0.0094 -0.9968
vn 0.2370 0.0579 -0.9698
vn 0.1270 0.0463 -0.9908
vn 0.3863 0.0828 -0.9186
vn -0.1606 -0.0850 -0.9834
vn -0.0263 -0.0041 -0.9996
vn -0.3737 0.4676 -0.8011
vn -0.4268 0.1077 -0.8979
vn -0.3751 0.2869 -0.8815
vn -0.3048 0.3914 -0.8683
vn 0.0463 0.3540 -0.9341
vn -0.1662 0.4675 -0.8682
vn 0.4360 -0.0180 -0.8998
vn 0.4249 0.3616 -0.8299
vn -0.0299 0.4924 -0.8699
vn -0.1207 0.5142 -0.8491
vn 0.2142 0.5428 -0.8121
vn 0.2363 0.5110 -0.8265
vn 0.1053 0.4569 -0.8833
vn 0.2889 0.4668 -0.8359
vn 0.1918 0.4390 -0.8778
vn 0.3604 0.4404 -0.8223
vn 0.1260 0.3365 -0.9332
vn 0.1359 0.3415 -0.9300
vn 0.3854 0.3950 -0.8339
vn 0.3823 0.3688 -0.8472
vn 0.1371 0.3508 -0.9264
vn 0.1162 0.3224 -0.9394
vn 0.4047 0.3664 -0.8379
vn 0.4088 0.3498 -0.8429
vn 0.2188 0.3501 -0.9108
vn 0.1601 0.3392 -0.9270
vn 0.4687 0.3504 -0.8109
vn 0.4708 0.3410 -0.8137
vn 0.3115 0.3366 -0.8886
vn 0.5293 0.3368 -0.7787
vn 0.5265 0.3235 -0.7862
vn 0.5520 0.3371 -0.7626
vn 0.3820 0.3558 -0.8529
vn 0.5714 0.3283 -0.7521
vn 0.4232 0.3480 -0.8366
vn 0.4166 0.3369 -0.8444
vn 0.6344 0.3171 -0.7050
vn 0.6318 0.3165 -0.7075
vn 0.4641 0.3481 -0.8145
vn 0.4478 0.3311 -0.8306
vn 0.6837 0.3027 -0.6640
vn 0.6981 0.2716 -0.6625
vn 0.9133 0.2061 -0.3513
vn 0.8859 0.2044 -0.4163
vn 0.8793 0.2207 -0.4220
vn 0.9336 0.1772 -0.3114
vn 0.9763 0.1071 -0.1882
vn 0.9763 0.1055 -0.1890
vn 0.9761 0.1053 -0.1903
vn 0.9756 0.1056 -0.1927
vn 0.9611 0.0984 -0.2581
vn 0.9651 0.0887 -0.2466
vn 0.9479 0.0784 -0.3089
vn 0.9715 0.0902 -0.2190
vn 0.9405 0.0853 -0.3289
vn 0.9269 0.0820 -0.3663
vn 0.8083 0.1159 -0.5772
vn 0.8090 0.1141 -0.5766
vn 0.8195 0.1272 -0.5587
vn 0.8739 0.0880 -0.4780
vn 0.8680 0.1039 -0.4856
vn 0.8650 0.1142 -0.4886
vn 0.8657 0.1280 -0.4840
vn 0.9226 0.0750 -0.3785
vn 0.9105 0.0767 -0.4064
vn 0.9014 0.0876 -0.4241
vn 0.8941 0.1004 -0.4364
vn 0.8885 0.1207 -0.4428
vn 0.8832 0.1290 -0.4510
vn 0.8746 0.1352 -0.4656
vn 0.9435 0.0718 -0.3236
vn 0.9342 0.0745 -0.3488
vn 0.9256 0.0818 -0.3696
vn 0.9184 0.0926 -0.3846
vn 0.9137 0.1064 -0.3923
vn 0.9100 0.1162 -0.3981
vn 0.9041 0.1252 -0.4087
vn 0.8964 0.1398 -0.4205
vn 0.8851 0.1501 -0.4405
vn 0.8709 0.1470 -0.4690
vn 0.9580 0.0727 -0.2775
vn 0.9508 0.0754 -0.3004
vn 0.9439 0.0787 -0.3207
vn 0.9383 0.0838 -0.3356
vn 0.9344 0.0913 -0.3443
vn 0.9315 0.1019 -0.3491
vn 0.9279 0.1128 -0.3553
vn 0.9230 0.1321 -0.3615
vn 0.9103 0.1570 -0.3831
vn 0.8938 0.1565 -0.4203
vn 0.8772 0.1623 -0.4519
vn 0.8600 0.1647 -0.4830
vn 0.8413 0.1619 -0.5157
vn 0.9671 0.0769 -0.2423
vn 0.9623 0.0765 -0.2611
vn 0.9572 0.0759 -0.2792
vn 0.9527 0.0768 -0.2941
vn 0.9490 0.0815 -0.3044
vn 0.9463 0.0918 -0.3100
vn 0.9430 0.1046 -0.3158
vn 0.9367 0.1425 -0.3199
vn 0.9226 0.1794 -0.3415
vn 0.9088 0.1731 -0.3796
vn 0.8954 0.1754 -0.4092
vn 0.8809 0.1778 -0.4387
vn 0.8637 0.1766 -0.4720
vn 0.8448 0.1781 -0.5045
vn 0.8258 0.1743 -0.5363
vn 0.9752 0.0905 -0.2019
vn 0.9726 0.0805 -0.2180
vn 0.9691 0.0789 -0.2335
vn 0.9653 0.0767 -0.2496
vn 0.9612 0.0763 -0.2650
vn 0.9572 0.0814 -0.2777
vn 0.9529 0.0955 -0.2878
vn 0.9470 0.1176 -0.2989
vn 0.9374 0.1729 -0.3022
vn 0.9264 0.2026 -0.3175
vn 0.9178 0.1881 -0.3498
vn 0.9078 0.1884 -0.3747
vn 0.8961 0.1922 -0.4000
vn 0.8819 0.1921 -0.4306
vn 0.8657 0.1923 -0.4621
vn 0.8477 0.1903 -0.4951
vn 0.8274 0.1892 -0.5288
vn 0.8047 0.1898 -0.5625
vn 0.7786 0.1929 -0.5971
vn 0.9756 0.0949 -0.1982
vn 0.9736 0.0887 -0.2102
vn 0.9711 0.0874 -0.2223
vn 0.9676 0.0862 -0.2371
vn 0.9634 0.0878 -0.2534
vn 0.9580 0.0979 -0.2695
vn 0.9513 0.1188 -0.2844
vn 0.9428 0.1496 -0.2978
vn 0.9327 0.2027 -0.2982
vn 0.9273 0.2161 -0.3058
vn 0.9229 0.1993 -0.3293
vn 0.9158 0.2005 -0.3480
vn 0.9066 0.2054 -0.3686
vn 0.8955 0.2062 -0.3945
vn 0.8825 0.2064 -0.4227
vn 0.8678 0.2050 -0.4526
vn 0.8513 0.2040 -0.4834
vn 0.8338 0.2029 -0.5134
vn 0.8166 0.2019 -0.5407
vn 0.7951 0.1684 -0.5826
vn 0.7673 0.1460 -0.6244
vn 0.7490 0.1483 -0.6457
vn 0.9706 0.1082 -0.2152
vn 0.9692 0.1055 -0.2227
vn 0.9668 0.1055 -0.2329
vn 0.9632 0.1075 -0.2462
vn 0.9582 0.1146 -0.2623
vn 0.9514 0.1305 -0.2790
vn 0.9433 0.1542 -0.2940
vn 0.9349 0.1829 -0.3042
vn 0.9281 0.2196 -0.3006
vn 0.9272 0.2214 -0.3021
vn 0.9251 0.2090 -0.3169
vn 0.9198 0.2117 -0.3304
vn 0.9132 0.2168 -0.3450
vn 0.9051 0.2178 -0.3652
vn 0.8957 0.2173 -0.3880
vn 0.8849 0.2152 -0.4131
vn 0.8730 0.2117 -0.4394
vn 0.8608 0.2068 -0.4650
vn 0.8489 0.1984 -0.4898
vn 0.8353 0.1677 -0.5237
vn 0.8168 0.1414 -0.5594
vn 0.8052 0.1353 -0.5774
vn 0.7912 0.1610 -0.5900
vn 0.7704 0.1780 -0.6122
vn 0.7550 0.1868 -0.6286
vn 0.9569 0.1334 -0.2579
vn 0.9572 0.1327 -0.2572
vn 0.9561 0.1336 -0.2609
vn 0.9537 0.1361 -0.2682
vn 0.9500 0.1419 -0.2783
vn 0.9447 0.1526 -0.2903
vn 0.9382 0.1686 -0.3024
vn 0.9315 0.1880 -0.3115
vn 0.9261 0.2071 -0.3155
vn 0.9233 0.2272 -0.3096
vn 0.9246 0.2249 -0.3074
vn 0.9234 0.2186 -0.3154
vn 0.9197 0.2229 -0.3232
vn 0.9153 0.2274 -0.3325
vn 0.9101 0.2279 -0.3462
vn 0.9037 0.2267 -0.3632
vn 0.8963 0.2234 -0.3831
vn 0.8878 0.2183 -0.4052
vn 0.8781 0.2124 -0.4286
vn 0.8671 0.2040 -0.4545
vn 0.8526 0.1786 -0.4910
vn 0.8372 0.1423 -0.5280
vn 0.8260 0.1399 -0.5461
vn 0.8157 0.1740 -0.5517
vn 0.8031 0.1905 -0.5646
vn 0.7785 0.2119 -0.5909
vn 0.7463 0.2043 -0.6334
vn 0.7096 0.1983 -0.6761
vn 0.9288 0.1689 -0.3299
vn 0.9298 0.1702 -0.3263
vn 0.9294 0.1726 -0.3261
vn 0.9281 0.1767 -0.3277
vn 0.9256 0.1833 -0.3311
vn 0.9222 0.1926 -0.3353
vn 0.9187 0.2037 -0.3384
vn 0.9159 0.2149 -0.3391
vn 0.9144 0.2244 -0.3368
vn 0.9148 0.2337 -0.3294
vn 0.9169 0.2323 -0.3246
vn 0.9167 0.2309 -0.3262
vn 0.9148 0.2348 -0.3287
vn 0.9127 0.2376 -0.3325
vn 0.9100 0.2375 -0.3399
vn 0.9062 0.2359 -0.3509
vn 0.9012 0.2323 -0.3659
vn 0.8951 0.2272 -0.3837
vn 0.8871 0.2226 -0.4043
vn 0.8769 0.2175 -0.4286
vn 0.8637 0.1950 -0.4647
vn 0.8454 0.1597 -0.5097
vn 0.8305 0.1580 -0.5342
vn 0.8271 0.1755 -0.5340
vn 0.8214 0.2031 -0.5330
vn 0.8089 0.2257 -0.5429
vn 0.7921 0.2179 -0.5702
vn 0.7605 0.2185 -0.6114
vn 0.7275 0.2207 -0.6496
vn 0.7022 0.2366 -0.6715
vn 0.6896 0.2685 -0.6725
vn 0.8757 0.2165 -0.4317
vn 0.8801 0.2162 -0.4227
vn 0.8832 0.2182 -0.4151
vn 0.8855 0.2207 -0.4089
vn 0.8872 0.2244 -0.4032
vn 0.8886 0.2290 -0.3974
vn 0.8904 0.2331 -0.3909
vn 0.8928 0.2373 -0.3829
vn 0.8952 0.2413 -0.3746
vn 0.8981 0.2450 -0.3652
vn 0.9013 0.2451 -0.3571
vn 0.9029 0.2457 -0.3528
vn 0.9034 0.2482 -0.3496
vn 0.9038 0.2492 -0.3479
vn 0.9033 0.2488 -0.3496
vn 0.9019 0.2470 -0.3545
vn 0.8994 0.2431 -0.3632
vn 0.8957 0.2385 -0.3754
vn 0.8901 0.2350 -0.3904
vn 0.8825 0.2313 -0.4095
vn 0.8724 0.2114 -0.4408
vn 0.8584 0.1766 -0.4817
vn 0.8461 0.1613 -0.5081
vn 0.8406 0.1738 -0.5131
vn 0.8379 0.2035 -0.5064
vn 0.8332 0.2225 -0.5063
vn 0.8183 0.2361 -0.5240
vn 0.7956 0.2397 -0.5564
vn 0.7747 0.2296 -0.5892
vn 0.7564 0.2349 -0.6105
vn 0.7435 0.2527 -0.6192
vn 0.7356 0.2807 -0.6165
vn 0.7266 0.3217 -0.6071
vn 0.7210 0.3713 -0.5851
vn 0.7901 0.2606 -0.5548
vn 0.8008 0.2658 -0.5368
vn 0.8112 0.2613 -0.5232
vn 0.8209 0.2621 -0.5073
vn 0.8293 0.2618 -0.4937
vn 0.8380 0.2609 -0.4792
vn 0.8465 0.2601 -0.4645
vn 0.8545 0.2607 -0.4493
vn 0.8614 0.2622 -0.4350
vn 0.8679 0.2629 -0.4215
vn 0.8740 0.2628 -0.4087
vn 0.8787 0.2631 -0.3982
vn 0.8824 0.2640 -0.3894
vn 0.8858 0.2637 -0.3819
vn 0.8883 0.2623 -0.3770
vn 0.8897 0.2600 -0.3753
vn 0.8902 0.2557 -0.3771
vn 0.8892 0.2512 -0.3825
vn 0.8869 0.2473 -0.3902
vn 0.8835 0.2427 -0.4007
vn 0.8790 0.2216 -0.4221
vn 0.8714 0.1839 -0.4548
vn 0.8619 0.1630 -0.4801
vn 0.8546 0.1746 -0.4891
vn 0.8470 0.2083 -0.4891
vn 0.8371 0.2379 -0.4927
vn 0.8261 0.2558 -0.5021
vn 0.8179 0.2460 -0.5201
vn 0.8073 0.2315 -0.5428
vn 0.7952 0.2325 -0.5600
vn 0.7811 0.2504 -0.5720
vn 0.7633 0.2870 -0.5789
vn 0.7450 0.3291 -0.5802
vn 0.7366 0.3636 -0.5702
vn 0.7398 0.3824 -0.5536
vn 0.7481 0.3929 -0.5348
vn 0.7097 0.2986 -0.6381
vn 0.7268 0.2978 -0.6189
vn 0.7451 0.2936 -0.5988
vn 0.7619 0.2903 -0.5790
vn 0.7755 0.2900 -0.5608
vn 0.7901 0.2872 -0.5415
vn 0.8046 0.2864 -0.5201
vn 0.8173 0.2853 -0.5006
vn 0.8282 0.2849 -0.4826
vn 0.8379 0.2841 -0.4661
vn 0.8469 0.2825 -0.4506
vn 0.8547 0.2807 -0.4366
vn 0.8616 0.2781 -0.4247
vn 0.8670 0.2750 -0.4156
vn 0.8709 0.2704 -0.4103
vn 0.8736 0.2650 -0.4083
vn 0.8753 0.2591 -0.4083
vn 0.8768 0.2511 -0.4101
vn 0.8781 0.2276 -0.4209
vn 0.8746 0.1930 -0.4449
vn 0.8640 0.1798 -0.4703
vn 0.8493 0.2014 -0.4879
vn 0.8349 0.2376 -0.4965
vn 0.8260 0.2603 -0.5000
vn 0.8224 0.2659 -0.5029
vn 0.8204 0.2526 -0.5129
vn 0.8128 0.2436 -0.5292
vn 0.7993 0.2519 -0.5455
vn 0.7800 0.2799 -0.5597
vn 0.7584 0.3187 -0.5686
vn 0.7444 0.3446 -0.5719
vn 0.7452 0.3556 -0.5641
vn 0.7555 0.3612 -0.5466
vn 0.7720 0.3589 -0.5246
vn 0.7958 0.3512 -0.4933
vn 0.8245 0.3409 -0.4517
vn 0.8557 0.3298 -0.3987
vn 0.6444 0.3239 -0.6927
vn 0.6667 0.3190 -0.6736
vn 0.6923 0.3111 -0.6511
vn 0.7164 0.3099 -0.6251
vn 0.7364 0.3105 -0.6011
vn 0.7557 0.3079 -0.5780
vn 0.7739 0.3053 -0.5549
vn 0.7904 0.3019 -0.5330
vn 0.8052 0.2988 -0.5123
vn 0.8178 0.2958 -0.4937
vn 0.8284 0.2925 -0.4777
vn 0.8367 0.2881 -0.4657
vn 0.8436 0.2819 -0.4570
vn 0.8490 0.2744 -0.4515
vn 0.8541 0.2638 -0.4482
vn 0.8575 0.2436 -0.4531
vn 0.8525 0.2249 -0.4718
vn 0.8369 0.2297 -0.4969
vn 0.8176 0.2542 -0.5166
vn 0.8038 0.2766 -0.5267
vn 0.7981 0.2847 -0.5311
vn 0.7961 0.2845 -0.5342
vn 0.7923 0.2785 -0.5429
vn 0.7806 0.2830 -0.5573
vn 0.7629 0.3010 -0.5722
vn 0.7434 0.3293 -0.5822
vn 0.7303 0.3516 -0.5857
vn 0.7328 0.3483 -0.5846
vn 0.7455 0.3407 -0.5728
vn 0.7591 0.3394 -0.5555
vn 0.7778 0.3253 -0.5378
vn 0.8006 0.3104 -0.5126
vn 0.8209 0.3050 -0.4828
vn 0.8409 0.3053 -0.4468
vn 0.8522 0.3452 -0.3932
vn 0.8608 0.3884 -0.3290
vn 0.8691 0.4121 -0.2735
vn 0.9811 -0.1887 -0.0436
vn 0.9827 -0.1839 -0.0241
vn 0.9855 -0.1698 0.0013
vn 0.5827 0.3304 -0.7425
vn 0.6193 0.3279 -0.7134
vn 0.6542 0.3229 -0.6839
vn 0.6813 0.3232 -0.6568
vn 0.7061 0.3193 -0.6321
vn 0.7287 0.3173 -0.6069
vn 0.7481 0.3153 -0.5838
vn 0.7652 0.3132 -0.5624
vn 0.7794 0.3101 -0.5445
vn 0.7903 0.3056 -0.5311
vn 0.7983 0.2996 -0.5225
vn 0.8032 0.2922 -0.5192
vn 0.8033 0.2844 -0.5234
vn 0.7945 0.2844 -0.5366
vn 0.7789 0.2959 -0.5530
vn 0.7642 0.3095 -0.5658
vn 0.7546 0.3171 -0.5745
vn 0.7484 0.3193 -0.5813
vn 0.7417 0.3217 -0.5886
vn 0.7316 0.3269 -0.5983
vn 0.7167 0.3390 -0.6094
vn 0.7013 0.3553 -0.6180
vn 0.6907 0.3702 -0.6212
vn 0.6905 0.3693 -0.6220
vn 0.7031 0.3460 -0.6212
vn 0.7119 0.3447 -0.6119
vn 0.7215 0.3417 -0.6022
vn 0.7340 0.3279 -0.5948
vn 0.7429 0.3257 -0.5848
vn 0.7575 0.3182 -0.5700
vn 0.7779 0.3237 -0.5386
vn 0.7922 0.3669 -0.4876
vn 0.8328 0.3705 -0.4112
vn 0.8359 0.4272 -0.3446
vn 0.8582 0.4022 -0.3191
vn 0.8884 0.3666 -0.2764
vn 0.9176 0.2915 -0.2702
vn 0.9804 -0.1758 -0.0888
vn 0.9827 -0.1650 -0.0838
vn 0.9831 -0.1622 -0.0845
vn 0.9825 -0.1665 -0.0834
vn 0.9800 -0.1873 -0.0668
vn 0.9772 -0.2072 -0.0469
vn 0.9764 -0.2140 -0.0287
vn 0.9774 -0.2111 -0.0051
vn 0.9781 -0.2065 0.0245
vn 0.5830 0.3353 -0.7401
vn 0.6141 0.3344 -0.7148
vn 0.6414 0.3361 -0.6897
vn 0.6673 0.3342 -0.6657
vn 0.6894 0.3348 -0.6424
vn 0.7051 0.3355 -0.6247
vn 0.7153 0.3352 -0.6131
vn 0.7199 0.3353 -0.6078
vn 0.7186 0.3375 -0.6081
vn 0.7122 0.3438 -0.6120
vn 0.7040 0.3510 -0.6174
vn 0.6964 0.3560 -0.6231
vn 0.6891 0.3592 -0.6294
vn 0.6802 0.3626 -0.6371
vn 0.6689 0.3690 -0.6453
vn 0.6560 0.3779 -0.6534
vn 0.6436 0.3874 -0.6601
vn 0.6351 0.3947 -0.6640
vn 0.6319 0.3981 -0.6650
vn 0.6361 0.3824 -0.6702
vn 0.6453 0.3604 -0.6735
vn 0.6481 0.3673 -0.6671
vn 0.6540 0.3613 -0.6647
vn 0.6566 0.3571 -0.6644
vn 0.6637 0.3513 -0.6603
vn 0.6824 0.3302 -0.6522
vn 0.6985 0.3459 -0.6265
vn 0.7795 0.2836 -0.5586
vn 0.7582 0.4301 -0.4901
vn 0.7496 0.4621 -0.4739
vn 0.8088 0.3933 -0.4373
vn 0.8520 0.3475 -0.3916
vn 0.9109 0.1956 -0.3632
vn 0.9629 0.1256 -0.2389
vn 0.9036 0.3634 -0.2269
vn 0.9524 0.1041 -0.2865
vn 0.9574 -0.0127 -0.2886
vn 0.9520 -0.0887 -0.2929
vn 0.9495 -0.1603 -0.2696
vn 0.8660 -0.4467 -0.2248
vn 0.9248 -0.1740 -0.3385
vn 0.8495 0.4079 -0.3346
vn 0.9471 -0.2217 -0.2319
vn 0.9456 -0.2413 -0.2182
vn 0.9471 -0.2483 -0.2033
vn 0.9515 -0.2391 -0.1933
vn 0.9573 -0.2226 -0.1847
vn 0.9627 -0.2087 -0.1724
vn 0.9671 -0.2033 -0.1529
vn 0.9702 -0.2071 -0.1257
vn 0.9706 -0.2221 -0.0931
vn 0.9697 -0.2351 -0.0664
vn 0.9690 -0.2437 -0.0405
vn 0.9683 -0.2492 -0.0166
vn 0.9675 -0.2527 -0.0006
vn 0.9697 -0.2444 -0.0069
vn 0.9751 -0.2172 -0.0450
vn 0.5255 0.3506 -0.7752
vn 0.5600 0.3540 -0.7491
vn 0.5844 0.3645 -0.7250
vn 0.6039 0.3669 -0.7075
vn 0.6173 0.3726 -0.6929
vn 0.6224 0.3796 -0.6845
vn 0.6240 0.3853 -0.6799
vn 0.6236 0.3898 -0.6777
vn 0.6211 0.3934 -0.6778
vn 0.6156 0.3978 -0.6803
vn 0.6071 0.4035 -0.6845
vn 0.5966 0.4105 -0.6897
vn 0.5852 0.4175 -0.6952
vn 0.5763 0.4213 -0.7003
vn 0.5707 0.4225 -0.7041
vn 0.5687 0.4203 -0.7071
vn 0.5762 0.3934 -0.7164
vn 0.5785 0.3839 -0.7197
vn 0.5760 0.3920 -0.7173
vn 0.5747 0.3905 -0.7192
vn 0.5734 0.3869 -0.7221
vn 0.5808 0.3677 -0.7263
vn 0.5940 0.3493 -0.7247
vn 0.7021 0.2147 -0.6789
vn 0.6484 0.4098 -0.6415
vn 0.5876 0.5178 -0.6218
vn 0.6918 0.4164 -0.5900
vn 0.7389 0.3764 -0.5588
vn 0.7877 0.3281 -0.5215
vn 0.8457 0.0666 -0.5294
vn 0.9130 0.1314 -0.3863
vn 0.8228 0.4722 -0.3163
vn 0.9164 0.0934 -0.3891
vn 0.9236 0.0064 -0.3834
vn 0.9226 -0.0985 -0.3730
vn 0.9301 -0.2018 -0.3069
vn 0.8658 -0.3733 -0.3333
vn 0.8292 0.1120 -0.5476
vn 0.7916 0.5315 -0.3015
vn 0.9163 -0.2426 -0.3186
vn 0.9133 -0.2723 -0.3028
vn 0.9141 -0.2842 -0.2893
vn 0.9189 -0.2792 -0.2786
vn 0.9260 -0.2688 -0.2650
vn 0.9342 -0.2611 -0.2432
vn 0.9423 -0.2594 -0.2118
vn 0.9481 -0.2654 -0.1752
vn 0.9509 -0.2758 -0.1408
vn 0.9512 -0.2868 -0.1142
vn 0.9503 -0.2957 -0.0977
vn 0.9478 -0.3045 -0.0948
vn 0.9413 -0.3171 -0.1154
vn 0.9314 -0.3259 -0.1621
vn 0.9211 -0.3147 -0.2293
vn 0.9080 -0.2881 -0.3042
vn 0.8776 -0.2889 -0.3826
vn 0.4724 0.3786 -0.7959
vn 0.5042 0.3899 -0.7705
vn 0.5210 0.4052 -0.7513
vn 0.5336 0.4088 -0.7404
vn 0.5405 0.4161 -0.7312
vn 0.5426 0.4214 -0.7266
vn 0.5418 0.4274 -0.7237
vn 0.5382 0.4340 -0.7225
vn 0.5319 0.4411 -0.7229
vn 0.5239 0.4461 -0.7257
vn 0.5152 0.4477 -0.7309
vn 0.5074 0.4469 -0.7367
vn 0.5035 0.4372 -0.7452
vn 0.5059 0.4110 -0.7584
vn 0.4998 0.4135 -0.7611
vn 0.4939 0.4207 -0.7609
vn 0.4853 0.4234 -0.7650
vn 0.4784 0.4164 -0.7731
vn 0.4801 0.3894 -0.7860
vn 0.6159 0.1832 -0.7662
vn 0.5236 0.3938 -0.7555
vn 0.4182 0.5401 -0.7303
vn 0.5625 0.4165 -0.7142
vn 0.6014 0.4033 -0.6896
vn 0.6560 0.3489 -0.6693
vn 0.7113 0.2975 -0.6368
vn 0.7408 -0.0812 -0.6668
vn 0.8337 0.1294 -0.5369
vn 0.7346 0.5517 -0.3949
vn 0.8590 0.0862 -0.5047
vn 0.8747 0.0089 -0.4846
vn 0.8802 -0.1711 -0.4428
vn 0.9056 -0.2452 -0.3460
vn 0.8807 -0.1836 -0.4366
vn 0.5519 0.5557 -0.6218
vn 0.8352 0.5208 -0.1767
vn 0.8811 -0.2577 -0.3965
vn 0.8752 -0.2956 -0.3830
vn 0.8741 -0.3158 -0.3692
vn 0.8791 -0.3185 -0.3546
vn 0.8878 -0.3165 -0.3342
vn 0.8976 -0.3180 -0.3053
vn 0.9075 -0.3205 -0.2715
vn 0.9145 -0.3232 -0.2435
vn 0.9169 -0.3295 -0.2253
vn 0.9142 -0.3412 -0.2189
vn 0.9080 -0.3564 -0.2204
vn 0.8990 -0.3652 -0.2416
vn 0.8829 -0.3760 -0.2813
vn 0.8574 -0.3855 -0.3410
vn 0.8260 -0.3813 -0.4152
vn 0.7864 -0.3597 -0.5021
vn 0.7303 -0.3334 -0.5963
vn 0.6500 -0.3124 -0.6927
vn 0.5517 -0.2796 -0.7858
vn 0.4576 -0.2138 -0.8631
vn 0.3712 -0.1144 -0.9215
vn 0.3081 -0.0235 -0.9511
vn 0.2602 0.0616 -0.9636
vn 0.2177 0.1509 -0.9643
vn 0.1701 0.2566 -0.9514
vn 0.1323 0.3779 -0.9163
vn 0.1063 0.5115 -0.8527
vn 0.0889 0.6626 -0.7437
vn 0.0559 0.8321 -0.5517
vn 0.0294 0.9454 -0.3246
vn 0.0192 0.9927 -0.1192
vn 0.7940 -0.1253 -0.5949
vn 0.7864 -0.0944 -0.6104
vn 0.7780 -0.0712 -0.6243
vn 0.4331 0.4196 -0.7977
vn 0.4464 0.4335 -0.7828
vn 0.4565 0.4398 -0.7735
vn 0.4641 0.4464 -0.7651
vn 0.4666 0.4555 -0.7582
vn 0.4665 0.4630 -0.7537
vn 0.4640 0.4684 -0.7518
vn 0.4565 0.4719 -0.7543
vn 0.4438 0.4734 -0.7609
vn 0.4308 0.4589 -0.7771
vn 0.4255 0.4351 -0.7935
vn 0.4150 0.4433 -0.7945
vn 0.3993 0.4558 -0.7955
vn 0.3780 0.4631 -0.8017
vn 0.3627 0.4489 -0.8167
vn 0.5226 0.2016 -0.8284
vn 0.3890 0.4017 -0.8291
vn 0.2448 0.5562 -0.7942
vn 0.4259 0.3961 -0.8134
vn 0.4588 0.4075 -0.7896
vn 0.5057 0.3769 -0.7760
vn 0.5618 0.3134 -0.7656
vn 0.6746 0.2012 -0.7102
vn 0.6586 -0.2068 -0.7236
vn 0.7275 0.1251 -0.6746
vn 0.6161 0.6389 -0.4608
vn 0.7760 0.0676 -0.6271
vn 0.8024 -0.0086 -0.5967
vn 0.7997 -0.2955 -0.5226
vn 0.8572 -0.2641 -0.4421
vn 0.8335 0.0109 -0.5525
vn -0.4268 0.8070 -0.4082
vn 0.7087 0.5662 0.4209
vn 0.8362 -0.2682 -0.4783
vn 0.8289 -0.3131 -0.4636
vn 0.8260 -0.3437 -0.4468
vn 0.8302 -0.3579 -0.4274
vn 0.8390 -0.3644 -0.4042
vn 0.8484 -0.3701 -0.3784
vn 0.8565 -0.3728 -0.3570
vn 0.8618 -0.3718 -0.3450
vn 0.8628 -0.3723 -0.3421
vn 0.8574 -0.3815 -0.3454
vn 0.8458 -0.3948 -0.3589
vn 0.8274 -0.4014 -0.3928
vn 0.7996 -0.4078 -0.4408
vn 0.7615 -0.4124 -0.5001
vn 0.7152 -0.4046 -0.5699
vn 0.6630 -0.3771 -0.6467
vn 0.6105 -0.3340 -0.7181
vn 0.5602 -0.2833 -0.7784
vn 0.5040 -0.2266 -0.8334
vn 0.4350 -0.1502 -0.8878
vn 0.3653 -0.0623 -0.9288
vn 0.3086 0.0142 -0.9511
vn 0.2620 0.0888 -0.9610
vn 0.2199 0.1765 -0.9594
vn 0.1755 0.2764 -0.9449
vn 0.1379 0.3854 -0.9124
vn 0.1220 0.5011 -0.8567
vn 0.1039 0.6516 -0.7514
vn 0.0790 0.8174 -0.5707
vn 0.0961 0.9279 -0.3603
vn 0.1149 0.9868 -0.1143
vn 0.8713 -0.1580 -0.4646
vn 0.8636 -0.1363 -0.4855
vn 0.8585 -0.1087 -0.5011
vn 0.8538 -0.0711 -0.5157
vn 0.8601 -0.1110 -0.4979
vn 0.8471 -0.0639 -0.5276
vn 0.7970 -0.0553 -0.6014
vn 0.7556 -0.0363 -0.6540
vn 0.3597 0.4613 -0.8110
vn 0.3721 0.4682 -0.8015
vn 0.3864 0.4751 -0.7905
vn 0.3965 0.4830 -0.7807
vn 0.3921 0.4961 -0.7747
vn 0.3779 0.5026 -0.7775
vn 0.3615 0.4838 -0.7970
vn 0.3426 0.4643 -0.8167
vn 0.3226 0.4765 -0.8179
vn 0.2993 0.4960 -0.8151
vn 0.2719 0.5025 -0.8207
vn 0.4369 0.2613 -0.8607
vn 0.2703 0.4341 -0.8594
vn 0.0880 0.5854 -0.8060
vn 0.2912 0.3810 -0.8775
vn 0.3216 0.3835 -0.8658
vn 0.3624 0.3833 -0.8496
vn 0.4136 0.3424 -0.8436
vn 0.5862 0.1114 -0.8025
vn 0.5802 0.2276 -0.7820
vn 0.5050 -0.2897 -0.8130
vn 0.6018 0.2030 -0.7724
vn 0.4719 0.7387 -0.4812
vn 0.6722 0.0366 -0.7395
vn 0.7088 -0.0410 -0.7042
vn 0.6851 -0.4222 -0.5936
vn 0.7740 -0.2623 -0.5763
vn 0.7434 0.1258 -0.6569
vn -0.9021 0.4191 0.1030
vn -0.1508 0.5171 0.8425
vn 0.7691 -0.2827 -0.5732
vn 0.7639 -0.3323 -0.5532
vn 0.7610 -0.3701 -0.5329
vn 0.7622 -0.3934 -0.5141
vn 0.7676 -0.4054 -0.4965
vn 0.7734 -0.4111 -0.4825
vn 0.7787 -0.4108 -0.4741
vn 0.7831 -0.4068 -0.4703
vn 0.7849 -0.4038 -0.4700
vn 0.7800 -0.4088 -0.4737
vn 0.7659 -0.4117 -0.4939
vn 0.7408 -0.4130 -0.5298
vn 0.7055 -0.4156 -0.5740
vn 0.6632 -0.4154 -0.6226
vn 0.6143 -0.4003 -0.6800
vn 0.5656 -0.3705 -0.7368
vn 0.5256 -0.3272 -0.7853
vn 0.4918 -0.2686 -0.8283
vn 0.4481 -0.1942 -0.8726
vn 0.3919 -0.1091 -0.9135
vn 0.3387 -0.0279 -0.9405
vn 0.2971 0.0412 -0.9540
vn 0.2603 0.1107 -0.9592
vn 0.2248 0.1963 -0.9544
vn 0.1885 0.2931 -0.9373
vn 0.1640 0.3869 -0.9074
vn 0.1574 0.4896 -0.8576
vn 0.1379 0.6380 -0.7576
vn 0.1443 0.7822 -0.6061
vn 0.1985 0.8841 -0.4230
vn 0.9172 -0.1750 -0.3580
vn 0.9112 -0.1618 -0.3788
vn 0.9104 -0.1482 -0.3864
vn 0.9086 -0.2088 -0.3618
vn 0.9293 -0.1927 -0.3151
vn 0.9332 -0.0212 -0.3588
vn 0.8919 -0.0459 -0.4499
vn 0.8573 -0.0350 -0.5137
vn 0.8207 -0.0193 -0.5710
vn 0.7817 -0.0048 -0.6237
vn 0.7390 0.0078 -0.6736
vn 0.6923 0.0171 -0.7214
vn 0.6396 0.0186 -0.7685
vn 0.2933 0.4935 -0.8188
vn 0.3045 0.5121 -0.8031
vn 0.3063 0.5255 -0.7938
vn 0.2915 0.5137 -0.8069
vn 0.2505 0.5061 -0.8253
vn 0.2285 0.5041 -0.8329
vn 0.2102 0.5289 -0.8223
vn 0.3594 0.3432 -0.8678
vn 0.1904 0.4780 -0.8575
vn -0.0232 0.6335 -0.7734
vn 0.1714 0.4027 -0.8991
vn 0.2026 0.3634 -0.9093
vn 0.2378 0.3578 -0.9030
vn 0.2900 0.3422 -0.8938
vn 0.5041 0.0856 -0.8594
vn 0.4161 0.2583 -0.8719
vn 0.3378 0.2706 -0.9015
vn 0.4225 -0.3825 -0.8217
vn 0.4139 0.4062 -0.8147
vn 0.3468 0.8323 -0.4324
vn 0.5710 -0.0041 -0.8209
vn 0.6068 -0.0758 -0.7912
vn 0.5638 -0.5196 -0.6419
vn 0.6668 -0.2687 -0.6951
vn 0.6335 0.1847 -0.7514
vn -0.8798 0.3878 0.2750
vn -0.1406 0.4953 0.8573
vn 0.6783 -0.3004 -0.6706
vn 0.6729 -0.3509 -0.6512
vn 0.6682 -0.3902 -0.6335
vn 0.6659 -0.4155 -0.6196
vn 0.6675 -0.4286 -0.6089
vn 0.6711 -0.4345 -0.6007
vn 0.6759 -0.4360 -0.5942
vn 0.6819 -0.4315 -0.5906
vn 0.6856 -0.4263 -0.5901
vn 0.6821 -0.4235 -0.5961
vn 0.6695 -0.4168 -0.6149
vn 0.6469 -0.4111 -0.6423
vn 0.6126 -0.4095 -0.6761
vn 0.5704 -0.4054 -0.7143
vn 0.5254 -0.3888 -0.7568
vn 0.4861 -0.3628 -0.7951
vn 0.4575 -0.3235 -0.8283
vn 0.4298 -0.2580 -0.8653
vn 0.3915 -0.1698 -0.9044
vn 0.3436 -0.0806 -0.9356
vn 0.3003 -0.0078 -0.9538
vn 0.2700 0.0547 -0.9613
vn 0.2412 0.1225 -0.9627
vn 0.2113 0.2061 -0.9555
vn 0.1874 0.2972 -0.9362
vn 0.1854 0.3757 -0.9080
vn 0.1836 0.4773 -0.8593
vn 0.1702 0.6158 -0.7693
vn 0.9434 -0.1888 -0.2727
vn 0.9394 -0.1895 -0.2857
vn 0.9354 -0.2056 -0.2876
vn 0.9111 -0.2778 -0.3045
vn 0.9488 -0.1430 -0.2815
vn 0.9615 0.0212 -0.2741
vn 0.9375 -0.0226 -0.3472
vn 0.9160 -0.0207 -0.4007
vn 0.8927 -0.0126 -0.4505
vn 0.8667 -0.0028 -0.4988
vn 0.8373 0.0076 -0.5467
vn 0.8024 0.0182 -0.5965
vn 0.7593 0.0272 -0.6502
vn 0.7080 0.0395 -0.7051
vn 0.6509 0.0511 -0.7575
vn 0.5870 0.0606 -0.8073
vn 0.5156 0.0673 -0.8542
vn 0.4377 0.0681 -0.8965
vn 0.1545 0.5430 -0.8254
vn 0.1404 0.5227 -0.8409
vn 0.2563 0.4103 -0.8752
vn 0.1154 0.5135 -0.8503
vn -0.0675 0.6678 -0.7413
vn 0.0995 0.4769 -0.8733
vn 0.1221 0.3824 -0.9159
vn 0.1470 0.3363 -0.9302
vn 0.2216 0.2967 -0.9289
vn 0.4394 0.0765 -0.8950
vn 0.2837 0.2856 -0.9154
vn 0.1383 0.4104 -0.9014
vn 0.3659 0.0286 -0.9302
vn 0.3300 -0.3273 -0.8854
vn 0.2165 0.6313 -0.7447
vn 0.2955 0.8924 -0.3410
vn 0.4783 -0.0382 -0.8774
vn 0.5093 -0.1067 -0.8539
vn 0.4612 -0.5915 -0.6613
vn 0.5646 -0.2646 -0.7818
vn 0.5294 0.2081 -0.8225
vn -0.8297 0.3679 0.4199
vn 0.1461 0.6006 0.7861
vn 0.5742 -0.3127 -0.7566
vn 0.5675 -0.3599 -0.7406
vn 0.5591 -0.3966 -0.7281
vn 0.5525 -0.4214 -0.7191
vn 0.5514 -0.4362 -0.7111
vn 0.5541 -0.4435 -0.7045
vn 0.5588 -0.4469 -0.6986
vn 0.5647 -0.4429 -0.6963
vn 0.5701 -0.4359 -0.6964
vn 0.5696 -0.4276 -0.7019
vn 0.5623 -0.4178 -0.7136
vn 0.5476 -0.4076 -0.7307
vn 0.5228 -0.4005 -0.7525
vn 0.4897 -0.3921 -0.7788
vn 0.4524 -0.3769 -0.8083
vn 0.4170 -0.3585 -0.8352
vn 0.3904 -0.3238 -0.8618
vn 0.3669 -0.2514 -0.8957
vn 0.3333 -0.1512 -0.9306
vn 0.2920 -0.0591 -0.9546
vn 0.2557 0.0053 -0.9667
vn 0.2261 0.0615 -0.9722
vn 0.2003 0.1260 -0.9716
vn 0.1792 0.2048 -0.9623
vn 0.1766 0.2828 -0.9428
vn 0.9564 -0.2009 -0.2120
vn 0.9522 -0.2074 -0.2244
vn 0.9448 -0.2186 -0.2440
vn 0.9202 -0.2678 -0.2855
vn 0.9593 -0.1135 -0.2585
vn 0.9735 0.0424 -0.2248
vn 0.9611 -0.0071 -0.2760
vn 0.9497 -0.0118 -0.3128
vn 0.9369 -0.0085 -0.3494
vn 0.9218 -0.0016 -0.3876
vn 0.9037 0.0082 -0.4281
vn 0.8818 0.0195 -0.4713
vn 0.8548 0.0304 -0.5180
vn 0.8221 0.0414 -0.5678
vn 0.7835 0.0524 -0.6191
vn 0.7379 0.0637 -0.6719
vn 0.6836 0.0754 -0.7260
vn 0.6173 0.0864 -0.7819
vn 0.5409 0.1044 -0.8346
vn 0.4508 0.1068 -0.8862
vn 0.3324 0.1090 -0.9368
vn 0.1721 0.0853 -0.9814
vn 0.0144 0.1237 -0.9922
vn -0.0457 0.1188 -0.9919
vn 0.1315 0.4535 -0.8815
vn 0.0380 0.5160 -0.8558
vn -0.0688 0.6500 -0.7568
vn 0.0804 0.5354 -0.8408
vn 0.1108 0.4545 -0.8838
vn 0.1172 0.3692 -0.9219
vn 0.2161 0.2345 -0.9478
vn 0.4109 0.0530 -0.9101
vn 0.1762 0.3392 -0.9241
vn 0.0036 0.4671 -0.8842
vn 0.2589 0.1626 -0.9521
vn 0.2940 -0.0138 -0.9557
vn 0.2569 -0.2523 -0.9329
vn 0.0592 0.8068 -0.5879
vn 0.2896 0.9276 -0.2359
vn 0.3968 -0.0685 -0.9153
vn 0.4571 -0.1564 -0.8756
vn 0.4034 -0.6183 -0.6745
vn 0.4662 -0.2566 -0.8467
vn 0.4472 0.1983 -0.8722
vn -0.7454 0.4319 0.5077
vn 0.4658 0.7263 0.5055
vn 0.4779 -0.3199 -0.8181
vn 0.4714 -0.3573 -0.8063
vn 0.4606 -0.3860 -0.7993
vn 0.4499 -0.4103 -0.7933
vn 0.4436 -0.4290 -0.7869
vn 0.4410 -0.4409 -0.7817
vn 0.4435 -0.4468 -0.7769
vn 0.4524 -0.4447 -0.7730
vn 0.4646 -0.4369 -0.7702
vn 0.4723 -0.4262 -0.7716
vn 0.4721 -0.4164 -0.7770
vn 0.4684 -0.4066 -0.7844
vn 0.4523 -0.3924 -0.8009
vn 0.4262 -0.3801 -0.8209
vn 0.3906 -0.3616 -0.8466
vn 0.3479 -0.3507 -0.8695
vn 0.3154 -0.3266 -0.8910
vn 0.2939 -0.2530 -0.9217
vn 0.2664 -0.1409 -0.9535
vn 0.2364 -0.0449 -0.9706
vn 0.2055 0.0177 -0.9785
vn 0.9628 -0.2043 -0.1769
vn 0.9598 -0.2040 -0.1925
vn 0.9547 -0.2038 -0.2168
vn 0.9323 -0.2485 -0.2627
vn 0.9665 -0.0928 -0.2395
vn 0.9796 0.0465 -0.1956
vn 0.9740 -0.0040 -0.2266
vn 0.9691 -0.0117 -0.2465
vn 0.9633 -0.0106 -0.2681
vn 0.9562 -0.0056 -0.2928
vn 0.9474 0.0018 -0.3201
vn 0.9367 0.0105 -0.3500
vn 0.9235 0.0193 -0.3832
vn 0.9068 0.0284 -0.4207
vn 0.8860 0.0382 -0.4620
vn 0.8608 0.0488 -0.5066
vn 0.8306 0.0600 -0.5536
vn 0.7946 0.0707 -0.6030
vn 0.7528 0.0818 -0.6532
vn 0.7031 0.0889 -0.7055
vn 0.6402 0.0966 -0.7621
vn 0.5542 0.0958 -0.8268
vn 0.4427 0.1109 -0.8898
vn 0.3199 0.1300 -0.9385
vn 0.1578 0.1159 -0.9806
vn 0.0623 0.2194 -0.9736
vn 0.0853 0.1741 -0.9810
vn 0.0882 0.1974 -0.9764
vn 0.1721 0.1880 -0.9670
vn -0.0089 0.4857 -0.8741
vn -0.0549 0.6002 -0.7980
vn 0.0583 0.5309 -0.8454
vn 0.0978 0.5021 -0.8593
vn 0.1145 0.4453 -0.8880
vn 0.1882 0.2709 -0.9440
vn 0.3739 0.0049 -0.9275
vn 0.1105 0.3749 -0.9205
vn -0.0811 0.5279 -0.8454
vn 0.1815 0.2060 -0.9616
vn 0.2272 0.1176 -0.9667
vn 0.2528 -0.0315 -0.9670
vn 0.2133 -0.1826 -0.9598
vn -0.0755 0.9211 -0.3819
vn 0.3120 0.9458 -0.0895
vn 0.3505 -0.1395 -0.9261
vn 0.4319 -0.2089 -0.8774
vn 0.3575 -0.5764 -0.7348
vn 0.3786 -0.2465 -0.8921
vn 0.3685 0.1713 -0.9137
vn -0.7204 0.5284 0.4492
vn 0.6269 0.6629 0.4094
vn 0.3864 -0.3240 -0.8636
vn 0.3813 -0.3509 -0.8553
vn 0.3743 -0.3704 -0.8501
vn 0.3658 -0.3901 -0.8450
vn 0.3554 -0.4090 -0.8405
vn 0.3455 -0.4267 -0.8358
vn 0.3429 -0.4412 -0.8293
vn 0.3527 -0.4470 -0.8221
vn 0.3741 -0.4410 -0.8158
vn 0.3945 -0.4271 -0.8136
vn 0.4045 -0.4174 -0.8137
vn 0.4634 -0.4296 -0.7751
vn 0.4195 -0.3469 -0.8388
vn 0.3611 -0.3701 -0.8559
vn 0.3234 -0.3444 -0.8814
vn 0.2762 -0.3359 -0.9005
vn 0.2345 -0.3257 -0.9159
vn 0.9672 -0.1995 -0.1573
vn 0.9663 -0.1919 -0.1715
vn 0.9634 -0.1866 -0.1924
vn 0.9457 -0.2224 -0.2372
vn 0.9718 -0.0715 -0.2248
vn 0.9827 0.0369 -0.1815
vn 0.9807 -0.0110 -0.1953
vn 0.9793 -0.0177 -0.2018
vn 0.9774 -0.0172 -0.2106
vn 0.9749 -0.0142 -0.2223
vn 0.9717 -0.0098 -0.2359
vn 0.9678 -0.0043 -0.2517
vn 0.9628 0.0018 -0.2703
vn 0.9564 0.0078 -0.2920
vn 0.9483 0.0136 -0.3170
vn 0.9385 0.0193 -0.3447
vn 0.9267 0.0247 -0.3749
vn 0.9126 0.0298 -0.4078
vn 0.8955 0.0345 -0.4438
vn 0.8748 0.0384 -0.4829
vn 0.8499 0.0412 -0.5253
vn 0.8185 0.0389 -0.5731
vn 0.7798 0.0345 -0.6251
vn 0.7378 0.0252 -0.6745
vn 0.6875 0.0022 -0.7262
vn 0.6270 -0.0099 -0.7790
vn 0.5768 -0.0097 -0.8168
vn 0.5622 -0.0342 -0.8263
vn 0.5846 -0.0917 -0.8061
vn 0.6222 -0.2243 -0.7500
vn 0.5249 0.1710 -0.8338
vn 0.1469 0.7803 -0.6079
vn -0.0222 0.7174 -0.6963
vn -0.0332 0.5157 -0.8561
vn 0.0098 0.5301 -0.8479
vn 0.0499 0.4932 -0.8685
vn 0.0714 0.4865 -0.8707
vn 0.0983 0.4031 -0.9099
vn 0.2857 0.0367 -0.9576
vn 0.1792 0.2393 -0.9543
vn -0.1054 0.6232 -0.7749
vn 0.0751 0.2712 -0.9596
vn 0.1558 0.1474 -0.9767
vn 0.1841 0.0877 -0.9790
vn 0.1925 -0.0267 -0.9809
vn 0.1814 -0.1371 -0.9738
vn -0.2326 0.9697 -0.0745
vn 0.4057 0.8945 0.1881
vn 0.2829 -0.2391 -0.9289
vn 0.3687 -0.2320 -0.9001
vn 0.3030 -0.4865 -0.8195
vn 0.2874 -0.2196 -0.9323
vn 0.2776 0.1300 -0.9519
vn -0.6887 0.6226 0.3716
vn 0.6204 0.5606 0.5485
vn 0.2866 -0.3211 -0.9026
vn 0.2803 -0.3443 -0.8960
vn 0.2786 -0.3571 -0.8916
vn 0.2783 -0.3688 -0.8869
vn 0.2750 -0.3844 -0.8813
vn 0.2645 -0.4045 -0.8755
vn 0.2554 -0.4281 -0.8669
vn 0.2577 -0.4434 -0.8585
vn 0.2793 -0.4460 -0.8504
vn 0.3101 -0.4315 -0.8471
vn 0.3501 -0.4834 -0.8024
vn 0.4690 -0.4645 -0.7512
vn 0.9707 -0.1884 -0.1489
vn 0.9708 -0.1763 -0.1624
vn 0.9695 -0.1664 -0.1801
vn 0.9581 -0.1838 -0.2199
vn 0.9743 -0.0435 -0.2212
vn 0.9824 0.0182 -0.1857
vn 0.9822 -0.0176 -0.1870
vn 0.9821 -0.0207 -0.1871
vn 0.9820 -0.0207 -0.1880
vn 0.9815 -0.0192 -0.1905
vn 0.9808 -0.0169 -0.1942
vn 0.9799 -0.0137 -0.1992
vn 0.9785 -0.0105 -0.2058
vn 0.9768 -0.0080 -0.2140
vn 0.9744 -0.0061 -0.2247
vn 0.9714 -0.0048 -0.2375
vn 0.9675 -0.0036 -0.2528
vn 0.9627 -0.0027 -0.2705
vn 0.9566 -0.0027 -0.2913
vn 0.9491 -0.0036 -0.3148
vn 0.9399 -0.0062 -0.3415
vn 0.9279 -0.0122 -0.3727
vn 0.9117 -0.0236 -0.4102
vn 0.8909 -0.0404 -0.4524
vn 0.8650 -0.0632 -0.4977
vn 0.8360 -0.0876 -0.5418
vn 0.7976 -0.1069 -0.5937
vn 0.7698 -0.1835 -0.6113
vn 0.7363 -0.2118 -0.6427
vn 0.5683 0.1431 -0.8103
vn 0.1828 0.7202 -0.6693
vn 0.0273 0.8857 -0.4634
vn -0.0149 0.7370 -0.6758
vn -0.0183 0.4950 -0.8687
vn 0.0033 0.5013 -0.8653
vn 0.0222 0.4756 -0.8794
vn 0.0322 0.4796 -0.8769
vn 0.1596 0.2256 -0.9611
vn 0.2133 0.0362 -0.9763
vn -0.0184 0.5850 -0.8108
vn -0.0526 0.5369 -0.8420
vn 0.0730 0.1464 -0.9865
vn 0.1291 0.1203 -0.9843
vn 0.0860 0.1036 -0.9909
vn 0.0788 -0.0354 -0.9963
vn 0.1051 -0.1318 -0.9857
vn -0.6092 0.7570 0.2362
vn 0.5871 0.7220 0.3662
vn 0.1558 -0.3454 -0.9254
vn 0.2441 -0.2456 -0.9381
vn 0.1905 -0.3382 -0.9216
vn 0.1558 -0.2054 -0.9662
vn 0.1661 0.0829 -0.9826
vn -0.7365 0.5718 0.3613
vn 0.7665 0.4427 0.4652
vn 0.1642 -0.3110 -0.9361
vn 0.1585 -0.3354 -0.9286
vn 0.1619 -0.3470 -0.9238
vn 0.1758 -0.3558 -0.9179
vn 0.1892 -0.3659 -0.9112
vn 0.1877 -0.3813 -0.9052
vn 0.1767 -0.4051 -0.8970
vn 0.1644 -0.4269 -0.8892
vn 0.9730 -0.1656 -0.1607
vn 0.9726 -0.1494 -0.1781
vn 0.9709 -0.1341 -0.1986
vn 0.9644 -0.1191 -0.2361
vn 0.9694 -0.0124 -0.2451
vn 0.9757 0.0062 -0.2189
vn 0.9765 -0.0092 -0.2152
vn 0.9769 -0.0103 -0.2135
vn 0.9772 -0.0100 -0.2121
vn 0.9774 -0.0091 -0.2111
vn 0.9776 -0.0075 -0.2105
vn 0.9776 -0.0057 -0.2103
vn 0.9774 -0.0036 -0.2112
vn 0.9772 -0.0029 -0.2123
vn 0.9765 -0.0023 -0.2155
vn 0.9753 -0.0019 -0.2208
vn 0.9736 -0.0015 -0.2285
vn 0.9711 -0.0012 -0.2388
vn 0.9676 -0.0017 -0.2523
vn 0.9631 -0.0021 -0.2690
vn 0.9571 -0.0030 -0.2897
vn 0.9488 -0.0072 -0.3159
vn 0.9376 -0.0172 -0.3474
vn 0.9226 -0.0349 -0.3841
vn 0.9040 -0.0624 -0.4229
vn 0.8805 -0.0578 -0.4705
vn 0.8387 -0.1095 -0.5334
vn 0.7596 -0.0664 -0.6470
vn 0.5316 0.2768 -0.8005
vn 0.1699 0.7022 -0.6914
vn 0.0296 0.8371 -0.5462
vn 0.0170 0.8998 -0.4359
vn -0.0064 0.7440 -0.6681
vn -0.0143 0.4840 -0.8749
vn 0.0005 0.4853 -0.8743
vn 0.0113 0.4668 -0.8843
vn 0.0688 0.4011 -0.9134
vn 0.1987 0.0705 -0.9775
vn 0.0735 0.3012 -0.9507
vn -0.1079 0.6825 -0.7229
vn -0.0388 0.4030 -0.9144
vn 0.0883 0.0415 -0.9952
vn 0.0650 0.1865 -0.9803
vn -0.0009 0.1501 -0.9887
vn 0.0018 -0.0645 -0.9979
vn 0.0317 -0.1475 -0.9886
vn -0.1164 0.9633 0.2420
vn 0.3608 0.9230 0.1339
vn 0.0424 -0.4495 -0.8923
vn 0.1123 -0.2494 -0.9619
vn 0.0552 -0.1783 -0.9824
vn 0.0365 -0.2117 -0.9767
vn 0.0489 0.0448 -0.9978
vn -0.6375 0.6290 0.4449
vn 0.7202 0.6667 -0.1921
vn 0.0435 -0.3011 -0.9526
vn 0.0442 -0.3300 -0.9429
vn 0.0519 -0.3447 -0.9373
vn 0.0647 -0.3475 -0.9354
vn 0.9706 -0.1187 -0.2094
vn 0.9670 -0.0958 -0.2361
vn 0.9616 -0.0705 -0.2652
vn 0.9542 -0.0361 -0.2970
vn 0.9521 0.0182 -0.3053
vn 0.9558 0.0219 -0.2933
vn 0.9565 0.0212 -0.2910
vn 0.9564 0.0225 -0.2911
vn 0.9561 0.0243 -0.2919
vn 0.9557 0.0268 -0.2930
vn 0.9552 0.0298 -0.2944
vn 0.9547 0.0328 -0.2958
vn 0.9540 0.0357 -0.2976
vn 0.9530 0.0384 -0.3004
vn 0.9516 0.0412 -0.3046
vn 0.9495 0.0441 -0.3106
vn 0.9466 0.0476 -0.3188
vn 0.9427 0.0510 -0.3297
vn 0.9376 0.0546 -0.3435
vn 0.9309 0.0582 -0.3606
vn 0.9225 0.0610 -0.3812
vn 0.9116 0.0610 -0.4064
vn 0.8965 0.0567 -0.4393
vn 0.8728 0.0510 -0.4853
vn 0.8314 0.0603 -0.5524
vn 0.7676 0.1119 -0.6311
vn 0.6325 0.2027 -0.7476
vn 0.3666 0.4568 -0.8105
vn 0.1131 0.6974 -0.7077
vn 0.0222 0.8022 -0.5966
vn 0.0245 0.8417 -0.5394
vn 0.0238 0.9054 -0.4239
vn 0.0009 0.7502 -0.6612
vn -0.0082 0.4749 -0.8800
vn 0.0034 0.4736 -0.8807
vn 0.0157 0.4461 -0.8949
vn 0.1325 0.2381 -0.9622
vn 0.1538 0.1342 -0.9789
vn -0.0744 0.5548 -0.8286
vn -0.1383 0.6699 -0.7294
vn -0.0088 0.2273 -0.9738
vn 0.0647 0.0169 -0.9978
vn 0.0239 0.2595 -0.9654
vn -0.0040 0.1584 -0.9874
vn 0.0002 -0.0897 -0.9960
vn 0.0037 -0.1505 -0.9886
vn 0.0512 0.9986 -0.0133
vn -0.0252 0.9939 -0.1073
vn 0.0055 -0.5295 -0.8483
vn 0.0338 -0.2258 -0.9736
vn -0.0126 -0.0561 -0.9983
vn -0.0295 -0.2089 -0.9775
vn -0.0110 -0.0026 -0.9999
vn 0.1487 0.9825 -0.1122
vn -0.0184 0.5726 -0.8196
vn -0.0025 -0.3030 -0.9530
vn -0.0007 -0.3303 -0.9439
vn -0.0001 -0.3379 -0.9412
vn 0.9582 -0.0631 -0.2790
vn 0.9491 -0.0349 -0.3131
vn 0.9383 -0.0080 -0.3457
vn 0.9266 0.0203 -0.3755
vn 0.9159 0.0481 -0.3985
vn 0.9099 0.0686 -0.4092
vn 0.9078 0.0745 -0.4127
vn 0.9051 0.0808 -0.4174
vn 0.9019 0.0862 -0.4233
vn 0.8980 0.0920 -0.4302
vn 0.8936 0.0983 -0.4379
vn 0.8888 0.1050 -0.4461
vn 0.8834 0.1121 -0.4550
vn 0.8773 0.1197 -0.4648
vn 0.8703 0.1279 -0.4757
vn 0.8621 0.1367 -0.4880
vn 0.8523 0.1463 -0.5021
vn 0.8408 0.1565 -0.5183
vn 0.8268 0.1675 -0.5369
vn 0.8100 0.1792 -0.5584
vn 0.7893 0.1917 -0.5833
vn 0.7629 0.2056 -0.6129
vn 0.7273 0.2230 -0.6490
vn 0.6756 0.2484 -0.6941
vn 0.5972 0.2895 -0.7481
vn 0.4835 0.3540 -0.8006
vn 0.3333 0.4425 -0.8325
vn 0.1657 0.5613 -0.8108
vn 0.0440 0.6782 -0.7335
vn 0.0139 0.7536 -0.6571
vn 0.0325 0.7975 -0.6025
vn 0.0385 0.8415 -0.5389
vn 0.0309 0.9117 -0.4096
vn 0.0082 0.7562 -0.6543
vn -0.0056 0.4692 -0.8831
vn -0.0009 0.4694 -0.8830
vn 0.0527 0.3640 -0.9299
vn 0.1464 0.1425 -0.9789
vn 0.0098 0.3673 -0.9301
vn -0.1688 0.6753 -0.7180
vn -0.1128 0.5643 -0.8178
vn 0.0137 0.0956 -0.9953
vn 0.0457 0.0355 -0.9983
vn -0.0037 0.3113 -0.9503
vn -0.0107 0.1452 -0.9893
vn 0.0001 -0.0989 -0.9951
vn -0.0032 -0.1498 -0.9887
vn -0.0237 0.9960 -0.0866
vn 0.0517 0.9747 -0.2173
vn 0.0045 -0.5809 -0.8140
vn 0.0043 -0.1962 -0.9806
vn -0.0337 0.0507 -0.9981
vn -0.0607 -0.1950 -0.9789
vn -0.0194 -0.0733 -0.9971
vn 0.0368 0.8273 -0.5606
vn -0.0087 0.4239 -0.9057
vn -0.0014 -0.3047 -0.9524
vn -0.0012 -0.3324 -0.9431
vn 0.8982 0.0560 -0.4361
vn 0.8794 0.0816 -0.4690
vn 0.8610 0.1049 -0.4977
vn 0.8438 0.1256 -0.5217
vn 0.8292 0.1421 -0.5406
vn 0.8168 0.1533 -0.5562
vn 0.8049 0.1636 -0.5704
vn 0.7928 0.1744 -0.5840
vn 0.7797 0.1853 -0.5981
vn 0.7652 0.1968 -0.6130
vn 0.7489 0.2090 -0.6288
vn 0.7307 0.2220 -0.6456
vn 0.7100 0.2360 -0.6634
vn 0.6867 0.2509 -0.6823
vn 0.6601 0.2669 -0.7021
vn 0.6299 0.2839 -0.7229
vn 0.5954 0.3018 -0.7446
vn 0.5559 0.3207 -0.7669
vn 0.5107 0.3404 -0.7895
vn 0.4583 0.3614 -0.8120
vn 0.3968 0.3842 -0.8336
vn 0.3241 0.4096 -0.8528
vn 0.2390 0.4379 -0.8667
vn 0.1434 0.4693 -0.8713
vn 0.0451 0.5032 -0.8630
vn -0.0417 0.5384 -0.8417
vn -0.0969 0.5781 -0.8102
vn -0.1115 0.6324 -0.7666
vn -0.0866 0.6874 -0.7211
vn -0.0358 0.7342 -0.6780
vn 0.0140 0.7858 -0.6183
vn 0.0352 0.8439 -0.5354
vn 0.0341 0.9178 -0.3955
vn 0.0143 0.7622 -0.6471
vn -0.0036 0.4684 -0.8835
vn 0.0098 0.4452 -0.8954
vn 0.0869 0.2498 -0.9644
vn 0.0718 0.2282 -0.9710
vn -0.1345 0.5862 -0.7989
vn -0.1901 0.6696 -0.7180
vn -0.0468 0.4104 -0.9107
vn 0.0255 0.0318 -0.9992
vn 0.0206 0.0768 -0.9968
vn -0.0311 0.3509 -0.9359
vn -0.0120 0.1111 -0.9937
vn 0.0019 -0.0985 -0.9951
vn -0.0098 -0.1472 -0.9891
vn -0.1128 0.9911 -0.0713
vn 0.0742 0.9680 -0.2399
vn 0.0018 -0.6094 -0.7929
vn -0.0175 -0.1790 -0.9837
vn -0.0535 0.1600 -0.9857
vn -0.0849 -0.1888 -0.9783
vn -0.0254 -0.1534 -0.9878
vn -0.0207 0.8687 -0.4950
vn 0.0143 0.3873 -0.9218
vn 0.0015 -0.3034 -0.9529
vn -0.0015 -0.3307 -0.9437
vn -0.0014 -0.3444 -0.9388
vn 0.7590 0.1931 -0.6218
vn 0.7339 0.2113 -0.6455
vn 0.7099 0.2276 -0.6666
vn 0.6866 0.2415 -0.6857
vn 0.6632 0.2546 -0.7038
vn 0.6384 0.2672 -0.7218
vn 0.6111 0.2812 -0.7399
vn 0.5815 0.2962 -0.7577
vn 0.5487 0.3122 -0.7756
vn 0.5124 0.3288 -0.7933
vn 0.4722 0.3462 -0.8107
vn 0.4273 0.3641 -0.8276
vn 0.3772 0.3825 -0.8434
vn 0.3214 0.4012 -0.8578
vn 0.2596 0.4196 -0.8698
vn 0.1918 0.4372 -0.8787
vn 0.1183 0.4535 -0.8834
vn 0.0396 0.4678 -0.8829
vn -0.0436 0.4800 -0.8762
vn -0.1307 0.4902 -0.8617
vn -0.2206 0.4980 -0.8387
vn -0.3077 0.5021 -0.8082
vn -0.3889 0.5034 -0.7716
vn -0.4581 0.5020 -0.7336
vn -0.5098 0.4986 -0.7011
vn -0.5400 0.4945 -0.6810
vn -0.5858 0.5089 -0.6307
vn -0.5185 0.5001 -0.6936
vn -0.3929 0.5836 -0.7107
vn -0.2610 0.6532 -0.7108
vn -0.1209 0.7373 -0.6647
vn -0.0242 0.8299 -0.5573
vn 0.0175 0.9187 -0.3945
vn 0.0170 0.7660 -0.6426
vn -0.0005 0.4709 -0.8822
vn 0.0278 0.3899 -0.9204
vn 0.0634 0.2157 -0.9744
vn -0.0544 0.4202 -0.9058
vn -0.2077 0.6904 -0.6930
vn -0.1046 0.5398 -0.8353
vn 0.0246 0.3067 -0.9515
vn 0.0129 0.0279 -0.9995
vn -0.0094 0.1313 -0.9913
vn -0.0444 0.3647 -0.9301
vn 0.0029 0.0620 -0.9981
vn 0.0059 -0.0823 -0.9966
vn -0.0151 -0.1389 -0.9902
vn -0.1502 0.9868 0.0601
vn 0.1931 0.9486 -0.2508
vn -0.0020 -0.6264 -0.7795
vn -0.0406 -0.1556 -0.9870
vn -0.0714 0.2555 -0.9642
vn -0.1040 -0.1896 -0.9763
vn -0.0425 -0.2294 -0.9724
vn -0.4020 0.9090 -0.1098
vn 0.3127 0.4865 -0.8158
vn -0.0208 -0.2998 -0.9538
vn -0.0214 -0.3296 -0.9439
vn -0.0211 -0.3502 -0.9364
vn 0.5360 0.3195 -0.7814
vn 0.5047 0.3331 -0.7965
vn 0.4715 0.3464 -0.8110
vn 0.4354 0.3598 -0.8252
vn 0.3956 0.3739 -0.8389
vn 0.3515 0.3886 -0.8517
vn 0.3022 0.4044 -0.8632
vn 0.2477 0.4205 -0.8728
vn 0.1881 0.4364 -0.8799
vn 0.1238 0.4515 -0.8836
vn 0.0544 0.4658 -0.8832
vn -0.0204 0.4786 -0.8778
vn -0.0999 0.4892 -0.8664
vn -0.1828 0.4966 -0.8485
vn -0.2673 0.5001 -0.8237
vn -0.3517 0.4994 -0.7918
vn -0.4339 0.4943 -0.7533
vn -0.5130 0.4850 -0.7082
vn -0.5885 0.4726 -0.6560
vn -0.6585 0.4563 -0.5985
vn -0.7202 0.4363 -0.5395
vn -0.7737 0.4137 -0.4798
vn -0.8194 0.3876 -0.4224
vn -0.8525 0.3586 -0.3804
vn -0.8770 0.3334 -0.3461
vn -0.8800 0.3369 -0.3348
vn -0.8584 0.2979 -0.4176
vn -0.7616 0.2318 -0.6052
vn -0.7043 0.3416 -0.6224
vn -0.6156 0.4154 -0.6697
vn -0.4021 0.5460 -0.7350
vn -0.1890 0.7481 -0.6361
vn -0.0492 0.8960 -0.4412
vn 0.0159 0.7541 -0.6565
vn 0.0121 0.4689 -0.8832
vn 0.0296 0.3437 -0.9386
vn -0.0155 0.2962 -0.9550
vn -0.1421 0.5832 -0.7998
vn -0.1588 0.6600 -0.7343
vn -0.0449 0.3937 -0.9181
vn -0.0218 0.3016 -0.9532
vn -0.0406 0.0431 -0.9982
vn -0.0528 0.1786 -0.9825
vn -0.0588 0.3457 -0.9365
vn -0.0463 0.0387 -0.9982
vn -0.0710 -0.0543 -0.9960
vn -0.0939 -0.1194 -0.9884
vn -0.6957 0.6866 0.2112
vn 0.8522 0.4760 -0.2170
vn -0.0789 -0.6289 -0.7734
vn -0.1208 -0.1540 -0.9807
vn -0.1359 0.3366 -0.9318
vn -0.1571 -0.2090 -0.9652
vn -0.1156 -0.2750 -0.9545
vn -0.6874 0.5196 0.5074
vn 0.7594 0.4682 -0.4519
vn -0.1173 -0.3072 -0.9444
vn -0.1135 -0.3359 -0.9350
vn -0.1236 -0.3513 -0.9281
vn 0.2498 0.4210 -0.8720
vn 0.2049 0.4336 -0.8775
vn 0.1550 0.4464 -0.8813
vn 0.1003 0.4588 -0.8829
vn 0.0407 0.4709 -0.8812
vn -0.0252 0.4831 -0.8752
vn -0.0969 0.4938 -0.8642
vn -0.1720 0.5015 -0.8479
vn -0.2493 0.5062 -0.8256
vn -0.3293 0.5082 -0.7958
vn -0.4106 0.5064 -0.7583
vn -0.4910 0.5001 -0.7134
vn -0.5672 0.4888 -0.6628
vn -0.6377 0.4730 -0.6079
vn -0.7009 0.4536 -0.5504
vn -0.7560 0.4317 -0.4920
vn -0.8029 0.4084 -0.4342
vn -0.8430 0.3859 -0.3747
vn -0.8793 0.3623 -0.3091
vn -0.9087 0.3331 -0.2516
vn -0.9310 0.3070 -0.1972
vn -0.9483 0.2814 -0.1466
vn -0.9613 0.2501 -0.1156
vn -0.9674 0.2227 -0.1204
vn -0.9528 0.1913 -0.2359
vn -0.9121 0.2482 -0.3263
vn -0.8439 0.1896 -0.5019
vn -0.8261 0.1592 -0.5406
vn -0.8100 0.2073 -0.5486
vn -0.6759 0.1724 -0.7166
vn -0.5298 0.2711 -0.8037
vn -0.3578 0.5396 -0.7621
vn -0.1536 0.8087 -0.5678
vn -0.0149 0.7129 -0.7011
vn 0.0020 0.4674 -0.8841
vn -0.0152 0.3620 -0.9321
vn -0.1198 0.4185 -0.9003
vn -0.1555 0.6305 -0.7604
vn -0.1236 0.5910 -0.7972
vn -0.1043 0.3572 -0.9282
vn -0.0954 0.2993 -0.9494
vn -0.1037 0.0478 -0.9935
vn -0.1094 0.2064 -0.9723
vn -0.1341 0.3563 -0.9247
vn -0.1742 0.0652 -0.9825
vn -0.1998 -0.0296 -0.9794
vn -0.2182 -0.1001 -0.9708
vn -0.5413 0.7663 0.3462
vn 0.6650 0.6768 -0.3157
vn -0.1854 -0.6233 -0.7597
vn -0.2325 -0.1590 -0.9595
vn -0.2242 0.3702 -0.9015
vn -0.2463 -0.2345 -0.9404
vn -0.2405 -0.2847 -0.9280
vn -0.5596 0.6029 0.5686
vn 0.6119 0.5842 -0.5331
vn -0.2458 -0.3207 -0.9147
vn -0.2438 -0.3442 -0.9067
vn -0.2492 -0.3548 -0.9011
vn -0.2580 -0.3640 -0.8950
vn -0.2633 -0.3876 -0.8834
vn -0.2614 -0.4049 -0.8762
vn -0.0689 0.4909 -0.8685
vn -0.1316 0.5005 -0.8557
vn -0.1979 0.5074 -0.8387
vn -0.2668 0.5120 -0.8165
vn -0.3408 0.5161 -0.7858
vn -0.4181 0.5162 -0.7475
vn -0.4927 0.5103 -0.7049
vn -0.5641 0.5006 -0.6566
vn -0.6347 0.4880 -0.5991
vn -0.7020 0.4701 -0.5350
vn -0.7617 0.4470 -0.4690
vn -0.8122 0.4210 -0.4040
vn -0.8535 0.3934 -0.3416
vn -0.8865 0.3651 -0.2844
vn -0.9117 0.3383 -0.2333
vn -0.9303 0.3136 -0.1900
vn -0.9441 0.2933 -0.1506
vn -0.9532 0.2812 -0.1108
vn -0.9599 0.2701 -0.0752
vn -0.9666 0.2522 -0.0462
vn -0.9707 0.2377 -0.0338
vn -0.9708 0.2355 -0.0455
vn -0.9704 0.2228 -0.0927
vn -0.9346 0.1995 -0.2945
vn -0.8521 0.2077 -0.4803
vn -0.7781 0.2572 -0.5731
vn -0.6780 0.2329 -0.6972
vn -0.6251 0.2509 -0.7391
vn -0.4319 0.2426 -0.8687
vn -0.3630 0.2337 -0.9020
vn -0.3995 0.2259 -0.8885
vn -0.0612 0.4780 -0.8762
vn -0.1251 0.4468 -0.8858
vn -0.1918 0.4792 -0.8565
vn -0.1535 0.6039 -0.7821
vn -0.1176 0.5592 -0.8207
vn -0.1190 0.3477 -0.9300
vn -0.1211 0.2979 -0.9469
vn -0.1424 0.0576 -0.9881
vn -0.1660 0.2425 -0.9559
vn -0.1903 0.3915 -0.9003
vn -0.2340 0.0975 -0.9673
vn -0.2646 -0.0027 -0.9644
vn -0.2892 -0.0808 -0.9538
vn -0.1846 0.9211 0.3428
vn 0.3656 0.8974 -0.2469
vn -0.2462 -0.6103 -0.7530
vn -0.3113 -0.1306 -0.9413
vn -0.3011 0.3716 -0.8782
vn -0.3364 -0.2351 -0.9119
vn -0.3397 -0.2899 -0.8947
vn -0.6404 0.6905 0.3364
vn 0.5995 0.5442 -0.5869
vn -0.3504 -0.3257 -0.8782
vn -0.3508 -0.3490 -0.8690
vn -0.3492 -0.3655 -0.8628
vn -0.3442 -0.3849 -0.8564
vn -0.3355 -0.4066 -0.8498
vn -0.3252 -0.4303 -0.8421
vn -0.3279 -0.4475 -0.8320
vn -0.3519 -0.4501 -0.8207
vn -0.3900 -0.4365 -0.8108
vn -0.4217 -0.4280 -0.7994
vn -0.4384 -0.5621 -0.7013
vn -0.5619 -0.3069 -0.7681
vn -0.3856 0.5226 -0.7603
vn -0.4567 0.5206 -0.7214
vn -0.5246 0.5137 -0.6789
vn -0.5962 0.5073 -0.6223
vn -0.6673 0.4937 -0.5577
vn -0.7271 0.4724 -0.4982
vn -0.7778 0.4506 -0.4382
vn -0.8268 0.4288 -0.3641
vn -0.8694 0.4003 -0.2895
vn -0.9014 0.3699 -0.2250
vn -0.9252 0.3402 -0.1683
vn -0.9434 0.3109 -0.1158
vn -0.9561 0.2827 -0.0768
vn -0.9644 0.2603 -0.0466
vn -0.9699 0.2415 -0.0296
vn -0.9726 0.2312 -0.0258
vn -0.9731 0.2290 -0.0238
vn -0.9687 0.2419 -0.0555
vn -0.9620 0.2708 -0.0361
vn -0.9632 0.2608 -0.0650
vn -0.9495 0.2698 -0.1601
vn -0.1706 0.5044 -0.8464
vn -0.2003 0.5015 -0.8416
vn -0.2105 0.4692 -0.8577
vn -0.1640 0.5629 -0.8101
vn -0.1117 0.5277 -0.8420
vn -0.1155 0.3489 -0.9300
vn -0.1370 0.3151 -0.9391
vn -0.1764 0.0883 -0.9803
vn -0.2113 0.2818 -0.9359
vn -0.2212 0.4130 -0.8835
vn -0.2683 0.1345 -0.9539
vn -0.3086 0.0347 -0.9506
vn -0.3450 -0.0486 -0.9373
vn -0.2325 0.8758 0.4231
vn 0.5032 0.8394 -0.2055
vn -0.3022 -0.5775 -0.7584
vn -0.3855 -0.0901 -0.9183
vn -0.3666 0.3662 -0.8553
vn -0.4170 -0.2206 -0.8817
vn -0.4290 -0.2831 -0.8578
vn -0.8506 0.5217 -0.0660
vn 0.3203 0.2891 -0.9021
vn -0.4447 -0.3227 -0.8355
vn -0.4425 -0.3548 -0.8236
vn -0.4340 -0.3831 -0.8154
vn -0.4241 -0.4092 -0.8079
vn -0.4180 -0.4297 -0.8004
vn -0.4208 -0.4434 -0.7914
vn -0.4333 -0.4486 -0.7817
vn -0.4531 -0.4449 -0.7725
vn -0.4761 -0.4327 -0.7655
vn -0.4889 -0.4225 -0.7632
vn -0.5105 -0.4677 -0.7215
vn -0.5637 -0.3544 -0.7461
vn -0.4831 -0.3765 -0.7905
vn -0.4499 -0.3796 -0.8084
vn -0.4096 -0.3666 -0.8354
vn -0.3642 -0.3607 -0.8587
vn -0.3360 -0.3354 -0.8801
vn -0.3216 -0.2476 -0.9139
vn -0.6627 0.5043 -0.5536
vn -0.7214 0.4837 -0.4957
vn -0.7758 0.4661 -0.4252
vn -0.8285 0.4457 -0.3391
vn -0.8688 0.4105 -0.2770
vn -0.8975 0.3794 -0.2248
vn -0.9242 0.3549 -0.1414
vn -0.9449 0.3204 -0.0667
vn -0.9573 0.2881 -0.0249
vn -0.9633 0.2683 -0.0039
vn -0.9661 0.2560 0.0337
vn -0.2465 0.5048 -0.8273
vn -0.2408 0.5080 -0.8270
vn -0.2393 0.4512 -0.8598
vn -0.2013 0.5137 -0.8341
vn -0.1482 0.4936 -0.8570
vn -0.1571 0.3642 -0.9180
vn -0.1844 0.3442 -0.9206
vn -0.2279 0.1344 -0.9644
vn -0.2762 0.3214 -0.9058
vn -0.2846 0.4276 -0.8580
vn -0.3344 0.1747 -0.9261
vn -0.3774 0.0790 -0.9227
vn -0.4171 -0.0085 -0.9088
vn -0.1966 0.8281 0.5250
vn 0.5948 0.7967 -0.1074
vn -0.3736 -0.5267 -0.7635
vn -0.4662 -0.0498 -0.8833
vn -0.4437 0.3568 -0.8221
vn -0.5019 -0.1975 -0.8421
vn -0.5162 -0.2700 -0.8128
vn -0.8937 0.0451 -0.4465
vn -0.1685 0.0308 -0.9852
vn -0.5357 -0.3201 -0.7814
vn -0.5294 -0.3634 -0.7666
vn -0.5216 -0.3993 -0.7540
vn -0.5198 -0.4249 -0.7412
vn -0.5251 -0.4388 -0.7292
vn -0.5355 -0.4453 -0.7176
vn -0.5476 -0.4476 -0.7070
vn -0.5631 -0.4418 -0.6984
vn -0.5803 -0.4311 -0.6909
vn -0.5892 -0.4254 -0.6870
vn -0.5944 -0.4230 -0.6839
vn -0.5918 -0.3953 -0.7025
vn -0.5543 -0.3977 -0.7312
vn -0.5176 -0.3941 -0.7595
vn -0.4761 -0.3822 -0.7920
vn -0.4386 -0.3648 -0.8213
vn -0.4124 -0.3246 -0.8512
vn -0.3883 -0.2528 -0.8862
vn -0.3558 -0.1592 -0.9209
vn -0.3164 -0.0707 -0.9460
vn -0.2783 -0.0068 -0.9605
vn -0.2502 0.0543 -0.9667
vn -0.2257 0.1211 -0.9667
vn -0.8631 0.4237 -0.2748
vn -0.4583 0.6028 -0.6532
vn -0.5897 0.6629 -0.4614
vn -0.5398 0.5668 -0.6224
vn -0.3811 0.4395 -0.8133
vn -0.3525 0.4603 -0.8148
vn -0.3276 0.4821 -0.8126
vn -0.3023 0.4931 -0.8157
vn -0.2901 0.4319 -0.8540
vn -0.2739 0.4748 -0.8364
vn -0.2291 0.4588 -0.8585
vn -0.2361 0.3819 -0.8936
vn -0.2591 0.3678 -0.8931
vn -0.3045 0.1928 -0.9328
vn -0.3632 0.3650 -0.8572
vn -0.3663 0.4334 -0.8234
vn -0.4093 0.2113 -0.8876
vn -0.4516 0.1228 -0.8837
vn -0.4942 0.0339 -0.8687
vn -0.1383 0.8132 0.5653
vn 0.7796 0.6256 -0.0290
vn -0.4650 -0.4561 -0.7588
vn -0.5664 -0.0062 -0.8241
vn -0.5349 0.3441 -0.7717
vn -0.5973 -0.1703 -0.7837
vn -0.6104 -0.2554 -0.7498
vn -0.8237 -0.1471 -0.5475
vn -0.4581 -0.0847 -0.8849
vn -0.6339 -0.3162 -0.7058
vn -0.6321 -0.3636 -0.6843
vn -0.6315 -0.4007 -0.6638
vn -0.6375 -0.4217 -0.6448
vn -0.6455 -0.4325 -0.6295
vn -0.6559 -0.4373 -0.6153
vn -0.6672 -0.4376 -0.6027
vn -0.6815 -0.4302 -0.5921
vn -0.6946 -0.4214 -0.5831
vn -0.6995 -0.4179 -0.5797
vn -0.6943 -0.4137 -0.5890
vn -0.6747 -0.4086 -0.6147
vn -0.6419 -0.4085 -0.6489
vn -0.6008 -0.4075 -0.6878
vn -0.5559 -0.3938 -0.7321
vn -0.5150 -0.3673 -0.7745
vn -0.4821 -0.3256 -0.8134
vn -0.4518 -0.2618 -0.8528
vn -0.4148 -0.1778 -0.8924
vn -0.3683 -0.0954 -0.9248
vn -0.3236 -0.0235 -0.9459
vn -0.2892 0.0465 -0.9561
vn -0.2575 0.1137 -0.9596
vn -0.2257 0.1966 -0.9542
vn -0.1982 0.2905 -0.9361
vn -0.1814 0.3764 -0.9085
vn -0.1726 0.4797 -0.8603
vn 0.0669 0.2255 -0.9719
vn -0.1220 0.3176 -0.9403
vn -0.3136 0.4350 -0.8440
vn -0.4779 0.5533 -0.6823
vn -0.6124 0.6365 -0.4689
vn -0.7032 0.6484 -0.2918
vn -0.6433 0.5493 -0.5334
vn -0.4697 0.3862 -0.7939
vn -0.4552 0.4119 -0.7894
vn -0.4379 0.4317 -0.7886
vn -0.4170 0.4468 -0.7915
vn -0.3913 0.4600 -0.7971
vn -0.3781 0.4158 -0.8271
vn -0.3777 0.4418 -0.8137
vn -0.3440 0.4244 -0.8376
vn -0.3448 0.3890 -0.8543
vn -0.3573 0.3826 -0.8520
vn -0.4027 0.2570 -0.8785
vn -0.4618 0.4004 -0.7915
vn -0.4546 0.4198 -0.7855
vn -0.4940 0.2460 -0.8339
vn -0.5413 0.1663 -0.8242
vn -0.5904 0.0837 -0.8027
vn -0.2549 0.7179 0.6478
vn 0.7353 0.6771 -0.0289
vn -0.5831 -0.3669 -0.7248
vn -0.6734 0.0390 -0.7382
vn -0.6381 0.3272 -0.6970
vn -0.6992 -0.1425 -0.7006
vn -0.7051 -0.2427 -0.6663
vn -0.7545 -0.3314 -0.5665
vn -0.7291 0.0147 -0.6842
vn -0.7327 -0.3022 -0.6098
vn -0.7309 -0.3504 -0.5856
vn -0.7323 -0.3859 -0.5611
vn -0.7390 -0.4043 -0.5389
vn -0.7490 -0.4122 -0.5187
vn -0.7604 -0.4154 -0.4993
vn -0.7732 -0.4125 -0.4817
vn -0.7851 -0.4046 -0.4690
vn -0.7925 -0.4000 -0.4603
vn -0.7928 -0.4016 -0.4585
vn -0.7835 -0.4068 -0.4697
vn -0.7639 -0.4093 -0.4989
vn -0.7338 -0.4125 -0.5398
vn -0.6932 -0.4156 -0.5888
vn -0.6466 -0.4038 -0.6471
vn -0.5991 -0.3754 -0.7073
vn -0.5561 -0.3328 -0.7616
vn -0.5184 -0.2734 -0.8103
vn -0.4747 -0.2020 -0.8567
vn -0.4172 -0.1291 -0.8996
vn -0.3608 -0.0482 -0.9314
vn -0.3117 0.0260 -0.9498
vn -0.2682 0.0965 -0.9585
vn -0.2279 0.1834 -0.9562
vn -0.1866 0.2809 -0.9414
vn -0.1531 0.3760 -0.9139
vn -0.1381 0.4930 -0.8590
vn -0.1249 0.6365 -0.7611
vn -0.1304 0.7831 -0.6081
vn -0.1412 0.8989 -0.4148
vn 0.0644 0.1938 -0.9789
vn -0.0226 0.2305 -0.9728
vn -0.1265 0.2787 -0.9520
vn -0.2407 0.3303 -0.9127
vn -0.3617 0.3984 -0.8429
vn -0.4785 0.4869 -0.7307
vn -0.5677 0.5688 -0.5952
vn -0.6482 0.6610 -0.3780
vn -0.7099 0.6772 -0.1934
vn -0.6970 0.5581 -0.4503
vn -0.5512 0.3544 -0.7553
vn -0.5411 0.3688 -0.7558
vn -0.5351 0.3855 -0.7517
vn -0.5202 0.4023 -0.7534
vn -0.5069 0.4146 -0.7558
vn -0.4924 0.4228 -0.7608
vn -0.4849 0.4030 -0.7762
vn -0.4852 0.4059 -0.7745
vn -0.4660 0.3893 -0.7945
vn -0.4601 0.3764 -0.8041
vn -0.4694 0.3893 -0.7926
vn -0.5109 0.3192 -0.7982
vn -0.5646 0.4187 -0.7113
vn -0.5604 0.3963 -0.7273
vn -0.6002 0.2803 -0.7491
vn -0.6498 0.2074 -0.7313
vn -0.6804 0.1132 -0.7240
vn -0.3970 0.7042 0.5887
vn 0.0119 0.9932 0.1158
vn -0.7104 -0.2712 -0.6494
vn -0.7769 0.0747 -0.6251
vn -0.7404 0.3058 -0.5986
vn -0.7903 -0.1200 -0.6009
vn -0.7665 -0.2700 -0.5827
vn -0.7924 -0.2346 -0.5631
vn -0.7292 -0.1770 -0.6610
vn -0.7767 -0.2394 -0.5826
vn -0.8030 -0.3337 -0.4938
vn -0.8051 -0.3618 -0.4700
vn -0.8144 -0.3720 -0.4455
vn -0.8270 -0.3748 -0.4189
vn -0.8397 -0.3766 -0.3913
vn -0.8518 -0.3741 -0.3666
vn -0.8616 -0.3696 -0.3478
vn -0.8673 -0.3685 -0.3345
vn -0.8672 -0.3743 -0.3284
vn -0.8588 -0.3870 -0.3358
vn -0.8461 -0.3923 -0.3609
vn -0.8233 -0.4010 -0.4017
vn -0.7912 -0.4082 -0.4553
vn -0.7522 -0.4005 -0.5232
vn -0.7070 -0.3742 -0.6001
vn -0.6568 -0.3346 -0.6758
vn -0.6009 -0.2879 -0.7457
vn -0.5339 -0.2409 -0.8105
vn -0.4591 -0.1764 -0.8707
vn -0.3840 -0.0918 -0.9188
vn -0.3165 -0.0110 -0.9485
vn -0.2627 0.0690 -0.9624
vn -0.2183 0.1621 -0.9623
vn -0.1711 0.2607 -0.9501
vn -0.1327 0.3767 -0.9168
vn -0.1115 0.5073 -0.8545
vn -0.0920 0.6632 -0.7428
vn -0.0777 0.8249 -0.5599
vn -0.0953 0.9389 -0.3308
vn -0.1074 0.9924 -0.0594
vn 0.1978 0.1225 -0.9726
vn 0.1252 0.1534 -0.9802
vn 0.0358 0.1959 -0.9800
vn -0.0601 0.2409 -0.9687
vn -0.1597 0.2815 -0.9462
vn -0.2701 0.3231 -0.9070
vn -0.3894 0.3667 -0.8449
vn -0.5096 0.4052 -0.7590
vn -0.6238 0.4365 -0.6484
vn -0.7447 0.4801 -0.4635
vn -0.7599 0.4603 -0.4589
vn -0.6957 0.5949 -0.4025
vn -0.6617 0.7260 -0.1873
vn -0.6933 0.6517 -0.3076
vn -0.6316 0.3766 -0.6777
vn -0.5987 0.3308 -0.7294
vn -0.6131 0.3578 -0.7043
vn -0.6071 0.3566 -0.7101
vn -0.5955 0.3723 -0.7118
vn -0.5862 0.3865 -0.7121
vn -0.5788 0.3916 -0.7153
vn -0.5735 0.3847 -0.7233
vn -0.5716 0.3756 -0.7295
vn -0.5679 0.3596 -0.7403
vn -0.5692 0.3595 -0.7395
vn -0.5775 0.3875 -0.7186
vn -0.6104 0.3730 -0.6987
vn -0.6481 0.4219 -0.6339
vn -0.6561 0.3822 -0.6507
vn -0.6985 0.3121 -0.6439
vn -0.7400 0.2275 -0.6330
vn -0.7425 0.0961 -0.6629
vn -0.5327 0.7884 -0.3078
vn -0.2879 0.9551 0.0693
vn -0.8200 -0.1840 -0.5420
vn -0.8616 0.0931 -0.4990
vn -0.8234 0.2791 -0.4941
vn -0.8598 -0.1077 -0.4991
vn -0.8384 -0.2721 -0.4724
vn -0.8560 -0.3690 -0.3622
vn -0.7882 -0.2855 -0.5452
vn -0.8535 -0.0654 -0.5170
vn -0.8541 -0.3164 -0.4129
vn -0.8576 -0.3322 -0.3927
vn -0.8679 -0.3314 -0.3699
vn -0.8800 -0.3287 -0.3428
vn -0.8922 -0.3274 -0.3111
vn -0.9044 -0.3242 -0.2773
vn -0.9150 -0.3204 -0.2451
vn -0.9204 -0.3234 -0.2196
vn -0.9194 -0.3357 -0.2050
vn -0.9162 -0.3465 -0.2011
vn -0.9119 -0.3513 -0.2122
vn -0.9009 -0.3611 -0.2407
vn -0.8826 -0.3709 -0.2889
vn -0.8597 -0.3659 -0.3565
vn -0.8308 -0.3437 -0.4378
vn -0.7894 -0.3148 -0.5270
vn -0.7227 -0.2988 -0.6232
vn -0.6138 -0.3007 -0.7300
vn -0.4826 -0.2565 -0.8374
vn -0.3697 -0.1630 -0.9147
vn -0.3014 -0.0537 -0.9520
vn -0.2588 0.0432 -0.9650
vn -0.2196 0.1404 -0.9654
vn -0.1744 0.2433 -0.9541
vn -0.1393 0.3821 -0.9136
vn -0.1139 0.5240 -0.8440
vn -0.0919 0.6905 -0.7175
vn -0.0605 0.8546 -0.5158
vn -0.0378 0.9604 -0.2759
vn 0.3157 0.0703 -0.9462
vn 0.2443 0.1029 -0.9642
vn 0.1790 0.1336 -0.9747
vn 0.1054 0.1671 -0.9803
vn 0.0221 0.2032 -0.9789
vn -0.0726 0.2424 -0.9675
vn -0.1779 0.2858 -0.9416
vn -0.2876 0.3288 -0.8995
vn -0.3986 0.3678 -0.8402
vn -0.5106 0.4034 -0.7593
vn -0.6188 0.4346 -0.6544
vn -0.7159 0.4575 -0.5274
vn -0.7964 0.4708 -0.3797
vn -0.8494 0.5017 -0.1635
vn -0.9078 0.3904 -0.1531
vn -0.8753 0.2679 -0.4025
vn -0.7571 0.5545 -0.3454
vn -0.6458 0.7404 -0.1864
vn -0.6954 0.5374 -0.4771
vn -0.6613 0.2926 -0.6907
vn -0.6658 0.3353 -0.6666
vn -0.6652 0.3415 -0.6640
vn -0.6658 0.3340 -0.6672
vn -0.6611 0.3447 -0.6664
vn -0.6560 0.3608 -0.6629
vn -0.6543 0.3646 -0.6625
vn -0.6522 0.3593 -0.6674
vn -0.6516 0.3512 -0.6723
vn -0.6570 0.3388 -0.6735
vn -0.6648 0.3443 -0.6630
vn -0.6731 0.3796 -0.6346
vn -0.6910 0.4019 -0.6008
vn -0.7131 0.4190 -0.5621
vn -0.7379 0.3879 -0.5523
vn -0.7782 0.3373 -0.5298
vn -0.8131 0.2221 -0.5380
vn -0.7996 0.0345 -0.5995
vn -0.6107 0.6800 -0.4057
vn -0.4321 0.9004 -0.0501
vn -0.9017 -0.1263 -0.4134
vn -0.9198 0.0901 -0.3819
vn -0.8844 0.2397 -0.4004
vn -0.9071 -0.1033 -0.4081
vn -0.9060 -0.1998 -0.3731
vn -0.8460 -0.4495 -0.2869
vn -0.8922 -0.2357 -0.3854
vn -0.9095 -0.0334 -0.4144
vn -0.8941 -0.2939 -0.3380
vn -0.9003 -0.2981 -0.3170
vn -0.9091 -0.2910 -0.2980
vn -0.9193 -0.2806 -0.2759
vn -0.9307 -0.2706 -0.2461
vn -0.9417 -0.2631 -0.2098
vn -0.9489 -0.2641 -0.1730
vn -0.9518 -0.2732 -0.1395
vn -0.9533 -0.2817 -0.1085
vn -0.9546 -0.2852 -0.0857
vn -0.9542 -0.2889 -0.0772
vn -0.9509 -0.2975 -0.0850
vn -0.9456 -0.3044 -0.1151
vn -0.9428 -0.2886 -0.1670
vn -0.9369 -0.2603 -0.2333
vn -0.9213 -0.2392 -0.3066
vn 0.3274 0.0673 -0.9425
vn 0.2812 0.0891 -0.9555
vn 0.2268 0.1144 -0.9672
vn 0.1613 0.1438 -0.9764
vn 0.0852 0.1785 -0.9802
vn 0.0015 0.2144 -0.9767
vn -0.0912 0.2527 -0.9632
vn -0.1915 0.2918 -0.9371
vn -0.2976 0.3310 -0.8955
vn -0.4061 0.3688 -0.8361
vn -0.5117 0.4028 -0.7588
vn -0.6109 0.4306 -0.6644
vn -0.7002 0.4517 -0.5529
vn -0.7756 0.4654 -0.4265
vn -0.8322 0.4707 -0.2930
vn -0.8680 0.4691 -0.1625
vn -0.8817 0.4700 -0.0425
vn -0.8678 0.4956 0.0369
vn -0.9377 0.2614 -0.2290
vn -0.9055 0.1197 -0.4072
vn -0.8070 0.4686 -0.3595
vn -0.6596 0.7057 -0.2586
vn -0.7119 0.4483 -0.5406
vn -0.7055 0.2659 -0.6570
vn -0.7002 0.3229 -0.6368
vn -0.7027 0.3331 -0.6287
vn -0.7152 0.3231 -0.6197
vn -0.7202 0.3224 -0.6144
vn -0.7194 0.3384 -0.6066
vn -0.7222 0.3420 -0.6012
vn -0.7268 0.3331 -0.6007
vn -0.7312 0.3271 -0.5986
vn -0.7392 0.3200 -0.5926
vn -0.7494 0.3290 -0.5746
vn -0.7570 0.3674 -0.5403
vn -0.7652 0.4029 -0.5021
vn -0.7815 0.4183 -0.4629
vn -0.8095 0.3973 -0.4323
vn -0.8442 0.3505 -0.4055
vn -0.8826 0.2095 -0.4208
vn -0.8565 -0.0586 -0.5128
vn -0.7189 0.6161 -0.3219
vn -0.5597 0.8231 -0.0957
vn -0.9494 -0.1080 -0.2950
vn -0.9591 0.0691 -0.2746
vn -0.9323 0.1751 -0.3166
vn -0.9365 -0.1123 -0.3323
vn -0.9314 -0.1660 -0.3240
vn -0.8762 -0.4155 -0.2442
vn -0.9565 -0.1637 -0.2413
vn -0.9498 -0.0921 -0.2990
vn -0.9312 -0.2603 -0.2551
vn -0.9358 -0.2626 -0.2352
vn -0.9427 -0.2514 -0.2192
vn -0.9517 -0.2318 -0.2012
vn -0.9600 -0.2155 -0.1787
vn -0.9662 -0.2079 -0.1525
vn -0.9702 -0.2098 -0.1214
vn -0.9733 -0.2131 -0.0849
vn -0.9728 -0.2255 -0.0530
vn -0.9717 -0.2345 -0.0299
vn -0.9709 -0.2394 -0.0113
vn -0.9693 -0.2459 0.0019
vn -0.9723 -0.2338 0.0045
vn -0.9815 -0.1911 -0.0101
vn 0.3810 0.0404 -0.9237
vn 0.4329 0.0186 -0.9013
vn 0.4273 0.0218 -0.9039
vn 0.3556 0.0553 -0.9330
vn 0.3159 0.0752 -0.9458
vn 0.2623 0.1009 -0.9597
vn 0.2024 0.1290 -0.9708
vn 0.1369 0.1579 -0.9779
vn 0.0627 0.1899 -0.9798
vn -0.0210 0.2254 -0.9740
vn -0.1128 0.2631 -0.9582
vn -0.2105 0.3004 -0.9303
vn -0.3126 0.3373 -0.8880
vn -0.4160 0.3719 -0.8298
vn -0.5173 0.4028 -0.7551
vn -0.6126 0.4287 -0.6641
vn -0.6974 0.4474 -0.5599
vn -0.7694 0.4591 -0.4442
vn -0.8262 0.4634 -0.3204
vn -0.8660 0.4607 -0.1947
vn -0.8887 0.4519 -0.0776
vn -0.8978 0.4401 0.0179
vn -0.8991 0.4303 0.0806
vn -0.8925 0.4390 0.1031
vn -0.9096 0.4155 0.0019
vn -0.9312 0.1642 -0.3255
vn -0.8640 0.0184 -0.5031
vn -0.8097 0.3760 -0.4506
vn -0.6683 0.6422 -0.3753
vn -0.7026 0.4246 -0.5710
vn -0.7168 0.2556 -0.6488
vn -0.7214 0.3224 -0.6129
vn -0.7384 0.3416 -0.5815
vn -0.7619 0.3235 -0.5612
vn -0.7734 0.3048 -0.5559
vn -0.7778 0.3185 -0.5419
vn -0.7819 0.3230 -0.5332
vn -0.7904 0.3139 -0.5260
vn -0.7992 0.3060 -0.5174
vn -0.8087 0.3017 -0.5050
vn -0.8189 0.3132 -0.4809
vn -0.8260 0.3521 -0.4402
vn -0.8311 0.3926 -0.3939
vn -0.8414 0.4161 -0.3447
vn -0.8627 0.4013 -0.3076
vn -0.8916 0.3599 -0.2748
vn -0.9329 0.2025 -0.2978
vn -0.9090 -0.1213 -0.3987
vn -0.8147 0.5607 -0.1478
vn -0.6935 0.7180 -0.0590
vn -0.9749 -0.0942 -0.2018
vn -0.9848 0.0392 -0.1693
vn -0.9704 0.0825 -0.2268
vn -0.9621 -0.1239 -0.2430
vn -0.9581 -0.1632 -0.2355
vn -0.9358 -0.3067 -0.1737
vn -0.9807 -0.1413 -0.1354
vn -0.9702 -0.1547 -0.1865
vn -0.9589 -0.2279 -0.1693
vn -0.9625 -0.2259 -0.1501
vn -0.9695 -0.2069 -0.1312
vn -0.9762 -0.1847 -0.1137
vn -0.9810 -0.1678 -0.0974
vn -0.9834 -0.1619 -0.0825
vn -0.9837 -0.1652 -0.0711
vn -0.9816 -0.1815 -0.0596
vn -0.9776 -0.2056 -0.0450
vn -0.9770 -0.2116 -0.0263
vn -0.9778 -0.2097 -0.0027
vn -0.9800 -0.1971 0.0264
vn -0.9859 -0.1587 0.0536
vn 0.2504 0.1035 -0.9626
vn 0.1852 0.1426 -0.9723
vn 0.1102 0.1752 -0.9783
vn 0.0346 0.2059 -0.9780
vn -0.0466 0.2382 -0.9701
vn -0.1356 0.2730 -0.9524
vn -0.2312 0.3092 -0.9225
vn -0.3305 0.3446 -0.8787
vn -0.4301 0.3771 -0.8202
vn -0.5272 0.4055 -0.7467
vn -0.6185 0.4291 -0.6583
vn -0.7002 0.4457 -0.5577
vn -0.7697 0.4557 -0.4471
vn -0.8251 0.4587 -0.3298
vn -0.8655 0.4549 -0.2095
vn -0.8909 0.4452 -0.0903
vn -0.9023 0.4306 0.0203
vn -0.9039 0.4131 0.1109
vn -0.9022 0.3964 0.1699
vn -0.9029 0.3855 0.1902
vn -0.9114 0.3780 0.1629
vn -0.9195 0.3845 0.0823
vn -0.9376 0.2918 -0.1890
vn -0.8630 0.0846 -0.4981
vn -0.7951 -0.0271 -0.6058
vn -0.8153 0.2967 -0.4972
vn -0.7024 0.5635 -0.4348
vn -0.7136 0.4161 -0.5636
vn -0.7242 0.2637 -0.6372
vn -0.7530 0.3456 -0.5600
vn -0.7834 0.3581 -0.5080
vn -0.8057 0.3249 -0.4953
vn -0.8199 0.2944 -0.4910
vn -0.8262 0.3002 -0.4768
vn -0.8305 0.3066 -0.4650
vn -0.8384 0.3004 -0.4548
vn -0.8498 0.2935 -0.4379
vn -0.8605 0.2876 -0.4205
vn -0.8712 0.3024 -0.3868
vn -0.8771 0.3381 -0.3411
vn -0.8783 0.3830 -0.2862
vn -0.8812 0.4099 -0.2357
vn -0.8936 0.4034 -0.1968
vn -0.9149 0.3693 -0.1631
vn -0.9586 0.2018 -0.2010
vn -0.9524 -0.1114 -0.2839
vn -0.8701 0.4925 -0.0177
vn -0.7994 0.6003 -0.0256
vn -0.9909 -0.0453 -0.1268
vn -0.9974 0.0064 -0.0716
vn -0.9798 -0.1793 -0.0888
vn -0.9787 -0.1920 -0.0726
vn -0.9824 -0.1794 -0.0519
vn -0.9871 -0.1572 -0.0302
vn -0.9900 -0.1403 -0.0144
vn -0.9893 -0.1449 -0.0195
vn -0.9871 -0.1558 -0.0373
vn -0.9846 -0.1666 -0.0526
vn -0.9819 -0.1809 -0.0556
vn -0.9812 -0.1882 -0.0437
vn -0.9831 -0.1815 -0.0231
vn -0.9860 -0.1664 0.0050
vn -0.9893 -0.1414 0.0369
vn 0.0066 0.2263 -0.9740
vn -0.0845 0.2590 -0.9622
vn -0.1645 0.2866 -0.9438
vn -0.2535 0.3185 -0.9134
vn -0.3482 0.3513 -0.8691
vn -0.4446 0.3825 -0.8100
vn -0.5384 0.4097 -0.7364
vn -0.6258 0.4310 -0.6501
vn -0.7043 0.4464 -0.5520
vn -0.7712 0.4550 -0.4453
vn -0.8250 0.4570 -0.3325
vn -0.8648 0.4527 -0.2173
vn -0.8907 0.4428 -0.1027
vn -0.9036 0.4282 0.0084
vn -0.9052 0.4101 0.1118
vn -0.8991 0.3898 0.1991
vn -0.8923 0.3698 0.2589
vn -0.8920 0.3539 0.2813
vn -0.9018 0.3444 0.2612
vn -0.9178 0.3433 0.1997
vn -0.9367 0.3394 0.0861
vn -0.9431 0.3063 -0.1293
vn -0.8881 0.1665 -0.4285
vn -0.8123 0.0273 -0.5826
vn -0.8043 -0.0177 -0.5940
vn -0.8476 0.2214 -0.4823
vn -0.7687 0.4654 -0.4388
vn -0.7186 0.3682 -0.5899
vn -0.7675 0.3216 -0.5546
vn -0.8163 0.3680 -0.4452
vn -0.8339 0.3569 -0.4209
vn -0.8448 0.3175 -0.4307
vn -0.8548 0.2880 -0.4318
vn -0.8624 0.2878 -0.4165
vn -0.8692 0.2926 -0.3985
vn -0.8770 0.2903 -0.3829
vn -0.8852 0.2852 -0.3675
vn -0.8953 0.2840 -0.3433
vn -0.9057 0.2980 -0.3016
vn -0.9099 0.3304 -0.2510
vn -0.9068 0.3741 -0.1944
vn -0.9028 0.4036 -0.1484
vn -0.9077 0.4065 -0.1037
vn -0.9239 0.3748 -0.0774
vn -0.9710 0.2078 -0.1186
vn -0.9897 -0.1417 -0.0203
vn -0.9936 -0.1125 0.0118
vn -0.3677 0.3551 -0.8595
vn -0.4583 0.3861 -0.8005
vn -0.5480 0.4126 -0.7276
vn -0.6325 0.4338 -0.6417
vn -0.7080 0.4483 -0.5456
vn -0.7724 0.4562 -0.4420
vn -0.8242 0.4575 -0.3337
vn -0.8630 0.4531 -0.2234
vn -0.8890 0.4435 -0.1139
vn -0.9030 0.4297 -0.0076
vn -0.9062 0.4126 0.0930
vn -0.9004 0.3933 0.1861
vn -0.8884 0.3730 0.2675
vn -0.8762 0.3530 0.3281
vn -0.8721 0.3360 0.3558
vn -0.8819 0.3247 0.3418
vn -0.9037 0.3203 0.2841
vn -0.9290 0.3205 0.1852
vn -0.9465 0.3197 0.0435
vn -0.9419 0.2980 -0.1548
vn -0.8966 0.2155 -0.3869
vn -0.8313 0.0990 -0.5470
vn -0.8045 0.0230 -0.5935
vn -0.8317 0.0207 -0.5549
vn -0.8755 0.1747 -0.4505
vn -0.8409 0.3293 -0.4296
vn -0.8299 0.3324 -0.4481
vn -0.8665 0.3575 -0.3483
vn -0.8725 0.3505 -0.3405
vn -0.8707 0.3314 -0.3634
vn -0.8677 0.3035 -0.3936
vn -0.8707 0.2890 -0.3979
vn -0.8776 0.2931 -0.3794
vn -0.8859 0.2943 -0.3586
vn -0.8950 0.2905 -0.3386
vn -0.9058 0.2864 -0.3121
vn -0.9182 0.2903 -0.2694
vn -0.9269 0.3000 -0.2255
vn -0.9286 0.3284 -0.1729
vn -0.9232 0.3654 -0.1192
vn -0.6368 0.4342 -0.6371
vn -0.7099 0.4490 -0.5427
vn -0.7724 0.4577 -0.4403
vn -0.8230 0.4592 -0.3344
vn -0.8608 0.4548 -0.2285
vn -0.8866 0.4456 -0.1242
vn -0.9012 0.4327 -0.0235
vn -0.9060 0.4171 0.0721
vn -0.9025 0.3995 0.1611
vn -0.8923 0.3810 0.2422
vn -0.8776 0.3624 0.3139
vn -0.8618 0.3448 0.3720
vn -0.8523 0.3293 0.4063
vn -0.8579 0.3176 0.4040
vn -0.8809 0.3115 0.3563
vn -0.9132 0.3103 0.2642
vn -0.9408 0.3109 0.1349
vn -0.9515 0.3067 -0.0241
vn -0.9356 0.2869 -0.2058
vn -0.8915 0.2371 -0.3860
vn -0.8406 0.1589 -0.5178
vn -0.8125 0.0821 -0.5772
vn -0.8217 0.0481 -0.5679
vn -0.8695 0.0770 -0.4879
vn -0.9132 0.1681 -0.3713
vn -0.9203 0.2471 -0.3032
vn -0.9160 0.2988 -0.2678
vn -0.9055 0.3187 -0.2801
vn -0.8915 0.3146 -0.3259
vn -0.8759 0.3033 -0.3753
vn -0.8650 0.2952 -0.4058
vn -0.8646 0.3019 -0.4017
vn -0.8707 0.3145 -0.3781
vn -0.8805 0.3190 -0.3508
vn -0.8955 0.3164 -0.3128
vn -0.9103 0.3122 -0.2719
vn -0.9200 0.3129 -0.2359
vn -0.8199 0.4597 -0.3413
vn -0.8577 0.4577 -0.2343
vn -0.8842 0.4483 -0.1315
vn -0.8995 0.4355 -0.0353
vn -0.9056 0.4205 0.0549
vn -0.9040 0.4043 0.1388
vn -0.8963 0.3876 0.2155
vn -0.8840 0.3711 0.2844
vn -0.8688 0.3554 0.3448
vn -0.8528 0.3412 0.3955
vn -0.8397 0.3289 0.4321
vn -0.8374 0.3192 0.4438
vn -0.8539 0.3124 0.4161
vn -0.8883 0.3089 0.3399
vn -0.9261 0.3074 0.2189
vn -0.9500 0.3048 0.0677
vn -0.9500 0.2964 -0.0980
vn -0.9242 0.2764 -0.2635
vn -0.8804 0.2418 -0.4080
vn -0.8394 0.1966 -0.5067
vn -0.8195 0.1434 -0.5549
vn -0.8243 0.0940 -0.5583
vn -0.8600 0.0910 -0.5021
vn -0.9075 0.1359 -0.3975
vn -0.9316 0.1909 -0.3094
vn -0.9312 0.2424 -0.2724
vn -0.9169 0.2769 -0.2875
vn -0.8933 0.2896 -0.3438
vn -0.8678 0.2921 -0.4020
vn -0.8497 0.2938 -0.4378
vn -0.8456 0.3051 -0.4380
vn -0.8494 0.3233 -0.4172
vn -0.8568 0.3428 -0.3853
vn -0.8968 0.4406 -0.0409
vn -0.9049 0.4228 0.0489
vn -0.9048 0.4066 0.1267
vn -0.8991 0.3900 0.1989
vn -0.8892 0.3739 0.2636
vn -0.8764 0.3593 0.3207
vn -0.8620 0.3465 0.3699
vn -0.8476 0.3358 0.4108
vn -0.8349 0.3278 0.4422
vn -0.8272 0.3221 0.4604
vn -0.8321 0.3179 0.4544
vn -0.8573 0.3143 0.4077
vn -0.8990 0.3103 0.3090
vn -0.9380 0.3050 0.1648
vn -0.9548 0.2971 -0.0018
vn -0.9439 0.2844 -0.1676
vn -0.9107 0.2647 -0.3170
vn -0.8681 0.2385 -0.4353
vn -0.8337 0.2113 -0.5102
vn -0.8194 0.1861 -0.5421
vn -0.8261 0.1557 -0.5416
vn -0.8537 0.1311 -0.5040
vn -0.8923 0.1458 -0.4273
vn -0.9141 0.1819 -0.3625
vn -0.9141 0.2156 -0.3434
vn -0.8975 0.2481 -0.3646
vn -0.8674 0.2673 -0.4197
vn -0.8362 0.2802 -0.4715
vn -0.8171 0.2931 -0.4965
vn -0.8921 0.3708 0.2583
vn -0.8803 0.3558 0.3137
vn -0.8681 0.3425 0.3594
vn -0.8553 0.3317 0.3980
vn -0.8431 0.3235 0.4296
vn -0.8328 0.3180 0.4532
vn -0.8257 0.3160 0.4673
vn -0.8241 0.3172 0.4694
vn -0.8340 0.3190 0.4502
vn -0.8638 0.3179 0.3909
vn -0.9093 0.3115 0.2758
vn -0.9472 0.3001 0.1131
vn -0.9561 0.2855 -0.0656
vn -0.9352 0.2694 -0.2297
vn -0.8967 0.2510 -0.3647
vn -0.8552 0.2317 -0.4636
vn -0.8255 0.2155 -0.5217
vn -0.8142 0.2046 -0.5434
vn -0.8192 0.1969 -0.5386
vn -0.8355 0.1878 -0.5164
vn -0.8570 0.1845 -0.4811
vn -0.8705 0.1999 -0.4498
vn -0.8658 0.2193 -0.4497
vn -0.8453 0.2367 -0.4790
vn -0.8557 0.3162 0.4097
vn -0.8462 0.3069 0.4356
vn -0.8368 0.3018 0.4568
vn -0.8287 0.2992 0.4731
vn -0.8236 0.2989 0.4819
vn -0.8233 0.3015 0.4810
vn -0.8285 0.3079 0.4678
vn -0.8418 0.3164 0.4373
vn -0.8717 0.3198 0.3712
vn -0.9176 0.3115 0.2468
vn -0.9537 0.2927 0.0688
vn -0.9549 0.2706 -0.1223
vn -0.9242 0.2514 -0.2876
vn -0.8804 0.2361 -0.4112
vn -0.8402 0.2227 -0.4945
vn -0.8129 0.2144 -0.5415
vn -0.8012 0.2133 -0.5591
vn -0.8083 0.2176 -0.5471
vn -0.8180 0.2144 -0.5337
vn -0.8139 0.2140 -0.5402
vn -0.8251 0.2687 0.4971
vn -0.8225 0.2661 0.5026
vn -0.8194 0.2704 0.5055
vn -0.8197 0.2761 0.5019
vn -0.8257 0.2836 0.4876
vn -0.8379 0.2938 0.4600
vn -0.8558 0.3071 0.4163
vn -0.8826 0.3176 0.3466
vn -0.9240 0.3113 0.2220
vn -0.9579 0.2851 0.0332
vn -0.9513 0.2536 -0.1754
vn -0.9079 0.2310 -0.3497
vn -0.8567 0.2209 -0.4662
vn -0.8184 0.2163 -0.5324
vn -0.7977 0.2120 -0.5645
vn -0.7801 0.2101 -0.5893
vn -0.8077 0.2345 0.5410
vn -0.8150 0.2351 0.5296
vn -0.8210 0.2476 0.5145
vn -0.8331 0.2614 0.4875
vn -0.8516 0.2766 0.4453
vn -0.8742 0.2933 0.3871
vn -0.8989 0.3096 0.3101
vn -0.9299 0.3115 0.1954
vn -0.9597 0.2808 0.0083
vn -0.9447 0.2342 -0.2297
vn -0.8813 0.2078 -0.4244
vn -0.8189 0.2038 -0.5365
vn -0.8284 0.2128 0.5182
vn -0.8471 0.2346 0.4769
vn -0.8706 0.2567 0.4198
vn -0.8952 0.2779 0.3484
vn -0.9185 0.2963 0.2618
vn -0.9389 0.3077 0.1543
vn -0.9583 0.2859 -0.0032
vn -0.8701 0.2069 0.4473
vn -0.8965 0.2369 0.3743
vn -0.9184 0.2646 0.2940
vn -0.1226 0.1516 -0.9808
vn -0.2152 0.1801 -0.9598
vn -0.4005 0.2375 -0.8850
vn -0.9726 0.2322 0.0112
vn -0.9057 0.3760 0.1956
vn -0.9635 0.2422 0.1142
vn -0.9123 0.3851 0.1392
vn -0.9585 0.2849 0.0088
vn -0.9478 0.3141 0.0554
vn -0.3291 0.0161 -0.9442
vn -0.9561 0.2650 0.1254
vn -0.9661 0.2555 0.0365
vn -0.9685 0.2090 0.1352
vn 0.3271 0.0241 -0.9447
vn 0.4201 0.0075 -0.9074
vn 0.3475 0.0327 -0.9371
vn 0.3147 0.0430 -0.9482
vn -0.9429 0.2980 0.1489
vn -0.2425 0.0528 -0.9687
vn -0.0748 0.1642 -0.9836
vn 0.0934 0.1378 -0.9860
vn -0.9221 0.3471 0.1708
vn -0.9569 0.2504 0.1469
vn -0.9634 0.2341 0.1304
vn -0.9823 0.1762 0.0643
vn -0.9275 0.3423 0.1502
vn 0.2972 0.0033 -0.9548
vn 0.2923 0.0371 -0.9556
vn 0.2479 0.0458 -0.9677
vn 0.1243 0.0813 -0.9889
vn -0.9484 0.2887 0.1310
vn -0.9651 0.2489 0.0815
vn -0.0511 0.1048 -0.9932
vn -0.4321 -0.0145 -0.9017
vn -0.2036 0.2868 -0.9361
vn 0.0249 0.1413 -0.9897
vn -0.0095 0.1133 -0.9935
vn -0.8842 0.3181 -0.3419
vn -0.6756 0.2706 -0.6858
vn -0.8326 0.3145 -0.4559
vn -0.9565 0.2788 -0.0859
vn -0.9781 0.2076 0.0136
vn 0.0261 0.1173 -0.9928
vn 0.1912 0.1388 -0.9717
vn 0.2286 0.0918 -0.9692
vn 0.3974 0.0136 -0.9175
vn -0.9414 0.3140 0.1231
vn -0.9557 0.2877 -0.0615
vn -0.9554 0.2906 0.0522
vn -0.9771 0.2037 -0.0613
vn -0.9810 0.1933 0.0154
vn -0.9516 0.2426 -0.1885
vn 0.0775 0.1311 -0.9883
vn -0.0927 0.1344 -0.9866
vn -0.0995 0.1804 -0.9785
vn -0.9374 0.2926 0.1888
vn -0.8161 0.2770 -0.5071
vn -0.7032 0.2745 -0.6559
vn -0.8762 0.2638 -0.4033
vn 0.3867 0.0278 -0.9218
vn 0.3548 0.0198 -0.9347
vn 0.2675 0.0533 -0.9621
vn 0.1628 0.0813 -0.9833
vn 0.3275 0.0342 -0.9442
vn 0.1629 0.0962 -0.9819
vn -0.9831 0.1605 0.0876
vn -0.9728 0.2066 0.1045
vn -0.9657 0.2442 0.0880
vn 0.1988 0.0638 -0.9780
vn -0.9708 0.2279 -0.0751
vn 0.4409 0.0248 -0.8972
vn -0.9592 0.2679 0.0900
vn -0.9453 0.3054 0.1148
vn 0.3705 0.0074 -0.9288
vn 0.2285 0.0551 -0.9720
vn -0.8602 0.2753 -0.4292
vn -0.5505 0.2489 -0.7968
vn -0.6486 0.2251 -0.7271
vn 0.0373 0.1151 -0.9927
vn 0.4078 0.0059 -0.9131
vn -0.9669 0.1767 -0.1839
vn -0.9735 0.2097 -0.0912
vn -0.9733 0.1946 -0.1221
vn -0.7151 0.2304 -0.6600
vn -0.6165 0.2103 -0.7587
vn 0.2229 0.0662 -0.9726
vn 0.2523 0.1434 -0.9570
vn -0.8262 0.2265 -0.5158
vn -0.1158 0.2170 -0.9693
vn 0.0342 0.0841 -0.9959
vn -0.3321 0.1261 -0.9348
vn -0.3774 -0.0459 -0.9249
vn -0.9402 0.3407 -0.0016
vn -0.9341 0.3461 0.0874
vn -0.9321 0.3615 -0.0205
vn 0.2520 0.0016 -0.9677
vn -0.2882 0.2620 -0.9210
vn -0.1493 0.3541 -0.9232
vn -0.3082 0.1848 -0.9332
vn 0.4226 0.0135 -0.9062
vn 0.0868 0.4410 -0.8933
vn -0.1547 0.2263 -0.9617
vn -0.0353 0.0617 -0.9975
vn -0.9419 0.2977 -0.1554
vn -0.9203 0.2917 -0.2606
vn 0.4240 0.0224 -0.9054
vn 0.4375 0.0110 -0.8991
vn 0.3917 0.0334 -0.9195
vn 0.2106 0.0714 -0.9750
vn 0.3000 0.0461 -0.9528
vn 0.0180 0.2741 -0.9615
vn 0.4000 0.0058 -0.9165
vn 0.3415 0.0286 -0.9394
vn -0.9780 0.1977 0.0670
vn -0.9327 0.3396 0.1217
vn -0.9458 0.3197 0.0569
vn 0.0834 0.0901 -0.9924
vn 0.2343 0.0801 -0.9689
vn 0.3397 0.0444 -0.9395
vn 0.3387 0.0672 -0.9385
vn 0.4360 0.0460 -0.8988
vn 0.1353 0.1373 -0.9812
vn 0.2319 0.0954 -0.9681
vn 0.1774 0.0873 -0.9803
vn 0.0092 0.1432 -0.9896
vn 0.1068 0.1047 -0.9888
vn 0.3477 0.0263 -0.9372
vn -0.0506 0.1624 -0.9854
vn 0.3211 0.0426 -0.9461
vn -0.3747 0.2234 -0.8998
vn -0.4798 0.2470 -0.8419
vn -0.2560 0.1950 -0.9468
vn -0.7914 0.3073 -0.5285
vn -0.5104 0.2662 -0.8177
vn 0.2775 0.1326 -0.9515
vn -0.8876 0.2180 -0.4059
vn -0.9888 0.1300 0.0736
vn 0.4231 0.0020 -0.9061
vn 0.0323 0.1402 -0.9896
vn -0.9309 0.2430 -0.2727
vn 0.2587 0.0845 -0.9623
vn -0.2247 0.1745 -0.9587
vn 0.0359 0.1114 -0.9931
vn -0.1564 0.1414 -0.9775
vn -0.9144 0.2754 -0.2966
vn -0.8878 0.2852 -0.3612
vn 0.1317 0.1605 -0.9782
vn -0.3903 0.0458 -0.9195
vn -0.9363 0.3272 0.1272
vn -0.9417 0.3317 0.0559
vn -0.6100 0.2443 -0.7538
vn -0.4765 0.2388 -0.8461
vn -0.3171 0.2069 -0.9255
vn -0.4851 0.2183 -0.8468
vn -0.9220 0.2536 -0.2927
vn -0.7224 0.2668 -0.6379
vn 0.1069 0.0921 -0.9900
vn 0.1813 0.0666 -0.9812
vn -0.9578 0.2827 -0.0509
vn -0.0047 0.1100 -0.9939
vn -0.8176 0.2934 -0.4955
vn -0.8366 0.3037 -0.4560
vn 0.1273 0.0722 -0.9892
vn -0.9431 0.3323 -0.0143
vn -0.9560 0.2929 -0.0164
vn -0.9629 0.2646 0.0527
vn -0.9691 0.2467 -0.0055
vn -0.1746 0.1896 -0.9662
vn -0.3729 0.2271 -0.8997
vn 0.1902 0.0515 -0.9804
vn -0.1837 0.1778 -0.9668
vn 0.0263 0.1283 -0.9914
vn -0.9118 0.3677 -0.1827
vn -0.9544 0.2790 0.1060
vn 0.2616 0.0584 -0.9634
vn 0.2140 0.0823 -0.9734
vn 0.3987 0.0256 -0.9167
vn -0.9418 0.2856 -0.1773
vn 0.2498 0.0829 -0.9647
vn -0.4987 0.2517 -0.8294
vn -0.4871 0.2508 -0.8366
vn -0.6365 0.2846 -0.7168
vn 0.0274 0.1215 -0.9922
vn 0.0392 0.1092 -0.9932
vn -0.0038 0.1230 -0.9924
vn -0.1226 0.1541 -0.9804
vn -0.2296 0.1883 -0.9549
vn -0.0225 0.1389 -0.9901
vn -0.9264 0.3365 0.1691
vn -0.9413 0.3281 0.0796
vn -0.2721 0.1904 -0.9432
vn 0.3354 0.0552 -0.9405
vn -0.6890 0.2833 -0.6671
vn -0.6065 0.2734 -0.7466
vn -0.7811 0.2825 -0.5569
vn -0.9308 0.3485 -0.1100
vn -0.9397 0.3416 -0.0175
vn -0.8653 0.3099 -0.3940
vn -0.8751 0.3175 -0.3653
vn -0.9228 0.3061 -0.2339
vn -0.9395 0.2919 -0.1793
vn -0.7252 0.2776 -0.6301
vn -0.7346 0.2841 -0.6161
vn -0.8187 0.3155 -0.4797
vn -0.1700 0.1665 -0.9713
vn -0.9678 0.2237 0.1152
vn -0.9191 0.3063 -0.2478
vn -0.9259 0.3278 -0.1877
vn -0.9326 0.3278 -0.1511
vn -0.8192 0.2846 -0.4979
vn -0.8796 0.2897 -0.3774
vn -0.8307 0.2798 -0.4813
vn -0.6854 0.2848 -0.6701
vn -0.8523 0.3075 -0.4232
vn -0.9342 0.3408 -0.1058
vn -0.3221 0.2070 -0.9238
vn -0.7353 0.2749 -0.6194
vn -0.9321 0.3445 -0.1118
vn -0.5386 0.2426 -0.8069
vn -0.5439 0.2625 -0.7971
vn -0.8702 0.2945 -0.3950
vn -0.7553 0.2935 -0.5859
vn -0.8356 0.3020 -0.4588
vn -0.9135 0.3286 -0.2398
vn -0.8946 0.3084 -0.3233
vn -0.8960 0.3286 -0.2987
vn -0.7991 0.2918 -0.5256
vn -0.4232 0.2143 -0.8803
vn -0.6141 0.2647 -0.7435
vn -0.5357 0.2547 -0.8051
vn -0.7331 0.2903 -0.6150
vn -0.1823 0.1852 -0.9656
vn -0.6431 0.2726 -0.7156
vn -0.5048 0.2359 -0.8304
vn -0.2500 0.1832 -0.9508
vn -0.2628 0.1983 -0.9443
vn -0.0535 0.1524 -0.9869
vn 0.0127 0.1303 -0.9914
vn -0.5283 0.2571 -0.8092
vn -0.4717 0.2477 -0.8463
vn -0.1440 0.1671 -0.9754
vn 0.0029 0.1218 -0.9925
vn -0.1882 0.1591 -0.9692
vn -0.2721 0.2039 -0.9404
vn -0.4230 0.2358 -0.8749
vn -0.6641 0.2817 -0.6926
vn -0.3496 0.3922 -0.8509
vn -0.1542 0.4274 -0.8908
vn -0.2305 0.3283 -0.9160
vn 0.3790 0.3396 -0.8608
vn 0.0953 0.3682 -0.9248
vn 0.1809 0.3346 -0.9248
vn 0.2045 0.3411 -0.9175
vn -0.0206 0.4231 -0.9059
vn -0.0847 0.3955 -0.9145
vn -0.2478 0.4074 -0.8790
vn 0.2384 0.3347 -0.9117
vn -0.2377 0.2801 -0.9301
vn -0.0505 0.3187 -0.9465
vn -0.7869 0.0990 -0.6091
vn -0.8491 0.0690 -0.5237
vn -0.8373 0.0749 -0.5415
vn 0.3579 0.1232 -0.9256
vn 0.4306 0.0714 -0.8997
vn 0.1259 0.1355 -0.9827
vn -0.2540 0.2755 -0.9271
vn -0.1475 0.2975 -0.9433
vn -0.5027 0.2304 -0.8332
vn 0.1581 0.3165 -0.9353
vn 0.1448 0.3475 -0.9264
vn -0.2531 0.2690 -0.9293
vn -0.5462 0.0676 -0.8349
vn -0.3539 0.0559 -0.9336
vn -0.6760 0.0615 -0.7343
vn -0.6318 0.1406 -0.7623
vn -0.2419 0.2232 -0.9443
vn -0.6189 0.1481 -0.7714
vn -0.2472 0.2704 -0.9305
vn -0.1751 0.2618 -0.9491
vn -0.5741 0.1786 -0.7991
vn -0.7327 0.1160 -0.6706
vn -0.4813 0.2171 -0.8492
vn 0.2101 0.3328 -0.9193
vn -0.7034 0.1558 -0.6935
vn -0.5787 0.1835 -0.7946
vn -0.7178 0.1279 -0.6844
vn -0.6563 0.1626 -0.7368
vn -0.4287 0.2408 -0.8708
vn -0.5641 0.2029 -0.8004
vn -0.2316 0.2289 -0.9455
vn -0.4061 0.4106 -0.8164
vn -0.4283 -0.0311 -0.9031
vn -0.8304 0.0853 -0.5506
vn -0.7976 0.1017 -0.5946
vn -0.1722 0.2932 -0.9404
vn -0.5394 0.1677 -0.8252
vn -0.1760 0.2723 -0.9460
vn -0.6857 0.1232 -0.7174
vn -0.7291 0.1094 -0.6756
vn -0.8032 0.1014 -0.5870
vn 0.1274 0.3271 -0.9364
vn 0.2963 0.0885 -0.9510
vn -0.2914 0.2506 -0.9232
vn -0.5746 0.1964 -0.7945
vn -0.3821 0.2339 -0.8940
vn -0.8183 0.0826 -0.5689
vn -0.7472 0.0944 -0.6578
vn 0.0987 0.3576 -0.9286
vn 0.0740 0.3322 -0.9403
vn -0.1862 0.2821 -0.9411
vn 0.2528 0.0781 -0.9644
vn 0.0095 0.1236 -0.9923
vn 0.3812 0.0634 -0.9223
vn -0.1012 0.2953 -0.9500
vn -0.2238 0.2611 -0.9390
vn -0.0216 0.0361 -0.9991
vn 0.0044 0.0441 -0.9990
vn -0.4570 0.1969 -0.8674
vn -0.0860 0.2905 -0.9530
vn 0.0377 0.3055 -0.9514
vn -0.6731 0.0622 -0.7369
vn -0.5222 -0.0212 -0.8526
vn -0.7599 0.0390 -0.6489
vn 0.2961 0.3495 -0.8889
vn 0.2046 0.0325 -0.9783
vn -0.0882 0.2844 -0.9546
vn -0.7013 -0.0286 -0.7123
vn -0.2991 -0.0650 -0.9520
vn -0.2157 0.2748 -0.9370
vn -0.7792 0.1291 -0.6133
vn -0.4885 0.1990 -0.8496
vn -0.6567 0.0557 -0.7521
vn -0.2110 0.2535 -0.9440
vn -0.0129 0.1837 -0.9829
vn 0.1020 0.1618 -0.9815
vn -0.1509 0.1451 -0.9778
vn 0.2424 0.0434 -0.9692
vn -0.1627 0.2733 -0.9481
vn -0.2248 0.4216 -0.8785
vn -0.0500 0.1313 -0.9901
vn -0.0754 0.0139 -0.9971
vn -0.1861 -0.0180 -0.9824
vn -0.4977 0.0365 -0.8666
vn -0.4289 -0.1704 -0.8871
vn -0.8448 0.0746 -0.5298
vn -0.8560 0.0662 -0.5127
vn -0.8505 0.0524 -0.5234
vn -0.4263 -0.0261 -0.9042
vn -0.8259 0.1036 -0.5542
vn -0.7818 0.1105 -0.6137
vn -0.7797 0.1056 -0.6171
vn -0.0623 0.0613 -0.9962
vn -0.5442 0.1986 -0.8151
vn -0.3299 0.1504 -0.9320
vn -0.6614 0.1273 -0.7392
vn -0.7179 0.1136 -0.6868
vn -0.5834 -0.1505 -0.7981
vn -0.3023 0.1486 -0.9416
vn -0.5078 0.1250 -0.8524
vn -0.3083 0.2780 -0.9098
vn 0.1215 0.0315 -0.9921
vn 0.0454 0.0483 -0.9978
vn -0.6760 0.1678 -0.7176
vn -0.7763 0.1338 -0.6160
vn -0.4624 0.1062 -0.8803
vn -0.5939 0.1110 -0.7968
vn -0.2666 0.0928 -0.9593
vn -0.8321 0.0958 -0.5463
vn -0.8595 0.0783 -0.5052
vn -0.8577 0.0872 -0.5067
vn -0.2552 0.1197 -0.9595
vn 0.1333 0.0738 -0.9883
vn 0.3108 0.1505 -0.9385
vn -0.7961 0.0707 -0.6010
vn -0.6772 0.0610 -0.7333
vn -0.7202 0.0263 -0.6932
vn 0.2577 0.0390 -0.9654
vn -0.0000 0.1194 -0.9928
vn -0.0388 0.1010 -0.9941
vn -0.3029 0.1333 -0.9437
vn -0.4208 -0.0579 -0.9053
vn -0.1881 0.1263 -0.9740
vn -0.2239 -0.0851 -0.9709
vn -0.2947 0.0019 -0.9556
vn 0.3388 0.0498 -0.9395
vn -0.7893 0.0611 -0.6110
vn -0.7794 0.0594 -0.6238
vn 0.0916 0.0592 -0.9940
vn 0.0124 0.0442 -0.9989
vn -0.7358 0.0182 -0.6770
vn -0.8596 0.0612 -0.5073
vn -0.6769 0.1386 -0.7229
vn -0.7967 0.0520 -0.6021
vn -0.8055 0.0868 -0.5862
vn -0.8388 0.0859 -0.5377
vn -0.7706 0.0976 -0.6299
vn -0.1560 0.0353 -0.9871
vn -0.5565 0.0435 -0.8297
vn -0.4206 0.0426 -0.9062
vn -0.2868 -0.0236 -0.9577
vn -0.1988 0.0987 -0.9751
vn -0.4289 0.1070 -0.8970
vn -0.7207 0.0675 -0.6899
vn -0.4660 0.0629 -0.8825
vn -0.3818 0.2312 -0.8949
vn -0.1473 0.2939 -0.9444
vn -0.5524 0.1105 -0.8262
vn -0.5006 0.1273 -0.8563
vn -0.2932 0.0773 -0.9529
vn -0.3103 0.2678 -0.9121
vn -0.5828 0.0442 -0.8114
vn -0.2890 0.2863 -0.9135
vn -0.6208 0.0419 -0.7828
vn -0.5852 0.0793 -0.8070
vn -0.7877 0.0285 -0.6154
vn -0.7319 0.0676 -0.6781
vn -0.8041 0.0206 -0.5941
vn -0.7927 0.0283 -0.6089
vn -0.8028 0.0756 -0.5914
vn -0.3883 0.0537 -0.9200
vn -0.6319 0.1005 -0.7685
vn -0.1282 0.2769 -0.9523
vn -0.3903 0.1203 -0.9128
vn -0.8001 0.0467 -0.5980
vn -0.6123 0.1745 -0.7712
vn -0.7618 0.1313 -0.6343
vn -0.7119 0.1484 -0.6865
vn -0.8228 0.0847 -0.5620
vn -0.7724 0.1327 -0.6211
vn -0.8540 0.0909 -0.5123
vn -0.8305 0.1086 -0.5463
vn -0.8298 0.0945 -0.5499
vn -0.8294 0.0631 -0.5551
vn -0.8144 0.0356 -0.5791
vn -0.3591 0.2643 -0.8951
vn -0.5546 0.1532 -0.8179
vn -0.8529 0.0673 -0.5177
vn -0.8250 0.0786 -0.5597
vn -0.8097 0.1001 -0.5782
vn -0.7500 0.1302 -0.6485
vn -0.5799 0.1185 -0.8060
vn -0.4846 0.1196 -0.8665
vn -0.3385 0.1274 -0.9323
vn -0.8318 0.0541 -0.5524
vn -0.8339 0.0932 -0.5440
vn -0.8167 0.0868 -0.5705
vn -0.5851 0.1935 -0.7875
vn -0.5251 0.1215 -0.8423
vn -0.7206 0.1094 -0.6846
vn -0.6325 0.1179 -0.7655
vn -0.8278 0.0346 -0.5599
vn -0.7524 0.1261 -0.6465
vn -0.8530 0.0943 -0.5133
vn -0.6855 0.1153 -0.7189
vn -0.8190 0.0633 -0.5703
vn -0.8479 0.0991 -0.5209
vn -0.8330 0.1193 -0.5403
vn -0.6891 0.1088 -0.7164
vn -0.6410 0.1138 -0.7591
vn -0.7349 0.1052 -0.6699
vn -0.6517 0.1127 -0.7500
vn -0.8532 0.0721 -0.5166
vn -0.8312 0.0941 -0.5480
vn -0.8503 0.0782 -0.5205
vn -0.8550 0.0849 -0.5117
vn -0.8584 0.0508 -0.5104
vn -0.5141 0.1249 -0.8486
vn -0.7785 0.1096 -0.6180
vn -0.7579 0.0910 -0.6460
vn -0.8320 0.0971 -0.5462
vn -0.8541 0.0813 -0.5137
vn -0.8206 0.1080 -0.5612
vn -0.7626 0.1210 -0.6354
vn -0.8536 0.0982 -0.5116
vn -0.8523 0.1027 -0.5129
vn -0.8250 0.1053 -0.5552
vn -0.7410 0.1328 -0.6583
vn -0.7178 0.0898 -0.6905
vn -0.7894 0.0616 -0.6108
vn -0.7625 0.0875 -0.6411
vn -0.8520 0.0669 -0.5192
vn -0.6744 0.1018 -0.7313
vn -0.7978 0.0891 -0.5962
vn -0.5690 0.1883 -0.8005
vn -0.8463 0.1245 -0.5179
vn -0.7425 0.0805 -0.6650
vn -0.7050 0.0898 -0.7035
vn -0.8037 0.0897 -0.5882
vn -0.7603 0.1005 -0.6417
vn -0.8390 0.0953 -0.5357
vn -0.4759 0.1939 -0.8579
vn -0.8507 0.1101 -0.5140
vn -0.8444 0.0861 -0.5288
vn 0.0506 -0.2829 -0.9578
vn 0.0216 -0.2609 -0.9651
vn 0.0102 -0.2827 -0.9592
vn 0.0612 -0.2898 -0.9551
vn 0.0274 -0.1909 -0.9812
vn -0.0016 -0.2356 -0.9719
vn -0.0023 -0.2473 -0.9689
vn -0.0024 -0.2519 -0.9677
vn -0.0015 -0.2380 -0.9713
vn -0.0010 -0.2005 -0.9797
vn -0.0017 -0.2403 -0.9707
vn -0.0020 -0.2010 -0.9796
vn -0.0026 -0.2564 -0.9666
vn -0.0007 -0.1999 -0.9798
vn 0.0479 -0.1735 -0.9837
vn -0.0024 -0.1773 -0.9842
vn -0.0010 -0.1775 -0.9841
vn -0.0014 -0.1788 -0.9839
vn -0.0008 -0.1752 -0.9845
vn -0.0006 -0.2026 -0.9793
vn -0.0018 -0.2466 -0.9691
vn -0.0026 -0.2610 -0.9653
vn -0.0015 -0.2458 -0.9693
vn -0.0027 -0.2658 -0.9640
vn -0.0062 -0.2459 -0.9693
vn -0.0002 -0.1975 -0.9803
vn -0.0320 -0.2953 -0.9549
vn -0.1907 -0.3687 -0.9098
vn -0.1765 -0.3239 -0.9295
vn -0.0725 -0.2878 -0.9549
vn -0.0008 -0.2010 -0.9796
vn -0.0892 -0.1925 -0.9772
vn -0.0005 -0.1722 -0.9851
vn -0.0003 -0.1675 -0.9859
vn 0.0017 -0.1576 -0.9875
vn -0.1269 -0.1546 -0.9798
vn 0.2318 0.5479 -0.8038
vn 0.2105 0.5828 -0.7849
vn 0.1630 0.5464 -0.8215
vn 0.2578 0.5950 -0.7613
vn 0.2811 0.6522 -0.7040
vn 0.1630 0.5363 -0.8282
vn 0.0873 0.4809 -0.8724
vn 0.0070 0.4252 -0.9051
vn 0.0645 0.4578 -0.8867
vn 0.0011 0.4256 -0.9049
vn 0.0013 0.4220 -0.9066
vn 0.0016 0.4197 -0.9077
vn 0.0019 0.4204 -0.9073
vn 0.1580 0.5070 -0.8473
vn 0.0033 0.3952 -0.9186
vn 0.0017 0.4199 -0.9075
vn 0.0402 0.4307 -0.9016
vn 0.2356 0.5826 -0.7779
vn 0.0015 0.4184 -0.9083
vn -0.0009 0.3916 -0.9201
vn 0.3398 0.6794 -0.6503
vn 0.2828 0.6276 -0.7253
vn 0.2304 0.5525 -0.8010
vn 0.1083 0.4704 -0.8758
vn 0.0206 0.4035 -0.9147
vn 0.0023 0.3702 -0.9289
vn -0.0094 0.3796 -0.9251
vn -0.0001 0.4025 -0.9154
vn -0.0205 0.4188 -0.9078
vn 0.0017 0.4208 -0.9072
vn 0.0012 0.4145 -0.9100
vn -0.0391 0.4448 -0.8948
vn -0.0673 0.4603 -0.8852
vn -0.1467 0.5101 -0.8475
vn -0.1502 0.5348 -0.8315
vn -0.1194 0.4811 -0.8685
vn -0.1979 0.5858 -0.7859
vn -0.2288 0.5606 -0.7958
vn -0.1821 0.5851 -0.7903
vn -0.2485 0.5761 -0.7787
vn -0.2128 0.6246 -0.7514
vn -0.2435 0.6372 -0.7312
vn -0.2518 0.6368 -0.7287
vn -0.0679 0.4403 -0.8953
vn -0.2836 0.6055 -0.7436
vn -0.1978 0.5285 -0.8256
vn -0.2874 0.6884 -0.6660
vn -0.2807 0.7080 -0.6480
vn -0.3368 0.7439 -0.5772
vn 0.0348 -0.3723 -0.9275
vn 0.0212 -0.3407 -0.9399
vn 0.0093 -0.4343 -0.9007
vn -0.0021 -0.3538 -0.9353
vn 0.0088 -0.3943 -0.9189
vn 0.0014 -0.3523 -0.9359
vn 0.0105 -0.3594 -0.9331
vn -0.0003 -0.3420 -0.9397
vn 0.0435 -0.3841 -0.9223
vn -0.0011 -0.3660 -0.9306
vn -0.0006 -0.3597 -0.9331
vn 0.0001 -0.3394 -0.9406
vn -0.0005 -0.3435 -0.9392
vn 0.0017 -0.3354 -0.9421
vn -0.0022 -0.3603 -0.9328
vn -0.0464 -0.3582 -0.9325
vn -0.1139 -0.4313 -0.8950
vn -0.1487 -0.3867 -0.9101
vn -0.0712 -0.3617 -0.9296
vn -0.0014 -0.3529 -0.9357
vn -0.1143 -0.4004 -0.9092
vn -0.2224 0.6049 0.7646
vn 0.0285 0.5239 0.8513
vn 0.1479 0.5581 0.8165
vn 0.1236 0.5402 0.8324
vn -0.2693 0.5906 0.7607
vn -0.2999 0.5719 0.7635
vn -0.2560 0.5407 0.8013
vn -0.2312 0.4982 0.8357
vn -0.0043 0.5412 0.8409
vn -0.0106 0.5428 0.8398
vn -0.0214 0.5598 0.8283
vn -0.2061 0.5629 0.8004
vn 0.2376 0.5681 0.7879
vn 0.1905 0.4932 0.8488
vn 0.1473 0.5420 0.8274
vn -0.1175 0.4951 0.8609
vn -0.0631 0.5381 0.8405
vn -0.0171 0.4974 0.8674
vn -0.0073 0.5020 0.8648
vn -0.0043 0.4740 0.8805
vn -0.0004 0.4586 0.8887
vn 0.0370 0.4802 0.8764
vn 0.0923 0.4462 0.8902
vn -0.1864 0.5661 0.8030
vn 0.2845 0.5482 0.7865
vn 0.2761 0.4979 0.8221
vn -0.1359 0.5445 0.8277
vn 0.2236 0.6259 0.7472
vn 0.1940 0.5825 0.7893
vn 0.1897 0.6180 0.7629
vn -0.0088 0.4456 0.8952
vn -0.0745 0.4499 0.8900
vn -0.0036 0.5333 0.8459
vn 0.2699 0.6107 0.7444
vn -0.0042 0.4614 0.8872
vn 0.0336 0.5307 0.8469
vn -0.0079 0.5155 0.8568
vn 0.3033 0.5885 0.7494
s 1
f 558//1 559//2 557//3
f 555//4 556//5 804//6
f 805//7 553//8 554//9
f 552//10 806//11 551//12
f 545//13 546//14 812//15
f 564//16 864//17 563//18
f 541//19 542//20 814//21
f 544//22 813//23 543//24
f 824//25 535//26 536//27
f 531//28 532//29 826//30
f 533//31 534//32 825//33
f 526//34 840//35 525//36
f 3692//37 572//38 573//39
f 3692//37 1200//40 572//38
f 842//41 521//42 522//43
f 841//44 523//45 524//46
f 860//47 515//48 516//49
f 513//50 514//51 861//52
f 862//53 511//54 512//55
f 506//56 885//57 505//58
f 887//59 501//60 502//61
f 886//62 503//63 504//64
f 495//65 496//66 914//67
f 915//68 493//69 494//70
f 916//71 491//72 492//73
f 485//74 486//75 946//76
f 947//77 483//78 484//79
f 3693//80 1280//81 580//82
f 3693//80 580//82 581//83
f 3694//84 1364//85 586//86
f 3694//84 586//86 587//87
f 3695//88 1443//89 592//90
f 592//90 593//91 3695//88
f 3696//92 640//93 641//94
f 640//93 3696//92 1717//95
f 598//96 599//97 1582//98
f 1653//99 1587//100 604//101
f 628//102 1729//103 627//104
f 1653//99 604//101 605//105
f 627//104 1729//103 1798//106
f 1658//107 610//108 1730//109
f 611//110 1730//109 610//108
f 981//111 477//112 478//113
f 982//114 475//115 476//116
f 474//117 983//118 473//119
f 470//120 1021//121 469//122
f 1023//123 465//124 466//125
f 1022//126 467//127 468//128
f 1066//129 457//130 458//131
f 1067//132 455//133 456//134
f 459//135 460//136 1065//137
f 1068//138 1114//139 452//140
f 1115//141 448//142 449//143
f 1117//144 436//145 437//146
f 1117//144 439//147 1116//148
f 427//149 1177//150 426//151
f 1180//152 417//153 1179//154
f 1181//155 413//156 1180//152
f 409//157 1181//155 1182//158
f 1183//159 405//160 1182//158
f 1183//159 1184//161 401//162
f 421//163 1178//164 1179//154
f 378//165 379//166 1119//167
f 374//168 375//169 1120//170
f 364//171 365//172 1122//173
f 370//174 371//175 1121//176
f 361//177 1123//178 360//179
f 1186//180 393//181 1185//182
f 1184//161 1185//182 397//183
f 389//184 1186//180 1187//185
f 387//186 1187//185 386//187
f 350//188 351//189 1069//190
f 340//191 341//192 1127//193
f 334//194 335//195 1199//196
f 1272//197 328//198 329//199
f 306//200 307//201 1274//202
f 304//203 305//204 1275//205
f 322//206 323//207 1351//208
f 321//209 1352//210 320//211
f 319//212 1353//213 318//214
f 1356//215 312//216 313//217
f 316//218 317//219 1354//220
f 314//221 315//222 1355//223
f 298//224 299//225 1512//226
f 1734//227 615//228 1810//229
f 295//230 296//231 297//232
f 292//233 1580//234 291//235
f 1581//236 293//237 294//238
f 1642//239 285//240 286//241
f 1705//242 277//243 278//244
f 1706//245 279//246 3686//247
f 282//248 1706//245 281//249
f 1984//250 1983//251 784//252
f 783//253 1984//250 784//252
f 2126//254 2125//255 800//256
f 2191//257 781//258 780//259
f 780//259 2192//260 2191//257
f 801//261 2126//254 800//256
f 1773//262 1849//263 269//264
f 272//265 1775//266 271//267
f 267//268 1848//269 1922//270
f 269//264 1849//263 268//271
f 1922//270 266//272 267//268
f 803//273 1988//274 1987//275
f 803//273 802//276 2058//277
f 2058//277 2059//278 803//273
f 800//256 799//279 2193//280
f 2060//281 2129//282 259//283
f 1993//284 264//285 1920//286
f 264//285 1993//284 263//287
f 262//288 1992//289 2062//290
f 262//288 2062//290 261//291
f 3705//292 678//293 2970//294
f 678//293 3705//292 677//295
f 682//296 683//297 2974//298
f 2974//298 683//297 2897//299
f 2757//300 2830//301 695//302
f 694//303 695//302 2830//301
f 2825//304 2902//305 689//306
f 688//307 689//306 2902//305
f 746//308 3116//309 745//310
f 742//311 3045//312 741//313
f 3045//312 742//311 3119//314
f 2554//315 2626//316 711//317
f 3689//318 718//319 3700//320
f 3700//320 718//319 2696//321
f 2626//316 710//322 711//317
f 701//323 2689//324 3702//325
f 701//323 3702//325 700//326
f 734//327 2903//328 733//329
f 2903//328 734//327 2978//330
f 2831//331 730//332 2906//333
f 729//334 730//332 2831//331
f 2975//335 738//336 3048//337
f 738//336 2975//335 737//338
f 705//339 706//340 2693//341
f 3703//342 725//343 726//344
f 726//344 2834//345 3703//342
f 722//346 2764//347 3701//348
f 722//346 3701//348 721//349
f 3687//350 2693//341 706//340
f 3315//351 757//352 758//353
f 3367//354 3315//351 758//353
f 753//355 754//356 3257//357
f 3318//358 3257//357 754//356
f 3448//359 763//360 764//361
f 3448//359 764//361 3449//362
f 749//363 750//364 3190//365
f 3190//365 750//364 3260//366
f 3599//367 769//368 770//369
f 3710//370 775//371 776//372
f 1//373 2//374 777//375
f 3678//376 3684//377 6//378
f 5//379 6//378 3684//377
f 3672//380 3681//381 10//382
f 9//383 10//382 3681//381
f 3663//384 3709//385 14//386
f 13//387 14//386 3709//385
f 3665//388 16//389 17//390
f 19//391 20//392 3653//393
f 3638//394 24//395 3617//396
f 24//395 3638//394 23//397
f 3653//393 20//392 3635//398
f 39//399 3514//400 3547//401
f 3547//401 38//402 39//399
f 28//403 3596//404 3620//405
f 3620//405 27//406 28//403
f 3574//407 35//408 3544//409
f 32//410 3572//411 3708//412
f 3708//412 31//413 32//410
f 3574//407 34//414 35//408
f 746//308 3193//415 3116//309
f 715//416 716//417 2558//418
f 2255//419 779//420 780//259
f 798//421 2256//422 791//423
f 787//424 2384//425 786//426
f 786//426 2384//425 2385//427
f 785//428 2320//429 778//430
f 798//421 791//423 2257//431
f 3698//432 794//433 793//434
f 794//433 2386//435 793//434
f 793//434 2385//427 3698//432
f 2258//436 251//437 252//438
f 245//439 3699//440 2454//441
f 246//442 3699//440 245//439
f 2521//443 243//444 2454//441
f 796//445 797//446 2519//447
f 797//446 2588//448 2589//449
f 797//446 2589//449 2590//450
f 241//451 2523//452 240//453
f 2595//454 237//455 238//456
f 2523//452 2593//457 240//453
f 2595//454 2665//458 236//459
f 2595//454 236//459 237//455
f 2812//460 225//461 226//462
f 223//463 3704//464 222//465
f 2888//466 215//467 216//468
f 213//469 214//470 2889//471
f 208//472 2966//473 207//474
f 206//475 2967//476 205//477
f 3232//478 3231//479 81//480
f 94//481 3235//482 93//483
f 97//484 98//485 3236//486
f 3517//487 42//488 43//489
f 3517//487 43//489 3481//490
f 3445//491 3484//492 47//493
f 3407//494 53//495 3355//496
f 53//495 3407//494 52//497
f 3707//498 50//499 3405//500
f 50//499 3707//498 3685//501
f 3484//492 46//502 47//493
f 84//503 3232//478 83//504
f 86//505 3233//506 85//507
f 3298//508 3297//509 61//510
f 3299//511 3298//508 65//512
f 3234//513 89//514 90//515
f 101//516 102//517 3237//518
f 112//519 3239//520 111//521
f 107//522 108//523 3238//524
f 68//525 3299//511 67//526
f 3358//527 58//528 59//529
f 3300//530 69//531 70//532
f 3706//533 73//534 74//535
f 59//529 3297//509 3358//527
f 203//536 2967//476 202//537
f 184//538 3183//539 183//540
f 3184//541 185//542 186//543
f 187//544 188//545 3185//546
f 117//547 118//548 3302//549
f 122//550 3303//551 121//552
f 125//553 126//554 3304//555
f 131//556 132//557 3305//558
f 140//559 3360//560 139//561
f 144//562 3361//563 143//564
f 148//565 3362//566 147//567
f 3256//568 173//569 174//570
f 182//571 3182//572 181//573
f 189//574 190//575 3186//576
f 191//577 192//578 3187//579
f 3181//580 179//581 180//582
f 193//583 194//584 3188//585
f 197//586 3189//587 196//588
f 196//588 3189//587 195//589
f 154//590 3363//591 153//592
f 172//593 3255//594 171//595
f 166//596 3314//597 165//598
f 3674//599 12//600 13//387 3709//385
f 31//413 3708//412 3598//601 30//602
f 3483//603 45//604 46//502 3484//492
f 3297//509 59//529 60//605 61//510
f 3298//508 61//510 62//606 63//607
f 3298//508 63//607 64//608 65//512
f 3299//511 65//512 66//609 67//526
f 3300//530 70//532 71//610 72//611
f 3706//533 74//535 75//612 76//613
f 3231//479 3706//533 80//614 81//480
f 3232//478 81//480 82//615 83//504
f 3233//506 86//505 87//616 88//617
f 3234//513 90//515 91//618 92//619
f 3235//482 94//481 95//620 96//621
f 3236//486 98//485 99//622 100//623
f 3237//518 102//517 103//624 104//625
f 3238//524 105//626 106//627 107//522
f 3239//520 109//628 110//629 111//521
f 3302//549 118//548 119//630 120//631
f 3303//551 122//550 123//632 124//633
f 3304//555 126//554 127//634 128//635
f 3305//558 129//636 130//637 131//556
f 3305//558 132//557 133//638 134//639
f 3360//560 140//559 141//640 142//641
f 3361//563 144//562 145//642 146//643
f 3362//566 148//565 149//644 150//645
f 3363//591 151//646 152//647 153//592
f 160//648 161//649 3364//650 3408//651
f 3254//652 168//653 169//654 170//655
f 3180//656 176//657 177//658 178//659
f 199//660 3189//587 197//586 198//661
f 199//660 200//662 3115//663 3189//587
f 200//662 201//664 3042//665 3115//663
f 2966//473 208//472 209//666 210//667
f 2811//668 227//669 228//670 2740//671
f 248//672 249//673 2387//674 3699//440
f 254//675 3697//676 2194//677 253//678
f 1775//266 272//265 273//679 274//680
f 1704//681 274//680 275//682 276//683
f 1579//684 288//685 289//686 290//687
f 1357//688 309//689 310//690 311//691
f 1351//208 323//207 324//692 325//693
f 1198//694 336//695 337//696 1128//697
f 1070//698 345//699 346//700 347//701
f 1070//698 347//701 348//702 349//703
f 1069//190 353//704 354//705 355//706
f 1124//707 355//706 356//708 357//709
f 1124//707 357//709 358//710 359//711
f 1123//178 361//177 362//712 363//713
f 1122//173 365//172 366//714 367//715
f 1122//173 367//715 368//716 369//717
f 1121//176 371//175 372//718 373//719
f 1120//170 377//720 378//165 1119//167
f 1119//167 381//721 382//722 383//723
f 1188//724 383//723 384//725 385//726
f 1187//185 387//186 388//727 389//184
f 1186//180 389//184 390//728 391//729
f 1186//180 391//729 392//730 393//181
f 1185//182 393//181 394//731 395//732
f 1185//182 395//732 396//733 397//183
f 1184//161 397//183 398//734 399//735
f 1184//161 399//735 400//736 401//162
f 1183//159 401//162 402//737 403//738
f 1183//159 403//738 404//739 405//160
f 1182//158 405//160 406//740 407//741
f 1182//158 407//741 408//742 409//157
f 1181//155 409//157 410//743 411//744
f 1181//155 411//744 412//745 413//156
f 1180//152 413//156 414//746 415//747
f 1180//152 415//747 416//748 417//153
f 1179//154 417//153 418//749 419//750
f 1179//154 419//750 420//751 421//163
f 1178//164 421//163 422//752 423//753
f 1177//150 424//754 425//755 426//151
f 1177//150 427//149 428//756 429//757
f 1118//758 429//757 430//759 431//760
f 1117//144 437//146 438//761 439//147
f 1116//148 439//147 440//762 441//763
f 1116//148 441//763 442//764 443//765
f 1116//148 443//765 444//766 445//767
f 1115//141 446//768 447//769 448//142
f 1115//141 449//143 450//770 451//771
f 1065//137 460//136 461//772 462//773
f 981//111 478//113 479//774 480//775
f 945//776 487//777 488//778 3690//779
f 913//780 497//781 498//782 888//783
f 508//784 863//785 884//786 507//787
f 824//25 536//27 537//788 538//789
f 812//15 546//14 547//790 548//791
f 889//792 864//17 564//16 565//793
f 917//794 889//792 565//793 566//795
f 949//796 917//794 566//795 567//797
f 1276//798 3692//37 573//39 574//799
f 1360//800 3693//80 581//83 582//801
f 1361//802 1360//800 582//801 583//803
f 1439//804 3694//84 587//87 588//805
f 1440//806 1439//804 588//805 589//807
f 1513//808 3695//88 593//91 594//809
f 1514//810 1513//808 594//809 595//811
f 1583//812 1582//98 599//97 600//813
f 1654//814 1653//99 605//105 606//815
f 1731//816 1730//109 611//110 612//817
f 615//228 616//818 1809//819 1810//229
f 1808//820 1809//819 616//818 617//821
f 617//821 618//822 1807//823 1808//820
f 618//822 619//824 1806//825 1807//823
f 628//102 629//826 1728//827 1729//103
f 629//826 630//828 1727//829 1728//827
f 630//828 631//830 1726//831 1727//829
f 1725//832 1726//831 631//830 632//833
f 1652//834 3696//92 641//94 642//835
f 642//835 643//836 1651//837 1652//834
f 643//836 644//838 1650//839 1651//837
f 644//838 645//840 1649//841 1650//839
f 2259//842 662//843 663//844 2323//845
f 664//846 2388//847 2323//845 663//844
f 665//848 2455//849 2388//847 664//846
f 2455//849 665//848 666//850 2524//851
f 2524//851 666//850 667//852 2596//853
f 2596//853 667//852 668//854 2668//855
f 669//856 2741//857 2668//855 668//854
f 2741//857 669//856 670//858 2814//859
f 2814//859 670//858 671//860 2891//861
f 2891//861 671//860 672//862 2968//863
f 673//864 674//865 675//866 3043//867
f 673//864 3043//867 2968//863 672//862
f 676//868 3044//869 3043//867 675//866
f 677//295 3705//292 3044//869 676//868
f 682//296 2974//298 2973//870 681//871
f 2901//872 687//873 688//307 2902//305
f 2829//874 693//875 694//303 2830//301
f 700//326 3702//325 2761//876 699//877
f 705//339 2693//341 2692//878 704//879
f 710//322 2626//316 2625//880 709//881
f 2694//882 720//883 721//349 3701//348
f 2762//884 724//885 725//343 3703//342
f 2832//886 728//887 729//334 2831//331
f 2904//888 732//889 733//329 2903//328
f 763//360 3448//359 3409//890 762//891
f 3575//892 768//893 769//368 3599//367
f 3666//894 773//895 774//896 3675//897
f 775//371 3710//370 3675//897 774//896
f 793//434 2386//435 2321//898 792//899
f 2386//435 794//433 795//900 2452//901
f 2452//901 795//900 796//445 2519//447
f 794//433 3698//432 2451//902 795//900
f 802//276 801//261 2127//903 2058//277
f 2127//903 801//261 800//256 2193//280
f 2257//431 2193//280 799//279 798//421
f 3689//318 3700//320 2627//904 717//905
f 3685//501 3707//498 3447//906 49//907
f 3682//908 3//909 4//910 3683//911
f 2//374 3//909 3682//908 3710//370
f 776//372 777//375 2//374 3710//370
f 3683//911 4//910 5//379 3684//377
f 3679//912 7//913 8//914 3680//915
f 6//378 7//913 3679//912 3678//376
f 3680//915 8//914 9//383 3681//381
f 3673//916 11//917 12//600 3674//599
f 10//382 11//917 3673//916 3672//380
f 3664//918 15//919 16//389 3665//388
f 15//919 3664//918 3663//384 14//386
f 3651//920 17//390 18//921 3652//922
f 17//390 3651//920 3650//923 3665//388
f 3652//922 18//921 19//391 3653//393
f 3636//924 21//925 22//926 3637//927
f 20//392 21//925 3636//924 3635//398
f 3637//927 22//926 23//397 3638//394
f 3618//928 25//929 26//930 3619//931
f 24//395 25//929 3618//928 3617//396
f 3619//931 26//930 27//406 3620//405
f 3597//932 29//933 30//602 3598//601
f 29//933 3597//932 3596//404 28//403
f 3573//934 33//935 34//414 3574//407
f 33//935 3573//934 3572//411 32//410
f 3545//936 36//937 37//938 3546//939
f 35//408 36//937 3545//936 3544//409
f 3546//939 37//938 38//402 3547//401
f 3515//940 40//941 41//942 3516//943
f 39//399 40//941 3515//940 3514//400
f 3516//943 41//942 42//488 3517//487
f 3482//944 44//945 45//604 3483//603
f 43//489 44//945 3482//944 3481//490
f 3446//946 48//947 49//907 3447//906
f 48//947 3446//946 3445//491 47//493
f 3406//948 51//949 52//497 3407//494
f 51//949 3406//948 3405//500 50//499
f 3356//950 54//951 55//952 3357//953
f 53//495 54//951 3356//950 3355//496
f 3357//953 55//952 56//954 3358//527
f 3299//511 68//525 69//531 3300//530
f 3300//530 72//611 73//534 3706//533
f 3706//533 76//613 77//955 78//956
f 3706//533 78//956 79//957 80//614
f 3232//478 84//503 85//507 3233//506
f 3233//506 88//617 89//514 3234//513
f 3234//513 92//619 93//483 3235//482
f 3235//482 96//621 97//484 3236//486
f 3236//486 100//623 101//516 3237//518
f 3237//518 104//625 105//626 3238//524
f 3238//524 108//523 109//628 3239//520
f 3240//958 3239//520 112//519 3301//959
f 3301//959 112//519 113//960 114//961
f 3301//959 114//961 115//962 116//963
f 3301//959 116//963 117//547 3302//549
f 3302//549 120//631 121//552 3303//551
f 3303//551 124//633 125//553 3304//555
f 3304//555 128//635 129//636 3305//558
f 3306//964 3305//558 134//639 3359//965
f 3359//965 134//639 135//966 136//967
f 3359//965 136//967 137//968 138//969
f 3359//965 138//969 139//561 3360//560
f 3360//560 142//641 143//564 3361//563
f 3361//563 146//643 147//567 3362//566
f 3362//566 150//645 151//646 3363//591
f 3363//591 154//590 3408//651 3364//650
f 3408//651 154//590 155//970 156//971
f 3408//651 156//971 157//972 158//973
f 3408//651 158//973 159//974 160//648
f 161//649 162//975 3365//976 3364//650
f 3365//976 162//975 163//977 164//978
f 3313//979 164//978 165//598 3314//597
f 3365//976 164//978 3313//979 3312//980
f 3314//597 166//596 167//981 168//653
f 168//653 3254//652 3253//982 3314//597
f 3254//652 170//655 171//595 3255//594
f 3255//594 172//593 173//569 3256//568
f 3256//568 174//570 175//983 176//657
f 176//657 3180//656 3179//984 3256//568
f 3180//656 178//659 179//581 3181//580
f 3181//580 180//582 181//573 3182//572
f 3182//572 182//571 183//540 3183//539
f 3183//539 184//538 185//542 3184//541
f 3184//541 186//543 187//544 3185//546
f 3185//546 188//545 189//574 3186//576
f 3186//576 190//575 191//577 3187//579
f 3187//579 192//578 193//583 3188//585
f 3188//585 194//584 195//589 3189//587
f 3042//665 201//664 202//537 2967//476
f 203//536 204//985 205//477 2967//476
f 2967//476 206//475 207//474 2966//473
f 2890//986 210//667 211//987 212//988
f 210//667 2890//986 2965//989 2966//473
f 2890//986 212//988 213//469 2889//471
f 2889//471 214//470 215//467 2888//466
f 2888//466 216//468 217//990 2887//991
f 3704//464 218//992 219//993 220//994
f 3704//464 220//994 221//995 222//465
f 2813//996 224//997 225//461 2812//460
f 223//463 224//997 2813//996 3704//464
f 2812//460 226//462 227//669 2811//668
f 2740//671 228//670 229//998 230//999
f 230//999 231//1000 2739//1001 2740//671
f 231//1000 232//1002 2738//1003 2739//1001
f 2667//1004 232//1002 233//1005 234//1006
f 2738//1003 232//1002 2667//1004 2737//1007
f 234//1006 235//1008 2666//1009 2667//1004
f 2666//1009 235//1008 236//459 2665//458
f 238//456 239//1010 2594//1011 2595//454
f 2594//1011 239//1010 240//453 2593//457
f 241//451 242//1012 2522//1013 2523//452
f 2522//1013 242//1012 243//444 2521//443
f 3699//440 246//442 247//1014 248//672
f 249//673 250//1015 2322//1016 2387//674
f 2322//1016 250//1015 251//437 2258//436
f 2258//436 252//438 253//678 2194//677
f 3697//676 254//675 255//1017 256//1018
f 3697//676 256//1018 257//1019 2129//282
f 2061//1020 260//1021 261//291 2062//290
f 259//283 260//1021 2061//1020 2060//281
f 2129//282 257//1019 258//1022 259//283
f 263//287 1993//284 1992//289 262//288
f 1921//1023 265//1024 266//272 1922//270
f 265//1024 1921//1023 1920//286 264//285
f 268//271 1849//263 1848//269 267//268
f 1774//1025 270//1026 271//267 1775//266
f 269//264 270//1026 1774//1025 1773//262
f 274//680 1704//681 1703//1027 1775//266
f 1704//681 276//683 277//243 1705//242
f 1705//242 278//244 279//246 1706//245
f 1641//1028 284//1029 285//240 1642//239
f 283//1030 284//1029 1641//1028 1640//1031
f 1642//239 286//241 287//1032 288//685
f 288//685 1579//684 1578//1033 1642//239
f 1579//684 290//687 291//235 1580//234
f 1580//234 292//233 293//237 1581//236
f 1581//236 294//238 295//230 297//232
f 1581//236 297//232 298//224 1512//226
f 1512//226 299//225 300//1034 1438//1035
f 1438//1035 300//1034 301//1036 1359//1037
f 1359//1037 301//1036 302//1038 1275//205
f 302//1038 303//1039 304//203 1275//205
f 1275//205 305//204 306//200 1274//202
f 1274//202 307//201 308//1040 309//689
f 1274//202 309//689 1357//688 1358//1041
f 1357//688 311//691 312//216 1356//215
f 1356//215 313//217 314//221 1355//223
f 1355//223 315//222 316//218 1354//220
f 1354//220 317//219 318//214 1353//213
f 1353//213 319//212 320//211 1352//210
f 1352//210 321//209 322//206 1351//208
f 1273//1042 325//693 326//1043 327//1044
f 325//693 1273//1042 1350//1045 1351//208
f 1273//1042 327//1044 328//198 1272//197
f 1272//197 329//199 330//1046 1271//1047
f 3691//1048 331//1049 332//1050 333//1051
f 3691//1048 333//1051 334//194 1199//196
f 1199//196 335//195 336//695 1198//694
f 1128//697 337//696 338//1052 339//1053
f 1128//697 339//1053 340//191 1127//193
f 1127//193 341//192 342//1054 1126//1055
f 1070//698 343//1056 344//1057 345//699
f 1070//698 349//703 350//188 1069//190
f 1069//190 351//189 352//1058 353//704
f 1069//190 355//706 1124//707 1125//1059
f 1124//707 359//711 360//179 1123//178
f 1123//178 363//713 364//171 1122//173
f 1122//173 369//717 370//174 1121//176
f 1121//176 373//719 374//168 1120//170
f 1120//170 375//169 376//1060 377//720
f 1119//167 379//166 380//1061 381//721
f 1119//167 383//723 1188//724 1189//1062
f 1188//724 385//726 386//187 1187//185
f 1178//164 423//753 424//754 1177//150
f 429//757 1118//758 1176//1063 1177//150
f 1118//758 431//760 432//1064 433//1065
f 1118//758 433//1065 434//1066 1117//144
f 1116//148 445//767 446//768 1115//141
f 1115//141 451//771 452//140 1114//139
f 1068//138 452//140 453//1067 454//1068
f 1068//138 454//1068 455//133 1067//132
f 1067//132 456//134 457//130 1066//129
f 1066//129 458//131 459//135 1065//137
f 1024//1069 462//773 463//1070 464//1071
f 462//773 1024//1069 1064//1072 1065//137
f 1024//1069 464//1071 465//124 1023//123
f 1023//123 466//125 467//127 1022//126
f 1022//126 468//128 469//122 1021//121
f 984//1073 470//120 471//1074 472//1075
f 1021//121 470//120 984//1073 1020//1076
f 984//1073 472//1075 473//119 983//118
f 983//118 474//117 475//115 982//114
f 982//114 476//116 477//112 981//111
f 948//1077 480//775 481//1078 482//1079
f 981//111 480//775 948//1077 980//1080
f 948//1077 482//1079 483//78 947//77
f 947//77 484//79 485//74 946//76
f 946//76 486//75 487//777 945//776
f 3690//779 488//778 489//1081 490//1082
f 3690//779 490//1082 491//72 916//71
f 916//71 492//73 493//69 915//68
f 915//68 494//70 495//65 914//67
f 914//67 496//66 497//781 913//780
f 888//783 498//782 499//1083 500//1084
f 888//783 500//1084 501//60 887//59
f 887//59 502//61 503//63 886//62
f 886//62 504//64 505//58 885//57
f 885//57 506//56 507//787 884//786
f 863//785 508//784 509//1085 510//1086
f 863//785 510//1086 511//54 862//53
f 862//53 512//55 513//50 861//52
f 861//52 514//51 515//48 860//47
f 860//47 516//49 517//1087 859//1088
f 843//1089 518//1090 519//1091 520//1092
f 843//1089 520//1092 521//42 842//41
f 842//41 522//43 523//45 841//44
f 841//44 524//46 525//36 840//35
f 840//35 526//34 527//1093 839//1094
f 827//1095 528//1096 529//1097 530//1098
f 827//1095 530//1098 531//28 826//30
f 826//30 532//29 533//31 825//33
f 825//33 534//32 535//26 824//25
f 815//1099 538//789 539//1100 540//1101
f 538//789 815//1099 823//1102 824//25
f 815//1099 540//1101 541//19 814//21
f 814//21 542//20 543//24 813//23
f 813//23 544//22 545//13 812//15
f 807//1103 548//791 549//1104 550//1105
f 548//791 807//1103 811//1106 812//15
f 807//1103 550//1105 551//12 806//11
f 806//11 552//10 553//8 805//7
f 805//7 554//9 555//4 804//6
f 804//6 556//5 557//3 559//2
f 559//2 560//1107 808//1108 804//6
f 560//1107 561//1109 816//1110 808//1108
f 561//1109 562//1111 828//1112 816//1110
f 562//1111 563//18 844//1113 828//1112
f 865//1114 844//1113 563//18 864//17
f 567//797 568//1115 985//1116 949//796
f 568//1115 569//1117 1025//1118 985//1116
f 569//1117 570//1119 1071//1120 1025//1118
f 570//1119 571//1121 1129//1122 1071//1120
f 1129//1122 571//1121 572//38 1200//40
f 1276//798 574//799 575//1123 576//1124
f 576//1124 577//1125 1277//1126 1276//798
f 577//1125 578//1127 1278//1128 1277//1126
f 578//1127 579//1129 1279//1130 1278//1128
f 1279//1130 579//1129 580//82 1280//81
f 583//803 584//1131 1362//1132 1361//802
f 584//1131 585//1133 1363//1134 1362//1132
f 1364//85 1363//1134 585//1133 586//86
f 589//807 590//1135 1441//1136 1440//806
f 590//1135 591//1137 1442//1138 1441//1136
f 1443//89 1442//1138 591//1137 592//90
f 595//811 596//1139 1515//1140 1514//810
f 596//1139 597//1141 1516//1142 1515//1140
f 597//1141 598//96 1517//1143 1516//1142
f 1518//1144 1517//1143 598//96 1582//98
f 600//813 601//1145 1584//1146 1583//812
f 601//1145 602//1147 1585//1148 1584//1146
f 602//1147 603//1149 1586//1150 1585//1148
f 1586//1150 603//1149 604//101 1587//100
f 606//815 607//1151 1655//1152 1654//814
f 607//1151 608//1153 1656//1154 1655//1152
f 608//1153 609//1155 1657//1156 1656//1154
f 1657//1156 609//1155 610//108 1658//107
f 612//817 613//1157 1732//1158 1731//816
f 613//1157 614//1159 1733//1160 1732//1158
f 1734//227 1733//1160 614//1159 615//228
f 619//824 620//1161 1805//1162 1806//825
f 620//1161 621//1163 1804//1164 1805//1162
f 621//1163 622//1165 1803//1166 1804//1164
f 622//1165 623//1167 1802//1168 1803//1166
f 623//1167 624//1169 1801//1170 1802//1168
f 624//1169 625//1171 1800//1172 1801//1170
f 625//1171 626//1173 1799//1174 1800//1172
f 1799//1174 626//1173 627//104 1798//106
f 632//833 633//1175 1724//1176 1725//832
f 633//1175 634//1177 1723//1178 1724//1176
f 634//1177 635//1179 1722//1180 1723//1178
f 635//1179 636//1181 1721//1182 1722//1180
f 636//1181 637//1183 1720//1184 1721//1182
f 637//1183 638//1185 1719//1186 1720//1184
f 638//1185 639//1187 1718//1188 1719//1186
f 1718//1188 639//1187 640//93 1717//95
f 645//840 646//1189 1648//1190 1649//841
f 646//1189 647//1191 1647//1192 1648//1190
f 647//1191 648//1193 1646//1194 1647//1192
f 648//1193 649//1195 1645//1196 1646//1194
f 649//1195 650//1197 1644//1198 1645//1196
f 650//1197 651//1199 1643//1200 1644//1198
f 651//1199 652//1201 653//1202 1643//1200
f 1643//1200 653//1202 654//1203 1707//1204
f 1707//1204 654//1203 655//1205 1776//1206
f 1776//1206 655//1205 656//1207 1850//1208
f 1850//1208 656//1207 657//1209 1923//1210
f 1923//1210 657//1209 658//1211 1994//1212
f 1994//1212 658//1211 659//1213 2063//1214
f 2063//1214 659//1213 660//1215 2130//1216
f 2130//1216 660//1215 661//1217 2195//1218
f 2195//1218 661//1217 662//843 2259//842
f 2971//1219 679//1220 680//1221 2972//1222
f 679//1220 2971//1219 2970//294 678//293
f 2972//1222 680//1221 681//871 2973//870
f 2898//1223 684//1224 685//1225 2899//1226
f 683//297 684//1224 2898//1223 2897//299
f 2899//1226 685//1225 686//1227 2900//1228
f 2900//1228 686//1227 687//873 2901//872
f 2826//1229 690//1230 691//1231 2827//1232
f 689//306 690//1230 2826//1229 2825//304
f 2827//1232 691//1231 692//1233 2828//1234
f 2828//1234 692//1233 693//875 2829//874
f 2758//1235 696//1236 697//1237 2759//1238
f 695//302 696//1236 2758//1235 2757//300
f 2759//1238 697//1237 698//1239 2760//1240
f 2760//1240 698//1239 699//877 2761//876
f 2690//1241 702//1242 703//1243 2691//1244
f 702//1242 2690//1241 2689//324 701//323
f 2691//1244 703//1243 704//879 2692//878
f 2623//1245 707//1246 708//1247 2624//1248
f 707//1246 2623//1245 2622//1249 3687//350
f 2624//1248 708//1247 709//881 2625//880
f 2555//1250 712//1251 713//1252 2556//1253
f 711//317 712//1251 2555//1250 2554//315
f 2556//1253 713//1252 714//1254 2557//1255
f 2557//1255 714//1254 715//416 2558//418
f 717//905 2627//904 2628//1256 3688//1257
f 2695//1258 719//1259 720//883 2694//882
f 719//1259 2695//1258 2696//321 718//319
f 2763//1260 723//1261 724//885 2762//884
f 723//1261 2763//1260 2764//347 722//346
f 2833//1262 727//1263 728//887 2832//886
f 727//1263 2833//1262 2834//345 726//344
f 2905//1264 731//1265 732//889 2904//888
f 731//1265 2905//1264 2906//333 730//332
f 2977//1266 735//1267 736//1268 2976//1269
f 734//327 735//1267 2977//1266 2978//330
f 2976//1269 736//1268 737//338 2975//335
f 3047//1270 739//1271 740//1272 3046//1273
f 738//336 739//1271 3047//1270 3048//337
f 3046//1273 740//1272 741//313 3045//312
f 3118//1274 743//1275 744//1276 3117//1277
f 742//311 743//1275 3118//1274 3119//314
f 3117//1277 744//1276 745//310 3116//309
f 3192//1278 747//1279 748//1280 3191//1281
f 746//308 747//1279 3192//1278 3193//415
f 3191//1281 748//1280 749//363 3190//365
f 3259//1282 751//1283 752//1284 3258//1285
f 750//364 751//1283 3259//1282 3260//366
f 3258//1285 752//1284 753//355 3257//357
f 3317//1286 755//1287 756//1288 3316//1289
f 754//356 755//1287 3317//1286 3318//358
f 3316//1289 756//1288 757//352 3315//351
f 3366//1290 759//1291 760//1292 761//1293
f 758//353 759//1291 3366//1290 3367//354
f 3366//1290 761//1293 762//891 3409//890
f 3485//1294 765//1295 766//1296 3518//1297
f 764//361 765//1295 3485//1294 3449//362
f 3518//1297 766//1296 767//1298 3548//1299
f 3548//1299 767//1298 768//893 3575//892
f 3621//1300 770//369 771//1301 3639//1302
f 3600//1303 3599//367 770//369 3621//1300
f 3639//1302 771//1301 772//1304 3654//1305
f 3654//1305 772//1304 773//895 3666//894
f 2256//422 779//420 778//430 2320//429
f 780//259 779//420 2256//422 2192//260
f 2124//1306 782//1307 781//258 2191//257
f 2055//1308 783//253 782//1307 2124//1306
f 1984//250 783//253 2055//1308 1985//1309
f 2123//1310 782//1307 783//253 2054//1311
f 2054//1311 783//253 784//252 1983//251
f 2190//1312 781//258 782//1307 2123//1310
f 780//259 781//258 2190//1312 2255//419
f 778//430 779//420 2255//419 2319//1313
f 787//424 786//426 2319//1313 2383//1314
f 2319//1313 786//426 785//428 778//430
f 788//1315 787//424 2383//1314 2448//1316
f 789//1317 788//1315 2448//1316 2515//1318
f 790//1319 789//1317 2515//1318 2584//1320
f 788//1315 789//1317 2516//1321 2449//1322
f 2586//1323 2516//1321 789//1317 2585//1324
f 2585//1324 789//1317 790//1319 2584//1320
f 787//424 788//1315 2449//1322 2384//425
f 2320//429 785//428 786//426 2385//427
f 791//423 792//899 2321//898 2257//431
f 2518//1325 796//445 795//900 2451//902
f 797//446 796//445 2518//1325 2588//448
f 2320//429 792//899 791//423 2256//422
f 792//899 2320//429 2385//427 793//434
f 798//421 799//279 2192//260 2256//422
f 2192//260 799//279 800//256 2125//255
f 801//261 802//276 2057//1326 2126//254
f 1987//275 2057//1326 802//276 803//273
f 805//7 804//6 808//1108 809//1327
f 806//11 805//7 809//1327 810//1328
f 807//1103 806//11 810//1328 811//1106
f 809//1327 808//1108 816//1110 817//1329
f 810//1328 809//1327 817//1329 818//1330
f 811//1106 810//1328 818//1330 819//1331
f 812//15 811//1106 819//1331 820//1332
f 813//23 812//15 820//1332 821//1333
f 814//21 813//23 821//1333 822//1334
f 815//1099 814//21 822//1334 823//1102
f 817//1329 816//1110 828//1112 829//1335
f 818//1330 817//1329 829//1335 830//1336
f 819//1331 818//1330 830//1336 831//1337
f 820//1332 819//1331 831//1337 832//1338
f 821//1333 820//1332 832//1338 833//1339
f 822//1334 821//1333 833//1339 834//1340
f 823//1102 822//1334 834//1340 835//1341
f 824//25 823//1102 835//1341 836//1342
f 825//33 824//25 836//1342 837//1343
f 826//30 825//33 837//1343 838//1344
f 827//1095 826//30 838//1344 839//1094
f 528//1096 827//1095 839//1094 527//1093
f 829//1335 828//1112 844//1113 845//1345
f 830//1336 829//1335 845//1345 846//1346
f 831//1337 830//1336 846//1346 847//1347
f 832//1338 831//1337 847//1347 848//1348
f 833//1339 832//1338 848//1348 849//1349
f 834//1340 833//1339 849//1349 850//1350
f 835//1341 834//1340 850//1350 851//1351
f 836//1342 835//1341 851//1351 852//1352
f 837//1343 836//1342 852//1352 853//1353
f 838//1344 837//1343 853//1353 854//1354
f 839//1094 838//1344 854//1354 855//1355
f 840//35 839//1094 855//1355 856//1356
f 841//44 840//35 856//1356 857//1357
f 842//41 841//44 857//1357 858//1358
f 843//1089 842//41 858//1358 859//1088
f 518//1090 843//1089 859//1088 517//1087
f 845//1345 844//1113 865//1114 866//1359
f 846//1346 845//1345 866//1359 867//1360
f 847//1347 846//1346 867//1360 868//1361
f 848//1348 847//1347 868//1361 869//1362
f 849//1349 848//1348 869//1362 870//1363
f 850//1350 849//1349 870//1363 871//1364
f 851//1351 850//1350 871//1364 872//1365
f 852//1352 851//1351 872//1365 873//1366
f 853//1353 852//1352 873//1366 874//1367
f 854//1354 853//1353 874//1367 875//1368
f 855//1355 854//1354 875//1368 876//1369
f 856//1356 855//1355 876//1369 877//1370
f 857//1357 856//1356 877//1370 878//1371
f 858//1358 857//1357 878//1371 879//1372
f 859//1088 858//1358 879//1372 880//1373
f 860//47 859//1088 880//1373 881//1374
f 861//52 860//47 881//1374 882//1375
f 862//53 861//52 882//1375 883//1376
f 863//785 862//53 883//1376 884//786
f 865//1114 864//17 889//792 890//1377
f 866//1359 865//1114 890//1377 891//1378
f 867//1360 866//1359 891//1378 892//1379
f 868//1361 867//1360 892//1379 893//1380
f 869//1362 868//1361 893//1380 894//1381
f 870//1363 869//1362 894//1381 895//1382
f 871//1364 870//1363 895//1382 896//1383
f 872//1365 871//1364 896//1383 897//1384
f 873//1366 872//1365 897//1384 898//1385
f 874//1367 873//1366 898//1385 899//1386
f 875//1368 874//1367 899//1386 900//1387
f 876//1369 875//1368 900//1387 901//1388
f 877//1370 876//1369 901//1388 902//1389
f 878//1371 877//1370 902//1389 903//1390
f 879//1372 878//1371 903//1390 904//1391
f 880//1373 879//1372 904//1391 905//1392
f 881//1374 880//1373 905//1392 906//1393
f 882//1375 881//1374 906//1393 907//1394
f 883//1376 882//1375 907//1394 908//1395
f 884//786 883//1376 908//1395 909//1396
f 885//57 884//786 909//1396 910//1397
f 886//62 885//57 910//1397 911//1398
f 887//59 886//62 911//1398 912//1399
f 888//783 887//59 912//1399 913//780
f 890//1377 889//792 917//794 918//1400
f 891//1378 890//1377 918//1400 919//1401
f 892//1379 891//1378 919//1401 920//1402
f 893//1380 892//1379 920//1402 921//1403
f 894//1381 893//1380 921//1403 922//1404
f 895//1382 894//1381 922//1404 923//1405
f 896//1383 895//1382 923//1405 924//1406
f 897//1384 896//1383 924//1406 925//1407
f 898//1385 897//1384 925//1407 926//1408
f 899//1386 898//1385 926//1408 927//1409
f 900//1387 899//1386 927//1409 928//1410
f 901//1388 900//1387 928//1410 929//1411
f 902//1389 901//1388 929//1411 930//1412
f 903//1390 902//1389 930//1412 931//1413
f 904//1391 903//1390 931//1413 932//1414
f 905//1392 904//1391 932//1414 933//1415
f 906//1393 905//1392 933//1415 934//1416
f 907//1394 906//1393 934//1416 935//1417
f 908//1395 907//1394 935//1417 936//1418
f 909//1396 908//1395 936//1418 937//1419
f 910//1397 909//1396 937//1419 938//1420
f 911//1398 910//1397 938//1420 939//1421
f 912//1399 911//1398 939//1421 940//1422
f 913//780 912//1399 940//1422 941//1423
f 914//67 913//780 941//1423 942//1424
f 915//68 914//67 942//1424 943//1425
f 916//71 915//68 943//1425 944//1426
f 916//71 944//1426 945//776 3690//779
f 918//1400 917//794 949//796 950//1427
f 919//1401 918//1400 950//1427 951//1428
f 920//1402 919//1401 951//1428 952//1429
f 921//1403 920//1402 952//1429 953//1430
f 922//1404 921//1403 953//1430 954//1431
f 923//1405 922//1404 954//1431 955//1432
f 924//1406 923//1405 955//1432 956//1433
f 925//1407 924//1406 956//1433 957//1434
f 926//1408 925//1407 957//1434 958//1435
f 927//1409 926//1408 958//1435 959//1436
f 928//1410 927//1409 959//1436 960//1437
f 929//1411 928//1410 960//1437 961//1438
f 930//1412 929//1411 961//1438 962//1439
f 931//1413 930//1412 962//1439 963//1440
f 932//1414 931//1413 963//1440 964//1441
f 933//1415 932//1414 964//1441 965//1442
f 934//1416 933//1415 965//1442 966//1443
f 935//1417 934//1416 966//1443 967//1444
f 936//1418 935//1417 967//1444 968//1445
f 937//1419 936//1418 968//1445 969//1446
f 938//1420 937//1419 969//1446 970//1447
f 939//1421 938//1420 970//1447 971//1448
f 940//1422 939//1421 971//1448 972//1449
f 941//1423 940//1422 972//1449 973//1450
f 942//1424 941//1423 973//1450 974//1451
f 943//1425 942//1424 974//1451 975//1452
f 944//1426 943//1425 975//1452 976//1453
f 945//776 944//1426 976//1453 977//1454
f 946//76 945//776 977//1454 978//1455
f 947//77 946//76 978//1455 979//1456
f 948//1077 947//77 979//1456 980//1080
f 950//1427 949//796 985//1116 986//1457
f 951//1428 950//1427 986//1457 987//1458
f 952//1429 951//1428 987//1458 988//1459
f 953//1430 952//1429 988//1459 989//1460
f 954//1431 953//1430 989//1460 990//1461
f 955//1432 954//1431 990//1461 991//1462
f 956//1433 955//1432 991//1462 992//1463
f 957//1434 956//1433 992//1463 993//1464
f 958//1435 957//1434 993//1464 994//1465
f 959//1436 958//1435 994//1465 995//1466
f 960//1437 959//1436 995//1466 996//1467
f 961//1438 960//1437 996//1467 997//1468
f 962//1439 961//1438 997//1468 998//1469
f 963//1440 962//1439 998//1469 999//1470
f 964//1441 963//1440 999//1470 1000//1471
f 965//1442 964//1441 1000//1471 1001//1472
f 966//1443 965//1442 1001//1472 1002//1473
f 967//1444 966//1443 1002//1473 1003//1474
f 968//1445 967//1444 1003//1474 1004//1475
f 969//1446 968//1445 1004//1475 1005//1476
f 970//1447 969//1446 1005//1476 1006//1477
f 971//1448 970//1447 1006//1477 1007//1478
f 972//1449 971//1448 1007//1478 1008//1479
f 973//1450 972//1449 1008//1479 1009//1480
f 974//1451 973//1450 1009//1480 1010//1481
f 975//1452 974//1451 1010//1481 1011//1482
f 976//1453 975//1452 1011//1482 1012//1483
f 977//1454 976//1453 1012//1483 1013//1484
f 978//1455 977//1454 1013//1484 1014//1485
f 979//1456 978//1455 1014//1485 1015//1486
f 980//1080 979//1456 1015//1486 1016//1487
f 981//111 980//1080 1016//1487 1017//1488
f 982//114 981//111 1017//1488 1018//1489
f 983//118 982//114 1018//1489 1019//1490
f 984//1073 983//118 1019//1490 1020//1076
f 986//1457 985//1116 1025//1118 1026//1491
f 987//1458 986//1457 1026//1491 1027//1492
f 988//1459 987//1458 1027//1492 1028//1493
f 989//1460 988//1459 1028//1493 1029//1494
f 990//1461 989//1460 1029//1494 1030//1495
f 991//1462 990//1461 1030//1495 1031//1496
f 992//1463 991//1462 1031//1496 1032//1497
f 993//1464 992//1463 1032//1497 1033//1498
f 994//1465 993//1464 1033//1498 1034//1499
f 995//1466 994//1465 1034//1499 1035//1500
f 996//1467 995//1466 1035//1500 1036//1501
f 997//1468 996//1467 1036//1501 1037//1502
f 998//1469 997//1468 1037//1502 1038//1503
f 999//1470 998//1469 1038//1503 1039//1504
f 1000//1471 999//1470 1039//1504 1040//1505
f 1001//1472 1000//1471 1040//1505 1041//1506
f 1002//1473 1001//1472 1041//1506 1042//1507
f 1003//1474 1002//1473 1042//1507 1043//1508
f 1004//1475 1003//1474 1043//1508 1044//1509
f 1005//1476 1004//1475 1044//1509 1045//1510
f 1006//1477 1005//1476 1045//1510 1046//1511
f 1007//1478 1006//1477 1046//1511 1047//1512
f 1008//1479 1007//1478 1047//1512 1048//1513
f 1009//1480 1008//1479 1048//1513 1049//1514
f 1010//1481 1009//1480 1049//1514 1050//1515
f 1011//1482 1010//1481 1050//1515 1051//1516
f 1012//1483 1011//1482 1051//1516 1052//1517
f 1013//1484 1012//1483 1052//1517 1053//1518
f 1014//1485 1013//1484 1053//1518 1054//1519
f 1015//1486 1014//1485 1054//1519 1055//1520
f 1016//1487 1015//1486 1055//1520 1056//1521
f 1017//1488 1016//1487 1056//1521 1057//1522
f 1018//1489 1017//1488 1057//1522 1058//1523
f 1019//1490 1018//1489 1058//1523 1059//1524
f 1020//1076 1019//1490 1059//1524 1060//1525
f 1021//121 1020//1076 1060//1525 1061//1526
f 1022//126 1021//121 1061//1526 1062//1527
f 1023//123 1022//126 1062//1527 1063//1528
f 1024//1069 1023//123 1063//1528 1064//1072
f 1026//1491 1025//1118 1071//1120 1072//1529
f 1027//1492 1026//1491 1072//1529 1073//1530
f 1028//1493 1027//1492 1073//1530 1074//1531
f 1029//1494 1028//1493 1074//1531 1075//1532
f 1030//1495 1029//1494 1075//1532 1076//1533
f 1031//1496 1030//1495 1076//1533 1077//1534
f 1032//1497 1031//1496 1077//1534 1078//1535
f 1033//1498 1032//1497 1078//1535 1079//1536
f 1034//1499 1033//1498 1079//1536 1080//1537
f 1035//1500 1034//1499 1080//1537 1081//1538
f 1036//1501 1035//1500 1081//1538 1082//1539
f 1037//1502 1036//1501 1082//1539 1083//1540
f 1038//1503 1037//1502 1083//1540 1084//1541
f 1039//1504 1038//1503 1084//1541 1085//1542
f 1040//1505 1039//1504 1085//1542 1086//1543
f 1041//1506 1040//1505 1086//1543 1087//1544
f 1042//1507 1041//1506 1087//1544 1088//1545
f 1043//1508 1042//1507 1088//1545 1089//1546
f 1044//1509 1043//1508 1089//1546 1090//1547
f 1045//1510 1044//1509 1090//1547 1091//1548
f 1046//1511 1045//1510 1091//1548 1092//1549
f 1047//1512 1046//1511 1092//1549 1093//1550
f 1048//1513 1047//1512 1093//1550 1094//1551
f 1049//1514 1048//1513 1094//1551 1095//1552
f 1050//1515 1049//1514 1095//1552 1096//1553
f 1051//1516 1050//1515 1096//1553 1097//1554
f 1052//1517 1051//1516 1097//1554 1098//1555
f 1053//1518 1052//1517 1098//1555 1099//1556
f 1054//1519 1053//1518 1099//1556 1100//1557
f 1055//1520 1054//1519 1100//1557 1101//1558
f 1056//1521 1055//1520 1101//1558 1102//1559
f 1057//1522 1056//1521 1102//1559 1103//1560
f 1058//1523 1057//1522 1103//1560 1104//1561
f 1059//1524 1058//1523 1104//1561 1105//1562
f 1060//1525 1059//1524 1105//1562 1106//1563
f 1061//1526 1060//1525 1106//1563 1107//1564
f 1062//1527 1061//1526 1107//1564 1108//1565
f 1063//1528 1062//1527 1108//1565 1109//1566
f 1064//1072 1063//1528 1109//1566 1110//1567
f 1065//137 1064//1072 1110//1567 1111//1568
f 1066//129 1065//137 1111//1568 1112//1569
f 1067//132 1066//129 1112//1569 1113//1570
f 1068//138 1067//132 1113//1570 1114//139
f 1070//698 1069//190 1125//1059 1126//1055
f 343//1056 1070//698 1126//1055 342//1054
f 1072//1529 1071//1120 1129//1122 1130//1571
f 1073//1530 1072//1529 1130//1571 1131//1572
f 1074//1531 1073//1530 1131//1572 1132//1573
f 1075//1532 1074//1531 1132//1573 1133//1574
f 1076//1533 1075//1532 1133//1574 1134//1575
f 1077//1534 1076//1533 1134//1575 1135//1576
f 1078//1535 1077//1534 1135//1576 1136//1577
f 1079//1536 1078//1535 1136//1577 1137//1578
f 1080//1537 1079//1536 1137//1578 1138//1579
f 1081//1538 1080//1537 1138//1579 1139//1580
f 1082//1539 1081//1538 1139//1580 1140//1581
f 1083//1540 1082//1539 1140//1581 1141//1582
f 1084//1541 1083//1540 1141//1582 1142//1583
f 1085//1542 1084//1541 1142//1583 1143//1584
f 1086//1543 1085//1542 1143//1584 1144//1585
f 1087//1544 1086//1543 1144//1585 1145//1586
f 1088//1545 1087//1544 1145//1586 1146//1587
f 1089//1546 1088//1545 1146//1587 1147//1588
f 1090//1547 1089//1546 1147//1588 1148//1589
f 1091//1548 1090//1547 1148//1589 1149//1590
f 1092//1549 1091//1548 1149//1590 1150//1591
f 1093//1550 1092//1549 1150//1591 1151//1592
f 1094//1551 1093//1550 1151//1592 1152//1593
f 1095//1552 1094//1551 1152//1593 1153//1594
f 1096//1553 1095//1552 1153//1594 1154//1595
f 1097//1554 1096//1553 1154//1595 1155//1596
f 1098//1555 1097//1554 1155//1596 1156//1597
f 1099//1556 1098//1555 1156//1597 1157//1598
f 1100//1557 1099//1556 1157//1598 1158//1599
f 1101//1558 1100//1557 1158//1599 1159//1600
f 1102//1559 1101//1558 1159//1600 1160//1601
f 1103//1560 1102//1559 1160//1601 1161//1602
f 1104//1561 1103//1560 1161//1602 1162//1603
f 1105//1562 1104//1561 1162//1603 1163//1604
f 1106//1563 1105//1562 1163//1604 1164//1605
f 1107//1564 1106//1563 1164//1605 1165//1606
f 1108//1565 1107//1564 1165//1606 1166//1607
f 1109//1566 1108//1565 1166//1607 1167//1608
f 1110//1567 1109//1566 1167//1608 1168//1609
f 1111//1568 1110//1567 1168//1609 1169//1610
f 1112//1569 1111//1568 1169//1610 1170//1611
f 1113//1570 1112//1569 1170//1611 1171//1612
f 1114//139 1113//1570 1171//1612 1172//1613
f 1115//141 1114//139 1172//1613 1173//1614
f 1116//148 1115//141 1173//1614 1174//1615
f 1117//144 1116//148 1174//1615 1175//1616
f 1118//758 1117//144 1175//1616 1176//1063
f 1120//170 1119//167 1189//1062 1190//1617
f 1121//176 1120//170 1190//1617 1191//1618
f 1122//173 1121//176 1191//1618 1192//1619
f 1123//178 1122//173 1192//1619 1193//1620
f 1124//707 1123//178 1193//1620 1194//1621
f 1125//1059 1124//707 1194//1621 1195//1622
f 1126//1055 1125//1059 1195//1622 1196//1623
f 1127//193 1126//1055 1196//1623 1197//1624
f 1128//697 1127//193 1197//1624 1198//694
f 1130//1571 1129//1122 1200//40 1201//1625
f 1131//1572 1130//1571 1201//1625 1202//1626
f 1132//1573 1131//1572 1202//1626 1203//1627
f 1133//1574 1132//1573 1203//1627 1204//1628
f 1134//1575 1133//1574 1204//1628 1205//1629
f 1135//1576 1134//1575 1205//1629 1206//1630
f 1136//1577 1135//1576 1206//1630 1207//1631
f 1137//1578 1136//1577 1207//1631 1208//1632
f 1138//1579 1137//1578 1208//1632 1209//1633
f 1139//1580 1138//1579 1209//1633 1210//1634
f 1140//1581 1139//1580 1210//1634 1211//1635
f 1141//1582 1140//1581 1211//1635 1212//1636
f 1142//1583 1141//1582 1212//1636 1213//1637
f 1143//1584 1142//1583 1213//1637 1214//1638
f 1144//1585 1143//1584 1214//1638 1215//1639
f 1145//1586 1144//1585 1215//1639 1216//1640
f 1146//1587 1145//1586 1216//1640 1217//1641
f 1147//1588 1146//1587 1217//1641 1218//1642
f 1148//1589 1147//1588 1218//1642 1219//1643
f 1149//1590 1148//1589 1219//1643 1220//1644
f 1150//1591 1149//1590 1220//1644 1221//1645
f 1151//1592 1150//1591 1221//1645 1222//1646
f 1152//1593 1151//1592 1222//1646 1223//1647
f 1153//1594 1152//1593 1223//1647 1224//1648
f 1154//1595 1153//1594 1224//1648 1225//1649
f 1155//1596 1154//1595 1225//1649 1226//1650
f 1156//1597 1155//1596 1226//1650 1227//1651
f 1157//1598 1156//1597 1227//1651 1228//1652
f 1158//1599 1157//1598 1228//1652 1229//1653
f 1159//1600 1158//1599 1229//1653 1230//1654
f 1160//1601 1159//1600 1230//1654 1231//1655
f 1161//1602 1160//1601 1231//1655 1232//1656
f 1162//1603 1161//1602 1232//1656 1233//1657
f 1163//1604 1162//1603 1233//1657 1234//1658
f 1164//1605 1163//1604 1234//1658 1235//1659
f 1165//1606 1164//1605 1235//1659 1236//1660
f 1166//1607 1165//1606 1236//1660 1237//1661
f 1167//1608 1166//1607 1237//1661 1238//1662
f 1168//1609 1167//1608 1238//1662 1239//1663
f 1169//1610 1168//1609 1239//1663 1240//1664
f 1170//1611 1169//1610 1240//1664 1241//1665
f 1171//1612 1170//1611 1241//1665 1242//1666
f 1172//1613 1171//1612 1242//1666 1243//1667
f 1173//1614 1172//1613 1243//1667 1244//1668
f 1174//1615 1173//1614 1244//1668 1245//1669
f 1175//1616 1174//1615 1245//1669 1246//1670
f 1176//1063 1175//1616 1246//1670 1247//1671
f 1177//150 1176//1063 1247//1671 1248//1672
f 1178//164 1177//150 1248//1672 1249//1673
f 1179//154 1178//164 1249//1673 1250//1674
f 1180//152 1179//154 1250//1674 1251//1675
f 1181//155 1180//152 1251//1675 1252//1676
f 1182//158 1181//155 1252//1676 1253//1677
f 1183//159 1182//158 1253//1677 1254//1678
f 1184//161 1183//159 1254//1678 1255//1679
f 1185//182 1184//161 1255//1679 1256//1680
f 1186//180 1185//182 1256//1680 1257//1681
f 1187//185 1186//180 1257//1681 1258//1682
f 1188//724 1187//185 1258//1682 1259//1683
f 1189//1062 1188//724 1259//1683 1260//1684
f 1190//1617 1189//1062 1260//1684 1261//1685
f 1191//1618 1190//1617 1261//1685 1262//1686
f 1192//1619 1191//1618 1262//1686 1263//1687
f 1193//1620 1192//1619 1263//1687 1264//1688
f 1194//1621 1193//1620 1264//1688 1265//1689
f 1195//1622 1194//1621 1265//1689 1266//1690
f 1196//1623 1195//1622 1266//1690 1267//1691
f 1197//1624 1196//1623 1267//1691 1268//1692
f 1198//694 1197//1624 1268//1692 1269//1693
f 1199//196 1198//694 1269//1693 1270//1694
f 1199//196 1270//1694 1271//1047 3691//1048
f 1201//1625 1200//40 1277//1126 1278//1128
f 1277//1126 1200//40 3692//37 1276//798
f 1202//1626 1201//1625 1278//1128 1279//1130
f 1203//1627 1202//1626 1279//1130 1280//81
f 1204//1628 1203//1627 1280//81 1281//1695
f 1205//1629 1204//1628 1281//1695 1282//1696
f 1206//1630 1205//1629 1282//1696 1283//1697
f 1207//1631 1206//1630 1283//1697 1284//1698
f 1208//1632 1207//1631 1284//1698 1285//1699
f 1209//1633 1208//1632 1285//1699 1286//1700
f 1210//1634 1209//1633 1286//1700 1287//1701
f 1211//1635 1210//1634 1287//1701 1288//1702
f 1212//1636 1211//1635 1288//1702 1289//1703
f 1213//1637 1212//1636 1289//1703 1290//1704
f 1214//1638 1213//1637 1290//1704 1291//1705
f 1215//1639 1214//1638 1291//1705 1292//1706
f 1216//1640 1215//1639 1292//1706 1293//1707
f 1217//1641 1216//1640 1293//1707 1294//1708
f 1218//1642 1217//1641 1294//1708 1295//1709
f 1219//1643 1218//1642 1295//1709 1296//1710
f 1220//1644 1219//1643 1296//1710 1297//1711
f 1221//1645 1220//1644 1297//1711 1298//1712
f 1222//1646 1221//1645 1298//1712 1299//1713
f 1223//1647 1222//1646 1299//1713 1300//1714
f 1224//1648 1223//1647 1300//1714 1301//1715
f 1225//1649 1224//1648 1301//1715 1302//1716
f 1226//1650 1225//1649 1302//1716 1303//1717
f 1227//1651 1226//1650 1303//1717 1304//1718
f 1228//1652 1227//1651 1304//1718 1305//1719
f 1229//1653 1228//1652 1305//1719 1306//1720
f 1230//1654 1229//1653 1306//1720 1307//1721
f 1231//1655 1230//1654 1307//1721 1308//1722
f 1232//1656 1231//1655 1308//1722 1309//1723
f 1233//1657 1232//1656 1309//1723 1310//1724
f 1234//1658 1233//1657 1310//1724 1311//1725
f 1235//1659 1234//1658 1311//1725 1312//1726
f 1236//1660 1235//1659 1312//1726 1313//1727
f 1237//1661 1236//1660 1313//1727 1314//1728
f 1238//1662 1237//1661 1314//1728 1315//1729
f 1239//1663 1238//1662 1315//1729 1316//1730
f 1240//1664 1239//1663 1316//1730 1317//1731
f 1241//1665 1240//1664 1317//1731 1318//1732
f 1242//1666 1241//1665 1318//1732 1319//1733
f 1243//1667 1242//1666 1319//1733 1320//1734
f 1244//1668 1243//1667 1320//1734 1321//1735
f 1245//1669 1244//1668 1321//1735 1322//1736
f 1246//1670 1245//1669 1322//1736 1323//1737
f 1247//1671 1246//1670 1323//1737 1324//1738
f 1248//1672 1247//1671 1324//1738 1325//1739
f 1249//1673 1248//1672 1325//1739 1326//1740
f 1250//1674 1249//1673 1326//1740 1327//1741
f 1251//1675 1250//1674 1327//1741 1328//1742
f 1252//1676 1251//1675 1328//1742 1329//1743
f 1253//1677 1252//1676 1329//1743 1330//1744
f 1254//1678 1253//1677 1330//1744 1331//1745
f 1255//1679 1254//1678 1331//1745 1332//1746
f 1256//1680 1255//1679 1332//1746 1333//1747
f 1257//1681 1256//1680 1333//1747 1334//1748
f 1258//1682 1257//1681 1334//1748 1335//1749
f 1259//1683 1258//1682 1335//1749 1336//1750
f 1260//1684 1259//1683 1336//1750 1337//1751
f 1261//1685 1260//1684 1337//1751 1338//1752
f 1262//1686 1261//1685 1338//1752 1339//1753
f 1263//1687 1262//1686 1339//1753 1340//1754
f 1264//1688 1263//1687 1340//1754 1341//1755
f 1265//1689 1264//1688 1341//1755 1342//1756
f 1266//1690 1265//1689 1342//1756 1343//1757
f 1267//1691 1266//1690 1343//1757 1344//1758
f 1268//1692 1267//1691 1344//1758 1345//1759
f 1269//1693 1268//1692 1345//1759 1346//1760
f 1270//1694 1269//1693 1346//1760 1347//1761
f 1271//1047 1270//1694 1347//1761 1348//1762
f 1272//197 1271//1047 1348//1762 1349//1763
f 331//1049 3691//1048 1271//1047 330//1046
f 1273//1042 1272//197 1349//1763 1350//1045
f 1275//205 1274//202 1358//1041 1359//1037
f 1281//1695 1280//81 3693//80 1360//800
f 1282//1696 1281//1695 1360//800 1361//802
f 1283//1697 1282//1696 1361//802 1362//1132
f 1284//1698 1283//1697 1362//1132 1363//1134
f 1285//1699 1284//1698 1363//1134 1364//85
f 1286//1700 1285//1699 1364//85 1365//1764
f 1287//1701 1286//1700 1365//1764 1366//1765
f 1288//1702 1287//1701 1366//1765 1367//1766
f 1289//1703 1288//1702 1367//1766 1368//1767
f 1290//1704 1289//1703 1368//1767 1369//1768
f 1291//1705 1290//1704 1369//1768 1370//1769
f 1292//1706 1291//1705 1370//1769 1371//1770
f 1293//1707 1292//1706 1371//1770 1372//1771
f 1294//1708 1293//1707 1372//1771 1373//1772
f 1295//1709 1294//1708 1373//1772 1374//1773
f 1296//1710 1295//1709 1374//1773 1375//1774
f 1297//1711 1296//1710 1375//1774 1376//1775
f 1298//1712 1297//1711 1376//1775 1377//1776
f 1299//1713 1298//1712 1377//1776 1378//1777
f 1300//1714 1299//1713 1378//1777 1379//1778
f 1301//1715 1300//1714 1379//1778 1380//1779
f 1302//1716 1301//1715 1380//1779 1381//1780
f 1303//1717 1302//1716 1381//1780 1382//1781
f 1304//1718 1303//1717 1382//1781 1383//1782
f 1305//1719 1304//1718 1383//1782 1384//1783
f 1306//1720 1305//1719 1384//1783 1385//1784
f 1307//1721 1306//1720 1385//1784 1386//1785
f 1308//1722 1307//1721 1386//1785 1387//1786
f 1309//1723 1308//1722 1387//1786 1388//1787
f 1310//1724 1309//1723 1388//1787 1389//1788
f 1311//1725 1310//1724 1389//1788 1390//1789
f 1312//1726 1311//1725 1390//1789 1391//1790
f 1313//1727 1312//1726 1391//1790 1392//1791
f 1314//1728 1313//1727 1392//1791 1393//1792
f 1315//1729 1314//1728 1393//1792 1394//1793
f 1316//1730 1315//1729 1394//1793 1395//1794
f 1317//1731 1316//1730 1395//1794 1396//1795
f 1318//1732 1317//1731 1396//1795 1397//1796
f 1319//1733 1318//1732 1397//1796 1398//1797
f 1320//1734 1319//1733 1398//1797 1399//1798
f 1321//1735 1320//1734 1399//1798 1400//1799
f 1322//1736 1321//1735 1400//1799 1401//1800
f 1323//1737 1322//1736 1401//1800 1402//1801
f 1324//1738 1323//1737 1402//1801 1403//1802
f 1325//1739 1324//1738 1403//1802 1404//1803
f 1326//1740 1325//1739 1404//1803 1405//1804
f 1327//1741 1326//1740 1405//1804 1406//1805
f 1328//1742 1327//1741 1406//1805 1407//1806
f 1329//1743 1328//1742 1407//1806 1408//1807
f 1330//1744 1329//1743 1408//1807 1409//1808
f 1331//1745 1330//1744 1409//1808 1410//1809
f 1332//1746 1331//1745 1410//1809 1411//1810
f 1333//1747 1332//1746 1411//1810 1412//1811
f 1334//1748 1333//1747 1412//1811 1413//1812
f 1335//1749 1334//1748 1413//1812 1414//1813
f 1336//1750 1335//1749 1414//1813 1415//1814
f 1337//1751 1336//1750 1415//1814 1416//1815
f 1338//1752 1337//1751 1416//1815 1417//1816
f 1339//1753 1338//1752 1417//1816 1418//1817
f 1340//1754 1339//1753 1418//1817 1419//1818
f 1341//1755 1340//1754 1419//1818 1420//1819
f 1342//1756 1341//1755 1420//1819 1421//1820
f 1343//1757 1342//1756 1421//1820 1422//1821
f 1344//1758 1343//1757 1422//1821 1423//1822
f 1345//1759 1344//1758 1423//1822 1424//1823
f 1346//1760 1345//1759 1424//1823 1425//1824
f 1347//1761 1346//1760 1425//1824 1426//1825
f 1348//1762 1347//1761 1426//1825 1427//1826
f 1349//1763 1348//1762 1427//1826 1428//1827
f 1350//1045 1349//1763 1428//1827 1429//1828
f 1351//208 1350//1045 1429//1828 1430//1829
f 1352//210 1351//208 1430//1829 1431//1830
f 1353//213 1352//210 1431//1830 1432//1831
f 1354//220 1353//213 1432//1831 1433//1832
f 1355//223 1354//220 1433//1832 1434//1833
f 1356//215 1355//223 1434//1833 1435//1834
f 1357//688 1356//215 1435//1834 1436//1835
f 1358//1041 1357//688 1436//1835 1437//1836
f 1359//1037 1358//1041 1437//1836 1438//1035
f 1365//1764 1364//85 3694//84 1439//804
f 1366//1765 1365//1764 1439//804 1440//806
f 1367//1766 1366//1765 1440//806 1441//1136
f 1368//1767 1367//1766 1441//1136 1442//1138
f 1369//1768 1368//1767 1442//1138 1443//89
f 1370//1769 1369//1768 1443//89 1444//1837
f 1371//1770 1370//1769 1444//1837 1445//1838
f 1372//1771 1371//1770 1445//1838 1446//1839
f 1373//1772 1372//1771 1446//1839 1447//1840
f 1374//1773 1373//1772 1447//1840 1448//1841
f 1375//1774 1374//1773 1448//1841 1449//1842
f 1376//1775 1375//1774 1449//1842 1450//1843
f 1377//1776 1376//1775 1450//1843 1451//1844
f 1378//1777 1377//1776 1451//1844 1452//1845
f 1379//1778 1378//1777 1452//1845 1453//1846
f 1380//1779 1379//1778 1453//1846 1454//1847
f 1381//1780 1380//1779 1454//1847 1455//1848
f 1382//1781 1381//1780 1455//1848 1456//1849
f 1383//1782 1382//1781 1456//1849 1457//1850
f 1384//1783 1383//1782 1457//1850 1458//1851
f 1385//1784 1384//1783 1458//1851 1459//1852
f 1386//1785 1385//1784 1459//1852 1460//1853
f 1387//1786 1386//1785 1460//1853 1461//1854
f 1388//1787 1387//1786 1461//1854 1462//1855
f 1389//1788 1388//1787 1462//1855 1463//1856
f 1390//1789 1389//1788 1463//1856 1464//1857
f 1391//1790 1390//1789 1464//1857 1465//1858
f 1392//1791 1391//1790 1465//1858 1466//1859
f 1393//1792 1392//1791 1466//1859 1467//1860
f 1394//1793 1393//1792 1467//1860 1468//1861
f 1395//1794 1394//1793 1468//1861 1469//1862
f 1396//1795 1395//1794 1469//1862 1470//1863
f 1397//1796 1396//1795 1470//1863 1471//1864
f 1398//1797 1397//1796 1471//1864 1472//1865
f 1399//1798 1398//1797 1472//1865 1473//1866
f 1400//1799 1399//1798 1473//1866 1474//1867
f 1401//1800 1400//1799 1474//1867 1475//1868
f 1402//1801 1401//1800 1475//1868 1476//1869
f 1403//1802 1402//1801 1476//1869 1477//1870
f 1404//1803 1403//1802 1477//1870 1478//1871
f 1405//1804 1404//1803 1478//1871 1479//1872
f 1406//1805 1405//1804 1479//1872 1480//1873
f 1407//1806 1406//1805 1480//1873 1481//1874
f 1408//1807 1407//1806 1481//1874 1482//1875
f 1409//1808 1408//1807 1482//1875 1483//1876
f 1410//1809 1409//1808 1483//1876 1484//1877
f 1411//1810 1410//1809 1484//1877 1485//1878
f 1412//1811 1411//1810 1485//1878 1486//1879
f 1413//1812 1412//1811 1486//1879 1487//1880
f 1414//1813 1413//1812 1487//1880 1488//1881
f 1415//1814 1414//1813 1488//1881 1489//1882
f 1416//1815 1415//1814 1489//1882 1490//1883
f 1417//1816 1416//1815 1490//1883 1491//1884
f 1418//1817 1417//1816 1491//1884 1492//1885
f 1419//1818 1418//1817 1492//1885 1493//1886
f 1420//1819 1419//1818 1493//1886 1494//1887
f 1421//1820 1420//1819 1494//1887 1495//1888
f 1422//1821 1421//1820 1495//1888 1496//1889
f 1423//1822 1422//1821 1496//1889 1497//1890
f 1424//1823 1423//1822 1497//1890 1498//1891
f 1425//1824 1424//1823 1498//1891 1499//1892
f 1426//1825 1425//1824 1499//1892 1500//1893
f 1427//1826 1426//1825 1500//1893 1501//1894
f 1428//1827 1427//1826 1501//1894 1502//1895
f 1429//1828 1428//1827 1502//1895 1503//1896
f 1430//1829 1429//1828 1503//1896 1504//1897
f 1431//1830 1430//1829 1504//1897 1505//1898
f 1432//1831 1431//1830 1505//1898 1506//1899
f 1433//1832 1432//1831 1506//1899 1507//1900
f 1434//1833 1433//1832 1507//1900 1508//1901
f 1435//1834 1434//1833 1508//1901 1509//1902
f 1436//1835 1435//1834 1509//1902 1510//1903
f 1437//1836 1436//1835 1510//1903 1511//1904
f 1438//1035 1437//1836 1511//1904 1512//226
f 1444//1837 1443//89 3695//88 1513//808
f 1445//1838 1444//1837 1513//808 1514//810
f 1446//1839 1445//1838 1514//810 1515//1140
f 1447//1840 1446//1839 1515//1140 1516//1142
f 1448//1841 1447//1840 1516//1142 1517//1143
f 1449//1842 1448//1841 1517//1143 1518//1144
f 1450//1843 1449//1842 1518//1144 1519//1905
f 1451//1844 1450//1843 1519//1905 1520//1906
f 1452//1845 1451//1844 1520//1906 1521//1907
f 1453//1846 1452//1845 1521//1907 1522//1908
f 1454//1847 1453//1846 1522//1908 1523//1909
f 1455//1848 1454//1847 1523//1909 1524//1910
f 1456//1849 1455//1848 1524//1910 1525//1911
f 1457//1850 1456//1849 1525//1911 1526//1912
f 1458//1851 1457//1850 1526//1912 1527//1913
f 1459//1852 1458//1851 1527//1913 1528//1914
f 1460//1853 1459//1852 1528//1914 1529//1915
f 1461//1854 1460//1853 1529//1915 1530//1916
f 1462//1855 1461//1854 1530//1916 1531//1917
f 1463//1856 1462//1855 1531//1917 1532//1918
f 1464//1857 1463//1856 1532//1918 1533//1919
f 1465//1858 1464//1857 1533//1919 1534//1920
f 1466//1859 1465//1858 1534//1920 1535//1921
f 1467//1860 1466//1859 1535//1921 1536//1922
f 1468//1861 1467//1860 1536//1922 1537//1923
f 1469//1862 1468//1861 1537//1923 1538//1924
f 1470//1863 1469//1862 1538//1924 1539//1925
f 1471//1864 1470//1863 1539//1925 1540//1926
f 1472//1865 1471//1864 1540//1926 1541//1927
f 1473//1866 1472//1865 1541//1927 1542//1928
f 1474//1867 1473//1866 1542//1928 1543//1929
f 1475//1868 1474//1867 1543//1929 1544//1930
f 1476//1869 1475//1868 1544//1930 1545//1931
f 1477//1870 1476//1869 1545//1931 1546//1932
f 1478//1871 1477//1870 1546//1932 1547//1933
f 1479//1872 1478//1871 1547//1933 1548//1934
f 1480//1873 1479//1872 1548//1934 1549//1935
f 1481//1874 1480//1873 1549//1935 1550//1936
f 1482//1875 1481//1874 1550//1936 1551//1937
f 1483//1876 1482//1875 1551//1937 1552//1938
f 1484//1877 1483//1876 1552//1938 1553//1939
f 1485//1878 1484//1877 1553//1939 1554//1940
f 1486//1879 1485//1878 1554//1940 1555//1941
f 1487//1880 1486//1879 1555//1941 1556//1942
f 1488//1881 1487//1880 1556//1942 1557//1943
f 1489//1882 1488//1881 1557//1943 1558//1944
f 1490//1883 1489//1882 1558//1944 1559//1945
f 1491//1884 1490//1883 1559//1945 1560//1946
f 1492//1885 1491//1884 1560//1946 1561//1947
f 1493//1886 1492//1885 1561//1947 1562//1948
f 1494//1887 1493//1886 1562//1948 1563//1949
f 1495//1888 1494//1887 1563//1949 1564//1950
f 1496//1889 1495//1888 1564//1950 1565//1951
f 1497//1890 1496//1889 1565//1951 1566//1952
f 1498//1891 1497//1890 1566//1952 1567//1953
f 1499//1892 1498//1891 1567//1953 1568//1954
f 1500//1893 1499//1892 1568//1954 1569//1955
f 1501//1894 1500//1893 1569//1955 1570//1956
f 1502//1895 1501//1894 1570//1956 1571//1957
f 1503//1896 1502//1895 1571//1957 1572//1958
f 1504//1897 1503//1896 1572//1958 1573//1959
f 1505//1898 1504//1897 1573//1959 1574//1960
f 1506//1899 1505//1898 1574//1960 1575//1961
f 1507//1900 1506//1899 1575//1961 1576//1962
f 1508//1901 1507//1900 1576//1962 1577//1963
f 1509//1902 1508//1901 1577//1963 1578//1033
f 1510//1903 1509//1902 1578//1033 1579//684
f 1511//1904 1510//1903 1579//684 1580//234
f 1512//226 1511//1904 1580//234 1581//236
f 1519//1905 1518//1144 1582//98 1583//812
f 1520//1906 1519//1905 1583//812 1584//1146
f 1521//1907 1520//1906 1584//1146 1585//1148
f 1522//1908 1521//1907 1585//1148 1586//1150
f 1523//1909 1522//1908 1586//1150 1587//100
f 1524//1910 1523//1909 1587//100 1588//1964
f 1525//1911 1524//1910 1588//1964 1589//1965
f 1526//1912 1525//1911 1589//1965 1590//1966
f 1527//1913 1526//1912 1590//1966 1591//1967
f 1528//1914 1527//1913 1591//1967 1592//1968
f 1529//1915 1528//1914 1592//1968 1593//1969
f 1530//1916 1529//1915 1593//1969 1594//1970
f 1531//1917 1530//1916 1594//1970 1595//1971
f 1532//1918 1531//1917 1595//1971 1596//1972
f 1533//1919 1532//1918 1596//1972 1597//1973
f 1534//1920 1533//1919 1597//1973 1598//1974
f 1535//1921 1534//1920 1598//1974 1599//1975
f 1536//1922 1535//1921 1599//1975 1600//1976
f 1537//1923 1536//1922 1600//1976 1601//1977
f 1538//1924 1537//1923 1601//1977 1602//1978
f 1539//1925 1538//1924 1602//1978 1603//1979
f 1540//1926 1539//1925 1603//1979 1604//1980
f 1541//1927 1540//1926 1604//1980 1605//1981
f 1542//1928 1541//1927 1605//1981 1606//1982
f 1543//1929 1542//1928 1606//1982 1607//1983
f 1544//1930 1543//1929 1607//1983 1608//1984
f 1545//1931 1544//1930 1608//1984 1609//1985
f 1546//1932 1545//1931 1609//1985 1610//1986
f 1547//1933 1546//1932 1610//1986 1611//1987
f 1548//1934 1547//1933 1611//1987 1612//1988
f 1549//1935 1548//1934 1612//1988 1613//1989
f 1550//1936 1549//1935 1613//1989 1614//1990
f 1551//1937 1550//1936 1614//1990 1615//1991
f 1552//1938 1551//1937 1615//1991 1616//1992
f 1553//1939 1552//1938 1616//1992 1617//1993
f 1554//1940 1553//1939 1617//1993 1618//1994
f 1555//1941 1554//1940 1618//1994 1619//1995
f 1556//1942 1555//1941 1619//1995 1620//1996
f 1557//1943 1556//1942 1620//1996 1621//1997
f 1558//1944 1557//1943 1621//1997 1622//1998
f 1559//1945 1558//1944 1622//1998 1623//1999
f 1560//1946 1559//1945 1623//1999 1624//2000
f 1561//1947 1560//1946 1624//2000 1625//2001
f 1562//1948 1561//1947 1625//2001 1626//2002
f 1563//1949 1562//1948 1626//2002 1627//2003
f 1564//1950 1563//1949 1627//2003 1628//2004
f 1565//1951 1564//1950 1628//2004 1629//2005
f 1566//1952 1565//1951 1629//2005 1630//2006
f 1567//1953 1566//1952 1630//2006 1631//2007
f 1568//1954 1567//1953 1631//2007 1632//2008
f 1569//1955 1568//1954 1632//2008 1633//2009
f 1570//1956 1569//1955 1633//2009 1634//2010
f 1571//1957 1570//1956 1634//2010 1635//2011
f 1572//1958 1571//1957 1635//2011 1636//2012
f 1573//1959 1572//1958 1636//2012 1637//2013
f 1574//1960 1573//1959 1637//2013 1638//2014
f 1575//1961 1574//1960 1638//2014 1639//2015
f 1576//1962 1575//1961 1639//2015 1640//1031
f 1577//1963 1576//1962 1640//1031 1641//1028
f 1578//1033 1577//1963 1641//1028 1642//239
f 1588//1964 1587//100 1653//99 1654//814
f 1589//1965 1588//1964 1654//814 1655//1152
f 1590//1966 1589//1965 1655//1152 1656//1154
f 1591//1967 1590//1966 1656//1154 1657//1156
f 1592//1968 1591//1967 1657//1156 1658//107
f 1593//1969 1592//1968 1658//107 1659//2016
f 1594//1970 1593//1969 1659//2016 1660//2017
f 1595//1971 1594//1970 1660//2017 1661//2018
f 1596//1972 1595//1971 1661//2018 1662//2019
f 1597//1973 1596//1972 1662//2019 1663//2020
f 1598//1974 1597//1973 1663//2020 1664//2021
f 1599//1975 1598//1974 1664//2021 1665//2022
f 1600//1976 1599//1975 1665//2022 1666//2023
f 1601//1977 1600//1976 1666//2023 1667//2024
f 1602//1978 1601//1977 1667//2024 1668//2025
f 1603//1979 1602//1978 1668//2025 1669//2026
f 1604//1980 1603//1979 1669//2026 1670//2027
f 1605//1981 1604//1980 1670//2027 1671//2028
f 1606//1982 1605//1981 1671//2028 1672//2029
f 1607//1983 1606//1982 1672//2029 1673//2030
f 1608//1984 1607//1983 1673//2030 1674//2031
f 1609//1985 1608//1984 1674//2031 1675//2032
f 1610//1986 1609//1985 1675//2032 1676//2033
f 1611//1987 1610//1986 1676//2033 1677//2034
f 1612//1988 1611//1987 1677//2034 1678//2035
f 1613//1989 1612//1988 1678//2035 1679//2036
f 1614//1990 1613//1989 1679//2036 1680//2037
f 1615//1991 1614//1990 1680//2037 1681//2038
f 1616//1992 1615//1991 1681//2038 1682//2039
f 1617//1993 1616//1992 1682//2039 1683//2040
f 1618//1994 1617//1993 1683//2040 1684//2041
f 1619//1995 1618//1994 1684//2041 1685//2042
f 1620//1996 1619//1995 1685//2042 1686//2043
f 1621//1997 1620//1996 1686//2043 1687//2044
f 1622//1998 1621//1997 1687//2044 1688//2045
f 1623//1999 1622//1998 1688//2045 1689//2046
f 1624//2000 1623//1999 1689//2046 1690//2047
f 1625//2001 1624//2000 1690//2047 1691//2048
f 1626//2002 1625//2001 1691//2048 1692//2049
f 1627//2003 1626//2002 1692//2049 1693//2050
f 1628//2004 1627//2003 1693//2050 1694//2051
f 1629//2005 1628//2004 1694//2051 1695//2052
f 1630//2006 1629//2005 1695//2052 1696//2053
f 1631//2007 1630//2006 1696//2053 1697//2054
f 1632//2008 1631//2007 1697//2054 1698//2055
f 1633//2009 1632//2008 1698//2055 1699//2056
f 1634//2010 1633//2009 1699//2056 1700//2057
f 1635//2011 1634//2010 1700//2057 1701//2058
f 1636//2012 1635//2011 1701//2058 1702//2059
f 1637//2013 1636//2012 1702//2059 1703//1027
f 1638//2014 1637//2013 1703//1027 1704//681
f 1639//2015 1638//2014 1704//681 1705//242
f 1640//1031 1639//2015 1705//242 1706//245
f 1640//1031 1706//245 282//248 283//1030
f 1644//1198 1643//1200 1707//1204 1708//2060
f 1645//1196 1644//1198 1708//2060 1709//2061
f 1646//1194 1645//1196 1709//2061 1710//2062
f 1647//1192 1646//1194 1710//2062 1711//2063
f 1648//1190 1647//1192 1711//2063 1712//2064
f 1649//841 1648//1190 1712//2064 1713//2065
f 1650//839 1649//841 1713//2065 1714//2066
f 1651//837 1650//839 1714//2066 1715//2067
f 1652//834 1651//837 1715//2067 1716//2068
f 3696//92 1652//834 1716//2068 1717//95
f 1659//2016 1658//107 1730//109 1731//816
f 1660//2017 1659//2016 1731//816 1732//1158
f 1661//2018 1660//2017 1732//1158 1733//1160
f 1662//2019 1661//2018 1733//1160 1734//227
f 1663//2020 1662//2019 1734//227 1735//2069
f 1664//2021 1663//2020 1735//2069 1736//2070
f 1665//2022 1664//2021 1736//2070 1737//2071
f 1666//2023 1665//2022 1737//2071 1738//2072
f 1667//2024 1666//2023 1738//2072 1739//2073
f 1668//2025 1667//2024 1739//2073 1740//2074
f 1669//2026 1668//2025 1740//2074 1741//2075
f 1670//2027 1669//2026 1741//2075 1742//2076
f 1671//2028 1670//2027 1742//2076 1743//2077
f 1672//2029 1671//2028 1743//2077 1744//2078
f 1673//2030 1672//2029 1744//2078 1745//2079
f 1674//2031 1673//2030 1745//2079 1746//2080
f 1675//2032 1674//2031 1746//2080 1747//2081
f 1676//2033 1675//2032 1747//2081 1748//2082
f 1677//2034 1676//2033 1748//2082 1749//2083
f 1678//2035 1677//2034 1749//2083 1750//2084
f 1679//2036 1678//2035 1750//2084 1751//2085
f 1680//2037 1679//2036 1751//2085 1752//2086
f 1681//2038 1680//2037 1752//2086 1753//2087
f 1682//2039 1681//2038 1753//2087 1754//2088
f 1683//2040 1682//2039 1754//2088 1755//2089
f 1684//2041 1683//2040 1755//2089 1756//2090
f 1685//2042 1684//2041 1756//2090 1757//2091
f 1686//2043 1685//2042 1757//2091 1758//2092
f 1687//2044 1686//2043 1758//2092 1759//2093
f 1688//2045 1687//2044 1759//2093 1760//2094
f 1689//2046 1688//2045 1760//2094 1761//2095
f 1690//2047 1689//2046 1761//2095 1762//2096
f 1691//2048 1690//2047 1762//2096 1763//2097
f 1692//2049 1691//2048 1763//2097 1764//2098
f 1693//2050 1692//2049 1764//2098 1765//2099
f 1694//2051 1693//2050 1765//2099 1766//2100
f 1695//2052 1694//2051 1766//2100 1767//2101
f 1696//2053 1695//2052 1767//2101 1768//2102
f 1697//2054 1696//2053 1768//2102 1769//2103
f 1698//2055 1697//2054 1769//2103 1770//2104
f 1699//2056 1698//2055 1770//2104 1771//2105
f 1700//2057 1699//2056 1771//2105 1772//2106
f 1701//2058 1700//2057 1772//2106 1773//262
f 1702//2059 1701//2058 1773//262 1774//1025
f 1703//1027 1702//2059 1774//1025 1775//266
f 1708//2060 1707//1204 1776//1206 1777//2107
f 1709//2061 1708//2060 1777//2107 1778//2108
f 1710//2062 1709//2061 1778//2108 1779//2109
f 1711//2063 1710//2062 1779//2109 1780//2110
f 1712//2064 1711//2063 1780//2110 1781//2111
f 1713//2065 1712//2064 1781//2111 1782//2112
f 1714//2066 1713//2065 1782//2112 1783//2113
f 1715//2067 1714//2066 1783//2113 1784//2114
f 1716//2068 1715//2067 1784//2114 1785//2115
f 1717//95 1716//2068 1785//2115 1786//2116
f 1718//1188 1717//95 1786//2116 1787//2117
f 1719//1186 1718//1188 1787//2117 1788//2118
f 1720//1184 1719//1186 1788//2118 1789//2119
f 1721//1182 1720//1184 1789//2119 1790//2120
f 1722//1180 1721//1182 1790//2120 1791//2121
f 1723//1178 1722//1180 1791//2121 1792//2122
f 1724//1176 1723//1178 1792//2122 1793//2123
f 1725//832 1724//1176 1793//2123 1794//2124
f 1726//831 1725//832 1794//2124 1795//2125
f 1727//829 1726//831 1795//2125 1796//2126
f 1728//827 1727//829 1796//2126 1797//2127
f 1729//103 1728//827 1797//2127 1798//106
f 1735//2069 1734//227 1810//229 1811//2128
f 1736//2070 1735//2069 1811//2128 1812//2129
f 1737//2071 1736//2070 1812//2129 1813//2130
f 1738//2072 1737//2071 1813//2130 1814//2131
f 1739//2073 1738//2072 1814//2131 1815//2132
f 1740//2074 1739//2073 1815//2132 1816//2133
f 1741//2075 1740//2074 1816//2133 1817//2134
f 1742//2076 1741//2075 1817//2134 1818//2135
f 1743//2077 1742//2076 1818//2135 1819//2136
f 1744//2078 1743//2077 1819//2136 1820//2137
f 1745//2079 1744//2078 1820//2137 1821//2138
f 1746//2080 1745//2079 1821//2138 1822//2139
f 1747//2081 1746//2080 1822//2139 1823//2140
f 1748//2082 1747//2081 1823//2140 1824//2141
f 1749//2083 1748//2082 1824//2141 1825//2142
f 1750//2084 1749//2083 1825//2142 1826//2143
f 1751//2085 1750//2084 1826//2143 1827//2144
f 1752//2086 1751//2085 1827//2144 1828//2145
f 1753//2087 1752//2086 1828//2145 1829//2146
f 1754//2088 1753//2087 1829//2146 1830//2147
f 1755//2089 1754//2088 1830//2147 1831//2148
f 1756//2090 1755//2089 1831//2148 1832//2149
f 1757//2091 1756//2090 1832//2149 1833//2150
f 1758//2092 1757//2091 1833//2150 1834//2151
f 1759//2093 1758//2092 1834//2151 1835//2152
f 1760//2094 1759//2093 1835//2152 1836//2153
f 1761//2095 1760//2094 1836//2153 1837//2154
f 1762//2096 1761//2095 1837//2154 1838//2155
f 1763//2097 1762//2096 1838//2155 1839//2156
f 1764//2098 1763//2097 1839//2156 1840//2157
f 1765//2099 1764//2098 1840//2157 1841//2158
f 1766//2100 1765//2099 1841//2158 1842//2159
f 1767//2101 1766//2100 1842//2159 1843//2160
f 1768//2102 1767//2101 1843//2160 1844//2161
f 1769//2103 1768//2102 1844//2161 1845//2162
f 1770//2104 1769//2103 1845//2162 1846//2163
f 1771//2105 1770//2104 1846//2163 1847//2164
f 1772//2106 1771//2105 1847//2164 1848//269
f 1773//262 1772//2106 1848//269 1849//263
f 1777//2107 1776//1206 1850//1208 1851//2165
f 1778//2108 1777//2107 1851//2165 1852//2166
f 1779//2109 1778//2108 1852//2166 1853//2167
f 1780//2110 1779//2109 1853//2167 1854//2168
f 1781//2111 1780//2110 1854//2168 1855//2169
f 1782//2112 1781//2111 1855//2169 1856//2170
f 1783//2113 1782//2112 1856//2170 1857//2171
f 1784//2114 1783//2113 1857//2171 1858//2172
f 1785//2115 1784//2114 1858//2172 1859//2173
f 1786//2116 1785//2115 1859//2173 1860//2174
f 1787//2117 1786//2116 1860//2174 1861//2175
f 1788//2118 1787//2117 1861//2175 1862//2176
f 1789//2119 1788//2118 1862//2176 1863//2177
f 1790//2120 1789//2119 1863//2177 1864//2178
f 1791//2121 1790//2120 1864//2178 1865//2179
f 1792//2122 1791//2121 1865//2179 1866//2180
f 1793//2123 1792//2122 1866//2180 1867//2181
f 1794//2124 1793//2123 1867//2181 1868//2182
f 1795//2125 1794//2124 1868//2182 1869//2183
f 1796//2126 1795//2125 1869//2183 1870//2184
f 1797//2127 1796//2126 1870//2184 1871//2185
f 1798//106 1797//2127 1871//2185 1872//2186
f 1799//1174 1798//106 1872//2186 1873//2187
f 1800//1172 1799//1174 1873//2187 1874//2188
f 1801//1170 1800//1172 1874//2188 1875//2189
f 1802//1168 1801//1170 1875//2189 1876//2190
f 1803//1166 1802//1168 1876//2190 1877//2191
f 1804//1164 1803//1166 1877//2191 1878//2192
f 1805//1162 1804//1164 1878//2192 1879//2193
f 1806//825 1805//1162 1879//2193 1880//2194
f 1807//823 1806//825 1880//2194 1881//2195
f 1808//820 1807//823 1881//2195 1882//2196
f 1809//819 1808//820 1882//2196 1883//2197
f 1810//229 1809//819 1883//2197 1884//2198
f 1811//2128 1810//229 1884//2198 1885//2199
f 1812//2129 1811//2128 1885//2199 1886//2200
f 1813//2130 1812//2129 1886//2200 1887//2201
f 1814//2131 1813//2130 1887//2201 1888//2202
f 1815//2132 1814//2131 1888//2202 1889//2203
f 1816//2133 1815//2132 1889//2203 1890//2204
f 1817//2134 1816//2133 1890//2204 1891//2205
f 1818//2135 1817//2134 1891//2205 1892//2206
f 1819//2136 1818//2135 1892//2206 1893//2207
f 1820//2137 1819//2136 1893//2207 1894//2208
f 1821//2138 1820//2137 1894//2208 1895//2209
f 1822//2139 1821//2138 1895//2209 1896//2210
f 1823//2140 1822//2139 1896//2210 1897//2211
f 1824//2141 1823//2140 1897//2211 1898//2212
f 1825//2142 1824//2141 1898//2212 1899//2213
f 1826//2143 1825//2142 1899//2213 1900//2214
f 1827//2144 1826//2143 1900//2214 1901//2215
f 1828//2145 1827//2144 1901//2215 1902//2216
f 1829//2146 1828//2145 1902//2216 1903//2217
f 1830//2147 1829//2146 1903//2217 1904//2218
f 1831//2148 1830//2147 1904//2218 1905//2219
f 1832//2149 1831//2148 1905//2219 1906//2220
f 1833//2150 1832//2149 1906//2220 1907//2221
f 1834//2151 1833//2150 1907//2221 1908//2222
f 1835//2152 1834//2151 1908//2222 1909//2223
f 1836//2153 1835//2152 1909//2223 1910//2224
f 1837//2154 1836//2153 1910//2224 1911//2225
f 1838//2155 1837//2154 1911//2225 1912//2226
f 1839//2156 1838//2155 1912//2226 1913//2227
f 1840//2157 1839//2156 1913//2227 1914//2228
f 1841//2158 1840//2157 1914//2228 1915//2229
f 1842//2159 1841//2158 1915//2229 1916//2230
f 1843//2160 1842//2159 1916//2230 1917//2231
f 1844//2161 1843//2160 1917//2231 1918//2232
f 1845//2162 1844//2161 1918//2232 1919//2233
f 1846//2163 1845//2162 1919//2233 1920//286
f 1847//2164 1846//2163 1920//286 1921//1023
f 1848//269 1847//2164 1921//1023 1922//270
f 1851//2165 1850//1208 1923//1210 1924//2234
f 1852//2166 1851//2165 1924//2234 1925//2235
f 1853//2167 1852//2166 1925//2235 1926//2236
f 1854//2168 1853//2167 1926//2236 1927//2237
f 1855//2169 1854//2168 1927//2237 1928//2238
f 1856//2170 1855//2169 1928//2238 1929//2239
f 1857//2171 1856//2170 1929//2239 1930//2240
f 1858//2172 1857//2171 1930//2240 1931//2241
f 1859//2173 1858//2172 1931//2241 1932//2242
f 1860//2174 1859//2173 1932//2242 1933//2243
f 1861//2175 1860//2174 1933//2243 1934//2244
f 1862//2176 1861//2175 1934//2244 1935//2245
f 1863//2177 1862//2176 1935//2245 1936//2246
f 1864//2178 1863//2177 1936//2246 1937//2247
f 1865//2179 1864//2178 1937//2247 1938//2248
f 1866//2180 1865//2179 1938//2248 1939//2249
f 1867//2181 1866//2180 1939//2249 1940//2250
f 1868//2182 1867//2181 1940//2250 1941//2251
f 1869//2183 1868//2182 1941//2251 1942//2252
f 1870//2184 1869//2183 1942//2252 1943//2253
f 1871//2185 1870//2184 1943//2253 1944//2254
f 1872//2186 1871//2185 1944//2254 1945//2255
f 1873//2187 1872//2186 1945//2255 1946//2256
f 1874//2188 1873//2187 1946//2256 1947//2257
f 1875//2189 1874//2188 1947//2257 1948//2258
f 1876//2190 1875//2189 1948//2258 1949//2259
f 1877//2191 1876//2190 1949//2259 1950//2260
f 1878//2192 1877//2191 1950//2260 1951//2261
f 1879//2193 1878//2192 1951//2261 1952//2262
f 1880//2194 1879//2193 1952//2262 1953//2263
f 1881//2195 1880//2194 1953//2263 1954//2264
f 1882//2196 1881//2195 1954//2264 1955//2265
f 1883//2197 1882//2196 1955//2265 1956//2266
f 1884//2198 1883//2197 1956//2266 1957//2267
f 1885//2199 1884//2198 1957//2267 1958//2268
f 1886//2200 1885//2199 1958//2268 1959//2269
f 1887//2201 1886//2200 1959//2269 1960//2270
f 1888//2202 1887//2201 1960//2270 1961//2271
f 1889//2203 1888//2202 1961//2271 1962//2272
f 1890//2204 1889//2203 1962//2272 1963//2273
f 1891//2205 1890//2204 1963//2273 1964//2274
f 1892//2206 1891//2205 1964//2274 1965//2275
f 1893//2207 1892//2206 1965//2275 1966//2276
f 1894//2208 1893//2207 1966//2276 1967//2277
f 1895//2209 1894//2208 1967//2277 1968//2278
f 1896//2210 1895//2209 1968//2278 1969//2279
f 1897//2211 1896//2210 1969//2279 1970//2280
f 1898//2212 1897//2211 1970//2280 1971//2281
f 1899//2213 1898//2212 1971//2281 1972//2282
f 1900//2214 1899//2213 1972//2282 1973//2283
f 1901//2215 1900//2214 1973//2283 1974//2284
f 1902//2216 1901//2215 1974//2284 1975//2285
f 1903//2217 1902//2216 1975//2285 1976//2286
f 1904//2218 1903//2217 1976//2286 1977//2287
f 1905//2219 1904//2218 1977//2287 1978//2288
f 1906//2220 1905//2219 1978//2288 1979//2289
f 1907//2221 1906//2220 1979//2289 1980//2290
f 1908//2222 1907//2221 1980//2290 1981//2291
f 1909//2223 1908//2222 1981//2291 1982//2292
f 1910//2224 1909//2223 1982//2292 1983//251
f 1911//2225 1910//2224 1983//251 1984//250
f 1912//2226 1911//2225 1984//250 1985//1309
f 1913//2227 1912//2226 1985//1309 1986//2293
f 1914//2228 1913//2227 1986//2293 1987//275
f 1915//2229 1914//2228 1987//275 1988//274
f 1916//2230 1915//2229 1988//274 1989//2294
f 1917//2231 1916//2230 1989//2294 1990//2295
f 1918//2232 1917//2231 1990//2295 1991//2296
f 1919//2233 1918//2232 1991//2296 1992//289
f 1920//286 1919//2233 1992//289 1993//284
f 1924//2234 1923//1210 1994//1212 1995//2297
f 1925//2235 1924//2234 1995//2297 1996//2298
f 1926//2236 1925//2235 1996//2298 1997//2299
f 1927//2237 1926//2236 1997//2299 1998//2300
f 1928//2238 1927//2237 1998//2300 1999//2301
f 1929//2239 1928//2238 1999//2301 2000//2302
f 1930//2240 1929//2239 2000//2302 2001//2303
f 1931//2241 1930//2240 2001//2303 2002//2304
f 1932//2242 1931//2241 2002//2304 2003//2305
f 1933//2243 1932//2242 2003//2305 2004//2306
f 1934//2244 1933//2243 2004//2306 2005//2307
f 1935//2245 1934//2244 2005//2307 2006//2308
f 1936//2246 1935//2245 2006//2308 2007//2309
f 1937//2247 1936//2246 2007//2309 2008//2310
f 1938//2248 1937//2247 2008//2310 2009//2311
f 1939//2249 1938//2248 2009//2311 2010//2312
f 1940//2250 1939//2249 2010//2312 2011//2313
f 1941//2251 1940//2250 2011//2313 2012//2314
f 1942//2252 1941//2251 2012//2314 2013//2315
f 1943//2253 1942//2252 2013//2315 2014//2316
f 1944//2254 1943//2253 2014//2316 2015//2317
f 1945//2255 1944//2254 2015//2317 2016//2318
f 1946//2256 1945//2255 2016//2318 2017//2319
f 1947//2257 1946//2256 2017//2319 2018//2320
f 1948//2258 1947//2257 2018//2320 2019//2321
f 1949//2259 1948//2258 2019//2321 2020//2322
f 1950//2260 1949//2259 2020//2322 2021//2323
f 1951//2261 1950//2260 2021//2323 2022//2324
f 1952//2262 1951//2261 2022//2324 2023//2325
f 1953//2263 1952//2262 2023//2325 2024//2326
f 1954//2264 1953//2263 2024//2326 2025//2327
f 1955//2265 1954//2264 2025//2327 2026//2328
f 1956//2266 1955//2265 2026//2328 2027//2329
f 1957//2267 1956//2266 2027//2329 2028//2330
f 1958//2268 1957//2267 2028//2330 2029//2331
f 1959//2269 1958//2268 2029//2331 2030//2332
f 1960//2270 1959//2269 2030//2332 2031//2333
f 1961//2271 1960//2270 2031//2333 2032//2334
f 1962//2272 1961//2271 2032//2334 2033//2335
f 1963//2273 1962//2272 2033//2335 2034//2336
f 1964//2274 1963//2273 2034//2336 2035//2337
f 1965//2275 1964//2274 2035//2337 2036//2338
f 1966//2276 1965//2275 2036//2338 2037//2339
f 1967//2277 1966//2276 2037//2339 2038//2340
f 1968//2278 1967//2277 2038//2340 2039//2341
f 1969//2279 1968//2278 2039//2341 2040//2342
f 1970//2280 1969//2279 2040//2342 2041//2343
f 1971//2281 1970//2280 2041//2343 2042//2344
f 1972//2282 1971//2281 2042//2344 2043//2345
f 1973//2283 1972//2282 2043//2345 2044//2346
f 1974//2284 1973//2283 2044//2346 2045//2347
f 1975//2285 1974//2284 2045//2347 2046//2348
f 1976//2286 1975//2285 2046//2348 2047//2349
f 1977//2287 1976//2286 2047//2349 2048//2350
f 1978//2288 1977//2287 2048//2350 2049//2351
f 1979//2289 1978//2288 2049//2351 2050//2352
f 1980//2290 1979//2289 2050//2352 2051//2353
f 1981//2291 1980//2290 2051//2353 2052//2354
f 1982//2292 1981//2291 2052//2354 2053//2355
f 1983//251 1982//2292 2053//2355 2054//1311
f 1986//2293 1985//1309 2055//1308 2056//2356
f 1987//275 1986//2293 2056//2356 2057//1326
f 1989//2294 1988//274 803//273 2059//278
f 1990//2295 1989//2294 2059//278 2060//281
f 1991//2296 1990//2295 2060//281 2061//1020
f 1992//289 1991//2296 2061//1020 2062//290
f 1995//2297 1994//1212 2063//1214 2064//2357
f 1996//2298 1995//2297 2064//2357 2065//2358
f 1997//2299 1996//2298 2065//2358 2066//2359
f 1998//2300 1997//2299 2066//2359 2067//2360
f 1999//2301 1998//2300 2067//2360 2068//2361
f 2000//2302 1999//2301 2068//2361 2069//2362
f 2001//2303 2000//2302 2069//2362 2070//2363
f 2002//2304 2001//2303 2070//2363 2071//2364
f 2003//2305 2002//2304 2071//2364 2072//2365
f 2004//2306 2003//2305 2072//2365 2073//2366
f 2005//2307 2004//2306 2073//2366 2074//2367
f 2006//2308 2005//2307 2074//2367 2075//2368
f 2007//2309 2006//2308 2075//2368 2076//2369
f 2008//2310 2007//2309 2076//2369 2077//2370
f 2009//2311 2008//2310 2077//2370 2078//2371
f 2010//2312 2009//2311 2078//2371 2079//2372
f 2011//2313 2010//2312 2079//2372 2080//2373
f 2012//2314 2011//2313 2080//2373 2081//2374
f 2013//2315 2012//2314 2081//2374 2082//2375
f 2014//2316 2013//2315 2082//2375 2083//2376
f 2015//2317 2014//2316 2083//2376 2084//2377
f 2016//2318 2015//2317 2084//2377 2085//2378
f 2017//2319 2016//2318 2085//2378 2086//2379
f 2018//2320 2017//2319 2086//2379 2087//2380
f 2019//2321 2018//2320 2087//2380 2088//2381
f 2020//2322 2019//2321 2088//2381 2089//2382
f 2021//2323 2020//2322 2089//2382 2090//2383
f 2022//2324 2021//2323 2090//2383 2091//2384
f 2023//2325 2022//2324 2091//2384 2092//2385
f 2024//2326 2023//2325 2092//2385 2093//2386
f 2025//2327 2024//2326 2093//2386 2094//2387
f 2026//2328 2025//2327 2094//2387 2095//2388
f 2027//2329 2026//2328 2095//2388 2096//2389
f 2028//2330 2027//2329 2096//2389 2097//2390
f 2029//2331 2028//2330 2097//2390 2098//2391
f 2030//2332 2029//2331 2098//2391 2099//2392
f 2031//2333 2030//2332 2099//2392 2100//2393
f 2032//2334 2031//2333 2100//2393 2101//2394
f 2033//2335 2032//2334 2101//2394 2102//2395
f 2034//2336 2033//2335 2102//2395 2103//2396
f 2035//2337 2034//2336 2103//2396 2104//2397
f 2036//2338 2035//2337 2104//2397 2105//2398
f 2037//2339 2036//2338 2105//2398 2106//2399
f 2038//2340 2037//2339 2106//2399 2107//2400
f 2039//2341 2038//2340 2107//2400 2108//2401
f 2040//2342 2039//2341 2108//2401 2109//2402
f 2041//2343 2040//2342 2109//2402 2110//2403
f 2042//2344 2041//2343 2110//2403 2111//2404
f 2043//2345 2042//2344 2111//2404 2112//2405
f 2044//2346 2043//2345 2112//2405 2113//2406
f 2045//2347 2044//2346 2113//2406 2114//2407
f 2046//2348 2045//2347 2114//2407 2115//2408
f 2047//2349 2046//2348 2115//2408 2116//2409
f 2048//2350 2047//2349 2116//2409 2117//2410
f 2049//2351 2048//2350 2117//2410 2118//2411
f 2050//2352 2049//2351 2118//2411 2119//2412
f 2051//2353 2050//2352 2119//2412 2120//2413
f 2052//2354 2051//2353 2120//2413 2121//2414
f 2053//2355 2052//2354 2121//2414 2122//2415
f 2054//1311 2053//2355 2122//2415 2123//1310
f 2056//2356 2055//1308 2124//1306 2125//255
f 2057//1326 2056//2356 2125//255 2126//254
f 2059//278 2058//277 2127//903 2128//2416
f 2060//281 2059//278 2128//2416 2129//282
f 2064//2357 2063//1214 2130//1216 2131//2417
f 2065//2358 2064//2357 2131//2417 2132//2418
f 2066//2359 2065//2358 2132//2418 2133//2419
f 2067//2360 2066//2359 2133//2419 2134//2420
f 2068//2361 2067//2360 2134//2420 2135//2421
f 2069//2362 2068//2361 2135//2421 2136//2422
f 2070//2363 2069//2362 2136//2422 2137//2423
f 2071//2364 2070//2363 2137//2423 2138//2424
f 2072//2365 2071//2364 2138//2424 2139//2425
f 2073//2366 2072//2365 2139//2425 2140//2426
f 2074//2367 2073//2366 2140//2426 2141//2427
f 2075//2368 2074//2367 2141//2427 2142//2428
f 2076//2369 2075//2368 2142//2428 2143//2429
f 2077//2370 2076//2369 2143//2429 2144//2430
f 2078//2371 2077//2370 2144//2430 2145//2431
f 2079//2372 2078//2371 2145//2431 2146//2432
f 2080//2373 2079//2372 2146//2432 2147//2433
f 2081//2374 2080//2373 2147//2433 2148//2434
f 2082//2375 2081//2374 2148//2434 2149//2435
f 2083//2376 2082//2375 2149//2435 2150//2436
f 2084//2377 2083//2376 2150//2436 2151//2437
f 2085//2378 2084//2377 2151//2437 2152//2438
f 2086//2379 2085//2378 2152//2438 2153//2439
f 2087//2380 2086//2379 2153//2439 2154//2440
f 2088//2381 2087//2380 2154//2440 2155//2441
f 2089//2382 2088//2381 2155//2441 2156//2442
f 2090//2383 2089//2382 2156//2442 2157//2443
f 2091//2384 2090//2383 2157//2443 2158//2444
f 2092//2385 2091//2384 2158//2444 2159//2445
f 2093//2386 2092//2385 2159//2445 2160//2446
f 2094//2387 2093//2386 2160//2446 2161//2447
f 2095//2388 2094//2387 2161//2447 2162//2448
f 2096//2389 2095//2388 2162//2448 2163//2449
f 2097//2390 2096//2389 2163//2449 2164//2450
f 2098//2391 2097//2390 2164//2450 2165//2451
f 2099//2392 2098//2391 2165//2451 2166//2452
f 2100//2393 2099//2392 2166//2452 2167//2453
f 2101//2394 2100//2393 2167//2453 2168//2454
f 2102//2395 2101//2394 2168//2454 2169//2455
f 2103//2396 2102//2395 2169//2455 2170//2456
f 2104//2397 2103//2396 2170//2456 2171//2457
f 2105//2398 2104//2397 2171//2457 2172//2458
f 2106//2399 2105//2398 2172//2458 2173//2459
f 2107//2400 2106//2399 2173//2459 2174//2460
f 2108//2401 2107//2400 2174//2460 2175//2461
f 2109//2402 2108//2401 2175//2461 2176//2462
f 2110//2403 2109//2402 2176//2462 2177//2463
f 2111//2404 2110//2403 2177//2463 2178//2464
f 2112//2405 2111//2404 2178//2464 2179//2465
f 2113//2406 2112//2405 2179//2465 2180//2466
f 2114//2407 2113//2406 2180//2466 2181//2467
f 2115//2408 2114//2407 2181//2467 2182//2468
f 2116//2409 2115//2408 2182//2468 2183//2469
f 2117//2410 2116//2409 2183//2469 2184//2470
f 2118//2411 2117//2410 2184//2470 2185//2471
f 2119//2412 2118//2411 2185//2471 2186//2472
f 2120//2413 2119//2412 2186//2472 2187//2473
f 2121//2414 2120//2413 2187//2473 2188//2474
f 2122//2415 2121//2414 2188//2474 2189//2475
f 2123//1310 2122//2415 2189//2475 2190//1312
f 2125//255 2124//1306 2191//257 2192//260
f 2128//2416 2127//903 2193//280 2194//677
f 2129//282 2128//2416 2194//677 3697//676
f 2131//2417 2130//1216 2195//1218 2196//2476
f 2132//2418 2131//2417 2196//2476 2197//2477
f 2133//2419 2132//2418 2197//2477 2198//2478
f 2134//2420 2133//2419 2198//2478 2199//2479
f 2135//2421 2134//2420 2199//2479 2200//2480
f 2136//2422 2135//2421 2200//2480 2201//2481
f 2137//2423 2136//2422 2201//2481 2202//2482
f 2138//2424 2137//2423 2202//2482 2203//2483
f 2139//2425 2138//2424 2203//2483 2204//2484
f 2140//2426 2139//2425 2204//2484 2205//2485
f 2141//2427 2140//2426 2205//2485 2206//2486
f 2142//2428 2141//2427 2206//2486 2207//2487
f 2143//2429 2142//2428 2207//2487 2208//2488
f 2144//2430 2143//2429 2208//2488 2209//2489
f 2145//2431 2144//2430 2209//2489 2210//2490
f 2146//2432 2145//2431 2210//2490 2211//2491
f 2147//2433 2146//2432 2211//2491 2212//2492
f 2148//2434 2147//2433 2212//2492 2213//2493
f 2149//2435 2148//2434 2213//2493 2214//2494
f 2150//2436 2149//2435 2214//2494 2215//2495
f 2151//2437 2150//2436 2215//2495 2216//2496
f 2152//2438 2151//2437 2216//2496 2217//2497
f 2153//2439 2152//2438 2217//2497 2218//2498
f 2154//2440 2153//2439 2218//2498 2219//2499
f 2155//2441 2154//2440 2219//2499 2220//2500
f 2156//2442 2155//2441 2220//2500 2221//2501
f 2157//2443 2156//2442 2221//2501 2222//2502
f 2158//2444 2157//2443 2222//2502 2223//2503
f 2159//2445 2158//2444 2223//2503 2224//2504
f 2160//2446 2159//2445 2224//2504 2225//2505
f 2161//2447 2160//2446 2225//2505 2226//2506
f 2162//2448 2161//2447 2226//2506 2227//2507
f 2163//2449 2162//2448 2227//2507 2228//2508
f 2164//2450 2163//2449 2228//2508 2229//2509
f 2165//2451 2164//2450 2229//2509 2230//2510
f 2166//2452 2165//2451 2230//2510 2231//2511
f 2167//2453 2166//2452 2231//2511 2232//2512
f 2168//2454 2167//2453 2232//2512 2233//2513
f 2169//2455 2168//2454 2233//2513 2234//2514
f 2170//2456 2169//2455 2234//2514 2235//2515
f 2171//2457 2170//2456 2235//2515 2236//2516
f 2172//2458 2171//2457 2236//2516 2237//2517
f 2173//2459 2172//2458 2237//2517 2238//2518
f 2174//2460 2173//2459 2238//2518 2239//2519
f 2175//2461 2174//2460 2239//2519 2240//2520
f 2176//2462 2175//2461 2240//2520 2241//2521
f 2177//2463 2176//2462 2241//2521 2242//2522
f 2178//2464 2177//2463 2242//2522 2243//2523
f 2179//2465 2178//2464 2243//2523 2244//2524
f 2180//2466 2179//2465 2244//2524 2245//2525
f 2181//2467 2180//2466 2245//2525 2246//2526
f 2182//2468 2181//2467 2246//2526 2247//2527
f 2183//2469 2182//2468 2247//2527 2248//2528
f 2184//2470 2183//2469 2248//2528 2249//2529
f 2185//2471 2184//2470 2249//2529 2250//2530
f 2186//2472 2185//2471 2250//2530 2251//2531
f 2187//2473 2186//2472 2251//2531 2252//2532
f 2188//2474 2187//2473 2252//2532 2253//2533
f 2189//2475 2188//2474 2253//2533 2254//2534
f 2190//1312 2189//2475 2254//2534 2255//419
f 2194//677 2193//280 2257//431 2258//436
f 2196//2476 2195//1218 2259//842 2260//2535
f 2197//2477 2196//2476 2260//2535 2261//2536
f 2198//2478 2197//2477 2261//2536 2262//2537
f 2199//2479 2198//2478 2262//2537 2263//2538
f 2200//2480 2199//2479 2263//2538 2264//2539
f 2201//2481 2200//2480 2264//2539 2265//2540
f 2202//2482 2201//2481 2265//2540 2266//2541
f 2203//2483 2202//2482 2266//2541 2267//2542
f 2204//2484 2203//2483 2267//2542 2268//2543
f 2205//2485 2204//2484 2268//2543 2269//2544
f 2206//2486 2205//2485 2269//2544 2270//2545
f 2207//2487 2206//2486 2270//2545 2271//2546
f 2208//2488 2207//2487 2271//2546 2272//2547
f 2209//2489 2208//2488 2272//2547 2273//2548
f 2210//2490 2209//2489 2273//2548 2274//2549
f 2211//2491 2210//2490 2274//2549 2275//2550
f 2212//2492 2211//2491 2275//2550 2276//2551
f 2213//2493 2212//2492 2276//2551 2277//2552
f 2214//2494 2213//2493 2277//2552 2278//2553
f 2215//2495 2214//2494 2278//2553 2279//2554
f 2216//2496 2215//2495 2279//2554 2280//2555
f 2217//2497 2216//2496 2280//2555 2281//2556
f 2218//2498 2217//2497 2281//2556 2282//2557
f 2219//2499 2218//2498 2282//2557 2283//2558
f 2220//2500 2219//2499 2283//2558 2284//2559
f 2221//2501 2220//2500 2284//2559 2285//2560
f 2222//2502 2221//2501 2285//2560 2286//2561
f 2223//2503 2222//2502 2286//2561 2287//2562
f 2224//2504 2223//2503 2287//2562 2288//2563
f 2225//2505 2224//2504 2288//2563 2289//2564
f 2226//2506 2225//2505 2289//2564 2290//2565
f 2227//2507 2226//2506 2290//2565 2291//2566
f 2228//2508 2227//2507 2291//2566 2292//2567
f 2229//2509 2228//2508 2292//2567 2293//2568
f 2230//2510 2229//2509 2293//2568 2294//2569
f 2231//2511 2230//2510 2294//2569 2295//2570
f 2232//2512 2231//2511 2295//2570 2296//2571
f 2233//2513 2232//2512 2296//2571 2297//2572
f 2234//2514 2233//2513 2297//2572 2298//2573
f 2235//2515 2234//2514 2298//2573 2299//2574
f 2236//2516 2235//2515 2299//2574 2300//2575
f 2237//2517 2236//2516 2300//2575 2301//2576
f 2238//2518 2237//2517 2301//2576 2302//2577
f 2239//2519 2238//2518 2302//2577 2303//2578
f 2240//2520 2239//2519 2303//2578 2304//2579
f 2241//2521 2240//2520 2304//2579 2305//2580
f 2242//2522 2241//2521 2305//2580 2306//2581
f 2243//2523 2242//2522 2306//2581 2307//2582
f 2244//2524 2243//2523 2307//2582 2308//2583
f 2245//2525 2244//2524 2308//2583 2309//2584
f 2246//2526 2245//2525 2309//2584 2310//2585
f 2247//2527 2246//2526 2310//2585 2311//2586
f 2248//2528 2247//2527 2311//2586 2312//2587
f 2249//2529 2248//2528 2312//2587 2313//2588
f 2250//2530 2249//2529 2313//2588 2314//2589
f 2251//2531 2250//2530 2314//2589 2315//2590
f 2252//2532 2251//2531 2315//2590 2316//2591
f 2253//2533 2252//2532 2316//2591 2317//2592
f 2254//2534 2253//2533 2317//2592 2318//2593
f 2255//419 2254//2534 2318//2593 2319//1313
f 2258//436 2257//431 2321//898 2322//1016
f 2260//2535 2259//842 2323//845 2324//2594
f 2261//2536 2260//2535 2324//2594 2325//2595
f 2262//2537 2261//2536 2325//2595 2326//2596
f 2263//2538 2262//2537 2326//2596 2327//2597
f 2264//2539 2263//2538 2327//2597 2328//2598
f 2265//2540 2264//2539 2328//2598 2329//2599
f 2266//2541 2265//2540 2329//2599 2330//2600
f 2267//2542 2266//2541 2330//2600 2331//2601
f 2268//2543 2267//2542 2331//2601 2332//2602
f 2269//2544 2268//2543 2332//2602 2333//2603
f 2270//2545 2269//2544 2333//2603 2334//2604
f 2271//2546 2270//2545 2334//2604 2335//2605
f 2272//2547 2271//2546 2335//2605 2336//2606
f 2273//2548 2272//2547 2336//2606 2337//2607
f 2274//2549 2273//2548 2337//2607 2338//2608
f 2275//2550 2274//2549 2338//2608 2339//2609
f 2276//2551 2275//2550 2339//2609 2340//2610
f 2277//2552 2276//2551 2340//2610 2341//2611
f 2278//2553 2277//2552 2341//2611 2342//2612
f 2279//2554 2278//2553 2342//2612 2343//2613
f 2280//2555 2279//2554 2343//2613 2344//2614
f 2281//2556 2280//2555 2344//2614 2345//2615
f 2282//2557 2281//2556 2345//2615 2346//2616
f 2283//2558 2282//2557 2346//2616 2347//2617
f 2284//2559 2283//2558 2347//2617 2348//2618
f 2285//2560 2284//2559 2348//2618 2349//2619
f 2286//2561 2285//2560 2349//2619 2350//2620
f 2287//2562 2286//2561 2350//2620 2351//2621
f 2288//2563 2287//2562 2351//2621 2352//2622
f 2289//2564 2288//2563 2352//2622 2353//2623
f 2290//2565 2289//2564 2353//2623 2354//2624
f 2291//2566 2290//2565 2354//2624 2355//2625
f 2292//2567 2291//2566 2355//2625 2356//2626
f 2293//2568 2292//2567 2356//2626 2357//2627
f 2294//2569 2293//2568 2357//2627 2358//2628
f 2295//2570 2294//2569 2358//2628 2359//2629
f 2296//2571 2295//2570 2359//2629 2360//2630
f 2297//2572 2296//2571 2360//2630 2361//2631
f 2298//2573 2297//2572 2361//2631 2362//2632
f 2299//2574 2298//2573 2362//2632 2363//2633
f 2300//2575 2299//2574 2363//2633 2364//2634
f 2301//2576 2300//2575 2364//2634 2365//2635
f 2302//2577 2301//2576 2365//2635 2366//2636
f 2303//2578 2302//2577 2366//2636 2367//2637
f 2304//2579 2303//2578 2367//2637 2368//2638
f 2305//2580 2304//2579 2368//2638 2369//2639
f 2306//2581 2305//2580 2369//2639 2370//2640
f 2307//2582 2306//2581 2370//2640 2371//2641
f 2308//2583 2307//2582 2371//2641 2372//2642
f 2309//2584 2308//2583 2372//2642 2373//2643
f 2310//2585 2309//2584 2373//2643 2374//2644
f 2311//2586 2310//2585 2374//2644 2375//2645
f 2312//2587 2311//2586 2375//2645 2376//2646
f 2313//2588 2312//2587 2376//2646 2377//2647
f 2314//2589 2313//2588 2377//2647 2378//2648
f 2315//2590 2314//2589 2378//2648 2379//2649
f 2316//2591 2315//2590 2379//2649 2380//2650
f 2317//2592 2316//2591 2380//2650 2381//2651
f 2318//2593 2317//2592 2381//2651 2382//2652
f 2319//1313 2318//2593 2382//2652 2383//1314
f 2322//1016 2321//898 2386//435 2387//674
f 2324//2594 2323//845 2388//847 2389//2653
f 2325//2595 2324//2594 2389//2653 2390//2654
f 2326//2596 2325//2595 2390//2654 2391//2655
f 2327//2597 2326//2596 2391//2655 2392//2656
f 2328//2598 2327//2597 2392//2656 2393//2657
f 2329//2599 2328//2598 2393//2657 2394//2658
f 2330//2600 2329//2599 2394//2658 2395//2659
f 2331//2601 2330//2600 2395//2659 2396//2660
f 2332//2602 2331//2601 2396//2660 2397//2661
f 2333//2603 2332//2602 2397//2661 2398//2662
f 2334//2604 2333//2603 2398//2662 2399//2663
f 2335//2605 2334//2604 2399//2663 2400//2664
f 2336//2606 2335//2605 2400//2664 2401//2665
f 2337//2607 2336//2606 2401//2665 2402//2666
f 2338//2608 2337//2607 2402//2666 2403//2667
f 2339//2609 2338//2608 2403//2667 2404//2668
f 2340//2610 2339//2609 2404//2668 2405//2669
f 2341//2611 2340//2610 2405//2669 2406//2670
f 2342//2612 2341//2611 2406//2670 2407//2671
f 2343//2613 2342//2612 2407//2671 2408//2672
f 2344//2614 2343//2613 2408//2672 2409//2673
f 2345//2615 2344//2614 2409//2673 2410//2674
f 2346//2616 2345//2615 2410//2674 2411//2675
f 2347//2617 2346//2616 2411//2675 2412//2676
f 2348//2618 2347//2617 2412//2676 2413//2677
f 2349//2619 2348//2618 2413//2677 2414//2678
f 2350//2620 2349//2619 2414//2678 2415//2679
f 2351//2621 2350//2620 2415//2679 2416//2680
f 2352//2622 2351//2621 2416//2680 2417//2681
f 2353//2623 2352//2622 2417//2681 2418//2682
f 2354//2624 2353//2623 2418//2682 2419//2683
f 2355//2625 2354//2624 2419//2683 2420//2684
f 2356//2626 2355//2625 2420//2684 2421//2685
f 2357//2627 2356//2626 2421//2685 2422//2686
f 2358//2628 2357//2627 2422//2686 2423//2687
f 2359//2629 2358//2628 2423//2687 2424//2688
f 2360//2630 2359//2629 2424//2688 2425//2689
f 2361//2631 2360//2630 2425//2689 2426//2690
f 2362//2632 2361//2631 2426//2690 2427//2691
f 2363//2633 2362//2632 2427//2691 2428//2692
f 2364//2634 2363//2633 2428//2692 2429//2693
f 2365//2635 2364//2634 2429//2693 2430//2694
f 2366//2636 2365//2635 2430//2694 2431//2695
f 2367//2637 2366//2636 2431//2695 2432//2696
f 2368//2638 2367//2637 2432//2696 2433//2697
f 2369//2639 2368//2638 2433//2697 2434//2698
f 2370//2640 2369//2639 2434//2698 2435//2699
f 2371//2641 2370//2640 2435//2699 2436//2700
f 2372//2642 2371//2641 2436//2700 2437//2701
f 2373//2643 2372//2642 2437//2701 2438//2702
f 2374//2644 2373//2643 2438//2702 2439//2703
f 2375//2645 2374//2644 2439//2703 2440//2704
f 2376//2646 2375//2645 2440//2704 2441//2705
f 2377//2647 2376//2646 2441//2705 2442//2706
f 2378//2648 2377//2647 2442//2706 2443//2707
f 2379//2649 2378//2648 2443//2707 2444//2708
f 2380//2650 2379//2649 2444//2708 2445//2709
f 2381//2651 2380//2650 2445//2709 2446//2710
f 2382//2652 2381//2651 2446//2710 2447//2711
f 2383//1314 2382//2652 2447//2711 2448//1316
f 2385//427 2384//425 2449//1322 2450//2712
f 3698//432 2385//427 2450//2712 2451//902
f 2387//674 2386//435 2452//901 2453//2713
f 2387//674 2453//2713 2454//441 3699//440
f 2389//2653 2388//847 2455//849 2456//2714
f 2390//2654 2389//2653 2456//2714 2457//2715
f 2391//2655 2390//2654 2457//2715 2458//2716
f 2392//2656 2391//2655 2458//2716 2459//2717
f 2393//2657 2392//2656 2459//2717 2460//2718
f 2394//2658 2393//2657 2460//2718 2461//2719
f 2395//2659 2394//2658 2461//2719 2462//2720
f 2396//2660 2395//2659 2462//2720 2463//2721
f 2397//2661 2396//2660 2463//2721 2464//2722
f 2398//2662 2397//2661 2464//2722 2465//2723
f 2399//2663 2398//2662 2465//2723 2466//2724
f 2400//2664 2399//2663 2466//2724 2467//2725
f 2401//2665 2400//2664 2467//2725 2468//2726
f 2402//2666 2401//2665 2468//2726 2469//2727
f 2403//2667 2402//2666 2469//2727 2470//2728
f 2404//2668 2403//2667 2470//2728 2471//2729
f 2405//2669 2404//2668 2471//2729 2472//2730
f 2406//2670 2405//2669 2472//2730 2473//2731
f 2407//2671 2406//2670 2473//2731 2474//2732
f 2408//2672 2407//2671 2474//2732 2475//2733
f 2409//2673 2408//2672 2475//2733 2476//2734
f 2410//2674 2409//2673 2476//2734 2477//2735
f 2411//2675 2410//2674 2477//2735 2478//2736
f 2412//2676 2411//2675 2478//2736 2479//2737
f 2413//2677 2412//2676 2479//2737 2480//2738
f 2414//2678 2413//2677 2480//2738 2481//2739
f 2415//2679 2414//2678 2481//2739 2482//2740
f 2416//2680 2415//2679 2482//2740 2483//2741
f 2417//2681 2416//2680 2483//2741 2484//2742
f 2418//2682 2417//2681 2484//2742 2485//2743
f 2419//2683 2418//2682 2485//2743 2486//2744
f 2420//2684 2419//2683 2486//2744 2487//2745
f 2421//2685 2420//2684 2487//2745 2488//2746
f 2422//2686 2421//2685 2488//2746 2489//2747
f 2423//2687 2422//2686 2489//2747 2490//2748
f 2424//2688 2423//2687 2490//2748 2491//2749
f 2425//2689 2424//2688 2491//2749 2492//2750
f 2426//2690 2425//2689 2492//2750 2493//2751
f 2427//2691 2426//2690 2493//2751 2494//2752
f 2428//2692 2427//2691 2494//2752 2495//2753
f 2429//2693 2428//2692 2495//2753 2496//2754
f 2430//2694 2429//2693 2496//2754 2497//2755
f 2431//2695 2430//2694 2497//2755 2498//2756
f 2432//2696 2431//2695 2498//2756 2499//2757
f 2433//2697 2432//2696 2499//2757 2500//2758
f 2434//2698 2433//2697 2500//2758 2501//2759
f 2435//2699 2434//2698 2501//2759 2502//2760
f 2436//2700 2435//2699 2502//2760 2503//2761
f 2437//2701 2436//2700 2503//2761 2504//2762
f 2438//2702 2437//2701 2504//2762 2505//2763
f 2439//2703 2438//2702 2505//2763 2506//2764
f 2440//2704 2439//2703 2506//2764 2507//2765
f 2441//2705 2440//2704 2507//2765 2508//2766
f 2442//2706 2441//2705 2508//2766 2509//2767
f 2443//2707 2442//2706 2509//2767 2510//2768
f 2444//2708 2443//2707 2510//2768 2511//2769
f 2445//2709 2444//2708 2511//2769 2512//2770
f 2446//2710 2445//2709 2512//2770 2513//2771
f 2447//2711 2446//2710 2513//2771 2514//2772
f 2448//1316 2447//2711 2514//2772 2515//1318
f 2450//2712 2449//1322 2516//1321 2517//2773
f 2451//902 2450//2712 2517//2773 2518//1325
f 2453//2713 2452//901 2519//447 2520//2774
f 2454//441 2453//2713 2520//2774 2521//443
f 2456//2714 2455//849 2524//851 2525//2775
f 2457//2715 2456//2714 2525//2775 2526//2776
f 2458//2716 2457//2715 2526//2776 2527//2777
f 2459//2717 2458//2716 2527//2777 2528//2778
f 2460//2718 2459//2717 2528//2778 2529//2779
f 2461//2719 2460//2718 2529//2779 2530//2780
f 2462//2720 2461//2719 2530//2780 2531//2781
f 2463//2721 2462//2720 2531//2781 2532//2782
f 2464//2722 2463//2721 2532//2782 2533//2783
f 2465//2723 2464//2722 2533//2783 2534//2784
f 2466//2724 2465//2723 2534//2784 2535//2785
f 2467//2725 2466//2724 2535//2785 2536//2786
f 2468//2726 2467//2725 2536//2786 2537//2787
f 2469//2727 2468//2726 2537//2787 2538//2788
f 2470//2728 2469//2727 2538//2788 2539//2789
f 2471//2729 2470//2728 2539//2789 2540//2790
f 2472//2730 2471//2729 2540//2790 2541//2791
f 2473//2731 2472//2730 2541//2791 2542//2792
f 2474//2732 2473//2731 2542//2792 2543//2793
f 2475//2733 2474//2732 2543//2793 2544//2794
f 2476//2734 2475//2733 2544//2794 2545//2795
f 2477//2735 2476//2734 2545//2795 2546//2796
f 2478//2736 2477//2735 2546//2796 2547//2797
f 2479//2737 2478//2736 2547//2797 2548//2798
f 2480//2738 2479//2737 2548//2798 2549//2799
f 2481//2739 2480//2738 2549//2799 2550//2800
f 2482//2740 2481//2739 2550//2800 2551//2801
f 2483//2741 2482//2740 2551//2801 2552//2802
f 2484//2742 2483//2741 2552//2802 2553//2803
f 2485//2743 2484//2742 2553//2803 2554//315
f 2486//2744 2485//2743 2554//315 2555//1250
f 2487//2745 2486//2744 2555//1250 2556//1253
f 2488//2746 2487//2745 2556//1253 2557//1255
f 2489//2747 2488//2746 2557//1255 2558//418
f 2490//2748 2489//2747 2558//418 2559//2804
f 2491//2749 2490//2748 2559//2804 2560//2805
f 2492//2750 2491//2749 2560//2805 2561//2806
f 2493//2751 2492//2750 2561//2806 2562//2807
f 2494//2752 2493//2751 2562//2807 2563//2808
f 2495//2753 2494//2752 2563//2808 2564//2809
f 2496//2754 2495//2753 2564//2809 2565//2810
f 2497//2755 2496//2754 2565//2810 2566//2811
f 2498//2756 2497//2755 2566//2811 2567//2812
f 2499//2757 2498//2756 2567//2812 2568//2813
f 2500//2758 2499//2757 2568//2813 2569//2814
f 2501//2759 2500//2758 2569//2814 2570//2815
f 2502//2760 2501//2759 2570//2815 2571//2816
f 2503//2761 2502//2760 2571//2816 2572//2817
f 2504//2762 2503//2761 2572//2817 2573//2818
f 2505//2763 2504//2762 2573//2818 2574//2819
f 2506//2764 2505//2763 2574//2819 2575//2820
f 2507//2765 2506//2764 2575//2820 2576//2821
f 2508//2766 2507//2765 2576//2821 2577//2822
f 2509//2767 2508//2766 2577//2822 2578//2823
f 2510//2768 2509//2767 2578//2823 2579//2824
f 2511//2769 2510//2768 2579//2824 2580//2825
f 2512//2770 2511//2769 2580//2825 2581//2826
f 2513//2771 2512//2770 2581//2826 2582//2827
f 2514//2772 2513//2771 2582//2827 2583//2828
f 2515//1318 2514//2772 2583//2828 2584//1320
f 2517//2773 2516//1321 2586//1323 2587//2829
f 2518//1325 2517//2773 2587//2829 2588//448
f 2520//2774 2519//447 797//446 2590//450
f 2521//443 2520//2774 2590//450 2591//2830
f 2522//1013 2521//443 2591//2830 2592//2831
f 2523//452 2522//1013 2592//2831 2593//457
f 2525//2775 2524//851 2596//853 2597//2832
f 2526//2776 2525//2775 2597//2832 2598//2833
f 2527//2777 2526//2776 2598//2833 2599//2834
f 2528//2778 2527//2777 2599//2834 2600//2835
f 2529//2779 2528//2778 2600//2835 2601//2836
f 2530//2780 2529//2779 2601//2836 2602//2837
f 2531//2781 2530//2780 2602//2837 2603//2838
f 2532//2782 2531//2781 2603//2838 2604//2839
f 2533//2783 2532//2782 2604//2839 2605//2840
f 2534//2784 2533//2783 2605//2840 2606//2841
f 2535//2785 2534//2784 2606//2841 2607//2842
f 2536//2786 2535//2785 2607//2842 2608//2843
f 2537//2787 2536//2786 2608//2843 2609//2844
f 2538//2788 2537//2787 2609//2844 2610//2845
f 2539//2789 2538//2788 2610//2845 2611//2846
f 2540//2790 2539//2789 2611//2846 2612//2847
f 2541//2791 2540//2790 2612//2847 2613//2848
f 2542//2792 2541//2791 2613//2848 2614//2849
f 2543//2793 2542//2792 2614//2849 2615//2850
f 2544//2794 2543//2793 2615//2850 2616//2851
f 2545//2795 2544//2794 2616//2851 2617//2852
f 2546//2796 2545//2795 2617//2852 2618//2853
f 2547//2797 2546//2796 2618//2853 2619//2854
f 2548//2798 2547//2797 2619//2854 2620//2855
f 2549//2799 2548//2798 2620//2855 2621//2856
f 2550//2800 2549//2799 2621//2856 2622//1249
f 2551//2801 2550//2800 2622//1249 2623//1245
f 2552//2802 2551//2801 2623//1245 2624//1248
f 2553//2803 2552//2802 2624//1248 2625//880
f 2554//315 2553//2803 2625//880 2626//316
f 2559//2804 2558//418 716//417 2629//2857
f 716//417 3688//1257 2628//1256 2629//2857
f 2560//2805 2559//2804 2629//2857 2630//2858
f 2561//2806 2560//2805 2630//2858 2631//2859
f 2562//2807 2561//2806 2631//2859 2632//2860
f 2563//2808 2562//2807 2632//2860 2633//2861
f 2564//2809 2563//2808 2633//2861 2634//2862
f 2565//2810 2564//2809 2634//2862 2635//2863
f 2566//2811 2565//2810 2635//2863 2636//2864
f 2567//2812 2566//2811 2636//2864 2637//2865
f 2568//2813 2567//2812 2637//2865 2638//2866
f 2569//2814 2568//2813 2638//2866 2639//2867
f 2570//2815 2569//2814 2639//2867 2640//2868
f 2571//2816 2570//2815 2640//2868 2641//2869
f 2572//2817 2571//2816 2641//2869 2642//2870
f 2573//2818 2572//2817 2642//2870 2643//2871
f 2574//2819 2573//2818 2643//2871 2644//2872
f 2575//2820 2574//2819 2644//2872 2645//2873
f 2576//2821 2575//2820 2645//2873 2646//2874
f 2577//2822 2576//2821 2646//2874 2647//2875
f 2578//2823 2577//2822 2647//2875 2648//2876
f 2579//2824 2578//2823 2648//2876 2649//2877
f 2580//2825 2579//2824 2649//2877 2650//2878
f 2581//2826 2580//2825 2650//2878 2651//2879
f 2582//2827 2581//2826 2651//2879 2652//2880
f 2583//2828 2582//2827 2652//2880 2653//2881
f 2584//1320 2583//2828 2653//2881 2654//2882
f 2585//1324 2584//1320 2654//2882 2655//2883
f 2586//1323 2585//1324 2655//2883 2656//2884
f 2587//2829 2586//1323 2656//2884 2657//2885
f 2588//448 2587//2829 2657//2885 2658//2886
f 2589//449 2588//448 2658//2886 2659//2887
f 2590//450 2589//449 2659//2887 2660//2888
f 2591//2830 2590//450 2660//2888 2661//2889
f 2592//2831 2591//2830 2661//2889 2662//2890
f 2593//457 2592//2831 2662//2890 2663//2891
f 2594//1011 2593//457 2663//2891 2664//2892
f 2595//454 2594//1011 2664//2892 2665//458
f 2597//2832 2596//853 2668//855 2669//2893
f 2598//2833 2597//2832 2669//2893 2670//2894
f 2599//2834 2598//2833 2670//2894 2671//2895
f 2600//2835 2599//2834 2671//2895 2672//2896
f 2601//2836 2600//2835 2672//2896 2673//2897
f 2602//2837 2601//2836 2673//2897 2674//2898
f 2603//2838 2602//2837 2674//2898 2675//2899
f 2604//2839 2603//2838 2675//2899 2676//2900
f 2605//2840 2604//2839 2676//2900 2677//2901
f 2606//2841 2605//2840 2677//2901 2678//2902
f 2607//2842 2606//2841 2678//2902 2679//2903
f 2608//2843 2607//2842 2679//2903 2680//2904
f 2609//2844 2608//2843 2680//2904 2681//2905
f 2610//2845 2609//2844 2681//2905 2682//2906
f 2611//2846 2610//2845 2682//2906 2683//2907
f 2612//2847 2611//2846 2683//2907 2684//2908
f 2613//2848 2612//2847 2684//2908 2685//2909
f 2614//2849 2613//2848 2685//2909 2686//2910
f 2615//2850 2614//2849 2686//2910 2687//2911
f 2616//2851 2615//2850 2687//2911 2688//2912
f 2617//2852 2616//2851 2688//2912 2689//324
f 2618//2853 2617//2852 2689//324 2690//1241
f 2619//2854 2618//2853 2690//1241 2691//1244
f 2620//2855 2619//2854 2691//1244 2692//878
f 2621//2856 2620//2855 2692//878 2693//341
f 3687//350 2622//1249 2621//2856 2693//341
f 2628//1256 2627//904 2697//2913 2698//2914
f 2697//2913 2627//904 3700//320 2696//321
f 2629//2857 2628//1256 2698//2914 2699//2915
f 2630//2858 2629//2857 2699//2915 2700//2916
f 2631//2859 2630//2858 2700//2916 2701//2917
f 2632//2860 2631//2859 2701//2917 2702//2918
f 2633//2861 2632//2860 2702//2918 2703//2919
f 2634//2862 2633//2861 2703//2919 2704//2920
f 2635//2863 2634//2862 2704//2920 2705//2921
f 2636//2864 2635//2863 2705//2921 2706//2922
f 2637//2865 2636//2864 2706//2922 2707//2923
f 2638//2866 2637//2865 2707//2923 2708//2924
f 2639//2867 2638//2866 2708//2924 2709//2925
f 2640//2868 2639//2867 2709//2925 2710//2926
f 2641//2869 2640//2868 2710//2926 2711//2927
f 2642//2870 2641//2869 2711//2927 2712//2928
f 2643//2871 2642//2870 2712//2928 2713//2929
f 2644//2872 2643//2871 2713//2929 2714//2930
f 2645//2873 2644//2872 2714//2930 2715//2931
f 2646//2874 2645//2873 2715//2931 2716//2932
f 2647//2875 2646//2874 2716//2932 2717//2933
f 2648//2876 2647//2875 2717//2933 2718//2934
f 2649//2877 2648//2876 2718//2934 2719//2935
f 2650//2878 2649//2877 2719//2935 2720//2936
f 2651//2879 2650//2878 2720//2936 2721//2937
f 2652//2880 2651//2879 2721//2937 2722//2938
f 2653//2881 2652//2880 2722//2938 2723//2939
f 2654//2882 2653//2881 2723//2939 2724//2940
f 2655//2883 2654//2882 2724//2940 2725//2941
f 2656//2884 2655//2883 2725//2941 2726//2942
f 2657//2885 2656//2884 2726//2942 2727//2943
f 2658//2886 2657//2885 2727//2943 2728//2944
f 2659//2887 2658//2886 2728//2944 2729//2945
f 2660//2888 2659//2887 2729//2945 2730//2946
f 2661//2889 2660//2888 2730//2946 2731//2947
f 2662//2890 2661//2889 2731//2947 2732//2948
f 2663//2891 2662//2890 2732//2948 2733//2949
f 2664//2892 2663//2891 2733//2949 2734//2950
f 2665//458 2664//2892 2734//2950 2735//2951
f 2666//1009 2665//458 2735//2951 2736//2952
f 2667//1004 2666//1009 2736//2952 2737//1007
f 2669//2893 2668//855 2741//857 2742//2953
f 2670//2894 2669//2893 2742//2953 2743//2954
f 2671//2895 2670//2894 2743//2954 2744//2955
f 2672//2896 2671//2895 2744//2955 2745//2956
f 2673//2897 2672//2896 2745//2956 2746//2957
f 2674//2898 2673//2897 2746//2957 2747//2958
f 2675//2899 2674//2898 2747//2958 2748//2959
f 2676//2900 2675//2899 2748//2959 2749//2960
f 2677//2901 2676//2900 2749//2960 2750//2961
f 2678//2902 2677//2901 2750//2961 2751//2962
f 2679//2903 2678//2902 2751//2962 2752//2963
f 2680//2904 2679//2903 2752//2963 2753//2964
f 2681//2905 2680//2904 2753//2964 2754//2965
f 2682//2906 2681//2905 2754//2965 2755//2966
f 2683//2907 2682//2906 2755//2966 2756//2967
f 2684//2908 2683//2907 2756//2967 2757//300
f 2685//2909 2684//2908 2757//300 2758//1235
f 2686//2910 2685//2909 2758//1235 2759//1238
f 2687//2911 2686//2910 2759//1238 2760//1240
f 2688//2912 2687//2911 2760//1240 2761//876
f 3702//325 2689//324 2688//2912 2761//876
f 2695//1258 2694//882 2765//2968 2766//2969
f 2765//2968 2694//882 3701//348 2764//347
f 2696//321 2695//1258 2766//2969 2767//2970
f 2697//2913 2696//321 2767//2970 2768//2971
f 2698//2914 2697//2913 2768//2971 2769//2972
f 2699//2915 2698//2914 2769//2972 2770//2973
f 2700//2916 2699//2915 2770//2973 2771//2974
f 2701//2917 2700//2916 2771//2974 2772//2975
f 2702//2918 2701//2917 2772//2975 2773//2976
f 2703//2919 2702//2918 2773//2976 2774//2977
f 2704//2920 2703//2919 2774//2977 2775//2978
f 2705//2921 2704//2920 2775//2978 2776//2979
f 2706//2922 2705//2921 2776//2979 2777//2980
f 2707//2923 2706//2922 2777//2980 2778//2981
f 2708//2924 2707//2923 2778//2981 2779//2982
f 2709//2925 2708//2924 2779//2982 2780//2983
f 2710//2926 2709//2925 2780//2983 2781//2984
f 2711//2927 2710//2926 2781//2984 2782//2985
f 2712//2928 2711//2927 2782//2985 2783//2986
f 2713//2929 2712//2928 2783//2986 2784//2987
f 2714//2930 2713//2929 2784//2987 2785//2988
f 2715//2931 2714//2930 2785//2988 2786//2989
f 2716//2932 2715//2931 2786//2989 2787//2990
f 2717//2933 2716//2932 2787//2990 2788//2991
f 2718//2934 2717//2933 2788//2991 2789//2992
f 2719//2935 2718//2934 2789//2992 2790//2993
f 2720//2936 2719//2935 2790//2993 2791//2994
f 2721//2937 2720//2936 2791//2994 2792//2995
f 2722//2938 2721//2937 2792//2995 2793//2996
f 2723//2939 2722//2938 2793//2996 2794//2997
f 2724//2940 2723//2939 2794//2997 2795//2998
f 2725//2941 2724//2940 2795//2998 2796//2999
f 2726//2942 2725//2941 2796//2999 2797//3000
f 2727//2943 2726//2942 2797//3000 2798//3001
f 2728//2944 2727//2943 2798//3001 2799//3002
f 2729//2945 2728//2944 2799//3002 2800//3003
f 2730//2946 2729//2945 2800//3003 2801//3004
f 2731//2947 2730//2946 2801//3004 2802//3005
f 2732//2948 2731//2947 2802//3005 2803//3006
f 2733//2949 2732//2948 2803//3006 2804//3007
f 2734//2950 2733//2949 2804//3007 2805//3008
f 2735//2951 2734//2950 2805//3008 2806//3009
f 2736//2952 2735//2951 2806//3009 2807//3010
f 2737//1007 2736//2952 2807//3010 2808//3011
f 2738//1003 2737//1007 2808//3011 2809//3012
f 2739//1001 2738//1003 2809//3012 2810//3013
f 2740//671 2739//1001 2810//3013 2811//668
f 2742//2953 2741//857 2814//859 2815//3014
f 2743//2954 2742//2953 2815//3014 2816//3015
f 2744//2955 2743//2954 2816//3015 2817//3016
f 2745//2956 2744//2955 2817//3016 2818//3017
f 2746//2957 2745//2956 2818//3017 2819//3018
f 2747//2958 2746//2957 2819//3018 2820//3019
f 2748//2959 2747//2958 2820//3019 2821//3020
f 2749//2960 2748//2959 2821//3020 2822//3021
f 2750//2961 2749//2960 2822//3021 2823//3022
f 2751//2962 2750//2961 2823//3022 2824//3023
f 2752//2963 2751//2962 2824//3023 2825//304
f 2753//2964 2752//2963 2825//304 2826//1229
f 2754//2965 2753//2964 2826//1229 2827//1232
f 2755//2966 2754//2965 2827//1232 2828//1234
f 2756//2967 2755//2966 2828//1234 2829//874
f 2757//300 2756//2967 2829//874 2830//301
f 2763//1260 2762//884 2835//3024 2836//3025
f 2835//3024 2762//884 3703//342 2834//345
f 2764//347 2763//1260 2836//3025 2837//3026
f 2765//2968 2764//347 2837//3026 2838//3027
f 2766//2969 2765//2968 2838//3027 2839//3028
f 2767//2970 2766//2969 2839//3028 2840//3029
f 2768//2971 2767//2970 2840//3029 2841//3030
f 2769//2972 2768//2971 2841//3030 2842//3031
f 2770//2973 2769//2972 2842//3031 2843//3032
f 2771//2974 2770//2973 2843//3032 2844//3033
f 2772//2975 2771//2974 2844//3033 2845//3034
f 2773//2976 2772//2975 2845//3034 2846//3035
f 2774//2977 2773//2976 2846//3035 2847//3036
f 2775//2978 2774//2977 2847//3036 2848//3037
f 2776//2979 2775//2978 2848//3037 2849//3038
f 2777//2980 2776//2979 2849//3038 2850//3039
f 2778//2981 2777//2980 2850//3039 2851//3040
f 2779//2982 2778//2981 2851//3040 2852//3041
f 2780//2983 2779//2982 2852//3041 2853//3042
f 2781//2984 2780//2983 2853//3042 2854//3043
f 2782//2985 2781//2984 2854//3043 2855//3044
f 2783//2986 2782//2985 2855//3044 2856//3045
f 2784//2987 2783//2986 2856//3045 2857//3046
f 2785//2988 2784//2987 2857//3046 2858//3047
f 2786//2989 2785//2988 2858//3047 2859//3048
f 2787//2990 2786//2989 2859//3048 2860//3049
f 2788//2991 2787//2990 2860//3049 2861//3050
f 2789//2992 2788//2991 2861//3050 2862//3051
f 2790//2993 2789//2992 2862//3051 2863//3052
f 2791//2994 2790//2993 2863//3052 2864//3053
f 2792//2995 2791//2994 2864//3053 2865//3054
f 2793//2996 2792//2995 2865//3054 2866//3055
f 2794//2997 2793//2996 2866//3055 2867//3056
f 2795//2998 2794//2997 2867//3056 2868//3057
f 2796//2999 2795//2998 2868//3057 2869//3058
f 2797//3000 2796//2999 2869//3058 2870//3059
f 2798//3001 2797//3000 2870//3059 2871//3060
f 2799//3002 2798//3001 2871//3060 2872//3061
f 2800//3003 2799//3002 2872//3061 2873//3062
f 2801//3004 2800//3003 2873//3062 2874//3063
f 2802//3005 2801//3004 2874//3063 2875//3064
f 2803//3006 2802//3005 2875//3064 2876//3065
f 2804//3007 2803//3006 2876//3065 2877//3066
f 2805//3008 2804//3007 2877//3066 2878//3067
f 2806//3009 2805//3008 2878//3067 2879//3068
f 2807//3010 2806//3009 2879//3068 2880//3069
f 2808//3011 2807//3010 2880//3069 2881//3070
f 2809//3012 2808//3011 2881//3070 2882//3071
f 2810//3013 2809//3012 2882//3071 2883//3072
f 2811//668 2810//3013 2883//3072 2884//3073
f 2812//460 2811//668 2884//3073 2885//3074
f 2813//996 2812//460 2885//3074 2886//3075
f 3704//464 2813//996 2886//3075 2887//991
f 2815//3014 2814//859 2891//861 2892//3076
f 2816//3015 2815//3014 2892//3076 2893//3077
f 2817//3016 2816//3015 2893//3077 2894//3078
f 2818//3017 2817//3016 2894//3078 2895//3079
f 2819//3018 2818//3017 2895//3079 2896//3080
f 2820//3019 2819//3018 2896//3080 2897//299
f 2821//3020 2820//3019 2897//299 2898//1223
f 2822//3021 2821//3020 2898//1223 2899//1226
f 2823//3022 2822//3021 2899//1226 2900//1228
f 2824//3023 2823//3022 2900//1228 2901//872
f 2825//304 2824//3023 2901//872 2902//305
f 2832//886 2831//331 2906//333 2907//3081
f 2833//1262 2832//886 2907//3081 2908//3082
f 2834//345 2833//1262 2908//3082 2909//3083
f 2835//3024 2834//345 2909//3083 2910//3084
f 2836//3025 2835//3024 2910//3084 2911//3085
f 2837//3026 2836//3025 2911//3085 2912//3086
f 2838//3027 2837//3026 2912//3086 2913//3087
f 2839//3028 2838//3027 2913//3087 2914//3088
f 2840//3029 2839//3028 2914//3088 2915//3089
f 2841//3030 2840//3029 2915//3089 2916//3090
f 2842//3031 2841//3030 2916//3090 2917//3091
f 2843//3032 2842//3031 2917//3091 2918//3092
f 2844//3033 2843//3032 2918//3092 2919//3093
f 2845//3034 2844//3033 2919//3093 2920//3094
f 2846//3035 2845//3034 2920//3094 2921//3095
f 2847//3036 2846//3035 2921//3095 2922//3096
f 2848//3037 2847//3036 2922//3096 2923//3097
f 2849//3038 2848//3037 2923//3097 2924//3098
f 2850//3039 2849//3038 2924//3098 2925//3099
f 2851//3040 2850//3039 2925//3099 2926//3100
f 2852//3041 2851//3040 2926//3100 2927//3101
f 2853//3042 2852//3041 2927//3101 2928//3102
f 2854//3043 2853//3042 2928//3102 2929//3103
f 2855//3044 2854//3043 2929//3103 2930//3104
f 2856//3045 2855//3044 2930//3104 2931//3105
f 2857//3046 2856//3045 2931//3105 2932//3106
f 2858//3047 2857//3046 2932//3106 2933//3107
f 2859//3048 2858//3047 2933//3107 2934//3108
f 2860//3049 2859//3048 2934//3108 2935//3109
f 2861//3050 2860//3049 2935//3109 2936//3110
f 2862//3051 2861//3050 2936//3110 2937//3111
f 2863//3052 2862//3051 2937//3111 2938//3112
f 2864//3053 2863//3052 2938//3112 2939//3113
f 2865//3054 2864//3053 2939//3113 2940//3114
f 2866//3055 2865//3054 2940//3114 2941//3115
f 2867//3056 2866//3055 2941//3115 2942//3116
f 2868//3057 2867//3056 2942//3116 2943//3117
f 2869//3058 2868//3057 2943//3117 2944//3118
f 2870//3059 2869//3058 2944//3118 2945//3119
f 2871//3060 2870//3059 2945//3119 2946//3120
f 2872//3061 2871//3060 2946//3120 2947//3121
f 2873//3062 2872//3061 2947//3121 2948//3122
f 2874//3063 2873//3062 2948//3122 2949//3123
f 2875//3064 2874//3063 2949//3123 2950//3124
f 2876//3065 2875//3064 2950//3124 2951//3125
f 2877//3066 2876//3065 2951//3125 2952//3126
f 2878//3067 2877//3066 2952//3126 2953//3127
f 2879//3068 2878//3067 2953//3127 2954//3128
f 2880//3069 2879//3068 2954//3128 2955//3129
f 2881//3070 2880//3069 2955//3129 2956//3130
f 2882//3071 2881//3070 2956//3130 2957//3131
f 2883//3072 2882//3071 2957//3131 2958//3132
f 2884//3073 2883//3072 2958//3132 2959//3133
f 2885//3074 2884//3073 2959//3133 2960//3134
f 2886//3075 2885//3074 2960//3134 2961//3135
f 2887//991 2886//3075 2961//3135 2962//3136
f 2888//466 2887//991 2962//3136 2963//3137
f 218//992 3704//464 2887//991 217//990
f 2889//471 2888//466 2963//3137 2964//3138
f 2890//986 2889//471 2964//3138 2965//989
f 2892//3076 2891//861 2968//863 2969//3139
f 2893//3077 2892//3076 2969//3139 2970//294
f 2894//3078 2893//3077 2970//294 2971//1219
f 2895//3079 2894//3078 2971//1219 2972//1222
f 2896//3080 2895//3079 2972//1222 2973//870
f 2897//299 2896//3080 2973//870 2974//298
f 2904//888 2903//328 2978//330 2979//3140
f 2905//1264 2904//888 2979//3140 2980//3141
f 2906//333 2905//1264 2980//3141 2981//3142
f 2907//3081 2906//333 2981//3142 2982//3143
f 2908//3082 2907//3081 2982//3143 2983//3144
f 2909//3083 2908//3082 2983//3144 2984//3145
f 2910//3084 2909//3083 2984//3145 2985//3146
f 2911//3085 2910//3084 2985//3146 2986//3147
f 2912//3086 2911//3085 2986//3147 2987//3148
f 2913//3087 2912//3086 2987//3148 2988//3149
f 2914//3088 2913//3087 2988//3149 2989//3150
f 2915//3089 2914//3088 2989//3150 2990//3151
f 2916//3090 2915//3089 2990//3151 2991//3152
f 2917//3091 2916//3090 2991//3152 2992//3153
f 2918//3092 2917//3091 2992//3153 2993//3154
f 2919//3093 2918//3092 2993//3154 2994//3155
f 2920//3094 2919//3093 2994//3155 2995//3156
f 2921//3095 2920//3094 2995//3156 2996//3157
f 2922//3096 2921//3095 2996//3157 2997//3158
f 2923//3097 2922//3096 2997//3158 2998//3159
f 2924//3098 2923//3097 2998//3159 2999//3160
f 2925//3099 2924//3098 2999//3160 3000//3161
f 2926//3100 2925//3099 3000//3161 3001//3162
f 2927//3101 2926//3100 3001//3162 3002//3163
f 2928//3102 2927//3101 3002//3163 3003//3164
f 2929//3103 2928//3102 3003//3164 3004//3165
f 2930//3104 2929//3103 3004//3165 3005//3166
f 2931//3105 2930//3104 3005//3166 3006//3167
f 2932//3106 2931//3105 3006//3167 3007//3168
f 2933//3107 2932//3106 3007//3168 3008//3169
f 2934//3108 2933//3107 3008//3169 3009//3170
f 2935//3109 2934//3108 3009//3170 3010//3171
f 2936//3110 2935//3109 3010//3171 3011//3172
f 2937//3111 2936//3110 3011//3172 3012//3173
f 2938//3112 2937//3111 3012//3173 3013//3174
f 2939//3113 2938//3112 3013//3174 3014//3175
f 2940//3114 2939//3113 3014//3175 3015//3176
f 2941//3115 2940//3114 3015//3176 3016//3177
f 2942//3116 2941//3115 3016//3177 3017//3178
f 2943//3117 2942//3116 3017//3178 3018//3179
f 2944//3118 2943//3117 3018//3179 3019//3180
f 2945//3119 2944//3118 3019//3180 3020//3181
f 2946//3120 2945//3119 3020//3181 3021//3182
f 2947//3121 2946//3120 3021//3182 3022//3183
f 2948//3122 2947//3121 3022//3183 3023//3184
f 2949//3123 2948//3122 3023//3184 3024//3185
f 2950//3124 2949//3123 3024//3185 3025//3186
f 2951//3125 2950//3124 3025//3186 3026//3187
f 2952//3126 2951//3125 3026//3187 3027//3188
f 2953//3127 2952//3126 3027//3188 3028//3189
f 2954//3128 2953//3127 3028//3189 3029//3190
f 2955//3129 2954//3128 3029//3190 3030//3191
f 2956//3130 2955//3129 3030//3191 3031//3192
f 2957//3131 2956//3130 3031//3192 3032//3193
f 2958//3132 2957//3131 3032//3193 3033//3194
f 2959//3133 2958//3132 3033//3194 3034//3195
f 2960//3134 2959//3133 3034//3195 3035//3196
f 2961//3135 2960//3134 3035//3196 3036//3197
f 2962//3136 2961//3135 3036//3197 3037//3198
f 2963//3137 2962//3136 3037//3198 3038//3199
f 2964//3138 2963//3137 3038//3199 3039//3200
f 2965//989 2964//3138 3039//3200 3040//3201
f 2966//473 2965//989 3040//3201 3041//3202
f 2967//476 2966//473 3041//3202 3042//665
f 2969//3139 2968//863 3043//867 3044//869
f 2970//294 2969//3139 3044//869 3705//292
f 2976//1269 2975//335 3048//337 3049//3203
f 2977//1266 2976//1269 3049//3203 3050//3204
f 2978//330 2977//1266 3050//3204 3051//3205
f 2979//3140 2978//330 3051//3205 3052//3206
f 2980//3141 2979//3140 3052//3206 3053//3207
f 2981//3142 2980//3141 3053//3207 3054//3208
f 2982//3143 2981//3142 3054//3208 3055//3209
f 2983//3144 2982//3143 3055//3209 3056//3210
f 2984//3145 2983//3144 3056//3210 3057//3211
f 2985//3146 2984//3145 3057//3211 3058//3212
f 2986//3147 2985//3146 3058//3212 3059//3213
f 2987//3148 2986//3147 3059//3213 3060//3214
f 2988//3149 2987//3148 3060//3214 3061//3215
f 2989//3150 2988//3149 3061//3215 3062//3216
f 2990//3151 2989//3150 3062//3216 3063//3217
f 2991//3152 2990//3151 3063//3217 3064//3218
f 2992//3153 2991//3152 3064//3218 3065//3219
f 2993//3154 2992//3153 3065//3219 3066//3220
f 2994//3155 2993//3154 3066//3220 3067//3221
f 2995//3156 2994//3155 3067//3221 3068//3222
f 2996//3157 2995//3156 3068//3222 3069//3223
f 2997//3158 2996//3157 3069//3223 3070//3224
f 2998//3159 2997//3158 3070//3224 3071//3225
f 2999//3160 2998//3159 3071//3225 3072//3226
f 3000//3161 2999//3160 3072//3226 3073//3227
f 3001//3162 3000//3161 3073//3227 3074//3228
f 3002//3163 3001//3162 3074//3228 3075//3229
f 3003//3164 3002//3163 3075//3229 3076//3230
f 3004//3165 3003//3164 3076//3230 3077//3231
f 3005//3166 3004//3165 3077//3231 3078//3232
f 3006//3167 3005//3166 3078//3232 3079//3233
f 3007//3168 3006//3167 3079//3233 3080//3234
f 3008//3169 3007//3168 3080//3234 3081//3235
f 3009//3170 3008//3169 3081//3235 3082//3236
f 3010//3171 3009//3170 3082//3236 3083//3237
f 3011//3172 3010//3171 3083//3237 3084//3238
f 3012//3173 3011//3172 3084//3238 3085//3239
f 3013//3174 3012//3173 3085//3239 3086//3240
f 3014//3175 3013//3174 3086//3240 3087//3241
f 3015//3176 3014//3175 3087//3241 3088//3242
f 3016//3177 3015//3176 3088//3242 3089//3243
f 3017//3178 3016//3177 3089//3243 3090//3244
f 3018//3179 3017//3178 3090//3244 3091//3245
f 3019//3180 3018//3179 3091//3245 3092//3246
f 3020//3181 3019//3180 3092//3246 3093//3247
f 3021//3182 3020//3181 3093//3247 3094//3248
f 3022//3183 3021//3182 3094//3248 3095//3249
f 3023//3184 3022//3183 3095//3249 3096//3250
f 3024//3185 3023//3184 3096//3250 3097//3251
f 3025//3186 3024//3185 3097//3251 3098//3252
f 3026//3187 3025//3186 3098//3252 3099//3253
f 3027//3188 3026//3187 3099//3253 3100//3254
f 3028//3189 3027//3188 3100//3254 3101//3255
f 3029//3190 3028//3189 3101//3255 3102//3256
f 3030//3191 3029//3190 3102//3256 3103//3257
f 3031//3192 3030//3191 3103//3257 3104//3258
f 3032//3193 3031//3192 3104//3258 3105//3259
f 3033//3194 3032//3193 3105//3259 3106//3260
f 3034//3195 3033//3194 3106//3260 3107//3261
f 3035//3196 3034//3195 3107//3261 3108//3262
f 3036//3197 3035//3196 3108//3262 3109//3263
f 3037//3198 3036//3197 3109//3263 3110//3264
f 3038//3199 3037//3198 3110//3264 3111//3265
f 3039//3200 3038//3199 3111//3265 3112//3266
f 3040//3201 3039//3200 3112//3266 3113//3267
f 3041//3202 3040//3201 3113//3267 3114//3268
f 3042//665 3041//3202 3114//3268 3115//663
f 3046//1273 3045//312 3119//314 3120//3269
f 3047//1270 3046//1273 3120//3269 3121//3270
f 3048//337 3047//1270 3121//3270 3122//3271
f 3049//3203 3048//337 3122//3271 3123//3272
f 3050//3204 3049//3203 3123//3272 3124//3273
f 3051//3205 3050//3204 3124//3273 3125//3274
f 3052//3206 3051//3205 3125//3274 3126//3275
f 3053//3207 3052//3206 3126//3275 3127//3276
f 3054//3208 3053//3207 3127//3276 3128//3277
f 3055//3209 3054//3208 3128//3277 3129//3278
f 3056//3210 3055//3209 3129//3278 3130//3279
f 3057//3211 3056//3210 3130//3279 3131//3280
f 3058//3212 3057//3211 3131//3280 3132//3281
f 3059//3213 3058//3212 3132//3281 3133//3282
f 3060//3214 3059//3213 3133//3282 3134//3283
f 3061//3215 3060//3214 3134//3283 3135//3284
f 3062//3216 3061//3215 3135//3284 3136//3285
f 3063//3217 3062//3216 3136//3285 3137//3286
f 3064//3218 3063//3217 3137//3286 3138//3287
f 3065//3219 3064//3218 3138//3287 3139//3288
f 3066//3220 3065//3219 3139//3288 3140//3289
f 3067//3221 3066//3220 3140//3289 3141//3290
f 3068//3222 3067//3221 3141//3290 3142//3291
f 3069//3223 3068//3222 3142//3291 3143//3292
f 3070//3224 3069//3223 3143//3292 3144//3293
f 3071//3225 3070//3224 3144//3293 3145//3294
f 3072//3226 3071//3225 3145//3294 3146//3295
f 3073//3227 3072//3226 3146//3295 3147//3296
f 3074//3228 3073//3227 3147//3296 3148//3297
f 3075//3229 3074//3228 3148//3297 3149//3298
f 3076//3230 3075//3229 3149//3298 3150//3299
f 3077//3231 3076//3230 3150//3299 3151//3300
f 3078//3232 3077//3231 3151//3300 3152//3301
f 3079//3233 3078//3232 3152//3301 3153//3302
f 3080//3234 3079//3233 3153//3302 3154//3303
f 3081//3235 3080//3234 3154//3303 3155//3304
f 3082//3236 3081//3235 3155//3304 3156//3305
f 3083//3237 3082//3236 3156//3305 3157//3306
f 3084//3238 3083//3237 3157//3306 3158//3307
f 3085//3239 3084//3238 3158//3307 3159//3308
f 3086//3240 3085//3239 3159//3308 3160//3309
f 3087//3241 3086//3240 3160//3309 3161//3310
f 3088//3242 3087//3241 3161//3310 3162//3311
f 3089//3243 3088//3242 3162//3311 3163//3312
f 3090//3244 3089//3243 3163//3312 3164//3313
f 3091//3245 3090//3244 3164//3313 3165//3314
f 3092//3246 3091//3245 3165//3314 3166//3315
f 3093//3247 3092//3246 3166//3315 3167//3316
f 3094//3248 3093//3247 3167//3316 3168//3317
f 3095//3249 3094//3248 3168//3317 3169//3318
f 3096//3250 3095//3249 3169//3318 3170//3319
f 3097//3251 3096//3250 3170//3319 3171//3320
f 3098//3252 3097//3251 3171//3320 3172//3321
f 3099//3253 3098//3252 3172//3321 3173//3322
f 3100//3254 3099//3253 3173//3322 3174//3323
f 3101//3255 3100//3254 3174//3323 3175//3324
f 3102//3256 3101//3255 3175//3324 3176//3325
f 3103//3257 3102//3256 3176//3325 3177//3326
f 3104//3258 3103//3257 3177//3326 3178//3327
f 3105//3259 3104//3258 3178//3327 3179//984
f 3106//3260 3105//3259 3179//984 3180//656
f 3107//3261 3106//3260 3180//656 3181//580
f 3108//3262 3107//3261 3181//580 3182//572
f 3109//3263 3108//3262 3182//572 3183//539
f 3110//3264 3109//3263 3183//539 3184//541
f 3111//3265 3110//3264 3184//541 3185//546
f 3112//3266 3111//3265 3185//546 3186//576
f 3113//3267 3112//3266 3186//576 3187//579
f 3114//3268 3113//3267 3187//579 3188//585
f 3115//663 3114//3268 3188//585 3189//587
f 3117//1277 3116//309 3193//415 3194//3328
f 3118//1274 3117//1277 3194//3328 3195//3329
f 3119//314 3118//1274 3195//3329 3196//3330
f 3120//3269 3119//314 3196//3330 3197//3331
f 3121//3270 3120//3269 3197//3331 3198//3332
f 3122//3271 3121//3270 3198//3332 3199//3333
f 3123//3272 3122//3271 3199//3333 3200//3334
f 3124//3273 3123//3272 3200//3334 3201//3335
f 3125//3274 3124//3273 3201//3335 3202//3336
f 3126//3275 3125//3274 3202//3336 3203//3337
f 3127//3276 3126//3275 3203//3337 3204//3338
f 3128//3277 3127//3276 3204//3338 3205//3339
f 3129//3278 3128//3277 3205//3339 3206//3340
f 3130//3279 3129//3278 3206//3340 3207//3341
f 3131//3280 3130//3279 3207//3341 3208//3342
f 3132//3281 3131//3280 3208//3342 3209//3343
f 3133//3282 3132//3281 3209//3343 3210//3344
f 3134//3283 3133//3282 3210//3344 3211//3345
f 3135//3284 3134//3283 3211//3345 3212//3346
f 3136//3285 3135//3284 3212//3346 3213//3347
f 3137//3286 3136//3285 3213//3347 3214//3348
f 3138//3287 3137//3286 3214//3348 3215//3349
f 3139//3288 3138//3287 3215//3349 3216//3350
f 3140//3289 3139//3288 3216//3350 3217//3351
f 3141//3290 3140//3289 3217//3351 3218//3352
f 3142//3291 3141//3290 3218//3352 3219//3353
f 3143//3292 3142//3291 3219//3353 3220//3354
f 3144//3293 3143//3292 3220//3354 3221//3355
f 3145//3294 3144//3293 3221//3355 3222//3356
f 3146//3295 3145//3294 3222//3356 3223//3357
f 3147//3296 3146//3295 3223//3357 3224//3358
f 3148//3297 3147//3296 3224//3358 3225//3359
f 3149//3298 3148//3297 3225//3359 3226//3360
f 3150//3299 3149//3298 3226//3360 3227//3361
f 3151//3300 3150//3299 3227//3361 3228//3362
f 3152//3301 3151//3300 3228//3362 3229//3363
f 3153//3302 3152//3301 3229//3363 3230//3364
f 3154//3303 3153//3302 3230//3364 3231//479
f 3155//3304 3154//3303 3231//479 3232//478
f 3156//3305 3155//3304 3232//478 3233//506
f 3157//3306 3156//3305 3233//506 3234//513
f 3158//3307 3157//3306 3234//513 3235//482
f 3159//3308 3158//3307 3235//482 3236//486
f 3160//3309 3159//3308 3236//486 3237//518
f 3161//3310 3160//3309 3237//518 3238//524
f 3162//3311 3161//3310 3238//524 3239//520
f 3163//3312 3162//3311 3239//520 3240//958
f 3164//3313 3163//3312 3240//958 3241//3365
f 3165//3314 3164//3313 3241//3365 3242//3366
f 3166//3315 3165//3314 3242//3366 3243//3367
f 3167//3316 3166//3315 3243//3367 3244//3368
f 3168//3317 3167//3316 3244//3368 3245//3369
f 3169//3318 3168//3317 3245//3369 3246//3370
f 3170//3319 3169//3318 3246//3370 3247//3371
f 3171//3320 3170//3319 3247//3371 3248//3372
f 3172//3321 3171//3320 3248//3372 3249//3373
f 3173//3322 3172//3321 3249//3373 3250//3374
f 3174//3323 3173//3322 3250//3374 3251//3375
f 3175//3324 3174//3323 3251//3375 3252//3376
f 3176//3325 3175//3324 3252//3376 3253//982
f 3177//3326 3176//3325 3253//982 3254//652
f 3178//3327 3177//3326 3254//652 3255//594
f 3179//984 3178//3327 3255//594 3256//568
f 3191//1281 3190//365 3260//366 3261//3377
f 3192//1278 3191//1281 3261//3377 3262//3378
f 3193//415 3192//1278 3262//3378 3263//3379
f 3194//3328 3193//415 3263//3379 3264//3380
f 3195//3329 3194//3328 3264//3380 3265//3381
f 3196//3330 3195//3329 3265//3381 3266//3382
f 3197//3331 3196//3330 3266//3382 3267//3383
f 3198//3332 3197//3331 3267//3383 3268//3384
f 3199//3333 3198//3332 3268//3384 3269//3385
f 3200//3334 3199//3333 3269//3385 3270//3386
f 3201//3335 3200//3334 3270//3386 3271//3387
f 3202//3336 3201//3335 3271//3387 3272//3388
f 3203//3337 3202//3336 3272//3388 3273//3389
f 3204//3338 3203//3337 3273//3389 3274//3390
f 3205//3339 3204//3338 3274//3390 3275//3391
f 3206//3340 3205//3339 3275//3391 3276//3392
f 3207//3341 3206//3340 3276//3392 3277//3393
f 3208//3342 3207//3341 3277//3393 3278//3394
f 3209//3343 3208//3342 3278//3394 3279//3395
f 3210//3344 3209//3343 3279//3395 3280//3396
f 3211//3345 3210//3344 3280//3396 3281//3397
f 3212//3346 3211//3345 3281//3397 3282//3398
f 3213//3347 3212//3346 3282//3398 3283//3399
f 3214//3348 3213//3347 3283//3399 3284//3400
f 3215//3349 3214//3348 3284//3400 3285//3401
f 3216//3350 3215//3349 3285//3401 3286//3402
f 3217//3351 3216//3350 3286//3402 3287//3403
f 3218//3352 3217//3351 3287//3403 3288//3404
f 3219//3353 3218//3352 3288//3404 3289//3405
f 3220//3354 3219//3353 3289//3405 3290//3406
f 3221//3355 3220//3354 3290//3406 3291//3407
f 3222//3356 3221//3355 3291//3407 3292//3408
f 3223//3357 3222//3356 3292//3408 3293//3409
f 3224//3358 3223//3357 3293//3409 3294//3410
f 3225//3359 3224//3358 3294//3410 3295//3411
f 3226//3360 3225//3359 3295//3411 3296//3412
f 3227//3361 3226//3360 3296//3412 3297//509
f 3228//3362 3227//3361 3297//509 3298//508
f 3229//3363 3228//3362 3298//508 3299//511
f 3230//3364 3229//3363 3299//511 3300//530
f 3231//479 3230//3364 3300//530 3706//533
f 3241//3365 3240//958 3301//959 3302//549
f 3242//3366 3241//3365 3302//549 3303//551
f 3243//3367 3242//3366 3303//551 3304//555
f 3244//3368 3243//3367 3304//555 3305//558
f 3245//3369 3244//3368 3305//558 3306//964
f 3246//3370 3245//3369 3306//964 3307//3413
f 3247//3371 3246//3370 3307//3413 3308//3414
f 3248//3372 3247//3371 3308//3414 3309//3415
f 3249//3373 3248//3372 3309//3415 3310//3416
f 3250//3374 3249//3373 3310//3416 3311//3417
f 3251//3375 3250//3374 3311//3417 3312//980
f 3252//3376 3251//3375 3312//980 3313//979
f 3253//982 3252//3376 3313//979 3314//597
f 3258//1285 3257//357 3318//358 3319//3418
f 3259//1282 3258//1285 3319//3418 3320//3419
f 3260//366 3259//1282 3320//3419 3321//3420
f 3261//3377 3260//366 3321//3420 3322//3421
f 3262//3378 3261//3377 3322//3421 3323//3422
f 3263//3379 3262//3378 3323//3422 3324//3423
f 3264//3380 3263//3379 3324//3423 3325//3424
f 3265//3381 3264//3380 3325//3424 3326//3425
f 3266//3382 3265//3381 3326//3425 3327//3426
f 3267//3383 3266//3382 3327//3426 3328//3427
f 3268//3384 3267//3383 3328//3427 3329//3428
f 3269//3385 3268//3384 3329//3428 3330//3429
f 3270//3386 3269//3385 3330//3429 3331//3430
f 3271//3387 3270//3386 3331//3430 3332//3431
f 3272//3388 3271//3387 3332//3431 3333//3432
f 3273//3389 3272//3388 3333//3432 3334//3433
f 3274//3390 3273//3389 3334//3433 3335//3434
f 3275//3391 3274//3390 3335//3434 3336//3435
f 3276//3392 3275//3391 3336//3435 3337//3436
f 3277//3393 3276//3392 3337//3436 3338//3437
f 3278//3394 3277//3393 3338//3437 3339//3438
f 3279//3395 3278//3394 3339//3438 3340//3439
f 3280//3396 3279//3395 3340//3439 3341//3440
f 3281//3397 3280//3396 3341//3440 3342//3441
f 3282//3398 3281//3397 3342//3441 3343//3442
f 3283//3399 3282//3398 3343//3442 3344//3443
f 3284//3400 3283//3399 3344//3443 3345//3444
f 3285//3401 3284//3400 3345//3444 3346//3445
f 3286//3402 3285//3401 3346//3445 3347//3446
f 3287//3403 3286//3402 3347//3446 3348//3447
f 3288//3404 3287//3403 3348//3447 3349//3448
f 3289//3405 3288//3404 3349//3448 3350//3449
f 3290//3406 3289//3405 3350//3449 3351//3450
f 3291//3407 3290//3406 3351//3450 3352//3451
f 3292//3408 3291//3407 3352//3451 3353//3452
f 3293//3409 3292//3408 3353//3452 3354//3453
f 3294//3410 3293//3409 3354//3453 3355//496
f 3295//3411 3294//3410 3355//496 3356//950
f 3296//3412 3295//3411 3356//950 3357//953
f 3297//509 3296//3412 3357//953 3358//527
f 3307//3413 3306//964 3359//965 3360//560
f 3308//3414 3307//3413 3360//560 3361//563
f 3309//3415 3308//3414 3361//563 3362//566
f 3310//3416 3309//3415 3362//566 3363//591
f 3311//3417 3310//3416 3363//591 3364//650
f 3312//980 3311//3417 3364//650 3365//976
f 3316//1289 3315//351 3367//354 3368//3454
f 3317//1286 3316//1289 3368//3454 3369//3455
f 3318//358 3317//1286 3369//3455 3370//3456
f 3319//3418 3318//358 3370//3456 3371//3457
f 3320//3419 3319//3418 3371//3457 3372//3458
f 3321//3420 3320//3419 3372//3458 3373//3459
f 3322//3421 3321//3420 3373//3459 3374//3460
f 3323//3422 3322//3421 3374//3460 3375//3461
f 3324//3423 3323//3422 3375//3461 3376//3462
f 3325//3424 3324//3423 3376//3462 3377//3463
f 3326//3425 3325//3424 3377//3463 3378//3464
f 3327//3426 3326//3425 3378//3464 3379//3465
f 3328//3427 3327//3426 3379//3465 3380//3466
f 3329//3428 3328//3427 3380//3466 3381//3467
f 3330//3429 3329//3428 3381//3467 3382//3468
f 3331//3430 3330//3429 3382//3468 3383//3469
f 3332//3431 3331//3430 3383//3469 3384//3470
f 3333//3432 3332//3431 3384//3470 3385//3471
f 3334//3433 3333//3432 3385//3471 3386//3472
f 3335//3434 3334//3433 3386//3472 3387//3473
f 3336//3435 3335//3434 3387//3473 3388//3474
f 3337//3436 3336//3435 3388//3474 3389//3475
f 3338//3437 3337//3436 3389//3475 3390//3476
f 3339//3438 3338//3437 3390//3476 3391//3477
f 3340//3439 3339//3438 3391//3477 3392//3478
f 3341//3440 3340//3439 3392//3478 3393//3479
f 3342//3441 3341//3440 3393//3479 3394//3480
f 3343//3442 3342//3441 3394//3480 3395//3481
f 3344//3443 3343//3442 3395//3481 3396//3482
f 3345//3444 3344//3443 3396//3482 3397//3483
f 3346//3445 3345//3444 3397//3483 3398//3484
f 3347//3446 3346//3445 3398//3484 3399//3485
f 3348//3447 3347//3446 3399//3485 3400//3486
f 3349//3448 3348//3447 3400//3486 3401//3487
f 3350//3449 3349//3448 3401//3487 3402//3488
f 3351//3450 3350//3449 3402//3488 3403//3489
f 3352//3451 3351//3450 3403//3489 3404//3490
f 3353//3452 3352//3451 3404//3490 3405//500
f 3354//3453 3353//3452 3405//500 3406//948
f 3355//496 3354//3453 3406//948 3407//494
f 3367//354 3366//1290 3409//890 3410//3491
f 3368//3454 3367//354 3410//3491 3411//3492
f 3369//3455 3368//3454 3411//3492 3412//3493
f 3370//3456 3369//3455 3412//3493 3413//3494
f 3371//3457 3370//3456 3413//3494 3414//3495
f 3372//3458 3371//3457 3414//3495 3415//3496
f 3373//3459 3372//3458 3415//3496 3416//3497
f 3374//3460 3373//3459 3416//3497 3417//3498
f 3375//3461 3374//3460 3417//3498 3418//3499
f 3376//3462 3375//3461 3418//3499 3419//3500
f 3377//3463 3376//3462 3419//3500 3420//3501
f 3378//3464 3377//3463 3420//3501 3421//3502
f 3379//3465 3378//3464 3421//3502 3422//3503
f 3380//3466 3379//3465 3422//3503 3423//3504
f 3381//3467 3380//3466 3423//3504 3424//3505
f 3382//3468 3381//3467 3424//3505 3425//3506
f 3383//3469 3382//3468 3425//3506 3426//3507
f 3384//3470 3383//3469 3426//3507 3427//3508
f 3385//3471 3384//3470 3427//3508 3428//3509
f 3386//3472 3385//3471 3428//3509 3429//3510
f 3387//3473 3386//3472 3429//3510 3430//3511
f 3388//3474 3387//3473 3430//3511 3431//3512
f 3389//3475 3388//3474 3431//3512 3432//3513
f 3390//3476 3389//3475 3432//3513 3433//3514
f 3391//3477 3390//3476 3433//3514 3434//3515
f 3392//3478 3391//3477 3434//3515 3435//3516
f 3393//3479 3392//3478 3435//3516 3436//3517
f 3394//3480 3393//3479 3436//3517 3437//3518
f 3395//3481 3394//3480 3437//3518 3438//3519
f 3396//3482 3395//3481 3438//3519 3439//3520
f 3397//3483 3396//3482 3439//3520 3440//3521
f 3398//3484 3397//3483 3440//3521 3441//3522
f 3399//3485 3398//3484 3441//3522 3442//3523
f 3400//3486 3399//3485 3442//3523 3443//3524
f 3401//3487 3400//3486 3443//3524 3444//3525
f 3402//3488 3401//3487 3444//3525 3445//491
f 3403//3489 3402//3488 3445//491 3446//946
f 3404//3490 3403//3489 3446//946 3447//906
f 3405//500 3404//3490 3447//906 3707//498
f 3410//3491 3409//890 3448//359 3449//362
f 3411//3492 3410//3491 3449//362 3450//3526
f 3412//3493 3411//3492 3450//3526 3451//3527
f 3413//3494 3412//3493 3451//3527 3452//3528
f 3414//3495 3413//3494 3452//3528 3453//3529
f 3415//3496 3414//3495 3453//3529 3454//3530
f 3416//3497 3415//3496 3454//3530 3455//3531
f 3417//3498 3416//3497 3455//3531 3456//3532
f 3418//3499 3417//3498 3456//3532 3457//3533
f 3419//3500 3418//3499 3457//3533 3458//3534
f 3420//3501 3419//3500 3458//3534 3459//3535
f 3421//3502 3420//3501 3459//3535 3460//3536
f 3422//3503 3421//3502 3460//3536 3461//3537
f 3423//3504 3422//3503 3461//3537 3462//3538
f 3424//3505 3423//3504 3462//3538 3463//3539
f 3425//3506 3424//3505 3463//3539 3464//3540
f 3426//3507 3425//3506 3464//3540 3465//3541
f 3427//3508 3426//3507 3465//3541 3466//3542
f 3428//3509 3427//3508 3466//3542 3467//3543
f 3429//3510 3428//3509 3467//3543 3468//3544
f 3430//3511 3429//3510 3468//3544 3469//3545
f 3431//3512 3430//3511 3469//3545 3470//3546
f 3432//3513 3431//3512 3470//3546 3471//3547
f 3433//3514 3432//3513 3471//3547 3472//3548
f 3434//3515 3433//3514 3472//3548 3473//3549
f 3435//3516 3434//3515 3473//3549 3474//3550
f 3436//3517 3435//3516 3474//3550 3475//3551
f 3437//3518 3436//3517 3475//3551 3476//3552
f 3438//3519 3437//3518 3476//3552 3477//3553
f 3439//3520 3438//3519 3477//3553 3478//3554
f 3440//3521 3439//3520 3478//3554 3479//3555
f 3441//3522 3440//3521 3479//3555 3480//3556
f 3442//3523 3441//3522 3480//3556 3481//490
f 3443//3524 3442//3523 3481//490 3482//944
f 3444//3525 3443//3524 3482//944 3483//603
f 3445//491 3444//3525 3483//603 3484//492
f 3450//3526 3449//362 3485//1294 3486//3557
f 3451//3527 3450//3526 3486//3557 3487//3558
f 3452//3528 3451//3527 3487//3558 3488//3559
f 3453//3529 3452//3528 3488//3559 3489//3560
f 3454//3530 3453//3529 3489//3560 3490//3561
f 3455//3531 3454//3530 3490//3561 3491//3562
f 3456//3532 3455//3531 3491//3562 3492//3563
f 3457//3533 3456//3532 3492//3563 3493//3564
f 3458//3534 3457//3533 3493//3564 3494//3565
f 3459//3535 3458//3534 3494//3565 3495//3566
f 3460//3536 3459//3535 3495//3566 3496//3567
f 3461//3537 3460//3536 3496//3567 3497//3568
f 3462//3538 3461//3537 3497//3568 3498//3569
f 3463//3539 3462//3538 3498//3569 3499//3570
f 3464//3540 3463//3539 3499//3570 3500//3571
f 3465//3541 3464//3540 3500//3571 3501//3572
f 3466//3542 3465//3541 3501//3572 3502//3573
f 3467//3543 3466//3542 3502//3573 3503//3574
f 3468//3544 3467//3543 3503//3574 3504//3575
f 3469//3545 3468//3544 3504//3575 3505//3576
f 3470//3546 3469//3545 3505//3576 3506//3577
f 3471//3547 3470//3546 3506//3577 3507//3578
f 3472//3548 3471//3547 3507//3578 3508//3579
f 3473//3549 3472//3548 3508//3579 3509//3580
f 3474//3550 3473//3549 3509//3580 3510//3581
f 3475//3551 3474//3550 3510//3581 3511//3582
f 3476//3552 3475//3551 3511//3582 3512//3583
f 3477//3553 3476//3552 3512//3583 3513//3584
f 3478//3554 3477//3553 3513//3584 3514//400
f 3479//3555 3478//3554 3514//400 3515//940
f 3480//3556 3479//3555 3515//940 3516//943
f 3481//490 3480//3556 3516//943 3517//487
f 3486//3557 3485//1294 3518//1297 3519//3585
f 3487//3558 3486//3557 3519//3585 3520//3586
f 3488//3559 3487//3558 3520//3586 3521//3587
f 3489//3560 3488//3559 3521//3587 3522//3588
f 3490//3561 3489//3560 3522//3588 3523//3589
f 3491//3562 3490//3561 3523//3589 3524//3590
f 3492//3563 3491//3562 3524//3590 3525//3591
f 3493//3564 3492//3563 3525//3591 3526//3592
f 3494//3565 3493//3564 3526//3592 3527//3593
f 3495//3566 3494//3565 3527//3593 3528//3594
f 3496//3567 3495//3566 3528//3594 3529//3595
f 3497//3568 3496//3567 3529//3595 3530//3596
f 3498//3569 3497//3568 3530//3596 3531//3597
f 3499//3570 3498//3569 3531//3597 3532//3598
f 3500//3571 3499//3570 3532//3598 3533//3599
f 3501//3572 3500//3571 3533//3599 3534//3600
f 3502//3573 3501//3572 3534//3600 3535//3601
f 3503//3574 3502//3573 3535//3601 3536//3602
f 3504//3575 3503//3574 3536//3602 3537//3603
f 3505//3576 3504//3575 3537//3603 3538//3604
f 3506//3577 3505//3576 3538//3604 3539//3605
f 3507//3578 3506//3577 3539//3605 3540//3606
f 3508//3579 3507//3578 3540//3606 3541//3607
f 3509//3580 3508//3579 3541//3607 3542//3608
f 3510//3581 3509//3580 3542//3608 3543//3609
f 3511//3582 3510//3581 3543//3609 3544//409
f 3512//3583 3511//3582 3544//409 3545//936
f 3513//3584 3512//3583 3545//936 3546//939
f 3514//400 3513//3584 3546//939 3547//401
f 3519//3585 3518//1297 3548//1299 3549//3610
f 3520//3586 3519//3585 3549//3610 3550//3611
f 3521//3587 3520//3586 3550//3611 3551//3612
f 3522//3588 3521//3587 3551//3612 3552//3613
f 3523//3589 3522//3588 3552//3613 3553//3614
f 3524//3590 3523//3589 3553//3614 3554//3615
f 3525//3591 3524//3590 3554//3615 3555//3616
f 3526//3592 3525//3591 3555//3616 3556//3617
f 3527//3593 3526//3592 3556//3617 3557//3618
f 3528//3594 3527//3593 3557//3618 3558//3619
f 3529//3595 3528//3594 3558//3619 3559//3620
f 3530//3596 3529//3595 3559//3620 3560//3621
f 3531//3597 3530//3596 3560//3621 3561//3622
f 3532//3598 3531//3597 3561//3622 3562//3623
f 3533//3599 3532//3598 3562//3623 3563//3624
f 3534//3600 3533//3599 3563//3624 3564//3625
f 3535//3601 3534//3600 3564//3625 3565//3626
f 3536//3602 3535//3601 3565//3626 3566//3627
f 3537//3603 3536//3602 3566//3627 3567//3628
f 3538//3604 3537//3603 3567//3628 3568//3629
f 3539//3605 3538//3604 3568//3629 3569//3630
f 3540//3606 3539//3605 3569//3630 3570//3631
f 3541//3607 3540//3606 3570//3631 3571//3632
f 3542//3608 3541//3607 3571//3632 3572//411
f 3543//3609 3542//3608 3572//411 3573//934
f 3544//409 3543//3609 3573//934 3574//407
f 3549//3610 3548//1299 3575//892 3576//3633
f 3550//3611 3549//3610 3576//3633 3577//3634
f 3551//3612 3550//3611 3577//3634 3578//3635
f 3552//3613 3551//3612 3578//3635 3579//3636
f 3553//3614 3552//3613 3579//3636 3580//3637
f 3554//3615 3553//3614 3580//3637 3581//3638
f 3555//3616 3554//3615 3581//3638 3582//3639
f 3556//3617 3555//3616 3582//3639 3583//3640
f 3557//3618 3556//3617 3583//3640 3584//3641
f 3558//3619 3557//3618 3584//3641 3585//3642
f 3559//3620 3558//3619 3585//3642 3586//3643
f 3560//3621 3559//3620 3586//3643 3587//3644
f 3561//3622 3560//3621 3587//3644 3588//3645
f 3562//3623 3561//3622 3588//3645 3589//3646
f 3563//3624 3562//3623 3589//3646 3590//3647
f 3564//3625 3563//3624 3590//3647 3591//3648
f 3565//3626 3564//3625 3591//3648 3592//3649
f 3566//3627 3565//3626 3592//3649 3593//3650
f 3567//3628 3566//3627 3593//3650 3594//3651
f 3568//3629 3567//3628 3594//3651 3595//3652
f 3569//3630 3568//3629 3595//3652 3596//404
f 3570//3631 3569//3630 3596//404 3597//932
f 3571//3632 3570//3631 3597//932 3598//601
f 3572//411 3571//3632 3598//601 3708//412
f 3576//3633 3575//892 3599//367 3600//1303
f 3577//3634 3576//3633 3600//1303 3601//3653
f 3578//3635 3577//3634 3601//3653 3602//3654
f 3579//3636 3578//3635 3602//3654 3603//3655
f 3580//3637 3579//3636 3603//3655 3604//3656
f 3581//3638 3580//3637 3604//3656 3605//3657
f 3582//3639 3581//3638 3605//3657 3606//3658
f 3583//3640 3582//3639 3606//3658 3607//3659
f 3584//3641 3583//3640 3607//3659 3608//3660
f 3585//3642 3584//3641 3608//3660 3609//3661
f 3586//3643 3585//3642 3609//3661 3610//3662
f 3587//3644 3586//3643 3610//3662 3611//3663
f 3588//3645 3587//3644 3611//3663 3612//3664
f 3589//3646 3588//3645 3612//3664 3613//3665
f 3590//3647 3589//3646 3613//3665 3614//3666
f 3591//3648 3590//3647 3614//3666 3615//3667
f 3592//3649 3591//3648 3615//3667 3616//3668
f 3593//3650 3592//3649 3616//3668 3617//396
f 3594//3651 3593//3650 3617//396 3618//928
f 3595//3652 3594//3651 3618//928 3619//931
f 3596//404 3595//3652 3619//931 3620//405
f 3601//3653 3600//1303 3621//1300 3622//3669
f 3602//3654 3601//3653 3622//3669 3623//3670
f 3603//3655 3602//3654 3623//3670 3624//3671
f 3604//3656 3603//3655 3624//3671 3625//3672
f 3605//3657 3604//3656 3625//3672 3626//3673
f 3606//3658 3605//3657 3626//3673 3627//3674
f 3607//3659 3606//3658 3627//3674 3628//3675
f 3608//3660 3607//3659 3628//3675 3629//3676
f 3609//3661 3608//3660 3629//3676 3630//3677
f 3610//3662 3609//3661 3630//3677 3631//3678
f 3611//3663 3610//3662 3631//3678 3632//3679
f 3612//3664 3611//3663 3632//3679 3633//3680
f 3613//3665 3612//3664 3633//3680 3634//3681
f 3614//3666 3613//3665 3634//3681 3635//398
f 3615//3667 3614//3666 3635//398 3636//924
f 3616//3668 3615//3667 3636//924 3637//927
f 3617//396 3616//3668 3637//927 3638//394
f 3622//3669 3621//1300 3639//1302 3640//3682
f 3623//3670 3622//3669 3640//3682 3641//3683
f 3624//3671 3623//3670 3641//3683 3642//3684
f 3625//3672 3624//3671 3642//3684 3643//3685
f 3626//3673 3625//3672 3643//3685 3644//3686
f 3627//3674 3626//3673 3644//3686 3645//3687
f 3628//3675 3627//3674 3645//3687 3646//3688
f 3629//3676 3628//3675 3646//3688 3647//3689
f 3630//3677 3629//3676 3647//3689 3648//3690
f 3631//3678 3630//3677 3648//3690 3649//3691
f 3632//3679 3631//3678 3649//3691 3650//923
f 3633//3680 3632//3679 3650//923 3651//920
f 3634//3681 3633//3680 3651//920 3652//922
f 3635//398 3634//3681 3652//922 3653//393
f 3640//3682 3639//1302 3654//1305 3655//3692
f 3641//3683 3640//3682 3655//3692 3656//3693
f 3642//3684 3641//3683 3656//3693 3657//3694
f 3643//3685 3642//3684 3657//3694 3658//3695
f 3644//3686 3643//3685 3658//3695 3659//3696
f 3645//3687 3644//3686 3659//3696 3660//3697
f 3646//3688 3645//3687 3660//3697 3661//3698
f 3647//3689 3646//3688 3661//3698 3662//3699
f 3648//3690 3647//3689 3662//3699 3663//384
f 3649//3691 3648//3690 3663//384 3664//918
f 3650//923 3649//3691 3664//918 3665//388
f 3655//3692 3654//1305 3666//894 3667//3700
f 3656//3693 3655//3692 3667//3700 3668//3701
f 3657//3694 3656//3693 3668//3701 3669//3702
f 3658//3695 3657//3694 3669//3702 3670//3703
f 3659//3696 3658//3695 3670//3703 3671//3704
f 3660//3697 3659//3696 3671//3704 3672//380
f 3661//3698 3660//3697 3672//380 3673//916
f 3662//3699 3661//3698 3673//916 3674//599
f 3663//384 3662//3699 3674//599 3709//385
f 3667//3700 3666//894 3675//897 3676//3705
f 3668//3701 3667//3700 3676//3705 3677//3706
f 3669//3702 3668//3701 3677//3706 3678//376
f 3670//3703 3669//3702 3678//376 3679//912
f 3671//3704 3670//3703 3679//912 3680//915
f 3672//380 3671//3704 3680//915 3681//381
f 3676//3705 3675//897 3710//370 3682//908
f 3677//3706 3676//3705 3682//908 3683//911
f 3678//376 3677//3706 3683//911 3684//377
f 3358//527 56//954 57//3707 58//528
f 2454//441 243//444 244//3708 245//439
f 1706//245 3686//247 280//3709 281//249
f 1117//144 434//1066 435//3710 436//145
f 3770//3711 3761//3712 3746//3713
f 576//1124 575//1123 3711//3714
f 3838//3715 3817//3716 3727//3717
f 3711//3714 577//1125 576//1124
f 3792//3718 3725//3719 3817//3716
f 583//803 3758//3720 3787//3721
f 3771//3722 601//1145 600//813
f 3796//3723 3726//3724 3741//3725
f 3792//3718 3817//3716 3839//3726
f 3727//3717 3785//3727 579//1129
f 3787//3721 584//1131 583//803
f 3731//3728 3733//3729 3776//3730
f 581//83 580//82 3785//3727
f 3785//3727 3758//3720 582//801
f 3740//3731 3777//3732 3786//3733
f 608//1153 607//1151 3753//3734
f 580//82 579//1129 3785//3727
f 3852//3735 3836//3736 3909//3737
f 3839//3726 3817//3716 3818//3738
f 3845//3739 3860//3740 3830//3741
f 3815//3742 3814//3743 3792//3718
f 3813//3744 3712//3745 3713//3746
f 3758//3720 583//803 582//801
f 3754//3747 3797//3748 3798//3749
f 646//1189 3825//3750 647//1191
f 3786//3733 3725//3719 3791//3751
f 3767//3752 3878//3753 3880//3754
f 3938//3755 3950//3756 3822//3757
f 3732//3758 3935//3759 586//86
f 587//87 586//86 3935//3759
f 3749//3760 3765//3761 3805//3762
f 3834//3763 3812//3764 3835//3765
f 3718//3766 3840//3767 3717//3768
f 3934//3769 3933//3770 3760//3771
f 3932//3772 3935//3759 3732//3758
f 586//86 585//1133 3882//3773
f 3724//3774 3796//3723 3842//3775
f 3832//3776 3714//3777 3715//3778
f 3760//3771 590//1135 589//807
f 603//1149 602//1147 3770//3711
f 3878//3753 3760//3771 3933//3770
f 3777//3732 3725//3719 3786//3733
f 636//1181 3757//3779 637//1183
f 3877//3780 590//1135 3760//3771
f 3889//3781 3781//3782 632//833
f 591//1137 3767//3752 592//90
f 3876//3783 3767//3752 3875//3784
f 3801//3785 638//1185 637//1183
f 593//91 3876//3783 594//809
f 3784//3786 3764//3787 3789//3788
f 597//1141 596//1139 3765//3761
f 3746//3713 3761//3712 3771//3722
f 3830//3741 3749//3760 3844//3789
f 3895//3790 3753//3734 607//1151
f 3724//3774 3929//3791 3928//3792
f 3765//3761 3829//3793 3803//3794
f 3733//3729 3779//3795 628//102
f 3759//3796 3742//3797 3774//3798
f 3766//3799 595//811 594//809
f 3808//3800 3782//3801 3809//3802
f 3772//3803 600//813 599//97
f 3825//3750 646//1189 3826//3804
f 3761//3712 3770//3711 602//1147
f 602//1147 601//1145 3761//3712
f 3773//3805 611//110 610//108
f 612//817 611//110 3736//3806
f 3869//3807 3738//3808 3868//3809
f 3730//3810 3896//3811 605//105
f 3896//3811 3819//3812 3793//3813
f 3847//3814 3862//3815 3802//3816
f 621//1163 3751//3817 622//1165
f 3796//3723 3724//3774 3931//3818
f 3773//3805 609//1155 3752//3819
f 3753//3734 3752//3819 608//1153
f 3876//3783 592//90 3767//3752
f 3738//3808 3869//3807 3871//3820
f 3734//3821 3831//3822 3902//3823
f 610//108 609//1155 3773//3805
f 613//1157 612//817 618//822
f 635//1179 3784//3786 3783//3824
f 618//822 3736//3806 619//824
f 3726//3724 3742//3797 3743//3825
f 613//1157 617//821 614//1159
f 3888//3826 629//826 3779//3795
f 605//105 604//101 3730//3810
f 3747//3827 3887//3828 3883//3829
f 3821//3830 3865//3831 3851//3832
f 3804//3833 598//96 3803//3794
f 3743//3825 642//835 641//94
f 3799//3834 3820//3835 3754//3747
f 3746//3713 3771//3722 3885//3836
f 3752//3819 3753//3734 3735//3837
f 3828//3838 3794//3839 3737//3840
f 3737//3840 3755//3841 3823//3842
f 3934//3769 589//807 588//805
f 3841//3843 3821//3830 3840//3767
f 584//1131 3787//3721 3882//3773
f 3741//3725 3726//3724 3775//3844
f 638//1185 3801//3785 3741//3725
f 3800//3845 3823//3842 3824//3846
f 3741//3725 3775//3844 639//1187
f 639//1187 638//1185 3741//3725
f 3721//3847 3722//3848 3797//3748
f 3746//3713 3886//3849 3956//3850
f 3720//3851 3721//3847 3794//3839
f 3895//3790 607//1151 606//815
f 3766//3799 3805//3762 3806//3852
f 3941//3853 3871//3820 3872//3854
f 648//1193 3755//3841 3799//3834
f 3799//3834 649//1195 648//1193
f 651//1199 650//1197 3798//3749
f 651//1199 3722//3848 652//1201
f 3784//3786 635//1179 634//1177
f 626//1173 3733//3729 627//104
f 3756//3855 3769//3856 3774//3798
f 3805//3762 3807//3857 3844//3789
f 3733//3729 3731//3728 3779//3795
f 3759//3796 643//836 642//835
f 3774//3798 643//836 3759//3796
f 3831//3822 3750//3858 3936//3859
f 3826//3804 645//840 3769//3856
f 645//840 644//838 3769//3856
f 3935//3759 3932//3772 3874//3860
f 620//1161 3773//3805 3768//3861
f 647//1191 3755//3841 648//1193
f 3772//3803 3771//3722 600//813
f 3743//3825 3759//3796 642//835
f 3754//3747 650//1197 649//1195
f 3844//3789 3845//3739 3830//3741
f 3765//3761 3749//3760 3829//3793
f 3759//3796 3743//3825 3742//3797
f 3768//3861 3751//3817 621//1163
f 3799//3834 3737//3840 3820//3835
f 623//1167 3894//3862 624//1169
f 623//1167 622//1165 3893//3863
f 3894//3862 623//1167 3893//3863
f 3751//3817 3893//3863 622//1165
f 3735//3837 3793//3813 3893//3863
f 3899//3864 3801//3785 3900//3865
f 615//228 614//1159 616//818
f 614//1159 617//821 616//818
f 3781//3782 633//1175 632//833
f 612//817 3736//3806 618//822
f 3736//3806 3773//3805 619//824
f 581//83 3785//3727 582//801
f 3768//3861 621//1163 620//1161
f 618//822 617//821 613//1157
f 3788//3866 3789//3788 3764//3787
f 3758//3720 3740//3731 3778//3867
f 609//1155 608//1153 3752//3819
f 3946//3868 3947//3869 3949//3870
f 631//830 630//828 3763//3871
f 633//1175 3781//3782 3764//3787
f 603//1149 3730//3810 604//101
f 634//1177 633//1175 3764//3787
f 3739//3872 3900//3865 3808//3800
f 3838//3715 579//1129 578//1127
f 598//96 597//1141 3803//3794
f 3897//3873 3875//3784 3750//3858
f 3918//3874 3729//3875 3909//3737
f 3775//3844 641//94 640//93
f 3744//3876 625//1171 624//1169
f 625//1171 3744//3876 3776//3730
f 3811//3877 3834//3763 3870//3878
f 3887//3828 3747//3827 3890//3879
f 3733//3729 628//102 627//104
f 3827//3880 3843//3881 3794//3839
f 3770//3711 3728//3882 3730//3810
f 3779//3795 629//826 628//102
f 3730//3810 3728//3882 3819//3812
f 3956//3850 3776//3730 3728//3882
f 626//1173 625//1171 3776//3730
f 3763//3871 3889//3781 631//830
f 3768//3861 3735//3837 3751//3817
f 3806//3852 596//1139 595//811
f 3775//3844 3743//3825 641//94
f 3877//3780 591//1137 590//1135
f 3847//3814 3830//3741 3861//3883
f 620//1161 619//824 3773//3805
f 3768//3861 3752//3819 3735//3837
f 644//838 643//836 3774//3798
f 3756//3855 3824//3846 3826//3804
f 3770//3711 3746//3713 3956//3850
f 603//1149 3770//3711 3730//3810
f 3771//3722 3761//3712 601//1145
f 3762//3884 3884//3885 3885//3836
f 3804//3833 599//97 598//96
f 3771//3722 3772//3803 3762//3884
f 3773//3805 3736//3806 611//110
f 3752//3819 3768//3861 3773//3805
f 3873//3886 3742//3797 3930//3887
f 3774//3798 3769//3856 644//838
f 3775//3844 640//93 639//1187
f 3726//3724 3743//3825 3775//3844
f 626//1173 3776//3730 3733//3729
f 3728//3882 3776//3730 3744//3876
f 3725//3719 3777//3732 3727//3717
f 3740//3731 3758//3720 3777//3732
f 3836//3736 3853//3888 3812//3764
f 3778//3867 3732//3758 3882//3773
f 3779//3795 3731//3728 3937//3889
f 3887//3828 3888//3826 3779//3795
f 3890//3879 3763//3871 3887//3828
f 3789//3788 3788//3866 3748//3890
f 3889//3781 632//833 631//830
f 3781//3782 3780//3891 3788//3866
f 3748//3890 3846//3892 3903//3893
f 3783//3824 636//1181 635//1179
f 3808//3800 3783//3824 3782//3801
f 3757//3779 636//1181 3783//3824
f 3764//3787 3784//3786 634//1177
f 3783//3824 3784//3786 3782//3801
f 3727//3717 3777//3732 3785//3727
f 3785//3727 3777//3732 3758//3720
f 3725//3719 3814//3743 3791//3751
f 3786//3733 3812//3764 3740//3731
f 3758//3720 3778//3867 3787//3721
f 3787//3721 3778//3867 3882//3773
f 3781//3782 3788//3866 3764//3787
f 3788//3866 3780//3891 3891//3894
f 3809//3802 3789//3788 3748//3890
f 3784//3786 3789//3788 3782//3801
f 3833//3895 3810//3896 3832//3776
f 3853//3888 3740//3731 3812//3764
f 3792//3718 3814//3743 3725//3719
f 3790//3897 3834//3763 3791//3751
f 3816//3898 3815//3742 3714//3777
f 3817//3716 3725//3719 3727//3717
f 3728//3882 3894//3862 3819//3812
f 3735//3837 3753//3734 3895//3790
f 3794//3839 3721//3847 3797//3748
f 3823//3842 3828//3838 3737//3840
f 3858//3899 3859//3900 3944//3901
f 3790//3897 3810//3896 3848//3902
f 3741//3725 3801//3785 3899//3864
f 3842//3775 3898//3903 3822//3757
f 3798//3749 3797//3748 3722//3848
f 3797//3748 3754//3747 3820//3835
f 651//1199 3798//3749 3722//3848
f 3754//3747 3798//3749 650//1197
f 3799//3834 3754//3747 649//1195
f 3755//3841 3737//3840 3799//3834
f 3859//3900 3858//3899 3857//3904
f 3841//3843 3855//3905 3821//3830
f 637//1183 3757//3779 3801//3785
f 3898//3903 3899//3864 3900//3865
f 3749//3760 3830//3741 3847//3814
f 3762//3884 3772//3803 3804//3833
f 3765//3761 3803//3794 597//1141
f 3804//3833 3803//3794 3802//3816
f 3762//3884 3804//3833 3802//3816
f 3804//3833 3772//3803 599//97
f 3765//3761 596//1139 3806//3852
f 3766//3799 3875//3784 3897//3873
f 3766//3799 3806//3852 595//811
f 3765//3761 3806//3852 3805//3762
f 3897//3873 3805//3762 3766//3799
f 3807//3857 3897//3873 3831//3822
f 3783//3824 3808//3800 3757//3779
f 3789//3788 3809//3802 3782//3801
f 3845//3739 3831//3822 3734//3821
f 3808//3800 3809//3802 3939//3906
f 3833//3895 3715//3778 3716//3907
f 3837//3908 3814//3743 3816//3898
f 3905//3909 3870//3878 3834//3763
f 3909//3737 3729//3875 3852//3735
f 3835//3765 3812//3764 3786//3733
f 3812//3764 3811//3877 3836//3736
f 3815//3742 3813//3744 3713//3746
f 3839//3726 3813//3744 3792//3718
f 3792//3718 3813//3744 3815//3742
f 3837//3908 3790//3897 3791//3751
f 3713//3746 3714//3777 3815//3742
f 3714//3777 3832//3776 3816//3898
f 3837//3908 3810//3896 3790//3897
f 3814//3743 3815//3742 3816//3898
f 3818//3738 3817//3716 3838//3715
f 578//1127 577//1125 3818//3738
f 577//1125 3711//3714 3818//3738
f 3839//3726 3818//3738 3711//3714
f 3894//3862 3728//3882 3744//3876
f 3896//3811 3793//3813 3895//3790
f 3737//3840 3794//3839 3820//3835
f 3797//3748 3820//3835 3794//3839
f 3854//3910 3718//3766 3719//3911
f 3848//3902 3833//3895 3850//3912
f 3938//3755 3939//3906 3901//3913
f 3913//3914 3879//3915 3881//3916
f 3824//3846 3823//3842 3755//3841
f 3800//3845 3867//3917 3828//3838
f 3755//3841 647//1191 3825//3750
f 3869//3807 3868//3809 3800//3845
f 646//1189 645//840 3826//3804
f 3755//3841 3825//3750 3824//3846
f 3756//3855 3826//3804 3769//3856
f 3824//3846 3825//3750 3826//3804
f 3857//3904 3855//3905 3856//3918
f 3720//3851 3843//3881 3719//3911
f 3800//3845 3828//3838 3823//3842
f 3794//3839 3828//3838 3827//3880
f 3847//3814 3829//3793 3749//3760
f 3803//3794 3829//3793 3802//3816
f 3903//3893 3846//3892 3860//3740
f 3847//3814 3802//3816 3829//3793
f 3880//3754 3750//3858 3875//3784
f 3938//3755 3822//3757 3898//3903
f 3833//3895 3832//3776 3715//3778
f 3816//3898 3832//3776 3810//3896
f 3866//3919 3717//3768 3851//3832
f 3851//3832 3865//3831 3849//3920
f 3848//3902 3905//3909 3790//3897
f 3812//3764 3834//3763 3811//3877
f 3786//3733 3791//3751 3835//3765
f 3834//3763 3835//3765 3791//3751
f 3910//3921 3907//3922 3908//3923
f 3932//3772 3852//3735 3729//3875
f 3814//3743 3837//3908 3791//3751
f 3810//3896 3837//3908 3816//3898
f 579//1129 3838//3715 3727//3717
f 578//1127 3818//3738 3838//3715
f 3711//3714 3712//3745 3839//3726
f 3839//3726 3712//3745 3813//3744
f 3840//3767 3718//3766 3854//3910
f 3851//3832 3840//3767 3821//3830
f 3841//3843 3854//3910 3843//3881
f 3821//3830 3855//3905 3795//3924
f 3898//3903 3842//3775 3796//3723
f 3924//3925 3842//3775 3822//3757
f 3794//3839 3843//3881 3720//3851
f 3843//3881 3827//3880 3856//3918
f 3805//3762 3844//3789 3749//3760
f 3845//3739 3844//3789 3807//3857
f 3831//3822 3845//3739 3807//3857
f 3860//3740 3845//3739 3734//3821
f 3891//3894 3748//3890 3788//3866
f 3891//3894 3846//3892 3748//3890
f 3830//3741 3860//3740 3861//3883
f 3802//3816 3862//3815 3762//3884
f 3810//3896 3833//3895 3848//3902
f 3849//3920 3850//3912 3851//3832
f 3942//3926 3906//3927 3948//3928
f 3850//3912 3905//3909 3848//3902
f 3833//3895 3866//3919 3850//3912
f 3942//3926 3905//3909 3849//3920
f 3716//3907 3866//3919 3833//3895
f 3840//3767 3851//3832 3717//3768
f 3732//3758 3778//3867 3852//3735
f 3853//3888 3852//3735 3778//3867
f 3852//3735 3853//3888 3836//3736
f 3778//3867 3740//3731 3853//3888
f 3843//3881 3854//3910 3719//3911
f 3840//3767 3854//3910 3841//3843
f 3841//3843 3856//3918 3855//3905
f 3867//3917 3856//3918 3827//3880
f 3843//3881 3856//3918 3841//3843
f 3856//3918 3867//3917 3857//3904
f 3868//3809 3857//3904 3800//3845
f 3795//3924 3855//3905 3858//3899
f 3855//3905 3857//3904 3858//3899
f 3857//3904 3868//3809 3859//3900
f 3940//3929 3859//3900 3738//3808
f 3948//3928 3949//3870 3947//3869
f 3903//3893 3860//3740 3734//3821
f 3861//3883 3860//3740 3846//3892
f 3846//3892 3891//3894 3892//3930
f 3861//3883 3892//3930 3863//3931
f 3847//3814 3863//3931 3862//3815
f 3862//3815 3863//3931 3884//3885
f 3861//3883 3863//3931 3847//3814
f 3747//3827 3883//3829 3884//3885
f 3943//3932 3906//3927 3942//3926
f 3942//3926 3948//3928 3864//3933
f 3821//3830 3795//3924 3865//3831
f 3943//3932 3865//3831 3795//3924
f 3717//3768 3866//3919 3716//3907
f 3850//3912 3866//3919 3851//3832
f 3828//3838 3867//3917 3827//3880
f 3800//3845 3857//3904 3867//3917
f 3800//3845 3824//3846 3869//3807
f 3859//3900 3868//3809 3738//3808
f 3824//3846 3756//3855 3869//3807
f 3869//3807 3756//3855 3871//3820
f 3905//3909 3834//3763 3790//3897
f 3907//3922 3870//3878 3864//3933
f 3873//3886 3756//3855 3774//3798
f 3774//3798 3742//3797 3873//3886
f 3930//3887 3726//3724 3928//3792
f 3904//3934 3925//3935 3922//3936
f 3872//3854 3871//3820 3873//3886
f 3756//3855 3873//3886 3871//3820
f 3919//3937 3918//3874 3911//3938
f 3933//3770 3745//3939 3878//3753
f 3766//3799 594//809 3876//3783
f 3880//3754 3875//3784 3767//3752
f 3876//3783 593//91 592//90
f 3766//3799 3876//3783 3875//3784
f 3878//3753 3877//3780 3760//3771
f 591//1137 3877//3780 3767//3752
f 3878//3753 3745//3939 3881//3916
f 3877//3780 3878//3753 3767//3752
f 3745//3939 3933//3770 3954//3940
f 3913//3914 3920//3941 3952//3942
f 3881//3916 3880//3754 3878//3753
f 3936//3859 3880//3754 3879//3915
f 3927//3943 3745//3939 3954//3940
f 3880//3754 3881//3916 3879//3915
f 586//86 3882//3773 3732//3758
f 584//1131 3882//3773 585//1133
f 3886//3849 3746//3713 3885//3836
f 3762//3884 3862//3815 3884//3885
f 3747//3827 3884//3885 3863//3931
f 3884//3885 3883//3829 3885//3836
f 3762//3884 3885//3836 3771//3722
f 3886//3849 3885//3836 3883//3829
f 3937//3889 3886//3849 3883//3829
f 3886//3849 3731//3728 3956//3850
f 3888//3826 3887//3828 3763//3871
f 3887//3828 3779//3795 3937//3889
f 3763//3871 630//828 3888//3826
f 629//826 3888//3826 630//828
f 3890//3879 3889//3781 3763//3871
f 3781//3782 3889//3781 3780//3891
f 3863//3931 3892//3930 3747//3827
f 3889//3781 3890//3879 3780//3891
f 3780//3891 3890//3879 3891//3894
f 3890//3879 3747//3827 3892//3930
f 3846//3892 3892//3930 3861//3883
f 3890//3879 3892//3930 3891//3894
f 3735//3837 3893//3863 3751//3817
f 3894//3862 3893//3863 3793//3813
f 3819//3812 3894//3862 3793//3813
f 624//1169 3894//3862 3744//3876
f 606//815 605//105 3896//3811
f 3735//3837 3895//3790 3793//3813
f 3819//3812 3896//3811 3730//3810
f 606//815 3896//3811 3895//3790
f 3831//3822 3897//3873 3750//3858
f 3805//3762 3897//3873 3807//3857
f 3796//3723 3741//3725 3899//3864
f 3938//3755 3898//3903 3739//3872
f 3900//3865 3801//3785 3757//3779
f 3796//3723 3899//3864 3898//3903
f 3808//3800 3900//3865 3757//3779
f 3898//3903 3900//3865 3739//3872
f 3902//3823 3809//3802 3903//3893
f 3952//3942 3951//3944 3879//3915
f 3953//3945 3831//3822 3951//3944
f 3809//3802 3902//3823 3953//3945
f 3902//3823 3903//3893 3734//3821
f 3748//3890 3903//3893 3809//3802
f 3904//3934 3940//3929 3941//3853
f 3929//3791 3925//3935 3928//3792
f 3849//3920 3905//3909 3850//3912
f 3870//3878 3905//3909 3864//3933
f 3944//3901 3906//3927 3943//3932
f 3859//3900 3945//3946 3944//3901
f 3907//3922 3911//3938 3908//3923
f 3870//3878 3907//3922 3811//3877
f 3811//3877 3910//3921 3836//3736
f 3907//3922 3947//3869 3911//3938
f 3910//3921 3909//3737 3836//3736
f 3918//3874 3909//3737 3908//3923
f 3907//3922 3910//3921 3811//3877
f 3909//3737 3910//3921 3908//3923
f 3911//3938 3723//3947 3914//3948
f 3908//3923 3911//3938 3918//3874
f 3921//3949 3923//3950 3914//3948
f 3822//3757 3950//3756 3924//3925
f 3745//3939 3913//3914 3881//3916
f 3920//3941 3913//3914 3912//3951
f 3921//3949 3914//3948 3723//3947
f 3927//3943 3919//3937 3912//3951
f 3923//3950 3912//3951 3914//3948
f 3950//3756 3951//3944 3915//3952
f 3921//3949 3723//3947 3922//3936
f 3924//3925 3923//3950 3916//3953
f 3927//3943 3912//3951 3913//3914
f 3917//3954 3954//3940 3955//3955
f 3919//3937 3911//3938 3914//3948
f 3918//3874 3917//3954 3955//3955
f 3912//3951 3919//3937 3914//3948
f 3917//3954 3918//3874 3919//3937
f 3926//3956 3912//3951 3923//3950
f 3920//3941 3915//3952 3952//3942
f 3723//3947 3946//3868 3922//3936
f 3921//3949 3916//3953 3923//3950
f 3904//3934 3941//3853 3925//3935
f 3916//3953 3921//3949 3922//3936
f 3916//3953 3929//3791 3924//3925
f 3926//3956 3920//3941 3912//3951
f 3924//3925 3724//3774 3842//3775
f 3926//3956 3924//3925 3950//3756
f 3925//3935 3872//3854 3928//3792
f 3916//3953 3922//3936 3925//3935
f 3920//3941 3926//3956 3915//3952
f 3923//3950 3924//3925 3926//3956
f 3745//3939 3927//3943 3913//3914
f 3919//3937 3927//3943 3917//3954
f 3930//3887 3928//3792 3872//3854
f 3726//3724 3931//3818 3928//3792
f 3924//3925 3929//3791 3724//3774
f 3925//3935 3929//3791 3916//3953
f 3873//3886 3930//3887 3872//3854
f 3726//3724 3930//3887 3742//3797
f 3796//3723 3931//3818 3726//3724
f 3724//3774 3928//3792 3931//3818
f 3852//3735 3932//3772 3732//3758
f 3955//3955 3932//3772 3729//3875
f 3760//3771 589//807 3934//3769
f 3954//3940 3933//3770 3874//3860
f 588//805 587//87 3935//3759
f 3874//3860 3933//3770 3934//3769
f 3874//3860 3934//3769 3935//3759
f 3935//3759 3934//3769 588//805
f 3880//3754 3936//3859 3750//3858
f 3951//3944 3936//3859 3879//3915
f 3886//3849 3937//3889 3731//3728
f 3887//3828 3937//3889 3883//3829
f 3939//3906 3938//3755 3739//3872
f 3950//3756 3938//3755 3901//3913
f 3808//3800 3939//3906 3739//3872
f 3953//3945 3939//3906 3809//3802
f 3941//3853 3940//3929 3738//3808
f 3940//3929 3904//3934 3945//3946
f 3871//3820 3941//3853 3738//3808
f 3941//3853 3872//3854 3925//3935
f 3905//3909 3942//3926 3864//3933
f 3943//3932 3942//3926 3849//3920
f 3865//3831 3943//3932 3849//3920
f 3944//3901 3943//3932 3795//3924
f 3858//3899 3944//3901 3795//3924
f 3859//3900 3940//3929 3945//3946
f 3904//3934 3922//3936 3946//3868
f 3944//3901 3945//3946 3949//3870
f 3947//3869 3946//3868 3723//3947
f 3904//3934 3946//3868 3945//3946
f 3911//3938 3947//3869 3723//3947
f 3948//3928 3947//3869 3907//3922
f 3864//3933 3948//3928 3907//3922
f 3948//3928 3906//3927 3949//3870
f 3944//3901 3949//3870 3906//3927
f 3946//3868 3949//3870 3945//3946
f 3951//3944 3950//3756 3901//3913
f 3950//3756 3915//3952 3926//3956
f 3953//3945 3951//3944 3901//3913
f 3936//3859 3951//3944 3831//3822
f 3952//3942 3879//3915 3913//3914
f 3915//3952 3951//3944 3952//3942
f 3953//3945 3901//3913 3939//3906
f 3831//3822 3953//3945 3902//3823
f 3955//3955 3954//3940 3874//3860
f 3927//3943 3954//3940 3917//3954
f 3932//3772 3955//3955 3874//3860
f 3918//3874 3955//3955 3729//3875
f 3776//3730 3956//3850 3731//3728
f 3770//3711 3956//3850 3728//3882
f 4189//3957 4190//3958 4191//3959
f 675//866 674//865 3968//3960
f 675//866 3968//3960 4054//3961
f 3994//3962 4008//3963 4014//3964
f 677//295 4019//3965 3988//3966
f 675//866 4054//3961 676//868
f 4054//3961 677//295 676//868
f 4083//3967 4051//3968 4052//3969
f 690//1230 4031//3970 691//1231
f 4180//3971 751//1283 4179//3972
f 4039//3973 4101//3974 3974//3975
f 678//293 3988//3966 679//1220
f 3988//3966 4015//3976 679//1220
f 3959//3977 3958//3978 4038//3979
f 686//1227 685//1225 4012//3980
f 4010//3981 681//871 680//1221
f 4017//3982 681//871 4010//3981
f 688//307 4182//3983 4031//3970
f 4131//3984 4118//3985 4109//3986
f 729//334 728//887 4021//3987
f 4036//3988 4019//3965 3967//3989
f 4014//3964 4008//3963 691//1231
f 711//317 710//322 3991//3990
f 3983//3991 4044//3992 4043//3993
f 4059//3994 4186//3995 4106//3996
f 4107//3997 4072//3998 4074//3999
f 682//296 4016//4000 683//297
f 4037//4001 4038//3979 3958//3978
f 732//889 4043//3993 4000//4002
f 3961//4003 4088//4004 4112//4005
f 4007//4006 3993//4007 4013//4008
f 3963//4009 3962//4010 4087//4011
f 739//1271 738//336 4040//4012
f 4016//4000 684//1224 683//297
f 3982//4013 4028//4014 4058//4015
f 701//323 4026//4016 702//1242
f 735//1267 4042//4017 736//1268
f 3997//4018 4158//4019 744//1276
f 4155//4020 4169//4021 4152//4022
f 4031//3970 689//306 688//307
f 4030//4023 4197//4024 4014//3964
f 710//322 709//881 4177//4025
f 4031//3970 690//1230 689//306
f 4010//3981 4050//4026 4017//3982
f 4014//3964 3982//4013 4030//4023
f 4036//3988 3967//3989 3966//4027
f 3987//4028 4026//4016 4013//4008
f 4052//3969 4081//4029 4011//4030
f 4000//4002 4043//3993 4044//3992
f 4008//3963 692//1233 691//1231
f 4191//3959 4008//3963 3994//3962
f 4183//4031 4007//4006 698//1239
f 4191//3959 692//1233 4008//3963
f 4162//4032 4117//4033 4163//4034
f 695//302 4193//4035 696//1236
f 4021//3987 730//332 729//334
f 693//875 4190//3958 694//303
f 4023//4036 3986//4037 3989//4038
f 4007//4006 699//877 698//1239
f 4000//4002 4041//4039 733//329
f 4040//4012 737//338 3999//4040
f 4029//4041 4182//3983 687//873
f 4012//3980 4028//4014 4029//4041
f 4013//4008 4026//4016 700//326
f 4015//3976 4010//3981 680//1221
f 3986//4037 4047//4042 4003//4043
f 4032//4044 4055//4045 4020//4046
f 3988//3966 3984//4047 4049//4048
f 702//1242 4026//4016 4004//4049
f 4102//4050 3965//4051 3964//4052
f 4013//4008 700//326 699//877
f 4097//4053 4100//4054 3996//4055
f 3972//4056 4099//4057 4122//4058
f 4047//4042 706//340 705//339
f 705//339 4003//4043 4047//4042
f 4015//3976 4049//4048 4010//3981
f 4104//4059 3965//4051 4102//4050
f 722//346 4178//4060 4033//4061
f 708//1247 3985//4062 709//881
f 4116//4063 4101//3974 4039//3973
f 707//1246 3687//350 4002//4064
f 4181//4065 4002//4064 4025//4066
f 4162//4032 4164//4067 4144//4068
f 3991//3990 720//883 719//1259
f 711//317 3991//3990 712//1251
f 707//1246 4181//4065 708//1247
f 4047//4042 3687//350 706//340
f 712//1251 718//319 713//1252
f 4192//4069 4141//4070 4143//4071
f 3688//1257 716//417 715//416
f 715//416 714//1254 3688//1257
f 4048//4072 703//1243 4004//4049
f 709//881 3985//4062 4177//4025
f 4016//4000 4017//3982 4050//4026
f 717//905 714//1254 713//1252
f 4045//4073 4046//4074 4068//4075
f 4004//4049 703//1243 702//1242
f 682//296 681//871 4017//3982
f 4186//3995 4059//3994 4187//4076
f 679//1220 4015//3976 680//1221
f 746//308 745//310 4158//4019
f 687//873 686//1227 4029//4041
f 4146//4077 4147//4078 4145//4079
f 3990//4080 4092//4081 4038//3979
f 4099//4057 3973//4082 4119//4083
f 3957//4084 4037//4001 3958//3978
f 753//355 4100//4054 754//356
f 4095//4085 4094//4086 4035//4087
f 4046//4074 4045//4073 4067//4088
f 4158//4019 745//310 744//1276
f 739//1271 3998//4089 740//1272
f 3998//4089 4065//4090 740//1272
f 3977//4091 4174//4092 4175//4093
f 754//356 4100//4054 755//1287
f 742//311 3977//4091 4175//4093
f 4121//4094 4157//4095 3976//4096
f 4042//4017 735//1267 4041//4039
f 699//877 4007//4006 4013//4008
f 741//313 4065//4090 742//311
f 704//879 4048//4072 4003//4043
f 4086//4097 4085//4098 4006//4099
f 4132//4100 4164//4067 4165//4101
f 756//1288 4005//4102 757//352
f 4061//4103 757//352 4005//4102
f 4068//4075 4185//4104 4154//4105
f 756//1288 4100//4054 4005//4102
f 759//1291 758//353 4061//4103
f 759//1291 3957//4084 760//1292
f 4018//4106 4012//3980 685//1225
f 4193//4035 694//303 4190//3958
f 4183//4031 698//1239 697//1237
f 4024//4107 726//344 725//343
f 3989//4038 3986//4037 4032//4044
f 4158//4019 4156//4108 747//1279
f 749//363 748//1280 3995//4109
f 4039//3973 4065//4090 3998//4089
f 4143//4071 4148//4110 3975//4111
f 4100//4054 753//355 4009//4112
f 4049//4048 4015//3976 3988//3966
f 4180//3971 4009//4112 752//1284
f 4039//3973 3998//4089 3978//4113
f 751//1283 4180//3971 752//1284
f 753//355 752//1284 4009//4112
f 3990//4080 4037//4001 4061//4103
f 4012//3980 4006//4099 4028//4014
f 758//353 757//352 4061//4103
f 3967//3989 4019//3965 3968//3960
f 4011//4030 4081//4029 4110//4114
f 723//1261 722//346 4033//4061
f 721//349 4178//4060 722//346
f 4045//4073 3970//4115 4066//4116
f 4175//4093 744//1276 743//1275
f 4025//4066 4002//4064 4023//4036
f 724//885 4024//4107 725//343
f 3999//4040 737//338 736//1268
f 3960//4117 4088//4004 3961//4003
f 3991//3990 4177//4025 4178//4060
f 4179//3972 749//363 3995//4109
f 717//905 3688//1257 714//1254
f 3689//318 717//905 713//1252
f 4121//4094 4113//4118 4120//4119
f 4156//4108 748//1280 747//1279
f 3987//4028 4067//4088 4027//4120
f 4178//4060 720//883 3991//3990
f 4050//4026 4001//4121 4083//3967
f 713//1252 718//319 3689//318
f 4018//4106 4110//4114 4012//3980
f 719//1259 718//319 712//1251
f 3991//3990 719//1259 712//1251
f 4004//4049 3987//4028 4027//4120
f 4050//4026 4010//3981 4001//4121
f 4002//4064 4047//4042 4023//4036
f 4040//4012 3978//4113 3998//4089
f 735//1267 734//327 4041//4039
f 4172//4122 4173//4123 4174//4092
f 4058//4015 3971//4124 4030//4023
f 3975//4111 4153//4125 4184//4126
f 4040//4012 738//336 737//338
f 4003//4043 705//339 704//879
f 3995//4109 4120//4119 4179//3972
f 4065//4090 4039//3973 4064//4127
f 3983//3991 4020//4046 4056//4128
f 4016//4000 4018//4106 684//1224
f 3989//4038 4022//4129 727//1263
f 4020//4046 4021//3987 4022//4129
f 4199//4130 696//1236 4193//4035
f 4184//4126 4183//4031 4199//4130
f 4041//4039 4000//4002 3980//4131
f 677//295 3988//3966 678//293
f 3983//3991 731//1265 730//332
f 3977//4091 4064//4127 4172//4122
f 4066//4116 4000//4002 4044//3992
f 4043//3993 731//1265 3983//3991
f 4100//4054 756//1288 755//1287
f 4094//4086 4097//4053 4115//4132
f 727//1263 726//344 3989//4038
f 733//329 732//889 4000//4002
f 685//1225 684//1224 4018//4106
f 682//296 4017//3982 4016//4000
f 4179//3972 751//1283 750//364
f 3984//4047 3988//3966 4019//3965
f 4016//4000 4011//4030 4018//4106
f 3986//4037 4003//4043 4055//4045
f 730//332 4021//3987 3983//3991
f 4022//4129 4021//3987 728//887
f 3983//3991 4021//3987 4020//4046
f 727//1263 4022//4129 728//887
f 4022//4129 3989//4038 4032//4044
f 3989//4038 726//344 4024//4107
f 4033//4061 4024//4107 724//885
f 723//1261 4033//4061 724//885
f 3989//4038 4024//4107 4023//4036
f 4025//4066 3985//4062 4181//4065
f 4023//4036 4024//4107 4025//4066
f 4026//4016 701//323 700//326
f 3987//4028 4004//4049 4026//4016
f 3981//4133 3983//3991 4056//4128
f 4084//4134 4048//4072 4004//4049
f 4028//4014 4006//4099 4085//4098
f 4031//3970 4182//3983 3982//4013
f 4012//3980 4029//4041 686//1227
f 4182//3983 4028//4014 3982//4013
f 4058//4015 4030//4023 3982//4013
f 4198//4135 4197//4024 3971//4124
f 3982//4013 4014//3964 4031//3970
f 4031//3970 4014//3964 691//1231
f 4055//4045 4032//4044 3986//4037
f 4022//4129 4032//4044 4020//4046
f 3985//4062 4025//4066 4033//4061
f 4033//4061 4025//4066 4024//4107
f 4075//4136 4127//4137 3992//4138
f 4052//3969 4011//4030 4050//4026
f 3959//3977 4038//3979 4089//4139
f 4138//4140 4136//4141 4137//4142
f 3965//4051 4104//4059 4105//4143
f 4019//3965 4036//3988 3984//4047
f 759//1291 4061//4103 3957//4084
f 4038//3979 4037//4001 3990//4080
f 4100//4054 3990//4080 4005//4102
f 4060//4144 4089//4139 4095//4085
f 4149//4145 4148//4110 4143//4071
f 4064//4127 4039//3973 3974//3975
f 4040//4012 3998//4089 739//1271
f 4168//4146 4040//4012 3999//4040
f 4041//4039 3980//4131 4042//4017
f 733//329 4041//4039 734//327
f 4151//4147 4042//4017 3980//4131
f 736//1268 4042//4017 3999//4040
f 731//1265 4043//3993 732//889
f 4044//3992 3983//3991 3981//4133
f 4045//4073 4044//3992 3981//4133
f 4045//4073 4066//4116 4044//3992
f 3981//4133 4067//4088 4045//4073
f 3987//4028 4013//4008 4046//4074
f 4013//4008 3993//4007 4046//4074
f 4068//4075 4046//4074 3993//4007
f 4023//4036 4047//4042 3986//4037
f 4047//4042 4002//4064 3687//350
f 703//1243 4048//4072 704//879
f 4084//4134 4004//4049 4027//4120
f 4079//4148 4104//4059 4076//4149
f 4010//3981 4049//4048 4001//4121
f 4083//3967 4001//4121 4053//4150
f 4016//4000 4050//4026 4011//4030
f 4049//4048 4053//4150 4001//4121
f 4075//4136 4071//4151 4073//4152
f 4051//3968 4071//4151 4052//3969
f 4081//4029 4006//4099 4110//4114
f 3984//4047 4080//4153 4049//4048
f 4080//4153 4036//3988 4079//4148
f 3968//3960 4019//3965 4054//3961
f 677//295 4054//3961 4019//3965
f 4084//4134 4003//4043 4048//4072
f 4056//4128 4027//4120 3981//4133
f 4020//4046 4055//4045 4056//4128
f 4027//4120 4056//4128 4055//4045
f 4159//4154 4086//4097 3992//4138
f 4201//4155 4057//4156 4161//4157
f 4085//4098 4058//4015 4028//4014
f 4204//4158 4058//4015 4057//4156
f 4090//4159 4091//4160 4112//4005
f 4077//4161 4186//3995 4107//3997
f 4060//4144 4088//4004 4089//4139
f 4060//4144 4095//4085 4111//4162
f 3990//4080 4061//4103 4005//4102
f 3957//4084 4061//4103 4037//4001
f 4062//4163 4097//4053 4096//4164
f 4093//4165 4089//4139 4038//3979
f 4189//3957 4192//4069 3979//4166
f 4101//3974 4139//4167 3974//3975
f 4172//4122 4064//4127 3974//3975
f 4064//4127 3977//4091 4065//4090
f 742//311 4065//4090 3977//4091
f 740//1272 4065//4090 741//313
f 4152//4022 4066//4116 3970//4115
f 4066//4116 3980//4131 4000//4002
f 4027//4120 4067//4088 3981//4133
f 4046//4074 4067//4088 3987//4028
f 4068//4075 3993//4007 4185//4104
f 4045//4073 4068//4075 3970//4115
f 4183//4031 4185//4104 4007//4006
f 4150//4168 4153//4125 4148//4110
f 4077//4161 4070//4169 4103//4170
f 4074//3999 4051//3968 4076//4149
f 4073//4152 4071//4151 4051//3968
f 4082//4171 4071//4151 3992//4138
f 4073//4152 4051//3968 4074//3999
f 4075//4136 3992//4138 4071//4151
f 4053//4150 4076//4149 4051//3968
f 4073//4152 4072//3998 4075//4136
f 4107//3997 4070//4169 4077//4161
f 4072//3998 4073//4152 4074//3999
f 4108//4172 4078//4173 4072//3998
f 4075//4136 4072//3998 4078//4173
f 4079//4148 4076//4149 4053//4150
f 4070//4169 4074//3999 4076//4149
f 4070//4169 4102//4050 4103//4170
f 4077//4161 4106//3996 4186//3995
f 4118//3985 4078//4173 4108//4172
f 4128//4174 4129//4175 4124//4176
f 4080//4153 4079//4148 4053//4150
f 4036//3988 3966//4027 4105//4143
f 4049//4048 4080//4153 4053//4150
f 4036//3988 4080//4153 3984//4047
f 4082//4171 4052//3969 4071//4151
f 4081//4029 4082//4171 4086//4097
f 4086//4097 4082//4171 3992//4138
f 4052//3969 4082//4171 4081//4029
f 4083//3967 4052//3969 4050//4026
f 4053//4150 4051//3968 4083//3967
f 4027//4120 4055//4045 4084//4134
f 4003//4043 4084//4134 4055//4045
f 4006//4099 4081//4029 4086//4097
f 4058//4015 4085//4098 4057//4156
f 4127//4137 4133//4177 4159//4154
f 4085//4098 4086//4097 4161//4157
f 4091//4160 4087//4011 3962//4010
f 4087//4011 4059//3994 4106//3996
f 4089//4139 4088//4004 3960//4117
f 4112//4005 4088//4004 4060//4144
f 3959//3977 4089//4139 3960//4117
f 4092//4081 4093//4165 4038//3979
f 4138//4140 4137//4142 4035//4087
f 4059//3994 4087//4011 4091//4160
f 4112//4005 3962//4010 3961//4003
f 4059//3994 4091//4160 4090//4159
f 4100//4054 4092//4081 3990//4080
f 4092//4081 4062//4163 4093//4165
f 4096//4164 4093//4165 4062//4163
f 4095//4085 4035//4087 4111//4162
f 4098//4178 4115//4132 4097//4053
f 4094//4086 4115//4132 4114//4179
f 4089//4139 4093//4165 4095//4085
f 4095//4085 4093//4165 4096//4164
f 4062//4163 4100//4054 4097//4053
f 4095//4085 4096//4164 4094//4086
f 4098//4178 4097//4053 3996//4055
f 4094//4086 4096//4164 4097//4053
f 4180//3971 4098//4178 3996//4055
f 4098//4178 3973//4082 4099//4057
f 4120//4119 4119//4083 3973//4082
f 4099//4057 3972//4056 4114//4179
f 3996//4055 4100//4054 4009//4112
f 4062//4163 4092//4081 4100//4054
f 4116//4063 4039//3973 3978//4113
f 4140//4180 4139//4167 4101//3974
f 4102//4050 3964//4052 4103//4170
f 4104//4059 4102//4050 4070//4169
f 3964//4052 3963//4009 4103//4170
f 3963//4009 4087//4011 4106//3996
f 4076//4149 4104//4059 4070//4169
f 4104//4059 4079//4148 4105//4143
f 4036//3988 4105//4143 4079//4148
f 3965//4051 4105//4143 3966//4027
f 4077//4161 4103//4170 4106//3996
f 4106//3996 4103//4170 3963//4009
f 4070//4169 4107//3997 4074//3999
f 4186//3995 4108//4172 4107//3997
f 4107//3997 4108//4172 4072//3998
f 4118//3985 4108//4172 4034//4181
f 4187//4076 4137//4142 4034//4181
f 4124//4176 4123//4182 4128//4174
f 4012//3980 4110//4114 4006//4099
f 4011//4030 4110//4114 4018//4106
f 4137//4142 4111//4162 4035//4087
f 4112//4005 4111//4162 4090//4159
f 4112//4005 4060//4144 4111//4162
f 3962//4010 4112//4005 4091//4160
f 4126//4183 4135//4184 4166//4185
f 4119//4083 4122//4058 4099//4057
f 4136//4141 4114//4179 3972//4056
f 4094//4086 4114//4179 4138//4140
f 4098//4178 4099//4057 4115//4132
f 4114//4179 4115//4132 4099//4057
f 4146//4077 4116//4063 3978//4113
f 4063//4186 4101//3974 4116//4063
f 4195//4187 4140//4180 4142//4188
f 4164//4067 4162//4032 3969//4189
f 4137//4142 4118//3985 4034//4181
f 4131//3984 4109//3986 4130//4190
f 3973//4082 4179//3972 4120//4119
f 4119//4083 4113//4118 4122//4058
f 4121//4094 4120//4119 3995//4109
f 4113//4118 4119//4083 4120//4119
f 4121//4094 3995//4109 4156//4108
f 4121//4094 3976//4096 4126//4183
f 4113//4118 4126//4183 4124//4176
f 4122//4058 4113//4118 4124//4176
f 4201//4155 4133//4177 4170//4191
f 4130//4190 3972//4056 4129//4175
f 4113//4118 4121//4094 4126//4183
f 4123//4182 4188//4192 4128//4174
f 4075//4136 4134//4193 4127//4137
f 4165//4101 4160//4194 4123//4182
f 4126//4183 3976//4096 4135//4184
f 4124//4176 4126//4183 4166//4185
f 4134//4193 4075//4136 4078//4173
f 4127//4137 4125//4195 4133//4177
f 4134//4193 4125//4195 4127//4137
f 4122//4058 4129//4175 3972//4056
f 4124//4176 4129//4175 4122//4058
f 4130//4190 4129//4175 4128//4174
f 4131//3984 4130//4190 4128//4174
f 4130//4190 4109//3986 4136//4141
f 4125//4195 4131//3984 4128//4174
f 4118//3985 4131//3984 4078//4173
f 4171//4196 3974//3975 4139//4167
f 4139//4167 4144//4068 4171//4196
f 4170//4191 4133//4177 4125//4195
f 4085//4098 4161//4157 4057//4156
f 4078//4173 4131//3984 4134//4193
f 4125//4195 4134//4193 4131//3984
f 3976//4096 4173//4123 4176//4197
f 4132//4100 4165//4101 4166//4185
f 4130//4190 4136//4141 3972//4056
f 4136//4141 4109//3986 4137//4142
f 4137//4142 4109//3986 4118//3985
f 4111//4162 4137//4142 4090//4159
f 4094//4086 4138//4140 4035//4087
f 4136//4141 4138//4140 4114//4179
f 4140//4180 4101//3974 4063//4186
f 4144//4068 4139//4167 4117//4033
f 4142//4188 4140//4180 4063//4186
f 4117//4033 4139//4167 4140//4180
f 4142//4188 4143//4071 4141//4070
f 4198//4135 4196//4198 4197//4024
f 4143//4071 4142//4188 4063//4186
f 4141//4070 4163//4034 4195//4187
f 4146//4077 4149//4145 4116//4063
f 4143//4071 3975//4111 4192//4069
f 4144//4068 4117//4033 4162//4032
f 4144//4068 4132//4100 4167//4199
f 4146//4077 3978//4113 4168//4146
f 4150//4168 4069//4200 4153//4125
f 4146//4077 4168//4146 4147//4078
f 4146//4077 4145//4079 4149//4145
f 4151//4147 3999//4040 4042//4017
f 4151//4147 4152//4022 4147//4078
f 4149//4145 4143//4071 4063//4186
f 4148//4110 4145//4079 4150//4168
f 4149//4145 4063//4186 4116//4063
f 4145//4079 4148//4110 4149//4145
f 4169//4021 4145//4079 4147//4078
f 4154//4105 3970//4115 4068//4075
f 4152//4022 4151//4147 3980//4131
f 4151//4147 4147//4078 4168//4146
f 4066//4116 4152//4022 3980//4131
f 4152//4022 3970//4115 4155//4020
f 4184//4126 4153//4125 4069//4200
f 4148//4110 4153//4125 3975//4111
f 4069//4200 4150//4168 4154//4105
f 4154//4105 4150//4168 4155//4020
f 4154//4105 4155//4020 3970//4115
f 4150//4168 4145//4079 4169//4021
f 748//1280 4156//4108 3995//4109
f 747//1279 746//308 4158//4019
f 4157//4095 3997//4018 4173//4123
f 4121//4094 4156//4108 4157//4095
f 3997//4018 4157//4095 4158//4019
f 4156//4108 4158//4019 4157//4095
f 4127//4137 4159//4154 3992//4138
f 4161//4157 4159//4154 4133//4177
f 4170//4191 4188//4192 4160//4194
f 4202//4201 4194//4202 4201//4155
f 4159//4154 4161//4157 4086//4097
f 4161//4157 4133//4177 4201//4155
f 4140//4180 4195//4187 4117//4033
f 4162//4032 4163//4034 4203//4203
f 4196//4198 4163//4034 4141//4070
f 4163//4034 4205//4204 4203//4203
f 4165//4101 4164//4067 3969//4189
f 4132//4100 4144//4068 4164//4067
f 4165//4101 3969//4189 4202//4201
f 4165//4101 4123//4182 4166//4185
f 4166//4185 4123//4182 4124//4176
f 4132//4100 4166//4185 4135//4184
f 4176//4197 4132//4100 4135//4184
f 4173//4123 3997//4018 4174//4092
f 4040//4012 4168//4146 3978//4113
f 4151//4147 4168//4146 3999//4040
f 4152//4022 4169//4021 4147//4078
f 4150//4168 4169//4021 4155//4020
f 4188//4192 4170//4191 4125//4195
f 4201//4155 4170//4191 4160//4194
f 4144//4068 4167//4199 4171//4196
f 3974//3975 4171//4196 4167//4199
f 3974//3975 4167//4199 4172//4122
f 4172//4122 4167//4199 4173//4123
f 4176//4197 4173//4123 4167//4199
f 4157//4095 4173//4123 3976//4096
f 4175//4093 3997//4018 744//1276
f 4172//4122 4174//4092 3977//4091
f 4175//4093 743//1275 742//311
f 3997//4018 4175//4093 4174//4092
f 4132//4100 4176//4197 4167//4199
f 3976//4096 4176//4197 4135//4184
f 4178//4060 4177//4025 3985//4062
f 710//322 4177//4025 3991//3990
f 4178//4060 3985//4062 4033//4061
f 720//883 4178//4060 721//349
f 4180//3971 3973//4082 4098//4178
f 749//363 4179//3972 750//364
f 4009//4112 4180//3971 3996//4055
f 3973//4082 4180//3971 4179//3972
f 708//1247 4181//4065 3985//4062
f 707//1246 4002//4064 4181//4065
f 687//873 4182//3983 688//307
f 4028//4014 4182//3983 4029//4041
f 697//1237 696//1236 4199//4130
f 4183//4031 4184//4126 4185//4104
f 3975//4111 4184//4126 3979//4166
f 4185//4104 4184//4126 4069//4200
f 4185//4104 4069//4200 4154//4105
f 4007//4006 4185//4104 3993//4007
f 4187//4076 4059//3994 4090//4159
f 4108//4172 4186//3995 4034//4181
f 4137//4142 4187//4076 4090//4159
f 4034//4181 4186//3995 4187//4076
f 4160//4194 4188//4192 4123//4182
f 4125//4195 4128//4174 4188//4192
f 4193//4035 4190//3958 3979//4166
f 4200//4205 4189//3957 4191//3959
f 693//875 692//1233 4191//3959
f 3979//4166 4190//3958 4189//3957
f 4191//3959 3994//3962 4200//4205
f 693//875 4191//3959 4190//3958
f 3979//4166 4192//4069 3975//4111
f 4192//4069 4189//3957 4200//4205
f 4193//4035 3979//4166 4199//4130
f 694//303 4193//4035 695//302
f 3969//4189 4162//4032 4203//4203
f 4203//4203 4205//4204 4194//4202
f 4141//4070 4195//4187 4142//4188
f 4163//4034 4117//4033 4195//4187
f 4200//4205 4196//4198 4141//4070
f 4196//4198 3994//3962 4197//4024
f 4014//3964 4197//4024 3994//3962
f 3971//4124 4197//4024 4030//4023
f 3971//4124 4204//4158 4205//4204
f 4163//4034 4196//4198 4198//4135
f 4184//4126 4199//4130 3979//4166
f 697//1237 4199//4130 4183//4031
f 4196//4198 4200//4205 3994//3962
f 4192//4069 4200//4205 4141//4070
f 4202//4201 4201//4155 4160//4194
f 4201//4155 4194//4202 4057//4156
f 4165//4101 4202//4201 4160//4194
f 4203//4203 4202//4201 3969//4189
f 4205//4204 4163//4034 4198//4135
f 4203//4203 4194//4202 4202//4201
f 4058//4015 4204//4158 3971//4124
f 4057//4156 4194//4202 4204//4158
f 3971//4124 4205//4204 4198//4135
f 4194//4202 4205//4204 4204//4158
f 4206//4206 4395//4207 2//374
f 4206//4206 2//374 1//373
f 32//410 4331//4208 4313//4209
f 4429//4210 4289//4211 4448//4212
f 4206//4206 4207//4213 4394//4214
f 4395//4207 4206//4206 4394//4214
f 45//604 4307//4215 4364//4216
f 4286//4217 4280//4218 4493//4219
f 4463//4220 5//379 4479//4221
f 4412//4222 4230//4223 4411//4224
f 4308//4225 4263//4226 4329//4227
f 4332//4228 4331//4208 30//602
f 4482//4229 4424//4230 4486//4231
f 4462//4232 7//913 4463//4220
f 4474//4233 4287//4234 4507//4235
f 4461//4236 4462//4232 4460//4237
f 4494//4238 4291//4239 4515//4240
f 4264//4241 4329//4227 4263//4226
f 4321//4242 4547//4243 4546//4244
f 8//914 4462//4232 4461//4236
f 4523//4245 4527//4246 4352//4247
f 4295//4248 4519//4249 11//917
f 4519//4249 4515//4240 4465//4250
f 46//502 4364//4216 47//493
f 4462//4232 8//914 7//913
f 4307//4215 4308//4225 4364//4216
f 4394//4214 4207//4213 4392//4251
f 4370//4252 4318//4253 4266//4254
f 4302//4255 20//392 19//391
f 4520//4256 15//919 4305//4257
f 4357//4258 4389//4259 4390//4260
f 4569//4261 4466//4262 4567//4263
f 4572//4264 4302//4255 4469//4265
f 4515//4240 4295//4248 4494//4238
f 4360//4266 4392//4251 4393//4267
f 4323//4268 4283//4269 4336//4270
f 13//387 12//600 4518//4271
f 4316//4272 4314//4273 4226//4274
f 4364//4216 4329//4227 4296//4275
f 4361//4276 4396//4277 4441//4278
f 4207//4213 4208//4279 4392//4251
f 4466//4262 4468//4280 4467//4281
f 4461//4236 10//382 9//383
f 4514//4282 4285//4283 4513//4284
f 4294//4285 4289//4211 4341//4286
f 21//925 4509//4287 22//926
f 4285//4283 4474//4233 4507//4235
f 4260//4288 4344//4289 4323//4268
f 4309//4290 42//488 41//942
f 4509//4287 20//392 4302//4255
f 4380//4291 4321//4242 4408//4292
f 4511//4293 4379//4294 23//397
f 4448//4212 4278//4295 4449//4296
f 4288//4297 4363//4298 4399//4299
f 4379//4294 4328//4300 25//929
f 4304//4301 4300//4302 4369//4303
f 4340//4304 4289//4211 4294//4285
f 4337//4305 4233//4306 4234//4307
f 4325//4308 4337//4305 4338//4309
f 4236//4310 4338//4309 4235//4311
f 4345//4312 4336//4270 4319//4313
f 4294//4285 27//406 4327//4314
f 27//406 4294//4285 28//403
f 28//403 4294//4285 29//933
f 4327//4314 27//406 26//930
f 4268//4315 4306//4316 4267//4317
f 4302//4255 4508//4318 4509//4287
f 4433//4319 4313//4209 4452//4320
f 4385//4321 4349//4322 4350//4323
f 33//935 32//410 4313//4209
f 4278//4295 4427//4324 4449//4296
f 4368//4325 4404//4326 4406//4327
f 4331//4208 4332//4228 4330//4328
f 4345//4312 4257//4329 4258//4330
f 4409//4331 4339//4332 4284//4333
f 4304//4301 4317//4334 4253//4335
f 4300//4302 4333//4336 4343//4337
f 4387//4338 4386//4339 4350//4323
f 4313//4209 4431//4340 4432//4341
f 4354//4342 4347//4343 4351//4344
f 18//921 4470//4345 19//391
f 4351//4344 39//399 4290//4346
f 4355//4347 4358//4348 4525//4349
f 4307//4215 4365//4350 4283//4269
f 39//399 38//402 4290//4346
f 4351//4344 41//942 40//941
f 4290//4346 4354//4342 4351//4344
f 49//907 48//947 4473//4351
f 34//414 4385//4321 4413//4352
f 4338//4309 4303//4353 4348//4354
f 4395//4207 4479//4221 4//910
f 4365//4350 4309//4290 4283//4269
f 3//909 4395//4207 4//910
f 45//604 44//945 4307//4215
f 42//488 4309//4290 4365//4350
f 4430//4355 4412//4222 4297//4356
f 17//390 4467//4281 4468//4280
f 4296//4275 4473//4351 47//493
f 4517//4357 4561//4358 4301//4359
f 47//493 4473//4351 48//947
f 4371//4360 4264//4241 4265//4361
f 22//926 4511//4293 23//397
f 44//945 43//489 4365//4350
f 4308//4225 4329//4227 4364//4216
f 4343//4337 4333//4336 4279//4362
f 4318//4253 3685//501 49//907
f 4297//4356 4410//4363 4578//4364
f 4269//4365 52//497 51//949
f 51//949 50//499 4306//4316
f 4300//4302 4343//4337 4353//4366
f 4567//4263 4466//4262 4472//4367
f 4270//4368 54//951 53//495
f 4288//4297 4293//4369 4403//4370
f 4273//4371 57//3707 56//954
f 56//954 55//952 4273//4371
f 4245//4372 4246//4373 4374//4374
f 53//495 52//497 4270//4368
f 4328//4300 4327//4314 26//930
f 4271//4375 55//952 54//951
f 4332//4228 4294//4285 4341//4286
f 3685//501 4318//4253 4370//4252
f 29//933 4332//4228 30//602
f 4420//4376 4280//4218 4360//4266
f 4313//4209 4331//4208 4330//4328
f 4299//4377 4348//4354 4303//4353
f 4253//4335 4317//4334 4252//4378
f 4398//4379 4423//4380 4397//4381
f 4328//4300 4379//4294 4474//4233
f 4411//4224 4409//4331 4378//4382
f 4215//4383 4397//4381 4214//4384
f 4216//4385 4363//4298 4215//4383
f 4311//4386 4314//4273 4316//4272
f 14//386 4305//4257 15//919
f 4378//4382 4410//4363 4411//4224
f 4288//4297 4399//4299 4293//4369
f 4363//4298 4362//4387 4397//4381
f 4261//4388 4344//4289 4260//4288
f 4236//4310 4303//4353 4338//4309
f 4225//4389 4477//4390 4274//4391
f 4321//4242 4380//4291 4334//4392
f 4508//4318 4302//4255 4298//4393
f 4243//4394 4244//4395 4381//4396
f 4227//4397 4430//4355 4226//4274
f 4242//4398 4334//4392 4241//4399
f 4495//4400 4280//4218 4497//4401
f 4303//4353 4236//4310 4237//4402
f 4518//4271 14//386 13//387
f 4238//4403 4239//4404 4322//4405
f 4369//4303 4317//4334 4304//4301
f 4241//4399 4334//4392 4380//4291
f 4380//4291 4239//4404 4240//4406
f 4317//4334 4315//4407 4252//4378
f 4380//4291 4408//4292 4322//4405
f 4381//4396 4244//4395 4320//4408
f 4223//4409 4293//4369 4222//4410
f 4293//4369 4400//4411 4222//4410
f 4249//4412 4406//4327 4248//4413
f 4477//4390 4366//4414 4476//4415
f 4408//4292 4377//4416 4322//4405
f 4314//4273 4477//4390 4225//4389
f 4347//4343 4283//4269 4309//4290
f 4220//4417 4217//4418 4219//4419
f 4379//4294 25//929 24//395
f 4293//4369 4399//4299 4400//4411
f 4283//4269 4323//4268 4335//4420
f 4219//4419 4217//4418 4218//4421
f 4333//4336 4346//4422 4279//4362
f 4307//4215 4335//4420 4308//4225
f 4512//4423 4550//4424 4514//4282
f 4230//4223 4231//4425 4324//4426
f 4476//4415 4223//4409 4224//4427
f 4339//4332 4232//4428 4233//4306
f 4405//4429 4368//4325 4312//4430
f 4339//4332 4233//4306 4337//4305
f 4252//4378 4315//4407 4251//4431
f 4314//4273 4225//4389 4226//4274
f 4331//4208 31//413 30//602
f 4430//4355 4228//4432 4412//4222
f 4250//4433 4315//4407 4368//4325
f 4297//4356 4578//4364 4316//4272
f 4324//4426 4411//4224 4230//4223
f 4521//4434 4472//4367 4467//4281
f 4306//4316 50//499 3685//501
f 4220//4417 4221//4435 4400//4411
f 4338//4309 4234//4307 4235//4311
f 4327//4314 4326//4436 4340//4304
f 4388//4437 4312//4430 4416//4438
f 4335//4420 4307//4215 4283//4269
f 4281//4439 4292//4440 4404//4326
f 4473//4351 4371//4360 4318//4253
f 4320//4408 4372//4441 4373//4442
f 4329//4227 4264//4241 4371//4360
f 4255//4443 4304//4301 4254//4444
f 4260//4288 4323//4268 4259//4445
f 35//408 4413//4352 36//937
f 4262//4446 4263//4226 4308//4225
f 4295//4248 11//917 10//382
f 4262//4446 4344//4289 4261//4388
f 4265//4361 4266//4254 4318//4253
f 4366//4414 4477//4390 4311//4386
f 4385//4321 4431//4340 4414//4447
f 4272//4448 55//952 4271//4375
f 4457//4449 4458//4450 4456//4451
f 55//952 4272//4448 4273//4371
f 4333//4336 4319//4313 4346//4422
f 4270//4368 4271//4375 54//951
f 4331//4208 32//410 31//413
f 4267//4317 4306//4316 4370//4252
f 4470//4345 4468//4280 4469//4265
f 4270//4368 52//497 4269//4365
f 4334//4392 4382//4452 4321//4242
f 51//949 4268//4315 4269//4365
f 51//949 4306//4316 4268//4315
f 4328//4300 26//930 25//929
f 4242//4398 4243//4394 4381//4396
f 4308//4225 4344//4289 4262//4446
f 4482//4229 4489//4453 4483//4454
f 4292//4440 4247//4455 4248//4413
f 4212//4456 4417//4457 4211//4458
f 4282//4459 4320//4408 4373//4442
f 4358//4348 4545//4460 4356//4461
f 4292//4440 4281//4439 4372//4441
f 4328//4300 4326//4436 4327//4314
f 4244//4395 4245//4372 4320//4408
f 4449//4296 4427//4324 4407//4462
f 4374//4374 4292//4440 4372//4441
f 4481//4463 4439//4464 4483//4454
f 4247//4455 4292//4440 4374//4374
f 4250//4433 4251//4431 4315//4407
f 4376//4465 4237//4402 4238//4403
f 4300//4302 4304//4301 4333//4336
f 4256//4466 4342//4467 4255//4443
f 4396//4277 4209//4468 4210//4469
f 4323//4268 4345//4312 4259//4445
f 37//938 4386//4339 38//402
f 4345//4312 4323//4268 4336//4270
f 4518//4271 4465//4250 4517//4357
f 4315//4407 4312//4430 4368//4325
f 4229//4470 4230//4223 4412//4222
f 4257//4329 4342//4467 4256//4466
f 4346//4422 4336//4270 4347//4343
f 4315//4407 4317//4334 4369//4303
f 4253//4335 4254//4444 4304//4301
f 4294//4285 4332//4228 29//933
f 4390//4260 4355//4347 4357//4258
f 4381//4396 4320//4408 4282//4459
f 4319//4313 4342//4467 4257//4329
f 4322//4405 4377//4416 4376//4465
f 4334//4392 4381//4396 4382//4452
f 4231//4425 4232//4428 4339//4332
f 4337//4305 4325//4308 4339//4332
f 4342//4467 4304//4301 4255//4443
f 4338//4309 4337//4305 4234//4307
f 4339//4332 4325//4308 4389//4259
f 4339//4332 4324//4426 4231//4425
f 4327//4314 4340//4304 4294//4285
f 4340//4304 4326//4436 4459//4471
f 4453//4472 4289//4211 4429//4210
f 4332//4228 4341//4286 4330//4328
f 4319//4313 4333//4336 4342//4467
f 4342//4467 4333//4336 4304//4301
f 4415//4473 4279//4362 4354//4342
f 37//938 36//937 4350//4323
f 4308//4225 4335//4420 4344//4289
f 4344//4289 4335//4420 4323//4268
f 4257//4329 4345//4312 4319//4313
f 4345//4312 4258//4330 4259//4445
f 4319//4313 4336//4270 4346//4422
f 4336//4270 4283//4269 4347//4343
f 4347//4343 4309//4290 4351//4344
f 4279//4362 4346//4422 4347//4343
f 4348//4354 4299//4377 4355//4347
f 4338//4309 4348//4354 4390//4260
f 4385//4321 4350//4323 4413//4352
f 4312//4430 4369//4303 4416//4438
f 4349//4322 4353//4366 4387//4338
f 4349//4322 4387//4338 4350//4323
f 41//942 4351//4344 4309//4290
f 39//399 4351//4344 40//941
f 4523//4245 4525//4349 4522//4474
f 4557//4475 4573//4476 4556//4477
f 4415//4473 4343//4337 4279//4362
f 4353//4366 4349//4322 4388//4437
f 4415//4473 4354//4342 4290//4346
f 4347//4343 4354//4342 4279//4362
f 4358//4348 4355//4347 4299//4377
f 4355//4347 4352//4247 4357//4258
f 4303//4353 4377//4416 4299//4377
f 4544//4478 4522//4474 4356//4461
f 4532//4479 4352//4247 4527//4246
f 4389//4259 4357//4258 4284//4333
f 4358//4348 4299//4377 4545//4460
f 4358//4348 4356//4461 4525//4349
f 4213//4480 4214//4384 4423//4380
f 4495//4400 4505//4481 4494//4238
f 4393//4267 4208//4279 4209//4468
f 4422//4482 4280//4218 4286//4217
f 4417//4457 4419//4483 4211//4458
f 4492//4484 4496//4485 4498//4486
f 4443//4487 4398//4379 4362//4387
f 4454//4488 4391//4489 4417//4457
f 4217//4418 4401//4490 4216//4385
f 4402//4491 4363//4298 4288//4297
f 47//493 4364//4216 4296//4275
f 45//604 4364//4216 46//502
f 44//945 4365//4350 4307//4215
f 42//488 4365//4350 43//489
f 4366//4414 4403//4370 4476//4415
f 4581//4492 4583//4493 4582//4494
f 4312//4430 4436//4495 4405//4429
f 4281//4439 4447//4496 4407//4462
f 4368//4325 4367//4497 4404//4326
f 4250//4433 4368//4325 4249//4412
f 4416//4438 4300//4302 4353//4366
f 4315//4407 4369//4303 4312//4430
f 4267//4317 4370//4252 4266//4254
f 3685//501 4370//4252 4306//4316
f 4371//4360 4296//4275 4329//4227
f 4265//4361 4318//4253 4371//4360
f 4372//4441 4281//4439 4373//4442
f 4320//4408 4245//4372 4374//4374
f 4407//4462 4373//4442 4281//4439
f 4373//4442 4407//4462 4427//4324
f 4374//4374 4246//4373 4247//4455
f 4320//4408 4374//4374 4372//4441
f 4546//4244 4478//4498 4548//4499
f 4299//4377 4375//4500 4545//4460
f 4237//4402 4376//4465 4303//4353
f 4238//4403 4322//4405 4376//4465
f 4299//4377 4377//4416 4375//4500
f 4303//4353 4376//4465 4377//4416
f 4529//4501 4530//4502 4527//4246
f 4410//4363 4378//4382 4276//4503
f 23//397 4379//4294 24//395
f 4474//4233 4379//4294 4287//4234
f 4239//4404 4380//4291 4322//4405
f 4241//4399 4380//4291 4240//4406
f 4382//4452 4381//4396 4282//4459
f 4381//4396 4334//4392 4242//4398
f 4427//4324 4384//4504 4282//4459
f 4382//4452 4282//4459 4384//4504
f 4457//4449 4278//4295 4448//4212
f 4457//4449 4552//4505 4278//4295
f 4427//4324 4282//4459 4373//4442
f 4547//4243 4384//4504 4383//4506
f 4432//4341 34//414 33//935
f 4431//4340 4433//4319 4414//4447
f 38//402 4386//4339 4290//4346
f 37//938 4350//4323 4386//4339
f 4343//4337 4387//4338 4353//4366
f 4290//4346 4386//4339 4387//4338
f 4437//4507 4388//4437 4349//4322
f 4437//4507 4434//4508 4388//4437
f 4339//4332 4389//4259 4284//4333
f 4390//4260 4389//4259 4325//4308
f 4338//4309 4390//4260 4325//4308
f 4355//4347 4390//4260 4348//4354
f 4398//4379 4438//4509 4423//4380
f 4455//4510 4419//4483 4417//4457
f 4393//4267 4392//4251 4208//4279
f 4394//4214 4392//4251 4360//4266
f 4396//4277 4393//4267 4209//4468
f 4496//4485 4420//4376 4421//4511
f 4360//4266 4422//4482 4394//4214
f 4463//4220 4479//4221 4286//4217
f 4395//4207 3//909 2//374
f 4394//4214 4422//4482 4479//4221
f 4211//4458 4419//4483 4442//4512
f 4396//4277 4361//4276 4421//4511
f 4363//4298 4397//4381 4215//4383
f 4398//4379 4397//4381 4362//4387
f 4425//4513 4443//4487 4362//4387
f 4417//4457 4212//4456 4438//4509
f 4426//4514 4363//4298 4216//4385
f 4401//4490 4220//4417 4400//4411
f 4400//4411 4221//4435 4222//4410
f 4401//4490 4400//4411 4399//4299
f 4399//4299 4363//4298 4426//4514
f 4220//4417 4401//4490 4217//4418
f 4578//4364 4580//4515 4582//4494
f 4362//4387 4363//4298 4402//4491
f 4476//4415 4403//4370 4293//4369
f 4480//4516 4403//4370 4366//4414
f 4404//4326 4292//4440 4406//4327
f 4428//4517 4404//4326 4367//4497
f 4436//4495 4312//4430 4388//4437
f 4367//4497 4368//4325 4405//4429
f 4248//4413 4406//4327 4292//4440
f 4249//4412 4368//4325 4406//4327
f 4404//4326 4428//4517 4447//4496
f 4341//4286 4289//4211 4453//4472
f 4546//4244 4408//4292 4321//4242
f 4377//4416 4408//4292 4375//4500
f 4339//4332 4409//4331 4324//4426
f 4284//4333 4378//4382 4409//4331
f 4578//4364 4410//4363 4276//4503
f 4411//4224 4410//4363 4297//4356
f 4411//4224 4297//4356 4412//4222
f 4411//4224 4324//4426 4409//4331
f 4297//4356 4316//4272 4430//4355
f 4229//4470 4412//4222 4228//4432
f 36//937 4413//4352 4350//4323
f 34//414 4413//4352 35//408
f 4414//4447 4310//4518 4434//4508
f 4349//4322 4385//4321 4414//4447
f 4290//4346 4387//4338 4415//4473
f 4343//4337 4415//4473 4387//4338
f 4300//4302 4416//4438 4369//4303
f 4353//4366 4388//4437 4416//4438
f 4212//4456 4213//4480 4438//4509
f 4417//4457 4391//4489 4455//4510
f 4446//4519 4443//4487 4444//4520
f 4417//4457 4418//4521 4454//4488
f 4440//4522 4455//4510 4481//4463
f 4442//4512 4396//4277 4210//4469
f 4360//4266 4393//4267 4420//4376
f 4421//4511 4420//4376 4393//4267
f 4396//4277 4421//4511 4393//4267
f 4361//4276 4496//4485 4421//4511
f 4280//4218 4422//4482 4360//4266
f 4479//4221 4422//4482 4286//4217
f 4397//4381 4423//4380 4214//4384
f 4438//4509 4398//4379 4418//4521
f 4362//4387 4402//4491 4425//4513
f 4316//4272 4578//4364 4311//4386
f 4288//4297 4480//4516 4402//4491
f 4480//4516 4288//4297 4403//4370
f 4216//4385 4401//4490 4426//4514
f 4399//4299 4426//4514 4401//4490
f 4278//4295 4383//4506 4427//4324
f 4384//4504 4427//4324 4383//4506
f 4310//4518 4435//4523 4434//4508
f 4453//4472 4450//4524 4451//4525
f 4450//4524 4429//4210 4449//4296
f 4451//4525 4450//4524 4428//4517
f 4226//4274 4430//4355 4316//4272
f 4228//4432 4430//4355 4227//4397
f 4385//4321 34//414 4432//4341
f 4433//4319 4431//4340 4313//4209
f 4313//4209 4432//4341 33//935
f 4385//4321 4432//4341 4431//4340
f 4452//4320 4313//4209 4330//4328
f 4310//4518 4414//4447 4433//4319
f 4310//4518 4451//4525 4435//4523
f 4436//4495 4367//4497 4405//4429
f 4428//4517 4367//4497 4435//4523
f 4436//4495 4435//4523 4367//4497
f 4388//4437 4434//4508 4436//4495
f 4436//4495 4434//4508 4435//4523
f 4349//4322 4414//4447 4437//4507
f 4434//4508 4437//4507 4414//4447
f 4423//4380 4438//4509 4213//4480
f 4417//4457 4438//4509 4418//4521
f 4445//4526 4418//4521 4398//4379
f 4439//4464 4446//4519 4482//4229
f 4500//4527 4492//4484 4498//4486
f 4499//4528 4441//4278 4455//4510
f 4442//4512 4441//4278 4396//4277
f 4441//4278 4419//4483 4455//4510
f 4211//4458 4442//4512 4210//4469
f 4441//4278 4442//4512 4419//4483
f 4425//4513 4444//4520 4443//4487
f 4446//4519 4444//4520 4424//4230
f 4444//4520 4425//4513 4581//4492
f 4424//4230 4482//4229 4446//4519
f 4445//4526 4439//4464 4454//4488
f 4398//4379 4443//4487 4445//4526
f 4439//4464 4445//4526 4446//4519
f 4446//4519 4445//4526 4443//4487
f 4404//4326 4447//4496 4281//4439
f 4450//4524 4447//4496 4428//4517
f 4459//4471 4289//4211 4340//4304
f 4474//4233 4458//4450 4459//4471
f 4450//4524 4449//4296 4407//4462
f 4448//4212 4449//4296 4429//4210
f 4447//4496 4450//4524 4407//4462
f 4428//4517 4435//4523 4451//4525
f 4310//4518 4452//4320 4451//4525
f 4452//4320 4453//4472 4451//4525
f 4433//4319 4452//4320 4310//4518
f 4453//4472 4452//4320 4330//4328
f 4341//4286 4453//4472 4330//4328
f 4453//4472 4429//4210 4450//4524
f 4445//4526 4454//4488 4418//4521
f 4481//4463 4454//4488 4439//4464
f 4481//4463 4455//4510 4391//4489
f 4455//4510 4440//4522 4499//4528
f 4285//4283 4507//4235 4513//4284
f 4553//4529 4544//4478 4478//4498
f 4458//4450 4457//4449 4448//4212
f 4457//4449 4456//4451 4552//4505
f 4459//4471 4458//4450 4448//4212
f 4458//4450 4285//4283 4514//4282
f 4459//4471 4448//4212 4289//4211
f 4459//4471 4326//4436 4474//4233
f 4495//4400 4494//4238 4460//4237
f 4461//4236 9//383 8//914
f 4494//4238 4461//4236 4460//4237
f 10//382 4461//4236 4295//4248
f 4463//4220 7//913 6//378
f 4462//4232 4463//4220 4493//4219
f 5//379 4463//4220 6//378
f 4493//4219 4463//4220 4286//4217
f 4510//4530 4511//4293 4509//4287
f 4554//4531 4576//4532 4553//4529
f 4291//4239 4505//4481 4563//4533
f 4517//4357 4301//4359 4521//4434
f 17//390 16//389 4467//4281
f 4467//4281 4472//4367 4466//4262
f 4520//4256 16//389 15//919
f 4521//4434 4301//4359 4471//4534
f 4469//4265 4468//4280 4466//4262
f 17//390 4468//4280 18//921
f 4466//4262 4569//4261 4572//4264
f 4470//4345 4302//4255 19//391
f 4468//4280 4470//4345 18//921
f 4302//4255 4470//4345 4469//4265
f 4536//4535 4524//4536 4526//4537
f 4523//4245 4475//4538 4526//4537
f 4521//4434 4467//4281 4520//4256
f 4567//4263 4472//4367 4471//4534
f 4371//4360 4473//4351 4296//4275
f 49//907 4473//4351 4318//4253
f 4474//4233 4285//4283 4458//4450
f 4328//4300 4474//4233 4326//4436
f 4538//4539 4535//4540 4539//4541
f 4564//4542 4561//4358 4516//4543
f 4223//4409 4476//4415 4293//4369
f 4224//4427 4274//4391 4477//4390
f 4477//4390 4314//4273 4311//4386
f 4224//4427 4477//4390 4476//4415
f 4408//4292 4546//4244 4375//4500
f 4512//4423 4553//4529 4549//4544
f 4//910 4479//4221 5//379
f 4394//4214 4479//4221 4395//4207
f 4311//4386 4582//4494 4583//4493
f 4402//4491 4480//4516 4425//4513
f 4440//4522 4481//4463 4359//4545
f 4454//4488 4481//4463 4391//4489
f 4584//4546 4578//4364 4579//4547
f 4486//4231 4487//4548 4482//4229
f 4481//4463 4483//4454 4359//4545
f 4439//4464 4482//4229 4483//4454
f 4487//4548 4490//4549 4485//4550
f 4487//4548 4491//4551 4490//4549
f 4500//4527 4503//4552 4492//4484
f 4482//4229 4487//4548 4489//4453
f 4486//4231 4424//4230 4580//4515
f 4487//4548 4486//4231 4484//4553
f 4487//4548 4484//4553 4491//4551
f 4487//4548 4485//4550 4489//4453
f 4556//4477 4488//4554 4491//4551
f 4530//4502 4531//4555 4284//4333
f 4501//4556 4489//4453 4485//4550
f 4483//4454 4489//4453 4359//4545
f 4488//4554 4275//4557 4490//4549
f 4558//4558 4490//4549 4275//4557
f 4556//4477 4491//4551 4484//4553
f 4490//4549 4491//4551 4488//4554
f 4506//4559 4500//4527 4498//4486
f 4503//4552 4558//4558 4502//4560
f 4495//4400 4493//4219 4280//4218
f 4462//4232 4493//4219 4460//4237
f 4461//4236 4494//4238 4295//4248
f 4460//4237 4493//4219 4495//4400
f 4496//4485 4497//4401 4420//4376
f 4497//4401 4504//4561 4495//4400
f 4498//4486 4496//4485 4361//4276
f 4504//4561 4496//4485 4492//4484
f 4420//4376 4497//4401 4280//4218
f 4504//4561 4497//4401 4496//4485
f 4361//4276 4499//4528 4498//4486
f 4506//4559 4359//4545 4500//4527
f 4441//4278 4499//4528 4361//4276
f 4506//4559 4499//4528 4440//4522
f 4501//4556 4359//4545 4489//4453
f 4500//4527 4501//4556 4503//4552
f 4558//4558 4503//4552 4485//4550
f 4359//4545 4501//4556 4500//4527
f 4537//4562 4543//4563 4559//4564
f 4566//4565 4560//4566 4516//4543
f 4485//4550 4503//4552 4501//4556
f 4503//4552 4502//4560 4565//4567
f 4563//4533 4504//4561 4492//4484
f 4505//4481 4504//4561 4563//4533
f 4494//4238 4505//4481 4291//4239
f 4495//4400 4504//4561 4505//4481
f 4499//4528 4506//4559 4498//4486
f 4359//4545 4506//4559 4440//4522
f 4287//4234 4379//4294 4511//4293
f 4464//4568 4554//4531 4513//4284
f 4555//4569 4508//4318 4298//4393
f 4507//4235 4510//4530 4464//4568
f 4509//4287 21//925 20//392
f 4508//4318 4464//4568 4510//4530
f 4287//4234 4510//4530 4507//4235
f 4508//4318 4510//4530 4509//4287
f 4509//4287 4511//4293 22//926
f 4287//4234 4511//4293 4510//4530
f 4512//4423 4554//4531 4553//4529
f 4553//4529 4478//4498 4549//4544
f 4464//4568 4513//4284 4507//4235
f 4514//4282 4513//4284 4512//4423
f 4550//4424 4512//4423 4549//4544
f 4514//4282 4456//4451 4458//4450
f 4515//4240 4291//4239 4562//4570
f 4519//4249 4465//4250 4518//4271
f 4562//4570 4291//4239 4563//4533
f 4558//4558 4559//4564 4502//4560
f 4518//4271 4517//4357 4305//4257
f 4561//4358 4517//4357 4465//4250
f 4518//4271 4305//4257 14//386
f 4519//4249 4518//4271 12//600
f 11//917 4519//4249 12//600
f 4515//4240 4519//4249 4295//4248
f 4521//4434 4520//4256 4305//4257
f 16//389 4520//4256 4467//4281
f 4521//4434 4305//4257 4517//4357
f 4472//4367 4521//4434 4471//4534
f 4575//4571 4538//4539 4277//4572
f 4523//4245 4522//4474 4475//4538
f 4475//4538 4539//4541 4540//4573
f 4525//4349 4523//4245 4352//4247
f 4524//4536 4537//4562 4542//4574
f 4526//4537 4527//4246 4523//4245
f 4525//4349 4352//4247 4355//4347
f 4522//4474 4525//4349 4356//4461
f 4540//4573 4534//4575 4536//4535
f 4526//4537 4524//4536 4527//4246
f 4527//4246 4524//4536 4529//4501
f 4530//4502 4284//4333 4532//4479
f 4542//4574 4573//4476 4529//4501
f 4531//4555 4276//4503 4378//4382
f 4542//4574 4529//4501 4524//4536
f 4530//4502 4529//4501 4528//4576
f 4531//4555 4530//4502 4528//4576
f 4284//4333 4357//4258 4532//4479
f 4531//4555 4528//4576 4557//4475
f 4284//4333 4531//4555 4378//4382
f 4352//4247 4532//4479 4357//4258
f 4527//4246 4530//4502 4532//4479
f 4564//4542 4570//4577 4301//4359
f 4522//4474 4538//4539 4475//4538
f 4567//4263 4568//4578 4533//4579
f 4536//4535 4537//4562 4524//4536
f 4576//4532 4574//4580 4575//4571
f 4574//4580 4569//4261 4571//4581
f 4540//4573 4526//4537 4475//4538
f 4537//4562 4536//4535 4534//4575
f 4543//4563 4537//4562 4534//4575
f 4537//4562 4275//4557 4542//4574
f 4277//4572 4538//4539 4522//4474
f 4535//4540 4571//4581 4539//4541
f 4577//4582 4540//4573 4539//4541
f 4475//4538 4538//4539 4539//4541
f 4540//4573 4536//4535 4526//4537
f 4577//4582 4539//4541 4533//4579
f 4577//4582 4568//4578 4534//4575
f 4502//4560 4559//4564 4560//4566
f 4275//4557 4488//4554 4542//4574
f 4573//4476 4542//4574 4488//4554
f 4568//4578 4543//4563 4534//4575
f 4543//4563 4541//4583 4559//4564
f 4522//4474 4544//4478 4277//4572
f 4545//4460 4544//4478 4356//4461
f 4548//4499 4545//4460 4375//4500
f 4478//4498 4544//4478 4545//4460
f 4547//4243 4321//4242 4382//4452
f 4456//4451 4514//4282 4550//4424
f 4384//4504 4547//4243 4382//4452
f 4552//4505 4551//4584 4383//4506
f 4545//4460 4548//4499 4478//4498
f 4375//4500 4546//4244 4548//4499
f 4478//4498 4546//4244 4549//4544
f 4547//4243 4551//4584 4546//4244
f 4549//4544 4546//4244 4551//4584
f 4552//4505 4383//4506 4278//4295
f 4383//4506 4551//4584 4547//4243
f 4549//4544 4551//4584 4550//4424
f 4456//4451 4550//4424 4552//4505
f 4551//4584 4552//4505 4550//4424
f 4513//4284 4554//4531 4512//4423
f 4553//4529 4277//4572 4544//4478
f 4464//4568 4555//4569 4554//4531
f 4554//4531 4555//4569 4574//4580
f 4508//4318 4555//4569 4464//4568
f 4574//4580 4555//4569 4298//4393
f 4484//4553 4584//4546 4579//4547
f 4557//4475 4556//4477 4276//4503
f 4531//4555 4557//4475 4276//4503
f 4557//4475 4528//4576 4573//4476
f 4490//4549 4558//4558 4485//4550
f 4559//4564 4558//4558 4275//4557
f 4559//4564 4275//4557 4537//4562
f 4559//4564 4541//4583 4560//4566
f 4564//4542 4560//4566 4541//4583
f 4563//4533 4565//4567 4566//4565
f 4465//4250 4515//4240 4562//4570
f 4516//4543 4560//4566 4564//4542
f 4516//4543 4561//4358 4562//4570
f 4562//4570 4561//4358 4465//4250
f 4565//4567 4563//4533 4492//4484
f 4516//4543 4562//4570 4563//4533
f 4570//4577 4541//4583 4568//4578
f 4301//4359 4561//4358 4564//4542
f 4503//4552 4565//4567 4492//4484
f 4566//4565 4502//4560 4560//4566
f 4563//4533 4566//4565 4516//4543
f 4502//4560 4566//4565 4565//4567
f 4567//4263 4471//4534 4568//4578
f 4569//4261 4567//4263 4533//4579
f 4570//4577 4471//4534 4301//4359
f 4543//4563 4568//4578 4541//4583
f 4571//4581 4569//4261 4533//4579
f 4569//4261 4298//4393 4572//4264
f 4541//4583 4570//4577 4564//4542
f 4471//4534 4570//4577 4568//4578
f 4539//4541 4571//4581 4533//4579
f 4571//4581 4535//4540 4574//4580
f 4302//4255 4572//4264 4298//4393
f 4466//4262 4572//4264 4469//4265
f 4573//4476 4488//4554 4556//4477
f 4529//4501 4573//4476 4528//4576
f 4574//4580 4298//4393 4569//4261
f 4575//4571 4574//4580 4535//4540
f 4538//4539 4575//4571 4535//4540
f 4576//4532 4277//4572 4553//4529
f 4574//4580 4576//4532 4554//4531
f 4277//4572 4576//4532 4575//4571
f 4540//4573 4577//4582 4534//4575
f 4533//4579 4568//4578 4577//4582
f 4556//4477 4579//4547 4276//4503
f 4486//4231 4580//4515 4584//4546
f 4484//4553 4579//4547 4556//4477
f 4578//4364 4276//4503 4579//4547
f 4581//4492 4424//4230 4444//4520
f 4480//4516 4581//4492 4425//4513
f 4480//4516 4366//4414 4583//4493
f 4581//4492 4580//4515 4424//4230
f 4578//4364 4582//4494 4311//4386
f 4580//4515 4581//4492 4582//4494
f 4480//4516 4583//4493 4581//4492
f 4311//4386 4583//4493 4366//4414
f 4486//4231 4584//4546 4484//4553
f 4578//4364 4584//4546 4580//4515
f 4864//4585 4830//4586 4837//4587
f 4596//4588 4599//4589 4598//4590
f 4599//4589 4596//4588 4747//4591
f 4812//4592 4810//4593 4786//4594
f 4802//4595 4895//4596 4764//4597
f 4600//4598 4599//4589 4747//4591
f 4750//4599 4751//4600 4807//4601
f 4747//4591 4602//4602 4601//4603
f 4600//4598 4747//4591 4601//4603
f 4784//4604 4804//4605 4785//4606
f 4597//4607 4596//4588 4598//4590
f 4769//4608 4767//4609 4756//4610
f 4746//4611 4604//4612 4747//4591
f 4602//4602 4747//4591 4603//4613
f 4712//4614 4795//4615 4999//4616
f 4792//4617 4793//4618 4791//4619
f 4586//4620 4749//4621 4587//4622
f 4606//4623 4605//4624 4746//4611
f 4755//4625 4768//4626 4743//4627
f 4998//4628 4724//4629 4800//4630
f 5000//4631 4606//4623 4746//4611
f 4750//4599 4763//4632 4740//4633
f 4607//4634 4606//4623 5000//4631
f 4777//4635 4781//4636 4782//4637
f 4733//4638 4809//4639 4764//4597
f 4790//4640 4810//4593 4788//4641
f 4607//4634 5000//4631 4608//4642
f 4800//4630 4610//4643 4998//4628
f 4707//4644 4906//4645 4805//4646
f 4794//4647 4730//4648 4799//4649
f 4614//4650 4794//4647 4615//4651
f 4794//4647 4614//4650 4800//4630
f 4785//4606 4786//4594 4777//4635
f 4800//4630 4612//4652 4611//4653
f 4613//4654 4612//4652 4800//4630
f 4766//4655 4778//4656 4779//4657
f 4998//4628 4610//4643 4609//4658
f 4804//4605 4803//4659 4827//4660
f 4745//4661 4742//4662 4736//4663
f 4800//4630 4614//4650 4613//4654
f 4616//4664 4794//4647 4799//4649
f 4758//4665 4757//4666 4725//4667
f 4760//4668 4761//4669 4773//4670
f 4621//4671 4620//4672 4798//4673
f 4636//4674 4857//4675 4860//4676
f 4619//4677 4798//4673 4620//4672
f 4799//4649 4797//4678 4798//4673
f 4841//4679 4728//4680 4855//4681
f 4819//4682 4796//4683 4727//4684
f 4756//4610 4768//4626 4779//4657
f 4618//4685 4799//4649 4798//4673
f 4805//4646 4784//4604 4783//4686
f 4596//4588 4595//4687 4744//4688
f 4801//4689 4811//4690 4775//4691
f 4712//4614 4789//4692 4791//4619
f 4824//4693 4622//4694 4621//4671
f 4822//4695 4823//4696 4824//4693
f 4769//4608 4736//4663 4767//4609
f 4742//4662 4593//4697 4754//4698
f 4626//4699 4823//4696 4627//4700
f 4786//4594 4813//4701 4812//4592
f 4825//4702 4628//4703 4627//4700
f 4823//4696 4825//4702 4627//4700
f 4999//4616 4757//4666 4712//4614
f 4824//4693 4623//4704 4622//4694
f 4764//4597 4776//4705 4780//4706
f 4755//4625 4743//4627 4754//4698
f 4902//4707 4719//4708 4903//4709
f 4809//4639 4802//4595 4764//4597
f 4743//4627 4767//4609 4736//4663
f 4766//4655 4768//4626 4774//4710
f 4839//4711 4629//4712 4825//4702
f 4628//4703 4825//4702 4629//4712
f 4768//4626 4767//4609 4743//4627
f 4621//4671 4798//4673 4824//4693
f 4841//4679 4855//4681 4856//4713
f 4809//4639 4787//4714 4898//4715
f 4594//4716 4593//4697 4742//4662
f 4725//4667 4746//4611 4758//4665
f 4785//4606 4706//4717 4786//4594
f 4844//4718 4845//4719 4836//4720
f 4631//4721 4839//4711 4632//4722
f 4632//4722 4839//4711 4861//4723
f 4717//4724 4815//4725 4820//4726
f 4755//4625 4592//4727 4591//4728
f 4839//4711 4732//4729 4861//4723
f 4757//4666 4758//4665 4745//4661
f 4914//4730 4931//4731 4928//4732
f 4861//4723 4633//4733 4632//4722
f 4745//4661 4744//4688 4595//4687
f 4635//4734 4634//4735 4857//4675
f 4741//4736 4760//4668 4772//4737
f 4878//4738 4639//4739 4638//4740
f 4640//4741 4639//4739 4878//4738
f 4754//4698 4593//4697 4592//4727
f 4894//4742 4942//4743 4893//4744
f 4761//4669 4753//4745 4590//4746
f 4920//4747 4918//4748 4647//4749
f 4736//4663 4742//4662 4743//4627
f 4644//4750 4872//4751 4920//4747
f 4872//4751 4642//4752 4878//4738
f 495//65 4976//4753 4959//4754
f 4638//4740 4637//4755 4860//4676
f 4790//4640 4756//4610 4779//4657
f 4872//4751 4643//4756 4642//4752
f 4737//4757 4745//4661 4758//4665
f 4920//4747 4872//4751 4882//4758
f 4712//4614 4791//4619 4795//4615
f 4821//4759 4818//4760 4815//4725
f 4707//4644 4805//4646 4783//4686
f 4934//4761 4935//4762 4938//4763
f 4645//4764 4920//4747 4646//4765
f 4920//4747 4647//4749 4646//4765
f 4886//4766 4875//4767 4880//4768
f 4946//4769 4952//4770 510//1086
f 4649//4771 4648//4772 4918//4748
f 4957//4773 4935//4762 4937//4774
f 4918//4748 4921//4775 4651//4776
f 4649//4771 4918//4748 4650//4777
f 4783//4686 4782//4637 4776//4705
f 4650//4777 4918//4748 4651//4776
f 4759//4778 4752//4779 4748//4780
f 4921//4775 4918//4748 4711//4781
f 4919//4782 4652//4783 4651//4776
f 4867//4784 4875//4767 4886//4766
f 4673//4785 4992//4786 4991//4787
f 4981//4788 4979//4789 4968//4790
f 4933//4791 4656//4792 4655//4793
f 4913//4794 540//1101 539//1100
f 4658//4795 4933//4791 4936//4796
f 4936//4796 4933//4791 4934//4761
f 4818//4760 4822//4695 4819//4682
f 4656//4792 4933//4791 4657//4797
f 4722//4798 4934//4761 4938//4763
f 4932//4799 4655//4793 4654//4800
f 4789//4692 4712//4614 4769//4608
f 4660//4801 4936//4796 4661//4802
f 4659//4803 4658//4795 4936//4796
f 4755//4625 4754//4698 4592//4727
f 4974//4804 4975//4805 4944//4806
f 4932//4799 4653//4807 4919//4782
f 4662//4808 4936//4796 4970//4809
f 4595//4687 4594//4716 4745//4661
f 4665//4810 4987//4811 4666//4812
f 4987//4811 4986//4813 4666//4812
f 4769//4608 4712//4614 4757//4666
f 4662//4808 4661//4802 4936//4796
f 4753//4745 4741//4736 4774//4710
f 4978//4814 4985//4815 4710//4816
f 4668//4817 4667//4818 4986//4813
f 4965//4819 4973//4820 4722//4798
f 4995//4821 4996//4822 4680//4823
f 4765//4824 4764//4597 4738//4825
f 4986//4813 4669//4826 4668//4817
f 4919//4782 4925//4827 4937//4774
f 4672//4828 4992//4786 4673//4785
f 4669//4826 4980//4829 4670//4830
f 4742//4662 4754//4698 4743//4627
f 4985//4815 4986//4813 4969//4831
f 4736//4663 4757//4666 4745//4661
f 4722//4798 4970//4809 4936//4796
f 4782//4637 4784//4604 4777//4635
f 4992//4786 4671//4832 4670//4830
f 4773//4670 4589//4833 4759//4778
f 4991//4787 4997//4834 4674//4835
f 4990//4836 4713//4837 4983//4838
f 4848//4839 4843//4840 4844//4718
f 4758//4665 4746//4611 4737//4757
f 4617//4841 4616//4664 4799//4649
f 4995//4821 4677//4842 4997//4834
f 4793//4618 4794//4647 4724//4629
f 5004//4843 473//119 5003//4844
f 4677//4842 4995//4821 4678//4845
f 4655//4793 4932//4799 4933//4791
f 4997//4834 4991//4787 4990//4836
f 4739//4846 4585//4847 555//4
f 4766//4655 4772//4737 4735//4848
f 4680//4823 4996//4822 4681//4849
f 5002//4850 4682//4851 4996//4822
f 4790//4640 4789//4692 4756//4610
f 4728//4680 4849//4852 4851//4853
f 4683//4854 5002//4850 4684//4855
f 4878//4738 4642//4752 4641//4856
f 4687//4857 5005//4858 4688//4859
f 4684//4855 5007//4860 4685//4861
f 4995//4821 4680//4823 4679//4862
f 4682//4851 5002//4850 4683//4854
f 4753//4745 4755//4625 4591//4728
f 5007//4860 5005//4858 4687//4857
f 4909//4863 534//32 4910//4864
f 4637//4755 4636//4674 4860//4676
f 4689//4865 4688//4859 5005//4858
f 5005//4858 4690//4866 4689//4865
f 497//781 496//66 4959//4754
f 4952//4770 511//54 510//1086
f 4692//4867 4691//4868 5008//4869
f 4740//4633 4739//4846 4734//4870
f 460//136 4695//4871 4694//4872
f 4693//4873 5009//4874 4694//4872
f 4603//4613 4747//4591 4604//4612
f 4692//4867 5008//4869 5009//4874
f 4741//4736 4772//4737 4766//4655
f 4740//4633 4763//4632 4752//4779
f 459//135 4696//4875 4695//4871
f 4745//4661 4737//4757 4744//4688
f 457//130 4698//4876 4697//4877
f 457//130 4699//4878 4698//4876
f 4755//4625 4774//4710 4768//4626
f 4624//4879 4824//4693 4625//4880
f 4700//4881 4699//4878 457//130
f 4819//4682 4797//4678 4796//4683
f 455//133 4702//4882 4701//4883
f 4700//4881 456//134 4701//4883
f 4734//4870 4750//4599 4740//4633
f 454//1068 4703//4884 4702//4882
f 4773//4670 4770//4885 4760//4668
f 4690//4866 5005//4858 5008//4869
f 4784//4604 4805//4646 4804//4605
f 458//131 4697//4877 4696//4875
f 4771//4886 4770//4885 4738//4825
f 4676//4887 4997//4834 4677//4842
f 4724//4629 4998//4628 4999//4616
f 4753//4745 4591//4728 4590//4746
f 4786//4594 4810//4593 4811//4690
f 4905//4888 4829//4889 4903//4709
f 4801//4689 4781//4636 4777//4635
f 4724//4629 4791//4619 4793//4618
f 4719//4708 4902//4707 4907//4890
f 4749//4621 4752//4779 4587//4622
f 4886//4766 4888//4891 4887//4892
f 4791//4619 4789//4692 4788//4641
f 4706//4717 4785//4606 4804//4605
f 4752//4779 4765//4824 4748//4780
f 4735//4848 4771//4886 4781//4636
f 4897//4893 4898//4715 4899//4894
f 4887//4892 4867//4784 4886//4766
f 529//1097 528//1096 4883//4895
f 4586//4620 4585//4847 4739//4846
f 4778//4656 4766//4655 4735//4848
f 4883//4895 528//1096 527//1093
f 4763//4632 4750//4599 4733//4638
f 524//46 4880//4768 525//36
f 4764//4597 4765//4824 4763//4632
f 525//36 4883//4895 526//34
f 4880//4768 4883//4895 525//36
f 4762//4896 553//8 552//10
f 4775//4691 4790//4640 4779//4657
f 4739//4846 4740//4633 4749//4621
f 4786//4594 4801//4689 4777//4635
f 549//1104 4751//4600 550//1105
f 4739//4846 4749//4621 4586//4620
f 4715//4897 4948//4898 4946//4769
f 4952//4770 4951//4899 512//55
f 4765//4824 4738//4825 4770//4885
f 531//28 4912//4900 532//29
f 4950//4901 505//58 4947//4902
f 4899//4894 543//24 4901//4903
f 4950//4901 508//784 507//787
f 4950//4901 507//787 506//56
f 4838//4904 4832//4905 4841//4679
f 4784//4604 4782//4637 4783//4686
f 4946//4769 510//1086 509//1085
f 4887//4892 4890//4906 4889//4907
f 4890//4906 517//1087 516//49
f 4752//4779 4749//4621 4740//4633
f 4663//4908 4970//4809 4664//4909
f 4826//4910 4827//4660 4830//4586
f 515//48 4951//4899 4890//4906
f 4709//4911 4961//4912 4971//4913
f 514//51 4951//4899 515//48
f 4891//4914 4881//4915 4889//4907
f 543//24 4900//4916 544//22
f 523//45 522//43 4888//4891
f 4849//4852 4843//4840 4848//4839
f 4870//4917 4881//4915 4940//4918
f 4807//4601 4809//4639 4733//4638
f 4617//4841 4799//4649 4618//4685
f 4947//4902 505//58 504//64
f 4751//4600 4750//4599 4734//4870
f 551//12 550//1105 4751//4600
f 4727//4684 4796//4683 4792//4617
f 549//1104 548//791 4808//4919
f 4795//4615 4791//4619 4724//4629
f 547//790 546//14 4808//4919
f 4782//4637 4780//4706 4776//4705
f 546//14 545//13 4900//4916
f 547//790 4808//4919 548//791
f 4610//4643 4800//4630 4611//4653
f 4781//4636 4801//4689 4735//4848
f 4900//4916 4808//4919 546//14
f 4585//4847 557//3 556//5
f 4585//4847 556//5 555//4
f 4816//4920 4814//4921 4727//4684
f 4812//4592 4814//4921 4816//4920
f 4771//4886 4780//4706 4782//4637
f 4762//4896 551//12 4751//4600
f 4724//4629 4794//4647 4800//4630
f 4762//4896 554//9 553//8
f 554//9 4739//4846 555//4
f 4793//4618 4792//4617 4730//4648
f 4787//4714 4807//4601 4808//4919
f 557//3 4585//4847 558//1
f 4808//4919 4807//4601 4751//4600
f 4814//4921 4815//4725 4817//4922
f 4738//4825 4780//4706 4771//4886
f 535//26 4909//4863 536//27
f 4910//4864 534//32 533//31
f 4781//4636 4771//4886 4782//4637
f 4756//4610 4767//4609 4768//4626
f 4912//4900 530//1098 529//1097
f 4766//4655 4779//4657 4768//4626
f 4883//4895 4912//4900 529//1097
f 4912//4900 4883//4895 4885//4923
f 4788//4641 4789//4692 4790//4640
f 4810//4593 4790//4640 4775//4691
f 4910//4864 532//29 4912//4900
f 4764//4597 4780//4706 4738//4825
f 4901//4903 540//1101 4913//4794
f 4775//4691 4779//4657 4778//4656
f 4899//4894 4718//4924 4897//4893
f 542//20 541//19 4901//4903
f 4816//4920 4810//4593 4812//4592
f 4762//4896 4751//4600 4734//4870
f 536//27 4909//4863 4913//4794
f 4752//4779 4763//4632 4765//4824
f 537//788 4913//4794 538//789
f 535//26 534//32 4909//4863
f 4801//4689 4778//4656 4735//4848
f 4771//4886 4735//4848 4772//4737
f 4750//4599 4807//4601 4733//4638
f 4909//4863 4911//4925 4913//4794
f 4809//4639 4807//4601 4787//4714
f 4730//4648 4797//4678 4799//4649
f 554//9 4734//4870 4739//4846
f 4818//4760 4817//4922 4815//4725
f 4818//4760 4821//4759 4833//4926
f 4731//4927 4853//4928 4863//4929
f 467//127 5005//4858 468//128
f 5003//4844 5001//4930 5002//4850
f 4752//4779 4588//4931 4587//4622
f 4851//4853 4853//4928 4855//4681
f 5009//4874 464//1071 463//1070
f 4762//4896 4734//4870 554//9
f 465//124 5008//4869 466//125
f 5006//4932 5005//4858 5007//4860
f 4737//4757 4746//4611 4747//4591
f 4775//4691 4778//4656 4801//4689
f 466//125 5008//4869 5005//4858
f 551//12 4762//4896 552//10
f 477//112 4993//4933 4983//4838
f 4714//4934 4995//4821 4994//4935
f 4748//4780 4765//4824 4770//4885
f 4589//4833 4761//4669 4590//4746
f 5003//4844 470//120 5006//4932
f 4811//4690 4801//4689 4786//4594
f 472//1075 5003//4844 473//119
f 5003//4844 4714//4934 5004//4843
f 4741//4736 4766//4655 4774//4710
f 4839//4711 4825//4702 4838//4904
f 470//120 5003//4844 471//1074
f 468//128 5005//4858 5006//4932
f 4896//4936 4897//4893 4707//4644
f 4701//4883 456//134 455//133
f 455//133 454//1068 4702//4882
f 4806//4937 4834//4938 4820//4726
f 4777//4635 4784//4604 4785//4606
f 4803//4659 4804//4605 4805//4646
f 452//140 4704//4939 453//1067
f 4828//4940 4813//4701 4706//4717
f 453//1067 4704//4939 4703//4884
f 454//1068 453//1067 4703//4884
f 4814//4921 4812//4592 4806//4937
f 4730//4648 4792//4617 4796//4683
f 4700//4881 457//130 456//134
f 4896//4936 4783//4686 4895//4596
f 460//136 4694//4872 5009//4874
f 460//136 5009//4874 461//772
f 4744//4688 4747//4591 4596//4588
f 4797//4678 4729//4941 4798//4673
f 457//130 4697//4877 458//131
f 4793//4618 4730//4648 4794//4647
f 458//131 4696//4875 459//135
f 4695//4871 460//136 459//135
f 4814//4921 4806//4937 4815//4725
f 4741//4736 4761//4669 4760//4668
f 461//772 5009//4874 462//773
f 5008//4869 464//1071 5009//4874
f 4806//4937 4812//4592 4813//4701
f 4798//4673 4729//4941 4824//4693
f 4993//4933 4989//4942 4990//4836
f 4819//4682 4822//4695 4729//4941
f 4959//4754 4955//4943 4958//4944
f 4959//4754 4958//4944 498//782
f 4742//4662 4745//4661 4594//4716
f 4727//4684 4814//4921 4817//4922
f 4977//4945 489//1081 488//778
f 4747//4591 4744//4688 4737//4757
f 4962//4946 4966//4947 4963//4948
f 4962//4946 4976//4753 493//69
f 4752//4779 4759//4778 4588//4931
f 4773//4670 4748//4780 4770//4885
f 4967//4949 4964//4950 4966//4947
f 4756//4610 4789//4692 4769//4608
f 4926//4951 4974//4804 4925//4827
f 502//61 4949//4952 4953//4953
f 4618//4685 4798//4673 4619//4677
f 4769//4608 4757//4666 4736//4663
f 501//60 4958//4944 502//61
f 4792//4617 4791//4619 4788//4641
f 499//1083 498//782 4958//4944
f 497//781 4959//4754 498//782
f 4773//4670 4759//4778 4748//4780
f 549//1104 4808//4919 4751//4600
f 4957//4773 4709//4911 4935//4762
f 4927//4954 4947//4902 4949//4952
f 4788//4641 4816//4920 4792//4617
f 4998//4628 5000//4631 4725//4667
f 4979//4789 4988//4955 4982//4956
f 4984//4957 4982//4956 4713//4837
f 4770//4885 4771//4886 4760//4668
f 4764//4597 4763//4632 4733//4638
f 4713//4837 4982//4956 4983//4838
f 4776//4705 4895//4596 4783//4686
f 480//775 479//774 4983//4838
f 479//774 478//113 4983//4838
f 4811//4690 4810//4593 4775//4691
f 4761//4669 4589//4833 4773//4670
f 480//775 4983//4838 481//1078
f 4753//4745 4774//4710 4755//4625
f 4977//4945 4967//4949 490//1082
f 4771//4886 4772//4737 4760//4668
f 4710//4816 4965//4819 4964//4950
f 4981//4788 4977//4945 486//75
f 4900//4916 543//24 4899//4894
f 4794//4647 4616//4664 4615//4651
f 483//78 4979//4789 484//79
f 4604//4612 4746//4611 4605//4624
f 4967//4949 4977//4945 4972//4958
f 4710//4816 4964//4950 4972//4958
f 4635//4734 4857//4675 4636//4674
f 4741//4736 4753//4745 4761//4669
f 4939//4959 4963//4948 4966//4947
f 4968//4790 4979//4789 4978//4814
f 4730//4648 4796//4683 4797//4678
f 4816//4920 4788//4641 4810//4593
f 495//65 494//70 4976//4753
f 504//64 503//63 4953//4953
f 4806//4937 4820//4726 4815//4725
f 4816//4920 4727//4684 4792//4617
f 4588//4931 4759//4778 4589//4833
f 4797//4678 4819//4682 4729//4941
f 4813//4701 4786//4594 4706//4717
f 4818//4760 4726//4960 4822//4695
f 4727//4684 4817//4922 4819//4682
f 4818//4760 4819//4682 4817//4922
f 4813//4701 4828//4940 4806//4937
f 4830//4586 4835//4961 4837//4587
f 4815//4725 4717//4724 4821//4759
f 4821//4759 4717//4724 4833//4926
f 4823//4696 4822//4695 4726//4960
f 4625//4880 4824//4693 4823//4696
f 4825//4702 4823//4696 4726//4960
f 4625//4880 4823//4696 4626//4699
f 4623//4704 4824//4693 4624//4879
f 4729//4941 4822//4695 4824//4693
f 4840//4962 4825//4702 4726//4960
f 4839//4711 4630//4963 4629//4712
f 4827//4660 4706//4717 4804//4605
f 4827//4660 4826//4910 4828//4940
f 4831//4964 4827//4660 4803//4659
f 4831//4964 4830//4586 4827//4660
f 4827//4660 4828//4940 4706//4717
f 4828//4940 4826//4910 4834//4938
f 4829//4889 4831//4964 4902//4707
f 4829//4889 4902//4707 4903//4709
f 4829//4889 4835//4961 4830//4586
f 4826//4910 4830//4586 4864//4585
f 4902//4707 4831//4964 4803//4659
f 4830//4586 4831//4964 4829//4889
f 4726//4960 4818//4760 4833//4926
f 4841//4679 4832//4905 4842//4965
f 4833//4926 4717//4724 4842//4965
f 4833//4926 4832//4905 4840//4962
f 4828//4940 4834//4938 4806//4937
f 4864//4585 4834//4938 4826//4910
f 4905//4888 4835//4961 4829//4889
f 4837//4587 4865//4966 4846//4967
f 4836//4720 4837//4587 4846//4967
f 4841//4679 4842//4965 4843//4840
f 4708//4968 4874//4969 4865//4966
f 4837//4587 4836//4720 4845//4719
f 4839//4711 4838//4904 4732//4729
f 4840//4962 4838//4904 4825//4702
f 4856//4713 4861//4723 4732//4729
f 4630//4963 4839//4711 4631//4721
f 4833//4926 4840//4962 4726//4960
f 4838//4904 4840//4962 4832//4905
f 4838//4904 4841//4679 4732//4729
f 4833//4926 4842//4965 4832//4905
f 4842//4965 4845//4719 4844//4718
f 4841//4679 4843//4840 4728//4680
f 4842//4965 4844//4718 4843//4840
f 4836//4720 4868//4970 4848//4839
f 4845//4719 4842//4965 4717//4724
f 4846//4967 4868//4970 4836//4720
f 4820//4726 4873//4971 4717//4724
f 4717//4724 4873//4971 4845//4719
f 4924//4972 4874//4969 4708//4968
f 4866//4973 4875//4767 4870//4917
f 4865//4966 4874//4969 4846//4967
f 4716//4974 4854//4975 4862//4976
f 4836//4720 4848//4839 4844//4718
f 4843//4840 4849//4852 4728//4680
f 4847//4977 4852//4978 4848//4839
f 4854//4975 4859//4979 4863//4929
f 4851//4853 4852//4978 4943//4980
f 4943//4980 4940//4918 4922//4981
f 4852//4978 4851//4853 4849//4852
f 4853//4928 4851//4853 4850//4982
f 4848//4839 4852//4978 4849//4852
f 4940//4918 4943//4980 4847//4977
f 4854//4975 4853//4928 4850//4982
f 4855//4681 4853//4928 4731//4927
f 4862//4976 4850//4982 4858//4983
f 4854//4975 4716//4974 4859//4979
f 4856//4713 4855//4681 4731//4927
f 4851//4853 4855//4681 4728//4680
f 4857//4675 4856//4713 4731//4927
f 4841//4679 4856//4713 4732//4729
f 4860//4676 4857//4675 4731//4927
f 4633//4733 4857//4675 4634//4735
f 4943//4980 4850//4982 4851//4853
f 4915//4984 4862//4976 4917//4985
f 4859//4979 4716//4974 4872//4751
f 4878//4738 4638//4740 4860//4676
f 4863//4929 4860//4676 4731//4927
f 4860//4676 4859//4979 4878//4738
f 4856//4713 4857//4675 4861//4723
f 4633//4733 4861//4723 4857//4675
f 4850//4982 4862//4976 4854//4975
f 4917//4985 4914//4730 4915//4984
f 4854//4975 4863//4929 4853//4928
f 4860//4676 4863//4929 4859//4979
f 4873//4971 4837//4587 4845//4719
f 4834//4938 4864//4585 4820//4726
f 4837//4587 4835//4961 4865//4966
f 4708//4968 4865//4966 4835//4961
f 4887//4892 4888//4891 521//42
f 4846//4967 4869//4986 4868//4970
f 4887//4892 520//1092 519//1091
f 4866//4973 4870//4917 4869//4986
f 4846//4967 4874//4969 4869//4986
f 4848//4839 4868//4970 4871//4987
f 4720//4988 4875//4767 4866//4973
f 4848//4839 4871//4987 4847//4977
f 4881//4915 4870//4917 4867//4784
f 4871//4987 4870//4917 4847//4977
f 4868//4970 4869//4986 4871//4987
f 4870//4917 4871//4987 4869//4986
f 4872//4751 4716//4974 4882//4758
f 4644//4750 4643//4756 4872//4751
f 4820//4726 4864//4585 4873//4971
f 4837//4587 4873//4971 4864//4585
f 4924//4972 4708//4968 4905//4888
f 4869//4986 4874//4969 4866//4973
f 4875//4767 4720//4988 4880//4768
f 4867//4784 4870//4917 4875//4767
f 518//1090 4890//4906 4887//4892
f 4941//4989 4891//4914 4892//4990
f 513//50 512//55 4951//4899
f 4877//4991 4892//4990 4891//4914
f 4640//4741 4878//4738 4641//4856
f 4859//4979 4872//4751 4878//4738
f 4716//4974 4862//4976 4915//4984
f 4918//4748 4879//4992 4916//4993
f 4720//4988 4883//4895 4880//4768
f 523//45 4880//4768 524//46
f 4889//4907 4881//4915 4867//4784
f 4881//4915 4876//4994 4940//4918
f 4915//4984 4882//4758 4716//4974
f 4920//4747 4882//4758 4879//4992
f 4883//4895 4720//4988 4885//4923
f 527//1093 526//34 4883//4895
f 4835//4961 4905//4888 4708//4968
f 4909//4863 4910//4864 4719//4708
f 4885//4923 4720//4988 4924//4972
f 4885//4923 4884//4995 4912//4900
f 4880//4768 523//45 4888//4891
f 4887//4892 521//42 520//1092
f 519//1091 518//1090 4887//4892
f 518//1090 517//1087 4890//4906
f 4880//4768 4888//4891 4886//4766
f 521//42 4888//4891 522//43
f 4891//4914 4889//4907 4877//4991
f 4867//4784 4887//4892 4889//4907
f 515//48 4890//4906 516//49
f 4877//4991 4889//4907 4890//4906
f 4877//4991 4948//4898 4892//4990
f 4881//4915 4891//4914 4876//4994
f 4715//4897 4893//4744 4892//4990
f 4894//4742 4893//4744 4705//4996
f 4945//4997 4929//4998 4715//4897
f 4705//4996 4917//4985 4894//4742
f 4922//4981 4942//4743 4923//4999
f 4941//4989 4942//4743 4922//4981
f 4764//4597 4895//4596 4776//4705
f 4896//4936 4895//4596 4802//4595
f 4897//4893 4896//4936 4802//4595
f 4783//4686 4896//4936 4707//4644
f 4898//4715 4897//4893 4802//4595
f 4897//4893 4718//4924 4908//5000
f 4809//4639 4898//4715 4802//4595
f 4898//4715 4787//4714 4899//4894
f 4787//4714 4808//4919 4900//4916
f 4901//4903 543//24 542//20
f 544//22 4900//4916 545//13
f 4787//4714 4900//4916 4899//4894
f 540//1101 4901//4903 541//19
f 4718//4924 4899//4894 4901//4903
f 4803//4659 4906//4645 4902//4707
f 4902//4707 4906//4645 4907//4890
f 4719//4708 4904//5001 4903//4709
f 4904//5001 4905//4888 4903//4709
f 4910//4864 4904//5001 4719//4708
f 4885//4923 4905//4888 4884//4995
f 4884//4995 4905//4888 4904//5001
f 4866//4973 4924//4972 4720//4988
f 4805//4646 4906//4645 4803//4659
f 4907//4890 4906//4645 4707//4644
f 4707//4644 4908//5000 4907//4890
f 536//27 4913//4794 537//788
f 4897//4893 4908//5000 4707//4644
f 4911//4925 4908//5000 4718//4924
f 4719//4708 4907//4890 4909//4863
f 4909//4863 4907//4890 4911//4925
f 532//29 4910//4864 533//31
f 4904//5001 4910//4864 4884//4995
f 4908//5000 4911//4925 4907//4890
f 4901//4903 4913//4794 4718//4924
f 530//1098 4912//4900 531//28
f 4884//4995 4910//4864 4912//4900
f 538//789 4913//4794 539//1100
f 4718//4924 4913//4794 4911//4925
f 4916//4993 4914//4730 4928//4732
f 4882//4758 4915//4984 4879//4992
f 4917//4985 4862//4976 4858//4983
f 4915//4984 4914//4730 4916//4993
f 4918//4748 4916//4993 4711//4781
f 4915//4984 4916//4993 4879//4992
f 4894//4742 4917//4985 4858//4983
f 4914//4730 4917//4985 4705//4996
f 4921//4775 4925//4827 4919//4782
f 4647//4749 4918//4748 4648//4772
f 4932//4799 4919//4782 4723//5002
f 4652//4783 4919//4782 4653//4807
f 4920//4747 4645//4764 4644//4750
f 4879//4992 4918//4748 4920//4747
f 4925//4827 4921//4775 4711//4781
f 4651//4776 4921//4775 4919//4782
f 4922//4981 4940//4918 4941//4989
f 4894//4742 4858//4983 4923//4999
f 4858//4983 4850//4982 4923//4999
f 4943//4980 4923//4999 4850//4982
f 4874//4969 4924//4972 4866//4973
f 4885//4923 4924//4972 4905//4888
f 4711//4781 4916//4993 4928//4732
f 4928//4732 4925//4827 4711//4781
f 4930//5003 4705//4996 4893//4744
f 4929//4998 4945//4997 4927//4954
f 4953//4953 4949//4952 4947//4902
f 4926//4951 4928//4732 4931//4731
f 4931//4731 4914//4730 4705//4996
f 4925//4827 4928//4732 4926//4951
f 4929//4998 4930//5003 4715//4897
f 4927//4954 4944//4806 4975//4805
f 4715//4897 4930//5003 4893//4744
f 4929//4998 4975//4805 4931//4731
f 4705//4996 4930//5003 4931//4731
f 4929//4998 4931//4731 4930//5003
f 4933//4791 4932//4799 4723//5002
f 4653//4807 4932//4799 4654//4800
f 4934//4761 4933//4791 4723//5002
f 4658//4795 4657//4797 4933//4791
f 4935//4762 4934//4761 4723//5002
f 4936//4796 4934//4761 4722//4798
f 4937//4774 4935//4762 4723//5002
f 4935//4762 4709//4911 4938//4763
f 4970//4809 4722//4798 4969//4831
f 4936//4796 4660//4801 4659//4803
f 4919//4782 4937//4774 4723//5002
f 4944//4806 4956//5004 4957//4773
f 4971//4913 4961//4912 4939//4959
f 4709//4911 4971//4913 4938//4763
f 4721//5005 4959//4754 4976//4753
f 4966//4947 4965//4819 4939//4959
f 4940//4918 4847//4977 4870//4917
f 4941//4989 4940//4918 4876//4994
f 4891//4914 4941//4989 4876//4994
f 4892//4990 4893//4744 4942//4743
f 4942//4743 4894//4742 4923//4999
f 4892//4990 4942//4743 4941//4989
f 4847//4977 4943//4980 4852//4978
f 4923//4999 4943//4980 4922//4981
f 4927//4954 4949//4952 4954//5006
f 4957//4773 4937//4774 4925//4827
f 4715//4897 4946//4769 4945//4997
f 4946//4769 508//784 4950//4901
f 4715//4897 4892//4990 4948//4898
f 508//784 4946//4769 509//1085
f 4927//4954 4945//4997 4947//4902
f 4945//4997 4946//4769 4950//4901
f 4890//4906 4951//4899 4877//4991
f 4952//4770 512//55 511//54
f 4958//4944 501//60 500//1084
f 4927//4954 4954//5006 4944//4806
f 505//58 4950//4901 506//56
f 4945//4997 4950//4901 4947//4902
f 513//50 4951//4899 514//51
f 4877//4991 4951//4899 4948//4898
f 4946//4769 4948//4898 4952//4770
f 4952//4770 4948//4898 4951//4899
f 504//64 4953//4953 4947//4902
f 502//61 4953//4953 503//63
f 4949//4952 4955//4943 4954//5006
f 4961//4912 4956//5004 4960//5007
f 4949//4952 4958//4944 4955//4943
f 4960//5007 4955//4943 4721//5005
f 4944//4806 4954//5006 4956//5004
f 4954//5006 4955//4943 4960//5007
f 4957//4773 4925//4827 4974//4804
f 4709//4911 4957//4773 4956//5004
f 4958//4944 4949//4952 502//61
f 499//1083 4958//4944 500//1084
f 495//65 4959//4754 496//66
f 4721//5005 4955//4943 4959//4754
f 4960//5007 4721//5005 4961//4912
f 4954//5006 4960//5007 4956//5004
f 4961//4912 4709//4911 4956//5004
f 4963//4948 4961//4912 4721//5005
f 493//69 492//73 4962//4946
f 4967//4949 492//73 491//72
f 4961//4912 4963//4948 4939//4959
f 4976//4753 4963//4948 4721//5005
f 492//73 4967//4949 4962//4946
f 488//778 487//777 4977//4945
f 4973//4820 4965//4819 4710//4816
f 4971//4913 4722//4798 4938//4763
f 4967//4949 4966//4947 4962//4946
f 4965//4819 4966//4947 4964//4950
f 491//72 490//1082 4967//4949
f 4977//4945 490//1082 489//1081
f 485//74 4981//4788 486//75
f 4981//4788 484//79 4979//4789
f 4984//4957 4985//4815 4978//4814
f 4664//4909 4970//4809 4987//4811
f 4970//4809 4969//4831 4987//4811
f 4662//4808 4970//4809 4663//4908
f 4939//4959 4965//4819 4971//4913
f 4722//4798 4971//4913 4965//4819
f 4967//4949 4972//4958 4964//4950
f 4978//4814 4972//4958 4968//4790
f 4985//4815 4973//4820 4710//4816
f 4722//4798 4973//4820 4969//4831
f 4975//4805 4974//4804 4926//4951
f 4957//4773 4974//4804 4944//4806
f 4931//4731 4975//4805 4926//4951
f 4927//4954 4975//4805 4929//4998
f 493//69 4976//4753 494//70
f 4976//4753 4962//4946 4963//4948
f 486//75 4977//4945 487//777
f 4972//4958 4977//4945 4968//4790
f 4982//4956 4984//4957 4978//4814
f 4972//4958 4978//4814 4710//4816
f 482//1079 4988//4955 483//78
f 481//1078 4983//4838 4988//4955
f 4991//4787 4980//4829 4984//4957
f 4980//4829 4992//4786 4670//4830
f 4981//4788 4968//4790 4977//4945
f 484//79 4981//4788 485//74
f 4978//4814 4979//4789 4982//4956
f 483//78 4988//4955 4979//4789
f 478//113 477//112 4983//4838
f 4993//4933 477//112 476//116
f 4991//4787 4984//4957 4713//4837
f 4985//4815 4984//4957 4980//4829
f 4986//4813 4985//4815 4980//4829
f 4973//4820 4985//4815 4969//4831
f 4986//4813 4980//4829 4669//4826
f 4666//4812 4986//4813 4667//4818
f 4664//4909 4987//4811 4665//4810
f 4969//4831 4986//4813 4987//4811
f 481//1078 4988//4955 482//1079
f 4982//4956 4988//4955 4983//4838
f 4995//4821 4989//4942 4994//4935
f 4675//5008 4674//4835 4997//4834
f 4993//4933 4990//4836 4983//4838
f 4990//4836 4989//4942 4997//4834
f 4991//4787 4713//4837 4990//4836
f 4673//4785 4991//4787 4674//4835
f 4671//4832 4992//4786 4672//4828
f 4980//4829 4991//4787 4992//4786
f 476//116 475//115 4993//4933
f 475//115 474//117 5004//4843
f 4989//4942 4993//4933 4994//4935
f 4993//4933 475//115 5004//4843
f 4714//4934 4996//4822 4995//4821
f 4678//4845 4995//4821 4679//4862
f 5002//4850 4714//4934 5003//4844
f 4681//4849 4996//4822 4682//4851
f 4995//4821 4997//4834 4989//4942
f 4675//5008 4997//4834 4676//4887
f 4608//4642 4998//4628 4609//4658
f 4999//4616 4998//4628 4725//4667
f 4999//4616 4725//4667 4757//4666
f 4724//4629 4999//4616 4795//4615
f 4725//4667 5000//4631 4746//4611
f 4608//4642 5000//4631 4998//4628
f 5006//4932 470//120 469//122
f 5007//4860 4684//4855 5002//4850
f 4714//4934 5002//4850 4996//4822
f 5001//4930 5007//4860 5002//4850
f 4994//4935 5004//4843 4714//4934
f 471//1074 5003//4844 472//1075
f 4993//4933 5004//4843 4994//4935
f 473//119 5004//4843 474//117
f 466//125 5005//4858 467//127
f 5007//4860 4687//4857 4686//5009
f 5006//4932 5001//4930 5003//4844
f 468//128 5006//4932 469//122
f 4685//4861 5007//4860 4686//5009
f 5006//4932 5007//4860 5001//4930
f 5008//4869 465//124 464//1071
f 4690//4866 5008//4869 4691//4868
f 5009//4874 463//1070 462//773
f 4692//4867 5009//4874 4693//4873
f 5436//5010 5424//5011 5435//5012
f 5435//5012 5424//5011 5423//5013
f 4221//4435 5429//5014 4222//4410
f 5432//5015 4222//4410 5429//5014
f 5420//5016 5419//5017 5488//5018
f 5559//5019 5416//5020 5415//5021
f 5559//5019 5560//5022 5416//5020
f 4274//4391 8384//5023 4225//4389
f 8384//5023 5441//5024 4225//4389
f 4227//4397 5443//5025 4228//4432
f 5452//5026 4228//4432 5443//5025
f 5411//5027 5410//5028 5696//5029
f 5411//5027 5696//5029 5697//5030
f 5741//5031 5405//5032 5788//5033
f 5404//5034 5788//5033 5405//5032
f 5791//5035 5401//5036 5843//5037
f 5400//5038 5843//5037 5401//5036
f 5397//5039 8387//5040 5846//5041
f 8387//5040 5397//5039 5396//5042
f 4232//4428 4231//4425 5455//5043
f 4232//4428 5455//5043 5467//5044
f 5470//5045 5485//5046 4236//4310
f 4235//4311 5470//5045 4236//4310
f 4239//4404 5487//5047 5505//5048
f 5487//5047 4239//4404 4238//4403
f 5508//5049 4243//4394 4242//4398
f 5508//5049 5529//5050 4243//4394
f 5556//5051 4247//4455 5532//5052
f 4246//4373 5532//5052 4247//4455
f 8385//5053 4251//4431 4250//4433
f 8385//5053 5586//5054 4251//4431
f 5618//5055 4254//4444 5588//5056
f 5588//5056 4254//4444 4253//4335
f 5328//5057 5327//5058 5329//5059
f 5330//5060 5329//5059 6047//5061
f 5334//5062 6051//5063 5335//5064
f 6128//5065 5335//5064 6051//5063
f 5341//5066 5340//5067 6133//5068
f 6133//5068 6212//5069 5341//5066
f 5973//5070 5393//5071 5392//5072
f 5389//5073 6052//5074 5976//5075
f 5388//5076 6052//5074 5389//5073
f 6217//5077 5347//5078 5346//5079
f 5318//5080 5317//5081 8392//5082
f 8392//5082 5317//5081 5316//5083
f 5318//5080 8392//5082 6679//5084
f 6812//5085 5316//5083 5315//5086
f 6134//5087 6055//5088 5385//5089
f 6134//5087 5385//5089 5384//5090
f 6303//5091 5352//5092 5351//5093
f 5381//5094 5380//5095 6218//5096
f 5381//5094 6218//5096 6137//5097
f 5376//5098 6304//5099 5377//5100
f 8389//5101 5357//5102 8382//5103
f 8389//5101 6472//5104 5357//5102
f 6307//5105 5373//5106 8390//5107
f 8390//5107 5373//5106 5372//5108
f 6221//5109 5377//5100 6304//5099
f 5362//5110 8391//5111 5363//5112
f 5368//5113 6477//5114 6394//5115
f 5368//5113 5367//5116 6477//5114
f 6557//5117 5363//5112 8391//5111
f 4257//4329 5621//5118 4258//4330
f 5621//5118 5654//5119 4258//4330
f 4261//4388 5657//5120 4262//4446
f 5657//5120 5693//5121 4262//4446
f 5695//5122 4265//4361 4264//4241
f 5737//5123 4268//4315 4267//4317
f 4268//4315 5737//5123 5779//5124
f 4271//4375 5782//5125 4272//4448
f 4272//4448 5782//5125 5829//5126
f 64//608 8386//5127 65//512
f 65//512 8386//5127 66//609
f 67//526 66//609 8386//5127
f 106//627 105//626 5893//5128
f 74//535 73//534 5886//5129
f 70//532 69//531 5885//5130
f 82//615 81//480 5887//5131
f 86//505 85//507 5888//5132
f 101//516 5892//5133 102//517
f 97//484 96//621 5890//5134
f 93//483 5890//5134 94//481
f 90//515 89//514 5889//5135
f 125//553 5834//5136 126//554
f 129//636 5835//5137 130//637
f 120//631 5832//5138 121//552
f 143//564 142//641 5783//5139
f 5894//5140 5895//5141 112//519
f 110//629 109//628 5894//5140
f 5835//5137 5836//5142 134//639
f 148//565 147//567 5785//5143
f 152//647 151//646 5786//5144
f 155//970 5787//5145 156//971
f 5014//5146 5908//5147 5015//5148
f 5020//5149 5972//5150 5021//5151
f 5027//5152 5026//5153 6035//5154
f 5028//5155 6036//5156 5029//5157
f 5031//5158 5030//5159 6037//5160
f 5034//5161 6039//5162 5035//5163
f 5032//5164 6038//5165 5033//5166
f 6040//5167 5037//5168 5036//5169
f 5039//5170 5038//5171 6041//5172
f 5045//5173 5044//5174 6044//5175
f 6046//5176 5049//5177 5048//5178
f 5047//5179 5046//5180 6045//5181
f 5041//5182 5040//5183 6042//5184
f 5043//5185 5042//5186 6043//5187
f 199//660 198//661 8388//5188
f 8388//5188 198//661 5050//5189
f 5366//5190 6560//5191 6478//5192
f 202//537 6283//5193 203//536
f 6444//5194 5060//5195 5059//5196
f 5053//5197 6364//5198 5054//5199
f 5051//5200 6365//5201 5052//5202
f 6363//5203 6446//5204 5055//5205
f 5099//5206 5098//5207 6995//5208
f 6934//5209 5096//5210 6872//5211
f 5096//5210 6934//5209 5097//5212
f 5088//5213 6811//5214 5089//5215
f 8393//5216 5086//5217 6743//5218
f 5086//5217 8393//5216 5087//5219
f 5093//5220 6873//5221 5094//5222
f 5095//5223 5094//5222 6873//5221
f 6810//5224 5091//5225 5090//5226
f 6808//5227 6873//5221 5093//5220
f 6600//5228 6678//5229 5073//5230
f 5062//5231 5061//5232 6526//5233
f 6526//5233 5061//5232 6443//5234
f 6522//5235 6604//5236 5066//5237
f 5068//5238 5067//5239 6604//5236
f 6604//5236 5067//5239 5066//5237
f 5081//5240 6673//5241 6747//5242
f 5082//5243 5081//5240 6747//5242
f 5072//5244 5071//5245 6601//5246
f 5078//5247 5077//5248 6676//5249
f 8399//5250 5300//5251 7426//5252
f 5300//5251 8399//5250 5301//5253
f 5226//5254 5225//5255 7802//5256
f 5232//5257 5231//5258 7720//5259
f 7720//5259 5231//5258 7807//5260
f 8396//5261 5289//5262 7359//5263
f 5289//5262 8396//5261 5290//5264
f 5242//5265 7569//5266 5243//5267
f 7647//5268 7569//5266 5242//5265
f 5237//5269 5236//5270 8400//5271
f 8400//5271 5236//5270 7724//5272
f 7225//5273 5265//5274 7300//5275
f 5267//5276 7299//5277 5268//5278
f 7374//5279 7300//5275 5264//5280
f 7300//5275 5265//5274 5264//5280
f 7299//5277 5267//5276 7223//5281
f 5249//5282 5248//5283 7500//5284
f 5248//5283 7574//5285 7500//5284
f 8394//5286 5279//5287 5278//5288
f 5278//5288 7289//5289 8394//5286
f 8397//5290 5253//5291 7504//5292
f 8381//5293 5253//5291 8397//5290
f 5259//5294 5258//5295 7369//5296
f 7369//5296 5258//5295 7440//5297
f 8088//5298 8087//5299 5218//5300
f 5219//5301 5218//5300 8087//5299
f 8255//5302 8254//5303 5213//5304
f 5214//5305 5213//5304 8254//5303
f 8352//5306 8351//5307 5208//5308
f 5209//5309 5208//5308 8351//5307
f 4597//4607 4598//4590 5205//5310
f 4606//4623 8376//5311 4605//4624
f 4607//4634 4608//4642 8377//5312
f 4603//4613 4604//4612 8375//5313
f 4618//4685 8372//5314 4617//4841
f 4612//4652 8370//5315 4611//4653
f 4616//4664 8371//5316 4615//4651
f 4627//4700 4628//4703 8363//5317
f 8362//5318 4625//4880 4626//4699
f 4623//4704 4624//4879 8361//5319
f 8347//5320 4631//4721 4632//4722
f 4636//4674 8349//5321 4635//4734
f 4633//4733 4634//4735 8348//5322
f 8330//5323 4643//4756 4644//4750
f 4645//4764 4646//4765 8331//5324
f 4641//4856 4642//4752 8329//5325
f 8250//5326 4671//4832 4672//4828
f 4674//4835 8251//5327 4673//4785
f 8309//5328 4655//4793 4656//4792
f 8308//5329 4653//4807 4654//4800
f 4652//4783 8307//5330 4651//4776
f 8283//5331 4665//4810 4666//4812
f 8281//5332 4661//4802 4662//4808
f 4663//4908 4664//4909 8282//5333
f 6995//5208 5100//5334 5099//5206
f 7118//5335 5102//5336 7117//5337
f 7119//5338 5104//5339 5103//5340
f 5106//5341 7120//5342 5107//5343
f 7120//5342 5106//5341 5105//5344
f 7184//5345 5107//5343 7120//5342
f 7185//5346 5109//5347 5108//5348
f 5115//5349 7190//5350 7260//5351
f 5114//5352 7190//5350 5115//5349
f 7264//5353 5120//5354 5119//5355
f 7266//5356 5123//5357 5122//5358
f 5123//5357 7266//5356 5124//5359
f 5130//5360 5129//5361 7345//5362
f 7346//5363 7420//5364 5132//5365
f 7346//5363 5132//5365 5131//5366
f 7423//5367 5138//5368 5137//5369
f 5139//5370 8395//5371 5140//5372
f 7497//5373 5151//5374 5150//5375
f 5148//5376 7496//5377 7497//5373
f 5153//5378 7497//5373 8398//5379
f 8380//5380 8398//5379 5154//5381
f 8398//5379 8380//5380 5153//5378
f 415//747 8002//5382 8001//5383
f 8003//5384 8002//5382 411//744
f 4703//4884 4704//4939 8132//5385
f 8131//5386 4701//4883 4702//4882
f 4700//4881 8130//5387 4699//4878
f 8216//5388 4683//4854 4684//4855
f 8215//5389 4681//4849 4682//4851
f 4675//5008 4676//4887 8252//5390
f 8177//5391 4691//4868 4692//4867
f 4694//4872 8178//5392 4693//4873
f 4686//5009 8217//5393 4685//4861
f 8068//5394 433//1065 8069//5395
f 8070//5396 423//753 422//752
f 8072//5397 8004//5398 408//742
f 406//740 405//160 8072//5397
f 439//147 438//761 8067//5399
f 8132//5385 449//143 448//142
f 425//755 8070//5396 426//151
f 5191//5400 5190//5401 7874//5402
f 301//1036 300//1034 8401//5403
f 5177//5404 5176//5405 7793//5406
f 5179//5407 5178//5408 7792//5409
f 5175//5410 5174//5411 7794//5412
f 5183//5413 5182//5414 7790//5415
f 5185//5416 5184//5417 7789//5418
f 5180//5419 7791//5420 5181//5421
f 5173//5422 5172//5423 7795//5424
f 5166//5425 7798//5426 5167//5427
f 5164//5428 7799//5429 5165//5430
f 7876//5431 5159//5432 5158//5433
f 7797//5434 5169//5435 5168//5436
f 5170//5437 7796//5438 5171//5439
f 401//162 8073//5440 402//737
f 8076//5441 387//186 386//187
f 8075//5442 391//729 390//728
f 8073//5440 399//735 398//734
f 379//166 8079//5443 8078//5444
f 8078//5444 8077//5445 383//723
f 371//175 8081//5446 8080//5447
f 8080//5447 8079//5443 375//169
f 394//731 393//181 8075//5442
f 8134//5448 361//177 360//179
f 8136//5449 354//705 353//704
f 8136//5449 351//189 350//188
f 5469//5450 5470//5045 4235//4311 4234//4307
f 4250//4433 4249//4412 5558//5451 8385//5053
f 4261//4388 4260//4288 5656//5452 5657//5120
f 5831//5453 61//510 60//605 59//529
f 5831//5453 63//607 62//606 61//510
f 64//608 63//607 5831//5453 8386//5127
f 67//526 8386//5127 5884//5454 68//525
f 5885//5130 72//611 71//610 70//532
f 5886//5129 76//613 75//612 74//535
f 5886//5129 78//956 77//955 76//613
f 5886//5129 80//614 79//957 78//956
f 5887//5131 84//503 83//504 82//615
f 5888//5132 88//617 87//616 86//505
f 5890//5134 96//621 95//620 94//481
f 5891//5455 100//623 99//622 98//485
f 5892//5133 104//625 103//624 102//517
f 5893//5128 108//523 107//522 106//627
f 5894//5140 112//519 111//521 110//629
f 5895//5141 114//961 113//960 112//519
f 5895//5141 116//963 115//962 114//961
f 5832//5138 120//631 119//630 118//548
f 5833//5456 124//633 123//632 122//550
f 5834//5136 128//635 127//634 126//554
f 5835//5137 132//557 131//556 130//637
f 5835//5137 134//639 133//638 132//557
f 5836//5142 136//967 135//966 134//639
f 5836//5142 138//969 137//968 136//967
f 5783//5139 142//641 141//640 140//559
f 5784//5457 146//643 145//642 144//562
f 5785//5143 150//645 149//644 148//565
f 5786//5144 154//590 153//592 152//647
f 5010//5458 158//973 157//972 156//971
f 5017//5459 5908//5147 5970//5460 5018//5461
f 6034//5462 5025//5463 5024//5464 5023//5465
f 199//660 8388//5188 6123//5466 200//662
f 200//662 6123//5466 6202//5467 201//664
f 201//664 6202//5467 6283//5193 202//537
f 203//536 6283//5193 5051//5200 204//985
f 6677//5468 5076//5469 5075//5470 6678//5229
f 6746//5471 5083//5472 5082//5243 6747//5242
f 5088//5213 5087//5219 8393//5216 6811//5214
f 5105//5344 5104//5339 7119//5338 7120//5342
f 7189//5473 7190//5350 5114//5352 5113//5474
f 5131//5366 5130//5360 7345//5362 7346//5363
f 5144//5475 8395//5371 7495//5476 5145//5477
f 7496//5377 5148//5376 5147//5478 5146//5479
f 7497//5373 5150//5375 5149//5480 5148//5376
f 7497//5373 5153//5378 5152//5481 5151//5374
f 7568//5482 7642//5483 299//225 298//224
f 300//1034 299//225 7642//5483 8401//5403
f 5161//5484 7876//5431 7801//5485 5162//5486
f 7789//5418 5187//5487 5186//5488 5185//5416
f 5204//5489 347//701 346//700 345//699
f 8137//5490 349//703 348//702 347//701
f 8135//5491 357//709 356//708 355//706
f 8081//5446 367//715 366//714 365//172
f 8081//5446 369//717 368//716 367//715
f 8081//5446 371//175 370//174 369//717
f 8080//5447 373//719 372//718 371//175
f 8080//5447 375//169 374//168 373//719
f 8079//5443 377//720 376//1060 375//169
f 8079//5443 379//166 378//165 377//720
f 8078//5444 381//721 380//1061 379//166
f 8078//5444 383//723 382//722 381//721
f 8077//5445 385//726 384//725 383//723
f 8076//5441 389//184 388//727 387//186
f 8072//5397 408//742 407//741 406//740
f 8003//5384 411//744 410//743 409//157
f 8002//5382 413//156 412//745 411//744
f 8002//5382 415//747 414//746 413//156
f 8001//5383 417//153 416//748 415//747
f 8071//5492 419//750 418//749 417//153
f 8069//5395 429//757 428//756 427//149
f 8069//5395 431//760 430//759 429//757
f 8069//5395 433//1065 432//1064 431//760
f 8068//5394 435//3710 434//1066 433//1065
f 8067//5399 438//761 437//146 436//145
f 8067//5399 441//763 440//762 439//147
f 8133//5493 443//765 442//764 441//763
f 8133//5493 445//767 444//766 443//765
f 8133//5493 447//769 446//768 445//767
f 8132//5385 451//771 450//770 449//143
f 8132//5385 4704//4939 452//140 451//771
f 8130//5387 4697//4877 4698//4876 4699//4878
f 4689//4865 4690//4866 8176//5494 8218//5495
f 8214//5496 8253//5497 4679//4862 4680//4823
f 8250//5326 4669//4826 4670//4830 4671//4832
f 8281//5332 4659//4803 4660//4801 4661//4802
f 8307//5330 4649//4771 4650//4777 4651//4776
f 8329//5325 4639//4739 4640//4741 4641//4856
f 8361//5319 4621//4671 4622//4694 4623//4704
f 8370//5315 4612//4652 4613//4654 4614//4650
f 8375//5313 4601//4603 4602//4602 4603//4613
f 8333//5498 5210//5499 5209//5309 8351//5307
f 8219//5500 5215//5501 5214//5305 8254//5303
f 8020//5502 5220//5503 5219//5301 8087//5299
f 5226//5254 7802//5256 7803//5504 5227//5505
f 5232//5257 7720//5259 7721//5506 5233//5507
f 5237//5269 8400//5271 7643//5508 5238//5509
f 7644//5510 5239//5511 5238//5509 7643//5508
f 7570//5512 5244//5513 5243//5267 7569//5266
f 7501//5514 5250//5515 5249//5282 7500//5284
f 7437//5516 5255//5517 5254//5518 7436//5519
f 5259//5294 7369//5296 7370//5520 5260//5521
f 7298//5522 5269//5523 5268//5278 7299//5277
f 5269//5523 7298//5522 7297//5524 5270//5525
f 5270//5525 7297//5524 7296//5526 5271//5527
f 7368//5528 5280//5529 5279//5287 8394//5286
f 5280//5529 7368//5528 7367//5530 5281//5531
f 7366//5532 5282//5533 5281//5531 7367//5530
f 5282//5533 7366//5532 7365//5534 5283//5535
f 7435//5536 5291//5537 5290//5264 8396//5261
f 5291//5537 7435//5536 7434//5538 5292//5539
f 7433//5540 5293//5541 5292//5539 7434//5538
f 5293//5541 7433//5540 7432//5542 5294//5543
f 5301//5253 8399//5250 7499//5544 5302//5545
f 7498//5546 5303//5547 5302//5545 7499//5544
f 7498//5546 7424//5548 5306//5549 5305//5550
f 7424//5548 7347//5551 5307//5552 5306//5549
f 5308//5553 5307//5552 7347//5551 7267//5554
f 5309//5555 5308//5553 7267//5554 7191//5556
f 7191//5556 7121//5557 5310//5558 5309//5555
f 7121//5557 7057//5559 5311//5560 5310//5558
f 5312//5561 5311//5560 7057//5559 6996//5562
f 6996//5562 6935//5563 5313//5564 5312//5561
f 6935//5563 6874//5565 5314//5566 5313//5564
f 5315//5086 5314//5566 6874//5565 6812//5085
f 5334//5062 5333//5567 6050//5568 6051//5063
f 5340//5067 5339//5569 6132//5570 6133//5068
f 5346//5079 5345//5571 6216//5572 6217//5077
f 5351//5093 5350//5573 6302//5574 6303//5091
f 6389//5575 6390//5576 5356//5577 5355//5578
f 5361//5579 5360//5580 6475//5581 6476//5582
f 5362//5110 5361//5579 6476//5582 8391//5111
f 6391//5583 8390//5107 5372//5108 5371//5584
f 6305//5585 6304//5099 5376//5098 5375//5586
f 6219//5587 6218//5096 5380//5095 5379//5588
f 5909//5589 8387//5040 5396//5042 5395//5590
f 5844//5591 5843//5037 5400//5038 5399//5592
f 5738//5593 8383//5594 5409//5595 5408//5596
f 5415//5021 5414//5597 5589//5598 5559//5019
f 4274//4391 4224//4427 5434//5599 8384//5023
f 8382//5103 5356//5577 6390//5576 8389//5101
f 7436//5519 5254//5518 8381//5293 8397//5290
f 4219//4419 4218//4421 5426//5600 5427//5601
f 4220//4417 4219//4419 5427//5601 5428//5602
f 4221//4435 4220//4417 5428//5602 5429//5014
f 4224//4427 4223//4409 5433//5603 5434//5599
f 5432//5015 5433//5603 4223//4409 4222//4410
f 4227//4397 4226//4274 5442//5604 5443//5025
f 5441//5024 5442//5604 4226//4274 4225//4389
f 4230//4223 4229//4470 5453//5605 5454//5606
f 5453//5605 4229//4470 4228//4432 5452//5026
f 4231//4425 4230//4223 5454//5606 5455//5043
f 4234//4307 4233//4306 5468//5607 5469//5450
f 5468//5607 4233//4306 4232//4428 5467//5044
f 4238//4403 4237//4402 5486//5608 5487//5047
f 5485//5046 5486//5608 4237//4402 4236//4310
f 4241//4399 4240//4406 5506//5609 5507//5610
f 5506//5609 4240//4406 4239//4404 5505//5048
f 4242//4398 4241//4399 5507//5610 5508//5049
f 4245//4372 4244//4395 5530//5611 5531//5612
f 5530//5611 4244//4395 4243//4394 5529//5050
f 4246//4373 4245//4372 5531//5612 5532//5052
f 4249//4412 4248//4413 5557//5613 5558//5451
f 5556//5051 5557//5613 4248//4413 4247//4455
f 4253//4335 4252//4378 5587//5614 5588//5056
f 5586//5054 5587//5614 4252//4378 4251//4431
f 4256//4466 4255//4443 5619//5615 5620//5616
f 5619//5615 4255//4443 4254//4444 5618//5055
f 4257//4329 4256//4466 5620//5616 5621//5118
f 4260//4288 4259//4445 5655//5617 5656//5452
f 5655//5617 4259//4445 4258//4330 5654//5119
f 4264//4241 4263//4226 5694//5618 5695//5122
f 5693//5121 5694//5618 4263//4226 4262//4446
f 4266//4254 4265//4361 5735//5619 5736//5620
f 4265//4361 5695//5122 5734//5621 5735//5619
f 4267//4317 4266//4254 5736//5620 5737//5123
f 4270//4368 4269//4365 5780//5622 5781//5623
f 5780//5622 4269//4365 4268//4315 5779//5124
f 4271//4375 4270//4368 5781//5623 5782//5125
f 5830//5624 4273//4371 4272//4448 5829//5126
f 57//3707 4273//4371 5830//5624 5831//5453
f 5831//5453 59//529 58//528 57//3707
f 69//531 68//525 5884//5454 5885//5130
f 73//534 72//611 5885//5130 5886//5129
f 80//614 5886//5129 5887//5131 81//480
f 85//507 84//503 5887//5131 5888//5132
f 89//514 88//617 5888//5132 5889//5135
f 5889//5135 92//619 91//618 90//515
f 5891//5455 98//485 97//484 5890//5134
f 101//516 100//623 5891//5455 5892//5133
f 105//626 104//625 5892//5133 5893//5128
f 109//628 108//523 5893//5128 5894//5140
f 5896//5625 5832//5138 116//963 5895//5141
f 5832//5138 118//548 117//547 116//963
f 5833//5456 122//550 121//552 5832//5138
f 125//553 124//633 5833//5456 5834//5136
f 129//636 128//635 5834//5136 5835//5137
f 5837//5626 5783//5139 138//969 5836//5142
f 139//561 138//969 5783//5139 140//559
f 5784//5457 144//562 143//564 5783//5139
f 147//567 146//643 5784//5457 5785//5143
f 151//646 150//645 5785//5143 5786//5144
f 155//970 154//590 5786//5144 5787//5145
f 5010//5458 156//971 5787//5145 5011//5627
f 5842//5628 5011//5627 5787//5145 5841//5629
f 5842//5628 5013//5630 5012//5631 5011//5627
f 5013//5630 5842//5628 5906//5632 5907//5633
f 5014//5146 5013//5630 5907//5633 5908//5147
f 5908//5147 5017//5459 5016//5634 5015//5148
f 5971//5635 5019//5636 5018//5461 5970//5460
f 5020//5149 5019//5636 5971//5635 5972//5150
f 5972//5150 5023//5465 5022//5637 5021//5151
f 5023//5465 5972//5150 6033//5638 6034//5462
f 5026//5153 5025//5463 6034//5462 6035//5154
f 5028//5155 5027//5152 6035//5154 6036//5156
f 5030//5159 5029//5157 6036//5156 6037//5160
f 5032//5164 5031//5158 6037//5160 6038//5165
f 5034//5161 5033//5166 6038//5165 6039//5162
f 5036//5169 5035//5163 6039//5162 6040//5167
f 5038//5171 5037//5168 6040//5167 6041//5172
f 5040//5183 5039//5170 6041//5172 6042//5184
f 5042//5186 5041//5182 6042//5184 6043//5187
f 5044//5174 5043//5185 6043//5187 6044//5175
f 5046//5180 5045//5173 6044//5175 6045//5181
f 5048//5178 5047//5179 6045//5181 6046//5176
f 5050//5189 5049//5177 6046//5176 8388//5188
f 5051//5200 6283//5193 6282//5639 6365//5201
f 5052//5202 6365//5201 6364//5198 5053//5197
f 5055//5205 5054//5199 6364//5198 6363//5203
f 6446//5204 5057//5640 5056//5641 5055//5205
f 6445//5642 5058//5643 5057//5640 6446//5204
f 5059//5196 5058//5643 6445//5642 6444//5194
f 5061//5232 5060//5195 6444//5194 6443//5234
f 6525//5644 5063//5645 5062//5231 6526//5233
f 6524//5646 5064//5647 5063//5645 6525//5644
f 6523//5648 5065//5649 5064//5647 6524//5646
f 5066//5237 5065//5649 6523//5648 6522//5235
f 6603//5650 5069//5651 5068//5238 6604//5236
f 6602//5652 5070//5653 5069//5651 6603//5650
f 5071//5245 5070//5653 6602//5652 6601//5246
f 5073//5230 5072//5244 6601//5246 6600//5228
f 6678//5229 5075//5470 5074//5654 5073//5230
f 5077//5248 5076//5469 6677//5468 6676//5249
f 6675//5655 5079//5656 5078//5247 6676//5249
f 6674//5657 5080//5658 5079//5656 6675//5655
f 5081//5240 5080//5658 6674//5657 6673//5241
f 6745//5659 5084//5660 5083//5472 6746//5471
f 6744//5661 5085//5662 5084//5660 6745//5659
f 5085//5662 6744//5661 6743//5218 5086//5217
f 5090//5226 5089//5215 6811//5214 6810//5224
f 6809//5663 5092//5664 5091//5225 6810//5224
f 5093//5220 5092//5664 6809//5663 6808//5227
f 5095//5223 6873//5221 6872//5211 5096//5210
f 5098//5207 5097//5212 6934//5209 6933//5665
f 7056//5666 5101//5667 5100//5334 6995//5208
f 5102//5336 5101//5667 7056//5666 7117//5337
f 7118//5335 7119//5338 5103//5340 5102//5336
f 7185//5346 5108//5348 5107//5343 7184//5345
f 5111//5668 5110//5669 7186//5670 7187//5671
f 7185//5346 7186//5670 5110//5669 5109//5347
f 5112//5672 5111//5668 7187//5671 7188//5673
f 5113//5474 5112//5672 7188//5673 7189//5473
f 5117//5674 5116//5675 7261//5676 7262//5677
f 7261//5676 5116//5675 5115//5349 7260//5351
f 5118//5678 5117//5674 7262//5677 7263//5679
f 5119//5355 5118//5678 7263//5679 7264//5353
f 5121//5680 5120//5354 7264//5353 7265//5681
f 5122//5358 5121//5680 7265//5681 7266//5356
f 5127//5682 5126//5683 7342//5684 7343//5685
f 7342//5684 5126//5683 5125//5686 7341//5687
f 5128//5688 5127//5682 7343//5685 7344//5689
f 5129//5361 5128//5688 7344//5689 7345//5362
f 7421//5690 5133//5691 5132//5365 7420//5364
f 5134//5692 5133//5691 7421//5690 7422//5693
f 7422//5693 5136//5694 5135//5695 5134//5692
f 5137//5369 5136//5694 7422//5693 7423//5367
f 5139//5370 5138//5368 7423//5367 8395//5371
f 8395//5371 5142//5696 5141//5697 5140//5372
f 8395//5371 5144//5475 5143//5698 5142//5696
f 7496//5377 5146//5479 5145//5477 7495//5476
f 7568//5482 5156//5699 5155//5700 7567//5701
f 5157//5702 5156//5699 7568//5482 298//224
f 5157//5702 298//224 297//232 296//231
f 302//1038 301//1036 7801//5485 7876//5431
f 7719//5703 7801//5485 301//1036 8401//5403
f 5158//5433 303//1039 302//1038 7876//5431
f 7876//5431 5161//5484 5160//5704 5159//5432
f 7800//5705 5163//5706 5162//5486 7801//5485
f 5164//5428 5163//5706 7800//5705 7799//5429
f 5166//5425 5165//5430 7799//5429 7798//5426
f 5168//5436 5167//5427 7798//5426 7797//5434
f 5170//5437 5169//5435 7797//5434 7796//5438
f 5172//5423 5171//5439 7796//5438 7795//5424
f 5174//5411 5173//5422 7795//5424 7794//5412
f 5176//5405 5175//5410 7794//5412 7793//5406
f 5178//5408 5177//5404 7793//5406 7792//5409
f 5180//5419 5179//5407 7792//5409 7791//5420
f 5182//5414 5181//5421 7791//5420 7790//5415
f 5184//5417 5183//5413 7790//5415 7789//5418
f 5187//5487 7789//5418 7788//5707 7875//5708
f 7875//5708 5189//5709 5188//5710 5187//5487
f 5190//5401 5189//5709 7875//5708 7874//5402
f 5191//5400 7874//5402 7873//5711 7948//5712
f 7948//5712 5193//5713 5192//5714 5191//5400
f 5194//5715 5193//5713 7948//5712 7947//5716
f 8019//5717 5197//5718 5196//5719 5195//5720
f 8086//5721 5199//5722 5198//5723 8018//5724
f 8086//5721 5201//5725 5200//5726 5199//5722
f 8137//5490 5203//5727 5202//5728 8085//5729
f 5204//5489 5203//5727 8137//5490 347//701
f 350//188 349//703 8137//5490 8136//5449
f 8135//5491 359//711 358//710 357//709
f 360//179 359//711 8135//5491 8134//5448
f 8134//5448 363//713 362//712 361//177
f 8134//5448 365//172 364//171 363//713
f 8082//5730 8081//5446 365//172 8134//5448
f 386//187 385//726 8077//5445 8076//5441
f 390//728 389//184 8076//5441 8075//5442
f 8074//5731 397//183 396//733 8075//5442
f 398//734 397//183 8074//5731 8073//5440
f 8072//5397 405//160 404//739 8073//5440
f 8003//5384 409//157 408//742 8004//5398
f 8071//5492 417//153 8001//5383 8000//5732
f 8071//5492 421//163 420//751 419//750
f 422//752 421//163 8071//5492 8070//5396
f 436//145 435//3710 8068//5394 8067//5399
f 441//763 8067//5399 8066//5733 8133//5493
f 448//142 447//769 8133//5493 8132//5385
f 4702//4882 4703//4884 8132//5385 8131//5386
f 4700//4881 4701//4883 8131//5386 8130//5387
f 8179//5734 4697//4877 8130//5387 8129//5735
f 8179//5734 4695//4871 4696//4875 4697//4877
f 4694//4872 4695//4871 8179//5734 8178//5392
f 4692//4867 4693//4873 8178//5392 8177//5391
f 4690//4866 4691//4868 8177//5391 8176//5494
f 8218//5495 4687//4857 4688//4859 4689//4865
f 4686//5009 4687//4857 8218//5495 8217//5393
f 4684//4855 4685//4861 8217//5393 8216//5388
f 4682//4851 4683//4854 8216//5388 8215//5389
f 4680//4823 4681//4849 8215//5389 8214//5496
f 8253//5497 4677//4842 4678//4845 4679//4862
f 4676//4887 4677//4842 8253//5497 8252//5390
f 4674//4835 4675//5008 8252//5390 8251//5327
f 4672//4828 4673//4785 8251//5327 8250//5326
f 4669//4826 8250//5326 8249//5736 8284//5737
f 8284//5737 4667//4818 4668//4817 4669//4826
f 4666//4812 4667//4818 8284//5737 8283//5331
f 4664//4909 4665//4810 8283//5331 8282//5333
f 4662//4808 4663//4908 8282//5333 8281//5332
f 4659//4803 8281//5332 8280//5738 8310//5739
f 8310//5739 4657//4797 4658//4795 4659//4803
f 4656//4792 4657//4797 8310//5739 8309//5328
f 4654//4800 4655//4793 8309//5328 8308//5329
f 4652//4783 4653//4807 8308//5329 8307//5330
f 4649//4771 8307//5330 8306//5740 8332//5741
f 8332//5741 4647//4749 4648//4772 4649//4771
f 4646//4765 4647//4749 8332//5741 8331//5324
f 4644//4750 4645//4764 8331//5324 8330//5323
f 4642//4752 4643//4756 8330//5323 8329//5325
f 4639//4739 8329//5325 8328//5742 8350//5743
f 8350//5743 4637//4755 4638//4740 4639//4739
f 4636//4674 4637//4755 8350//5743 8349//5321
f 4634//4735 4635//4734 8349//5321 8348//5322
f 4632//4722 4633//4733 8348//5322 8347//5320
f 8364//5744 4631//4721 8347//5320 8346//5745
f 8364//5744 4629//4712 4630//4963 4631//4721
f 4628//4703 4629//4712 8364//5744 8363//5317
f 4626//4699 4627//4700 8363//5317 8362//5318
f 4624//4879 4625//4880 8362//5318 8361//5319
f 8373//5746 4621//4671 8361//5319 8360//5747
f 8373//5746 4619//4677 4620//4672 4621//4671
f 4618//4685 4619//4677 8373//5746 8372//5314
f 4616//4664 4617//4841 8372//5314 8371//5316
f 4614//4650 4615//4651 8371//5316 8370//5315
f 8378//5748 4611//4653 8370//5315 8369//5749
f 8378//5748 4609//4658 4610//4643 4611//4653
f 4608//4642 4609//4658 8378//5748 8377//5312
f 4606//4623 4607//4634 8377//5312 8376//5311
f 4604//4612 4605//4624 8376//5311 8375//5313
f 8379//5750 4601//4603 8375//5313 8374//5751
f 8379//5750 4599//4589 4600//4598 4601//4603
f 4598//4590 4599//4589 8379//5750 5205//5310
f 8374//5751 5206//5752 5205//5310 8379//5750
f 8365//5753 5207//5754 5206//5752 8374//5751
f 5208//5308 5207//5754 8365//5753 8352//5306
f 8311//5755 5211//5756 5210//5499 8333//5498
f 8285//5757 5212//5758 5211//5756 8311//5755
f 5213//5304 5212//5758 8285//5757 8255//5302
f 8180//5759 5216//5760 5215//5501 8219//5500
f 8138//5761 5217//5762 5216//5760 8180//5759
f 5218//5300 5217//5762 8138//5761 8088//5298
f 7949//5763 5221//5764 5220//5503 8020//5502
f 7877//5765 5222//5766 5221//5764 7949//5763
f 7804//5767 5228//5768 5227//5505 7803//5504
f 7805//5769 5229//5770 5228//5768 7804//5767
f 7806//5771 5230//5772 5229//5770 7805//5769
f 5231//5258 5230//5772 7806//5771 7807//5260
f 7722//5773 5234//5774 5233//5507 7721//5506
f 7723//5775 5235//5776 5234//5774 7722//5773
f 5235//5776 7723//5775 7724//5272 5236//5270
f 7645//5777 5240//5778 5239//5511 7644//5510
f 7646//5779 5241//5780 5240//5778 7645//5777
f 5242//5265 5241//5780 7646//5779 7647//5268
f 7571//5781 5245//5782 5244//5513 7570//5512
f 7572//5783 5246//5784 5245//5782 7571//5781
f 7573//5785 5247//5786 5246//5784 7572//5783
f 5248//5283 5247//5786 7573//5785 7574//5285
f 7502//5787 5251//5788 5250//5515 7501//5514
f 7503//5789 5252//5790 5251//5788 7502//5787
f 5252//5790 7503//5789 7504//5292 5253//5291
f 7438//5791 5256//5792 5255//5517 7437//5516
f 7439//5793 5257//5794 5256//5792 7438//5791
f 5258//5295 5257//5794 7439//5793 7440//5297
f 7371//5795 5261//5796 5260//5521 7370//5520
f 7372//5797 5262//5798 5261//5796 7371//5795
f 7373//5799 5263//5800 5262//5798 7372//5797
f 5264//5280 5263//5800 7373//5799 7374//5279
f 7224//5801 5266//5802 5265//5274 7225//5273
f 5267//5276 5266//5802 7224//5801 7223//5281
f 7295//5803 5272//5804 5271//5527 7296//5526
f 7294//5805 5273//5806 5272//5804 7295//5803
f 7293//5807 5274//5808 5273//5806 7294//5805
f 7292//5809 5275//5810 5274//5808 7293//5807
f 7291//5811 5276//5812 5275//5810 7292//5809
f 7290//5813 5277//5814 5276//5812 7291//5811
f 5278//5288 5277//5814 7290//5813 7289//5289
f 7364//5815 5284//5816 5283//5535 7365//5534
f 7363//5817 5285//5818 5284//5816 7364//5815
f 7362//5819 5286//5820 5285//5818 7363//5817
f 7361//5821 5287//5822 5286//5820 7362//5819
f 7360//5823 5288//5824 5287//5822 7361//5821
f 5289//5262 5288//5824 7360//5823 7359//5263
f 7431//5825 5295//5826 5294//5543 7432//5542
f 7430//5827 5296//5828 5295//5826 7431//5825
f 7429//5829 5297//5830 5296//5828 7430//5827
f 7428//5831 5298//5832 5297//5830 7429//5829
f 7427//5833 5299//5834 5298//5832 7428//5831
f 5300//5251 5299//5834 7427//5833 7426//5252
f 5305//5550 5304//5835 5303//5547 7498//5546
f 6748//5836 5316//5083 6812//5085 6813//5837
f 8392//5082 5316//5083 6748//5836 6679//5084
f 5320//5838 5319//5839 6605//5840 6527//5841
f 6605//5840 5319//5839 5318//5080 6679//5084
f 5321//5842 5320//5838 6527//5841 6447//5843
f 5322//5844 5321//5842 6447//5843 6366//5845
f 5323//5846 5322//5844 6366//5845 6284//5847
f 5324//5848 5323//5846 6284//5847 6203//5849
f 5325//5850 5324//5848 6203//5849 6124//5851
f 5326//5852 5325//5850 6124//5851 6047//5061
f 5329//5059 5327//5058 5326//5852 6047//5061
f 5331//5853 5330//5060 6047//5061 6048//5854
f 5332//5855 5331//5853 6048//5854 6049//5856
f 5333//5567 5332//5855 6049//5856 6050//5568
f 5337//5857 5336//5858 6129//5859 6130//5860
f 6129//5859 5336//5858 5335//5064 6128//5065
f 5338//5861 5337//5857 6130//5860 6131//5862
f 5339//5569 5338//5861 6131//5862 6132//5570
f 5343//5863 5342//5864 6213//5865 6214//5866
f 6213//5865 5342//5864 5341//5066 6212//5069
f 5344//5867 5343//5863 6214//5866 6215//5868
f 5345//5571 5344//5867 6215//5868 6216//5572
f 5348//5869 5347//5078 6299//5870 6300//5871
f 5347//5078 6217//5077 6298//5872 6299//5870
f 5349//5873 5348//5869 6300//5871 6301//5874
f 5350//5573 5349//5873 6301//5874 6302//5574
f 5353//5875 5352//5092 6386//5876 6387//5877
f 6386//5876 5352//5092 6303//5091 6385//5878
f 5354//5879 5353//5875 6387//5877 6388//5880
f 5355//5578 5354//5879 6388//5880 6389//5575
f 5359//5881 5358//5882 6473//5883 6474//5884
f 6472//5104 6473//5883 5358//5882 5357//5102
f 5360//5580 5359//5881 6474//5884 6475//5581
f 5365//5885 5364//5886 6558//5887 6559//5888
f 6557//5117 6558//5887 5364//5886 5363//5112
f 5366//5190 5365//5885 6559//5888 6560//5191
f 6477//5114 5367//5116 5366//5190 6478//5192
f 5370//5889 5369//5890 6393//5891 6392//5892
f 6393//5891 5369//5890 5368//5113 6394//5115
f 5371//5584 5370//5889 6392//5892 6391//5583
f 5375//5586 5374//5893 6306//5894 6305//5585
f 6307//5105 6306//5894 5374//5893 5373//5106
f 5379//5588 5378//5895 6220//5896 6219//5587
f 6221//5109 6220//5896 5378//5895 5377//5100
f 5383//5897 5382//5898 6136//5899 6135//5900
f 6136//5899 5382//5898 5381//5094 6137//5097
f 5384//5090 5383//5897 6135//5900 6134//5087
f 5387//5901 5386//5902 6054//5903 6053//5904
f 6054//5903 5386//5902 5385//5089 6055//5088
f 5388//5076 5387//5901 6053//5904 6052//5074
f 5391//5905 5390//5906 5975//5907 5974//5908
f 5975//5907 5390//5906 5389//5073 5976//5075
f 5392//5072 5391//5905 5974//5908 5973//5070
f 5394//5909 5393//5071 5911//5910 5910//5911
f 5912//5912 5911//5910 5393//5071 5973//5070
f 5395//5590 5394//5909 5910//5911 5909//5589
f 5399//5592 5398//5913 5845//5914 5844//5591
f 5846//5041 5845//5914 5398//5913 5397//5039
f 5403//5915 5402//5916 5790//5917 5789//5918
f 5791//5035 5790//5917 5402//5916 5401//5036
f 5404//5034 5403//5915 5789//5918 5788//5033
f 5407//5919 5406//5920 5740//5921 5739//5922
f 5740//5921 5406//5920 5405//5032 5741//5031
f 5408//5596 5407//5919 5739//5922 5738//5593
f 5738//5593 5696//5029 5410//5028 8383//5594
f 5413//5923 5412//5924 5658//5925 5622//5926
f 5658//5925 5412//5924 5411//5027 5697//5030
f 5414//5597 5413//5923 5622//5926 5589//5598
f 5418//5927 5417//5928 5533//5929 5509//5930
f 5533//5929 5417//5928 5416//5020 5560//5022
f 5419//5017 5418//5927 5509//5930 5488//5018
f 5421//5931 5420//5016 5471//5932 5456//5933
f 5471//5932 5420//5016 5488//5018 5489//5934
f 5422//5935 5421//5931 5456//5933 5444//5936
f 5423//5013 5422//5935 5444//5936 5435//5012
f 5426//5600 5425//5937 5430//5938 5427//5601
f 5430//5938 5425//5937 5424//5011 5436//5010
f 5428//5602 5427//5601 5430//5938 5431//5939
f 5429//5014 5428//5602 5431//5939 5432//5015
f 5431//5939 5430//5938 5436//5010 5437//5940
f 5432//5015 5431//5939 5437//5940 5438//5941
f 5433//5603 5432//5015 5438//5941 5439//5942
f 5434//5599 5433//5603 5439//5942 5440//5943
f 5434//5599 5440//5943 5441//5024 8384//5023
f 5436//5010 5435//5012 5444//5936 5445//5944
f 5437//5940 5436//5010 5445//5944 5446//5945
f 5438//5941 5437//5940 5446//5945 5447//5946
f 5439//5942 5438//5941 5447//5946 5448//5947
f 5440//5943 5439//5942 5448//5947 5449//5948
f 5441//5024 5440//5943 5449//5948 5450//5949
f 5442//5604 5441//5024 5450//5949 5451//5950
f 5443//5025 5442//5604 5451//5950 5452//5026
f 5445//5944 5444//5936 5456//5933 5457//5951
f 5446//5945 5445//5944 5457//5951 5458//5952
f 5447//5946 5446//5945 5458//5952 5459//5953
f 5448//5947 5447//5946 5459//5953 5460//5954
f 5449//5948 5448//5947 5460//5954 5461//5955
f 5450//5949 5449//5948 5461//5955 5462//5956
f 5451//5950 5450//5949 5462//5956 5463//5957
f 5452//5026 5451//5950 5463//5957 5464//5958
f 5453//5605 5452//5026 5464//5958 5465//5959
f 5454//5606 5453//5605 5465//5959 5466//5960
f 5455//5043 5454//5606 5466//5960 5467//5044
f 5457//5951 5456//5933 5471//5932 5472//5961
f 5458//5952 5457//5951 5472//5961 5473//5962
f 5459//5953 5458//5952 5473//5962 5474//5963
f 5460//5954 5459//5953 5474//5963 5475//5964
f 5461//5955 5460//5954 5475//5964 5476//5965
f 5462//5956 5461//5955 5476//5965 5477//5966
f 5463//5957 5462//5956 5477//5966 5478//5967
f 5464//5958 5463//5957 5478//5967 5479//5968
f 5465//5959 5464//5958 5479//5968 5480//5969
f 5466//5960 5465//5959 5480//5969 5481//5970
f 5467//5044 5466//5960 5481//5970 5482//5971
f 5468//5607 5467//5044 5482//5971 5483//5972
f 5469//5450 5468//5607 5483//5972 5484//5973
f 5470//5045 5469//5450 5484//5973 5485//5046
f 5472//5961 5471//5932 5489//5934 5490//5974
f 5473//5962 5472//5961 5490//5974 5491//5975
f 5474//5963 5473//5962 5491//5975 5492//5976
f 5475//5964 5474//5963 5492//5976 5493//5977
f 5476//5965 5475//5964 5493//5977 5494//5978
f 5477//5966 5476//5965 5494//5978 5495//5979
f 5478//5967 5477//5966 5495//5979 5496//5980
f 5479//5968 5478//5967 5496//5980 5497//5981
f 5480//5969 5479//5968 5497//5981 5498//5982
f 5481//5970 5480//5969 5498//5982 5499//5983
f 5482//5971 5481//5970 5499//5983 5500//5984
f 5483//5972 5482//5971 5500//5984 5501//5985
f 5484//5973 5483//5972 5501//5985 5502//5986
f 5485//5046 5484//5973 5502//5986 5503//5987
f 5486//5608 5485//5046 5503//5987 5504//5988
f 5487//5047 5486//5608 5504//5988 5505//5048
f 5489//5934 5488//5018 5509//5930 5510//5989
f 5490//5974 5489//5934 5510//5989 5511//5990
f 5491//5975 5490//5974 5511//5990 5512//5991
f 5492//5976 5491//5975 5512//5991 5513//5992
f 5493//5977 5492//5976 5513//5992 5514//5993
f 5494//5978 5493//5977 5514//5993 5515//5994
f 5495//5979 5494//5978 5515//5994 5516//5995
f 5496//5980 5495//5979 5516//5995 5517//5996
f 5497//5981 5496//5980 5517//5996 5518//5997
f 5498//5982 5497//5981 5518//5997 5519//5998
f 5499//5983 5498//5982 5519//5998 5520//5999
f 5500//5984 5499//5983 5520//5999 5521//6000
f 5501//5985 5500//5984 5521//6000 5522//6001
f 5502//5986 5501//5985 5522//6001 5523//6002
f 5503//5987 5502//5986 5523//6002 5524//6003
f 5504//5988 5503//5987 5524//6003 5525//6004
f 5505//5048 5504//5988 5525//6004 5526//6005
f 5506//5609 5505//5048 5526//6005 5527//6006
f 5507//5610 5506//5609 5527//6006 5528//6007
f 5508//5049 5507//5610 5528//6007 5529//5050
f 5510//5989 5509//5930 5533//5929 5534//6008
f 5511//5990 5510//5989 5534//6008 5535//6009
f 5512//5991 5511//5990 5535//6009 5536//6010
f 5513//5992 5512//5991 5536//6010 5537//6011
f 5514//5993 5513//5992 5537//6011 5538//6012
f 5515//5994 5514//5993 5538//6012 5539//6013
f 5516//5995 5515//5994 5539//6013 5540//6014
f 5517//5996 5516//5995 5540//6014 5541//6015
f 5518//5997 5517//5996 5541//6015 5542//6016
f 5519//5998 5518//5997 5542//6016 5543//6017
f 5520//5999 5519//5998 5543//6017 5544//6018
f 5521//6000 5520//5999 5544//6018 5545//6019
f 5522//6001 5521//6000 5545//6019 5546//6020
f 5523//6002 5522//6001 5546//6020 5547//6021
f 5524//6003 5523//6002 5547//6021 5548//6022
f 5525//6004 5524//6003 5548//6022 5549//6023
f 5526//6005 5525//6004 5549//6023 5550//6024
f 5527//6006 5526//6005 5550//6024 5551//6025
f 5528//6007 5527//6006 5551//6025 5552//6026
f 5529//5050 5528//6007 5552//6026 5553//6027
f 5530//5611 5529//5050 5553//6027 5554//6028
f 5531//5612 5530//5611 5554//6028 5555//6029
f 5532//5052 5531//5612 5555//6029 5556//5051
f 5534//6008 5533//5929 5560//5022 5561//6030
f 5535//6009 5534//6008 5561//6030 5562//6031
f 5536//6010 5535//6009 5562//6031 5563//6032
f 5537//6011 5536//6010 5563//6032 5564//6033
f 5538//6012 5537//6011 5564//6033 5565//6034
f 5539//6013 5538//6012 5565//6034 5566//6035
f 5540//6014 5539//6013 5566//6035 5567//6036
f 5541//6015 5540//6014 5567//6036 5568//6037
f 5542//6016 5541//6015 5568//6037 5569//6038
f 5543//6017 5542//6016 5569//6038 5570//6039
f 5544//6018 5543//6017 5570//6039 5571//6040
f 5545//6019 5544//6018 5571//6040 5572//6041
f 5546//6020 5545//6019 5572//6041 5573//6042
f 5547//6021 5546//6020 5573//6042 5574//6043
f 5548//6022 5547//6021 5574//6043 5575//6044
f 5549//6023 5548//6022 5575//6044 5576//6045
f 5550//6024 5549//6023 5576//6045 5577//6046
f 5551//6025 5550//6024 5577//6046 5578//6047
f 5552//6026 5551//6025 5578//6047 5579//6048
f 5553//6027 5552//6026 5579//6048 5580//6049
f 5554//6028 5553//6027 5580//6049 5581//6050
f 5555//6029 5554//6028 5581//6050 5582//6051
f 5556//5051 5555//6029 5582//6051 5583//6052
f 5557//5613 5556//5051 5583//6052 5584//6053
f 5558//5451 5557//5613 5584//6053 5585//6054
f 5558//5451 5585//6054 5586//5054 8385//5053
f 5560//5022 5559//5019 5589//5598 5590//6055
f 5561//6030 5560//5022 5590//6055 5591//6056
f 5562//6031 5561//6030 5591//6056 5592//6057
f 5563//6032 5562//6031 5592//6057 5593//6058
f 5564//6033 5563//6032 5593//6058 5594//6059
f 5565//6034 5564//6033 5594//6059 5595//6060
f 5566//6035 5565//6034 5595//6060 5596//6061
f 5567//6036 5566//6035 5596//6061 5597//6062
f 5568//6037 5567//6036 5597//6062 5598//6063
f 5569//6038 5568//6037 5598//6063 5599//6064
f 5570//6039 5569//6038 5599//6064 5600//6065
f 5571//6040 5570//6039 5600//6065 5601//6066
f 5572//6041 5571//6040 5601//6066 5602//6067
f 5573//6042 5572//6041 5602//6067 5603//6068
f 5574//6043 5573//6042 5603//6068 5604//6069
f 5575//6044 5574//6043 5604//6069 5605//6070
f 5576//6045 5575//6044 5605//6070 5606//6071
f 5577//6046 5576//6045 5606//6071 5607//6072
f 5578//6047 5577//6046 5607//6072 5608//6073
f 5579//6048 5578//6047 5608//6073 5609//6074
f 5580//6049 5579//6048 5609//6074 5610//6075
f 5581//6050 5580//6049 5610//6075 5611//6076
f 5582//6051 5581//6050 5611//6076 5612//6077
f 5583//6052 5582//6051 5612//6077 5613//6078
f 5584//6053 5583//6052 5613//6078 5614//6079
f 5585//6054 5584//6053 5614//6079 5615//6080
f 5586//5054 5585//6054 5615//6080 5616//6081
f 5587//5614 5586//5054 5616//6081 5617//6082
f 5588//5056 5587//5614 5617//6082 5618//5055
f 5590//6055 5589//5598 5622//5926 5623//6083
f 5591//6056 5590//6055 5623//6083 5624//6084
f 5592//6057 5591//6056 5624//6084 5625//6085
f 5593//6058 5592//6057 5625//6085 5626//6086
f 5594//6059 5593//6058 5626//6086 5627//6087
f 5595//6060 5594//6059 5627//6087 5628//6088
f 5596//6061 5595//6060 5628//6088 5629//6089
f 5597//6062 5596//6061 5629//6089 5630//6090
f 5598//6063 5597//6062 5630//6090 5631//6091
f 5599//6064 5598//6063 5631//6091 5632//6092
f 5600//6065 5599//6064 5632//6092 5633//6093
f 5601//6066 5600//6065 5633//6093 5634//6094
f 5602//6067 5601//6066 5634//6094 5635//6095
f 5603//6068 5602//6067 5635//6095 5636//6096
f 5604//6069 5603//6068 5636//6096 5637//6097
f 5605//6070 5604//6069 5637//6097 5638//6098
f 5606//6071 5605//6070 5638//6098 5639//6099
f 5607//6072 5606//6071 5639//6099 5640//6100
f 5608//6073 5607//6072 5640//6100 5641//6101
f 5609//6074 5608//6073 5641//6101 5642//6102
f 5610//6075 5609//6074 5642//6102 5643//6103
f 5611//6076 5610//6075 5643//6103 5644//6104
f 5612//6077 5611//6076 5644//6104 5645//6105
f 5613//6078 5612//6077 5645//6105 5646//6106
f 5614//6079 5613//6078 5646//6106 5647//6107
f 5615//6080 5614//6079 5647//6107 5648//6108
f 5616//6081 5615//6080 5648//6108 5649//6109
f 5617//6082 5616//6081 5649//6109 5650//6110
f 5618//5055 5617//6082 5650//6110 5651//6111
f 5619//5615 5618//5055 5651//6111 5652//6112
f 5620//5616 5619//5615 5652//6112 5653//6113
f 5621//5118 5620//5616 5653//6113 5654//5119
f 5623//6083 5622//5926 5658//5925 5659//6114
f 5624//6084 5623//6083 5659//6114 5660//6115
f 5625//6085 5624//6084 5660//6115 5661//6116
f 5626//6086 5625//6085 5661//6116 5662//6117
f 5627//6087 5626//6086 5662//6117 5663//6118
f 5628//6088 5627//6087 5663//6118 5664//6119
f 5629//6089 5628//6088 5664//6119 5665//6120
f 5630//6090 5629//6089 5665//6120 5666//6121
f 5631//6091 5630//6090 5666//6121 5667//6122
f 5632//6092 5631//6091 5667//6122 5668//6123
f 5633//6093 5632//6092 5668//6123 5669//6124
f 5634//6094 5633//6093 5669//6124 5670//6125
f 5635//6095 5634//6094 5670//6125 5671//6126
f 5636//6096 5635//6095 5671//6126 5672//6127
f 5637//6097 5636//6096 5672//6127 5673//6128
f 5638//6098 5637//6097 5673//6128 5674//6129
f 5639//6099 5638//6098 5674//6129 5675//6130
f 5640//6100 5639//6099 5675//6130 5676//6131
f 5641//6101 5640//6100 5676//6131 5677//6132
f 5642//6102 5641//6101 5677//6132 5678//6133
f 5643//6103 5642//6102 5678//6133 5679//6134
f 5644//6104 5643//6103 5679//6134 5680//6135
f 5645//6105 5644//6104 5680//6135 5681//6136
f 5646//6106 5645//6105 5681//6136 5682//6137
f 5647//6107 5646//6106 5682//6137 5683//6138
f 5648//6108 5647//6107 5683//6138 5684//6139
f 5649//6109 5648//6108 5684//6139 5685//6140
f 5650//6110 5649//6109 5685//6140 5686//6141
f 5651//6111 5650//6110 5686//6141 5687//6142
f 5652//6112 5651//6111 5687//6142 5688//6143
f 5653//6113 5652//6112 5688//6143 5689//6144
f 5654//5119 5653//6113 5689//6144 5690//6145
f 5655//5617 5654//5119 5690//6145 5691//6146
f 5656//5452 5655//5617 5691//6146 5692//6147
f 5657//5120 5656//5452 5692//6147 5693//5121
f 5659//6114 5658//5925 5697//5030 5698//6148
f 5660//6115 5659//6114 5698//6148 5699//6149
f 5661//6116 5660//6115 5699//6149 5700//6150
f 5662//6117 5661//6116 5700//6150 5701//6151
f 5663//6118 5662//6117 5701//6151 5702//6152
f 5664//6119 5663//6118 5702//6152 5703//6153
f 5665//6120 5664//6119 5703//6153 5704//6154
f 5666//6121 5665//6120 5704//6154 5705//6155
f 5667//6122 5666//6121 5705//6155 5706//6156
f 5668//6123 5667//6122 5706//6156 5707//6157
f 5669//6124 5668//6123 5707//6157 5708//6158
f 5670//6125 5669//6124 5708//6158 5709//6159
f 5671//6126 5670//6125 5709//6159 5710//6160
f 5672//6127 5671//6126 5710//6160 5711//6161
f 5673//6128 5672//6127 5711//6161 5712//6162
f 5674//6129 5673//6128 5712//6162 5713//6163
f 5675//6130 5674//6129 5713//6163 5714//6164
f 5676//6131 5675//6130 5714//6164 5715//6165
f 5677//6132 5676//6131 5715//6165 5716//6166
f 5678//6133 5677//6132 5716//6166 5717//6167
f 5679//6134 5678//6133 5717//6167 5718//6168
f 5680//6135 5679//6134 5718//6168 5719//6169
f 5681//6136 5680//6135 5719//6169 5720//6170
f 5682//6137 5681//6136 5720//6170 5721//6171
f 5683//6138 5682//6137 5721//6171 5722//6172
f 5684//6139 5683//6138 5722//6172 5723//6173
f 5685//6140 5684//6139 5723//6173 5724//6174
f 5686//6141 5685//6140 5724//6174 5725//6175
f 5687//6142 5686//6141 5725//6175 5726//6176
f 5688//6143 5687//6142 5726//6176 5727//6177
f 5689//6144 5688//6143 5727//6177 5728//6178
f 5690//6145 5689//6144 5728//6178 5729//6179
f 5691//6146 5690//6145 5729//6179 5730//6180
f 5692//6147 5691//6146 5730//6180 5731//6181
f 5693//5121 5692//6147 5731//6181 5732//6182
f 5694//5618 5693//5121 5732//6182 5733//6183
f 5695//5122 5694//5618 5733//6183 5734//5621
f 5697//5030 5696//5029 5738//5593 5739//5922
f 5698//6148 5697//5030 5739//5922 5740//5921
f 5699//6149 5698//6148 5740//5921 5741//5031
f 5700//6150 5699//6149 5741//5031 5742//6184
f 5701//6151 5700//6150 5742//6184 5743//6185
f 5702//6152 5701//6151 5743//6185 5744//6186
f 5703//6153 5702//6152 5744//6186 5745//6187
f 5704//6154 5703//6153 5745//6187 5746//6188
f 5705//6155 5704//6154 5746//6188 5747//6189
f 5706//6156 5705//6155 5747//6189 5748//6190
f 5707//6157 5706//6156 5748//6190 5749//6191
f 5708//6158 5707//6157 5749//6191 5750//6192
f 5709//6159 5708//6158 5750//6192 5751//6193
f 5710//6160 5709//6159 5751//6193 5752//6194
f 5711//6161 5710//6160 5752//6194 5753//6195
f 5712//6162 5711//6161 5753//6195 5754//6196
f 5713//6163 5712//6162 5754//6196 5755//6197
f 5714//6164 5713//6163 5755//6197 5756//6198
f 5715//6165 5714//6164 5756//6198 5757//6199
f 5716//6166 5715//6165 5757//6199 5758//6200
f 5717//6167 5716//6166 5758//6200 5759//6201
f 5718//6168 5717//6167 5759//6201 5760//6202
f 5719//6169 5718//6168 5760//6202 5761//6203
f 5720//6170 5719//6169 5761//6203 5762//6204
f 5721//6171 5720//6170 5762//6204 5763//6205
f 5722//6172 5721//6171 5763//6205 5764//6206
f 5723//6173 5722//6172 5764//6206 5765//6207
f 5724//6174 5723//6173 5765//6207 5766//6208
f 5725//6175 5724//6174 5766//6208 5767//6209
f 5726//6176 5725//6175 5767//6209 5768//6210
f 5727//6177 5726//6176 5768//6210 5769//6211
f 5728//6178 5727//6177 5769//6211 5770//6212
f 5729//6179 5728//6178 5770//6212 5771//6213
f 5730//6180 5729//6179 5771//6213 5772//6214
f 5731//6181 5730//6180 5772//6214 5773//6215
f 5732//6182 5731//6181 5773//6215 5774//6216
f 5733//6183 5732//6182 5774//6216 5775//6217
f 5734//5621 5733//6183 5775//6217 5776//6218
f 5735//5619 5734//5621 5776//6218 5777//6219
f 5736//5620 5735//5619 5777//6219 5778//6220
f 5737//5123 5736//5620 5778//6220 5779//5124
f 5742//6184 5741//5031 5788//5033 5789//5918
f 5743//6185 5742//6184 5789//5918 5790//5917
f 5744//6186 5743//6185 5790//5917 5791//5035
f 5745//6187 5744//6186 5791//5035 5792//6221
f 5746//6188 5745//6187 5792//6221 5793//6222
f 5747//6189 5746//6188 5793//6222 5794//6223
f 5748//6190 5747//6189 5794//6223 5795//6224
f 5749//6191 5748//6190 5795//6224 5796//6225
f 5750//6192 5749//6191 5796//6225 5797//6226
f 5751//6193 5750//6192 5797//6226 5798//6227
f 5752//6194 5751//6193 5798//6227 5799//6228
f 5753//6195 5752//6194 5799//6228 5800//6229
f 5754//6196 5753//6195 5800//6229 5801//6230
f 5755//6197 5754//6196 5801//6230 5802//6231
f 5756//6198 5755//6197 5802//6231 5803//6232
f 5757//6199 5756//6198 5803//6232 5804//6233
f 5758//6200 5757//6199 5804//6233 5805//6234
f 5759//6201 5758//6200 5805//6234 5806//6235
f 5760//6202 5759//6201 5806//6235 5807//6236
f 5761//6203 5760//6202 5807//6236 5808//6237
f 5762//6204 5761//6203 5808//6237 5809//6238
f 5763//6205 5762//6204 5809//6238 5810//6239
f 5764//6206 5763//6205 5810//6239 5811//6240
f 5765//6207 5764//6206 5811//6240 5812//6241
f 5766//6208 5765//6207 5812//6241 5813//6242
f 5767//6209 5766//6208 5813//6242 5814//6243
f 5768//6210 5767//6209 5814//6243 5815//6244
f 5769//6211 5768//6210 5815//6244 5816//6245
f 5770//6212 5769//6211 5816//6245 5817//6246
f 5771//6213 5770//6212 5817//6246 5818//6247
f 5772//6214 5771//6213 5818//6247 5819//6248
f 5773//6215 5772//6214 5819//6248 5820//6249
f 5774//6216 5773//6215 5820//6249 5821//6250
f 5775//6217 5774//6216 5821//6250 5822//6251
f 5776//6218 5775//6217 5822//6251 5823//6252
f 5777//6219 5776//6218 5823//6252 5824//6253
f 5778//6220 5777//6219 5824//6253 5825//6254
f 5779//5124 5778//6220 5825//6254 5826//6255
f 5780//5622 5779//5124 5826//6255 5827//6256
f 5781//5623 5780//5622 5827//6256 5828//6257
f 5782//5125 5781//5623 5828//6257 5829//5126
f 5784//5457 5783//5139 5837//5626 5838//6258
f 5785//5143 5784//5457 5838//6258 5839//6259
f 5786//5144 5785//5143 5839//6259 5840//6260
f 5787//5145 5786//5144 5840//6260 5841//5629
f 5792//6221 5791//5035 5843//5037 5844//5591
f 5793//6222 5792//6221 5844//5591 5845//5914
f 5794//6223 5793//6222 5845//5914 5846//5041
f 5795//6224 5794//6223 5846//5041 5847//6261
f 5796//6225 5795//6224 5847//6261 5848//6262
f 5797//6226 5796//6225 5848//6262 5849//6263
f 5798//6227 5797//6226 5849//6263 5850//6264
f 5799//6228 5798//6227 5850//6264 5851//6265
f 5800//6229 5799//6228 5851//6265 5852//6266
f 5801//6230 5800//6229 5852//6266 5853//6267
f 5802//6231 5801//6230 5853//6267 5854//6268
f 5803//6232 5802//6231 5854//6268 5855//6269
f 5804//6233 5803//6232 5855//6269 5856//6270
f 5805//6234 5804//6233 5856//6270 5857//6271
f 5806//6235 5805//6234 5857//6271 5858//6272
f 5807//6236 5806//6235 5858//6272 5859//6273
f 5808//6237 5807//6236 5859//6273 5860//6274
f 5809//6238 5808//6237 5860//6274 5861//6275
f 5810//6239 5809//6238 5861//6275 5862//6276
f 5811//6240 5810//6239 5862//6276 5863//6277
f 5812//6241 5811//6240 5863//6277 5864//6278
f 5813//6242 5812//6241 5864//6278 5865//6279
f 5814//6243 5813//6242 5865//6279 5866//6280
f 5815//6244 5814//6243 5866//6280 5867//6281
f 5816//6245 5815//6244 5867//6281 5868//6282
f 5817//6246 5816//6245 5868//6282 5869//6283
f 5818//6247 5817//6246 5869//6283 5870//6284
f 5819//6248 5818//6247 5870//6284 5871//6285
f 5820//6249 5819//6248 5871//6285 5872//6286
f 5821//6250 5820//6249 5872//6286 5873//6287
f 5822//6251 5821//6250 5873//6287 5874//6288
f 5823//6252 5822//6251 5874//6288 5875//6289
f 5824//6253 5823//6252 5875//6289 5876//6290
f 5825//6254 5824//6253 5876//6290 5877//6291
f 5826//6255 5825//6254 5877//6291 5878//6292
f 5827//6256 5826//6255 5878//6292 5879//6293
f 5828//6257 5827//6256 5879//6293 5880//6294
f 5829//5126 5828//6257 5880//6294 5881//6295
f 5830//5624 5829//5126 5881//6295 5882//6296
f 5831//5453 5830//5624 5882//6296 5883//6297
f 5831//5453 5883//6297 5884//5454 8386//5127
f 5833//5456 5832//5138 5896//5625 5897//6298
f 5834//5136 5833//5456 5897//6298 5898//6299
f 5835//5137 5834//5136 5898//6299 5899//6300
f 5836//5142 5835//5137 5899//6300 5900//6301
f 5837//5626 5836//5142 5900//6301 5901//6302
f 5838//6258 5837//5626 5901//6302 5902//6303
f 5839//6259 5838//6258 5902//6303 5903//6304
f 5840//6260 5839//6259 5903//6304 5904//6305
f 5841//5629 5840//6260 5904//6305 5905//6306
f 5842//5628 5841//5629 5905//6306 5906//5632
f 5847//6261 5846//5041 8387//5040 5909//5589
f 5848//6262 5847//6261 5909//5589 5910//5911
f 5849//6263 5848//6262 5910//5911 5911//5910
f 5850//6264 5849//6263 5911//5910 5912//5912
f 5851//6265 5850//6264 5912//5912 5913//6307
f 5852//6266 5851//6265 5913//6307 5914//6308
f 5853//6267 5852//6266 5914//6308 5915//6309
f 5854//6268 5853//6267 5915//6309 5916//6310
f 5855//6269 5854//6268 5916//6310 5917//6311
f 5856//6270 5855//6269 5917//6311 5918//6312
f 5857//6271 5856//6270 5918//6312 5919//6313
f 5858//6272 5857//6271 5919//6313 5920//6314
f 5859//6273 5858//6272 5920//6314 5921//6315
f 5860//6274 5859//6273 5921//6315 5922//6316
f 5861//6275 5860//6274 5922//6316 5923//6317
f 5862//6276 5861//6275 5923//6317 5924//6318
f 5863//6277 5862//6276 5924//6318 5925//6319
f 5864//6278 5863//6277 5925//6319 5926//6320
f 5865//6279 5864//6278 5926//6320 5927//6321
f 5866//6280 5865//6279 5927//6321 5928//6322
f 5867//6281 5866//6280 5928//6322 5929//6323
f 5868//6282 5867//6281 5929//6323 5930//6324
f 5869//6283 5868//6282 5930//6324 5931//6325
f 5870//6284 5869//6283 5931//6325 5932//6326
f 5871//6285 5870//6284 5932//6326 5933//6327
f 5872//6286 5871//6285 5933//6327 5934//6328
f 5873//6287 5872//6286 5934//6328 5935//6329
f 5874//6288 5873//6287 5935//6329 5936//6330
f 5875//6289 5874//6288 5936//6330 5937//6331
f 5876//6290 5875//6289 5937//6331 5938//6332
f 5877//6291 5876//6290 5938//6332 5939//6333
f 5878//6292 5877//6291 5939//6333 5940//6334
f 5879//6293 5878//6292 5940//6334 5941//6335
f 5880//6294 5879//6293 5941//6335 5942//6336
f 5881//6295 5880//6294 5942//6336 5943//6337
f 5882//6296 5881//6295 5943//6337 5944//6338
f 5883//6297 5882//6296 5944//6338 5945//6339
f 5884//5454 5883//6297 5945//6339 5946//6340
f 5885//5130 5884//5454 5946//6340 5947//6341
f 5886//5129 5885//5130 5947//6341 5948//6342
f 5887//5131 5886//5129 5948//6342 5949//6343
f 5888//5132 5887//5131 5949//6343 5950//6344
f 5889//5135 5888//5132 5950//6344 5951//6345
f 5890//5134 5889//5135 5951//6345 5952//6346
f 5889//5135 5890//5134 93//483 92//619
f 5891//5455 5890//5134 5952//6346 5953//6347
f 5892//5133 5891//5455 5953//6347 5954//6348
f 5893//5128 5892//5133 5954//6348 5955//6349
f 5894//5140 5893//5128 5955//6349 5956//6350
f 5895//5141 5894//5140 5956//6350 5957//6351
f 5896//5625 5895//5141 5957//6351 5958//6352
f 5897//6298 5896//5625 5958//6352 5959//6353
f 5898//6299 5897//6298 5959//6353 5960//6354
f 5899//6300 5898//6299 5960//6354 5961//6355
f 5900//6301 5899//6300 5961//6355 5962//6356
f 5901//6302 5900//6301 5962//6356 5963//6357
f 5902//6303 5901//6302 5963//6357 5964//6358
f 5903//6304 5902//6303 5964//6358 5965//6359
f 5904//6305 5903//6304 5965//6359 5966//6360
f 5905//6306 5904//6305 5966//6360 5967//6361
f 5906//5632 5905//6306 5967//6361 5968//6362
f 5907//5633 5906//5632 5968//6362 5969//6363
f 5908//5147 5907//5633 5969//6363 5970//5460
f 5913//6307 5912//5912 5973//5070 5974//5908
f 5914//6308 5913//6307 5974//5908 5975//5907
f 5915//6309 5914//6308 5975//5907 5976//5075
f 5916//6310 5915//6309 5976//5075 5977//6364
f 5917//6311 5916//6310 5977//6364 5978//6365
f 5918//6312 5917//6311 5978//6365 5979//6366
f 5919//6313 5918//6312 5979//6366 5980//6367
f 5920//6314 5919//6313 5980//6367 5981//6368
f 5921//6315 5920//6314 5981//6368 5982//6369
f 5922//6316 5921//6315 5982//6369 5983//6370
f 5923//6317 5922//6316 5983//6370 5984//6371
f 5924//6318 5923//6317 5984//6371 5985//6372
f 5925//6319 5924//6318 5985//6372 5986//6373
f 5926//6320 5925//6319 5986//6373 5987//6374
f 5927//6321 5926//6320 5987//6374 5988//6375
f 5928//6322 5927//6321 5988//6375 5989//6376
f 5929//6323 5928//6322 5989//6376 5990//6377
f 5930//6324 5929//6323 5990//6377 5991//6378
f 5931//6325 5930//6324 5991//6378 5992//6379
f 5932//6326 5931//6325 5992//6379 5993//6380
f 5933//6327 5932//6326 5993//6380 5994//6381
f 5934//6328 5933//6327 5994//6381 5995//6382
f 5935//6329 5934//6328 5995//6382 5996//6383
f 5936//6330 5935//6329 5996//6383 5997//6384
f 5937//6331 5936//6330 5997//6384 5998//6385
f 5938//6332 5937//6331 5998//6385 5999//6386
f 5939//6333 5938//6332 5999//6386 6000//6387
f 5940//6334 5939//6333 6000//6387 6001//6388
f 5941//6335 5940//6334 6001//6388 6002//6389
f 5942//6336 5941//6335 6002//6389 6003//6390
f 5943//6337 5942//6336 6003//6390 6004//6391
f 5944//6338 5943//6337 6004//6391 6005//6392
f 5945//6339 5944//6338 6005//6392 6006//6393
f 5946//6340 5945//6339 6006//6393 6007//6394
f 5947//6341 5946//6340 6007//6394 6008//6395
f 5948//6342 5947//6341 6008//6395 6009//6396
f 5949//6343 5948//6342 6009//6396 6010//6397
f 5950//6344 5949//6343 6010//6397 6011//6398
f 5951//6345 5950//6344 6011//6398 6012//6399
f 5952//6346 5951//6345 6012//6399 6013//6400
f 5953//6347 5952//6346 6013//6400 6014//6401
f 5954//6348 5953//6347 6014//6401 6015//6402
f 5955//6349 5954//6348 6015//6402 6016//6403
f 5956//6350 5955//6349 6016//6403 6017//6404
f 5957//6351 5956//6350 6017//6404 6018//6405
f 5958//6352 5957//6351 6018//6405 6019//6406
f 5959//6353 5958//6352 6019//6406 6020//6407
f 5960//6354 5959//6353 6020//6407 6021//6408
f 5961//6355 5960//6354 6021//6408 6022//6409
f 5962//6356 5961//6355 6022//6409 6023//6410
f 5963//6357 5962//6356 6023//6410 6024//6411
f 5964//6358 5963//6357 6024//6411 6025//6412
f 5965//6359 5964//6358 6025//6412 6026//6413
f 5966//6360 5965//6359 6026//6413 6027//6414
f 5967//6361 5966//6360 6027//6414 6028//6415
f 5968//6362 5967//6361 6028//6415 6029//6416
f 5969//6363 5968//6362 6029//6416 6030//6417
f 5970//5460 5969//6363 6030//6417 6031//6418
f 5971//5635 5970//5460 6031//6418 6032//6419
f 5972//5150 5971//5635 6032//6419 6033//5638
f 5977//6364 5976//5075 6052//5074 6053//5904
f 5978//6365 5977//6364 6053//5904 6054//5903
f 5979//6366 5978//6365 6054//5903 6055//5088
f 5980//6367 5979//6366 6055//5088 6056//6420
f 5981//6368 5980//6367 6056//6420 6057//6421
f 5982//6369 5981//6368 6057//6421 6058//6422
f 5983//6370 5982//6369 6058//6422 6059//6423
f 5984//6371 5983//6370 6059//6423 6060//6424
f 5985//6372 5984//6371 6060//6424 6061//6425
f 5986//6373 5985//6372 6061//6425 6062//6426
f 5987//6374 5986//6373 6062//6426 6063//6427
f 5988//6375 5987//6374 6063//6427 6064//6428
f 5989//6376 5988//6375 6064//6428 6065//6429
f 5990//6377 5989//6376 6065//6429 6066//6430
f 5991//6378 5990//6377 6066//6430 6067//6431
f 5992//6379 5991//6378 6067//6431 6068//6432
f 5993//6380 5992//6379 6068//6432 6069//6433
f 5994//6381 5993//6380 6069//6433 6070//6434
f 5995//6382 5994//6381 6070//6434 6071//6435
f 5996//6383 5995//6382 6071//6435 6072//6436
f 5997//6384 5996//6383 6072//6436 6073//6437
f 5998//6385 5997//6384 6073//6437 6074//6438
f 5999//6386 5998//6385 6074//6438 6075//6439
f 6000//6387 5999//6386 6075//6439 6076//6440
f 6001//6388 6000//6387 6076//6440 6077//6441
f 6002//6389 6001//6388 6077//6441 6078//6442
f 6003//6390 6002//6389 6078//6442 6079//6443
f 6004//6391 6003//6390 6079//6443 6080//6444
f 6005//6392 6004//6391 6080//6444 6081//6445
f 6006//6393 6005//6392 6081//6445 6082//6446
f 6007//6394 6006//6393 6082//6446 6083//6447
f 6008//6395 6007//6394 6083//6447 6084//6448
f 6009//6396 6008//6395 6084//6448 6085//6449
f 6010//6397 6009//6396 6085//6449 6086//6450
f 6011//6398 6010//6397 6086//6450 6087//6451
f 6012//6399 6011//6398 6087//6451 6088//6452
f 6013//6400 6012//6399 6088//6452 6089//6453
f 6014//6401 6013//6400 6089//6453 6090//6454
f 6015//6402 6014//6401 6090//6454 6091//6455
f 6016//6403 6015//6402 6091//6455 6092//6456
f 6017//6404 6016//6403 6092//6456 6093//6457
f 6018//6405 6017//6404 6093//6457 6094//6458
f 6019//6406 6018//6405 6094//6458 6095//6459
f 6020//6407 6019//6406 6095//6459 6096//6460
f 6021//6408 6020//6407 6096//6460 6097//6461
f 6022//6409 6021//6408 6097//6461 6098//6462
f 6023//6410 6022//6409 6098//6462 6099//6463
f 6024//6411 6023//6410 6099//6463 6100//6464
f 6025//6412 6024//6411 6100//6464 6101//6465
f 6026//6413 6025//6412 6101//6465 6102//6466
f 6027//6414 6026//6413 6102//6466 6103//6467
f 6028//6415 6027//6414 6103//6467 6104//6468
f 6029//6416 6028//6415 6104//6468 6105//6469
f 6030//6417 6029//6416 6105//6469 6106//6470
f 6031//6418 6030//6417 6106//6470 6107//6471
f 6032//6419 6031//6418 6107//6471 6108//6472
f 6033//5638 6032//6419 6108//6472 6109//6473
f 6034//5462 6033//5638 6109//6473 6110//6474
f 6035//5154 6034//5462 6110//6474 6111//6475
f 6036//5156 6035//5154 6111//6475 6112//6476
f 6037//5160 6036//5156 6112//6476 6113//6477
f 6038//5165 6037//5160 6113//6477 6114//6478
f 6039//5162 6038//5165 6114//6478 6115//6479
f 6040//5167 6039//5162 6115//6479 6116//6480
f 6041//5172 6040//5167 6116//6480 6117//6481
f 6042//5184 6041//5172 6117//6481 6118//6482
f 6043//5187 6042//5184 6118//6482 6119//6483
f 6044//5175 6043//5187 6119//6483 6120//6484
f 6045//5181 6044//5175 6120//6484 6121//6485
f 6046//5176 6045//5181 6121//6485 6122//6486
f 6046//5176 6122//6486 6123//5466 8388//5188
f 6048//5854 6047//5061 6124//5851 6125//6487
f 6049//5856 6048//5854 6125//6487 6126//6488
f 6050//5568 6049//5856 6126//6488 6127//6489
f 6051//5063 6050//5568 6127//6489 6128//5065
f 6056//6420 6055//5088 6134//5087 6135//5900
f 6057//6421 6056//6420 6135//5900 6136//5899
f 6058//6422 6057//6421 6136//5899 6137//5097
f 6059//6423 6058//6422 6137//5097 6138//6490
f 6060//6424 6059//6423 6138//6490 6139//6491
f 6061//6425 6060//6424 6139//6491 6140//6492
f 6062//6426 6061//6425 6140//6492 6141//6493
f 6063//6427 6062//6426 6141//6493 6142//6494
f 6064//6428 6063//6427 6142//6494 6143//6495
f 6065//6429 6064//6428 6143//6495 6144//6496
f 6066//6430 6065//6429 6144//6496 6145//6497
f 6067//6431 6066//6430 6145//6497 6146//6498
f 6068//6432 6067//6431 6146//6498 6147//6499
f 6069//6433 6068//6432 6147//6499 6148//6500
f 6070//6434 6069//6433 6148//6500 6149//6501
f 6071//6435 6070//6434 6149//6501 6150//6502
f 6072//6436 6071//6435 6150//6502 6151//6503
f 6073//6437 6072//6436 6151//6503 6152//6504
f 6074//6438 6073//6437 6152//6504 6153//6505
f 6075//6439 6074//6438 6153//6505 6154//6506
f 6076//6440 6075//6439 6154//6506 6155//6507
f 6077//6441 6076//6440 6155//6507 6156//6508
f 6078//6442 6077//6441 6156//6508 6157//6509
f 6079//6443 6078//6442 6157//6509 6158//6510
f 6080//6444 6079//6443 6158//6510 6159//6511
f 6081//6445 6080//6444 6159//6511 6160//6512
f 6082//6446 6081//6445 6160//6512 6161//6513
f 6083//6447 6082//6446 6161//6513 6162//6514
f 6084//6448 6083//6447 6162//6514 6163//6515
f 6085//6449 6084//6448 6163//6515 6164//6516
f 6086//6450 6085//6449 6164//6516 6165//6517
f 6087//6451 6086//6450 6165//6517 6166//6518
f 6088//6452 6087//6451 6166//6518 6167//6519
f 6089//6453 6088//6452 6167//6519 6168//6520
f 6090//6454 6089//6453 6168//6520 6169//6521
f 6091//6455 6090//6454 6169//6521 6170//6522
f 6092//6456 6091//6455 6170//6522 6171//6523
f 6093//6457 6092//6456 6171//6523 6172//6524
f 6094//6458 6093//6457 6172//6524 6173//6525
f 6095//6459 6094//6458 6173//6525 6174//6526
f 6096//6460 6095//6459 6174//6526 6175//6527
f 6097//6461 6096//6460 6175//6527 6176//6528
f 6098//6462 6097//6461 6176//6528 6177//6529
f 6099//6463 6098//6462 6177//6529 6178//6530
f 6100//6464 6099//6463 6178//6530 6179//6531
f 6101//6465 6100//6464 6179//6531 6180//6532
f 6102//6466 6101//6465 6180//6532 6181//6533
f 6103//6467 6102//6466 6181//6533 6182//6534
f 6104//6468 6103//6467 6182//6534 6183//6535
f 6105//6469 6104//6468 6183//6535 6184//6536
f 6106//6470 6105//6469 6184//6536 6185//6537
f 6107//6471 6106//6470 6185//6537 6186//6538
f 6108//6472 6107//6471 6186//6538 6187//6539
f 6109//6473 6108//6472 6187//6539 6188//6540
f 6110//6474 6109//6473 6188//6540 6189//6541
f 6111//6475 6110//6474 6189//6541 6190//6542
f 6112//6476 6111//6475 6190//6542 6191//6543
f 6113//6477 6112//6476 6191//6543 6192//6544
f 6114//6478 6113//6477 6192//6544 6193//6545
f 6115//6479 6114//6478 6193//6545 6194//6546
f 6116//6480 6115//6479 6194//6546 6195//6547
f 6117//6481 6116//6480 6195//6547 6196//6548
f 6118//6482 6117//6481 6196//6548 6197//6549
f 6119//6483 6118//6482 6197//6549 6198//6550
f 6120//6484 6119//6483 6198//6550 6199//6551
f 6121//6485 6120//6484 6199//6551 6200//6552
f 6122//6486 6121//6485 6200//6552 6201//6553
f 6123//5466 6122//6486 6201//6553 6202//5467
f 6125//6487 6124//5851 6203//5849 6204//6554
f 6126//6488 6125//6487 6204//6554 6205//6555
f 6127//6489 6126//6488 6205//6555 6206//6556
f 6128//5065 6127//6489 6206//6556 6207//6557
f 6129//5859 6128//5065 6207//6557 6208//6558
f 6130//5860 6129//5859 6208//6558 6209//6559
f 6131//5862 6130//5860 6209//6559 6210//6560
f 6132//5570 6131//5862 6210//6560 6211//6561
f 6133//5068 6132//5570 6211//6561 6212//5069
f 6138//6490 6137//5097 6218//5096 6219//5587
f 6139//6491 6138//6490 6219//5587 6220//5896
f 6140//6492 6139//6491 6220//5896 6221//5109
f 6141//6493 6140//6492 6221//5109 6222//6562
f 6142//6494 6141//6493 6222//6562 6223//6563
f 6143//6495 6142//6494 6223//6563 6224//6564
f 6144//6496 6143//6495 6224//6564 6225//6565
f 6145//6497 6144//6496 6225//6565 6226//6566
f 6146//6498 6145//6497 6226//6566 6227//6567
f 6147//6499 6146//6498 6227//6567 6228//6568
f 6148//6500 6147//6499 6228//6568 6229//6569
f 6149//6501 6148//6500 6229//6569 6230//6570
f 6150//6502 6149//6501 6230//6570 6231//6571
f 6151//6503 6150//6502 6231//6571 6232//6572
f 6152//6504 6151//6503 6232//6572 6233//6573
f 6153//6505 6152//6504 6233//6573 6234//6574
f 6154//6506 6153//6505 6234//6574 6235//6575
f 6155//6507 6154//6506 6235//6575 6236//6576
f 6156//6508 6155//6507 6236//6576 6237//6577
f 6157//6509 6156//6508 6237//6577 6238//6578
f 6158//6510 6157//6509 6238//6578 6239//6579
f 6159//6511 6158//6510 6239//6579 6240//6580
f 6160//6512 6159//6511 6240//6580 6241//6581
f 6161//6513 6160//6512 6241//6581 6242//6582
f 6162//6514 6161//6513 6242//6582 6243//6583
f 6163//6515 6162//6514 6243//6583 6244//6584
f 6164//6516 6163//6515 6244//6584 6245//6585
f 6165//6517 6164//6516 6245//6585 6246//6586
f 6166//6518 6165//6517 6246//6586 6247//6587
f 6167//6519 6166//6518 6247//6587 6248//6588
f 6168//6520 6167//6519 6248//6588 6249//6589
f 6169//6521 6168//6520 6249//6589 6250//6590
f 6170//6522 6169//6521 6250//6590 6251//6591
f 6171//6523 6170//6522 6251//6591 6252//6592
f 6172//6524 6171//6523 6252//6592 6253//6593
f 6173//6525 6172//6524 6253//6593 6254//6594
f 6174//6526 6173//6525 6254//6594 6255//6595
f 6175//6527 6174//6526 6255//6595 6256//6596
f 6176//6528 6175//6527 6256//6596 6257//6597
f 6177//6529 6176//6528 6257//6597 6258//6598
f 6178//6530 6177//6529 6258//6598 6259//6599
f 6179//6531 6178//6530 6259//6599 6260//6600
f 6180//6532 6179//6531 6260//6600 6261//6601
f 6181//6533 6180//6532 6261//6601 6262//6602
f 6182//6534 6181//6533 6262//6602 6263//6603
f 6183//6535 6182//6534 6263//6603 6264//6604
f 6184//6536 6183//6535 6264//6604 6265//6605
f 6185//6537 6184//6536 6265//6605 6266//6606
f 6186//6538 6185//6537 6266//6606 6267//6607
f 6187//6539 6186//6538 6267//6607 6268//6608
f 6188//6540 6187//6539 6268//6608 6269//6609
f 6189//6541 6188//6540 6269//6609 6270//6610
f 6190//6542 6189//6541 6270//6610 6271//6611
f 6191//6543 6190//6542 6271//6611 6272//6612
f 6192//6544 6191//6543 6272//6612 6273//6613
f 6193//6545 6192//6544 6273//6613 6274//6614
f 6194//6546 6193//6545 6274//6614 6275//6615
f 6195//6547 6194//6546 6275//6615 6276//6616
f 6196//6548 6195//6547 6276//6616 6277//6617
f 6197//6549 6196//6548 6277//6617 6278//6618
f 6198//6550 6197//6549 6278//6618 6279//6619
f 6199//6551 6198//6550 6279//6619 6280//6620
f 6200//6552 6199//6551 6280//6620 6281//6621
f 6201//6553 6200//6552 6281//6621 6282//5639
f 6202//5467 6201//6553 6282//5639 6283//5193
f 6204//6554 6203//5849 6284//5847 6285//6622
f 6205//6555 6204//6554 6285//6622 6286//6623
f 6206//6556 6205//6555 6286//6623 6287//6624
f 6207//6557 6206//6556 6287//6624 6288//6625
f 6208//6558 6207//6557 6288//6625 6289//6626
f 6209//6559 6208//6558 6289//6626 6290//6627
f 6210//6560 6209//6559 6290//6627 6291//6628
f 6211//6561 6210//6560 6291//6628 6292//6629
f 6212//5069 6211//6561 6292//6629 6293//6630
f 6213//5865 6212//5069 6293//6630 6294//6631
f 6214//5866 6213//5865 6294//6631 6295//6632
f 6215//5868 6214//5866 6295//6632 6296//6633
f 6216//5572 6215//5868 6296//6633 6297//6634
f 6217//5077 6216//5572 6297//6634 6298//5872
f 6222//6562 6221//5109 6304//5099 6305//5585
f 6223//6563 6222//6562 6305//5585 6306//5894
f 6224//6564 6223//6563 6306//5894 6307//5105
f 6225//6565 6224//6564 6307//5105 6308//6635
f 6226//6566 6225//6565 6308//6635 6309//6636
f 6227//6567 6226//6566 6309//6636 6310//6637
f 6228//6568 6227//6567 6310//6637 6311//6638
f 6229//6569 6228//6568 6311//6638 6312//6639
f 6230//6570 6229//6569 6312//6639 6313//6640
f 6231//6571 6230//6570 6313//6640 6314//6641
f 6232//6572 6231//6571 6314//6641 6315//6642
f 6233//6573 6232//6572 6315//6642 6316//6643
f 6234//6574 6233//6573 6316//6643 6317//6644
f 6235//6575 6234//6574 6317//6644 6318//6645
f 6236//6576 6235//6575 6318//6645 6319//6646
f 6237//6577 6236//6576 6319//6646 6320//6647
f 6238//6578 6237//6577 6320//6647 6321//6648
f 6239//6579 6238//6578 6321//6648 6322//6649
f 6240//6580 6239//6579 6322//6649 6323//6650
f 6241//6581 6240//6580 6323//6650 6324//6651
f 6242//6582 6241//6581 6324//6651 6325//6652
f 6243//6583 6242//6582 6325//6652 6326//6653
f 6244//6584 6243//6583 6326//6653 6327//6654
f 6245//6585 6244//6584 6327//6654 6328//6655
f 6246//6586 6245//6585 6328//6655 6329//6656
f 6247//6587 6246//6586 6329//6656 6330//6657
f 6248//6588 6247//6587 6330//6657 6331//6658
f 6249//6589 6248//6588 6331//6658 6332//6659
f 6250//6590 6249//6589 6332//6659 6333//6660
f 6251//6591 6250//6590 6333//6660 6334//6661
f 6252//6592 6251//6591 6334//6661 6335//6662
f 6253//6593 6252//6592 6335//6662 6336//6663
f 6254//6594 6253//6593 6336//6663 6337//6664
f 6255//6595 6254//6594 6337//6664 6338//6665
f 6256//6596 6255//6595 6338//6665 6339//6666
f 6257//6597 6256//6596 6339//6666 6340//6667
f 6258//6598 6257//6597 6340//6667 6341//6668
f 6259//6599 6258//6598 6341//6668 6342//6669
f 6260//6600 6259//6599 6342//6669 6343//6670
f 6261//6601 6260//6600 6343//6670 6344//6671
f 6262//6602 6261//6601 6344//6671 6345//6672
f 6263//6603 6262//6602 6345//6672 6346//6673
f 6264//6604 6263//6603 6346//6673 6347//6674
f 6265//6605 6264//6604 6347//6674 6348//6675
f 6266//6606 6265//6605 6348//6675 6349//6676
f 6267//6607 6266//6606 6349//6676 6350//6677
f 6268//6608 6267//6607 6350//6677 6351//6678
f 6269//6609 6268//6608 6351//6678 6352//6679
f 6270//6610 6269//6609 6352//6679 6353//6680
f 6271//6611 6270//6610 6353//6680 6354//6681
f 6272//6612 6271//6611 6354//6681 6355//6682
f 6273//6613 6272//6612 6355//6682 6356//6683
f 6274//6614 6273//6613 6356//6683 6357//6684
f 6275//6615 6274//6614 6357//6684 6358//6685
f 6276//6616 6275//6615 6358//6685 6359//6686
f 6277//6617 6276//6616 6359//6686 6360//6687
f 6278//6618 6277//6617 6360//6687 6361//6688
f 6279//6619 6278//6618 6361//6688 6362//6689
f 6280//6620 6279//6619 6362//6689 6363//5203
f 6281//6621 6280//6620 6363//5203 6364//5198
f 6282//5639 6281//6621 6364//5198 6365//5201
f 6285//6622 6284//5847 6366//5845 6367//6690
f 6286//6623 6285//6622 6367//6690 6368//6691
f 6287//6624 6286//6623 6368//6691 6369//6692
f 6288//6625 6287//6624 6369//6692 6370//6693
f 6289//6626 6288//6625 6370//6693 6371//6694
f 6290//6627 6289//6626 6371//6694 6372//6695
f 6291//6628 6290//6627 6372//6695 6373//6696
f 6292//6629 6291//6628 6373//6696 6374//6697
f 6293//6630 6292//6629 6374//6697 6375//6698
f 6294//6631 6293//6630 6375//6698 6376//6699
f 6295//6632 6294//6631 6376//6699 6377//6700
f 6296//6633 6295//6632 6377//6700 6378//6701
f 6297//6634 6296//6633 6378//6701 6379//6702
f 6298//5872 6297//6634 6379//6702 6380//6703
f 6299//5870 6298//5872 6380//6703 6381//6704
f 6300//5871 6299//5870 6381//6704 6382//6705
f 6301//5874 6300//5871 6382//6705 6383//6706
f 6302//5574 6301//5874 6383//6706 6384//6707
f 6303//5091 6302//5574 6384//6707 6385//5878
f 6308//6635 6307//5105 8390//5107 6391//5583
f 6309//6636 6308//6635 6391//5583 6392//5892
f 6310//6637 6309//6636 6392//5892 6393//5891
f 6311//6638 6310//6637 6393//5891 6394//5115
f 6312//6639 6311//6638 6394//5115 6395//6708
f 6313//6640 6312//6639 6395//6708 6396//6709
f 6314//6641 6313//6640 6396//6709 6397//6710
f 6315//6642 6314//6641 6397//6710 6398//6711
f 6316//6643 6315//6642 6398//6711 6399//6712
f 6317//6644 6316//6643 6399//6712 6400//6713
f 6318//6645 6317//6644 6400//6713 6401//6714
f 6319//6646 6318//6645 6401//6714 6402//6715
f 6320//6647 6319//6646 6402//6715 6403//6716
f 6321//6648 6320//6647 6403//6716 6404//6717
f 6322//6649 6321//6648 6404//6717 6405//6718
f 6323//6650 6322//6649 6405//6718 6406//6719
f 6324//6651 6323//6650 6406//6719 6407//6720
f 6325//6652 6324//6651 6407//6720 6408//6721
f 6326//6653 6325//6652 6408//6721 6409//6722
f 6327//6654 6326//6653 6409//6722 6410//6723
f 6328//6655 6327//6654 6410//6723 6411//6724
f 6329//6656 6328//6655 6411//6724 6412//6725
f 6330//6657 6329//6656 6412//6725 6413//6726
f 6331//6658 6330//6657 6413//6726 6414//6727
f 6332//6659 6331//6658 6414//6727 6415//6728
f 6333//6660 6332//6659 6415//6728 6416//6729
f 6334//6661 6333//6660 6416//6729 6417//6730
f 6335//6662 6334//6661 6417//6730 6418//6731
f 6336//6663 6335//6662 6418//6731 6419//6732
f 6337//6664 6336//6663 6419//6732 6420//6733
f 6338//6665 6337//6664 6420//6733 6421//6734
f 6339//6666 6338//6665 6421//6734 6422//6735
f 6340//6667 6339//6666 6422//6735 6423//6736
f 6341//6668 6340//6667 6423//6736 6424//6737
f 6342//6669 6341//6668 6424//6737 6425//6738
f 6343//6670 6342//6669 6425//6738 6426//6739
f 6344//6671 6343//6670 6426//6739 6427//6740
f 6345//6672 6344//6671 6427//6740 6428//6741
f 6346//6673 6345//6672 6428//6741 6429//6742
f 6347//6674 6346//6673 6429//6742 6430//6743
f 6348//6675 6347//6674 6430//6743 6431//6744
f 6349//6676 6348//6675 6431//6744 6432//6745
f 6350//6677 6349//6676 6432//6745 6433//6746
f 6351//6678 6350//6677 6433//6746 6434//6747
f 6352//6679 6351//6678 6434//6747 6435//6748
f 6353//6680 6352//6679 6435//6748 6436//6749
f 6354//6681 6353//6680 6436//6749 6437//6750
f 6355//6682 6354//6681 6437//6750 6438//6751
f 6356//6683 6355//6682 6438//6751 6439//6752
f 6357//6684 6356//6683 6439//6752 6440//6753
f 6358//6685 6357//6684 6440//6753 6441//6754
f 6359//6686 6358//6685 6441//6754 6442//6755
f 6360//6687 6359//6686 6442//6755 6443//5234
f 6361//6688 6360//6687 6443//5234 6444//5194
f 6362//6689 6361//6688 6444//5194 6445//5642
f 6363//5203 6362//6689 6445//5642 6446//5204
f 6367//6690 6366//5845 6447//5843 6448//6756
f 6368//6691 6367//6690 6448//6756 6449//6757
f 6369//6692 6368//6691 6449//6757 6450//6758
f 6370//6693 6369//6692 6450//6758 6451//6759
f 6371//6694 6370//6693 6451//6759 6452//6760
f 6372//6695 6371//6694 6452//6760 6453//6761
f 6373//6696 6372//6695 6453//6761 6454//6762
f 6374//6697 6373//6696 6454//6762 6455//6763
f 6375//6698 6374//6697 6455//6763 6456//6764
f 6376//6699 6375//6698 6456//6764 6457//6765
f 6377//6700 6376//6699 6457//6765 6458//6766
f 6378//6701 6377//6700 6458//6766 6459//6767
f 6379//6702 6378//6701 6459//6767 6460//6768
f 6380//6703 6379//6702 6460//6768 6461//6769
f 6381//6704 6380//6703 6461//6769 6462//6770
f 6382//6705 6381//6704 6462//6770 6463//6771
f 6383//6706 6382//6705 6463//6771 6464//6772
f 6384//6707 6383//6706 6464//6772 6465//6773
f 6385//5878 6384//6707 6465//6773 6466//6774
f 6386//5876 6385//5878 6466//6774 6467//6775
f 6387//5877 6386//5876 6467//6775 6468//6776
f 6388//5880 6387//5877 6468//6776 6469//6777
f 6389//5575 6388//5880 6469//6777 6470//6778
f 6390//5576 6389//5575 6470//6778 6471//6779
f 6390//5576 6471//6779 6472//5104 8389//5101
f 6395//6708 6394//5115 6477//5114 6478//5192
f 6396//6709 6395//6708 6478//5192 6479//6780
f 6397//6710 6396//6709 6479//6780 6480//6781
f 6398//6711 6397//6710 6480//6781 6481//6782
f 6399//6712 6398//6711 6481//6782 6482//6783
f 6400//6713 6399//6712 6482//6783 6483//6784
f 6401//6714 6400//6713 6483//6784 6484//6785
f 6402//6715 6401//6714 6484//6785 6485//6786
f 6403//6716 6402//6715 6485//6786 6486//6787
f 6404//6717 6403//6716 6486//6787 6487//6788
f 6405//6718 6404//6717 6487//6788 6488//6789
f 6406//6719 6405//6718 6488//6789 6489//6790
f 6407//6720 6406//6719 6489//6790 6490//6791
f 6408//6721 6407//6720 6490//6791 6491//6792
f 6409//6722 6408//6721 6491//6792 6492//6793
f 6410//6723 6409//6722 6492//6793 6493//6794
f 6411//6724 6410//6723 6493//6794 6494//6795
f 6412//6725 6411//6724 6494//6795 6495//6796
f 6413//6726 6412//6725 6495//6796 6496//6797
f 6414//6727 6413//6726 6496//6797 6497//6798
f 6415//6728 6414//6727 6497//6798 6498//6799
f 6416//6729 6415//6728 6498//6799 6499//6800
f 6417//6730 6416//6729 6499//6800 6500//6801
f 6418//6731 6417//6730 6500//6801 6501//6802
f 6419//6732 6418//6731 6501//6802 6502//6803
f 6420//6733 6419//6732 6502//6803 6503//6804
f 6421//6734 6420//6733 6503//6804 6504//6805
f 6422//6735 6421//6734 6504//6805 6505//6806
f 6423//6736 6422//6735 6505//6806 6506//6807
f 6424//6737 6423//6736 6506//6807 6507//6808
f 6425//6738 6424//6737 6507//6808 6508//6809
f 6426//6739 6425//6738 6508//6809 6509//6810
f 6427//6740 6426//6739 6509//6810 6510//6811
f 6428//6741 6427//6740 6510//6811 6511//6812
f 6429//6742 6428//6741 6511//6812 6512//6813
f 6430//6743 6429//6742 6512//6813 6513//6814
f 6431//6744 6430//6743 6513//6814 6514//6815
f 6432//6745 6431//6744 6514//6815 6515//6816
f 6433//6746 6432//6745 6515//6816 6516//6817
f 6434//6747 6433//6746 6516//6817 6517//6818
f 6435//6748 6434//6747 6517//6818 6518//6819
f 6436//6749 6435//6748 6518//6819 6519//6820
f 6437//6750 6436//6749 6519//6820 6520//6821
f 6438//6751 6437//6750 6520//6821 6521//6822
f 6439//6752 6438//6751 6521//6822 6522//5235
f 6440//6753 6439//6752 6522//5235 6523//5648
f 6441//6754 6440//6753 6523//5648 6524//5646
f 6442//6755 6441//6754 6524//5646 6525//5644
f 6443//5234 6442//6755 6525//5644 6526//5233
f 6448//6756 6447//5843 6527//5841 6528//6823
f 6449//6757 6448//6756 6528//6823 6529//6824
f 6450//6758 6449//6757 6529//6824 6530//6825
f 6451//6759 6450//6758 6530//6825 6531//6826
f 6452//6760 6451//6759 6531//6826 6532//6827
f 6453//6761 6452//6760 6532//6827 6533//6828
f 6454//6762 6453//6761 6533//6828 6534//6829
f 6455//6763 6454//6762 6534//6829 6535//6830
f 6456//6764 6455//6763 6535//6830 6536//6831
f 6457//6765 6456//6764 6536//6831 6537//6832
f 6458//6766 6457//6765 6537//6832 6538//6833
f 6459//6767 6458//6766 6538//6833 6539//6834
f 6460//6768 6459//6767 6539//6834 6540//6835
f 6461//6769 6460//6768 6540//6835 6541//6836
f 6462//6770 6461//6769 6541//6836 6542//6837
f 6463//6771 6462//6770 6542//6837 6543//6838
f 6464//6772 6463//6771 6543//6838 6544//6839
f 6465//6773 6464//6772 6544//6839 6545//6840
f 6466//6774 6465//6773 6545//6840 6546//6841
f 6467//6775 6466//6774 6546//6841 6547//6842
f 6468//6776 6467//6775 6547//6842 6548//6843
f 6469//6777 6468//6776 6548//6843 6549//6844
f 6470//6778 6469//6777 6549//6844 6550//6845
f 6471//6779 6470//6778 6550//6845 6551//6846
f 6472//5104 6471//6779 6551//6846 6552//6847
f 6473//5883 6472//5104 6552//6847 6553//6848
f 6474//5884 6473//5883 6553//6848 6554//6849
f 6475//5581 6474//5884 6554//6849 6555//6850
f 6476//5582 6475//5581 6555//6850 6556//6851
f 6476//5582 6556//6851 6557//5117 8391//5111
f 6479//6780 6478//5192 6560//5191 6561//6852
f 6480//6781 6479//6780 6561//6852 6562//6853
f 6481//6782 6480//6781 6562//6853 6563//6854
f 6482//6783 6481//6782 6563//6854 6564//6855
f 6483//6784 6482//6783 6564//6855 6565//6856
f 6484//6785 6483//6784 6565//6856 6566//6857
f 6485//6786 6484//6785 6566//6857 6567//6858
f 6486//6787 6485//6786 6567//6858 6568//6859
f 6487//6788 6486//6787 6568//6859 6569//6860
f 6488//6789 6487//6788 6569//6860 6570//6861
f 6489//6790 6488//6789 6570//6861 6571//6862
f 6490//6791 6489//6790 6571//6862 6572//6863
f 6491//6792 6490//6791 6572//6863 6573//6864
f 6492//6793 6491//6792 6573//6864 6574//6865
f 6493//6794 6492//6793 6574//6865 6575//6866
f 6494//6795 6493//6794 6575//6866 6576//6867
f 6495//6796 6494//6795 6576//6867 6577//6868
f 6496//6797 6495//6796 6577//6868 6578//6869
f 6497//6798 6496//6797 6578//6869 6579//6870
f 6498//6799 6497//6798 6579//6870 6580//6871
f 6499//6800 6498//6799 6580//6871 6581//6872
f 6500//6801 6499//6800 6581//6872 6582//6873
f 6501//6802 6500//6801 6582//6873 6583//6874
f 6502//6803 6501//6802 6583//6874 6584//6875
f 6503//6804 6502//6803 6584//6875 6585//6876
f 6504//6805 6503//6804 6585//6876 6586//6877
f 6505//6806 6504//6805 6586//6877 6587//6878
f 6506//6807 6505//6806 6587//6878 6588//6879
f 6507//6808 6506//6807 6588//6879 6589//6880
f 6508//6809 6507//6808 6589//6880 6590//6881
f 6509//6810 6508//6809 6590//6881 6591//6882
f 6510//6811 6509//6810 6591//6882 6592//6883
f 6511//6812 6510//6811 6592//6883 6593//6884
f 6512//6813 6511//6812 6593//6884 6594//6885
f 6513//6814 6512//6813 6594//6885 6595//6886
f 6514//6815 6513//6814 6595//6886 6596//6887
f 6515//6816 6514//6815 6596//6887 6597//6888
f 6516//6817 6515//6816 6597//6888 6598//6889
f 6517//6818 6516//6817 6598//6889 6599//6890
f 6518//6819 6517//6818 6599//6890 6600//5228
f 6519//6820 6518//6819 6600//5228 6601//5246
f 6520//6821 6519//6820 6601//5246 6602//5652
f 6521//6822 6520//6821 6602//5652 6603//5650
f 6522//5235 6521//6822 6603//5650 6604//5236
f 6528//6823 6527//5841 6605//5840 6606//6891
f 6529//6824 6528//6823 6606//6891 6607//6892
f 6530//6825 6529//6824 6607//6892 6608//6893
f 6531//6826 6530//6825 6608//6893 6609//6894
f 6532//6827 6531//6826 6609//6894 6610//6895
f 6533//6828 6532//6827 6610//6895 6611//6896
f 6534//6829 6533//6828 6611//6896 6612//6897
f 6535//6830 6534//6829 6612//6897 6613//6898
f 6536//6831 6535//6830 6613//6898 6614//6899
f 6537//6832 6536//6831 6614//6899 6615//6900
f 6538//6833 6537//6832 6615//6900 6616//6901
f 6539//6834 6538//6833 6616//6901 6617//6902
f 6540//6835 6539//6834 6617//6902 6618//6903
f 6541//6836 6540//6835 6618//6903 6619//6904
f 6542//6837 6541//6836 6619//6904 6620//6905
f 6543//6838 6542//6837 6620//6905 6621//6906
f 6544//6839 6543//6838 6621//6906 6622//6907
f 6545//6840 6544//6839 6622//6907 6623//6908
f 6546//6841 6545//6840 6623//6908 6624//6909
f 6547//6842 6546//6841 6624//6909 6625//6910
f 6548//6843 6547//6842 6625//6910 6626//6911
f 6549//6844 6548//6843 6626//6911 6627//6912
f 6550//6845 6549//6844 6627//6912 6628//6913
f 6551//6846 6550//6845 6628//6913 6629//6914
f 6552//6847 6551//6846 6629//6914 6630//6915
f 6553//6848 6552//6847 6630//6915 6631//6916
f 6554//6849 6553//6848 6631//6916 6632//6917
f 6555//6850 6554//6849 6632//6917 6633//6918
f 6556//6851 6555//6850 6633//6918 6634//6919
f 6557//5117 6556//6851 6634//6919 6635//6920
f 6558//5887 6557//5117 6635//6920 6636//6921
f 6559//5888 6558//5887 6636//6921 6637//6922
f 6560//5191 6559//5888 6637//6922 6638//6923
f 6561//6852 6560//5191 6638//6923 6639//6924
f 6562//6853 6561//6852 6639//6924 6640//6925
f 6563//6854 6562//6853 6640//6925 6641//6926
f 6564//6855 6563//6854 6641//6926 6642//6927
f 6565//6856 6564//6855 6642//6927 6643//6928
f 6566//6857 6565//6856 6643//6928 6644//6929
f 6567//6858 6566//6857 6644//6929 6645//6930
f 6568//6859 6567//6858 6645//6930 6646//6931
f 6569//6860 6568//6859 6646//6931 6647//6932
f 6570//6861 6569//6860 6647//6932 6648//6933
f 6571//6862 6570//6861 6648//6933 6649//6934
f 6572//6863 6571//6862 6649//6934 6650//6935
f 6573//6864 6572//6863 6650//6935 6651//6936
f 6574//6865 6573//6864 6651//6936 6652//6937
f 6575//6866 6574//6865 6652//6937 6653//6938
f 6576//6867 6575//6866 6653//6938 6654//6939
f 6577//6868 6576//6867 6654//6939 6655//6940
f 6578//6869 6577//6868 6655//6940 6656//6941
f 6579//6870 6578//6869 6656//6941 6657//6942
f 6580//6871 6579//6870 6657//6942 6658//6943
f 6581//6872 6580//6871 6658//6943 6659//6944
f 6582//6873 6581//6872 6659//6944 6660//6945
f 6583//6874 6582//6873 6660//6945 6661//6946
f 6584//6875 6583//6874 6661//6946 6662//6947
f 6585//6876 6584//6875 6662//6947 6663//6948
f 6586//6877 6585//6876 6663//6948 6664//6949
f 6587//6878 6586//6877 6664//6949 6665//6950
f 6588//6879 6587//6878 6665//6950 6666//6951
f 6589//6880 6588//6879 6666//6951 6667//6952
f 6590//6881 6589//6880 6667//6952 6668//6953
f 6591//6882 6590//6881 6668//6953 6669//6954
f 6592//6883 6591//6882 6669//6954 6670//6955
f 6593//6884 6592//6883 6670//6955 6671//6956
f 6594//6885 6593//6884 6671//6956 6672//6957
f 6595//6886 6594//6885 6672//6957 6673//5241
f 6596//6887 6595//6886 6673//5241 6674//5657
f 6597//6888 6596//6887 6674//5657 6675//5655
f 6598//6889 6597//6888 6675//5655 6676//5249
f 6599//6890 6598//6889 6676//5249 6677//5468
f 6600//5228 6599//6890 6677//5468 6678//5229
f 6606//6891 6605//5840 6679//5084 6680//6958
f 6607//6892 6606//6891 6680//6958 6681//6959
f 6608//6893 6607//6892 6681//6959 6682//6960
f 6609//6894 6608//6893 6682//6960 6683//6961
f 6610//6895 6609//6894 6683//6961 6684//6962
f 6611//6896 6610//6895 6684//6962 6685//6963
f 6612//6897 6611//6896 6685//6963 6686//6964
f 6613//6898 6612//6897 6686//6964 6687//6965
f 6614//6899 6613//6898 6687//6965 6688//6966
f 6615//6900 6614//6899 6688//6966 6689//6967
f 6616//6901 6615//6900 6689//6967 6690//6968
f 6617//6902 6616//6901 6690//6968 6691//6969
f 6618//6903 6617//6902 6691//6969 6692//6970
f 6619//6904 6618//6903 6692//6970 6693//6971
f 6620//6905 6619//6904 6693//6971 6694//6972
f 6621//6906 6620//6905 6694//6972 6695//6973
f 6622//6907 6621//6906 6695//6973 6696//6974
f 6623//6908 6622//6907 6696//6974 6697//6975
f 6624//6909 6623//6908 6697//6975 6698//6976
f 6625//6910 6624//6909 6698//6976 6699//6977
f 6626//6911 6625//6910 6699//6977 6700//6978
f 6627//6912 6626//6911 6700//6978 6701//6979
f 6628//6913 6627//6912 6701//6979 6702//6980
f 6629//6914 6628//6913 6702//6980 6703//6981
f 6630//6915 6629//6914 6703//6981 6704//6982
f 6631//6916 6630//6915 6704//6982 6705//6983
f 6632//6917 6631//6916 6705//6983 6706//6984
f 6633//6918 6632//6917 6706//6984 6707//6985
f 6634//6919 6633//6918 6707//6985 6708//6986
f 6635//6920 6634//6919 6708//6986 6709//6987
f 6636//6921 6635//6920 6709//6987 6710//6988
f 6637//6922 6636//6921 6710//6988 6711//6989
f 6638//6923 6637//6922 6711//6989 6712//6990
f 6639//6924 6638//6923 6712//6990 6713//6991
f 6640//6925 6639//6924 6713//6991 6714//6992
f 6641//6926 6640//6925 6714//6992 6715//6993
f 6642//6927 6641//6926 6715//6993 6716//6994
f 6643//6928 6642//6927 6716//6994 6717//6995
f 6644//6929 6643//6928 6717//6995 6718//6996
f 6645//6930 6644//6929 6718//6996 6719//6997
f 6646//6931 6645//6930 6719//6997 6720//6998
f 6647//6932 6646//6931 6720//6998 6721//6999
f 6648//6933 6647//6932 6721//6999 6722//7000
f 6649//6934 6648//6933 6722//7000 6723//7001
f 6650//6935 6649//6934 6723//7001 6724//7002
f 6651//6936 6650//6935 6724//7002 6725//7003
f 6652//6937 6651//6936 6725//7003 6726//7004
f 6653//6938 6652//6937 6726//7004 6727//7005
f 6654//6939 6653//6938 6727//7005 6728//7006
f 6655//6940 6654//6939 6728//7006 6729//7007
f 6656//6941 6655//6940 6729//7007 6730//7008
f 6657//6942 6656//6941 6730//7008 6731//7009
f 6658//6943 6657//6942 6731//7009 6732//7010
f 6659//6944 6658//6943 6732//7010 6733//7011
f 6660//6945 6659//6944 6733//7011 6734//7012
f 6661//6946 6660//6945 6734//7012 6735//7013
f 6662//6947 6661//6946 6735//7013 6736//7014
f 6663//6948 6662//6947 6736//7014 6737//7015
f 6664//6949 6663//6948 6737//7015 6738//7016
f 6665//6950 6664//6949 6738//7016 6739//7017
f 6666//6951 6665//6950 6739//7017 6740//7018
f 6667//6952 6666//6951 6740//7018 6741//7019
f 6668//6953 6667//6952 6741//7019 6742//7020
f 6669//6954 6668//6953 6742//7020 6743//5218
f 6670//6955 6669//6954 6743//5218 6744//5661
f 6671//6956 6670//6955 6744//5661 6745//5659
f 6672//6957 6671//6956 6745//5659 6746//5471
f 6673//5241 6672//6957 6746//5471 6747//5242
f 6680//6958 6679//5084 6748//5836 6749//7021
f 6681//6959 6680//6958 6749//7021 6750//7022
f 6682//6960 6681//6959 6750//7022 6751//7023
f 6683//6961 6682//6960 6751//7023 6752//7024
f 6684//6962 6683//6961 6752//7024 6753//7025
f 6685//6963 6684//6962 6753//7025 6754//7026
f 6686//6964 6685//6963 6754//7026 6755//7027
f 6687//6965 6686//6964 6755//7027 6756//7028
f 6688//6966 6687//6965 6756//7028 6757//7029
f 6689//6967 6688//6966 6757//7029 6758//7030
f 6690//6968 6689//6967 6758//7030 6759//7031
f 6691//6969 6690//6968 6759//7031 6760//7032
f 6692//6970 6691//6969 6760//7032 6761//7033
f 6693//6971 6692//6970 6761//7033 6762//7034
f 6694//6972 6693//6971 6762//7034 6763//7035
f 6695//6973 6694//6972 6763//7035 6764//7036
f 6696//6974 6695//6973 6764//7036 6765//7037
f 6697//6975 6696//6974 6765//7037 6766//7038
f 6698//6976 6697//6975 6766//7038 6767//7039
f 6699//6977 6698//6976 6767//7039 6768//7040
f 6700//6978 6699//6977 6768//7040 6769//7041
f 6701//6979 6700//6978 6769//7041 6770//7042
f 6702//6980 6701//6979 6770//7042 6771//7043
f 6703//6981 6702//6980 6771//7043 6772//7044
f 6704//6982 6703//6981 6772//7044 6773//7045
f 6705//6983 6704//6982 6773//7045 6774//7046
f 6706//6984 6705//6983 6774//7046 6775//7047
f 6707//6985 6706//6984 6775//7047 6776//7048
f 6708//6986 6707//6985 6776//7048 6777//7049
f 6709//6987 6708//6986 6777//7049 6778//7050
f 6710//6988 6709//6987 6778//7050 6779//7051
f 6711//6989 6710//6988 6779//7051 6780//7052
f 6712//6990 6711//6989 6780//7052 6781//7053
f 6713//6991 6712//6990 6781//7053 6782//7054
f 6714//6992 6713//6991 6782//7054 6783//7055
f 6715//6993 6714//6992 6783//7055 6784//7056
f 6716//6994 6715//6993 6784//7056 6785//7057
f 6717//6995 6716//6994 6785//7057 6786//7058
f 6718//6996 6717//6995 6786//7058 6787//7059
f 6719//6997 6718//6996 6787//7059 6788//7060
f 6720//6998 6719//6997 6788//7060 6789//7061
f 6721//6999 6720//6998 6789//7061 6790//7062
f 6722//7000 6721//6999 6790//7062 6791//7063
f 6723//7001 6722//7000 6791//7063 6792//7064
f 6724//7002 6723//7001 6792//7064 6793//7065
f 6725//7003 6724//7002 6793//7065 6794//7066
f 6726//7004 6725//7003 6794//7066 6795//7067
f 6727//7005 6726//7004 6795//7067 6796//7068
f 6728//7006 6727//7005 6796//7068 6797//7069
f 6729//7007 6728//7006 6797//7069 6798//7070
f 6730//7008 6729//7007 6798//7070 6799//7071
f 6731//7009 6730//7008 6799//7071 6800//7072
f 6732//7010 6731//7009 6800//7072 6801//7073
f 6733//7011 6732//7010 6801//7073 6802//7074
f 6734//7012 6733//7011 6802//7074 6803//7075
f 6735//7013 6734//7012 6803//7075 6804//7076
f 6736//7014 6735//7013 6804//7076 6805//7077
f 6737//7015 6736//7014 6805//7077 6806//7078
f 6738//7016 6737//7015 6806//7078 6807//7079
f 6739//7017 6738//7016 6807//7079 6808//5227
f 6740//7018 6739//7017 6808//5227 6809//5663
f 6741//7019 6740//7018 6809//5663 6810//5224
f 6742//7020 6741//7019 6810//5224 6811//5214
f 8393//5216 6743//5218 6742//7020 6811//5214
f 6749//7021 6748//5836 6813//5837 6814//7080
f 6750//7022 6749//7021 6814//7080 6815//7081
f 6751//7023 6750//7022 6815//7081 6816//7082
f 6752//7024 6751//7023 6816//7082 6817//7083
f 6753//7025 6752//7024 6817//7083 6818//7084
f 6754//7026 6753//7025 6818//7084 6819//7085
f 6755//7027 6754//7026 6819//7085 6820//7086
f 6756//7028 6755//7027 6820//7086 6821//7087
f 6757//7029 6756//7028 6821//7087 6822//7088
f 6758//7030 6757//7029 6822//7088 6823//7089
f 6759//7031 6758//7030 6823//7089 6824//7090
f 6760//7032 6759//7031 6824//7090 6825//7091
f 6761//7033 6760//7032 6825//7091 6826//7092
f 6762//7034 6761//7033 6826//7092 6827//7093
f 6763//7035 6762//7034 6827//7093 6828//7094
f 6764//7036 6763//7035 6828//7094 6829//7095
f 6765//7037 6764//7036 6829//7095 6830//7096
f 6766//7038 6765//7037 6830//7096 6831//7097
f 6767//7039 6766//7038 6831//7097 6832//7098
f 6768//7040 6767//7039 6832//7098 6833//7099
f 6769//7041 6768//7040 6833//7099 6834//7100
f 6770//7042 6769//7041 6834//7100 6835//7101
f 6771//7043 6770//7042 6835//7101 6836//7102
f 6772//7044 6771//7043 6836//7102 6837//7103
f 6773//7045 6772//7044 6837//7103 6838//7104
f 6774//7046 6773//7045 6838//7104 6839//7105
f 6775//7047 6774//7046 6839//7105 6840//7106
f 6776//7048 6775//7047 6840//7106 6841//7107
f 6777//7049 6776//7048 6841//7107 6842//7108
f 6778//7050 6777//7049 6842//7108 6843//7109
f 6779//7051 6778//7050 6843//7109 6844//7110
f 6780//7052 6779//7051 6844//7110 6845//7111
f 6781//7053 6780//7052 6845//7111 6846//7112
f 6782//7054 6781//7053 6846//7112 6847//7113
f 6783//7055 6782//7054 6847//7113 6848//7114
f 6784//7056 6783//7055 6848//7114 6849//7115
f 6785//7057 6784//7056 6849//7115 6850//7116
f 6786//7058 6785//7057 6850//7116 6851//7117
f 6787//7059 6786//7058 6851//7117 6852//7118
f 6788//7060 6787//7059 6852//7118 6853//7119
f 6789//7061 6788//7060 6853//7119 6854//7120
f 6790//7062 6789//7061 6854//7120 6855//7121
f 6791//7063 6790//7062 6855//7121 6856//7122
f 6792//7064 6791//7063 6856//7122 6857//7123
f 6793//7065 6792//7064 6857//7123 6858//7124
f 6794//7066 6793//7065 6858//7124 6859//7125
f 6795//7067 6794//7066 6859//7125 6860//7126
f 6796//7068 6795//7067 6860//7126 6861//7127
f 6797//7069 6796//7068 6861//7127 6862//7128
f 6798//7070 6797//7069 6862//7128 6863//7129
f 6799//7071 6798//7070 6863//7129 6864//7130
f 6800//7072 6799//7071 6864//7130 6865//7131
f 6801//7073 6800//7072 6865//7131 6866//7132
f 6802//7074 6801//7073 6866//7132 6867//7133
f 6803//7075 6802//7074 6867//7133 6868//7134
f 6804//7076 6803//7075 6868//7134 6869//7135
f 6805//7077 6804//7076 6869//7135 6870//7136
f 6806//7078 6805//7077 6870//7136 6871//7137
f 6807//7079 6806//7078 6871//7137 6872//5211
f 6808//5227 6807//7079 6872//5211 6873//5221
f 6813//5837 6812//5085 6874//5565 6875//7138
f 6814//7080 6813//5837 6875//7138 6876//7139
f 6815//7081 6814//7080 6876//7139 6877//7140
f 6816//7082 6815//7081 6877//7140 6878//7141
f 6817//7083 6816//7082 6878//7141 6879//7142
f 6818//7084 6817//7083 6879//7142 6880//7143
f 6819//7085 6818//7084 6880//7143 6881//7144
f 6820//7086 6819//7085 6881//7144 6882//7145
f 6821//7087 6820//7086 6882//7145 6883//7146
f 6822//7088 6821//7087 6883//7146 6884//7147
f 6823//7089 6822//7088 6884//7147 6885//7148
f 6824//7090 6823//7089 6885//7148 6886//7149
f 6825//7091 6824//7090 6886//7149 6887//7150
f 6826//7092 6825//7091 6887//7150 6888//7151
f 6827//7093 6826//7092 6888//7151 6889//7152
f 6828//7094 6827//7093 6889//7152 6890//7153
f 6829//7095 6828//7094 6890//7153 6891//7154
f 6830//7096 6829//7095 6891//7154 6892//7155
f 6831//7097 6830//7096 6892//7155 6893//7156
f 6832//7098 6831//7097 6893//7156 6894//7157
f 6833//7099 6832//7098 6894//7157 6895//7158
f 6834//7100 6833//7099 6895//7158 6896//7159
f 6835//7101 6834//7100 6896//7159 6897//7160
f 6836//7102 6835//7101 6897//7160 6898//7161
f 6837//7103 6836//7102 6898//7161 6899//7162
f 6838//7104 6837//7103 6899//7162 6900//7163
f 6839//7105 6838//7104 6900//7163 6901//7164
f 6840//7106 6839//7105 6901//7164 6902//7165
f 6841//7107 6840//7106 6902//7165 6903//7166
f 6842//7108 6841//7107 6903//7166 6904//7167
f 6843//7109 6842//7108 6904//7167 6905//7168
f 6844//7110 6843//7109 6905//7168 6906//7169
f 6845//7111 6844//7110 6906//7169 6907//7170
f 6846//7112 6845//7111 6907//7170 6908//7171
f 6847//7113 6846//7112 6908//7171 6909//7172
f 6848//7114 6847//7113 6909//7172 6910//7173
f 6849//7115 6848//7114 6910//7173 6911//7174
f 6850//7116 6849//7115 6911//7174 6912//7175
f 6851//7117 6850//7116 6912//7175 6913//7176
f 6852//7118 6851//7117 6913//7176 6914//7177
f 6853//7119 6852//7118 6914//7177 6915//7178
f 6854//7120 6853//7119 6915//7178 6916//7179
f 6855//7121 6854//7120 6916//7179 6917//7180
f 6856//7122 6855//7121 6917//7180 6918//7181
f 6857//7123 6856//7122 6918//7181 6919//7182
f 6858//7124 6857//7123 6919//7182 6920//7183
f 6859//7125 6858//7124 6920//7183 6921//7184
f 6860//7126 6859//7125 6921//7184 6922//7185
f 6861//7127 6860//7126 6922//7185 6923//7186
f 6862//7128 6861//7127 6923//7186 6924//7187
f 6863//7129 6862//7128 6924//7187 6925//7188
f 6864//7130 6863//7129 6925//7188 6926//7189
f 6865//7131 6864//7130 6926//7189 6927//7190
f 6866//7132 6865//7131 6927//7190 6928//7191
f 6867//7133 6866//7132 6928//7191 6929//7192
f 6868//7134 6867//7133 6929//7192 6930//7193
f 6869//7135 6868//7134 6930//7193 6931//7194
f 6870//7136 6869//7135 6931//7194 6932//7195
f 6871//7137 6870//7136 6932//7195 6933//5665
f 6872//5211 6871//7137 6933//5665 6934//5209
f 6875//7138 6874//5565 6935//5563 6936//7196
f 6876//7139 6875//7138 6936//7196 6937//7197
f 6877//7140 6876//7139 6937//7197 6938//7198
f 6878//7141 6877//7140 6938//7198 6939//7199
f 6879//7142 6878//7141 6939//7199 6940//7200
f 6880//7143 6879//7142 6940//7200 6941//7201
f 6881//7144 6880//7143 6941//7201 6942//7202
f 6882//7145 6881//7144 6942//7202 6943//7203
f 6883//7146 6882//7145 6943//7203 6944//7204
f 6884//7147 6883//7146 6944//7204 6945//7205
f 6885//7148 6884//7147 6945//7205 6946//7206
f 6886//7149 6885//7148 6946//7206 6947//7207
f 6887//7150 6886//7149 6947//7207 6948//7208
f 6888//7151 6887//7150 6948//7208 6949//7209
f 6889//7152 6888//7151 6949//7209 6950//7210
f 6890//7153 6889//7152 6950//7210 6951//7211
f 6891//7154 6890//7153 6951//7211 6952//7212
f 6892//7155 6891//7154 6952//7212 6953//7213
f 6893//7156 6892//7155 6953//7213 6954//7214
f 6894//7157 6893//7156 6954//7214 6955//7215
f 6895//7158 6894//7157 6955//7215 6956//7216
f 6896//7159 6895//7158 6956//7216 6957//7217
f 6897//7160 6896//7159 6957//7217 6958//7218
f 6898//7161 6897//7160 6958//7218 6959//7219
f 6899//7162 6898//7161 6959//7219 6960//7220
f 6900//7163 6899//7162 6960//7220 6961//7221
f 6901//7164 6900//7163 6961//7221 6962//7222
f 6902//7165 6901//7164 6962//7222 6963//7223
f 6903//7166 6902//7165 6963//7223 6964//7224
f 6904//7167 6903//7166 6964//7224 6965//7225
f 6905//7168 6904//7167 6965//7225 6966//7226
f 6906//7169 6905//7168 6966//7226 6967//7227
f 6907//7170 6906//7169 6967//7227 6968//7228
f 6908//7171 6907//7170 6968//7228 6969//7229
f 6909//7172 6908//7171 6969//7229 6970//7230
f 6910//7173 6909//7172 6970//7230 6971//7231
f 6911//7174 6910//7173 6971//7231 6972//7232
f 6912//7175 6911//7174 6972//7232 6973//7233
f 6913//7176 6912//7175 6973//7233 6974//7234
f 6914//7177 6913//7176 6974//7234 6975//7235
f 6915//7178 6914//7177 6975//7235 6976//7236
f 6916//7179 6915//7178 6976//7236 6977//7237
f 6917//7180 6916//7179 6977//7237 6978//7238
f 6918//7181 6917//7180 6978//7238 6979//7239
f 6919//7182 6918//7181 6979//7239 6980//7240
f 6920//7183 6919//7182 6980//7240 6981//7241
f 6921//7184 6920//7183 6981//7241 6982//7242
f 6922//7185 6921//7184 6982//7242 6983//7243
f 6923//7186 6922//7185 6983//7243 6984//7244
f 6924//7187 6923//7186 6984//7244 6985//7245
f 6925//7188 6924//7187 6985//7245 6986//7246
f 6926//7189 6925//7188 6986//7246 6987//7247
f 6927//7190 6926//7189 6987//7247 6988//7248
f 6928//7191 6927//7190 6988//7248 6989//7249
f 6929//7192 6928//7191 6989//7249 6990//7250
f 6930//7193 6929//7192 6990//7250 6991//7251
f 6931//7194 6930//7193 6991//7251 6992//7252
f 6932//7195 6931//7194 6992//7252 6993//7253
f 6933//5665 6932//7195 6993//7253 6994//7254
f 5098//5207 6933//5665 6994//7254 6995//5208
f 6936//7196 6935//5563 6996//5562 6997//7255
f 6937//7197 6936//7196 6997//7255 6998//7256
f 6938//7198 6937//7197 6998//7256 6999//7257
f 6939//7199 6938//7198 6999//7257 7000//7258
f 6940//7200 6939//7199 7000//7258 7001//7259
f 6941//7201 6940//7200 7001//7259 7002//7260
f 6942//7202 6941//7201 7002//7260 7003//7261
f 6943//7203 6942//7202 7003//7261 7004//7262
f 6944//7204 6943//7203 7004//7262 7005//7263
f 6945//7205 6944//7204 7005//7263 7006//7264
f 6946//7206 6945//7205 7006//7264 7007//7265
f 6947//7207 6946//7206 7007//7265 7008//7266
f 6948//7208 6947//7207 7008//7266 7009//7267
f 6949//7209 6948//7208 7009//7267 7010//7268
f 6950//7210 6949//7209 7010//7268 7011//7269
f 6951//7211 6950//7210 7011//7269 7012//7270
f 6952//7212 6951//7211 7012//7270 7013//7271
f 6953//7213 6952//7212 7013//7271 7014//7272
f 6954//7214 6953//7213 7014//7272 7015//7273
f 6955//7215 6954//7214 7015//7273 7016//7274
f 6956//7216 6955//7215 7016//7274 7017//7275
f 6957//7217 6956//7216 7017//7275 7018//7276
f 6958//7218 6957//7217 7018//7276 7019//7277
f 6959//7219 6958//7218 7019//7277 7020//7278
f 6960//7220 6959//7219 7020//7278 7021//7279
f 6961//7221 6960//7220 7021//7279 7022//7280
f 6962//7222 6961//7221 7022//7280 7023//7281
f 6963//7223 6962//7222 7023//7281 7024//7282
f 6964//7224 6963//7223 7024//7282 7025//7283
f 6965//7225 6964//7224 7025//7283 7026//7284
f 6966//7226 6965//7225 7026//7284 7027//7285
f 6967//7227 6966//7226 7027//7285 7028//7286
f 6968//7228 6967//7227 7028//7286 7029//7287
f 6969//7229 6968//7228 7029//7287 7030//7288
f 6970//7230 6969//7229 7030//7288 7031//7289
f 6971//7231 6970//7230 7031//7289 7032//7290
f 6972//7232 6971//7231 7032//7290 7033//7291
f 6973//7233 6972//7232 7033//7291 7034//7292
f 6974//7234 6973//7233 7034//7292 7035//7293
f 6975//7235 6974//7234 7035//7293 7036//7294
f 6976//7236 6975//7235 7036//7294 7037//7295
f 6977//7237 6976//7236 7037//7295 7038//7296
f 6978//7238 6977//7237 7038//7296 7039//7297
f 6979//7239 6978//7238 7039//7297 7040//7298
f 6980//7240 6979//7239 7040//7298 7041//7299
f 6981//7241 6980//7240 7041//7299 7042//7300
f 6982//7242 6981//7241 7042//7300 7043//7301
f 6983//7243 6982//7242 7043//7301 7044//7302
f 6984//7244 6983//7243 7044//7302 7045//7303
f 6985//7245 6984//7244 7045//7303 7046//7304
f 6986//7246 6985//7245 7046//7304 7047//7305
f 6987//7247 6986//7246 7047//7305 7048//7306
f 6988//7248 6987//7247 7048//7306 7049//7307
f 6989//7249 6988//7248 7049//7307 7050//7308
f 6990//7250 6989//7249 7050//7308 7051//7309
f 6991//7251 6990//7250 7051//7309 7052//7310
f 6992//7252 6991//7251 7052//7310 7053//7311
f 6993//7253 6992//7252 7053//7311 7054//7312
f 6994//7254 6993//7253 7054//7312 7055//7313
f 6995//5208 6994//7254 7055//7313 7056//5666
f 6997//7255 6996//5562 7057//5559 7058//7314
f 6998//7256 6997//7255 7058//7314 7059//7315
f 6999//7257 6998//7256 7059//7315 7060//7316
f 7000//7258 6999//7257 7060//7316 7061//7317
f 7001//7259 7000//7258 7061//7317 7062//7318
f 7002//7260 7001//7259 7062//7318 7063//7319
f 7003//7261 7002//7260 7063//7319 7064//7320
f 7004//7262 7003//7261 7064//7320 7065//7321
f 7005//7263 7004//7262 7065//7321 7066//7322
f 7006//7264 7005//7263 7066//7322 7067//7323
f 7007//7265 7006//7264 7067//7323 7068//7324
f 7008//7266 7007//7265 7068//7324 7069//7325
f 7009//7267 7008//7266 7069//7325 7070//7326
f 7010//7268 7009//7267 7070//7326 7071//7327
f 7011//7269 7010//7268 7071//7327 7072//7328
f 7012//7270 7011//7269 7072//7328 7073//7329
f 7013//7271 7012//7270 7073//7329 7074//7330
f 7014//7272 7013//7271 7074//7330 7075//7331
f 7015//7273 7014//7272 7075//7331 7076//7332
f 7016//7274 7015//7273 7076//7332 7077//7333
f 7017//7275 7016//7274 7077//7333 7078//7334
f 7018//7276 7017//7275 7078//7334 7079//7335
f 7019//7277 7018//7276 7079//7335 7080//7336
f 7020//7278 7019//7277 7080//7336 7081//7337
f 7021//7279 7020//7278 7081//7337 7082//7338
f 7022//7280 7021//7279 7082//7338 7083//7339
f 7023//7281 7022//7280 7083//7339 7084//7340
f 7024//7282 7023//7281 7084//7340 7085//7341
f 7025//7283 7024//7282 7085//7341 7086//7342
f 7026//7284 7025//7283 7086//7342 7087//7343
f 7027//7285 7026//7284 7087//7343 7088//7344
f 7028//7286 7027//7285 7088//7344 7089//7345
f 7029//7287 7028//7286 7089//7345 7090//7346
f 7030//7288 7029//7287 7090//7346 7091//7347
f 7031//7289 7030//7288 7091//7347 7092//7348
f 7032//7290 7031//7289 7092//7348 7093//7349
f 7033//7291 7032//7290 7093//7349 7094//7350
f 7034//7292 7033//7291 7094//7350 7095//7351
f 7035//7293 7034//7292 7095//7351 7096//7352
f 7036//7294 7035//7293 7096//7352 7097//7353
f 7037//7295 7036//7294 7097//7353 7098//7354
f 7038//7296 7037//7295 7098//7354 7099//7355
f 7039//7297 7038//7296 7099//7355 7100//7356
f 7040//7298 7039//7297 7100//7356 7101//7357
f 7041//7299 7040//7298 7101//7357 7102//7358
f 7042//7300 7041//7299 7102//7358 7103//7359
f 7043//7301 7042//7300 7103//7359 7104//7360
f 7044//7302 7043//7301 7104//7360 7105//7361
f 7045//7303 7044//7302 7105//7361 7106//7362
f 7046//7304 7045//7303 7106//7362 7107//7363
f 7047//7305 7046//7304 7107//7363 7108//7364
f 7048//7306 7047//7305 7108//7364 7109//7365
f 7049//7307 7048//7306 7109//7365 7110//7366
f 7050//7308 7049//7307 7110//7366 7111//7367
f 7051//7309 7050//7308 7111//7367 7112//7368
f 7052//7310 7051//7309 7112//7368 7113//7369
f 7053//7311 7052//7310 7113//7369 7114//7370
f 7054//7312 7053//7311 7114//7370 7115//7371
f 7055//7313 7054//7312 7115//7371 7116//7372
f 7056//5666 7055//7313 7116//7372 7117//5337
f 7058//7314 7057//5559 7121//5557 7122//7373
f 7059//7315 7058//7314 7122//7373 7123//7374
f 7060//7316 7059//7315 7123//7374 7124//7375
f 7061//7317 7060//7316 7124//7375 7125//7376
f 7062//7318 7061//7317 7125//7376 7126//7377
f 7063//7319 7062//7318 7126//7377 7127//7378
f 7064//7320 7063//7319 7127//7378 7128//7379
f 7065//7321 7064//7320 7128//7379 7129//7380
f 7066//7322 7065//7321 7129//7380 7130//7381
f 7067//7323 7066//7322 7130//7381 7131//7382
f 7068//7324 7067//7323 7131//7382 7132//7383
f 7069//7325 7068//7324 7132//7383 7133//7384
f 7070//7326 7069//7325 7133//7384 7134//7385
f 7071//7327 7070//7326 7134//7385 7135//7386
f 7072//7328 7071//7327 7135//7386 7136//7387
f 7073//7329 7072//7328 7136//7387 7137//7388
f 7074//7330 7073//7329 7137//7388 7138//7389
f 7075//7331 7074//7330 7138//7389 7139//7390
f 7076//7332 7075//7331 7139//7390 7140//7391
f 7077//7333 7076//7332 7140//7391 7141//7392
f 7078//7334 7077//7333 7141//7392 7142//7393
f 7079//7335 7078//7334 7142//7393 7143//7394
f 7080//7336 7079//7335 7143//7394 7144//7395
f 7081//7337 7080//7336 7144//7395 7145//7396
f 7082//7338 7081//7337 7145//7396 7146//7397
f 7083//7339 7082//7338 7146//7397 7147//7398
f 7084//7340 7083//7339 7147//7398 7148//7399
f 7085//7341 7084//7340 7148//7399 7149//7400
f 7086//7342 7085//7341 7149//7400 7150//7401
f 7087//7343 7086//7342 7150//7401 7151//7402
f 7088//7344 7087//7343 7151//7402 7152//7403
f 7089//7345 7088//7344 7152//7403 7153//7404
f 7090//7346 7089//7345 7153//7404 7154//7405
f 7091//7347 7090//7346 7154//7405 7155//7406
f 7092//7348 7091//7347 7155//7406 7156//7407
f 7093//7349 7092//7348 7156//7407 7157//7408
f 7094//7350 7093//7349 7157//7408 7158//7409
f 7095//7351 7094//7350 7158//7409 7159//7410
f 7096//7352 7095//7351 7159//7410 7160//7411
f 7097//7353 7096//7352 7160//7411 7161//7412
f 7098//7354 7097//7353 7161//7412 7162//7413
f 7099//7355 7098//7354 7162//7413 7163//7414
f 7100//7356 7099//7355 7163//7414 7164//7415
f 7101//7357 7100//7356 7164//7415 7165//7416
f 7102//7358 7101//7357 7165//7416 7166//7417
f 7103//7359 7102//7358 7166//7417 7167//7418
f 7104//7360 7103//7359 7167//7418 7168//7419
f 7105//7361 7104//7360 7168//7419 7169//7420
f 7106//7362 7105//7361 7169//7420 7170//7421
f 7107//7363 7106//7362 7170//7421 7171//7422
f 7108//7364 7107//7363 7171//7422 7172//7423
f 7109//7365 7108//7364 7172//7423 7173//7424
f 7110//7366 7109//7365 7173//7424 7174//7425
f 7111//7367 7110//7366 7174//7425 7175//7426
f 7112//7368 7111//7367 7175//7426 7176//7427
f 7113//7369 7112//7368 7176//7427 7177//7428
f 7114//7370 7113//7369 7177//7428 7178//7429
f 7115//7371 7114//7370 7178//7429 7179//7430
f 7116//7372 7115//7371 7179//7430 7180//7431
f 7117//5337 7116//7372 7180//7431 7181//7432
f 7118//5335 7117//5337 7181//7432 7182//7433
f 7119//5338 7118//5335 7182//7433 7183//7434
f 7120//5342 7119//5338 7183//7434 7184//5345
f 7122//7373 7121//5557 7191//5556 7192//7435
f 7123//7374 7122//7373 7192//7435 7193//7436
f 7124//7375 7123//7374 7193//7436 7194//7437
f 7125//7376 7124//7375 7194//7437 7195//7438
f 7126//7377 7125//7376 7195//7438 7196//7439
f 7127//7378 7126//7377 7196//7439 7197//7440
f 7128//7379 7127//7378 7197//7440 7198//7441
f 7129//7380 7128//7379 7198//7441 7199//7442
f 7130//7381 7129//7380 7199//7442 7200//7443
f 7131//7382 7130//7381 7200//7443 7201//7444
f 7132//7383 7131//7382 7201//7444 7202//7445
f 7133//7384 7132//7383 7202//7445 7203//7446
f 7134//7385 7133//7384 7203//7446 7204//7447
f 7135//7386 7134//7385 7204//7447 7205//7448
f 7136//7387 7135//7386 7205//7448 7206//7449
f 7137//7388 7136//7387 7206//7449 7207//7450
f 7138//7389 7137//7388 7207//7450 7208//7451
f 7139//7390 7138//7389 7208//7451 7209//7452
f 7140//7391 7139//7390 7209//7452 7210//7453
f 7141//7392 7140//7391 7210//7453 7211//7454
f 7142//7393 7141//7392 7211//7454 7212//7455
f 7143//7394 7142//7393 7212//7455 7213//7456
f 7144//7395 7143//7394 7213//7456 7214//7457
f 7145//7396 7144//7395 7214//7457 7215//7458
f 7146//7397 7145//7396 7215//7458 7216//7459
f 7147//7398 7146//7397 7216//7459 7217//7460
f 7148//7399 7147//7398 7217//7460 7218//7461
f 7149//7400 7148//7399 7218//7461 7219//7462
f 7150//7401 7149//7400 7219//7462 7220//7463
f 7151//7402 7150//7401 7220//7463 7221//7464
f 7152//7403 7151//7402 7221//7464 7222//7465
f 7153//7404 7152//7403 7222//7465 7223//5281
f 7154//7405 7153//7404 7223//5281 7224//5801
f 7155//7406 7154//7405 7224//5801 7225//5273
f 7156//7407 7155//7406 7225//5273 7226//7466
f 7157//7408 7156//7407 7226//7466 7227//7467
f 7158//7409 7157//7408 7227//7467 7228//7468
f 7159//7410 7158//7409 7228//7468 7229//7469
f 7160//7411 7159//7410 7229//7469 7230//7470
f 7161//7412 7160//7411 7230//7470 7231//7471
f 7162//7413 7161//7412 7231//7471 7232//7472
f 7163//7414 7162//7413 7232//7472 7233//7473
f 7164//7415 7163//7414 7233//7473 7234//7474
f 7165//7416 7164//7415 7234//7474 7235//7475
f 7166//7417 7165//7416 7235//7475 7236//7476
f 7167//7418 7166//7417 7236//7476 7237//7477
f 7168//7419 7167//7418 7237//7477 7238//7478
f 7169//7420 7168//7419 7238//7478 7239//7479
f 7170//7421 7169//7420 7239//7479 7240//7480
f 7171//7422 7170//7421 7240//7480 7241//7481
f 7172//7423 7171//7422 7241//7481 7242//7482
f 7173//7424 7172//7423 7242//7482 7243//7483
f 7174//7425 7173//7424 7243//7483 7244//7484
f 7175//7426 7174//7425 7244//7484 7245//7485
f 7176//7427 7175//7426 7245//7485 7246//7486
f 7177//7428 7176//7427 7246//7486 7247//7487
f 7178//7429 7177//7428 7247//7487 7248//7488
f 7179//7430 7178//7429 7248//7488 7249//7489
f 7180//7431 7179//7430 7249//7489 7250//7490
f 7181//7432 7180//7431 7250//7490 7251//7491
f 7182//7433 7181//7432 7251//7491 7252//7492
f 7183//7434 7182//7433 7252//7492 7253//7493
f 7184//5345 7183//7434 7253//7493 7254//7494
f 7185//5346 7184//5345 7254//7494 7255//7495
f 7186//5670 7185//5346 7255//7495 7256//7496
f 7187//5671 7186//5670 7256//7496 7257//7497
f 7188//5673 7187//5671 7257//7497 7258//7498
f 7189//5473 7188//5673 7258//7498 7259//7499
f 7190//5350 7189//5473 7259//7499 7260//5351
f 7192//7435 7191//5556 7267//5554 7268//7500
f 7193//7436 7192//7435 7268//7500 7269//7501
f 7194//7437 7193//7436 7269//7501 7270//7502
f 7195//7438 7194//7437 7270//7502 7271//7503
f 7196//7439 7195//7438 7271//7503 7272//7504
f 7197//7440 7196//7439 7272//7504 7273//7505
f 7198//7441 7197//7440 7273//7505 7274//7506
f 7199//7442 7198//7441 7274//7506 7275//7507
f 7200//7443 7199//7442 7275//7507 7276//7508
f 7201//7444 7200//7443 7276//7508 7277//7509
f 7202//7445 7201//7444 7277//7509 7278//7510
f 7203//7446 7202//7445 7278//7510 7279//7511
f 7204//7447 7203//7446 7279//7511 7280//7512
f 7205//7448 7204//7447 7280//7512 7281//7513
f 7206//7449 7205//7448 7281//7513 7282//7514
f 7207//7450 7206//7449 7282//7514 7283//7515
f 7208//7451 7207//7450 7283//7515 7284//7516
f 7209//7452 7208//7451 7284//7516 7285//7517
f 7210//7453 7209//7452 7285//7517 7286//7518
f 7211//7454 7210//7453 7286//7518 7287//7519
f 7212//7455 7211//7454 7287//7519 7288//7520
f 7213//7456 7212//7455 7288//7520 7289//5289
f 7214//7457 7213//7456 7289//5289 7290//5813
f 7215//7458 7214//7457 7290//5813 7291//5811
f 7216//7459 7215//7458 7291//5811 7292//5809
f 7217//7460 7216//7459 7292//5809 7293//5807
f 7218//7461 7217//7460 7293//5807 7294//5805
f 7219//7462 7218//7461 7294//5805 7295//5803
f 7220//7463 7219//7462 7295//5803 7296//5526
f 7221//7464 7220//7463 7296//5526 7297//5524
f 7222//7465 7221//7464 7297//5524 7298//5522
f 7223//5281 7222//7465 7298//5522 7299//5277
f 7226//7466 7225//5273 7300//5275 7301//7521
f 7227//7467 7226//7466 7301//7521 7302//7522
f 7228//7468 7227//7467 7302//7522 7303//7523
f 7229//7469 7228//7468 7303//7523 7304//7524
f 7230//7470 7229//7469 7304//7524 7305//7525
f 7231//7471 7230//7470 7305//7525 7306//7526
f 7232//7472 7231//7471 7306//7526 7307//7527
f 7233//7473 7232//7472 7307//7527 7308//7528
f 7234//7474 7233//7473 7308//7528 7309//7529
f 7235//7475 7234//7474 7309//7529 7310//7530
f 7236//7476 7235//7475 7310//7530 7311//7531
f 7237//7477 7236//7476 7311//7531 7312//7532
f 7238//7478 7237//7477 7312//7532 7313//7533
f 7239//7479 7238//7478 7313//7533 7314//7534
f 7240//7480 7239//7479 7314//7534 7315//7535
f 7241//7481 7240//7480 7315//7535 7316//7536
f 7242//7482 7241//7481 7316//7536 7317//7537
f 7243//7483 7242//7482 7317//7537 7318//7538
f 7244//7484 7243//7483 7318//7538 7319//7539
f 7245//7485 7244//7484 7319//7539 7320//7540
f 7246//7486 7245//7485 7320//7540 7321//7541
f 7247//7487 7246//7486 7321//7541 7322//7542
f 7248//7488 7247//7487 7322//7542 7323//7543
f 7249//7489 7248//7488 7323//7543 7324//7544
f 7250//7490 7249//7489 7324//7544 7325//7545
f 7251//7491 7250//7490 7325//7545 7326//7546
f 7252//7492 7251//7491 7326//7546 7327//7547
f 7253//7493 7252//7492 7327//7547 7328//7548
f 7254//7494 7253//7493 7328//7548 7329//7549
f 7255//7495 7254//7494 7329//7549 7330//7550
f 7256//7496 7255//7495 7330//7550 7331//7551
f 7257//7497 7256//7496 7331//7551 7332//7552
f 7258//7498 7257//7497 7332//7552 7333//7553
f 7259//7499 7258//7498 7333//7553 7334//7554
f 7260//5351 7259//7499 7334//7554 7335//7555
f 7261//5676 7260//5351 7335//7555 7336//7556
f 7262//5677 7261//5676 7336//7556 7337//7557
f 7263//5679 7262//5677 7337//7557 7338//7558
f 7264//5353 7263//5679 7338//7558 7339//7559
f 7265//5681 7264//5353 7339//7559 7340//7560
f 7266//5356 7265//5681 7340//7560 7341//5687
f 5124//5359 7266//5356 7341//5687 5125//5686
f 7268//7500 7267//5554 7347//5551 7348//7561
f 7269//7501 7268//7500 7348//7561 7349//7562
f 7270//7502 7269//7501 7349//7562 7350//7563
f 7271//7503 7270//7502 7350//7563 7351//7564
f 7272//7504 7271//7503 7351//7564 7352//7565
f 7273//7505 7272//7504 7352//7565 7353//7566
f 7274//7506 7273//7505 7353//7566 7354//7567
f 7275//7507 7274//7506 7354//7567 7355//7568
f 7276//7508 7275//7507 7355//7568 7356//7569
f 7277//7509 7276//7508 7356//7569 7357//7570
f 7278//7510 7277//7509 7357//7570 7358//7571
f 7279//7511 7278//7510 7358//7571 7359//5263
f 7280//7512 7279//7511 7359//5263 7360//5823
f 7281//7513 7280//7512 7360//5823 7361//5821
f 7282//7514 7281//7513 7361//5821 7362//5819
f 7283//7515 7282//7514 7362//5819 7363//5817
f 7284//7516 7283//7515 7363//5817 7364//5815
f 7285//7517 7284//7516 7364//5815 7365//5534
f 7286//7518 7285//7517 7365//5534 7366//5532
f 7287//7519 7286//7518 7366//5532 7367//5530
f 7288//7520 7287//7519 7367//5530 7368//5528
f 7289//5289 7288//7520 7368//5528 8394//5286
f 7301//7521 7300//5275 7374//5279 7375//7572
f 7302//7522 7301//7521 7375//7572 7376//7573
f 7303//7523 7302//7522 7376//7573 7377//7574
f 7304//7524 7303//7523 7377//7574 7378//7575
f 7305//7525 7304//7524 7378//7575 7379//7576
f 7306//7526 7305//7525 7379//7576 7380//7577
f 7307//7527 7306//7526 7380//7577 7381//7578
f 7308//7528 7307//7527 7381//7578 7382//7579
f 7309//7529 7308//7528 7382//7579 7383//7580
f 7310//7530 7309//7529 7383//7580 7384//7581
f 7311//7531 7310//7530 7384//7581 7385//7582
f 7312//7532 7311//7531 7385//7582 7386//7583
f 7313//7533 7312//7532 7386//7583 7387//7584
f 7314//7534 7313//7533 7387//7584 7388//7585
f 7315//7535 7314//7534 7388//7585 7389//7586
f 7316//7536 7315//7535 7389//7586 7390//7587
f 7317//7537 7316//7536 7390//7587 7391//7588
f 7318//7538 7317//7537 7391//7588 7392//7589
f 7319//7539 7318//7538 7392//7589 7393//7590
f 7320//7540 7319//7539 7393//7590 7394//7591
f 7321//7541 7320//7540 7394//7591 7395//7592
f 7322//7542 7321//7541 7395//7592 7396//7593
f 7323//7543 7322//7542 7396//7593 7397//7594
f 7324//7544 7323//7543 7397//7594 7398//7595
f 7325//7545 7324//7544 7398//7595 7399//7596
f 7326//7546 7325//7545 7399//7596 7400//7597
f 7327//7547 7326//7546 7400//7597 7401//7598
f 7328//7548 7327//7547 7401//7598 7402//7599
f 7329//7549 7328//7548 7402//7599 7403//7600
f 7330//7550 7329//7549 7403//7600 7404//7601
f 7331//7551 7330//7550 7404//7601 7405//7602
f 7332//7552 7331//7551 7405//7602 7406//7603
f 7333//7553 7332//7552 7406//7603 7407//7604
f 7334//7554 7333//7553 7407//7604 7408//7605
f 7335//7555 7334//7554 7408//7605 7409//7606
f 7336//7556 7335//7555 7409//7606 7410//7607
f 7337//7557 7336//7556 7410//7607 7411//7608
f 7338//7558 7337//7557 7411//7608 7412//7609
f 7339//7559 7338//7558 7412//7609 7413//7610
f 7340//7560 7339//7559 7413//7610 7414//7611
f 7341//5687 7340//7560 7414//7611 7415//7612
f 7342//5684 7341//5687 7415//7612 7416//7613
f 7343//5685 7342//5684 7416//7613 7417//7614
f 7344//5689 7343//5685 7417//7614 7418//7615
f 7345//5362 7344//5689 7418//7615 7419//7616
f 7346//5363 7345//5362 7419//7616 7420//5364
f 7348//7561 7347//5551 7424//5548 7425//7617
f 7349//7562 7348//7561 7425//7617 7426//5252
f 7350//7563 7349//7562 7426//5252 7427//5833
f 7351//7564 7350//7563 7427//5833 7428//5831
f 7352//7565 7351//7564 7428//5831 7429//5829
f 7353//7566 7352//7565 7429//5829 7430//5827
f 7354//7567 7353//7566 7430//5827 7431//5825
f 7355//7568 7354//7567 7431//5825 7432//5542
f 7356//7569 7355//7568 7432//5542 7433//5540
f 7357//7570 7356//7569 7433//5540 7434//5538
f 7358//7571 7357//7570 7434//5538 7435//5536
f 7359//5263 7358//7571 7435//5536 8396//5261
f 7370//5520 7369//5296 7440//5297 7441//7618
f 7371//5795 7370//5520 7441//7618 7442//7619
f 7372//5797 7371//5795 7442//7619 7443//7620
f 7373//5799 7372//5797 7443//7620 7444//7621
f 7374//5279 7373//5799 7444//7621 7445//7622
f 7375//7572 7374//5279 7445//7622 7446//7623
f 7376//7573 7375//7572 7446//7623 7447//7624
f 7377//7574 7376//7573 7447//7624 7448//7625
f 7378//7575 7377//7574 7448//7625 7449//7626
f 7379//7576 7378//7575 7449//7626 7450//7627
f 7380//7577 7379//7576 7450//7627 7451//7628
f 7381//7578 7380//7577 7451//7628 7452//7629
f 7382//7579 7381//7578 7452//7629 7453//7630
f 7383//7580 7382//7579 7453//7630 7454//7631
f 7384//7581 7383//7580 7454//7631 7455//7632
f 7385//7582 7384//7581 7455//7632 7456//7633
f 7386//7583 7385//7582 7456//7633 7457//7634
f 7387//7584 7386//7583 7457//7634 7458//7635
f 7388//7585 7387//7584 7458//7635 7459//7636
f 7389//7586 7388//7585 7459//7636 7460//7637
f 7390//7587 7389//7586 7460//7637 7461//7638
f 7391//7588 7390//7587 7461//7638 7462//7639
f 7392//7589 7391//7588 7462//7639 7463//7640
f 7393//7590 7392//7589 7463//7640 7464//7641
f 7394//7591 7393//7590 7464//7641 7465//7642
f 7395//7592 7394//7591 7465//7642 7466//7643
f 7396//7593 7395//7592 7466//7643 7467//7644
f 7397//7594 7396//7593 7467//7644 7468//7645
f 7398//7595 7397//7594 7468//7645 7469//7646
f 7399//7596 7398//7595 7469//7646 7470//7647
f 7400//7597 7399//7596 7470//7647 7471//7648
f 7401//7598 7400//7597 7471//7648 7472//7649
f 7402//7599 7401//7598 7472//7649 7473//7650
f 7403//7600 7402//7599 7473//7650 7474//7651
f 7404//7601 7403//7600 7474//7651 7475//7652
f 7405//7602 7404//7601 7475//7652 7476//7653
f 7406//7603 7405//7602 7476//7653 7477//7654
f 7407//7604 7406//7603 7477//7654 7478//7655
f 7408//7605 7407//7604 7478//7655 7479//7656
f 7409//7606 7408//7605 7479//7656 7480//7657
f 7410//7607 7409//7606 7480//7657 7481//7658
f 7411//7608 7410//7607 7481//7658 7482//7659
f 7412//7609 7411//7608 7482//7659 7483//7660
f 7413//7610 7412//7609 7483//7660 7484//7661
f 7414//7611 7413//7610 7484//7661 7485//7662
f 7415//7612 7414//7611 7485//7662 7486//7663
f 7416//7613 7415//7612 7486//7663 7487//7664
f 7417//7614 7416//7613 7487//7664 7488//7665
f 7418//7615 7417//7614 7488//7665 7489//7666
f 7419//7616 7418//7615 7489//7666 7490//7667
f 7420//5364 7419//7616 7490//7667 7491//7668
f 7421//5690 7420//5364 7491//7668 7492//7669
f 7422//5693 7421//5690 7492//7669 7493//7670
f 7423//5367 7422//5693 7493//7670 7494//7671
f 8395//5371 7423//5367 7494//7671 7495//5476
f 7425//7617 7424//5548 7498//5546 7499//5544
f 7426//5252 7425//7617 7499//5544 8399//5250
f 7437//5516 7436//5519 7505//7672 7506//7673
f 7505//7672 7436//5519 8397//5290 7504//5292
f 7438//5791 7437//5516 7506//7673 7507//7674
f 7439//5793 7438//5791 7507//7674 7508//7675
f 7440//5297 7439//5793 7508//7675 7509//7676
f 7441//7618 7440//5297 7509//7676 7510//7677
f 7442//7619 7441//7618 7510//7677 7511//7678
f 7443//7620 7442//7619 7511//7678 7512//7679
f 7444//7621 7443//7620 7512//7679 7513//7680
f 7445//7622 7444//7621 7513//7680 7514//7681
f 7446//7623 7445//7622 7514//7681 7515//7682
f 7447//7624 7446//7623 7515//7682 7516//7683
f 7448//7625 7447//7624 7516//7683 7517//7684
f 7449//7626 7448//7625 7517//7684 7518//7685
f 7450//7627 7449//7626 7518//7685 7519//7686
f 7451//7628 7450//7627 7519//7686 7520//7687
f 7452//7629 7451//7628 7520//7687 7521//7688
f 7453//7630 7452//7629 7521//7688 7522//7689
f 7454//7631 7453//7630 7522//7689 7523//7690
f 7455//7632 7454//7631 7523//7690 7524//7691
f 7456//7633 7455//7632 7524//7691 7525//7692
f 7457//7634 7456//7633 7525//7692 7526//7693
f 7458//7635 7457//7634 7526//7693 7527//7694
f 7459//7636 7458//7635 7527//7694 7528//7695
f 7460//7637 7459//7636 7528//7695 7529//7696
f 7461//7638 7460//7637 7529//7696 7530//7697
f 7462//7639 7461//7638 7530//7697 7531//7698
f 7463//7640 7462//7639 7531//7698 7532//7699
f 7464//7641 7463//7640 7532//7699 7533//7700
f 7465//7642 7464//7641 7533//7700 7534//7701
f 7466//7643 7465//7642 7534//7701 7535//7702
f 7467//7644 7466//7643 7535//7702 7536//7703
f 7468//7645 7467//7644 7536//7703 7537//7704
f 7469//7646 7468//7645 7537//7704 7538//7705
f 7470//7647 7469//7646 7538//7705 7539//7706
f 7471//7648 7470//7647 7539//7706 7540//7707
f 7472//7649 7471//7648 7540//7707 7541//7708
f 7473//7650 7472//7649 7541//7708 7542//7709
f 7474//7651 7473//7650 7542//7709 7543//7710
f 7475//7652 7474//7651 7543//7710 7544//7711
f 7476//7653 7475//7652 7544//7711 7545//7712
f 7477//7654 7476//7653 7545//7712 7546//7713
f 7478//7655 7477//7654 7546//7713 7547//7714
f 7479//7656 7478//7655 7547//7714 7548//7715
f 7480//7657 7479//7656 7548//7715 7549//7716
f 7481//7658 7480//7657 7549//7716 7550//7717
f 7482//7659 7481//7658 7550//7717 7551//7718
f 7483//7660 7482//7659 7551//7718 7552//7719
f 7484//7661 7483//7660 7552//7719 7553//7720
f 7485//7662 7484//7661 7553//7720 7554//7721
f 7486//7663 7485//7662 7554//7721 7555//7722
f 7487//7664 7486//7663 7555//7722 7556//7723
f 7488//7665 7487//7664 7556//7723 7557//7724
f 7489//7666 7488//7665 7557//7724 7558//7725
f 7490//7667 7489//7666 7558//7725 7559//7726
f 7491//7668 7490//7667 7559//7726 7560//7727
f 7492//7669 7491//7668 7560//7727 7561//7728
f 7493//7670 7492//7669 7561//7728 7562//7729
f 7494//7671 7493//7670 7562//7729 7563//7730
f 7495//5476 7494//7671 7563//7730 7564//7731
f 7496//5377 7495//5476 7564//7731 7565//7732
f 7497//5373 7496//5377 7565//7732 7566//7733
f 7497//5373 7566//7733 7567//5701 8398//5379
f 7501//5514 7500//5284 7574//5285 7575//7734
f 7502//5787 7501//5514 7575//7734 7576//7735
f 7503//5789 7502//5787 7576//7735 7577//7736
f 7504//5292 7503//5789 7577//7736 7578//7737
f 7505//7672 7504//5292 7578//7737 7579//7738
f 7506//7673 7505//7672 7579//7738 7580//7739
f 7507//7674 7506//7673 7580//7739 7581//7740
f 7508//7675 7507//7674 7581//7740 7582//7741
f 7509//7676 7508//7675 7582//7741 7583//7742
f 7510//7677 7509//7676 7583//7742 7584//7743
f 7511//7678 7510//7677 7584//7743 7585//7744
f 7512//7679 7511//7678 7585//7744 7586//7745
f 7513//7680 7512//7679 7586//7745 7587//7746
f 7514//7681 7513//7680 7587//7746 7588//7747
f 7515//7682 7514//7681 7588//7747 7589//7748
f 7516//7683 7515//7682 7589//7748 7590//7749
f 7517//7684 7516//7683 7590//7749 7591//7750
f 7518//7685 7517//7684 7591//7750 7592//7751
f 7519//7686 7518//7685 7592//7751 7593//7752
f 7520//7687 7519//7686 7593//7752 7594//7753
f 7521//7688 7520//7687 7594//7753 7595//7754
f 7522//7689 7521//7688 7595//7754 7596//7755
f 7523//7690 7522//7689 7596//7755 7597//7756
f 7524//7691 7523//7690 7597//7756 7598//7757
f 7525//7692 7524//7691 7598//7757 7599//7758
f 7526//7693 7525//7692 7599//7758 7600//7759
f 7527//7694 7526//7693 7600//7759 7601//7760
f 7528//7695 7527//7694 7601//7760 7602//7761
f 7529//7696 7528//7695 7602//7761 7603//7762
f 7530//7697 7529//7696 7603//7762 7604//7763
f 7531//7698 7530//7697 7604//7763 7605//7764
f 7532//7699 7531//7698 7605//7764 7606//7765
f 7533//7700 7532//7699 7606//7765 7607//7766
f 7534//7701 7533//7700 7607//7766 7608//7767
f 7535//7702 7534//7701 7608//7767 7609//7768
f 7536//7703 7535//7702 7609//7768 7610//7769
f 7537//7704 7536//7703 7610//7769 7611//7770
f 7538//7705 7537//7704 7611//7770 7612//7771
f 7539//7706 7538//7705 7612//7771 7613//7772
f 7540//7707 7539//7706 7613//7772 7614//7773
f 7541//7708 7540//7707 7614//7773 7615//7774
f 7542//7709 7541//7708 7615//7774 7616//7775
f 7543//7710 7542//7709 7616//7775 7617//7776
f 7544//7711 7543//7710 7617//7776 7618//7777
f 7545//7712 7544//7711 7618//7777 7619//7778
f 7546//7713 7545//7712 7619//7778 7620//7779
f 7547//7714 7546//7713 7620//7779 7621//7780
f 7548//7715 7547//7714 7621//7780 7622//7781
f 7549//7716 7548//7715 7622//7781 7623//7782
f 7550//7717 7549//7716 7623//7782 7624//7783
f 7551//7718 7550//7717 7624//7783 7625//7784
f 7552//7719 7551//7718 7625//7784 7626//7785
f 7553//7720 7552//7719 7626//7785 7627//7786
f 7554//7721 7553//7720 7627//7786 7628//7787
f 7555//7722 7554//7721 7628//7787 7629//7788
f 7556//7723 7555//7722 7629//7788 7630//7789
f 7557//7724 7556//7723 7630//7789 7631//7790
f 7558//7725 7557//7724 7631//7790 7632//7791
f 7559//7726 7558//7725 7632//7791 7633//7792
f 7560//7727 7559//7726 7633//7792 7634//7793
f 7561//7728 7560//7727 7634//7793 7635//7794
f 7562//7729 7561//7728 7635//7794 7636//7795
f 7563//7730 7562//7729 7636//7795 7637//7796
f 7564//7731 7563//7730 7637//7796 7638//7797
f 7565//7732 7564//7731 7638//7797 7639//7798
f 7566//7733 7565//7732 7639//7798 7640//7799
f 7567//5701 7566//7733 7640//7799 7641//7800
f 7568//5482 7567//5701 7641//7800 7642//5483
f 5154//5381 8398//5379 7567//5701 5155//5700
f 7570//5512 7569//5266 7647//5268 7648//7801
f 7571//5781 7570//5512 7648//7801 7649//7802
f 7572//5783 7571//5781 7649//7802 7650//7803
f 7573//5785 7572//5783 7650//7803 7651//7804
f 7574//5285 7573//5785 7651//7804 7652//7805
f 7575//7734 7574//5285 7652//7805 7653//7806
f 7576//7735 7575//7734 7653//7806 7654//7807
f 7577//7736 7576//7735 7654//7807 7655//7808
f 7578//7737 7577//7736 7655//7808 7656//7809
f 7579//7738 7578//7737 7656//7809 7657//7810
f 7580//7739 7579//7738 7657//7810 7658//7811
f 7581//7740 7580//7739 7658//7811 7659//7812
f 7582//7741 7581//7740 7659//7812 7660//7813
f 7583//7742 7582//7741 7660//7813 7661//7814
f 7584//7743 7583//7742 7661//7814 7662//7815
f 7585//7744 7584//7743 7662//7815 7663//7816
f 7586//7745 7585//7744 7663//7816 7664//7817
f 7587//7746 7586//7745 7664//7817 7665//7818
f 7588//7747 7587//7746 7665//7818 7666//7819
f 7589//7748 7588//7747 7666//7819 7667//7820
f 7590//7749 7589//7748 7667//7820 7668//7821
f 7591//7750 7590//7749 7668//7821 7669//7822
f 7592//7751 7591//7750 7669//7822 7670//7823
f 7593//7752 7592//7751 7670//7823 7671//7824
f 7594//7753 7593//7752 7671//7824 7672//7825
f 7595//7754 7594//7753 7672//7825 7673//7826
f 7596//7755 7595//7754 7673//7826 7674//7827
f 7597//7756 7596//7755 7674//7827 7675//7828
f 7598//7757 7597//7756 7675//7828 7676//7829
f 7599//7758 7598//7757 7676//7829 7677//7830
f 7600//7759 7599//7758 7677//7830 7678//7831
f 7601//7760 7600//7759 7678//7831 7679//7832
f 7602//7761 7601//7760 7679//7832 7680//7833
f 7603//7762 7602//7761 7680//7833 7681//7834
f 7604//7763 7603//7762 7681//7834 7682//7835
f 7605//7764 7604//7763 7682//7835 7683//7836
f 7606//7765 7605//7764 7683//7836 7684//7837
f 7607//7766 7606//7765 7684//7837 7685//7838
f 7608//7767 7607//7766 7685//7838 7686//7839
f 7609//7768 7608//7767 7686//7839 7687//7840
f 7610//7769 7609//7768 7687//7840 7688//7841
f 7611//7770 7610//7769 7688//7841 7689//7842
f 7612//7771 7611//7770 7689//7842 7690//7843
f 7613//7772 7612//7771 7690//7843 7691//7844
f 7614//7773 7613//7772 7691//7844 7692//7845
f 7615//7774 7614//7773 7692//7845 7693//7846
f 7616//7775 7615//7774 7693//7846 7694//7847
f 7617//7776 7616//7775 7694//7847 7695//7848
f 7618//7777 7617//7776 7695//7848 7696//7849
f 7619//7778 7618//7777 7696//7849 7697//7850
f 7620//7779 7619//7778 7697//7850 7698//7851
f 7621//7780 7620//7779 7698//7851 7699//7852
f 7622//7781 7621//7780 7699//7852 7700//7853
f 7623//7782 7622//7781 7700//7853 7701//7854
f 7624//7783 7623//7782 7701//7854 7702//7855
f 7625//7784 7624//7783 7702//7855 7703//7856
f 7626//7785 7625//7784 7703//7856 7704//7857
f 7627//7786 7626//7785 7704//7857 7705//7858
f 7628//7787 7627//7786 7705//7858 7706//7859
f 7629//7788 7628//7787 7706//7859 7707//7860
f 7630//7789 7629//7788 7707//7860 7708//7861
f 7631//7790 7630//7789 7708//7861 7709//7862
f 7632//7791 7631//7790 7709//7862 7710//7863
f 7633//7792 7632//7791 7710//7863 7711//7864
f 7634//7793 7633//7792 7711//7864 7712//7865
f 7635//7794 7634//7793 7712//7865 7713//7866
f 7636//7795 7635//7794 7713//7866 7714//7867
f 7637//7796 7636//7795 7714//7867 7715//7868
f 7638//7797 7637//7796 7715//7868 7716//7869
f 7639//7798 7638//7797 7716//7869 7717//7870
f 7640//7799 7639//7798 7717//7870 7718//7871
f 7641//7800 7640//7799 7718//7871 7719//5703
f 7642//5483 7641//7800 7719//5703 8401//5403
f 7644//5510 7643//5508 7725//7872 7726//7873
f 7725//7872 7643//5508 8400//5271 7724//5272
f 7645//5777 7644//5510 7726//7873 7727//7874
f 7646//5779 7645//5777 7727//7874 7728//7875
f 7647//5268 7646//5779 7728//7875 7729//7876
f 7648//7801 7647//5268 7729//7876 7730//7877
f 7649//7802 7648//7801 7730//7877 7731//7878
f 7650//7803 7649//7802 7731//7878 7732//7879
f 7651//7804 7650//7803 7732//7879 7733//7880
f 7652//7805 7651//7804 7733//7880 7734//7881
f 7653//7806 7652//7805 7734//7881 7735//7882
f 7654//7807 7653//7806 7735//7882 7736//7883
f 7655//7808 7654//7807 7736//7883 7737//7884
f 7656//7809 7655//7808 7737//7884 7738//7885
f 7657//7810 7656//7809 7738//7885 7739//7886
f 7658//7811 7657//7810 7739//7886 7740//7887
f 7659//7812 7658//7811 7740//7887 7741//7888
f 7660//7813 7659//7812 7741//7888 7742//7889
f 7661//7814 7660//7813 7742//7889 7743//7890
f 7662//7815 7661//7814 7743//7890 7744//7891
f 7663//7816 7662//7815 7744//7891 7745//7892
f 7664//7817 7663//7816 7745//7892 7746//7893
f 7665//7818 7664//7817 7746//7893 7747//7894
f 7666//7819 7665//7818 7747//7894 7748//7895
f 7667//7820 7666//7819 7748//7895 7749//7896
f 7668//7821 7667//7820 7749//7896 7750//7897
f 7669//7822 7668//7821 7750//7897 7751//7898
f 7670//7823 7669//7822 7751//7898 7752//7899
f 7671//7824 7670//7823 7752//7899 7753//7900
f 7672//7825 7671//7824 7753//7900 7754//7901
f 7673//7826 7672//7825 7754//7901 7755//7902
f 7674//7827 7673//7826 7755//7902 7756//7903
f 7675//7828 7674//7827 7756//7903 7757//7904
f 7676//7829 7675//7828 7757//7904 7758//7905
f 7677//7830 7676//7829 7758//7905 7759//7906
f 7678//7831 7677//7830 7759//7906 7760//7907
f 7679//7832 7678//7831 7760//7907 7761//7908
f 7680//7833 7679//7832 7761//7908 7762//7909
f 7681//7834 7680//7833 7762//7909 7763//7910
f 7682//7835 7681//7834 7763//7910 7764//7911
f 7683//7836 7682//7835 7764//7911 7765//7912
f 7684//7837 7683//7836 7765//7912 7766//7913
f 7685//7838 7684//7837 7766//7913 7767//7914
f 7686//7839 7685//7838 7767//7914 7768//7915
f 7687//7840 7686//7839 7768//7915 7769//7916
f 7688//7841 7687//7840 7769//7916 7770//7917
f 7689//7842 7688//7841 7770//7917 7771//7918
f 7690//7843 7689//7842 7771//7918 7772//7919
f 7691//7844 7690//7843 7772//7919 7773//7920
f 7692//7845 7691//7844 7773//7920 7774//7921
f 7693//7846 7692//7845 7774//7921 7775//7922
f 7694//7847 7693//7846 7775//7922 7776//7923
f 7695//7848 7694//7847 7776//7923 7777//7924
f 7696//7849 7695//7848 7777//7924 7778//7925
f 7697//7850 7696//7849 7778//7925 7779//7926
f 7698//7851 7697//7850 7779//7926 7780//7927
f 7699//7852 7698//7851 7780//7927 7781//7928
f 7700//7853 7699//7852 7781//7928 7782//7929
f 7701//7854 7700//7853 7782//7929 7783//7930
f 7702//7855 7701//7854 7783//7930 7784//7931
f 7703//7856 7702//7855 7784//7931 7785//7932
f 7704//7857 7703//7856 7785//7932 7786//7933
f 7705//7858 7704//7857 7786//7933 7787//7934
f 7706//7859 7705//7858 7787//7934 7788//5707
f 7707//7860 7706//7859 7788//5707 7789//5418
f 7708//7861 7707//7860 7789//5418 7790//5415
f 7709//7862 7708//7861 7790//5415 7791//5420
f 7710//7863 7709//7862 7791//5420 7792//5409
f 7711//7864 7710//7863 7792//5409 7793//5406
f 7712//7865 7711//7864 7793//5406 7794//5412
f 7713//7866 7712//7865 7794//5412 7795//5424
f 7714//7867 7713//7866 7795//5424 7796//5438
f 7715//7868 7714//7867 7796//5438 7797//5434
f 7716//7869 7715//7868 7797//5434 7798//5426
f 7717//7870 7716//7869 7798//5426 7799//5429
f 7718//7871 7717//7870 7799//5429 7800//5705
f 7719//5703 7718//7871 7800//5705 7801//5485
f 7721//5506 7720//5259 7807//5260 7808//7935
f 7722//5773 7721//5506 7808//7935 7809//7936
f 7723//5775 7722//5773 7809//7936 7810//7937
f 7724//5272 7723//5775 7810//7937 7811//7938
f 7725//7872 7724//5272 7811//7938 7812//7939
f 7726//7873 7725//7872 7812//7939 7813//7940
f 7727//7874 7726//7873 7813//7940 7814//7941
f 7728//7875 7727//7874 7814//7941 7815//7942
f 7729//7876 7728//7875 7815//7942 7816//7943
f 7730//7877 7729//7876 7816//7943 7817//7944
f 7731//7878 7730//7877 7817//7944 7818//7945
f 7732//7879 7731//7878 7818//7945 7819//7946
f 7733//7880 7732//7879 7819//7946 7820//7947
f 7734//7881 7733//7880 7820//7947 7821//7948
f 7735//7882 7734//7881 7821//7948 7822//7949
f 7736//7883 7735//7882 7822//7949 7823//7950
f 7737//7884 7736//7883 7823//7950 7824//7951
f 7738//7885 7737//7884 7824//7951 7825//7952
f 7739//7886 7738//7885 7825//7952 7826//7953
f 7740//7887 7739//7886 7826//7953 7827//7954
f 7741//7888 7740//7887 7827//7954 7828//7955
f 7742//7889 7741//7888 7828//7955 7829//7956
f 7743//7890 7742//7889 7829//7956 7830//7957
f 7744//7891 7743//7890 7830//7957 7831//7958
f 7745//7892 7744//7891 7831//7958 7832//7959
f 7746//7893 7745//7892 7832//7959 7833//7960
f 7747//7894 7746//7893 7833//7960 7834//7961
f 7748//7895 7747//7894 7834//7961 7835//7962
f 7749//7896 7748//7895 7835//7962 7836//7963
f 7750//7897 7749//7896 7836//7963 7837//7964
f 7751//7898 7750//7897 7837//7964 7838//7965
f 7752//7899 7751//7898 7838//7965 7839//7966
f 7753//7900 7752//7899 7839//7966 7840//7967
f 7754//7901 7753//7900 7840//7967 7841//7968
f 7755//7902 7754//7901 7841//7968 7842//7969
f 7756//7903 7755//7902 7842//7969 7843//7970
f 7757//7904 7756//7903 7843//7970 7844//7971
f 7758//7905 7757//7904 7844//7971 7845//7972
f 7759//7906 7758//7905 7845//7972 7846//7973
f 7760//7907 7759//7906 7846//7973 7847//7974
f 7761//7908 7760//7907 7847//7974 7848//7975
f 7762//7909 7761//7908 7848//7975 7849//7976
f 7763//7910 7762//7909 7849//7976 7850//7977
f 7764//7911 7763//7910 7850//7977 7851//7978
f 7765//7912 7764//7911 7851//7978 7852//7979
f 7766//7913 7765//7912 7852//7979 7853//7980
f 7767//7914 7766//7913 7853//7980 7854//7981
f 7768//7915 7767//7914 7854//7981 7855//7982
f 7769//7916 7768//7915 7855//7982 7856//7983
f 7770//7917 7769//7916 7856//7983 7857//7984
f 7771//7918 7770//7917 7857//7984 7858//7985
f 7772//7919 7771//7918 7858//7985 7859//7986
f 7773//7920 7772//7919 7859//7986 7860//7987
f 7774//7921 7773//7920 7860//7987 7861//7988
f 7775//7922 7774//7921 7861//7988 7862//7989
f 7776//7923 7775//7922 7862//7989 7863//7990
f 7777//7924 7776//7923 7863//7990 7864//7991
f 7778//7925 7777//7924 7864//7991 7865//7992
f 7779//7926 7778//7925 7865//7992 7866//7993
f 7780//7927 7779//7926 7866//7993 7867//7994
f 7781//7928 7780//7927 7867//7994 7868//7995
f 7782//7929 7781//7928 7868//7995 7869//7996
f 7783//7930 7782//7929 7869//7996 7870//7997
f 7784//7931 7783//7930 7870//7997 7871//7998
f 7785//7932 7784//7931 7871//7998 7872//7999
f 7786//7933 7785//7932 7872//7999 7873//5711
f 7787//7934 7786//7933 7873//5711 7874//5402
f 7788//5707 7787//7934 7874//5402 7875//5708
f 7803//5504 7802//5256 7877//5765 7878//8000
f 7877//5765 7802//5256 5225//5255 5222//5766
f 5225//5255 5224//8001 5223//8002 5222//5766
f 7804//5767 7803//5504 7878//8000 7879//8003
f 7805//5769 7804//5767 7879//8003 7880//8004
f 7806//5771 7805//5769 7880//8004 7881//8005
f 7807//5260 7806//5771 7881//8005 7882//8006
f 7808//7935 7807//5260 7882//8006 7883//8007
f 7809//7936 7808//7935 7883//8007 7884//8008
f 7810//7937 7809//7936 7884//8008 7885//8009
f 7811//7938 7810//7937 7885//8009 7886//8010
f 7812//7939 7811//7938 7886//8010 7887//8011
f 7813//7940 7812//7939 7887//8011 7888//8012
f 7814//7941 7813//7940 7888//8012 7889//8013
f 7815//7942 7814//7941 7889//8013 7890//8014
f 7816//7943 7815//7942 7890//8014 7891//8015
f 7817//7944 7816//7943 7891//8015 7892//8016
f 7818//7945 7817//7944 7892//8016 7893//8017
f 7819//7946 7818//7945 7893//8017 7894//8018
f 7820//7947 7819//7946 7894//8018 7895//8019
f 7821//7948 7820//7947 7895//8019 7896//8020
f 7822//7949 7821//7948 7896//8020 7897//8021
f 7823//7950 7822//7949 7897//8021 7898//8022
f 7824//7951 7823//7950 7898//8022 7899//8023
f 7825//7952 7824//7951 7899//8023 7900//8024
f 7826//7953 7825//7952 7900//8024 7901//8025
f 7827//7954 7826//7953 7901//8025 7902//8026
f 7828//7955 7827//7954 7902//8026 7903//8027
f 7829//7956 7828//7955 7903//8027 7904//8028
f 7830//7957 7829//7956 7904//8028 7905//8029
f 7831//7958 7830//7957 7905//8029 7906//8030
f 7832//7959 7831//7958 7906//8030 7907//8031
f 7833//7960 7832//7959 7907//8031 7908//8032
f 7834//7961 7833//7960 7908//8032 7909//8033
f 7835//7962 7834//7961 7909//8033 7910//8034
f 7836//7963 7835//7962 7910//8034 7911//8035
f 7837//7964 7836//7963 7911//8035 7912//8036
f 7838//7965 7837//7964 7912//8036 7913//8037
f 7839//7966 7838//7965 7913//8037 7914//8038
f 7840//7967 7839//7966 7914//8038 7915//8039
f 7841//7968 7840//7967 7915//8039 7916//8040
f 7842//7969 7841//7968 7916//8040 7917//8041
f 7843//7970 7842//7969 7917//8041 7918//8042
f 7844//7971 7843//7970 7918//8042 7919//8043
f 7845//7972 7844//7971 7919//8043 7920//8044
f 7846//7973 7845//7972 7920//8044 7921//8045
f 7847//7974 7846//7973 7921//8045 7922//8046
f 7848//7975 7847//7974 7922//8046 7923//8047
f 7849//7976 7848//7975 7923//8047 7924//8048
f 7850//7977 7849//7976 7924//8048 7925//8049
f 7851//7978 7850//7977 7925//8049 7926//8050
f 7852//7979 7851//7978 7926//8050 7927//8051
f 7853//7980 7852//7979 7927//8051 7928//8052
f 7854//7981 7853//7980 7928//8052 7929//8053
f 7855//7982 7854//7981 7929//8053 7930//8054
f 7856//7983 7855//7982 7930//8054 7931//8055
f 7857//7984 7856//7983 7931//8055 7932//8056
f 7858//7985 7857//7984 7932//8056 7933//8057
f 7859//7986 7858//7985 7933//8057 7934//8058
f 7860//7987 7859//7986 7934//8058 7935//8059
f 7861//7988 7860//7987 7935//8059 7936//8060
f 7862//7989 7861//7988 7936//8060 7937//8061
f 7863//7990 7862//7989 7937//8061 7938//8062
f 7864//7991 7863//7990 7938//8062 7939//8063
f 7865//7992 7864//7991 7939//8063 7940//8064
f 7866//7993 7865//7992 7940//8064 7941//8065
f 7867//7994 7866//7993 7941//8065 7942//8066
f 7868//7995 7867//7994 7942//8066 7943//8067
f 7869//7996 7868//7995 7943//8067 7944//8068
f 7870//7997 7869//7996 7944//8068 7945//8069
f 7871//7998 7870//7997 7945//8069 7946//8070
f 7872//7999 7871//7998 7946//8070 7947//5716
f 7873//5711 7872//7999 7947//5716 7948//5712
f 7878//8000 7877//5765 7949//5763 7950//8071
f 7879//8003 7878//8000 7950//8071 7951//8072
f 7880//8004 7879//8003 7951//8072 7952//8073
f 7881//8005 7880//8004 7952//8073 7953//8074
f 7882//8006 7881//8005 7953//8074 7954//8075
f 7883//8007 7882//8006 7954//8075 7955//8076
f 7884//8008 7883//8007 7955//8076 7956//8077
f 7885//8009 7884//8008 7956//8077 7957//8078
f 7886//8010 7885//8009 7957//8078 7958//8079
f 7887//8011 7886//8010 7958//8079 7959//8080
f 7888//8012 7887//8011 7959//8080 7960//8081
f 7889//8013 7888//8012 7960//8081 7961//8082
f 7890//8014 7889//8013 7961//8082 7962//8083
f 7891//8015 7890//8014 7962//8083 7963//8084
f 7892//8016 7891//8015 7963//8084 7964//8085
f 7893//8017 7892//8016 7964//8085 7965//8086
f 7894//8018 7893//8017 7965//8086 7966//8087
f 7895//8019 7894//8018 7966//8087 7967//8088
f 7896//8020 7895//8019 7967//8088 7968//8089
f 7897//8021 7896//8020 7968//8089 7969//8090
f 7898//8022 7897//8021 7969//8090 7970//8091
f 7899//8023 7898//8022 7970//8091 7971//8092
f 7900//8024 7899//8023 7971//8092 7972//8093
f 7901//8025 7900//8024 7972//8093 7973//8094
f 7902//8026 7901//8025 7973//8094 7974//8095
f 7903//8027 7902//8026 7974//8095 7975//8096
f 7904//8028 7903//8027 7975//8096 7976//8097
f 7905//8029 7904//8028 7976//8097 7977//8098
f 7906//8030 7905//8029 7977//8098 7978//8099
f 7907//8031 7906//8030 7978//8099 7979//8100
f 7908//8032 7907//8031 7979//8100 7980//8101
f 7909//8033 7908//8032 7980//8101 7981//8102
f 7910//8034 7909//8033 7981//8102 7982//8103
f 7911//8035 7910//8034 7982//8103 7983//8104
f 7912//8036 7911//8035 7983//8104 7984//8105
f 7913//8037 7912//8036 7984//8105 7985//8106
f 7914//8038 7913//8037 7985//8106 7986//8107
f 7915//8039 7914//8038 7986//8107 7987//8108
f 7916//8040 7915//8039 7987//8108 7988//8109
f 7917//8041 7916//8040 7988//8109 7989//8110
f 7918//8042 7917//8041 7989//8110 7990//8111
f 7919//8043 7918//8042 7990//8111 7991//8112
f 7920//8044 7919//8043 7991//8112 7992//8113
f 7921//8045 7920//8044 7992//8113 7993//8114
f 7922//8046 7921//8045 7993//8114 7994//8115
f 7923//8047 7922//8046 7994//8115 7995//8116
f 7924//8048 7923//8047 7995//8116 7996//8117
f 7925//8049 7924//8048 7996//8117 7997//8118
f 7926//8050 7925//8049 7997//8118 7998//8119
f 7927//8051 7926//8050 7998//8119 7999//8120
f 7928//8052 7927//8051 7999//8120 8000//5732
f 7929//8053 7928//8052 8000//5732 8001//5383
f 7930//8054 7929//8053 8001//5383 8002//5382
f 7931//8055 7930//8054 8002//5382 8003//5384
f 7932//8056 7931//8055 8003//5384 8004//5398
f 7933//8057 7932//8056 8004//5398 8005//8121
f 7934//8058 7933//8057 8005//8121 8006//8122
f 7935//8059 7934//8058 8006//8122 8007//8123
f 7936//8060 7935//8059 8007//8123 8008//8124
f 7937//8061 7936//8060 8008//8124 8009//8125
f 7938//8062 7937//8061 8009//8125 8010//8126
f 7939//8063 7938//8062 8010//8126 8011//8127
f 7940//8064 7939//8063 8011//8127 8012//8128
f 7941//8065 7940//8064 8012//8128 8013//8129
f 7942//8066 7941//8065 8013//8129 8014//8130
f 7943//8067 7942//8066 8014//8130 8015//8131
f 7944//8068 7943//8067 8015//8131 8016//8132
f 7945//8069 7944//8068 8016//8132 8017//8133
f 7946//8070 7945//8069 8017//8133 8018//5724
f 7947//5716 7946//8070 8018//5724 8019//5717
f 7947//5716 8019//5717 5195//5720 5194//5715
f 7950//8071 7949//5763 8020//5502 8021//8134
f 7951//8072 7950//8071 8021//8134 8022//8135
f 7952//8073 7951//8072 8022//8135 8023//8136
f 7953//8074 7952//8073 8023//8136 8024//8137
f 7954//8075 7953//8074 8024//8137 8025//8138
f 7955//8076 7954//8075 8025//8138 8026//8139
f 7956//8077 7955//8076 8026//8139 8027//8140
f 7957//8078 7956//8077 8027//8140 8028//8141
f 7958//8079 7957//8078 8028//8141 8029//8142
f 7959//8080 7958//8079 8029//8142 8030//8143
f 7960//8081 7959//8080 8030//8143 8031//8144
f 7961//8082 7960//8081 8031//8144 8032//8145
f 7962//8083 7961//8082 8032//8145 8033//8146
f 7963//8084 7962//8083 8033//8146 8034//8147
f 7964//8085 7963//8084 8034//8147 8035//8148
f 7965//8086 7964//8085 8035//8148 8036//8149
f 7966//8087 7965//8086 8036//8149 8037//8150
f 7967//8088 7966//8087 8037//8150 8038//8151
f 7968//8089 7967//8088 8038//8151 8039//8152
f 7969//8090 7968//8089 8039//8152 8040//8153
f 7970//8091 7969//8090 8040//8153 8041//8154
f 7971//8092 7970//8091 8041//8154 8042//8155
f 7972//8093 7971//8092 8042//8155 8043//8156
f 7973//8094 7972//8093 8043//8156 8044//8157
f 7974//8095 7973//8094 8044//8157 8045//8158
f 7975//8096 7974//8095 8045//8158 8046//8159
f 7976//8097 7975//8096 8046//8159 8047//8160
f 7977//8098 7976//8097 8047//8160 8048//8161
f 7978//8099 7977//8098 8048//8161 8049//8162
f 7979//8100 7978//8099 8049//8162 8050//8163
f 7980//8101 7979//8100 8050//8163 8051//8164
f 7981//8102 7980//8101 8051//8164 8052//8165
f 7982//8103 7981//8102 8052//8165 8053//8166
f 7983//8104 7982//8103 8053//8166 8054//8167
f 7984//8105 7983//8104 8054//8167 8055//8168
f 7985//8106 7984//8105 8055//8168 8056//8169
f 7986//8107 7985//8106 8056//8169 8057//8170
f 7987//8108 7986//8107 8057//8170 8058//8171
f 7988//8109 7987//8108 8058//8171 8059//8172
f 7989//8110 7988//8109 8059//8172 8060//8173
f 7990//8111 7989//8110 8060//8173 8061//8174
f 7991//8112 7990//8111 8061//8174 8062//8175
f 7992//8113 7991//8112 8062//8175 8063//8176
f 7993//8114 7992//8113 8063//8176 8064//8177
f 7994//8115 7993//8114 8064//8177 8065//8178
f 7995//8116 7994//8115 8065//8178 8066//5733
f 7996//8117 7995//8116 8066//5733 8067//5399
f 7997//8118 7996//8117 8067//5399 8068//5394
f 7998//8119 7997//8118 8068//5394 8069//5395
f 7999//8120 7998//8119 8069//5395 8070//5396
f 8000//5732 7999//8120 8070//5396 8071//5492
f 8005//8121 8004//5398 8072//5397 8073//5440
f 8006//8122 8005//8121 8073//5440 8074//5731
f 8007//8123 8006//8122 8074//5731 8075//5442
f 8008//8124 8007//8123 8075//5442 8076//5441
f 8009//8125 8008//8124 8076//5441 8077//5445
f 8010//8126 8009//8125 8077//5445 8078//5444
f 8011//8127 8010//8126 8078//5444 8079//5443
f 8012//8128 8011//8127 8079//5443 8080//5447
f 8013//8129 8012//8128 8080//5447 8081//5446
f 8014//8130 8013//8129 8081//5446 8082//5730
f 8015//8131 8014//8130 8082//5730 8083//8179
f 8016//8132 8015//8131 8083//8179 8084//8180
f 8017//8133 8016//8132 8084//8180 8085//5729
f 8018//5724 8017//8133 8085//5729 8086//5721
f 5197//5718 8019//5717 8018//5724 5198//5723
f 8021//8134 8020//5502 8087//5299 8088//5298
f 8022//8135 8021//8134 8088//5298 8089//8181
f 8023//8136 8022//8135 8089//8181 8090//8182
f 8024//8137 8023//8136 8090//8182 8091//8183
f 8025//8138 8024//8137 8091//8183 8092//8184
f 8026//8139 8025//8138 8092//8184 8093//8185
f 8027//8140 8026//8139 8093//8185 8094//8186
f 8028//8141 8027//8140 8094//8186 8095//8187
f 8029//8142 8028//8141 8095//8187 8096//8188
f 8030//8143 8029//8142 8096//8188 8097//8189
f 8031//8144 8030//8143 8097//8189 8098//8190
f 8032//8145 8031//8144 8098//8190 8099//8191
f 8033//8146 8032//8145 8099//8191 8100//8192
f 8034//8147 8033//8146 8100//8192 8101//8193
f 8035//8148 8034//8147 8101//8193 8102//8194
f 8036//8149 8035//8148 8102//8194 8103//8195
f 8037//8150 8036//8149 8103//8195 8104//8196
f 8038//8151 8037//8150 8104//8196 8105//8197
f 8039//8152 8038//8151 8105//8197 8106//8198
f 8040//8153 8039//8152 8106//8198 8107//8199
f 8041//8154 8040//8153 8107//8199 8108//8200
f 8042//8155 8041//8154 8108//8200 8109//8201
f 8043//8156 8042//8155 8109//8201 8110//8202
f 8044//8157 8043//8156 8110//8202 8111//8203
f 8045//8158 8044//8157 8111//8203 8112//8204
f 8046//8159 8045//8158 8112//8204 8113//8205
f 8047//8160 8046//8159 8113//8205 8114//8206
f 8048//8161 8047//8160 8114//8206 8115//8207
f 8049//8162 8048//8161 8115//8207 8116//8208
f 8050//8163 8049//8162 8116//8208 8117//8209
f 8051//8164 8050//8163 8117//8209 8118//8210
f 8052//8165 8051//8164 8118//8210 8119//8211
f 8053//8166 8052//8165 8119//8211 8120//8212
f 8054//8167 8053//8166 8120//8212 8121//8213
f 8055//8168 8054//8167 8121//8213 8122//8214
f 8056//8169 8055//8168 8122//8214 8123//8215
f 8057//8170 8056//8169 8123//8215 8124//8216
f 8058//8171 8057//8170 8124//8216 8125//8217
f 8059//8172 8058//8171 8125//8217 8126//8218
f 8060//8173 8059//8172 8126//8218 8127//8219
f 8061//8174 8060//8173 8127//8219 8128//8220
f 8062//8175 8061//8174 8128//8220 8129//5735
f 8063//8176 8062//8175 8129//5735 8130//5387
f 8064//8177 8063//8176 8130//5387 8131//5386
f 8065//8178 8064//8177 8131//5386 8132//5385
f 8066//5733 8065//8178 8132//5385 8133//5493
f 8083//8179 8082//5730 8134//5448 8135//5491
f 8084//8180 8083//8179 8135//5491 8136//5449
f 8085//5729 8084//8180 8136//5449 8137//5490
f 5201//5725 8086//5721 8085//5729 5202//5728
f 8089//8181 8088//5298 8138//5761 8139//8221
f 8090//8182 8089//8181 8139//8221 8140//8222
f 8091//8183 8090//8182 8140//8222 8141//8223
f 8092//8184 8091//8183 8141//8223 8142//8224
f 8093//8185 8092//8184 8142//8224 8143//8225
f 8094//8186 8093//8185 8143//8225 8144//8226
f 8095//8187 8094//8186 8144//8226 8145//8227
f 8096//8188 8095//8187 8145//8227 8146//8228
f 8097//8189 8096//8188 8146//8228 8147//8229
f 8098//8190 8097//8189 8147//8229 8148//8230
f 8099//8191 8098//8190 8148//8230 8149//8231
f 8100//8192 8099//8191 8149//8231 8150//8232
f 8101//8193 8100//8192 8150//8232 8151//8233
f 8102//8194 8101//8193 8151//8233 8152//8234
f 8103//8195 8102//8194 8152//8234 8153//8235
f 8104//8196 8103//8195 8153//8235 8154//8236
f 8105//8197 8104//8196 8154//8236 8155//8237
f 8106//8198 8105//8197 8155//8237 8156//8238
f 8107//8199 8106//8198 8156//8238 8157//8239
f 8108//8200 8107//8199 8157//8239 8158//8240
f 8109//8201 8108//8200 8158//8240 8159//8241
f 8110//8202 8109//8201 8159//8241 8160//8242
f 8111//8203 8110//8202 8160//8242 8161//8243
f 8112//8204 8111//8203 8161//8243 8162//8244
f 8113//8205 8112//8204 8162//8244 8163//8245
f 8114//8206 8113//8205 8163//8245 8164//8246
f 8115//8207 8114//8206 8164//8246 8165//8247
f 8116//8208 8115//8207 8165//8247 8166//8248
f 8117//8209 8116//8208 8166//8248 8167//8249
f 8118//8210 8117//8209 8167//8249 8168//8250
f 8119//8211 8118//8210 8168//8250 8169//8251
f 8120//8212 8119//8211 8169//8251 8170//8252
f 8121//8213 8120//8212 8170//8252 8171//8253
f 8122//8214 8121//8213 8171//8253 8172//8254
f 8123//8215 8122//8214 8172//8254 8173//8255
f 8124//8216 8123//8215 8173//8255 8174//8256
f 8125//8217 8124//8216 8174//8256 8175//8257
f 8126//8218 8125//8217 8175//8257 8176//5494
f 8127//8219 8126//8218 8176//5494 8177//5391
f 8128//8220 8127//8219 8177//5391 8178//5392
f 8129//5735 8128//8220 8178//5392 8179//5734
f 8139//8221 8138//5761 8180//5759 8181//8258
f 8140//8222 8139//8221 8181//8258 8182//8259
f 8141//8223 8140//8222 8182//8259 8183//8260
f 8142//8224 8141//8223 8183//8260 8184//8261
f 8143//8225 8142//8224 8184//8261 8185//8262
f 8144//8226 8143//8225 8185//8262 8186//8263
f 8145//8227 8144//8226 8186//8263 8187//8264
f 8146//8228 8145//8227 8187//8264 8188//8265
f 8147//8229 8146//8228 8188//8265 8189//8266
f 8148//8230 8147//8229 8189//8266 8190//8267
f 8149//8231 8148//8230 8190//8267 8191//8268
f 8150//8232 8149//8231 8191//8268 8192//8269
f 8151//8233 8150//8232 8192//8269 8193//8270
f 8152//8234 8151//8233 8193//8270 8194//8271
f 8153//8235 8152//8234 8194//8271 8195//8272
f 8154//8236 8153//8235 8195//8272 8196//8273
f 8155//8237 8154//8236 8196//8273 8197//8274
f 8156//8238 8155//8237 8197//8274 8198//8275
f 8157//8239 8156//8238 8198//8275 8199//8276
f 8158//8240 8157//8239 8199//8276 8200//8277
f 8159//8241 8158//8240 8200//8277 8201//8278
f 8160//8242 8159//8241 8201//8278 8202//8279
f 8161//8243 8160//8242 8202//8279 8203//8280
f 8162//8244 8161//8243 8203//8280 8204//8281
f 8163//8245 8162//8244 8204//8281 8205//8282
f 8164//8246 8163//8245 8205//8282 8206//8283
f 8165//8247 8164//8246 8206//8283 8207//8284
f 8166//8248 8165//8247 8207//8284 8208//8285
f 8167//8249 8166//8248 8208//8285 8209//8286
f 8168//8250 8167//8249 8209//8286 8210//8287
f 8169//8251 8168//8250 8210//8287 8211//8288
f 8170//8252 8169//8251 8211//8288 8212//8289
f 8171//8253 8170//8252 8212//8289 8213//8290
f 8172//8254 8171//8253 8213//8290 8214//5496
f 8173//8255 8172//8254 8214//5496 8215//5389
f 8174//8256 8173//8255 8215//5389 8216//5388
f 8175//8257 8174//8256 8216//5388 8217//5393
f 8176//5494 8175//8257 8217//5393 8218//5495
f 8181//8258 8180//5759 8219//5500 8220//8291
f 8182//8259 8181//8258 8220//8291 8221//8292
f 8183//8260 8182//8259 8221//8292 8222//8293
f 8184//8261 8183//8260 8222//8293 8223//8294
f 8185//8262 8184//8261 8223//8294 8224//8295
f 8186//8263 8185//8262 8224//8295 8225//8296
f 8187//8264 8186//8263 8225//8296 8226//8297
f 8188//8265 8187//8264 8226//8297 8227//8298
f 8189//8266 8188//8265 8227//8298 8228//8299
f 8190//8267 8189//8266 8228//8299 8229//8300
f 8191//8268 8190//8267 8229//8300 8230//8301
f 8192//8269 8191//8268 8230//8301 8231//8302
f 8193//8270 8192//8269 8231//8302 8232//8303
f 8194//8271 8193//8270 8232//8303 8233//8304
f 8195//8272 8194//8271 8233//8304 8234//8305
f 8196//8273 8195//8272 8234//8305 8235//8306
f 8197//8274 8196//8273 8235//8306 8236//8307
f 8198//8275 8197//8274 8236//8307 8237//8308
f 8199//8276 8198//8275 8237//8308 8238//8309
f 8200//8277 8199//8276 8238//8309 8239//8310
f 8201//8278 8200//8277 8239//8310 8240//8311
f 8202//8279 8201//8278 8240//8311 8241//8312
f 8203//8280 8202//8279 8241//8312 8242//8313
f 8204//8281 8203//8280 8242//8313 8243//8314
f 8205//8282 8204//8281 8243//8314 8244//8315
f 8206//8283 8205//8282 8244//8315 8245//8316
f 8207//8284 8206//8283 8245//8316 8246//8317
f 8208//8285 8207//8284 8246//8317 8247//8318
f 8209//8286 8208//8285 8247//8318 8248//8319
f 8210//8287 8209//8286 8248//8319 8249//5736
f 8211//8288 8210//8287 8249//5736 8250//5326
f 8212//8289 8211//8288 8250//5326 8251//5327
f 8213//8290 8212//8289 8251//5327 8252//5390
f 8214//5496 8213//8290 8252//5390 8253//5497
f 8220//8291 8219//5500 8254//5303 8255//5302
f 8221//8292 8220//8291 8255//5302 8256//8320
f 8222//8293 8221//8292 8256//8320 8257//8321
f 8223//8294 8222//8293 8257//8321 8258//8322
f 8224//8295 8223//8294 8258//8322 8259//8323
f 8225//8296 8224//8295 8259//8323 8260//8324
f 8226//8297 8225//8296 8260//8324 8261//8325
f 8227//8298 8226//8297 8261//8325 8262//8326
f 8228//8299 8227//8298 8262//8326 8263//8327
f 8229//8300 8228//8299 8263//8327 8264//8328
f 8230//8301 8229//8300 8264//8328 8265//8329
f 8231//8302 8230//8301 8265//8329 8266//8330
f 8232//8303 8231//8302 8266//8330 8267//8331
f 8233//8304 8232//8303 8267//8331 8268//8332
f 8234//8305 8233//8304 8268//8332 8269//8333
f 8235//8306 8234//8305 8269//8333 8270//8334
f 8236//8307 8235//8306 8270//8334 8271//8335
f 8237//8308 8236//8307 8271//8335 8272//8336
f 8238//8309 8237//8308 8272//8336 8273//8337
f 8239//8310 8238//8309 8273//8337 8274//8338
f 8240//8311 8239//8310 8274//8338 8275//8339
f 8241//8312 8240//8311 8275//8339 8276//8340
f 8242//8313 8241//8312 8276//8340 8277//8341
f 8243//8314 8242//8313 8277//8341 8278//8342
f 8244//8315 8243//8314 8278//8342 8279//8343
f 8245//8316 8244//8315 8279//8343 8280//5738
f 8246//8317 8245//8316 8280//5738 8281//5332
f 8247//8318 8246//8317 8281//5332 8282//5333
f 8248//8319 8247//8318 8282//5333 8283//5331
f 8249//5736 8248//8319 8283//5331 8284//5737
f 8256//8320 8255//5302 8285//5757 8286//8344
f 8257//8321 8256//8320 8286//8344 8287//8345
f 8258//8322 8257//8321 8287//8345 8288//8346
f 8259//8323 8258//8322 8288//8346 8289//8347
f 8260//8324 8259//8323 8289//8347 8290//8348
f 8261//8325 8260//8324 8290//8348 8291//8349
f 8262//8326 8261//8325 8291//8349 8292//8350
f 8263//8327 8262//8326 8292//8350 8293//8351
f 8264//8328 8263//8327 8293//8351 8294//8352
f 8265//8329 8264//8328 8294//8352 8295//8353
f 8266//8330 8265//8329 8295//8353 8296//8354
f 8267//8331 8266//8330 8296//8354 8297//8355
f 8268//8332 8267//8331 8297//8355 8298//8356
f 8269//8333 8268//8332 8298//8356 8299//8357
f 8270//8334 8269//8333 8299//8357 8300//8358
f 8271//8335 8270//8334 8300//8358 8301//8359
f 8272//8336 8271//8335 8301//8359 8302//8360
f 8273//8337 8272//8336 8302//8360 8303//8361
f 8274//8338 8273//8337 8303//8361 8304//8362
f 8275//8339 8274//8338 8304//8362 8305//8363
f 8276//8340 8275//8339 8305//8363 8306//5740
f 8277//8341 8276//8340 8306//5740 8307//5330
f 8278//8342 8277//8341 8307//5330 8308//5329
f 8279//8343 8278//8342 8308//5329 8309//5328
f 8280//5738 8279//8343 8309//5328 8310//5739
f 8286//8344 8285//5757 8311//5755 8312//8364
f 8287//8345 8286//8344 8312//8364 8313//8365
f 8288//8346 8287//8345 8313//8365 8314//8366
f 8289//8347 8288//8346 8314//8366 8315//8367
f 8290//8348 8289//8347 8315//8367 8316//8368
f 8291//8349 8290//8348 8316//8368 8317//8369
f 8292//8350 8291//8349 8317//8369 8318//8370
f 8293//8351 8292//8350 8318//8370 8319//8371
f 8294//8352 8293//8351 8319//8371 8320//8372
f 8295//8353 8294//8352 8320//8372 8321//8373
f 8296//8354 8295//8353 8321//8373 8322//8374
f 8297//8355 8296//8354 8322//8374 8323//8375
f 8298//8356 8297//8355 8323//8375 8324//8376
f 8299//8357 8298//8356 8324//8376 8325//8377
f 8300//8358 8299//8357 8325//8377 8326//8378
f 8301//8359 8300//8358 8326//8378 8327//8379
f 8302//8360 8301//8359 8327//8379 8328//5742
f 8303//8361 8302//8360 8328//5742 8329//5325
f 8304//8362 8303//8361 8329//5325 8330//5323
f 8305//8363 8304//8362 8330//5323 8331//5324
f 8306//5740 8305//8363 8331//5324 8332//5741
f 8312//8364 8311//5755 8333//5498 8334//8380
f 8313//8365 8312//8364 8334//8380 8335//8381
f 8314//8366 8313//8365 8335//8381 8336//8382
f 8315//8367 8314//8366 8336//8382 8337//8383
f 8316//8368 8315//8367 8337//8383 8338//8384
f 8317//8369 8316//8368 8338//8384 8339//8385
f 8318//8370 8317//8369 8339//8385 8340//8386
f 8319//8371 8318//8370 8340//8386 8341//8387
f 8320//8372 8319//8371 8341//8387 8342//8388
f 8321//8373 8320//8372 8342//8388 8343//8389
f 8322//8374 8321//8373 8343//8389 8344//8390
f 8323//8375 8322//8374 8344//8390 8345//8391
f 8324//8376 8323//8375 8345//8391 8346//5745
f 8325//8377 8324//8376 8346//5745 8347//5320
f 8326//8378 8325//8377 8347//5320 8348//5322
f 8327//8379 8326//8378 8348//5322 8349//5321
f 8328//5742 8327//8379 8349//5321 8350//5743
f 8334//8380 8333//5498 8351//5307 8352//5306
f 8335//8381 8334//8380 8352//5306 8353//8392
f 8336//8382 8335//8381 8353//8392 8354//8393
f 8337//8383 8336//8382 8354//8393 8355//8394
f 8338//8384 8337//8383 8355//8394 8356//8395
f 8339//8385 8338//8384 8356//8395 8357//8396
f 8340//8386 8339//8385 8357//8396 8358//8397
f 8341//8387 8340//8386 8358//8397 8359//8398
f 8342//8388 8341//8387 8359//8398 8360//5747
f 8343//8389 8342//8388 8360//5747 8361//5319
f 8344//8390 8343//8389 8361//5319 8362//5318
f 8345//8391 8344//8390 8362//5318 8363//5317
f 8346//5745 8345//8391 8363//5317 8364//5744
f 8353//8392 8352//5306 8365//5753 8366//8399
f 8354//8393 8353//8392 8366//8399 8367//8400
f 8355//8394 8354//8393 8367//8400 8368//8401
f 8356//8395 8355//8394 8368//8401 8369//5749
f 8357//8396 8356//8395 8369//5749 8370//5315
f 8358//8397 8357//8396 8370//5315 8371//5316
f 8359//8398 8358//8397 8371//5316 8372//5314
f 8360//5747 8359//8398 8372//5314 8373//5746
f 8366//8399 8365//5753 8374//5751 8375//5313
f 8367//8400 8366//8399 8375//5313 8376//5311
f 8368//8401 8367//8400 8376//5311 8377//5312
f 8369//5749 8368//8401 8377//5312 8378//5748
f 8136//5449 353//704 352//1058 351//189
f 8136//5449 8135//5491 355//706 354//705
f 8075//5442 393//181 392//730 391//729
f 8075//5442 396//733 395//732 394//731
f 8073//5440 401//162 400//736 399//735
f 8073//5440 404//739 403//738 402//737
f 8070//5396 425//755 424//754 423//753
f 8070//5396 8069//5395 427//149 426//151
f 8587//8402 8591//8403 8585//8404
f 5303//5547 5304//5835 8413//8405
f 8420//8406 8440//8407 8496//8408
f 8497//8409 5303//5547 8413//8405
f 5301//5253 5302//5545 8441//8410
f 8518//8411 5276//5812 5277//5814
f 8460//8412 8503//8413 8504//8414
f 8473//8415 5240//5778 5241//5780
f 8477//8416 8425//8417 8642//8418
f 8441//8410 8496//8408 5301//5253
f 8523//8419 8496//8408 8441//8410
f 8415//8420 8552//8421 8553//8422
f 8618//8423 8461//8424 8636//8425
f 5297//5830 8531//8426 8620//8427
f 8457//8428 8475//8429 5245//5782
f 8473//8415 8417//8430 8596//8431
f 8440//8407 5298//5832 5299//5834
f 5245//5782 5246//5784 8457//8428
f 8487//8432 8523//8419 8498//8433
f 8415//8420 8519//8434 8517//8435
f 5302//5545 8497//8409 8441//8410
f 8646//8436 8447//8437 8645//8438
f 8537//8439 8525//8440 8524//8441
f 8496//8408 5299//5834 5300//5251
f 8437//8442 8513//8443 8503//8413
f 8468//8444 8479//8445 8480//8446
f 8462//8447 5232//5257 5233//5507
f 8456//8448 8508//8449 8505//8450
f 8439//8451 8494//8452 8526//8453
f 8492//8454 8539//8455 8405//8456
f 8619//8457 5294//5543 5295//5826
f 8581//8458 8433//8459 8575//8460
f 8444//8461 8474//8462 8484//8463
f 8480//8446 5250//5515 5251//5788
f 8633//8464 8445//8465 8630//8466
f 5292//5539 5293//5541 8455//8467
f 5291//5537 8501//8468 8438//8469
f 8484//8463 8474//8462 8485//8470
f 8438//8469 8419//8471 8494//8452
f 5229//5770 8477//8416 8464//8472
f 8494//8452 5290//5264 8438//8469
f 8487//8432 8412//8473 8411//8474
f 8460//8412 8505//8450 8503//8413
f 8474//8462 8454//8475 8436//8476
f 8439//8451 5288//5824 8494//8452
f 8472//8477 8482//8478 8432//8479
f 8417//8430 8588//8480 8596//8431
f 8469//8481 5237//5269 8444//8461
f 5283//5535 5284//5816 8576//8482
f 8439//8451 8578//8483 5287//5822
f 8577//8484 8575//8460 8576//8482
f 8471//8485 8521//8486 5280//5529
f 5288//5824 8439//8451 5287//5822
f 8519//8434 8434//8487 8622//8488
f 8451//8489 5281//5531 5282//5533
f 5281//5531 8471//8485 5280//5529
f 8499//8490 5272//5804 5273//5806
f 5258//5295 8647//8491 5257//5794
f 8494//8452 5288//5824 5289//5262
f 8536//8492 8422//8493 8521//8486
f 8518//8411 5278//5288 8422//8493
f 8542//8494 8410//8495 8409//8496
f 8457//8428 5246//5784 8467//8497
f 8449//8498 5275//5810 5276//5812
f 5279//5287 8521//8486 5278//5288
f 5296//5828 8620//8427 8619//8457
f 8501//8468 5291//5537 5292//5539
f 8518//8411 8422//8493 8517//8435
f 8500//8499 8449//8498 8429//8500
f 8462//8447 8425//8417 8427//8501
f 5261//5796 8430//8502 5260//5521
f 8448//8503 5273//5806 5274//5808
f 5272//5804 8421//8504 5271//5527
f 8510//8505 8534//8506 8437//8442
f 8500//8499 5274//5808 5275//5810
f 8459//8507 8450//8508 8431//8509
f 5270//5525 8430//8502 5269//5523
f 5269//5523 5261//5796 5268//5278
f 8644//8510 8630//8466 8643//8511
f 5270//5525 5271//5527 8574//8512
f 8643//8511 8446//8513 8428//8514
f 5262//5798 5267//5276 5268//5278
f 5264//5280 5265//5274 5266//5802
f 8472//8477 5282//5533 5283//5535
f 5263//5800 5266//5802 5267//5276
f 8512//8515 8638//8516 8637//8517
f 8429//8500 8646//8436 8500//8499
f 8503//8413 8513//8443 8455//8467
f 8574//8512 5271//5527 8421//8504
f 8474//8462 5239//5511 8454//8475
f 8444//8461 5237//5269 5238//5509
f 8504//8414 5293//5541 5294//5543
f 5235//5776 8469//8481 8446//8513
f 8478//8518 8467//8497 8424//8519
f 8459//8507 8476//8520 8403//8521
f 8412//8473 8498//8433 8413//8405
f 8459//8507 8403//8521 8402//8522
f 8492//8454 8404//8523 8493//8524
f 8499//8490 8448//8503 8645//8438
f 8628//8525 8423//8526 8626//8527
f 5242//5265 8522//8528 5241//5780
f 8522//8528 5242//5265 5243//5267
f 8554//8529 8626//8527 8423//8526
f 8435//8530 5243//5267 5244//5513
f 8454//8475 5239//5511 5240//5778
f 8605//8531 8548//8532 8606//8533
f 8618//8423 8619//8457 8620//8427
f 8407//8534 8406//8535 8525//8440
f 8428//8514 8469//8481 8444//8461
f 5250//5515 8443//8536 5249//5282
f 5283//5535 8452//8537 8472//8477
f 5243//5267 8435//8530 8522//8528
f 5228//5768 8450//8508 5227//5505
f 8459//8507 5227//5505 8450//8508
f 8440//8407 8530//8538 8531//8426
f 8477//8416 5229//5770 5230//5772
f 8402//8522 5225//5255 5226//5254
f 5225//5255 8402//8522 5224//8001
f 8462//8447 8458//8539 8445//8465
f 8447//8437 8429//8500 8481//8540
f 8578//8483 8453//8541 8577//8484
f 8451//8489 8472//8477 8432//8479
f 8438//8469 5290//5264 5291//5537
f 5236//5270 8469//8481 5235//5776
f 5234//5774 5235//5776 8446//8513
f 8443//8536 8424//8519 8466//8542
f 8458//8539 8462//8447 5233//5507
f 8427//8501 5231//5258 5232//5257
f 8477//8416 5230//5772 5231//5258
f 8624//8543 8621//8544 8520//8545
f 8427//8501 8477//8416 5231//5258
f 8515//8546 8495//8547 8526//8453
f 8446//8513 8458//8539 5234//5774
f 8459//8507 5226//5254 5227//5505
f 8459//8507 8431//8509 8476//8520
f 8458//8539 8446//8513 8445//8465
f 5258//5295 5259//5294 8574//8512
f 8574//8512 5260//5521 8430//8502
f 8576//8482 5285//5818 8577//8484
f 8470//8548 8481//8540 8516//8549
f 8550//8550 8410//8495 8551//8551
f 8645//8438 8647//8491 8499//8490
f 5255//5517 8447//8437 5254//5518
f 8479//8445 8424//8519 8443//8536
f 8645//8438 8447//8437 5255//5517
f 8488//8552 8555//8553 8566//8554
f 8432//8479 8535//8555 8451//8489
f 5266//5802 5263//5800 5264//5280
f 5267//5276 5262//5798 5263//5800
f 8467//8497 5247//5786 8466//8542
f 5261//5796 5269//5523 8430//8502
f 5260//5521 8574//8512 5259//5294
f 8453//8541 8578//8483 8579//8556
f 8474//8462 5238//5509 5239//5511
f 5262//5798 5268//5278 5261//5796
f 5286//5820 8578//8483 8577//8484
f 8625//8557 8575//8460 8433//8459
f 8421//8504 8647//8491 5258//5295
f 5247//5786 5248//5283 8466//8542
f 5249//5282 8443//8536 8466//8542
f 5233//5507 5234//5774 8458//8539
f 8451//8489 8471//8485 5281//5531
f 8486//8558 8644//8510 8484//8463
f 8435//8530 8475//8429 8594//8559
f 8417//8430 8473//8415 8522//8528
f 8510//8505 8511//8560 8508//8449
f 5245//5782 8475//8429 5244//5513
f 5228//5768 8464//8472 8450//8508
f 8622//8488 8381//5293 8470//8548
f 8481//8540 8381//5293 5254//5518
f 8587//8402 8586//8561 8591//8403
f 8515//8546 8418//8562 8613//8563
f 5253//5291 8381//5293 8622//8488
f 8434//8487 8480//8446 5251//5788
f 8475//8429 8589//8564 8594//8559
f 8502//8565 8509//8566 8634//8567
f 8447//8437 8481//8540 5254//5518
f 8645//8438 5255//5517 5256//5792
f 8438//8469 8501//8468 8465//8568
f 5246//5784 5247//5786 8467//8497
f 8434//8487 5251//5788 5252//5790
f 8482//8478 8414//8569 8623//8570
f 8475//8429 8457//8428 8442//8571
f 8538//8572 8489//8573 8554//8529
f 5226//5254 8459//8507 8402//8522
f 8408//8574 8407//8534 8537//8439
f 5298//5832 8440//8407 8531//8426
f 8529//8575 8440//8407 8420//8406
f 8462//8447 8445//8465 8629//8576
f 8462//8447 8427//8501 5232//5257
f 8626//8527 8489//8573 8627//8577
f 8464//8472 8431//8509 8450//8508
f 5229//5770 8464//8472 5228//5768
f 8431//8509 8464//8472 8463//8578
f 8513//8443 8533//8579 8465//8568
f 8419//8471 8438//8469 8465//8568
f 8424//8519 8467//8497 8466//8542
f 5249//5282 8466//8542 5248//5283
f 8424//8519 8621//8544 8478//8518
f 8457//8428 8467//8497 8442//8571
f 8535//8555 8536//8492 8471//8485
f 8478//8518 8621//8544 8414//8569
f 8469//8481 5236//5270 5237//5269
f 8428//8514 8446//8513 8469//8481
f 8429//8500 8449//8498 8516//8549
f 8434//8487 5252//5790 8622//8488
f 8471//8485 8451//8489 8535//8555
f 8536//8492 8521//8486 8471//8485
f 8472//8477 8451//8489 5282//5533
f 8472//8477 8452//8537 8482//8478
f 8436//8476 8454//8475 8473//8415
f 8473//8415 8454//8475 5240//5778
f 8474//8462 8436//8476 8485//8470
f 5238//5509 8474//8462 8444//8461
f 8475//8429 8442//8571 8589//8564
f 5244//5513 8475//8429 8435//8530
f 8490//8580 8476//8520 8431//8509
f 8403//8521 8476//8520 8493//8524
f 8425//8417 8477//8416 8427//8501
f 8477//8416 8463//8578 8464//8472
f 8595//8581 8616//8582 8433//8459
f 8442//8571 8467//8497 8478//8518
f 8480//8446 8479//8445 8443//8536
f 8621//8544 8479//8445 8468//8444
f 8480//8446 8443//8536 5250//5515
f 8480//8446 8434//8487 8553//8422
f 8516//8549 8481//8540 8429//8500
f 8481//8540 8470//8548 8381//5293
f 8452//8537 8625//8557 8482//8478
f 8433//8459 8584//8583 8595//8581
f 8436//8476 8473//8415 8596//8431
f 8593//8584 8483//8585 8485//8470
f 8486//8558 8484//8463 8483//8585
f 8428//8514 8444//8461 8484//8463
f 8593//8584 8436//8476 8592//8586
f 8484//8463 8485//8470 8483//8585
f 8601//8587 8483//8585 8600//8588
f 8486//8558 8426//8589 8644//8510
f 8549//8590 8550//8550 8532//8591
f 8487//8432 8549//8590 8523//8419
f 8608//8592 8426//8589 8606//8533
f 8529//8575 8512//8515 8530//8538
f 8404//8523 8403//8521 8493//8524
f 8490//8580 8431//8509 8491//8593
f 8491//8593 8431//8509 8463//8578
f 8490//8580 8489//8573 8492//8454
f 8463//8578 8477//8416 8642//8418
f 8490//8580 8491//8593 8627//8577
f 8539//8455 8492//8454 8489//8573
f 8405//8456 8404//8523 8492//8454
f 8476//8520 8490//8580 8493//8524
f 8492//8454 8493//8524 8490//8580
f 8494//8452 5289//5262 5290//5264
f 8526//8453 8494//8452 8419//8471
f 8583//8594 8580//8595 8582//8596
f 8579//8556 8578//8483 8439//8451
f 5299//5834 8496//8408 8440//8407
f 5301//5253 8496//8408 5300//5251
f 5303//5547 8497//8409 5302//5545
f 8498//8433 8497//8409 8413//8405
f 8487//8432 8498//8433 8412//8473
f 8497//8409 8498//8433 8441//8410
f 5272//5804 8499//8490 8421//8504
f 5273//5806 8448//8503 8499//8490
f 5274//5808 8500//8499 8448//8503
f 5275//5810 8449//8498 8500//8499
f 5292//5539 8455//8467 8501//8468
f 8501//8468 8455//8467 8513//8443
f 8543//8597 8527//8598 8542//8494
f 8640//8599 8545//8600 8560//8601
f 8504//8414 8503//8413 8455//8467
f 8460//8412 8618//8423 8505//8450
f 5293//5541 8504//8414 8455//8467
f 8460//8412 8504//8414 5294//5543
f 8507//8602 8560//8601 8545//8600
f 8503//8413 8505//8450 8511//8560
f 8563//8603 8506//8604 8639//8605
f 8593//8584 8598//8606 8600//8588
f 8508//8449 8456//8448 8509//8566
f 8503//8413 8511//8560 8437//8442
f 8635//8607 8636//8425 8512//8515
f 8507//8602 8544//8608 8508//8449
f 8558//8609 8559//8610 8502//8565
f 8507//8602 8508//8449 8509//8566
f 8528//8611 8544//8608 8545//8600
f 8515//8546 8514//8612 8610//8613
f 8508//8449 8511//8560 8505//8450
f 8437//8442 8511//8560 8510//8505
f 8523//8419 8549//8590 8420//8406
f 8634//8567 8509//8566 8635//8607
f 8533//8579 8513//8443 8437//8442
f 8501//8468 8513//8443 8465//8568
f 8544//8608 8510//8505 8508//8449
f 8528//8611 8506//8604 8564//8614
f 8419//8471 8465//8568 8515//8546
f 8515//8546 8465//8568 8533//8579
f 8517//8435 8516//8549 8449//8498
f 8519//8434 8516//8549 8517//8435
f 8449//8498 5276//5812 8518//8411
f 8415//8420 8517//8435 8422//8493
f 8518//8411 5277//5814 5278//5288
f 8449//8498 8518//8411 8517//8435
f 8519//8434 8415//8420 8553//8422
f 8470//8548 8516//8549 8519//8434
f 8623//8570 8624//8543 8535//8555
f 8468//8444 8553//8422 8552//8421
f 5278//5288 8521//8486 8422//8493
f 5280//5529 8521//8486 5279//5287
f 8417//8430 8522//8528 8435//8530
f 5241//5780 8522//8528 8473//8415
f 8496//8408 8523//8419 8420//8406
f 8498//8433 8523//8419 8441//8410
f 8562//8615 8563//8603 8639//8605
f 8527//8598 8543//8597 8557//8616
f 8539//8455 8540//8617 8405//8456
f 8525//8440 8555//8553 8541//8618
f 8515//8546 8526//8453 8419//8471
f 8579//8556 8526//8453 8495//8547
f 8409//8496 8408//8574 8556//8619
f 8637//8517 8502//8565 8634//8567
f 8506//8604 8571//8620 8570//8621
f 8617//8622 8611//8623 8615//8624
f 8420//8406 8549//8590 8638//8516
f 8512//8515 8636//8425 8530//8538
f 8531//8426 8530//8538 8461//8424
f 8440//8407 8529//8575 8530//8538
f 8531//8426 8461//8424 8620//8427
f 5298//5832 8531//8426 5297//5830
f 8550//8550 8549//8590 8487//8432
f 8532//8591 8551//8551 8502//8565
f 8534//8506 8533//8579 8437//8442
f 8515//8546 8533//8579 8514//8612
f 8510//8505 8544//8608 8617//8622
f 8533//8579 8534//8506 8514//8612
f 8623//8570 8535//8555 8432//8479
f 8536//8492 8535//8555 8520//8545
f 8552//8421 8520//8545 8468//8444
f 8415//8420 8422//8493 8536//8492
f 8525//8440 8537//8439 8407//8534
f 8537//8439 8524//8441 8567//8625
f 8541//8618 8555//8553 8488//8552
f 8525//8440 8406//8535 8540//8617
f 8489//8573 8538//8572 8539//8455
f 8539//8455 8538//8572 8540//8617
f 8540//8617 8538//8572 8555//8553
f 8405//8456 8540//8617 8406//8535
f 8558//8609 8546//8626 8559//8610
f 8524//8441 8525//8440 8541//8618
f 8542//8494 8409//8496 8556//8619
f 8542//8494 8527//8598 8551//8551
f 8543//8597 8556//8619 8537//8439
f 8561//8627 8547//8628 8562//8615
f 8545//8600 8544//8608 8507//8602
f 8617//8622 8544//8608 8528//8611
f 8509//8566 8559//8610 8560//8601
f 8506//8604 8528//8611 8545//8600
f 8502//8565 8527//8598 8557//8616
f 8524//8441 8541//8618 8547//8628
f 8541//8618 8488//8552 8547//8628
f 8565//8629 8488//8552 8566//8554
f 8426//8589 8486//8558 8601//8587
f 8612//8630 8607//8631 8609//8632
f 8550//8550 8487//8432 8411//8474
f 8637//8517 8638//8516 8532//8591
f 8411//8474 8410//8495 8550//8550
f 8410//8495 8542//8494 8551//8551
f 8502//8565 8551//8551 8527//8598
f 8532//8591 8550//8550 8551//8551
f 8415//8420 8536//8492 8552//8421
f 8520//8545 8552//8421 8536//8492
f 8480//8446 8553//8422 8468//8444
f 8553//8422 8434//8487 8519//8434
f 8626//8527 8554//8529 8489//8573
f 8554//8529 8423//8526 8568//8633
f 8540//8617 8555//8553 8525//8440
f 8566//8554 8555//8553 8538//8572
f 8537//8439 8556//8619 8408//8574
f 8542//8494 8556//8619 8543//8597
f 8543//8597 8537//8439 8567//8625
f 8561//8627 8562//8615 8558//8609
f 8502//8565 8557//8616 8558//8609
f 8558//8609 8557//8616 8561//8627
f 8560//8601 8559//8610 8546//8626
f 8502//8565 8559//8610 8509//8566
f 8546//8626 8639//8605 8640//8599
f 8509//8566 8560//8601 8507//8602
f 8567//8625 8557//8616 8543//8597
f 8524//8441 8547//8628 8561//8627
f 8562//8615 8547//8628 8563//8603
f 8546//8626 8558//8609 8562//8615
f 8641//8634 8565//8629 8572//8635
f 8572//8635 8573//8636 8571//8620
f 8570//8621 8569//8637 8608//8592
f 8612//8630 8609//8632 8611//8623
f 8565//8629 8568//8633 8573//8636
f 8641//8634 8547//8628 8488//8552
f 8538//8572 8554//8529 8566//8554
f 8566//8554 8554//8529 8568//8633
f 8524//8441 8561//8627 8567//8625
f 8557//8616 8567//8625 8561//8627
f 8573//8636 8568//8633 8423//8526
f 8566//8554 8568//8633 8565//8629
f 8631//8638 8569//8637 8632//8639
f 8564//8614 8570//8621 8548//8532
f 8564//8614 8506//8604 8570//8621
f 8571//8620 8506//8604 8563//8603
f 8572//8635 8571//8620 8563//8603
f 8569//8637 8570//8621 8571//8620
f 8641//8634 8563//8603 8547//8628
f 8572//8635 8565//8629 8573//8636
f 8632//8639 8628//8525 8629//8576
f 8573//8636 8569//8637 8571//8620
f 8574//8512 8421//8504 5258//5295
f 5270//5525 8574//8512 8430//8502
f 8575//8460 8452//8537 8576//8482
f 8581//8458 8575//8460 8453//8541
f 5283//5535 8576//8482 8452//8537
f 5285//5818 8576//8482 5284//5816
f 5286//5820 8577//8484 5285//5818
f 8575//8460 8577//8484 8453//8541
f 5287//5822 8578//8483 5286//5820
f 8439//8451 8526//8453 8579//8556
f 8582//8596 8579//8556 8495//8547
f 8453//8541 8579//8556 8581//8458
f 8613//8563 8582//8596 8495//8547
f 8581//8458 8584//8583 8433//8459
f 8582//8596 8581//8458 8579//8556
f 8581//8458 8582//8596 8584//8583
f 8582//8596 8613//8563 8583//8594
f 8582//8596 8580//8595 8584//8583
f 8600//8588 8483//8585 8593//8584
f 8603//8640 8602//8641 8583//8594
f 8585//8404 8580//8595 8602//8641
f 8580//8595 8585//8404 8584//8583
f 8416//8642 8587//8402 8585//8404
f 8590//8643 8586//8561 8589//8564
f 8587//8402 8588//8480 8586//8561
f 8442//8571 8590//8643 8589//8564
f 8588//8480 8587//8402 8416//8642
f 8591//8403 8586//8561 8590//8643
f 8416//8642 8592//8586 8596//8431
f 8588//8480 8417//8430 8594//8559
f 8590//8643 8442//8571 8478//8518
f 8586//8561 8588//8480 8594//8559
f 8414//8569 8614//8644 8478//8518
f 8590//8643 8614//8644 8591//8403
f 8614//8644 8590//8643 8478//8518
f 8585//8404 8591//8403 8595//8581
f 8598//8606 8599//8645 8597//8646
f 8593//8584 8485//8470 8436//8476
f 8599//8645 8598//8606 8592//8586
f 8592//8586 8598//8606 8593//8584
f 8435//8530 8594//8559 8417//8430
f 8586//8561 8594//8559 8589//8564
f 8585//8404 8595//8581 8584//8583
f 8591//8403 8614//8644 8616//8582
f 8416//8642 8596//8431 8588//8480
f 8596//8431 8592//8586 8436//8476
f 8603//8640 8583//8594 8604//8647
f 8603//8640 8604//8647 8597//8646
f 8599//8645 8592//8586 8416//8642
f 8598//8606 8597//8646 8600//8588
f 8602//8641 8599//8645 8416//8642
f 8603//8640 8599//8645 8602//8641
f 8597//8646 8604//8647 8607//8631
f 8606//8533 8601//8587 8605//8531
f 8483//8585 8601//8587 8486//8558
f 8601//8587 8600//8588 8605//8531
f 8585//8404 8602//8641 8416//8642
f 8583//8594 8602//8641 8580//8595
f 8604//8647 8583//8594 8418//8562
f 8597//8646 8599//8645 8603//8640
f 8610//8613 8418//8562 8515//8546
f 8605//8531 8612//8630 8548//8532
f 8600//8588 8607//8631 8605//8531
f 8604//8647 8609//8632 8607//8631
f 8548//8532 8570//8621 8608//8592
f 8601//8587 8606//8533 8426//8589
f 8597//8646 8607//8631 8600//8588
f 8418//8562 8610//8613 8604//8647
f 8608//8592 8569//8637 8631//8638
f 8548//8532 8608//8592 8606//8533
f 8615//8624 8514//8612 8534//8506
f 8564//8614 8611//8623 8528//8611
f 8514//8612 8609//8632 8610//8613
f 8604//8647 8610//8613 8609//8632
f 8612//8630 8564//8614 8548//8532
f 8615//8624 8611//8623 8609//8632
f 8607//8631 8612//8630 8605//8531
f 8564//8614 8612//8630 8611//8623
f 8515//8546 8613//8563 8495//8547
f 8418//8562 8583//8594 8613//8563
f 8414//8569 8482//8478 8614//8644
f 8616//8582 8614//8644 8482//8478
f 8514//8612 8615//8624 8609//8632
f 8534//8506 8510//8505 8617//8622
f 8616//8582 8482//8478 8625//8557
f 8591//8403 8616//8582 8595//8581
f 8611//8623 8617//8622 8528//8611
f 8534//8506 8617//8622 8615//8624
f 8505//8450 8618//8423 8456//8448
f 8619//8457 8618//8423 8460//8412
f 5294//5543 8619//8457 8460//8412
f 5296//5828 8619//8457 5295//5826
f 8620//8427 5296//5828 5297//5830
f 8618//8423 8620//8427 8461//8424
f 8479//8445 8621//8544 8424//8519
f 8520//8545 8621//8544 8468//8444
f 5253//5291 8622//8488 5252//5790
f 8519//8434 8622//8488 8470//8548
f 8414//8569 8621//8544 8624//8543
f 8432//8479 8482//8478 8623//8570
f 8535//8555 8624//8543 8520//8545
f 8414//8569 8624//8543 8623//8570
f 8575//8460 8625//8557 8452//8537
f 8616//8582 8625//8557 8433//8459
f 8642//8418 8491//8593 8463//8578
f 8626//8527 8642//8418 8628//8525
f 8490//8580 8627//8577 8489//8573
f 8642//8418 8627//8577 8491//8593
f 8629//8576 8425//8417 8462//8447
f 8628//8525 8425//8417 8629//8576
f 8445//8465 8643//8511 8630//8466
f 8632//8639 8633//8464 8631//8638
f 8631//8638 8426//8589 8608//8592
f 8423//8526 8632//8639 8573//8636
f 8632//8639 8569//8637 8573//8636
f 8426//8589 8631//8638 8630//8466
f 8628//8525 8632//8639 8423//8526
f 8633//8464 8632//8639 8629//8576
f 8445//8465 8633//8464 8629//8576
f 8631//8638 8633//8464 8630//8466
f 8635//8607 8509//8566 8456//8448
f 8637//8517 8634//8567 8512//8515
f 8636//8425 8635//8607 8456//8448
f 8512//8515 8634//8567 8635//8607
f 8618//8423 8636//8425 8456//8448
f 8636//8425 8461//8424 8530//8538
f 8512//8515 8529//8575 8638//8516
f 8502//8565 8637//8517 8532//8591
f 8420//8406 8638//8516 8529//8575
f 8532//8591 8638//8516 8549//8590
f 8640//8599 8506//8604 8545//8600
f 8562//8615 8639//8605 8546//8626
f 8546//8626 8640//8599 8560//8601
f 8506//8604 8640//8599 8639//8605
f 8565//8629 8641//8634 8488//8552
f 8563//8603 8641//8634 8572//8635
f 8628//8525 8642//8418 8425//8417
f 8642//8418 8626//8527 8627//8577
f 8446//8513 8643//8511 8445//8465
f 8484//8463 8644//8510 8428//8514
f 8630//8466 8644//8510 8426//8589
f 8428//8514 8644//8510 8643//8511
f 5256//5792 5257//5794 8647//8491
f 8646//8436 8645//8438 8448//8503
f 8500//8499 8646//8436 8448//8503
f 8447//8437 8646//8436 8429//8500
f 8499//8490 8647//8491 8421//8504
f 5256//5792 8647//8491 8645//8438
f 8686//8648 8700//8649 8672//8650
f 5408//5596 5409//5595 8648//8651
f 8781//8652 5407//5919 8648//8651
f 8648//8651 5407//5919 5408//5596
f 8758//8653 5406//5920 5407//5919
f 5397//5039 8740//8654 5396//5042
f 8672//8650 8685//8655 8699//8656
f 5373//5106 8700//8649 8673//8657
f 5405//5032 5406//5920 8759//8658
f 8783//8659 8683//8660 8759//8658
f 8814//8661 8817//8662 8839//8663
f 8702//8664 8687//8665 8674//8666
f 8769//8667 8798//8668 8871//8669
f 8667//8670 8712//8671 8666//8672
f 8676//8673 8778//8674 8795//8675
f 8664//8676 8888//8677 8720//8678
f 5401//5036 5402//5916 8667//8670
f 5384//5090 8681//8679 5383//5897
f 8649//8680 8781//8652 8648//8651
f 8743//8681 8677//8682 8746//8683
f 8798//8668 8770//8684 8667//8670
f 8805//8685 8804//8686 8651//8687
f 8847//8688 8848//8689 8784//8690
f 5380//5095 8718//8691 5379//5588
f 8770//8684 5401//5036 8667//8670
f 5359//5881 5360//5580 8713//8692
f 8701//8693 8686//8648 8672//8650
f 8651//8687 8652//8694 8785//8695
f 8716//8696 8669//8697 8671//8698
f 5399//5592 5400//5038 8770//8684
f 8894//8699 8768//8700 8767//8701
f 8771//8702 8740//8654 5398//5913
f 8703//8703 5332//5855 5333//5567
f 8892//8704 8682//8705 8741//8706
f 8793//8707 8768//8700 8748//8708
f 5398//5913 8740//8654 5397//5039
f 8749//8709 8710//8710 8742//8711
f 8704//8712 8688//8713 8773//8714
f 8710//8710 5394//5909 5395//5590
f 5387//5901 8765//8715 8680//8716
f 8723//8717 5348//5869 5349//5873
f 5373//5106 8673//8657 5372//5108
f 5345//5571 5346//5079 8726//8718
f 8671//8698 8766//8719 8765//8715
f 8729//8720 8709//8721 5392//5072
f 8716//8696 5390//5906 5391//5905
f 8681//8679 8888//8677 5383//5897
f 8744//8722 8890//8723 8662//8724
f 8765//8715 5388//5076 8671//8698
f 5389//5073 8671//8698 5388//5076
f 5403//5915 8698//8725 8712//8671
f 5342//5864 5343//5863 8715//8726
f 8716//8696 5391//5905 8709//8721
f 5360//5580 5361//5579 8673//8657
f 8680//8716 5386//5902 5387//5901
f 8680//8716 8764//8727 5386//5902
f 8662//8724 8890//8723 8735//8728
f 5391//5905 5392//5072 8709//8721
f 5384//5090 8764//8727 8681//8679
f 8678//8729 5353//5875 5354//5879
f 5380//5095 8777//8730 8718//8691
f 8720//8678 8752//8731 8664//8676
f 8665//8732 8764//8727 8680//8716
f 8749//8709 5393//5071 5394//5909
f 8888//8677 8777//8730 5382//5898
f 8712//8671 5402//5916 5403//5915
f 8698//8725 5403//5915 5404//5034
f 8889//8733 8718//8691 8777//8730
f 5378//5895 8670//8734 5377//5100
f 8764//8727 5384//5090 5385//5089
f 5376//5098 5377//5100 8670//8734
f 8670//8734 8699//8656 5376//5098
f 8658//8735 8787//8736 8762//8737
f 8705//8738 5337//5857 5338//5861
f 5375//5586 8685//8655 5374//5893
f 8719//8739 5378//5895 5379//5588
f 8685//8655 8700//8649 5374//5893
f 8673//8657 5371//5584 5372//5108
f 8720//8678 8681//8679 8665//8732
f 8680//8716 8766//8719 8894//8699
f 5370//5889 5363//5112 5369//5890
f 5370//5889 5371//5584 8761//8740
f 8674//8666 8788//8741 8762//8737
f 8725//8742 8711//8743 8724//8744
f 5373//5106 5374//5893 8700//8649
f 8704//8712 5334//5062 5335//5064
f 8719//8739 8670//8734 5378//5895
f 8888//8677 8664//8676 8777//8730
f 5364//5886 5368//5113 5369//5890
f 5357//5102 8701//8693 8684//8745
f 8837//8746 8859//8747 8806//8748
f 8772//8749 8672//8650 8699//8656
f 8840//8750 8655//8751 8841//8752
f 5358//5882 5359//5881 8686//8648
f 8676//8673 8690//8753 8778//8674
f 5341//5066 5342//5864 8715//8726
f 8700//8649 8685//8655 8672//8650
f 8669//8697 8716//8696 8733//8754
f 8762//8737 8657//8755 8658//8735
f 8655//8751 8656//8756 8792//8757
f 8772//8749 8670//8734 8668//8758
f 8791//8759 8807//8760 8762//8737
f 8781//8652 8782//8761 8758//8653
f 8707//8762 5344//5867 5345//5571
f 8727//8763 5344//5867 8707//8762
f 8753//8764 8755//8765 8743//8681
f 8854//8766 8855//8767 8708//8768
f 8828//8769 8827//8770 8823//8771
f 8715//8726 5343//5863 8727//8763
f 5375//5586 5376//5098 8699//8656
f 8689//8772 8705//8738 8732//8773
f 8759//8658 5404//5034 5405//5032
f 8659//8774 8702//8664 8787//8736
f 8707//8762 5345//5571 8726//8718
f 5332//5855 8687//8665 5331//5853
f 8702//8664 5330//5060 5331//5853
f 8779//8775 8796//8776 8800//8777
f 8688//8713 8788//8741 8703//8703
f 8712//8671 8698//8725 8683//8660
f 5329//5059 5330//5060 8659//8774
f 5328//5057 5329//5059 8659//8774
f 8732//8773 5339//5569 8714//8778
f 8776//8779 8799//8780 8774//8781
f 8684//8745 8668//8758 8736//8782
f 8704//8712 8776//8779 8808//8783
f 8703//8703 8773//8714 8688//8713
f 8699//8656 8685//8655 5375//5586
f 8680//8716 8765//8715 8766//8719
f 8891//8784 5355//5578 8721//8785
f 8775//8786 8704//8712 5335//5064
f 8703//8703 8674//8666 8687//8665
f 8676//8673 8795//8675 8797//8787
f 5335//5064 5336//5858 8775//8786
f 8757//8788 8744//8722 8752//8731
f 5357//5102 8684//8745 8382//5103
f 5331//5853 8687//8665 8702//8664
f 8715//8726 8731//8789 5341//5066
f 8808//8783 8776//8779 8774//8781
f 5362//5110 8761//8740 5361//5579
f 8686//8648 5359//5881 8713//8692
f 5348//5869 8723//8717 8738//8790
f 8739//8791 8800//8777 8724//8744
f 8672//8650 8772//8749 8701//8693
f 8713//8692 8673//8657 8700//8649
f 8827//8770 8786//8792 8817//8662
f 8748//8708 8745//8793 8780//8794
f 8761//8740 8673//8657 5361//5579
f 8821//8795 8812//8796 8815//8797
f 5367//5116 5365//5885 5366//5190
f 5367//5116 5368//5113 5365//5885
f 8732//8773 5338//5861 5339//5569
f 8695//8798 8679//8799 8737//8800
f 8714//8778 5339//5569 5340//5067
f 5365//5885 5368//5113 5364//5886
f 5364//5886 5369//5890 5363//5112
f 8730//8801 8678//8729 8744//8722
f 5363//5112 5370//5889 8761//8740
f 8702//8664 8659//8774 5330//5060
f 5332//5855 8703//8703 8687//8665
f 5357//5102 5358//5882 8701//8693
f 8684//8745 8701//8693 8772//8749
f 8711//8743 5351//5093 5352//5092
f 8890//8723 8744//8722 8678//8729
f 8726//8718 5346//5079 8690//8753
f 8695//8798 5349//5873 5350//5573
f 8737//8800 8723//8717 8695//8798
f 5406//5920 8758//8653 8759//8658
f 8706//8802 8731//8789 8856//8803
f 8724//8744 8679//8799 8695//8798
f 8852//8804 8676//8673 8797//8787
f 8726//8718 8690//8753 8851//8805
f 8686//8648 8701//8693 5358//5882
f 5356//5577 8382//5103 8684//8745
f 8771//8702 5399//5592 8770//8684
f 8740//8654 8710//8710 5395//5590
f 8721//8785 5355//5578 5356//5577
f 5353//5875 8678//8729 8730//8801
f 5390//5906 8671//8698 5389//5073
f 5356//5577 8684//8745 8736//8782
f 8746//8683 8729//8720 8743//8681
f 8694//8806 8728//8807 8741//8706
f 8725//8742 5350//5573 5351//5093
f 5347//5078 8690//8753 5346//5079
f 8773//8714 5333//5567 5334//5062
f 8775//8786 5337//5857 8705//8738
f 8667//8670 8666//8672 8798//8668
f 8818//8808 8813//8809 8689//8772
f 8702//8664 8674//8666 8787//8736
f 8707//8762 8692//8810 8727//8763
f 8727//8763 8854//8766 8708//8768
f 8856//8803 8708//8768 8855//8767
f 8729//8720 5392//5072 5393//5071
f 8716//8696 8709//8721 8693//8811
f 5396//5042 8740//8654 5395//5590
f 8710//8710 8694//8806 8742//8711
f 5352//5092 5353//5875 8730//8801
f 8711//8743 8696//8812 8724//8744
f 8712//8671 8683//8660 8849//8813
f 8712//8671 8667//8670 5402//5916
f 8673//8657 8713//8692 5360//5580
f 8686//8648 8713//8692 8700//8649
f 8731//8789 5340//5067 5341//5066
f 8732//8773 8714//8778 8706//8802
f 5343//5863 5344//5867 8727//8763
f 8708//8768 8731//8789 8715//8726
f 8716//8696 8693//8811 8733//8754
f 5390//5906 8716//8696 8671//8698
f 8662//8724 8889//8733 8664//8676
f 8668//8758 8670//8734 8734//8814
f 5380//5095 5381//5094 8777//8730
f 8717//8815 8734//8814 8719//8739
f 5379//5588 8718//8691 8719//8739
f 8717//8815 8719//8739 8718//8691
f 8754//8816 8720//8678 8756//8817
f 8801//8818 8754//8816 8663//8819
f 8734//8814 8735//8728 8668//8758
f 8890//8723 8891//8784 8721//8785
f 8794//8820 8796//8776 8779//8775
f 8738//8790 5347//5078 5348//5869
f 8695//8798 8723//8717 5349//5873
f 8738//8790 8723//8717 8722//8821
f 8695//8798 5350//5573 8725//8742
f 8739//8791 8724//8744 8696//8812
f 8711//8743 8725//8742 5351//5093
f 8695//8798 8725//8742 8724//8744
f 8851//8805 8690//8753 8676//8673
f 8692//8810 8707//8762 8726//8718
f 8692//8810 8867//8822 8854//8766
f 8715//8726 8727//8763 8708//8768
f 8741//8706 8728//8807 8697//8823
f 8694//8806 8710//8710 8728//8807
f 8742//8711 8743//8681 8729//8720
f 8729//8720 8693//8811 8709//8721
f 8696//8812 8711//8743 8730//8801
f 8730//8801 8711//8743 5352//5092
f 8706//8802 8714//8778 8731//8789
f 8714//8778 5340//5067 8731//8789
f 8732//8773 8706//8802 8819//8824
f 5338//5861 8732//8773 8705//8738
f 8693//8811 8745//8793 8733//8754
f 8780//8794 8745//8793 8747//8825
f 8719//8739 8734//8814 8670//8734
f 8735//8728 8734//8814 8717//8815
f 8735//8728 8717//8815 8889//8733
f 8735//8728 8721//8785 8736//8782
f 8735//8728 8736//8782 8668//8758
f 5356//5577 8736//8782 8721//8785
f 8796//8776 8737//8800 8679//8799
f 8723//8717 8737//8800 8722//8821
f 8778//8674 8738//8790 8722//8821
f 8690//8753 5347//5078 8738//8790
f 8752//8731 8754//8816 8757//8788
f 8801//8818 8779//8775 8800//8777
f 8697//8823 8728//8807 8740//8654
f 8740//8654 8728//8807 8710//8710
f 8892//8704 8741//8706 8697//8823
f 8741//8706 8682//8705 8751//8826
f 8742//8711 8694//8806 8743//8681
f 8729//8720 5393//5071 8749//8709
f 8694//8806 8741//8706 8751//8826
f 8743//8681 8694//8806 8753//8764
f 8752//8731 8744//8722 8662//8724
f 8696//8812 8730//8801 8744//8722
f 8746//8683 8693//8811 8729//8720
f 8745//8793 8677//8682 8747//8825
f 8677//8682 8745//8793 8746//8683
f 8693//8811 8746//8683 8745//8793
f 8743//8681 8755//8765 8677//8682
f 8851//8805 8692//8810 8726//8718
f 8669//8697 8733//8754 8748//8708
f 8748//8708 8733//8754 8745//8793
f 8710//8710 8749//8709 5394//5909
f 8729//8720 8749//8709 8742//8711
f 8877//8827 8682//8705 8882//8828
f 8865//8829 8677//8682 8755//8765
f 8751//8826 8682//8705 8877//8827
f 8751//8826 8750//8830 8753//8764
f 8664//8676 8752//8731 8662//8724
f 8754//8816 8752//8731 8720//8678
f 8751//8826 8753//8764 8694//8806
f 8753//8764 8750//8830 8755//8765
f 8720//8678 8665//8732 8756//8817
f 8757//8788 8754//8816 8739//8791
f 8880//8831 8875//8832 8876//8833
f 8850//8834 8872//8835 8747//8825
f 8894//8699 8756//8817 8665//8732
f 8663//8819 8754//8816 8756//8817
f 8739//8791 8696//8812 8757//8788
f 8744//8722 8757//8788 8696//8812
f 8803//8836 8649//8680 8650//8837
f 8698//8725 8759//8658 8683//8660
f 8759//8658 8698//8725 5404//5034
f 8783//8659 8758//8653 8782//8761
f 8827//8770 8829//8838 8786//8792
f 8831//8839 8845//8840 8760//8841
f 8761//8740 5362//5110 5363//5112
f 5371//5584 8673//8657 8761//8740
f 8788//8741 8674//8666 8703//8703
f 8809//8842 8789//8843 8790//8844
f 8656//8756 8657//8755 8807//8760
f 8785//8695 8837//8746 8831//8839
f 8681//8679 8764//8727 8665//8732
f 5386//5902 8764//8727 5385//5089
f 5388//5076 8765//8715 5387//5901
f 8766//8719 8671//8698 8669//8697
f 8768//8700 8766//8719 8669//8697
f 8894//8699 8663//8819 8756//8817
f 8748//8708 8660//8845 8793//8707
f 8779//8775 8833//8846 8794//8820
f 8748//8708 8768//8700 8669//8697
f 8767//8701 8802//8847 8894//8699
f 8846//8848 8871//8669 8666//8672
f 8771//8702 8770//8684 8769//8667
f 8770//8684 5400//5038 5401//5036
f 8769//8667 8892//8704 8771//8702
f 8740//8654 8771//8702 8697//8823
f 5399//5592 8771//8702 5398//5913
f 8670//8734 8772//8749 8699//8656
f 8684//8745 8772//8749 8668//8758
f 5333//5567 8773//8714 8703//8703
f 5334//5062 8704//8712 8773//8714
f 8811//8849 8774//8781 8813//8809
f 8763//8850 8832//8851 8809//8842
f 5337//5857 8775//8786 5336//5858
f 8705//8738 8689//8772 8799//8780
f 8704//8712 8775//8786 8776//8779
f 8775//8786 8705//8738 8799//8780
f 5382//5898 8777//8730 5381//5094
f 8889//8733 8777//8730 8664//8676
f 8738//8790 8778//8674 8690//8753
f 8737//8800 8796//8776 8722//8821
f 8802//8847 8779//8775 8801//8818
f 8793//8707 8794//8820 8833//8846
f 8835//8852 8780//8794 8747//8825
f 8660//8845 8748//8708 8780//8794
f 8781//8652 8649//8680 8803//8836
f 5407//5919 8781//8652 8758//8653
f 8804//8686 8784//8690 8782//8761
f 8783//8659 8759//8658 8758//8653
f 8782//8761 8784//8690 8783//8659
f 8783//8659 8848//8689 8683//8660
f 8803//8836 8804//8686 8782//8761
f 8760//8841 8830//8853 8847//8688
f 8653//8854 8859//8747 8837//8746
f 8805//8685 8760//8841 8784//8690
f 8810//8855 8815//8797 8814//8661
f 8810//8855 8814//8661 8763//8850
f 8787//8736 8658//8735 8659//8774
f 8674//8666 8762//8737 8787//8736
f 8790//8844 8789//8843 8791//8759
f 8688//8713 8790//8844 8788//8741
f 8809//8842 8832//8851 8789//8843
f 8762//8737 8788//8741 8791//8759
f 8688//8713 8808//8783 8790//8844
f 8774//8781 8689//8772 8813//8809
f 8790//8844 8791//8759 8788//8741
f 8791//8759 8789//8843 8807//8760
f 8792//8757 8656//8756 8807//8760
f 8839//8663 8841//8752 8814//8661
f 8660//8845 8834//8856 8793//8707
f 8768//8700 8793//8707 8767//8701
f 8795//8675 8794//8820 8834//8856
f 8796//8776 8795//8675 8722//8821
f 8722//8821 8795//8675 8778//8674
f 8794//8820 8793//8707 8834//8856
f 8796//8776 8679//8799 8800//8777
f 8795//8675 8796//8776 8794//8820
f 8835//8852 8660//8845 8780//8794
f 8660//8845 8835//8852 8797//8787
f 8798//8668 8666//8672 8871//8669
f 8770//8684 8798//8668 8769//8667
f 8774//8781 8799//8780 8689//8772
f 8775//8786 8799//8780 8776//8779
f 8724//8744 8800//8777 8679//8799
f 8801//8818 8800//8777 8739//8791
f 8754//8816 8801//8818 8739//8791
f 8802//8847 8801//8818 8663//8819
f 8802//8847 8663//8819 8894//8699
f 8833//8846 8802//8847 8767//8701
f 8804//8686 8803//8836 8650//8837
f 8781//8652 8803//8836 8782//8761
f 8650//8837 8651//8687 8804//8686
f 8805//8685 8651//8687 8785//8695
f 8760//8841 8805//8685 8785//8695
f 8784//8690 8804//8686 8805//8685
f 8652//8694 8837//8746 8785//8695
f 8860//8857 8653//8854 8654//8858
f 8807//8760 8657//8755 8762//8737
f 8807//8760 8789//8843 8832//8851
f 8808//8783 8688//8713 8704//8712
f 8811//8849 8808//8783 8774//8781
f 8808//8783 8811//8849 8790//8844
f 8790//8844 8811//8849 8809//8842
f 8810//8855 8675//8859 8815//8797
f 8763//8850 8809//8842 8810//8855
f 8675//8859 8810//8855 8811//8849
f 8811//8849 8810//8855 8809//8842
f 8842//8860 8820//8861 8675//8859
f 8817//8662 8812//8796 8827//8770
f 8819//8824 8816//8862 8818//8808
f 8675//8859 8811//8849 8813//8809
f 8812//8796 8817//8662 8814//8661
f 8817//8662 8786//8792 8839//8663
f 8821//8795 8675//8859 8820//8861
f 8814//8661 8815//8797 8812//8796
f 8881//8863 8863//8864 8862//8865
f 8820//8861 8842//8860 8818//8808
f 8827//8770 8812//8796 8825//8866
f 8786//8792 8861//8867 8839//8663
f 8689//8772 8732//8773 8819//8824
f 8818//8808 8816//8862 8820//8861
f 8706//8802 8856//8803 8858//8868
f 8689//8772 8819//8824 8818//8808
f 8843//8869 8816//8862 8844//8870
f 8821//8795 8815//8797 8675//8859
f 8824//8871 8821//8795 8820//8861
f 8812//8796 8821//8795 8825//8866
f 8863//8864 8843//8869 8844//8870
f 8877//8827 8876//8833 8750//8830
f 8825//8866 8821//8795 8826//8872
f 8885//8873 8882//8828 8883//8874
f 8816//8862 8843//8869 8820//8861
f 8885//8873 8886//8875 8822//8876
f 8826//8872 8821//8795 8824//8871
f 8825//8866 8823//8771 8827//8770
f 8886//8875 8824//8871 8822//8876
f 8823//8771 8825//8866 8826//8872
f 8823//8771 8884//8877 8828//8769
f 8806//8748 8861//8867 8829//8838
f 8830//8853 8828//8769 8661//8878
f 8760//8841 8785//8695 8831//8839
f 8827//8770 8828//8769 8829//8838
f 8829//8838 8828//8769 8845//8840
f 8661//8878 8846//8848 8830//8853
f 8847//8688 8784//8690 8760//8841
f 8806//8748 8829//8838 8831//8839
f 8831//8839 8829//8838 8845//8840
f 8763//8850 8792//8757 8832//8851
f 8807//8760 8832//8851 8792//8757
f 8802//8847 8833//8846 8779//8775
f 8793//8707 8833//8846 8767//8701
f 8660//8845 8797//8787 8834//8856
f 8795//8675 8834//8856 8797//8787
f 8850//8834 8747//8825 8865//8829
f 8836//8879 8873//8880 8866//8881
f 8852//8804 8797//8787 8873//8880
f 8872//8835 8866//8881 8873//8880
f 8653//8854 8837//8746 8652//8694
f 8831//8839 8837//8746 8806//8748
f 8839//8663 8838//8882 8840//8750
f 8861//8867 8838//8882 8839//8663
f 8860//8857 8840//8750 8838//8882
f 8841//8752 8763//8850 8814//8661
f 8654//8858 8655//8751 8840//8750
f 8841//8752 8655//8751 8792//8757
f 8763//8850 8841//8752 8792//8757
f 8839//8663 8840//8750 8841//8752
f 8675//8859 8813//8809 8842//8860
f 8818//8808 8842//8860 8813//8809
f 8858//8868 8819//8824 8706//8802
f 8824//8871 8820//8861 8843//8869
f 8844//8870 8857//8883 8869//8884
f 8824//8871 8863//8864 8822//8876
f 8828//8769 8830//8853 8845//8840
f 8845//8840 8830//8853 8760//8841
f 8661//8878 8864//8885 8871//8669
f 8849//8813 8848//8689 8846//8848
f 8830//8853 8846//8848 8847//8688
f 8666//8672 8849//8813 8846//8848
f 8784//8690 8848//8689 8783//8659
f 8846//8848 8848//8689 8847//8688
f 8712//8671 8849//8813 8666//8672
f 8683//8660 8848//8689 8849//8813
f 8850//8834 8865//8829 8874//8886
f 8868//8887 8853//8888 8879//8889
f 8852//8804 8851//8805 8676//8673
f 8851//8805 8836//8879 8867//8822
f 8873//8880 8797//8787 8835//8852
f 8851//8805 8852//8804 8836//8879
f 8855//8767 8854//8766 8853//8888
f 8851//8805 8867//8822 8692//8810
f 8692//8810 8854//8766 8727//8763
f 8855//8767 8853//8888 8868//8887
f 8857//8883 8691//8890 8869//8884
f 8858//8868 8816//8862 8819//8824
f 8708//8768 8856//8803 8731//8789
f 8856//8803 8855//8767 8857//8883
f 8691//8890 8857//8883 8855//8767
f 8816//8862 8857//8883 8844//8870
f 8856//8803 8857//8883 8858//8868
f 8816//8862 8858//8868 8857//8883
f 8860//8857 8859//8747 8653//8854
f 8859//8747 8838//8882 8861//8867
f 8840//8750 8860//8857 8654//8858
f 8859//8747 8860//8857 8838//8882
f 8829//8838 8861//8867 8786//8792
f 8859//8747 8861//8867 8806//8748
f 8691//8890 8879//8889 8878//8891
f 8880//8831 8876//8833 8881//8863
f 8843//8869 8863//8864 8824//8871
f 8863//8864 8844//8870 8869//8884
f 8885//8873 8883//8874 8884//8877
f 8864//8885 8882//8828 8893//8892
f 8677//8682 8865//8829 8747//8825
f 8874//8886 8865//8829 8755//8765
f 8874//8886 8879//8889 8850//8834
f 8866//8881 8853//8888 8867//8822
f 8866//8881 8867//8822 8836//8879
f 8854//8766 8867//8822 8853//8888
f 8879//8889 8853//8888 8866//8881
f 8691//8890 8855//8767 8868//8887
f 8878//8891 8869//8884 8691//8890
f 8863//8864 8869//8884 8862//8865
f 8870//8893 8874//8886 8875//8832
f 8870//8893 8880//8831 8878//8891
f 8661//8878 8871//8669 8846//8848
f 8871//8669 8864//8885 8769//8667
f 8747//8825 8872//8835 8835//8852
f 8879//8889 8872//8835 8850//8834
f 8852//8804 8873//8880 8836//8879
f 8872//8835 8873//8880 8835//8852
f 8875//8832 8874//8886 8755//8765
f 8879//8889 8874//8886 8870//8893
f 8755//8765 8750//8830 8875//8832
f 8875//8832 8750//8830 8876//8833
f 8750//8830 8751//8826 8877//8827
f 8863//8864 8881//8863 8822//8876
f 8892//8704 8893//8892 8682//8705
f 8881//8863 8876//8833 8887//8894
f 8869//8884 8878//8891 8862//8865
f 8691//8890 8868//8887 8879//8889
f 8879//8889 8866//8881 8872//8835
f 8870//8893 8878//8891 8879//8889
f 8878//8891 8880//8831 8862//8865
f 8875//8832 8880//8831 8870//8893
f 8880//8831 8881//8863 8862//8865
f 8887//8894 8876//8833 8877//8827
f 8661//8878 8883//8874 8864//8885
f 8864//8885 8883//8874 8882//8828
f 8884//8877 8661//8878 8828//8769
f 8883//8874 8661//8878 8884//8877
f 8886//8875 8823//8771 8826//8872
f 8882//8828 8885//8873 8877//8827
f 8886//8875 8885//8873 8884//8877
f 8887//8894 8822//8876 8881//8863
f 8823//8771 8886//8875 8884//8877
f 8824//8871 8886//8875 8826//8872
f 8877//8827 8885//8873 8887//8894
f 8887//8894 8885//8873 8822//8876
f 5383//5897 8888//8677 5382//5898
f 8720//8678 8888//8677 8681//8679
f 8735//8728 8889//8733 8662//8724
f 8718//8691 8889//8733 8717//8815
f 8891//8784 8890//8723 8678//8729
f 8735//8728 8890//8723 8721//8785
f 8678//8729 5354//5879 8891//8784
f 5355//5578 8891//8784 5354//5879
f 8771//8702 8892//8704 8697//8823
f 8893//8892 8769//8667 8864//8885
f 8682//8705 8893//8892 8882//8828
f 8769//8667 8893//8892 8892//8704
f 8680//8716 8894//8699 8665//8732
f 8768//8700 8894//8699 8766//8719
f 5077//5248 8913//8895 8912//8896
f 8913//8895 5077//5248 8895//8897
f 8912//8896 8914//8898 5077//5248
f 8911//8899 5075//5470 8914//8898
f 8914//8898 5075//5470 5076//5469
f 8914//8898 5076//5469 5077//5248
f 8912//8896 8911//8899 8914//8898
f 8913//8895 8915//8900 8912//8896
f 8896//8901 8897//8902 8916//8903
f 8895//8897 8896//8901 8915//8900
f 8929//8904 8915//8900 8916//8903
f 8916//8903 8915//8900 8896//8901
f 8917//8905 8916//8903 8897//8902
f 8912//8896 8915//8900 8930//8906
f 8897//8902 8898//8907 8917//8905
f 8895//8897 8915//8900 8913//8895
f 8928//8908 8916//8903 8917//8905
f 5073//5230 5074//5654 8911//8899
f 5074//5654 5075//5470 8911//8899
f 5073//5230 8911//8899 8910//8909
f 5071//5245 5072//5244 8910//8909
f 8910//8909 5072//5244 5073//5230
f 8911//8899 8909//8910 8910//8909
f 8915//8900 8929//8904 8930//8906
f 8929//8904 8916//8903 8928//8908
f 8929//8904 8928//8908 8907//8911
f 8930//8906 8929//8904 8908//8912
f 8930//8906 8908//8912 8909//8910
f 8908//8912 8929//8904 8907//8911
f 8928//8908 8906//8913 8907//8911
f 8930//8906 8909//8910 8911//8899
f 8912//8896 8930//8906 8911//8899
f 8917//8905 8927//8914 8928//8908
f 8918//8915 8898//8907 8899//8916
f 8919//8917 8899//8916 8900//8918
f 8899//8916 8919//8917 8918//8915
f 8919//8917 8900//8918 8920//8919
f 8926//8920 8919//8917 8920//8919
f 8918//8915 8919//8917 8927//8914
f 8900//8918 8901//8921 8920//8919
f 8927//8914 8917//8905 8918//8915
f 8901//8921 5119//5355 8923//8922
f 5119//5355 5120//5354 8922//8923
f 8901//8921 8923//8922 8921//8924
f 5119//5355 8921//8924 8923//8922
f 5119//5355 8922//8923 8921//8924
f 8922//8923 5120//5354 5121//5680
f 8925//8925 8920//8919 8921//8924
f 8901//8921 8921//8924 8920//8919
f 8924//8926 8921//8924 8922//8923
f 8905//8927 8927//8914 8926//8920
f 8927//8914 8919//8917 8926//8920
f 8926//8920 8920//8919 8925//8925
f 8904//8928 8926//8920 8925//8925
f 8905//8927 8906//8913 8927//8914
f 8904//8928 8905//8927 8926//8920
f 8925//8925 8903//8929 8904//8928
f 8906//8913 8928//8908 8927//8914
f 8924//8926 5121//5680 5122//5358
f 8924//8926 8925//8925 8921//8924
f 8924//8926 5122//5358 5123//5357
f 8903//8929 8924//8926 8902//8930
f 5123//5357 5124//5359 8902//8930
f 8924//8926 5123//5357 8902//8930
f 8924//8926 8903//8929 8925//8925
f 8924//8926 8922//8923 5121//5680
f 8918//8915 8917//8905 8898//8907
f 5059//5196 8955//8931 8954//8932
f 8955//8931 8931//8933 8954//8932
f 8931//8933 8955//8931 5059//5196
f 8954//8932 8956//8934 5059//5196
f 8953//8935 5056//5641 5057//5640
f 5057//5640 8956//8934 8953//8935
f 8956//8934 5058//5643 5059//5196
f 5057//5640 5058//5643 8956//8934
f 8956//8934 8954//8932 8953//8935
f 8931//8933 8957//8936 8954//8932
f 8932//8937 8933//8938 8958//8939
f 8934//8940 8935//8941 8960//8942
f 8933//8938 8934//8940 8959//8943
f 8978//8944 8957//8936 8958//8939
f 8958//8939 8957//8936 8932//8937
f 8976//8945 8959//8943 8960//8942
f 8959//8943 8958//8939 8933//8938
f 8961//8946 8960//8942 8935//8941
f 8958//8939 8959//8943 8977//8947
f 8934//8940 8960//8942 8959//8943
f 8954//8932 8957//8936 8979//8948
f 8935//8941 8936//8949 8961//8946
f 8932//8937 8957//8936 8931//8933
f 8975//8950 8960//8942 8961//8946
f 8952//8951 5054//5199 5055//5205
f 8952//8951 5055//5205 8953//8935
f 8953//8935 8954//8932 8979//8948
f 5055//5205 5056//5641 8953//8935
f 8951//8952 8953//8935 8979//8948
f 8952//8951 5053//5197 5054//5199
f 8951//8952 8952//8951 8953//8935
f 8979//8948 8950//8953 8951//8952
f 8979//8948 8978//8944 8950//8953
f 8978//8944 8977//8947 8949//8954
f 8978//8944 8958//8939 8977//8947
f 8977//8947 8976//8945 8948//8955
f 8975//8950 8976//8945 8960//8942
f 8979//8948 8957//8936 8978//8944
f 8947//8956 8976//8945 8975//8950
f 8949//8954 8977//8947 8948//8955
f 8975//8950 8946//8957 8947//8956
f 8947//8956 8948//8955 8976//8945
f 8946//8957 8974//8958 8973//8959
f 8946//8957 8975//8950 8974//8958
f 8975//8950 8961//8946 8974//8958
f 8978//8944 8949//8954 8950//8953
f 8977//8947 8959//8943 8976//8945
f 8961//8946 8962//8960 8974//8958
f 8962//8960 8936//8949 8937//8961
f 8963//8962 8937//8961 8938//8963
f 8964//8964 8938//8963 8939//8965
f 8962//8960 8963//8962 8973//8959
f 8962//8960 8937//8961 8963//8962
f 8963//8962 8964//8964 8972//8966
f 8965//8967 8964//8964 8939//8965
f 8938//8963 8964//8964 8963//8962
f 8971//8968 8964//8964 8965//8967
f 8939//8965 8940//8969 8965//8967
f 8973//8959 8974//8958 8962//8960
f 8968//8970 8940//8969 5140//5372
f 5140//5372 5141//5697 5142//5696
f 5140//5372 5142//5696 8968//8970
f 8968//8970 8966//8971 8940//8969
f 8966//8971 5142//5696 8967//8972
f 5142//5696 8966//8971 8968//8970
f 5144//5475 8967//8972 5143//5698
f 5142//5696 5143//5698 8967//8972
f 8967//8972 5144//5475 5145//5477
f 8940//8969 8966//8971 8965//8967
f 8965//8967 8966//8971 8970//8973
f 8973//8959 8972//8966 8945//8974
f 8973//8959 8963//8962 8972//8966
f 8971//8968 8970//8973 8943//8975
f 8971//8968 8965//8967 8970//8973
f 8964//8964 8971//8968 8972//8966
f 8972//8966 8971//8968 8944//8976
f 8945//8974 8972//8966 8944//8976
f 8970//8973 8942//8977 8943//8975
f 8943//8975 8944//8976 8971//8968
f 8942//8977 8969//8978 8941//8979
f 8942//8977 8970//8973 8969//8978
f 8966//8971 8969//8978 8970//8973
f 8945//8974 8946//8957 8973//8959
f 5146//5479 5147//5478 8969//8978
f 5146//5479 8967//8972 5145//5477
f 5148//5376 8969//8978 5147//5478
f 5148//5376 5149//5480 8969//8978
f 8969//8978 5150//5375 8941//8979
f 8969//8978 5149//5480 5150//5375
f 5151//5374 5152//5481 8941//8979
f 5150//5375 5151//5374 8941//8979
f 8969//8978 8967//8972 5146//5479
f 8966//8971 8967//8972 8969//8978
f 8962//8960 8961//8946 8936//8949
f 5092//5664 5093//5220 8991//8980
f 8988//8981 5091//5225 8991//8980
f 8991//8980 5091//5225 5092//5664
f 8990//8982 8989//8983 8991//8980
f 8990//8982 8980//8984 8989//8983
f 8980//8984 8990//8982 5093//5220
f 8988//8981 8991//8980 8989//8983
f 8992//8985 8989//8983 8980//8984
f 8980//8984 8981//8986 8992//8985
f 5093//5220 8990//8982 8991//8980
f 9000//8987 8989//8983 8992//8985
f 5089//5215 5090//5226 8987//8988
f 8987//8988 5088//5213 5089//5215
f 5090//5226 8988//8981 8987//8988
f 8988//8981 9000//8987 8986//8989
f 8988//8981 5090//5226 5091//5225
f 9000//8987 8985//8990 8986//8989
f 8985//8990 9000//8987 8999//8991
f 8985//8990 8999//8991 8998//8992
f 9000//8987 8992//8985 8999//8991
f 8988//8981 8986//8989 8987//8988
f 8989//8983 9000//8987 8988//8981
f 8992//8985 8993//8993 8999//8991
f 8981//8986 8982//8994 8993//8993
f 8994//8995 8982//8994 8996//8996
f 8982//8994 8994//8995 8993//8993
f 8982//8994 5103//5340 8996//8996
f 8998//8992 8999//8991 8993//8993
f 5103//5340 8995//8997 8994//8995
f 8993//8993 8994//8995 8998//8992
f 8996//8996 5103//5340 8994//8995
f 5104//5339 5105//5344 8995//8997
f 8995//8997 5103//5340 5104//5339
f 8997//8998 8994//8995 8995//8997
f 8998//8992 8997//8998 8984//8999
f 8998//8992 8994//8995 8997//8998
f 8983//9000 8984//8999 8997//8998
f 8997//8998 5106//5341 8983//9000
f 8984//8999 8985//8990 8998//8992
f 5105//5344 5106//5341 8997//8998
f 5108//5348 5109//5347 8983//9000
f 8983//9000 5107//5343 5108//5348
f 5107//5343 8983//9000 5106//5341
f 8995//8997 5105//5344 8997//8998
f 8993//8993 8992//8985 8981//8986
f 272//265 9036//9001 273//679
f 9006//9002 9007//9003 9031//9004
f 9024//9005 277//243 9036//9001
f 9016//9006 9023//9007 9015//9008
f 9036//9001 274//680 273//679
f 9004//9009 9025//9010 9003//9011
f 9024//9005 9036//9001 9017//9012
f 9020//9013 9032//9014 9019//9015
f 9021//9016 9022//9017 9018//9018
f 9026//9019 9029//9020 9013//9021
f 9028//9022 9032//9014 9011//9023
f 9036//9001 272//265 9001//9024
f 9032//9014 9033//9025 9010//9026
f 9022//9017 9003//9011 9025//9010
f 278//244 9024//9005 279//246
f 9003//9011 9022//9017 9002//9027
f 9016//9006 280//3709 3686//247
f 9035//9028 9034//9029 9008//9030
f 3686//247 279//246 9016//9006
f 9021//9016 9027//9031 9014//9032
f 9024//9005 9023//9007 9016//9006
f 9036//9001 276//683 275//682
f 9021//9016 9023//9007 9017//9012
f 9024//9005 278//244 277//243
f 9015//9008 9023//9007 9021//9016
f 9007//9003 9008//9030 9034//9029
f 9014//9032 9015//9008 9021//9016
f 9016//9006 279//246 9024//9005
f 9017//9012 9002//9027 9022//9017
f 9026//9019 9027//9031 9018//9018
f 9004//9009 9005//9033 9026//9019
f 9038//9034 9033//9025 9020//9013
f 9025//9010 9026//9019 9018//9018
f 9027//9031 9021//9016 9018//9018
f 9028//9022 9011//9023 9012//9035
f 9022//9017 9021//9016 9017//9012
f 9030//9036 9037//9037 9006//9002
f 9031//9004 9030//9036 9006//9002
f 9008//9030 230//999 229//998
f 9022//9017 9025//9010 9018//9018
f 227//669 9035//9028 228//670
f 9026//9019 9025//9010 9004//9009
f 9034//9029 9035//9028 9020//9013
f 9035//9028 229//998 228//670
f 9029//9020 9037//9037 9028//9022
f 9034//9029 9019//9015 9031//9004
f 9031//9004 9007//9003 9034//9029
f 225//461 9038//9034 226//462
f 9036//9001 277//243 276//683
f 9019//9015 9032//9014 9028//9022
f 9033//9025 9032//9014 9020//9013
f 9010//9026 9033//9025 9009//9038
f 9010//9026 9011//9023 9032//9014
f 9026//9019 9005//9033 9037//9037
f 9038//9034 224//997 223//463
f 9001//9024 9002//9027 9017//9012
f 223//463 222//465 9009//9038
f 9017//9012 9023//9007 9024//9005
f 9037//9037 9029//9020 9026//9019
f 9038//9034 223//463 9009//9038
f 9013//9021 9014//9032 9027//9031
f 9035//9028 9038//9034 9020//9013
f 9035//9028 226//462 9038//9034
f 9013//9021 9029//9020 9012//9035
f 9019//9015 9028//9022 9030//9036
f 9027//9031 9026//9019 9013//9021
f 9030//9036 9031//9004 9019//9015
f 9012//9035 9029//9020 9028//9022
f 9034//9029 9020//9013 9019//9015
f 9035//9028 9008//9030 229//998
f 226//462 9035//9028 227//669
f 274//680 9036//9001 275//682
f 9017//9012 9036//9001 9001//9024
f 9006//9002 9037//9037 9005//9033
f 9028//9022 9037//9037 9030//9036
f 224//997 9038//9034 225//461
f 9038//9034 9009//9038 9033//9025
