# Blender 4.2.1 LTS
# www.blender.org
o ground_truth
v -23.606447 1.125137 -1.689570
v -23.743608 1.107458 -1.688020
v -23.880980 1.091934 -1.683366
v -24.661749 1.317638 -1.782068
v -25.425482 1.610318 -1.941786
v -26.056269 2.090155 -2.174251
v -26.149164 2.694934 -2.870831
v -25.949518 3.353329 -3.656465
v -25.589399 3.943478 -4.468790
v -25.176296 4.525671 -5.213459
v -24.768049 5.040451 -5.927186
v -24.366673 5.615549 -6.533010
v -23.960167 6.177501 -7.111980
v -23.700289 5.830596 -7.949784
v -23.335148 5.525548 -8.778239
v -22.867216 5.272725 -9.566306
v -22.230127 5.059226 -10.265592
v -21.434904 4.910017 -10.766652
v -20.543758 4.828248 -10.988946
v -20.730087 3.912269 -11.116061
v -20.902817 2.983436 -11.058539
v -21.090425 2.136718 -10.795809
v -21.268890 1.442003 -10.256482
v -21.448950 1.007939 -9.495926
v -21.611151 0.773545 -8.666955
v -21.882658 0.306882 -7.999408
v -22.152811 0.213749 -7.190856
v -22.363028 0.747652 -6.576093
v -22.680582 0.427836 -5.814722
v -22.843763 0.882113 -5.065835
v -23.077671 0.973978 -4.224207
v -23.295191 1.067239 -3.389822
v -23.475407 1.146380 -2.542902
v -24.070507 2.791003 -8.582126
v -22.189379 3.381824 -10.646697
v -25.178923 1.969056 -4.328662
v -23.300415 1.371449 -8.312926
v -24.714415 1.495484 -3.436447
v -24.529299 1.715358 -5.704226
v -23.834761 4.787693 -8.443252
v -22.506964 1.019207 -8.638771
v -23.221258 1.037846 -7.422155
v -23.163200 3.194090 -9.855380
v -24.025831 1.209610 -2.311783
v -23.805895 0.906168 -5.700630
v -23.717215 2.204843 -8.832179
v -23.043835 0.544428 -6.738606
v -24.550156 4.553022 -7.104918
v -25.023720 1.710476 -3.725724
v -24.596382 1.526475 -4.743701
v -23.047567 1.059696 -7.908106
v -24.106880 1.520440 -6.556941
v -24.320391 1.870445 -7.113147
v -23.620390 1.360953 -7.583589
v -24.264561 4.084544 -8.096005
v -24.569117 3.405308 -7.682563
v -24.778322 2.848176 -7.081753
v -25.464689 3.431581 -5.078134
v -25.654896 2.907212 -4.388815
v -23.824379 3.606306 -9.007569
v -23.157576 1.710727 -9.124442
v -24.159298 5.184937 -7.518759
v -23.473696 4.396364 -9.254351
v -21.676085 4.165752 -10.852125
v -22.229982 4.504928 -10.471706
v -24.657782 1.387232 -2.598608
v -25.104116 1.600411 -2.785270
v -25.709436 2.389471 -3.700137
v -25.198629 3.931901 -5.685302
v -24.958548 4.306248 -6.127489
v -22.129072 2.427424 -10.502831
v -22.242975 1.768568 -10.071078
v -22.398485 1.318389 -9.407901
v -22.602156 0.724113 -7.997779
v -22.752743 0.651240 -7.336118
v -23.127949 0.839992 -6.297381
v -23.783146 1.175835 -4.911553
v -23.922224 1.192648 -4.086499
v -24.152649 1.255999 -3.174547
v -22.690392 4.283310 -10.178344
v -25.528194 1.939543 -3.110076
v -24.578402 1.486085 -4.000111
v -24.828320 3.923211 -6.821747
v -25.067032 3.404308 -6.344637
v -25.210894 2.860353 -5.742395
v -25.245142 2.354356 -5.071614
v -23.157269 3.962045 -9.803360
v -22.960133 2.133342 -9.689810
v -22.790693 2.562553 -10.069324
v -23.731823 0.944962 -6.389273
v -23.432285 1.018105 -6.889816
v -24.830029 2.297548 -6.438312
v -23.812361 1.391090 -7.067076
v -23.899855 1.866815 -8.140071
v -23.531776 2.556232 -9.291324
v -24.000866 1.668805 -7.529743
v -24.358484 2.316164 -7.765505
v -24.063614 1.627735 -7.244926
v -22.717440 1.178026 -1.853605
v -21.815207 1.253556 -1.996168
v -20.914124 1.438115 -2.083329
v -20.069498 1.803219 -2.094645
v -19.301834 2.315460 -2.075590
v -18.636477 2.962416 -2.095222
v -18.124100 3.717492 -2.259144
v -17.772869 4.469647 -2.678419
v -17.537840 5.123359 -3.325418
v -17.407007 5.685350 -4.131691
v -17.378260 5.366888 -5.157638
v -17.340050 5.080586 -6.145341
v -17.332701 4.836607 -7.116665
v -17.411982 4.619120 -8.073566
v -17.696983 4.481977 -8.995885
v -18.092417 4.416722 -9.881778
v -18.740559 4.450707 -10.594132
v -19.614212 4.618700 -10.968918
v -18.304665 1.526878 -5.651735
v -18.024042 2.886118 -3.845023
v -19.078749 1.256820 -4.766040
v -19.915321 0.606045 -6.276247
v -18.744537 3.545732 -10.599217
v -21.738689 1.098916 -2.694662
v -17.296947 3.779768 -6.813224
v -17.472513 3.053833 -8.280074
v -18.043776 3.245511 -3.224467
v -18.965084 2.139013 -3.058392
v -20.343616 1.092598 -3.711279
v -20.447123 0.482092 -6.797209
v -17.452250 4.268167 -4.638291
v -18.448267 2.675613 -3.066622
v -19.838232 1.432740 -3.354276
v -17.429611 3.104218 -6.030176
v -17.654175 3.673562 -9.046192
v -18.287777 2.438542 -3.869395
v -18.712288 1.922282 -3.903185
v -17.833725 2.269107 -5.436437
v -20.680056 0.507413 -6.233779
v -18.873121 1.847765 -10.045057
v -17.814796 3.010931 -4.328876
v -20.949261 0.599048 -5.490077
v -19.044477 0.819897 -8.156137
v -18.480310 1.701330 -4.718931
v -17.584915 3.144901 -5.100294
v -21.497438 0.392588 -6.390116
v -19.077085 1.117204 -9.284510
v -17.801220 2.450247 -8.906932
v -17.521286 2.380805 -7.305087
v -17.650541 2.255278 -6.335465
v -19.769611 2.737168 -10.941447
v -18.123571 2.803817 -9.708636
v -19.700609 1.009086 -4.596959
v -19.769953 1.239940 -3.898338
v -21.992321 0.748535 -4.882117
v -18.114134 1.615186 -8.709590
v -18.108181 1.466748 -6.575808
v -20.495359 0.829677 -9.326949
v -19.631069 0.861033 -5.232753
v -20.458874 0.843368 -4.472414
v -19.372673 0.681102 -7.213235
v -18.606771 1.026219 -6.770381
v -22.589346 1.077415 -2.613407
v -19.683508 3.670840 -11.043629
v -22.435438 0.975830 -3.375651
v -20.961437 1.219313 -2.806898
v -19.510466 1.713039 -3.105258
v -17.713575 3.741065 -3.704459
v -17.342644 4.037519 -5.905894
v -17.411171 3.805296 -8.255466
v -18.083616 3.583876 -9.858434
v -19.913080 1.872651 -10.610353
v -20.146833 1.193225 -9.997900
v -20.684151 0.616594 -8.595776
v -20.929335 0.344575 -7.847754
v -21.208801 0.447622 -7.091973
v -21.772652 0.527176 -5.641340
v -22.242201 0.861997 -4.128108
v -21.648540 0.968289 -3.395737
v -20.281973 1.363466 -2.987911
v -20.969675 1.027574 -3.471240
v -17.345850 3.276144 -7.504293
v -17.318705 3.963273 -7.609704
v -21.502523 0.848911 -4.057327
v -21.204960 0.728902 -4.720438
v -18.788334 2.677212 -10.443665
v -20.139479 0.525671 -7.560796
v -19.889364 0.646540 -8.354406
v -19.781347 0.803649 -9.032782
v -17.712805 2.969674 -9.007383
v -18.068398 2.334299 -4.580089
v -17.377731 3.061625 -6.709655
v -19.242296 1.507231 -3.907147
v -20.971714 0.893414 -3.991973
v -18.172789 2.138888 -9.392838
v -17.647259 2.321010 -8.325750
v -20.209188 0.685836 -5.357686
v -18.142042 1.314906 -7.531951
v -19.045591 0.970972 -5.735254
v -23.447123 0.804954 4.646526
v -24.296188 0.879923 4.199810
v -25.186117 0.941937 3.744160
v -26.113117 0.987125 3.297978
v -27.064365 1.184631 2.917388
v -27.944315 1.705319 2.636467
v -28.459436 2.660766 2.554613
v -28.293552 3.729570 2.727356
v -27.762421 4.554970 3.340012
v -27.008961 5.118217 3.936430
v -26.163183 5.423038 4.487843
v -25.321974 5.682158 5.021382
v -24.463991 5.884523 5.521478
v -23.580420 6.008965 5.964270
v -23.483917 6.322496 5.202154
v -23.336178 6.658131 4.458724
v -23.153515 7.041173 3.719793
v -22.880354 7.494023 2.972403
v -24.064365 7.216165 2.356471
v -24.913969 6.854939 1.520838
v -25.442377 6.462863 0.531141
v -25.659153 6.132099 -0.561581
v -25.643513 5.866795 -1.711524
v -25.451113 5.654549 -2.858963
v -25.156950 5.552946 -3.990597
v -24.807348 5.617064 -5.096611
v -24.426603 5.833117 -6.136150
v -23.646227 1.218223 -0.846393
v -23.717390 1.240365 0.041712
v -23.778093 1.253895 0.952051
v -23.798988 1.212618 1.876814
v -23.753696 1.104720 2.801291
v -23.628796 0.955421 3.721365
v -27.146173 3.787072 -0.275054
v -26.385984 4.111253 -2.100736
v -25.538351 4.568901 -4.049381
v -25.841444 1.194774 1.170754
v -26.938553 5.144230 2.399436
v -24.837452 1.187454 0.321747
v -25.978647 1.098390 2.101998
v -27.986105 3.980575 2.203124
v -24.281332 6.358711 4.350302
v -25.225437 5.918259 4.342360
v -25.902496 1.513391 -0.527476
v -27.797550 1.906262 1.830440
v -24.717466 6.471178 3.357736
v -26.477768 2.393985 -1.724043
v -26.857172 2.689548 -1.134211
v -26.525412 1.644560 0.096046
v -26.760748 1.492899 1.054341
v -24.879362 1.114925 2.001328
v -25.061766 6.151906 3.799278
v -27.465326 3.298380 0.177003
v -26.841761 4.451196 -0.248282
v -26.614241 4.350532 -1.148195
v -26.430084 3.052089 -2.341090
v -26.832605 5.251143 3.368160
v -26.064863 5.610025 3.833862
v -27.177702 4.291381 0.486708
v -25.562481 1.330399 -0.136874
v -27.571020 2.107077 1.006738
v -25.357553 6.408982 1.915493
v -26.737741 4.982944 0.556491
v -24.181847 0.959473 3.638582
v -24.603148 0.989047 3.381824
v -24.374006 6.145147 4.858139
v -24.342001 6.862124 2.855499
v -26.140472 5.137928 -1.400232
v -25.904348 4.870706 -2.610498
v -26.119144 3.756007 -3.075041
v -24.523146 1.246076 -0.962341
v -24.433313 1.205245 -0.388555
v -27.442450 4.771320 2.823714
v -28.145279 2.921554 1.896889
v -26.948643 1.345791 1.965948
v -24.840124 1.149598 1.117305
v -24.847250 1.044350 2.874134
v -25.249128 1.368897 -0.922629
v -25.029114 1.246670 -0.280028
v -26.599628 5.326488 1.328956
v -25.970993 5.922689 0.904222
v -24.183451 1.012777 3.269381
v -26.714224 3.385762 -1.622271
v -26.190256 1.847363 -1.216030
v -25.959507 5.774642 3.242028
v -26.597736 5.406148 3.001652
v -27.879744 3.179388 1.083177
v -26.746595 2.093488 -0.666262
v -26.304846 5.354966 -0.152433
v -25.709478 1.284596 0.365958
v -25.965414 5.877260 2.444365
v -26.954359 3.633086 -0.898043
v -27.158842 2.996444 -0.560015
v -27.430481 4.423818 1.494339
v -27.301294 2.286766 0.199375
v -27.120029 2.435280 -0.357277
v -17.570339 5.959588 -2.825938
v -17.897757 6.249563 -1.578977
v -18.344854 6.540382 -0.372694
v -18.832769 6.861447 0.771371
v -19.477905 7.178614 1.815230
v -20.404860 7.467001 2.640362
v -21.587406 7.588018 3.028265
v -22.771141 5.996202 6.260099
v -21.933962 5.856925 6.545424
v -21.112562 5.582325 6.819361
v -20.417776 5.046554 7.033153
v -19.888517 4.386314 7.229537
v -19.560110 3.653672 7.410778
v -18.990118 3.135573 7.584309
v -19.287333 2.267972 7.147855
v -19.745949 1.527951 6.640472
v -20.465864 0.952972 6.110652
v -21.406843 0.705491 5.601747
v -22.418457 0.707809 5.119686
v -19.239149 3.974670 5.077660
v -21.112989 1.324280 3.103259
v -18.396917 4.195692 -0.577111
v -19.438150 1.979759 6.054441
v -20.901665 1.110551 4.102488
v -20.906591 6.614655 4.383111
v -22.112455 6.306252 5.523458
v -20.977066 6.181788 5.298439
v -22.867056 1.300567 -0.405658
v -22.190428 1.362439 -0.885368
v -19.696264 2.472578 -0.269820
v -18.257879 3.949046 -1.466266
v -17.961470 4.675134 -1.806052
v -18.742729 3.491479 -0.417838
v -20.123077 1.338724 4.903658
v -21.341434 1.594961 -0.610342
v -20.642481 6.231259 4.836578
v -20.713718 6.991841 3.596699
v -20.337225 5.685491 5.401501
v -20.112465 5.780376 4.765905
v -20.667814 5.634204 6.105350
v -19.554304 6.569707 2.652843
v -19.105272 4.365274 3.710764
v -18.839132 4.184886 2.224723
v -19.418995 5.229336 3.906415
v -19.175409 5.371769 3.031044
v -18.894089 5.695521 1.944959
v -19.101465 6.431735 1.855922
v -18.684431 6.185030 0.919854
v -18.319565 5.900732 -0.106885
v -19.289808 2.924325 6.594904
v -19.331427 3.811929 6.074816
v -19.183647 4.193464 4.321022
v -19.728271 4.949831 5.322978
v -18.529371 4.408702 0.376906
v -22.761724 0.882498 4.199305
v -21.776611 1.078443 3.550286
v -19.669510 2.009032 3.940943
v -20.461149 1.522334 3.357247
v -19.267546 2.400687 5.373886
v -19.158983 2.891662 4.563945
v -19.068108 3.345752 3.865527
v -23.011822 1.295261 1.856812
v -21.663612 1.569654 0.836215
v -21.223900 1.473587 2.418030
v -19.790922 6.305995 3.401464
v -19.963339 4.933012 6.157413
v -20.316195 1.923784 2.342988
v -20.802885 1.803153 1.406241
v -20.352057 2.059809 0.868046
v -20.850374 1.830120 0.209431
v -20.338671 2.066369 0.008579
v -19.533070 2.653691 0.842371
v -19.135357 3.127528 1.291248
v -19.274481 2.857034 2.019221
v -22.046354 1.276203 2.615161
v -21.484894 1.557510 1.609085
v -18.940407 3.508130 1.665570
v -18.956795 3.500506 2.217858
v -23.069555 1.244689 -1.032777
v -17.740353 5.352466 -2.267534
v -21.817015 7.238883 3.646456
v -22.968365 6.329290 5.481833
v -18.715031 3.230483 -1.262506
v -19.364058 2.596963 -1.065614
v -22.672085 6.562315 4.988266
v -21.410646 6.056719 5.895422
v -21.533094 1.451680 -1.199843
v -20.826986 1.670621 -1.283408
v -20.111048 2.039216 -1.254485
v -18.002748 5.622150 -1.187757
v -22.103182 0.857822 4.382852
v -21.470774 0.838536 4.683754
v -22.770935 1.017955 3.550482
v -22.908682 1.179317 2.710770
v -23.071905 1.334273 1.060740
v -23.101555 1.315813 0.450126
v -22.266560 6.812852 4.469311
v -19.947182 1.346398 5.684350
v -18.163933 4.928028 -0.847542
v -18.361376 5.184925 0.146213
v -18.591833 5.454411 1.093367
v -19.179956 5.897058 2.550478
v -19.110771 2.992623 -0.434420
v -21.656294 6.925847 4.172750
v -20.234543 2.082702 -0.520212
v -20.812328 1.798833 -0.552906
v -22.512566 1.398138 0.243807
v -22.376442 1.436919 0.978472
v -22.241232 1.405995 1.768561
v -21.710011 1.537327 -0.041437
v -18.637922 4.702168 1.282047
v -18.829504 4.998556 2.135951
v -21.567623 6.520157 4.923242
v -19.272573 2.904397 0.182156
v -18.850307 3.568086 0.583255
v -20.000175 6.040131 4.146632
v -19.572165 5.060061 4.589460
v -19.971159 2.299571 0.362250
v -18.779705 3.987396 1.441129
v -21.108192 1.734486 0.817477
v -18.964783 4.365487 2.990606
v -19.012810 3.743267 3.515237
v -19.840010 2.327034 1.515901
v -18.977627 3.542219 2.947082
v -19.333008 2.645877 3.022083
v -28.561262 3.531552 3.669249
v -28.740128 3.430478 4.622254
v -28.919312 3.364784 5.537880
v -29.142151 3.254920 6.448700
v -29.182728 3.035302 7.336595
v -28.916416 2.763691 8.170348
v -28.422216 2.476067 8.874010
v -28.369156 2.402381 9.730823
v -27.876459 2.268208 10.473652
v -27.311758 2.185741 11.160655
v -26.532602 2.190974 11.625659
v -25.931797 2.115447 12.321137
v -25.037695 2.113292 12.688040
v -24.172661 2.140310 13.108930
v -23.337202 2.103457 13.561625
v -22.302099 2.121750 13.562073
v -21.554577 2.174829 13.042107
v -21.045122 2.258707 12.318246
v -20.715759 2.366785 11.508625
v -20.585810 2.526403 10.636421
v -20.336792 2.703264 9.787547
v -19.954498 2.859718 8.994033
v -19.639410 3.024352 8.184324
v -23.702827 4.596609 8.979148
v -22.417337 4.530652 9.402159
v -20.542845 4.447015 8.542513
v -21.705610 5.261518 7.960639
v -23.837841 5.699643 6.544734
v -22.181278 5.615849 7.124446
v -21.438879 4.820173 8.753075
v -22.643288 5.041448 8.269192
v -23.483477 4.995255 8.114578
v -24.784966 4.684412 8.488238
v -25.342154 3.845172 10.808603
v -23.462399 3.668493 12.386406
v -25.823170 5.105329 6.245450
v -28.367722 4.180007 5.392635
v -26.427580 5.150795 5.110743
v -27.234755 3.840498 9.165240
v -27.440565 4.245975 7.786491
v -26.155842 3.018207 10.671821
v -25.064846 2.956237 12.421820
v -23.397371 3.305499 13.340776
v -21.177296 3.337627 11.223081
v -20.136635 3.749164 8.843577
v -27.750095 3.126282 9.796824
v -28.245764 3.597065 8.329431
v -26.425547 2.944956 11.379414
v -27.062687 2.885464 11.044847
v -22.156553 3.425036 12.334871
v -27.053452 3.598779 9.821820
v -27.417795 4.061252 8.475396
v -28.320438 4.105227 6.520585
v -24.251745 3.518458 12.158841
v -21.396233 3.029326 12.168920
v -22.398005 3.254042 13.275554
v -21.415573 4.329015 9.619477
v -20.939207 4.390401 9.143231
v -22.009937 4.271219 9.982573
v -26.433222 4.210508 9.239683
v -24.443666 4.060383 10.768249
v -21.954548 3.553736 11.719566
v -22.773392 3.275782 11.520316
v -23.574108 4.175144 10.197425
v -23.531086 3.674258 11.579464
v -23.072481 4.356348 9.694800
v -27.280293 4.400591 7.038455
v -27.815458 4.443210 5.890306
v -24.876554 3.689365 11.361438
v -24.270269 3.731304 11.464932
v -22.607271 4.141037 10.251453
v -27.544724 4.682623 5.268075
v -26.107666 4.825592 6.868636
v -25.652155 4.751295 7.979569
v -26.417059 4.588974 7.488986
v -26.236328 3.646590 10.553618
v -26.897619 3.410279 10.435706
v -25.400661 4.160637 9.943916
v -24.519421 4.422159 9.861467
v -26.107880 4.505107 8.472896
v -28.039143 4.376307 4.091054
v -28.253370 4.242612 4.821282
v -19.780060 3.818971 8.144656
v -27.298344 4.900174 4.605302
v -28.627768 3.943846 5.661180
v -28.348032 3.810109 7.499831
v -27.958097 3.318517 9.058599
v -27.380690 2.913990 10.431710
v -25.804581 2.902130 11.940256
v -24.240097 3.080987 12.879671
v -21.803900 3.053088 12.778152
v -21.032999 2.949137 11.659124
v -20.506315 3.691985 9.532372
v -20.741135 5.028028 7.647715
v -20.206961 4.465509 7.892476
v -21.412931 5.442842 7.406057
v -22.998621 5.706079 6.858691
v -24.715298 5.591722 6.121122
v -25.579718 5.391581 5.630754
v -28.620621 3.886952 5.213219
v -20.927877 3.715582 10.171715
v -21.080826 4.946826 8.244398
v -22.435095 5.328056 7.699400
v -23.247072 5.378564 7.468123
v -24.106798 5.361184 7.142726
v -24.987883 5.302269 6.731160
v -22.673574 3.649461 12.397172
v -24.951294 3.365868 11.802264
v -26.686722 4.889516 5.746912
v -26.968710 4.626410 6.377636
v -26.717392 3.194882 10.825579
v -21.592649 3.862330 10.599905
v -22.290535 3.877886 10.915409
v -26.661972 4.341737 8.576041
v -26.653433 4.407947 8.076384
v -26.311625 4.016286 9.934980
v -24.403151 4.988790 7.767999
v -25.299721 5.016181 7.356649
v -21.989281 5.044785 8.469753
v -21.861704 4.656446 9.154311
v -25.622168 3.324510 11.324406
v -22.934015 3.851443 10.979107
v -23.618265 3.935655 10.876975
v -22.733511 4.752020 8.863712
v -22.194349 4.835361 8.834506
v -25.447401 4.411446 9.201027
v -23.037325 4.049721 10.475043
v -27.974964 1.329092 5.127567
v -24.597855 0.817636 4.745998
v -21.359777 0.706399 8.303455
v -23.488003 0.604867 6.259215
v -21.055040 0.712678 7.648484
v -23.420729 0.667098 5.546369
v -21.474363 0.552211 6.582873
v -22.774534 0.506292 6.475273
v -24.657217 0.763141 5.426249
v -23.700396 0.602498 6.915196
v -25.554373 0.851668 6.765236
v -22.789886 0.433275 7.315850
v -24.766947 0.759897 7.199636
v -28.706253 2.217912 4.258707
v -25.457056 0.820426 5.960118
v -27.121367 1.113572 6.119300
v -27.146971 1.062273 5.333474
v -26.307459 0.892661 5.627989
v -25.888330 0.942932 7.927236
v -26.385736 1.015200 8.328772
v -20.809135 1.170495 8.962564
v -21.362301 0.950668 10.623221
v -22.203690 0.428724 7.048940
v -21.491331 0.798645 9.203444
v -23.140223 0.577076 8.226643
v -22.034203 0.484093 7.918130
v -23.410696 0.621731 9.131103
v -24.966438 0.874833 9.700665
v -25.004629 0.818050 7.992839
v -24.245611 0.770937 9.788216
v -25.619251 0.954891 9.784781
v -25.930120 0.971261 9.015610
v -25.580051 1.060529 11.151091
v -26.538786 1.039276 9.329875
v -24.872843 0.908416 10.584389
v -26.177755 1.028061 9.961260
v -26.471601 1.381628 11.365602
v -24.155378 0.933802 11.631370
v -24.912407 0.944881 11.409072
v -25.821522 1.297883 11.871629
v -27.122929 1.381049 10.826110
v -22.069502 0.545343 5.966510
v -26.983618 1.074871 8.661649
v -27.130381 1.111229 9.708089
v -27.765671 1.149644 7.366374
v -26.364277 0.994552 7.275537
v -28.225962 1.502068 9.425540
v -28.773718 1.551535 8.677429
v -28.557932 1.200742 7.539862
v -22.712223 0.654123 11.952299
v -23.415661 0.753754 11.856216
v -23.342737 1.107547 12.825385
v -28.965708 2.491940 5.683249
v -20.502548 1.858848 9.592516
v -21.680502 0.765374 11.290672
v -21.064497 1.170858 9.934325
v -20.813665 1.433364 11.160816
v -22.625814 0.585449 9.581408
v -22.795057 0.564574 10.392237
v -22.196543 0.599189 10.750144
v -22.840752 0.578460 11.138053
v -26.840647 1.067875 7.723588
v -27.914320 1.277856 6.694572
v -28.825184 1.600286 6.660384
v -27.908039 1.357064 5.923797
v -28.607183 1.805537 5.809729
v -27.418125 1.117199 8.000418
v -29.132980 1.802760 7.883514
v -29.279417 2.132885 7.065765
v -21.742132 1.114360 12.521941
v -22.106281 0.673158 11.781192
v -21.917555 0.689123 10.055126
v -28.632734 2.444792 3.413175
v -28.052301 1.397503 4.308900
v -28.039997 1.536631 3.469630
v -27.155493 1.074012 3.705559
v -19.702124 1.994044 7.902847
v -26.235483 0.928668 4.046376
v -25.369009 0.877362 4.416829
v -24.037107 0.770936 4.959350
v -28.877005 2.579927 5.064464
v -29.173538 2.328743 6.435640
v -27.684549 1.433129 10.151669
v -25.034605 1.235501 12.236325
v -24.171238 1.257940 12.506007
v -22.492950 1.052285 12.869617
v -21.163931 1.228697 11.926260
v -20.664070 1.687593 10.361587
v -20.186811 1.710656 8.748064
v -20.100342 1.253157 7.392189
v -20.745316 0.789957 6.930763
v -22.670937 0.593947 5.773295
v -27.181736 1.017285 4.523231
v -26.293671 0.892726 4.825050
v -25.444765 0.833632 5.150818
v -24.035986 0.717559 5.493089
v -22.127125 0.475157 6.515729
v -28.615179 1.914524 5.033983
v -20.507822 1.085059 8.070529
v -20.753071 1.352621 9.509625
v -26.150450 1.122686 10.811571
v -26.649488 1.121471 10.329971
v -27.635931 1.104009 9.015911
v -28.106573 1.171904 8.276114
v -20.880121 0.956466 8.443984
v -21.686798 0.496751 7.298233
v -24.522188 0.717906 6.304595
v -24.018917 0.673977 6.016389
v -25.932676 1.030150 10.416595
v -25.499039 0.974677 10.485122
v -24.178762 0.830420 10.735767
v -23.474779 0.686076 10.951280
v -22.372520 0.544483 11.234755
v -26.337484 0.943015 6.439194
v -27.153975 1.122694 6.836796
v -27.250395 1.120918 7.304850
v -23.480097 0.641272 10.066653
v -22.318771 0.563528 8.737528
v -25.700306 0.900532 7.485082
v -25.230780 0.872358 8.653533
v -23.996542 0.663290 7.746608
v -24.375603 0.748322 8.656063
v 23.725677 1.164434 -1.613919
v 23.863308 1.149766 -1.607777
v 24.001715 1.133799 -1.601324
v 24.776054 1.335290 -1.681662
v 25.533056 1.630461 -1.815794
v 26.157385 2.098759 -2.033187
v 26.241043 2.720895 -2.653602
v 26.026997 3.290885 -3.446487
v 25.685160 3.821930 -4.257751
v 25.289265 4.374092 -5.009482
v 24.904455 4.858561 -5.701097
v 24.518812 5.387794 -6.318911
v 24.116964 5.907415 -6.951150
v 23.851767 5.652041 -7.793749
v 23.467213 5.405250 -8.612308
v 23.008284 5.237815 -9.416547
v 22.389250 5.057984 -10.140841
v 21.609526 4.938744 -10.685152
v 20.725742 4.855413 -10.964388
v 20.906996 3.943454 -11.091988
v 21.078184 3.041866 -11.044655
v 21.252279 2.177338 -10.781528
v 21.428129 1.469423 -10.231863
v 21.622940 1.043549 -9.472050
v 21.776968 0.802278 -8.615794
v 22.000557 0.412737 -7.907234
v 22.160999 0.712681 -7.077346
v 22.524036 0.206779 -6.503252
v 22.704185 0.831538 -5.846977
v 22.986183 0.738685 -5.001713
v 23.182438 0.996318 -4.170070
v 23.403374 1.093404 -3.319305
v 23.593452 1.159197 -2.468793
v 24.722395 1.372585 -2.224911
v 24.086018 3.433842 -8.619105
v 22.701225 4.220293 -10.186912
v 25.821964 2.009704 -2.530565
v 24.336847 1.326057 -3.701638
v 25.794535 2.712649 -3.856786
v 24.348890 1.207464 -5.465695
v 23.672894 0.694841 -6.137209
v 24.711315 1.516554 -5.001458
v 25.240213 1.971106 -4.175340
v 22.984243 0.731100 -7.157895
v 25.381975 3.768093 -5.211430
v 24.238600 1.420707 -6.068772
v 24.266779 2.202336 -7.823368
v 22.256388 2.458505 -10.433288
v 23.362585 1.434671 -8.402648
v 24.553852 3.182357 -7.720463
v 23.848310 2.053206 -8.492813
v 23.523712 3.527328 -9.435678
v 23.577183 1.116031 -6.971059
v 24.208366 1.633959 -6.932804
v 23.849192 2.638709 -8.886286
v 24.189863 5.152824 -7.475224
v 21.876631 4.080275 -10.772422
v 24.039370 1.211534 -2.212260
v 24.254650 1.247352 -2.007488
v 25.365292 1.674159 -2.426704
v 25.613386 3.275544 -4.619905
v 23.383837 4.360816 -9.392519
v 22.093540 3.237776 -10.698136
v 22.440823 1.825428 -9.966765
v 22.567900 1.368516 -9.316668
v 22.692129 1.089090 -8.612349
v 22.867975 0.791885 -7.916004
v 23.148741 0.399228 -6.621871
v 23.734066 1.120639 -5.308014
v 24.026163 1.213938 -4.541859
v 25.868158 2.275652 -3.056145
v 24.041052 4.502409 -8.284396
v 25.154886 3.632859 -5.989173
v 24.671143 4.188167 -7.082775
v 22.886387 3.417714 -10.124344
v 23.019133 2.751217 -9.919400
v 23.298079 1.741920 -8.974266
v 23.212185 2.218156 -9.505773
v 23.479036 1.259028 -7.766644
v 25.289747 1.766564 -3.109610
v 24.432753 1.318414 -2.745607
v 25.372360 2.729403 -5.149790
v 23.507551 2.963918 -9.454218
v 24.839153 2.025999 -5.781394
v 23.760160 1.712294 -8.211267
v 23.946026 1.691654 -7.694460
v 24.752380 2.506086 -6.905293
v 24.260626 2.670419 -8.165155
v 22.847776 1.164741 -1.791431
v 21.960783 1.197101 -1.959217
v 21.074736 1.324908 -2.066558
v 20.239462 1.641204 -2.101604
v 19.481438 2.103791 -2.101341
v 18.814146 2.688714 -2.134124
v 18.280401 3.368428 -2.312018
v 17.881643 4.036905 -2.726004
v 17.587088 4.618670 -3.386496
v 17.421644 5.117805 -4.246121
v 17.365650 4.888608 -5.287354
v 17.318380 4.675385 -6.285954
v 17.315359 4.510669 -7.272113
v 17.422861 4.395007 -8.236224
v 17.709524 4.352537 -9.159464
v 18.176451 4.364813 -10.001532
v 18.858118 4.437320 -10.681412
v 19.774839 4.621129 -11.000397
v 18.891386 0.841144 -7.575183
v 19.940378 2.753337 -10.982007
v 22.413132 0.605411 -5.098622
v 22.294081 0.883444 -3.529593
v 19.304504 1.182129 -9.605476
v 20.678299 0.494085 -6.557992
v 22.153301 1.052466 -2.690425
v 17.485083 4.130806 -4.438240
v 20.319839 0.858648 -4.363364
v 19.152060 1.862132 -3.175073
v 17.847998 2.856916 -9.247214
v 17.337484 3.788429 -5.919737
v 22.864204 1.088690 -2.521466
v 17.936516 3.027118 -3.876273
v 21.411320 0.901161 -3.462102
v 20.639385 1.067500 -3.253395
v 21.219595 0.767191 -4.319934
v 17.494450 3.526937 -5.093463
v 19.586637 0.813881 -8.928775
v 18.348782 1.766302 -4.962537
v 21.303223 0.595613 -5.268952
v 17.517096 3.113526 -5.487105
v 20.720427 0.620743 -8.518059
v 18.942883 0.910983 -8.502245
v 18.546583 1.295453 -8.962677
v 17.830780 2.694433 -4.751067
v 17.681890 2.458641 -8.590045
v 18.019335 1.498828 -8.094089
v 18.285444 1.997057 -9.457992
v 20.261665 0.513573 -7.334760
v 19.922932 0.680852 -5.692362
v 18.942322 1.574574 -4.174352
v 18.344587 2.104835 -4.281035
v 17.741322 1.900244 -7.006133
v 17.334438 3.362643 -6.723104
v 17.983366 1.978489 -5.506959
v 18.255014 2.702229 -9.862303
v 19.615946 1.178554 -4.167961
v 18.781681 1.341226 -5.064026
v 21.530348 1.057563 -2.743460
v 19.846483 3.675205 -11.077038
v 20.094593 1.896432 -10.665253
v 18.869650 3.514359 -10.696010
v 18.192528 3.490253 -10.003151
v 17.752316 3.516578 -9.243362
v 17.478271 3.461061 -8.469610
v 22.853706 0.991973 -3.119646
v 19.892042 1.409536 -3.164599
v 18.436766 2.527601 -3.275780
v 18.178713 3.127725 -2.979925
v 17.881300 3.518847 -3.343068
v 17.639181 3.923022 -3.811739
v 17.399675 4.074224 -5.173418
v 20.535151 0.843849 -9.315043
v 20.300497 1.231427 -10.078340
v 21.060900 0.511406 -7.698802
v 21.385782 0.211174 -6.968389
v 21.786819 0.475618 -6.334709
v 22.045881 0.588519 -5.636532
v 22.190567 0.743286 -4.673410
v 18.945181 2.642431 -10.554940
v 17.341848 3.564970 -7.738317
v 19.061140 1.833105 -10.189120
v 21.895554 0.777078 -4.167151
v 21.234764 0.519354 -6.058375
v 19.814213 0.627694 -8.129233
v 17.709078 3.454506 -4.092662
v 17.423643 2.782907 -7.525350
v 17.564562 2.546453 -6.176765
v 17.605917 3.443936 -4.586277
v 19.636679 0.624090 -6.870683
v 19.403902 1.020641 -4.975329
v 18.523834 1.189680 -6.170215
v 23.505507 0.801795 4.695308
v 24.352575 0.873702 4.259109
v 25.238295 0.932129 3.814142
v 26.176727 0.982124 3.389683
v 27.128101 1.184932 3.019227
v 28.004486 1.714198 2.763397
v 28.499786 2.671398 2.697936
v 28.336599 3.717072 2.887288
v 27.771057 4.566854 3.479347
v 26.986822 5.117455 4.057536
v 26.134892 5.417831 4.607267
v 25.285456 5.664640 5.132558
v 24.425720 5.859353 5.627993
v 23.549950 5.975357 6.073647
v 23.440958 6.295526 5.307600
v 23.279352 6.633401 4.557407
v 23.092966 6.996912 3.853281
v 22.853567 7.396666 3.178668
v 24.016872 7.137937 2.627177
v 24.936640 6.759627 1.849889
v 25.520020 6.373298 0.867930
v 25.792984 6.011955 -0.215998
v 25.814249 5.715789 -1.364453
v 25.640608 5.465170 -2.538074
v 25.341759 5.341878 -3.696259
v 24.980246 5.396111 -4.819317
v 24.586010 5.587677 -5.897834
v 23.765135 1.214314 -0.762682
v 23.818108 1.234284 0.129352
v 23.864542 1.252823 1.036027
v 23.876925 1.208326 1.950027
v 23.822577 1.097581 2.865043
v 23.694471 0.951677 3.780991
v 25.132820 1.195358 0.407190
v 26.148329 4.267547 -2.606542
v 25.612150 4.469978 -3.938888
v 26.609741 5.410365 2.655828
v 27.783009 3.428474 0.983769
v 25.116407 1.109169 1.731979
v 24.498419 1.216259 -0.522554
v 25.027937 1.321287 -0.982673
v 27.140747 3.466484 -0.513313
v 25.161160 6.484325 2.282495
v 28.010834 3.808914 1.951372
v 25.562773 1.029469 2.712750
v 26.311956 1.614974 -0.194562
v 27.810505 2.572261 1.021413
v 25.085600 6.088244 3.980160
v 26.411947 3.478046 -2.395637
v 27.213240 2.618355 -0.294849
v 26.516897 2.031660 -1.017333
v 27.477757 2.548687 0.323579
v 26.774673 4.017246 -1.073836
v 27.286421 3.837511 0.136799
v 26.692310 3.097205 -1.681808
v 26.175451 4.845798 -1.807263
v 26.361082 5.595960 1.871318
v 27.033606 1.880675 0.381309
v 26.874979 4.534103 0.004028
v 27.446217 4.038187 0.811095
v 26.673788 5.153847 0.854475
v 27.058226 4.775908 1.179984
v 25.845362 6.049169 1.355087
v 24.449642 0.964710 3.561488
v 24.115114 6.116735 5.217803
v 24.201271 6.849748 3.105474
v 25.915907 4.755260 -2.728678
v 24.603460 1.056938 2.834568
v 25.097469 0.978013 3.368736
v 26.192022 5.618236 0.372228
v 26.075750 3.869435 -3.131014
v 26.725351 1.209601 2.262747
v 27.665852 1.732056 1.972455
v 28.203306 2.658952 1.853500
v 27.555038 4.647213 2.719981
v 26.853834 5.239408 3.312289
v 26.091980 5.586092 3.883338
v 25.743376 1.492388 -0.723427
v 24.536308 1.124343 2.174985
v 24.466017 6.156381 4.713408
v 26.348988 5.158444 -0.532991
v 25.494101 5.791383 4.326284
v 26.393635 1.279605 1.390808
v 27.309164 1.779750 1.162741
v 24.530287 6.497925 3.598490
v 25.505045 6.140510 2.774923
v 27.163675 4.908537 2.148206
v 27.463312 4.392087 1.520409
v 25.838348 5.830638 3.322726
v 26.247477 1.420492 0.484555
v 26.978409 2.792972 -0.914977
v 26.819706 1.990109 -0.303549
v 26.408056 4.168719 -1.984596
v 26.452574 4.686858 -1.145732
v 26.883406 5.104614 1.729648
v 27.526838 3.242627 0.299102
v 27.132589 4.461875 0.669843
v 27.324453 3.108226 -0.175372
v 17.596373 5.383272 -2.886616
v 17.892490 5.711640 -1.576077
v 18.293304 6.093808 -0.290728
v 18.768606 6.486184 0.920723
v 19.411263 6.909679 2.005788
v 20.344505 7.311471 2.800920
v 21.512432 7.486719 3.181821
v 22.722616 5.948120 6.360743
v 21.887911 5.813904 6.655796
v 21.076494 5.517602 6.928943
v 20.388453 4.977417 7.143492
v 19.874006 4.308818 7.341671
v 19.560127 3.564157 7.531372
v 18.999952 3.025147 7.734401
v 19.364231 2.206204 7.249321
v 19.846518 1.488740 6.723281
v 20.545118 0.907438 6.183416
v 21.471531 0.653436 5.655912
v 22.478704 0.701120 5.172289
v 22.184099 1.367291 -0.806768
v 19.238974 2.653149 4.415557
v 20.332151 6.038361 4.734293
v 20.321085 2.032507 -0.551150
v 22.347364 1.438897 1.015806
v 18.008760 4.402972 -1.856649
v 18.345551 3.713048 -1.550139
v 18.587116 4.245524 0.486938
v 20.256727 1.603136 3.494051
v 21.385010 6.681538 4.513927
v 19.742926 2.257881 -1.199190
v 19.310532 2.703734 -0.816013
v 22.377928 1.387119 1.815655
v 23.102871 1.334896 0.999946
v 18.173700 4.981174 -0.769144
v 18.727930 5.405497 1.596505
v 20.404491 1.332448 4.148003
v 21.607864 6.069905 5.944403
v 20.208033 5.216654 6.137852
v 22.101667 6.540473 5.019625
v 21.477346 1.429669 -1.297750
v 22.418001 1.265054 2.530207
v 21.727934 0.905330 4.266283
v 20.106663 6.127972 4.210413
v 21.535395 1.228744 3.138029
v 19.276815 2.811419 6.685823
v 20.869850 1.823785 0.258132
v 21.537025 1.532099 -0.611358
v 20.185850 2.166233 0.220092
v 19.902288 2.204230 2.012307
v 21.584381 1.496240 1.866873
v 19.424526 2.752232 1.123152
v 21.581915 1.580503 1.061656
v 20.035364 1.313760 5.393654
v 20.869247 6.405233 4.736678
v 19.011877 4.487434 3.150960
v 19.292845 4.256673 4.708274
v 19.246403 4.578798 4.117352
v 19.541121 5.069595 4.482188
v 19.892359 5.558149 4.653966
v 20.414503 6.980721 3.343379
v 19.434845 5.542255 3.569890
v 22.487730 1.086459 3.388916
v 18.921173 3.384282 0.297527
v 18.971594 3.461800 1.271898
v 19.002371 3.360645 1.919953
v 22.293171 1.431631 0.138780
v 19.200905 5.890241 2.609843
v 19.392105 6.534226 2.382010
v 19.272749 3.920784 5.438517
v 19.194187 2.841151 3.823841
v 19.059811 3.943307 3.624419
v 19.637665 2.114569 3.684673
v 19.104626 3.099960 2.955385
v 19.606487 1.923146 4.599760
v 19.692799 2.224908 2.864437
v 20.743328 1.724660 2.069753
v 21.102812 1.488650 2.508724
v 18.893269 3.849001 2.450670
v 22.955038 1.272498 -0.807619
v 17.762587 4.901900 -2.414384
v 18.776079 3.073488 -1.452903
v 19.177313 2.626201 -1.465016
v 21.778858 7.229509 3.658904
v 18.791891 6.082654 1.378024
v 18.486160 5.784833 0.543894
v 22.468122 6.263053 5.667327
v 19.263494 3.472023 6.203238
v 22.891603 0.909410 4.100904
v 17.930586 5.201895 -1.575698
v 20.834257 5.737927 6.115314
v 19.446699 1.961699 6.035110
v 20.940775 1.601982 -1.311924
v 20.308847 1.891568 -1.299479
v 20.879414 0.944550 4.852005
v 23.126947 1.293379 1.797327
v 23.125862 1.218327 2.404322
v 23.042978 1.315598 0.115599
v 18.437029 4.053993 -0.613907
v 18.829243 3.289518 -0.647634
v 19.212332 2.590304 5.416220
v 21.890690 6.952063 4.172223
v 19.910156 6.302125 3.621601
v 21.279408 6.287009 5.284214
v 20.593279 5.920689 5.376798
v 18.433220 5.119565 0.482499
v 19.696230 4.608130 6.007516
v 20.915783 1.750411 -0.556762
v 19.859798 2.311761 -0.568306
v 20.690952 6.654509 4.125216
v 21.009031 6.929605 3.900079
v 21.084730 1.159793 3.716490
v 19.518003 2.646487 0.050182
v 19.118093 3.183547 4.882400
v 20.054876 5.412878 5.315269
v 20.541115 6.422317 4.369875
v 18.747396 4.418401 1.729769
v 21.659058 1.353624 2.506852
v 21.573286 1.590649 0.211751
v 19.033152 5.114702 2.784961
v 19.637985 4.847928 5.125614
v 20.814974 1.826235 1.130491
v 20.745443 1.375506 3.382351
v 20.928415 1.423378 2.957481
v 19.084528 3.553280 4.265682
v 20.066019 2.206535 1.121313
v 20.386879 1.707942 2.840492
v 19.717821 5.629057 4.138823
v 19.265783 4.976748 3.731889
v 19.496870 5.232094 4.121930
v 19.303144 2.816611 2.000887
v 28.582991 3.535886 3.824788
v 28.759241 3.442415 4.769224
v 28.951584 3.384979 5.708013
v 29.151321 3.274849 6.618946
v 29.097666 3.054564 7.537763
v 28.409864 2.713487 8.000742
v 28.410547 2.488734 8.920795
v 28.336689 2.422465 9.807313
v 27.862562 2.259404 10.550990
v 27.269781 2.138435 11.195867
v 26.612753 2.051543 11.764771
v 25.940418 2.070399 12.317264
v 25.108032 2.045438 12.677759
v 24.258833 2.100262 12.995934
v 23.459248 2.045276 13.502571
v 22.553381 1.986281 13.592803
v 21.702883 2.047613 13.182503
v 21.126219 2.167141 12.479079
v 20.761061 2.315822 11.665799
v 20.545061 2.476258 10.802173
v 20.379057 2.650075 9.917290
v 20.009295 2.810962 9.112404
v 19.673407 2.949337 8.298799
v 25.039423 4.582756 8.861901
v 23.861395 5.659750 6.624042
v 26.816809 4.582933 7.153943
v 26.496195 4.141901 9.358191
v 25.839758 4.945055 6.891490
v 28.337942 4.181183 6.045970
v 24.850698 3.448228 11.637769
v 26.578110 3.359955 10.793859
v 23.888212 3.566154 12.606296
v 27.905888 3.260126 9.129668
v 25.204546 2.877264 11.549053
v 26.351477 2.819557 11.621641
v 22.050150 3.123718 13.001548
v 23.661161 3.067447 13.381200
v 24.978212 3.024348 12.130179
v 26.453459 4.968112 5.922932
v 27.625656 4.294588 7.120986
v 25.115694 2.762607 12.551637
v 25.900146 3.120977 11.163255
v 26.252033 3.859120 10.259474
v 22.550724 3.622770 12.356973
v 22.021469 3.964737 10.687060
v 23.171926 3.698360 12.628968
v 24.431164 2.908019 12.931444
v 27.439215 4.018880 8.511992
v 22.360849 3.813638 11.342813
v 20.822065 4.964672 7.905004
v 19.851614 3.728511 8.320346
v 27.304291 4.680423 5.580163
v 27.073689 3.518042 9.960387
v 21.146347 4.190139 9.653338
v 23.541332 3.856149 11.855577
v 24.485449 3.492626 11.950644
v 26.512060 4.800849 6.582321
v 25.778555 4.412765 9.315720
v 28.360243 3.725389 7.636940
v 23.065458 4.924566 8.464722
v 21.763769 4.587916 9.285181
v 21.967138 5.122291 8.282992
v 22.277424 5.532786 7.288145
v 21.112062 3.442923 10.837614
v 24.409391 4.221777 10.465652
v 23.350729 4.093160 10.880786
v 23.826231 4.297006 10.146344
v 25.461828 4.828284 7.867693
v 26.702667 4.347809 8.562795
v 26.959845 4.408271 7.858819
v 23.738722 5.002474 8.100505
v 24.285187 4.541759 9.391848
v 22.644049 4.116779 10.543634
v 21.513088 5.370450 7.628633
v 24.481228 3.871055 11.395500
v 25.460554 4.173492 10.021577
v 25.519070 3.688862 11.007695
v 24.843922 4.372528 9.805220
v 24.749840 4.779472 8.276454
v 25.180220 5.061523 7.315132
v 22.218233 4.331701 9.895728
v 28.025221 4.409915 4.289120
v 27.205738 4.909968 4.797037
v 28.217321 4.299945 5.155302
v 20.225279 3.655121 9.122128
v 20.263700 4.395277 8.140349
v 23.059469 5.650449 6.965250
v 24.681395 5.578577 6.189207
v 28.438505 3.966935 6.866370
v 28.146162 3.532870 8.394076
v 27.748062 3.107216 9.899021
v 27.486326 2.966525 10.560688
v 27.003983 2.902979 11.135284
v 25.720251 2.802440 12.081176
v 22.760710 3.190294 13.542976
v 21.538908 3.061683 12.354475
v 21.220150 3.127117 11.666014
v 20.624153 3.560663 9.943283
v 26.325232 5.170321 5.256248
v 25.493673 5.394119 5.723238
v 20.683582 4.342651 8.921639
v 21.282406 4.834733 8.626018
v 22.672375 5.229887 7.891181
v 23.402304 5.330361 7.540790
v 24.157019 5.330461 7.161088
v 24.930054 5.310567 6.756382
v 25.675434 5.142805 6.319533
v 27.239599 3.766259 9.250487
v 27.059555 3.307668 10.450667
v 22.032677 3.510891 11.954730
v 21.666725 3.479765 11.619769
v 24.513535 3.286970 12.247924
v 27.316990 4.501825 6.486752
v 27.606867 4.151242 7.776453
v 21.611116 4.035791 10.297910
v 21.774334 3.706672 11.144717
v 22.408392 4.799020 8.858747
v 24.451912 5.029586 7.709630
v 22.945076 3.866469 11.628872
v 24.100924 3.722125 11.960829
v 27.135370 4.435227 7.373744
v 23.935965 4.031011 11.148470
v 22.825754 4.548984 9.407370
v 24.969864 4.018898 10.730747
v 23.399916 4.681585 8.992105
v 24.038847 4.729033 8.682258
v 26.449018 4.716735 7.036582
v 26.036610 4.765016 7.375781
v 26.421133 4.586096 7.712501
v 23.235918 4.376788 9.883189
v 23.636312 4.520517 9.418714
v 25.893316 4.606611 8.476386
v 25.219889 4.465981 9.327654
v 27.064402 1.000684 4.818843
v 24.729534 0.796668 4.892903
v 22.490057 0.429540 6.905797
v 25.542156 0.867917 4.416825
v 20.340212 1.112102 7.701364
v 19.891813 1.536080 7.640755
v 24.295923 0.680076 6.129286
v 27.659311 1.172762 7.605855
v 27.134840 1.124436 5.733021
v 22.959593 0.587608 5.960222
v 26.835104 1.010085 9.569035
v 24.524265 0.884741 10.469642
v 21.397411 0.900707 10.016258
v 19.884764 1.893474 8.383215
v 29.069132 1.856194 6.688953
v 20.944891 0.721816 7.364449
v 26.237980 1.004441 10.449945
v 24.432905 1.076504 11.905987
v 28.123957 1.425731 4.618259
v 28.046362 1.430377 5.611251
v 28.681166 2.484843 3.613051
v 20.590216 1.752746 9.743873
v 28.269072 1.613888 9.618610
v 27.345682 1.042514 9.124051
v 28.158060 1.235671 8.588683
v 21.985830 0.450403 7.434022
v 24.580980 0.754243 8.562785
v 23.304003 0.524419 6.861865
v 25.753437 1.179428 11.957477
v 25.237696 0.966846 11.190452
v 24.943047 1.305168 12.425477
v 23.707502 1.182340 12.667732
v 23.550175 0.853963 12.057842
v 22.787613 1.092884 12.811139
v 22.435568 0.649207 11.892148
v 22.806349 0.561548 11.391289
v 21.359022 1.120889 12.064189
v 21.787222 0.653018 8.643298
v 20.776144 1.520595 10.522183
v 26.395924 1.030148 8.785415
v 28.637281 1.263548 7.720409
v 27.386694 1.107721 8.513669
v 22.617178 0.446800 7.884043
v 23.459885 0.620306 9.717334
v 24.953062 0.785729 7.652895
v 25.577698 0.962231 9.716331
v 25.169216 0.891402 9.238576
v 23.933512 0.862300 11.434534
v 22.014135 0.662480 11.440260
v 23.491003 0.623166 10.608375
v 22.517933 0.570141 10.207819
v 24.824257 0.744829 6.655661
v 26.698744 1.069868 7.649025
v 26.021933 0.917371 6.643281
v 23.310781 0.663518 11.370194
v 19.599022 2.298272 8.010009
v 28.772093 2.326308 4.581641
v 28.108509 1.546747 3.666148
v 27.191320 1.063364 3.853065
v 28.843536 2.178289 5.592708
v 29.293512 2.218477 7.394050
v 29.106510 1.890088 8.085888
v 28.740919 1.687126 8.873869
v 27.720411 1.538251 10.256407
v 27.206388 1.406329 10.863545
v 26.535603 1.230034 11.344606
v 24.329969 1.446771 12.802718
v 21.979538 1.042534 12.605222
v 20.955355 1.259727 11.333560
v 20.260031 1.871111 9.176230
v 20.149313 1.181716 7.220989
v 20.699011 0.811733 6.806168
v 21.234890 0.620636 6.458525
v 23.879496 0.703014 5.418663
v 26.339041 0.936583 4.048454
v 22.120506 0.478831 6.351922
v 26.979095 1.043551 10.430382
v 27.373749 1.096204 9.904559
v 27.816015 1.182051 9.309084
v 20.497660 1.239403 8.523395
v 21.019272 1.043906 9.246428
v 21.688728 0.739465 10.778965
v 21.559759 0.520963 6.899349
v 26.423971 0.913056 4.600276
v 25.835730 0.848710 4.977651
v 25.110296 0.778741 5.508185
v 27.949177 1.356488 6.629734
v 23.027172 0.709396 12.055072
v 21.273291 0.680674 7.994267
v 26.947462 1.111473 6.642957
v 22.707733 0.552290 10.917533
v 22.267117 0.602049 9.375135
v 25.553801 0.822250 6.048614
v 26.232101 0.879250 5.431405
v 24.119463 0.663751 7.432662
v 26.466110 0.939114 5.930669
v 23.401831 0.619089 8.585865
v 25.266001 0.812918 6.979182
v 24.434668 0.759289 9.496791
v 25.485027 0.908612 8.542865
v 25.787994 0.921023 7.616642
v -19.682974 69.067070 -2.409585
v -19.732296 69.902267 -2.405606
v -19.796957 70.700523 -2.331611
v -19.862013 71.479080 -2.249446
v -19.918741 72.248253 -2.181412
v -19.961487 72.998039 -2.148046
v -19.996992 73.755943 -2.144644
v -19.472223 73.507317 -3.654667
v -18.755650 73.322800 -5.056065
v -17.831121 73.166603 -6.307502
v -16.651678 72.996391 -7.353913
v -15.260386 72.823540 -8.136622
v -13.728137 72.629494 -8.618413
v -12.095745 72.415047 -8.792464
v -10.440733 72.160912 -8.578475
v -8.884792 71.892769 -7.933309
v -7.542655 71.589996 -6.874401
v -6.472643 71.319016 -5.485554
v -5.722512 71.082375 -3.880296
v -5.229391 70.895546 -2.152763
v -5.005558 70.786415 -0.400187
v -5.189066 70.867989 1.375512
v -5.712872 71.251358 3.029052
v -6.495060 71.800865 4.483376
v -6.686376 71.088768 4.496648
v -6.853765 70.379280 4.506618
v -6.997476 69.654793 4.512290
v -7.126485 68.906654 4.518033
v -7.261612 68.140953 4.535699
v -7.453911 67.326935 4.628737
v -6.603620 67.042099 2.802085
v -6.084387 66.924446 0.911351
v -5.925455 66.917686 -0.923861
v -6.205840 67.009613 -2.695554
v -6.789003 67.151360 -4.352506
v -7.601748 67.322502 -5.867537
v -8.695212 67.527069 -7.156144
v -10.076433 67.731384 -8.038791
v -11.609975 67.932465 -8.499094
v -13.177887 68.113098 -8.551167
v -14.699094 68.299797 -8.206146
v -16.106718 68.481438 -7.533863
v -17.327784 68.640892 -6.579170
v -18.330919 68.773521 -5.382815
v -19.121393 68.914001 -3.993840
v -5.617479 68.924370 0.875747
v -6.345668 69.455124 3.345793
v -19.379461 72.215508 -3.769207
v -6.285742 68.360634 2.665943
v -19.237387 69.833244 -3.850074
v -18.660418 71.049103 -5.092278
v -5.360506 69.542534 0.248555
v -5.417998 70.289497 1.587068
v -5.654571 69.722473 1.825258
v -6.355386 69.041977 -4.244602
v -5.515697 68.924866 -1.118604
v -5.767441 68.288528 0.841634
v -5.639740 68.348633 -1.091006
v -5.936095 68.565361 -2.799565
v -8.966677 70.258263 -7.781276
v -14.752975 69.135033 -8.233279
v -16.164095 71.569260 -7.654429
v -7.024275 68.313644 -5.286034
v -7.620722 67.974251 -6.097905
v -7.340868 68.984428 -6.021151
v -8.544483 68.828842 -7.272652
v -15.155154 72.126564 -8.168013
v -16.159199 70.938988 -7.640894
v -7.650260 70.369804 -6.745172
v -9.851004 69.180351 -8.107407
v -8.283139 69.391708 -7.156384
v -11.430507 71.625839 -8.723930
v -13.615119 71.345596 -8.614340
v -8.583005 71.169876 -7.658386
v -13.249376 70.597519 -8.655573
v -5.958476 69.578789 -3.541577
v -7.928666 69.877045 -6.919746
v -11.553885 68.732841 -8.555000
v -11.211278 70.521133 -8.629737
v -9.896817 70.694687 -8.282228
v -14.831202 70.734474 -8.261336
v -13.819051 72.007103 -8.559335
v -9.533144 69.841698 -8.036872
v -19.365393 70.764702 -3.653097
v -19.632658 72.908890 -3.193109
v -5.942094 70.632713 3.126238
v -6.463267 67.717712 2.775828
v -5.924442 67.637314 0.855457
v -18.489147 69.812645 -5.256062
v -19.560320 71.485313 -3.229482
v -17.363571 72.264442 -6.760456
v -18.073629 71.984566 -5.993048
v -16.371506 72.239189 -7.539440
v -9.551042 71.558479 -8.235663
v -10.390698 71.624107 -8.525778
v -6.567714 70.647820 -5.398986
v -7.533595 70.944946 -6.742225
v -6.156109 70.020027 3.233459
v -6.465018 69.048882 3.406873
v -5.785026 67.679596 -1.127614
v -10.000848 68.471939 -8.091937
v -8.652732 68.205650 -7.248812
v -13.185597 68.938599 -8.598379
v -16.191549 69.355164 -7.547994
v -17.446548 69.590012 -6.549028
v -5.841691 70.365257 -3.728486
v -5.170140 70.157593 -0.137168
v -5.347060 70.212112 -1.927123
v -6.033378 68.853745 2.288012
v -12.745840 71.934921 -8.754939
v -16.941473 71.706284 -7.116118
v -9.393034 71.175926 -8.115425
v -10.150062 71.145203 -8.416745
v -5.885198 69.203407 2.110077
v -6.861016 67.840126 -4.789145
v -17.476360 70.527870 -6.581200
v -16.209030 70.199890 -7.581832
v -6.216663 67.922478 -3.271764
v -14.786380 69.967224 -8.254681
v -13.189247 69.777031 -8.634738
v -11.438024 69.560478 -8.599994
v -14.968944 71.451195 -8.232730
v -6.720968 70.010643 -5.415835
v -8.604573 70.666985 -7.602615
v -7.586177 68.519020 -6.210981
v -10.933967 71.101494 -8.615530
v -5.442901 69.534859 -1.606101
v -12.259345 71.365715 -8.761680
v -9.287810 70.842751 -8.018635
v -6.682980 68.557022 -4.733073
v -5.756908 69.011215 -2.498319
v -17.204710 71.293327 -6.879199
v -7.021484 69.471207 -5.704547
v -7.423007 66.234901 4.241083
v -7.486420 65.215584 4.001484
v -7.587113 64.221077 3.809919
v -7.712575 63.243557 3.654804
v -7.856663 62.276142 3.508561
v -8.026418 61.307777 3.373266
v -8.211478 60.343105 3.225631
v -8.411548 59.387737 3.048033
v -8.631974 58.435993 2.855434
v -8.882025 57.489674 2.646096
v -9.144459 56.559742 2.402677
v -9.417006 55.638905 2.152423
v -9.641220 54.700478 1.940735
v -9.805292 53.743847 1.786204
v -9.938764 52.786793 1.652782
v -10.076615 51.840057 1.500938
v -10.236735 50.910278 1.306576
v -10.411086 49.994091 1.060255
v -10.604629 49.098934 0.776015
v -10.817992 48.221035 0.474158
v -11.023096 47.347118 0.157122
v -11.223102 46.478859 -0.176304
v -11.434796 45.626606 -0.502833
v -11.630959 44.773468 -0.829112
v -11.826159 43.923820 -1.126512
v -12.015544 43.073341 -1.387825
v -12.179263 42.239853 -1.611692
v -12.285999 41.416500 -1.826922
v -12.345921 40.590702 -2.022213
v -12.369594 39.764133 -2.194248
v -12.381485 38.920162 -2.352602
v -12.391465 38.067120 -2.507517
v -12.416346 37.225170 -2.652571
v -12.451750 36.349392 -2.811040
v -12.516273 35.462627 -2.960438
v -12.598159 34.536892 -3.121578
v -12.713193 33.634998 -3.262165
v -12.864142 32.702156 -3.398301
v -13.066180 31.816711 -3.484638
v -13.294337 30.928955 -3.571048
v -13.525441 30.091745 -3.619462
v -13.746315 29.261251 -3.669274
v -13.957274 28.427719 -3.720173
v -14.173209 27.651764 -3.733094
v -14.374550 26.822336 -3.771308
v -14.567748 26.004408 -3.781639
v -14.752724 25.238039 -3.786430
v -14.938514 24.455170 -3.793256
v -15.136470 23.658897 -3.791841
v -15.320788 22.915524 -3.778638
v -15.478259 22.128729 -3.810489
v -15.628047 21.359043 -3.818484
v -15.773755 20.569784 -3.819922
v -15.923383 19.755949 -3.821798
v -16.053772 18.928961 -3.858178
v -16.174122 18.061934 -3.916131
v -16.290754 17.175415 -3.976792
v -16.400099 16.271208 -4.050057
v -16.505625 15.362882 -4.125746
v -16.603189 14.436274 -4.203465
v -16.664799 13.490852 -4.273971
v -16.671492 12.523642 -4.321539
v -16.647575 11.556422 -4.340963
v -16.642586 10.574745 -4.329596
v -16.703289 9.587589 -4.302040
v -16.888210 8.604176 -4.279647
v -17.169214 7.641549 -4.266705
v -17.357605 6.654180 -4.224051
v -24.230299 6.427722 -6.925931
v -24.558842 6.621150 -6.861361
v -23.788958 7.161821 -6.838251
v -23.651474 8.094422 -7.006104
v -23.580397 9.043591 -7.164845
v -23.372862 9.976415 -7.214595
v -23.233919 10.939092 -7.245417
v -23.013744 11.865052 -7.203407
v -22.831358 12.806802 -7.143156
v -22.679670 13.780757 -7.102151
v -22.589361 14.765404 -7.051588
v -22.542929 15.729406 -7.008168
v -22.527266 16.689741 -6.978104
v -22.530676 17.616783 -6.936853
v -22.545393 18.522913 -6.880449
v -22.557240 19.400524 -6.814755
v -22.572945 20.247992 -6.747772
v -22.601292 21.091589 -6.668741
v -22.638525 21.908300 -6.611157
v -22.673695 22.704653 -6.582114
v -22.710011 23.473783 -6.579949
v -22.743906 24.221384 -6.621214
v -22.779966 24.981472 -6.663564
v -22.811491 25.749332 -6.735367
v -22.839733 26.479664 -6.795899
v -22.871504 27.225241 -6.824314
v -22.900158 27.941824 -6.843981
v -22.916834 28.665089 -6.901496
v -22.921339 29.384581 -7.007039
v -22.932360 30.121689 -7.097262
v -22.927797 30.853031 -7.264600
v -22.931509 31.590647 -7.402034
v -22.921900 32.338276 -7.557691
v -22.897388 33.077908 -7.739919
v -22.847591 33.828465 -7.965800
v -22.774067 34.646935 -8.227879
v -22.718468 35.528942 -8.389328
v -22.641375 36.477585 -8.546949
v -22.542891 37.429710 -8.671363
v -22.407156 38.417171 -8.770874
v -22.225368 39.445835 -8.832921
v -22.006239 40.508739 -8.827344
v -21.764395 41.559338 -8.750085
v -21.495745 42.616711 -8.601721
v -21.194504 43.696934 -8.403596
v -20.857229 44.751148 -8.188251
v -20.502638 45.753174 -7.933345
v -20.142418 46.710396 -7.647768
v -19.811172 47.656269 -7.331015
v -19.510618 48.580727 -7.012046
v -19.242235 49.492462 -6.696539
v -19.014668 50.393063 -6.385284
v -18.831488 51.282337 -6.085441
v -18.692892 52.183857 -5.792215
v -18.577356 53.079445 -5.535477
v -18.497992 53.970436 -5.281880
v -18.446440 54.862782 -5.037773
v -18.517115 55.742062 -4.875247
v -18.424505 56.593445 -4.586539
v -18.471104 57.469906 -4.354955
v -18.531233 58.348755 -4.142091
v -18.608551 59.227760 -3.934443
v -18.695131 60.094593 -3.742686
v -18.783464 60.970852 -3.577645
v -18.889313 61.841225 -3.420897
v -19.005106 62.718933 -3.263525
v -19.109211 63.597626 -3.155858
v -19.191376 64.489403 -3.096128
v -19.286188 65.381996 -2.991928
v -19.367331 66.292786 -2.928202
v -19.456549 67.213066 -2.823207
v -19.557755 68.136078 -2.666234
v -17.928785 6.013434 -9.095152
v -21.417128 6.325658 -10.173285
v -23.088144 6.194901 -8.679595
v -17.701023 5.386159 -8.794894
v -20.220190 5.648464 -10.794766
v -23.839464 6.830040 -7.529080
v -22.656012 6.235569 -9.201766
v -17.617722 6.123503 -7.903196
v -19.111721 5.931735 -10.530557
v -23.547812 6.396171 -7.815977
v -22.148151 5.677639 -10.027665
v -17.475737 7.029295 -6.853126
v -17.260733 8.330334 -6.556872
v -19.437710 6.918474 -10.373134
v -18.651283 7.604576 -9.760813
v -22.079334 8.240857 -8.883348
v -22.866552 8.191838 -8.146045
v -21.351162 5.647483 -10.523575
v -18.359432 6.981388 -9.561162
v -20.173269 7.626274 -10.175614
v -20.276735 8.980878 -9.801926
v -19.725380 8.333268 -10.049134
v -20.374199 8.337400 -9.921979
v -19.196247 7.666243 -10.103135
v -21.238384 8.411019 -9.439034
v -22.077774 10.353251 -8.398601
v -22.157480 11.839272 -8.074535
v -22.625669 11.172870 -7.836402
v -17.279585 23.758102 -10.743911
v -16.453516 26.837774 -11.091490
v -12.857422 43.660366 -9.740589
v -13.469164 37.890659 -11.227790
v -16.986422 66.058899 -6.609117
v -18.427574 8.957032 -9.303612
v -17.632673 8.513011 -7.596859
v -16.713266 9.447572 -5.383687
v -16.633539 10.481690 -5.345070
v -17.364889 6.318523 -5.298903
v -21.144291 7.373246 -9.863806
v -22.016304 7.448248 -9.215116
v -22.087589 6.816247 -9.444596
v -21.533482 9.479293 -8.958817
v -22.072725 13.663472 -7.917014
v -19.016846 29.382553 -11.455229
v -19.512671 32.484879 -11.579006
v -20.499464 26.915180 -10.470907
v -20.615019 15.965864 -9.249906
v -20.147196 19.130810 -9.774428
v -7.455653 56.689541 -2.482123
v -7.246602 65.024803 -4.522892
v -10.273963 43.343479 -5.048038
v -18.880112 42.287609 -10.891640
v -17.387716 45.623806 -10.037569
v -10.987974 36.401150 -7.291641
v -17.401253 63.114712 -5.752663
v -16.828220 11.483158 -6.295322
v -17.411316 5.965382 -6.412612
v -17.436726 5.520093 -7.387334
v -22.711628 7.395586 -8.545032
v -19.664333 13.922320 -9.578458
v -21.284737 25.301649 -9.663122
v -14.300595 24.275970 -6.510120
v -14.681828 22.945923 -6.545599
v -21.832005 23.493700 -8.787400
v -20.850334 21.349432 -9.610267
v -21.628956 30.880552 -9.744891
v -21.042982 32.444080 -10.551500
v -19.960789 34.183468 -11.460376
v -21.594801 27.412235 -9.467063
v -20.749250 17.679976 -9.266314
v -15.018468 21.704908 -6.572417
v -15.390602 19.889317 -5.557878
v -21.460878 19.973795 -8.853045
v -7.861825 53.796230 -2.403569
v -7.089586 59.802490 -2.409106
v -15.669280 55.877728 -7.172799
v -15.455927 52.037769 -7.928459
v -17.021069 60.238869 -5.801239
v -6.404592 66.039345 -2.813933
v -6.839294 65.269432 2.548300
v -6.571492 64.309364 0.943264
v -7.162130 63.201668 2.349673
v -9.176812 47.614754 -4.113244
v -17.703066 48.819580 -8.427915
v -10.701420 40.196220 -7.218251
v -10.666227 38.743176 -6.229162
v -18.962156 38.824608 -11.664679
v -10.122237 66.123146 -7.825542
v -18.782616 66.234848 -4.305686
v -18.897758 67.127068 -4.215786
v -18.092857 67.037117 -5.490307
v -18.209631 67.918571 -5.447247
v -17.222540 67.794395 -6.592637
v -19.131506 8.311180 -9.948645
v -20.666744 10.659245 -9.307729
v -21.363617 11.697617 -8.687930
v -20.624418 11.486874 -9.241632
v -21.367548 13.493011 -8.622706
v -20.588556 13.272552 -9.205578
v -16.583784 12.490943 -5.287654
v -22.107157 24.855827 -8.512286
v -14.495990 24.009037 -5.130700
v -14.859856 22.622553 -5.096827
v -22.539587 24.054274 -7.425060
v -22.294041 22.800661 -7.869982
v -12.264792 32.306087 -4.635512
v -12.062949 33.278259 -4.467774
v -12.513985 30.218306 -6.158362
v -22.122307 32.412960 -9.271710
v -22.377876 30.795399 -8.621634
v -22.146963 34.578705 -9.461740
v -21.866781 35.854599 -9.905036
v -12.975365 29.702185 -4.874235
v -22.411745 28.765440 -8.327000
v -22.382572 27.352390 -8.242349
v -22.098974 17.362034 -7.824710
v -16.166855 16.244925 -4.939985
v -16.012878 17.097506 -4.862557
v -15.166936 21.206907 -5.167851
v -15.522783 19.943916 -4.679862
v -15.512706 19.251341 -5.683076
v -15.871516 17.923820 -4.814148
v -22.103268 20.165632 -7.974555
v -21.587624 20.571125 -8.770634
v -22.261061 19.571011 -7.630673
v -8.007739 55.531078 -0.327454
v -8.060363 58.387203 1.708832
v -8.468990 56.509693 1.202349
v -7.093379 61.312939 1.015071
v -17.240700 52.663631 -7.033328
v -18.246347 60.371826 -4.461350
v -7.756705 66.558960 -5.846183
v -6.392642 65.194878 -2.245678
v -6.742169 63.708504 -2.806082
v -6.754505 65.585144 -3.626641
v -7.182159 65.692528 -4.622062
v -6.441784 64.475769 -1.945156
v -6.494496 63.866341 -1.687487
v -6.749841 65.042847 -3.398047
v -6.943105 63.714733 1.981141
v -9.524444 50.681362 0.404050
v -9.893634 48.885643 -0.132684
v -9.350800 51.583282 0.556648
v -9.137271 49.605324 -0.837031
v -9.562949 47.815929 -1.505239
v -18.557335 49.184204 -7.675995
v -11.132572 43.671631 -2.279371
v -11.379461 42.057194 -2.711105
v -10.819497 40.357483 -4.381871
v -20.668394 42.960472 -9.433305
v -18.885845 45.125027 -9.743341
v -20.155294 44.528400 -9.172322
v -19.458437 46.412956 -8.654005
v -18.170950 46.974766 -9.158727
v -11.433403 38.886005 -3.540062
v -11.704459 37.425056 -3.481354
v -11.726664 36.050079 -3.859339
v -11.372520 38.106915 -3.839320
v -21.436476 39.047192 -10.092338
v -21.612844 36.573105 -10.201747
v -18.327665 62.575001 -4.508393
v -13.146138 67.281784 -8.500563
v -17.964689 66.152016 -5.533318
v -15.678962 65.064827 -7.416023
v -17.668537 64.492165 -5.654780
v -16.855070 65.190804 -6.621630
v -17.823599 65.296005 -5.585396
v -18.502562 64.553734 -4.533123
v -15.938298 66.781273 -7.496935
v -16.688965 64.358971 -6.650569
v -16.557405 63.549358 -6.648997
v -15.819148 65.921455 -7.481429
v -20.056196 9.589798 -9.752980
v -21.371637 10.890520 -8.793557
v -17.084391 12.539598 -7.188125
v -21.377056 15.325463 -8.617525
v -22.055962 16.465208 -7.847706
v -21.410866 16.233622 -8.612479
v -21.420866 26.054224 -9.571838
v -13.863311 25.972885 -6.945783
v -13.440256 28.005680 -5.062726
v -14.494417 23.605745 -6.548767
v -14.877794 23.331953 -7.932407
v -16.058981 22.058750 -9.217299
v -15.093846 22.698406 -7.982675
v -20.921757 22.389936 -9.691023
v -22.304625 22.229647 -7.771465
v -12.489124 31.423859 -4.738744
v -11.984579 31.979416 -6.009976
v -11.746690 32.666027 -7.264969
v -12.243184 31.096922 -6.092022
v -12.734607 30.540979 -8.801010
v -12.396384 31.486506 -8.733162
v -11.794703 35.184921 -4.059290
v -22.400345 29.456221 -8.425879
v -20.734297 33.021187 -10.866043
v -20.003067 31.863279 -11.266462
v -17.707920 35.276440 -12.171684
v -13.088368 28.497913 -6.335391
v -14.449823 28.465073 -10.227979
v -12.800003 29.352970 -6.243073
v -12.998514 29.003351 -7.654275
v -21.596369 28.110971 -9.512099
v -21.570538 28.810102 -9.593351
v -19.177967 27.188232 -11.177940
v -20.498199 27.603968 -10.520620
v -17.806847 26.342716 -11.266056
v -20.668612 16.840765 -9.259702
v -16.470009 15.101051 -6.742361
v -16.350279 15.590568 -6.661715
v -15.178957 21.046265 -6.566503
v -15.685163 20.303530 -7.769063
v -15.327712 20.401455 -6.570509
v -16.124411 18.437136 -7.730708
v -15.624015 19.156729 -6.709538
v -16.339430 19.676159 -8.631077
v -15.513771 19.794134 -6.631557
v -17.654083 18.668310 -9.678783
v -16.825178 19.659500 -9.283464
v -16.803089 17.706987 -8.587940
v -20.815073 20.202143 -9.484652
v -7.161650 59.210640 -0.501162
v -7.286974 58.364460 -0.694217
v -7.593661 58.350494 0.525513
v -7.691787 60.249844 2.107985
v -6.996484 59.905361 -1.602867
v -7.052755 59.215126 -1.675611
v -17.857290 56.847076 -5.257302
v -17.012344 54.190792 -6.746583
v -17.816687 55.335884 -5.950007
v -16.252499 53.096081 -7.451914
v -14.919313 54.206570 -7.837868
v -15.262176 52.746914 -7.843359
v -16.563967 51.670284 -7.688553
v -15.074791 53.469982 -7.770820
v -18.033438 60.990425 -4.755947
v -8.892125 64.366508 -6.562275
v -8.785185 66.745804 -7.065824
v -6.356798 64.495110 -0.640267
v -6.521063 63.689484 -0.084124
v -10.556155 46.227875 -1.161212
v -10.765303 45.375084 -1.550939
v -11.435790 41.251385 -2.914074
v -11.452997 39.667500 -3.315898
v -20.837414 40.993389 -10.136445
v -18.524759 46.040321 -9.469630
v -17.808823 44.750038 -10.314662
v -19.232197 44.237972 -9.968067
v -17.040771 43.586761 -10.896225
v -17.927322 47.932156 -8.774007
v -11.058246 35.619240 -6.412768
v -10.741247 37.947674 -6.551066
v -19.622709 37.472473 -11.562912
v -16.476305 62.718960 -6.587683
v -17.537392 62.207180 -5.471268
v -16.825628 61.993134 -6.177765
v -17.446835 61.563793 -5.495061
v -13.091619 66.438316 -8.431712
v -11.573588 66.309494 -8.329355
v -10.108505 66.937706 -7.952158
v -17.489555 63.760090 -5.755975
v -14.653079 67.470863 -8.174684
v -16.027945 67.642036 -7.518505
v -14.360728 64.913223 -8.021115
v -16.930830 13.542596 -7.218055
v -16.740269 12.499441 -6.264361
v -21.368231 23.780264 -9.417402
v -21.098190 24.508917 -9.775802
v -20.427038 23.063509 -10.163058
v -18.737823 24.461920 -10.963126
v -19.624285 23.278818 -10.596221
v -16.948780 22.015936 -10.164452
v -18.687319 22.449041 -10.670381
v -17.196550 22.495604 -10.429435
v -14.108745 24.949747 -6.439288
v -13.863695 26.162281 -5.486799
v -13.613367 26.799976 -6.647688
v -14.550903 26.172058 -9.210105
v -14.780965 25.518208 -9.223075
v -13.356112 27.657139 -6.468599
v -14.199796 25.764170 -8.162282
v -15.771318 24.620909 -10.073580
v -15.466586 25.866755 -10.239566
v -15.240682 23.839132 -9.030899
v -15.542415 25.236639 -10.079450
v -14.897107 24.511772 -8.838246
v -16.106150 23.785343 -10.086352
v -20.443302 26.201862 -10.461877
v -17.276731 24.418530 -10.875081
v -19.915014 24.033426 -10.567071
v -15.568515 23.163908 -9.171305
v -21.692282 22.839123 -8.903415
v -21.694130 22.344603 -8.839676
v -21.690680 21.791386 -8.776938
v -19.748203 20.924360 -10.201424
v -19.692554 20.273260 -10.124082
v -20.820318 20.759577 -9.554718
v -12.652267 29.890842 -7.547700
v -13.124298 29.609190 -8.917715
v -11.522319 33.920639 -5.620059
v -11.738214 32.925053 -5.861644
v -11.251540 34.626675 -6.791164
v -11.235054 35.797390 -5.071881
v -21.966068 31.671186 -9.399961
v -21.307636 32.026764 -10.252475
v -20.457493 30.470900 -10.816089
v -21.543898 30.197996 -9.764805
v -21.530289 29.529478 -9.705934
v -18.187498 32.159298 -11.964773
v -17.829906 30.674330 -11.836629
v -18.200716 34.529308 -12.095928
v -14.300461 26.938095 -9.231345
v -21.566580 26.730799 -9.454538
v -21.666609 18.733587 -8.506145
v -21.467533 17.109562 -8.601974
v -19.739946 17.373045 -9.732841
v -16.455328 14.600080 -6.291581
v -15.924776 17.742321 -6.726721
v -16.288084 20.754417 -9.050620
v -15.567612 20.913599 -7.865120
v -16.312305 21.439123 -9.368365
v -16.699118 18.473860 -8.712440
v -16.263086 17.701572 -7.664647
v -17.575748 16.882505 -9.208375
v -16.865545 16.890188 -8.409677
v -19.901197 18.232483 -9.775187
v -17.580168 17.778187 -9.413866
v -20.910564 18.506781 -9.215825
v -19.687757 16.526180 -9.674079
v -18.034695 15.266110 -9.278492
v -18.572104 16.170687 -9.630251
v -18.607290 17.063915 -9.739812
v -20.835098 19.773617 -9.414524
v -19.844875 19.687788 -9.979463
v -18.560665 19.191633 -10.079663
v -17.040693 20.022360 -9.614293
v -17.193455 19.305027 -9.522445
v -21.843298 19.455816 -8.334217
v -8.701831 54.368019 0.527398
v -8.064373 54.555103 -0.713559
v -7.693926 55.625813 -1.592187
v -7.538435 56.544262 -1.232138
v -7.322700 57.590889 -2.167831
v -7.824502 56.021473 -4.014775
v -7.751546 54.868862 -3.224983
v -9.017110 53.406765 0.692454
v -6.934277 60.566540 -1.913424
v -6.535245 63.315754 -1.156251
v -6.633129 62.715099 -0.504694
v -6.765398 61.626709 -1.161370
v -16.896854 57.704647 -6.014897
v -17.082781 57.089943 -5.951178
v -17.706339 58.210487 -5.193019
v -18.029139 52.023750 -6.652847
v -12.909584 52.748848 -7.965555
v -14.217827 52.397957 -8.049781
v -16.119883 59.564472 -6.533001
v -17.288946 59.011639 -5.539636
v -17.964098 59.070965 -4.845235
v -17.265224 60.893562 -5.616607
v -10.332995 47.112377 -0.788424
v -17.441435 49.664215 -8.141323
v -17.128170 50.444817 -7.924833
v -16.206816 50.012527 -8.399909
v -14.956557 50.329563 -8.450762
v -16.491213 49.274044 -8.639506
v -15.765586 48.196198 -9.186331
v -16.726027 48.478958 -8.925540
v -10.662523 42.661064 -3.795559
v -10.739791 41.877403 -3.979136
v -10.784166 41.126415 -4.186895
v -10.637396 40.989632 -7.047308
v -10.437865 41.789913 -5.414289
v -10.441928 44.328213 -3.223118
v -9.988593 45.861977 -5.912400
v -10.010375 45.104725 -5.349885
v -10.562622 43.474720 -3.573433
v -10.608356 39.520237 -5.988663
v -18.216625 40.458645 -11.585258
v -19.691250 39.484810 -11.268921
v -19.265167 38.213486 -11.634049
v -11.195558 36.645069 -4.745071
v -10.936619 36.482388 -6.000936
v -10.852315 38.024696 -5.199129
v -20.029463 36.709705 -11.418625
v -20.757006 37.849628 -10.884972
v -20.462748 35.999535 -11.185453
v -14.911125 34.704948 -11.938150
v -16.271593 34.986485 -12.214800
v -15.677040 35.830654 -12.136101
v -13.688219 60.148357 -7.574919
v -16.058264 61.939980 -6.788060
v -16.665123 61.392208 -6.239021
v -16.496634 60.759945 -6.313376
v -15.616488 60.006622 -6.888137
v -16.323620 60.144714 -6.404693
v -15.615743 59.579739 -6.874405
v -15.693407 60.596771 -6.877022
v -14.849635 61.069893 -7.344743
v -15.016802 61.784451 -7.359380
v -11.598704 67.121056 -8.425371
v -14.576444 66.632202 -8.138433
v -14.473833 65.764122 -8.081929
v -13.005254 65.585625 -8.333332
v -14.225247 64.061073 -7.940151
v -12.788273 63.865314 -8.106462
v -12.898374 64.729599 -8.231092
v -15.401034 63.385098 -7.403057
v -20.886971 22.839392 -9.779509
v -15.884844 22.543900 -9.310508
v -16.460978 23.158998 -10.168773
v -16.452196 29.123865 -11.513478
v -12.096256 32.456444 -8.673505
v -21.110373 34.662384 -10.666368
v -16.837471 34.238815 -12.222395
v -17.354589 33.529217 -12.175012
v -17.784399 32.844173 -12.086415
v -16.774502 14.501839 -7.276478
v -16.641874 15.139451 -7.264072
v -16.801315 15.389216 -7.741876
v -16.474089 16.211348 -7.399985
v -17.560926 15.807567 -8.973132
v -17.218021 20.576696 -9.918892
v -19.867775 21.497355 -10.246773
v -17.419209 21.155085 -10.190928
v -21.149750 19.293556 -9.091647
v -8.621187 52.225475 -0.392565
v -8.771307 51.349281 -0.491309
v -7.752451 54.687214 -1.971946
v -7.244567 64.321274 -4.300634
v -16.335846 56.726112 -6.626446
v -15.525687 56.337605 -7.165233
v -14.728113 55.804882 -7.512699
v -12.663064 57.107483 -7.499796
v -17.799864 57.414516 -5.210559
v -17.229347 58.481243 -5.658912
v -12.643020 53.439228 -7.963150
v -12.376372 54.109924 -7.703326
v -11.747384 55.738087 -7.381656
v -15.897821 58.346142 -6.728156
v -18.129618 59.809692 -4.617842
v -7.894635 65.823761 -5.816915
v -8.865190 65.962578 -6.947330
v -8.902570 65.176331 -6.783706
v -10.075446 64.489815 -7.471587
v -10.113454 65.319382 -7.667273
v -11.521641 65.483635 -8.197155
v -10.060109 46.038860 -2.303300
v -10.273494 45.198059 -2.756299
v -11.409426 38.416317 -8.925033
v -10.833083 39.611156 -4.593714
v -19.299492 41.497986 -10.964036
v -19.581730 43.398785 -10.142776
v -18.523130 43.078056 -10.750829
v -14.919051 42.414810 -11.107577
v -17.359055 42.765438 -11.134958
v -14.274207 44.025932 -10.389260
v -15.957420 43.311741 -11.004985
v -13.344867 40.462292 -10.843427
v -15.841985 40.691620 -11.697414
v -14.920143 41.603168 -11.328292
v -16.339861 41.553661 -11.535312
v -13.869412 41.630474 -10.907047
v -13.764444 42.415134 -10.649276
v -11.235507 40.914799 -8.521010
v -11.146928 41.732632 -8.272813
v -11.982505 41.799026 -9.412548
v -12.631145 43.344845 -9.660156
v -16.578352 37.903835 -12.120835
v -16.834957 36.991550 -12.177732
v -15.017116 37.862511 -11.909266
v -18.031294 38.006264 -11.986498
v -17.925949 38.798870 -11.920976
v -15.248382 36.810188 -12.021635
v -12.136345 36.709942 -9.977192
v -13.527420 36.743801 -11.301159
v -12.884605 35.780319 -10.767137
v -14.047168 35.583904 -11.593928
v -13.091125 34.270573 -10.814465
v -11.827446 35.478523 -9.357765
v -12.799613 35.124062 -10.623449
v -12.161705 34.342308 -9.684167
v -12.085761 36.104717 -9.857614
v -16.525007 38.821564 -12.032252
v -14.853253 38.980598 -11.762586
v -12.191207 39.046036 -10.031438
v -11.548611 36.994656 -9.083002
v -12.518929 33.282791 -9.936311
v -12.271324 38.121731 -10.169705
v -11.490991 37.635345 -9.035646
v -15.926038 47.467033 -9.456044
v -15.004486 47.200932 -9.519213
v -13.932706 29.414564 -10.113992
v -16.166847 27.597767 -11.132667
v -17.234770 30.059742 -11.767674
v -12.810367 32.230011 -9.987845
v -14.255426 31.016342 -11.023643
v -15.304524 33.220379 -11.955218
v -13.795283 33.170841 -11.214070
v -16.488371 32.660225 -12.104156
v -20.893658 21.895916 -9.648625
v -20.173794 22.413996 -10.230435
v -8.950198 50.472507 -0.617048
v -8.585125 50.293140 -1.741110
v -8.140091 52.987476 -4.293503
v -7.409181 59.734127 -3.754184
v -7.170206 60.221630 -2.939209
v -7.123787 62.835567 -3.569974
v -7.622365 61.809151 -4.315855
v -7.027794 62.059296 -3.056068
v -7.203069 63.598507 -3.988308
v -7.950363 64.323875 -5.468760
v -7.954690 65.089005 -5.687307
v -10.010420 63.634754 -7.254055
v -11.353487 63.739307 -7.859362
v -11.444347 56.614143 -7.226491
v -9.738982 53.823128 -6.763526
v -16.474968 58.823566 -6.256410
v -15.750933 58.971661 -6.786377
v -15.965120 57.878567 -6.714765
v -15.137481 57.648903 -7.177117
v -16.140617 57.318447 -6.663128
v -10.773384 39.393200 -7.411753
v -11.337050 39.228485 -8.798674
v -11.067248 44.112309 -7.876636
v -11.862129 42.553249 -9.131734
v -18.169487 39.600197 -11.758535
v -17.133978 41.084541 -11.624261
v -14.113853 39.625862 -11.401824
v -12.284127 40.901806 -9.899062
v -12.170813 39.934093 -9.916864
v -11.276168 40.068062 -8.659423
v -11.107780 37.110802 -8.078209
v -11.305535 36.391277 -8.468221
v -17.557585 29.222580 -11.655956
v -17.628033 27.711309 -11.458012
v -17.526617 28.453129 -11.555637
v -18.974787 30.155704 -11.555781
v -11.492777 33.615807 -7.106118
v -8.808097 48.753788 -3.781996
v -7.919128 53.974487 -3.675052
v -8.115741 51.911812 -2.900426
v -7.981918 52.878395 -2.754815
v -8.164637 54.310680 -4.699148
v -7.990417 55.144196 -4.355800
v -8.301506 56.327229 -5.070496
v -8.489888 55.434429 -5.377764
v -7.402819 60.922878 -3.695717
v -11.442184 64.641792 -8.040155
v -10.897062 54.405636 -7.291910
v -10.542986 55.313210 -7.167692
v -11.923977 52.417110 -7.836302
v -14.024432 57.437969 -7.491514
v -14.269589 56.578289 -7.519502
v -11.921950 44.008541 -8.896029
v -11.056279 43.295368 -7.939822
v -10.521802 42.510517 -6.756104
v -16.785030 39.667770 -11.916849
v -19.118387 27.899677 -11.266109
v -14.491559 30.184711 -10.930573
v -18.645489 31.458008 -11.794644
v -8.952999 48.633804 -2.364343
v -9.233902 47.689396 -2.742090
v -8.247791 52.036022 -1.582931
v -8.272768 50.965240 -2.964551
v -9.112562 50.659721 -6.037474
v -8.438830 50.749187 -4.393922
v -8.789014 51.816200 -5.704276
v -8.595649 49.743237 -4.197870
v -11.061629 52.101032 -7.661554
v -10.112456 52.345894 -7.127785
v -9.412822 52.872620 -6.551720
v -9.473903 52.081970 -6.611769
v -8.304797 53.642719 -4.966734
v -8.688736 52.807171 -5.645189
v -9.520741 54.871643 -6.491143
v -8.776623 53.681129 -5.817524
v -8.100135 60.423794 -5.017665
v -9.465804 59.554817 -6.160808
v -8.653187 58.417828 -5.419241
v -7.736413 58.940578 -4.129143
v -7.493257 57.797340 -3.351461
v -7.651705 56.915119 -3.668574
v -8.107402 57.206402 -4.753573
v -10.033835 57.086334 -6.573810
v -9.062652 56.667366 -5.930283
v -9.767845 57.902069 -6.357259
v -9.298123 55.790432 -6.215987
v -11.269369 53.732662 -7.654145
v -10.781182 52.675274 -7.480434
v -11.654049 53.061749 -7.711899
v -10.705580 58.227917 -6.894749
v -10.485240 45.057610 -6.904465
v -10.124644 45.330807 -6.068676
v -10.153690 44.223949 -4.690420
v -8.634168 49.431599 -2.838912
v -12.166891 51.765388 -7.979912
v -14.438456 51.701679 -8.141035
v -7.921785 58.075855 -4.445790
v -7.109403 59.338619 -2.740848
v -8.552569 61.619274 -5.564175
v -9.940092 62.660927 -7.002272
v -8.728659 62.643890 -5.973829
v -11.379931 61.190735 -7.750841
v -11.233465 61.925220 -7.745517
v -10.334545 60.436623 -7.185553
v -9.335818 60.476868 -6.420271
v -9.930346 61.554535 -6.784234
v -15.660718 51.342865 -8.047515
v -12.626651 62.179249 -7.849081
v -9.577881 58.710857 -6.228706
v -10.462255 59.735085 -6.860705
v -11.475131 59.140125 -7.263361
v -11.391850 59.833229 -7.557904
v -12.520653 59.975018 -7.710272
v -13.971811 62.396656 -7.766305
v -13.778648 59.344532 -7.519009
v -12.500484 59.144001 -7.634052
v -12.557371 60.716164 -7.890068
v -12.359926 51.082264 -8.086314
v -10.900296 49.111965 -7.627926
v -14.680658 51.008587 -8.270111
v -13.396098 51.381969 -8.184061
v -14.789290 60.362568 -7.313173
v -13.840526 61.596272 -7.692564
v -11.456098 60.579933 -7.396539
v -11.292472 51.535706 -7.793656
v -12.744894 48.040482 -8.652667
v -10.146604 50.168419 -7.123530
v -12.467294 48.696079 -8.417872
v -11.686509 48.442482 -8.102637
v -10.870067 48.354393 -7.581961
v -9.955256 49.260235 -6.841655
v -11.893429 47.770855 -8.283879
v -13.975482 49.988060 -8.530457
v -9.979517 48.367596 -6.713630
v -11.027797 47.544529 -7.709361
v -9.492599 46.662354 -4.428758
v -10.151377 47.466076 -6.778491
v -9.762693 45.862724 -4.805210
v -13.343970 48.995102 -8.663344
v -19.530237 5.156654 -10.854001
v -19.898249 10.381958 -9.680298
v -18.305964 9.854527 -9.097433
v -16.908968 10.466337 -6.339552
v -17.340754 10.538050 -7.252311
v -19.680450 14.834094 -9.595533
v -18.736752 15.430847 -9.611760
v -18.705517 14.612442 -9.550467
v -18.706251 13.724194 -9.509551
v -17.903799 14.562211 -9.080103
v -17.354656 13.637490 -8.138960
v -17.924503 13.635486 -8.965377
v -17.642511 11.629375 -8.064324
v -18.741917 12.807862 -9.491343
v -18.097742 11.731226 -8.890532
v -18.003004 12.685194 -8.904892
v -17.224644 11.539643 -7.199041
v -17.768499 10.652700 -8.126539
v -18.902334 10.981895 -9.563048
v -15.472246 26.635223 -10.500866
v -15.248451 44.605991 -10.464225
v -16.717924 44.369232 -10.640918
v -12.998105 47.376560 -8.905339
v -12.536415 46.531849 -8.853835
v -11.230166 45.764828 -7.964488
v -13.236356 46.775002 -9.148495
v -10.467607 45.808765 -6.964731
v -11.958934 46.295395 -8.535022
v -14.124285 46.079697 -9.681571
v -14.055634 46.915676 -9.413758
v -11.205684 44.943619 -7.998672
v -12.988463 44.309494 -9.657336
v -15.792882 45.868942 -10.067252
v -12.040908 45.720287 -8.691913
v -12.595614 43.827999 -9.511531
v -13.347498 43.815083 -10.013130
v -13.796638 44.761814 -9.959112
v -14.064384 43.230797 -10.556528
v -14.101323 58.457485 -7.451910
v -17.466061 9.530870 -7.378366
v -15.604390 33.946346 -12.093967
v -14.634270 33.681824 -11.754941
v -6.725117 66.146416 2.683446
v -6.938291 64.593315 2.464318
v -17.484419 5.167786 -8.090541
v -18.155663 5.237437 -9.810898
v -18.822340 5.187013 -10.542608
v -22.730459 5.762414 -9.424665
v -23.146948 5.886722 -8.809315
v -19.008121 68.023117 -4.119473
v -6.975698 66.364861 -4.444469
v -6.089900 66.058037 -0.891972
v -6.254309 66.074211 0.918601
v -17.249754 7.329480 -5.444214
v -16.921690 8.408898 -5.410531
v -16.611168 11.489415 -5.323941
v -16.519264 13.485686 -5.251191
v -16.405533 14.470306 -5.189646
v -23.381828 6.066379 -8.323421
v -7.550019 61.914650 2.675856
v -7.554494 61.185993 2.313618
v -7.867358 59.314053 1.914160
v -8.262509 57.453865 1.475455
v -8.632636 55.512489 0.898706
v -9.190149 52.491871 0.658071
v -9.697533 49.776356 0.156999
v -10.111808 48.000908 -0.445722
v -10.953120 44.518234 -1.957074
v -11.271220 42.850506 -2.528494
v -11.458238 40.454540 -3.114826
v -11.704017 36.829731 -3.649954
v -11.907579 34.226479 -4.277725
v -12.728044 30.578566 -4.799742
v -13.206336 28.859770 -4.960409
v -13.659484 27.168781 -5.187528
v -14.108644 25.453894 -5.182319
v -14.309829 24.724031 -5.133218
v -14.690524 23.293676 -5.092979
v -15.019646 21.912220 -5.134076
v -15.737128 18.705236 -4.763350
v -15.615031 19.413038 -4.712680
v -16.280081 15.379077 -5.038212
v -22.721872 10.571515 -7.895285
v -22.822834 9.802066 -7.951248
v -22.120514 12.726538 -7.960346
v -22.042629 14.605914 -7.883506
v -22.039267 15.546440 -7.858385
v -22.155361 18.220486 -7.780573
v -22.209585 18.986448 -7.709554
v -22.272936 21.565771 -7.757960
v -22.213751 20.877548 -7.812110
v -22.399847 24.362856 -7.854329
v -22.242308 25.834097 -8.380324
v -22.319382 26.639999 -8.302423
v -22.403666 28.052582 -8.268408
v -22.382620 30.149418 -8.540655
v -22.052174 33.041058 -9.453340
v -22.038935 35.123940 -9.655949
v -21.702835 38.186993 -9.953198
v -21.115732 39.970943 -10.195067
v -20.473837 43.636890 -9.350921
v -19.820719 45.470825 -8.929030
v -19.121508 47.345398 -8.340133
v -18.822832 48.275753 -8.001399
v -18.292801 50.087315 -7.387783
v -17.980270 51.049068 -7.138657
v -17.972095 52.883739 -6.367849
v -17.882385 53.718567 -6.154259
v -17.788870 54.535725 -5.973232
v -18.218935 61.745846 -4.567144
v -18.581875 63.354931 -4.200026
v -18.722719 63.910286 -4.067147
v -18.659679 65.354027 -4.397022
v -17.107409 66.921165 -6.604228
v -6.409553 65.212456 0.927868
v -22.890364 9.001229 -8.002626
v -21.865767 37.565475 -9.819318
v -17.320860 51.932068 -7.225397
v -17.033934 9.426484 -6.420249
v -22.657679 6.763381 -8.894361
v -23.161394 6.630168 -8.342426
v -23.282103 7.214550 -7.839846
v -6.233070 65.229744 -0.709169
v -22.387329 31.321522 -8.670091
v -21.852886 33.645538 -9.792573
v -7.277915 62.281746 2.183552
v -11.212201 37.356983 -4.398165
v -21.133293 37.138348 -10.647922
v -18.217588 63.879456 -4.849425
v -18.057917 63.298470 -4.974977
v -17.981255 62.838894 -5.051772
v -17.132454 53.421700 -6.878203
v -17.713991 60.322151 -5.105402
v -17.491919 59.683422 -5.329170
v -17.367636 51.343342 -7.421303
v -6.950283 62.676655 1.368886
v -9.808601 46.917706 -1.891087
v -9.319457 48.716801 -1.178135
v -15.296115 20.523314 -5.242605
v -16.253675 15.446856 -5.954525
v -16.097269 16.239948 -5.831912
v -22.383085 23.545681 -7.770091
v -22.157946 23.072325 -8.191828
v -20.500502 41.924435 -10.091796
v -17.276674 56.531311 -5.900925
v -17.567537 56.002499 -5.759741
v -18.315203 6.006950 -9.807414
v -20.593487 6.562770 -10.420049
v -22.106573 6.255241 -9.738268
v -22.159054 9.646941 -8.491179
v -21.371048 12.574696 -8.632409
v -21.371357 14.410446 -8.616205
v -21.552855 17.954491 -8.574489
v -14.839165 22.367527 -6.515248
v -16.618834 13.530579 -6.256742
v -21.658775 21.185553 -8.747943
v -20.815502 35.317348 -10.932882
v -15.793639 17.808079 -5.768908
v -15.944582 17.032070 -5.787667
v -15.646301 18.563787 -5.725919
v -7.901222 56.495949 0.001538
v -7.752507 57.435913 0.281997
v -10.845601 38.810390 -4.870313
v -8.484031 53.052223 -0.344120
v -7.262889 60.209633 0.868615
v -7.425809 59.268341 0.712787
v -16.954351 54.942677 -6.779526
v -19.573141 40.579529 -11.089070
v -20.348469 38.627907 -11.058561
v -17.879471 6.617393 -8.620775
v -22.058832 11.062126 -8.278197
v -20.761404 23.850084 -10.007783
v -20.639000 31.316288 -10.776610
v -21.420599 34.089878 -10.332459
v -8.380888 53.702953 -0.313959
v -19.960218 42.639336 -10.212030
v -17.476475 62.650967 -5.602047
v -16.657715 58.224209 -6.186204
v -10.872469 37.267559 -5.607629
v -16.754215 51.033672 -7.832094
v -22.196390 8.956141 -8.608503
v -13.974268 25.445936 -6.448815
v -17.759413 7.485908 -7.999602
v -16.785692 59.580547 -5.991171
v -11.352489 34.899319 -5.344245
v -21.546814 6.829377 -9.837087
v -16.727259 55.575153 -6.592690
v -16.527559 56.180294 -6.596651
v -21.435841 10.151639 -8.878156
v -20.604511 12.365582 -9.205813
v -20.588482 14.175290 -9.211465
v -20.596151 15.081019 -9.226323
v -20.115805 24.821836 -10.550784
v -20.258659 25.555365 -10.529817
v -12.027579 31.728912 -7.388336
v -15.422408 21.577030 -7.954977
v -15.247833 22.159916 -7.951233
v -6.711195 63.188301 0.698878
v -16.883972 47.618008 -9.264443
v -18.182100 43.902279 -10.549478
v -16.872429 46.589306 -9.710588
v -10.553117 40.282665 -5.787694
v -14.625669 23.998781 -7.812751
v -14.368796 24.657427 -7.625712
v -13.331409 28.147739 -7.746256
v -16.073149 16.986395 -6.692322
v -7.417613 57.462635 -0.936178
v -8.772532 49.484421 -1.911700
v -9.523106 46.782822 -3.135128
v -9.781609 45.927204 -3.562648
v -19.580866 34.859867 -11.669374
v -19.139654 35.610653 -11.839258
v -13.918380 26.498093 -7.974453
v -7.025510 60.041271 -0.457672
v -6.884344 60.873615 -0.623900
v -15.987086 54.569000 -7.407233
v -16.093300 53.827095 -7.366386
v -20.417253 29.716740 -10.761188
v -20.418737 29.029606 -10.691022
v -8.400662 51.147655 -1.670475
v -8.129088 52.909393 -1.452349
v -10.368291 42.521786 -5.275712
v -16.199230 16.249220 -6.653553
v -16.391171 52.370617 -7.563640
v -15.770389 18.476665 -6.721262
v -18.129887 7.825408 -8.900700
v -20.343349 33.595074 -11.194685
v -6.429211 64.013695 -0.805219
v -6.799011 62.075207 0.187255
v -12.330037 30.794601 -7.478080
v -8.059914 53.723507 -1.198545
v -6.750566 64.388145 -3.130325
v -13.649515 27.283491 -7.884702
v -20.467110 28.308599 -10.598010
v -10.491313 41.057301 -5.602417
v -18.696993 36.398411 -11.946023
v -10.002156 45.102299 -4.067994
v -10.849148 37.180737 -6.879944
v -15.905644 50.675537 -8.209196
v -21.660145 8.946592 -9.007562
v -18.099190 41.238144 -11.433146
v -16.951286 62.448902 -6.152960
v -14.120738 25.290014 -7.367868
v -15.809009 55.230499 -7.224737
v -19.699345 15.689013 -9.619724
v -19.696783 13.012620 -9.567277
v -19.746895 12.120667 -9.575184
v -18.012640 8.733804 -8.514735
v -17.888529 9.683370 -8.272264
v -17.502693 12.616864 -8.081758
v -18.914253 25.197731 -11.034317
v -19.121275 25.837477 -11.055861
v -19.199902 26.501816 -11.104554
v -18.539383 23.794609 -10.887539
v -11.825221 33.424343 -8.584604
v -16.379927 16.936825 -7.561198
v -10.870843 38.589901 -7.631915
v -10.983714 37.813709 -7.854035
v -16.538034 15.577746 -7.281038
v -15.836143 61.243450 -6.853233
v -19.061935 28.637024 -11.361117
v -13.523788 28.701563 -9.001222
v -13.923085 27.792532 -9.103797
v -10.577323 41.750774 -6.887074
v -15.530769 48.932617 -8.918565
v -15.249259 49.646614 -8.675540
v -11.235416 35.466171 -7.858721
v -18.319672 37.196117 -11.994143
v -19.564384 22.415096 -10.498047
v -7.595775 55.776073 -2.828426
v -7.199290 58.437103 -1.893545
v -16.298523 45.111065 -10.369554
v -18.669630 33.839947 -11.973387
v -19.073145 30.853010 -11.596793
v -15.300682 56.960407 -7.178388
v -15.959505 19.112480 -7.721355
v -20.959885 9.189273 -9.406215
v -20.791197 9.894583 -9.358094
v -17.004160 40.461952 -11.764140
v -18.525326 8.159592 -9.521375
v -14.501956 25.136396 -8.437518
v -19.116613 33.165371 -11.795137
v -14.762184 54.932800 -7.623821
v -15.541437 64.215385 -7.438068
v -19.998682 22.005903 -10.259808
v -16.284380 20.179626 -8.797890
v -15.798207 19.720522 -7.691822
v -6.707903 62.353535 -1.779461
v -11.532063 34.412971 -8.301999
v -17.246819 36.088711 -12.197340
v -18.809889 21.807203 -10.557019
v -18.122042 23.189787 -10.788371
v -15.241216 58.352333 -7.084751
v -19.813580 11.235886 -9.613252
v -17.688530 41.945751 -11.328815
v -16.016352 46.847652 -9.691193
v -8.459735 50.090733 -2.919066
v -6.947727 61.280029 -2.477242
v -10.439855 43.342381 -6.578944
v -19.692533 7.877439 -10.145137
v -8.836077 63.541759 -6.300644
v -7.891395 63.538044 -5.178248
v -15.248606 62.563629 -7.355417
v -14.974068 25.057888 -9.282558
v -6.712986 63.051685 -2.350828
v -15.237383 46.495510 -9.793242
v -15.096450 59.170288 -7.137913
v -18.202436 10.789310 -8.960452
v -13.124646 31.235624 -9.986793
v -17.732779 25.686020 -11.162889
v -17.761734 27.004683 -11.360682
v -17.510979 25.042830 -11.033057
v -9.498181 47.506329 -5.543708
v -9.763507 46.631805 -5.734543
v -9.236933 48.465923 -5.458076
v -18.640753 17.909781 -9.864228
v -18.709549 18.709040 -10.003986
v -18.820475 11.888389 -9.506812
v -14.919805 27.583525 -10.335561
v -7.339983 58.622852 -3.041878
v -13.769406 53.826813 -8.023635
v -13.994916 53.103817 -7.969723
v -16.143795 42.509655 -11.268557
v -15.723352 44.005898 -10.745041
v -18.153339 19.808041 -10.133869
v -18.431278 20.600628 -10.336982
v -18.671272 21.199329 -10.456132
v -17.277046 31.200544 -11.929424
v -16.864285 16.067535 -8.159842
v -14.562790 48.617577 -9.007456
v -14.299710 49.288921 -8.759741
v -14.798955 47.913307 -9.258036
v -11.090332 42.498791 -8.086283
v -14.739090 45.315586 -10.106822
v -15.455164 39.863865 -11.785890
v -8.276025 51.827847 -4.336311
v -16.492933 19.128782 -8.670869
v -19.241858 9.121032 -9.852333
v -18.044069 21.922110 -10.549575
v -14.091453 63.232880 -7.861186
v -13.476264 30.311914 -10.006086
v -16.833666 31.929789 -12.026212
v -17.255436 14.777365 -8.251731
v -13.554199 54.531338 -7.794573
v -13.315894 55.342709 -7.693493
v -12.690710 63.009792 -7.971465
v -11.253643 62.829628 -7.763840
v -12.993491 56.171883 -7.594162
v -7.782913 62.701874 -4.799954
v -17.229963 23.333319 -10.641532
v -17.762289 21.599394 -10.424169
v -16.932241 21.684647 -10.053889
v -13.658635 50.675182 -8.328119
v -10.312678 44.324551 -6.344995
v -9.106021 49.494991 -5.682827
v -15.876660 30.776340 -11.702403
v -14.846646 59.701668 -7.256944
v -19.031506 10.058969 -9.679405
v -19.756544 8.812809 -9.946889
v -16.260647 25.103418 -10.609679
v -16.481581 25.685200 -10.863276
v -16.533716 26.316923 -11.019517
v -10.361529 46.618801 -6.923082
v -13.987230 32.027874 -11.107694
v -16.182951 33.308025 -12.140319
v -14.994481 29.384504 -11.003269
v -15.877707 28.557047 -11.222976
v -13.167770 52.072704 -8.077509
v -13.740727 60.871243 -7.660394
v -12.282861 37.287460 -10.187146
v -14.975501 43.165489 -10.890587
v -14.986842 43.727695 -10.709068
v -14.381601 40.190125 -11.432686
v -14.701299 40.883465 -11.421521
v -11.615273 36.498909 -9.142892
v -13.624938 48.317455 -8.901495
v -13.864171 47.629803 -9.153811
v -15.414337 31.799467 -11.766995
v -12.049379 54.901043 -7.650996
v -12.999431 49.649235 -8.419543
v -12.595241 50.329700 -8.218513
v -11.832510 43.297733 -8.948167
v -13.227553 45.400570 -9.498706
v -15.997966 29.668228 -11.506144
v -15.432483 30.186987 -11.431623
v -15.209940 32.686420 -11.851173
v -14.015433 34.414604 -11.510251
v -13.746762 41.082817 -10.966822
v -12.856750 42.065987 -10.154502
v -12.625068 42.691998 -9.819261
v -13.357970 38.894547 -11.071822
v -13.209205 39.719410 -10.871020
v -8.845687 57.538357 -5.655819
v -9.797421 51.363922 -6.894281
v -8.459248 59.326832 -5.204025
v -12.590361 61.412384 -7.725092
v -11.314425 46.643818 -7.988330
v -13.589563 35.034363 -11.288359
v -13.301801 43.295792 -10.137246
v -13.168284 41.416592 -10.531903
v -12.821601 36.395920 -10.737069
v -8.663206 54.552608 -5.646271
v -10.440639 61.085907 -7.377120
v -13.378960 46.274761 -9.339583
v -12.247035 44.862476 -9.008990
v -12.093451 49.303661 -8.199300
v -11.384351 49.924644 -7.894818
v -13.219457 42.799450 -10.223442
v -10.462092 50.938465 -7.395038
v -12.791739 45.978291 -9.118898
v -10.390368 51.803425 -7.336758
v -11.357139 50.851788 -7.857428
v -12.170119 47.072906 -8.545104
v -10.271559 56.214214 -6.895391
v -10.700828 51.417866 -7.535916
v -9.959488 52.822887 -6.997103
v -11.547795 48.957043 -8.000254
v -10.538607 58.953632 -6.843748
v -10.412845 53.249420 -7.254539
v -11.063793 57.508308 -7.172078
v -11.492455 58.489136 -7.233800
v -12.330989 58.139587 -7.551516
v 20.158100 70.451935 -1.243056
v 20.080730 71.279396 -1.224170
v 20.131966 72.072739 -1.151893
v 20.190252 72.840034 -1.053741
v 20.249395 73.589294 -0.944312
v 20.297241 74.316521 -0.844243
v 20.343893 75.032608 -0.750803
v 19.951597 74.944893 -2.475569
v 19.299948 74.899132 -4.113546
v 18.380171 74.843643 -5.623777
v 17.177553 74.718651 -6.907129
v 15.752370 74.500633 -7.881416
v 14.173317 74.235039 -8.512938
v 12.502364 73.948341 -8.795626
v 10.861469 73.572624 -8.724638
v 9.311807 73.180611 -8.270823
v 7.957570 72.797203 -7.431079
v 6.879617 72.433281 -6.344444
v 6.060264 72.158546 -5.110443
v 5.439584 72.012077 -3.770988
v 4.997574 71.950050 -2.323375
v 4.713440 71.976723 -0.825954
v 4.684987 72.107445 0.721065
v 5.013190 72.394836 2.286783
v 5.232215 71.673416 2.248856
v 5.441495 70.936897 2.207704
v 5.641496 70.186989 2.170131
v 5.844361 69.414917 2.148750
v 6.052277 68.620193 2.180129
v 6.279384 67.780365 2.301253
v 5.847096 67.657127 0.416565
v 5.823555 67.586510 -1.314337
v 6.174288 67.581322 -2.944173
v 6.730767 67.678459 -4.443183
v 7.453217 67.907143 -5.838493
v 8.394188 68.254066 -7.035587
v 9.623278 68.643105 -7.942300
v 11.018155 69.032463 -8.477548
v 12.551976 69.401627 -8.665895
v 14.074312 69.728386 -8.462552
v 15.563440 70.000328 -7.929314
v 16.926344 70.235603 -7.070870
v 18.064138 70.413010 -5.911276
v 18.956980 70.507225 -4.514595
v 19.612257 70.508110 -2.916271
v 5.598225 69.269714 -2.078115
v 18.746340 72.987396 -5.061104
v 5.213661 69.979385 -0.249351
v 5.672491 68.493134 0.559587
v 5.381729 69.336281 -0.504626
v 5.605763 68.600174 -1.269650
v 6.865240 68.843155 -5.210591
v 5.989887 69.559593 -3.617839
v 6.497396 68.302521 -4.205308
v 5.215302 70.350494 -1.411764
v 6.355184 70.246819 -4.840254
v 5.543571 69.954628 -2.492587
v 8.340299 70.035751 -7.312222
v 5.763196 71.283936 -4.103532
v 6.901432 70.157394 -5.751217
v 7.859457 70.526382 -6.980377
v 19.154467 73.697517 -4.351284
v 5.141128 70.725075 0.981237
v 7.318940 69.582314 -6.163359
v 8.382474 69.148499 -7.195467
v 9.541410 69.399101 -7.992256
v 5.133896 70.455872 -1.014066
v 5.268363 70.558113 -1.952587
v 6.371302 71.480568 -5.386325
v 14.307147 72.840599 -8.473505
v 16.582445 71.561821 -7.381203
v 14.103892 71.286484 -8.500912
v 18.571491 73.844734 -5.350144
v 17.957937 71.143051 -6.095099
v 18.930563 71.270752 -4.631897
v 17.475521 74.081612 -6.657140
v 15.998034 73.696892 -7.764838
v 5.057801 70.572075 -0.145623
v 12.118438 70.121971 -8.697883
v 10.553635 70.246330 -8.458369
v 9.632946 70.546082 -8.160213
v 12.590844 70.858421 -8.726727
v 9.961495 71.883514 -8.416862
v 15.469035 71.243431 -8.016509
v 19.265320 74.297630 -4.156486
v 17.975832 73.541573 -6.134947
v 15.775111 72.662369 -7.891307
v 16.859404 73.127464 -7.194295
v 17.799490 71.846573 -6.307585
v 12.724445 73.242546 -8.773343
v 12.898491 72.514450 -8.746285
v 19.665686 72.082245 -2.997793
v 5.270479 70.048851 -1.294768
v 8.306578 72.166969 -7.600336
v 7.213242 71.797882 -6.580158
v 10.471448 70.741119 -8.477378
v 11.572696 71.523438 -8.735766
v 15.109883 71.734787 -8.180713
v 11.385857 72.213776 -8.745815
v 18.868614 72.081886 -4.803783
v 19.898893 74.297050 -2.569757
v 19.817892 73.628868 -2.732167
v 4.929648 71.409157 0.922359
v 4.893791 71.193741 -0.315878
v 5.508087 69.292610 0.792853
v 19.643188 71.280273 -2.953101
v 16.802099 70.922508 -7.200355
v 15.590271 70.680267 -7.943933
v 14.480392 70.533356 -8.373830
v 18.476997 74.280266 -5.489770
v 19.703526 72.888519 -2.990417
v 14.316749 73.518539 -8.473863
v 9.636312 72.541748 -8.348914
v 5.322271 71.082634 -2.692060
v 5.333777 70.026802 0.930726
v 6.018106 68.356529 -2.930821
v 7.468376 68.857353 -6.153639
v 10.786970 69.704498 -8.475678
v 6.915170 68.336700 -5.101844
v 14.692490 71.022797 -8.319102
v 5.006613 71.297661 -1.579306
v 5.056499 70.867317 -1.215708
v 6.417367 68.869392 -4.299672
v 5.980126 69.003532 -3.238628
v 6.100119 70.670998 -4.526866
v 5.746455 70.400055 -3.493272
v 6.678875 70.847458 -5.641164
v 7.535053 71.166084 -6.785742
v 8.618855 71.509743 -7.726378
v 9.486342 70.062462 -8.038682
v 15.376505 73.071854 -8.082407
v 5.388963 69.545158 -1.298915
v 17.494974 72.554115 -6.644823
v 16.274164 72.150482 -7.601135
v 11.396523 70.416252 -8.651989
v 6.758715 69.358818 -5.222725
v 11.120690 72.912651 -8.739210
v 13.615877 70.721695 -8.598932
v 13.277949 70.200150 -8.636119
v 6.412258 69.359634 -4.533744
v 6.140843 69.965462 -4.233749
v 8.891337 70.770302 -7.799723
v 10.187317 71.244804 -8.435609
v 11.501551 70.888947 -8.692104
v 14.599776 72.243805 -8.372409
v 13.155673 71.703537 -8.699138
v 6.538057 69.700615 -4.944330
v 6.314142 66.727669 1.896727
v 6.472696 65.731735 1.624627
v 6.580441 64.735863 1.449774
v 6.745835 63.755810 1.304635
v 6.889177 62.759991 1.184907
v 6.847473 61.720459 1.131901
v 7.188671 60.742043 0.976770
v 7.374084 59.684566 0.860250
v 7.592554 58.614368 0.722355
v 7.819777 57.558407 0.549038
v 8.047902 56.501919 0.360028
v 8.251853 55.443523 0.172546
v 8.408936 54.372097 0.004036
v 8.533192 53.301174 -0.150936
v 8.660259 52.222260 -0.308142
v 8.823236 51.173321 -0.482424
v 9.024032 50.149097 -0.684256
v 9.270673 49.157436 -0.911337
v 9.547151 48.197746 -1.172916
v 9.841970 47.265453 -1.461339
v 10.137842 46.357273 -1.775656
v 10.418012 45.477592 -2.102399
v 10.672999 44.579487 -2.437420
v 10.861445 43.669487 -2.771571
v 10.970856 42.738140 -3.081344
v 11.039275 41.792271 -3.368687
v 11.074694 40.842106 -3.626778
v 11.107074 39.888042 -3.861236
v 11.133796 38.919289 -4.076586
v 11.274580 37.990421 -4.312942
v 11.242084 36.999805 -4.467338
v 11.341121 36.038830 -4.649339
v 11.477784 35.099514 -4.803125
v 11.643435 34.174862 -4.947756
v 11.837862 33.246830 -5.087352
v 12.047301 32.354343 -5.222972
v 12.263871 31.512751 -5.327379
v 12.496820 30.654600 -5.438469
v 12.742807 29.821089 -5.530963
v 12.996727 28.977955 -5.638674
v 13.226346 28.220310 -5.746224
v 13.459500 27.438293 -5.844635
v 13.677010 26.621073 -5.939542
v 13.893312 25.796362 -6.012036
v 14.101799 24.996185 -6.085913
v 14.313415 24.209696 -6.163499
v 14.522402 23.456181 -6.206627
v 14.738326 22.671793 -6.228322
v 14.946672 21.870024 -6.228899
v 15.139663 21.060299 -6.168705
v 15.303240 20.307747 -6.116091
v 15.462082 19.529791 -6.052436
v 15.611757 18.767174 -5.983407
v 15.763684 17.984123 -5.961692
v 15.911659 17.212879 -5.923048
v 16.062513 16.428730 -5.867454
v 16.212217 15.605204 -5.779305
v 16.350517 14.777725 -5.682967
v 16.472961 13.934302 -5.575763
v 16.555094 13.088198 -5.441514
v 16.594582 12.240215 -5.290029
v 16.601942 11.364902 -5.151945
v 16.608986 10.466050 -5.023706
v 16.658045 9.559588 -4.895063
v 16.825483 8.661564 -4.766700
v 17.089067 7.777551 -4.650854
v 17.319584 6.901438 -4.522193
v 17.384279 6.005987 -4.385123
v 24.443377 6.072566 -6.754518
v 24.738035 6.309803 -6.643486
v 23.950386 6.793530 -6.638879
v 23.759239 7.671443 -6.728702
v 23.734159 8.565158 -6.837784
v 23.704788 9.471828 -6.854784
v 23.601021 10.377351 -6.762468
v 23.443014 11.260068 -6.571810
v 23.274023 12.123814 -6.348152
v 23.116627 12.984891 -6.135406
v 22.994635 13.855832 -5.899925
v 22.903225 14.723001 -5.746002
v 22.840168 15.601338 -5.630838
v 22.796425 16.482235 -5.560792
v 22.766644 17.376478 -5.515609
v 22.742270 18.276913 -5.524779
v 22.720497 19.200151 -5.552848
v 22.706335 20.168392 -5.577839
v 22.707624 21.174006 -5.605691
v 22.731871 22.223249 -5.610363
v 22.776911 23.272320 -5.633576
v 22.838772 24.342667 -5.670037
v 22.908148 25.409979 -5.712295
v 22.975990 26.478079 -5.755568
v 23.035141 27.561436 -5.799130
v 23.077133 28.626312 -5.859964
v 23.105906 29.715277 -5.922702
v 23.138117 30.787321 -5.999695
v 23.177393 31.882215 -6.096787
v 23.206429 32.964314 -6.196547
v 23.214394 34.024319 -6.300768
v 23.196783 35.069580 -6.419329
v 23.154760 36.102268 -6.533066
v 23.093290 37.115746 -6.626156
v 23.008152 38.121441 -6.663660
v 22.894255 39.143345 -6.680118
v 22.744894 40.149612 -6.685269
v 22.562607 41.104473 -6.679938
v 22.348787 42.072487 -6.655921
v 22.111174 42.989346 -6.618536
v 21.845201 43.872787 -6.553597
v 21.554232 44.754704 -6.460004
v 21.242674 45.595596 -6.352204
v 20.918028 46.426567 -6.199094
v 20.616068 47.196198 -6.023356
v 20.341642 47.959488 -5.794329
v 20.095198 48.712978 -5.530615
v 19.884060 49.448849 -5.243448
v 19.699646 50.183258 -4.953806
v 19.546152 50.939758 -4.655443
v 19.425434 51.699902 -4.368658
v 19.332838 52.460438 -4.098924
v 19.260023 53.228333 -3.845843
v 19.202238 54.004627 -3.611181
v 19.159084 54.809261 -3.383406
v 19.128391 55.610455 -3.174577
v 19.160313 56.398182 -3.008621
v 19.111677 57.194912 -2.781572
v 19.322212 57.989124 -2.704627
v 19.138609 58.754028 -2.464782
v 19.166046 59.628254 -2.342890
v 19.205837 60.533230 -2.240185
v 19.258965 61.460316 -2.159955
v 19.321346 62.401974 -2.110846
v 19.420246 63.325191 -2.058359
v 19.468414 64.258286 -2.000985
v 19.544523 65.139198 -1.913467
v 19.619120 66.028023 -1.851469
v 19.686829 66.929649 -1.794871
v 19.763580 67.829300 -1.707112
v 19.844191 68.722710 -1.598594
v 19.990198 69.597885 -1.451133
v 21.550068 7.798570 -9.426353
v 21.570837 6.275548 -10.109097
v 18.710886 5.775333 -10.307954
v 17.649401 6.249630 -7.927423
v 18.378584 5.080950 -10.147622
v 17.594942 5.227361 -8.529754
v 17.383224 5.606789 -6.545547
v 20.232569 5.783287 -10.767676
v 18.208900 5.925301 -9.670533
v 19.307333 5.648697 -10.674226
v 17.840319 6.037796 -8.832969
v 18.097626 6.816305 -9.128739
v 19.631155 7.584409 -10.223210
v 17.494913 6.658126 -6.898812
v 17.366499 6.716711 -5.627040
v 17.717237 7.838808 -7.687542
v 17.862137 7.011034 -8.362135
v 18.225897 7.432355 -9.206514
v 19.386795 29.258316 -11.303691
v 19.001734 21.809261 -10.533643
v 10.557268 59.435932 -7.125211
v 11.038592 52.929134 -7.554229
v 14.591454 44.885071 -10.212744
v 8.066184 62.767773 -5.370554
v 23.443403 6.982038 -7.657159
v 23.434147 6.211212 -8.173192
v 23.046480 6.030344 -8.852572
v 22.175543 6.485736 -9.550574
v 21.973465 5.677181 -10.155600
v 21.214735 6.858202 -10.037333
v 22.387182 7.341682 -8.887897
v 22.880245 7.520573 -8.239427
v 17.437981 5.381052 -7.571126
v 17.669863 12.653935 -8.398090
v 15.234473 30.761831 -11.486758
v 13.211746 31.716343 -10.307427
v 14.016337 35.929028 -11.584920
v 16.942846 25.669041 -11.021316
v 21.143688 19.599535 -9.130672
v 21.419561 25.032339 -9.504177
v 8.397805 60.062359 -5.241163
v 18.929407 69.658852 -4.478156
v 8.701565 51.165676 -5.398026
v 17.568920 46.680424 -9.515609
v 12.055753 39.535538 -9.837992
v 6.812275 61.789715 -2.912333
v 6.199962 65.738686 0.167425
v 23.311087 8.444308 -7.581082
v 22.664371 9.797650 -8.074758
v 23.348522 7.659782 -7.562854
v 23.994850 6.607244 -7.141150
v 20.902744 6.032200 -10.533632
v 19.842489 6.123986 -10.653113
v 20.090824 7.027675 -10.370394
v 20.871578 7.461946 -9.979479
v 17.658344 8.777455 -7.662066
v 16.967489 8.427894 -5.712018
v 22.073519 11.177462 -8.242247
v 12.519671 31.236927 -8.858170
v 12.394114 32.999649 -9.640382
v 15.972732 25.275743 -10.469909
v 14.506240 26.944227 -9.564857
v 16.872644 14.950236 -7.701582
v 16.553429 17.496016 -8.132903
v 16.420994 18.331518 -8.243870
v 22.431215 19.365730 -7.199729
v 22.142599 22.888334 -8.194525
v 15.851010 21.609924 -8.797643
v 22.447121 25.577528 -7.908718
v 17.942450 60.775463 -4.915260
v 7.683487 55.358631 -3.132220
v 7.270185 58.025970 -2.230592
v 19.474285 68.785027 -3.070572
v 17.757385 64.160362 -5.495292
v 17.312199 52.245144 -7.123764
v 9.890257 46.580868 -6.044376
v 8.412364 50.253143 -3.202542
v 18.916233 44.143833 -10.168404
v 16.784355 48.454216 -8.922926
v 10.507952 40.932537 -6.202593
v 10.713019 44.076233 -7.270294
v 6.564172 61.762733 -1.572712
v 6.358689 64.747101 0.030713
v 6.463236 65.717880 -2.836019
v 23.210180 10.634709 -7.383609
v 16.878370 9.807475 -6.134297
v 18.047348 7.829424 -8.689754
v 16.800192 12.268445 -6.382342
v 22.794271 12.905533 -7.170904
v 22.637606 13.779655 -7.180610
v 22.433764 15.545774 -7.248579
v 16.743650 13.151731 -6.499364
v 22.764624 36.874348 -8.180634
v 22.687395 37.877121 -8.216702
v 22.924969 34.897144 -7.784365
v 21.764391 39.994740 -9.425028
v 12.670705 29.970881 -7.843668
v 13.470316 27.706333 -7.683145
v 13.395411 29.501831 -9.384719
v 12.059405 31.542646 -6.947128
v 22.847031 30.686920 -7.515932
v 22.914656 31.793400 -7.495421
v 22.255644 28.116755 -8.558105
v 14.345328 25.456415 -8.300814
v 15.150734 24.850668 -9.433624
v 16.383034 15.691689 -6.849169
v 16.245970 16.528370 -6.968050
v 15.654721 19.746483 -7.322403
v 15.955788 18.156534 -7.144568
v 22.608374 19.788435 -6.585446
v 22.403120 18.719536 -7.279348
v 22.500715 20.671736 -7.046889
v 15.500709 20.529894 -7.430181
v 22.810545 26.390242 -6.896790
v 22.621143 24.374235 -7.216018
v 18.709124 62.022541 -3.823258
v 18.145594 58.350769 -4.687562
v 7.377758 57.757252 -0.842319
v 6.923224 60.798988 -0.323541
v 18.059378 68.740791 -5.754813
v 17.122696 67.202568 -6.600515
v 17.097115 67.862282 -6.723793
v 16.399595 66.909462 -7.198647
v 17.985397 67.845940 -5.740717
v 16.051702 67.672386 -7.505042
v 16.850815 66.279289 -6.761993
v 15.447715 66.462524 -7.758814
v 15.873729 65.818810 -7.435689
v 18.873163 68.785484 -4.482658
v 13.271811 68.392982 -8.559982
v 19.235556 65.310661 -3.131825
v 18.700489 55.258877 -4.466370
v 18.658043 53.849396 -5.061368
v 19.003237 56.445118 -3.951011
v 18.258364 54.509945 -5.414948
v 18.125521 52.718685 -6.274133
v 8.195716 52.143291 -1.748489
v 8.786975 49.182255 -2.261427
v 8.255370 51.070614 -2.851733
v 19.941050 47.898602 -6.903277
v 19.710983 48.581295 -6.682896
v 18.587475 50.361675 -6.953081
v 10.944033 37.391407 -7.594336
v 10.763256 37.985989 -5.755875
v 10.519012 42.554806 -4.309274
v 10.618280 40.781384 -4.893781
v 10.652016 39.875523 -5.184313
v 10.595710 40.056168 -6.559711
v 10.167785 44.348385 -5.668442
v 7.240688 67.172325 -5.246614
v 6.955530 65.810326 -4.192865
v 6.306849 66.650719 -2.823397
v 7.924459 66.561005 -6.021232
v 10.111453 67.808258 -8.062294
v 6.338161 64.751709 -1.451473
v 6.654187 62.761730 -0.148619
v 21.963882 9.559752 -8.639235
v 21.321398 8.509086 -9.347150
v 20.171684 8.936234 -9.845654
v 21.167841 9.285190 -9.243722
v 21.158003 10.122347 -9.069727
v 17.253759 12.297934 -7.470150
v 17.195648 11.432128 -7.120195
v 17.549604 11.369679 -7.803004
v 17.814808 12.029858 -8.493630
v 18.300776 10.828866 -9.089990
v 18.178606 12.850678 -9.121850
v 18.934246 12.273641 -9.544473
v 18.285347 11.519473 -9.107738
v 17.545050 13.445569 -8.407047
v 20.773819 12.659173 -9.089380
v 18.987156 10.026373 -9.670123
v 17.821905 9.491391 -8.109887
v 18.110338 13.620872 -9.149150
v 19.836937 13.147281 -9.538164
v 19.889257 13.978979 -9.521810
v 21.477379 13.732656 -8.520257
v 19.710793 12.229345 -9.579659
v 19.959806 11.420941 -9.472933
v 18.481016 9.430287 -9.348145
v 22.060389 13.965623 -7.906214
v 19.374525 9.217635 -9.866972
v 18.068319 8.708294 -8.651798
v 19.026934 8.539604 -9.864972
v 22.112579 13.222906 -7.922715
v 21.592234 13.077591 -8.429582
v 22.859318 11.299241 -7.584509
v 22.717264 15.573609 -6.558551
v 22.114420 14.896147 -7.776499
v 22.694258 16.357023 -6.490896
v 16.636141 14.011597 -6.616211
v 22.857155 35.897743 -8.000063
v 22.082714 36.451042 -9.602151
v 20.978794 35.897400 -10.810777
v 22.444685 39.735500 -8.213312
v 13.267730 31.031631 -10.090012
v 13.732329 27.040644 -7.909849
v 13.188723 33.420540 -10.761941
v 13.086379 32.494030 -10.426988
v 11.125289 35.244095 -6.556412
v 22.829985 29.534260 -7.380159
v 22.067949 30.481237 -9.096661
v 20.313566 29.087744 -10.770499
v 21.173687 29.658756 -10.108306
v 22.344465 31.722742 -8.802300
v 19.919096 31.869129 -11.314262
v 21.661188 31.749760 -9.815972
v 22.459463 32.728462 -8.731559
v 22.961260 33.890026 -7.616826
v 22.802279 27.333328 -7.110539
v 15.248076 26.642139 -10.309458
v 14.942876 22.874708 -7.711414
v 15.336868 21.298830 -7.529708
v 16.772156 15.789207 -7.838879
v 16.664274 16.652647 -7.991042
v 17.095541 18.522177 -9.194596
v 17.224365 17.659376 -9.075822
v 18.198505 17.946608 -9.764210
v 17.319481 16.761610 -8.941180
v 16.146238 19.976084 -8.494421
v 17.889122 19.607418 -10.009252
v 16.281799 19.151140 -8.356135
v 16.007523 20.790852 -8.647265
v 17.828352 21.381914 -10.395940
v 16.762518 21.039841 -9.703876
v 18.779379 58.571663 -3.642997
v 18.592625 62.862762 -4.139268
v 18.896143 64.060448 -3.752951
v 7.797924 55.870789 -0.708961
v 18.803238 67.899536 -4.501546
v 19.285276 66.115501 -3.141988
v 14.333301 67.850502 -8.303078
v 14.965380 67.168556 -8.032772
v 12.554177 67.520287 -8.544509
v 13.394322 67.160454 -8.641404
v 11.459785 67.623772 -8.449088
v 18.791288 65.368546 -4.162855
v 18.841955 64.856216 -4.029020
v 17.977621 53.339863 -6.195594
v 9.321811 47.212524 -3.383837
v 10.050104 45.355114 -3.305987
v 9.035993 48.246372 -2.669288
v 8.918877 48.939575 -4.849524
v 9.139913 47.944817 -4.644880
v 8.621451 49.403805 -3.619757
v 9.516190 46.792259 -4.945326
v 9.532545 47.558041 -5.667534
v 9.728161 48.319801 -6.353534
v 9.379924 49.373528 -6.120516
v 20.389130 45.983116 -7.906407
v 18.810034 46.636532 -9.002288
v 18.263380 47.858864 -8.643316
v 19.211287 50.633308 -5.857952
v 19.505461 49.274357 -6.433439
v 18.695433 51.046978 -6.421221
v 10.974383 36.127155 -6.290208
v 10.606929 42.081478 -7.042848
v 12.257020 41.721542 -9.716551
v 10.439200 44.047462 -3.475187
v 10.116446 44.506512 -4.460746
v 8.774180 65.897919 -6.872369
v 7.910385 65.689522 -5.784876
v 11.152565 66.678764 -8.279834
v 9.704665 66.014023 -7.580923
v 9.894624 66.787407 -7.822700
v 11.632477 64.257500 -8.021279
v 12.777669 64.510445 -8.302060
v 13.048141 66.117943 -8.516684
v 8.922925 64.568306 -6.832505
v 10.981551 65.586609 -8.409683
v 8.940403 65.264542 -6.839015
v 12.196149 65.781555 -8.346260
v 9.669120 64.805359 -7.592454
v 10.883707 64.763115 -7.920361
v 6.173351 65.726913 -1.360909
v 7.373466 63.724377 -4.372657
v 6.492535 63.744564 -1.495768
v 6.660172 64.732872 -2.996152
v 7.354654 64.867851 -4.682012
v 7.306139 62.757923 -4.238085
v 22.704016 10.530373 -7.910361
v 18.951530 13.825447 -9.580823
v 19.374762 15.529141 -9.665300
v 20.773552 14.923463 -9.109622
v 20.923754 11.889829 -9.012031
v 21.205893 11.116208 -8.877510
v 22.215265 12.609887 -7.904287
v 22.229481 11.925591 -8.002463
v 21.336842 15.023557 -8.653084
v 20.739679 14.191612 -9.119634
v 21.744774 15.698689 -8.231009
v 22.360846 16.144270 -7.354900
v 22.347914 16.988745 -7.371686
v 20.233532 16.329456 -9.471363
v 19.967720 14.790596 -9.514360
v 21.041426 17.714466 -9.038198
v 21.856434 17.750610 -8.197324
v 17.966173 15.131763 -9.213519
v 18.053659 14.419981 -9.192371
v 20.952116 38.020302 -10.714658
v 21.932957 38.453548 -9.595257
v 21.870377 39.333786 -9.481833
v 21.061817 39.030922 -10.463689
v 21.536856 40.464222 -9.565535
v 19.708925 37.577145 -11.515095
v 16.780523 37.225933 -12.165400
v 14.404854 27.855825 -9.893506
v 16.720221 28.722589 -11.495582
v 11.866054 33.190327 -8.539417
v 11.307325 35.668346 -8.217858
v 12.436101 34.945934 -10.187476
v 12.211797 33.893326 -9.638532
v 12.159515 35.508949 -9.890415
v 11.819968 34.281765 -9.008496
v 22.205267 29.273645 -8.751285
v 20.259598 30.416082 -10.943698
v 21.272793 32.382805 -10.326219
v 21.588829 34.127895 -10.151653
v 21.768301 33.302311 -9.865333
v 17.283550 24.238508 -10.841674
v 15.672167 22.405399 -8.928672
v 22.037186 18.694513 -7.997131
v 20.556547 20.348505 -9.694076
v 21.986740 20.693911 -8.217994
v 21.326811 20.561003 -9.065200
v 21.456320 21.598328 -9.046980
v 22.391895 24.899298 -7.955269
v 21.914915 25.634443 -8.904223
v 22.113966 23.901089 -8.379828
v 17.356171 58.044983 -5.554737
v 18.008034 59.961193 -4.762706
v 17.236477 58.815960 -5.592677
v 17.778753 61.569912 -5.104107
v 16.887203 63.719269 -6.382365
v 17.248652 63.037048 -5.912153
v 16.554062 64.407867 -6.775134
v 15.489364 58.022594 -7.033165
v 16.211615 59.167347 -6.461248
v 17.155071 65.533012 -6.354717
v 17.791828 66.869316 -5.856158
v 17.453014 64.818970 -5.959122
v 18.871880 57.808075 -3.769332
v 17.489359 57.282703 -5.545002
v 17.631174 56.570026 -5.556116
v 7.674473 55.176838 -1.943967
v 7.569262 55.998867 -1.671999
v 7.823411 54.322132 -2.184562
v 8.131880 53.890301 -4.533508
v 7.929615 53.657471 -3.522599
v 7.226077 58.756245 -0.615791
v 7.551907 61.088448 -4.031461
v 6.877233 60.853115 -1.614780
v 7.091508 60.929188 -2.888782
v 18.750332 66.113373 -4.348629
v 11.053772 68.442657 -8.433891
v 18.869556 52.360443 -5.395557
v 9.710746 46.009304 -4.604054
v 8.154781 51.710968 -2.650891
v 19.602785 47.046505 -8.076588
v 19.146328 46.058243 -9.108032
v 19.953527 44.812481 -9.200247
v 17.039074 44.720573 -10.474914
v 18.157854 45.433956 -9.907424
v 19.556206 45.475479 -9.142502
v 17.064646 47.885437 -9.100131
v 18.017744 48.503502 -8.427929
v 18.694151 49.653881 -7.266895
v 17.506779 49.921345 -7.988227
v 17.959076 50.873116 -7.239580
v 11.105659 36.505169 -7.904371
v 10.809589 38.273056 -7.275537
v 10.433191 41.776218 -5.846667
v 10.348307 42.595970 -5.508254
v 10.217818 43.853043 -5.060873
v 10.343211 43.586525 -6.234127
v 10.905553 43.331650 -7.685012
v 10.475707 42.868263 -6.640226
v 10.033931 45.213676 -5.631447
v 9.929955 45.244099 -4.499575
v 9.909375 45.907539 -5.684049
v 8.291026 65.146767 -6.208404
v 9.881000 63.393372 -7.115487
v 8.927909 62.767891 -6.306102
v 8.717399 61.296810 -5.680417
v 7.942762 61.907757 -5.225489
v 10.614641 63.655373 -7.567427
v 10.789317 62.651966 -7.662244
v 11.950199 63.328552 -7.966988
v 9.058642 63.664436 -6.850457
v 8.680664 61.927246 -6.072088
v 7.313417 61.861835 -4.151916
v 11.877766 64.905312 -8.281400
v 13.039981 63.755184 -8.097383
v 8.053317 63.663235 -5.687362
v 11.082116 61.380672 -7.552843
v 14.119239 64.222542 -7.989509
v 14.470668 63.496899 -7.810844
v 13.372235 63.045338 -7.945380
v 6.634543 62.743256 -1.520740
v 18.954254 14.731645 -9.612206
v 18.061455 15.905408 -9.381909
v 18.789680 15.771268 -9.644853
v 19.577608 17.669897 -9.802514
v 19.278023 18.523167 -9.962592
v 20.540606 18.377357 -9.518811
v 20.089331 17.043182 -9.672998
v 20.281612 19.279026 -9.722742
v 18.975498 19.208101 -10.092872
v 18.900944 19.962713 -10.226635
v 22.002813 37.461781 -9.647553
v 21.903166 42.080227 -8.174767
v 14.153551 30.150101 -10.655753
v 15.532427 28.374693 -11.022579
v 14.861592 29.016958 -10.797503
v 15.122485 29.936743 -11.232749
v 17.915030 31.947041 -11.982904
v 19.360943 32.709587 -11.665906
v 15.979590 29.381887 -11.441432
v 16.401594 27.844812 -11.257529
v 16.518950 31.349623 -11.919782
v 17.541571 32.646393 -12.036562
v 17.126356 26.443802 -11.200075
v 16.410093 30.430952 -11.747501
v 16.197157 26.992155 -11.018509
v 16.067617 24.458349 -10.281379
v 18.217203 29.684195 -11.675065
v 18.816809 33.424229 -11.911503
v 18.913633 30.451719 -11.607980
v 18.143095 33.951885 -12.096544
v 20.079252 34.269062 -11.394937
v 19.853119 30.985294 -11.259547
v 19.356590 35.107815 -11.764688
v 17.914722 34.906963 -12.146115
v 16.835859 32.982040 -12.148004
v 14.191707 31.652006 -11.152606
v 15.383376 32.307964 -11.847955
v 15.292978 31.540602 -11.677302
v 12.578815 33.706738 -10.144569
v 11.528862 34.912567 -8.550998
v 20.628307 31.015692 -10.750894
v 19.596127 26.370758 -10.948724
v 22.264273 26.868505 -8.435866
v 20.722464 22.298326 -9.795311
v 21.465935 23.528820 -9.275454
v 21.374058 24.364946 -9.475260
v 19.786106 24.759527 -10.709811
v 17.559618 23.371664 -10.744727
v 19.866541 21.104647 -10.185003
v 20.392504 25.834776 -10.431345
v 19.424795 25.590666 -10.937839
v 20.521622 26.642187 -10.435109
v 21.196012 25.866776 -9.795228
v 17.994595 25.451033 -11.142194
v 18.854773 26.024832 -11.142809
v 16.527481 57.689930 -6.317137
v 13.929436 55.851131 -7.730447
v 18.215239 57.581799 -4.697900
v 18.302801 56.855862 -4.711494
v 17.972069 56.013538 -5.747259
v 7.072956 59.769600 -0.444979
v 7.638684 60.337921 -4.134991
v 16.086695 53.036938 -7.534359
v 17.139978 52.843853 -7.043729
v 17.236937 54.917938 -6.365341
v 18.225327 52.115520 -6.420263
v 21.402771 43.705948 -8.024514
v 20.273357 41.360851 -10.465600
v 20.553617 40.610901 -10.490332
v 19.501408 39.900242 -11.275254
v 19.194311 40.731853 -11.217449
v 21.192207 41.836411 -9.440564
v 22.053604 41.318344 -8.321345
v 13.284528 46.272667 -9.295576
v 12.811510 36.944622 -10.736419
v 18.440630 16.915894 -9.678642
v 19.697664 19.574667 -10.017900
v 16.803808 36.217632 -12.212514
v 15.435035 35.451660 -12.092721
v 14.411712 35.412182 -11.764040
v 15.360934 33.820400 -12.024989
v 15.341494 33.065197 -11.945618
v 15.430544 34.614433 -12.085456
v 16.611221 34.416889 -12.225929
v 19.360868 29.625196 -11.352987
v 12.764853 34.523434 -10.519229
v 13.205077 35.070312 -10.997949
v 12.996492 36.153706 -10.881330
v 13.274886 34.287163 -10.975965
v 18.757380 24.020191 -10.900053
v 18.926064 20.814053 -10.376521
v 15.848723 56.570614 -6.964276
v 17.940741 55.448914 -5.520752
v 8.853409 57.229992 -5.685466
v 7.886320 56.616047 -4.279811
v 7.836253 59.627869 -4.347490
v 8.120856 61.213264 -4.961936
v 19.681150 42.816936 -10.321024
v 19.323240 43.486359 -10.246346
v 20.943436 42.603359 -9.369139
v 11.461414 37.962727 -9.001996
v 18.114004 35.870319 -12.094037
v 15.177078 36.269207 -12.022221
v 16.749697 38.260036 -12.090109
v 17.529825 34.178555 -12.186879
v 16.695147 56.945045 -6.307769
v 8.388985 58.145580 -5.132673
v 8.909165 60.551067 -5.831208
v 18.239017 42.753841 -10.952402
v 16.432966 48.937717 -8.795020
v 15.809326 49.141209 -8.813980
v 13.795978 47.262405 -9.235808
v 14.304446 47.966240 -9.160202
v 12.315929 38.667774 -10.191205
v 12.560489 37.819286 -10.489979
v 11.254291 38.822796 -8.647731
v 11.062043 39.662468 -8.238244
v 10.889976 40.469280 -7.833736
v 16.858759 56.225521 -6.329727
v 17.158003 55.650524 -6.560332
v 15.225962 54.852264 -7.748995
v 14.091857 53.316772 -7.935224
v 15.991231 55.866283 -7.010649
v 15.263840 54.219715 -7.604603
v 12.763186 52.343269 -7.999474
v 16.177286 53.814705 -7.330144
v 12.896314 53.482662 -7.899545
v 14.902069 52.561138 -7.946447
v 16.063272 52.221569 -7.720713
v 12.231406 50.114517 -8.161099
v 11.582667 51.515835 -7.884449
v 12.313930 51.413830 -8.042949
v 10.326671 52.160500 -7.281456
v 10.956580 51.818764 -7.642118
v 11.271684 49.878891 -7.847458
v 10.990102 50.741032 -7.702619
v 7.993534 58.914124 -4.739766
v 8.162967 60.597286 -4.989244
v 8.773932 59.514538 -5.546597
v 9.353179 60.169292 -6.219707
v 15.892311 47.762722 -9.343536
v 14.403931 46.059601 -9.770924
v 12.217165 47.077396 -8.572013
v 11.671762 37.099594 -9.316894
v 15.342186 39.732548 -11.783357
v 13.948051 37.723621 -11.510447
v 13.780057 38.647499 -11.354287
v 11.740342 40.313835 -9.357132
v 12.614511 41.081406 -10.173715
v 13.074448 42.412197 -10.226517
v 12.847213 43.054802 -9.898756
v 13.759768 43.631954 -10.287513
v 14.051638 41.672932 -10.986981
v 12.002737 42.423710 -9.305080
v 14.052195 55.040760 -7.717278
v 11.634345 48.958683 -8.042516
v 10.786525 49.002148 -7.540341
v 10.480015 49.968414 -7.374296
v 9.672432 51.382759 -6.778412
v 9.128259 51.885448 -6.221071
v 9.340428 53.118191 -6.476706
v 8.394802 51.802578 -4.779039
v 9.758492 52.609646 -6.855849
v 8.190661 52.320801 -4.202562
v 8.255244 53.180859 -4.687690
v 8.334476 52.651733 -4.851118
v 16.128086 47.251316 -9.526307
v 17.317217 47.301224 -9.300418
v 14.284595 46.704979 -9.537409
v 15.412953 46.065071 -9.965531
v 12.186744 45.363503 -8.864215
v 11.328717 44.655094 -8.166478
v 12.614091 46.711254 -8.853497
v 11.780838 46.046780 -8.439963
v 16.701252 39.237846 -11.976666
v 15.319147 37.426971 -12.009993
v 11.978276 54.540821 -7.565864
v 9.923617 55.143002 -6.732831
v 16.572081 46.064365 -9.971377
v 16.350403 46.687763 -9.736178
v 13.646438 44.411449 -9.995481
v 11.029058 45.338860 -7.755116
v 17.608957 41.456642 -11.471457
v 18.921762 41.473045 -11.124510
v 17.807083 40.806133 -11.592565
v 11.702998 53.701550 -7.707944
v 11.016050 53.850361 -7.426683
v 9.913960 53.828369 -6.878057
v 9.213660 53.624691 -6.336291
v 10.941783 54.558533 -7.325706
v 15.587094 45.429665 -10.217159
v 15.739432 44.749687 -10.482934
v 14.707824 44.163216 -10.490343
v 17.844389 46.078396 -9.714953
v 14.506370 45.585812 -9.954377
v 12.483630 44.588997 -9.247853
v 16.249472 41.002983 -11.665546
v 14.648170 40.367126 -11.500665
v 8.540972 54.923706 -5.467947
v 15.865623 43.974701 -10.771780
v 17.185526 41.929104 -11.403684
v 15.883840 42.966183 -11.109795
v 13.977327 42.493877 -10.733850
v 7.973175 55.624722 -4.378448
v 8.624570 55.923439 -5.534712
v 14.785373 43.428089 -10.757645
v 13.250690 40.516750 -10.770452
v 17.785917 43.345821 -10.861863
v 21.267792 5.514764 -10.617290
v 19.739758 5.156390 -10.908924
v 17.406988 9.394593 -7.182899
v 17.258604 8.488832 -6.637228
v 8.799261 49.728573 -5.047327
v 20.735052 30.148880 -10.561920
v 18.502279 28.374685 -11.477754
v 17.291073 27.290237 -11.361012
v 18.414495 27.590101 -11.399478
v 19.515015 27.125990 -11.048537
v 17.483503 28.121784 -11.507371
v 17.752098 25.917883 -11.199018
v 19.442255 28.681248 -11.222911
v 19.485514 27.953970 -11.134272
v 18.343466 26.633545 -11.291196
v 11.792583 43.152805 -8.932134
v 12.664035 43.783665 -9.572968
v 11.583435 43.904602 -8.563747
v 15.194819 64.678505 -7.675768
v 16.556219 61.824543 -6.412456
v 16.860527 61.100697 -6.166814
v 13.818657 59.753956 -7.531278
v 15.042289 59.450317 -7.167065
v 15.544103 61.325417 -7.127545
v 15.870410 60.622871 -6.932734
v 14.507883 60.833504 -7.510063
v 15.896777 63.253883 -7.091731
v 16.245600 62.547272 -6.742443
v 14.141337 30.911448 -10.906455
v 10.319209 46.369823 -6.823267
v 10.051883 47.307865 -6.597153
v 10.364525 48.119076 -7.121952
v 11.908117 47.814976 -8.287777
v 12.544187 48.814014 -8.429389
v 13.246402 47.490028 -8.980872
v 13.321582 48.608463 -8.736930
v 13.940480 48.313091 -8.986086
v 12.655967 47.748837 -8.684588
v 14.231468 49.598438 -8.660933
v 15.298575 50.703167 -8.300831
v 16.778269 51.130081 -7.787313
v 16.634230 50.074184 -8.263051
v 16.379549 51.591061 -7.779619
v 9.861061 58.455669 -6.409898
v 9.095071 58.956123 -6.090105
v 9.968670 57.055298 -6.539029
v 10.859612 56.885273 -7.057989
v 10.762535 58.146675 -6.920723
v 12.784526 59.266304 -7.539767
v 9.965241 59.761414 -6.549784
v 10.599206 60.589424 -7.037560
v 13.267322 57.843597 -7.623817
v 11.704000 57.936340 -7.544141
v 12.304011 57.268597 -7.433426
v 13.781641 56.550751 -7.641724
v 15.672441 57.290588 -6.961829
v 11.488554 56.543392 -7.406053
v 14.314740 58.305462 -7.583549
v 13.571114 57.169014 -7.548146
v 12.706717 56.710583 -7.594481
v 9.912782 60.867378 -6.656210
v 9.419170 61.832409 -6.750376
v 12.365996 60.028095 -7.806037
v 13.722453 62.287300 -7.814575
v 12.728148 61.118496 -7.842937
v 12.947937 58.523426 -7.728411
v 14.032565 58.966682 -7.468844
v 12.957537 56.200924 -7.793381
v 13.009035 55.522976 -7.829182
v 11.539760 55.470253 -7.371372
v 10.291417 55.939068 -6.831461
v 10.394878 55.005611 -7.002962
v 9.485969 55.979584 -6.342041
v 6.031208 66.719055 0.314111
v 17.380047 5.793180 -5.443550
v 17.188749 7.625198 -5.677504
v 23.783848 6.398521 -7.585083
v 22.574034 5.855520 -9.540078
v 20.492579 5.341813 -10.863767
v 19.020716 5.086301 -10.679822
v 17.905523 5.118534 -9.410477
v 19.544582 69.665337 -3.005900
v 19.399401 67.884041 -3.131882
v 18.090197 69.586075 -5.802267
v 17.085257 69.496246 -6.884573
v 6.510946 63.754677 -0.078966
v 6.588769 61.745327 -0.211884
v 8.003742 54.247181 -1.073563
v 7.890858 55.171490 -0.877003
v 8.104422 53.248035 -1.332782
v 8.395010 51.095055 -1.736050
v 8.576657 50.131313 -1.953516
v 9.729232 46.195522 -3.250268
v 10.286998 44.602085 -3.407632
v 10.574177 41.684139 -4.595512
v 10.701447 38.950104 -5.469546
v 10.847564 37.058861 -6.021259
v 11.294459 34.436913 -6.871410
v 11.507252 33.681843 -7.399543
v 11.898523 32.122250 -6.449969
v 12.311652 30.796812 -7.280882
v 12.961898 29.088938 -7.627019
v 13.220897 28.376852 -7.594756
v 14.006859 26.211634 -7.980878
v 14.525866 24.480093 -7.961717
v 14.734012 23.644699 -7.803800
v 15.154704 22.080124 -7.629482
v 15.805221 18.951172 -7.220207
v 16.102144 17.353043 -7.064059
v 16.514423 14.857701 -6.729941
v 16.803801 11.403766 -6.204637
v 16.814528 10.580126 -6.105926
v 23.290186 9.256211 -7.576900
v 23.253759 10.033194 -7.500679
v 22.879240 12.095540 -7.325072
v 22.687956 14.765028 -6.841114
v 22.675259 17.194036 -6.454947
v 22.655708 18.076630 -6.468185
v 22.638594 18.950521 -6.481926
v 22.566710 21.996881 -6.968404
v 22.607904 23.149927 -7.015339
v 22.748180 25.445253 -6.942362
v 22.817755 28.430960 -7.245619
v 22.953106 32.859158 -7.531380
v 22.587452 38.849201 -8.205345
v 21.677053 42.891384 -8.087318
v 20.765947 45.274639 -7.908963
v 21.107870 44.495937 -7.964608
v 20.403240 46.748898 -7.167809
v 20.191177 47.246334 -7.074831
v 19.336693 49.967010 -6.154748
v 18.746292 53.048340 -5.154441
v 18.742407 54.624081 -4.599769
v 18.857580 55.942963 -3.930721
v 18.809317 57.056927 -3.790148
v 18.770315 59.399548 -3.601124
v 18.759108 60.276123 -3.608768
v 18.746225 61.161266 -3.666286
v 19.178127 64.614563 -3.245996
v 19.331785 66.991394 -3.170098
v 12.074702 68.474464 -8.595083
v 8.698182 67.507927 -7.154945
v 7.790470 67.278183 -6.115443
v 23.674082 7.065811 -7.162169
v 5.999926 66.666191 -1.296728
v 17.417940 7.636621 -6.712325
v 7.502948 56.806801 -1.159837
v 23.097486 6.841559 -8.267714
v 22.678688 6.670442 -8.918920
v 19.761038 5.528692 -10.811933
v 16.110796 69.403656 -7.598482
v 18.877483 51.698280 -5.758788
v 17.019602 68.707283 -6.876783
v 7.914453 53.427345 -2.461207
v 8.021739 52.590240 -2.843305
v 10.266959 43.920578 -4.276497
v 10.418930 43.339832 -4.130720
v 11.778132 32.545708 -7.185505
v 13.565262 28.864517 -9.228877
v 13.860738 28.289005 -9.336055
v 15.286448 24.018660 -9.206922
v 15.480754 23.204092 -9.060864
v 16.851051 9.042215 -5.686464
v 22.269531 40.452023 -8.294967
v 21.989599 40.764000 -8.742405
v 19.926880 46.501511 -8.105712
v 18.494886 55.749847 -4.684170
v 18.593655 56.287251 -4.870821
v 15.578911 68.698967 -7.851231
v 7.297223 66.593132 -5.137918
v 6.792777 66.674759 -4.161404
v 22.692795 9.032178 -8.166595
v 22.764912 8.263314 -8.214277
v 17.199865 10.676112 -6.990749
v 17.111504 13.251822 -7.507963
v 22.252449 35.517799 -9.340718
v 22.387722 34.585758 -9.063268
v 12.210673 32.035671 -8.667594
v 22.366095 17.880274 -7.352500
v 22.099600 21.809525 -8.136426
v 18.726940 66.991089 -4.515568
v 8.859384 48.600353 -3.946531
v 8.766897 66.678261 -7.031731
v 7.025673 59.896297 -1.759752
v 7.135761 58.947681 -1.962481
v 13.269554 30.230494 -9.660395
v 15.121953 25.759039 -9.822989
v 18.086334 59.144276 -4.699447
v 18.261114 54.066082 -5.585743
v 20.329178 44.092426 -9.250468
v 10.686499 39.167400 -6.924447
v 21.399933 41.090733 -9.502666
v 20.662107 43.359756 -9.303077
v 18.872322 48.966106 -7.515482
v 19.164343 51.147182 -5.566779
v 21.928333 13.423399 -8.092458
v 16.986639 14.116712 -7.590799
v 22.543684 26.291656 -7.755937
v 21.985720 24.707478 -8.701949
v 17.584608 62.332458 -5.432783
v 19.325266 47.661774 -7.930069
v 19.083351 48.306652 -7.735834
v 18.221970 51.545540 -6.688547
v 7.409580 57.131359 -2.566428
v 12.756777 30.681273 -8.982463
v 14.641400 26.335501 -9.451146
v 22.458239 33.652855 -8.850169
v 18.197073 55.006470 -5.343622
v 18.454754 64.576942 -4.612012
v 18.169563 63.531216 -4.863827
v 21.838659 7.122306 -9.497937
v 20.522337 6.516693 -10.455700
v 18.676039 6.874785 -9.962537
v 17.677179 7.155860 -7.658957
v 8.122157 51.973003 -3.387616
v 17.256964 9.992806 -6.998219
v 22.175642 8.044444 -8.821270
v 22.033777 8.784925 -8.744603
v 17.783972 53.814602 -6.218167
v 10.271390 43.321262 -5.230296
v 12.100417 66.928978 -8.471992
v 17.067776 9.173562 -6.420824
v 17.117565 59.590740 -5.692465
v 7.364295 66.013504 -5.058321
v 17.746895 54.318134 -6.086241
v 21.320492 30.870743 -10.097259
v 21.825108 32.553356 -9.710235
v 16.856943 20.187353 -9.504218
v 16.648237 21.929785 -9.907550
v 16.481817 22.803144 -10.064334
v 16.291998 23.641499 -10.191877
v 16.967173 19.360392 -9.332261
v 17.319685 15.874449 -8.722418
v 17.351086 15.053200 -8.556680
v 17.558298 10.731102 -7.717060
v 17.536390 11.899008 -7.923808
v 20.933512 36.952770 -10.817801
v 21.299871 34.981892 -10.503765
v 21.365381 28.802261 -9.827045
v 21.438324 27.835428 -9.672343
v 21.413750 26.822611 -9.632966
v 15.350013 27.475031 -10.658367
v 21.787619 16.762308 -8.223718
v 21.500824 22.603035 -9.122194
v 7.806972 54.495312 -3.324105
v 7.204748 60.079144 -3.023938
v 6.864157 62.730469 -2.894601
v 6.786308 63.698036 -2.946418
v 7.347023 59.236355 -3.242383
v 7.510954 58.409687 -3.552985
v 8.464264 50.591484 -4.385003
v 9.226747 48.615570 -5.520555
v 10.748294 41.281979 -7.432054
v 16.040682 26.127329 -10.746863
v 16.980347 60.358540 -5.859000
v 17.520987 51.739510 -7.167227
v 8.259848 51.336872 -3.856723
v 11.905622 36.248562 -9.607503
v 21.447638 14.459625 -8.543004
v 21.606894 12.346725 -8.452174
v 21.681328 11.797650 -8.441487
v 14.255144 28.922445 -10.231374
v 14.203227 29.448389 -10.419963
v 18.011600 65.927094 -5.439732
v 18.216101 65.174507 -5.073635
v 20.001581 42.104061 -10.390306
v 8.055657 52.916637 -3.821763
v 17.780542 49.175121 -8.208493
v 18.517656 44.799725 -10.056335
v 22.226828 19.602596 -7.701673
v 18.523874 47.246971 -8.830717
v 21.976149 10.348236 -8.468625
v 17.439657 14.258599 -8.469113
v 13.943416 66.631813 -8.315678
v 12.529400 66.643379 -8.725111
v 10.557521 65.897858 -7.972036
v 7.555706 56.250050 -2.925206
v 17.685837 51.395565 -7.198316
v 20.869696 39.955070 -10.425201
v 21.263699 39.676922 -10.130437
v 19.299459 6.475128 -10.452691
v 17.751417 54.755726 -5.940576
v 17.576933 10.121793 -7.672215
v 7.695781 57.556629 -3.926109
v 11.703662 66.120880 -8.622942
v 9.143928 50.591183 -6.068781
v 21.756292 19.654207 -8.472894
v 16.380156 58.428616 -6.371529
v 17.053465 53.476986 -6.915460
v 17.079767 54.144630 -6.710460
v 17.871628 11.418130 -8.456274
v 17.892204 10.767495 -8.395402
v 19.571455 36.400993 -11.653179
v 20.547974 33.496319 -11.041174
v 14.176045 33.146580 -11.453801
v 14.167978 32.389450 -11.307320
v 20.914158 31.762094 -10.595788
v 20.959455 15.696831 -8.995590
v 21.039846 16.614136 -8.970994
v 21.507252 18.745710 -8.687088
v 17.835255 20.455198 -10.185845
v 17.838224 22.417515 -10.611194
v 17.056303 24.965374 -10.919731
v 17.998886 18.800339 -9.868489
v 16.065891 59.899261 -6.675900
v 11.267646 41.812237 -8.475033
v 11.090007 42.562046 -8.078589
v 11.480406 41.051601 -8.896785
v 20.738882 13.425711 -9.111303
v 13.126282 35.498569 -10.961170
v 20.458263 28.355612 -10.608214
v 20.525019 27.499289 -10.492144
v 10.150328 45.901577 -6.378847
v 10.304809 45.439434 -6.582139
v 10.478534 44.754513 -6.859985
v 20.703819 23.188654 -9.977045
v 20.701204 21.354773 -9.729468
v 9.676663 65.374504 -7.430447
v 8.047054 54.713448 -4.446275
v 18.632208 42.159103 -11.025661
v 20.526806 8.129811 -9.922821
v 18.631750 7.687522 -9.725219
v 17.886570 10.112183 -8.298947
v 18.244345 12.149333 -9.115289
v 20.887054 25.085348 -10.021368
v 20.457972 24.117115 -10.263323
v 18.491833 8.202864 -9.471185
v 10.673127 47.084892 -7.361427
v 17.327028 43.984211 -10.715556
v 14.457808 65.986488 -8.181171
v 17.605297 9.668497 -7.651711
v 14.239801 33.956242 -11.593456
v 20.068985 29.617247 -10.985442
v 20.919065 32.782539 -10.691167
v 19.249220 16.451839 -9.733133
v 10.032527 49.141491 -6.909298
v 8.205912 64.529411 -5.855096
v 19.947834 38.958611 -11.231828
v 17.285809 50.880367 -7.661478
v 17.250082 29.685963 -11.712882
v 10.221951 65.437393 -7.832611
v 9.766543 50.218704 -6.773919
v 21.087870 18.902334 -9.137042
v 16.225782 65.116272 -7.118174
v 18.548616 15.202452 -9.535755
v 8.688613 52.533802 -5.620708
v 16.535028 32.148067 -12.041863
v 19.250412 23.043097 -10.676371
v 18.371651 24.836899 -11.046695
v 14.851813 60.147396 -7.404635
v 16.224508 55.248138 -7.269037
v 16.229673 54.557228 -7.149578
v 15.280823 58.706001 -7.058384
v 18.927395 12.995476 -9.556245
v 20.162848 10.571754 -9.573215
v 18.243311 36.929592 -12.024629
v 20.156652 15.585382 -9.470028
v 19.940069 22.008684 -10.288826
v 19.779085 20.251432 -10.086835
v 19.992050 22.747030 -10.368478
v 8.618791 53.337353 -5.564203
v 8.555103 54.097137 -5.487552
v 16.803473 45.429382 -10.213099
v 17.767475 28.911194 -11.615736
v 17.986904 40.003597 -11.724361
v 18.169363 39.104877 -11.838302
v 14.036858 36.779343 -11.589451
v 13.452489 39.521500 -11.058692
v 16.622038 42.424297 -11.300333
v 15.921748 50.276020 -8.353276
v 19.345472 8.191254 -10.038763
v 15.623868 48.179245 -9.198069
v 18.511213 8.861012 -9.422934
v 14.853742 65.363297 -7.904765
v 20.249844 9.718406 -9.665399
v 18.253035 10.076674 -9.016800
v 14.305745 34.757965 -11.687387
v 10.301105 51.031445 -7.282869
v 13.495630 65.514275 -8.465609
v 11.493599 65.305031 -8.163447
v 10.347657 65.133171 -8.122013
v 10.020672 64.178696 -7.641798
v 19.630548 16.100691 -9.658647
v 19.836378 30.527567 -11.220084
v 15.556348 63.965576 -7.397149
v 18.101484 30.925211 -11.839087
v 19.773569 29.960789 -11.192927
v 15.156285 62.009350 -7.323730
v 11.108602 47.974133 -7.761331
v 13.699028 35.155468 -11.374602
v 20.393160 25.215450 -10.439217
v 18.313375 38.081512 -11.924665
v 18.131330 9.421227 -8.789950
v 18.940420 11.734456 -9.548516
v 12.546511 65.195305 -8.449637
v 8.611251 60.800564 -5.489033
v 18.649162 29.045963 -11.520926
v 15.030683 55.479427 -7.474615
v 14.888919 56.212372 -7.431925
v 14.722956 56.913052 -7.385619
v 14.514119 57.605358 -7.387789
v 15.315936 38.524803 -11.927219
v 18.999540 10.976277 -9.593753
v 13.408765 41.908932 -10.578557
v 16.730511 35.275661 -12.230748
v 9.167549 54.322353 -6.244076
v 15.130649 53.474953 -7.756385
v 14.589861 51.336376 -8.201594
v 16.675833 40.187073 -11.828650
v 16.846357 40.887886 -11.683434
v 11.414109 46.796658 -8.062406
v 10.715229 45.964813 -7.347541
v 16.574667 33.656563 -12.192676
v 15.621833 41.394730 -11.516129
v 15.083159 47.175236 -9.538324
v 15.257692 46.630505 -9.746588
v 9.235778 55.080902 -6.239392
v 13.808082 64.919701 -8.152831
v 19.367670 30.153685 -11.407186
v 13.219207 51.293697 -8.180534
v 14.842127 62.800575 -7.566114
v 13.971122 61.350525 -7.690817
v 13.393188 49.942661 -8.447351
v 13.682988 60.487953 -7.733102
v 18.905062 29.627588 -11.508178
v 15.232718 48.406815 -9.117622
v 14.956035 47.629017 -9.368377
v 9.715001 62.671780 -7.007119
v 9.275153 61.150745 -6.192674
v 14.168083 54.347115 -7.960331
v 14.501264 53.965054 -7.816648
v 14.953078 41.729916 -11.304468
v 14.269588 40.852535 -11.268209
v 13.743599 52.370800 -8.068313
v 10.405803 53.303249 -7.223549
v 13.647491 45.369976 -9.708931
v 13.886174 42.977058 -10.548243
v 14.673947 42.635529 -10.968232
v 9.829013 54.564037 -6.740491
v 14.728800 47.832108 -9.277559
v 11.725520 52.581978 -7.796991
v 11.681939 50.537518 -7.981565
v 14.437198 47.355583 -9.377906
v 14.823938 48.510033 -9.061713
v 14.950484 49.168430 -8.845906
v 10.292488 61.670368 -7.141601
v 12.975684 54.639374 -7.739985
v 11.949953 58.815144 -7.687137
v 10.925533 55.740841 -7.153037
v 12.019745 52.147778 -7.906484
v 12.352271 62.554970 -8.181760
v 11.332507 59.074551 -7.481584
v 11.380874 60.318096 -7.339636
v 11.674162 62.127743 -7.670034
v 12.213851 55.374050 -7.663535
v 12.410023 55.927490 -7.592925
v 12.014519 56.162636 -7.552481
v 12.137034 61.708801 -7.707283
v 12.754135 61.894390 -8.088689
v 11.820435 61.130779 -7.821155
v -7.534257 72.290451 5.814811
v -8.702319 72.803360 7.054905
v -10.024115 73.277443 8.148873
v -11.550754 73.690376 8.993537
v -13.276685 73.953247 9.393039
v -15.041762 74.154503 9.234367
v -16.681683 74.345535 8.566834
v -18.028351 74.429703 7.436355
v -19.057051 74.454086 6.030703
v -19.799053 74.450607 4.474438
v -20.243517 74.359856 2.824444
v -20.345144 74.199265 1.142088
v -20.325274 73.976402 -0.526227
v -19.993784 69.492050 -0.999701
v -20.123404 69.645073 0.463579
v -20.033863 69.761398 1.910464
v -19.739225 69.827354 3.321119
v -19.253742 69.870560 4.692094
v -18.519917 69.861183 5.946141
v -17.546404 69.796722 7.023608
v -16.357815 69.704750 7.862708
v -15.004549 69.584045 8.400959
v -13.558197 69.410492 8.589310
v -12.102661 69.193817 8.406854
v -10.711507 68.929268 7.878355
v -9.463003 68.592422 7.066237
v -8.333089 68.133835 6.008520
v -10.158407 70.153374 7.781622
v -9.008753 70.540321 6.983542
v -9.019291 69.842926 6.895779
v -18.733036 72.579124 6.191072
v -14.759082 71.689255 8.890210
v -20.123396 71.179451 2.057482
v -20.272438 73.192986 -0.612125
v -20.206390 72.655586 2.273334
v -20.165838 71.904808 2.148247
v -19.884253 71.940971 3.548675
v -9.097037 69.225342 6.871881
v -8.125357 68.726662 5.834503
v -7.711069 71.567177 5.840830
v -17.728619 71.224258 7.158328
v -18.764126 73.216934 6.207393
v -20.046017 70.196419 -0.960637
v -20.079023 70.472618 1.990818
v -10.778022 69.493118 8.012500
v -18.642916 71.264519 6.063388
v -18.574795 70.575195 6.021749
v -16.266666 70.520241 8.096847
v -17.922075 73.794060 7.447019
v -13.579203 73.220161 9.287227
v -19.837154 71.239342 3.472567
v -9.035951 71.299370 7.115775
v -18.692087 71.932518 6.124089
v -19.392410 71.956268 4.887094
v -19.299795 70.580482 4.768832
v -15.779704 71.876595 8.611907
v -16.646252 71.226067 8.030823
v -17.790974 72.497948 7.350730
v -16.562433 72.341270 8.306657
v -19.486477 73.269760 4.970319
v -17.847939 73.147881 7.412139
v -16.669371 73.021111 8.361155
v -12.217170 72.211090 8.980536
v -10.509013 69.845901 7.935122
v -12.300066 70.536125 8.709828
v -19.786144 70.535011 3.405944
v -14.034639 72.459534 9.140493
v -11.963698 69.889938 8.512458
v -12.449162 71.098793 8.842696
v -13.550745 70.643242 8.843777
v -20.236984 73.443520 2.461142
v -8.002555 69.389137 5.806886
v -8.900069 72.062653 7.109338
v -20.219809 72.415016 -0.697567
v -20.164011 71.656097 -0.794618
v -20.172701 70.359253 0.533886
v -7.839134 70.829437 5.853602
v -7.916897 70.094208 5.824140
v -20.360077 73.362938 0.954219
v -20.103302 70.919998 -0.888513
v -11.870138 72.951736 8.996406
v -10.300509 72.534653 8.220513
v -15.197185 73.501038 9.095366
v -16.679708 73.683716 8.467424
v -18.895355 73.841255 6.184938
v -19.579609 73.864601 4.887784
v -19.961714 73.859665 3.838077
v -17.592319 70.540970 7.145813
v -14.896390 70.243576 8.576165
v -13.492927 70.060699 8.729210
v -10.035978 69.247368 7.562028
v -20.315756 72.572395 0.813567
v -20.270603 71.817284 0.702859
v -20.221743 71.082703 0.615877
v -14.704267 70.750343 8.727105
v -15.578941 70.856438 8.485700
v -19.946159 73.315224 3.741944
v -9.935390 69.621628 7.557225
v -11.228444 70.067467 8.309408
v -15.416165 72.881035 8.926470
v -19.347198 71.277542 4.831198
v -15.701273 71.304802 8.529878
v -14.718165 71.236092 8.818328
v -11.240569 70.444214 8.378337
v -19.919256 72.640526 3.643579
v -19.432959 72.620857 4.945959
v -15.684631 72.465210 8.757750
v -13.916944 71.780907 9.034708
v -12.502742 71.649109 8.947518
v -10.252003 70.867561 7.949622
v -17.784040 71.884430 7.236720
v -16.729963 71.832474 8.101879
v -13.660517 71.195129 8.943975
v -11.334383 70.980217 8.506522
v -11.468625 71.453232 8.611475
v -10.602658 71.716103 8.281141
v -15.034200 72.173180 8.915826
v -14.572293 71.880638 8.965931
v -19.943493 68.821381 -2.244327
v -23.180204 7.432397 2.886235
v -7.516272 67.225143 5.224032
v -7.446081 67.568733 5.373853
v -8.440887 66.633507 5.751422
v -24.491276 7.201519 -4.807457
v -23.060255 8.557509 0.619170
v -23.423351 7.856538 1.691698
v -18.658043 9.043479 -1.101171
v -8.447680 67.660316 6.385317
v -9.540210 65.765938 6.571299
v -24.345549 7.719689 -3.045657
v -23.826818 7.515434 1.964659
v -22.531038 7.879940 2.415884
v -9.589259 67.921501 7.206569
v -9.702557 66.534027 6.852183
v -24.531935 6.961928 -5.851820
v -24.618990 6.439837 -4.635158
v -23.302633 7.574470 2.467951
v -24.730934 7.296566 -1.377180
v -24.871046 7.082471 0.448744
v -21.989195 8.339798 1.762028
v -20.757872 8.031741 2.076605
v -22.898464 8.345449 1.203960
v -25.128531 6.430570 -2.567343
v -23.535820 8.043415 1.145934
v -20.529724 10.113372 0.046595
v -23.956121 7.740318 1.151766
v -21.679472 9.781157 0.076899
v -22.086210 8.971576 0.877936
v -19.506453 8.474178 0.496414
v -21.021759 9.127033 0.545145
v -19.550211 27.920914 -0.487603
v -20.011906 23.984921 -1.097809
v -18.399801 65.437668 4.931261
v -20.046501 43.443893 0.017290
v -19.884634 67.070396 1.142777
v -20.135046 68.377266 0.671166
v -23.930487 8.597172 -5.019040
v -24.006771 7.542768 -5.868148
v -17.979296 8.824120 -1.990945
v -11.257052 63.801540 6.980488
v -9.493164 65.013138 6.361197
v -8.430686 65.040787 5.341144
v -11.616125 64.932159 7.352696
v -10.593657 65.011528 7.019395
v -10.549968 64.403618 6.854884
v -11.827947 65.477943 7.530411
v -10.797522 65.700500 7.266871
v -10.889971 68.206604 7.828177
v -24.331457 6.351287 -5.854416
v -19.846146 7.900644 1.493105
v -18.629225 13.179097 -1.895084
v -22.321543 14.786799 -3.468104
v -22.418884 32.979595 -2.059397
v -16.291311 33.329655 -0.321306
v -19.327925 37.017406 0.750313
v -22.035021 21.490915 -2.874788
v -22.350937 17.887760 -3.627434
v -18.749811 16.846001 -1.718029
v -18.313816 22.163439 -1.336624
v -14.254790 54.871826 5.127238
v -19.098879 60.691860 1.305094
v -15.934692 65.995689 7.364271
v -16.427931 45.548626 2.034198
v -21.836319 42.692245 -2.731098
v -17.697546 40.634979 1.308083
v -16.810371 42.730862 1.537564
v -19.672501 68.477112 3.080126
v -20.069942 68.535042 -1.350764
v -20.059118 68.948570 0.054050
v -19.675497 67.734764 2.765053
v -19.810759 66.928276 2.525797
v -19.221277 67.601372 4.097422
v -19.837795 66.351776 -0.297448
v -19.231630 69.143471 4.546292
v -19.655798 66.193436 2.185396
v -19.227728 66.763000 3.792707
v -19.221058 68.396240 4.344787
v -19.905857 67.109520 -0.186958
v -23.929052 9.180519 -5.996025
v -17.160786 8.374175 -3.461580
v -17.413216 9.242415 -2.750234
v -17.536972 7.757936 -2.809124
v -18.000582 7.121156 -1.539868
v -17.557032 6.866113 -2.823797
v -11.735178 61.429699 6.516474
v -9.921992 63.648811 6.326183
v -8.570225 64.154449 5.260278
v -12.218390 68.464134 8.276415
v -12.412198 65.997856 7.740417
v -18.822027 8.262856 -0.398943
v -17.211256 13.249074 -3.050802
v -22.883125 14.385559 -5.122439
v -23.168598 12.815707 -5.755270
v -22.593016 35.234020 -2.368619
v -15.171428 32.910820 -1.223637
v -15.877440 34.848255 -0.242134
v -15.640365 37.196072 0.117484
v -16.974115 18.585651 -2.722103
v -22.670366 20.140915 -4.826656
v -22.619835 22.048479 -4.343473
v -22.639582 18.465464 -4.511575
v -22.751389 16.843283 -5.015775
v -22.840639 27.264210 -3.912621
v -22.610151 29.311707 -2.835853
v -15.972142 25.830784 -2.234131
v -15.908872 27.495932 -1.923939
v -22.843786 24.613386 -5.075061
v -17.277384 21.882458 -1.920274
v -16.955511 23.889904 -1.750478
v -19.280579 54.303127 -2.993016
v -19.389559 51.770863 -1.386250
v -18.962633 57.114040 -0.084876
v -10.428672 58.230938 4.825495
v -19.675011 64.412750 -0.212295
v -18.540958 69.098145 5.742168
v -17.641848 69.031738 6.761176
v -16.738642 68.233521 7.274159
v -21.366467 45.607204 -4.728905
v -14.261502 41.999577 0.388917
v -19.045664 65.748268 4.483336
v -19.403025 65.309174 2.986531
v -23.520475 9.215522 -3.298717
v -18.451330 9.676852 -1.591097
v -18.149061 8.179809 -1.531270
v -9.820216 60.906994 5.431625
v -8.805868 62.080151 4.870853
v -9.590983 64.293968 6.260148
v -11.339629 66.541313 7.651352
v -17.057394 14.192792 -3.286024
v -17.073198 12.436975 -3.306049
v -22.861160 15.219302 -5.808417
v -23.156343 12.546072 -6.467656
v -23.306305 12.169963 -5.617549
v -23.685671 10.463038 -6.412212
v -23.165522 31.166388 -5.842506
v -23.210499 32.478451 -5.997257
v -23.259481 34.714336 -5.459358
v -15.773084 31.493729 -1.083631
v -14.768023 29.068802 -2.556148
v -14.278893 30.274958 -2.680592
v -13.859366 33.220821 -2.221227
v -13.610274 34.913326 -2.045079
v -16.780331 19.811094 -2.685550
v -17.325792 17.485527 -2.513789
v -22.702824 20.502674 -5.708777
v -22.723654 19.109049 -5.468591
v -22.708746 21.231668 -5.589738
v -16.741262 16.813194 -3.280685
v -16.991003 16.198627 -3.067688
v -23.040586 27.625355 -5.124684
v -15.333902 25.101238 -3.061241
v -15.257875 26.372004 -2.817274
v -15.666715 24.615446 -2.810472
v -22.805908 23.756506 -5.436981
v -16.244280 22.361839 -2.745699
v -16.549435 20.778448 -2.750559
v -18.966166 55.046730 -3.933396
v -19.006590 54.157814 -4.175148
v -19.196642 56.924866 -2.305850
v -19.267187 61.973469 -2.237177
v -19.134426 60.256714 -2.520602
v -19.414293 61.271770 -1.083567
v -9.623519 57.896523 3.909222
v -19.422445 64.095322 -2.156064
v -19.574646 63.651264 -1.033421
v -19.579693 64.821159 -1.602402
v -15.607150 68.782478 7.999183
v -14.803142 68.343384 8.156174
v -19.953030 48.793049 -5.900077
v -20.510931 47.065483 -6.552616
v -14.296656 46.213917 1.927306
v -22.175501 42.008251 -7.491310
v -22.631420 40.095383 -7.383778
v -22.945826 38.687569 -6.725789
v -14.594653 38.475754 -0.366977
v -13.583041 39.155632 -1.122611
v -13.223989 41.684990 -0.660172
v -12.886347 43.306149 -0.285548
v -15.702400 41.584515 1.079544
v -13.365320 40.869701 -0.829177
v -14.463625 41.212364 0.286416
v -19.608393 65.490768 1.906206
v -19.541052 64.263832 1.418545
v -23.788977 8.855021 -4.135594
v -18.018099 10.944026 -2.157679
v -17.529203 11.623926 -2.700864
v -18.528524 10.342654 -1.639851
v -19.118490 10.464136 -1.135392
v -16.953148 11.571311 -3.424457
v -8.838996 60.324032 4.195216
v -11.239759 62.344826 6.609811
v -11.078313 67.436447 7.755978
v -18.021338 13.865474 -1.772779
v -17.685091 12.425282 -2.537838
v -22.679087 13.907272 -4.213266
v -22.318523 15.504657 -3.514667
v -23.129614 12.355456 -4.803541
v -22.785307 12.492383 -4.029602
v -23.023764 13.034307 -4.923742
v -23.123413 30.944815 -4.557776
v -22.058222 32.439877 -1.531682
v -22.964771 31.429117 -3.591584
v -23.130173 29.931776 -5.603757
v -22.745863 33.462242 -2.714052
v -23.209806 32.979877 -6.166208
v -20.661184 33.900337 -0.121700
v -22.925503 34.040279 -3.190026
v -20.523197 35.136013 0.073774
v -23.061380 34.654846 -3.663512
v -23.084465 28.556211 -5.610595
v -23.160290 34.219891 -6.716269
v -23.163977 35.660301 -6.579822
v -14.360415 31.679258 -2.190717
v -15.448874 32.175758 -1.173972
v -14.954500 33.682667 -1.218040
v -13.547053 35.765041 -1.922802
v -13.496970 36.608780 -1.773876
v -17.717062 20.338840 -1.745324
v -17.407690 19.246145 -2.205125
v -18.166945 18.195570 -1.832655
v -17.851402 18.832451 -1.942274
v -20.100767 18.832546 -1.614098
v -22.425886 21.461176 -3.678485
v -22.723532 22.611204 -4.947804
v -22.765999 23.054094 -5.606881
v -22.672894 17.749439 -4.630869
v -22.398939 17.087841 -3.730121
v -18.487082 16.101980 -1.848309
v -22.734877 26.565481 -3.955855
v -22.732044 25.865540 -3.890127
v -22.847874 27.912369 -3.776939
v -22.794195 28.532602 -3.471239
v -17.040209 25.533163 -1.452113
v -15.584210 28.161337 -2.041874
v -16.435226 28.585133 -1.271960
v -16.281904 23.672632 -2.410107
v -17.126722 22.637754 -1.900415
v -19.011862 23.795033 -1.009184
v -17.933592 23.619612 -1.286991
v -19.642250 21.596691 -1.262861
v -17.474607 21.111267 -1.898514
v -18.507769 21.411032 -1.281664
v -10.829883 52.009449 2.392022
v -12.226073 49.617397 2.520793
v -11.195349 50.217098 1.933448
v -13.329701 49.128803 3.046107
v -11.969142 47.669483 1.185995
v -14.074498 50.092075 3.710203
v -13.691146 48.454849 2.907763
v -13.098787 49.867855 3.256620
v -14.209246 49.415283 3.485469
v -13.855147 46.839890 2.028877
v -15.999374 49.746826 3.531181
v -14.914645 49.611477 3.629159
v -15.969340 48.687557 3.203725
v -12.699271 51.509388 3.796065
v -13.731771 51.721020 4.294819
v -13.548080 52.623608 4.600671
v -14.713959 52.879829 4.784733
v -12.496870 52.395618 4.084735
v -13.348348 53.574093 4.834262
v -19.373457 58.627815 -0.527208
v -19.712610 64.964203 -0.382257
v -19.766058 65.602608 0.789425
v -19.633610 63.871716 0.150162
v -19.617645 64.828941 1.663317
v -19.532368 62.927792 -0.939844
v -19.620731 65.544914 -1.649419
v -14.437045 66.682068 7.810558
v -13.483333 68.712929 8.430620
v -16.622700 67.491852 7.161481
v -17.663687 67.488342 6.361261
v -15.456466 66.820183 7.558529
v -18.494780 66.479820 5.115781
v -16.102905 63.984894 6.867127
v -17.134624 65.862259 6.690770
v -17.944065 64.940826 5.367109
v -17.470430 65.467735 6.004510
v -21.103708 45.590618 -6.852502
v -19.905472 49.918682 -3.102290
v -20.153614 49.021912 -3.455635
v -19.559393 49.111687 -0.977993
v -19.925282 49.823681 -4.365342
v -19.723997 50.819332 -2.820006
v -19.235933 52.622456 -1.135853
v -19.461699 52.601192 -2.298459
v -19.361906 53.491554 -2.046857
v -19.933889 49.085144 -2.197518
v -19.436399 52.505615 -3.505347
v -19.181252 51.025139 -0.464091
v -19.695013 50.011028 -1.820248
v -18.887846 52.575329 -0.065416
v -18.762747 53.473835 0.187159
v -18.033171 53.464027 2.282920
v -18.927786 55.318794 -0.384438
v -18.679302 54.378498 0.421042
v -18.826880 51.259014 0.435862
v -19.295202 48.245247 -0.223409
v -19.142096 49.044319 0.057309
v -19.830822 48.238491 -1.358502
v -18.173439 49.754517 1.824323
v -18.921133 49.768887 0.429524
v -18.833942 50.631516 0.556045
v -20.139870 47.366436 -1.692109
v -22.172766 42.930664 -4.688406
v -22.807558 38.276810 -7.693468
v -22.995924 37.040226 -7.291959
v -15.213638 43.107502 1.270243
v -23.636864 9.484079 -4.279053
v -23.477034 10.122525 -4.256780
v -23.674959 10.755695 -5.447849
v -22.931654 11.666996 -3.937275
v -23.330698 11.289001 -4.638223
v -23.011534 11.007107 -3.719456
v -23.385952 12.177028 -3.802087
v -10.598060 60.173748 5.696227
v -9.862179 61.821114 5.764194
v -10.606709 61.129238 6.005714
v -17.825487 13.180857 -2.267481
v -18.271313 12.463006 -1.851768
v -19.630447 13.455449 -1.071050
v -19.303181 13.045955 -1.588316
v -18.771482 13.640714 -1.289744
v -18.537748 14.525771 -1.633345
v -22.950947 13.700676 -5.061702
v -22.671429 14.595644 -4.294518
v -22.729177 15.914699 -4.709374
v -20.489887 37.129978 0.205787
v -23.107779 29.224659 -5.589113
v -22.746283 29.933731 -3.071070
v -22.998976 37.065895 -3.856498
v -17.973043 32.933300 0.257489
v -16.047510 30.854773 -1.032244
v -15.961141 29.107321 -1.500704
v -16.156096 29.784851 -1.199039
v -16.882708 36.696026 0.620484
v -15.759232 35.613750 -0.148714
v -18.048048 17.536858 -1.971512
v -18.943293 17.585955 -1.617375
v -19.951086 17.499979 -1.632183
v -20.855116 16.582226 -1.947769
v -19.774748 16.720236 -1.613134
v -22.669142 19.697729 -4.783252
v -22.597681 19.207827 -4.335418
v -22.648958 21.386488 -4.584274
v -21.894646 22.084637 -2.621705
v -22.215933 22.746107 -3.083864
v -22.722643 23.228632 -4.692161
v -22.082129 23.452803 -2.772200
v -21.765764 18.032789 -2.718834
v -19.851608 19.405592 -1.511500
v -21.708000 19.918058 -2.555872
v -17.490881 15.474494 -2.623240
v -16.222982 26.671026 -1.843579
v -16.305380 24.202034 -2.268808
v -18.614222 27.023380 -0.611968
v -19.308683 51.464893 -4.967171
v -19.191473 57.026794 -1.136752
v -19.183355 56.187946 -1.290795
v -19.218596 55.287075 -1.538258
v -19.479830 50.572006 -5.262640
v -11.800866 51.297482 3.044196
v -11.614708 52.189991 3.278128
v -11.445201 53.103088 3.436867
v -14.577019 48.824078 3.332006
v -13.104364 54.506008 4.923366
v -11.061976 54.911922 3.612205
v -10.786105 55.760681 3.788131
v -10.864737 57.497723 4.777447
v -11.788876 57.854015 5.360635
v -11.310657 56.769348 4.676006
v -13.451228 57.059082 5.405150
v -12.388336 57.117519 5.211892
v -13.810332 55.679745 5.165945
v -12.565822 56.195553 4.985239
v -12.652219 58.246986 5.693949
v -19.159092 57.643288 -3.303846
v -19.255344 59.573559 0.068310
v -19.403631 61.394440 0.218716
v -20.448746 48.018646 -5.106858
v -21.061796 46.423923 -4.428837
v -20.758802 47.246849 -4.198174
v -20.762051 47.058456 -5.621700
v -21.074835 46.323772 -5.567427
v -19.070379 51.798733 -0.376275
v -18.508669 51.577087 1.184046
v -18.552773 56.098701 0.914742
v -16.666479 55.262215 4.285617
v -15.720252 54.189922 4.791722
v -14.682960 56.116463 5.190345
v -13.588223 45.158993 1.056288
v -22.530182 41.527851 -6.097476
v -22.713188 40.638252 -5.955437
v -22.850996 39.800774 -5.748174
v -22.245352 41.623676 -3.328695
v -22.555660 41.162148 -4.584808
v -22.664852 40.363052 -4.308961
v -22.308012 42.468788 -6.145219
v -21.223013 44.683502 -2.498066
v -22.056440 43.332664 -6.279235
v -21.843075 44.215832 -5.529639
v -21.655222 44.800442 -5.089358
v -21.974401 43.762680 -5.115492
v -21.615932 43.889828 -7.374611
v -23.011055 38.312008 -4.857395
v -22.964243 38.942760 -5.553493
v -13.481135 37.444580 -1.601494
v -16.110603 39.007397 0.717011
v -15.019202 39.441513 0.203866
v -16.443796 40.165890 1.060384
v -16.008595 40.851055 1.036522
v -13.723338 44.354519 0.833732
v -14.811145 44.600304 1.550169
v -14.103571 42.793575 0.467761
v -17.039673 41.962330 1.444194
v -9.730249 59.741558 4.915108
v -11.863433 59.612118 6.011644
v -10.934051 59.336102 5.579370
v -12.354836 58.968044 5.896261
v -12.756376 60.078884 6.290017
v -11.222199 60.812660 6.186164
v -13.925865 62.577770 6.861615
v -12.835517 62.809338 6.988960
v -12.268394 62.101540 6.784724
v -14.499602 63.371681 6.955802
v -22.328863 34.633549 -1.855850
v -21.202101 34.409149 -0.469851
v -19.606268 34.959667 0.463124
v -21.253981 36.133530 -0.452028
v -23.017771 28.996796 -4.315893
v -23.192350 35.855801 -4.640367
v -22.785131 35.843029 -2.872014
v -23.157467 37.032848 -5.640817
v -16.598700 32.577526 -0.307872
v -16.903313 31.834522 -0.302002
v -17.201624 31.123005 -0.304341
v -17.553293 30.298716 -0.316883
v -17.881815 16.860113 -2.148980
v -21.751516 16.470898 -2.688282
v -21.474270 21.481083 -2.191618
v -22.343958 22.089674 -3.409714
v -21.327669 23.437704 -1.878320
v -22.002779 24.196148 -2.552438
v -21.027136 24.317341 -1.542576
v -21.723824 18.759045 -2.646310
v -20.939825 17.402357 -2.017196
v -20.937748 18.869032 -1.985012
v -22.235954 19.348356 -3.352060
v -17.918119 25.021311 -1.091913
v -18.843248 24.423166 -0.948605
v -17.643003 24.247648 -1.178186
v -19.659315 24.430029 -0.970563
v -17.961838 28.370707 -0.527534
v -18.312082 27.660101 -0.560579
v -17.903435 26.208969 -0.912750
v -20.670265 25.935553 -1.144060
v -18.915037 25.839142 -0.754538
v -18.796679 26.431248 -0.678908
v -21.607378 26.451221 -1.763029
v -20.763577 27.249731 -1.001146
v -22.190861 25.526058 -2.663822
v -20.122169 24.807434 -0.977068
v -20.767420 27.952152 -0.895142
v -22.647146 25.179901 -3.772317
v -21.503397 25.791122 -1.753350
v -21.322130 25.121138 -1.685806
v -19.269276 58.611946 -1.753895
v -13.362445 45.922512 1.243823
v -12.558427 44.954453 0.193316
v -15.654945 47.663288 2.860287
v -16.564922 48.105770 2.790747
v -17.960413 48.985397 1.925284
v -14.706931 47.229656 2.608526
v -10.323145 54.783630 2.803494
v -19.306585 59.512859 -1.398273
v -19.194569 59.958260 1.283428
v -18.263786 60.073254 2.989476
v -18.695353 59.044392 1.617334
v -18.355909 58.890572 2.356895
v -18.517481 57.223644 1.362454
v -18.417330 58.301918 1.991033
v -17.830925 57.035469 2.838237
v -18.077765 58.096474 2.688779
v -18.482466 57.725342 1.644221
v -18.509495 56.714142 1.215636
v -17.593918 52.501415 2.933275
v -16.864180 53.260925 3.964410
v -18.533121 50.935268 1.238923
v -18.215971 51.011852 1.887207
v -18.813604 51.818245 0.356978
v -18.601015 55.264477 0.650916
v -18.871117 56.302437 -0.038461
v -18.706621 56.751873 0.630969
v -17.973059 54.381710 2.455030
v -18.270510 55.250252 1.637572
v -18.228010 56.064098 1.807560
v -18.236097 56.748440 1.937487
v -17.366024 55.256916 3.495268
v -16.744469 54.279335 4.186983
v -19.576082 47.388973 -0.542545
v -21.026316 42.797348 -1.077319
v -22.283092 40.885162 -2.956720
v -21.666437 41.394493 -1.675544
v -21.825930 43.620949 -3.589660
v -21.419142 43.203369 -1.981140
v -20.849422 45.603527 -2.247061
v -21.063150 43.885788 -1.613673
v -21.227690 45.559715 -3.535479
v -23.013489 38.263912 -6.471772
v -13.503623 38.280037 -1.391022
v -14.971436 43.848080 1.381436
v -14.806572 45.445282 1.831408
v -15.823224 46.027630 2.195638
v -15.254933 46.648022 2.341583
v -17.194557 44.392536 1.711688
v -15.854617 44.733585 1.856285
v -9.032672 59.529034 4.067443
v -11.472669 64.356331 7.190285
v -12.533376 64.902916 7.483435
v -13.901937 65.865898 7.688069
v -14.727469 66.140648 7.624236
v -15.135918 65.705147 7.377956
v -13.071942 65.548241 7.659788
v -13.395038 66.393120 7.863814
v -13.356714 63.567207 7.156802
v -15.218261 64.524117 7.086538
v -15.667343 63.190521 6.548272
v -20.568846 34.663425 0.005918
v -21.931480 35.741978 -1.254415
v -21.189760 38.403786 -0.442813
v -22.919546 36.467365 -3.359360
v -19.696898 33.238071 0.215214
v -17.534998 33.697384 0.295367
v -19.637838 32.315865 0.119673
v -16.938208 35.926800 0.510085
v -22.361078 16.260979 -3.636308
v -21.715952 15.657913 -2.608819
v -20.708786 15.590198 -1.761418
v -19.028469 15.191960 -1.700559
v -21.614222 22.704741 -2.225556
v -21.605631 20.747255 -2.381619
v -17.473686 29.072290 -0.578486
v -20.813248 28.719172 -0.810455
v -16.761951 49.202492 3.055422
v -18.203581 50.310421 1.873488
v -17.519560 49.821182 2.644599
v -18.534756 48.336544 0.962449
v -18.292744 49.261124 1.582290
v -18.089615 52.530392 2.074512
v -15.876114 53.121082 4.577192
v -15.969207 51.243336 3.999971
v -16.879629 51.127323 3.453296
v -17.892687 55.261971 2.596109
v -16.221624 47.072033 2.516228
v -18.992517 46.581329 0.436593
v -19.869085 46.534874 -0.764228
v -16.794455 46.463169 2.148652
v -17.130758 47.483334 2.266114
v -17.873236 47.895248 1.711222
v -18.884060 47.385078 0.487746
v -18.354422 47.186039 1.086523
v -17.641499 46.835373 1.716628
v -17.764599 45.233990 1.514775
v -16.821484 44.994823 1.872180
v -17.321257 45.863747 1.802850
v -18.629477 45.438087 0.918667
v -18.997908 44.271805 0.804042
v -17.610857 43.761837 1.538852
v -19.495829 45.566700 0.071286
v -18.239729 43.079071 1.318649
v -18.327595 42.288853 1.291030
v -16.421164 43.438515 1.627625
v -16.101309 44.100143 1.733300
v -14.956436 64.036423 7.275175
v -14.746340 64.887024 7.277177
v -15.898262 64.681641 6.832381
v -20.959883 37.757214 -0.178297
v -21.963125 38.065399 -1.453088
v -22.215279 39.414841 -2.185585
v -21.303448 39.109833 -0.639977
v -19.397879 38.129913 0.805150
v -19.999557 37.608299 0.519544
v -19.245565 37.598026 0.818109
v -20.199057 38.040199 0.416422
v -16.895823 37.486599 0.751033
v -17.000029 38.413784 0.929136
v -20.556868 40.160126 0.068767
v -22.577517 37.610050 -2.601316
v -22.277884 40.133724 -2.579284
v -17.253929 34.430851 0.346651
v -22.357517 31.502264 -2.064697
v -19.407408 35.622211 0.591675
v -19.341665 36.313351 0.682603
v -18.496929 34.722473 0.590511
v -21.842672 28.425467 -1.720747
v -21.018824 29.609406 -0.813135
v -19.703266 31.600529 0.015097
v -21.152554 30.935923 -0.753850
v -18.622297 49.103664 0.938012
v -19.893578 44.546852 -0.108110
v -18.990047 43.583504 0.903004
v -20.047871 42.612671 0.202503
v -20.403780 42.961437 -0.269667
v -19.075811 42.876102 0.925142
v -19.323698 42.383430 0.813583
v -18.549475 41.596588 1.220199
v -19.566250 43.138374 0.538153
v -20.703016 41.932972 -0.374595
v -15.600043 37.941669 0.247457
v -18.434263 38.286350 1.023962
v -19.117311 38.886925 0.939125
v -21.482939 39.840591 -0.980636
v -21.433943 31.376608 -0.938334
v -21.208076 14.825421 -2.049371
v -21.824034 14.894023 -2.680366
v -22.714891 13.198215 -4.117018
v -21.876404 14.224904 -2.679797
v -21.787952 13.500020 -2.494271
v -20.072947 13.940987 -1.547812
v -19.921438 14.826045 -1.580346
v -18.986053 29.676626 -0.178731
v -20.684362 30.483664 -0.498395
v -19.553169 30.350107 -0.123586
v -19.601709 40.374428 0.764857
v -19.708124 41.006874 0.619567
v -20.717062 40.949898 -0.195010
v -21.401339 13.157320 -1.931604
v -19.061964 39.815868 1.004479
v -24.321655 7.833706 -2.182447
v -23.416494 8.643391 -0.226878
v -22.635229 9.166442 -0.105208
v -23.857706 8.490321 -2.095725
v -24.060089 8.080562 -0.347329
v -23.877005 8.518551 -2.902682
v -24.053535 8.161891 -3.951711
v -19.554747 10.002748 -0.365558
v -19.202780 9.151879 -0.351538
v -18.971821 9.765128 -1.059551
v -19.960760 10.455924 -0.927883
v -20.087564 9.241613 0.132431
v -20.145184 11.217360 -0.895476
v -22.192411 10.062369 -1.144098
v -22.564495 12.577470 -2.351956
v -19.095182 63.944477 3.733894
v -19.322657 64.621399 2.575764
v -18.792919 64.627556 5.011087
v -18.895662 61.489605 2.651721
v -18.258207 60.730499 3.274153
v -19.165190 61.505962 1.480812
v -17.759518 59.925587 3.777952
v -18.290182 59.461781 2.696867
v -15.571759 58.463123 5.366411
v -13.628527 58.469280 5.795209
v -17.639366 61.237862 4.444465
v -18.216618 62.269569 4.006919
v -16.990070 62.926662 5.662623
v -17.515318 58.467110 3.729223
v -17.141983 59.731243 4.510357
v -18.186481 63.225719 4.448014
v -17.437586 61.978695 4.941063
v -17.056776 58.246887 4.210437
v -17.081587 57.650673 4.059328
v -17.292082 56.062569 3.574345
v -15.424483 57.677502 5.247268
v -17.153498 56.839661 3.817136
v -14.515424 57.731152 5.526447
v -17.816446 56.110332 2.707025
v -18.912609 65.178329 3.952920
v -16.274485 59.546864 5.209423
v -14.837924 59.237019 5.816445
v -13.612821 59.404877 6.071304
v -16.526096 60.315060 5.234889
v -14.646840 58.482258 5.673713
v -15.454627 59.957058 5.781846
v -14.480110 60.312374 6.191197
v -16.675837 61.385548 5.443134
v -15.001079 62.309437 6.573464
v -16.021841 61.941559 6.045602
v -15.253032 61.126476 6.187044
v -14.283745 61.500813 6.541773
v -17.122200 60.385303 4.733684
v -20.406111 12.531201 -1.011456
v -20.373293 13.085021 -1.539062
v -19.776243 12.792948 -1.478422
v -19.512930 11.859305 -1.369216
v -18.812563 11.812583 -1.658196
v -18.658804 11.076540 -1.661119
v -19.336456 11.177024 -1.226445
v -23.035494 30.405912 -4.105198
v -22.777929 31.022541 -3.031623
v -21.944202 29.930571 -1.637916
v -22.086422 29.000914 -1.948321
v -21.510757 30.372923 -1.119438
v -21.792196 30.684177 -1.370783
v -22.307882 30.317078 -2.106596
v -19.535143 62.249714 0.332306
v -19.552980 63.120991 0.380368
v -17.323896 41.271465 1.374440
v -19.242147 23.072906 -0.896794
v -18.091276 22.885014 -1.217167
v -19.499689 22.377102 -1.165752
v -18.992563 57.839214 0.092919
v -19.234192 57.815472 -0.898896
v -18.735235 57.229713 0.711490
v -21.724960 31.888010 -1.176562
v -20.842146 32.180748 -0.405361
v -19.645853 41.744267 0.662647
v -23.473530 9.035915 -2.154136
v -22.649734 11.329579 -3.130730
v -23.124977 10.290362 -3.428785
v -22.552410 11.961940 -3.273740
v -23.009771 12.396660 -3.035227
v -22.973492 9.863521 -2.501238
v -21.719761 11.636023 -1.965989
v -23.056974 9.244613 -1.120859
v -20.256819 11.851276 -1.307547
v -22.469824 10.760967 -2.431434
v -21.015137 11.760234 -1.533462
v -22.133783 12.173530 -2.630976
v -22.050825 12.662356 -1.818637
v -22.016005 12.753200 -2.629192
v -22.426464 12.643915 -3.293358
v -18.991531 62.303799 2.986741
v -19.177809 63.156536 3.386647
v -19.319893 63.375702 1.925865
v -16.762346 55.965351 4.200609
v -18.527105 50.563564 1.264837
v -19.949549 68.982529 -1.074452
v -19.820536 67.904854 -1.422822
v -19.752396 67.130058 -1.521685
v -14.435565 68.881950 8.370627
v -23.939505 8.363418 -5.980762
v -18.524940 7.393023 -0.392987
v -19.112906 7.631603 0.648149
v -8.591237 67.178246 6.032014
v -8.394412 65.873825 5.515590
v -19.684008 66.329506 -1.597766
v -19.392086 63.538311 -2.122327
v -19.338270 62.794018 -2.142619
v -19.198818 61.125195 -2.362499
v -19.075081 59.380299 -2.719131
v -19.016966 58.492733 -2.982366
v -18.999578 56.777382 -3.501748
v -18.946526 55.912487 -3.709476
v -19.074957 53.261951 -4.426559
v -19.175402 52.360394 -4.690062
v -19.697212 49.677540 -5.578005
v -20.232740 47.895359 -6.247089
v -21.346716 44.781067 -7.159356
v -21.902054 42.984783 -7.449264
v -22.421665 41.032768 -7.482857
v -22.891228 37.750408 -7.548955
v -23.085144 36.317146 -6.981891
v -23.195513 33.600433 -6.426017
v -23.145164 30.558889 -5.766674
v -23.061026 28.033176 -5.693284
v -22.962416 26.185593 -5.292415
v -23.009039 26.920023 -5.283596
v -22.907812 25.436056 -5.226040
v -22.741711 22.522871 -5.725127
v -22.708349 19.791487 -5.709201
v -22.741783 18.253601 -5.586137
v -22.712837 16.685331 -6.338410
v -22.781456 16.134642 -6.058673
v -22.938223 14.226236 -6.033035
v -23.499720 11.233846 -6.426097
v -23.292715 11.967706 -6.446208
v -23.794794 9.824677 -6.454809
v -24.930962 6.336695 -3.592125
v -25.204517 6.603990 -1.524109
v -25.113285 6.808145 -0.499269
v -24.426905 7.330457 1.287738
v -23.051800 7.735397 2.359092
v -21.699070 7.999294 2.356239
v -17.031221 8.993541 -3.467026
v -16.925642 9.809381 -3.470784
v -16.904697 10.689416 -3.466275
v -16.940643 13.505760 -3.552913
v -16.921171 15.488301 -3.284591
v -16.413420 18.314192 -3.425092
v -16.775017 17.326555 -3.135633
v -16.521378 18.910307 -3.150484
v -16.374199 21.603306 -2.770903
v -16.177290 23.068022 -2.649694
v -15.688852 24.003740 -2.958741
v -15.302531 25.637403 -2.954895
v -15.065686 27.136566 -2.816183
v -14.847748 27.807301 -2.856738
v -14.658095 28.304953 -2.913283
v -14.496538 29.650467 -2.649944
v -14.099109 30.785078 -2.695307
v -14.072077 32.411030 -2.246411
v -13.713234 34.064377 -2.146481
v -13.492137 40.035339 -0.972215
v -13.065027 42.497444 -0.476814
v -12.715613 44.122345 -0.067598
v -12.418447 45.805279 0.503513
v -11.660308 48.512806 1.417465
v -11.411546 49.355995 1.674352
v -11.004352 51.102821 2.184961
v -10.675672 52.936310 2.547054
v -10.520564 53.867504 2.662404
v -10.067482 55.650177 2.993608
v -9.791436 56.437824 3.190182
v -9.561634 57.040344 3.311542
v -9.288346 58.700710 3.958493
v -8.818404 61.142372 4.525785
v -16.618780 68.942986 7.529122
v -19.689161 69.162407 3.263656
v -19.962166 69.179123 2.056219
v -12.413985 46.770470 1.000056
v -20.067972 69.211143 1.175213
v -9.721965 67.263275 7.010579
v -12.453317 67.748955 8.154778
v -13.719048 68.051079 8.261300
v -20.184570 68.416878 -0.201161
v -19.967592 67.848289 -0.134492
v -22.724386 21.953213 -5.370731
v -16.902470 13.095853 -3.631429
v -16.895651 14.916816 -3.437897
v -15.732093 23.526733 -3.026679
v -19.590246 64.246223 -1.254267
v -21.819172 44.082386 -6.330518
v -20.361876 8.611237 1.145840
v -24.085730 7.847694 -4.897739
v -21.298210 8.505266 1.509693
v -17.492947 8.535499 -2.742267
v -23.053991 13.415445 -6.018123
v -22.753441 17.230804 -5.923347
v -22.753637 17.743622 -5.378140
v -17.203178 16.843382 -2.727437
v -23.032822 28.315458 -4.638133
v -15.835670 25.220633 -2.495515
v -21.589579 44.829266 -6.117211
v -14.695734 40.368168 0.211174
v -9.435989 60.321743 4.878537
v -17.307669 14.828453 -2.892978
v -14.815613 31.139393 -1.939731
v -15.096155 30.559956 -1.845667
v -15.321296 29.990232 -1.797896
v -22.732742 23.856808 -4.503835
v -22.737711 24.371273 -4.364410
v -23.034155 29.664154 -4.259972
v -12.494590 48.827648 2.302222
v -12.842562 48.080017 2.132527
v -20.998106 46.150875 -6.357913
v -20.741201 46.527279 -6.630851
v -10.055557 58.995846 4.874907
v -22.809343 39.248989 -7.174933
v -23.236664 35.240803 -5.913334
v -23.121395 34.711636 -6.962594
v -23.852423 9.939228 -5.723165
v -23.757685 11.582789 -5.579624
v -17.372826 10.002660 -2.757094
v -16.605589 17.977123 -3.235797
v -16.909124 17.833385 -2.888564
v -15.224075 28.660923 -2.235328
v -10.096274 57.232800 4.019950
v -10.463233 56.539356 3.959102
v -11.272422 54.022640 3.523733
v -24.349508 7.639398 0.427941
v -24.683241 7.042799 -3.207711
v -24.581980 6.977799 -3.904418
v -24.758978 7.148064 -2.322659
v -24.603886 7.466642 -0.437355
v -19.943129 68.583023 1.839593
v -14.795804 34.472588 -1.162322
v -14.683382 35.274303 -1.066756
v -14.606174 36.088207 -0.938626
v -14.557363 36.897705 -0.786526
v -14.542577 37.691105 -0.606467
v -16.982119 23.294638 -1.783911
v -18.556690 68.311378 5.531626
v -17.691940 68.278351 6.532729
v -19.772987 65.618187 -0.389377
v -8.936681 63.130337 5.364679
v -17.415569 10.806544 -2.749473
v -22.843756 14.962878 -5.108104
v -23.234962 33.477108 -4.683498
v -23.262281 34.104214 -5.054068
v -19.346048 53.403896 -3.247836
v -19.235678 55.196156 -2.747096
v -19.207102 56.075897 -2.509424
v -12.006042 50.441360 2.780609
v -19.357870 60.399281 -1.223255
v -19.328173 57.751564 -2.067215
v -19.475925 62.112946 -0.985344
v -20.167336 48.919033 -4.717188
v -13.882850 43.570354 0.658510
v -19.718412 50.713654 -4.061077
v -23.195646 36.417557 -5.175507
v -23.093510 37.668980 -6.076053
v -22.720783 8.148031 1.774714
v -17.558226 14.017406 -2.604230
v -17.670488 16.175650 -2.379342
v -16.344130 24.769886 -2.116435
v -20.051083 68.782394 0.935056
v -24.388828 7.501791 -3.917603
v -23.863882 9.323732 -5.058786
v -18.158871 19.726511 -1.675477
v -22.661394 20.733725 -4.748694
v -22.523342 19.839056 -4.056139
v -16.916798 26.288832 -1.402383
v -13.297403 47.382240 2.016253
v -17.913149 14.689936 -2.305781
v -19.556238 51.610332 -3.774003
v -13.201900 46.508389 1.434635
v -23.172262 31.295843 -4.887327
v -15.933329 68.228325 7.717603
v -12.821222 67.020493 8.016886
v -14.109314 67.360008 8.044106
v -15.410049 67.658676 7.792390
v -16.434166 25.321218 -1.932208
v -21.333368 45.602093 -5.824890
v -15.533473 29.490330 -1.747421
v -22.535160 24.623034 -3.548025
v -22.500839 24.025053 -3.565730
v -22.524477 23.375725 -3.739122
v -10.161213 62.651852 6.204905
v -10.754561 63.274181 6.664392
v -22.678137 15.255290 -4.399030
v -22.521872 20.328741 -4.039683
v -16.576471 25.746939 -1.740894
v -23.215506 31.871790 -5.490062
v -23.185398 32.768440 -4.411249
v -22.568396 22.711933 -4.011324
v -16.239971 30.242743 -1.035022
v -22.805574 30.357801 -3.197785
v -23.743536 9.979831 -4.977686
v -23.618069 10.494793 -4.924980
v -16.846796 27.947514 -1.133186
v -17.217892 27.260996 -1.046609
v -11.629611 55.966305 4.446060
v -11.887243 55.116058 4.338390
v -12.090915 54.236732 4.350603
v -12.286772 53.318005 4.286468
v -22.322668 8.540683 1.267033
v -24.239317 7.956731 -1.258336
v -20.086943 67.906395 1.284735
v -23.682905 11.889047 -4.652076
v -16.052109 34.096333 -0.298347
v -15.683685 36.402126 -0.025477
v -15.411857 38.480469 0.243526
v -17.414278 18.193403 -2.344633
v -18.786831 20.727573 -1.369913
v -22.299784 18.629372 -3.507064
v -22.359030 26.858896 -2.741351
v -22.414032 27.509073 -2.732155
v -12.896792 50.668633 3.513790
v -18.549551 67.473137 5.325284
v -17.929359 9.483650 -2.110615
v -17.935171 10.188200 -2.154791
v -10.837667 61.676460 6.277595
v -19.280977 54.385841 -1.791434
v -20.442638 48.126610 -3.833579
v -18.158451 11.712193 -2.121163
v -19.320847 60.525593 0.115129
v -19.824781 66.305046 0.960453
v -19.730419 64.986565 0.678578
v -23.023552 37.682056 -4.342319
v -22.407503 41.983692 -4.754519
v -22.291338 26.185129 -2.728943
v -23.779776 8.116400 0.478466
v -18.151455 15.382453 -2.009455
v -17.045698 24.923733 -1.553537
v -16.992661 24.323605 -1.694536
v -18.358032 9.177826 -1.559457
v -10.565897 63.951385 6.753333
v -22.452265 28.111677 -2.699825
v -19.674030 64.553452 0.634315
v -15.469028 42.362316 1.175473
v -23.125071 31.756872 -4.310029
v -14.160895 47.818703 2.766059
v -23.149944 35.274765 -4.133119
v -19.583067 51.710201 -2.562962
v -23.367802 10.729505 -4.382974
v -17.200315 39.642910 1.158720
v -22.073017 24.884109 -2.571275
v -11.345604 58.589417 5.489530
v -22.484943 20.867340 -3.882263
v -11.755770 63.019985 6.919903
v -22.536390 30.696726 -2.475009
v -17.642916 26.704294 -0.937808
v -19.165590 19.919062 -1.323163
v -22.919798 32.384388 -3.311661
v -22.486067 28.559530 -2.686368
v -22.292641 20.436033 -3.413505
v -21.638285 44.507370 -3.961417
v -16.738705 29.579895 -0.859320
v -12.822421 55.374134 4.899555
v -21.741659 27.767271 -1.698640
v -21.678261 27.109522 -1.735183
v -19.850954 20.868235 -1.316974
v -18.898411 12.509102 -1.351771
v -17.057047 35.163349 0.417479
v -19.006372 54.396038 -0.654672
v -19.109322 53.499630 -0.905159
v -13.903374 50.877800 3.985755
v -15.686749 45.230453 1.963347
v -22.653303 31.965590 -2.593351
v -22.040100 34.027603 -1.422963
v -21.780371 17.264782 -2.740647
v -21.676630 19.440672 -2.554332
v -17.609694 66.675041 6.200967
v -20.223831 48.198429 -2.571551
v -19.539009 50.917141 -1.612049
v -22.178656 42.271820 -3.657711
v -11.478923 60.101757 6.056551
v -19.481054 15.918378 -1.519230
v -17.273245 26.010239 -1.234305
v -18.994898 58.554371 0.411858
v -19.086706 59.182583 0.909278
v -22.732891 39.593391 -3.966688
v -22.727667 38.922737 -3.496330
v -22.678244 38.264858 -3.036469
v -19.373550 62.350513 1.702438
v -23.698290 8.617517 -1.164931
v -12.223912 63.681763 7.157390
v -20.537170 47.329418 -2.914173
v -18.224293 40.154415 1.218261
v -15.083259 48.239094 3.134708
v -23.425772 9.659541 -3.669736
v -19.329748 14.268558 -1.170764
v -22.330475 14.076469 -3.409632
v -17.920660 25.670027 -0.992210
v -22.424124 36.989361 -2.160302
v -19.122198 25.141895 -0.819424
v -18.921515 59.599403 1.373600
v -20.866774 46.464245 -3.211648
v -22.074369 31.069372 -1.678095
v -18.748327 18.839947 -1.570767
v -18.243988 18.629431 -1.754075
v -18.111013 39.230434 1.147976
v -22.151888 20.893444 -3.108127
v -21.644270 33.466770 -0.961737
v -20.156555 20.240231 -1.519445
v -22.094978 42.770702 -3.837842
v -19.464762 66.000023 3.395912
v -12.874504 57.699398 5.534976
v -18.231981 32.169979 0.170888
v -18.485968 31.446070 0.078568
v -18.891966 30.781630 -0.009356
v -20.895746 10.314029 -0.837216
v -12.018030 60.530422 6.332989
v -12.644694 61.128345 6.577525
v -19.263268 19.118620 -1.475727
v -12.474963 65.310753 7.582342
v -15.387301 66.317474 7.569519
v -12.500327 64.307114 7.435328
v -14.518280 53.872841 4.999303
v -18.772051 60.761822 2.367229
v -18.683649 60.122650 2.130051
v -18.746958 40.973080 1.147251
v -18.743912 57.814236 0.927013
v -18.727858 58.432465 1.243382
v -16.535557 66.570488 6.976443
v -19.184175 63.972481 2.733266
v -18.281027 35.425491 0.685759
v -18.169895 36.157360 0.783760
v -18.138481 36.884941 0.878211
v -18.175909 37.585716 0.960462
v -18.899313 34.015148 0.466377
v -19.073547 18.349899 -1.543718
v -20.042044 18.220110 -1.628500
v -19.482634 18.766489 -1.509122
v -20.772051 22.416983 -1.583721
v -20.690466 21.620926 -1.617521
v -20.743666 20.936525 -1.713904
v -15.365119 49.209137 3.479924
v -14.984735 51.059624 4.148793
v -14.864713 51.938698 4.479822
v -15.184011 50.215824 3.826266
v -17.739969 66.135201 6.314660
v -18.200485 65.788246 5.752668
v -19.604977 12.504845 -1.099899
v -22.128252 20.067778 -3.121152
v -13.495119 56.359035 5.235234
v -21.753143 42.150745 -2.187673
v -22.103765 38.730892 -1.800848
v -19.346045 28.709681 -0.341695
v -20.737556 26.575901 -1.088697
v -19.693333 27.229858 -0.612402
v -13.280932 61.825985 6.746131
v -13.540738 60.751495 6.455703
v -22.214828 36.367699 -1.711841
v -22.346264 13.358449 -3.318192
v -19.260164 50.115814 -0.442979
v -22.756342 10.806622 -2.998640
v -21.761656 37.421837 -1.086718
v -20.961145 18.156437 -2.028091
v -21.234562 20.198919 -2.102896
v -20.726881 20.472107 -1.747790
v -20.474634 46.506344 -1.969690
v -21.463669 43.912308 -2.555406
v -20.499207 25.344366 -1.135543
v -21.147598 32.864765 -0.553337
v -21.861120 43.128891 -3.177042
v -18.648695 59.571358 1.961242
v -18.947748 19.421377 -1.461331
v -18.406799 19.218145 -1.624597
v -18.831575 64.537987 3.826864
v -13.613734 57.743805 5.589258
v -18.878611 40.519508 1.091631
v -20.811680 19.659523 -1.861656
v -21.074179 11.115550 -1.053649
v -16.324694 65.587471 6.847425
v -21.417150 21.999212 -2.094511
v -20.419657 23.249481 -1.174857
v -18.118732 44.609360 1.324786
v -18.448439 44.062050 1.180170
v -19.997017 31.047934 -0.138198
v -15.985744 52.131405 4.263834
v -15.940307 50.600555 3.808689
v -19.947174 34.379513 0.276203
v -20.709965 14.467700 -1.460184
v -19.776400 26.586384 -0.722443
v -19.811188 25.991949 -0.812941
v -13.442189 65.043182 7.519726
v -14.310638 65.365845 7.505976
v -21.602507 40.590218 -1.322115
v -18.248291 61.452084 3.598228
v -14.170743 56.508114 5.298481
v -14.333409 57.048248 5.382128
v -21.830462 10.883585 -1.702698
v -21.598074 43.419891 -2.568444
v -18.886251 65.011223 4.631280
v -16.758871 64.989182 6.424429
v -18.683172 50.284245 0.913949
v -20.855850 13.598865 -1.424547
v -21.490643 36.780273 -0.710603
v -19.818211 25.521904 -0.876553
v -20.261831 45.619961 -1.038974
v -18.168772 46.188126 1.232742
v -21.436071 14.352175 -2.211275
v -19.635160 38.547840 0.721418
v -20.675810 31.590086 -0.371582
v -20.627329 31.184534 -0.386932
v -21.235363 12.358869 -1.191365
v -22.261385 11.488378 -2.548133
v -20.664669 44.703468 -1.293172
v -18.554037 63.911205 4.920822
v -15.538901 65.211143 7.116441
v -16.621239 50.305607 3.435118
v -15.185397 56.847515 5.169649
v -21.231035 14.000575 -1.895813
v -18.943632 44.736969 0.772766
v -18.556143 52.387890 0.969801
v -18.427193 53.422363 1.233479
v -20.401083 36.327404 0.229569
v -20.373901 35.687145 0.206062
v -21.053350 35.662724 -0.275168
v -21.474628 35.128193 -0.697704
v -13.813193 64.347672 7.485030
v -17.721945 60.576077 4.082121
v -17.964365 58.693325 3.068169
v -18.198151 57.507587 2.268372
v -18.323639 57.161938 1.858996
v -20.548281 43.682106 -0.682175
v -20.148769 39.356945 0.444114
v -20.332932 38.603710 0.325021
v -21.599550 12.313590 -2.023818
v -21.886183 12.918208 -2.154715
v -17.339567 48.552490 2.447966
v -17.450346 64.159416 6.085883
v -18.567724 49.703506 1.167876
v -15.554621 55.415668 4.941141
v -16.250769 56.553291 4.650233
v -17.625998 51.814362 2.786289
v -15.577888 59.087677 5.505295
v -21.237244 12.650759 -1.769788
v -19.515511 43.973869 0.435298
v -17.847128 59.283749 3.439322
v -18.352503 54.356789 1.445657
v -18.456957 50.204060 1.400067
v -17.544561 53.405628 3.187713
v -17.021536 60.911831 5.006608
v -18.134459 51.737942 1.997281
v -17.651213 57.830261 3.351198
v -17.467527 54.347198 3.372930
v -17.033253 52.171124 3.539362
v -16.352657 57.636120 4.734953
v -16.544415 58.588161 4.784663
v -16.115282 60.678913 5.630197
v -16.561762 60.638733 5.301797
v -17.293627 59.030617 4.143825
v -18.360783 50.529083 1.614919
v -17.736826 50.823803 2.571809
v 20.030527 70.141472 -1.042491
v 22.501692 7.447598 3.218760
v 6.540190 67.166321 2.705750
v 6.477464 67.435837 2.912846
v 6.809599 68.300591 3.785132
v 7.541390 68.637840 5.079526
v 8.471087 68.894707 6.238353
v 9.599002 69.095238 7.244962
v 10.936732 69.250313 8.043249
v 12.417139 69.406090 8.509283
v 14.001778 69.561943 8.590981
v 15.586162 69.717995 8.230811
v 17.087618 69.837112 7.420708
v 18.310827 70.023796 6.249195
v 19.222530 70.242844 4.848505
v 19.788794 70.436562 3.361396
v 20.110792 70.592018 1.817524
v 20.211388 70.650917 0.257658
v 6.948177 67.528084 3.786941
v 22.154520 8.234576 2.174949
v 24.586227 7.371373 -2.715565
v 20.042519 8.356459 1.155177
v 24.822390 6.340404 -4.166535
v 18.804520 7.374187 0.250652
v 25.228373 6.703754 0.055209
v 23.747261 7.529207 2.047117
v 22.690826 7.771970 2.689708
v 21.351151 8.475867 1.562643
v 24.642349 5.964422 -5.236760
v 24.592510 7.522952 -1.467187
v 19.142897 8.487604 -0.065331
v 19.317820 30.520344 -0.069526
v 19.326773 23.948214 -0.988032
v 19.539740 19.505976 -1.455560
v 14.737307 61.494534 6.442343
v 15.837726 54.867321 4.794377
v 16.957172 45.835411 1.960628
v 19.852680 68.291740 2.213819
v 20.405867 69.775620 1.046155
v 8.328270 68.103325 6.387503
v 17.722927 9.358154 -2.273092
v 24.425871 6.050052 -5.897669
v 23.535992 8.509858 -0.116461
v 22.843885 8.495612 0.988832
v 22.870888 9.773456 -0.322608
v 19.882193 8.838541 0.581682
v 21.638700 9.397024 0.057877
v 21.540958 9.076172 0.790568
v 19.846020 9.064095 0.182089
v 20.648726 9.355848 0.180579
v 21.813278 10.113962 -0.182524
v 19.049131 8.979550 -0.553340
v 25.301527 6.553713 -0.943420
v 24.249510 7.865990 -0.286030
v 24.441652 7.505816 0.569644
v 23.481424 8.871954 -0.507550
v 24.122717 8.085709 -0.657209
v 22.613157 9.171186 -0.180882
v 22.641066 8.851130 0.401438
v 18.418839 7.618388 -0.747450
v 18.398331 8.433600 -1.199157
v 17.833286 8.132686 -2.141275
v 17.815372 6.456491 -1.888348
v 17.511869 6.188869 -3.084524
v 23.613525 11.561685 -3.847653
v 18.319391 13.552403 -2.091325
v 21.798185 34.906879 -1.076908
v 17.245972 40.637699 1.295512
v 15.766726 28.677549 -1.757666
v 21.679909 29.295820 -1.418298
v 21.684343 15.927605 -2.588816
v 15.942939 23.686110 -2.750601
v 21.813688 23.062305 -2.423193
v 22.144430 18.950863 -3.208756
v 17.554754 20.736702 -1.895238
v 10.024249 60.401821 5.406331
v 17.675291 59.031860 3.634392
v 12.146948 53.897095 4.329057
v 17.976576 51.275063 2.267783
v 18.154497 55.170845 1.966599
v 14.455765 44.519398 1.347467
v 19.429817 48.806484 -0.592574
v 19.474272 65.806587 2.636668
v 17.914820 67.595383 6.140174
v 20.023945 68.501854 0.999545
v 20.553741 70.085899 -0.079405
v 19.666945 69.615715 3.502856
v 12.795604 67.004852 8.011750
v 10.989429 68.408653 8.062078
v 9.578924 68.239006 7.323028
v 8.485324 67.382088 5.967623
v 10.027220 65.138824 6.755590
v 9.721113 66.327660 6.821398
v 6.598091 67.067459 3.450170
v 7.599103 67.410728 4.873599
v 17.088037 11.217669 -3.184952
v 17.298609 8.091640 -3.289494
v 23.952415 8.664851 -5.885641
v 17.651546 8.825850 -2.004496
v 17.845640 7.274632 -1.979685
v 14.469057 35.410347 -1.214575
v 23.027142 35.218716 -3.569992
v 22.776434 39.088860 -3.805349
v 14.072150 38.839920 -0.738650
v 20.926453 42.184628 -0.730578
v 22.314096 15.859906 -3.524064
v 17.652843 15.383049 -2.479536
v 15.178180 23.500477 -3.784736
v 22.436739 22.881227 -3.570950
v 22.455610 26.620752 -2.973334
v 22.591688 19.077393 -4.304286
v 22.023085 20.172512 -2.942370
v 16.363295 20.095596 -3.099043
v 15.778852 18.652954 -4.652166
v 9.979545 56.973103 3.745925
v 12.730441 50.743580 3.452294
v 19.221304 51.960346 -0.875070
v 18.832289 55.006050 -0.121069
v 14.197659 41.866741 0.295532
v 13.412699 46.641354 1.644403
v 21.073923 45.566662 -2.892777
v 20.036688 48.183987 -1.897740
v 19.855581 49.698200 -2.387273
v 19.571836 64.375511 1.318478
v 18.066690 68.408073 6.173139
v 19.957529 67.605698 0.077961
v 19.560207 68.817726 3.573095
v 19.583212 68.027336 3.590958
v 15.571607 67.381035 7.657835
v 16.689047 10.481532 -4.059968
v 23.969568 7.813221 -5.810428
v 19.579287 9.906222 0.028316
v 18.103376 9.152634 -1.157157
v 23.511772 11.392369 -5.587839
v 23.047729 12.662621 -4.747068
v 23.957041 10.895980 -5.156717
v 22.875158 14.042048 -4.885234
v 16.657127 12.963485 -4.374951
v 16.597509 13.786942 -4.452741
v 12.634669 32.530502 -3.801618
v 12.472955 33.408459 -3.669494
v 12.912452 30.947622 -4.155769
v 23.243288 35.176266 -4.986335
v 23.001490 36.224312 -3.622069
v 23.255388 34.144630 -4.896972
v 23.043432 38.169056 -5.190737
v 22.938105 39.102497 -5.255304
v 13.925867 27.551947 -4.192315
v 13.725557 28.308088 -4.143106
v 14.705399 25.413151 -3.793784
v 23.016603 28.832014 -4.354676
v 23.130083 30.994696 -4.620918
v 22.959707 27.716909 -4.328115
v 22.657084 16.629765 -4.456896
v 22.769339 14.895888 -4.692915
v 16.210669 16.357206 -4.566491
v 16.047550 17.160339 -4.677908
v 22.669888 24.276609 -4.063970
v 22.788736 25.477795 -4.247709
v 15.667459 19.386389 -4.562366
v 7.859409 59.803535 2.207898
v 9.877823 51.302582 1.092813
v 10.194768 52.748421 1.930631
v 9.211313 53.397854 0.959290
v 10.891313 50.075115 1.546039
v 19.326330 54.195599 -2.378351
v 18.808348 55.496521 -0.009160
v 11.610163 43.552174 -1.640893
v 11.674494 42.018814 -2.323567
v 11.756521 46.129406 0.122991
v 20.882126 46.439510 -3.247136
v 21.660444 44.795563 -5.177015
v 20.552092 47.822201 -3.995169
v 20.029446 48.547192 -2.126568
v 19.889637 46.705608 -0.866470
v 20.866268 46.984707 -4.586594
v 21.121290 46.299191 -5.021121
v 20.547445 47.193455 -2.798755
v 19.967337 47.730576 -1.460306
v 20.633051 45.428230 -1.625765
v 20.497143 46.206791 -1.822667
v 21.252878 44.758877 -2.660435
v 19.659687 50.810989 -2.204629
v 20.009874 49.077240 -2.550101
v 19.866875 50.210659 -3.563428
v 19.633820 64.239792 -0.846404
v 17.056189 69.051567 7.364634
v 17.820929 66.102577 6.250246
v 18.930647 67.777031 4.987469
v 19.437853 67.271347 3.403063
v 7.137384 66.008430 4.123939
v 7.875557 65.674080 5.083360
v 8.882911 65.360619 6.202768
v 8.575281 64.576332 5.387149
v 9.251810 63.456493 6.034571
v 11.302843 66.733757 7.681309
v 10.560579 65.628807 7.493756
v 17.640844 9.985829 -2.445075
v 16.675253 11.294248 -4.158130
v 18.308422 10.268336 -1.819255
v 23.896816 8.797825 -4.936145
v 23.414612 10.693448 -4.397826
v 23.816826 9.583651 -5.008113
v 19.816174 9.483687 -0.270036
v 18.395540 9.560636 -1.599216
v 16.677559 12.132766 -4.258069
v 16.363737 15.495130 -4.522218
v 12.789313 31.691572 -3.962873
v 13.553218 32.983185 -2.558390
v 13.440215 33.862789 -2.435652
v 12.179276 34.873039 -3.557811
v 12.232896 36.670986 -2.981260
v 22.864990 38.161121 -3.710891
v 22.457067 37.067890 -2.236935
v 22.510399 36.088810 -2.248415
v 22.521551 41.436211 -4.762531
v 22.273630 40.728848 -2.841962
v 22.307072 39.898861 -2.559679
v 21.689289 41.472401 -1.753268
v 21.552221 43.142235 -2.251935
v 22.337406 38.997963 -2.345259
v 21.956457 43.173679 -3.639542
v 22.155079 43.117744 -5.103102
v 20.860788 43.815464 -1.217154
v 20.253040 38.487278 0.383538
v 18.503662 43.033443 1.213398
v 21.643751 39.780266 -1.211011
v 21.592299 37.787189 -0.886865
v 21.686943 40.638287 -1.481660
v 11.947117 38.322399 -2.945919
v 11.882552 39.162792 -2.852529
v 14.128322 26.789881 -4.185158
v 14.789912 28.048878 -2.842293
v 14.579778 28.783377 -2.836807
v 16.327406 30.700068 -0.876235
v 16.536032 30.022242 -0.888562
v 14.383000 29.500914 -2.814892
v 13.419556 29.843267 -3.891187
v 22.293268 30.207819 -2.093005
v 22.486847 33.125736 -2.177528
v 22.437363 32.107712 -2.146356
v 22.608618 18.296827 -4.351001
v 22.239710 16.699841 -3.409866
v 20.599884 17.540106 -1.835953
v 21.964148 14.342361 -2.813075
v 21.836073 15.120673 -2.713033
v 22.513666 14.078456 -3.814521
v 16.813360 16.383390 -3.270414
v 17.641108 16.098167 -2.413753
v 16.523018 17.204103 -3.527270
v 17.861980 17.922960 -1.713712
v 17.979012 17.320110 -2.033510
v 16.413092 17.920784 -3.530358
v 18.699661 16.532040 -1.751546
v 17.116611 17.949110 -2.569772
v 18.059521 18.519541 -1.858265
v 17.851461 16.683893 -2.189232
v 19.142384 17.256638 -1.606798
v 20.370687 16.775135 -1.738160
v 19.755404 18.090349 -1.355506
v 19.133219 15.838298 -1.659591
v 19.837996 17.648325 -1.573822
v 20.843222 15.904088 -1.909798
v 20.258535 15.164647 -1.647375
v 19.547050 16.219006 -1.606614
v 19.384520 14.564850 -1.606970
v 20.362097 14.454002 -1.630536
v 19.451803 15.321596 -1.606286
v 21.427946 13.674553 -2.144084
v 18.464298 15.942023 -1.890287
v 18.493490 15.328044 -1.913672
v 21.261673 14.417625 -2.080759
v 15.431834 22.880461 -3.612223
v 16.150633 21.762686 -2.988840
v 15.736620 22.283714 -3.369902
v 15.531943 21.065832 -4.104305
v 14.545787 23.931150 -5.003311
v 15.460604 25.075377 -2.924780
v 17.838446 25.854315 -0.995863
v 15.553955 26.074875 -2.582914
v 16.353155 25.010504 -2.061899
v 15.947398 24.299845 -2.594863
v 16.561394 23.816694 -2.126494
v 21.779425 21.737423 -2.496055
v 22.647268 20.555336 -4.627668
v 22.356947 25.557539 -2.968054
v 21.414164 19.416132 -2.301448
v 18.445173 20.009111 -1.530917
v 17.355486 20.030157 -2.135821
v 8.336448 58.061676 2.054993
v 7.156710 63.274944 2.375714
v 7.596390 63.147156 3.376159
v 8.246119 63.694073 5.043395
v 8.871429 55.368267 1.240750
v 11.307709 51.699928 2.741823
v 19.441013 52.871834 -2.433185
v 19.070034 56.290741 -0.719069
v 19.224894 57.048317 -1.498794
v 17.976830 56.448555 2.420864
v 18.731293 56.819397 0.592620
v 18.761839 56.143074 0.265631
v 19.037766 56.992603 -0.403859
v 13.074054 44.653172 0.485539
v 10.925563 45.121418 -1.524170
v 11.921974 40.724102 -2.448031
v 12.667838 40.248981 -1.753553
v 11.036609 45.826763 -0.824062
v 21.762556 43.984116 -3.788492
v 21.416515 43.954582 -2.460325
v 19.813883 48.826641 -1.585401
v 18.684599 47.362957 0.726397
v 20.163162 47.234352 -1.669974
v 20.763247 44.611244 -1.421446
v 20.057501 44.409870 -0.273557
v 21.326794 45.513901 -4.022568
v 19.621670 51.515347 -3.112126
v 19.562233 51.362953 -2.000463
v 19.887575 65.204552 0.960716
v 19.698400 65.008240 2.510576
v 19.645981 63.344013 -0.786963
v 16.818048 67.505951 7.037597
v 19.826729 66.993385 1.593638
v 19.972197 67.925209 1.031400
v 18.966618 65.441605 3.901734
v 12.598699 67.824944 8.187306
v 6.842055 65.612350 2.734591
v 9.671576 64.312981 6.324521
v 23.911627 10.226233 -5.727995
v 20.430283 9.936069 0.253601
v 20.706593 9.978850 -0.240415
v 19.199461 9.726146 -0.879394
v 19.443174 10.514088 -1.102857
v 18.953846 11.317374 -1.523646
v 18.729826 12.146194 -1.702098
v 17.891994 11.057673 -2.285586
v 17.055265 12.862076 -3.362339
v 17.632868 12.814438 -2.457896
v 19.925177 11.650249 -1.254996
v 23.030983 13.268219 -5.195175
v 22.788176 12.524515 -4.049337
v 23.374325 11.254691 -4.734195
v 22.148483 12.221798 -2.661016
v 23.688833 10.864611 -5.846165
v 16.503828 14.623764 -4.457309
v 17.087467 14.461130 -3.221699
v 13.634496 32.064930 -2.747757
v 13.275179 34.710438 -2.385899
v 13.021321 35.412647 -2.462450
v 14.344065 38.292965 -0.629592
v 13.748921 36.884586 -1.493863
v 15.777086 36.156654 -0.016489
v 22.682442 39.940712 -3.973470
v 19.102659 42.535294 0.938587
v 20.087965 42.819382 0.119749
v 19.974304 41.946667 0.381207
v 20.121824 43.622639 -0.111376
v 20.422674 37.288715 0.258439
v 17.262754 36.847790 0.754846
v 18.741039 37.509155 0.916134
v 18.883059 36.440674 0.785917
v 19.806082 40.146255 0.651041
v 18.462507 38.145027 1.007313
v 19.975655 39.559921 0.559894
v 18.468008 40.580444 1.207917
v 12.922607 38.863701 -1.829823
v 17.879398 29.963972 -0.271404
v 15.995262 32.162464 -0.771160
v 14.694640 31.465622 -1.960141
v 16.151276 31.396864 -0.837763
v 15.082746 30.763105 -1.807320
v 14.118934 30.706598 -2.701466
v 22.774055 30.070576 -3.139862
v 22.564224 28.980118 -2.780279
v 22.528048 27.748154 -2.913735
v 21.708847 26.479523 -1.861646
v 23.025217 34.195942 -3.509937
v 22.367865 31.111822 -2.120910
v 20.632608 31.771488 -0.328011
v 20.397171 29.530180 -0.482115
v 22.170994 18.247728 -3.280228
v 21.471817 18.225651 -2.411590
v 22.202024 17.507595 -3.346686
v 22.591648 17.468046 -4.413342
v 20.582424 18.712738 -1.706059
v 19.622412 18.569653 -1.535711
v 22.035385 13.682868 -2.831139
v 17.788536 14.666099 -2.429278
v 16.524860 20.865431 -2.759363
v 15.149652 21.924925 -4.615648
v 16.462709 26.306097 -1.723047
v 16.170603 23.171869 -2.631581
v 18.249512 24.838493 -1.009331
v 22.296549 23.552551 -3.152998
v 22.232674 24.586605 -2.878617
v 22.053869 22.505550 -2.822775
v 22.385336 20.909208 -3.604763
v 17.251371 19.316168 -2.323028
v 19.581593 20.723959 -1.346992
v 19.542843 20.107252 -1.399368
v 20.525770 19.754435 -1.708012
v 18.618185 20.661570 -1.411755
v 20.560062 19.236225 -1.755885
v 21.311432 20.533583 -2.128382
v 21.866081 21.253092 -2.649032
v 20.484465 20.937237 -1.581885
v 9.375788 56.214809 2.494685
v 9.580046 55.334827 2.223041
v 8.431755 59.847595 3.346684
v 8.600436 59.169586 3.244571
v 8.887797 58.583752 3.353498
v 8.962672 61.325146 4.984580
v 8.079035 61.397804 3.904311
v 9.051003 60.571621 4.571554
v 9.653632 58.730671 4.384864
v 9.892873 59.552937 4.975888
v 10.024385 62.292225 6.019792
v 9.037268 62.165833 5.158419
v 9.116333 62.763653 5.432064
v 10.514143 63.182156 6.713621
v 8.671362 56.328899 1.472628
v 19.248316 59.493317 -0.175158
v 19.309374 60.384457 0.123962
v 19.370829 60.476246 -1.053671
v 19.368162 58.534096 -0.499192
v 11.661356 52.398041 3.414084
v 10.046196 49.144745 0.217608
v 19.331894 52.163158 -1.324132
v 19.205482 53.610847 -1.259901
v 18.445471 55.954193 1.187448
v 17.745388 55.131733 2.894145
v 18.540174 55.215527 0.788922
v 18.080959 55.821205 2.141940
v 18.166796 54.483650 1.972884
v 19.170536 54.289944 -1.207714
v 12.415653 42.906910 -0.989441
v 12.403433 42.144894 -1.381976
v 13.138358 41.388165 -0.871366
v 14.229753 42.640511 0.580417
v 13.238220 42.291027 -0.391258
v 12.374225 43.662376 -0.638039
v 12.158099 44.954453 -0.161261
v 13.548436 45.605400 1.242743
v 11.354876 45.292896 -0.813563
v 11.981303 45.527573 -0.015414
v 12.876674 45.241451 0.584416
v 12.543644 46.405010 0.926497
v 10.266611 48.239338 -0.091516
v 19.752108 48.335297 -1.204243
v 19.193758 48.097073 -0.024769
v 19.404734 47.312782 -0.234433
v 19.239466 45.885418 0.285133
v 19.320316 46.630089 0.034131
v 19.155960 44.055729 0.719478
v 19.419611 63.597500 1.635569
v 19.471806 66.558075 3.002784
v 18.428843 64.478447 4.547814
v 14.209780 67.223412 7.992608
v 15.647359 68.913177 8.151541
v 7.608150 64.904076 4.107618
v 11.273458 65.438271 7.380538
v 20.497091 13.657679 -1.615770
v 19.211159 13.769332 -1.550475
v 20.848827 12.694247 -1.726371
v 22.943556 11.996960 -2.613886
v 22.496073 12.367504 -3.339756
v 22.739464 11.605008 -3.198186
v 23.522886 9.829896 -4.172064
v 22.692560 10.244217 -2.366937
v 22.469496 10.900622 -2.526152
v 21.676702 11.168959 -1.720167
v 22.968481 9.636548 -2.005528
v 23.253601 9.161478 -1.479098
v 21.548565 9.894836 -0.618643
v 23.893780 8.454316 -2.476400
v 23.621511 9.230105 -0.911536
v 22.458014 9.455394 -0.611722
v 21.037394 11.604929 -1.496893
v 20.410423 10.107162 -0.653819
v 23.425007 9.271693 -2.939511
v 23.711601 8.987416 -3.983166
v 14.697780 33.511295 -1.467294
v 14.737383 32.527214 -1.665516
v 14.608932 34.464130 -1.318908
v 13.092590 38.152203 -1.814300
v 21.771107 35.856865 -1.041942
v 20.586330 36.224018 0.109990
v 17.309477 35.729656 0.589674
v 15.860927 35.088223 -0.199944
v 18.706152 41.482861 1.165218
v 18.129242 42.331329 1.348750
v 15.923938 42.340260 1.300241
v 17.206573 42.338963 1.489778
v 17.161758 43.861237 1.658037
v 18.020256 43.363476 1.392877
v 16.220474 41.127350 1.161144
v 17.559187 41.440701 1.386101
v 16.060053 42.848278 1.461021
v 18.999235 44.950443 0.691689
v 18.061092 44.220058 1.371548
v 16.796274 38.871632 0.942997
v 17.379665 37.978123 0.948127
v 18.191633 39.360516 1.152344
v 15.739591 37.398968 0.219901
v 14.906618 37.918625 -0.246441
v 13.452725 40.725887 -0.790534
v 16.803921 29.322519 -0.874795
v 17.540165 30.595205 -0.267747
v 18.555780 30.525091 -0.062301
v 21.774620 33.959774 -1.084883
v 17.349524 34.737759 0.432542
v 21.664196 32.003277 -1.100601
v 18.338249 32.358059 0.210788
v 19.458544 31.446161 0.040063
v 17.246565 31.972528 -0.121352
v 19.306227 32.355518 0.186538
v 20.667328 32.734303 -0.243224
v 21.597692 30.990763 -1.128701
v 21.508963 17.538313 -2.453579
v 20.602213 18.150814 -1.816492
v 21.436552 18.840061 -2.354805
v 16.147879 27.164585 -1.802038
v 18.434683 23.922255 -1.082123
v 18.966539 22.987860 -1.102458
v 17.585678 23.036077 -1.542943
v 20.463533 23.030205 -1.361847
v 16.638666 22.220194 -2.384196
v 17.925911 21.413567 -1.589633
v 18.944725 21.309553 -1.288548
v 16.816214 24.309858 -1.824639
v 20.584539 25.142385 -1.201060
v 19.634115 25.828903 -0.799080
v 21.551641 24.492582 -1.970867
v 21.529268 23.657890 -2.039518
v 10.514956 54.502747 2.903287
v 9.821665 57.812508 4.073539
v 13.048560 56.435970 5.184746
v 12.355823 64.875549 7.670800
v 19.357168 61.280376 0.480943
v 18.263994 57.904366 2.232950
v 19.024670 57.772316 -0.049686
v 10.966686 49.217808 1.157548
v 11.315398 47.590187 0.558775
v 12.856639 48.702602 2.521073
v 12.162534 47.800247 1.422462
v 11.120039 48.387905 0.845772
v 19.344866 51.256409 -1.017490
v 19.660557 64.211189 0.274538
v 19.412100 62.360584 0.908376
v 19.227966 62.880917 2.119091
v 18.724525 61.902618 3.680794
v 16.878962 65.987679 6.995996
v 16.895971 66.733757 7.077305
v 17.826933 64.845421 5.821468
v 12.141732 65.590042 7.610073
v 11.722189 66.007240 7.970587
v 18.351505 12.881950 -1.647516
v 18.544260 14.685653 -1.919743
v 21.736795 12.907153 -2.335842
v 22.241140 13.033916 -3.041525
v 22.085371 11.660596 -2.373132
v 21.647266 11.917628 -1.383894
v 21.712112 11.960135 -2.074612
v 16.238844 43.513371 1.625260
v 17.305256 44.478264 1.683456
v 17.732317 45.571846 1.538594
v 15.695602 44.699596 1.826949
v 17.569355 45.090260 1.613816
v 16.906944 45.120708 1.871630
v 15.439173 43.843731 1.548704
v 17.254517 39.976517 1.211006
v 15.076762 38.981956 0.133096
v 15.978296 39.174809 0.691402
v 12.784279 39.579632 -1.802515
v 21.745810 27.516041 -1.740979
v 20.844700 35.482944 -0.119940
v 20.870489 34.637028 -0.191379
v 19.108511 35.393848 0.628967
v 19.812685 34.386143 0.326288
v 17.285069 33.724224 0.226922
v 17.219088 32.792339 0.021774
v 18.382915 26.875742 -0.673086
v 19.844316 28.275740 -0.490044
v 18.650650 29.356443 -0.239258
v 17.103785 28.541086 -0.862423
v 18.468668 28.015997 -0.474989
v 20.485611 21.648663 -1.509394
v 19.593800 21.997803 -1.213781
v 21.612633 22.091553 -2.279329
v 18.692520 25.776716 -0.787262
v 20.690521 26.170979 -1.063164
v 20.874603 28.301619 -0.890652
v 11.035424 56.157459 4.195311
v 13.891927 58.560146 5.806330
v 12.125144 62.946033 7.112143
v 12.357644 47.083233 1.164792
v 16.612833 48.114098 2.770977
v 19.274389 51.683544 -0.961645
v 18.807594 51.779305 0.366534
v 19.538136 50.163319 -1.282535
v 19.760580 50.228554 -2.350577
v 14.681865 65.261864 7.679858
v 16.076595 40.122604 0.916881
v 15.871284 46.159042 2.239237
v 15.224907 45.456429 1.958106
v 16.047140 45.476204 2.041341
v 14.314960 43.495861 0.923570
v 13.878772 39.471577 -0.752099
v 14.989720 39.521912 0.202752
v 10.348685 55.325348 3.117219
v 12.001427 56.263622 4.778765
v 19.094252 59.440796 0.954277
v 18.686153 60.761749 2.625539
v 18.640440 60.079967 2.212971
v 19.054306 52.069954 -0.392832
v 19.014669 51.247749 -0.074098
v 18.595839 51.435650 0.991589
v 18.245220 49.879578 1.736881
v 19.649059 49.709320 -1.479116
v 19.180454 49.957062 -0.208319
v 13.598322 65.065361 7.835448
v 14.784606 64.745842 7.554249
v 16.065222 63.719372 6.499088
v 15.335723 63.027405 6.640073
v 15.018784 64.141502 7.016625
v 14.928317 62.311321 6.926385
v 16.234518 62.680309 6.448367
v 17.130928 62.118885 5.287856
v 16.733259 62.180553 6.076905
v 11.178750 60.198494 5.978564
v 12.041214 59.220100 5.923102
v 12.347617 60.012768 6.231368
v 12.722457 60.861610 6.508216
v 16.606146 61.259533 5.461490
v 11.392187 61.074738 6.329564
v 10.047854 61.248329 5.783870
v 14.404552 59.584858 6.012689
v 15.668189 65.971664 7.258367
v 15.697972 66.605957 7.696674
v 14.528102 65.922600 7.593558
v 18.488600 45.785355 0.996427
v 18.601303 46.509197 0.842430
v 13.909328 45.126141 1.252472
v 11.893679 57.057625 5.066053
v 19.038393 60.998695 1.624906
v 17.535765 60.448963 4.294675
v 18.137257 61.257671 3.759152
v 13.240438 47.327194 1.942671
v 13.950980 48.294659 2.939854
v 13.771751 48.999660 3.195324
v 13.555209 50.250938 3.626517
v 17.191139 50.825115 3.141302
v 15.886266 49.162136 3.383653
v 12.742759 49.401321 2.809327
v 11.870070 49.290848 2.015622
v 13.609128 49.620457 3.403714
v 15.566597 49.734413 3.622671
v 14.682566 49.306580 3.526936
v 14.943224 48.706318 3.319543
v 16.219702 48.613400 3.105461
v 17.061163 49.126095 2.842806
v 17.748194 52.283863 2.666455
v 18.232149 47.922390 1.292611
v 16.744940 49.661434 3.198285
v 17.058016 47.720135 2.387415
v 18.314398 49.488274 1.595524
v 19.049414 49.327824 0.161880
v 18.881079 48.616978 0.469565
v 18.652567 50.629803 0.967473
v 13.210197 61.755611 6.733772
v 12.975609 59.018105 5.969212
v 13.874367 60.617153 6.381680
v 13.069720 66.249794 8.160837
v 14.416636 66.454613 8.068444
v 12.085232 55.455463 4.553814
v 11.497416 53.099041 3.493238
v 10.790759 57.757557 4.854679
v 13.411051 46.018612 1.338250
v 14.000552 46.048325 1.699239
v 14.476077 46.815643 2.317202
v 16.165861 47.087734 2.535277
v 15.622721 47.514172 2.798425
v 16.293180 45.994804 2.153628
v 13.259229 51.931362 4.239342
v 12.863599 51.336529 3.803536
v 13.970176 51.660580 4.316603
v 12.431626 52.088692 3.912958
v 13.557055 50.854321 3.879764
v 12.093591 51.448830 3.364185
v 18.427326 52.241085 1.293448
v 16.660494 51.607300 3.723300
v 14.521929 51.168896 4.191424
v 10.673625 53.713703 2.780907
v 15.270434 46.437069 2.323959
v 14.621096 52.278957 4.602483
v 15.306163 52.884113 4.699253
v 16.272154 52.602478 4.251101
v 17.280334 53.000202 3.413205
v 17.762379 54.491261 2.888571
v 17.729382 53.338959 2.876661
v 18.137886 53.791725 2.036850
v 17.243216 53.759930 3.641654
v 12.200942 52.755260 4.034273
v 13.898654 53.449074 4.904058
v 13.847140 52.669842 4.675941
v 12.967395 53.356777 4.655419
v 13.031305 54.049488 4.834645
v 14.122703 54.932415 5.128575
v 12.117446 54.653034 4.432160
v 13.074729 54.797863 4.940378
v 18.900640 52.846901 -0.147108
v 18.859846 53.628246 -0.126559
v 18.475006 52.980915 1.098411
v 18.502232 53.714169 0.990753
v 15.802040 51.496643 4.136050
v 14.788274 53.603207 4.935488
v 14.644403 53.049347 4.831230
v 15.601604 53.603741 4.759587
v 14.938934 54.268585 5.005657
v 13.995290 54.172878 5.046675
v 12.841018 52.708282 4.389161
v 16.620123 57.989544 4.593983
v 14.035993 57.541756 5.522977
v 15.181815 58.612221 5.557320
v 15.133357 57.710743 5.358169
v 17.595442 59.717449 3.954922
v 18.202925 58.547710 2.515137
v 17.816418 57.724121 3.053246
v 16.516956 58.594002 4.805948
v 17.284437 57.529633 3.791417
v 17.523962 56.250660 3.228368
v 18.794464 52.234169 0.282226
v 18.055449 53.101284 2.195489
v 15.437325 60.683437 5.990903
v 16.004934 57.853645 5.005283
v 17.351267 56.888916 3.565786
v 16.714380 60.221516 5.053707
v 17.242838 55.126534 3.663093
v 16.539459 54.429371 4.358459
v 16.500257 55.270924 4.422225
v 16.162933 57.177166 4.780309
v 16.599464 56.655159 4.384142
v 17.623119 13.497416 -2.679408
v 13.267527 43.960323 0.337233
v 18.956186 64.168053 3.389165
v 19.182907 63.742382 2.583075
v 18.591825 63.792957 4.288997
v 18.466881 63.120495 4.792810
v 18.977468 63.761230 3.235124
v 18.173374 64.209747 5.423105
v 17.680042 63.038868 5.192912
v 17.180504 62.613972 5.895864
v 17.777922 61.959652 4.530393
v 18.446835 62.342812 4.547483
v 19.176764 64.735542 3.682324
v 19.435703 50.726379 -1.136794
v 12.788546 58.035816 5.627600
v 17.106989 58.816986 4.302164
v 17.558596 61.246868 4.553031
v 19.319529 64.365463 2.449680
v 16.633833 46.730122 2.282620
v 17.757963 46.837543 1.619520
v 17.462294 47.329296 1.967914
v 24.752253 6.523641 -5.846812
v 24.160154 6.993783 -5.761406
v 23.916273 9.481127 -5.893202
v 24.628992 7.151270 1.310228
v 25.162388 6.743424 0.756974
v 21.812346 7.707591 2.848299
v 18.176146 6.691388 -0.975657
v 6.476561 67.905899 4.110019
v 6.600002 66.323624 3.065696
v 20.146620 70.214424 0.004147
v 20.164017 69.399925 -0.183669
v 20.017033 68.574699 -0.198711
v 19.861460 66.630699 -0.269777
v 19.866037 65.725243 -0.489341
v 21.098963 7.842672 2.500304
v 20.199316 7.824127 1.998334
v 19.354589 7.526819 1.198519
v 17.454929 7.095039 -3.208879
v 19.703611 64.988716 -0.772359
v 19.513546 62.396046 -0.719011
v 19.440384 61.414684 -0.855809
v 19.311224 58.735302 -1.554433
v 19.317413 59.577435 -1.265452
v 19.572306 58.177532 -1.957699
v 19.232065 56.358742 -1.810225
v 19.247549 55.629391 -2.038026
v 19.281031 54.914131 -2.226841
v 19.383480 53.499279 -2.474156
v 19.729803 50.880226 -3.383334
v 20.048679 49.442822 -3.548282
v 20.283289 48.669079 -3.996144
v 21.387745 45.578579 -5.150274
v 21.917669 43.965271 -5.157251
v 22.354910 42.274792 -4.986706
v 22.820021 39.952602 -5.336013
v 22.717726 40.604355 -5.420257
v 23.138000 37.195080 -5.138344
v 23.203434 36.194828 -5.070654
v 23.239536 33.104748 -4.810012
v 23.193815 32.051765 -4.722321
v 23.078941 29.925879 -4.499609
v 22.881620 26.597029 -4.309772
v 22.693655 23.220114 -4.486788
v 22.626013 21.080355 -4.484644
v 22.685551 22.361031 -4.697359
v 22.558638 19.822088 -4.185638
v 22.703642 15.762032 -4.560701
v 25.045860 6.343751 -3.112221
v 25.242962 6.434940 -1.975446
v 16.768471 9.680552 -3.933495
v 16.941772 8.880220 -3.724028
v 15.909734 17.908344 -4.689612
v 15.565459 20.156065 -4.433528
v 14.708147 23.355469 -4.941279
v 14.350371 26.092258 -4.120972
v 13.553309 29.076887 -4.060917
v 12.995180 30.381216 -4.343062
v 12.314485 34.226665 -3.590200
v 12.057900 37.472794 -2.997353
v 11.858768 39.977360 -2.707693
v 11.657947 42.790630 -2.003135
v 11.170527 44.152355 -1.873534
v 11.059968 44.632977 -1.685404
v 10.512454 47.374630 -0.371583
v 10.782495 46.579571 -0.647301
v 9.897297 50.128975 0.593989
v 9.435244 52.397411 0.953673
v 9.048882 54.388912 1.064859
v 8.469321 57.243877 1.742528
v 7.685179 60.682613 2.341941
v 7.368337 61.520214 2.619045
v 6.975125 63.904018 2.584697
v 6.990303 64.788597 2.712607
v 7.296739 67.977463 5.300273
v 12.518100 68.575676 8.475218
v 14.099111 68.740913 8.524679
v 18.211910 69.216347 6.227100
v 19.100094 69.433884 4.892133
v 24.829367 6.525990 -5.022348
v 24.315762 7.125212 -4.857784
v 24.034472 7.943952 -4.851377
v 7.435842 66.716629 4.481139
v 7.501154 62.408913 2.820238
v 9.705961 67.385162 7.023038
v 11.106467 67.612427 7.800803
v 20.152649 70.159271 0.954221
v 20.175940 69.157707 1.023963
v 19.735613 64.816765 0.156329
v 19.604780 63.381397 0.518696
v 19.354862 57.905495 -1.582470
v 19.208525 57.588520 -1.030341
v 19.136095 54.970161 -1.115522
v 20.181606 48.600002 -2.852779
v 20.293194 48.060375 -2.720999
v 22.601112 40.686577 -4.246737
v 22.511410 22.220518 -3.870061
v 22.565363 21.626511 -4.131397
v 22.680326 21.730827 -4.810916
v 22.457760 20.373173 -3.823619
v 23.180746 12.700397 -5.428496
v 14.920097 22.646008 -4.823869
v 14.873540 24.249823 -3.982335
v 13.505374 30.510523 -3.462612
v 13.635483 31.217350 -3.033683
v 12.515796 35.927464 -2.841249
v 12.279393 41.401443 -1.821579
v 11.655189 41.405117 -2.570912
v 11.640595 44.183025 -1.193745
v 11.540670 44.749996 -0.950943
v 8.417256 58.556007 2.545280
v 8.079793 59.030670 2.191055
v 18.974684 68.614677 4.921517
v 23.340912 8.002058 1.474542
v 24.705145 7.344388 -0.506282
v 17.118549 9.831916 -3.117876
v 17.249760 9.180166 -2.960418
v 17.019169 13.653422 -3.409514
v 17.088856 12.050134 -3.256401
v 16.897097 15.423480 -3.334000
v 16.345905 18.618464 -3.460516
v 16.335325 19.328030 -3.302177
v 22.946589 37.208569 -3.657162
v 14.984181 27.331543 -2.846197
v 15.232124 26.629095 -2.778525
v 22.987371 33.149120 -3.450221
v 22.936493 32.129635 -3.383951
v 8.306580 60.641407 3.539918
v 19.782690 66.158897 1.236195
v 16.868826 68.302788 7.205961
v 15.567901 68.179283 7.863328
v 14.114194 68.001579 8.206020
v 22.111246 42.350479 -3.438841
v 21.544638 44.781105 -3.908282
v 22.874760 31.103651 -3.293550
v 9.172399 57.067574 2.803676
v 9.769553 54.446896 2.026536
v 9.955992 53.575130 1.927938
v 10.597889 52.057400 2.126536
v 19.102354 55.610786 -0.954078
v 7.488444 63.885464 3.831011
v 11.531297 46.827194 0.325589
v 24.482862 7.229338 -3.862923
v 13.347257 37.487331 -1.719371
v 20.013845 69.740997 2.175131
v 21.141716 46.096992 -4.096244
v 7.234407 65.541267 3.626459
v 8.344130 66.511024 5.614522
v 23.813068 8.144786 0.311909
v 19.362434 8.322586 0.587626
v 20.049370 68.980072 2.283572
v 19.816818 67.626350 2.062378
v 17.039766 10.510359 -3.222202
v 16.054125 25.802073 -2.165322
v 22.052450 23.950125 -2.664016
v 8.202611 62.233742 4.095852
v 9.007922 57.877773 3.103413
v 20.264372 47.563240 -2.154808
v 16.940971 21.574064 -2.232644
v 12.581436 40.779095 -1.695854
v 19.244978 52.995453 -1.274468
v 23.723831 10.176614 -5.043590
v 22.402945 14.999636 -3.653976
v 23.301884 12.045386 -5.252684
v 14.220037 30.176397 -2.771625
v 10.981494 50.959293 2.054706
v 19.541935 52.084564 -2.712168
v 19.435461 52.437958 -1.940822
v 22.111855 19.606579 -3.121393
v 22.221975 41.534771 -3.175271
v 19.866133 49.361004 -2.138217
v 22.800955 13.293564 -4.360523
v 24.061741 8.134521 -3.790301
v 12.293617 44.346172 -0.358998
v 17.331837 8.683612 -2.724687
v 20.487761 9.035626 0.790468
v 15.529757 29.383478 -1.777610
v 15.976524 27.919144 -1.770452
v 16.282877 26.538858 -1.821048
v 15.303412 30.077982 -1.791318
v 17.174917 17.324602 -2.685957
v 17.241762 16.795250 -2.695282
v 17.088488 18.611092 -2.460028
v 21.533590 16.753168 -2.464250
v 17.837591 12.009928 -2.431195
v 17.567938 14.025395 -2.698423
v 22.395895 38.039097 -2.256622
v 22.525774 34.127041 -2.219037
v 21.629942 25.455187 -1.928747
v 9.077182 59.795773 4.260695
v 19.067747 58.693829 0.733366
v 19.006662 61.785206 2.122698
v 10.838552 53.006111 2.745353
v 11.033022 52.486835 2.759019
v 21.644098 42.311443 -2.013818
v 10.157054 56.145489 3.414181
v 11.814697 50.039104 2.391227
v 20.303349 46.847427 -1.779627
v 16.491840 22.661810 -2.430082
v 13.672190 40.095531 -0.773340
v 18.843384 54.341164 -0.129089
v 13.279108 43.134777 0.004568
v 22.199621 21.976524 -3.120758
v 22.297998 21.446234 -3.363110
v 14.234675 36.258366 -1.216089
v 21.950674 20.724136 -2.800537
v 17.494814 10.520392 -2.636017
v 22.535089 35.110699 -2.247147
v 23.144970 10.041640 -3.231855
v 22.218439 29.504026 -2.073191
v 21.797266 28.572159 -1.644911
v 16.759146 25.787735 -1.520776
v 8.269660 62.982765 4.490191
v 18.689529 57.492596 0.965887
v 9.085162 59.229980 3.985337
v 19.219929 60.205666 1.283286
v 11.879498 50.772266 2.846894
v 19.289108 52.620754 -1.326385
v 11.995135 48.540615 1.708679
v 18.885092 62.344635 2.879638
v 17.358068 22.233908 -1.809234
v 23.071959 11.891015 -4.393251
v 22.554594 13.124229 -3.723547
v 19.463213 51.833767 -1.741698
v 21.368849 19.982973 -2.220568
v 22.380634 13.632921 -3.447829
v 18.057045 14.110054 -2.255521
v 18.869677 58.198376 0.686185
v 24.174688 8.484424 -1.428517
v 20.917028 43.011036 -0.984666
v 19.022804 63.212933 3.016154
v 19.700653 49.301991 -1.464254
v 15.919560 34.066708 -0.391250
v 15.973070 33.072353 -0.583483
v 21.723127 32.986137 -1.079440
v 21.145157 22.453270 -1.827747
v 20.589605 27.257486 -0.911524
v 20.546932 24.192446 -1.288378
v 18.919262 66.156029 4.276258
v 18.042236 66.792122 6.267405
v 17.144186 27.581898 -1.026448
v 16.975241 26.611475 -1.296948
v 11.391620 53.809814 3.588138
v 12.690598 50.089214 3.116980
v 18.386644 56.631733 1.532676
v 21.686560 36.792271 -0.956289
v 21.560425 30.043959 -1.207830
v 17.214155 24.988165 -1.290089
v 18.507055 54.438362 0.913355
v 14.348134 41.255276 0.211847
v 14.590827 40.728848 0.234845
v 11.176573 55.368233 3.902165
v 11.298623 54.576977 3.704493
v 10.890600 56.958111 4.522494
v 18.622429 58.680603 1.644348
v 18.630785 59.366497 1.913181
v 13.033157 48.016537 2.238639
v 18.744404 61.403637 3.089284
v 19.076860 50.641491 -0.104194
v 19.943350 46.025059 -0.689118
v 18.747284 9.581037 -0.411705
v 23.964285 8.482575 -0.853209
v 21.551357 38.815220 -0.929023
v 21.096893 15.162457 -2.015697
v 14.873540 40.190697 0.291769
v 19.598759 47.873287 -0.721932
v 12.684676 45.784481 0.730452
v 19.871946 47.252270 -1.050852
v 22.932800 10.810920 -3.385248
v 22.892174 11.746457 -3.537741
v 20.903769 41.335712 -0.489118
v 19.147879 52.424297 -0.792504
v 18.425009 22.133013 -1.304359
v 18.329723 57.280769 1.883526
v 18.604576 14.192046 -1.906293
v 19.472361 12.821212 -1.532082
v 18.622654 58.070232 1.391524
v 18.690140 62.764088 3.602549
v 16.944056 23.536049 -1.874109
v 19.974220 45.223911 -0.436238
v 19.416224 49.276939 -0.665313
v 19.427523 49.653164 -0.776483
v 20.856695 40.461658 -0.279075
v 20.750677 39.591946 -0.071108
v 18.864414 17.928211 -1.360529
v 18.898335 18.471598 -1.560916
v 19.471041 48.418968 -0.602120
v 18.679419 63.424671 3.662674
v 21.328125 21.636791 -2.047879
v 10.934163 59.362801 5.588953
v 18.186802 59.217640 2.816266
v 13.327001 65.728050 7.699752
v 10.948855 64.131645 6.955701
v 17.354733 31.277647 -0.209355
v 20.790356 33.723618 -0.221000
v 20.035381 15.659368 -1.647252
v 17.548735 24.143694 -1.331566
v 21.289066 21.088083 -2.062463
v 19.670280 12.282054 -1.055806
v 20.541216 30.763498 -0.388710
v 12.173976 53.243755 4.180612
v 15.259259 43.067551 1.277244
v 18.388680 65.175125 4.877264
v 18.286009 65.910240 5.236159
v 19.496059 27.264460 -0.575452
v 14.195750 47.594769 2.654277
v 15.246104 41.863888 0.948564
v 15.587984 41.492252 1.009907
v 18.691256 49.970657 0.894782
v 18.133003 60.600140 3.460794
v 11.097066 64.882988 7.310431
v 19.871107 41.043648 0.557452
v 20.466232 11.063931 -1.160399
v 19.706890 19.029356 -1.347396
v 19.683695 21.215124 -1.308652
v 10.764791 58.552563 5.189780
v 15.170860 42.389080 1.054717
v 21.019791 29.068251 -0.890200
v 19.045773 51.695129 -0.262232
v 18.155407 59.906258 3.125973
v 11.676734 62.027065 6.656440
v 18.734491 63.107552 4.036523
v 17.890825 57.091457 2.747200
v 18.544828 66.141815 5.584756
v 18.864182 66.817238 4.945959
v 11.812510 57.821175 5.354399
v 18.167454 61.743893 3.942840
v 18.957541 18.875216 -1.275273
v 18.393970 19.234598 -1.567709
v 18.618990 49.412762 1.014971
v 20.501934 20.330845 -1.647832
v 13.455849 51.283932 4.019109
v 20.617579 11.710446 -1.034596
v 20.645693 12.041518 -1.382064
v 19.303177 24.775206 -0.891569
v 19.108227 26.641733 -0.636594
v 19.797098 26.582920 -0.726901
v 21.567171 9.695913 0.114984
v 17.685743 55.702511 2.956522
v 17.756618 53.848492 2.885647
v 14.579322 45.750736 1.856049
v 19.260363 43.343807 0.746662
v 12.740485 64.040489 7.282700
v 19.953926 9.784052 -0.300100
v 19.953135 35.122433 0.361048
v 18.681339 34.204266 0.508059
v 18.466528 33.216396 0.356882
v 18.480078 31.099188 0.022367
v 18.361742 31.781733 0.120659
v 18.149134 50.495159 1.977170
v 22.153416 10.368273 -1.641515
v 22.365334 9.849310 -1.216886
v 16.471613 44.255077 1.781660
v 19.623976 33.448681 0.262055
v 17.756021 58.373302 3.337156
v 16.645000 65.355492 6.597000
v 15.738070 65.256943 7.390311
v 17.599463 65.587997 5.915382
v 12.934049 57.258739 5.403171
v 13.102803 55.607430 5.021612
v 14.402768 50.470730 3.907545
v 14.486444 49.907478 3.706100
v 16.407492 42.307072 1.419071
v 15.244702 48.088490 3.071106
v 21.297237 10.518695 -1.115422
v 22.515272 11.899759 -2.045396
v 11.783306 58.514370 5.610517
v 18.252510 45.112404 1.216331
v 18.311390 63.801003 5.013864
v 22.115543 10.817313 -1.964200
v 17.409002 39.406910 1.154325
v 16.843801 64.410973 6.598694
v 15.629781 64.554039 7.311074
v 19.249920 38.908520 0.898488
v 18.329277 48.886566 1.364774
v 20.848980 9.841662 -0.337670
v 14.024849 64.601227 7.347148
v 18.144865 40.907402 1.284520
v 17.334127 55.602325 3.527114
v 17.023712 55.954285 3.918426
v 17.235168 54.461575 3.682687
v 17.516956 63.740993 5.854806
v 17.731831 49.580303 2.363285
v 17.502016 50.139305 2.731178
v 13.398926 59.797344 6.201697
v 17.790745 46.195171 1.524227
v 14.245644 55.770794 5.194529
v 14.147763 56.647480 5.314541
v 15.007421 50.577053 3.969981
v 15.249796 50.243332 3.830458
v 17.216959 58.182526 4.030729
v 16.948385 59.452808 4.628101
v 16.906780 43.121960 1.592426
v 13.624007 62.590950 7.142285
v 12.514998 58.520435 5.768434
v 17.795473 48.312252 1.916675
v 17.754610 62.457851 5.429968
v 17.975784 49.192013 1.966748
v 17.880888 44.612453 1.449196
v 18.051067 63.379681 5.291434
v 15.324513 51.000500 4.092607
v 15.319260 51.889221 4.401077
v 14.200706 63.452908 7.031637
v 15.272211 56.862061 5.146830
v 15.134822 54.988674 5.031201
v 14.580129 60.292355 6.163142
v 15.643245 59.638699 5.609145
v 16.429281 53.597370 4.295757
v 16.934774 46.363197 2.070613
v 17.405254 48.686886 2.431571
v 16.387762 50.238182 3.536205
v 16.294195 59.055328 5.076972
v 16.685972 57.343647 4.408138
v 15.582773 55.913025 4.958020
v 15.756764 54.292049 4.788017
v 16.015020 58.527523 5.143035
v 16.834641 63.133862 5.848876
v 15.919374 50.768627 3.866627
v 15.925525 61.944836 6.098985
v 15.778625 62.212673 6.646890
v 5.746113 72.639854 3.792315
v 6.761575 72.925705 5.165972
v 7.932388 73.218803 6.426817
v 9.232244 73.478233 7.606746
v 10.705513 73.715858 8.612539
v 12.424901 73.883995 9.275778
v 14.311457 74.024101 9.354957
v 16.151997 74.211372 8.839754
v 17.722166 74.282631 7.731628
v 18.913984 74.455963 6.272707
v 19.753408 74.669670 4.651754
v 20.262720 74.846252 2.904592
v 20.456169 74.979652 1.088182
v 19.970160 72.457359 3.391916
v 20.330055 72.822281 0.496151
v 17.604431 72.082115 7.462044
v 20.238949 71.364464 0.280287
v 7.434455 69.405594 5.088493
v 8.986891 71.970398 7.172420
v 19.571270 71.674950 4.399771
v 20.249643 73.506340 2.412636
v 11.234695 69.979942 8.296719
v 12.555774 70.033409 8.659635
v 14.486835 73.429192 9.239883
v 16.163363 73.551933 8.731581
v 12.886461 73.306198 9.265728
v 12.960243 72.712975 9.183124
v 18.796103 73.751762 6.318812
v 17.536079 70.851906 7.269947
v 18.322134 71.469597 6.537316
v 19.175146 71.548851 5.244976
v 16.722115 71.405502 8.020504
v 19.475153 72.751907 4.881656
v 19.930353 73.043709 3.717108
v 20.166304 71.299240 1.799116
v 8.291837 71.200340 6.398862
v 7.313128 70.141251 5.074711
v 12.712630 71.275169 8.914992
v 10.519529 71.266006 8.165171
v 10.051288 71.882004 7.970271
v 11.491077 72.040947 8.734062
v 11.576365 72.694550 8.863174
v 14.919171 70.791710 8.684059
v 17.606436 72.922989 7.612903
v 16.137674 72.862419 8.629055
v 6.902336 72.212387 5.104356
v 8.797313 71.509689 6.932473
v 9.115102 71.364426 7.196000
v 15.414391 71.285706 8.630891
v 14.539759 72.786217 9.127666
v 18.772350 72.461983 6.104146
v 6.619581 69.021416 3.689457
v 5.933935 71.932495 3.747262
v 6.119563 71.207726 3.716326
v 6.291558 70.489502 3.696912
v 20.416935 74.277771 0.726864
v 20.348030 74.224197 2.006527
v 20.284128 72.085991 0.359430
v 8.477628 69.750168 6.373328
v 6.451506 69.765785 3.677764
v 7.978591 72.479355 6.310986
v 9.098079 72.673645 7.373014
v 19.889990 71.167198 3.242188
v 19.443213 71.042236 4.559097
v 11.710376 73.238213 8.986266
v 17.655577 73.609886 7.685455
v 19.566679 73.915169 4.929654
v 20.378233 73.568108 0.669364
v 16.482141 70.514923 7.975772
v 15.254611 70.288597 8.480506
v 13.915816 70.133324 8.722111
v 20.212839 72.000137 1.853608
v 7.040914 71.520920 5.065201
v 7.192669 70.848579 5.079184
v 8.343367 70.490639 6.343906
v 9.437049 70.815887 7.378291
v 10.306592 72.761353 8.255676
v 18.867857 71.024956 5.676692
v 20.034410 73.924240 3.606874
v 18.711309 73.099274 6.318696
v 19.439947 73.299080 5.081373
v 20.238930 72.709267 2.044363
v 15.895525 71.009903 8.384595
v 13.813072 70.650459 8.834986
v 8.052756 71.797264 6.251298
v 19.952715 71.829208 3.234369
v 19.831339 73.427910 4.148012
v 12.683749 70.608543 8.787700
v 11.679687 70.461288 8.537903
v 12.888580 72.058800 9.070471
v 16.025087 72.182831 8.558642
v 14.616007 71.174477 8.827235
v 13.719728 71.027290 8.910517
v 15.652629 71.614021 8.611214
v 14.377663 71.549225 8.940253
v 14.473650 72.144768 9.031643
v 19.551838 72.211182 4.586550
v 11.158854 70.786682 8.403554
v 9.913718 70.095078 7.616447
v 11.553252 71.524925 8.676099
v 18.996595 71.921486 5.642588
vn -0.4073 -0.9077 -0.1007
vn -0.6004 -0.7787 -0.1822
vn -0.4765 -0.8762 -0.0723
vn 0.0406 -0.9985 0.0376
vn 0.1195 -0.9925 -0.0251
vn -0.1868 -0.9799 -0.0694
vn -0.0854 -0.9958 0.0323
vn -0.9055 0.1494 -0.3972
vn -0.8350 0.3280 -0.4419
vn -0.8678 0.3141 -0.3850
vn -0.8942 0.3185 -0.3145
vn -0.7843 0.3339 -0.5229
vn -0.8286 0.3059 -0.4689
vn -0.7025 0.3219 -0.6347
vn -0.7830 0.2658 -0.5624
vn -0.3231 0.2574 -0.9107
vn -0.0922 0.2277 -0.9694
vn -0.0810 0.0741 -0.9940
vn -0.3420 0.0710 -0.9370
vn -0.5178 0.1963 -0.8327
vn -0.5554 0.3280 -0.7642
vn -0.3259 -0.9418 -0.0821
vn -0.2728 -0.9575 -0.0933
vn -0.4404 -0.8815 -0.1703
vn -0.4710 -0.8704 -0.1437
vn -0.8368 -0.4609 -0.2955
vn -0.8823 -0.3183 -0.3467
vn -0.9395 -0.0682 -0.3356
vn -0.9265 -0.2087 -0.3131
vn -0.9343 0.1691 -0.3139
vn -0.9556 -0.0339 -0.2926
vn -0.9124 0.2864 -0.2924
vn -0.9338 0.1952 -0.2998
vn -0.9016 0.3226 -0.2880
vn -0.9115 0.2837 -0.2979
vn -0.1679 -0.1335 -0.9767
vn -0.1151 -0.4149 -0.9026
vn -0.4015 -0.3124 -0.8609
vn -0.5098 -0.0326 -0.8597
vn -0.1636 -0.7028 -0.6923
vn -0.4432 -0.6035 -0.6628
vn -0.4216 -0.7735 -0.4732
vn -0.2248 -0.8735 -0.4318
vn -0.1953 -0.8822 -0.4285
vn -0.4296 -0.8130 -0.3931
vn -0.0899 -0.9546 -0.2840
vn -0.4666 -0.7950 -0.3876
vn -0.1611 -0.9774 0.1367
vn -0.5717 -0.7650 -0.2965
vn -0.1333 -0.9849 0.1106
vn -0.3479 -0.9298 0.1202
vn -0.2154 -0.9751 0.0528
vn -0.2475 -0.9658 -0.0769
vn -0.3047 -0.9444 0.1234
vn -0.2420 -0.9367 0.2530
vn -0.1995 -0.9786 0.0499
vn -0.3184 -0.9479 -0.0141
vn -0.2717 -0.9622 -0.0202
vn -0.1574 -0.9856 0.0625
vn -0.8959 0.2936 -0.3334
vn -0.8697 0.2256 -0.4390
vn -0.8317 0.0559 -0.5524
vn -0.6657 0.2165 -0.7141
vn -0.6639 -0.7085 -0.2392
vn -0.6715 -0.6824 -0.2889
vn -0.5197 -0.8537 0.0338
vn -0.9253 0.1566 -0.3453
vn -0.9470 -0.0246 -0.3202
vn -0.6063 -0.7911 -0.0804
vn -0.9406 -0.1853 -0.2844
vn -0.8505 -0.4671 -0.2418
vn -0.7476 -0.6291 -0.2129
vn -0.1586 -0.9872 0.0141
vn -0.7129 0.1029 -0.6937
vn -0.6237 -0.2380 -0.7445
vn -0.6303 -0.4725 -0.6160
vn -0.7143 -0.0429 -0.6986
vn -0.5743 -0.8028 -0.1605
vn -0.6304 -0.6881 -0.3593
vn -0.5844 -0.7761 -0.2371
vn -0.5665 -0.7721 -0.2880
vn -0.5773 -0.7384 -0.3486
vn -0.6061 -0.6433 -0.4679
vn -0.9062 0.0049 -0.4229
vn -0.8606 -0.1273 -0.4932
vn -0.7356 -0.6483 -0.1964
vn -0.7254 -0.6557 -0.2094
vn -0.9248 -0.1733 -0.3386
vn -0.8548 -0.4464 -0.2648
vn -0.6115 -0.7667 -0.1954
vn -0.6058 -0.7533 -0.2561
vn -0.7082 -0.5968 -0.3772
vn -0.7629 -0.4045 -0.5044
vn -0.7683 -0.1814 -0.6138
vn -0.7282 -0.6111 -0.3102
vn -0.6574 -0.7304 -0.1853
vn -0.8158 -0.5152 -0.2628
vn -0.8647 -0.3234 -0.3844
vn 0.7936 -0.5961 0.1217
vn 0.5029 -0.8600 0.0870
vn 0.7398 -0.6701 -0.0605
vn 0.1333 -0.9894 0.0584
vn 0.2413 -0.9638 0.1133
vn 0.1072 -0.9893 0.0985
vn 0.0686 -0.9921 0.1052
vn -0.0114 -0.9909 0.1341
vn 0.1968 0.1045 -0.9749
vn 0.2387 -0.0371 -0.9704
vn -0.0587 -0.9902 0.1269
vn 0.2881 -0.9249 0.2479
vn 0.1487 -0.9735 0.1735
vn 0.1118 -0.9714 0.2097
vn 0.2032 -0.9452 0.2554
vn 0.5857 -0.7539 0.2975
vn 0.4502 -0.8427 0.2953
vn 0.4976 -0.7955 0.3458
vn 0.6242 -0.6986 0.3497
vn 0.7572 -0.5848 0.2911
vn 0.7501 -0.5754 0.3261
vn 0.8701 -0.4063 0.2789
vn 0.8881 -0.3747 0.2662
vn 0.9447 -0.2309 0.2328
vn 0.9477 -0.2417 0.2085
vn 0.9938 -0.0664 0.0887
vn 0.9987 0.0508 0.0046
vn 0.9994 -0.0060 0.0342
vn 0.9869 -0.1098 0.1183
vn 0.9310 0.0849 -0.3551
vn 0.9767 0.0825 -0.1979
vn 0.9731 0.0005 -0.2304
vn 0.9252 -0.0144 -0.3792
vn 0.8160 0.0573 -0.5752
vn 0.8273 -0.0804 -0.5559
vn 0.2332 -0.2561 -0.9381
vn 0.2076 -0.5437 -0.8132
vn -0.0251 -0.9083 -0.4176
vn 0.1817 -0.7884 -0.5877
vn 0.0128 -0.9635 -0.2673
vn 0.0876 -0.9832 -0.1601
vn 0.0346 -0.9912 0.1276
vn -0.0507 -0.9979 -0.0409
vn 0.0303 -0.9734 0.2272
vn -0.0951 -0.9885 0.1174
vn -0.0922 -0.9645 0.2473
vn 0.9959 -0.0445 0.0784
vn 0.9794 -0.1171 0.1647
vn 0.0570 -0.9793 0.1945
vn 0.3452 -0.8858 0.3100
vn 0.9997 -0.0185 0.0151
vn 0.9956 0.0766 -0.0534
vn 0.6098 -0.0945 -0.7869
vn 0.5357 0.0594 -0.8423
vn 0.1673 -0.9501 0.2634
vn 0.4025 -0.8490 0.3424
vn 0.9966 0.0134 -0.0808
vn 0.9897 -0.1267 -0.0671
vn 0.0061 -0.9841 0.1777
vn 0.0310 -0.9797 0.1982
vn 0.5722 -0.3192 -0.7554
vn 0.5153 -0.5980 -0.6139
vn 0.8518 -0.4375 0.2883
vn 0.7573 -0.5635 0.3301
vn 0.6331 -0.6889 0.3529
vn 0.8960 -0.3695 0.2462
vn 0.2037 -0.9759 -0.0788
vn 0.1765 -0.9762 -0.1256
vn 0.1971 -0.9321 -0.3040
vn 0.4431 -0.7957 -0.4130
vn 0.9666 -0.1591 -0.2011
vn 0.9022 -0.1476 -0.4052
vn 0.7927 -0.2129 -0.5712
vn 0.9590 -0.2275 0.1690
vn 0.9615 -0.2313 0.1486
vn 0.0750 -0.9814 0.1769
vn 0.8172 -0.5012 0.2846
vn 0.6979 -0.6504 0.2999
vn 0.9815 -0.1823 0.0579
vn 0.2682 -0.9179 0.2925
vn 0.5017 -0.7924 0.3470
vn 0.3452 -0.8834 0.3169
vn 0.1147 -0.9655 0.2339
vn 0.1904 -0.9503 0.2465
vn 0.7525 -0.3993 -0.5238
vn 0.8804 -0.2990 -0.3680
vn 0.9019 -0.4056 -0.1489
vn 0.2870 -0.9575 0.0282
vn 0.4360 -0.8891 -0.1390
vn 0.8618 -0.4586 0.2168
vn 0.9084 -0.4001 0.1218
vn 0.1550 -0.9703 0.1858
vn 0.9254 -0.3786 -0.0145
vn 0.6553 -0.7203 0.2274
vn 0.5093 -0.8098 0.2913
vn 0.3313 -0.8990 0.2865
vn 0.6945 -0.6533 -0.3016
vn 0.4244 -0.8886 0.1740
vn 0.3225 -0.9234 0.2083
vn -0.9025 0.3205 -0.2877
vn 0.0354 -0.9974 0.0632
vn -0.9015 0.3426 -0.2645
vn 0.0193 -0.9860 -0.1659
vn -0.0112 -0.9873 -0.1586
vn -0.0061 -0.9906 -0.1368
vn 0.0145 -0.9901 -0.1396
vn -0.3183 0.8940 0.3152
vn -0.2101 0.9033 0.3740
vn -0.2642 0.9036 0.3372
vn -0.3566 0.8870 0.2933
vn -0.2461 0.8589 0.4492
vn -0.4906 0.8067 0.3295
vn -0.4771 0.8240 0.3056
vn -0.2692 0.8757 0.4009
vn -0.6277 0.7548 0.1906
vn -0.6107 0.7792 0.1408
vn -0.7236 0.6897 0.0254
vn -0.7195 0.6935 -0.0365
vn -0.7974 0.5941 -0.1057
vn -0.8112 0.5575 -0.1764
vn -0.8520 0.4870 -0.1922
vn -0.8522 0.4720 -0.2258
vn -0.8761 0.4099 -0.2539
vn -0.8796 0.3803 -0.2857
vn -0.8935 0.3677 -0.2579
vn -0.8975 0.3347 -0.2871
vn -0.9277 0.1809 -0.3265
vn -0.9349 -0.0329 -0.3535
vn -0.8416 -0.4094 -0.3522
vn -0.1348 -0.9907 -0.0176
vn 0.0678 -0.9974 0.0236
vn -0.0064 -0.9997 -0.0239
vn -0.3909 0.8820 0.2631
vn -0.4206 0.8745 0.2415
vn -0.4144 0.8872 0.2030
vn -0.4615 0.8734 0.1553
vn -0.5183 0.8533 0.0573
vn -0.5477 0.8366 0.0127
vn -0.7177 0.6893 -0.0986
vn -0.6805 0.7216 -0.1273
vn -0.8379 0.4755 -0.2681
vn -0.9142 0.3325 -0.2317
vn -0.9285 -0.0309 -0.3700
vn -0.9294 -0.1781 -0.3233
vn -0.7222 -0.6027 -0.3392
vn -0.6692 -0.6978 -0.2554
vn -0.3651 -0.9066 -0.2116
vn -0.3021 -0.9371 -0.1747
vn -0.0073 -0.9941 -0.1079
vn -0.0637 -0.9923 -0.1066
vn 0.0208 -0.9947 -0.1002
vn 0.0093 -0.9918 -0.1275
vn 0.0168 -0.9984 -0.0544
vn 0.0902 -0.9958 -0.0149
vn 0.0909 -0.9927 -0.0794
vn 0.0307 -0.9965 -0.0781
vn 0.0308 -0.9884 -0.1489
vn 0.0569 -0.9888 -0.1381
vn -0.2713 0.8984 0.3455
vn -0.3593 0.8880 0.2870
vn -0.3003 -0.9413 -0.1544
vn -0.1398 -0.9863 -0.0879
vn -0.9064 0.2778 -0.3183
vn -0.4572 0.8532 0.2510
vn -0.5918 0.8037 0.0628
vn -0.6974 0.7116 -0.0854
vn -0.9305 0.0555 -0.3621
vn -0.8929 -0.1975 -0.4046
vn -0.0901 -0.9892 -0.1160
vn -0.0134 -0.9993 -0.0343
vn -0.5285 -0.8132 -0.2436
vn -0.8785 0.3894 -0.2767
vn -0.4529 0.8615 0.2295
vn -0.4999 0.8535 0.1470
vn -0.8441 0.4609 -0.2739
vn -0.5594 0.8277 0.0435
vn -0.6572 0.7487 -0.0869
vn -0.7866 0.5729 -0.2304
vn -0.9230 0.1468 -0.3558
vn -0.8074 -0.4650 -0.3633
vn -0.4611 -0.8483 -0.2603
vn -0.1461 -0.9811 -0.1270
vn -0.4288 -0.8730 -0.2324
vn -0.6733 -0.6754 -0.3010
vn -0.2518 -0.9582 -0.1356
vn -0.2122 -0.9661 -0.1468
vn -0.9142 0.1981 -0.3535
vn -0.9195 0.0002 -0.3931
vn -0.8931 0.2976 -0.3374
vn -0.7754 0.6014 -0.1925
vn -0.7976 -0.4733 -0.3740
vn -0.9240 0.0860 -0.3727
vn -0.8565 0.4277 -0.2891
vn -0.5145 -0.8179 -0.2574
vn -0.8430 -0.4139 -0.3437
vn 0.0952 -0.9905 0.0992
vn 0.9821 -0.0342 0.1851
vn 0.9669 -0.0892 0.2390
vn 0.0050 0.8802 0.4745
vn 0.0929 0.8551 0.5100
vn -0.0396 0.9140 0.4038
vn -0.0924 0.9159 0.3907
vn 0.9644 0.1581 0.2122
vn 0.8963 -0.4077 0.1746
vn 0.9973 0.0563 -0.0481
vn 0.8673 0.4882 0.0974
vn 0.7123 -0.7010 0.0351
vn 0.9182 -0.3949 -0.0316
vn 0.9468 -0.1993 0.2527
vn 0.8951 -0.3685 0.2509
vn 0.8094 -0.5452 0.2183
vn 0.6383 -0.7432 0.2005
vn -0.0533 0.9178 0.3935
vn 0.9493 0.2771 0.1487
vn 0.8174 0.5242 0.2390
vn 0.7739 0.5813 0.2514
vn 0.6278 0.7180 0.3008
vn 0.5353 0.7740 0.3382
vn 0.3636 0.8612 0.3552
vn 0.2342 0.8905 0.3900
vn 0.0956 0.9170 0.3874
vn 0.2482 -0.9529 0.1741
vn 0.3794 -0.9035 0.1994
vn 0.5015 -0.8396 0.2088
vn 0.9617 -0.0238 0.2731
vn 0.9565 0.0347 0.2898
vn 0.9233 0.1794 0.3395
vn 0.9552 0.0942 0.2805
vn 0.8634 0.3602 0.3533
vn 0.9361 0.2048 0.2858
vn 0.6920 0.5700 0.4431
vn 0.8608 0.3600 0.3598
vn 0.4450 0.7388 0.5062
vn 0.7004 0.5511 0.4536
vn 0.2195 -0.9606 -0.1705
vn 0.2576 -0.9516 -0.1678
vn 0.0216 -0.9837 -0.1786
vn 0.0491 -0.9764 -0.2102
vn 0.0544 -0.9772 -0.2054
vn 0.0840 -0.9832 -0.1619
vn 0.1245 -0.9917 0.0332
vn 0.1250 -0.9916 -0.0343
vn 0.1116 -0.9924 0.0520
vn 0.4404 0.7571 0.4826
vn -0.0532 0.9007 0.4312
vn 0.0523 0.9156 0.3986
vn 0.1634 -0.9806 0.1086
vn 0.0108 -0.9823 -0.1869
vn 0.1100 -0.9867 -0.1194
vn 0.7538 0.5253 0.3947
vn 0.7361 -0.6694 -0.1008
vn 0.4467 -0.8904 -0.0869
vn 0.9591 -0.1451 0.2431
vn 0.9710 -0.0471 0.2343
vn 0.9715 0.0548 0.2305
vn 0.9218 0.2258 0.3150
vn 0.8726 0.3257 0.3641
vn 0.9267 -0.3103 0.2119
vn 0.8706 -0.4653 0.1599
vn 0.7288 -0.6685 0.1481
vn 0.1754 0.8691 0.4624
vn 0.4111 -0.9056 0.1045
vn 0.5207 -0.8467 0.1097
vn 0.2893 -0.9512 0.1075
vn 0.1723 -0.9837 0.0510
vn 0.1640 -0.9861 -0.0249
vn 0.9564 -0.2915 -0.0154
vn 0.8393 0.4888 0.2381
vn 0.9737 0.1778 0.1423
vn 0.6589 0.6764 0.3292
vn 0.4004 0.8335 0.3808
vn 0.1255 -0.9708 -0.2046
vn 0.1264 -0.9627 -0.2393
vn 0.4025 -0.8903 -0.2129
vn 0.1553 -0.9801 -0.1235
vn 0.9599 -0.2256 0.1665
vn 0.2499 -0.9670 0.0491
vn 0.5580 -0.8138 -0.1622
vn 0.9096 0.2921 0.2954
vn 0.9830 -0.0652 0.1718
vn 0.9599 0.1147 0.2559
vn 0.1674 0.8882 0.4278
vn 0.6177 -0.7809 0.0930
vn 0.7536 -0.6547 0.0596
vn 0.8950 -0.4358 0.0953
vn 0.3976 0.8003 0.4488
vn 0.6660 0.6298 0.3997
vn 0.9857 -0.1678 0.0119
vn 0.8710 0.4225 0.2509
vn 0.9694 0.1726 0.1748
vn 0.7517 0.5720 0.3282
vn 0.4974 0.7744 0.3911
vn 0.2872 -0.9216 -0.2610
vn 0.5681 -0.7929 -0.2203
vn 0.2903 -0.9388 -0.1855
vn 0.4853 -0.8738 0.0326
vn 0.3658 -0.9300 0.0364
vn 0.2152 -0.9765 -0.0103
vn 0.7704 -0.6220 -0.1399
vn 0.9637 -0.2644 0.0376
vn 0.5572 -0.8163 -0.1521
vn 0.6040 -0.7966 0.0252
vn 0.8626 0.3994 0.3105
vn 0.9542 0.2048 0.2182
vn 0.9542 -0.2801 0.1054
vn 0.9864 -0.0938 0.1347
vn 0.3354 -0.9415 -0.0317
vn 0.2289 -0.9677 -0.1055
vn 0.6686 -0.7435 -0.0117
vn 0.8297 -0.5582 0.0048
vn 0.4910 -0.8707 -0.0279
vn 0.9776 0.0878 0.1913
vn 0.9893 0.0319 0.1424
vn 0.4151 -0.9033 -0.1084
vn 0.7907 -0.6031 -0.1052
vn 0.9394 -0.3419 0.0244
vn 0.6188 -0.7832 -0.0604
vn 0.7907 -0.6109 -0.0400
vn 0.9479 -0.3164 0.0359
vn 0.9674 -0.2488 0.0473
vn -0.8338 0.5309 -0.1515
vn -0.7207 0.6928 0.0257
vn -0.5751 0.8168 0.0453
vn -0.1935 0.9209 0.3383
vn -0.0515 0.9561 0.2886
vn -0.1753 0.9462 0.2719
vn -0.3321 0.9063 0.2615
vn -0.2033 0.9478 0.2457
vn -0.2697 0.9511 0.1504
vn -0.9247 0.3500 -0.1499
vn -0.6834 0.7270 -0.0668
vn -0.9543 0.2354 -0.1840
vn -0.7128 0.6975 -0.0731
vn 0.7773 0.4943 0.3892
vn 0.8575 -0.0741 0.5091
vn -0.4812 0.8713 0.0958
vn -0.9627 0.2072 -0.1741
vn -0.8927 0.4507 -0.0009
vn -0.5540 0.8141 0.1743
vn -0.9042 0.3762 0.2024
vn -0.5825 0.7863 0.2061
vn -0.6570 0.6335 0.4088
vn -0.8254 0.2685 0.4966
vn -0.8430 0.3583 0.4012
vn -0.7084 0.6067 0.3607
vn -0.6236 0.6384 0.4511
vn -0.8919 0.2251 0.3922
vn -0.8044 0.0916 0.5869
vn -0.6314 0.6027 0.4879
vn -0.6571 -0.0866 0.7488
vn -0.6437 -0.0670 0.7623
vn -0.4369 0.6763 0.5930
vn -0.6076 0.5388 0.5835
vn -0.5540 -0.0575 0.8305
vn -0.4024 -0.1410 0.9045
vn -0.4471 0.5573 0.6996
vn -0.5118 0.6073 0.6077
vn -0.4594 -0.2002 0.8654
vn -0.4649 0.5251 0.7128
vn -0.2314 -0.2275 0.9459
vn -0.1978 0.5233 0.8289
vn 0.1903 -0.1896 0.9632
vn 0.3873 0.5956 0.7038
vn 0.6624 -0.1167 0.7400
vn 0.6726 0.5493 0.4959
vn 0.8494 0.0210 0.5273
vn 0.6330 0.6715 0.3852
vn 0.9584 0.0590 0.2792
vn 0.7197 0.5848 0.3742
vn 0.7407 0.4705 0.4796
vn 0.9265 0.0736 0.3690
vn 0.9086 -0.0530 0.4143
vn 0.7901 0.4186 0.4478
vn 0.6941 0.6499 0.3097
vn 0.4972 0.7897 0.3593
vn 0.2304 0.8984 0.3738
vn 0.0013 0.9142 0.4052
vn -0.1019 0.9014 0.4208
vn -0.2288 0.8957 0.3812
vn -0.3125 0.8983 0.3088
vn -0.3838 0.8880 0.2533
vn -0.4182 0.8954 0.1526
vn -0.3750 0.9004 0.2206
vn 0.7281 0.5523 0.4061
vn 0.9509 0.1750 0.2552
vn 0.7091 0.6161 0.3430
vn 0.4216 0.8148 0.3979
vn 0.5929 0.6925 0.4109
vn 0.0980 0.9099 0.4032
vn -0.0694 0.9045 0.4207
vn -0.1369 0.8876 0.4398
vn -0.2161 0.8880 0.4058
vn -0.2808 0.9068 0.3143
vn -0.3668 0.8977 0.2439
vn 0.4900 0.7317 0.4738
vn -0.4722 0.8080 0.3524
vn -0.4889 0.7907 0.3685
vn -0.3430 0.9217 0.1810
vn -0.4056 0.8937 0.1916
vn 0.2068 0.9760 0.0687
vn -0.1919 0.9427 0.2731
vn 0.3309 0.9314 0.1519
vn 0.2106 0.9054 0.3686
vn -0.2719 0.8856 0.3765
vn -0.3884 0.7936 0.4683
vn -0.4691 0.7468 0.4713
vn -0.5015 0.7184 0.4822
vn -0.5106 0.7641 0.3943
vn -0.4124 0.8977 0.1552
vn -0.3510 0.9077 0.2300
vn 0.3860 0.8063 0.4482
vn -0.3445 0.7529 0.5608
vn -0.3226 0.9246 0.2025
vn -0.1982 0.7722 0.6036
vn 0.3354 0.8513 0.4034
vn 0.2631 0.8459 0.4639
vn -0.0081 0.8912 0.4535
vn 0.1347 0.9796 0.1489
vn -0.0148 0.9322 0.3617
vn 0.0924 0.9759 0.1976
vn -0.2784 0.8457 0.4552
vn -0.2587 0.8539 0.4515
vn -0.2590 0.9172 0.3028
vn -0.3080 0.9339 0.1818
vn -0.3344 0.8555 0.3953
vn -0.3845 0.6333 0.6716
vn -0.1171 0.8941 0.4323
vn -0.1450 0.8944 0.4231
vn -0.1483 0.9144 0.3766
vn -0.2352 0.9287 0.2868
vn -0.3412 0.9149 0.2159
vn -0.0255 0.9012 0.4326
vn 0.1377 0.8796 0.4554
vn 0.1435 0.8434 0.5177
vn 0.0978 0.8990 0.4270
vn -0.0258 0.9205 0.3899
vn -0.2428 0.9363 0.2537
vn 0.0641 0.9324 0.3558
vn -0.0711 0.9207 0.3837
vn -0.1028 0.9557 0.2759
vn -0.0374 0.9442 0.3273
vn -0.1014 0.9076 0.4074
vn -0.0406 0.8892 0.4557
vn -0.0425 0.9055 0.4223
vn 0.0211 0.9329 0.3594
vn 0.0811 0.9383 0.3363
vn -0.0428 0.9249 0.3778
vn -0.9538 -0.1945 -0.2290
vn -0.6054 -0.7499 -0.2667
vn -0.9366 -0.3452 -0.0600
vn -0.9586 -0.1938 -0.2084
vn 0.8561 -0.3953 0.3330
vn -0.6421 -0.7432 -0.1881
vn -0.2768 -0.9529 -0.1238
vn -0.0739 -0.9944 -0.0754
vn -0.0361 -0.9965 -0.0756
vn -0.0381 -0.9946 -0.0968
vn -0.0390 -0.9919 -0.1207
vn -0.9826 -0.0862 -0.1644
vn -0.9582 -0.1899 -0.2140
vn -0.9074 -0.3538 0.2269
vn -0.8795 -0.2719 0.3906
vn -0.6590 -0.6308 0.4096
vn -0.5737 -0.7073 0.4130
vn -0.4981 -0.6720 0.5480
vn -0.4717 -0.7028 0.5325
vn -0.4667 -0.7016 0.5385
vn -0.2585 -0.7256 0.6378
vn -0.3040 -0.7248 0.6183
vn -0.2096 -0.7105 0.6718
vn 0.2258 -0.6952 0.6824
vn 0.5248 -0.6448 0.5557
vn 0.7543 -0.5499 0.3587
vn 0.8689 -0.4783 0.1271
vn 0.8966 -0.4251 0.1241
vn 0.9021 -0.3115 0.2986
vn 0.8069 -0.4908 0.3287
vn 0.4657 -0.8847 0.0229
vn 0.6809 -0.7161 0.1534
vn 0.0806 -0.9824 -0.1683
vn -0.0523 -0.9884 -0.1429
vn -0.9489 -0.2740 -0.1566
vn 0.2514 -0.9643 -0.0835
vn -0.5876 -0.8035 -0.0952
vn -0.2546 -0.9668 -0.0213
vn -0.1060 -0.9942 -0.0178
vn -0.0645 -0.9971 -0.0396
vn -0.0780 -0.9954 -0.0559
vn -0.0684 -0.9936 -0.0900
vn -0.0488 -0.9903 -0.1304
vn 0.0468 -0.9944 -0.0946
vn -0.0906 -0.9913 -0.0957
vn -0.8084 -0.5821 -0.0868
vn -0.6633 -0.7273 -0.1762
vn 0.4198 -0.9004 0.1144
vn 0.6550 -0.7185 0.2340
vn 0.7099 -0.6765 0.1959
vn 0.6086 -0.7647 0.2118
vn 0.5942 -0.7994 0.0887
vn 0.5723 -0.8201 -0.0037
vn 0.4874 -0.8700 0.0739
vn 0.3251 -0.9057 0.2719
vn -0.0011 -0.9495 0.3139
vn -0.2414 -0.9413 0.2358
vn -0.1752 -0.9581 0.2268
vn -0.1499 -0.9732 0.1742
vn -0.2351 -0.9539 0.1866
vn -0.2256 -0.9448 0.2377
vn -0.2328 -0.9543 0.1873
vn -0.1750 -0.9766 0.1248
vn -0.2491 -0.9609 0.1213
vn -0.3424 -0.9331 0.1099
vn -0.4934 -0.8676 -0.0617
vn -0.4922 -0.8704 0.0106
vn -0.2545 -0.9655 0.0544
vn -0.1501 -0.9883 0.0261
vn -0.1014 -0.9948 0.0055
vn 0.5305 -0.8167 0.2268
vn 0.2307 -0.9722 0.0391
vn -0.0964 -0.9918 -0.0835
vn -0.1180 -0.9930 -0.0072
vn -0.0950 -0.9938 -0.0583
vn 0.0315 -0.9993 -0.0209
vn -0.1019 -0.9943 0.0322
vn -0.3998 -0.9166 0.0047
vn -0.2732 -0.9465 -0.1719
vn 0.2789 -0.9496 0.1432
vn -0.0771 -0.9948 -0.0671
vn -0.0797 -0.9966 -0.0199
vn -0.0785 -0.9969 0.0040
vn -0.1034 -0.9944 0.0223
vn -0.1125 -0.9915 0.0656
vn -0.1416 -0.9852 0.0971
vn -0.1424 -0.9875 0.0673
vn -0.1235 -0.9911 0.0505
vn -0.1569 -0.9844 0.0792
vn -0.2041 -0.9765 0.0697
vn -0.1455 -0.9869 0.0695
vn 0.1060 -0.9928 0.0562
vn 0.2732 -0.9612 -0.0378
vn 0.2944 -0.9554 0.0221
vn 0.4091 -0.9035 0.1281
vn -0.2435 -0.9697 0.0181
vn 0.0658 -0.9920 0.1079
vn -0.1443 -0.9895 -0.0012
vn -0.1665 -0.9851 0.0421
vn -0.1307 -0.9909 0.0310
vn -0.1381 -0.9902 0.0224
vn -0.1902 -0.9817 0.0041
vn -0.1199 -0.9917 -0.0465
vn -0.1164 -0.9932 0.0014
vn -0.1126 -0.9936 0.0086
vn -0.1185 -0.9927 0.0223
vn -0.1142 -0.9926 0.0413
vn -0.1428 -0.9894 0.0267
vn -0.1556 -0.9868 0.0452
vn -0.1340 -0.9902 0.0395
vn -0.0170 -0.9997 -0.0155
vn 0.0922 -0.9934 0.0675
vn 0.0091 -0.9999 0.0117
vn -0.1334 -0.9907 0.0273
vn -0.1431 -0.9891 0.0346
vn -0.1357 -0.9905 0.0241
vn -0.1515 -0.9880 0.0298
vn -0.1428 -0.9892 0.0319
vn -0.1053 -0.9942 0.0234
vn -0.1453 -0.9888 0.0349
vn -0.1358 -0.9902 0.0320
vn -0.1005 -0.9930 0.0623
vn 0.3079 -0.9497 -0.0572
vn 0.1661 -0.9850 -0.0477
vn 0.1182 -0.9923 0.0383
vn 0.9203 0.1349 -0.3673
vn 0.8982 0.3126 -0.3091
vn 0.8695 0.3152 -0.3802
vn 0.8567 0.2642 -0.4431
vn 0.1377 0.0889 -0.9865
vn 0.1505 0.2071 -0.9667
vn 0.3869 0.2537 -0.8865
vn 0.4281 0.1258 -0.8949
vn -0.0122 -0.9990 -0.0424
vn -0.0179 -0.9987 0.0476
vn 0.2045 -0.9734 -0.1030
vn 0.1292 -0.9913 -0.0238
vn 0.4397 -0.8782 -0.1883
vn 0.2860 -0.9514 -0.1139
vn 0.3179 -0.9425 -0.1030
vn 0.4449 -0.8799 -0.1667
vn 0.9421 -0.0315 -0.3340
vn 0.9310 0.1784 -0.3184
vn 0.9409 -0.0181 -0.3381
vn 0.8913 -0.3225 -0.3188
vn 0.6434 0.1859 -0.7426
vn 0.5921 0.3010 -0.7476
vn 0.7285 0.3223 -0.6045
vn 0.7812 0.2318 -0.5797
vn 0.1988 -0.4346 -0.8784
vn 0.1332 -0.1515 -0.9794
vn 0.4659 -0.0773 -0.8814
vn 0.4910 -0.3198 -0.8103
vn 0.2362 -0.7069 -0.6667
vn 0.4953 -0.5662 -0.6588
vn 0.2460 -0.8733 -0.4206
vn 0.4898 -0.7075 -0.5094
vn 0.3937 -0.8158 -0.4236
vn 0.1927 -0.8931 -0.4065
vn 0.1658 -0.9714 -0.1699
vn 0.4333 -0.8811 -0.1897
vn 0.2074 -0.9399 -0.2714
vn 0.3687 -0.8766 -0.3093
vn 0.3472 -0.9235 -0.1634
vn 0.1198 -0.9890 0.0866
vn 0.2502 -0.9573 0.1449
vn 0.3008 -0.9525 0.0475
vn 0.1888 -0.9431 0.2737
vn 0.4746 -0.8768 0.0773
vn 0.4095 -0.9101 0.0633
vn 0.2119 -0.9711 0.1098
vn 0.9000 -0.2861 -0.3288
vn 0.7720 -0.5768 -0.2672
vn 0.8067 0.3223 -0.4954
vn 0.8491 0.2602 -0.4598
vn 0.9442 0.0867 -0.3178
vn 0.9147 0.2596 -0.3096
vn 0.6603 -0.7043 -0.2607
vn 0.7737 -0.5563 -0.3031
vn 0.3912 -0.9186 -0.0561
vn 0.2208 -0.9751 0.0224
vn 0.9457 0.0765 -0.3160
vn 0.9090 0.2963 -0.2931
vn 0.9073 0.2267 -0.3542
vn 0.6688 0.0086 -0.7434
vn 0.6421 -0.2388 -0.7285
vn 0.5919 -0.8046 -0.0478
vn 0.7497 -0.6545 -0.0984
vn 0.7283 -0.6230 -0.2853
vn 0.6821 -0.4175 -0.6003
vn 0.6162 -0.6220 -0.4831
vn 0.5804 -0.7129 -0.3935
vn 0.6325 -0.7352 -0.2436
vn 0.6602 -0.6807 -0.3175
vn 0.7779 0.0963 -0.6210
vn 0.5287 -0.8331 -0.1626
vn 0.9125 -0.2911 -0.2875
vn 0.6974 -0.6942 -0.1781
vn 0.7738 -0.1064 -0.6244
vn 0.7471 -0.6158 -0.2502
vn 0.8666 0.0951 -0.4898
vn 0.8180 -0.5212 -0.2432
vn 0.8178 -0.2179 -0.5326
vn 0.7765 -0.4076 -0.4805
vn 0.7078 -0.6098 -0.3566
vn 0.7253 -0.6233 -0.2924
vn 0.9271 0.0036 -0.3747
vn 0.9101 -0.2734 -0.3113
vn 0.8248 -0.4531 -0.3383
vn 0.8757 -0.2002 -0.4395
vn -0.0373 -0.9938 0.1048
vn 0.0212 -0.9897 0.1417
vn -0.1034 -0.9772 0.1854
vn 0.0007 -0.9810 0.1942
vn -0.2542 -0.9275 0.2742
vn -0.1195 -0.9634 0.2400
vn -0.1431 0.1134 -0.9832
vn -0.1816 -0.0268 -0.9830
vn -0.2303 -0.2672 -0.9357
vn -0.1384 -0.5225 -0.8413
vn -0.5489 0.0427 -0.8348
vn -0.5348 -0.1088 -0.8380
vn -0.7808 -0.0736 -0.6205
vn -0.8170 0.0333 -0.5757
vn -0.8976 -0.0481 -0.4383
vn -0.9263 0.0483 -0.3736
vn -0.9619 -0.0893 -0.2583
vn -0.9778 0.0625 -0.2002
vn 0.1216 -0.9871 0.1039
vn -0.4460 -0.8350 0.3223
vn -0.4076 -0.8591 0.3095
vn -0.5484 -0.7734 0.3180
vn -0.5932 -0.7324 0.3341
vn -0.7129 -0.6257 0.3167
vn -0.7482 -0.5839 0.3150
vn -0.8538 -0.4407 0.2772
vn -0.8378 -0.4555 0.3010
vn -0.9240 -0.2847 0.2555
vn -0.9025 -0.3404 0.2639
vn -0.9715 -0.1463 0.1863
vn -0.9495 -0.2317 0.2114
vn -0.9940 -0.0535 0.0950
vn -0.9989 -0.0008 0.0478
vn -0.9995 0.0302 0.0107
vn -0.9925 -0.0904 0.0828
vn -0.9982 0.0390 -0.0466
vn -0.9937 -0.1076 0.0328
vn 0.0303 -0.9166 -0.3986
vn -0.0554 -0.7840 -0.6182
vn 0.0016 -0.9711 -0.2385
vn 0.0154 -0.9913 -0.1308
vn 0.0040 -0.9936 -0.1127
vn 0.0157 -0.9195 0.3929
vn 0.1272 -0.9906 0.0496
vn 0.1372 -0.9901 0.0308
vn 0.0720 -0.9733 0.2179
vn -0.5215 -0.3002 -0.7987
vn -0.9949 -0.0460 -0.0897
vn 0.0787 -0.9886 0.1283
vn -0.0635 -0.9791 0.1934
vn -0.4975 -0.5234 -0.6918
vn -0.2589 -0.9278 0.2686
vn -0.9843 -0.1185 0.1306
vn -0.9942 -0.0509 0.0944
vn -0.7335 -0.2729 -0.6225
vn 0.0775 -0.9894 0.1230
vn -0.8807 -0.2063 -0.4265
vn -0.9146 -0.3347 -0.2268
vn -0.0570 -0.9835 0.1717
vn -0.1709 -0.9766 0.1307
vn -0.1467 -0.9868 -0.0683
vn -0.1856 -0.9775 -0.1002
vn -0.0546 -0.9872 0.1496
vn -0.9186 -0.3232 0.2273
vn -0.8508 -0.4491 0.2730
vn -0.1667 -0.9373 -0.3061
vn -0.3363 -0.7819 -0.5250
vn -0.7464 -0.5900 0.3079
vn -0.5661 -0.7601 0.3189
vn -0.4183 -0.8577 0.2991
vn -0.9734 -0.1767 0.1460
vn -0.9571 -0.2469 0.1516
vn -0.9669 -0.2487 -0.0575
vn -0.9357 -0.3289 0.1280
vn -0.8755 -0.4171 0.2439
vn -0.2029 -0.9566 0.2092
vn -0.7691 -0.4560 -0.4478
vn -0.9450 -0.2654 0.1910
vn -0.0660 -0.9824 0.1748
vn -0.2285 -0.9627 0.1449
vn -0.2775 -0.9581 0.0707
vn -0.4488 -0.8936 0.0050
vn -0.4013 -0.8869 0.2287
vn -0.5538 -0.7883 0.2681
vn -0.7185 -0.6374 0.2783
vn -0.4228 -0.8868 -0.1867
vn -0.6067 -0.6879 -0.3985
vn -0.5663 -0.8128 0.1366
vn -0.8108 -0.5489 0.2034
vn -0.8616 -0.5059 0.0411
vn -0.7448 -0.6584 -0.1088
vn 0.9033 0.3226 -0.2827
vn -0.0618 -0.9967 0.0520
vn 0.8995 0.3394 -0.2750
vn 0.0014 -0.9908 -0.1356
vn 0.0110 -0.9875 -0.1574
vn -0.0298 -0.9851 -0.1692
vn -0.0239 -0.9905 -0.1353
vn 0.2035 0.9069 0.3690
vn 0.3236 0.8915 0.3170
vn 0.2953 0.9007 0.3187
vn 0.1922 0.9145 0.3561
vn 0.2506 0.8538 0.4562
vn 0.2388 0.8789 0.4129
vn 0.4410 0.8410 0.3135
vn 0.4734 0.8223 0.3157
vn 0.8887 0.3754 -0.2632
vn 0.9011 0.3167 -0.2961
vn 0.8629 0.4445 -0.2405
vn 0.8843 0.3609 -0.2961
vn 0.0115 -0.9939 -0.1099
vn -0.0113 -0.9949 -0.1006
vn 0.5801 0.7962 0.1719
vn 0.6122 0.7684 0.1864
vn 0.6794 0.7336 0.0154
vn 0.7074 0.7067 0.0136
vn 0.7691 0.6291 -0.1129
vn 0.7821 0.6177 -0.0821
vn 0.9183 0.2250 -0.3258
vn 0.0477 -0.9989 -0.0038
vn -0.0595 -0.9980 0.0193
vn 0.1017 -0.9912 -0.0853
vn -0.0804 -0.9963 -0.0304
vn 0.2654 -0.9462 -0.1849
vn 0.3534 -0.9162 -0.1886
vn 0.0878 -0.9894 -0.1161
vn 0.0422 -0.9930 -0.1102
vn 0.6238 -0.7223 -0.2985
vn 0.7344 -0.6262 -0.2616
vn 0.9306 -0.1186 -0.3462
vn 0.9518 -0.1410 -0.2724
vn 0.7146 0.6851 -0.1411
vn 0.7035 0.7061 -0.0805
vn 0.9029 0.3711 -0.2169
vn 0.8689 0.4096 -0.2781
vn 0.5514 0.8340 0.0220
vn 0.5056 0.8597 0.0727
vn 0.4547 0.8771 0.1548
vn 0.4083 0.8913 0.1970
vn 0.6843 -0.6548 -0.3209
vn 0.3662 -0.9149 -0.1698
vn 0.0021 -0.9972 -0.0742
vn -0.0664 -0.9937 -0.0900
vn -0.0907 -0.9922 -0.0856
vn -0.0607 -0.9875 -0.1456
vn -0.0436 -0.9927 -0.1128
vn 0.3852 0.8845 0.2631
vn 0.3604 0.8865 0.2902
vn 0.8259 0.5326 -0.1852
vn 0.8354 0.5195 -0.1795
vn 0.8998 0.2976 -0.3189
vn 0.4185 0.8781 0.2319
vn 0.2064 0.9066 0.3681
vn 0.9356 0.0915 -0.3410
vn 0.2362 -0.9661 -0.1044
vn 0.2100 -0.9669 -0.1450
vn 0.5707 -0.7698 -0.2859
vn 0.8674 -0.3160 -0.3843
vn 0.4040 0.8656 0.2959
vn 0.5325 0.8312 0.1597
vn 0.8640 0.4330 -0.2571
vn 0.9191 -0.1459 -0.3660
vn 0.5926 0.8055 0.0035
vn 0.6829 0.7187 -0.1312
vn 0.7882 0.5669 -0.2395
vn 0.4989 0.8559 0.1358
vn 0.8686 -0.2696 -0.4158
vn 0.3931 -0.8919 -0.2236
vn 0.7180 -0.6020 -0.3494
vn 0.7402 0.6559 -0.1480
vn 0.6355 0.7721 0.0052
vn 0.3472 -0.9112 -0.2218
vn 0.4543 0.8623 0.2237
vn 0.9038 0.2406 -0.3539
vn 0.8335 -0.3917 -0.3897
vn 0.8414 0.4783 -0.2516
vn 0.8978 0.3101 -0.3127
vn 0.8643 0.4282 -0.2637
vn 0.6989 0.7062 -0.1136
vn 0.7614 0.6180 -0.1958
vn 0.6407 -0.7032 -0.3083
vn 0.8439 -0.3742 -0.3845
vn 0.8587 0.4070 -0.3115
vn 0.9087 0.2124 -0.3593
vn 0.9108 0.2706 -0.3118
vn 0.9138 0.1204 -0.3879
vn 0.8023 0.5329 -0.2690
vn 0.9184 0.0295 -0.3945
vn 0.8679 0.3537 -0.3487
vn -0.0815 -0.9932 0.0828
vn -0.9776 -0.0638 0.2006
vn -0.9598 -0.1556 0.2335
vn -0.9319 -0.2656 0.2470
vn -0.8703 -0.4312 0.2381
vn -0.7730 -0.5812 0.2543
vn -0.6532 -0.7060 0.2736
vn -0.1608 0.8229 0.5449
vn -0.0601 0.8767 0.4773
vn -0.5039 0.6848 0.5264
vn -0.4861 0.7377 0.4685
vn -0.7615 0.4839 0.4313
vn -0.7585 0.5056 0.4112
vn -0.8892 0.3093 0.3371
vn -0.8980 0.2939 0.3274
vn -0.9497 0.1186 0.2898
vn -0.9627 0.1092 0.2475
vn 0.0595 0.9158 0.3972
vn 0.0290 0.9212 0.3879
vn -0.0325 0.9107 0.4117
vn -0.9621 0.0974 0.2547
vn -0.8785 0.4700 0.0853
vn -0.9998 0.0026 -0.0221
vn -0.8877 -0.4535 0.0792
vn -0.8346 0.4989 0.2334
vn -0.9567 0.2494 0.1503
vn -0.0044 -0.9836 -0.1805
vn -0.0189 -0.9795 -0.2008
vn -0.9627 -0.0002 0.2707
vn -0.9582 -0.0978 0.2687
vn -0.1223 0.9158 0.3825
vn -0.1713 0.8985 0.4041
vn -0.4363 0.8211 0.3681
vn -0.4160 0.8447 0.3369
vn -0.8874 -0.4603 -0.0248
vn -0.7223 -0.6913 0.0191
vn -0.3503 -0.9074 0.2320
vn -0.4574 -0.8562 0.2401
vn -0.3417 -0.9234 -0.1746
vn -0.1719 -0.9718 -0.1616
vn -0.4717 -0.8789 -0.0710
vn -0.6826 -0.7241 -0.0984
vn -0.0876 -0.9843 -0.1533
vn -0.1094 -0.9914 -0.0721
vn -0.1241 -0.9923 -0.0053
vn -0.1175 -0.9919 0.0480
vn -0.9647 -0.1054 0.2413
vn -0.9262 -0.3141 0.2086
vn -0.1477 -0.9813 0.1234
vn -0.8051 -0.5659 0.1777
vn -0.9652 -0.2614 0.0111
vn -0.6802 -0.7117 0.1753
vn 0.0010 0.8927 0.4507
vn -0.2454 0.8598 0.4478
vn -0.0627 -0.9768 -0.2046
vn -0.2664 0.8734 0.4077
vn -0.6812 0.6732 0.2878
vn -0.6554 0.6979 0.2889
vn -0.5597 -0.7961 0.2301
vn -0.0952 -0.9712 -0.2183
vn -0.2081 0.8683 0.4503
vn -0.5288 0.7560 0.3858
vn -0.9680 -0.1113 0.2251
vn -0.9641 0.0645 0.2575
vn -0.8752 0.3339 0.3501
vn -0.7252 0.5570 0.4048
vn -0.8419 0.4923 0.2212
vn -0.9618 0.2379 0.1352
vn -0.2265 -0.9528 0.2020
vn -0.1001 -0.9774 -0.1863
vn -0.1347 -0.9847 -0.1104
vn -0.1712 -0.9851 -0.0164
vn -0.1788 -0.9824 0.0541
vn -0.3669 -0.9228 0.1174
vn -0.4709 -0.8749 0.1135
vn -0.5482 -0.8131 -0.1959
vn -0.7847 -0.6112 -0.1033
vn -0.9588 -0.2264 0.1714
vn -0.3940 0.8145 0.4259
vn -0.5791 -0.8070 0.1155
vn -0.4764 0.7528 0.4542
vn -0.8518 -0.5135 0.1042
vn -0.2579 -0.9587 0.1201
vn -0.2672 -0.9330 -0.2409
vn -0.6868 -0.7245 0.0578
vn -0.9965 0.0222 0.0803
vn -0.7135 0.6208 0.3249
vn -0.5489 0.7272 0.4123
vn -0.6335 0.6732 0.3814
vn -0.9830 -0.0998 0.1544
vn -0.1491 -0.9596 -0.2388
vn -0.1566 -0.9679 -0.1966
vn -0.2418 -0.9587 -0.1500
vn -0.2419 -0.9691 -0.0485
vn -0.2570 -0.9657 0.0367
vn -0.9558 0.1533 0.2510
vn -0.8573 0.3971 0.3276
vn -0.8515 0.4703 0.2319
vn -0.9487 0.2674 0.1688
vn -0.3752 -0.9267 0.0223
vn -0.5080 -0.8612 0.0173
vn -0.7621 -0.6314 -0.1432
vn -0.5857 -0.7861 -0.1975
vn -0.3776 -0.9232 -0.0716
vn -0.4066 -0.8993 -0.1610
vn -0.9178 -0.3895 0.0770
vn -0.3677 -0.8957 -0.2498
vn -0.7823 0.5292 0.3285
vn -0.7604 -0.6490 -0.0219
vn -0.6770 0.6274 0.3847
vn -0.2977 -0.9278 -0.2246
vn -0.3175 -0.9152 -0.2484
vn -0.9343 -0.3510 -0.0620
vn -0.9971 0.0199 0.0730
vn -0.8759 0.3965 0.2749
vn -0.5474 -0.8345 -0.0631
vn -0.9395 -0.3402 -0.0395
vn -0.9496 0.2417 0.1996
vn -0.7463 -0.6553 -0.1165
vn -0.4907 -0.8444 -0.2149
vn -0.9892 -0.0749 0.1258
vn -0.9762 0.1111 0.1861
vn -0.9346 0.2470 0.2561
vn -0.7940 0.4956 0.3520
vn -0.9309 -0.3649 -0.0151
vn -0.6036 -0.7865 -0.1306
vn -0.8625 0.3985 0.3118
vn -0.9923 -0.0084 0.1238
vn -0.9316 -0.3627 0.0255
vn -0.7998 -0.5970 -0.0630
vn 0.9260 0.3507 -0.1397
vn 0.6978 0.7143 -0.0539
vn 0.4550 0.8801 0.1357
vn 0.9498 0.2806 -0.1384
vn 0.6596 0.7516 -0.0061
vn -0.7854 0.4753 0.3966
vn -0.8427 0.0107 0.5383
vn -0.9103 0.0075 0.4139
vn -0.7900 0.4270 0.4401
vn -0.6802 0.6454 0.3477
vn -0.4779 0.7958 0.3720
vn -0.1897 0.9006 0.3911
vn 0.0186 0.9130 0.4076
vn 0.1001 0.9029 0.4180
vn 0.2337 0.8936 0.3832
vn 0.3096 0.8977 0.3136
vn 0.9477 0.3151 -0.0513
vn 0.9309 0.3330 -0.1500
vn 0.5657 0.8212 0.0747
vn 0.5906 0.7779 0.2146
vn 0.7475 0.5132 0.4217
vn 0.8062 0.3215 0.4967
vn 0.7938 0.3336 0.5085
vn 0.6015 0.7467 0.2840
vn 0.8812 0.3016 0.3641
vn 0.8695 0.4430 0.2184
vn 0.7170 0.6187 0.3210
vn 0.6521 0.6542 0.3832
vn 0.7997 0.0572 0.5976
vn 0.6769 0.4900 0.5493
vn 0.7031 0.0226 0.7108
vn 0.4511 0.6185 0.6434
vn 0.4611 0.7012 0.5438
vn 0.5336 -0.0245 0.8454
vn 0.6331 -0.1142 0.7656
vn 0.3839 0.6617 0.6441
vn 0.5167 0.4158 0.7484
vn 0.4611 -0.0802 0.8837
vn 0.4068 -0.1765 0.8963
vn 0.4694 0.4467 0.7617
vn 0.3832 0.4107 0.8274
vn 0.2552 -0.3243 0.9109
vn -0.1477 0.5133 0.8454
vn -0.2559 -0.2656 0.9295
vn -0.5818 0.5119 0.6320
vn -0.6202 -0.1264 0.7742
vn -0.8201 -0.0363 0.5711
vn -0.6888 0.5852 0.4279
vn -0.9272 0.0471 0.3716
vn -0.7626 0.5525 0.3364
vn -0.7642 0.4814 0.4293
vn -0.9442 -0.0442 0.3263
vn -0.9607 0.0926 0.2618
vn -0.6572 0.6470 0.3866
vn 0.3823 0.8966 0.2233
vn 0.3618 0.8953 0.2599
vn -0.5950 0.6783 0.4311
vn 0.3920 0.9038 0.1717
vn -0.3005 0.8468 0.4389
vn -0.0238 0.9033 0.4284
vn 0.0792 0.9018 0.4248
vn 0.1469 0.8942 0.4229
vn 0.2197 0.8956 0.3869
vn 0.2803 0.9120 0.2994
vn 0.3587 0.9082 0.2157
vn 0.3320 0.9119 0.2414
vn 0.5099 0.7799 0.3629
vn 0.4799 0.7931 0.3752
vn 0.4692 0.7774 0.4190
vn 0.3316 0.7058 0.6260
vn -0.4526 0.8254 0.3375
vn -0.3814 0.8774 0.2910
vn -0.3232 0.8979 0.2990
vn 0.0146 0.9188 0.3945
vn 0.3666 0.8119 0.4544
vn 0.5398 0.7071 0.4567
vn 0.3834 0.7761 0.5007
vn 0.2003 0.6878 0.6977
vn 0.4081 0.8915 0.1965
vn 0.3544 0.9218 0.1571
vn 0.4761 0.8415 0.2552
vn 0.4997 0.7967 0.3400
vn -0.3718 0.8216 0.4321
vn -0.4720 0.7453 0.4710
vn -0.3787 0.8509 0.3640
vn 0.4953 0.8103 0.3131
vn -0.1413 0.8804 0.4527
vn -0.0730 0.9163 0.3937
vn 0.0388 0.9057 0.4222
vn 0.0846 0.9103 0.4053
vn 0.1467 0.9121 0.3828
vn 0.1618 0.9212 0.3539
vn 0.2399 0.9288 0.2825
vn -0.1901 0.9136 0.3595
vn -0.2123 0.9306 0.2981
vn -0.1797 0.9600 0.2146
vn 0.0578 0.9646 0.2575
vn 0.2571 0.8993 0.3538
vn 0.5003 0.7425 0.4454
vn 0.3785 0.8504 0.3656
vn 0.3515 0.8374 0.4186
vn 0.3348 0.9268 0.1701
vn 0.3205 0.9311 0.1740
vn 0.5796 0.5803 0.5721
vn 0.3591 0.6998 0.6176
vn 0.3399 0.9201 0.1946
vn 0.3139 0.9212 0.2301
vn 0.3522 0.9130 0.2059
vn 0.3478 0.8972 0.2720
vn -0.1058 0.9404 0.3231
vn -0.0737 0.9623 0.2619
vn 0.0734 0.9522 0.2967
vn 0.2990 0.8380 0.4565
vn 0.0226 0.9280 0.3718
vn 0.2170 0.9065 0.3621
vn 0.0787 0.9299 0.3592
vn 0.0880 0.9504 0.2982
vn 0.1209 0.9402 0.3183
vn 0.1802 0.9486 0.2601
vn 0.2842 0.9360 0.2076
vn 0.2901 0.9324 0.2154
vn 0.2315 0.8960 0.3789
vn 0.2346 0.9190 0.3170
vn 0.2742 0.9453 0.1766
vn 0.1935 0.9562 0.2197
vn -0.0309 0.9495 0.3122
vn 0.0011 0.9608 0.2771
vn 0.0801 0.9518 0.2961
vn 0.0124 0.9532 0.3021
vn 0.0505 0.9627 0.2657
vn 0.0925 0.9642 0.2484
vn 0.1048 0.9583 0.2658
vn 0.1108 0.9465 0.3032
vn -0.8156 -0.3968 0.4211
vn 0.9517 -0.2513 -0.1763
vn 0.9454 -0.3089 -0.1039
vn 0.6358 -0.7556 -0.1579
vn 0.2894 -0.9524 -0.0955
vn 0.9361 -0.2762 -0.2176
vn 0.7793 -0.5844 -0.2264
vn 0.9783 -0.0803 0.1912
vn 0.9397 0.1499 0.3075
vn 0.8699 -0.3487 0.3489
vn 0.7257 -0.5324 0.4359
vn 0.6671 -0.5741 0.4747
vn 0.6387 -0.5105 0.5757
vn 0.3886 -0.6696 0.6329
vn 0.3635 -0.8339 0.4152
vn 0.2080 -0.8114 0.5462
vn 0.3068 -0.5964 0.7417
vn 0.0598 -0.7720 0.6328
vn 0.2037 -0.7874 0.5818
vn -0.4256 -0.6634 0.6155
vn -0.6772 -0.6237 0.3904
vn -0.8044 -0.5710 0.1639
vn -0.8085 -0.5830 0.0799
vn -0.8963 -0.3973 0.1969
vn -0.8214 -0.4320 0.3724
vn -0.6161 -0.7863 0.0461
vn -0.5889 -0.7794 0.2141
vn -0.7939 -0.5767 0.1927
vn -0.4840 -0.8751 -0.0041
vn -0.2660 -0.9605 -0.0812
vn 0.0471 -0.9923 -0.1150
vn 0.0679 -0.9898 -0.1249
vn 0.0319 -0.9942 -0.1031
vn 0.0433 -0.9953 -0.0863
vn 0.0704 -0.9940 -0.0835
vn -0.8442 -0.4088 0.3468
vn 0.6019 -0.7981 -0.0283
vn -0.0507 -0.9897 -0.1335
vn 0.2817 -0.9588 0.0357
vn 0.3019 -0.9253 0.2295
vn 0.3680 -0.9117 0.1828
vn 0.4759 -0.8500 0.2257
vn -0.6293 -0.7353 0.2518
vn -0.5982 -0.7820 0.1748
vn -0.4255 -0.9028 0.0620
vn -0.4331 -0.9013 0.0023
vn -0.2069 -0.9783 -0.0127
vn -0.3778 -0.9221 0.0834
vn 0.1120 -0.9928 -0.0415
vn 0.0728 -0.9967 -0.0350
vn 0.0839 -0.9958 -0.0355
vn 0.1063 -0.9935 -0.0412
vn 0.1263 -0.9915 -0.0302
vn 0.5099 -0.8591 -0.0441
vn 0.3346 -0.9363 0.1067
vn 0.1044 -0.9847 0.1395
vn 0.0797 -0.9927 0.0910
vn 0.1855 -0.9283 0.3223
vn 0.5589 -0.8245 -0.0886
vn 0.2998 -0.9468 -0.1167
vn 0.2463 -0.9138 0.3231
vn 0.1339 -0.9369 0.3229
vn -0.1710 -0.9316 0.3207
vn -0.3431 -0.9319 0.1180
vn -0.3787 -0.9112 0.1621
vn -0.1619 -0.9838 0.0770
vn 0.0287 -0.9983 -0.0511
vn 0.1358 -0.9891 -0.0575
vn 0.1080 -0.9931 -0.0463
vn 0.1999 -0.9697 0.1402
vn 0.2971 -0.9539 0.0422
vn 0.2075 -0.9782 0.0015
vn 0.1646 -0.9838 0.0709
vn 0.2525 -0.9575 0.1393
vn 0.0480 -0.9943 0.0954
vn -0.0768 -0.9970 -0.0037
vn 0.0713 -0.9973 0.0157
vn -0.2537 -0.9608 0.1118
vn -0.0795 -0.9954 0.0529
vn -0.1053 -0.9943 -0.0186
vn 0.1237 -0.9923 0.0112
vn 0.1183 -0.9927 0.0230
vn 0.1605 -0.9865 0.0320
vn 0.1420 -0.9895 0.0284
vn 0.1353 -0.9906 -0.0211
vn 0.0577 -0.9983 0.0005
vn 0.2016 -0.9780 0.0539
vn 0.1712 -0.9842 0.0444
vn 0.0836 -0.9964 -0.0160
vn 0.1773 -0.9826 0.0549
vn 0.1336 -0.9910 0.0026
vn 0.0498 -0.9964 0.0689
vn 0.1027 -0.9937 0.0449
vn 0.1484 -0.9883 0.0344
vn 0.0808 -0.9967 -0.0038
vn 0.1516 -0.9880 0.0299
vn 0.1538 -0.9867 0.0533
vn 0.1916 -0.9799 0.0550
vn 0.1417 -0.9896 0.0256
vn 0.1514 -0.9880 0.0304
vn 0.1594 -0.9864 0.0396
vn 0.9576 -0.2503 0.1427
vn 0.9144 -0.2298 0.3332
vn 0.9219 -0.2267 0.3143
vn -0.9501 -0.0109 -0.3119
vn -0.9662 -0.0559 -0.2517
vn -0.9258 -0.0487 -0.3749
vn -0.9100 -0.0547 -0.4110
vn -0.9629 -0.0591 -0.2634
vn -0.9121 -0.0426 -0.4078
vn -0.9686 -0.0337 -0.2463
vn -0.9214 -0.0502 -0.3854
vn -0.9316 -0.0355 -0.3618
vn -0.9730 -0.0447 -0.2263
vn 0.7865 -0.1952 0.5860
vn 0.7988 -0.1921 0.5701
vn 0.8639 -0.2308 0.4478
vn 0.8772 -0.2437 0.4137
vn 0.8670 -0.1416 0.4777
vn 0.9245 -0.1767 0.3379
vn 0.9155 -0.1802 0.3596
vn 0.8489 -0.1428 0.5089
vn 0.9647 -0.1925 0.1799
vn 0.9637 -0.2050 0.1712
vn -0.8412 -0.0452 -0.5388
vn -0.8220 -0.0626 -0.5661
vn -0.9317 -0.0411 -0.3610
vn -0.9720 -0.0538 -0.2287
vn -0.9652 -0.0452 -0.2577
vn -0.8958 -0.0322 -0.4432
vn -0.8112 -0.0406 -0.5834
vn -0.8651 -0.0453 -0.4995
vn -0.7440 0.0048 -0.6681
vn -0.6715 -0.0154 -0.7408
vn -0.5302 -0.0023 -0.8479
vn -0.5928 0.0146 -0.8052
vn -0.4169 0.0026 -0.9090
vn -0.3697 -0.0145 -0.9290
vn -0.2230 -0.0111 -0.9748
vn -0.2456 -0.0146 -0.9693
vn 0.2413 -0.0017 -0.9704
vn 0.5121 -0.0400 -0.8580
vn 0.3987 -0.0577 -0.9153
vn 0.2473 -0.0618 -0.9670
vn 0.7234 -0.1442 -0.6752
vn 0.6809 -0.0999 -0.7255
vn 0.8171 -0.1632 -0.5530
vn 0.8396 -0.1922 -0.5081
vn 0.8033 -0.1615 0.5732
vn 0.8150 -0.1419 0.5618
vn 0.8711 -0.1893 0.4531
vn 0.8690 -0.2080 0.4489
vn 0.8341 -0.1546 0.5295
vn 0.8690 -0.2005 0.4524
vn 0.9757 -0.1986 -0.0921
vn 0.9807 -0.1947 -0.0176
vn 0.9533 -0.1755 -0.2458
vn 0.9362 -0.1767 -0.3038
vn 0.8981 -0.1794 -0.4015
vn 0.8764 -0.1873 -0.4437
vn 0.6112 -0.1416 -0.7787
vn 0.6486 -0.1572 -0.7447
vn 0.3998 -0.1120 -0.9097
vn 0.3890 -0.1037 -0.9154
vn 0.1472 -0.0740 -0.9863
vn 0.1530 -0.0816 -0.9849
vn -0.1004 -0.0610 -0.9931
vn -0.1040 -0.0510 -0.9933
vn -0.3338 -0.0548 -0.9411
vn -0.3358 -0.0470 -0.9408
vn -0.5300 -0.0639 -0.8456
vn -0.5357 -0.0526 -0.8428
vn -0.6970 -0.0689 -0.7138
vn -0.7092 -0.0517 -0.7031
vn 0.8992 -0.2122 -0.3826
vn 0.9098 -0.2232 -0.3498
vn -0.8439 -0.0301 -0.5357
vn 0.9065 -0.2061 0.3684
vn 0.9599 -0.2330 0.1559
vn 0.9286 -0.2589 0.2659
vn 0.9457 -0.2523 0.2048
vn 0.1016 -0.0345 -0.9942
vn 0.0218 0.0039 -0.9998
vn 0.5721 -0.1025 -0.8137
vn 0.7749 -0.1813 -0.6055
vn 0.8170 -0.1804 -0.5477
vn 0.9666 -0.2549 0.0266
vn 0.9701 -0.2386 -0.0446
vn 0.9521 -0.2333 -0.1976
vn 0.9446 -0.2272 -0.2369
vn -0.0893 -0.0183 -0.9958
vn -0.0049 -0.0680 -0.9977
vn -0.6478 -0.0263 -0.7613
vn -0.7051 -0.0523 -0.7072
vn 0.4343 -0.1113 -0.8939
vn 0.3240 -0.1010 -0.9407
vn 0.9253 -0.2396 0.2940
vn -0.5378 -0.0395 -0.8421
vn -0.7199 -0.0304 -0.6934
vn 0.9392 -0.2107 -0.2710
vn 0.9741 -0.2201 -0.0518
vn -0.3363 -0.0368 -0.9410
vn -0.1312 -0.0376 -0.9906
vn 0.1303 -0.0564 -0.9899
vn 0.5896 -0.1297 -0.7972
vn 0.3942 -0.0950 -0.9141
vn -0.3546 -0.0182 -0.9348
vn -0.2020 -0.0246 -0.9791
vn -0.5043 -0.0276 -0.8631
vn 0.7469 -0.1504 -0.6477
vn 0.8617 -0.1869 -0.4718
vn 0.9231 -0.2050 -0.3254
vn 0.6035 -0.1213 -0.7881
vn 0.7450 -0.1678 -0.6456
vn 0.1822 -0.0796 -0.9800
vn 0.9631 -0.2557 0.0838
vn 0.9644 -0.2192 -0.1477
vn 0.8414 -0.1847 -0.5079
vn 0.4517 -0.1022 -0.8863
vn 0.3320 -0.1166 -0.9360
vn 0.8924 -0.1830 -0.4124
vn 0.9457 -0.2112 -0.2471
vn 0.9698 -0.2400 -0.0439
vn 0.9007 -0.1982 -0.3866
vn -0.0985 -0.0516 -0.9938
vn -0.3418 -0.0381 -0.9390
vn 0.1467 -0.0955 -0.9846
vn -0.5264 -0.0429 -0.8492
vn 0.6203 -0.1460 -0.7707
vn 0.3756 -0.1191 -0.9191
vn 0.8235 -0.1739 -0.5400
vn 0.6948 -0.1452 -0.7044
vn 0.7921 -0.1644 -0.5878
vn 0.5299 -0.1249 -0.8388
vn 0.9119 -0.1896 -0.3639
vn 0.8944 -0.2093 -0.3954
vn 0.8300 -0.2138 -0.5152
vn -0.2007 0.1169 -0.9726
vn -0.4102 0.1465 -0.9001
vn -0.3899 0.1351 -0.9109
vn 0.6117 0.1954 -0.7666
vn 0.5456 0.2252 -0.8073
vn 0.6128 0.1971 -0.7653
vn 0.8558 -0.1594 0.4922
vn 0.9245 -0.1621 0.3451
vn 0.8595 -0.1708 0.4817
vn 0.9223 -0.1684 0.3478
vn 0.8692 -0.1808 0.4602
vn 0.9291 -0.1751 0.3259
vn 0.9980 -0.0624 0.0048
vn 0.9903 -0.0874 0.1081
vn 0.9967 0.0179 -0.0793
vn 0.9874 0.1309 -0.0884
vn 0.9706 0.1272 -0.2042
vn 0.9340 0.1369 -0.3300
vn 0.8478 0.1276 -0.5147
vn 0.6317 0.1610 -0.7583
vn 0.2360 0.1984 -0.9513
vn -0.0781 0.3334 -0.9395
vn -0.3504 0.3640 -0.8630
vn -0.5690 0.3812 -0.7286
vn -0.6874 0.3776 -0.6205
vn -0.7481 0.3662 -0.5534
vn -0.9069 0.2837 -0.3114
vn -0.7895 0.4994 -0.3569
vn -0.7597 0.2771 -0.5883
vn -0.6481 -0.6605 -0.3792
vn -0.9146 0.0544 -0.4008
vn -0.8062 0.2589 -0.5320
vn -0.9451 -0.0819 -0.3164
vn -0.9004 -0.0603 -0.4309
vn -0.8109 -0.0723 -0.5806
vn -0.6906 -0.0755 -0.7193
vn -0.5282 -0.0686 -0.8463
vn -0.3298 -0.0644 -0.9419
vn -0.0898 -0.0758 -0.9931
vn 0.1663 -0.0983 -0.9812
vn 0.4180 -0.1310 -0.8989
vn 0.6437 -0.1637 -0.7476
vn 0.7950 -0.1658 -0.5835
vn 0.8968 -0.1526 -0.4153
vn 0.9572 -0.1426 -0.2520
vn 0.9843 -0.1697 -0.0480
vn 0.9675 -0.1739 0.1838
vn 0.9842 -0.1554 -0.0851
vn 0.9613 -0.2458 0.1243
vn 0.9633 -0.2481 -0.1024
vn 0.9697 -0.2201 0.1062
vn 0.9829 -0.1362 -0.1237
vn 0.9819 -0.1201 0.1467
vn 0.9872 -0.0259 0.1576
vn 0.9900 -0.0464 -0.1336
vn 0.9833 0.0182 0.1811
vn 0.9953 -0.0227 -0.0940
vn 0.9785 -0.0113 0.2058
vn 0.9983 -0.0457 -0.0368
vn 0.9680 -0.0447 0.2468
vn 0.9955 -0.0933 0.0180
vn 0.9505 -0.1088 0.2911
vn 0.9893 -0.1348 0.0560
vn -0.8477 0.1257 -0.5154
vn -0.8040 0.3285 -0.4956
vn -0.7495 0.3381 -0.5691
vn 0.9289 -0.1805 0.3233
vn 0.8489 -0.2003 0.4892
vn 0.8434 -0.1921 0.5017
vn 0.9078 -0.1958 0.3710
vn 0.9087 -0.2031 0.3648
vn 0.8438 -0.2212 0.4890
vn 0.8462 -0.2426 0.4744
vn 0.8916 -0.2364 0.3863
vn 0.8329 -0.2782 0.4785
vn 0.8932 -0.2490 0.3745
vn 0.8111 -0.3119 0.4948
vn 0.7985 -0.3325 0.5018
vn 0.8581 -0.2963 0.4194
vn 0.8783 -0.2712 0.3938
vn 0.7844 -0.3491 0.5128
vn 0.7615 -0.3485 0.5465
vn 0.8294 -0.2671 0.4906
vn 0.8459 -0.2945 0.4447
vn 0.8037 -0.1853 0.5654
vn 0.7497 -0.2163 0.6255
vn 0.7476 -0.2003 0.6332
vn 0.8002 -0.1900 0.5688
vn 0.7276 -0.2373 0.6437
vn 0.7873 -0.2273 0.5732
vn 0.7016 -0.2858 0.6528
vn 0.7695 -0.2751 0.5763
vn 0.7522 -0.3265 0.5724
vn 0.6776 -0.3324 0.6561
vn 0.6604 -0.3700 0.6534
vn 0.7423 -0.3655 0.5616
vn 0.6492 -0.3909 0.6525
vn 0.7413 -0.3868 0.5485
vn 0.6550 -0.3961 0.6435
vn 0.7482 -0.4016 0.5281
vn 0.6375 -0.4039 0.6560
vn 0.7602 -0.4117 0.5025
vn 0.6753 -0.4058 0.6159
vn 0.7790 -0.4039 0.4796
vn 0.8016 -0.3719 0.4682
vn 0.6934 -0.3835 0.6101
vn 0.7205 -0.3556 0.5954
vn 0.8169 -0.3186 0.4808
vn 0.8201 -0.2630 0.5082
vn 0.7342 -0.3180 0.5998
vn 0.7444 -0.2673 0.6119
vn 0.8376 -0.2038 0.5068
vn 0.7355 -0.2291 0.6377
vn 0.8211 -0.1872 0.5392
vn 0.7423 -0.1770 0.6462
vn 0.7372 -0.1617 0.6561
vn 0.8328 -0.1409 0.5354
vn 0.8244 -0.1564 0.5440
vn 0.7368 -0.1485 0.6596
vn 0.8453 -0.1360 0.5167
vn 0.7356 -0.1273 0.6654
vn 0.8484 -0.1110 0.5176
vn 0.8288 -0.1626 0.5355
vn 0.7124 -0.1530 0.6849
vn 0.7262 -0.1633 0.6679
vn 0.8464 -0.1745 0.5032
vn 0.7372 -0.1724 0.6533
vn 0.8606 -0.1959 0.4700
vn 0.8748 -0.2184 0.4324
vn 0.7508 -0.1889 0.6329
vn 0.7623 -0.2061 0.6135
vn 0.8852 -0.2404 0.3983
vn 0.7702 -0.2264 0.5963
vn 0.8906 -0.2608 0.3725
vn 0.7707 -0.2456 0.5880
vn 0.8917 -0.2757 0.3589
vn 0.8946 -0.2815 0.3471
vn 0.7867 -0.2416 0.5681
vn 0.8045 -0.2543 0.5367
vn 0.8994 -0.2854 0.3311
vn 0.7991 -0.2464 0.5483
vn 0.9076 -0.2859 0.3075
vn 0.8191 -0.2410 0.5205
vn 0.9222 -0.2888 0.2571
vn 0.9306 -0.2710 0.2459
vn 0.8373 -0.2436 0.4894
vn 0.8506 -0.2344 0.4706
vn 0.9441 -0.2305 0.2356
vn 0.8502 -0.1947 0.4892
vn 0.9367 -0.2305 0.2636
vn 0.8609 -0.2078 0.4644
vn 0.9371 -0.2446 0.2490
vn 0.8626 -0.2166 0.4572
vn 0.8542 -0.2048 0.4779
vn 0.9467 -0.2467 0.2070
vn 0.9461 -0.2517 0.2038
vn 0.8564 -0.2078 0.4727
vn 0.9478 -0.2361 0.2143
vn 0.8600 -0.1830 0.4764
vn 0.9557 -0.2177 0.1980
vn 0.8685 -0.1731 0.4644
vn 0.9609 -0.2052 0.1857
vn 0.9466 -0.1827 0.2658
vn 0.8366 -0.1431 0.5288
vn 0.8857 -0.1536 0.4381
vn 0.9531 -0.1781 0.2446
vn 0.9059 -0.1617 0.3914
vn 0.9030 -0.1468 0.4037
vn 0.9622 -0.1791 0.2053
vn 0.9657 -0.1837 0.1834
vn 0.9133 -0.1357 0.3841
vn 0.9377 -0.1330 0.3210
vn 0.9810 -0.1586 0.1114
vn 0.9712 -0.1679 0.1691
vn -0.8207 0.1332 -0.5557
vn -0.8443 0.1803 -0.5047
vn -0.6810 0.1446 -0.7179
vn -0.6923 0.1306 -0.7097
vn -0.7049 0.0959 -0.7028
vn -0.8344 0.1777 -0.5217
vn -0.8817 0.1213 -0.4560
vn -0.7513 0.0584 -0.6574
vn -0.9099 0.0870 -0.4055
vn -0.7857 0.0335 -0.6177
vn -0.9254 0.0328 -0.3775
vn -0.8108 0.0078 -0.5853
vn -0.9200 0.0229 -0.3912
vn -0.8299 -0.0126 -0.5578
vn -0.9495 0.0075 -0.3138
vn -0.8320 -0.0306 -0.5539
vn -0.9706 0.0056 -0.2406
vn -0.8567 -0.0297 -0.5150
vn -0.9751 -0.0062 -0.2216
vn -0.8951 -0.0092 -0.4457
vn -0.9742 0.0046 -0.2257
vn -0.9040 -0.0170 -0.4273
vn -0.9060 -0.0462 -0.4207
vn -0.9763 -0.0250 -0.2148
vn -0.9799 -0.0429 -0.1946
vn -0.9161 -0.0501 -0.3977
vn -0.9756 -0.0400 -0.2159
vn -0.9092 -0.0547 -0.4129
vn -0.9836 -0.0474 -0.1739
vn -0.9213 -0.0428 -0.3865
vn -0.9070 -0.0422 -0.4190
vn -0.9864 -0.0531 -0.1558
vn -0.9683 -0.0465 -0.2455
vn -0.8606 -0.0535 -0.5065
vn -0.9791 -0.0474 -0.1979
vn -0.8932 -0.0602 -0.4456
vn -0.9723 -0.0630 -0.2250
vn -0.8891 -0.0483 -0.4551
vn -0.9677 -0.0436 -0.2484
vn -0.8976 -0.0504 -0.4380
vn -0.9736 -0.0388 -0.2249
vn -0.8970 -0.0466 -0.4396
vn -0.9696 -0.0441 -0.2406
vn -0.8934 -0.0478 -0.4468
vn -0.9616 -0.0454 -0.2706
vn -0.8679 -0.0476 -0.4945
vn -0.9655 -0.0410 -0.2572
vn -0.9670 -0.0587 -0.2480
vn -0.8816 -0.0649 -0.4676
vn -0.8837 -0.0598 -0.4642
vn -0.8182 -0.0765 -0.5699
vn -0.9494 -0.0343 -0.3122
vn -0.9323 -0.0560 -0.3573
vn -0.8564 -0.0737 -0.5110
vn -0.9234 -0.0326 -0.3825
vn -0.8238 -0.0436 -0.5652
vn -0.8258 -0.0100 -0.5639
vn -0.9378 0.0007 -0.3472
vn -0.9114 0.0317 -0.4103
vn -0.7821 0.0113 -0.6231
vn -0.8968 0.0416 -0.4405
vn -0.7736 0.0167 -0.6334
vn -0.7747 0.1133 -0.6221
vn -0.9013 0.1208 -0.4161
vn -0.8870 0.1534 -0.4356
vn -0.7338 0.1575 -0.6609
vn -0.8413 0.2078 -0.4991
vn -0.8262 0.2587 -0.5005
vn -0.6814 0.2400 -0.6914
vn -0.6391 0.2015 -0.7422
vn -0.6690 0.3403 -0.6608
vn -0.7978 0.3334 -0.5024
vn -0.7768 0.3809 -0.5016
vn -0.6294 0.3845 -0.6752
vn -0.7692 0.4132 -0.4874
vn -0.6061 0.4129 -0.6798
vn -0.7334 0.4327 -0.5243
vn -0.7450 0.4276 -0.5120
vn -0.5703 0.4379 -0.6950
vn -0.5715 0.4322 -0.6976
vn -0.7663 0.4091 -0.4954
vn -0.7691 0.3831 -0.5117
vn -0.5960 0.4105 -0.6902
vn -0.5905 0.4281 -0.6842
vn -0.7960 0.3452 -0.4972
vn -0.6100 0.3857 -0.6922
vn -0.7751 0.3161 -0.5471
vn -0.6013 0.3442 -0.7211
vn -0.8094 0.2735 -0.5196
vn -0.6760 0.2952 -0.6752
vn -0.8159 0.2374 -0.5272
vn -0.8309 0.2053 -0.5171
vn -0.6975 0.2373 -0.6761
vn -0.6607 0.2579 -0.7050
vn -0.8557 0.0978 -0.5081
vn -0.8411 0.1863 -0.5077
vn -0.7082 0.2107 -0.6739
vn -0.7370 0.1148 -0.6661
vn -0.7352 0.1116 -0.6686
vn -0.8205 0.0735 -0.5669
vn -0.8333 0.0969 -0.5442
vn -0.7400 0.0631 -0.6696
vn -0.8871 0.0240 -0.4610
vn -0.7664 0.0355 -0.6414
vn -0.9060 -0.0013 -0.4233
vn -0.7970 0.0091 -0.6040
vn -0.9051 -0.0128 -0.4250
vn -0.8242 0.0048 -0.5663
vn -0.8312 -0.0609 -0.5527
vn -0.9162 -0.0461 -0.3980
vn -0.9156 -0.0685 -0.3962
vn -0.8423 -0.0888 -0.5316
vn -0.9347 -0.0733 -0.3479
vn -0.8659 -0.0819 -0.4934
vn -0.9391 -0.0472 -0.3405
vn -0.8863 -0.0659 -0.4584
vn -0.8735 -0.0788 -0.4804
vn -0.9409 -0.0699 -0.3314
vn -0.9467 -0.0666 -0.3153
vn -0.8731 -0.0756 -0.4817
vn -0.9524 -0.0598 -0.2990
vn -0.8904 -0.0659 -0.4504
vn 0.7725 -0.2521 0.5829
vn 0.8395 -0.1880 0.5098
vn -0.7406 0.1358 -0.6580
vn -0.8273 0.1552 -0.5398
vn 0.9808 -0.0209 -0.1941
vn -0.7997 -0.0787 -0.5952
vn -0.6836 -0.0838 -0.7250
vn 0.9712 0.1309 -0.1991
vn 0.9661 -0.1684 0.1958
vn 0.9688 -0.1567 0.1920
vn -0.5229 -0.0813 -0.8485
vn -0.3193 -0.0847 -0.9439
vn -0.0736 -0.1030 -0.9920
vn 0.1851 -0.1280 -0.9743
vn 0.4341 -0.1568 -0.8871
vn 0.6305 -0.1759 -0.7560
vn 0.7714 -0.1711 -0.6129
vn 0.8605 -0.1572 -0.4846
vn 0.9245 -0.1450 -0.3524
vn 0.9269 -0.1656 0.3368
vn 0.9362 -0.1760 0.3044
vn 0.8102 -0.1293 0.5717
vn 0.9432 -0.1518 0.2955
vn 0.8641 -0.1443 0.4822
vn -0.7215 0.1198 -0.6820
vn -0.8712 0.0567 -0.4876
vn -0.6633 0.1576 -0.7316
vn -0.8013 0.2112 -0.5597
vn -0.8977 -0.0111 -0.4405
vn -0.9388 -0.0585 -0.3396
vn -0.9902 -0.0678 -0.1218
vn -0.8574 -0.0500 -0.5122
vn -0.9316 -0.0250 -0.3627
vn -0.8218 0.0501 -0.5676
vn -0.7072 0.3005 -0.6399
vn -0.7988 0.2935 -0.5252
vn -0.8090 -0.0302 -0.5870
vn -0.8610 -0.0690 -0.5038
vn 0.9538 -0.1396 -0.2659
vn 0.9348 -0.1020 -0.3401
vn -0.7723 0.1129 -0.6251
vn -0.7180 0.2533 -0.6483
vn -0.7586 0.2778 -0.5893
vn -0.7095 0.3247 -0.6254
vn 0.9384 -0.0617 -0.3400
vn 0.9870 -0.1602 0.0152
vn 0.9493 -0.0622 -0.3080
vn 0.9622 -0.0932 -0.2559
vn 0.9719 -0.1431 -0.1868
vn -0.8839 -0.0390 -0.4660
vn -0.8281 -0.0774 -0.5552
vn -0.7835 -0.0629 -0.6182
vn 0.9156 -0.1403 0.3769
vn -0.6484 0.0472 -0.7598
vn -0.8090 -0.0890 -0.5810
vn -0.7946 -0.0777 -0.6021
vn -0.7929 -0.0800 -0.6041
vn -0.5496 0.2326 -0.8024
vn -0.5178 0.2486 -0.8186
vn -0.7414 -0.0213 -0.6707
vn -0.7142 0.0016 -0.7000
vn -0.4793 0.3309 -0.8129
vn -0.5141 0.2835 -0.8095
vn -0.6787 0.0444 -0.7331
vn -0.6946 0.0608 -0.7168
vn 0.9602 -0.1689 0.2225
vn 0.8508 -0.3939 0.3478
vn 0.8597 -0.3939 0.3252
vn 0.8395 -0.3782 0.3901
vn 0.8520 -0.3584 0.3817
vn 0.8500 -0.3133 0.4235
vn 0.9523 -0.2580 0.1629
vn 0.9497 -0.2802 0.1397
vn 0.9508 -0.2309 0.2066
vn 0.9438 -0.3225 0.0723
vn 0.9476 -0.3170 0.0390
vn 0.9449 -0.3108 0.1031
vn 0.9650 -0.1656 0.2034
vn 0.9817 -0.1837 -0.0510
vn 0.9812 -0.1924 -0.0172
vn -0.6590 0.1868 -0.7286
vn -0.9263 -0.0718 -0.3698
vn -0.9072 -0.0591 -0.4166
vn -0.6405 0.2758 -0.7168
vn -0.5289 0.3038 -0.7924
vn -0.6775 0.2779 -0.6810
vn -0.6524 0.1741 -0.7376
vn -0.7876 -0.0853 -0.6102
vn -0.7746 -0.0890 -0.6262
vn 0.9116 0.1834 -0.3678
vn 0.7331 0.2289 -0.6405
vn 0.3053 0.2923 -0.9063
vn -0.3744 0.3634 -0.8531
vn -0.1711 0.3001 -0.9384
vn -0.5676 0.3875 -0.7264
vn -0.6886 0.3750 -0.6207
vn -0.5807 0.1669 -0.7968
vn -0.5675 0.1619 -0.8073
vn -0.6371 0.0373 -0.7699
vn -0.6594 0.0144 -0.7517
vn -0.6769 0.0018 -0.7360
vn -0.6908 -0.0131 -0.7229
vn -0.7032 -0.0289 -0.7104
vn -0.7170 -0.0409 -0.6959
vn -0.7171 -0.0540 -0.6949
vn -0.7638 -0.0413 -0.6441
vn -0.7432 -0.0551 -0.6668
vn -0.7641 -0.0576 -0.6425
vn -0.7661 -0.0487 -0.6409
vn -0.7642 -0.0494 -0.6431
vn -0.7255 -0.0664 -0.6850
vn -0.7301 -0.0689 -0.6799
vn 0.9617 -0.2602 -0.0859
vn 0.9532 -0.2771 -0.1211
vn 0.9652 -0.2401 -0.1040
vn 0.9680 -0.2247 -0.1115
vn 0.9587 -0.2789 -0.0554
vn 0.9697 -0.1335 -0.2044
vn 0.9715 -0.1703 -0.1649
vn 0.9639 -0.2658 0.0131
vn 0.9604 -0.2771 -0.0300
vn 0.9659 -0.2518 -0.0607
vn 0.9583 -0.2856 -0.0115
vn -0.7975 -0.0766 -0.5984
vn -0.7934 -0.0879 -0.6023
vn -0.7933 -0.0704 -0.6047
vn -0.7876 -0.0664 -0.6127
vn -0.7159 -0.0881 -0.6926
vn -0.6422 -0.0512 -0.7648
vn -0.6147 -0.0103 -0.7887
vn -0.5452 0.0106 -0.8383
vn -0.6669 -0.0306 -0.7445
vn 0.9827 -0.1845 -0.0130
vn 0.9800 -0.1942 -0.0442
vn 0.9828 -0.1839 0.0167
vn 0.9814 -0.1918 0.0071
vn 0.9202 -0.2054 0.3331
vn 0.9115 -0.2461 0.3296
vn 0.9213 -0.2382 0.3073
vn 0.9311 -0.2275 0.2850
vn -0.4827 0.3431 -0.8058
vn -0.4523 0.3715 -0.8108
vn -0.4249 0.3959 -0.8141
vn -0.3951 0.4169 -0.8186
vn -0.3383 0.4173 -0.8434
vn 0.9576 -0.1015 0.2696
vn 0.9540 -0.1177 0.2758
vn 0.9459 -0.1128 0.3043
vn 0.9381 -0.1217 0.3242
vn 0.8850 -0.1705 0.4332
vn 0.8900 -0.1878 0.4155
vn 0.8814 -0.2191 0.4185
vn 0.9454 -0.1917 0.2636
vn 0.9540 -0.1700 0.2469
vn 0.9340 -0.2189 0.2822
vn -0.5901 0.1630 -0.7907
vn -0.5941 0.1251 -0.7946
vn -0.4173 0.3625 -0.8333
vn -0.3992 0.3960 -0.8269
vn -0.4025 0.4116 -0.8177
vn -0.3954 0.4217 -0.8160
vn -0.4538 0.2097 -0.8661
vn -0.4430 0.1856 -0.8771
vn -0.7596 -0.0984 -0.6429
vn -0.7377 -0.0726 -0.6712
vn -0.6659 0.0792 -0.7418
vn -0.6475 0.1451 -0.7482
vn 0.9253 -0.1894 0.3287
vn 0.9373 -0.1543 0.3124
vn 0.9296 -0.1619 0.3311
vn 0.9478 -0.1937 0.2533
vn -0.7674 -0.0519 -0.6390
vn -0.8323 -0.0533 -0.5518
vn -0.7532 -0.0724 -0.6538
vn -0.7560 -0.0639 -0.6514
vn -0.5918 0.0936 -0.8006
vn -0.5220 0.1415 -0.8411
vn -0.7493 -0.0625 -0.6593
vn 0.9361 0.1183 -0.3312
vn -0.5839 0.1351 -0.8005
vn 0.9863 -0.1533 0.0605
vn -0.6741 -0.0906 -0.7331
vn -0.5076 -0.1091 -0.8547
vn 0.9380 -0.1439 -0.3155
vn -0.4615 0.0424 -0.8861
vn -0.7577 -0.0929 -0.6459
vn -0.6385 -0.0675 -0.7667
vn 0.9524 -0.2156 0.2157
vn -0.6156 -0.1174 -0.7793
vn -0.5067 -0.0845 -0.8580
vn -0.7460 -0.0524 -0.6639
vn -0.7128 -0.0538 -0.6993
vn 0.8975 -0.1686 0.4076
vn 0.9191 -0.2353 0.3161
vn 0.9021 -0.3047 0.3055
vn 0.8771 -0.3666 0.3102
vn -0.7435 -0.0937 -0.6622
vn -0.3055 -0.1138 -0.9454
vn 0.9191 -0.1701 0.3553
vn 0.9374 -0.1406 0.3185
vn -0.0499 -0.1226 -0.9912
vn 0.2101 -0.1482 -0.9664
vn 0.4536 -0.1734 -0.8742
vn 0.9640 -0.2659 -0.0041
vn 0.9381 -0.2778 -0.2067
vn -0.6208 0.0793 -0.7799
vn -0.6208 0.0541 -0.7821
vn 0.6562 -0.1814 -0.7324
vn 0.7898 -0.1655 -0.5906
vn 0.8782 -0.1496 -0.4542
vn 0.8663 -0.2641 0.4240
vn 0.9474 -0.2960 0.1218
vn 0.9526 -0.3041 -0.0124
vn 0.9791 -0.2010 0.0307
vn -0.7732 -0.0479 -0.6323
vn -0.7116 -0.0592 -0.7001
vn 0.9796 -0.1330 0.1505
vn -0.7216 -0.0846 -0.6871
vn -0.7384 -0.0988 -0.6671
vn -0.3047 0.3335 -0.8922
vn -0.3408 0.2728 -0.8997
vn 0.3428 0.2202 -0.9132
vn -0.6170 0.1607 -0.7704
vn -0.6008 0.0942 -0.7938
vn 0.9521 0.0080 -0.3057
vn 0.7782 0.1453 -0.6110
vn 0.9268 -0.0337 -0.3740
vn 0.9058 -0.0550 -0.4200
vn 0.8998 -0.0627 -0.4318
vn 0.9050 -0.0939 -0.4148
vn 0.9135 -0.1318 -0.3849
vn -0.5735 -0.0803 -0.8153
vn -0.6565 -0.0893 -0.7490
vn 0.9177 -0.1587 -0.3641
vn 0.9048 -0.1668 -0.3917
vn -0.7855 -0.0626 -0.6157
vn -0.6496 -0.0123 -0.7602
vn -0.6836 -0.0394 -0.7288
vn 0.9713 -0.2176 -0.0963
vn -0.6287 -0.1072 -0.7702
vn -0.6542 -0.1042 -0.7491
vn -0.5907 -0.0679 -0.8040
vn -0.6225 0.2172 -0.7519
vn -0.6065 0.3017 -0.7356
vn -0.6349 0.3496 -0.6890
vn 0.9783 -0.1416 -0.1511
vn -0.4916 0.3641 -0.7911
vn -0.4685 0.3107 -0.8270
vn -0.5268 0.3077 -0.7923
vn -0.5666 0.1678 -0.8068
vn -0.4055 0.2532 -0.8783
vn -0.5480 0.1851 -0.8158
vn -0.5529 0.1557 -0.8186
vn -0.4995 0.0312 -0.8658
vn -0.4958 0.0065 -0.8684
vn -0.4964 -0.0085 -0.8680
vn -0.5060 -0.0246 -0.8622
vn -0.5176 -0.0363 -0.8548
vn -0.5294 -0.0492 -0.8469
vn -0.5500 -0.0605 -0.8330
vn -0.4180 -0.0967 -0.9033
vn -0.4747 -0.0904 -0.8755
vn -0.5134 -0.0785 -0.8545
vn -0.5605 -0.0743 -0.8248
vn -0.5769 -0.0649 -0.8142
vn -0.5816 -0.0637 -0.8110
vn -0.6930 -0.0894 -0.7154
vn -0.4879 -0.0954 -0.8677
vn 0.9626 -0.2582 -0.0825
vn 0.9537 -0.2850 -0.0957
vn 0.9731 -0.2273 -0.0372
vn 0.9012 -0.2334 -0.3653
vn 0.8856 -0.2386 -0.3985
vn 0.9008 -0.2695 -0.3406
vn 0.8734 -0.3022 -0.3819
vn 0.9116 -0.2800 -0.3011
vn 0.9639 -0.1762 0.1997
vn 0.9845 -0.1470 0.0961
vn -0.2217 0.3812 -0.8975
vn -0.2114 0.3898 -0.8963
vn -0.2360 0.3593 -0.9029
vn -0.2124 0.3934 -0.8945
vn -0.2592 0.3527 -0.8991
vn -0.2288 0.3798 -0.8963
vn -0.3080 0.3238 -0.8946
vn -0.1851 0.3952 -0.8997
vn -0.1649 0.3842 -0.9084
vn 0.9965 -0.0829 0.0078
vn 0.9965 -0.0770 0.0316
vn 0.9960 -0.0872 -0.0208
vn 0.9928 -0.0896 0.0791
vn 0.9217 -0.2927 -0.2546
vn 0.9092 -0.2868 -0.3018
vn -0.5961 -0.0922 -0.7976
vn -0.6067 -0.1072 -0.7876
vn -0.6407 -0.1001 -0.7612
vn -0.6317 -0.1139 -0.7668
vn 0.9329 -0.3345 -0.1337
vn 0.9252 -0.3430 -0.1625
vn 0.9250 -0.3247 -0.1974
vn 0.9569 -0.1881 -0.2211
vn 0.9500 -0.1958 -0.2434
vn 0.9751 -0.1732 0.1387
vn 0.9668 -0.2011 0.1575
vn 0.9676 -0.1937 0.1617
vn 0.9765 -0.1753 0.1250
vn 0.9155 -0.3004 0.2676
vn 0.9309 -0.3333 0.1497
vn 0.9148 -0.3520 0.1982
vn 0.9237 -0.3540 0.1465
vn 0.9298 -0.3420 0.1359
vn -0.4088 -0.0080 -0.9126
vn -0.3309 0.0175 -0.9435
vn -0.4825 -0.0346 -0.8752
vn 0.9205 -0.2752 -0.2772
vn 0.9078 -0.2695 -0.3214
vn 0.9804 -0.1554 0.1214
vn 0.9727 -0.1718 0.1561
vn 0.9815 -0.1567 0.1097
vn -0.4276 0.1537 -0.8908
vn -0.4424 0.1282 -0.8876
vn -0.2232 0.1686 -0.9601
vn -0.2345 0.1958 -0.9522
vn -0.6783 -0.1098 -0.7265
vn -0.6516 -0.0903 -0.7532
vn 0.9838 -0.1528 0.0937
vn 0.9809 -0.1933 -0.0203
vn -0.5722 -0.0759 -0.8166
vn -0.5730 -0.0825 -0.8154
vn 0.9549 -0.1789 0.2369
vn 0.9538 -0.2033 0.2212
vn 0.9639 -0.1624 0.2111
vn -0.5619 0.1085 -0.8200
vn -0.5546 0.1491 -0.8187
vn 0.9888 -0.1230 0.0851
vn 0.9941 -0.0928 0.0561
vn 0.9574 -0.2010 -0.2075
vn 0.9592 -0.1863 -0.2126
vn -0.3871 0.2032 -0.8994
vn -0.3673 0.2303 -0.9012
vn 0.9589 -0.1920 -0.2091
vn 0.9554 -0.1986 -0.2184
vn -0.3977 0.0726 -0.9146
vn -0.3335 0.1024 -0.9372
vn 0.9009 0.0853 -0.4255
vn -0.5678 0.1243 -0.8137
vn -0.4943 -0.1030 -0.8632
vn -0.6278 -0.1216 -0.7688
vn -0.5505 -0.0567 -0.8329
vn 0.9901 -0.1390 -0.0181
vn 0.9748 -0.1486 0.1664
vn 0.9443 -0.3100 -0.1100
vn 0.9801 -0.1986 0.0045
vn -0.4428 -0.0827 -0.8928
vn 0.9633 -0.2056 -0.1727
vn 0.9601 -0.1621 0.2278
vn -0.6312 -0.0706 -0.7724
vn 0.9395 -0.1304 -0.3168
vn -0.6398 -0.0941 -0.7627
vn -0.2851 -0.1109 -0.9521
vn -0.3065 -0.1219 -0.9440
vn 0.9244 -0.2986 -0.2372
vn -0.5786 -0.0680 -0.8128
vn 0.9487 -0.1899 -0.2527
vn 0.9101 -0.2334 -0.3424
vn 0.9820 -0.1316 0.1352
vn 0.9895 -0.1362 0.0484
vn -0.5988 -0.0875 -0.7961
vn 0.9968 -0.0793 0.0032
vn -0.2599 0.0409 -0.9648
vn -0.0206 -0.1374 -0.9903
vn 0.2431 -0.1621 -0.9564
vn 0.9432 -0.2421 0.2275
vn 0.4781 -0.1797 -0.8597
vn 0.6689 -0.1792 -0.7214
vn 0.7959 -0.1580 -0.5845
vn 0.8781 -0.1360 -0.4588
vn 0.9503 -0.2892 0.1152
vn 0.9811 -0.1907 0.0342
vn -0.3497 0.2922 -0.8901
vn 0.9900 -0.1075 -0.0913
vn -0.1783 0.3319 -0.9263
vn -0.2003 0.2730 -0.9409
vn -0.2192 0.2826 -0.9339
vn -0.4900 0.2453 -0.8365
vn -0.5609 0.2018 -0.8029
vn -0.2338 0.2359 -0.9432
vn -0.3190 0.1326 -0.9384
vn -0.1318 0.1207 -0.9839
vn -0.6811 -0.1030 -0.7249
vn -0.5146 0.0828 -0.8534
vn -0.5366 0.0561 -0.8420
vn -0.3790 0.2542 -0.8898
vn -0.5234 0.0721 -0.8490
vn 0.9915 -0.1294 -0.0151
vn 0.9797 -0.1299 -0.1525
vn -0.3895 -0.1314 -0.9116
vn -0.6090 -0.0421 -0.7920
vn -0.6257 -0.1131 -0.7718
vn -0.5954 -0.1065 -0.7963
vn -0.3223 -0.1029 -0.9410
vn -0.2570 -0.0926 -0.9620
vn -0.1826 -0.0709 -0.9806
vn -0.2459 -0.0439 -0.9683
vn -0.1513 -0.0370 -0.9878
vn -0.1588 -0.0163 -0.9872
vn -0.1982 0.0028 -0.9802
vn -0.1538 0.0264 -0.9878
vn 0.9010 0.0102 -0.4336
vn 0.8942 -0.0281 -0.4469
vn 0.8889 -0.0612 -0.4541
vn 0.8819 -0.1033 -0.4599
vn 0.8723 -0.1359 -0.4697
vn 0.8499 -0.1316 -0.5102
vn 0.8191 -0.1528 -0.5530
vn -0.6022 -0.0344 -0.7976
vn -0.5505 0.0149 -0.8347
vn 0.9859 -0.1490 0.0757
vn 0.9888 -0.1438 -0.0396
vn 0.6759 0.1185 -0.7274
vn 0.2838 0.2011 -0.9376
vn -0.1379 -0.1311 -0.9817
vn -0.1939 -0.1251 -0.9730
vn -0.2645 -0.1150 -0.9575
vn -0.2984 -0.1033 -0.9488
vn -0.3108 -0.0954 -0.9457
vn -0.1104 -0.1530 -0.9820
vn 0.8181 -0.2703 -0.5076
vn 0.7255 -0.3048 -0.6171
vn 0.7918 -0.2609 -0.5523
vn 0.7467 -0.2503 -0.6162
vn 0.7654 -0.2333 -0.5998
vn 0.9145 -0.2430 -0.3234
vn 0.9017 -0.2785 -0.3307
vn 0.9268 -0.2103 -0.3111
vn -0.3833 -0.1293 -0.9145
vn -0.3614 -0.1566 -0.9192
vn -0.2446 -0.1533 -0.9574
vn -0.3147 -0.1450 -0.9381
vn 0.9012 -0.1977 -0.3857
vn 0.8910 -0.1929 -0.4110
vn 0.9666 -0.0312 -0.2542
vn 0.9622 -0.0445 -0.2686
vn 0.9558 -0.0607 -0.2877
vn 0.9795 -0.0344 -0.1986
vn 0.9035 -0.1745 -0.3914
vn 0.9902 -0.1192 -0.0725
vn 0.9937 -0.1113 0.0085
vn 0.9912 -0.1313 0.0158
vn -0.2233 0.1726 -0.9593
vn -0.2131 0.2106 -0.9541
vn -0.5602 -0.1061 -0.8216
vn -0.5297 -0.0929 -0.8431
vn 0.8172 -0.2594 -0.5147
vn 0.8145 -0.2623 -0.5175
vn -0.3023 -0.1005 -0.9479
vn -0.3114 -0.1062 -0.9443
vn 0.8673 -0.3357 -0.3677
vn 0.8492 -0.3375 -0.4062
vn 0.8384 -0.3122 -0.4467
vn 0.9552 -0.2901 -0.0581
vn 0.9561 -0.2838 -0.0730
vn 0.9553 -0.2851 -0.0785
vn 0.9616 -0.2580 -0.0932
vn 0.9614 -0.2664 0.0682
vn 0.9722 -0.0382 -0.2310
vn 0.9695 -0.0217 -0.2441
vn -0.1271 0.3052 -0.9438
vn -0.0829 0.3330 -0.9393
vn -0.0654 0.3536 -0.9331
vn -0.0523 0.3602 -0.9314
vn -0.0411 0.3517 -0.9352
vn -0.0582 0.3517 -0.9343
vn -0.0777 0.3375 -0.9381
vn 0.9807 -0.1323 -0.1439
vn 0.9475 -0.1608 -0.2764
vn -0.2034 0.0631 -0.9771
vn -0.1625 0.0859 -0.9830
vn -0.4632 -0.1557 -0.8725
vn -0.2219 -0.0864 -0.9712
vn 0.9872 -0.1552 0.0369
vn 0.9901 -0.1352 -0.0366
vn 0.9833 -0.1821 0.0070
vn 0.9878 -0.1342 -0.0787
vn 0.9896 -0.1266 -0.0683
vn 0.9850 -0.1708 -0.0261
vn 0.9883 -0.1258 -0.0863
vn 0.0020 0.3489 -0.9372
vn -0.0100 0.3637 -0.9314
vn -0.1976 -0.0096 -0.9802
vn -0.1280 0.0139 -0.9917
vn -0.2699 -0.0382 -0.9621
vn -0.3959 -0.1092 -0.9118
vn -0.2601 -0.1018 -0.9602
vn -0.2599 -0.1206 -0.9581
vn -0.3949 0.0981 -0.9135
vn 0.8885 -0.2038 -0.4112
vn 0.8785 -0.2170 -0.4256
vn 0.8151 -0.2835 -0.5051
vn 0.8141 -0.3035 -0.4952
vn -0.2654 0.0833 -0.9605
vn -0.1916 0.1734 -0.9660
vn -0.4693 0.1672 -0.8671
vn -0.4933 0.2026 -0.8459
vn -0.0038 0.1431 -0.9897
vn -0.0477 0.1809 -0.9823
vn -0.3530 0.2172 -0.9101
vn 0.7910 0.0943 -0.6045
vn 0.4285 0.1780 -0.8858
vn -0.4759 0.1176 -0.8716
vn 0.8867 -0.2814 -0.3669
vn -0.1811 -0.0991 -0.9785
vn 0.8176 -0.2932 -0.4956
vn -0.3422 -0.0637 -0.9375
vn -0.1720 0.1935 -0.9659
vn 0.9512 -0.1196 -0.2845
vn -0.0484 0.2990 -0.9530
vn -0.0566 0.2404 -0.9690
vn -0.4761 -0.0978 -0.8739
vn -0.3559 -0.1437 -0.9234
vn 0.8864 -0.3108 -0.3431
vn -0.3084 -0.0957 -0.9464
vn 0.7925 -0.2234 -0.5675
vn 0.9144 -0.2033 -0.3502
vn 0.9850 -0.1261 -0.1174
vn 0.9561 -0.1696 -0.2389
vn -0.0599 0.0342 -0.9976
vn -0.0375 -0.1802 -0.9829
vn -0.1339 -0.1571 -0.9785
vn 0.0465 -0.1658 -0.9851
vn 0.9889 -0.1086 -0.1012
vn 0.9563 -0.0107 -0.2922
vn 0.9726 -0.1909 -0.1329
vn 0.9567 -0.0955 -0.2750
vn 0.9635 -0.0437 -0.2640
vn -0.3588 0.0295 -0.9329
vn -0.3466 0.0828 -0.9344
vn 0.0413 0.1237 -0.9915
vn -0.1902 0.0699 -0.9793
vn -0.1519 0.2781 -0.9485
vn -0.0382 0.3641 -0.9306
vn 0.9775 -0.2107 0.0091
vn 0.9712 -0.1022 -0.2150
vn 0.9886 -0.1450 0.0413
vn 0.9472 -0.0721 -0.3125
vn -0.0662 0.2262 -0.9718
vn -0.5107 -0.0659 -0.8572
vn 0.0162 0.2034 -0.9790
vn -0.4519 -0.1261 -0.8831
vn -0.2482 -0.1313 -0.9598
vn 0.0139 -0.1489 -0.9888
vn 0.2703 -0.1348 -0.9533
vn 0.5187 -0.1597 -0.8399
vn 0.6845 -0.1722 -0.7084
vn 0.8079 -0.1501 -0.5698
vn 0.8956 -0.1324 -0.4247
vn -0.4260 -0.1212 -0.8966
vn 0.7896 -0.2924 -0.5395
vn 0.9691 -0.1280 -0.2110
vn 0.1478 0.3217 -0.9352
vn -0.4899 -0.0402 -0.8709
vn -0.5059 -0.0131 -0.8625
vn -0.3483 -0.0058 -0.9374
vn 0.7415 0.0592 -0.6683
vn 0.8039 0.0088 -0.5948
vn 0.7770 -0.0246 -0.6290
vn 0.7659 -0.0662 -0.6395
vn 0.7419 -0.0962 -0.6635
vn 0.6628 -0.0832 -0.7442
vn 0.7122 -0.1047 -0.6941
vn 0.8029 -0.2230 -0.5528
vn 0.7713 -0.2604 -0.5807
vn 0.7875 -0.1844 -0.5881
vn 0.0705 -0.1682 -0.9832
vn 0.0236 -0.1507 -0.9883
vn 0.0044 -0.1379 -0.9904
vn 0.1035 -0.1465 -0.9838
vn 0.2848 -0.2059 -0.9362
vn 0.2445 -0.1653 -0.9555
vn 0.9866 -0.0410 -0.1582
vn 0.9642 -0.0630 -0.2574
vn 0.9649 -0.1314 -0.2272
vn -0.0657 0.1773 -0.9820
vn -0.0660 0.1416 -0.9877
vn 0.9197 -0.2078 -0.3331
vn 0.9240 -0.1970 -0.3278
vn 0.9265 -0.1593 -0.3408
vn 0.9164 -0.2173 -0.3360
vn 0.9607 -0.2199 -0.1692
vn 0.3130 -0.0303 -0.9493
vn 0.2688 -0.0337 -0.9626
vn 0.3431 -0.0803 -0.9359
vn 0.1230 -0.0588 -0.9907
vn 0.3314 -0.0990 -0.9383
vn 0.2058 -0.1297 -0.9700
vn 0.0957 -0.1314 -0.9867
vn 0.0246 -0.1694 -0.9852
vn 0.1212 -0.1644 -0.9789
vn 0.5332 -0.2009 -0.8218
vn 0.3790 -0.0053 -0.9254
vn 0.5746 -0.2090 -0.7913
vn 0.4955 -0.2012 -0.8450
vn 0.4869 -0.2906 -0.8237
vn 0.5024 -0.2327 -0.8327
vn 0.4025 -0.2446 -0.8821
vn 0.5950 -0.2742 -0.7555
vn 0.0476 -0.1538 -0.9870
vn -0.0274 -0.1245 -0.9918
vn -0.0065 -0.0244 -0.9997
vn 0.0791 0.0006 -0.9969
vn -0.0747 -0.0552 -0.9957
vn 0.7271 -0.3127 -0.6112
vn 0.6554 -0.2924 -0.6964
vn 0.6545 -0.2546 -0.7119
vn 0.8201 -0.1866 -0.5409
vn 0.7834 -0.1884 -0.5923
vn 0.9577 -0.1141 -0.2643
vn 0.9525 -0.0721 -0.2960
vn -0.0601 0.0345 -0.9976
vn 0.0277 0.1616 -0.9865
vn 0.0657 0.3049 -0.9501
vn 0.0420 0.2719 -0.9614
vn 0.0631 0.3354 -0.9400
vn 0.9249 -0.1094 -0.3641
vn 0.8726 -0.1173 -0.4741
vn 0.8731 -0.0089 -0.4875
vn 0.8712 -0.0255 -0.4903
vn 0.8751 0.0134 -0.4838
vn 0.8941 0.0201 -0.4475
vn -0.0046 0.0525 -0.9986
vn 0.0306 0.0785 -0.9964
vn 0.6543 -0.2380 -0.7178
vn 0.6753 -0.2371 -0.6984
vn 0.6263 -0.2296 -0.7450
vn 0.6386 -0.2932 -0.7115
vn 0.0798 -0.1939 -0.9778
vn 0.2435 -0.1977 -0.9495
vn 0.0183 -0.2206 -0.9752
vn -0.0712 -0.1411 -0.9874
vn 0.0237 -0.1515 -0.9882
vn 0.8146 -0.1800 -0.5513
vn 0.9480 -0.0599 -0.3126
vn 0.9544 -0.0694 -0.2904
vn 0.0761 0.2947 -0.9526
vn 0.1042 0.3026 -0.9474
vn 0.1101 0.3086 -0.9448
vn 0.1190 0.3184 -0.9405
vn 0.8829 0.0423 -0.4676
vn 0.8746 0.0504 -0.4822
vn 0.2234 0.3062 -0.9254
vn 0.1755 0.3355 -0.9256
vn -0.1677 0.0918 -0.9816
vn 0.1633 0.1421 -0.9763
vn 0.1210 0.1937 -0.9736
vn 0.9698 -0.1180 -0.2133
vn 0.9664 -0.1100 -0.2325
vn 0.9552 -0.1555 -0.2517
vn -0.3434 0.1976 -0.9182
vn -0.1544 0.1757 -0.9723
vn -0.3850 -0.1097 -0.9164
vn -0.3657 -0.0849 -0.9268
vn 0.7656 -0.1915 -0.6142
vn 0.7611 -0.2411 -0.6022
vn 0.3048 0.1491 -0.9407
vn -0.0599 0.2075 -0.9764
vn 0.5216 -0.2313 -0.8212
vn 0.1546 -0.0976 -0.9831
vn 0.0482 -0.1493 -0.9876
vn 0.6488 -0.2434 -0.7210
vn 0.0552 0.2454 -0.9679
vn 0.9815 -0.1057 -0.1597
vn 0.8456 0.0592 -0.5305
vn -0.2215 -0.1378 -0.9654
vn 0.7580 -0.2897 -0.5844
vn 0.0260 -0.1324 -0.9909
vn 0.8612 -0.1294 -0.4915
vn 0.0357 -0.1477 -0.9884
vn -0.1267 -0.0847 -0.9883
vn 0.9409 -0.0538 -0.3343
vn 0.9000 -0.0359 -0.4345
vn 0.8975 -0.0710 -0.4352
vn 0.0251 0.1875 -0.9819
vn 0.0101 0.1254 -0.9921
vn -0.3434 -0.0730 -0.9364
vn 0.0255 -0.1344 -0.9906
vn 0.3004 -0.0844 -0.9501
vn 0.0962 0.0725 -0.9927
vn 0.8525 0.0631 -0.5189
vn 0.5753 -0.1436 -0.8053
vn 0.7030 -0.1594 -0.6931
vn 0.8280 -0.1368 -0.5438
vn 0.9153 -0.1230 -0.3836
vn 0.9423 -0.1100 -0.3163
vn 0.9411 -0.1658 -0.2948
vn 0.8875 -0.0449 -0.4587
vn -0.1678 0.1146 -0.9791
vn 0.1780 0.0208 -0.9838
vn 0.3176 -0.2438 -0.9163
vn 0.2244 -0.2019 -0.9533
vn 0.8680 -0.0375 -0.4951
vn 0.1017 0.2529 -0.9621
vn 0.0978 0.1874 -0.9774
vn -0.1113 0.0423 -0.9929
vn 0.8350 -0.2220 -0.5034
vn 0.2879 0.2700 -0.9188
vn -0.1660 -0.0131 -0.9860
vn 0.8760 -0.1569 -0.4560
vn 0.3857 0.0377 -0.9218
vn 0.2250 -0.1768 -0.9582
vn 0.2540 0.0976 -0.9623
vn -0.1956 -0.1278 -0.9723
vn -0.3244 -0.0466 -0.9448
vn 0.3989 0.0816 -0.9134
vn 0.5932 -0.1060 -0.7980
vn 0.6975 -0.1670 -0.6968
vn 0.6213 -0.1652 -0.7660
vn 0.5219 -0.1777 -0.8343
vn -0.0115 0.1925 -0.9812
vn 0.4148 -0.2242 -0.8819
vn 0.3782 -0.2090 -0.9018
vn 0.3461 -0.2011 -0.9164
vn 0.3530 -0.1723 -0.9196
vn 0.5327 -0.2114 -0.8195
vn 0.8397 0.0063 -0.5431
vn 0.8557 -0.0035 -0.5175
vn 0.7918 -0.1139 -0.6000
vn 0.8107 -0.1072 -0.5755
vn 0.8159 -0.0691 -0.5740
vn 0.8634 -0.0800 -0.4981
vn 0.5995 -0.1912 -0.7772
vn 0.5397 -0.2218 -0.8121
vn 0.5804 -0.1544 -0.7995
vn 0.2271 -0.0449 -0.9728
vn 0.3186 -0.0274 -0.9475
vn 0.0916 -0.0752 -0.9929
vn 0.5014 -0.2618 -0.8247
vn 0.3891 -0.2369 -0.8902
vn 0.3818 -0.1887 -0.9048
vn 0.1302 0.0734 -0.9888
vn 0.1228 0.0727 -0.9898
vn 0.0596 0.1467 -0.9874
vn 0.0762 0.1239 -0.9894
vn -0.1664 -0.1054 -0.9804
vn -0.2029 -0.0396 -0.9784
vn 0.7397 0.0214 -0.6726
vn 0.7324 0.0087 -0.6809
vn 0.7454 0.0476 -0.6649
vn 0.7498 0.0814 -0.6566
vn 0.2542 0.2676 -0.9294
vn 0.2682 0.2775 -0.9225
vn 0.2285 0.3043 -0.9248
vn 0.3525 0.1599 -0.9220
vn 0.2836 0.1915 -0.9396
vn 0.2784 0.0377 -0.9597
vn 0.2817 0.0726 -0.9568
vn 0.8129 -0.0760 -0.5774
vn 0.8806 -0.0752 -0.4679
vn 0.7562 0.1142 -0.6443
vn 0.7404 0.1154 -0.6622
vn 0.3627 0.2840 -0.8876
vn 0.3334 0.3009 -0.8935
vn 0.8748 -0.0933 -0.4753
vn 0.8255 -0.1121 -0.5532
vn 0.8686 -0.0128 -0.4953
vn 0.8723 -0.0756 -0.4831
vn 0.2284 0.2327 -0.9453
vn 0.2571 0.2371 -0.9368
vn 0.2680 0.2569 -0.9285
vn 0.2559 0.2748 -0.9268
vn 0.2884 -0.1839 -0.9397
vn 0.0093 -0.1190 -0.9929
vn 0.6669 -0.2261 -0.7100
vn 0.0971 -0.1273 -0.9871
vn 0.8201 0.0170 -0.5719
vn 0.9424 -0.0524 -0.3303
vn 0.4359 -0.0011 -0.9000
vn -0.2018 -0.1096 -0.9733
vn 0.5643 -0.2642 -0.7821
vn 0.8165 -0.0393 -0.5760
vn 0.8605 -0.1370 -0.4906
vn 0.2315 0.2257 -0.9463
vn 0.6994 0.1176 -0.7050
vn 0.7567 -0.0858 -0.6481
vn 0.6700 -0.1255 -0.7317
vn 0.6655 -0.0305 -0.7458
vn 0.8045 -0.0366 -0.5928
vn 0.9216 -0.0537 -0.3844
vn 0.3478 -0.0297 -0.9371
vn 0.6452 -0.0214 -0.7637
vn 0.7663 -0.0535 -0.6403
vn 0.1318 -0.0200 -0.9911
vn 0.0946 -0.0344 -0.9949
vn -0.1813 -0.0443 -0.9824
vn 0.8576 0.0058 -0.5143
vn 0.8777 -0.0655 -0.4746
vn 0.7356 -0.0907 -0.6713
vn 0.1720 0.1978 -0.9650
vn 0.1887 0.0997 -0.9770
vn 0.2156 0.1532 -0.9644
vn 0.2341 0.1841 -0.9546
vn 0.2349 0.1112 -0.9656
vn 0.7157 0.1490 -0.6824
vn 0.4406 0.2308 -0.8675
vn 0.2389 -0.1848 -0.9533
vn 0.2719 -0.1873 -0.9439
vn 0.3288 -0.2032 -0.9223
vn 0.3940 0.1147 -0.9119
vn 0.7670 0.0223 -0.6412
vn 0.7480 0.0795 -0.6589
vn 0.3665 -0.1515 -0.9180
vn 0.3758 0.1794 -0.9092
vn 0.3992 0.1921 -0.8965
vn 0.3462 0.1552 -0.9252
vn 0.3868 0.2199 -0.8956
vn 0.2643 0.0082 -0.9644
vn 0.2254 0.1256 -0.9661
vn 0.4642 -0.0938 -0.8808
vn 0.4584 -0.0929 -0.8839
vn 0.3090 -0.1344 -0.9415
vn 0.4195 0.2374 -0.8761
vn 0.3832 0.2622 -0.8857
vn 0.5554 0.1484 -0.8182
vn 0.4868 0.1646 -0.8579
vn 0.6007 0.1738 -0.7804
vn 0.6429 0.1720 -0.7464
vn 0.5238 0.0362 -0.8511
vn 0.5180 0.0282 -0.8549
vn 0.5320 0.0650 -0.8442
vn 0.5914 0.1118 -0.7986
vn 0.4581 0.2543 -0.8517
vn 0.5337 0.2145 -0.8180
vn 0.6791 0.0726 -0.7305
vn 0.7017 0.0408 -0.7113
vn 0.7016 -0.0659 -0.7095
vn 0.7208 -0.0264 -0.6926
vn 0.7294 0.0043 -0.6841
vn 0.7621 -0.1206 -0.6362
vn 0.1758 0.1091 -0.9784
vn 0.1785 0.1182 -0.9768
vn -0.0297 0.0051 -0.9995
vn 0.0344 -0.1123 -0.9931
vn 0.6443 -0.0255 -0.7644
vn 0.6512 0.0091 -0.7588
vn 0.6738 0.0482 -0.7373
vn 0.7476 0.0190 -0.6639
vn 0.5590 -0.0522 -0.8275
vn 0.2870 0.1573 -0.9449
vn 0.4292 0.2235 -0.8751
vn 0.5030 0.2298 -0.8332
vn 0.6052 0.1507 -0.7817
vn 0.6718 -0.0247 -0.7403
vn 0.2881 0.0434 -0.9566
vn 0.8283 0.0140 -0.5601
vn 0.6642 0.0656 -0.7446
vn 0.6995 0.0263 -0.7142
vn 0.6658 -0.0728 -0.7426
vn 0.3491 -0.0217 -0.9368
vn 0.1872 -0.1637 -0.9686
vn 0.5125 -0.0530 -0.8570
vn 0.0845 -0.0674 -0.9941
vn 0.0784 -0.1238 -0.9892
vn 0.5862 -0.0025 -0.8102
vn 0.3882 0.2346 -0.8912
vn 0.6101 0.1625 -0.7755
vn 0.4026 0.0985 -0.9101
vn 0.4230 0.0871 -0.9019
vn 0.3449 0.0963 -0.9337
vn 0.4593 0.0123 -0.8882
vn 0.7054 0.1222 -0.6982
vn 0.5234 0.2198 -0.8232
vn 0.6181 -0.0598 -0.7838
vn 0.6902 -0.0727 -0.7199
vn 0.4953 0.1813 -0.8496
vn 0.2592 -0.1657 -0.9515
vn 0.3771 0.0958 -0.9212
vn 0.3787 0.1008 -0.9200
vn 0.5608 0.0300 -0.8274
vn 0.5417 0.0409 -0.8396
vn 0.6166 -0.1712 -0.7684
vn 0.5785 -0.0292 -0.8152
vn 0.5178 0.0712 -0.8526
vn 0.5845 0.0268 -0.8109
vn 0.2789 0.0868 -0.9564
vn 0.3784 0.0169 -0.9255
vn 0.4860 0.0724 -0.8710
vn 0.4906 0.1132 -0.8640
vn 0.5204 0.1309 -0.8438
vn 0.4724 0.1834 -0.8621
vn 0.5869 0.1183 -0.8010
vn 0.6082 0.1242 -0.7840
vn 0.4786 0.0866 -0.8737
vn 0.4471 0.1400 -0.8834
vn 0.6313 0.0497 -0.7739
vn 0.4884 0.0235 -0.8723
vn 0.5776 0.0504 -0.8147
vn 0.4570 -0.2419 -0.8560
vn 0.3521 -0.1840 -0.9177
vn 0.3195 -0.1684 -0.9325
vn 0.4608 0.0615 -0.8854
vn 0.5913 0.0921 -0.8011
vn 0.4890 0.0336 -0.8716
vn 0.4560 -0.0552 -0.8882
vn 0.3703 0.0163 -0.9288
vn 0.5136 -0.2351 -0.8252
vn -0.8695 -0.1914 -0.4553
vn -0.8507 -0.1954 -0.4880
vn -0.8971 -0.2088 -0.3893
vn -0.9669 -0.2442 -0.0741
vn -0.9530 -0.2450 -0.1782
vn -0.9612 -0.2407 -0.1349
vn 0.9623 -0.0346 -0.2699
vn 0.9920 -0.0372 -0.1205
vn 0.9871 -0.0451 -0.1535
vn 0.9544 -0.0358 -0.2963
vn 0.9856 -0.0499 -0.1615
vn 0.9520 -0.0418 -0.3033
vn -0.8923 -0.2725 0.3600
vn -0.9593 -0.2605 0.1088
vn -0.9413 -0.2756 0.1951
vn -0.8834 -0.2721 0.3816
vn -0.9663 -0.2420 -0.0875
vn -0.9659 -0.2584 -0.0137
vn -0.9647 -0.0913 0.2471
vn -0.9252 -0.2247 0.3059
vn -0.9634 -0.2394 0.1208
vn -0.9712 -0.2094 0.1134
vn -0.9119 -0.2344 0.3368
vn -0.9504 -0.2540 0.1797
vn 0.9427 -0.0185 -0.3332
vn 0.9847 0.0046 -0.1740
vn 0.9747 0.0443 -0.2192
vn 0.9382 -0.0553 -0.3417
vn 0.8953 -0.0421 -0.4435
vn 0.8837 -0.0364 -0.4667
vn 0.7959 -0.0462 -0.6036
vn 0.7734 -0.0338 -0.6330
vn 0.6260 -0.0367 -0.7790
vn 0.6144 -0.0310 -0.7884
vn 0.4334 -0.0639 -0.8989
vn 0.4698 -0.0383 -0.8819
vn 0.2824 -0.0651 -0.9571
vn 0.3038 -0.0427 -0.9518
vn 0.8980 -0.0103 -0.4399
vn 0.9022 -0.0175 -0.4311
vn 0.8171 0.0116 -0.5764
vn 0.7810 0.0273 -0.6239
vn 0.9384 -0.0414 -0.3431
vn 0.9828 -0.0534 -0.1768
vn 0.9819 -0.0483 -0.1831
vn 0.9492 -0.0425 -0.3118
vn 0.5127 0.0174 -0.8584
vn 0.4434 0.0191 -0.8961
vn 0.6264 0.0295 -0.7790
vn 0.6806 0.0203 -0.7324
vn 0.3126 0.0108 -0.9498
vn 0.2415 0.0095 -0.9704
vn -0.1263 -0.0318 -0.9915
vn -0.1852 -0.0292 -0.9823
vn 0.0377 -0.0034 -0.9993
vn 0.0985 -0.0086 -0.9951
vn -0.3562 -0.0700 -0.9318
vn -0.4187 -0.0675 -0.9056
vn -0.5652 -0.1062 -0.8181
vn -0.6190 -0.1024 -0.7787
vn -0.7235 -0.1440 -0.6751
vn -0.7626 -0.1409 -0.6314
vn -0.8311 -0.1802 -0.5261
vn -0.8560 -0.1844 -0.4830
vn -0.8969 -0.2151 -0.3864
vn -0.9107 -0.2263 -0.3455
vn -0.9302 -0.2385 -0.2792
vn -0.9435 -0.2319 -0.2366
vn -0.9027 -0.2473 0.3521
vn -0.8963 -0.2573 0.3611
vn -0.9390 -0.2712 0.2113
vn -0.9448 -0.2647 0.1930
vn -0.9446 -0.2029 -0.2582
vn -0.9386 -0.1770 -0.2962
vn -0.9756 -0.1941 -0.1027
vn -0.9670 -0.2367 -0.0947
vn -0.9081 -0.1882 -0.3741
vn -0.8928 -0.1783 -0.4137
vn -0.6806 -0.1518 -0.7168
vn -0.8103 -0.1753 -0.5591
vn -0.7736 -0.1692 -0.6107
vn -0.6265 -0.1330 -0.7680
vn -0.4531 -0.1177 -0.8836
vn -0.4341 -0.1059 -0.8946
vn -0.2580 -0.0963 -0.9613
vn -0.1926 -0.0737 -0.9785
vn -0.8559 -0.1906 -0.4807
vn -0.9648 -0.2621 0.0211
vn 0.9024 -0.0384 -0.4291
vn -0.9643 -0.2609 0.0457
vn 0.8695 -0.0195 -0.4936
vn 0.7392 -0.0047 -0.6735
vn 0.6031 -0.0291 -0.7971
vn 0.4689 -0.0295 -0.8828
vn 0.3235 -0.0310 -0.9457
vn -0.9548 -0.2434 -0.1705
vn -0.0574 -0.0659 -0.9962
vn 0.0266 -0.0519 -0.9983
vn 0.8510 -0.0476 -0.5230
vn -0.9662 -0.2566 0.0245
vn 0.8412 -0.0050 -0.5407
vn -0.9649 -0.2370 -0.1129
vn -0.8541 -0.1869 -0.4855
vn -0.9029 -0.1983 -0.3815
vn -0.9276 -0.1964 -0.3179
vn -0.9482 -0.2167 -0.2321
vn -0.9231 -0.2206 -0.3149
vn -0.8812 -0.2049 -0.4260
vn -0.8098 -0.1762 -0.5596
vn -0.7037 -0.1432 -0.6959
vn -0.5153 -0.1060 -0.8504
vn -0.3077 -0.0771 -0.9484
vn -0.7596 -0.1611 -0.6301
vn -0.6107 -0.1373 -0.7799
vn -0.4792 -0.1067 -0.8712
vn -0.3063 -0.0963 -0.9471
vn 0.4195 0.0104 -0.9077
vn 0.2420 -0.0117 -0.9702
vn 0.1347 -0.0483 -0.9897
vn -0.9665 -0.2203 -0.1315
vn 0.7296 -0.0219 -0.6835
vn 0.5407 -0.0145 -0.8411
vn 0.7530 -0.0155 -0.6578
vn -0.1328 -0.0663 -0.9889
vn 0.1067 -0.0228 -0.9940
vn -0.9442 -0.2345 -0.2314
vn -0.9436 -0.2229 -0.2448
vn 0.6027 0.0101 -0.7979
vn -0.1016 -0.0380 -0.9941
vn 0.3847 -0.0123 -0.9230
vn 0.1953 -0.0156 -0.9806
vn 0.0526 -0.0285 -0.9982
vn 0.2261 -0.0170 -0.9740
vn 0.4560 0.0103 -0.8899
vn -0.9234 -0.2191 -0.3151
vn -0.8985 -0.2104 -0.3852
vn -0.8634 -0.1960 -0.4649
vn -0.7996 -0.1676 -0.5767
vn -0.6834 -0.1361 -0.7172
vn -0.5101 -0.0987 -0.8544
vn -0.3220 -0.0660 -0.9444
vn -0.0666 -0.0338 -0.9972
vn -0.4245 -0.1009 -0.8998
vn -0.2404 -0.0614 -0.9687
vn 0.2813 -0.0090 -0.9596
vn -0.1135 -0.0570 -0.9919
vn 0.1278 -0.0146 -0.9917
vn -0.0074 -0.0974 -0.9952
vn 0.1277 -0.1028 -0.9865
vn -0.1238 -0.1541 -0.9803
vn 0.4464 -0.0816 -0.8911
vn 0.3066 -0.1089 -0.9456
vn 0.1828 -0.1232 -0.9754
vn -0.1328 0.3141 -0.9401
vn -0.0608 0.3271 -0.9430
vn -0.1940 0.2960 -0.9353
vn -0.4317 0.0099 -0.9020
vn -0.2548 0.0909 -0.9627
vn -0.2469 0.0926 -0.9646
vn -0.4344 0.2427 -0.8674
vn -0.2811 0.2881 -0.9154
vn -0.2651 0.2974 -0.9172
vn -0.9776 -0.1766 0.1146
vn -0.9713 -0.1524 0.1826
vn -0.9981 -0.0424 0.0436
vn -0.9999 -0.0057 0.0119
vn -0.9886 -0.1418 0.0501
vn -0.9959 -0.0625 -0.0661
vn -0.9685 -0.2360 0.0796
vn -0.9647 -0.2241 -0.1382
vn 0.8951 0.2950 -0.3342
vn 0.7385 -0.4519 -0.5004
vn 0.7397 0.4599 -0.4912
vn 0.7518 0.5902 -0.2941
vn 0.8233 0.1985 -0.5317
vn 0.7897 0.3140 -0.5271
vn 0.7550 0.3490 -0.5552
vn 0.6636 0.3740 -0.6478
vn 0.5293 0.3721 -0.7625
vn 0.3421 0.3380 -0.8768
vn 0.1026 0.2542 -0.9617
vn -0.1554 0.1986 -0.9677
vn -0.4423 0.1813 -0.8783
vn -0.7058 0.1605 -0.6900
vn -0.8717 0.1455 -0.4679
vn -0.9517 0.1460 -0.2700
vn -0.9821 0.1384 -0.1278
vn -0.9960 0.0631 -0.0635
vn 0.9517 -0.1504 -0.2677
vn 0.9435 -0.0578 -0.3263
vn 0.9740 -0.1001 -0.2033
vn 0.9459 -0.0554 -0.3197
vn 0.9809 -0.0713 -0.1808
vn 0.9438 -0.0583 -0.3253
vn 0.8856 -0.0493 -0.4619
vn 0.7938 -0.0590 -0.6053
vn 0.6848 -0.0566 -0.7265
vn -0.9836 -0.1573 0.0880
vn -0.9621 -0.1906 0.1951
vn -0.9665 -0.1468 0.2105
vn -0.9836 -0.1578 0.0873
vn -0.9945 -0.0460 0.0943
vn -0.9653 -0.0664 0.2527
vn -0.9846 -0.1425 0.1017
vn -0.9531 -0.1544 0.2605
vn -0.9622 -0.2520 0.1035
vn -0.9256 -0.2750 0.2600
vn -0.9798 -0.1611 0.1187
vn -0.9335 -0.2145 0.2872
vn -0.9736 -0.1810 0.1390
vn -0.9183 -0.2409 0.3141
vn -0.9698 -0.1903 0.1527
vn -0.9089 -0.2523 0.3320
vn -0.8787 -0.1926 0.4367
vn -0.8781 -0.2301 0.4195
vn -0.9351 -0.1848 0.3023
vn -0.9535 -0.1689 0.2495
vn -0.8908 -0.1879 0.4138
vn -0.8816 -0.1738 0.4388
vn -0.9572 -0.1644 0.2384
vn -0.9631 -0.1637 0.2138
vn -0.9428 -0.2088 0.2598
vn -0.8448 -0.2393 0.4787
vn -0.9360 -0.2998 0.1843
vn -0.8427 -0.3366 0.4202
vn -0.8569 -0.2750 0.4359
vn -0.9462 -0.2511 0.2043
vn -0.9189 -0.3515 0.1789
vn -0.8272 -0.3694 0.4234
vn -0.8436 -0.3917 0.3673
vn -0.9341 -0.3421 0.1021
vn -0.9193 -0.3509 0.1783
vn -0.8186 -0.4023 0.4100
vn -0.8466 -0.3775 0.3752
vn -0.9267 -0.3273 0.1845
vn -0.9230 -0.2957 0.2462
vn -0.8461 -0.3501 0.4019
vn -0.8771 -0.1795 0.4455
vn -0.8595 -0.2328 0.4551
vn -0.9515 -0.1635 0.2606
vn -0.9611 -0.1349 0.2411
vn -0.8878 -0.1567 0.4328
vn -0.9803 -0.1135 0.1614
vn -0.9792 -0.1036 0.1743
vn -0.8915 -0.1322 0.4333
vn -0.9845 -0.1044 0.1408
vn -0.8905 -0.1603 0.4258
vn -0.9891 -0.1178 0.0880
vn -0.9180 -0.1264 0.3758
vn -0.9099 -0.1383 0.3912
vn -0.9828 -0.1343 0.1270
vn -0.9853 -0.1644 0.0463
vn -0.9073 -0.1929 0.3735
vn -0.9815 -0.1909 0.0168
vn -0.9239 -0.1873 0.3336
vn -0.9737 -0.2269 -0.0183
vn -0.9366 -0.2444 0.2512
vn -0.9750 -0.2205 -0.0290
vn -0.9450 -0.2339 0.2287
vn -0.9296 -0.2962 0.2195
vn -0.9257 -0.2385 0.2935
vn -0.9624 -0.2712 0.0180
vn -0.9551 -0.2881 -0.0689
vn -0.9483 -0.3149 -0.0397
vn -0.9366 -0.2838 0.2055
vn -0.9351 -0.3250 -0.1414
vn -0.9393 -0.3024 0.1618
vn -0.9347 -0.3312 0.1292
vn -0.9208 -0.3590 -0.1527
vn -0.9401 -0.3074 -0.1476
vn -0.9526 -0.2869 0.1015
vn -0.9426 -0.2953 0.1556
vn -0.9278 -0.3325 -0.1691
vn -0.9175 -0.3022 -0.2586
vn -0.9591 -0.2728 0.0752
vn -0.9294 -0.2844 -0.2353
vn -0.9544 -0.2900 0.0707
vn -0.9238 -0.2631 -0.2781
vn -0.9751 -0.2167 0.0468
vn -0.9673 -0.2401 0.0814
vn -0.9147 -0.2892 -0.2824
vn -0.9645 -0.2641 -0.0081
vn -0.9632 -0.2649 -0.0454
vn -0.9156 -0.2752 -0.2931
vn -0.9149 -0.2746 -0.2959
vn -0.9649 -0.2621 -0.0147
vn -0.9024 -0.2665 -0.3387
vn -0.9225 -0.2443 -0.2988
vn -0.9801 -0.1958 0.0331
vn -0.9260 -0.2286 -0.3004
vn -0.9800 -0.1986 -0.0091
vn -0.9293 -0.2174 -0.2986
vn -0.9785 -0.1998 -0.0517
vn -0.9317 -0.2089 -0.2970
vn -0.9821 -0.1880 -0.0107
vn -0.9337 -0.2000 -0.2971
vn -0.9810 -0.1899 -0.0392
vn -0.9354 -0.1960 -0.2944
vn -0.9812 -0.1900 -0.0350
vn -0.9388 -0.1937 -0.2849
vn -0.9828 -0.1829 -0.0253
vn -0.9442 -0.1878 -0.2706
vn -0.9833 -0.1750 -0.0496
vn -0.9489 -0.1787 -0.2601
vn -0.9875 -0.1567 -0.0189
vn -0.9608 -0.1249 -0.2473
vn -0.9958 -0.0783 -0.0475
vn -0.9916 -0.1259 -0.0298
vn -0.9519 -0.1636 -0.2590
vn -0.9497 -0.0942 -0.2988
vn -0.9978 -0.0341 -0.0573
vn -0.9563 -0.0550 -0.2871
vn -0.9980 -0.0159 -0.0618
vn -0.9557 -0.0550 -0.2893
vn -0.9980 -0.0463 -0.0420
vn 0.9384 0.0142 -0.3451
vn 0.9459 0.0914 -0.3112
vn 0.8623 0.0817 -0.4998
vn 0.8231 0.0418 -0.5663
vn 0.9239 0.0739 -0.3754
vn 0.7571 0.0768 -0.6488
vn 0.7819 0.1337 -0.6088
vn 0.9193 0.1969 -0.3408
vn 0.9618 0.1991 -0.1880
vn 0.9488 0.2267 -0.2201
vn 0.8241 0.1805 -0.5370
vn 0.8613 0.1637 -0.4809
vn 0.9788 0.1552 -0.1335
vn 0.8999 0.1191 -0.4195
vn 0.9937 0.0850 -0.0735
vn 0.9278 0.0597 -0.3683
vn 0.9985 0.0448 0.0327
vn 0.9984 0.0551 -0.0126
vn 0.9752 0.0521 -0.2150
vn 0.9721 0.0408 -0.2310
vn 0.9997 0.0189 0.0125
vn 0.9651 0.0156 -0.2615
vn 0.9802 0.0138 -0.1975
vn 0.9996 0.0228 0.0181
vn 0.9846 0.0138 -0.1744
vn 0.9996 0.0213 0.0184
vn 0.9673 -0.0117 -0.2533
vn 0.9984 -0.0204 -0.0535
vn 0.9997 0.0050 -0.0224
vn 0.9812 0.0153 -0.1926
vn 0.9646 -0.0423 -0.2602
vn 0.9978 -0.0341 -0.0577
vn 0.9736 -0.0486 -0.2230
vn 0.9986 -0.0477 -0.0218
vn 0.9985 -0.0549 -0.0072
vn 0.9706 -0.0644 -0.2320
vn 0.9967 -0.0685 -0.0429
vn 0.9766 -0.0601 -0.2064
vn 0.9970 -0.0477 -0.0604
vn 0.9979 -0.0634 -0.0166
vn 0.9766 -0.0519 -0.2089
vn 0.9540 -0.0348 -0.2978
vn 0.9560 -0.0437 -0.2901
vn 0.9972 -0.0382 -0.0636
vn 0.9604 -0.0458 -0.2749
vn 0.9962 -0.0370 -0.0788
vn 0.9431 -0.0532 -0.3282
vn 0.9951 -0.0439 -0.0882
vn 0.9657 -0.0484 -0.2551
vn 0.9962 -0.0436 -0.0748
vn 0.9932 -0.0311 -0.1120
vn 0.9518 -0.0456 -0.3033
vn 0.9551 -0.0033 -0.2963
vn 0.9931 0.0159 -0.1160
vn 0.9942 -0.0069 -0.1073
vn 0.9555 -0.0250 -0.2939
vn 0.9488 0.0200 -0.3152
vn 0.9915 0.0403 -0.1237
vn 0.9429 0.0452 -0.3301
vn 0.9910 0.0684 -0.1149
vn 0.9396 0.0803 -0.3328
vn 0.9872 0.0977 -0.1261
vn 0.9367 0.1191 -0.3294
vn 0.9824 0.1319 -0.1325
vn 0.9634 0.2276 -0.1415
vn 0.9659 0.2139 -0.1462
vn 0.9097 0.2376 -0.3405
vn 0.8828 0.2662 -0.3870
vn 0.9493 0.2686 -0.1635
vn 0.8515 0.3077 -0.4246
vn 0.9269 0.3137 -0.2062
vn 0.8240 0.3408 -0.4527
vn 0.7872 0.4024 -0.4672
vn 0.8858 0.3891 -0.2530
vn 0.9154 0.3461 -0.2057
vn 0.8166 0.3668 -0.4457
vn 0.9002 0.3964 -0.1802
vn 0.8907 0.3869 -0.2386
vn 0.8285 0.4015 -0.3903
vn 0.8039 0.4244 -0.4168
vn 0.8009 0.4058 -0.4403
vn 0.9048 0.3600 -0.2276
vn 0.9081 0.3675 -0.2008
vn 0.7746 0.4248 -0.4687
vn 0.8246 0.3601 -0.4364
vn 0.9316 0.2895 -0.2199
vn 0.9303 0.3173 -0.1839
vn 0.8099 0.3867 -0.4411
vn 0.9563 0.1674 -0.2396
vn 0.9591 0.1803 -0.2183
vn 0.8547 0.2655 -0.4462
vn 0.8639 0.2202 -0.4530
vn 0.8977 0.1550 -0.4123
vn 0.9668 0.1085 -0.2312
vn 0.9552 0.1278 -0.2669
vn 0.8768 0.1512 -0.4565
vn 0.9918 0.0177 -0.1268
vn 0.9745 0.0558 -0.2172
vn 0.9422 -0.0485 -0.3314
vn 0.9505 0.0422 -0.3079
vn 0.9823 -0.0398 -0.1831
vn 0.8727 0.1923 -0.4488
vn 0.8841 0.0219 -0.4668
vn 0.9558 -0.0056 -0.2940
vn 0.8868 0.1306 -0.4433
vn 0.9541 0.1483 -0.2602
vn 0.9053 0.0211 -0.4242
vn 0.9733 -0.0077 -0.2294
vn 0.9041 -0.0091 -0.4272
vn 0.9721 -0.0256 -0.2331
vn 0.9052 -0.0445 -0.4226
vn 0.9651 -0.0550 -0.2561
vn 0.9652 -0.0382 -0.2586
vn 0.8995 -0.0182 -0.4365
vn 0.9752 -0.0745 -0.2086
vn 0.9745 -0.0644 -0.2148
vn 0.9493 -0.0867 -0.3021
vn 0.9489 -0.0470 -0.3120
vn 0.9779 -0.0443 -0.2044
vn 0.9444 -0.0590 -0.3234
vn 0.9798 -0.0618 -0.1901
vn 0.9325 -0.0600 -0.3560
vn 0.1901 -0.0548 -0.9802
vn -0.0695 -0.0612 -0.9957
vn -0.2665 -0.0838 -0.9602
vn -0.4043 -0.1247 -0.9061
vn -0.6111 -0.1530 -0.7767
vn -0.7647 -0.1879 -0.6164
vn -0.9675 -0.2439 0.0668
vn -0.9551 -0.2350 -0.1806
vn 0.8739 0.2871 -0.3923
vn -0.9532 -0.1683 -0.2512
vn -0.9801 -0.1814 -0.0803
vn 0.8833 -0.0564 -0.4653
vn -0.9788 -0.1798 0.0983
vn -0.9562 -0.2007 0.2133
vn -0.9882 0.0232 -0.1514
vn -0.9704 -0.0978 -0.2209
vn 0.8778 -0.0636 -0.4747
vn 0.8998 0.1272 -0.4173
vn -0.9639 -0.1819 0.1947
vn -0.8976 -0.2434 0.3675
vn 0.7920 0.3105 -0.5256
vn 0.7755 0.3192 -0.5447
vn 0.7147 0.3447 -0.6087
vn 0.6121 0.3782 -0.6945
vn 0.4570 0.3858 -0.8014
vn 0.2515 0.3622 -0.8975
vn 0.0861 0.3252 -0.9417
vn -0.1471 0.2336 -0.9611
vn -0.4390 0.2560 -0.8613
vn -0.6209 0.2307 -0.7491
vn -0.7847 0.1869 -0.5910
vn -0.9351 0.1781 -0.3065
vn -0.9705 0.1243 -0.2068
vn 0.4953 -0.0574 -0.8668
vn -0.9023 -0.2855 0.3231
vn -0.8545 -0.2987 0.4249
vn -0.9591 -0.0831 -0.2705
vn -0.9926 -0.1201 -0.0193
vn 0.8073 0.2237 -0.5461
vn 0.9075 0.2717 -0.3205
vn 0.9309 0.1620 -0.3274
vn 0.9739 0.1696 -0.1509
vn 0.7930 0.3978 -0.4615
vn 0.8498 0.3196 -0.4193
vn 0.9439 0.2505 -0.2150
vn 0.8855 -0.0785 -0.4579
vn 0.9584 -0.0892 -0.2713
vn -0.8593 -0.1689 -0.4829
vn 0.8461 0.2840 -0.4510
vn 0.9455 0.2327 -0.2279
vn 0.7911 -0.0645 -0.6083
vn 0.6464 -0.0659 -0.7601
vn -0.9412 -0.1926 0.2775
vn -0.9903 -0.1310 0.0461
vn -0.9894 -0.1351 0.0540
vn -0.9402 -0.2122 0.2665
vn -0.9609 -0.2230 0.1644
vn -0.9653 -0.2522 -0.0670
vn -0.9128 -0.2566 -0.3179
vn -0.8329 -0.3350 -0.4405
vn -0.8372 -0.3333 -0.4337
vn -0.8028 -0.2747 -0.5292
vn -0.8032 -0.2796 -0.5260
vn -0.7935 -0.2716 -0.5447
vn -0.8069 -0.2553 -0.5326
vn -0.8261 -0.2405 -0.5097
vn -0.8324 -0.2290 -0.5046
vn -0.8362 -0.2176 -0.5035
vn -0.8394 -0.2050 -0.5034
vn -0.8530 -0.1988 -0.4825
vn -0.8478 -0.1832 -0.4977
vn -0.8750 -0.1797 -0.4496
vn -0.8883 -0.1761 -0.4241
vn -0.9701 -0.1497 -0.1909
vn -0.9211 -0.1265 -0.3681
vn 0.7766 0.2236 -0.5890
vn 0.9296 0.1927 -0.3143
vn 0.8416 0.2239 -0.4915
vn 0.6831 0.4294 -0.5907
vn 0.6455 0.4417 -0.6231
vn 0.8793 -0.0668 -0.4716
vn 0.8134 0.1963 -0.5476
vn 0.9113 -0.0999 -0.3995
vn 0.4046 -0.0483 -0.9132
vn 0.3007 0.0145 -0.9536
vn -0.9116 -0.1628 -0.3774
vn -0.8476 -0.1768 -0.5003
vn 0.7142 0.1290 -0.6879
vn 0.6445 0.1347 -0.7526
vn 0.7746 0.1935 -0.6021
vn 0.6285 0.1296 -0.7670
vn -0.9034 -0.0698 -0.4231
vn -0.9058 -0.0936 -0.4132
vn -0.8996 -0.1293 -0.4171
vn -0.9045 -0.1500 -0.3991
vn 0.7256 0.0971 -0.6812
vn 0.6930 0.1011 -0.7139
vn 0.6805 0.1324 -0.7207
vn 0.8202 0.0597 -0.5690
vn 0.8252 0.0174 -0.5645
vn 0.8448 -0.0060 -0.5350
vn 0.8687 -0.0248 -0.4948
vn 0.8229 0.1018 -0.5590
vn -0.9029 -0.2624 -0.3406
vn -0.9228 -0.2484 -0.2944
vn 0.8785 -0.0702 -0.4726
vn 0.8416 -0.0661 -0.5361
vn 0.8683 -0.0500 -0.4935
vn 0.8673 -0.0439 -0.4959
vn 0.8643 -0.0388 -0.5016
vn 0.8899 -0.0631 -0.4517
vn -0.8033 -0.2565 -0.5375
vn -0.7455 -0.3135 -0.5882
vn 0.9028 -0.0102 -0.4300
vn 0.8940 -0.0021 -0.4481
vn 0.8806 0.0061 -0.4739
vn 0.9209 -0.0114 -0.3897
vn 0.8797 -0.0317 -0.4745
vn 0.8706 -0.0634 -0.4879
vn 0.8819 -0.0602 -0.4675
vn 0.8947 -0.0723 -0.4408
vn 0.8934 -0.0552 -0.4458
vn 0.8790 -0.0622 -0.4727
vn 0.8846 -0.0588 -0.4626
vn 0.8557 -0.0709 -0.5126
vn -0.9749 -0.2222 0.0105
vn -0.9679 -0.2409 -0.0716
vn -0.9536 -0.3006 -0.0161
vn -0.9516 -0.2827 -0.1206
vn -0.4367 -0.1202 -0.8915
vn -0.6461 -0.1509 -0.7482
vn -0.7676 -0.1715 -0.6175
vn -0.9897 -0.1181 -0.0808
vn -0.9963 -0.0382 -0.0770
vn -0.9871 -0.1358 -0.0851
vn -0.9826 -0.1514 -0.1077
vn -0.9699 -0.2329 -0.0713
vn -0.9897 -0.1261 -0.0675
vn -0.9900 -0.1204 -0.0741
vn -0.9883 -0.1270 -0.0840
vn -0.8213 -0.3526 -0.4484
vn -0.8353 -0.3031 -0.4587
vn -0.9492 -0.1340 -0.2848
vn -0.9604 -0.1089 -0.2566
vn -0.9707 -0.0813 -0.2261
vn -0.9795 -0.0706 -0.1885
vn -0.9452 -0.1579 -0.2858
vn -0.9245 -0.1513 -0.3498
vn -0.7654 -0.3013 -0.5686
vn -0.7923 -0.2618 -0.5511
vn 0.7858 -0.0115 -0.6183
vn 0.7867 0.0350 -0.6164
vn 0.7768 0.0867 -0.6238
vn 0.7821 0.0730 -0.6188
vn 0.7489 0.2673 -0.6064
vn 0.8030 -0.0451 -0.5943
vn 0.7927 -0.0390 -0.6084
vn -0.9823 -0.1648 0.0888
vn -0.9872 -0.1518 0.0481
vn 0.7849 0.2140 -0.5815
vn 0.7983 0.1936 -0.5703
vn 0.7134 0.2783 -0.6431
vn 0.6931 0.3017 -0.6546
vn -0.9528 -0.2792 -0.1189
vn -0.9573 -0.2890 -0.0045
vn -0.9658 -0.2585 0.0206
vn -0.9797 -0.1962 0.0407
vn -0.9846 -0.1648 0.0587
vn -0.9792 -0.1942 0.0595
vn 0.6072 0.3922 -0.6910
vn 0.6472 0.3647 -0.6694
vn -0.9870 -0.0606 -0.1490
vn -0.9925 -0.0590 -0.1071
vn -0.9928 -0.0640 -0.1010
vn -0.9960 -0.0802 -0.0397
vn -0.9950 -0.1000 -0.0071
vn 0.7536 0.2578 -0.6047
vn 0.7344 0.2828 -0.6171
vn 0.6922 0.3124 -0.6506
vn 0.6850 0.3374 -0.6457
vn 0.6432 0.4004 -0.6526
vn 0.6425 0.4152 -0.6441
vn 0.7820 0.0610 -0.6203
vn 0.7998 0.0207 -0.5999
vn 0.9245 -0.0587 -0.3767
vn 0.9199 -0.0432 -0.3897
vn 0.0099 -0.0041 -0.9999
vn -0.2255 -0.1016 -0.9689
vn 0.6300 0.1630 -0.7593
vn 0.8752 0.2966 -0.3822
vn 0.6843 0.2866 -0.6705
vn -0.9334 -0.1372 -0.3317
vn 0.7916 -0.0781 -0.6060
vn -0.9838 -0.1683 -0.0615
vn 0.7377 0.0551 -0.6729
vn 0.6522 0.0240 -0.7577
vn -0.8966 -0.1702 -0.4088
vn -0.8472 -0.1670 -0.5044
vn 0.8935 -0.0268 -0.4482
vn 0.9362 0.0029 -0.3516
vn 0.9224 -0.0444 -0.3838
vn 0.8391 -0.0608 -0.5405
vn 0.7619 -0.0705 -0.6439
vn -0.9875 -0.1488 0.0518
vn 0.1716 0.0335 -0.9846
vn 0.6276 0.4392 -0.6428
vn 0.6056 0.4003 -0.6878
vn -0.9113 -0.2056 -0.3566
vn 0.6424 0.4292 -0.6349
vn 0.6776 0.3608 -0.6408
vn 0.6873 0.3271 -0.6486
vn -0.9890 -0.1154 -0.0922
vn -0.8725 -0.2289 -0.4316
vn -0.8851 -0.3008 -0.3551
vn -0.8146 -0.2629 -0.5170
vn 0.6011 0.1508 -0.7848
vn 0.8754 0.0426 -0.4816
vn 0.8696 -0.0438 -0.4918
vn 0.8347 0.1409 -0.5323
vn 0.7315 0.2152 -0.6470
vn 0.7977 0.1747 -0.5772
vn 0.8314 -0.1011 -0.5464
vn 0.8093 -0.0903 -0.5804
vn -0.9546 -0.1539 -0.2551
vn 0.5662 0.3434 -0.7493
vn 0.4011 0.3535 -0.8451
vn 0.1953 0.3431 -0.9188
vn -0.1143 0.3237 -0.9392
vn -0.3700 0.2910 -0.8823
vn -0.5858 0.1963 -0.7863
vn -0.8972 0.1628 -0.4104
vn -0.9453 0.1022 -0.3098
vn -0.9640 0.0560 -0.2600
vn -0.9415 -0.0258 -0.3359
vn -0.9876 -0.1366 -0.0768
vn -0.9036 -0.0766 -0.4214
vn 0.6406 0.2272 -0.7335
vn 0.6041 0.1974 -0.7721
vn 0.8385 -0.0318 -0.5439
vn 0.6592 0.2279 -0.7166
vn -0.9927 -0.1195 0.0140
vn -0.9871 -0.1600 0.0107
vn -0.3362 -0.0073 -0.9418
vn -0.1932 0.1252 -0.9731
vn -0.9360 -0.1422 -0.3221
vn 0.7348 0.2334 -0.6369
vn 0.8419 0.1773 -0.5098
vn 0.7466 0.3319 -0.5766
vn 0.6907 -0.0838 -0.7183
vn 0.5081 0.4184 -0.7529
vn 0.4395 0.4309 -0.7881
vn 0.7955 -0.0718 -0.6017
vn 0.6722 0.2598 -0.6933
vn 0.6343 0.3407 -0.6939
vn 0.6962 0.1268 -0.7066
vn 0.6914 0.0860 -0.7173
vn 0.6879 0.0439 -0.7245
vn 0.6945 -0.0169 -0.7193
vn -0.9059 -0.1560 -0.3937
vn -0.8428 -0.1560 -0.5151
vn 0.5775 0.1673 -0.7990
vn -0.7255 -0.2508 -0.6410
vn -0.6095 -0.2197 -0.7617
vn 0.6935 0.2315 -0.6822
vn 0.7465 -0.0749 -0.6612
vn 0.7774 -0.0914 -0.6224
vn 0.8156 -0.0728 -0.5739
vn -0.6569 -0.2348 -0.7165
vn -0.6351 -0.2399 -0.7342
vn -0.5491 -0.2372 -0.8014
vn -0.5998 -0.2528 -0.7592
vn -0.6067 -0.2540 -0.7533
vn -0.6057 -0.2490 -0.7557
vn -0.6680 -0.2264 -0.7089
vn -0.6648 -0.2130 -0.7160
vn -0.7072 -0.1935 -0.6800
vn -0.6406 -0.1516 -0.7527
vn -0.7581 -0.1535 -0.6338
vn -0.8005 -0.1593 -0.5778
vn -0.8893 -0.0923 -0.4479
vn -0.8932 -0.0669 -0.4447
vn -0.8847 -0.1224 -0.4498
vn 0.6475 0.0400 -0.7610
vn 0.6208 0.0039 -0.7840
vn 0.7185 -0.0325 -0.6948
vn 0.7326 -0.0414 -0.6794
vn 0.6235 0.0820 -0.7775
vn 0.7295 -0.0798 -0.6793
vn 0.7445 -0.0542 -0.6654
vn 0.7291 -0.0474 -0.6828
vn 0.7560 -0.0576 -0.6521
vn -0.5082 -0.2683 -0.8184
vn -0.5661 -0.2161 -0.7955
vn 0.7830 -0.0260 -0.6215
vn 0.7863 -0.0449 -0.6162
vn 0.7699 -0.0040 -0.6381
vn 0.8535 -0.0217 -0.5206
vn 0.7702 -0.0869 -0.6319
vn 0.7461 -0.0776 -0.6613
vn 0.7588 -0.0849 -0.6457
vn 0.7468 -0.0631 -0.6620
vn -0.9861 -0.1188 -0.1164
vn -0.9857 -0.1040 -0.1327
vn -0.9567 -0.1010 -0.2731
vn -0.9401 -0.2009 -0.2755
vn -0.9542 -0.1127 -0.2773
vn -0.9667 -0.0430 -0.2522
vn -0.9557 -0.0965 -0.2781
vn -0.9555 -0.0664 -0.2873
vn -0.9403 -0.0910 -0.3279
vn 0.5221 -0.0668 -0.8503
vn 0.4132 -0.0716 -0.9078
vn -0.9516 -0.2309 -0.2027
vn -0.9136 -0.1758 -0.3667
vn -0.9676 -0.1706 -0.1862
vn -0.9812 -0.1195 -0.1518
vn -0.9565 -0.1723 -0.2355
vn -0.9338 -0.1736 -0.3129
vn -0.9430 -0.2134 -0.2552
vn -0.9070 -0.1993 -0.3709
vn -0.9335 -0.0028 -0.3586
vn -0.9469 -0.0067 -0.3213
vn -0.9570 -0.0188 -0.2894
vn -0.9633 -0.0309 -0.2665
vn -0.9151 -0.0033 -0.4032
vn -0.5431 -0.1426 -0.8275
vn -0.6988 -0.1516 -0.6990
vn -0.8028 -0.1416 -0.5792
vn -0.8570 -0.1325 -0.4980
vn -0.8337 -0.1407 -0.5340
vn -0.6210 -0.2839 -0.7306
vn -0.6101 -0.2486 -0.7523
vn -0.4997 -0.2231 -0.8370
vn -0.6166 -0.2415 -0.7493
vn 0.7049 -0.0661 -0.7062
vn 0.7112 -0.0937 -0.6967
vn 0.5095 0.2745 -0.8155
vn 0.4915 0.3148 -0.8120
vn -0.9771 -0.1562 -0.1442
vn 0.3980 0.3650 -0.8416
vn 0.4471 0.3491 -0.8236
vn -0.8790 -0.0255 -0.4762
vn -0.8957 -0.0123 -0.4444
vn -0.8611 -0.0435 -0.5065
vn -0.8448 -0.0647 -0.5311
vn -0.8378 -0.0762 -0.5406
vn -0.7997 -0.0829 -0.5947
vn 0.6891 0.0102 -0.7246
vn 0.6604 0.0133 -0.7508
vn 0.6353 0.0540 -0.7704
vn 0.6062 0.0973 -0.7893
vn -0.5828 -0.2741 -0.7650
vn -0.6719 -0.3242 -0.6659
vn -0.6589 -0.2803 -0.6981
vn 0.7834 -0.0776 -0.6167
vn 0.7728 -0.0890 -0.6284
vn 0.8149 -0.0810 -0.5738
vn 0.5566 0.2591 -0.7894
vn 0.5760 0.2271 -0.7853
vn 0.5305 0.2918 -0.7959
vn 0.4945 0.3234 -0.8068
vn -0.9855 -0.1005 -0.1365
vn -0.9865 -0.1117 -0.1197
vn -0.7700 -0.2299 -0.5952
vn -0.7468 -0.2223 -0.6268
vn 0.4300 0.4109 -0.8039
vn 0.4404 0.4231 -0.7919
vn -0.8340 -0.1046 -0.5418
vn -0.9219 -0.0504 -0.3842
vn 0.5543 0.1034 -0.8259
vn 0.6920 -0.0111 -0.7218
vn 0.3661 0.3760 -0.8512
vn -0.9743 -0.1127 -0.1948
vn 0.4492 0.4314 -0.7824
vn 0.4604 0.4326 -0.7752
vn 0.5692 0.1579 -0.8069
vn -0.8026 -0.1420 -0.5794
vn -0.6545 -0.1412 -0.7427
vn 0.6192 -0.0850 -0.7806
vn 0.7180 -0.0717 -0.6923
vn 0.3074 -0.1077 -0.9455
vn 0.0686 -0.1229 -0.9900
vn -0.8359 -0.1238 -0.5347
vn 0.4442 0.3913 -0.8059
vn -0.4596 0.0274 -0.8877
vn 0.6314 0.1264 -0.7651
vn -0.8008 -0.1602 -0.5771
vn -0.7299 -0.0988 -0.6763
vn 0.6457 -0.0399 -0.7626
vn 0.7216 -0.1011 -0.6849
vn -0.9817 -0.0968 -0.1640
vn 0.5237 0.2351 -0.8188
vn 0.5247 0.3502 -0.7759
vn 0.5448 0.3524 -0.7609
vn 0.7522 -0.0444 -0.6575
vn -0.5165 -0.1849 -0.8361
vn -0.3647 -0.1719 -0.9151
vn 0.5858 0.1871 -0.7886
vn 0.6801 0.1662 -0.7140
vn 0.7696 -0.1019 -0.6304
vn 0.5459 0.2791 -0.7900
vn 0.3721 0.3099 -0.8749
vn 0.0138 0.3098 -0.9507
vn -0.9293 0.0694 -0.3628
vn -0.9652 -0.0656 -0.2531
vn 0.6962 0.2090 -0.6868
vn -0.8948 -0.0656 -0.4416
vn -0.9070 -0.0813 -0.4132
vn -0.2995 -0.2004 -0.9328
vn -0.9392 -0.0501 -0.3397
vn -0.8308 -0.1505 -0.5358
vn -0.9266 -0.1193 -0.3566
vn -0.8975 -0.1162 -0.4254
vn -0.8717 0.1135 -0.4768
vn -0.8658 -0.1596 -0.4742
vn -0.2592 0.0174 -0.9657
vn 0.6709 0.0686 -0.7383
vn 0.6861 -0.0758 -0.7236
vn 0.7350 -0.0919 -0.6718
vn 0.6832 -0.0826 -0.7256
vn -0.8626 -0.1079 -0.4942
vn -0.8491 -0.1518 -0.5060
vn 0.7893 -0.0630 -0.6107
vn 0.3032 0.3934 -0.8679
vn 0.2806 0.4060 -0.8697
vn 0.6508 0.0695 -0.7561
vn 0.5025 0.3996 -0.7667
vn 0.6047 0.1471 -0.7827
vn 0.6155 0.0927 -0.7827
vn 0.6080 0.0679 -0.7910
vn 0.5386 0.2215 -0.8130
vn 0.4942 0.2046 -0.8449
vn 0.5415 0.2180 -0.8119
vn 0.5739 0.2187 -0.7892
vn 0.7409 -0.0699 -0.6679
vn 0.5903 -0.0207 -0.8069
vn -0.8631 -0.0875 -0.4974
vn -0.8729 -0.0603 -0.4842
vn 0.7334 -0.0253 -0.6794
vn 0.6829 -0.1090 -0.7223
vn 0.5158 0.0068 -0.8567
vn 0.5137 0.0735 -0.8548
vn 0.4177 0.0329 -0.9080
vn 0.3770 -0.0057 -0.9262
vn 0.5035 -0.0361 -0.8632
vn 0.5723 -0.0516 -0.8184
vn 0.3999 0.0837 -0.9127
vn -0.5400 -0.1650 -0.8254
vn -0.5268 -0.1769 -0.8314
vn 0.6368 -0.0862 -0.7662
vn 0.6285 -0.0744 -0.7742
vn 0.6845 -0.0731 -0.7253
vn -0.2044 -0.1901 -0.9603
vn -0.3244 -0.1737 -0.9298
vn 0.6270 -0.0222 -0.7787
vn 0.6446 -0.0498 -0.7629
vn 0.6103 -0.0563 -0.7902
vn 0.7494 -0.0598 -0.6594
vn -0.6231 -0.1152 -0.7736
vn -0.4725 -0.1062 -0.8749
vn -0.2466 -0.1156 -0.9622
vn -0.3276 -0.2136 -0.9203
vn -0.2802 -0.2043 -0.9380
vn -0.1470 -0.1861 -0.9715
vn -0.2809 -0.2040 -0.9378
vn -0.2432 -0.2017 -0.9488
vn -0.3297 -0.1986 -0.9230
vn -0.3563 -0.2134 -0.9097
vn -0.3471 -0.2086 -0.9143
vn -0.3399 -0.1795 -0.9232
vn 0.6168 -0.1207 -0.7778
vn 0.5441 -0.0732 -0.8358
vn 0.5634 -0.0676 -0.8234
vn 0.4358 -0.0529 -0.8985
vn -0.8466 0.0675 -0.5279
vn -0.8615 0.0601 -0.5042
vn -0.8757 0.0415 -0.4811
vn -0.8259 0.0683 -0.5597
vn -0.8182 0.0616 -0.5716
vn -0.8718 -0.1965 -0.4487
vn -0.8834 -0.1335 -0.4492
vn -0.9013 -0.0616 -0.4287
vn -0.8968 -0.0667 -0.4374
vn -0.8971 -0.0721 -0.4358
vn -0.8639 -0.0426 -0.5018
vn -0.8506 -0.0092 -0.5258
vn 0.5481 -0.0038 -0.8364
vn 0.5246 -0.0127 -0.8512
vn -0.7060 -0.0066 -0.7082
vn -0.7054 0.0226 -0.7084
vn -0.7299 0.0401 -0.6824
vn -0.7458 0.0605 -0.6634
vn -0.6667 -0.0178 -0.7451
vn -0.6544 -0.0270 -0.7557
vn 0.5849 -0.0761 -0.8075
vn 0.5964 -0.0654 -0.8000
vn 0.5668 -0.0614 -0.8216
vn 0.6177 -0.0688 -0.7834
vn -0.9014 -0.1531 -0.4049
vn -0.8408 -0.1039 -0.5313
vn -0.8923 -0.0833 -0.4438
vn -0.9116 -0.0529 -0.4076
vn 0.2357 0.3296 -0.9142
vn 0.2507 0.3139 -0.9158
vn 0.2394 0.3975 -0.8858
vn 0.2481 0.4029 -0.8810
vn -0.6695 -0.0784 -0.7387
vn -0.6505 -0.0979 -0.7532
vn -0.3424 -0.2036 -0.9172
vn -0.1590 -0.1322 -0.9784
vn 0.6106 -0.1105 -0.7842
vn 0.6364 -0.1063 -0.7640
vn 0.5950 -0.0986 -0.7977
vn 0.5745 -0.1018 -0.8122
vn 0.6537 -0.0828 -0.7522
vn -0.7801 -0.1449 -0.6087
vn -0.6353 -0.1106 -0.7643
vn -0.6434 0.0218 -0.7652
vn -0.4144 -0.2101 -0.8855
vn -0.9435 -0.0546 -0.3269
vn -0.9316 -0.0377 -0.3615
vn 0.2881 0.2776 -0.9165
vn 0.3209 0.3259 -0.8893
vn -0.3721 -0.2146 -0.9030
vn -0.3731 -0.2135 -0.9029
vn 0.3718 0.2120 -0.9038
vn 0.4009 0.1657 -0.9010
vn 0.3362 0.2487 -0.9084
vn 0.3384 0.2858 -0.8966
vn -0.9456 -0.0661 -0.3184
vn -0.9516 -0.0808 -0.2966
vn 0.3373 0.2467 -0.9085
vn -0.5835 0.1646 -0.7953
vn -0.8922 -0.0306 -0.4507
vn -0.6707 -0.0613 -0.7392
vn 0.5995 -0.0969 -0.7945
vn -0.5453 -0.0910 -0.8333
vn 0.6218 -0.0885 -0.7782
vn 0.4972 -0.0915 -0.8628
vn -0.1129 0.2174 -0.9695
vn -0.9065 0.0054 -0.4223
vn -0.7793 0.0911 -0.6200
vn 0.3089 0.2019 -0.9294
vn -0.7054 -0.0222 -0.7085
vn 0.1319 0.3430 -0.9300
vn 0.3545 -0.0460 -0.9339
vn 0.5307 0.1549 -0.8333
vn -0.9007 -0.0658 -0.4295
vn -0.4606 -0.0780 -0.8842
vn 0.5574 -0.0944 -0.8249
vn 0.6033 -0.0597 -0.7953
vn 0.6780 -0.1105 -0.7267
vn -0.7218 -0.0946 -0.6856
vn -0.7203 -0.0725 -0.6899
vn 0.2529 0.4082 -0.8772
vn -0.8341 -0.0927 -0.5438
vn 0.5113 -0.0257 -0.8590
vn 0.4559 0.1346 -0.8798
vn -0.6221 -0.1151 -0.7744
vn 0.5704 -0.0551 -0.8195
vn 0.5934 -0.0920 -0.7997
vn -0.9022 -0.0257 -0.4306
vn 0.3908 0.3312 -0.8588
vn 0.2552 0.4071 -0.8770
vn -0.8739 0.0065 -0.4861
vn 0.4719 -0.1033 -0.8756
vn -0.0206 -0.1451 -0.9892
vn -0.1196 -0.1487 -0.9816
vn -0.2542 -0.1325 -0.9580
vn -0.7896 -0.0686 -0.6097
vn 0.4730 -0.0232 -0.8808
vn -0.1357 -0.1609 -0.9776
vn -0.9402 -0.0667 -0.3341
vn 0.2317 0.3762 -0.8971
vn 0.1352 -0.1096 -0.9847
vn -0.5885 0.1668 -0.7911
vn -0.2397 -0.1677 -0.9563
vn -0.7199 -0.0805 -0.6894
vn -0.6481 -0.0527 -0.7597
vn -0.0339 -0.2467 -0.9685
vn 0.2132 0.1937 -0.9576
vn -0.6921 -0.0348 -0.7210
vn -0.7658 -0.0327 -0.6422
vn 0.6559 -0.0578 -0.7527
vn 0.4840 -0.1205 -0.8667
vn 0.6312 -0.1020 -0.7689
vn -0.8096 -0.1082 -0.5769
vn -0.7181 -0.0662 -0.6928
vn -0.6562 -0.0128 -0.7545
vn -0.7982 -0.1014 -0.5938
vn -0.7789 -0.1672 -0.6045
vn 0.5571 -0.0852 -0.8261
vn 0.5433 -0.1149 -0.8316
vn -0.7849 -0.2503 -0.5669
vn -0.0897 -0.0521 -0.9946
vn -0.2273 -0.0529 -0.9724
vn -0.3216 -0.0756 -0.9438
vn -0.8205 -0.0479 -0.5696
vn -0.7571 -0.1012 -0.6455
vn -0.7309 0.0383 -0.6814
vn -0.8560 -0.0677 -0.5125
vn -0.7852 -0.0573 -0.6166
vn -0.7060 -0.0255 -0.7078
vn -0.1190 -0.1617 -0.9796
vn 0.1273 -0.1559 -0.9795
vn -0.0372 -0.1835 -0.9823
vn 0.0427 -0.1703 -0.9845
vn 0.0710 -0.1728 -0.9824
vn 0.1050 -0.1575 -0.9819
vn 0.2071 -0.1156 -0.9715
vn 0.1284 -0.1495 -0.9804
vn 0.0975 -0.1430 -0.9849
vn 0.0044 -0.1561 -0.9877
vn 0.1870 -0.1136 -0.9758
vn 0.4050 -0.1068 -0.9081
vn 0.3331 -0.1154 -0.9358
vn -0.7233 0.1395 -0.6763
vn -0.7365 0.1283 -0.6642
vn -0.7466 0.1109 -0.6560
vn -0.7015 0.1369 -0.6994
vn -0.6583 0.1317 -0.7411
vn 0.4721 0.0874 -0.8772
vn 0.4582 0.1393 -0.8779
vn 0.4352 0.2556 -0.8633
vn 0.4300 0.2244 -0.8745
vn 0.5440 0.0303 -0.8385
vn 0.4871 0.0360 -0.8726
vn 0.4568 0.0919 -0.8848
vn -0.2240 -0.0378 -0.9739
vn -0.2259 -0.0187 -0.9740
vn 0.2670 0.0005 -0.9637
vn 0.2438 -0.0106 -0.9698
vn 0.2529 0.0521 -0.9661
vn 0.2206 -0.0154 -0.9753
vn 0.3013 0.1224 -0.9456
vn 0.2332 -0.0464 -0.9713
vn 0.3312 -0.0644 -0.9414
vn 0.3771 -0.0775 -0.9229
vn 0.2000 0.0087 -0.9798
vn 0.1957 0.0331 -0.9801
vn 0.1892 0.0487 -0.9807
vn -0.2701 -0.0830 -0.9593
vn -0.2872 -0.1179 -0.9506
vn 0.4303 -0.0537 -0.9011
vn 0.4321 -0.0883 -0.8975
vn 0.4780 -0.0802 -0.8747
vn 0.3987 -0.0383 -0.9163
vn 0.3241 -0.0348 -0.9454
vn 0.3840 -0.1338 -0.9136
vn 0.3820 -0.1417 -0.9132
vn 0.3774 -0.1295 -0.9170
vn 0.4280 -0.1218 -0.8955
vn -0.8643 -0.0197 -0.5027
vn -0.8555 -0.0272 -0.5171
vn 0.1318 0.3789 -0.9160
vn 0.1263 0.3613 -0.9239
vn 0.0745 0.3622 -0.9291
vn 0.0778 0.3702 -0.9257
vn -0.7736 0.0269 -0.6331
vn -0.7730 -0.0289 -0.6337
vn -0.0100 -0.1265 -0.9919
vn -0.0801 -0.1445 -0.9863
vn -0.0616 -0.1480 -0.9871
vn 0.0933 -0.1082 -0.9897
vn 0.3415 -0.0835 -0.9362
vn 0.4141 -0.0833 -0.9064
vn 0.3942 -0.0970 -0.9139
vn 0.1939 0.2513 -0.9483
vn 0.1587 0.1971 -0.9675
vn 0.1823 0.1732 -0.9679
vn 0.2019 0.1306 -0.9707
vn -0.4989 0.0458 -0.8654
vn -0.4344 0.0278 -0.9003
vn -0.4643 0.0857 -0.8815
vn -0.5623 0.1025 -0.8206
vn -0.5796 0.1353 -0.8036
vn -0.4382 0.0169 -0.8987
vn 0.0235 0.2888 -0.9571
vn 0.0629 0.2754 -0.9593
vn -0.8367 0.0139 -0.5475
vn -0.7679 0.0583 -0.6379
vn 0.0886 0.2886 -0.9533
vn 0.1420 0.3557 -0.9238
vn 0.4146 0.1853 -0.8909
vn 0.3621 0.1887 -0.9128
vn -0.1807 0.2043 -0.9621
vn -0.9138 -0.0300 -0.4050
vn 0.0577 0.3611 -0.9307
vn -0.7588 0.0712 -0.6474
vn -0.6964 0.1084 -0.7094
vn 0.4064 -0.1558 -0.9003
vn 0.3905 -0.1017 -0.9150
vn -0.2073 0.1435 -0.9677
vn 0.2817 0.1801 -0.9425
vn -0.7520 0.0357 -0.6582
vn 0.2284 -0.0435 -0.9726
vn -0.1394 -0.0674 -0.9879
vn -0.3370 0.1437 -0.9305
vn -0.4485 -0.0763 -0.8905
vn -0.5567 0.0113 -0.8306
vn 0.1690 -0.1470 -0.9746
vn -0.0716 -0.3414 -0.9372
vn -0.2698 -0.2690 -0.9246
vn -0.6246 -0.2520 -0.7392
vn -0.4052 -0.3191 -0.8567
vn 0.1856 -0.0928 -0.9782
vn 0.0670 -0.0575 -0.9961
vn 0.4713 -0.0775 -0.8786
vn 0.5369 -0.1220 -0.8348
vn 0.4825 -0.1196 -0.8677
vn 0.0706 0.3744 -0.9246
vn 0.0687 0.3770 -0.9237
vn 0.3001 0.3828 -0.8738
vn 0.1067 0.3553 -0.9286
vn 0.3070 -0.1372 -0.9418
vn 0.1706 -0.0971 -0.9805
vn 0.1425 -0.1217 -0.9823
vn 0.1237 -0.0256 -0.9920
vn -0.7168 0.0365 -0.6964
vn -0.5574 -0.0646 -0.8277
vn 0.0834 0.2043 -0.9753
vn -0.6675 -0.0316 -0.7440
vn 0.5069 -0.0996 -0.8562
vn 0.3933 -0.1066 -0.9132
vn 0.3893 -0.0770 -0.9179
vn -0.5499 0.0074 -0.8352
vn 0.5425 -0.0548 -0.8382
vn 0.3662 -0.1380 -0.9203
vn -0.2154 -0.0269 -0.9761
vn 0.2381 0.0984 -0.9662
vn 0.0955 -0.1097 -0.9894
vn -0.5919 -0.0420 -0.8049
vn -0.5839 -0.0295 -0.8113
vn 0.3164 -0.0210 -0.9484
vn -0.2656 -0.0015 -0.9641
vn -0.0766 0.2998 -0.9509
vn -0.6877 -0.1466 -0.7111
vn -0.8846 -0.0142 -0.4661
vn -0.1776 -0.0117 -0.9840
vn -0.2869 0.0538 -0.9565
vn 0.0030 -0.1427 -0.9898
vn -0.7029 -0.1446 -0.6964
vn -0.6893 -0.3409 -0.6392
vn -0.7396 -0.0344 -0.6722
vn -0.6838 -0.0311 -0.7290
vn -0.6130 -0.1132 -0.7820
vn 0.1785 -0.1095 -0.9778
vn 0.1547 -0.1237 -0.9802
vn 0.3795 -0.0002 -0.9252
vn 0.2293 0.1611 -0.9599
vn 0.2397 0.2622 -0.9348
vn 0.3167 0.1357 -0.9388
vn 0.2866 0.1194 -0.9506
vn 0.2672 -0.0471 -0.9625
vn 0.2648 0.0257 -0.9640
vn -0.3803 0.1720 -0.9087
vn -0.2987 0.1492 -0.9426
vn -0.2041 0.1387 -0.9691
vn -0.2345 0.0984 -0.9671
vn -0.1953 0.0591 -0.9790
vn -0.2263 0.0340 -0.9735
vn -0.2478 0.1165 -0.9618
vn 0.2312 -0.0800 -0.9696
vn -0.5505 0.1758 -0.8161
vn -0.5775 0.2011 -0.7912
vn -0.5864 0.2029 -0.7842
vn -0.5898 0.1968 -0.7832
vn -0.5843 0.1877 -0.7895
vn -0.0009 0.0074 -1.0000
vn 0.0135 0.0375 -0.9992
vn -0.0319 -0.0136 -0.9994
vn 0.1577 -0.1116 -0.9812
vn -0.7141 0.0323 -0.6993
vn -0.7191 0.0441 -0.6935
vn -0.0955 0.2844 -0.9539
vn -0.0595 0.3349 -0.9404
vn 0.2172 0.1410 -0.9659
vn 0.1402 0.1587 -0.9773
vn 0.0234 0.1033 -0.9944
vn -0.0056 0.1293 -0.9916
vn -0.0288 0.1588 -0.9869
vn 0.0258 0.1972 -0.9800
vn -0.6408 0.0871 -0.7627
vn -0.6489 0.0634 -0.7582
vn -0.5153 0.1232 -0.8481
vn -0.0924 -0.0833 -0.9922
vn -0.1316 0.2284 -0.9646
vn -0.0935 0.2041 -0.9745
vn -0.0821 0.3217 -0.9433
vn -0.1032 0.3303 -0.9382
vn -0.5321 0.0440 -0.8455
vn -0.5885 0.0245 -0.8081
vn -0.7079 0.0134 -0.7062
vn -0.0682 0.3424 -0.9371
vn -0.0645 0.3187 -0.9457
vn -0.6759 0.0703 -0.7337
vn -0.6076 0.1166 -0.7856
vn 0.1747 -0.1559 -0.9722
vn 0.2097 0.1139 -0.9711
vn -0.4492 0.2016 -0.8704
vn -0.3689 -0.0179 -0.9293
vn -0.3765 0.0563 -0.9247
vn -0.0085 0.0587 -0.9982
vn 0.2500 -0.2008 -0.9472
vn 0.2243 -0.1321 -0.9655
vn -0.6967 0.0324 -0.7167
vn -0.2390 -0.1591 -0.9579
vn -0.1697 -0.2925 -0.9411
vn 0.3044 -0.1431 -0.9417
vn 0.3356 -0.0960 -0.9371
vn -0.1880 0.0098 -0.9821
vn 0.3821 -0.1087 -0.9177
vn -0.5797 -0.0858 -0.8103
vn -0.4344 0.0609 -0.8987
vn -0.4150 0.0482 -0.9085
vn -0.5802 0.0720 -0.8113
vn -0.1127 0.3368 -0.9348
vn -0.5766 0.1516 -0.8028
vn -0.0937 0.3432 -0.9346
vn -0.5636 0.0614 -0.8238
vn 0.3425 -0.1359 -0.9296
vn 0.2306 -0.0401 -0.9722
vn -0.1432 0.1852 -0.9722
vn 0.1590 -0.1261 -0.9792
vn 0.2235 -0.0986 -0.9697
vn 0.0083 0.3435 -0.9391
vn 0.0107 -0.2015 -0.9794
vn -0.4767 -0.2981 -0.8270
vn -0.3431 -0.1403 -0.9288
vn -0.5699 -0.0506 -0.8202
vn -0.5810 -0.2830 -0.7631
vn -0.6228 -0.2477 -0.7422
vn 0.1339 0.1875 -0.9731
vn 0.1784 0.0812 -0.9806
vn 0.0642 0.1587 -0.9852
vn -0.0027 0.1076 -0.9942
vn 0.1646 -0.0239 -0.9861
vn 0.0535 0.0623 -0.9966
vn 0.0230 -0.1596 -0.9869
vn -0.2037 0.2458 -0.9477
vn -0.5130 0.1054 -0.8519
vn -0.4789 0.0788 -0.8743
vn 0.0108 0.1229 -0.9924
vn 0.0316 0.1189 -0.9924
vn -0.0847 0.1518 -0.9848
vn -0.5210 0.0827 -0.8495
vn -0.4013 0.0710 -0.9132
vn -0.5044 0.0713 -0.8605
vn -0.2481 0.2715 -0.9299
vn -0.4974 0.1306 -0.8576
vn -0.3814 0.2062 -0.9011
vn -0.4627 0.1807 -0.8679
vn -0.3445 0.1619 -0.9247
vn -0.4333 0.2617 -0.8624
vn -0.4344 0.2570 -0.8633
vn -0.4270 0.2619 -0.8655
vn -0.4173 0.2538 -0.8726
vn -0.2466 0.2786 -0.9282
vn -0.2455 0.2979 -0.9225
vn -0.2631 0.3070 -0.9146
vn 0.0652 -0.0499 -0.9966
vn 0.0358 0.0395 -0.9986
vn -0.2721 0.2404 -0.9318
vn -0.2375 0.2816 -0.9297
vn -0.4069 0.1176 -0.9059
vn -0.5500 0.0833 -0.8310
vn 0.0768 -0.0999 -0.9920
vn -0.2580 -0.2054 -0.9441
vn 0.2232 -0.0993 -0.9697
vn -0.2453 0.0915 -0.9651
vn -0.3328 0.0504 -0.9417
vn -0.2689 0.3047 -0.9137
vn -0.4086 0.2233 -0.8850
vn -0.1265 -0.0832 -0.9885
vn 0.2695 -0.1083 -0.9569
vn -0.3491 0.2123 -0.9127
vn -0.5271 -0.0215 -0.8495
vn -0.5097 -0.0637 -0.8580
vn -0.4261 0.0260 -0.9043
vn -0.0688 0.3236 -0.9437
vn -0.2003 0.2786 -0.9393
vn -0.3424 -0.1462 -0.9281
vn -0.4514 -0.2178 -0.8653
vn -0.5751 -0.1429 -0.8055
vn -0.4732 -0.2025 -0.8573
vn -0.0686 -0.0176 -0.9975
vn -0.1153 0.1091 -0.9873
vn -0.0860 0.0861 -0.9926
vn -0.0671 0.1418 -0.9876
vn -0.1116 0.2100 -0.9713
vn -0.1529 -0.0368 -0.9876
vn -0.3670 0.1400 -0.9196
vn -0.2156 0.1410 -0.9662
vn -0.3667 0.1021 -0.9247
vn -0.2637 0.0261 -0.9643
vn -0.2688 -0.1291 -0.9545
vn -0.3845 0.0310 -0.9226
vn -0.1716 0.0930 -0.9808
vn -0.0956 0.1119 -0.9891
vn -0.2144 0.1174 -0.9697
vn -0.2425 -0.0899 -0.9660
vn -0.1556 -0.0838 -0.9843
vn 0.0813 -0.1790 -0.9805
vn -0.3199 0.2499 -0.9139
vn -0.0147 -0.1047 -0.9944
vn -0.3264 0.1130 -0.9385
vn -0.3156 -0.0546 -0.9473
vn -0.3964 -0.0129 -0.9180
vn -0.3371 0.1058 -0.9355
vn -0.4103 -0.0820 -0.9083
vn -0.3045 -0.1676 -0.9376
vn -0.2178 0.0613 -0.9741
vn -0.2751 0.0820 -0.9579
vn -0.2814 0.0494 -0.9583
vn -0.2602 0.0131 -0.9655
vn -0.2889 -0.0985 -0.9523
vn -0.2573 -0.1882 -0.9478
vn 0.5455 -0.1143 0.8303
vn 0.4645 -0.1319 0.8757
vn 0.5738 -0.1159 0.8107
vn 0.7720 -0.1040 0.6271
vn 0.7682 0.1754 0.6158
vn 0.7568 -0.1144 0.6436
vn 0.7200 -0.1517 0.6772
vn 0.7319 -0.1470 0.6654
vn 0.6668 -0.1277 0.7342
vn 0.6493 -0.1186 0.7512
vn -0.9911 -0.0509 -0.1233
vn -0.9960 -0.0271 -0.0849
vn -0.9905 -0.0529 -0.1273
vn -0.9896 -0.0591 -0.1313
vn -0.9893 -0.0036 -0.1461
vn -0.9881 -0.0635 -0.1399
vn -0.9978 -0.0622 -0.0221
vn -0.9976 -0.0690 -0.0045
vn 0.7378 -0.1161 0.6650
vn 0.7538 -0.1100 0.6478
vn -0.9992 -0.0345 0.0204
vn -0.9991 -0.0049 0.0431
vn -0.9887 -0.0630 -0.1358
vn 0.5092 -0.1237 0.8517
vn 0.5552 -0.1122 0.8241
vn 0.3622 -0.1162 0.9248
vn 0.2846 -0.1367 0.9488
vn 0.0837 -0.1294 0.9881
vn -0.0234 -0.1552 0.9876
vn -0.2086 -0.1249 0.9700
vn -0.2984 -0.1471 0.9430
vn -0.5194 -0.1138 0.8469
vn -0.5265 -0.1270 0.8406
vn -0.7481 -0.0938 0.6569
vn -0.7157 -0.1192 0.6881
vn -0.8642 -0.0700 0.4983
vn -0.8330 -0.1134 0.5415
vn -0.9365 -0.0466 0.3475
vn -0.9100 -0.0840 0.4060
vn -0.9847 -0.0481 0.1674
vn -0.9608 -0.0726 0.2674
vn -0.9595 -0.0912 0.2666
vn -0.8955 -0.1085 0.4317
vn -0.9028 -0.1039 0.4173
vn -0.9578 -0.0928 0.2719
vn -0.7842 -0.1332 0.6061
vn -0.8094 -0.1247 0.5739
vn -0.6539 -0.1657 0.7382
vn -0.6504 -0.1600 0.7426
vn -0.4745 -0.1838 0.8609
vn -0.4775 -0.2086 0.8535
vn -0.2737 -0.2004 0.9407
vn -0.2628 -0.2181 0.9399
vn 0.0134 -0.2072 0.9782
vn -0.0549 -0.2086 0.9765
vn 0.2027 -0.1924 0.9602
vn 0.2140 -0.1989 0.9564
vn 0.4264 -0.1221 0.8963
vn 0.3671 -0.1859 0.9114
vn 0.6155 0.0076 0.7881
vn 0.5271 -0.1501 0.8364
vn -0.9899 -0.0700 0.1232
vn -0.9872 -0.0788 0.1384
vn 0.6600 -0.1059 0.7437
vn 0.6588 -0.1041 0.7451
vn -0.9981 -0.0610 0.0096
vn -0.9979 -0.0649 0.0050
vn 0.6214 -0.1111 0.7756
vn -0.9976 -0.0685 -0.0001
vn -0.9892 -0.0540 0.1365
vn 0.6520 -0.1062 0.7507
vn -0.3579 -0.1983 0.9125
vn -0.1659 -0.2013 0.9654
vn -0.9588 -0.0828 0.2719
vn -0.9023 -0.1008 0.4192
vn -0.8285 -0.1050 0.5501
vn -0.7133 -0.1141 0.6915
vn 0.3352 -0.1668 0.9273
vn 0.4625 -0.1269 0.8775
vn 0.2017 -0.1485 0.9681
vn -0.0469 -0.1407 0.9889
vn -0.2825 -0.1325 0.9501
vn -0.5455 -0.1377 0.8267
vn -0.9042 -0.0992 0.4155
vn -0.9537 -0.0937 0.2856
vn 0.1862 -0.1866 0.9646
vn 0.0052 -0.1926 0.9813
vn -0.5568 -0.1750 0.8120
vn -0.7077 -0.1398 0.6926
vn -0.9861 -0.0789 0.1465
vn -0.9874 -0.0730 0.1403
vn -0.8178 -0.1158 0.5638
vn -0.9877 -0.0750 0.1375
vn -0.3773 -0.1803 0.9084
vn -0.2178 -0.1776 0.9597
vn 0.3960 -0.1445 0.9068
vn -0.9585 -0.0840 0.2723
vn -0.9037 -0.0858 0.4195
vn -0.8272 -0.0924 0.5543
vn -0.6929 -0.1311 0.7090
vn -0.5360 -0.1496 0.8308
vn -0.3942 -0.1447 0.9076
vn -0.2435 -0.1575 0.9570
vn 0.1171 -0.1452 0.9824
vn -0.0244 -0.1646 0.9861
vn 0.5205 -0.1191 0.8455
vn -0.5572 -0.1614 0.8146
vn -0.3797 -0.1845 0.9065
vn -0.7040 -0.1408 0.6961
vn 0.1679 -0.1682 0.9713
vn -0.0336 -0.1758 0.9838
vn -0.9045 -0.0965 0.4155
vn -0.9583 -0.0880 0.2718
vn -0.2230 -0.1914 0.9558
vn 0.3454 -0.1352 0.9287
vn 0.3485 -0.1372 0.9272
vn -0.8221 -0.1109 0.5585
vn -0.1613 -0.1645 0.9731
vn -0.4778 0.8036 0.3549
vn -0.5730 0.7696 0.2817
vn -0.4383 0.8245 0.3578
vn -0.9124 0.3848 -0.1394
vn -0.8524 0.4114 -0.3227
vn -0.8474 0.4027 -0.3460
vn -0.8831 -0.0414 0.4674
vn -0.8082 -0.0864 0.5825
vn -0.8582 -0.0203 0.5129
vn -0.9869 0.1199 -0.1076
vn -0.9944 0.0894 -0.0565
vn -0.9909 0.1309 0.0300
vn -0.6045 -0.2386 0.7600
vn -0.5760 -0.2346 0.7830
vn -0.4911 -0.2195 0.8430
vn 0.3764 -0.1243 0.9181
vn 0.5820 -0.1439 0.8003
vn 0.5878 -0.0661 0.8063
vn -0.7505 0.0829 0.6557
vn -0.6987 -0.0604 0.7129
vn -0.8027 0.0415 0.5949
vn -0.9750 -0.1386 0.1736
vn -0.9337 -0.2126 0.2881
vn -0.9746 -0.1453 0.1706
vn -0.9784 -0.0557 -0.1989
vn -0.9966 0.0019 -0.0824
vn -0.9777 -0.0064 -0.2100
vn -0.9645 -0.1899 -0.1834
vn -0.9825 -0.0679 -0.1737
vn 0.9719 0.0025 0.2354
vn 0.9451 -0.0736 0.3184
vn 0.7654 0.4849 0.4232
vn 0.6407 -0.1399 0.7550
vn 0.4967 -0.2154 0.8408
vn 0.3516 -0.1987 0.9148
vn 0.1957 -0.1980 0.9605
vn 0.0257 -0.2149 0.9763
vn -0.1808 -0.2197 0.9587
vn -0.9863 -0.0262 -0.1630
vn -0.8913 0.4258 -0.1557
vn -0.9122 0.3302 -0.2427
vn -0.9873 0.0628 -0.1457
vn 0.9186 0.1288 0.3735
vn 0.8853 0.2512 0.3914
vn 0.7899 0.3987 0.4660
vn 0.4137 -0.7881 0.4558
vn 0.5709 -0.4914 0.6578
vn 0.7337 -0.1617 0.6599
vn 0.7486 -0.1612 0.6432
vn 0.7604 -0.1731 0.6260
vn 0.7460 -0.1977 0.6359
vn -0.9815 -0.0689 -0.1784
vn -0.9843 -0.0685 -0.1627
vn -0.9815 -0.0644 -0.1803
vn -0.9724 -0.0715 -0.2219
vn -0.9726 -0.0664 -0.2226
vn -0.9706 -0.0428 -0.2369
vn -0.9754 -0.0528 -0.2139
vn -0.9674 0.0025 -0.2532
vn -0.9683 -0.0236 -0.2486
vn -0.9494 0.1192 -0.2905
vn -0.9412 0.0541 -0.3335
vn -0.9388 0.0007 -0.3445
vn -0.9411 0.0981 -0.3235
vn -0.9450 0.0945 -0.3131
vn -0.9279 0.1522 -0.3404
vn -0.9152 0.1872 -0.3569
vn -0.9123 0.2213 -0.3445
vn -0.8996 0.3023 -0.3150
vn -0.8920 0.3421 -0.2956
vn -0.8647 0.3948 -0.3106
vn -0.8741 0.3774 -0.3059
vn -0.8733 0.3633 -0.3245
vn -0.8851 0.3270 -0.3313
vn -0.9051 0.2856 -0.3151
vn -0.9372 0.2454 -0.2478
vn -0.9578 0.1687 -0.2326
vn -0.9430 0.2099 -0.2582
vn -0.9727 0.0660 -0.2223
vn -0.9829 0.0506 -0.1773
vn -0.9846 0.0303 -0.1722
vn -0.9841 0.0344 -0.1743
vn -0.9772 0.0144 -0.2118
vn -0.9867 -0.0125 -0.1618
vn -0.9912 -0.0202 -0.1310
vn -0.9960 -0.0321 -0.0830
vn -0.9961 -0.0412 -0.0777
vn -0.9989 -0.0430 -0.0168
vn -0.9960 -0.0269 -0.0856
vn -0.9963 -0.0454 -0.0729
vn -0.9990 -0.0388 -0.0218
vn -0.9994 -0.0324 -0.0143
vn -0.9985 -0.0292 -0.0453
vn -0.9962 -0.0614 -0.0624
vn -0.9985 -0.0524 0.0150
vn -0.9961 -0.0771 0.0425
vn -0.9964 -0.0591 0.0600
vn -0.9982 -0.0498 0.0331
vn -0.9987 -0.0488 0.0139
vn -0.9988 -0.0473 -0.0119
vn -0.9988 -0.0399 -0.0301
vn -0.9997 -0.0097 -0.0222
vn -0.9998 0.0044 -0.0179
vn -0.9992 0.0050 -0.0408
vn -0.9981 0.0020 -0.0613
vn -0.9979 0.0320 -0.0568
vn -0.9948 0.0284 -0.0981
vn -0.9868 0.0350 -0.1581
vn -0.9902 0.0805 -0.1142
vn -0.9967 0.0422 -0.0699
vn -0.9823 0.1123 -0.1501
vn -0.9430 0.2318 -0.2387
vn -0.8930 0.2984 -0.3369
vn -0.9573 0.1417 -0.2519
vn -0.9451 0.1227 -0.3029
vn -0.9306 0.2917 -0.2209
vn -0.8881 0.4018 -0.2234
vn -0.8633 0.4712 -0.1808
vn -0.8251 0.5561 -0.1000
vn -0.7821 0.6228 -0.0215
vn -0.7290 0.6793 0.0838
vn -0.6344 0.7395 0.2250
vn -0.2850 0.8621 0.4190
vn -0.3472 0.8473 0.4020
vn -0.4203 0.8129 0.4032
vn -0.1497 0.8650 0.4789
vn 0.0536 0.8503 0.5236
vn 0.3325 0.7804 0.5296
vn 0.5857 0.6204 0.5216
vn 0.9188 -0.1452 0.3669
vn 0.9149 -0.0608 0.3990
vn 0.8841 0.0333 0.4661
vn 0.8753 0.0198 0.4831
vn 0.8864 0.0040 0.4628
vn 0.8821 0.0059 0.4710
vn 0.8197 -0.0152 0.5725
vn 0.9215 -0.0219 0.3877
vn 0.8708 -0.0674 0.4870
vn 0.8329 -0.1005 0.5442
vn 0.7835 -0.1084 0.6119
vn 0.8169 -0.1258 0.5629
vn 0.8084 -0.1349 0.5730
vn 0.7666 -0.1224 0.6303
vn 0.7273 -0.1244 0.6750
vn 0.7287 -0.1244 0.6734
vn 0.7249 -0.1434 0.6738
vn 0.7266 -0.1539 0.6696
vn 0.7299 -0.1882 0.6571
vn 0.7410 -0.1807 0.6468
vn 0.7459 -0.1678 0.6446
vn 0.7466 -0.1688 0.6435
vn 0.7094 -0.1695 0.6841
vn 0.7228 -0.1908 0.6642
vn 0.7262 -0.2047 0.6563
vn 0.7359 -0.2068 0.6447
vn 0.7044 -0.2200 0.6748
vn 0.6915 -0.2122 0.6905
vn 0.7121 -0.2079 0.6706
vn 0.6648 -0.2037 0.7187
vn 0.6628 -0.1914 0.7239
vn 0.6601 -0.1785 0.7297
vn 0.6584 -0.1679 0.7337
vn 0.6579 -0.1658 0.7346
vn 0.6604 -0.1667 0.7322
vn 0.6602 -0.1695 0.7317
vn 0.6736 -0.1586 0.7219
vn 0.6763 -0.2022 0.7084
vn 0.6665 -0.1766 0.7243
vn 0.6959 -0.2225 0.6828
vn 0.6839 -0.2685 0.6783
vn 0.6707 -0.2837 0.6853
vn 0.6386 -0.3155 0.7019
vn 0.6419 -0.3292 0.6925
vn 0.6162 -0.3543 0.7034
vn 0.5967 -0.3813 0.7060
vn 0.5818 -0.4188 0.6972
vn 0.6033 -0.4012 0.6892
vn 0.6206 -0.3765 0.6878
vn 0.6419 -0.3476 0.6835
vn 0.6713 -0.3098 0.6734
vn 0.7034 -0.2589 0.6620
vn 0.7258 -0.2172 0.6527
vn 0.7210 -0.2240 0.6557
vn 0.7079 -0.2952 0.6417
vn 0.6995 -0.3643 0.6148
vn 0.7058 -0.3901 0.5913
vn 0.7344 -0.3654 0.5719
vn 0.7280 -0.3229 0.6048
vn 0.7348 -0.3037 0.6064
vn 0.7841 -0.2660 0.5608
vn 0.7407 -0.2150 0.6365
vn 0.7489 -0.2363 0.6191
vn 0.7326 -0.2116 0.6470
vn -0.5330 -0.1924 0.8240
vn -0.6804 -0.1657 0.7139
vn -0.8173 -0.1357 0.5599
vn -0.9552 -0.0980 0.2791
vn -0.9096 -0.1165 0.3989
vn -0.9806 -0.0883 0.1750
vn -0.9108 0.2581 -0.3224
vn -0.5304 0.7892 0.3095
vn 0.5678 -0.4054 0.7164
vn -0.9958 -0.0701 0.0594
vn -0.9969 0.0651 -0.0447
vn 0.5283 -0.2303 0.8172
vn 0.3529 -0.1979 0.9145
vn 0.1342 -0.2206 0.9661
vn 0.8701 0.1202 0.4779
vn -0.0604 -0.2388 0.9692
vn -0.2465 -0.2380 0.9395
vn -0.9918 -0.1176 -0.0502
vn -0.9819 -0.1674 -0.0884
vn -0.9920 -0.1072 -0.0663
vn -0.9887 0.0420 -0.1436
vn -0.9710 -0.0586 -0.2316
vn -0.8530 0.3998 -0.3355
vn -0.9526 0.1130 -0.2825
vn -0.9977 -0.0678 0.0025
vn -0.9991 -0.0407 -0.0080
vn -0.9386 0.2182 -0.2671
vn 0.9238 -0.2224 0.3116
vn 0.8705 -0.1037 0.4811
vn 0.7934 -0.1156 0.5976
vn 0.8310 -0.1307 0.5407
vn 0.7618 -0.1844 0.6210
vn 0.7619 -0.1832 0.6213
vn 0.7143 -0.2094 0.6678
vn 0.6792 -0.2041 0.7050
vn 0.7205 -0.3394 0.6047
vn -0.3604 -0.2154 0.9076
vn -0.9903 -0.0688 -0.1211
vn 0.8365 0.2837 0.4688
vn -0.9457 0.3055 -0.1107
vn -0.9420 0.3198 -0.1013
vn 0.1169 0.7993 0.5895
vn 0.4031 0.6859 0.6058
vn -0.9866 0.1613 0.0240
vn 0.6327 0.4996 0.5917
vn 0.8730 -0.0619 0.4838
vn -0.9752 0.1699 -0.1419
vn -0.9972 0.0061 0.0751
vn 0.7039 -0.1032 0.7028
vn -0.9912 -0.0461 0.1238
vn 0.6872 -0.1539 0.7099
vn -0.9287 0.3451 -0.1360
vn -0.9330 0.3103 -0.1824
vn 0.5781 -0.2393 0.7801
vn 0.5584 -0.2139 0.8015
vn 0.5469 -0.1885 0.8157
vn 0.6611 -0.2764 0.6975
vn 0.6021 -0.3011 0.7395
vn 0.7597 -0.0492 0.6484
vn 0.6371 -0.1936 0.7460
vn 0.6361 -0.1916 0.7474
vn 0.6237 -0.1883 0.7587
vn -0.9918 -0.0326 0.1233
vn -0.9882 -0.0510 0.1442
vn -0.9874 -0.0638 0.1446
vn -0.9816 -0.0569 0.1821
vn -0.9834 -0.0410 0.1767
vn -0.9892 -0.0363 0.1418
vn -0.9867 -0.0312 0.1597
vn -0.9907 -0.0493 0.1270
vn 0.5234 -0.4396 0.7299
vn 0.5564 -0.4063 0.7248
vn -0.8785 0.3964 -0.2668
vn 0.5931 -0.3235 0.7373
vn 0.5400 -0.1729 0.8237
vn 0.6092 -0.1751 0.7735
vn 0.6012 -0.1795 0.7786
vn 0.5737 -0.2054 0.7929
vn -0.9604 0.1498 -0.2349
vn -0.9985 0.0268 -0.0479
vn -0.9860 0.1644 0.0274
vn -0.9836 0.0840 0.1598
vn -0.9902 0.1339 -0.0391
vn -0.9006 0.4267 -0.0827
vn 0.8279 -0.0539 0.5582
vn 0.7963 0.0029 0.6049
vn 0.7272 -0.0981 0.6794
vn 0.7008 -0.1394 0.6996
vn 0.6650 -0.1975 0.7202
vn 0.6366 -0.1910 0.7472
vn 0.6260 -0.1747 0.7600
vn 0.6046 -0.1543 0.7814
vn 0.6341 -0.3786 0.6743
vn 0.5848 -0.4020 0.7046
vn 0.6059 -0.3496 0.7146
vn 0.6596 -0.2580 0.7059
vn 0.6876 -0.2092 0.6953
vn 0.6816 -0.2320 0.6940
vn 0.6452 -0.2882 0.7076
vn -0.6873 0.7084 0.1608
vn -0.9381 0.3204 -0.1312
vn -0.8863 0.4392 -0.1466
vn -0.8486 0.5200 -0.0975
vn -0.8120 0.5828 -0.0302
vn -0.7716 0.6349 0.0398
vn -0.9538 -0.1030 0.2821
vn -0.9065 -0.1230 0.4039
vn -0.9798 -0.0333 0.1973
vn 0.5960 -0.1823 0.7820
vn 0.6047 -0.1805 0.7758
vn 0.6124 -0.1788 0.7701
vn 0.6197 -0.1759 0.7648
vn 0.6241 -0.1779 0.7608
vn 0.6252 -0.1778 0.7599
vn 0.6143 -0.1855 0.7669
vn 0.6188 -0.1729 0.7663
vn 0.5524 -0.0910 0.8286
vn 0.5537 -0.1060 0.8260
vn 0.5714 -0.1193 0.8119
vn 0.5806 -0.2069 0.7875
vn 0.5815 -0.1470 0.8002
vn -0.9625 -0.0997 0.2524
vn -0.9669 -0.0708 0.2450
vn -0.6988 -0.1704 0.6948
vn -0.8161 -0.1452 0.5593
vn -0.5701 -0.1994 0.7970
vn -0.9954 -0.0797 -0.0539
vn -0.9952 -0.0820 -0.0537
vn -0.9959 -0.0745 -0.0508
vn 0.7637 -0.0431 0.6441
vn 0.7473 0.0404 0.6632
vn 0.7612 0.0575 0.6459
vn -0.9901 0.0597 0.1267
vn -0.9881 0.1027 0.1149
vn -0.9909 -0.0288 0.1313
vn -0.9879 -0.0358 0.1507
vn -0.9990 -0.0024 0.0450
vn -0.9767 -0.0036 0.2147
vn -0.9806 0.0153 0.1952
vn -0.9769 0.1345 -0.1662
vn -0.9874 0.0975 -0.1243
vn -0.9789 0.1577 -0.1301
vn -0.9910 0.0727 -0.1122
vn -0.9964 0.0287 -0.0794
vn 0.5832 -0.3669 0.7247
vn 0.6071 -0.3376 0.7193
vn 0.5713 -0.3825 0.7262
vn -0.9961 -0.0537 -0.0694
vn -0.9988 -0.0046 -0.0495
vn -0.9930 0.0123 -0.1172
vn -0.9983 0.0121 -0.0574
vn -0.9936 -0.0740 -0.0852
vn -0.9942 -0.0539 -0.0926
vn -0.9942 -0.0712 -0.0811
vn -0.9921 -0.0735 -0.1021
vn -0.9938 -0.0743 -0.0825
vn -0.9365 0.3278 -0.1243
vn -0.9264 0.3578 -0.1175
vn 0.5100 -0.3323 0.7934
vn 0.5425 -0.3004 0.7845
vn 0.5224 -0.3645 0.7709
vn 0.5346 -0.3094 0.7864
vn 0.5539 -0.2760 0.7855
vn -0.9676 -0.0505 0.2472
vn -0.9578 -0.0491 0.2831
vn -0.9635 0.2380 -0.1223
vn -0.9612 0.2650 -0.0772
vn -0.9977 0.0681 0.0023
vn -0.9976 0.0691 -0.0077
vn -0.9957 0.0823 -0.0434
vn -0.9834 0.1767 -0.0413
vn -0.9750 0.2111 -0.0696
vn -0.9927 0.0062 0.1204
vn -0.9942 0.0056 0.1076
vn -0.9834 0.0482 0.1747
vn -0.9935 0.0241 0.1110
vn -0.2859 0.8532 0.4363
vn -0.0469 0.8539 0.5182
vn 0.8188 0.0190 0.5738
vn 0.7154 -0.0812 0.6940
vn 0.6415 -0.0605 0.7648
vn 0.6133 -0.1418 0.7770
vn 0.7034 -0.1010 0.7036
vn 0.6742 -0.1483 0.7235
vn 0.6444 -0.1535 0.7491
vn 0.6616 -0.1505 0.7346
vn 0.6030 -0.2335 0.7628
vn 0.6057 -0.2586 0.7525
vn 0.5822 -0.2113 0.7851
vn -0.9535 0.2707 -0.1324
vn -0.9958 0.0440 0.0799
vn -0.8946 0.4391 -0.0831
vn 0.2870 -0.2108 0.9345
vn -0.9966 -0.0594 0.0564
vn -0.9861 -0.1348 0.0976
vn -0.9915 -0.1093 0.0701
vn -0.9815 0.1373 0.1333
vn 0.8155 0.0863 0.5723
vn 0.7091 -0.0835 0.7001
vn 0.6970 -0.0557 0.7149
vn 0.3629 -0.1325 0.9223
vn -0.9897 -0.0021 0.1431
vn -0.9455 -0.0167 0.3252
vn 0.4834 -0.4486 0.7517
vn -0.9687 0.2417 -0.0560
vn 0.5627 -0.2365 0.7921
vn 0.7302 0.0795 0.6786
vn -0.9721 0.1958 -0.1294
vn 0.5838 -0.3391 0.7377
vn 0.5066 -0.4148 0.7558
vn -0.9969 -0.0301 0.0728
vn -0.9700 -0.0713 0.2323
vn -0.9814 0.1913 0.0163
vn 0.6588 -0.1013 0.7455
vn 0.6016 -0.1755 0.7793
vn -0.4109 -0.2259 0.8832
vn 0.0607 -0.2305 0.9712
vn -0.1422 -0.2448 0.9591
vn -0.3199 -0.2388 0.9169
vn -0.9961 -0.0824 -0.0305
vn 0.5511 -0.0793 0.8307
vn 0.6193 -0.1431 0.7720
vn -0.9258 0.3579 -0.1218
vn 0.6413 -0.1907 0.7432
vn -0.9255 -0.0676 0.3728
vn -0.9355 -0.0700 0.3464
vn -0.9434 -0.0572 0.3268
vn 0.5426 -0.2349 0.8065
vn 0.3756 -0.2351 0.8965
vn -0.9518 0.0374 0.3044
vn -0.9506 0.0541 0.3057
vn -0.9999 0.0123 -0.0038
vn 0.3929 -0.1931 0.8991
vn 0.4169 -0.1980 0.8871
vn 0.4038 -0.2040 0.8918
vn -0.9768 0.1288 0.1708
vn -0.9689 -0.0033 0.2474
vn -0.9761 0.0052 0.2174
vn 0.5486 -0.1189 0.8276
vn 0.6085 -0.1359 0.7818
vn -0.9528 -0.0429 0.3007
vn -0.9883 -0.0118 0.1520
vn -0.9884 0.1512 -0.0125
vn -0.9939 0.0455 0.1004
vn -0.9266 0.3689 -0.0724
vn -0.9601 -0.0450 0.2761
vn -0.9155 -0.0401 0.4004
vn -0.9289 -0.0725 0.3632
vn 0.5705 -0.1809 0.8012
vn 0.5500 -0.1824 0.8150
vn 0.5135 -0.1937 0.8359
vn -0.9804 -0.0335 0.1941
vn -0.9129 0.4080 -0.0117
vn -0.8623 0.5040 -0.0490
vn -0.9453 0.2926 0.1440
vn -0.9488 -0.0537 0.3113
vn -0.9561 0.1879 0.2247
vn -0.9456 0.2118 0.2468
vn 0.5730 -0.1929 0.7965
vn 0.5197 -0.1762 0.8360
vn 0.4980 -0.1670 0.8509
vn 0.4634 -0.1623 0.8711
vn 0.4863 -0.3767 0.7885
vn 0.4074 -0.3822 0.8294
vn 0.4782 -0.3242 0.8162
vn 0.5298 -0.2030 0.8235
vn 0.5533 -0.1700 0.8154
vn 0.5324 -0.2402 0.8117
vn 0.4907 -0.3234 0.8091
vn -0.3810 0.8305 0.4062
vn -0.2583 0.8160 0.5172
vn -0.1898 0.8632 0.4679
vn 0.0064 0.7115 0.7026
vn 0.8048 0.2616 0.5328
vn 0.6875 0.3684 0.6259
vn 0.4053 0.5160 0.7546
vn -0.8211 0.5698 -0.0349
vn -0.7881 0.6150 0.0272
vn -0.7134 0.6888 0.1286
vn -0.9664 -0.0589 0.2501
vn -0.9067 -0.1017 0.4094
vn -0.8947 0.4341 0.1051
vn -0.8713 0.4451 0.2066
vn -0.8944 -0.1728 0.4125
vn -0.9546 -0.0131 0.2976
vn -0.9615 -0.0398 0.2718
vn 0.4771 -0.1892 0.8582
vn 0.5073 -0.1869 0.8413
vn 0.5231 -0.1851 0.8319
vn 0.5287 -0.1805 0.8294
vn 0.5252 -0.1769 0.8324
vn 0.5123 -0.1730 0.8412
vn 0.4708 -0.1594 0.8677
vn 0.5023 -0.1682 0.8482
vn 0.5731 -0.0921 0.8143
vn 0.6165 -0.0869 0.7825
vn 0.1977 -0.0984 0.9753
vn 0.2653 -0.1024 0.9587
vn 0.2918 -0.1272 0.9480
vn 0.3426 -0.1976 0.9185
vn 0.3251 -0.0966 0.9407
vn -0.9039 -0.0156 0.4275
vn -0.8853 -0.0292 0.4641
vn -0.9227 0.0085 0.3855
vn -0.8979 0.0223 0.4397
vn -0.8847 -0.1012 0.4550
vn -0.8890 -0.0668 0.4530
vn 0.4375 -0.3738 0.8178
vn 0.4551 -0.3660 0.8118
vn 0.4374 -0.3717 0.8188
vn -0.6809 -0.1835 0.7090
vn -0.8196 -0.1580 0.5507
vn -0.5081 -0.2184 0.8332
vn 0.3218 -0.1539 0.9342
vn 0.3398 -0.1933 0.9204
vn 0.3497 -0.2090 0.9133
vn 0.7548 0.0486 0.6541
vn 0.7067 0.0684 0.7042
vn 0.4472 -0.2568 0.8568
vn 0.4058 -0.2525 0.8784
vn 0.4943 -0.2921 0.8188
vn 0.4483 -0.3134 0.8372
vn -0.9937 0.0746 0.0838
vn -0.9898 0.1087 0.0922
vn -0.9945 0.0469 0.0936
vn -0.9916 0.0190 0.1282
vn -0.9853 -0.0300 0.1681
vn -0.9954 -0.0920 0.0267
vn -0.9951 -0.0598 0.0792
vn -0.9527 0.2971 0.0640
vn -0.9634 0.2579 0.0726
vn 0.6539 -0.0115 0.7565
vn 0.6345 -0.0115 0.7729
vn 0.6698 0.0847 0.7377
vn -0.9709 0.0064 0.2392
vn -0.9357 -0.0286 0.3517
vn -0.9430 0.0013 0.3329
vn -0.9907 -0.0918 0.1009
vn -0.9928 -0.0512 0.1082
vn -0.9820 -0.1145 0.1501
vn -0.9937 -0.0673 0.0895
vn -0.9948 -0.0566 0.0844
vn -0.9916 -0.1189 0.0501
vn -0.9935 -0.0924 0.0659
vn -0.9954 -0.0764 0.0577
vn -0.9837 0.1736 0.0465
vn -0.9763 0.1924 0.0987
vn -0.9775 0.0827 0.1943
vn -0.9851 0.0865 0.1485
vn -0.9909 0.1125 0.0741
vn 0.3794 -0.2911 0.8782
vn 0.3253 -0.3027 0.8959
vn 0.3545 -0.3613 0.8624
vn 0.3736 -0.2711 0.8871
vn 0.3456 -0.2618 0.9011
vn -0.9766 0.1828 0.1132
vn -0.9737 0.2183 0.0652
vn -0.9548 0.2973 -0.0072
vn -0.9482 0.3132 0.0525
vn 0.3768 -0.4241 0.8235
vn 0.4271 -0.3865 0.8175
vn -0.8679 -0.0735 0.4912
vn -0.8716 -0.0818 0.4834
vn -0.6013 0.7594 0.2486
vn -0.9905 -0.1200 0.0668
vn -0.9865 -0.1225 0.1086
vn 0.5515 0.0230 0.8338
vn 0.4166 -0.0311 0.9086
vn 0.5137 -0.1484 0.8450
vn -0.4842 0.7891 0.3780
vn 0.7571 0.1765 0.6290
vn 0.4213 -0.2089 0.8825
vn -0.8847 -0.0871 0.4579
vn 0.5492 -0.1655 0.8191
vn -0.8910 -0.0047 0.4539
vn 0.4855 -0.0899 0.8696
vn -0.9885 -0.1316 0.0740
vn -0.9420 0.3348 0.0242
vn 0.3571 -0.2128 0.9095
vn 0.3389 -0.2628 0.9034
vn -0.9599 0.1665 0.2254
vn -0.9360 0.0824 0.3421
vn -0.9879 -0.0008 0.1554
vn 0.5079 -0.1520 0.8479
vn 0.2972 -0.4584 0.8376
vn 0.3657 -0.1775 0.9136
vn 0.5069 -0.1323 0.8518
vn 0.3321 -0.1600 0.9296
vn -0.9853 0.0263 0.1686
vn 0.4556 -0.1721 0.8734
vn -0.8626 -0.0174 0.5056
vn 0.2890 -0.0228 0.9571
vn -0.9885 0.1391 0.0594
vn 0.3584 -0.4478 0.8192
vn -0.9614 0.2708 0.0485
vn -0.9400 0.2291 0.2527
vn -0.9022 0.2315 0.3639
vn -0.9424 0.3278 0.0657
vn -0.9769 0.1593 0.1427
vn -0.9650 0.2523 0.0718
vn 0.0829 -0.1536 0.9846
vn 0.5000 0.2422 0.8315
vn -0.8281 -0.0831 0.5544
vn -0.7983 -0.0752 0.5975
vn -0.8559 -0.0770 0.5114
vn -0.8750 -0.0449 0.4820
vn -0.9157 -0.0261 0.4010
vn -0.9389 -0.0217 0.3434
vn 0.3647 -0.3343 0.8691
vn -0.8637 0.5032 0.0290
vn -0.8816 0.0297 0.4711
vn -0.8837 0.0487 0.4656
vn -0.9543 0.0577 0.2932
vn 0.3791 -0.0895 0.9210
vn -0.9511 -0.0033 0.3090
vn -0.9438 0.3262 0.0528
vn 0.3107 -0.2362 0.9207
vn 0.2021 -0.2335 0.9511
vn -0.8787 -0.0638 0.4731
vn -0.8489 -0.0845 0.5218
vn -0.7974 -0.0891 0.5968
vn -0.9148 0.2478 0.3191
vn 0.4019 -0.1319 0.9061
vn 0.0332 -0.0624 0.9975
vn -0.9652 -0.0362 0.2591
vn 0.2943 -0.3630 0.8841
vn 0.3966 -0.1715 0.9018
vn 0.3507 -0.1744 0.9201
vn 0.2767 -0.2067 0.9385
vn -0.8818 0.4560 0.1206
vn -0.8729 -0.0239 0.4874
vn -0.8889 -0.0872 0.4497
vn -0.7577 -0.0910 0.6462
vn -0.8903 -0.0320 0.4542
vn 0.2552 -0.3338 0.9074
vn -0.9460 0.2876 0.1495
vn 0.3839 -0.1875 0.9041
vn 0.3241 -0.1309 0.9369
vn 0.2613 -0.1503 0.9535
vn 0.2061 -0.1512 0.9668
vn 0.2724 -0.2358 0.9328
vn 0.3099 -0.2717 0.9111
vn 0.3181 -0.1635 0.9338
vn 0.7527 0.2529 0.6079
vn 0.5092 0.4871 0.7095
vn 0.0843 0.7107 0.6984
vn 0.2511 -0.2175 0.9432
vn 0.2604 -0.2145 0.9414
vn 0.2479 -0.1967 0.9486
vn 0.1429 -0.2199 0.9650
vn -0.0455 -0.2375 0.9703
vn -0.1885 -0.2163 0.9580
vn -0.3784 -0.1763 0.9087
vn -0.7227 -0.1055 0.6831
vn -0.7270 -0.1005 0.6792
vn -0.1362 -0.0493 0.9895
vn -0.1249 -0.2178 0.9680
vn 0.0508 -0.0819 0.9953
vn 0.0107 -0.0097 0.9999
vn -0.1623 -0.1155 0.9800
vn -0.9851 -0.0995 0.1403
vn -0.9742 -0.1304 0.1841
vn -0.9681 -0.1012 0.2293
vn -0.9106 -0.0501 0.4102
vn 0.5995 0.1412 0.7878
vn 0.5174 -0.0540 0.8540
vn 0.4049 0.1462 0.9026
vn -0.8912 0.2546 0.3753
vn -0.8227 -0.1951 0.5339
vn -0.8018 0.5522 0.2284
vn 0.3156 -0.1724 0.9331
vn 0.3220 -0.1638 0.9324
vn 0.2937 -0.1502 0.9440
vn 0.2744 -0.1424 0.9510
vn 0.2499 -0.1349 0.9588
vn 0.2841 -0.1818 0.9414
vn 0.2807 -0.1715 0.9443
vn -0.9659 0.0166 0.2584
vn -0.9664 0.0480 0.2527
vn -0.9606 0.0825 0.2653
vn -0.9621 -0.0244 0.2717
vn -0.9595 -0.0669 0.2736
vn 0.2356 -0.3697 0.8988
vn 0.2163 -0.3635 0.9061
vn 0.1909 -0.3531 0.9159
vn 0.2556 -0.2130 0.9430
vn 0.2952 -0.1261 0.9471
vn 0.2293 -0.3110 0.9223
vn 0.1097 -0.2680 0.9571
vn 0.1027 -0.2384 0.9657
vn 0.0809 -0.2095 0.9745
vn 0.0629 -0.1731 0.9829
vn -0.8681 -0.0256 0.4957
vn -0.9086 -0.0496 0.4148
vn -0.8423 0.0057 0.5389
vn -0.8418 -0.0314 0.5389
vn -0.9112 0.0267 0.4111
vn 0.4075 -0.1179 0.9056
vn 0.4093 -0.0826 0.9087
vn -0.7623 0.0068 0.6472
vn -0.7479 0.0224 0.6635
vn -0.7159 -0.0529 0.6962
vn -0.7647 -0.0311 0.6436
vn 0.1254 -0.3778 0.9174
vn 0.2512 -0.3576 0.8995
vn -0.9882 -0.0256 0.1507
vn -0.6882 -0.0731 0.7218
vn -0.5068 -0.0206 0.8618
vn -0.8326 0.0482 0.5518
vn -0.9463 0.2329 0.2241
vn -0.9569 0.1870 0.2223
vn -0.9716 0.1191 0.2045
vn -0.9610 0.1281 0.2452
vn -0.9554 0.2047 0.2127
vn -0.9443 0.1831 0.2736
vn 0.2913 -0.2955 0.9098
vn 0.2434 -0.2985 0.9229
vn 0.2371 0.1649 0.9574
vn -0.0090 0.0261 0.9996
vn 0.4749 -0.1392 0.8690
vn -0.9638 -0.0933 0.2498
vn -0.9573 -0.1135 0.2660
vn -0.9170 -0.2508 0.3102
vn -0.9383 -0.1654 0.3038
vn -0.9782 0.1496 0.1440
vn -0.9640 0.1229 0.2357
vn -0.9387 0.0814 0.3351
vn -0.9279 0.0725 0.3656
vn 0.0283 -0.1203 0.9923
vn 0.0469 -0.1188 0.9918
vn 0.0492 -0.1273 0.9906
vn -0.7244 -0.0960 0.6827
vn -0.6799 -0.1003 0.7264
vn 0.0747 -0.2526 0.9647
vn 0.0923 -0.4018 0.9111
vn -0.9528 -0.1370 0.2709
vn -0.9715 -0.0709 0.2262
vn -0.9576 -0.2032 0.2042
vn -0.9769 -0.1310 0.1686
vn -0.7358 0.6668 0.1182
vn -0.6167 0.7468 0.2488
vn -0.8178 0.5751 0.0206
vn 0.7085 0.1281 0.6940
vn 0.6658 0.1377 0.7333
vn 0.2471 -0.2498 0.9362
vn 0.3170 -0.0883 0.9443
vn -0.3996 0.7422 0.5380
vn 0.1264 -0.2737 0.9535
vn 0.3590 -0.2536 0.8982
vn -0.0298 -0.0708 0.9970
vn 0.1301 -0.1701 0.9768
vn -0.9413 0.2756 0.1950
vn -0.0402 -0.1333 0.9903
vn -0.9290 0.0349 0.3685
vn -0.4644 -0.1446 0.8737
vn -0.9711 0.1029 0.2153
vn 0.0186 -0.3985 0.9170
vn -0.9107 0.3210 0.2601
vn 0.1883 -0.4762 0.8589
vn 0.0206 0.1691 0.9854
vn -0.8871 0.0699 0.4563
vn -0.7289 0.0574 0.6822
vn -0.7955 0.0626 0.6027
vn -0.9210 0.1230 0.3697
vn 0.3116 -0.1362 0.9404
vn 0.3533 -0.1528 0.9230
vn 0.1417 -0.1383 0.9802
vn 0.1365 -0.1332 0.9816
vn -0.9448 0.2715 0.1836
vn 0.0069 -0.1348 0.9909
vn -0.8990 0.0518 0.4349
vn 0.1758 -0.0633 0.9824
vn 0.0349 -0.1189 0.9923
vn -0.8940 -0.2490 0.3725
vn -0.9337 0.2882 0.2123
vn -0.9335 0.2981 0.1991
vn -0.9403 0.1632 0.2988
vn 0.1091 -0.3141 0.9431
vn -0.0934 0.0060 0.9956
vn -0.2106 -0.1981 0.9573
vn -0.8014 -0.0481 0.5962
vn -0.7615 -0.0790 0.6433
vn -0.6760 -0.0956 0.7307
vn 0.1890 -0.0841 0.9784
vn 0.0951 -0.0761 0.9926
vn -0.7575 -0.0158 0.6527
vn 0.1219 -0.2345 0.9644
vn 0.0196 -0.2308 0.9728
vn 0.5280 0.3471 0.7751
vn -0.8888 0.2613 0.3765
vn -0.8916 0.3149 0.3253
vn 0.0298 -0.0890 0.9956
vn -0.6432 -0.0927 0.7600
vn -0.5589 -0.1158 0.8211
vn -0.6737 -0.0461 0.7375
vn -0.7259 -0.0577 0.6854
vn -0.8367 -0.0340 0.5467
vn -0.8449 -0.0402 0.5335
vn -0.8425 -0.0407 0.5371
vn -0.7290 -0.0489 0.6828
vn -0.7284 -0.0838 0.6800
vn -0.2401 -0.0854 0.9670
vn -0.9570 0.2326 0.1735
vn -0.7696 -0.0726 0.6344
vn -0.7416 -0.0467 0.6692
vn -0.2209 -0.1276 0.9669
vn -0.9606 -0.1098 0.2553
vn -0.9305 -0.2228 0.2907
vn 0.1523 -0.3156 0.9366
vn 0.1282 -0.3149 0.9404
vn 0.1394 -0.1536 0.9783
vn 0.1032 -0.1665 0.9806
vn 0.0751 -0.1763 0.9815
vn -0.2198 -0.1118 0.9691
vn -0.2303 -0.0762 0.9701
vn 0.1846 0.5978 0.7801
vn -0.2887 0.6885 0.6653
vn 0.1424 -0.2797 0.9495
vn 0.0596 -0.2666 0.9620
vn 0.0289 -0.2780 0.9601
vn 0.0805 -0.2471 0.9656
vn 0.1208 -0.1627 0.9793
vn -0.0095 -0.2411 0.9704
vn -0.1073 -0.2393 0.9650
vn -0.1784 -0.2686 0.9466
vn -0.2950 -0.1202 0.9479
vn 0.0908 -0.2352 0.9677
vn -0.6931 0.6852 0.2240
vn -0.8460 0.1901 0.4982
vn -0.6979 -0.4287 0.5737
vn -0.9533 0.0133 0.3016
vn -0.9517 0.0290 0.3056
vn -0.9476 0.0629 0.3132
vn -0.9507 -0.0163 0.3098
vn -0.9470 -0.0651 0.3145
vn -0.0545 -0.1539 0.9866
vn -0.0320 -0.0998 0.9945
vn -0.0679 -0.2538 0.9649
vn -0.8739 -0.2164 0.4352
vn -0.8443 -0.2611 0.4679
vn -0.2741 -0.0167 0.9616
vn -0.3119 -0.0147 0.9500
vn -0.2576 -0.0207 0.9660
vn -0.9487 -0.1144 0.2946
vn -0.9414 -0.1232 0.3141
vn -0.9358 -0.1404 0.3232
vn -0.9005 -0.2164 0.3771
vn -0.7707 0.6156 0.1644
vn -0.8068 0.4851 0.3373
vn -0.9811 0.0115 0.1932
vn -0.7068 -0.0302 0.7068
vn -0.7240 -0.0444 0.6883
vn -0.8280 0.0189 0.5604
vn 0.0088 -0.1592 0.9872
vn 0.0439 -0.1453 0.9884
vn 0.0505 -0.1367 0.9893
vn -0.0073 -0.1146 0.9934
vn 0.0287 -0.1047 0.9941
vn -0.0337 -0.1198 0.9922
vn -0.0747 -0.1526 0.9855
vn -0.0503 -0.0723 0.9961
vn 0.0105 -0.0885 0.9960
vn -0.4057 -0.0736 0.9110
vn -0.3637 -0.0255 0.9312
vn -0.4727 -0.1419 0.8697
vn -0.4281 -0.0810 0.9001
vn -0.4862 -0.0643 0.8715
vn 0.0030 -0.3135 0.9496
vn -0.1601 -0.3235 0.9326
vn -0.0239 -0.3433 0.9389
vn -0.0628 -0.3178 0.9461
vn -0.0635 -0.3291 0.9422
vn -0.6777 0.0163 0.7352
vn -0.7482 -0.2919 0.5958
vn -0.9207 0.1452 0.3622
vn -0.9364 0.1185 0.3302
vn -0.9448 0.0927 0.3142
vn -0.9370 0.0838 0.3390
vn 0.2847 0.0286 0.9582
vn 0.1875 0.0223 0.9820
vn 0.4130 0.1972 0.8891
vn -0.7671 -0.0517 0.6395
vn -0.7224 -0.0443 0.6901
vn 0.1090 -0.2614 0.9591
vn 0.1653 -0.1952 0.9667
vn 0.0968 -0.1415 0.9852
vn -0.8907 0.1857 0.4149
vn -0.9190 0.1999 0.3399
vn -0.9294 0.1452 0.3393
vn -0.9087 0.1265 0.3978
vn -0.8639 0.0723 0.4984
vn -0.8514 0.0639 0.5206
vn -0.1555 0.2279 0.9612
vn -0.4159 0.0495 0.9081
vn -0.5418 -0.0406 0.8395
vn -0.4864 -0.0846 0.8696
vn -0.5251 0.0030 0.8510
vn -0.4536 0.0425 0.8902
vn -0.1281 -0.1361 0.9824
vn -0.1242 -0.1149 0.9856
vn 0.0215 -0.1626 0.9865
vn -0.4669 -0.1168 0.8766
vn -0.4843 -0.1215 0.8665
vn -0.3165 -0.1982 0.9276
vn -0.2182 -0.3612 0.9066
vn -0.6371 0.7260 0.2589
vn -0.4377 0.7832 0.4416
vn -0.8406 -0.3160 0.4399
vn -0.8782 -0.2539 0.4053
vn -0.4784 -0.1228 0.8695
vn -0.4689 -0.1144 0.8758
vn -0.3814 -0.2658 0.8854
vn -0.1729 -0.1312 0.9762
vn -0.0370 -0.3345 0.9417
vn -0.6858 -0.0671 0.7247
vn -0.1965 -0.0234 0.9802
vn 0.0972 -0.1340 0.9862
vn -0.9153 0.2191 0.3381
vn -0.3015 -0.0081 0.9534
vn -0.0495 -0.2357 0.9706
vn -0.0931 -0.2672 0.9591
vn -0.8654 0.0291 0.5002
vn -0.9463 0.0912 0.3103
vn -0.9485 -0.0970 0.3015
vn -0.1060 -0.3931 0.9134
vn -0.8130 0.0654 0.5785
vn -0.8713 0.1025 0.4800
vn -0.4686 -0.1086 0.8767
vn -0.2676 -0.0460 0.9624
vn -0.1813 -0.1620 0.9700
vn -0.8624 0.2459 0.4425
vn -0.8517 0.3368 0.4014
vn -0.8302 0.0506 0.5552
vn -0.5417 -0.0216 0.8403
vn -0.6126 -0.0621 0.7880
vn -0.4934 -0.0648 0.8674
vn -0.3600 -0.1249 0.9245
vn -0.9027 0.2449 0.3539
vn -0.8945 0.2653 0.3598
vn -0.9359 -0.0991 0.3380
vn -0.8688 0.1677 0.4659
vn -0.9104 0.2728 0.3110
vn -0.9031 0.2583 0.3430
vn -0.0708 -0.2750 0.9588
vn -0.1311 -0.2318 0.9639
vn 0.0841 -0.1334 0.9875
vn -0.4861 -0.0858 0.8697
vn -0.4755 -0.0808 0.8760
vn -0.5636 0.1557 0.8112
vn -0.5208 -0.0998 0.8478
vn -0.3314 -0.0501 0.9422
vn -0.3309 -0.0369 0.9430
vn -0.9110 -0.2273 0.3441
vn -0.4493 -0.1295 0.8839
vn 0.1232 0.3344 0.9343
vn -0.2604 0.0098 0.9655
vn -0.5474 -0.1009 0.8308
vn -0.5673 -0.0550 0.8217
vn -0.9396 0.2380 0.2461
vn -0.8968 -0.1696 0.4086
vn -0.2211 0.1239 0.9673
vn -0.6924 -0.0471 0.7199
vn -0.5715 -0.0939 0.8152
vn 0.1415 -0.1509 0.9784
vn -0.8830 -0.0661 0.4646
vn -0.9249 -0.2829 0.2542
vn -0.9752 -0.0275 0.2196
vn -0.0347 -0.2474 0.9683
vn -0.0428 -0.2723 0.9613
vn -0.1498 -0.2005 0.9682
vn -0.5850 0.7083 0.3950
vn -0.3189 0.0065 0.9478
vn -0.9708 0.0483 0.2349
vn -0.2575 -0.1314 0.9573
vn -0.3130 -0.0433 0.9488
vn -0.2545 -0.3224 0.9118
vn -0.4977 -0.3275 0.8032
vn -0.4587 -0.0241 0.8883
vn -0.5835 -0.4472 0.6779
vn -0.2641 -0.1001 0.9593
vn 0.0774 0.2696 0.9599
vn -0.1042 0.1203 0.9873
vn -0.1578 0.2560 0.9537
vn -0.4355 0.3760 0.8179
vn -0.4260 -0.3986 0.8122
vn -0.6657 -0.0704 0.7429
vn -0.4544 0.0212 0.8906
vn -0.4415 0.0200 0.8970
vn -0.2385 -0.0932 0.9667
vn -0.1798 -0.1278 0.9754
vn -0.2532 -0.1209 0.9598
vn -0.6633 -0.3353 0.6691
vn -0.3760 -0.2569 0.8903
vn -0.4030 -0.2510 0.8801
vn -0.3031 -0.2667 0.9149
vn -0.3267 -0.2870 0.9005
vn -0.5233 -0.0524 0.8506
vn -0.5046 -0.0814 0.8595
vn -0.3447 -0.1807 0.9212
vn -0.3732 -0.0916 0.9232
vn -0.3636 -0.0528 0.9301
vn -0.8988 0.0480 0.4357
vn -0.8639 0.0313 0.5027
vn -0.9414 0.0139 0.3370
vn -0.9347 0.0422 0.3529
vn -0.9427 0.0089 0.3334
vn -0.9379 0.0026 0.3469
vn -0.9294 -0.0589 0.3644
vn -0.9277 0.0578 0.3689
vn -0.9323 0.0784 0.3531
vn -0.5046 0.0633 0.8610
vn -0.6067 0.0621 0.7925
vn -0.5318 0.0398 0.8459
vn -0.2416 -0.0945 0.9658
vn -0.3126 -0.0798 0.9465
vn -0.2024 -0.0798 0.9760
vn -0.2798 -0.0515 0.9587
vn -0.2319 -0.1119 0.9663
vn -0.2487 -0.1181 0.9613
vn -0.2800 -0.1638 0.9459
vn -0.3929 0.1323 0.9100
vn -0.2020 -0.1285 0.9709
vn -0.1842 -0.1275 0.9746
vn -0.8444 -0.2157 0.4905
vn -0.8642 -0.1889 0.4663
vn -0.8958 -0.1569 0.4159
vn -0.9135 -0.1324 0.3847
vn -0.9246 -0.1128 0.3640
vn -0.9381 -0.1181 0.3257
vn -0.8495 0.1728 0.4984
vn -0.8744 0.1956 0.4441
vn -0.0592 -0.1535 0.9864
vn -0.0715 -0.1780 0.9814
vn -0.1784 -0.2655 0.9475
vn -0.2621 -0.3349 0.9051
vn -0.5559 -0.1605 0.8156
vn -0.5121 -0.2449 0.8233
vn -0.7505 0.0472 0.6592
vn -0.7493 0.0519 0.6602
vn -0.8348 0.1170 0.5379
vn -0.8493 0.1272 0.5123
vn -0.7803 -0.2599 0.5689
vn -0.8097 -0.2371 0.5369
vn -0.8045 -0.0945 0.5863
vn -0.7207 -0.3112 0.6195
vn -0.7295 0.6024 0.3239
vn -0.0582 -0.1650 0.9846
vn -0.2108 -0.0862 0.9737
vn -0.1372 -0.2134 0.9673
vn -0.6419 0.4501 0.6208
vn -0.9135 0.2485 0.3222
vn -0.8791 0.0499 0.4740
vn -0.6487 0.0696 0.7579
vn -0.5595 -0.0058 0.8288
vn -0.9094 0.0372 0.4143
vn -0.9386 0.0713 0.3375
vn -0.9147 0.0209 0.4036
vn -0.8691 0.1484 0.4719
vn -0.8390 0.1797 0.5135
vn -0.3829 0.1233 0.9155
vn -0.9094 -0.0903 0.4061
vn -0.1879 -0.3309 0.9248
vn -0.1823 -0.2542 0.9498
vn -0.1838 -0.2495 0.9508
vn -0.7323 0.0174 0.6807
vn -0.7495 0.0051 0.6619
vn -0.2219 -0.0756 0.9721
vn -0.3964 -0.3112 0.8637
vn -0.8723 -0.1658 0.4600
vn -0.7863 0.1399 0.6018
vn -0.8491 0.2275 0.4768
vn -0.6341 -0.0001 0.7732
vn -0.5294 0.0872 0.8439
vn -0.5094 0.0614 0.8583
vn -0.7340 0.1072 0.6707
vn -0.3725 -0.0173 0.9279
vn -0.4891 -0.0766 0.8689
vn -0.4641 -0.1096 0.8790
vn -0.5526 0.0331 0.8328
vn -0.8681 0.0027 0.4964
vn -0.6780 -0.4125 0.6084
vn -0.2880 -0.2308 0.9294
vn -0.4412 0.0282 0.8970
vn -0.5662 -0.0174 0.8241
vn -0.7893 0.2545 0.5587
vn -0.7642 0.3467 0.5439
vn -0.7948 0.1080 0.5971
vn -0.5686 0.0277 0.8221
vn -0.4896 -0.2394 0.8384
vn -0.7034 0.0277 0.7102
vn -0.8421 0.2293 0.4882
vn -0.8501 0.2319 0.4728
vn -0.7003 -0.3390 0.6282
vn -0.1723 -0.2323 0.9573
vn -0.2139 -0.2277 0.9500
vn -0.2215 -0.2525 0.9419
vn -0.3497 -0.2012 0.9150
vn -0.5478 -0.2195 0.8073
vn -0.6055 -0.1669 0.7782
vn -0.6351 -0.1790 0.7514
vn -0.3333 -0.1661 0.9281
vn -0.6157 0.1216 0.7785
vn -0.6149 0.0753 0.7850
vn -0.6316 0.1179 0.7663
vn -0.6040 0.1408 0.7844
vn -0.2349 -0.0975 0.9671
vn -0.4740 -0.0496 0.8791
vn -0.5699 -0.0403 0.8208
vn -0.5673 -0.0031 0.8235
vn -0.5341 -0.0248 0.8450
vn -0.4471 -0.0717 0.8916
vn -0.6609 -0.0310 0.7499
vn -0.6274 -0.1423 0.7656
vn -0.6563 -0.0624 0.7519
vn -0.6194 -0.0172 0.7849
vn -0.9162 0.0573 0.3965
vn -0.9199 0.0470 0.3894
vn -0.8835 -0.0383 0.4669
vn -0.9001 0.0179 0.4352
vn -0.9003 0.0043 0.4352
vn -0.8551 -0.0742 0.5132
vn -0.8009 -0.0824 0.5931
vn -0.7931 -0.2137 0.5704
vn -0.8092 -0.1951 0.5542
vn -0.8601 -0.1375 0.4912
vn -0.8811 -0.1300 0.4548
vn -0.8883 -0.1310 0.4402
vn -0.9120 -0.1308 0.3887
vn -0.8015 0.2086 0.5604
vn -0.6005 0.0349 0.7988
vn -0.6822 0.0677 0.7280
vn -0.7301 0.1072 0.6749
vn -0.6964 -0.1448 0.7029
vn -0.6704 0.1127 0.7334
vn -0.5652 -0.1314 0.8144
vn -0.7944 -0.2091 0.5702
vn -0.4078 0.8300 0.3806
vn -0.7096 -0.2213 0.6690
vn -0.7663 -0.2099 0.6073
vn -0.2035 -0.3116 0.9282
vn -0.6500 -0.1761 0.7392
vn -0.6195 -0.2391 0.7477
vn -0.4078 -0.0739 0.9101
vn -0.6341 -0.2445 0.7336
vn -0.8850 -0.0468 0.4632
vn -0.5039 -0.0841 0.8596
vn -0.3716 -0.3561 0.8574
vn -0.3434 -0.2430 0.9072
vn -0.7323 -0.0983 0.6739
vn -0.8021 -0.1097 0.5870
vn -0.7906 -0.0672 0.6087
vn -0.8529 -0.1160 0.5090
vn -0.7630 0.1911 0.6175
vn -0.7528 0.1617 0.6380
vn -0.6514 0.1406 0.7456
vn -0.7601 0.1676 0.6279
vn -0.5890 -0.3520 0.7275
vn -0.3401 -0.2132 0.9159
vn -0.4372 -0.1907 0.8789
vn -0.4270 -0.2214 0.8767
vn -0.4037 -0.2353 0.8841
vn -0.5036 -0.2353 0.8313
vn -0.3493 0.4978 0.7938
vn -0.7327 0.1804 0.6562
vn -0.7232 0.1559 0.6728
vn -0.6969 0.1549 0.7003
vn -0.9087 0.0082 0.4174
vn -0.8310 -0.1618 0.5322
vn -0.9103 -0.0228 0.4134
vn -0.8992 -0.0183 0.4371
vn -0.3486 0.0195 0.9371
vn -0.7030 0.1676 0.6911
vn -0.8171 -0.0708 0.5721
vn -0.8164 -0.0178 0.5772
vn -0.5834 -0.2156 0.7830
vn -0.6958 -0.2128 0.6860
vn -0.8179 0.0073 0.5753
vn -0.8283 -0.0031 0.5602
vn -0.8656 0.0051 0.5007
vn -0.8767 0.0136 0.4809
vn -0.8141 -0.1457 0.5621
vn -0.8250 -0.1535 0.5439
vn -0.7330 -0.1932 0.6522
vn -0.8349 -0.1466 0.5305
vn -0.7143 -0.2190 0.6647
vn -0.7137 -0.2075 0.6691
vn -0.4329 -0.2471 0.8669
vn -0.8058 -0.0975 0.5841
vn -0.5697 -0.1581 0.8065
vn -0.6597 -0.0326 0.7508
vn -0.6027 -0.1677 0.7802
vn -0.7642 -0.0777 0.6403
vn -0.5859 -0.2004 0.7852
vn -0.7373 -0.1572 0.6571
vn -0.7601 -0.1436 0.6337
vn -0.7198 -0.1629 0.6748
vn -0.2639 -0.1485 0.9531
vn 0.1507 -0.1280 0.9803
vn 0.0646 -0.1128 0.9915
vn -0.6965 -0.1691 0.6974
vn -0.5036 -0.2789 0.8177
vn -0.6469 -0.3584 0.6731
vn 0.9528 -0.0461 0.3002
vn 0.9511 -0.0180 0.3082
vn 0.9540 -0.0034 0.2998
vn -0.4269 -0.1437 0.8928
vn -0.6274 -0.1461 0.7649
vn -0.6482 -0.1068 0.7539
vn 0.1971 -0.1723 0.9651
vn 0.4015 -0.0384 0.9151
vn 0.4973 -0.0589 0.8656
vn -0.1133 -0.1209 0.9862
vn -0.3343 -0.1631 0.9282
vn 0.1593 -0.0984 0.9823
vn 0.5896 -0.0807 0.8037
vn 0.7667 -0.0464 0.6403
vn 0.7518 -0.0540 0.6572
vn -0.0667 -0.1530 0.9860
vn 0.1526 -0.1295 0.9798
vn -0.2700 -0.1377 0.9530
vn -0.3894 -0.3906 0.8341
vn -0.5084 -0.3741 0.7756
vn -0.4993 -0.3510 0.7921
vn 0.6995 -0.1395 0.7009
vn 0.5121 -0.1280 0.8493
vn 0.6438 -0.1171 0.7562
vn 0.5613 -0.4058 0.7213
vn 0.5721 0.0471 0.8188
vn 0.8124 -0.0566 0.5804
vn 0.2800 0.8239 0.4928
vn 1.0000 -0.0000 -0.0000
vn 0.9167 -0.3645 -0.1637
vn 0.8896 0.4068 -0.2078
vn 0.8498 0.4725 -0.2338
vn 0.9788 0.1544 -0.1348
vn 0.9957 0.0349 -0.0853
vn 0.9969 0.0452 -0.0637
vn 0.4691 0.8149 0.3405
vn 0.5987 0.7701 0.2202
vn 0.7195 0.6905 0.0747
vn -0.0086 0.8098 0.5866
vn -0.9839 -0.0292 0.1765
vn -0.9608 0.0244 0.2762
vn -0.9276 0.1338 0.3488
vn -0.9401 -0.3176 0.1242
vn -0.9221 -0.1439 0.3592
vn -0.8811 0.2894 0.3741
vn 0.4393 -0.8982 0.0136
vn -0.6768 -0.5394 0.5010
vn -0.9103 -0.0504 0.4108
vn -0.9111 -0.2472 0.3299
vn 0.8706 0.4875 0.0671
vn 1.0000 -0.0002 -0.0000
vn 0.9996 -0.0253 -0.0136
vn 0.9938 0.0429 -0.1030
vn 0.9508 -0.2893 -0.1109
vn 0.9894 -0.1226 -0.0778
vn 0.9946 -0.0878 -0.0558
vn 0.9978 -0.0467 -0.0463
vn 0.9959 -0.0446 -0.0782
vn -0.2310 0.8253 0.5153
vn -0.4355 0.7318 0.5242
vn -0.7547 0.4586 0.4693
vn -0.9660 -0.0878 0.2430
vn 0.9864 -0.1139 -0.1186
vn 0.9956 -0.0469 -0.0816
vn 0.9950 -0.0660 -0.0754
vn 0.9938 -0.1082 -0.0261
vn 0.9963 -0.0634 -0.0578
vn 0.9985 -0.0318 -0.0443
vn 0.9808 0.1894 -0.0466
vn 0.9605 -0.2769 0.0290
vn 0.9899 0.1204 -0.0750
vn 0.9985 -0.0450 0.0326
vn 0.9984 0.0010 0.0567
vn 0.9997 0.0176 0.0146
vn 0.9976 0.0690 0.0060
vn 0.9986 0.0524 0.0056
vn 0.9962 0.0866 0.0073
vn 0.9807 0.1942 -0.0242
vn 0.9736 0.2271 -0.0250
vn 0.9667 0.2556 0.0089
vn 0.9537 0.3005 -0.0152
vn 0.9469 0.3212 0.0138
vn 0.9342 0.3562 0.0205
vn 0.9400 0.3400 -0.0292
vn 0.9524 0.3036 0.0284
vn 0.9584 0.2847 0.0177
vn 0.9665 0.2540 0.0359
vn 0.9734 0.2224 0.0545
vn 0.9818 0.1900 0.0061
vn 0.9887 0.1471 0.0283
vn 0.9915 0.1245 0.0381
vn 0.9938 0.1026 0.0428
vn 0.9940 0.0810 0.0733
vn 0.9973 0.0524 0.0522
vn 0.9976 0.0007 0.0692
vn 0.9979 0.0277 0.0590
vn 0.9965 -0.0227 0.0799
vn 0.9952 -0.0407 0.0887
vn 0.9895 -0.0463 0.1369
vn 0.9936 -0.0451 0.1036
vn 0.9828 -0.0561 0.1759
vn 0.9848 -0.0414 0.1689
vn 0.9802 -0.0683 0.1861
vn 0.9802 -0.0680 0.1860
vn 0.9678 -0.0573 0.2451
vn 0.9843 -0.0439 0.1710
vn 0.9957 -0.0269 0.0883
vn 0.9901 -0.0294 0.1370
vn 0.9795 -0.0130 0.2011
vn 0.9718 0.0084 0.2357
vn 0.9682 -0.0066 0.2502
vn 0.9685 0.0137 0.2486
vn 0.9595 0.0371 0.2792
vn 0.9717 0.0350 0.2334
vn 0.9742 0.1000 0.2022
vn 0.9728 0.0556 0.2251
vn 0.9365 0.3059 -0.1712
vn 0.8816 0.4304 -0.1939
vn 0.8446 0.5202 -0.1270
vn 0.7928 0.6029 -0.0893
vn 0.7596 0.6503 0.0152
vn -0.9532 -0.1841 0.2400
vn -0.9650 -0.0849 0.2480
vn -0.9663 0.0236 0.2565
vn -0.9645 -0.0274 0.2625
vn -0.9723 0.0157 0.2332
vn -0.9727 -0.0221 0.2309
vn -0.9754 -0.0790 0.2056
vn -0.9525 -0.1101 0.2839
vn -0.9665 -0.1505 0.2078
vn -0.9450 -0.1572 0.2868
vn -0.9618 -0.1698 0.2146
vn -0.9540 -0.1725 0.2450
vn -0.9336 -0.1602 0.3205
vn -0.9469 -0.1688 0.2737
vn -0.9280 -0.1580 0.3375
vn -0.9149 -0.1933 0.3545
vn -0.9234 -0.2312 0.3064
vn -0.8835 -0.2153 0.4161
vn -0.8715 -0.2458 0.4244
vn -0.8719 -0.2402 0.4266
vn -0.8645 -0.2504 0.4358
vn -0.8449 -0.2447 0.4757
vn -0.8428 -0.2534 0.4749
vn -0.8678 -0.2971 0.3983
vn -0.8552 -0.2588 0.4491
vn -0.8360 -0.2504 0.4883
vn -0.8005 -0.2231 0.5563
vn -0.8131 -0.2229 0.5377
vn -0.8243 -0.2148 0.5238
vn -0.7675 -0.1712 0.6178
vn -0.7890 -0.1321 0.6001
vn -0.7887 -0.1588 0.5939
vn -0.7638 -0.1410 0.6299
vn -0.7915 -0.1431 0.5942
vn -0.7843 -0.2426 0.5709
vn -0.7706 -0.2893 0.5678
vn -0.7853 -0.3653 0.4998
vn -0.7725 -0.3803 0.5085
vn -0.7147 -0.4074 0.5686
vn -0.6929 -0.4090 0.5938
vn -0.7169 -0.3592 0.5975
vn -0.7112 -0.3846 0.5885
vn -0.7344 -0.3072 0.6052
vn -0.7784 -0.2150 0.5898
vn -0.7513 -0.2589 0.6070
vn -0.7937 -0.1933 0.5768
vn -0.8162 -0.2669 0.5124
vn -0.8081 -0.2201 0.5464
vn -0.8269 -0.3032 0.4735
vn -0.8428 -0.3059 0.4428
vn -0.8906 -0.2404 0.3861
vn -0.8681 -0.3207 0.3789
vn -0.8906 -0.2646 0.3699
vn -0.9327 -0.2003 0.2998
vn -0.9277 -0.1033 0.3588
vn -0.6960 -0.1358 0.7050
vn -0.7158 0.0430 0.6970
vn -0.8228 0.1202 0.5555
vn -0.8158 -0.1209 0.5656
vn -0.5433 -0.1751 0.8211
vn -0.5788 -0.0375 0.8146
vn -0.3520 -0.1610 0.9220
vn -0.3895 -0.0945 0.9162
vn -0.1289 -0.2064 0.9699
vn -0.1491 -0.1286 0.9804
vn 0.3629 -0.2014 0.9098
vn 0.3945 -0.1462 0.9072
vn 0.1217 -0.1495 0.9812
vn 0.1160 -0.2222 0.9681
vn 0.5912 -0.1643 0.7896
vn 0.6152 -0.1489 0.7742
vn 0.7680 -0.1279 0.6276
vn 0.7805 -0.1267 0.6122
vn 0.9438 -0.0707 0.3230
vn 0.9581 -0.0871 0.2730
vn 0.8946 -0.1171 0.4313
vn 0.8820 -0.1109 0.4581
vn 0.9770 -0.0030 0.2131
vn 0.9902 -0.0614 0.1251
vn 0.9287 0.3664 -0.0578
vn 0.9733 0.0296 -0.2276
vn -0.9349 -0.2226 0.2764
vn -0.9230 -0.2320 0.3071
vn -0.9335 0.0835 0.3486
vn -0.8778 0.2424 0.4132
vn -0.9350 -0.2452 0.2561
vn -0.9503 -0.1788 0.2548
vn 0.9766 0.1628 0.1406
vn -0.9004 -0.3012 0.3140
vn 0.9041 0.4160 -0.0981
vn 0.8769 0.4440 -0.1841
vn 0.9503 0.3028 -0.0724
vn 0.9912 0.1150 0.0663
vn 0.9773 0.1431 0.1561
vn -0.7399 -0.3684 0.5629
vn -0.8039 -0.1022 0.5860
vn -0.8407 -0.1340 0.5247
vn -0.8843 0.2756 0.3768
vn 0.9966 -0.0510 -0.0643
vn 0.9924 0.1230 -0.0068
vn 0.9754 0.2146 0.0514
vn 0.9874 -0.0249 0.1565
vn 0.9902 -0.0081 0.1396
vn 0.9613 0.2314 0.1493
vn 0.9640 0.2650 0.0222
vn -0.8442 -0.2907 0.4504
vn -0.8151 -0.1718 0.5532
vn -0.7865 -0.1753 0.5922
vn -0.7753 -0.3280 0.5398
vn -0.7822 -0.3848 0.4900
vn -0.8639 -0.2892 0.4124
vn -0.9156 -0.0573 0.3981
vn -0.6704 -0.3080 0.6751
vn -0.5431 -0.2344 0.8063
vn -0.3135 -0.2800 0.9074
vn -0.0899 -0.2979 0.9504
vn 0.9876 0.0854 -0.1320
vn 0.9525 0.2719 0.1375
vn 0.9825 -0.1205 0.1420
vn 0.9777 -0.2033 0.0525
vn 0.9805 -0.1902 0.0502
vn 0.9940 -0.0898 0.0621
vn 0.9818 -0.1877 -0.0282
vn 0.9959 -0.0669 0.0605
vn 0.9880 -0.1096 0.1089
vn 0.9787 -0.1359 0.1536
vn 0.9839 -0.1056 0.1445
vn 0.9672 -0.1772 0.1820
vn 0.9774 0.0283 0.2096
vn 0.9779 0.0105 0.2088
vn 0.9792 0.0489 0.1969
vn 0.9838 0.1757 -0.0369
vn 0.9498 0.2571 0.1785
vn 0.9591 0.2427 0.1460
vn 0.9728 0.1736 0.1535
vn 0.9731 0.1479 0.1766
vn 0.9462 -0.0192 0.3230
vn 0.9697 -0.0251 0.2432
vn 0.9355 -0.0194 0.3529
vn 0.9778 0.2011 0.0585
vn 0.9404 0.1843 0.2857
vn -0.8885 -0.1903 0.4175
vn -0.7421 -0.1801 0.6457
vn -0.7731 -0.2485 0.5835
vn -0.7193 -0.2162 0.6602
vn -0.6969 -0.2148 0.6842
vn -0.6927 -0.1954 0.6943
vn -0.6868 -0.1885 0.7019
vn -0.6883 -0.1797 0.7028
vn -0.7824 -0.1585 0.6023
vn -0.7878 -0.2050 0.5808
vn -0.7298 -0.2366 0.6414
vn -0.7182 -0.3632 0.5935
vn -0.7080 -0.3822 0.5938
vn -0.7315 -0.3938 0.5566
vn -0.6526 -0.3469 0.6736
vn -0.6395 -0.3727 0.6724
vn -0.8823 -0.2614 0.3915
vn -0.8309 -0.3023 0.4672
vn -0.9230 -0.2389 0.3015
vn 0.9375 -0.0859 0.3373
vn 0.8708 -0.0669 0.4871
vn 0.1139 0.8843 0.4528
vn 0.5062 0.7977 0.3277
vn 0.6728 0.7195 0.1724
vn -0.4430 0.6409 0.6269
vn -0.0690 0.8138 0.5771
vn 0.7900 0.6131 0.0077
vn 0.8683 0.4956 0.0229
vn -0.8890 -0.0246 0.4572
vn -0.8620 -0.0197 0.5066
vn -0.8811 -0.0439 0.4709
vn -0.8825 0.0346 0.4690
vn -0.8579 0.0038 0.5137
vn -0.8122 0.0555 0.5808
vn -0.8376 -0.0713 0.5416
vn -0.8428 -0.1084 0.5272
vn -0.8291 -0.1286 0.5441
vn -0.8682 -0.1379 0.4768
vn -0.8558 -0.1476 0.4958
vn -0.8432 -0.1297 0.5217
vn -0.8104 -0.1070 0.5761
vn -0.7849 -0.1242 0.6071
vn -0.7597 -0.1647 0.6290
vn 0.9712 0.1013 0.2157
vn 0.9621 0.0716 0.2631
vn 0.9697 0.0500 0.2390
vn -0.7279 -0.2122 0.6520
vn -0.7247 -0.2175 0.6538
vn -0.7330 -0.1972 0.6510
vn -0.7346 -0.1914 0.6510
vn -0.7383 -0.1559 0.6562
vn -0.7131 -0.2149 0.6673
vn 0.9620 -0.0220 0.2720
vn 0.9655 -0.0013 0.2603
vn 0.9585 -0.0341 0.2829
vn 0.8923 0.0272 0.4507
vn 0.8530 0.0183 0.5216
vn 0.8742 0.0092 0.4855
vn 0.8685 -0.0201 0.4952
vn 0.8641 -0.0193 0.5029
vn 0.8867 -0.0714 0.4567
vn 0.8963 -0.0783 0.4365
vn 0.9028 -0.0796 0.4226
vn 0.9084 -0.0721 0.4118
vn -0.8351 -0.2596 0.4849
vn -0.8059 -0.3577 0.4718
vn -0.8247 -0.2118 0.5244
vn 0.9924 0.0144 0.1225
vn 0.9933 -0.1089 0.0392
vn 0.9886 -0.1117 0.1006
vn 0.7337 -0.1638 0.6594
vn 0.5580 -0.2572 0.7890
vn 0.3533 -0.3026 0.8852
vn 0.1362 -0.3138 0.9397
vn 0.9499 0.2129 0.2290
vn 0.9491 0.2413 0.2026
vn 0.9462 0.2685 0.1807
vn 0.9423 0.2841 0.1773
vn 0.9419 0.3040 0.1426
vn 0.9504 -0.0564 0.3060
vn 0.9553 -0.0435 0.2924
vn -0.7654 -0.3572 0.5354
vn -0.7553 -0.3536 0.5519
vn -0.7476 -0.3166 0.5838
vn -0.7462 -0.2558 0.6146
vn 0.9949 -0.0162 0.0991
vn 0.9798 -0.0949 0.1759
vn -0.7355 -0.2134 0.6430
vn -0.7394 -0.2259 0.6342
vn -0.7085 -0.2506 0.6597
vn 0.9780 -0.0171 0.2079
vn 0.9746 -0.0469 0.2189
vn 0.9671 -0.0854 0.2397
vn 0.9431 0.2667 0.1985
vn 0.9272 0.3025 0.2208
vn 0.9784 0.1551 0.1364
vn 0.9802 0.1280 0.1513
vn -0.8713 -0.1414 0.4700
vn -0.8604 -0.1685 0.4809
vn -0.7926 -0.1558 0.5895
vn -0.8084 -0.1970 0.5547
vn -0.7139 -0.1798 0.6768
vn -0.7018 -0.1744 0.6907
vn -0.6310 -0.4002 0.6646
vn -0.6384 -0.3916 0.6626
vn 0.9210 -0.0541 0.3858
vn 0.9346 -0.0372 0.3537
vn 0.8919 0.4345 -0.1257
vn 0.8644 0.4892 -0.1164
vn -0.6802 -0.1612 0.7151
vn -0.6884 -0.1554 0.7085
vn -0.7162 -0.3036 0.6284
vn -0.7296 -0.2734 0.6268
vn 0.9624 0.2201 0.1590
vn 0.9931 -0.0734 0.0911
vn 0.9393 0.3227 0.1163
vn 0.9041 0.3908 -0.1727
vn -0.6973 -0.3951 0.5980
vn -0.8641 -0.3341 0.3764
vn -0.7176 -0.0494 0.6947
vn -0.7560 0.4450 0.4800
vn 0.9707 -0.1216 0.2073
vn -0.8003 -0.2256 0.5555
vn -0.8903 -0.1281 0.4370
vn -0.8338 0.0238 0.5516
vn 0.9265 -0.0701 0.3697
vn 0.9742 -0.1249 0.1879
vn -0.8848 0.0121 0.4657
vn 0.9682 0.0258 0.2490
vn 0.9724 0.1222 0.1989
vn -0.6985 -0.1570 0.6982
vn -0.6798 -0.1489 0.7181
vn 0.8539 -0.0534 0.5176
vn -0.8296 -0.1161 0.5462
vn -0.7873 -0.3350 0.5176
vn 0.9293 0.2174 0.2986
vn 0.9705 0.1970 0.1389
vn -0.6306 -0.1350 0.7642
vn 0.9347 -0.0267 0.3545
vn -0.7209 -0.2083 0.6610
vn -0.6340 -0.3853 0.6706
vn 0.9702 0.0710 0.2318
vn 0.9538 0.0094 0.3003
vn 0.9807 0.1258 0.1500
vn 0.9081 0.0381 0.4171
vn -0.8383 -0.1966 0.5086
vn -0.7138 -0.2347 0.6599
vn -0.6732 -0.1720 0.7192
vn -0.6878 -0.3337 0.6446
vn -0.6262 -0.3951 0.6722
vn -0.6753 -0.3051 0.6715
vn -0.8669 -0.2779 0.4138
vn 0.9891 0.1427 -0.0369
vn 0.9832 0.1099 0.1457
vn 0.8667 -0.0373 0.4974
vn 0.8418 -0.0451 0.5379
vn 0.9507 0.2058 0.2318
vn 0.9713 0.2024 0.1247
vn -0.7612 0.4292 0.4862
vn -0.5847 -0.0090 0.8112
vn 0.9751 -0.1328 0.1778
vn 0.9591 0.1619 0.2322
vn 0.9233 0.0667 0.3782
vn 0.9347 0.1232 0.3334
vn -0.8321 -0.2768 0.4807
vn -0.6791 -0.3035 0.6684
vn 0.8897 0.4552 -0.0354
vn 0.9437 0.2953 0.1488
vn 0.9192 0.2426 0.3102
vn 0.3265 0.8532 0.4068
vn 0.5729 0.7684 0.2853
vn 0.7154 0.6846 0.1398
vn -0.3915 -0.0144 0.9201
vn -0.1367 -0.0229 0.9903
vn 0.9493 -0.1704 0.2640
vn 0.9366 0.1616 0.3111
vn 0.9266 0.1314 0.3524
vn -0.8354 -0.2031 0.5108
vn -0.6842 -0.2144 0.6971
vn -0.6433 -0.1823 0.7436
vn -0.6280 -0.1888 0.7550
vn -0.6201 -0.1840 0.7626
vn -0.6187 -0.1759 0.7657
vn -0.6236 -0.1723 0.7625
vn -0.6517 -0.3498 0.6730
vn -0.6420 -0.3744 0.6691
vn -0.9054 -0.1239 0.4060
vn -0.6623 -0.1629 0.7313
vn -0.2092 0.7620 0.6128
vn 0.1509 0.8430 0.5163
vn -0.6179 -0.1906 0.7628
vn -0.6249 -0.1944 0.7561
vn -0.6173 -0.1768 0.7666
vn -0.6337 -0.1668 0.7554
vn -0.6287 -0.1921 0.7536
vn -0.7108 -0.0950 0.6969
vn -0.7258 -0.2016 0.6577
vn -0.7772 -0.1545 0.6100
vn -0.7032 -0.0176 0.7108
vn -0.6026 -0.0519 0.7963
vn -0.6018 -0.1110 0.7909
vn -0.5786 -0.1424 0.8031
vn 0.6925 -0.0147 0.7213
vn 0.6959 -0.0351 0.7173
vn 0.6958 -0.0038 0.7183
vn 0.6453 0.0283 0.7634
vn 0.7444 0.0400 0.6665
vn -0.7450 0.1341 0.6534
vn -0.7545 -0.0641 0.6532
vn -0.6778 -0.0070 0.7352
vn -0.6661 0.0932 0.7400
vn -0.7190 -0.0615 0.6923
vn 0.9028 0.0769 0.4231
vn 0.8928 0.0499 0.4477
vn 0.9009 0.0345 0.4326
vn 0.8822 -0.0265 0.4702
vn 0.8892 -0.0068 0.4575
vn 0.8736 -0.0404 0.4850
vn -0.6762 -0.1027 0.7295
vn -0.6346 -0.0706 0.7696
vn -0.6757 -0.0571 0.7350
vn 0.8004 -0.0650 0.5959
vn 0.8701 -0.0392 0.4914
vn 0.7151 -0.1011 0.6917
vn 0.6789 -0.0799 0.7298
vn 0.7590 -0.0965 0.6439
vn 0.7229 -0.1025 0.6833
vn -0.7321 -0.2754 0.6231
vn -0.6885 -0.3634 0.6276
vn -0.7033 -0.2135 0.6781
vn 0.9470 -0.1515 0.2832
vn 0.9535 -0.1702 0.2486
vn 0.9595 -0.1435 0.2424
vn 0.9699 -0.0629 0.2353
vn -0.7188 -0.2164 0.6607
vn -0.7229 -0.2173 0.6559
vn -0.7139 -0.2503 0.6540
vn 0.9644 -0.0793 0.2524
vn 0.9490 0.0095 0.3151
vn 0.9577 -0.1300 0.2568
vn 0.8994 0.1953 0.3911
vn 0.9067 0.2259 0.3561
vn 0.9117 0.2516 0.3247
vn 0.9154 0.2725 0.2963
vn 0.9196 0.2879 0.2674
vn -0.6633 -0.3837 0.6425
vn -0.6632 -0.3855 0.6415
vn -0.6740 -0.3429 0.6544
vn -0.6968 -0.2696 0.6647
vn -0.6020 -0.3789 0.7029
vn -0.6042 -0.3835 0.6985
vn 0.9525 -0.0803 0.2938
vn 0.9483 -0.0990 0.3014
vn -0.5852 -0.4075 0.7010
vn -0.5619 -0.4163 0.7149
vn 0.9100 0.2386 0.3392
vn 0.8922 0.2580 0.3708
vn 0.9544 0.1113 0.2770
vn 0.9593 0.1000 0.2642
vn 0.9756 -0.0923 0.1990
vn 0.9570 -0.2600 0.1285
vn 0.9606 -0.1502 0.2339
vn 0.6877 -0.0175 0.7258
vn 0.5372 -0.0412 0.8425
vn 0.3493 -0.0738 0.9341
vn 0.1196 -0.0283 0.9924
vn -0.7357 -0.2017 0.6466
vn -0.7594 -0.1660 0.6291
vn -0.6697 -0.1232 0.7324
vn -0.6541 -0.1693 0.7372
vn -0.6663 -0.2153 0.7139
vn -0.6824 -0.2300 0.6938
vn -0.6508 -0.1725 0.7394
vn -0.6568 -0.1768 0.7330
vn 0.9534 0.0312 0.3001
vn 0.9546 0.0177 0.2974
vn -0.6726 -0.2845 0.6831
vn -0.6313 -0.2980 0.7160
vn 0.9428 0.2051 0.2628
vn 0.9295 0.2069 0.3053
vn -0.8183 0.2509 0.5171
vn -0.7402 0.0760 0.6681
vn -0.7314 -0.1692 0.6606
vn -0.6395 -0.1385 0.7562
vn 0.9474 -0.0916 0.3066
vn 0.8587 -0.0565 0.5093
vn 0.9072 -0.0340 0.4193
vn 0.8699 -0.0254 0.4926
vn 0.8666 -0.0544 0.4961
vn 0.8641 -0.0508 0.5008
vn -0.6186 0.0512 0.7841
vn -0.8647 -0.1217 0.4874
vn -0.7927 0.1056 0.6004
vn 0.8049 0.5905 -0.0585
vn 0.7844 0.0487 0.6183
vn -0.4329 -0.1149 0.8941
vn 0.8663 0.4832 0.1267
vn -0.6203 -0.1808 0.7632
vn -0.6624 -0.1884 0.7251
vn 0.8102 -0.0458 0.5843
vn -0.7464 0.0463 0.6639
vn 0.8965 0.0125 0.4429
vn 0.9064 0.0931 0.4121
vn -0.7622 -0.3268 0.5588
vn -0.6883 -0.2585 0.6778
vn 0.9377 0.1538 0.3115
vn 0.8716 0.2494 0.4221
vn 0.9509 0.1023 0.2921
vn -0.6502 -0.1838 0.7372
vn 0.8800 0.3738 0.2930
vn 0.8400 -0.0739 0.5375
vn 0.7721 -0.1036 0.6270
vn -0.5502 -0.0787 0.8313
vn -0.7485 -0.1612 0.6432
vn -0.4948 -0.1616 0.8538
vn 0.6393 -0.0711 0.7657
vn -0.7943 -0.3130 0.5208
vn 0.9452 -0.1163 0.3051
vn -0.5778 -0.3048 0.7571
vn -0.6366 -0.3782 0.6721
vn 0.8992 -0.3613 0.2467
vn -0.5541 -0.1902 0.8104
vn -0.6717 -0.3543 0.6506
vn -0.7437 -0.3012 0.5968
vn 0.9426 -0.1279 0.3085
vn -0.6118 -0.3555 0.7067
vn 0.9715 0.1122 0.2086
vn 0.9486 0.0560 0.3114
vn -0.5998 -0.3940 0.6964
vn 0.9584 -0.1264 0.2559
vn 0.9588 0.1434 0.2452
vn 0.9072 0.1800 0.3802
vn -0.6580 -0.2914 0.6944
vn -0.5562 -0.3978 0.7297
vn 0.9381 -0.1702 0.3016
vn 0.9146 -0.0976 0.3924
vn 0.9086 0.1986 0.3674
vn -0.4750 -0.1005 0.8742
vn 0.8838 -0.1615 0.4391
vn 0.7462 0.6654 -0.0210
vn 0.9257 0.2475 0.2860
vn 0.9039 0.2210 0.3661
vn 0.9050 0.1247 0.4068
vn 0.9834 0.0961 0.1539
vn 0.9649 0.0921 0.2460
vn 0.6707 -0.0471 0.7402
vn 0.6630 -0.0663 0.7457
vn 0.8942 0.0918 0.4382
vn 0.4115 0.8244 0.3887
vn 0.6070 0.7050 0.3668
vn 0.7902 0.5915 0.1605
vn -0.5134 0.6988 0.4981
vn -0.6230 -0.1905 0.7587
vn -0.6020 -0.0450 0.7972
vn -0.4918 0.1403 0.8593
vn -0.5004 0.1888 0.8450
vn 0.9204 -0.2327 0.3143
vn 0.8875 0.1745 0.4264
vn -0.7164 -0.1647 0.6780
vn 0.8037 0.5861 -0.1028
vn -0.4583 -0.2563 0.8510
vn 0.8550 0.2365 0.4615
vn 0.9154 0.1629 0.3682
vn 0.9603 -0.1080 0.2570
vn 0.8414 0.2176 0.4947
vn -0.4715 -0.1718 0.8650
vn -0.2050 -0.1719 0.9635
vn 0.0046 -0.2264 0.9740
vn 0.8251 0.1904 0.5320
vn 0.8299 0.0590 0.5548
vn -0.5469 -0.0645 0.8347
vn -0.4877 0.0092 0.8730
vn 0.9461 -0.1102 0.3046
vn -0.5087 0.6398 0.5761
vn -0.5878 -0.3549 0.7270
vn 0.8610 0.1340 0.4906
vn 0.8393 0.0989 0.5347
vn 0.9425 0.1174 0.3128
vn -0.5887 -0.3370 0.7348
vn -0.5782 -0.3586 0.7329
vn -0.4101 0.0214 0.9118
vn -0.3348 -0.0764 0.9392
vn -0.2678 -0.1182 0.9562
vn 0.8008 0.1594 0.5773
vn -0.4554 -0.1484 0.8778
vn -0.6807 0.5248 0.5112
vn -0.6286 0.1600 0.7611
vn -0.1500 0.7836 0.6029
vn 0.1653 0.6760 0.7181
vn -0.5073 -0.1772 0.8434
vn -0.5065 -0.1780 0.8437
vn -0.5348 -0.1812 0.8253
vn -0.5658 -0.1818 0.8043
vn -0.5010 -0.1686 0.8489
vn 0.7150 -0.0620 0.6963
vn 0.7339 -0.0478 0.6776
vn 0.7553 -0.0352 0.6544
vn 0.5392 -0.0741 0.8389
vn 0.5123 -0.1186 0.8506
vn 0.4168 -0.1283 0.8999
vn 0.4551 -0.1076 0.8839
vn 0.3977 -0.1091 0.9110
vn 0.8936 -0.0000 0.4489
vn 0.8626 -0.2438 0.4432
vn 0.9125 -0.2311 0.3375
vn 0.7183 0.0347 0.6948
vn 0.5222 -0.0107 0.8528
vn 0.3252 -0.2008 0.9241
vn 0.1966 -0.3149 0.9285
vn -0.4654 0.1258 0.8761
vn -0.5526 -0.1896 0.8116
vn -0.5517 -0.1847 0.8133
vn -0.5703 -0.1949 0.7980
vn -0.4763 -0.1666 0.8634
vn -0.4141 -0.1771 0.8928
vn -0.5121 -0.1744 0.8410
vn -0.5114 -0.1842 0.8394
vn -0.5233 -0.1815 0.8326
vn -0.4830 -0.0723 0.8727
vn -0.4263 -0.0565 0.9028
vn -0.4488 -0.0269 0.8932
vn -0.6935 -0.1835 0.6967
vn -0.6947 -0.2251 0.6832
vn -0.5092 -0.3789 0.7727
vn -0.5292 -0.3811 0.7581
vn -0.5809 -0.1066 0.8070
vn -0.5775 -0.1772 0.7969
vn 0.7923 -0.0547 0.6077
vn 0.9446 -0.0609 0.3224
vn 0.9297 -0.0953 0.3559
vn 0.7883 0.0068 0.6152
vn 0.7698 0.0256 0.6377
vn 0.7976 0.0543 0.6007
vn 0.6745 -0.0794 0.7340
vn 0.7185 -0.0689 0.6921
vn 0.4836 -0.0182 0.8751
vn 0.2567 -0.0175 0.9663
vn 0.5100 -0.1048 0.8538
vn 0.4597 -0.0228 0.8878
vn 0.4490 0.0435 0.8925
vn -0.5662 -0.1870 0.8028
vn -0.4452 -0.1333 0.8854
vn -0.5511 -0.2695 0.7897
vn -0.4791 -0.2643 0.8370
vn -0.5441 -0.2920 0.7866
vn -0.6088 -0.3039 0.7328
vn -0.5066 -0.2573 0.8229
vn 0.9508 0.0132 0.3095
vn 0.9469 0.0118 0.3212
vn -0.6057 -0.2365 0.7597
vn -0.5574 -0.2355 0.7962
vn -0.5833 -0.3180 0.7474
vn -0.6537 -0.2220 0.7234
vn -0.5300 -0.3856 0.7552
vn -0.5101 -0.3915 0.7659
vn 0.8998 -0.1760 0.3992
vn 0.8814 -0.2080 0.4240
vn -0.5004 -0.4364 0.7478
vn -0.4792 -0.4506 0.7532
vn 0.8983 -0.2648 0.3506
vn 0.8664 -0.2451 0.4351
vn 0.9322 0.0721 0.3547
vn 0.9244 0.0749 0.3741
vn 0.8573 0.2023 0.4734
vn 0.8293 0.1982 0.5225
vn -0.2651 0.0904 0.9600
vn 0.3765 0.4857 0.7889
vn -0.6016 0.3811 0.7020
vn 0.8212 0.4401 0.3634
vn 0.6118 0.4060 0.6789
vn 0.7705 0.0413 0.6361
vn 0.5452 0.0563 0.8364
vn -0.6422 -0.1535 0.7510
vn 0.3674 -0.0845 0.9262
vn -0.1478 -0.1032 0.9836
vn -0.4869 -0.1703 0.8567
vn -0.5272 -0.2085 0.8238
vn 0.6490 -0.0679 0.7578
vn 0.8840 0.1284 0.4494
vn -0.5636 -0.3748 0.7361
vn 0.8700 0.1515 0.4692
vn -0.4869 -0.3806 0.7862
vn 0.8669 0.0611 0.4947
vn 0.9045 0.1411 0.4025
vn 0.7025 0.7116 -0.0091
vn 0.8348 0.4424 0.3277
vn 0.7774 -0.0174 0.6287
vn 0.7702 0.1263 0.6251
vn -0.5256 -0.1785 0.8318
vn 0.7860 0.0776 0.6133
vn -0.2363 -0.0206 0.9715
vn 0.5134 0.0098 0.8581
vn -0.5026 -0.3516 0.7898
vn 0.8924 -0.2454 0.3788
vn -0.3743 -0.2057 0.9042
vn -0.6594 -0.3383 0.6714
vn 0.8625 -0.2422 0.4444
vn 0.9481 0.0887 0.3054
vn -0.6013 -0.2606 0.7553
vn -0.4698 -0.4200 0.7765
vn -0.2685 -0.0742 0.9604
vn 0.9155 -0.1208 0.3838
vn 0.9353 0.0742 0.3460
vn -0.5041 -0.3676 0.7815
vn 0.9330 0.0902 0.3483
vn 0.9429 0.0317 0.3316
vn -0.4228 -0.3014 0.8546
vn 0.7160 -0.0903 0.6922
vn 0.4991 -0.1350 0.8560
vn -0.5188 -0.4108 0.7497
vn 0.8978 -0.2516 0.3615
vn 0.8341 0.1266 0.5369
vn 0.9561 0.0956 0.2770
vn 0.9544 0.0876 0.2852
vn 0.4004 -0.0237 0.9160
vn -0.4850 0.0197 0.8743
vn -0.2228 0.0145 0.9748
vn 0.0153 0.2822 0.9592
vn 0.9317 -0.1294 0.3394
vn 0.9607 -0.1163 0.2521
vn -0.5387 -0.1746 0.8242
vn -0.4880 -0.3789 0.7863
vn -0.3762 -0.1058 0.9205
vn 0.7769 0.1850 0.6019
vn -0.1138 -0.2189 0.9691
vn -0.3488 -0.1594 0.9235
vn 0.9256 0.0827 0.3694
vn 0.8962 0.0054 0.4436
vn 0.9114 0.0670 0.4061
vn 0.7650 0.2053 0.6105
vn 0.7409 0.1774 0.6478
vn 0.7289 0.0913 0.6786
vn 0.6832 0.0338 0.7295
vn 0.6072 0.0590 0.7924
vn -0.1804 -0.2136 0.9601
vn -0.2099 0.1046 0.9721
vn -0.4661 -0.3312 0.8204
vn 0.8947 0.1083 0.4333
vn -0.3594 0.3383 0.8697
vn -0.4474 0.7119 0.5413
vn 0.0019 0.0999 0.9950
vn 0.0815 -0.1036 0.9913
vn 0.1428 -0.0950 0.9852
vn 0.9250 -0.1403 0.3531
vn 0.9504 0.0265 0.3098
vn -0.4550 -0.3860 0.8025
vn 0.7060 0.1404 0.6942
vn 0.6390 0.0936 0.7635
vn -0.0054 -0.1074 0.9942
vn 0.0496 -0.4364 0.8984
vn 0.4054 -0.0463 0.9130
vn -0.4009 -0.3002 0.8655
vn -0.3224 -0.2774 0.9050
vn -0.2778 -0.2662 0.9230
vn 0.8909 -0.1415 0.4316
vn 0.8778 -0.1652 0.4497
vn -0.2319 -0.3889 0.8916
vn -0.0905 -0.3111 0.9461
vn 0.0769 -0.2734 0.9588
vn 0.7797 0.1388 0.6106
vn 0.7187 0.1360 0.6819
vn 0.6077 -0.3391 0.7181
vn 0.4824 -0.3556 0.8005
vn 0.2518 -0.1387 0.9578
vn 0.2297 -0.3397 0.9121
vn -0.3151 -0.1959 0.9286
vn -0.4131 -0.2814 0.8661
vn 0.7526 0.5907 0.2910
vn 0.7698 0.4951 0.4028
vn 0.6489 0.7606 -0.0172
vn 0.5691 0.8190 -0.0735
vn 0.5581 -0.0132 0.8297
vn 0.4928 -0.0300 0.8696
vn 0.6419 -0.0282 0.7663
vn -0.1408 -0.1411 0.9799
vn -0.0088 -0.1750 0.9845
vn -0.0722 -0.1580 0.9848
vn 0.2274 -0.1180 0.9666
vn -0.0842 -0.1413 0.9864
vn -0.3476 -0.1738 0.9214
vn -0.3178 -0.1722 0.9324
vn -0.2774 -0.1838 0.9430
vn 0.4753 -0.0977 0.8744
vn 0.4889 -0.0798 0.8687
vn 0.5314 -0.0883 0.8425
vn 0.2147 -0.1929 0.9574
vn 0.1925 0.0287 0.9809
vn 0.1106 -0.1177 0.9869
vn 0.0763 0.0693 0.9947
vn 0.1962 0.0583 0.9788
vn -0.2018 -0.0343 0.9788
vn -0.1686 0.0007 0.9857
vn -0.1096 0.0428 0.9931
vn -0.2241 -0.1443 0.9638
vn -0.4604 -0.1467 0.8755
vn 0.6118 -0.0718 0.7878
vn 0.9363 0.0022 0.3512
vn 0.9180 -0.0229 0.3959
vn 0.8967 -0.0720 0.4367
vn 0.9320 0.0038 0.3625
vn 0.9319 -0.0112 0.3626
vn -0.2304 -0.1842 0.9555
vn -0.1594 0.1595 0.9742
vn -0.3306 -0.1815 0.9261
vn -0.1949 -0.1482 0.9696
vn -0.3514 -0.1694 0.9208
vn -0.2420 -0.1581 0.9573
vn -0.2531 -0.1549 0.9550
vn 0.4247 -0.1250 0.8967
vn 0.2776 -0.1172 0.9535
vn -0.5680 -0.2804 0.7738
vn -0.5792 -0.2138 0.7866
vn -0.5555 -0.1515 0.8176
vn -0.3690 -0.2429 0.8971
vn -0.2869 -0.2163 0.9332
vn 0.8318 -0.0768 0.5497
vn 0.8888 -0.0924 0.4489
vn 0.7969 -0.3894 0.4618
vn 0.1385 -0.1469 0.9794
vn 0.2059 -0.1328 0.9695
vn -0.4727 -0.2266 0.8516
vn -0.5506 -0.1379 0.8233
vn -0.3828 -0.3263 0.8643
vn -0.3254 -0.3628 0.8732
vn -0.3298 -0.4283 0.8413
vn -0.2671 -0.4586 0.8476
vn -0.4659 -0.2326 0.8537
vn -0.3388 -0.2206 0.9146
vn 0.9050 0.0211 0.4249
vn 0.9124 0.0293 0.4082
vn 0.7833 -0.2812 0.5544
vn 0.8236 -0.2212 0.5223
vn -0.3333 -0.3622 0.8704
vn -0.3705 -0.3698 0.8520
vn 0.3647 0.8993 0.2414
vn -0.1062 0.4331 0.8951
vn 0.5761 -0.0744 0.8140
vn 0.9011 -0.1224 0.4161
vn -0.4001 -0.2137 0.8912
vn 0.5680 0.0551 0.8212
vn -0.2757 -0.4343 0.8576
vn 0.8267 0.2854 0.4849
vn 0.6959 -0.3705 0.6152
vn 0.5288 -0.0187 0.8485
vn -0.3548 -0.1646 0.9203
vn 0.6184 0.0686 0.7829
vn -0.1208 -0.1427 0.9824
vn 0.0582 0.3639 0.9296
vn 0.2654 -0.0285 0.9637
vn 0.1456 -0.1138 0.9828
vn -0.5200 -0.3425 0.7825
vn -0.3392 -0.3113 0.8877
vn 0.9397 0.1000 0.3272
vn -0.4238 -0.2460 0.8717
vn 0.6418 0.1155 0.7581
vn 0.9432 0.0197 0.3317
vn -0.1979 -0.1450 0.9694
vn 0.5379 -0.1118 0.8356
vn -0.0558 -0.1147 0.9918
vn 0.1724 -0.0803 0.9818
vn -0.3474 -0.3921 0.8518
vn 0.9427 0.0811 0.3237
vn -0.1953 -0.2600 0.9457
vn 0.4143 -0.0913 0.9056
vn 0.8522 -0.2065 0.4808
vn -0.2704 -0.1757 0.9466
vn 0.8542 -0.0217 0.5195
vn -0.2596 -0.3248 0.9095
vn -0.2952 -0.3665 0.8823
vn -0.2768 -0.3575 0.8919
vn 0.9173 -0.0284 0.3971
vn 0.9693 -0.0469 0.2415
vn 0.8733 -0.1143 0.4735
vn 0.9416 0.0662 0.3302
vn 0.9148 0.0158 0.4036
vn 0.4169 -0.0858 0.9049
vn 0.7839 -0.4166 0.4604
vn 0.2165 -0.1113 0.9699
vn 0.8003 -0.3842 0.4603
vn -0.3102 -0.3647 0.8779
vn 0.6256 -0.5091 0.5912
vn 0.9115 0.0451 0.4088
vn 0.8198 0.0827 0.5666
vn 0.7561 0.5838 0.2958
vn 0.5905 0.5915 0.5490
vn 0.6369 0.1358 0.7589
vn -0.1884 -0.1106 0.9758
vn 0.8322 0.0423 0.5529
vn 0.2453 0.0506 0.9681
vn 0.8816 -0.0938 0.4625
vn -0.2781 -0.3916 0.8771
vn 0.4614 -0.0159 0.8870
vn 0.4895 0.0162 0.8718
vn 0.3033 0.0549 0.9513
vn -0.1272 -0.3368 0.9330
vn -0.0082 -0.2086 0.9780
vn 0.1684 -0.1775 0.9696
vn 0.3140 0.6367 0.7043
vn 0.3793 0.1765 0.9083
vn 0.2544 0.0321 0.9666
vn 0.0894 0.1735 -0.9808
vn 0.0075 0.8417 -0.5398
vn 0.8776 0.0027 0.4794
vn 0.8745 0.0151 0.4849
vn 0.8784 0.0060 0.4779
vn 0.8477 -0.0425 0.5287
vn 0.8843 -0.0229 0.4664
vn -0.2517 -0.2903 0.9232
vn -0.3162 -0.3496 0.8819
vn 0.6124 0.1346 0.7790
vn 0.6066 0.1185 0.7862
vn 0.4716 0.0341 0.8811
vn 0.3855 0.0337 0.9221
vn -0.1223 -0.1692 0.9780
vn -0.0280 -0.2636 0.9642
vn -0.0842 0.9943 0.0653
vn -0.0656 0.6001 0.7973
vn 0.1597 -0.1098 0.9810
vn 0.1355 -0.0939 0.9863
vn 0.3602 -0.0844 0.9291
vn 0.1675 -0.0901 0.9817
vn -0.0158 -0.1463 0.9891
vn -0.0456 -0.1455 0.9883
vn -0.0758 -0.1708 0.9824
vn -0.1246 -0.1549 0.9800
vn 0.1622 -0.1734 0.9714
vn 0.6445 0.0458 0.7632
vn 0.7158 0.0354 0.6974
vn 0.8589 -0.0451 0.5101
vn 0.8507 -0.0251 0.5251
vn 0.5937 0.6708 0.4446
vn 0.5701 0.6012 0.5599
vn 0.3439 0.9390 -0.0014
vn -0.0780 -0.1995 0.9768
vn 0.0448 -0.1799 0.9827
vn 0.1938 -0.1279 0.9727
vn 0.2671 -0.1278 0.9552
vn 0.8425 -0.1462 0.5184
vn 0.8187 -0.1571 0.5523
vn 0.4113 -0.1285 0.9024
vn 0.6039 -0.1491 0.7830
vn 0.1867 0.0913 0.9782
vn 0.6822 -0.3514 0.6412
vn 0.7274 0.0181 0.6860
vn 0.8307 -0.0438 0.5549
vn -0.1357 -0.1505 0.9793
vn -0.1417 -0.0884 0.9860
vn -0.1683 -0.3010 0.9387
vn -0.1964 -0.2468 0.9490
vn -0.2610 -0.1479 0.9539
vn -0.3078 -0.0974 0.9465
vn -0.1009 -0.2588 0.9606
vn -0.1400 -0.2820 0.9491
vn -0.1845 -0.2875 0.9398
vn -0.1431 -0.3448 0.9277
vn -0.1471 -0.3593 0.9216
vn -0.2587 -0.1984 0.9454
vn -0.1425 -0.2289 0.9630
vn -0.3273 -0.1522 0.9326
vn -0.3333 -0.2373 0.9125
vn -0.0529 -0.3778 0.9244
vn 0.0205 -0.3994 0.9165
vn 0.7559 -0.2145 0.6186
vn 0.7163 -0.2292 0.6590
vn 0.0382 -0.0862 0.9955
vn 0.5670 -0.5924 0.5723
vn 0.7643 0.0038 0.6448
vn 0.7926 -0.0912 0.6029
vn 0.3606 0.5435 0.7580
vn 0.4518 -0.2746 0.8488
vn 0.6966 -0.2594 0.6689
vn 0.6290 0.0067 0.7774
vn 0.4543 0.6291 0.6307
vn 0.2705 -0.0621 0.9607
vn 0.1339 -0.0927 0.9866
vn 0.2768 -0.1325 0.9517
vn -0.3230 -0.3382 0.8839
vn 0.5854 0.0733 0.8074
vn 0.8643 -0.0387 0.5015
vn 0.5455 0.0336 0.8374
vn 0.6878 0.3811 0.6178
vn 0.3188 0.7925 0.5200
vn -0.1693 -0.2023 0.9646
vn 0.8565 -0.1299 0.4996
vn 0.9348 0.0788 0.3463
vn 0.5234 -0.2027 0.8276
vn 0.3843 -0.3459 0.8559
vn 0.0429 -0.2277 0.9728
vn 0.7937 -0.1895 0.5781
vn -0.0070 -0.3361 0.9418
vn -0.0955 -0.3492 0.9322
vn -0.1688 -0.3193 0.9325
vn 0.8423 -0.0155 0.5387
vn 0.8547 -0.0759 0.5136
vn 0.8109 -0.0774 0.5800
vn 0.3113 -0.0553 0.9487
vn 0.0247 -0.3981 0.9170
vn 0.0077 -0.1121 0.9937
vn 0.8404 -0.0989 0.5329
vn 0.8298 -0.1231 0.5444
vn 0.7727 -0.0937 0.6279
vn -0.1052 -0.3464 0.9322
vn 0.1077 -0.4613 0.8807
vn -0.1043 -0.3093 0.9452
vn -0.0699 -0.3385 0.9384
vn 0.0671 0.9751 0.2115
vn 0.0721 -0.4519 0.8892
vn -0.1467 -0.2374 0.9603
vn -0.0914 -0.1478 0.9848
vn 0.1104 -0.0854 0.9902
vn 0.3747 0.0512 0.9257
vn 0.2847 -0.0651 0.9564
vn 0.3233 -0.0043 0.9463
vn 0.4217 0.0093 0.9067
vn 0.7967 0.0031 0.6044
vn 0.6880 -0.0260 0.7252
vn 0.7562 0.0080 0.6543
vn 0.7549 -0.0342 0.6550
vn 0.7553 -0.0826 0.6502
vn 0.1888 -0.0937 0.9775
vn 0.1553 -0.1277 0.9796
vn 0.5358 -0.3376 0.7739
vn 0.2436 -0.3031 0.9213
vn 0.2770 -0.3170 0.9071
vn 0.7151 -0.1529 0.6821
vn 0.6854 -0.1288 0.7166
vn 0.0929 -0.2560 0.9622
vn 0.0344 -0.2791 0.9596
vn 0.0030 -0.2838 0.9589
vn 0.5722 -0.0504 0.8185
vn 0.0432 -0.0938 0.9947
vn -0.0497 -0.0876 0.9949
vn 0.0440 -0.1863 0.9815
vn 0.0608 -0.2460 0.9674
vn 0.6006 -0.2139 0.7704
vn 0.5806 -0.2414 0.7776
vn 0.0552 -0.3478 0.9359
vn 0.1250 -0.3148 0.9409
vn -0.0134 -0.3328 0.9429
vn -0.1387 -0.3986 0.9066
vn 0.7557 -0.1491 0.6377
vn 0.7299 -0.1634 0.6637
vn 0.6915 -0.1888 0.6973
vn 0.0725 -0.0978 0.9926
vn 0.6571 -0.0871 0.7488
vn 0.5001 0.3840 0.7762
vn 0.3451 -0.1487 0.9267
vn 0.1223 -0.2662 0.9561
vn 0.6527 -0.1253 0.7472
vn 0.0414 -0.1884 0.9812
vn 0.2321 -0.3781 0.8962
vn -0.1103 -0.3312 0.9371
vn 0.1822 -0.2974 0.9372
vn 0.6155 -0.1953 0.7636
vn 0.7210 -0.1953 0.6648
vn -0.0272 -0.3376 0.9409
vn 0.7107 -0.1520 0.6869
vn 0.5776 -0.5230 0.6268
vn 0.6030 -0.4364 0.6678
vn 0.7837 -0.1464 0.6037
vn 0.7613 -0.1892 0.6202
vn 0.3890 -0.3117 0.8669
vn 0.4685 -0.0182 0.8833
vn 0.0832 -0.2721 0.9587
vn 0.1405 -0.3309 0.9332
vn 0.1593 -0.3035 0.9394
vn 0.1375 -0.1502 0.9790
vn 0.1854 -0.4147 0.8909
vn 0.6439 -0.1535 0.7496
vn 0.6211 -0.1722 0.7646
vn 0.3529 -0.4477 0.8216
vn 0.4927 -0.1232 0.8614
vn 0.2798 -0.1416 0.9495
vn 0.4177 -0.0595 0.9067
vn 0.1880 -0.0620 0.9802
vn 0.2774 -0.2032 0.9390
vn 0.2086 -0.3388 0.9174
vn 0.3423 -0.2671 0.9008
vn 0.1907 -0.2555 0.9478
vn 0.2399 -0.2631 0.9345
vn 0.5074 -0.2401 0.8276
vn 0.4771 -0.2343 0.8470
vn 0.0544 -0.2401 0.9692
vn 0.1192 -0.1607 0.9798
vn 0.1603 -0.1036 0.9816
vn 0.4315 -0.2446 0.8683
vn 0.4200 -0.2220 0.8800
vn 0.5745 -0.1430 0.8059
vn 0.5991 -0.0794 0.7967
vn 0.6204 0.0224 0.7840
vn 0.4578 -0.1795 0.8708
vn 0.6227 -0.1805 0.7614
vn 0.6342 -0.2332 0.7371
vn 0.4231 -0.2273 0.8771
vn 0.5140 -0.2674 0.8150
vn 0.2951 -0.2214 0.9295
vn 0.5057 -0.1858 0.8425
vn 0.2956 -0.2287 0.9275
vn 0.5366 -0.1942 0.8212
vn 0.3648 -0.2705 0.8909
vn 0.3297 -0.0091 0.9440
vn 0.1582 -0.2825 0.9461
vn 0.3763 -0.2709 0.8860
vn 0.4338 0.2065 0.8770
vn 0.4727 -0.1737 0.8639
vn 0.3627 -0.1696 0.9163
vn 0.3469 -0.1077 0.9317
vn 0.4553 -0.1837 0.8712
vn 0.4060 -0.0579 0.9121
vn 0.4592 -0.6417 0.6143
vn 0.5771 0.1995 0.7919
vn 0.4589 -0.4635 0.7580
vn 0.3675 -0.3788 0.8494
vn -0.6207 -0.1204 0.7748
vn -0.6846 -0.1064 0.7211
vn -0.7221 -0.1164 0.6819
vn -0.8760 -0.1791 0.4477
vn -0.8184 -0.2401 0.5221
vn -0.7974 -0.2342 0.5561
vn -0.8313 -0.2230 0.5090
vn -0.8447 -0.2052 0.4944
vn 0.9990 -0.0361 0.0279
vn 0.9982 -0.0512 -0.0300
vn 0.9802 -0.0503 0.1915
vn 0.9918 -0.0664 0.1094
vn 0.9982 -0.0545 -0.0261
vn 0.9977 -0.0611 -0.0277
vn -0.7982 -0.1251 0.5892
vn -0.6924 -0.1102 0.7130
vn -0.5441 -0.1219 0.8301
vn -0.8582 -0.1919 0.4761
vn -0.7472 -0.1939 0.6357
vn -0.7285 -0.1848 0.6596
vn -0.6953 -0.1489 0.7031
vn -0.6765 -0.1374 0.7235
vn -0.6322 -0.1279 0.7642
vn -0.5953 -0.1053 0.7965
vn 0.9911 -0.0758 0.1092
vn 0.9660 -0.0910 0.2419
vn 0.9214 -0.1062 0.3737
vn -0.2000 -0.0753 0.9769
vn -0.4569 -0.0917 0.8848
vn -0.3449 -0.1238 0.9304
vn -0.0905 -0.1411 0.9859
vn 0.0952 -0.1084 0.9895
vn 0.1733 -0.1464 0.9739
vn 0.3939 -0.1264 0.9104
vn 0.4469 -0.1376 0.8840
vn 0.6801 -0.1116 0.7246
vn 0.6723 -0.1216 0.7302
vn 0.8198 -0.1007 0.5637
vn 0.8492 -0.0847 0.5212
vn 0.9057 -0.0785 0.4166
vn 0.9342 -0.0583 0.3520
vn 0.9981 -0.0592 -0.0193
vn 0.9981 -0.0610 0.0023
vn 0.4966 -0.1995 0.8447
vn 0.2947 -0.2184 0.9303
vn 0.0979 -0.2163 0.9714
vn -0.3568 -0.1740 0.9178
vn -0.1139 -0.2112 0.9708
vn 0.9854 -0.0742 0.1531
vn 0.9916 -0.0707 0.1087
vn -0.7651 -0.1847 0.6169
vn -0.7706 -0.1489 0.6197
vn -0.7875 -0.1365 0.6010
vn -0.7170 -0.1143 0.6877
vn -0.5919 -0.1253 0.7962
vn -0.5109 -0.1221 0.8509
vn 0.8215 -0.1237 0.5566
vn 0.9654 -0.0734 0.2503
vn -0.3100 -0.1411 0.9402
vn -0.0690 -0.1575 0.9851
vn 0.2042 -0.1577 0.9661
vn 0.4453 -0.1537 0.8821
vn 0.6676 -0.1388 0.7315
vn 0.8028 -0.1128 0.5855
vn 0.8837 -0.0920 0.4590
vn 0.9904 -0.0679 0.1206
vn 0.6943 -0.1354 0.7068
vn 0.3984 -0.1816 0.8991
vn 0.2325 -0.2062 0.9505
vn 0.0481 -0.2052 0.9775
vn -0.6358 -0.1086 0.7642
vn -0.7189 -0.1405 0.6808
vn 0.9716 -0.0854 0.2208
vn -0.5315 -0.1186 0.8387
vn 0.7553 -0.1370 0.6409
vn 0.5736 -0.1508 0.8052
vn 0.9484 -0.0828 0.3060
vn -0.1107 -0.1882 0.9759
vn 0.9382 -0.0947 0.3328
vn 0.8742 -0.0993 0.4754
vn -0.2579 -0.1586 0.9531
vn -0.3596 -0.1335 0.9235
vn -0.0893 -0.1620 0.9827
vn 0.1791 -0.1569 0.9712
vn 0.4766 -0.1377 0.8683
vn 0.6717 -0.1363 0.7282
vn 0.8112 -0.1008 0.5760
vn 0.9037 -0.0907 0.4184
vn 0.9624 -0.0770 0.2605
vn 0.9678 -0.0793 0.2390
vn 0.3349 -0.1625 0.9281
vn 0.1802 -0.1836 0.9663
vn 0.0165 -0.1538 0.9880
vn -0.4972 -0.1379 0.8566
vn -0.1413 -0.1566 0.9775
vn 0.3338 -0.1726 0.9267
vn 0.8617 -0.1047 0.4965
vn 0.1020 -0.1581 0.9821
vn 0.9234 -0.0872 0.3739
vn -0.4144 -0.1444 0.8986
vn -0.2943 -0.1556 0.9430
s 1
f 38//1 49//2 82//3
f 1//4 2//5 44//6 33//7
f 13//8 14//9 62//10 12//11
f 14//9 15//12 40//13 62//10
f 15//12 16//14 63//15 40//13
f 18//16 19//17 20//18 64//19
f 65//20 17//21 18//16 64//19
f 66//22 4//23 5//24 67//25
f 68//26 7//27 8//28 59//29
f 59//29 8//28 9//30 58//31
f 9//30 10//32 69//33 58//31
f 10//32 11//34 70//35 69//33
f 21//36 22//37 71//38 35//39
f 71//38 22//37 23//40 72//41
f 73//42 24//43 25//44 41//45
f 25//44 26//46 74//47 41//45
f 74//47 26//46 27//48 75//49
f 27//48 28//50 47//51 75//49
f 28//50 29//52 76//53 47//51
f 77//54 30//55 31//56 78//57
f 79//58 32//59 33//7 44//6
f 64//19 20//18 21//36 35//39
f 12//11 62//10 48//60 11//34
f 62//10 40//13 55//61 48//60
f 55//61 40//13 63//15 60//62
f 17//21 65//20 80//63 16//14
f 7//27 68//26 81//64 6//65
f 24//43 73//42 72//41 23//40
f 30//55 77//54 45//66 29//52
f 32//59 79//58 78//57 31//56
f 65//20 64//19 35//39 80//63
f 70//35 11//34 48//60 83//67
f 69//33 70//35 83//67 84//68
f 50//69 77//54 78//57 82//3
f 58//31 69//33 84//68 85//70
f 86//71 59//29 58//31 85//70
f 36//72 68//26 59//29 86//71
f 44//6 2//5 3//73 4//23
f 63//15 16//14 80//63 87//74
f 81//64 67//25 5//24 6//65
f 89//75 71//38 72//41 88//76
f 35//39 71//38 89//75 43//77
f 76//53 29//52 45//66 90//78
f 47//51 76//53 90//78 91//79
f 75//49 47//51 91//79 42//80
f 51//81 74//47 75//49 42//80
f 41//45 74//47 51//81 37//82
f 61//83 73//42 41//45 37//82
f 66//22 67//25 38//1 79//58
f 66//22 79//58 44//6 4//23
f 87//74 80//63 35//39 43//77
f 88//76 72//41 73//42 61//83
f 82//3 78//57 79//58 38//1
f 60//62 63//15 87//74 43//77
f 67//25 81//64 49//2 38//1
f 49//2 81//64 68//26 36//72
f 83//67 48//60 55//61 56//84
f 56//84 55//61 60//62 34//85
f 45//66 77//54 50//69 39//86
f 52//87 90//78 45//66 39//86
f 57//88 84//68 83//67 56//84
f 92//89 85//70 84//68 57//88
f 86//71 85//70 92//89 39//86
f 91//79 90//78 52//87 93//90
f 42//80 91//79 93//90 54//91
f 51//81 42//80 54//91 37//82
f 50//69 36//72 86//71 39//86
f 36//72 50//69 82//3 49//2
f 61//83 37//82 94//92 46//93
f 46//93 34//85 95//94
f 95//94 43//77 89//75 88//76
f 88//76 61//83 46//93 95//94
f 60//62 43//77 95//94 34//85
f 96//95 98//96 53//97
f 94//92 37//82 54//91 96//95
f 52//87 39//86 92//89 53//97
f 53//97 92//89 57//88 97//98
f 97//98 57//88 56//84 34//85
f 54//91 93//90 98//96 96//95
f 98//96 93//90 52//87 53//97
f 46//93 94//92 97//98 34//85
f 97//98 94//92 96//95 53//97
f 155//99 160//100 196//101
f 128//102 120//103 137//104
f 99//105 1//4 33//7 161//106
f 20//18 19//17 116//107 162//108
f 161//106 33//7 32//59 163//109
f 101//110 100//111 122//112 164//113
f 103//114 102//115 165//116 126//117
f 104//118 103//114 126//117 130//119
f 125//120 105//121 104//118 130//119
f 106//122 105//121 125//120 166//123
f 167//124 110//125 109//126 129//127
f 113//128 112//129 168//130 133//131
f 114//132 113//128 133//131 169//133
f 22//37 21//36 149//134 170//135
f 156//136 24//43 23//40 171//137
f 172//138 25//44 24//43 156//136
f 173//139 26//46 25//44 172//138
f 174//140 27//48 26//46 173//139
f 29//52 28//50 144//141 175//142
f 176//143 31//56 30//55 153//144
f 100//111 99//105 161//106 122//112
f 129//127 109//126 108//145 107//146
f 107//146 106//122 166//123 129//127
f 21//36 20//18 162//108 149//134
f 23//40 22//37 170//135 171//137
f 28//50 27//48 174//140 144//141
f 153//144 30//55 29//52 175//142
f 163//109 32//59 31//56 176//143
f 122//112 161//106 163//109 177//147
f 101//110 164//113 178//148 102//115
f 110//125 167//124 123//149 111//150
f 114//132 169//133 121//151 115//152
f 164//113 122//112 177//147 179//153
f 162//108 116//107 115//152 121//151
f 165//116 102//115 178//148 131//154
f 181//155 111//150 123//149 180//156
f 181//155 168//130 112//129 111//150
f 182//157 176//143 153//144 183//158
f 170//135 149//134 184//159 138//160
f 118//161 125//120 130//119 134//162
f 130//119 126//117 135//163 134//162
f 166//123 125//120 118//161 139//164
f 128//102 174//140 173//139 185//165
f 185//165 173//139 172//138 186//166
f 172//138 156//136 187//167 186//166
f 187//167 156//136 171//137 145//168
f 133//131 168//130 124//169 188//170
f 169//133 133//131 188//170 150//171
f 167//124 129//127 143//172 132//173
f 140//174 175//142 144//141 137//104
f 177//147 163//109 176//143 182//157
f 149//134 162//108 121//151 184//159
f 183//158 153//144 175//142 140//174
f 137//104 144//141 174//140 128//102
f 171//137 170//135 138//160 145//168
f 143//172 129//127 166//123 139//164
f 121//151 169//133 150//171 184//159
f 118//161 134//162 189//175 139//164
f 134//162 135//163 142//176 189//175
f 167//124 132//173 190//177 123//149
f 178//148 164//113 179//153 127//178
f 126//117 165//116 191//179 135//163
f 191//179 165//116 131//154 152//180
f 179//153 177//147 182//157 192//181
f 192//181 182//157 183//158 158//182
f 168//130 181//155 180//156 124//169
f 131//154 178//148 127//178 152//180
f 193//183 138//160 184//159 150//171
f 150//171 188//170 146//184 193//183
f 146//184 188//170 124//169 194//185
f 128//102 185//165 159//186 120//103
f 159//186 185//165 186//166 141//187
f 141//187 186//166 187//167 145//168
f 132//173 143//172 136//188 148//189
f 195//190 140//174 137//104 120//103
f 136//188 143//172 139//164 189//175
f 183//158 140//174 195//190 158//182
f 190//177 132//173 148//189 147//191
f 124//169 180//156 147//191 194//185
f 136//188 189//175 142//176 117//192
f 180//156 123//149 190//177 147//191
f 135//163 191//179 119//193 142//176
f 191//179 152//180 151//194 119//193
f 127//178 179//153 192//181 158//182
f 138//160 193//183 154//195 145//168
f 154//195 193//183 146//184 194//185
f 155//99 148//189 136//188 117//192
f 152//180 127//178 158//182 151//194
f 141//187 145//168 154//195 196//101
f 160//100 159//186 141//187 196//101
f 197//196 120//103 159//186 160//100
f 157//197 195//190 120//103 197//196
f 196//101 154//195 194//185 147//191
f 147//191 148//189 155//99 196//101
f 151//194 158//182 195//190 157//197
f 117//192 142//176 119//193 197//196
f 117//192 197//196 160//100 155//99
f 157//197 197//196 119//193 151//194
f 224//198 13//8 12//11
f 225//199 3//73 2//5 1//4
f 224//198 12//11 11//34 223//200
f 230//201 198//202 199//203 261//204
f 210//205 211//206 212//207 263//208
f 215//209 216//210 264//211 214//212
f 264//211 216//210 217//213 259//214
f 259//214 217//213 218//215 278//216
f 278//216 218//215 219//217 286//218
f 219//217 220//219 265//220 286//218
f 220//219 221//221 266//222 265//220
f 221//221 222//223 233//224 266//222
f 233//224 222//223 223//200 11//34
f 233//224 11//34 10//32 9//30
f 9//30 8//28 267//225 233//224
f 267//225 8//28 7//27 253//226
f 7//27 6//65 244//227 253//226
f 3//73 225//199 268//228 4//23
f 225//199 226//229 269//230 268//228
f 209//231 210//205 263//208 240//232
f 208//233 209//231 240//232 255//234
f 207//235 208//233 255//234 254//236
f 206//237 207//235 254//236 270//238
f 238//239 205//240 206//237 270//238
f 271//241 204//242 205//240 238//239
f 242//243 203//244 204//242 271//241
f 272//245 202//246 203//244 242//243
f 200//247 201//248 274//249 262//250
f 273//251 227//252 228//253 248//254
f 279//255 261//204 262//250
f 248//254 228//253 229//256 274//249
f 212//207 213//257 239//258 263//208
f 4//23 268//228 275//259 5//24
f 268//228 269//230 276//260 275//259
f 266//222 233//224 267//225 232//261
f 214//212 264//211 243//262 213//257
f 243//262 264//211 259//214 288//263
f 288//263 259//214 278//216 277//264
f 230//201 261//204 279//255 229//256
f 199//203 200//247 262//250 261//204
f 232//261 267//225 253//226 280//265
f 280//265 253//226 244//227 245//266
f 202//246 272//245 237//267 201//248
f 227//252 273//251 236//268 226//229
f 281//269 244//227 6//65 5//24
f 265//220 266//222 232//261 252//270
f 240//232 263//208 239//258 249//271
f 255//234 240//232 249//271 282//272
f 286//218 265//220 252//270 251//273
f 283//274 254//236 255//234 282//272
f 270//238 254//236 283//274 235//275
f 269//230 226//229 236//268 276//260
f 291//276 238//239 270//238 235//275
f 284//277 271//241 238//239 291//276
f 258//278 242//243 271//241 284//277
f 247//279 272//245 242//243 258//278
f 274//249 201//248 237//267 248//254
f 274//249 229//256 279//255 262//250
f 234//280 273//251 248//254 237//267
f 234//280 237//267 272//245 247//279
f 239//258 213//257 243//262 249//271
f 281//269 5//24 275//259 241//281
f 244//227 281//269 285//282 245//266
f 275//259 276//260 257//283 241//281
f 273//251 234//280 287//284 236//268
f 257//283 276//260 236//268 287//284
f 243//262 288//263 282//272 249//271
f 252//270 232//261 280//265 289//285
f 289//285 280//265 245//266 290//286
f 251//273 252//270 289//285 231//287
f 260//288 277//264 278//216 286//218
f 283//274 282//272 288//263 235//275
f 292//289 258//278 284//277 250//290
f 284//277 291//276 256//291 250//290
f 247//279 258//278 292//289 246//292
f 287//284 234//280 247//279 246//292
f 231//287 289//285 290//286 250//290
f 231//287 250//290 256//291 251//273
f 260//288 256//291 291//276 277//264
f 260//288 286//218 251//273 256//291
f 285//282 281//269 241//281 246//292
f 245//266 285//282 293//293 290//286
f 246//292 241//281 257//283 287//284
f 235//275 288//263 277//264 291//276
f 246//292 292//289 293//293 285//282
f 293//293 292//289 250//290 290//286
f 1//4 99//105 372//294 225//199
f 107//146 108//145 294//295 373//296
f 215//209 214//212 374//297 300//298
f 211//206 301//299 375//300 212//207
f 307//301 308//302 343//303 306//304
f 308//302 309//305 316//306 343//303
f 106//122 107//146 373//296 325//307
f 105//121 106//122 325//307 324//308
f 104//118 105//121 324//308 376//309
f 377//310 103//114 104//118 376//309
f 378//311 213//257 212//207 375//300
f 344//312 305//313 306//304 343//303
f 359//314 304//315 305//313 344//312
f 333//316 303//317 304//315 359//314
f 379//318 302//319 303//317 333//316
f 380//320 100//111 101//110 381//321
f 381//321 101//110 102//115 382//322
f 383//323 295//324 296//325 342//326
f 342//326 296//325 297//327 341//328
f 297//327 298//329 340//330 341//328
f 298//329 299//331 334//332 340//330
f 385//333 311//334 312//335 384//336
f 386//337 230//201 229//256 387//338
f 227//252 226//229 389//339 388//340
f 225//199 372//294 321//341 226//229
f 300//298 374//297 330//342 299//331
f 103//114 377//310 382//322 102//115
f 213//257 378//311 390//343 214//212
f 302//319 379//318 319//344 301//299
f 100//111 380//320 322//345 99//105
f 295//324 383//323 373//296 294//295
f 230//201 386//337 348//346 198//202
f 228//253 227//252 388//340 355//347
f 334//332 299//331 330//342 358//348
f 372//294 99//105 322//345 321//341
f 391//349 316//306 309//305 310//350
f 387//338 229//256 228//253 355//347
f 325//307 373//296 383//323 392//351
f 392//351 383//323 342//326 393//352
f 393//352 342//326 341//328 394//353
f 341//328 340//330 339//354 394//353
f 340//330 334//332 395//355 339//354
f 324//308 325//307 392//351 315//356
f 376//309 324//308 315//356 326//357
f 396//358 377//310 376//309 326//357
f 374//297 214//212 390//343 397//359
f 375//300 301//299 319//344 378//311
f 399//360 381//321 382//322 398//361
f 328//362 380//320 381//321 399//360
f 348//346 384//336 312//335 198//202
f 389//339 226//229 321//341 400//363
f 401//364 388//340 389//339 400//363
f 343//303 316//306 352//365 344//312
f 346//366 359//314 344//312 313//367
f 331//368 333//316 359//314 346//366
f 320//369 379//318 333//316 331//368
f 386//337 387//338 368//370 349//371
f 385//333 384//336 349//371 317//372
f 386//337 349//371 384//336 348//346
f 368//370 387//338 355//347 402//373
f 402//373 355//347 388//340 401//364
f 315//356 392//351 393//352 347//374
f 400//363 321//341 322//345 403//375
f 322//345 380//320 328//362 403//375
f 385//333 317//372 327//376 311//334
f 395//355 334//332 358//348 338//377
f 347//374 393//352 394//353 404//378
f 394//353 339//354 405//379 404//378
f 379//318 320//369 406//380 319//344
f 398//361 382//322 377//310 323//381
f 323//381 377//310 396//358 407//382
f 407//382 396//358 326//357 408//383
f 326//357 315//356 347//374 408//383
f 330//342 374//297 397//359 318//384
f 378//311 319//344 406//380 390//343
f 352//365 316//306 391//349 327//376
f 327//376 391//349 310//350 311//334
f 409//385 358//348 330//342 318//384
f 313//367 344//312 352//365 353//386
f 410//387 346//366 313//367 345//388
f 332//389 331//368 346//366 410//387
f 329//390 320//369 331//368 332//389
f 317//372 349//371 314//391 351//392
f 314//391 349//371 368//370 357//393
f 405//379 339//354 395//355 338//377
f 399//360 398//361 364//394 363//395
f 328//362 399//360 363//395 403//375
f 356//396 401//364 400//363 403//375
f 397//359 390//343 406//380 318//384
f 406//380 320//369 329//390 318//384
f 317//372 351//392 350//397 327//376
f 352//365 327//376 350//397 353//386
f 345//388 313//367 353//386 354//398
f 314//391 357//393 360//399 351//392
f 364//394 398//361 323//381 411//400
f 329//390 332//389 409//385 318//384
f 332//389 410//387 337//401 409//385
f 337//401 410//387 345//388 335//402
f 358//348 409//385 337//401 338//377
f 347//374 404//378 412//403 408//383
f 404//378 405//379 336//404 412//403
f 403//375 363//395 413//405 356//396
f 401//364 356//396 369//406 402//373
f 357//393 368//370 402//373 369//406
f 411//400 323//381 407//382 365//407
f 407//382 408//383 366//408 365//407
f 362//409 363//395 364//394 411//400
f 338//377 337//401 335//402 414//410
f 405//379 338//377 414//410 336//404
f 345//388 354//398 415//411 335//402
f 369//406 356//396 413//405 361//412
f 357//393 369//406 361//412 360//399
f 354//398 353//386 350//397 418//413
f 418//413 350//397 351//392 360//399
f 413//405 363//395 362//409 361//412
f 366//408 408//383 412//403 370//414
f 362//409 411//400 365//407 416//415
f 416//415 365//407 366//408 367//416
f 370//414 412//403 336//404 371//417
f 361//412 362//409 416//415 360//399
f 354//398 418//413 417//418 415//411
f 360//399 416//415 367//416 418//413
f 367//416 366//408 370//414 371//417
f 417//418 418//413 367//416 371//417
f 417//418 371//417 336//404 414//410
f 414//410 335//402 415//411 417//418
f 518//419 503//420 455//421
f 496//422 497//423 544//424
f 532//425 498//426 533//427
f 206//237 205//240 419//428 499//429
f 419//428 420//430 500//431 499//429
f 307//301 306//304 501//432 441//433
f 207//235 206//237 499//429 502//434
f 503//420 421//435 422//436 471//437
f 422//436 423//438 504//439 471//437
f 465//440 424//441 425//442 505//443
f 464//444 426//445 427//446 506//447
f 428//448 429//449 466//450 467//451
f 430//452 431//453 460//454 507//455
f 431//453 432//456 508//457 460//454
f 432//456 433//458 461//459 508//457
f 461//459 433//458 434//460 474//461
f 474//461 434//460 435//462 509//463
f 509//463 435//462 436//464 473//465
f 436//464 437//466 510//467 473//465
f 511//468 439//469 440//470 463//471
f 513//472 305//313 304//315 512//473
f 514//474 303//317 302//319 447//475
f 447//475 302//319 301//299 515//476
f 515//476 301//299 211//206 446//477
f 446//477 211//206 210//205 516//478
f 516//478 210//205 209//231 517//479
f 423//438 424//441 465//440 504//439
f 505//443 425//442 426//445 464//444
f 427//446 428//448 467//451 506//447
f 463//471 440//470 441//433 501//432
f 306//304 305//313 513//472 501//432
f 502//434 499//429 500//431 490//480
f 208//233 207//235 502//434 456//481
f 421//435 503//420 518//419 420//430
f 429//449 430//452 507//455 466//450
f 439//469 511//468 519//482 438//483
f 303//317 514//474 512//473 304//315
f 517//479 209//231 208//233 456//481
f 500//431 420//430 518//419 455//421
f 462//484 510//467 437//466 438//483
f 513//472 512//473 520//485 444//486
f 445//487 514//474 447//475 521//488
f 521//488 447//475 515//476 522//489
f 522//489 515//476 446//477 523//490
f 523//490 446//477 516//478 524//491
f 524//491 516//478 517//479 454//492
f 476//493 511//468 463//471 444//486
f 470//494 465//440 505//443 457//495
f 485//496 471//437 504//439 458//497
f 461//459 474//461 525//498 453//499
f 474//461 509//463 468//500 525//498
f 468//500 509//463 473//465 480//501
f 480//501 473//465 510//467 462//484
f 508//457 461//459 453//499 472//502
f 460//454 508//457 472//502 526//503
f 507//455 460//454 526//503 539//504
f 464//444 506//447 495//505 469//506
f 503//420 471//437 486//507 455//421
f 444//486 463//471 501//432 513//472
f 457//495 505//443 464//444 469//506
f 490//480 500//431 455//421 486//507
f 458//497 504//439 465//440 470//494
f 520//485 512//473 514//474 445//487
f 456//481 502//434 490//480 527//508
f 454//492 517//479 456//481 527//508
f 511//468 476//493 475//509 519//482
f 466//450 507//455 539//504 459//510
f 486//507 471//437 485//496 528//511
f 506//447 467//451 529//512 495//505
f 462//484 438//483 519//482 530//513
f 444//486 520//485 448//514 476//493
f 480//501 462//484 530//513 531//515
f 472//502 453//499 483//516 488//517
f 483//516 453//499 525//498 481//518
f 481//518 525//498 468//500 480//501
f 487//519 526//503 472//502 488//517
f 539//504 526//503 487//519 452//520
f 532//425 470//494 457//495 478//521
f 485//496 458//497 533//427 493//522
f 534//523 469//506 495//505 494//524
f 449//525 521//488 522//489 450//526
f 450//526 522//489 523//490 535//527
f 535//527 523//490 524//491 536//528
f 536//528 524//491 454//492 491//529
f 537//530 445//487 521//488 449//525
f 448//514 520//485 445//487 537//530
f 457//495 469//506 534//523 478//521
f 458//497 470//494 532//425 533//427
f 490//480 486//507 528//511 527//508
f 491//529 454//492 527//508 528//511
f 528//511 485//496 493//522 491//529
f 476//493 448//514 538//531 475//509
f 481//518 480//501 531//515 540//532
f 530//513 519//482 475//509 477//533
f 494//524 495//505 529//512 459//510
f 466//450 459//510 529//512 467//451
f 531//515 530//513 477//533 489//534
f 492//535 536//528 491//529 493//522
f 493//522 533//427 498//426 492//535
f 483//516 481//518 540//532 541//536
f 488//517 483//516 541//536 479//537
f 487//519 488//517 479//537 452//520
f 451//538 535//527 536//528 492//535
f 442//539 450//526 535//527 451//538
f 542//540 449//525 450//526 442//539
f 543//541 537//530 449//525 542//540
f 498//426 532//425 478//521 544//424
f 534//523 494//524 452//520 496//422
f 539//504 452//520 494//524 459//510
f 478//521 534//523 496//422 544//424
f 448//514 537//530 543//541 538//531
f 477//533 475//509 538//531 443//542
f 496//422 452//520 479//537 497//423
f 451//538 492//535 498//426 544//424
f 531//515 489//534 545//543 540//532
f 479//537 541//536 482//544 497//423
f 541//536 540//532 545//543 482//544
f 489//534 477//533 443//542 484//545
f 543//541 542//540 443//542 538//531
f 542//540 442//539 484//545 443//542
f 451//538 544//424 497//423 442//539
f 442//539 497//423 482//544 484//545
f 545//543 489//534 484//545 482//544
f 627//546 609//547 614//548
f 205//240 204//242 618//549 419//428
f 308//302 307//301 441//433 622//550
f 618//549 204//242 203//244 620//551
f 620//551 203//244 202//246 621//552
f 621//552 202//246 201//248 623//553
f 623//553 201//248 200//247 624//554
f 200//247 199//203 547//555 624//554
f 199//203 198//202 625//556 547//555
f 421//435 420//430 626//557 598//558
f 422//436 421//435 598//558 627//546
f 613//559 424//441 423//438 614//548
f 593//560 425//442 424//441 613//559
f 426//445 425//442 593//560 592//561
f 427//446 426//445 592//561 628//562
f 428//448 427//446 628//562 586//563
f 429//449 428//448 586//563 582//564
f 585//565 430//452 429//449 582//564
f 629//566 431//453 430//452 585//565
f 630//567 432//456 431//453 629//566
f 597//568 433//458 432//456 630//567
f 434//460 433//458 597//568 631//569
f 435//462 434//460 631//569 615//570
f 436//464 435//462 615//570 632//571
f 437//466 436//464 632//571 602//572
f 438//483 437//466 602//572 633//573
f 439//469 438//483 633//573 599//574
f 440//470 439//469 599//574 634//575
f 636//576 310//350 309//305 635//577
f 312//335 311//334 587//578 637//579
f 423//438 422//436 627//546 614//548
f 419//428 618//549 559//580 420//430
f 308//302 622//550 635//577 309//305
f 310//350 636//576 552//581 311//334
f 559//580 618//549 620//551 619//582
f 619//582 620//551 621//552 638//583
f 638//583 621//552 623//553 639//584
f 639//584 623//553 624//554 640//585
f 640//585 624//554 547//555 554//586
f 554//586 547//555 625//556 641//587
f 440//470 634//575 622//550 441//433
f 312//335 637//579 551//588 198//202
f 587//578 311//334 552//581 642//589
f 625//556 198//202 551//588 641//587
f 637//579 587//578 642//589 553//590
f 626//557 420//430 559//580 643//591
f 598//558 626//557 643//591 611//592
f 627//546 598//558 611//592 609//547
f 550//593 636//576 635//577 644//594
f 634//575 599//574 645//595 566//596
f 645//595 599//574 633//573 601//597
f 633//573 602//572 567//598 601//597
f 602//572 632//571 600//599 567//598
f 632//571 615//570 616//600 600//599
f 615//570 631//569 595//601 616//600
f 595//601 631//569 597//568 596//602
f 596//602 597//568 630//567 583//603
f 583//603 630//567 629//566 584//604
f 584//604 629//566 585//565 578//605
f 578//605 585//565 582//564 646//606
f 646//606 582//564 586//563 647//607
f 647//607 586//563 628//562 589//608
f 628//562 592//561 648//609 589//608
f 592//561 593//560 649//610 648//609
f 649//610 593//560 613//559 594//611
f 594//611 613//559 614//548 609//547
f 644//594 635//577 622//550 634//575
f 643//591 559//580 619//582 546//612
f 546//612 619//582 638//583 562//613
f 562//613 638//583 639//584 563//614
f 563//614 639//584 640//585 560//615
f 634//575 566//596 650//616 644//594
f 636//576 550//593 651//617 552//581
f 637//579 553//590 549//618 551//588
f 560//615 640//585 554//586 652//619
f 554//586 641//587 653//620 652//619
f 653//620 641//587 551//588 549//618
f 642//589 552//581 651//617 568//621
f 553//590 642//589 568//621 557//622
f 611//592 643//591 546//612 610//623
f 608//624 609//547 611//592 610//623
f 550//593 644//594 650//616 548//625
f 594//611 609//547 608//624 590//626
f 649//610 594//611 590//626 612//627
f 648//609 649//610 612//627 588//628
f 589//608 648//609 588//628 579//629
f 581//630 647//607 589//608 579//629
f 654//631 646//606 647//607 581//630
f 578//605 646//606 654//631 655//632
f 584//604 578//605 655//632 580//633
f 656//634 583//603 584//604 580//633
f 657//635 596//602 583//603 656//634
f 606//636 595//601 596//602 657//635
f 658//637 616//600 595//601 606//636
f 600//599 616//600 658//637 605//638
f 567//598 600//599 605//638 617//639
f 601//597 567//598 617//639 569//640
f 645//595 601//597 569//640 566//596
f 610//623 546//612 562//613 561//641
f 651//617 550//593 548//625 571//642
f 650//616 566//596 569//640 548//625
f 553//590 557//622 555//643 549//618
f 561//641 562//613 563//614 659//644
f 659//644 563//614 560//615 556//645
f 556//645 560//615 652//619 558//646
f 653//620 549//618 555//643 652//619
f 608//624 610//623 561//641 660//647
f 661//648 590//626 608//624 660//647
f 612//627 590//626 661//648 607//649
f 588//628 612//627 607//649 565//650
f 579//629 588//628 565//650 577//651
f 576//652 581//630 579//629 577//651
f 568//621 651//617 571//642 557//622
f 654//631 581//630 576//652 655//632
f 662//653 657//635 656//634 575//654
f 575//654 656//634 580//633 573//655
f 580//633 655//632 576//652 573//655
f 604//656 606//636 657//635 662//653
f 658//637 606//636 604//656 605//638
f 663//657 569//640 617//639 603//658
f 617//639 605//638 604//656 603//658
f 548//625 569//640 663//657 571//642
f 558//646 652//619 555//643 666//659
f 664//660 564//661 591//662
f 660//647 561//641 659//644 591//662
f 591//662 659//644 556//645 664//660
f 664//660 556//645 558//646 574//663
f 603//658 604//656 662//653 572//664
f 572//664 662//653 575//654 667//665
f 667//665 575//654 573//655 665//666
f 573//655 576//652 577//651 665//666
f 577//651 565//650 564//661 665//666
f 564//661 565//650 607//649 591//662
f 591//662 607//649 661//648 660//647
f 570//667 557//622 571//642 663//657
f 663//657 603//658 572//664 570//667
f 555//643 557//622 570//667 666//659
f 665//666 574//663 667//665
f 574//663 665//666 564//661 664//660
f 574//663 558//646 666//659 667//665
f 666//659 570//667 572//664 667//665
f 748//668 725//669 700//670
f 680//671 679//672 723//673 681//674
f 687//675 686//676 685//677 724//678
f 725//669 669//679 668//680 700//670
f 726//681 670//682 669//679 725//669
f 672//683 671//684 701//685 727//686
f 728//687 676//688 675//689 706//690
f 703//691 684//692 683//693 729//694
f 689//695 688//696 730//697 715//698
f 690//699 689//695 715//698 731//700
f 691//701 690//699 731//700 732//702
f 733//703 692//704 691//701 732//702
f 693//705 692//704 733//703 734//706
f 694//707 693//705 734//706 711//708
f 735//709 695//710 694//707 711//708
f 736//711 697//712 696//713 708//714
f 737//715 698//716 697//712 736//711
f 671//684 670//682 726//681 701//685
f 724//678 685//677 684//692 703//691
f 688//696 687//675 724//678 730//697
f 696//713 695//710 735//709 708//714
f 706//690 675//689 674//717 738//718
f 729//694 683//693 682//719 739//720
f 682//719 681//674 723//673 739//720
f 676//688 728//687 712//721 677//722
f 672//683 727//686 704//723 673//724
f 698//716 737//715 705//725 699//726
f 740//727 678//728 677//722 712//721
f 741//729 679//672 678//728 740//727
f 715//698 730//697 742//730 743//731
f 737//715 736//711 707//732 709//733
f 707//732 736//711 708//714 713//734
f 732//702 731//700 745//735 744//736
f 731//700 715//698 743//731 745//735
f 733//703 732//702 744//736 716//737
f 734//706 733//703 716//737 746//738
f 711//708 734//706 746//738 720//739
f 735//709 711//708 720//739 708//714
f 742//730 703//691 729//694 719//740
f 727//686 701//685 748//668 747//741
f 749//742 728//687 706//690 710//743
f 674//717 673//724 704//723 738//718
f 723//673 679//672 741//729 739//720
f 730//697 724//678 703//691 742//730
f 701//685 726//681 725//669 748//668
f 704//723 727//686 747//741 738//718
f 710//743 706//690 738//718 747//741
f 712//721 728//687 749//742 740//727
f 699//726 705//725 748//668 700//670
f 750//744 743//731 742//730 719//740
f 713//734 708//714 720//739 721//745
f 729//694 739//720 702//746 719//740
f 737//715 709//733 710//743 705//725
f 749//742 710//743 709//733 751//747
f 751//747 709//733 707//732 713//734
f 745//735 743//731 750//744 722//748
f 718//749 744//736 745//735 722//748
f 752//750 716//737 744//736 718//749
f 746//738 716//737 752//750 753//751
f 721//745 720//739 746//738 753//751
f 747//741 748//668 705//725 710//743
f 717//752 741//729 740//727 754//753
f 702//746 739//720 741//729 717//752
f 750//744 719//740 702//746 722//748
f 754//753 740//727 749//742 751//747
f 751//747 713//734 721//745 754//753
f 721//745 753//751 714//754 754//753
f 714//754 753//751 752//750 718//749
f 755//755 717//752 754//753 714//754
f 702//746 717//752 755//755 722//748
f 755//755 714//754 718//749 722//748
f 700//670 668//680 756//756 786//757
f 786//757 756//756 757//758 780//759
f 757//758 758//760 813//761 780//759
f 773//762 686//676 687//675 814//763
f 814//763 687//675 688//696 775//764
f 688//696 689//695 815//765 775//764
f 772//766 773//762 814//763 816//767
f 817//768 771//769 772//766 816//767
f 818//770 770//771 771//769 817//768
f 819//772 769//773 770//771 818//770
f 820//774 699//726 700//670 786//757
f 821//775 759//776 760//777 783//778
f 783//778 760//777 761//779 822//780
f 761//779 762//781 823//782 822//780
f 823//782 762//781 763//783 824//784
f 763//783 764//785 825//786 824//784
f 826//787 766//788 767//789 785//790
f 767//789 768//791 808//792 785//790
f 690//699 691//701 827//793 828//794
f 796//795 692//704 693//705 829//796
f 829//796 693//705 694//707 830//797
f 830//797 694//707 695//710 831//798
f 696//713 697//712 776//799 832//800
f 697//712 698//716 833//801 776//799
f 691//701 692//704 796//795 827//793
f 816//767 814//763 775//764 834//802
f 769//773 819//772 835//803 768//791
f 820//774 786//757 780//759 777//804
f 780//759 813//761 788//805 777//804
f 775//764 815//765 836//806 834//802
f 698//716 699//726 820//774 777//804
f 759//776 821//775 789//807 758//760
f 766//788 826//787 781//808 765//809
f 689//695 690//699 828//794 815//765
f 696//713 832//800 831//798 695//710
f 810//810 817//768 816//767 834//802
f 837//811 833//801 698//716 777//804
f 784//812 818//770 817//768 810//810
f 819//772 818//770 784//812 800//813
f 813//761 758//760 789//807 788//805
f 781//808 825//786 764//785 765//809
f 830//797 831//798 838//814 779//815
f 803//816 829//796 830//797 779//815
f 796//795 829//796 803//816 839//817
f 794//818 832//800 776//799 833//801
f 824//784 825//786 840//819 787//820
f 823//782 824//784 787//820 822//780
f 828//794 827//793 792//821 778//822
f 783//778 822//780 806//823 805//824
f 811//825 821//775 783//778 805//824
f 791//826 826//787 785//790 795//827
f 792//821 827//793 796//795 839//817
f 815//765 828//794 778//822 836//806
f 838//814 831//798 832//800 794//818
f 819//772 800//813 841//828 835//803
f 795//827 785//790 808//792 842//829
f 806//823 822//780 787//820 799//830
f 789//807 821//775 811//825 782//831
f 810//810 834//802 836//806 802//832
f 784//812 810//810 802//832 800//813
f 825//786 781//808 843//833 840//819
f 781//808 826//787 791//826 843//833
f 799//830 787//820 840//819 843//833
f 837//811 777//804 788//805 790//834
f 790//834 788//805 789//807 782//831
f 808//792 768//791 835//803 841//828
f 833//801 837//811 790//834 794//818
f 804//835 779//815 838//814 794//818
f 844//836 803//816 779//815 804//835
f 839//817 803//816 844//836 774//837
f 845//838 811//825 805//824 812//839
f 805//824 806//823 793//840 812//839
f 778//822 792//821 797//841 798//842
f 843//833 791//826 795//827 799//830
f 836//806 778//822 798//842 802//832
f 794//818 790//834 782//831 804//835
f 782//831 811//825 845//838 804//835
f 797//841 792//821 839//817 774//837
f 845//838 812//839 846//843 804//835
f 844//836 804//835 846//843 774//837
f 846//843 812//839 793//840 809//844
f 793//840 806//823 799//830 809//844
f 799//830 795//827 842//829 809//844
f 842//829 808//792 841//828 807//845
f 807//845 841//828 800//813 801//846
f 801//846 800//813 802//832 798//842
f 801//846 798//842 797//841 774//837
f 801//846 774//837 846//843 807//845
f 809//844 842//829 807//845 846//843
f 680//671 873//847 679//672
f 874//848 668//680 669//679 670//682
f 678//728 679//672 873//847 872//849
f 848//850 847//851 879//852 910//853
f 860//854 859//855 911//856 861//857
f 864//858 863//859 912//860 865//861
f 872//849 871//862 882//863 678//728
f 871//862 870//864 913//865 882//863
f 849//866 848//850 910//853 915//867
f 889//868 866//869 865//861 912//860
f 909//870 867//871 866//869 889//868
f 916//872 868//873 867//871 909//870
f 882//863 676//688 677//722 678//728
f 917//874 675//689 676//688 882//863
f 886//875 875//876 874//848 670//682
f 880//877 876//878 875//876 886//875
f 918//879 851//880 850//881 891//882
f 919//883 852//884 851//880 918//879
f 920//885 853//886 852//884 919//883
f 921//887 855//888 854//889 890//890
f 922//891 856//892 855//888 921//887
f 923//893 857//894 856//892 922//891
f 672//683 673//724 897//895 924//896
f 885//897 925//898 877//899
f 878//900 877//899 925//898 914//901
f 850//881 849//866 915//867 891//882
f 854//889 853//886 920//885 890//890
f 910//853 879//852 878//900 914//901
f 859//855 858//902 926//903 911//856
f 868//873 916//872 927//904 869//905
f 917//874 882//863 913//865 881//906
f 876//878 880//877 885//897 877//899
f 857//894 923//893 928//907 858//902
f 861//857 911//856 926//903 862//908
f 675//689 917//874 895//909 674//717
f 672//683 924//896 887//910 671//684
f 915//867 910//853 914//901 891//882
f 891//882 914//901 925//898 885//897
f 929//911 918//879 891//882 885//897
f 930//912 919//883 918//879 929//911
f 893//913 920//885 919//883 930//912
f 931//914 912//860 863//859 862//908
f 932//915 889//868 912//860 931//914
f 902//916 913//865 870//864 869//905
f 670//682 671//684 887//910 886//875
f 901//917 673//724 674//717 895//909
f 883//918 922//891 921//887 933//919
f 921//887 890//890 934//920 933//919
f 935//921 923//893 922//891 883//918
f 897//895 673//724 901//917 937//922
f 892//923 924//896 897//895 938//924
f 907//925 916//872 909//870 903//926
f 903//926 909//870 889//868 932//915
f 929//911 885//897 880//877 936//927
f 926//903 858//902 928//907 894//928
f 894//928 928//907 923//893 935//921
f 880//877 886//875 887//910 924//896
f 920//885 893//913 884//929 890//890
f 938//924 897//895 937//922 896//930
f 880//877 924//896 892//923 936//927
f 916//872 907//925 905//931 927//904
f 881//906 913//865 902//916 939//932
f 902//916 869//905 927//904 940//933
f 895//909 917//874 881//906 939//932
f 931//914 862//908 926//903 894//928
f 932//915 931//914 894//928 935//921
f 932//915 935//921 883//918 903//926
f 883//918 933//919 941//934 903//926
f 941//934 933//919 934//920 908//935
f 907//925 903//926 941//934 908//935
f 930//912 929//911 936//927 904//936
f 898//937 893//913 930//912 904//936
f 934//920 890//890 884//929 906//938
f 892//923 938//924 904//936 936//927
f 888//939 937//922 901//917 899//940
f 899//940 901//917 895//909 939//932
f 904//936 938//924 896//930 898//937
f 939//932 902//916 940//933 899//940
f 940//933 927//904 905//931 899//940
f 893//913 898//937 942//941 884//929
f 907//925 908//935 943//942 905//931
f 943//942 908//935 934//920 906//938
f 937//922 888//939 944//943 896//930
f 906//938 884//929 942//941 900//944
f 888//939 899//940 905//931 900//944
f 944//943 888//939 900//944 942//941
f 898//937 896//930 944//943 942//941
f 900//944 905//931 943//942 906//938
f 668//680 874//848 1023//945 756//756
f 945//946 765//809 764//785 1024//947
f 1024//947 764//785 763//783 969//948
f 969//948 763//783 762//781 970//949
f 762//781 761//779 1025//950 970//949
f 761//779 760//777 1026//951 1025//950
f 864//858 951//952 1027//953 863//859
f 951//952 950//954 1004//955 1027//953
f 950//954 949//956 1012//957 1004//955
f 949//956 948//958 1028//959 1012//957
f 948//958 947//960 1029//961 1028//959
f 952//962 860//854 861//857 1030//963
f 1030//963 861//857 862//908 983//964
f 958//965 957//966 989//967 959//968
f 957//966 956//969 1031//970 989//967
f 847//851 963//971 1032//972 879//852
f 946//973 945//946 1024//947 1033//974
f 953//975 952//962 1030//963 981//976
f 1034//977 954//978 953//975 981//976
f 1035//979 960//980 959//968 989//967
f 759//776 758//760 1036//981 1037//982
f 1038//983 962//984 961//985 997//986
f 877//899 878//900 1040//987 1039//988
f 876//878 877//899 1039//988 977//989
f 875//876 876//878 977//989 1041//990
f 997//986 961//985 960//980 1035//979
f 1033//974 1024//947 969//948 978//991
f 969//948 970//949 1042//992 978//991
f 756//756 1023//945 964//993 757//758
f 970//949 1025//950 1043//994 1042//992
f 989//967 1031//970 1044//995 1035//979
f 1025//950 1026//951 975//996 1043//994
f 863//859 1027//953 1045//997 862//908
f 1027//953 1004//955 1054//998 1045//997
f 879//852 1032//972 1006//999 878//900
f 981//976 1030//963 983//964 1047//1000
f 947//960 946//973 1033//974 978//991
f 954//978 1034//977 982//1001 955//1002
f 760//777 759//776 1037//982 974//1003
f 962//984 1038//983 986//1004 963//971
f 874//848 875//876 1041//990 1023//945
f 983//964 862//908 1045//997 973//1005
f 1034//977 981//976 1047//1000 1048//1006
f 1026//951 760//777 974//1003 975//996
f 1029//961 947//960 978//991 1049//1007
f 979//1008 1028//959 1029//961 1049//1007
f 1011//1009 1012//957 1028//959 979//1008
f 1046//1010 1004//955 1012//957 1011//1009
f 1050//1011 956//969 955//1002 982//1001
f 1031//970 956//969 1050//1011 1013//1012
f 1032//972 963//971 986//1004 1006//999
f 984//1013 1036//981 758//760 757//758
f 1040//987 878//900 1006//999 985//1014
f 976//1015 1039//988 1040//987 985//1014
f 977//989 1039//988 976//1015 968//1016
f 1010//1017 1041//990 977//989 968//1016
f 1037//982 1036//981 1051//1018 967//1019
f 980//1020 1038//983 997//986 1018//1021
f 997//986 1035//979 1044//995 1018//1021
f 1049//1007 978//991 1042//992 971//1022
f 1047//1000 983//964 973//1005 998//1023
f 974//1003 1037//982 967//1019 1052//1024
f 973//1005 1045//997 1054//998 1053//1025
f 1053//1025 1054//998 1004//955 1046//1010
f 1042//992 1043//994 1007//1026 971//1022
f 1036//981 984//1013 991//1027 1051//1018
f 1038//983 980//1020 1055//1028 986//1004
f 1041//990 1010//1017 964//993 1023//945
f 984//1013 757//758 964//993 991//1027
f 1043//994 975//996 1056//1029 1007//1026
f 1044//995 1031//970 1013//1012 1057//1030
f 1034//977 1048//1006 1058//1031 982//1001
f 998//1023 973//1005 1053//1025 1059//1032
f 1048//1006 1047//1000 998//1023 966//1033
f 975//996 974//1003 1052//1024 1056//1029
f 979//1008 1049//1007 971//1022 1060//1034
f 988//1035 1006//999 986//1004 1055//1028
f 985//1014 1006//999 988//1035 1061//1036
f 976//1015 985//1014 1061//1036 994//1037
f 996//1038 968//1016 976//1015 994//1037
f 1062//1039 1010//1017 968//1016 996//1038
f 1063//1040 1011//1009 979//1008 1060//1034
f 1005//1041 1046//1010 1011//1009 1063//1040
f 1064//1042 1050//1011 982//1001 1058//1031
f 1013//1012 1050//1011 1064//1042 1000//1043
f 967//1019 1051//1018 990//1044 992//1045
f 980//1020 1018//1021 1016//1046 972//1047
f 991//1027 964//993 1010//1017 1062//1039
f 1051//1018 991//1027 1062//1039 990//1044
f 990//1044 1062//1039 996//1038 1065//1048
f 1052//1024 967//1019 992//1045 1056//1029
f 1065//1048 996//1038 994//1037 1020//1049
f 971//1022 1007//1026 1008//1050 1060//1034
f 980//1020 972//1047 1066//1051 1055//1028
f 1058//1031 1048//1006 966//1033 1003//1052
f 1007//1026 1056//1029 995//1053 1008//1050
f 966//1033 998//1023 1059//1032 987//1054
f 994//1037 1061//1036 1021//1055 1020//1049
f 1021//1055 1061//1036 988//1035 1067//1056
f 988//1035 1055//1028 1066//1051 1067//1056
f 1044//995 1057//1030 965//1057 1018//1021
f 1057//1030 1013//1012 1000//1043 1068//1058
f 1064//1042 1058//1031 1003//1052 1002//1059
f 992//1045 990//1044 1065//1048 1069//1060
f 1016//1046 1018//1021 965//1057 1014//1061
f 987//1054 1059//1032 1053//1025 1046//1010
f 1000//1043 1064//1042 1002//1059 1001//1062
f 972//1047 1016//1046 1019//1063 1070//1064
f 1063//1040 1060//1034 1022//1065 999//1066
f 1072//1067 1005//1041 1063//1040 999//1066
f 1056//1029 992//1045 1069//1060 995//1053
f 1066//1051 972//1047 1070//1064 1067//1056
f 1003//1052 966//1033 987//1054 1071//1068
f 1071//1068 987//1054 1046//1010 1005//1041
f 1060//1034 1008//1050 1009//1069 1022//1065
f 1069//1060 1065//1048 1020//1049 993//1070
f 1021//1055 1067//1056 1070//1064 1020//1049
f 965//1057 1057//1030 1068//1058 1014//1061
f 1005//1041 1072//1067 1073//1071 1071//1068
f 1068//1058 1000//1043 1001//1062 1015//1072
f 1019//1063 1016//1046 1014//1061 1017//1073
f 1070//1064 1019//1063 993//1070 1020//1049
f 1073//1071 1002//1059 1003//1052 1071//1068
f 1001//1062 1002//1059 1073//1071 1072//1067
f 1072//1067 999//1066 1015//1072 1001//1062
f 1015//1072 999//1066 1022//1065 1017//1073
f 1015//1072 1017//1073 1014//1061 1068//1058
f 995//1053 1069//1060 993//1070 1074//1074
f 1074//1074 993//1070 1019//1063 1017//1073
f 1009//1069 1008//1050 995//1053 1074//1074
f 1017//1073 1022//1065 1009//1069 1074//1074
f 1075//1075 854//889 855//888 1156//1076
f 1156//1076 855//888 856//892 1157//1077
f 1076//1078 1075//1075 1156//1076 1158//1079
f 1125//1080 957//966 958//965 1097//1081
f 1097//1081 1096//1082 1159//1083 1125//1080
f 956//969 957//966 1125//1080 1160//1084
f 955//1002 956//969 1160//1084 1124//1085
f 954//978 955//1002 1124//1085 1148//1086
f 953//975 954//978 1148//1086 1137//1087
f 952//962 953//975 1137//1087 1161//1088
f 860//854 952//962 1161//1088 1099//1089
f 859//855 860//854 1099//1089 1162//1090
f 1078//1091 1077//1092 1103//1093 1163//1094
f 1164//1095 1080//1096 1079//1097 1133//1098
f 1082//1099 1081//1100 1107//1101 1165//1102
f 1083//1103 1082//1099 1165//1102 1166//1104
f 1084//1105 1083//1103 1166//1104 1167//1106
f 1168//1107 1086//1108 1085//1109 1109//1110
f 1121//1111 1088//1112 1087//1113 1115//1114
f 1111//1115 1089//1116 1088//1112 1121//1111
f 1169//1117 1090//1118 1089//1116 1111//1115
f 1110//1119 1091//1120 1090//1118 1169//1117
f 1092//1121 1091//1120 1110//1119 1170//1122
f 1093//1123 1092//1121 1170//1122 1171//1124
f 1172//1125 1095//1126 1094//1127 1138//1128
f 1173//1129 857//894 858//902 1174//1130
f 1077//1092 1076//1078 1158//1079 1103//1093
f 1133//1098 1079//1097 1078//1091 1163//1094
f 1081//1100 1080//1096 1164//1095 1107//1101
f 1109//1110 1085//1109 1084//1105 1167//1106
f 1094//1127 1093//1123 1171//1124 1138//1128
f 1125//1080 1159//1083 1175//1131 1160//1084
f 1158//1079 1156//1076 1157//1077 1126//1132
f 858//902 859//855 1162//1090 1174//1130
f 1086//1108 1168//1107 1115//1114 1087//1113
f 1096//1082 1095//1126 1172//1125 1159//1083
f 857//894 1173//1129 1157//1077 856//892
f 1124//1085 1160//1084 1175//1131 1176//1133
f 1148//1086 1124//1085 1176//1133 1136//1134
f 1137//1087 1148//1086 1136//1134 1177//1135
f 1161//1088 1137//1087 1177//1135 1178//1136
f 1099//1089 1161//1088 1178//1136 1179//1137
f 1162//1090 1099//1089 1179//1137 1180//1138
f 1113//1139 1173//1129 1174//1130 1181//1140
f 1165//1102 1107//1101 1182//1141 1127//1142
f 1183//1143 1166//1104 1165//1102 1127//1142
f 1167//1106 1166//1104 1183//1143 1105//1144
f 1185//1145 1171//1124 1170//1122 1184//1146
f 1184//1146 1170//1122 1110//1119 1118//1147
f 1118//1147 1110//1119 1169//1117 1120//1148
f 1120//1148 1169//1117 1111//1115 1106//1149
f 1106//1149 1111//1115 1121//1111 1186//1150
f 1108//1151 1168//1107 1109//1110 1116//1152
f 1114//1153 1163//1094 1103//1093 1187//1154
f 1164//1095 1133//1098 1188//1155 1122//1156
f 1172//1125 1138//1128 1189//1157 1128//1158
f 1174//1130 1162//1090 1180//1138 1181//1140
f 1133//1098 1163//1094 1114//1153 1188//1155
f 1103//1093 1158//1079 1126//1132 1187//1154
f 1107//1101 1164//1095 1122//1156 1182//1141
f 1116//1152 1109//1110 1167//1106 1105//1144
f 1159//1083 1172//1125 1128//1158 1175//1131
f 1126//1132 1157//1077 1173//1129 1113//1139
f 1138//1128 1171//1124 1185//1145 1190//1159
f 1168//1107 1108//1151 1112//1160 1115//1114
f 1176//1133 1175//1131 1128//1158 1135//1161
f 1135//1161 1128//1158 1189//1157 1155//1162
f 1112//1160 1186//1150 1121//1111 1115//1114
f 1136//1134 1176//1133 1135//1161 1191//1163
f 1177//1135 1136//1134 1191//1163 1134//1164
f 1178//1136 1177//1135 1134//1164 1145//1165
f 1179//1137 1178//1136 1145//1165 1192//1166
f 1180//1138 1179//1137 1192//1166 1154//1167
f 1189//1157 1138//1128 1190//1159 1119//1168
f 1185//1145 1184//1146 1123//1169 1190//1159
f 1184//1146 1118//1147 1193//1170 1123//1169
f 1193//1170 1118//1147 1120//1148 1129//1171
f 1129//1171 1120//1148 1106//1149 1194//1172
f 1106//1149 1186//1150 1130//1173 1194//1172
f 1127//1142 1182//1141 1101//1174 1117//1175
f 1183//1143 1127//1142 1117//1175 1105//1144
f 1195//1176 1114//1153 1187//1154 1100//1177
f 1186//1150 1104//1178 1130//1173
f 1108//1151 1116//1152 1151//1179 1104//1178
f 1131//1180 1113//1139 1181//1140 1102//1181
f 1122//1156 1188//1155 1144//1182 1143//1183
f 1126//1132 1113//1139 1131//1180 1187//1154
f 1151//1179 1116//1152 1105//1144 1117//1175
f 1112//1160 1108//1151 1104//1178 1186//1150
f 1102//1181 1181//1140 1180//1138 1154//1167
f 1182//1141 1122//1156 1143//1183 1101//1174
f 1188//1155 1114//1153 1195//1176 1144//1182
f 1119//1168 1190//1159 1123//1169 1147//1184
f 1123//1169 1193//1170 1140//1185 1147//1184
f 1155//1162 1189//1157 1119//1168 1147//1184
f 1140//1185 1193//1170 1129//1171 1196//1186
f 1196//1186 1129//1171 1194//1172 1149//1187
f 1191//1163 1135//1161 1155//1162 1197//1188
f 1149//1187 1194//1172 1130//1173 1104//1178
f 1149//1187 1104//1178 1151//1179 1198//1189
f 1134//1164 1191//1163 1197//1188 1199//1190
f 1145//1165 1134//1164 1199//1190 1200//1191
f 1153//1192 1192//1166 1145//1165 1200//1191
f 1142//1193 1154//1167 1192//1166 1153//1192
f 1100//1177 1187//1154 1131//1180 1201//1194
f 1201//1194 1131//1180 1102//1181 1202//1195
f 1150//1196 1117//1175 1101//1174 1132//1197
f 1143//1183 1144//1182 1203//1198 1206//1199
f 1132//1197 1101//1174 1143//1183 1206//1199
f 1202//1195 1102//1181 1154//1167 1142//1193
f 1151//1179 1117//1175 1150//1196 1198//1189
f 1203//1198 1144//1182 1195//1176 1100//1177
f 1203//1198 1100//1177 1201//1194 1202//1195
f 1155//1162 1147//1184 1204//1200 1197//1188
f 1204//1200 1147//1184 1140//1185 1141//1201
f 1141//1201 1140//1185 1196//1186 1139//1202
f 1196//1186 1149//1187 1198//1189 1139//1202
f 1205//1203 1199//1190 1197//1188 1204//1200
f 1200//1191 1199//1190 1205//1203 1146//1204
f 1098//1205 1153//1192 1200//1191 1146//1204
f 1142//1193 1153//1192 1098//1205 1206//1199
f 1150//1196 1132//1197 1207//1206 1152//1207
f 1203//1198 1202//1195 1142//1193 1206//1199
f 1198//1189 1150//1196 1152//1207 1139//1202
f 1207//1206 1132//1197 1206//1199 1098//1205
f 1207//1206 1098//1205 1146//1204 1152//1207
f 1205//1203 1204//1200 1141//1201 1146//1204
f 1141//1201 1139//1202 1152//1207 1146//1204
f 958//965 959//968 1263//1208 1097//1081
f 1228//1209 853//886 854//889 1075//1075
f 1075//1075 1076//1078 1264//1210 1228//1209
f 852//884 853//886 1228//1209 1265//1211
f 851//880 852//884 1265//1211 1266//1212
f 1267//1213 1077//1092 1078//1091 1222//1214
f 1078//1091 1079//1097 1268//1215 1222//1214
f 1268//1215 1079//1097 1080//1096 1269//1216
f 1269//1216 1080//1096 1081//1100 1270//1217
f 1230//1218 1082//1099 1083//1103 1271//1219
f 1271//1219 1083//1103 1084//1105 1272//1220
f 1085//1109 1086//1108 1236//1221 1273//1222
f 1236//1221 1086//1108 1087//1113 1238//1223
f 1087//1113 1088//1112 1274//1224 1238//1223
f 1089//1116 1090//1118 1241//1225 1239//1226
f 1090//1118 1091//1120 1275//1227 1241//1225
f 1275//1227 1091//1120 1092//1121 1244//1228
f 1276//1229 1093//1123 1094//1127 1246//1230
f 1094//1127 1095//1126 1229//1231 1246//1230
f 1095//1126 1096//1082 1277//1232 1229//1231
f 1278//1233 1212//1234 1213//1235
f 960//980 961//985 1279//1236 1278//1233
f 961//985 962//984 1280//1237 1279//1236
f 963//971 847//851 1281//1238 1217//1239
f 847//851 848//850 1209//1240 1281//1238
f 1209//1240 848//850 849//866 1211//1241
f 849//866 850//881 1282//1242 1211//1241
f 1270//1217 1081//1100 1082//1099 1230//1218
f 1274//1224 1088//1112 1089//1116 1239//1226
f 1097//1081 1263//1208 1221//1243 1096//1082
f 1228//1209 1264//1210 1226//1244 1265//1211
f 850//881 851//880 1266//1212 1282//1242
f 1076//1078 1077//1092 1267//1213 1264//1210
f 1085//1109 1273//1222 1272//1220 1084//1105
f 1093//1123 1276//1229 1244//1228 1092//1121
f 960//980 1278//1233 1213//1235 959//968
f 963//971 1217//1239 1283//1245 962//984
f 1266//1212 1265//1211 1226//1244 1208//1246
f 1263//1208 959//968 1213//1235 1221//1243
f 1271//1219 1272//1220 1284//1247 1285//1248
f 1286//1249 1230//1218 1271//1219 1285//1248
f 1277//1232 1096//1082 1221//1243 1287//1250
f 1288//1251 1229//1231 1277//1232 1287//1250
f 1246//1230 1229//1231 1288//1251 1220//1252
f 1289//1253 1276//1229 1246//1230 1220//1252
f 1280//1237 962//984 1283//1245 1290//1254
f 1279//1236 1280//1237 1290//1254 1223//1255
f 1278//1233 1279//1236 1223//1255 1212//1234
f 1211//1241 1282//1242 1291//1256 1292//1257
f 1209//1240 1211//1241 1292//1257 1293//1258
f 1281//1238 1209//1240 1293//1258 1214//1259
f 1217//1239 1281//1238 1214//1259 1235//1260
f 1248//1261 1269//1216 1270//1217 1232//1262
f 1268//1215 1269//1216 1248//1261 1222//1214
f 1273//1222 1236//1221 1237//1263 1224//1264
f 1237//1263 1236//1221 1238//1223 1225//1265
f 1225//1265 1238//1223 1274//1224 1239//1226
f 1227//1266 1267//1213 1222//1214 1294//1267
f 1240//1268 1239//1226 1241//1225 1295//1269
f 1241//1225 1275//1227 1242//1270 1295//1269
f 1242//1270 1275//1227 1244//1228 1256//1271
f 1256//1271 1244//1228 1276//1229 1289//1253
f 1264//1210 1267//1213 1227//1266 1226//1244
f 1232//1262 1270//1217 1230//1218 1286//1249
f 1284//1247 1272//1220 1273//1222 1224//1264
f 1291//1256 1282//1242 1266//1212 1208//1246
f 1221//1243 1213//1235 1212//1234 1287//1250
f 1212//1234 1223//1255 1296//1272 1287//1250
f 1223//1255 1290//1254 1233//1273 1296//1272
f 1290//1254 1283//1245 1210//1274 1233//1273
f 1210//1274 1283//1245 1217//1239 1235//1260
f 1294//1267 1222//1214 1248//1261 1215//1275
f 1215//1275 1248//1261 1232//1262 1249//1276
f 1225//1265 1239//1226 1240//1268 1255//1277
f 1216//1278 1208//1246 1226//1244 1227//1266
f 1216//1278 1227//1266 1294//1267 1297//1279
f 1237//1263 1225//1265 1255//1277 1219//1280
f 1240//1268 1295//1269 1262//1281 1255//1277
f 1295//1269 1242//1270 1243//1282 1262//1281
f 1243//1282 1242//1270 1256//1271 1298//1283
f 1253//1284 1224//1264 1237//1263 1219//1280
f 1288//1251 1287//1250 1296//1272 1245//1285
f 1220//1252 1288//1251 1245//1285 1299//1286
f 1258//1287 1289//1253 1220//1252 1299//1286
f 1259//1288 1214//1259 1293//1258 1300//1289
f 1300//1289 1293//1258 1292//1257 1301//1290
f 1301//1290 1292//1257 1291//1256 1208//1246
f 1302//1291 1235//1260 1214//1259 1259//1288
f 1231//1292 1286//1249 1285//1248 1218//1293
f 1218//1293 1285//1248 1284//1247 1224//1264
f 1232//1262 1286//1249 1231//1292 1249//1276
f 1298//1283 1256//1271 1289//1253 1258//1287
f 1301//1290 1208//1246 1216//1278 1303//1294
f 1303//1294 1216//1278 1297//1279 1261//1295
f 1218//1293 1224//1264 1253//1284 1247//1296
f 1255//1277 1262//1281 1257//1297 1219//1280
f 1257//1297 1262//1281 1243//1282 1298//1283
f 1297//1279 1294//1267 1215//1275 1260//1298
f 1260//1298 1215//1275 1249//1276 1247//1296
f 1245//1285 1296//1272 1233//1273 1250//1299
f 1250//1299 1233//1273 1210//1274 1235//1260
f 1250//1299 1235//1260 1302//1291 1304//1300
f 1231//1292 1218//1293 1247//1296 1249//1276
f 1300//1289 1301//1290 1303//1294 1261//1295
f 1305//1301 1259//1288 1300//1289 1261//1295
f 1299//1286 1245//1285 1250//1299 1304//1300
f 1251//1302 1258//1287 1299//1286 1304//1300
f 1252//1303 1302//1291 1259//1288 1305//1301
f 1254//1304 1253//1284 1219//1280 1306//1305
f 1257//1297 1298//1283 1258//1287 1251//1302
f 1306//1305 1219//1280 1257//1297 1251//1302
f 1251//1302 1304//1300 1234//1306 1306//1305
f 1234//1306 1304//1300 1302//1291 1252//1303
f 1247//1296 1253//1284 1254//1304 1307//1307
f 1261//1295 1297//1279 1260//1298 1308//1308
f 1260//1298 1247//1296 1307//1307 1308//1308
f 1254//1304 1306//1305 1234//1306 1307//1307
f 1305//1301 1261//1295 1308//1308 1252//1303
f 1252//1303 1308//1308 1307//1307 1234//1306
f 1354//1309 1422//1310 1417//1311
f 1309//1312 1310//1313 1358//1314 1353//1315
f 1358//1314 1310//1313 1311//1316 1392//1317
f 1315//1318 1316//1319 1393//1320 1314//1321
f 1332//1322 1333//1323 1394//1324 1331//1325
f 1338//1326 1339//1327 1395//1328 1337//1329
f 1395//1328 1339//1327 1340//1330 1396//1331
f 1397//1332 1352//1333 1353//1315 1358//1314
f 1398//1334 1312//1335 1313//1336 1356//1337
f 1400//1338 1317//1339 1318//1340 1399//1341
f 1401//1342 1319//1343 1320//1344 1375//1345
f 1375//1345 1320//1344 1321//1346 1390//1347
f 1323//1348 1324//1349 1402//1350 1403//1351
f 1405//1352 1325//1353 1326//1354 1404//1355
f 1334//1356 1335//1357 1355//1358 1406//1359
f 1335//1357 1336//1360 1407//1361 1355//1358
f 1408//1362 1341//1363 1342//1364 1426//1365
f 1426//1365 1342//1364 1343//1366 1423//1367
f 1410//1368 1345//1369 1346//1370 1409//1371
f 1386//1372 1347//1373 1348//1374 1411//1375
f 1411//1375 1348//1374 1349//1376 1369//1377
f 1369//1377 1349//1376 1350//1378 1412//1379
f 1412//1379 1350//1378 1351//1380 1413//1381
f 1313//1336 1314//1321 1393//1320 1356//1337
f 1333//1323 1334//1356 1406//1359 1394//1324
f 1409//1371 1346//1370 1347//1373 1386//1372
f 1404//1355 1326//1354 1327//1382 1414//1383
f 1397//1332 1358//1314 1392//1317 1359//1384
f 1337//1329 1395//1328 1357//1385 1336//1360
f 1357//1385 1395//1328 1396//1331 1365//1386
f 1331//1325 1394//1324 1361//1387 1330//1388
f 1352//1333 1397//1332 1413//1381 1351//1380
f 1311//1316 1312//1335 1398//1334 1392//1317
f 1319//1343 1401//1342 1399//1341 1318//1340
f 1323//1348 1403//1351 1380//1389 1322//1390
f 1325//1353 1405//1352 1382//1391 1324//1349
f 1341//1363 1408//1362 1396//1331 1340//1330
f 1345//1369 1410//1368 1372//1392 1344//1393
f 1415//1394 1329//1395 1330//1388 1361//1387
f 1416//1396 1328//1397 1329//1395 1415//1394
f 1407//1361 1336//1360 1357//1385 1417//1311
f 1393//1320 1316//1319 1317//1339 1356//1337
f 1398//1334 1356//1337 1359//1384 1392//1317
f 1418//1398 1322//1390 1380//1389 1436//1399
f 1418//1398 1390//1347 1321//1346 1322//1390
f 1400//1338 1399//1341 1419//1400 1440//1401
f 1402//1350 1324//1349 1382//1391 1420//1402
f 1421//1403 1403//1351 1402//1350 1420//1402
f 1355//1358 1407//1361 1417//1311 1422//1310
f 1406//1359 1355//1358 1422//1310 1362//1404
f 1423//1367 1343//1366 1344//1393 1372//1392
f 1425//1405 1412//1379 1413//1381 1424//1406
f 1408//1362 1426//1365 1367//1407 1366//1408
f 1427//1409 1369//1377 1412//1379 1425//1405
f 1428//1410 1411//1375 1369//1377 1427//1409
f 1429//1411 1386//1372 1411//1375 1428//1410
f 1374//1412 1410//1368 1409//1371 1378//1413
f 1430//1414 1375//1345 1390//1347 1381//1415
f 1370//1416 1401//1342 1375//1345 1430//1414
f 1377//1417 1405//1352 1404//1355 1431//1418
f 1356//1337 1317//1339 1400//1338 1359//1384
f 1394//1324 1406//1359 1362//1404 1361//1387
f 1419//1400 1399//1341 1401//1342 1370//1416
f 1378//1413 1409//1371 1386//1372 1429//1411
f 1424//1406 1413//1381 1397//1332 1359//1384
f 1417//1311 1357//1385 1365//1386 1354//1309
f 1365//1386 1396//1331 1408//1362 1366//1408
f 1431//1418 1404//1355 1414//1383 1384//1419
f 1405//1352 1377//1417 1432//1420 1382//1391
f 1410//1368 1374//1412 1433//1421 1372//1392
f 1328//1397 1416//1396 1414//1383 1327//1382
f 1403//1351 1421//1403 1434//1422 1380//1389
f 1360//1423 1415//1394 1361//1387 1362//1404
f 1362//1404 1422//1310 1354//1309 1360//1423
f 1435//1424 1416//1396 1415//1394 1360//1423
f 1371//1425 1423//1367 1372//1392 1433//1421
f 1381//1415 1390//1347 1418//1398 1436//1399
f 1437//1426 1420//1402 1382//1391 1432//1420
f 1421//1403 1420//1402 1437//1426 1388//1427
f 1438//1428 1426//1365 1423//1367 1371//1425
f 1366//1408 1367//1407 1439//1429 1364//1430
f 1367//1407 1426//1365 1438//1428 1363//1431
f 1383//1432 1428//1410 1427//1409 1389//1433
f 1429//1411 1428//1410 1383//1432 1387//1434
f 1376//1435 1370//1416 1430//1414 1389//1433
f 1389//1433 1430//1414 1381//1415 1383//1432
f 1379//1436 1374//1412 1378//1413 1391//1437
f 1376//1435 1425//1405 1424//1406 1440//1401
f 1377//1417 1431//1418 1441//1438 1385//1439
f 1440//1401 1424//1406 1359//1384 1400//1338
f 1425//1405 1376//1435 1389//1433 1427//1409
f 1384//1419 1414//1383 1416//1396 1435//1424
f 1354//1309 1365//1386 1366//1408 1364//1430
f 1360//1423 1354//1309 1364//1430 1435//1424
f 1370//1416 1376//1435 1440//1401 1419//1400
f 1383//1432 1381//1415 1436//1399 1387//1434
f 1391//1437 1378//1413 1429//1411 1387//1434
f 1436//1399 1380//1389 1434//1422 1387//1434
f 1434//1422 1421//1403 1388//1427 1387//1434
f 1439//1429 1367//1407 1363//1431 1384//1419
f 1435//1424 1364//1430 1439//1429 1384//1419
f 1431//1418 1384//1419 1363//1431 1441//1438
f 1371//1425 1433//1421 1373//1440 1438//1428
f 1441//1438 1363//1431 1438//1428 1373//1440
f 1433//1421 1374//1412 1379//1436 1373//1440
f 1432//1420 1377//1417 1385//1439 1368//1441
f 1385//1439 1441//1438 1373//1440 1379//1436
f 1379//1436 1391//1437 1368//1441 1385//1439
f 1437//1426 1432//1420 1368//1441 1388//1427
f 1391//1437 1387//1434 1388//1427 1368//1441
f 2481//1442 2000//1443 2001//1444
f 2014//1445 1657//1446 2013//1447
f 2049//1448 1612//1449 2257//1450
f 1338//1326 1442//1451 2265//1452 1339//1327
f 1442//1451 1443//1453 1661//1454 2265//1452
f 1443//1453 1444//1455 2266//1456 1661//1454
f 108//145 109//126 1619//1457 1509//1458
f 109//126 110//125 1638//1459 1619//1457
f 110//125 111//150 1639//1460 1638//1459
f 111//150 112//129 2267//1461 1639//1460
f 2267//1461 112//129 113//128 1585//1462
f 113//128 114//132 2268//1463 1585//1462
f 114//132 115//152 2269//1464 2268//1463
f 115//152 116//107 2223//1465 2269//1464
f 2223//1465 116//107 19//17 1586//1466
f 19//17 18//16 1599//1467 1586//1466
f 1599//1467 18//16 17//21 1592//1468
f 1592//1468 17//21 16//14 2270//1469
f 2270//1469 16//14 15//12 2271//1470
f 1511//1471 1512//1472 1587//1473 1510//1474
f 1512//1472 1513//1475 2344//1476 1587//1473
f 1581//1477 1309//1312 1353//1315 2272//1478
f 2272//1478 1353//1315 1352//1333 1673//1479
f 1673//1479 1352//1333 1351//1380 1674//1480
f 1674//1480 1351//1380 1350//1378 1844//1481
f 1844//1481 1350//1378 1349//1376 1843//1482
f 1843//1482 1349//1376 1348//1374 1743//1483
f 1743//1483 1348//1374 1347//1373 1982//1484
f 1982//1484 1347//1373 1346//1370 1841//1485
f 1841//1485 1346//1370 1345//1369 1819//1486
f 1345//1369 1344//1393 1713//1487 1819//1486
f 1344//1393 1343//1366 2273//1488 1713//1487
f 2273//1488 1343//1366 1342//1364 1660//1489
f 1342//1364 1341//1363 2274//1490 1660//1489
f 2274//1490 1341//1363 1340//1330 2275//1491
f 2275//1491 1340//1330 1339//1327 2265//1452
f 2276//1492 1508//1493 1509//1458 1619//1457
f 2277//1494 1507//1495 1508//1493 2276//1492
f 1617//1496 1506//1497 1507//1495 2277//1494
f 1505//1498 1506//1497 1617//1496 1618//1499
f 1504//1500 1505//1498 1618//1499 2278//1501
f 1503//1502 1504//1500 2278//1501 1681//1503
f 1502//1504 1503//1502 1681//1503 2279//1505
f 1501//1506 1502//1504 2279//1505 2280//1507
f 13//8 1510//1474 1587//1473 1591//1508
f 2271//1470 2281//1509 1584//1510
f 14//9 13//8 1591//1508 2281//1509
f 2348//1511 1445//1512 1446//1513 2282//1514
f 2283//1515 1447//1516 1448//1517 1806//1518
f 1806//1518 1448//1517 1449//1519 2284//1520
f 1450//1521 1451//1522 2285//1523 1708//1524
f 1452//1525 1453//1526 2286//1527 1709//1528
f 1927//1529 1455//1530 1456//1531 2287//1532
f 2287//1532 1456//1531 1457//1533 1724//1534
f 1724//1534 1457//1533 1458//1535 1722//1536
f 2288//1537 1459//1538 1460//1539 1723//1540
f 1723//1540 1460//1539 1461//1541 2289//1542
f 2289//1542 1461//1541 1462//1543 1942//1544
f 1942//1544 1462//1543 1463//1545 1822//1546
f 1822//1546 1463//1545 1464//1547 1823//1548
f 2290//1549 1465//1550 1466//1551 1728//1552
f 2291//1553 1467//1554 1468//1555 1729//1556
f 1468//1555 1469//1557 1824//1558 1729//1556
f 1470//1559 1471//1560 1825//1561 2292//1562
f 1471//1560 1472//1563 1736//1564 1825//1561
f 1472//1563 1473//1565 1739//1566 1736//1564
f 2293//1567 1474//1568 1475//1569 1738//1570
f 1738//1570 1475//1569 1476//1571 1775//1572
f 2294//1573 1477//1574 1478//1575 1688//1576
f 1688//1576 1478//1575 1479//1577 1687//1578
f 1687//1578 1479//1577 1480//1579 1769//1580
f 2295//1581 1481//1582 1482//1583 1694//1584
f 1694//1584 1482//1583 1483//1585 2296//1586
f 2296//1586 1483//1585 1484//1587 1762//1588
f 2297//1589 1485//1590 1486//1591 1857//1592
f 1857//1592 1486//1591 1487//1593 2298//1594
f 2298//1594 1487//1593 1488//1595 2299//1596
f 1489//1597 1490//1598 2300//1599 1683//1600
f 1490//1598 1491//1601 1684//1602 2300//1599
f 1491//1601 1492//1603 2301//1604 1684//1602
f 1492//1603 1493//1605 1700//1606 2301//1604
f 2303//1607 1495//1608 1496//1609 2302//1610
f 1497//1611 1498//1612 1699//1613 1703//1614
f 1499//1615 1500//1616 2304//1617 1698//1618
f 1515//1619 1516//1620 2305//1621 2306//1622
f 2307//1623 1518//1624 1519//1625 1624//1626
f 1624//1626 1519//1625 1520//1627 2308//1628
f 2308//1628 1520//1627 1521//1629 2309//1630
f 2309//1630 1521//1629 1522//1631 1758//1632
f 1758//1632 1522//1631 1523//1633 1697//1634
f 1523//1633 1524//1635 2310//1636 1697//1634
f 1524//1635 1525//1637 2311//1638 2310//1636
f 1525//1637 1526//1639 1706//1640 2311//1638
f 2313//1641 1527//1642 1528//1643 2312//1644
f 2312//1644 1528//1643 1529//1645 1768//1646
f 1529//1645 1530//1647 1686//1648 1768//1646
f 2314//1649 1532//1650 1533//1651 1682//1652
f 1533//1651 1534//1653 2315//1654 1682//1652
f 2315//1654 1534//1653 1535//1655 2316//1656
f 2316//1656 1535//1655 1536//1657 1696//1658
f 1696//1658 1536//1657 1537//1659 2317//1660
f 2317//1660 1537//1659 1538//1661 1695//1662
f 1695//1662 1538//1661 1539//1663 1776//1664
f 1540//1665 1541//1666 1691//1667 2318//1668
f 1885//1669 1542//1670 1543//1671 1690//1672
f 1543//1671 1544//1673 2319//1674 1690//1672
f 2320//1675 1546//1676 1547//1677 1693//1678
f 1547//1677 1548//1679 1741//1680 1693//1678
f 2321//1681 1549//1682 1550//1683 1740//1684
f 1551//1685 1552//1686 1826//1687 2322//1688
f 2323//1689 1554//1690 1555//1691 1733//1692
f 1733//1692 1555//1691 1556//1693 2324//1694
f 1557//1695 1558//1696 2325//1697 1734//1698
f 1559//1699 1560//1700 1727//1701 2326//1702
f 1560//1700 1561//1703 2327//1704 1727//1701
f 2327//1704 1561//1703 1562//1705 2328//1706
f 1562//1705 1563//1707 1935//1708 2328//1706
f 1564//1709 1565//1710 2330//1711 2329//1712
f 1566//1713 1567//1714 1811//1715 2331//1716
f 2016//1717 1569//1718 1570//1719 1934//1720
f 1570//1719 1571//1721 1940//1722 1934//1720
f 1571//1721 1572//1723 2022//1724 1940//1722
f 1572//1723 1573//1725 1712//1726 2022//1724
f 2332//1727 1574//1728 1575//1729 1742//1730
f 1575//1729 1576//1731 2333//1732 1742//1730
f 1576//1731 1577//1733 2334//1734 2333//1732
f 2335//1735 1578//1736 1579//1737 1670//1738
f 1579//1737 1580//1739 1671//1740 1670//1738
f 1449//1519 1450//1521 1708//1524 2284//1520
f 1451//1522 1452//1525 1709//1528 2285//1523
f 2299//1596 1488//1595 1489//1597 1683//1600
f 2302//1610 1496//1609 1497//1611 1703//1614
f 1498//1612 1499//1615 1698//1618 1699//1613
f 1740//1684 1550//1683 1551//1685 2322//1688
f 2324//1694 1556//1693 1557//1695 1734//1698
f 1558//1696 1559//1699 2326//1702 2325//1697
f 2286//1527 1453//1526 1454//1741 1920//1742
f 1454//1741 1455//1530 1927//1529 1920//1742
f 1569//1718 2016//1717 1809//1743 1568//1744
f 1580//1739 1581//1477 2272//1478 1671//1740
f 2276//1492 1619//1457 1638//1459 1593//1745
f 1671//1740 2272//1478 1673//1479 1672//1746
f 1672//1746 1673//1479 1674//1480 2336//1747
f 1638//1459 1639//1460 1589//1748 1593//1745
f 2265//1452 1661//1454 2337//1749 2275//1491
f 2337//1749 1661//1454 2266//1456 1662//1750
f 2336//1747 1674//1480 1844//1481 1750//1751
f 1485//1590 2297//1589 1762//1588 1484//1587
f 1750//1751 1844//1481 1843//1482 1983//1752
f 1983//1752 1843//1482 1743//1483 1839//1753
f 1839//1753 1743//1483 1982//1484 1840//1754
f 1840//1754 1982//1484 1841//1485 1669//1755
f 1669//1755 1841//1485 1819//1486 2024//1756
f 1819//1486 1713//1487 2023//1757 2024//1756
f 1713//1487 2273//1488 1717//1758 2023//1757
f 2273//1488 1660//1489 1716//1759 1717//1758
f 1589//1748 1639//1460 2267//1461 1585//1462
f 1500//1616 1501//1506 2280//1507 2304//1617
f 15//12 14//9 2281//1509 2271//1470
f 1444//1455 1445//1512 1663//1760 1721//1761
f 1447//1516 2283//1515 2282//1514 1446//1513
f 1459//1538 2288//1537 1722//1536 1458//1535
f 1465//1550 2290//1549 1823//1548 1464//1547
f 1467//1554 2291//1553 1728//1552 1466//1551
f 1469//1557 1470//1559 2292//1562 1824//1558
f 1474//1568 2293//1567 1737//1762 1473//1565
f 1477//1574 2294//1573 1775//1572 1476//1571
f 1481//1582 2295//1581 1769//1580 1480//1579
f 1495//1608 2303//1607 1701//1763 1494//1764
f 1515//1619 2306//1622 2338//1765 1514//1766
f 1518//1624 2307//1623 1608//1767 1517//1768
f 1527//1642 2313//1641 1704//1769 1526//1639
f 1532//1650 2314//1649 1685//1770 1531//1771
f 1539//1663 1540//1665 2318//1668 1776//1664
f 1546//1676 2320//1675 1692//1772 1545//1773
f 1549//1682 2321//1681 2339//1774 1548//1679
f 1554//1690 2323//1689 1731//1775 1553//1776
f 1564//1709 2329//1712 1935//1708 1563//1707
f 1565//1710 1566//1713 2331//1716 2330//1711
f 1574//1728 2332//1727 1817//1777 1573//1725
f 1578//1736 2335//1735 1749//1778 1577//1733
f 1594//1779 2277//1494 2276//1492 1593//1745
f 1617//1496 2277//1494 1594//1779 2341//1780
f 1598//1781 1513//1475 1514//1766 2338//1765
f 2344//1476 1513//1475 1598//1781 1640//1782
f 1587//1473 2344//1476 2343//1783 1591//1508
f 2343//1783 2344//1476 1640//1782 2342//1784
f 2281//1509 1591//1508 2343//1783 1584//1510
f 1618//1499 1617//1496 2341//1780 2226//1785
f 2345//1786 2274//1490 2275//1491 2337//1749
f 2278//1501 1618//1499 2226//1785 1637//1787
f 1681//1503 2278//1501 1637//1787 1847//1788
f 1714//1789 1660//1489 2274//1490 2345//1786
f 2346//1790 1691//1667 1541//1666 1542//1670
f 2347//1791 2319//1674 1544//1673 1545//1773
f 1706//1640 1526//1639 1704//1769 1919//1792
f 1739//1566 1473//1565 1737//1762 2349//1793
f 1741//1680 1548//1679 2339//1774 2350//1794
f 2334//1734 1577//1733 1749//1778 2351//1795
f 2333//1732 2334//1734 2351//1795 2352//1796
f 2353//1797 1742//1730 2333//1732 2352//1796
f 2329//1712 2330//1711 2354//1798 1711//1799
f 1712//1726 1573//1725 1817//1777 2355//1800
f 2022//1724 1712//1726 2355//1800 2356//1801
f 2357//1802 2328//1706 1935//1708 2340//1803
f 1940//1722 2022//1724 2356//1801 1939//1804
f 2017//1805 1934//1720 1940//1722 1939//1804
f 2266//1456 1444//1455 1721//1761 1662//1750
f 2348//1511 2358//1806 1663//1760 1445//1512
f 2359//1807 1942//1544 1822//1546 2029//1808
f 1726//1809 2289//1542 1942//1544 2359//1807
f 2360//1810 1723//1540 2289//1542 1726//1809
f 1725//1811 2288//1537 1723//1540 2360//1810
f 1882//1812 1688//1576 1687//1578 1770//1813
f 1881//1814 2294//1573 1688//1576 1882//1812
f 1782//1815 1694//1584 2296//1586 1780//1816
f 1689//1817 2295//1581 1694//1584 1782//1815
f 2361//1818 1700//1606 1493//1605 1494//1764
f 1698//1618 2304//1617 2362//1819 2363//1820
f 1609//1821 2305//1621 1516//1620 1517//1768
f 2364//1822 1530//1647 1531//1771 1685//1770
f 2365//1823 1686//1648 1530//1647 2364//1822
f 2366//1824 1553//1776 1731//1775 2398//1825
f 2366//1824 1826//1687 1552//1686 1553//1776
f 2368//1826 1568//1744 1809//1743 2367//1827
f 2368//1826 1811//1715 1567//1714 1568//1744
f 2335//1735 1670//1738 1744//1828 1748//1829
f 1582//1830 1585//1462 2268//1463 2369//1831
f 2369//1831 2268//1463 2269//1464 1590//1832
f 1590//1832 2269//1464 2223//1465 1586//1466
f 1586//1466 1599//1467 1583//1833 2370//1834
f 1599//1467 1592//1468 2371//1835 1583//1833
f 2371//1835 1592//1468 2270//1469 1588//1836
f 1588//1836 2270//1469 2271//1470 1584//1510
f 2372//1837 2306//1622 2305//1621 1607//1838
f 2373//1839 2307//1623 1624//1626 1679//1840
f 1679//1840 1624//1626 2308//1628 2374//1841
f 2374//1841 2308//1628 2309//1630 1757//1842
f 1757//1842 2309//1630 1758//1632 1759//1843
f 1759//1843 1758//1632 1697//1634 1896//1844
f 1896//1844 1697//1634 2310//1636 2375//1845
f 2310//1636 2311//1638 1895//1846 2375//1845
f 1895//1846 2311//1638 1706//1640 1919//1792
f 1760//1847 2316//1656 1696//1658 1894//1848
f 1894//1848 1696//1658 2317//1660 1650//1849
f 1650//1849 2317//1660 1695//1662 1784//1850
f 1642//1851 2315//1654 2316//1656 1760//1847
f 1849//1852 1682//1652 2315//1654 1642//1851
f 2300//1599 1684//1602 2376//1853 1644//1854
f 1684//1602 2301//1604 1652//1855 2376//1853
f 2301//1604 1700//1606 1792//1856 1652//1855
f 1763//1857 1683//1600 2300//1599 1644//1854
f 2280//1507 2279//1505 2377//1858 1898//1859
f 2279//1505 1681//1503 1847//1788 2377//1858
f 1856//1860 2298//1594 2299//1596 1643//1861
f 2297//1589 1857//1592 1761//1862 1858//1863
f 1875//1864 1768//1646 1686//1648 1874//1865
f 2378//1866 2312//1644 1768//1646 1875//1864
f 1705//1867 2313//1641 2312//1644 2378//1866
f 1886//1868 1690//1672 2319//1674 1648//1869
f 2379//1870 1693//1678 1741//1680 1968//1871
f 1995//1872 2320//1675 1693//1678 2379//1870
f 1703//1614 1699//1613 2381//1873 2380//1874
f 1702//1875 2303//1607 2302//1610 2382//1876
f 1709//1528 2286//1527 1707//1877 2383//1878
f 1708//1524 2285//1523 2384//1879 1805//1880
f 2034//1881 2323//1689 1733//1692 1829//1882
f 1829//1882 1733//1692 2324//1694 1732//1883
f 1827//1884 1734//1698 2325//1697 1735//1885
f 1736//1564 1739//1566 1965//1886 2385//1887
f 1825//1561 1736//1564 2385//1887 2032//1888
f 2292//1562 1825//1561 2032//1888 1730//1889
f 2386//1890 1927//1529 2287//1532 2008//1891
f 2008//1891 2287//1532 1724//1534 2009//1892
f 2283//1515 1806//1518 2387//1893 1710//1894
f 2387//1893 1806//1518 2284//1520 2388//1895
f 2331//1716 1811//1715 2389//1896 1810//1897
f 2327//1704 2328//1706 1944//1898 1943//1899
f 1727//1701 2327//1704 1943//1899 1665//1900
f 2326//1702 1727//1701 1665//1900 1831//1901
f 2322//1688 1826//1687 2390//1902 1961//1903
f 2332//1727 1742//1730 1836//1904 1838//1905
f 2016//1717 1934//1720 1932//1906 1933//1907
f 1950//1908 2291//1553 1729//1556 1951//1909
f 1963//1910 2293//1567 1738//1570 1884//1911
f 2314//1649 1682//1652 1848//1912 1645//1913
f 2318//1668 1691//1667 1888//1914 1889//1915
f 1967//1916 2321//1681 1740//1684 2391//1917
f 1584//1510 2343//1783 2342//1784 1588//1836
f 1643//1861 2299//1596 1683//1600 1763//1857
f 1699//1613 1698//1618 2363//1820 2381//1873
f 2382//1876 2302//1610 1703//1614 2380//1874
f 2285//1523 1709//1528 2383//1878 2384//1879
f 2282//1514 2283//1515 1710//1894 2348//1511
f 1732//1883 2324//1694 1734//1698 1827//1884
f 2325//1697 2326//1702 1831//1901 1735//1885
f 2388//1895 2284//1520 1708//1524 1805//1880
f 2391//1917 1740//1684 2322//1688 1961//1903
f 2304//1617 2280//1507 1898//1859 2362//1819
f 2349//1793 1737//1762 2293//1567 1963//1910
f 2346//1790 1542//1670 1885//1669 1647//1918
f 2340//1803 1935//1708 2329//1712 1711//1799
f 2330//1711 2331//1716 1810//1897 2354//1798
f 2350//1794 2339//1774 2321//1681 1967//1916
f 1589//1748 1585//1462 1582//1830 2392//1919
f 1607//1838 2305//1621 1609//1821 2393//1920
f 2337//1749 1662//1750 1820//1921 2345//1786
f 1670//1738 1671//1740 1672//1746 1744//1828
f 1744//1828 1672//1746 2336//1747 1614//1922
f 1614//1922 2336//1747 1750//1751 1753//1923
f 1716//1759 1660//1489 1714//1789 1720//1924
f 1968//1871 1741//1680 2350//1794 1966//1925
f 1749//1778 2335//1735 1748//1829 1746//1926
f 1685//1770 2314//1649 1645//1913 2364//1822
f 1682//1652 1849//1852 2394//1927 1848//1912
f 2294//1573 1881//1814 2407//1928 1775//1572
f 1691//1667 2346//1790 1647//1918 1888//1914
f 1885//1669 1690//1672 1886//1868 2395//1929
f 1886//1868 1648//1869 1778//1930 2395//1929
f 1776//1664 2318//1668 1889//1915 1785//1931
f 2320//1675 1995//1872 2396//1932 1692//1772
f 2347//1791 1545//1773 1692//1772 2396//1932
f 1927//1529 2386//1890 2397//1933 1920//1742
f 2291//1553 1950//1908 1958//1934 1728//1552
f 2290//1549 1955//1935 2030//1936 1823//1548
f 2323//1689 2034//1881 2398//1825 1731//1775
f 1836//1904 1742//1730 2353//1797 2399//1937
f 1753//1923 1750//1751 1983//1752 1984//1938
f 2286//1527 1920//1742 1921//1939 1707//1877
f 1824//1558 2292//1562 1730//1889 1952//1940
f 1984//1938 1983//1752 1839//1753 1985//1941
f 1985//1941 1839//1753 1840//1754 2028//1942
f 2028//1942 1840//1754 1669//1755 2027//1943
f 1761//1862 1857//1592 2404//1944 2465//1945
f 1809//1743 2016//1717 1933//1907 2367//1827
f 1932//1906 1934//1720 2017//1805 2400//1946
f 2400//1946 2017//1805 1939//1804 2099//1947
f 2027//1943 1669//1755 2024//1756 2025//1948
f 2025//1948 2024//1756 2023//1757 2094//1949
f 2094//1949 2023//1757 1717//1758 1631//1950
f 1631//1950 1717//1758 1716//1759 1720//1924
f 2288//1537 1725//1811 2084//1951 1722//1536
f 2295//1581 1689//1817 1772//1952 1769//1580
f 1762//1588 2297//1589 1858//1863 1861//1953
f 2303//1607 1702//1875 1653//1954 1701//1763
f 2361//1818 1494//1764 1701//1763 1653//1954
f 2313//1641 1705//1867 1654//1955 1704//1769
f 1817//1777 2332//1727 1838//1905 1941//1956
f 1609//1821 1517//1768 1608//1767 2393//1920
f 1965//1886 1739//1566 2349//1793 2401//1957
f 2353//1797 2352//1796 1636//1958 2399//1937
f 2352//1796 2351//1795 1842//1959 1636//1958
f 2351//1795 1749//1778 1746//1926 1842//1959
f 1944//1898 2328//1706 2357//1802 2402//1960
f 2357//1802 2340//1803 1815//1961 2402//1960
f 1590//1832 1586//1466 2370//1834 1595//1962
f 2306//1622 2372//1837 2403//1963 2338//1765
f 2307//1623 2373//1839 1677//1964 1608//1767
f 2404//1944 1857//1592 2298//1594 1856//1860
f 1593//1745 1589//1748 2392//1919 2405//1965
f 2392//1919 1582//1830 2369//1831 1600//1966
f 2369//1831 1590//1832 1595//1962 1600//1966
f 1594//1779 1593//1745 2405//1965 1616//1967
f 2341//1780 1594//1779 1616//1967 2262//1968
f 2226//1785 2341//1780 2262//1968 2227//1969
f 1637//1787 2226//1785 2227//1969 2239//1970
f 1847//1788 1637//1787 2239//1970 1756//1971
f 1887//1972 1647//1918 1885//1669 2395//1929
f 1777//1973 1648//1869 2319//1674 2347//1791
f 2377//1858 1847//1788 1756//1971 1846//1974
f 1898//1859 2377//1858 1846//1974 1999//1975
f 1874//1865 1686//1648 2365//1823 1873//1976
f 1939//1804 2356//1801 2406//1977 2099//1947
f 2356//1801 2355//1800 1659//1978 2406//1977
f 1873//1976 2365//1823 2364//1822 1645//1913
f 1784//1850 1695//1662 1776//1664 1785//1931
f 1794//1979 1792//1856 1700//1606 2361//1818
f 1919//1792 1704//1769 1654//1955 2007//1980
f 2009//1892 1724//1534 1722//1536 2084//1951
f 1952//1940 1951//1909 1729//1556 1824//1558
f 1884//1911 1738//1570 1775//1572 2407//1928
f 1748//1829 1744//1828 1614//1922 1747//1981
f 1909//1982 1895//1846 1919//1792 2007//1980
f 1955//1935 2290//1549 1728//1552 1958//1934
f 1597//1983 1598//1781 2338//1765 2403//1963
f 1640//1782 1598//1781 1597//1983 1621//1984
f 1622//1985 2342//1784 1640//1782 1621//1984
f 1718//1986 1714//1789 2345//1786 1820//1921
f 2355//1800 1817//1777 1941//1956 1659//1978
f 2029//1808 1822//1546 1823//1548 2030//1936
f 1770//1813 1687//1578 1769//1580 1772//1952
f 1780//1816 2296//1586 1762//1588 1861//1953
f 1622//1985 2371//1835 1588//1836 2342//1784
f 2408//1987 1583//1833 2371//1835 1622//1985
f 2370//1834 1583//1833 2408//1987 1620//1988
f 2409//1989 2389//1896 1811//1715 2368//1826
f 2409//1989 2368//1826 2367//1827 2410//1990
f 2390//1902 1826//1687 2366//1824 2033//1991
f 1623//1992 2372//1837 1607//1838 2411//1993
f 2412//1994 2373//1839 1679//1840 1680//1995
f 1680//1995 1679//1840 2374//1841 2413//1996
f 2413//1996 2374//1841 1757//1842 2414//1997
f 2414//1997 1757//1842 1759//1843 1628//1998
f 1628//1998 1759//1843 1896//1844 1789//1999
f 1789//1999 1896//1844 2375//1845 1651//2000
f 1651//2000 2375//1845 1895//1846 1909//1982
f 1871//2001 1849//1852 1642//1851 2415//2002
f 2415//2002 1642//1851 1760//1847 2416//2003
f 2416//2003 1760//1847 1894//1848 1869//2004
f 1869//2004 1894//1848 1650//1849 1627//2005
f 1627//2005 1650//1849 1784//1850 1787//2006
f 1990//2007 1645//1913 1848//1912 1850//2008
f 1771//2009 1882//1812 1770//1813 2417//2010
f 2120//2011 1881//1814 1882//1812 1771//2009
f 1652//1855 1792//1856 1901//2012 2418//2013
f 2376//1853 1652//1855 2418//2013 2419//2014
f 1644//1854 2376//1853 2419//2014 1766//2015
f 1764//2016 1763//1857 1644//1854 1766//2015
f 1662//1750 1721//1761 2420//2017 1821//2018
f 2420//2017 1721//1761 1663//1760 2358//1806
f 1665//1900 1943//1899 1947//2019 1949//2020
f 1943//1899 1944//1898 1945//2021 1947//2019
f 1831//1901 1665//1900 1949//2020 2421//2022
f 2422//2023 1829//1882 1732//1883 1828//2024
f 2035//2025 2034//1881 1829//1882 2422//2023
f 1634//2026 1827//1884 1735//1885 2423//2027
f 2032//1888 2385//1887 1667//2028 1959//2029
f 2385//1887 1965//1886 1833//2030 1667//2028
f 1730//1889 2032//1888 1959//2029 2424//2031
f 2426//2032 1856//1860 1643//1861 2425//2033
f 1802//2034 1705//1867 2378//1866 1878//2035
f 1878//2035 2378//1866 1875//1864 1646//2036
f 1646//2036 1875//1864 1874//1865 2082//2037
f 1879//2038 1689//1817 1782//1815 1783//2039
f 1783//2039 1782//1815 1780//1816 2427//2040
f 2380//1874 2381//1873 2428//2041 1899//2042
f 2383//1878 1707//1877 1922//2043 1923//2044
f 1804//2045 1805//1880 2384//1879 2429//2046
f 2430//2047 1725//1811 2360//1810 2143//2048
f 2360//1810 1726//1809 2144//2049 2143//2048
f 2144//2049 1726//1809 2359//1807 2431//2050
f 2431//2050 2359//1807 2029//1808 2432//2051
f 2433//2052 2379//1870 1968//1871 2434//2053
f 1649//2054 1995//1872 2379//1870 2433//2052
f 2435//2055 1858//1863 1761//1862 1862//2056
f 2436//2057 2387//1893 2388//1895 1803//2058
f 2437//2059 1710//1894 2387//1893 2436//2057
f 1810//1897 2389//1896 2438//2060 2439//2061
f 2108//2062 1961//1903 2390//1902 1960//2063
f 1838//1905 1836//1904 1837//2064 1974//2065
f 1964//2066 1963//1910 1884//1911 1832//2067
f 2441//2068 1889//1915 1888//1914 2440//2069
f 2145//2070 2008//1891 2009//1892 2442//2071
f 2443//2072 2386//1890 2008//1891 2145//2070
f 1933//1907 1932//1906 2103//2073 2012//2074
f 2444//2075 1950//1908 1951//1909 1954//2076
f 2363//1820 2362//1819 1791//2077 2445//2078
f 1711//1799 2354//1798 1812//2079 2446//2080
f 1796//2081 1702//1875 2382//1876 2447//2082
f 1834//2083 1967//1916 2391//1917 1962//2084
f 2425//2033 1643//1861 1763//1857 1764//2016
f 2440//2069 1888//1914 1647//1918 1887//1972
f 2381//1873 2363//1820 2445//2078 2428//2041
f 2447//2082 2382//1876 2380//1874 1899//2042
f 2384//1879 2383//1878 1923//2044 2429//2046
f 2401//1957 2349//1793 1963//1910 1964//2066
f 1828//2024 1732//1883 1827//1884 1634//2026
f 1735//1885 1831//1901 2421//2022 2423//2027
f 1803//2058 2388//1895 1805//1880 1804//2045
f 2410//1990 2367//1827 1933//1907 2012//2074
f 2354//1798 1810//1897 2439//2061 1812//2079
f 2340//1803 1711//1799 2446//2080 1815//1961
f 1966//1925 2350//1794 1967//1916 1834//2083
f 2392//1919 1600//1966 2448//2085 2405//1965
f 2393//1920 1608//1767 1677//1964 1755//2086
f 1607//1838 2393//1920 1755//2086 2411//1993
f 1747//1981 1614//1922 1753//1923 1745//2087
f 2408//1987 1622//1985 1621//1984 1620//1988
f 1873//1976 1645//1913 1990//2007 1767//2088
f 2082//2037 1874//1865 1873//1976 1767//2088
f 1995//1872 1649//2054 2449//2089 2396//1932
f 1777//1973 2347//1791 2396//1932 2449//2089
f 1820//1921 1662//1750 1821//2018 2450//2090
f 2451//2091 2358//1806 2348//1511 1710//1894
f 1689//1817 1879//2038 2452//2092 1772//1952
f 2417//2010 1770//1813 1772//1952 2452//2092
f 2407//1928 1881//1814 2120//2011 1883//2093
f 1648//1869 1777//1973 1626//2094 1778//1930
f 1794//1979 2361//1818 1653//1954 1798//2095
f 1798//2095 1653//1954 1702//1875 1796//2081
f 1921//1939 1920//1742 2397//1933 2453//2096
f 2397//1933 2386//1890 2443//2072 2453//2096
f 1941//1956 1838//1905 1974//2065 1975//2097
f 1720//1924 1714//1789 1718//1986 2454//2098
f 1746//1926 1748//1829 1747//1981 1751//2099
f 1745//2087 1753//1923 1984//1938 1845//2100
f 2394//1927 1849//1852 1871//2001 1852//2101
f 2427//2040 1780//1816 1861//1953 2455//2102
f 2455//2102 1861//1953 1858//1863 2435//2055
f 1787//2006 1784//1850 1785//1931 2456//2103
f 2456//2103 1785//1931 1889//1915 2441//2068
f 2362//1819 1898//1859 1790//2104 1791//2077
f 1792//1856 1794//1979 1793//2105 1901//2012
f 1707//1877 1921//1939 2010//2106 1922//2043
f 1950//1908 2444//2075 1632//2107 1958//1934
f 1705//1867 1802//2034 1914//2108 1654//1955
f 1790//2104 1898//1859 1999//1975 2000//1443
f 1954//2076 1951//1909 1952//1940 2457//2109
f 1952//1940 1730//1889 2424//2031 2457//2109
f 2434//2053 1968//1871 1966//1925 2458//2110
f 1845//2100 1984//1938 1985//1941 1988//2111
f 1988//2111 1985//1941 2028//1942 2130//2112
f 2442//2071 2009//1892 2084//1951 2085//2113
f 2085//2113 2084//1951 1725//1811 2430//2047
f 2130//2112 2028//1942 2027//1943 2026//2114
f 2026//2114 2027//1943 2025//1948 1818//2115
f 1818//2115 2025//1948 2094//1949 2093//2116
f 2093//2116 2094//1949 1631//1950 2011//2117
f 1631//1950 1720//1924 2454//2098 2011//2117
f 2432//2051 2029//1808 2030//1936 2459//2118
f 2459//2118 2030//1936 1955//1935 2176//2119
f 2176//2119 1955//1935 1958//1934 1632//2107
f 2034//1881 2035//2025 1633//2120 2398//1825
f 1833//2030 1965//1886 2401//1957 2460//2121
f 1945//2021 1944//1898 2402//1960 2461//2122
f 2402//1960 1815//1961 2190//2123 2461//2122
f 2370//1834 1620//1988 1601//2124 1595//1962
f 1620//1988 1621//1984 1597//1983 1606//2125
f 2372//1837 1623//1992 2462//2126 2403//1963
f 1597//1983 2403//1963 2462//2126 1606//2125
f 1960//2063 2390//1902 2033//1991 2463//2127
f 2033//1991 2366//1824 2398//1825 1633//2120
f 2391//1917 1961//1903 1668//2128 1962//2084
f 1668//2128 1961//1903 2108//2062 2054//2129
f 1850//2008 1848//1912 2394//1927 1852//2101
f 1836//1904 2399//1937 2464//2130 1837//2064
f 2103//2073 1932//1906 2400//1946 2101//2131
f 2400//1946 2099//1947 2021//2132 2101//2131
f 1884//1911 2407//1928 1883//2093 1832//2067
f 2438//2060 2389//1896 2409//1989 2466//2133
f 2466//2133 2409//1989 2410//1990 1657//1446
f 2373//1839 2412//1994 1678//2134 1677//1964
f 2404//1944 1856//1860 2426//2032 2465//1945
f 2451//2091 1710//1894 2437//2059 1931//2135
f 1718//1986 1820//1921 2450//2090 1719//2136
f 2007//1980 1654//1955 1914//2108 1629//2137
f 1659//1978 1941//1956 1975//2097 1977//2138
f 1842//1959 1746//1926 1751//2099 1752//2139
f 1636//1958 1842//1959 1752//2139 1835//2140
f 2464//2130 2399//1937 1636//1958 1835//2140
f 1907//2141 1909//1982 2007//1980 1629//2137
f 1897//2142 1651//2000 1909//1982 1907//2141
f 1910//2143 1789//1999 1651//2000 1897//2142
f 2467//2144 1628//1998 1789//1999 1910//2143
f 2228//2145 2414//1997 1628//1998 2467//2144
f 1641//2146 2413//1996 2414//1997 2228//2145
f 2468//2147 1680//1995 2413//1996 1641//2146
f 2469//2148 2412//1994 1680//1995 2468//2147
f 1616//1967 2405//1965 2448//2085 2470//2149
f 2262//1968 1616//1967 2470//2149 2471//2150
f 2227//1969 2262//1968 2471//2150 2240//2151
f 2239//1970 2227//1969 2240//2151 2235//2152
f 1756//1971 2239//1970 2235//2152 2472//2153
f 1846//1974 1756//1971 2472//2153 2233//2154
f 1999//1975 1846//1974 2233//2154 2565//2155
f 2406//1977 1659//1978 1977//2138 1938//2156
f 2100//2157 2099//1947 2406//1977 1938//2156
f 1930//2158 2420//2017 2358//1806 2451//2091
f 1821//2018 2420//2017 1930//2158 1929//2159
f 1596//2160 1600//1966 1595//1962 1605//2161
f 1851//2162 2415//2002 2416//2003 2473//2163
f 2473//2163 2416//2003 1869//2004 2474//2164
f 2474//2164 1869//2004 1627//2005 2475//2165
f 2475//2165 1627//2005 1787//2006 1786//2166
f 2476//2167 1871//2001 2415//2002 1851//2162
f 1872//2168 1764//2016 1766//2015 1991//2169
f 1766//2015 2419//2014 1765//2170 1991//2169
f 1765//2170 2419//2014 2418//2013 1902//2171
f 2418//2013 1901//2012 1900//2172 1902//2171
f 1994//2173 1771//2009 2417//2010 1774//2174
f 2477//2175 2120//2011 1771//2009 1994//2173
f 1876//2176 1646//2036 2082//2037 2005//2177
f 1878//2035 1646//2036 1876//2176 1877//2178
f 1802//2034 1878//2035 1877//2178 1915//2179
f 1899//2042 2428//2041 2478//2180 1904//2181
f 2104//2182 1959//2029 1667//2028 2479//2183
f 2479//2183 1667//2028 1833//2030 2480//2184
f 1666//2185 2424//2031 1959//2029 2104//2182
f 2445//2078 1791//2077 2481//1442 2002//2186
f 1928//2187 2437//2059 2436//2057 1807//2188
f 1807//2188 2436//2057 1803//2058 1808//2189
f 2446//2080 1812//2079 1814//2190 1658//2191
f 1974//2065 1837//2064 1973//2192 2482//2193
f 1859//2194 2435//2055 1862//2056 1860//2195
f 2483//2196 2441//2068 2440//2069 1625//2197
f 1880//2198 1879//2038 1783//2039 2484//2199
f 2484//2199 1783//2039 2427//2040 2485//2200
f 2143//2048 2144//2049 1664//2201 2121//2202
f 1664//2201 2144//2049 2431//2050 2219//2203
f 2219//2203 2431//2050 2432//2051 2221//2204
f 2177//2205 2430//2047 2143//2048 2121//2202
f 2138//2206 2444//2075 1954//2076 2486//2207
f 2037//2208 2035//2025 2422//2023 1830//2209
f 2422//2023 1828//2024 2244//2210 1830//2209
f 2072//2211 2421//2022 1949//2020 1948//2212
f 1949//2020 1947//2019 2487//2213 1948//2212
f 1947//2019 1945//2021 2488//2214 2487//2213
f 1635//2215 1964//2066 1832//2067 2489//2216
f 2490//2217 1834//2083 1962//2084 2053//2218
f 2083//2219 1990//2007 1850//2008 2491//2220
f 2443//2072 2145//2070 2123//2221 2124//2222
f 2123//2221 2145//2070 2442//2071 2146//2223
f 1923//2044 1922//2043 2492//2224 1630//2225
f 2493//2226 1804//2045 2429//2046 1924//2227
f 1634//2026 2423//2027 2255//2228 2494//2229
f 1892//2230 2433//2052 2434//2053 1779//2231
f 2495//2232 1649//2054 2433//2052 1892//2230
f 2496//2233 2395//1929 1778//1930 2142//2234
f 1887//1972 2395//1929 2496//2233 2119//2235
f 2013//1447 2012//2074 2103//2073 2497//2236
f 1796//2081 2447//2082 1795//2237 2498//2238
f 2426//2032 2425//2033 1865//2239 1867//2240
f 1816//2241 2439//2061 2438//2060 1813//2242
f 1623//1992 2411//1993 2500//2243 2499//2244
f 2139//2245 2108//2062 1960//2063 2501//2246
f 1828//2024 1634//2026 2494//2229 2244//2210
f 2428//2041 2445//2078 2002//2186 2478//2180
f 2447//2082 1899//2042 1904//2181 1795//2237
f 1815//1961 2446//2080 1658//2191 2190//2123
f 2053//2218 1962//2084 1668//2128 2054//2129
f 1791//2077 1790//2104 2000//1443 2481//1442
f 1808//2189 1803//2058 1804//2045 2493//2226
f 2458//2110 1966//1925 1834//2083 2490//2217
f 2460//2121 2401//1957 1964//2066 1635//2215
f 1657//1446 2410//1990 2012//2074 2013//1447
f 2425//2033 1764//2016 1872//2168 1865//2239
f 2429//2046 1923//2044 1630//2225 1924//2227
f 1812//2079 2439//2061 1816//2241 1814//2190
f 1601//2124 1620//1988 1606//2125 1604//2247
f 2448//2085 1600//1966 1596//2160 2502//2248
f 1596//2160 1605//2161 1675//2249 2502//2248
f 2411//1993 1755//2086 1676//2250 2500//2243
f 1755//2086 1677//1964 1678//2134 1676//2250
f 2426//2032 1867//2240 2503//2251 2465//1945
f 1862//2056 1761//1862 2465//1945 2503//2251
f 2142//2234 1778//1930 1626//2094 1890//2252
f 2485//2200 2427//2040 2455//2102 1893//2253
f 1893//2253 2455//2102 2435//2055 1859//2194
f 1626//2094 1777//1973 2449//2089 2504//2254
f 2504//2254 2449//2089 1649//2054 2495//2232
f 1813//2242 2438//2060 2466//2133 2505//2255
f 2454//2098 1718//1986 1719//2136 1715//2256
f 2488//2214 1945//2021 2461//2122 1946//2257
f 1946//2257 2461//2122 2190//2123 2203//2258
f 1751//2099 1747//1981 1745//2087 2506//2259
f 2005//2177 2082//2037 1767//2088 2507//2260
f 1767//2088 1990//2007 2083//2219 2507//2260
f 1774//2174 2417//2010 2452//2092 1773//2261
f 1773//2261 2452//2092 1879//2038 1880//2198
f 1625//2197 2440//2069 1887//1972 2119//2235
f 1786//2166 1787//2006 2456//2103 2140//2262
f 2140//2262 2456//2103 2441//2068 2483//2196
f 1901//2012 1793//2105 2508//2263 1900//2172
f 1793//2105 1794//1979 1798//2095 2509//2264
f 2509//2264 1798//2095 1796//2081 2498//2238
f 1914//2108 1802//2034 1915//2179 1629//2137
f 1930//2158 2451//2091 1931//2135 2510//2265
f 2450//2090 1821//2018 1929//2159 1719//2136
f 1832//2067 1883//2093 2511//2266 2489//2216
f 2511//2266 1883//2093 2120//2011 2477//2175
f 1779//2231 2434//2053 2458//2110 2512//2267
f 1850//2008 1852//2101 1854//2268 2491//2220
f 2083//2219 2491//2220 2513//2269 2507//2260
f 1871//2001 2476//2167 2514//2270 1852//2101
f 2000//1443 1999//1975 2565//2155 2001//1444
f 1922//2043 2010//2106 1926//2271 2492//2224
f 2486//2207 1954//2076 2457//2109 1953//2272
f 2457//2109 2424//2031 1666//2185 1953//2272
f 2221//2204 2432//2051 2459//2118 1957//2273
f 1957//2273 2459//2118 2176//2119 2576//2274
f 2176//2119 1632//2107 2521//2275 2576//2274
f 2021//2132 2099//1947 2100//2157 2515//2276
f 2497//2236 2103//2073 2101//2131 2102//2277
f 2102//2277 2101//2131 2021//2132 2515//2276
f 2108//2062 2139//2245 2065//2278 2054//2129
f 2412//1994 2469//2148 2516//2279 1678//2134
f 2463//2127 2033//1991 1633//2120 2517//2280
f 2517//2280 1633//2120 2035//2025 2037//2208
f 2421//2022 2072//2211 2518//2281 2423//2027
f 2085//2113 2430//2047 2177//2205 2519//2282
f 2146//2223 2442//2071 2085//2113 2519//2282
f 1931//2135 2437//2059 1928//2187 2520//2283
f 2443//2072 2124//2222 1655//2284 2453//2096
f 2010//2106 1921//1939 2453//2096 1655//2284
f 1632//2107 2444//2075 2138//2206 2521//2275
f 2480//2184 1833//2030 2460//2121 2114//2285
f 2501//2246 1960//2063 2463//2127 2109//2286
f 1973//2192 1837//2064 2464//2130 1835//2140
f 2505//2255 2466//2133 1657//1446 2014//1445
f 1975//2097 1974//2065 2482//2193 1979//2287
f 2462//2126 1623//1992 2499//2244 1606//2125
f 1605//2161 1595//1962 1601//2124 2522//2288
f 1752//2139 1751//2099 2506//2259 1989//2289
f 2506//2259 1745//2087 1845//2100 1986//2290
f 1986//2290 1845//2100 1988//2111 1987//2291
f 1987//2291 1988//2111 2130//2112 2096//2292
f 2096//2292 2130//2112 2026//2114 2095//2293
f 2095//2293 2026//2114 1818//2115 2523//2294
f 2523//2294 1818//2115 2093//2116 2524//2295
f 2524//2295 2093//2116 2011//2117 2092//2296
f 2092//2296 2011//2117 2454//2098 1715//2256
f 1835//2140 1752//2139 1989//2289 2525//2297
f 1860//2195 1862//2056 2503//2251 2526//2298
f 1929//2159 1930//2158 2510//2265 2527//2299
f 2255//2228 2423//2027 2518//2281 2528//2300
f 1977//2138 1975//2097 1979//2287 1976//2301
f 1978//2302 1938//2156 1977//2138 1976//2301
f 2100//2157 1938//2156 1978//2302 2529//2303
f 2470//2149 2448//2085 2502//2248 1615//2304
f 2471//2150 2470//2149 1615//2304 2225//2305
f 2240//2151 2471//2150 2225//2305 2530//2306
f 2235//2152 2240//2151 2530//2306 2237//2307
f 2472//2153 2235//2152 2237//2307 2238//2308
f 2233//2154 2472//2153 2238//2308 2234//2309
f 2232//2310 2565//2155 2233//2154 2234//2309
f 2077//2311 1994//2173 1774//2174 2531//2312
f 2069//2313 2477//2175 1994//2173 2077//2311
f 2532//2314 2474//2164 2475//2165 1788//2315
f 1788//2315 2475//2165 1786//2166 2533//2316
f 2534//2317 2473//2163 2474//2164 2532//2314
f 1870//2318 1851//2162 2473//2163 2534//2317
f 1610//2319 2476//2167 1851//2162 1870//2318
f 1928//2187 1807//2188 1656//2320 2088//2321
f 1656//2320 1807//2188 1808//2189 2181//2322
f 2179//2323 1658//2191 1814//2190 1937//2324
f 2535//2325 1664//2201 2219//2203 2536//2326
f 2536//2326 2219//2203 2221//2204 1956//2327
f 2537//2328 2121//2202 1664//2201 2535//2325
f 2177//2205 2121//2202 2150//2329 2519//2282
f 2236//2330 2468//2147 1641//2146 2231//2331
f 2231//2331 1641//2146 2228//2145 2230//2332
f 2228//2145 2467//2144 2229//2333 2230//2332
f 2229//2333 2467//2144 1910//2143 1912//2334
f 1910//2143 1897//2142 1913//2335 1912//2334
f 1897//2142 1907//2141 2538//2336 1913//2335
f 2539//2337 1916//2338 1799//2339
f 1907//2141 1629//2137 2539//2337 2538//2336
f 2469//2148 2468//2147 2236//2330 2540//2340
f 1765//2170 1902//2171 2574//2341 1853//2342
f 2006//2343 1902//2171 1900//2172 2004//2344
f 1991//2169 1765//2170 1853//2342 1855//2345
f 1992//2346 1872//2168 1991//2169 1855//2345
f 2118//2347 2483//2196 1625//2197 2116//2348
f 1996//2349 1892//2230 1779//2231 1970//2350
f 1997//2351 2495//2232 1892//2230 1996//2349
f 2074//2352 1880//2198 2484//2199 1781//2353
f 1781//2353 2484//2199 2485//2200 2541//2354
f 1904//2181 2478//2180 1906//2355 1801//2356
f 2542//2357 2493//2226 1924//2227 2163//2358
f 2544//2359 1816//2241 1813//2242 2543//2360
f 2037//2208 1830//2209 2039//2361 2545//2362
f 1830//2209 2244//2210 2546//2363 2039//2361
f 2115//2364 1635//2215 2489//2216 2061//2365
f 2031//2366 2479//2183 2480//2184 2071//2367
f 2105//2368 2104//2182 2479//2183 2031//2366
f 2113//2369 1666//2185 2104//2182 2105//2368
f 2051//2370 2490//2217 2053//2218 2050//2371
f 1864//2372 1859//2194 1860//2195 1866//2373
f 1867//2240 1865//2239 1868//2374 1863//2375
f 1877//2178 1876//2176 2548//2376 2547//2377
f 2548//2376 1876//2176 2005//2177 2549//2378
f 1916//2338 1915//2179 1877//2178 2547//2377
f 1891//2379 2496//2233 2142//2234 2550//2380
f 2551//2381 2002//2186 2481//1442 2001//1444
f 1630//2225 2492//2224 1925//2382 2164//2383
f 2487//2213 2488//2214 2553//2384 2552//2385
f 1948//2212 2487//2213 2552//2385 2554//2386
f 2072//2211 1948//2212 2554//2386 2073//2387
f 2555//2388 2138//2206 2486//2207 2047//2389
f 2494//2229 2255//2228 2556//2390 2243//2391
f 2013//1447 2497//2236 2135//2392 2014//1445
f 2557//2393 2139//2245 2501//2246 2041//2394
f 2124//2222 2123//2221 2558//2395 2086//2396
f 2558//2395 2123//2221 2146//2223 2148//2397
f 1602//2398 2499//2244 2500//2243 1754//2399
f 2482//2193 1973//2192 1981//2400 1980//2401
f 2498//2238 1795//2237 1903//2402 2559//2403
f 1906//2355 2478//2180 2002//2186 2551//2381
f 2539//2337 1629//2137 1915//2179 1916//2338
f 1924//2227 1630//2225 2164//2383 2163//2358
f 2512//2267 2458//2110 2490//2217 2051//2370
f 2203//2258 2190//2123 1658//2191 2179//2323
f 1719//2136 1929//2159 2527//2299 1715//2256
f 1795//2237 1904//2181 1801//2356 1903//2402
f 2181//2322 1808//2189 2493//2226 2542//2357
f 1937//2324 1814//2190 1816//2241 2544//2359
f 1973//2192 1835//2140 2525//2297 1981//2400
f 1865//2239 1872//2168 1992//2346 1868//2374
f 2518//2281 2072//2211 2073//2387 2528//2300
f 2050//2371 2053//2218 2054//2129 2065//2278
f 2114//2285 2460//2121 1635//2215 2115//2364
f 2549//2378 2005//2177 2507//2260 2513//2269
f 2244//2210 2494//2229 2243//2391 2546//2363
f 1604//2247 1606//2125 2499//2244 1602//2398
f 2526//2298 2503//2251 1867//2240 1863//2375
f 2148//2397 2146//2223 2519//2282 2150//2329
f 1615//2304 2502//2248 1675//2249 2560//2404
f 2522//2288 1601//2124 1604//2247 1603//2405
f 1675//2249 1605//2161 2522//2288 1603//2405
f 2004//2344 1900//2172 2508//2263 1917//2406
f 2491//2220 1854//2268 2561//2407 2513//2269
f 2116//2348 1625//2197 2119//2235 2076//2408
f 2541//2354 2485//2200 1893//2253 2242//2409
f 2242//2409 1893//2253 1859//2194 1864//2372
f 2109//2286 2463//2127 2517//2280 2043//2410
f 2517//2280 2037//2208 2545//2362 2043//2410
f 1926//2271 2010//2106 1655//2284 2122//2411
f 2122//2411 1655//2284 2124//2222 2086//2396
f 1953//2272 1666//2185 2113//2369 2046//2412
f 2047//2389 2486//2207 1953//2272 2046//2412
f 1989//2289 2506//2259 1986//2290 2562//2413
f 2531//2312 1774//2174 1773//2261 2563//2414
f 2563//2414 1773//2261 1880//2198 2074//2352
f 2533//2316 1786//2166 2140//2262 2117//2415
f 2117//2415 2140//2262 2483//2196 2118//2347
f 2477//2175 2069//2313 2063//2416 2511//2266
f 2550//2380 2142//2234 1890//2252 2564//2417
f 2495//2232 1997//2351 1998//2418 2504//2254
f 1890//2252 1626//2094 2504//2254 1998//2418
f 2492//2224 1926//2271 2126//2419 1925//2382
f 2520//2283 1928//2187 2088//2321 2129//2420
f 1656//2320 2181//2322 2087//2421 2088//2321
f 1813//2242 2505//2255 2566//2422 2543//2360
f 2505//2255 2014//1445 2567//2423 2566//2422
f 1979//2287 2482//2193 1980//2401 2205//2424
f 2562//2413 1986//2290 1987//2291 2568//2425
f 2568//2425 1987//2291 2096//2292 2569//2426
f 2567//2423 2014//1445 2135//2392 2570//2427
f 2138//2206 2555//2388 2137//2428 2521//2275
f 2569//2426 2096//2292 2095//2293 2183//2429
f 2183//2429 2095//2293 2523//2294 2184//2430
f 2184//2430 2523//2294 2524//2295 2571//2431
f 2571//2431 2524//2295 2092//2296 2089//2432
f 2089//2432 2092//2296 1715//2256 2527//2299
f 2527//2299 2510//2265 2091//2433 2089//2432
f 2510//2265 1931//2135 2520//2283 2091//2433
f 2221//2204 1957//2273 2175//2434 1956//2327
f 1957//2273 2576//2274 2174//2435 2175//2434
f 1676//2250 1678//2134 2516//2279 2224//2436
f 1970//2350 1779//2231 2512//2267 1971//2437
f 2476//2167 1610//2319 2572//2438 2514//2270
f 1854//2268 1852//2101 2514//2270 1855//2345
f 2573//2439 2513//2269 2561//2407
f 1854//2268 1855//2345 1853//2342 2561//2407
f 2561//2407 1853//2342 2574//2341 2573//2439
f 2006//2343 2573//2439 2574//2341 1902//2171
f 2071//2367 2480//2184 2114//2285 2068//2440
f 2553//2384 2488//2214 1946//2257 2216//2441
f 2216//2441 1946//2257 2203//2258 2575//2442
f 2119//2235 2496//2233 1891//2379 2076//2408
f 2135//2392 2497//2236 2102//2277 2134//2443
f 2500//2243 1676//2250 2224//2436 1754//2399
f 2041//2394 2501//2246 2109//2286 2043//2410
f 1793//2105 2509//2264 1797//2444 2508//2263
f 1797//2444 2509//2264 2498//2238 2559//2403
f 1866//2373 1860//2195 2526//2298 1863//2375
f 2556//2390 2255//2228 2528//2300 2251//2445
f 2515//2276 2100//2157 2529//2303 2261//2446
f 2134//2443 2102//2277 2515//2276 2261//2446
f 2150//2329 2121//2202 2537//2328 2577//2447
f 2516//2279 2469//2148 2540//2340 2241//2448
f 1891//2379 2550//2380 2578//2449 2076//2408
f 2139//2245 2557//2393 2066//2450 2065//2278
f 2525//2297 1989//2289 2562//2413 2197//2451
f 1992//2346 1855//2345 2514//2270 2572//2438
f 1976//2301 1979//2287 2205//2424 2579//2452
f 1978//2302 1976//2301 2579//2452 2529//2303
f 2489//2216 2511//2266 2063//2416 2061//2365
f 2580//2453 2225//2305 1615//2304 2560//2404
f 2530//2306 2225//2305 2580//2453 2241//2448
f 2237//2307 2530//2306 2241//2448 2540//2340
f 2540//2340 2236//2330 2238//2308 2237//2307
f 2236//2330 2231//2331 2234//2309 2238//2308
f 2234//2309 2231//2331 2230//2332 2232//2310
f 2230//2332 2229//2333 1911//2454 2232//2310
f 1911//2454 2229//2333 1912//2334 2003//2455
f 1912//2334 1913//2335 1905//2456 2003//2455
f 1913//2335 2538//2336 1908//2457 1905//2456
f 1908//2457 2538//2336 2539//2337 1799//2339
f 2003//2455 2551//2381 2001//1444 2565//2155
f 2581//2458 1602//2398 1754//2399 2560//2404
f 1868//2374 1610//2319 1870//2318 1863//2375
f 1870//2318 2534//2317 2582//2459 1863//2375
f 2582//2459 2534//2317 2532//2314 2583//2460
f 2583//2460 2532//2314 1788//2315 2584//2461
f 2584//2461 1788//2315 2533//2316 1611//2462
f 2559//2403 1903//2402 1799//2339 1918//2463
f 2164//2383 1925//2382 2127//2464 2165//2465
f 2217//2466 2537//2328 2535//2325 2220//2467
f 2220//2467 2535//2325 2536//2326 2585//2468
f 2585//2468 2536//2326 1956//2327 2249//2469
f 2586//2470 2077//2311 2531//2312 2078//2471
f 2069//2313 2077//2311 2586//2470 2080//2472
f 2263//2473 1996//2349 1970//2350 1969//2474
f 2587//2475 1997//2351 1996//2349 2263//2473
f 2588//2476 2074//2352 1781//2353 2589//2477
f 1781//2353 2541//2354 2075//2478 2589//2477
f 2544//2359 2543//2360 2018//2479 1936//2480
f 2584//2461 1611//2462 2242//2409
f 1866//2373 1863//2375 2582//2459
f 2583//2460 1864//2372 1866//2373 2582//2459
f 1917//2406 2547//2377 2548//2376 2004//2344
f 2004//2344 2548//2376 2549//2378 2006//2343
f 1916//2338 2547//2377 1918//2463 1799//2339
f 1801//2356 1906//2355 1905//2456 1908//2457
f 2204//2481 2179//2323 1937//2324 2590//2482
f 1980//2401 1981//2400 2206//2483 2591//2484
f 2070//2485 2031//2366 2071//2367 2592//2486
f 2067//2487 2105//2368 2031//2366 2070//2485
f 2112//2488 2113//2369 2105//2368 2067//2487
f 2036//2489 2545//2362 2039//2361 2593//2490
f 2039//2361 2546//2363 2594//2491 2593//2490
f 2595//2492 2557//2393 2041//2394 2596//2493
f 2055//2494 2051//2370 2050//2371 2052//2495
f 2115//2364 2061//2365 2064//2496 2597//2497
f 2107//2498 2555//2388 2047//2389 2048//2499
f 2243//2391 2556//2390 2259//2500 2038//2501
f 2149//2502 2558//2395 2148//2397 2147//2503
f 2542//2357 2163//2358 2180//2504 2162//2505
f 2552//2385 2553//2384 2222//2506 2598//2507
f 2554//2386 2552//2385 2598//2507 2599//2508
f 2073//2387 2554//2386 2599//2508 2252//2509
f 1603//2405 1604//2247 1602//2398 2581//2458
f 2572//2438 1610//2319 1868//2374 1992//2346
f 1905//2456 1906//2355 2551//2381 2003//2455
f 1971//2437 2512//2267 2051//2370 2055//2494
f 1908//2457 1799//2339 1903//2402 1801//2356
f 2052//2495 2050//2371 2065//2278 2066//2450
f 1981//2400 2525//2297 2197//2451 2206//2483
f 2114//2285 2115//2364 2597//2497 2068//2440
f 2148//2397 2150//2329 2577//2447 2147//2503
f 2163//2358 2164//2383 2165//2465 2180//2504
f 2575//2442 2203//2258 2179//2323 2204//2481
f 2528//2300 2073//2387 2252//2509 2251//2445
f 2181//2322 2542//2357 2162//2505 2087//2421
f 2590//2482 1937//2324 2544//2359 1936//2480
f 2594//2491 2546//2363 2243//2391 2038//2501
f 2573//2439 2006//2343 2549//2378 2513//2269
f 2550//2380 2564//2417 2600//2510 2578//2449
f 2197//2451 2562//2413 2568//2425 2191//2511
f 1754//2399 2224//2436 2580//2453 2560//2404
f 1675//2249 1603//2405 2581//2458 2560//2404
f 1864//2372 2583//2460 2584//2461 2242//2409
f 2508//2263 1797//2444 1800//2512 1917//2406
f 1800//2512 1797//2444 2559//2403 1918//2463
f 2547//2377 1917//2406 1800//2512 1918//2463
f 2564//2417 1890//2252 1998//2418 2081//2513
f 2081//2513 1998//2418 1997//2351 2587//2475
f 2541//2354 2242//2409 1611//2462 2075//2478
f 1611//2462 2533//2316 2117//2415 2075//2478
f 2565//2155 2232//2310 1911//2454 2003//2455
f 1925//2382 2126//2419 2128//2514 2127//2464
f 1926//2271 2122//2411 2125//2515 2126//2419
f 2249//2469 1956//2327 2175//2434 2174//2435
f 1969//2474 1970//2350 1971//2437 2059//2516
f 2205//2424 1980//2401 2591//2484 1972//2517
f 2078//2471 2531//2312 2563//2414 2141//2518
f 2141//2518 2563//2414 2074//2352 2588//2476
f 2129//2420 2088//2321 2087//2421 2159//2519
f 2091//2433 2520//2283 2129//2420 2090//2520
f 2089//2432 2091//2433 2090//2520 2571//2431
f 2545//2362 2036//2489 2042//2521 2043//2410
f 2596//2493 2041//2394 2043//2410 2042//2521
f 2048//2499 2047//2389 2046//2412 2111//2522
f 2046//2412 2113//2369 2112//2488 2111//2522
f 2062//2523 2061//2365 2063//2416 2060//2524
f 2060//2524 2063//2416 2069//2313 2080//2472
f 2064//2496 2061//2365 2062//2523 2058//2525
f 2592//2486 2071//2367 2068//2440 2056//2526
f 2597//2497 2064//2496 2056//2526 2068//2440
f 2075//2478 2117//2415 2118//2347 2589//2477
f 2122//2411 2086//2396 2155//2527 2125//2515
f 2191//2511 2568//2425 2569//2426 2186//2528
f 2186//2528 2569//2426 2183//2429 2189//2529
f 2189//2529 2183//2429 2184//2430 2182//2530
f 2182//2530 2184//2430 2571//2431 2090//2520
f 2570//2427 2135//2392 2134//2443 2015//2531
f 2134//2443 2261//2446 2644//2532 2015//2531
f 2529//2303 2579//2452 2198//2533 2261//2446
f 2579//2452 2205//2424 1972//2517 2198//2533
f 2521//2275 2137//2428 2106//2534 2576//2274
f 2558//2395 2149//2502 2156//2535 2086//2396
f 2537//2328 2217//2466 2214//2536 2577//2447
f 2241//2448 2580//2453 2224//2436 2516//2279
f 2543//2360 2566//2422 2019//2537 2018//2479
f 2566//2422 2567//2423 2601//2538 2019//2537
f 2567//2423 2570//2427 2020//2539 2601//2538
f 2222//2506 2553//2384 2216//2441 2602//2540
f 2602//2540 2216//2441 2575//2442 2603//2541
f 2137//2428 2555//2388 2107//2498 2604//2542
f 2556//2390 2251//2445 2605//2543 2259//2500
f 2118//2347 2116//2348 1993//2544 2589//2477
f 2116//2348 2076//2408 2606//2545 1993//2544
f 2076//2408 2578//2449 2607//2546 2606//2545
f 2557//2393 2595//2492 2110//2547 2066//2450
f 2155//2527 2086//2396 2156//2535 2158//2548
f 2174//2435 2576//2274 2106//2534 2253//2549
f 2588//2476 2589//2477 1993//2544 2606//2545
f 2600//2510 2586//2470 2078//2471 2578//2449
f 2608//2550 2080//2472 2586//2470 2600//2510
f 2599//2508 2598//2507 2209//2551 2245//2552
f 2598//2507 2222//2506 2211//2553 2209//2551
f 2248//2554 2252//2509 2599//2508 2245//2552
f 1936//2480 2018//2479 2172//2555 2133//2556
f 2263//2473 1969//2474 2609//2557 2264//2558
f 2079//2559 2587//2475 2263//2473 2264//2558
f 2045//2560 2036//2489 2593//2490 2260//2561
f 2260//2561 2593//2490 2594//2491 2038//2501
f 2040//2562 2595//2492 2596//2493 2610//2563
f 2107//2498 2048//2499 2611//2564 2612//2565
f 2055//2494 2052//2495 1613//2566 2057//2567
f 1613//2566 2070//2485 2592//2486 2057//2567
f 2613//2568 2067//2487 2070//2485 1613//2566
f 2614//2569 2112//2488 2067//2487 2613//2568
f 2258//2570 2038//2501 2259//2500 2254//2571
f 2165//2465 2127//2464 2167//2572 2615//2573
f 2149//2502 2147//2503 2616//2574 2154//2575
f 2162//2505 2180//2504 2161//2576 2617//2577
f 2201//2578 2204//2481 2590//2482 2178//2579
f 2591//2484 2206//2483 2618//2580 2200//2581
f 2213//2582 2217//2466 2220//2467 2218//2583
f 2218//2583 2220//2467 2585//2468 2619//2584
f 2585//2468 2249//2469 2247//2585 2619//2584
f 2613//2568 1613//2566 2052//2495 2066//2450
f 2059//2516 1971//2437 2055//2494 2057//2567
f 2087//2421 2162//2505 2617//2577 2159//2519
f 2182//2530 2090//2520 2129//2420 2159//2519
f 2180//2504 2165//2465 2615//2573 2161//2576
f 2247//2585 2249//2469 2174//2435 2253//2549
f 2206//2483 2197//2451 2191//2511 2618//2580
f 2575//2442 2204//2481 2201//2578 2603//2541
f 2607//2546 2578//2449 2078//2471 2141//2518
f 2141//2518 2588//2476 2606//2545 2607//2546
f 2178//2579 2590//2482 1936//2480 2133//2556
f 2600//2510 2564//2417 2081//2513 2608//2550
f 2081//2513 2587//2475 2079//2559 2608//2550
f 1969//2474 2059//2516 2620//2586 2609//2557
f 2018//2479 2019//2537 2170//2587 2172//2555
f 2036//2489 2045//2560 2044//2588 2042//2521
f 2610//2563 2596//2493 2042//2521 2044//2588
f 2260//2561 2038//2501 2258//2570 2621//2589
f 2604//2542 2107//2498 2612//2565 2049//1448
f 2613//2568 2066//2450 2110//2547 2614//2569
f 2614//2569 2110//2547 2595//2492 2040//2562
f 2622//2590 2610//2563 2044//2588
f 2048//2499 2111//2522 2622//2590 2611//2564
f 2592//2486 2056//2526 2623//2591 2057//2567
f 2623//2591 2056//2526 2064//2496 2058//2525
f 2570//2427 2015//2531 2097//2592 2020//2539
f 2112//2488 2614//2569 2040//2562 2111//2522
f 2126//2419 2125//2515 2624//2593 2128//2514
f 2624//2593 2125//2515 2155//2527 2158//2548
f 2127//2464 2128//2514 2169//2594 2167//2572
f 2156//2535 2149//2502 2154//2575 2153//2595
f 2577//2447 2214//2536 2210//2596 2147//2503
f 2015//2531 2644//2532 2642//2597 2097//2592
f 2618//2580 2191//2511 2186//2528 2185//2598
f 2186//2528 2189//2529 2625//2599 2185//2598
f 2261//2446 2198//2533 2199//2600 2644//2532
f 2198//2533 1972//2517 2196//2601 2199//2600
f 1972//2517 2591//2484 2200//2581 2196//2601
f 2217//2466 2213//2582 2202//2602 2214//2536
f 2252//2509 2248//2554 2626//2603 2251//2445
f 2254//2571 2259//2500 2605//2543 2627//2604
f 2019//2537 2601//2538 2131//2605 2170//2587
f 2601//2538 2020//2539 2132//2606 2131//2605
f 2211//2553 2222//2506 2602//2540 2628//2607
f 2628//2607 2602//2540 2603//2541 2629//2608
f 2137//2428 2604//2542 2136//2609 2106//2534
f 2111//2522 2040//2562 2610//2563 2622//2590
f 2630//2610 2045//2560 2260//2561 2621//2589
f 2253//2549 2106//2534 2136//2609 2627//2604
f 2631//2611 2616//2574 2147//2503 2210//2596
f 2188//2612 2189//2529 2182//2530 2159//2519
f 2605//2543 2251//2445 2626//2603 2632//2613
f 2080//2472 2608//2550 2079//2559 2264//2558
f 2060//2524 2080//2472 2264//2558 2609//2557
f 2620//2586 2062//2523 2060//2524 2609//2557
f 2058//2525 2062//2523 2620//2586 2059//2516
f 2200//2581 2618//2580 2185//2598 2207//2614
f 2630//2610 2612//2565 2611//2564 2045//2560
f 2133//2556 2172//2555 2171//2615 2151//2616
f 2154//2575 2616//2574 2633//2617 2152//2618
f 2160//2619 2617//2577 2161//2576 2192//2620
f 2615//2573 2167//2572 2166//2621 2168//2622
f 2201//2578 2178//2579 2208//2623 2634//2624
f 2209//2551 2211//2553 2212//2625 2215//2626
f 2245//2552 2209//2551 2215//2626 2635//2627
f 2248//2554 2245//2552 2635//2627 2246//2628
f 2212//2625 2213//2582 2218//2583 2215//2626
f 2218//2583 2619//2584 2635//2627 2215//2626
f 2250//2629 2619//2584 2247//2585 2256//2630
f 2258//2570 2254//2571 2257//1450 1612//1449
f 2059//2516 2057//2567 2623//2591 2058//2525
f 2208//2623 2178//2579 2133//2556 2151//2616
f 2188//2612 2159//2519 2617//2577 2160//2619
f 2603//2541 2201//2578 2634//2624 2629//2608
f 2256//2630 2247//2585 2253//2549 2627//2604
f 2256//2630 2627//2604 2605//2543 2632//2613
f 2044//2588 2045//2560 2611//2564 2622//2590
f 2254//2571 2627//2604 2136//2609 2257//1450
f 2257//1450 2136//2609 2604//2542 2049//1448
f 2621//2589 2258//2570 1612//1449 2049//1448
f 2049//1448 2612//2565 2630//2610 2621//2589
f 2172//2555 2170//2587 2641//2631 2171//2615
f 2020//2539 2097//2592 2636//2632 2132//2606
f 2128//2514 2624//2593 2157//2633 2169//2594
f 2167//2572 2169//2594 2636//2632 2166//2621
f 2616//2574 2631//2611 2637//2634 2633//2617
f 2154//2575 2152//2618 2638//2635 2153//2595
f 2625//2599 2189//2529 2188//2612 2187//2636
f 2207//2614 2185//2598 2625//2599 2187//2636
f 2194//2637 2199//2600 2196//2601 2195//2638
f 2196//2601 2200//2581 2207//2614 2195//2638
f 2214//2536 2202//2602 2629//2608 2210//2596
f 2213//2582 2212//2625 2639//2639 2202//2602
f 2639//2639 2212//2625 2211//2553 2628//2607
f 2628//2607 2629//2608 2202//2602 2639//2639
f 2635//2627 2619//2584 2250//2629 2246//2628
f 2250//2629 2256//2630 2632//2613 2246//2628
f 2626//2603 2248//2554 2246//2628 2632//2613
f 2161//2576 2615//2573 2168//2622 2192//2620
f 2157//2633 2624//2593 2158//2548 2098//2640
f 2158//2548 2156//2535 2153//2595 2098//2640
f 2634//2624 2631//2611 2210//2596 2629//2608
f 2173//2641 2168//2622 2166//2621 2642//2597
f 2131//2605 2132//2606 2157//2633 2098//2640
f 2641//2631 2170//2587 2131//2605 2098//2640
f 2151//2616 2171//2615 2152//2618 2633//2617
f 2132//2606 2636//2632 2169//2594 2157//2633
f 2166//2621 2636//2632 2097//2592 2642//2597
f 2638//2635 2152//2618 2171//2615 2641//2631
f 2153//2595 2638//2635 2641//2631 2098//2640
f 2637//2634 2631//2611 2634//2624 2208//2623
f 2637//2634 2208//2623 2151//2616 2633//2617
f 2192//2620 2168//2622 2173//2641 2640//2642
f 2642//2597 2644//2532 2643//2643 2173//2641
f 2643//2643 2644//2532 2199//2600 2194//2637
f 2195//2638 2207//2614 2187//2636 2193//2644
f 2187//2636 2188//2612 2160//2619 2193//2644
f 2193//2644 2160//2619 2192//2620 2640//2642
f 2640//2642 2173//2641 2643//2643 2194//2637
f 2194//2637 2195//2638 2193//2644 2640//2642
f 2791//2645 2780//2646 2784//2647
f 2711//2648 2699//2649 2737//2650
f 2652//2651 2651//2652 2650//2653 2745//2654
f 2745//2654 2650//2653 2649//2655 2746//2656
f 2668//2657 2667//2658 2747//2659 2669//2660
f 2667//2658 2666//2661 2748//2662 2747//2659
f 2674//2663 2673//2664 2693//2665 2675//2666
f 2673//2664 2672//2667 2749//2668 2693//2665
f 2750//2669 2646//2670 2645//2671 2689//2672
f 2689//2672 2688//2673 2719//2674 2750//2669
f 2719//2674 2688//2673 2687//2675 2718//2676
f 2718//2676 2687//2675 2686//2677 2751//2678
f 2686//2677 2685//2679 2752//2680 2751//2678
f 2685//2679 2684//2681 2753//2682 2752//2680
f 2653//2683 2652//2651 2745//2654 2729//2684
f 2754//2685 2654//2686 2653//2683 2729//2684
f 2755//2687 2648//2688 2647//2689 2736//2690
f 2721//2691 2656//2692 2655//2693 2720//2694
f 2756//2695 2657//2696 2656//2692 2721//2691
f 2781//2697 2659//2698 2658//2699 2734//2700
f 2757//2701 2660//2702 2659//2698 2781//2697
f 2738//2703 2661//2704 2660//2702 2757//2701
f 2739//2705 2662//2706 2661//2704 2738//2703
f 2713//2707 2663//2708 2662//2706 2739//2705
f 2703//2709 2664//2710 2663//2708 2713//2707
f 2758//2711 2665//2712 2664//2710 2703//2709
f 2671//2713 2670//2714 2707//2715 2759//2716
f 2760//2717 2677//2718 2676//2719 2695//2720
f 2698//2721 2678//2722 2677//2718 2760//2717
f 2680//2723 2679//2724 2761//2725 2709//2726
f 2681//2727 2680//2723 2709//2726 2710//2728
f 2762//2729 2682//2730 2681//2727 2710//2728
f 2736//2690 2647//2689 2646//2670 2750//2669
f 2676//2719 2675//2666 2693//2665 2695//2720
f 2678//2722 2698//2721 2763//2731 2679//2724
f 2693//2665 2749//2668 2694//2732 2695//2720
f 2729//2684 2745//2654 2746//2656 2706//2733
f 2670//2714 2669//2660 2747//2659 2707//2715
f 2747//2659 2748//2662 2722//2734 2707//2715
f 2657//2696 2756//2695 2734//2700 2658//2699
f 2750//2669 2719//2674 2744//2735 2736//2690
f 2744//2735 2719//2674 2718//2676 2733//2736
f 2733//2736 2718//2676 2751//2678 2715//2737
f 2751//2678 2752//2680 2728//2738 2715//2737
f 2752//2680 2753//2682 2764//2739 2728//2738
f 2654//2686 2754//2685 2720//2694 2655//2693
f 2648//2688 2755//2687 2746//2656 2649//2655
f 2665//2712 2758//2711 2765//2740 2666//2661
f 2672//2667 2671//2713 2759//2716 2749//2668
f 2682//2730 2762//2729 2723//2741 2683//2742
f 2755//2687 2736//2690 2744//2735 2691//2743
f 2759//2716 2707//2715 2722//2734 2692//2744
f 2717//2745 2754//2685 2729//2684 2706//2733
f 2748//2662 2666//2661 2765//2740 2766//2746
f 2761//2725 2679//2724 2763//2731 2696//2747
f 2767//2748 2698//2721 2760//2717 2768//2749
f 2760//2717 2695//2720 2690//2750 2768//2749
f 2770//2751 2758//2711 2703//2709 2769//2752
f 2769//2752 2703//2709 2713//2707 2771//2753
f 2771//2753 2713//2707 2739//2705 2772//2754
f 2772//2754 2739//2705 2738//2703 2773//2755
f 2773//2755 2738//2703 2757//2701 2727//2756
f 2709//2726 2761//2725 2708//2757 2702//2758
f 2774//2759 2710//2728 2709//2726 2702//2758
f 2724//2760 2762//2729 2710//2728 2774//2759
f 2756//2695 2721//2691 2775//2761 2714//2762
f 2706//2733 2746//2656 2755//2687 2691//2743
f 2749//2668 2759//2716 2692//2744 2694//2732
f 2696//2747 2763//2731 2698//2721 2767//2748
f 2683//2742 2723//2741 2783//2763 2684//2681
f 2695//2720 2694//2732 2776//2764 2690//2750
f 2744//2735 2733//2736 2777//2765 2691//2743
f 2777//2765 2733//2736 2715//2737 2778//2766
f 2754//2685 2717//2745 2730//2767 2720//2694
f 2762//2729 2724//2760 2779//2768 2723//2741
f 2734//2700 2756//2695 2714//2762 2735//2769
f 2708//2757 2761//2725 2696//2747 2780//2646
f 2722//2734 2748//2662 2766//2746 2711//2648
f 2765//2740 2758//2711 2712//2770 2766//2746
f 2712//2770 2758//2711 2770//2751 2701//2771
f 2717//2745 2706//2733 2691//2743 2730//2767
f 2732//2772 2721//2691 2720//2694 2730//2767
f 2781//2697 2743//2773 2727//2756 2757//2701
f 2778//2766 2715//2737 2728//2738 2742//2774
f 2692//2744 2722//2734 2711//2648 2737//2650
f 2753//2682 2684//2681 2783//2763 2782//2775
f 2726//2776 2782//2775 2783//2763 2723//2741
f 2764//2739 2753//2682 2782//2775 2716//2777
f 2742//2774 2728//2738 2764//2739 2716//2777
f 2775//2761 2721//2691 2732//2772 2731//2778
f 2784//2647 2767//2748 2768//2749 2697//2779
f 2697//2779 2768//2749 2690//2750 2701//2771
f 2785//2780 2770//2751 2769//2752 2700//2781
f 2700//2781 2769//2752 2771//2753 2704//2782
f 2704//2782 2771//2753 2772//2754 2705//2783
f 2705//2783 2772//2754 2773//2755 2786//2784
f 2773//2755 2727//2756 2787//2785 2786//2784
f 2787//2785 2727//2756 2743//2773 2741//2786
f 2705//2783 2702//2758 2708//2757 2704//2782
f 2702//2758 2705//2783 2786//2784
f 2725//2787 2774//2759 2702//2758 2786//2784
f 2724//2760 2774//2759 2725//2787 2740//2788
f 2789//2789 2714//2762 2775//2761 2731//2778
f 2776//2764 2694//2732 2692//2744 2737//2650
f 2697//2779 2701//2771 2770//2751 2785//2780
f 2780//2646 2696//2747 2767//2748 2784//2647
f 2726//2776 2723//2741 2779//2768 2788//2790
f 2779//2768 2724//2760 2740//2788 2788//2790
f 2725//2787 2786//2784 2787//2785 2740//2788
f 2740//2788 2787//2785 2741//2786 2788//2790
f 2730//2767 2691//2743 2777//2765 2732//2772
f 2732//2772 2777//2765 2778//2766 2731//2778
f 2731//2778 2778//2766 2742//2774 2789//2789
f 2789//2789 2742//2774 2716//2777 2790//2791
f 2734//2700 2735//2769 2743//2773 2781//2697
f 2766//2746 2712//2770 2699//2649 2711//2648
f 2699//2649 2712//2770 2701//2771 2737//2650
f 2701//2771 2690//2750 2776//2764 2737//2650
f 2704//2782 2708//2757 2780//2646 2791//2645
f 2700//2781 2704//2782 2791//2645 2785//2780
f 2741//2786 2743//2773 2735//2769 2790//2791
f 2784//2647 2697//2779 2785//2780 2791//2645
f 2735//2769 2714//2762 2789//2789 2790//2791
f 2726//2776 2788//2790 2741//2786 2790//2791
f 2726//2776 2790//2791 2716//2777 2782//2775
f 3365//2792 3352//2793 3885//2794
f 3372//2795 3381//2796 3385//2797
f 3978//2798 3965//2799 3981//2800
f 3465//2801 3980//2802 3460//2803
f 3974//2804 3472//2805 3525//2806
f 2674//2663 2675//2666 3612//2807 2792//2808
f 765//809 2859//2809 3613//2810 766//788
f 2859//2809 2858//2811 2946//2812 3613//2810
f 2858//2811 2857//2813 3614//2814 2946//2812
f 2861//2815 2860//2816 2982//2817 2862//2818
f 2860//2816 680//671 3615//2819 2982//2817
f 3615//2819 680//671 681//674 2957//2820
f 2957//2820 681//674 682//719 2958//2821
f 2958//2821 682//719 683//693 3616//2822
f 3616//2822 683//693 684//692 2960//2823
f 2960//2823 684//692 685//677 3539//2824
f 3539//2824 685//677 686//676 3617//2825
f 3617//2825 686//676 773//762 3540//2826
f 773//762 772//766 3618//2827 3540//2826
f 772//766 771//769 2936//2828 3618//2827
f 771//769 770//771 3619//2829 2936//2828
f 770//771 769//773 2937//2830 3619//2829
f 769//773 768//791 2964//2831 2937//2830
f 2964//2831 768//791 767//789 2938//2832
f 2938//2832 767//789 766//788 3613//2810
f 2689//2672 2645//2671 2931//2833 3620//2834
f 3620//2834 2931//2833 2930//2835 3004//2836
f 3004//2836 2930//2835 2929//2837 3621//2838
f 2688//2673 2689//2672 3620//2834 2973//2839
f 2687//2675 2688//2673 2973//2839 3622//2840
f 3623//2841 2686//2677 2687//2675 3622//2840
f 3624//2842 2795//2843 2794//2844 3014//2845
f 3087//2846 2796//2847 2795//2843 3624//2842
f 3625//2848 2797//2849 2796//2847 3087//2846
f 3050//2850 2798//2851 2797//2849 3625//2848
f 3391//2852 2799//2853 2798//2851 3050//2850
f 3281//2854 2800//2855 2799//2853 3391//2852
f 3049//2856 2801//2857 2800//2855 3281//2854
f 2804//2858 2803//2859 3627//2860 3626//2861
f 2806//2862 2805//2863 3628//2864 3068//2865
f 3629//2866 2807//2867 2806//2862 3068//2865
f 3069//2868 2809//2869 2808//2870 3630//2871
f 3173//2872 2810//2873 2809//2869 3069//2868
f 2811//2874 2810//2873 3173//2872 3171//2875
f 3631//2876 2812//2877 2811//2874 3171//2875
f 2813//2878 2812//2877 3631//2876 3172//2879
f 3632//2880 2814//2881 2813//2878 3172//2879
f 2817//2882 2816//2883 3076//2884 3633//2885
f 2818//2886 2817//2882 3633//2885 3077//2887
f 3078//2888 2819//2889 2818//2886 3077//2887
f 3634//2890 2820//2891 2819//2889 3078//2888
f 3635//2892 2822//2893 2821//2894 3075//2895
f 3187//2896 2823//2897 2822//2893 3635//2892
f 3131//2898 2824//2899 2823//2897 3187//2896
f 3636//2900 2825//2901 2824//2899 3131//2898
f 3637//2902 2826//2903 2825//2901 3636//2900
f 2828//2904 2827//2905 3638//2906 3031//2907
f 3639//2908 2829//2909 2828//2904 3031//2907
f 3640//2910 2831//2911 2830//2912 3028//2913
f 3029//2914 2833//2915 2832//2916 3641//2917
f 3128//2918 2834//2919 2833//2915 3029//2914
f 3642//2920 2835//2921 2834//2919 3128//2918
f 3643//2922 2837//2923 2836//2924 3035//2925
f 2839//2926 2838//2927 3644//2928 3143//2929
f 2840//2930 2839//2926 3143//2929 3645//2931
f 3144//2932 2841//2933 2840//2930 3645//2931
f 3044//2934 2842//2935 2841//2933 3144//2932
f 3039//2936 2843//2937 2842//2935 3044//2934
f 3646//2938 2844//2939 2843//2937 3039//2936
f 3040//2940 2845//2941 2844//2939 3646//2938
f 3647//2942 2846//2943 2845//2941 3040//2940
f 3038//2944 2847//2945 2846//2943 3647//2942
f 3037//2946 2848//2947 2847//2945 3038//2944
f 3648//2948 2849//2949 2848//2947 3037//2946
f 3023//2950 2851//2951 2850//2952 3122//2953
f 3019//2954 2852//2955 2851//2951 3023//2950
f 3649//2956 2853//2957 2852//2955 3019//2954
f 3650//2958 2854//2959 2853//2957 3649//2956
f 2864//2960 2863//2961 2981//2962 2979//2963
f 2865//2964 2864//2960 2979//2963 3651//2965
f 3652//2966 2866//2967 2865//2964 3651//2965
f 2869//2968 2868//2969 3653//2970 3020//2971
f 2870//2972 2869//2968 3020//2971 3021//2973
f 2871//2974 2870//2972 3021//2973 3654//2975
f 2873//2976 2872//2977 3119//2978 3121//2979
f 2874//2980 2873//2976 3121//2979 3655//2981
f 3656//2982 2875//2983 2874//2980 3655//2981
f 3657//2984 2876//2985 2875//2983 3656//2982
f 3043//2986 2878//2987 2877//2988 3041//2989
f 3658//2990 2879//2991 2878//2987 3043//2986
f 3659//2992 2880//2993 2879//2991 3658//2990
f 2881//2994 2880//2993 3659//2992 3046//2995
f 2882//2996 2881//2994 3046//2995 3660//2997
f 2884//2998 2883//2999 3045//3000 3141//3001
f 3661//3002 2885//3003 2884//2998 3141//3001
f 3132//3004 2886//3005 2885//3003 3661//3002
f 3032//3006 2887//3007 2886//3005 3132//3004
f 3033//3008 2888//3009 2887//3007 3032//3006
f 2889//3010 2888//3009 3033//3008 3662//3011
f 3026//3012 2891//3013 2890//3014 3140//3015
f 3123//3016 2892//3017 2891//3013 3026//3012
f 3024//3018 2893//3019 2892//3017 3123//3016
f 3025//3020 2894//3021 2893//3019 3024//3018
f 3663//3022 2895//3023 2894//3021 3025//3020
f 2898//3024 2897//3025 3403//3026 3342//3027
f 2899//3028 2898//3024 3342//3027 3664//3029
f 2900//3030 2899//3028 3664//3029 3397//3031
f 3665//3032 2902//3033 2901//3034 3666//3035
f 2904//3036 2903//3037 3667//3038 3668//3039
f 3072//3040 2906//3041 2905//3042 3071//3043
f 3669//3044 2908//3045 2907//3046 3185//3047
f 2912//3048 2911//3049 3287//3050 3670//3051
f 3671//3052 2914//3053 2913//3054 3064//3055
f 2916//3056 2915//3057 3672//3058 3065//3059
f 2917//3060 2916//3056 3065//3059 3673//3061
f 3273//3062 2918//3063 2917//3060 3673//3061
f 3157//3064 2919//3065 2918//3063 3273//3062
f 3674//3066 2920//3067 2919//3065 3157//3064
f 3675//3068 2921//3069 2920//3067 3674//3066
f 3047//3070 2923//3071 2922//3072 3676//3073
f 2926//3074 2925//3075 3677//3076 3062//3077
f 2927//3078 2926//3074 3062//3077 3162//3079
f 2928//3080 2927//3078 3162//3079 3678//3081
f 2683//2742 2684//2681 3061//3082 3679//3083
f 2681//2727 2682//2730 3286//3084 3085//3085
f 3680//3086 2680//2723 2681//2727 3085//3085
f 3681//3087 2679//2724 2680//2723 3680//3086
f 2808//2870 2807//2867 3629//2866 3630//2871
f 3075//2895 2821//2894 2820//2891 3634//2890
f 2830//2912 2829//2909 3639//2908 3028//2913
f 3035//2925 2836//2924 2835//2921 3642//2920
f 2857//2813 2856//3088 2988//3089 3614//2814
f 3666//3035 2901//3034 2900//3030 3397//3031
f 3185//3047 2907//3046 2906//3041 3072//3040
f 2913//3054 2912//3048 3670//3051 3064//3055
f 3676//3073 2922//3072 2921//3069 3675//3068
f 2862//2818 2982//2817 3682//3090 2863//2961
f 2676//2719 2677//2718 3083//3091 3683//3092
f 2675//2666 2676//2719 3683//3092 3612//2807
f 2973//2839 3620//2834 3004//2836 3060//3093
f 2792//2808 3612//2807 2978//3094 2793//3095
f 2938//2832 3613//2810 2946//2812 2945//3096
f 2946//2812 3614//2814 3684//3097 2945//3096
f 3060//3093 3004//2836 3621//2838 3161//3098
f 2831//2911 3640//2910 3641//2917 2832//2916
f 2838//2927 2837//2923 3643//2922 3644//2928
f 2849//2949 3648//2948 3122//2953 2850//2952
f 2883//2999 2882//2996 3660//2997 3045//3000
f 2682//2730 2683//2742 3679//3083 3286//3084
f 2914//3053 3671//3052 3063//3099 2915//3057
f 2801//2857 3049//2856 3685//3100 2802//3101
f 2982//2817 3615//2819 2956//3102 3682//3090
f 2956//3102 3615//2819 2957//2820 3686//3103
f 3686//3103 2957//2820 2958//2821 3687//3104
f 3687//3104 2958//2821 3616//2822 2959//3105
f 2959//3105 3616//2822 2960//2823 2933//3106
f 2933//3106 2960//2823 3539//2824 2983//3107
f 2983//3107 3539//2824 3617//2825 2939//3108
f 3617//2825 3540//2826 3688//3109 2939//3108
f 3688//3109 3540//2826 3618//2827 2941//3110
f 2941//3110 3618//2827 2936//2828 2934//3111
f 2934//3111 2936//2828 3619//2829 2940//3112
f 3619//2829 2937//2830 2942//3113 2940//3112
f 2942//3113 2937//2830 2964//2831 2935//3114
f 2935//3114 2964//2831 2938//2832 2945//3096
f 2686//2677 3623//2841 3689//3115 2685//2679
f 2805//2863 2804//2858 3626//2861 3628//2864
f 2814//2881 3632//2880 3190//3116 2815//3117
f 2854//2959 3650//2958 3017//3118 2855//3119
f 2866//2967 3652//2966 3016//3120 2867//3121
f 2872//2977 2871//2974 3654//2975 3119//2978
f 2876//2985 3657//2984 3041//2989 2877//2988
f 2889//3010 3662//3011 3140//3015 2890//3014
f 2895//3023 3663//3022 3126//3122 2896//3123
f 2902//3033 3665//3032 3181//3124 2903//3037
f 2905//3042 2904//3036 3668//3039 3071//3043
f 2908//3045 3669//3044 3184//3125 2909//3126
f 2923//3071 3047//3070 3158//3127 2924//3128
f 2928//3080 3678//3081 3621//2838 2929//2837
f 2679//2724 3681//3087 3081//3129 2678//2722
f 2981//2962 2863//2961 3682//3090 2956//3102
f 3690//3130 3287//3050 2911//3049 2910//3131
f 3622//2840 2973//2839 3060//3093 3051//3132
f 3691//3133 3623//2841 3622//2840 3051//3132
f 2793//3095 2978//3094 3014//2845 2794//2844
f 3160//3134 3627//2860 2803//2859 2802//3101
f 3693//3135 3068//2865 3628//2864 3692//3136
f 3695//3137 2815//3117 3190//3116 3694//3138
f 3695//3137 3076//2884 2816//2883 2815//3117
f 2827//2905 2826//2903 3696//3139 3638//2906
f 3696//3139 2826//2903 3637//2902 3240//3140
f 3698//3141 3029//2914 3641//2917 3697//3142
f 3143//2929 3644//2928 3699//3143 3700//3144
f 3645//2931 3143//2929 3700//3144 3252//3145
f 2999//3146 3144//2932 3645//2931 3252//3145
f 3154//3147 3044//2934 3144//2932 2999//3146
f 3151//3148 3039//2936 3044//2934 3154//3147
f 3153//3149 3646//2938 3039//2936 3151//3148
f 2996//3150 3040//2940 3646//2938 3153//3149
f 2995//3151 3647//2942 3040//2940 2996//3150
f 3146//3152 3038//2944 3647//2942 2995//3151
f 3145//3153 3037//2946 3038//2944 3146//3152
f 2994//3154 3648//2948 3037//2946 3145//3153
f 3701//3155 2855//3119 3017//3118 3760//3156
f 3701//3155 2988//3089 2856//3088 2855//3119
f 3118//3157 3653//2970 2868//2969 2867//3121
f 3702//3158 2897//3025 2896//3123 3126//3122
f 3702//3158 3703//3159 3403//3026 2897//3025
f 3667//3038 2903//3037 3181//3124 3704//3160
f 3668//3039 3667//3038 3704//3160 3290//3161
f 3672//3058 2915//3057 3063//3099 3705//3162
f 3065//3059 3672//3058 3705//3162 3706//3163
f 3159//3164 3677//3076 2925//3075 2924//3128
f 2684//2681 2685//2679 3689//3115 3707//3165
f 3061//3082 2684//2681 3707//3165 3163//3166
f 3709//3167 2678//2722 3081//3129 3708//3168
f 3709//3167 3083//3091 2677//2718 2678//2722
f 3651//2965 2979//2963 3711//3169 3710//3170
f 2979//2963 2981//2962 2963//3171 3711//3169
f 2980//3172 3652//2966 3651//2965 3710//3170
f 3712//3173 3650//2958 3649//2956 3094//3174
f 3094//3174 3649//2956 3019//2954 3093//3175
f 3019//2954 3023//2950 3713//3176 3093//3175
f 3116//3177 3021//2973 3020//2971 3218//3178
f 3020//2971 3653//2970 3219//3179 3218//3178
f 3341//3180 3025//3020 3024//3018 3124//3181
f 3124//3181 3024//3018 3123//3016 3714//3182
f 3714//3182 3123//3016 3026//3012 3715//3183
f 3232//3184 3663//3022 3025//3020 3341//3180
f 2990//3185 3639//2908 3031//2907 3716//3186
f 3716//3186 3031//2907 3638//2906 3696//3139
f 3136//3187 3033//3008 3032//3006 3133//3188
f 3032//3006 3132//3004 3246//3189 3133//3188
f 3246//3189 3132//3004 3661//3002 3034//3190
f 3034//3190 3661//3002 3141//3001 3373//3191
f 3662//3011 3033//3008 3136//3187 3139//3192
f 2993//3193 3642//2920 3128//2918 3238//3194
f 3128//2918 3029//2914 3698//3141 3238//3194
f 3717//3195 3656//2982 3655//2981 3224//3196
f 3655//2981 3121//2979 3223//3197 3224//3196
f 3042//3198 3657//2984 3656//2982 3717//3195
f 3658//2990 3043//2986 3255//3199 3718//3200
f 2998//3201 3659//2992 3658//2990 3718//3200
f 3260//3202 3046//2995 3659//2992 2998//3201
f 3162//3079 3062//3077 3168//3203 3285//3204
f 3062//3077 3677//3076 3169//3205 3168//3203
f 3678//3081 3162//3079 3285//3204 3719//3206
f 3069//2868 3630//2871 3008//3207 3176//3208
f 3720//3209 3173//2872 3069//2868 3176//3208
f 3175//3210 3171//2875 3173//2872 3720//3209
f 3680//3086 3085//3085 3196//3211 3721//3212
f 3084//3213 3681//3087 3680//3086 3721//3212
f 3013//3214 3625//2848 3087//2846 3330//3215
f 3330//3215 3087//2846 3624//2842 3208//3216
f 3208//3216 3624//2842 3014//2845 3086//3217
f 3283//3218 3050//2850 3625//2848 3013//3214
f 3722//3219 3391//2852 3050//2850 3283//3218
f 3723//3220 3281//2854 3391//2852 3722//3219
f 3003//3221 3049//2856 3281//2854 3723//3220
f 3640//2910 3028//2913 3724//3222 3030//3223
f 3241//3224 3131//2898 3187//2896 3301//3225
f 3301//3225 3187//2896 3635//2892 3074//3226
f 3074//3226 3635//2892 3075//2895 3302//3227
f 3370//3228 3636//2900 3131//2898 3241//3224
f 3245//3229 3637//2902 3636//2900 3370//3228
f 3643//2922 3035//2925 3725//3230 3036//3231
f 3262//3232 3675//3068 3674//3066 3726//3233
f 3726//3233 3674//3066 3157//3064 3048//3234
f 3048//3234 3157//3064 3273//3062 3388//3235
f 3388//3235 3273//3062 3673//3061 3389//3236
f 3673//3061 3065//3059 3706//3163 3389//3236
f 3264//3237 3047//3070 3676//3073 3001//3238
f 3626//2861 3627//2860 3276//3239 3278//3240
f 3671//3052 3064//3055 3727//3241 3066//3242
f 3067//3243 3670//3051 3287//3050 3396//3244
f 3631//2876 3171//2875 3177//3245 3288//3246
f 3172//2879 3631//2876 3288//3246 3310//3247
f 3632//2880 3172//2879 3310//3247 3191//3248
f 3629//2866 3068//2865 3289//3249 3070//3250
f 3292//3251 3665//3032 3666//3035 3728//3252
f 3729//3253 3634//2890 3078//2888 3079//3254
f 3079//3254 3078//2888 3077//2887 3011//3255
f 3077//2887 3633//2885 3303//3256 3011//3255
f 3633//2885 3076//2884 3304//3257 3303//3256
f 3342//3027 3403//3026 3730//3258 3402//3259
f 3664//3029 3342//3027 3402//3259 3430//3260
f 3731//3261 3397//3031 3664//3029 3430//3260
f 3298//3262 3669//3044 3185//3047 3732//3263
f 3654//2975 3021//2973 3112//3264 3120//3265
f 3660//2997 3046//2995 3258//3266 3000//3267
f 3679//3083 3061//3082 3165//3268 3167//3269
f 2963//3171 2981//2962 2956//3102 3686//3103
f 3001//3238 3676//3073 3675//3068 3262//3232
f 3630//2871 3629//2866 3070//3250 3008//3207
f 3302//3227 3075//2895 3634//2890 3729//3253
f 3692//3136 3628//2864 3626//2861 3278//3240
f 3728//3252 3666//3035 3397//3031 3731//3261
f 3641//2917 3640//2910 3030//3223 3697//3142
f 3644//2928 3643//2922 3036//3231 3699//3143
f 3689//3115 3623//2841 3691//3133 3707//3165
f 3118//3157 2867//3121 3016//3120 3212//3270
f 3212//3270 3016//3120 3652//2966 2980//3172
f 2909//3126 3184//3125 3733//3271 2910//3131
f 2963//3171 3686//3103 3687//3104 2962//3272
f 3614//2814 2988//3089 3542//3273 3684//3097
f 3051//3132 3060//3093 3161//3098 3055//3274
f 3161//3098 3621//2838 3678//3081 3719//3206
f 3612//2807 3683//3092 3206//3275 2978//3094
f 3734//3276 3116//3177 3117//3277
f 3021//2973 3116//3177 3734//3276 3112//3264
f 3713//3176 3023//2950 3122//2953 3735//3278
f 3735//3278 3122//2953 3648//2948 2994//3154
f 3240//3140 3637//2902 3245//3229 3243//3279
f 3808//3280 3043//2986 3041//2989 2997//3281
f 2997//3281 3041//2989 3657//2984 3042//3198
f 3141//3001 3045//3000 3736//3282 3373//3191
f 3045//3000 3660//2997 3000//3267 3736//3282
f 3258//3266 3046//2995 3260//3202 3737//3283
f 3158//3127 3047//3070 3264//3237 3738//3284
f 3160//3134 2802//3101 3685//3100 3277//3285
f 3276//3239 3627//2860 3160//3134 3277//3285
f 3165//3268 3061//3082 3163//3166 3166//3286
f 3071//3043 3668//3039 3290//3161 3739//3287
f 3665//3032 3292//3251 3295//3288 3181//3124
f 3681//3087 3084//3213 3708//3168 3081//3129
f 3177//3245 3171//2875 3175//3210 3178//3289
f 3732//3263 3185//3047 3072//3040 3740//3290
f 3740//3290 3072//3040 3071//3043 3739//3287
f 3669//3044 3298//3262 3073//3291 3184//3125
f 3396//3244 3287//3050 3690//3130 3741//3292
f 3632//2880 3191//3248 3694//3138 3190//3116
f 3049//2856 3003//3221 3742//3293 3685//3100
f 3696//3139 3240//3140 2991//3294 3716//3186
f 3639//2908 2990//3185 3743//3295 3028//2913
f 3642//2920 2993//3193 3744//3296 3035//2925
f 3653//2970 3118//3157 2989//3297 3219//3179
f 3654//2975 3120//3265 3022//3298 3119//2978
f 3140//3015 3662//3011 3139//3192 3745//3299
f 3663//3022 3232//3184 3233//3300 3126//3122
f 3670//3051 3067//3243 3170//3301 3064//3055
f 3063//3099 3671//3052 3066//3242 3746//3302
f 3169//3205 3677//3076 3159//3164 3747//3303
f 3286//3084 3679//3083 3167//3269 3085//3085
f 3159//3164 2924//3128 3158//3127 3748//3304
f 3683//3092 3083//3091 3015//3305 3206//3275
f 2962//3272 3687//3104 2959//3105 3749//3306
f 3749//3306 2959//3105 2933//3106 2961//3307
f 2933//3106 2983//3107 3750//3308 2961//3307
f 2983//3107 2939//3108 2984//3309 3750//3308
f 2984//3309 2939//3108 3688//3109 2941//3110
f 2984//3309 2941//3110 2934//3111 3819//3310
f 3819//3310 2934//3111 2940//3112 3751//3311
f 2940//3112 2942//3113 2943//3312 3751//3311
f 2943//3312 2942//3113 2935//3114 2948//3313
f 2935//3114 2945//3096 3752//3314 2948//3313
f 3752//3314 2945//3096 3684//3097 2947//3315
f 3289//3249 3068//2865 3693//3135 3753//3316
f 3650//2958 3712//3173 3754//3317 3017//3118
f 3711//3169 2963//3171 2962//3272 3755//3318
f 3710//3170 3711//3169 3755//3318 3756//3319
f 3000//3267 3258//3266 3737//3283 3259//3320
f 3086//3217 3014//2845 2978//3094 3206//3275
f 3715//3183 3026//3012 3140//3015 3745//3299
f 3727//3241 3064//3055 3170//3301 3757//3321
f 3758//3322 3304//3257 3076//2884 3695//3137
f 3695//3137 3694//3138 3305//3323 3758//3322
f 3196//3211 3085//3085 3167//3269 3194//3324
f 3167//3269 3165//3268 3759//3325 3194//3324
f 3086//3217 3206//3275 3015//3305 3209//3326
f 3022//3298 3223//3197 3121//2979 3119//2978
f 3730//3258 3403//3026 3703//3159 3235//3327
f 3703//3159 3702//3158 3027//3328 3235//3327
f 3690//3130 2910//3131 3733//3271 3186//3329
f 3053//3330 3691//3133 3051//3132 3055//3274
f 3704//3160 3181//3124 3295//3288 3291//3331
f 3290//3161 3704//3160 3291//3331 3182//3332
f 3705//3162 3063//3099 3746//3302 3423//3333
f 3706//3163 3705//3162 3423//3333 3390//3334
f 3275//3335 3389//3236 3706//3163 3390//3334
f 3274//3336 3388//3235 3389//3236 3275//3335
f 3261//3337 3048//3234 3388//3235 3274//3336
f 3263//3338 3726//3233 3048//3234 3261//3337
f 3761//3339 3262//3232 3726//3233 3263//3338
f 3082//3340 3709//3167 3708//3168 3762//3341
f 3088//3342 2980//3172 3710//3170 3756//3319
f 3724//3222 3028//2913 3743//3295 3127//3343
f 3725//3230 3035//2925 3744//3296 3142//3344
f 3763//3345 3066//3242 3727//3241 3757//3321
f 3136//3187 3133//3188 3764//3346 3138//3347
f 3139//3192 3136//3187 3138//3347 3765//3348
f 3766//3349 3151//3148 3154//3147 3156//3350
f 3156//3350 3154//3147 2999//3146 3767//3351
f 2999//3146 3252//3145 3768//3352 3767//3351
f 3252//3145 3700//3144 3769//3353 3768//3352
f 3700//3144 3699//3143 3356//3354 3769//3353
f 3770//3355 3153//3149 3151//3148 3766//3349
f 3147//3356 2996//3150 3153//3149 3770//3355
f 3148//3357 2995//3151 2996//3150 3147//3356
f 3146//3152 2995//3151 3148//3357 3150//3358
f 3771//3359 3145//3153 3146//3152 3150//3358
f 3772//3360 2994//3154 3145//3153 3771//3359
f 3712//3173 3094//3174 3095//3361 3773//3362
f 3094//3174 3093//3175 3774//3363 3095//3361
f 3775//3364 3341//3180 3124//3181 3125//3365
f 3125//3365 3124//3181 3714//3182 3776//3366
f 3776//3366 3714//3182 3715//3183 3249//3367
f 3231//3368 3232//3184 3341//3180 3775//3364
f 3135//3369 3133//3188 3246//3189 3777//3370
f 3777//3370 3246//3189 3034//3190 3778//3371
f 3034//3190 3373//3191 3779//3372 3778//3371
f 2993//3193 3238//3194 3344//3373 3780//3374
f 3717//3195 3224//3196 3781//3375 3228//3376
f 3781//3375 3224//3196 3223//3197 3222//3377
f 3042//3198 3717//3195 3228//3376 3253//3378
f 3375//3379 3260//3202 2998//3201 3782//3380
f 2998//3201 3718//3200 3257//3381 3782//3380
f 3718//3200 3255//3199 3256//3382 3257//3381
f 3783//3383 3278//3240 3276//3239 3002//3384
f 3784//3385 3722//3219 3283//3218 3284//3386
f 3284//3386 3283//3218 3013//3214 2977//3387
f 2977//3387 3013//3214 3330//3215 3785//3388
f 3785//3388 3330//3215 3208//3216 3786//3389
f 3786//3389 3208//3216 3086//3217 3209//3326
f 3787//3390 3723//3220 3722//3219 3784//3385
f 3788//3391 3003//3221 3723//3220 3787//3390
f 3163//3166 3707//3165 3056//3392 3164//3393
f 3311//3394 3288//3246 3177//3245 3007//3395
f 3310//3247 3288//3246 3311//3394 3309//3396
f 3191//3248 3310//3247 3309//3396 3080//3397
f 3176//3208 3008//3207 3789//3398 3543//3399
f 3174//3400 3720//3209 3176//3208 3543//3399
f 3175//3210 3720//3209 3174//3400 3790//3401
f 3448//3402 3079//3254 3011//3255 3791//3403
f 3791//3403 3011//3255 3303//3256 3188//3404
f 3188//3404 3303//3256 3304//3257 3308//3405
f 3447//3406 3729//3253 3079//3254 3448//3402
f 3721//3212 3196//3211 3195//3407 3192//3408
f 3084//3213 3721//3212 3192//3408 3193//3409
f 2965//3410 3093//3175 3713//3176 3101//3411
f 3030//3223 3724//3222 3567//3412 3343//3413
f 3036//3231 3725//3230 3792//3414 2992//3415
f 3559//3416 3264//3237 3001//3238 3793//3417
f 3006//3418 3067//3243 3396//3244 3794//3419
f 3795//3420 3070//3250 3289//3249 3753//3316
f 3009//3421 3292//3251 3728//3252 3429//3422
f 3431//3423 3074//3226 3302//3227 3446//3424
f 3474//3425 3301//3225 3074//3226 3431//3423
f 3796//3426 3241//3224 3301//3225 3474//3425
f 3244//3427 3370//3228 3241//3224 3796//3426
f 3245//3229 3370//3228 3244//3427 3242//3428
f 3797//3429 3120//3265 3112//3264 3108//3430
f 3116//3177 3218//3178 3798//3431 3117//3277
f 3218//3178 3219//3179 3799//3432 3798//3431
f 3345//3433 3238//3194 3698//3141 3800//3434
f 3800//3434 3698//3141 3697//3142 3801//3435
f 3719//3206 3285//3204 3802//3436 3271//3437
f 3285//3204 3168//3203 3803//3438 3802//3436
f 3803//3438 3168//3203 3169//3205 3747//3303
f 3398//3439 3402//3259 3730//3258 3399//3440
f 3804//3441 3430//3260 3402//3259 3398//3439
f 3428//3442 3731//3261 3430//3260 3804//3441
f 3805//3443 3693//3135 3692//3136 3280//3444
f 2990//3185 3716//3186 3130//3445 2967//3446
f 3806//3447 3298//3262 3732//3263 3297//3448
f 3801//3435 3697//3142 3030//3223 3343//3413
f 3699//3143 3036//3231 2992//3415 3356//3354
f 3793//3417 3001//3238 3262//3232 3761//3339
f 3056//3392 3707//3165 3691//3133 3053//3330
f 3008//3207 3070//3250 3795//3420 3789//3398
f 3222//3377 3223//3197 3022//3298 3120//3265
f 3446//3424 3302//3227 3729//3253 3447//3406
f 3280//3444 3692//3136 3278//3240 3783//3383
f 3055//3274 3161//3098 3719//3206 3271//3437
f 3429//3422 3728//3252 3731//3261 3428//3442
f 3027//3328 3702//3158 3126//3122 3233//3300
f 3186//3329 3733//3271 3184//3125 3073//3291
f 3744//3296 2993//3193 3780//3374 3142//3344
f 3774//3363 3093//3175 2965//3410 3096//3449
f 2947//3315 3684//3097 3542//3273 2987//3450
f 3799//3432 3219//3179 2989//3297 3217//3451
f 3120//3265 3797//3429 3220//3452 3222//3377
f 3736//3282 3000//3267 3259//3320 3373//3191
f 3292//3251 3009//3421 3807//3453 3295//3288
f 2997//3281 3042//3198 3253//3378 3808//3280
f 3753//3316 3693//3135 3805//3443 3494//3454
f 3297//3448 3732//3263 3740//3290 3183//3455
f 3183//3455 3740//3290 3739//3287 3809//3456
f 3809//3456 3739//3287 3290//3161 3182//3332
f 3084//3213 3193//3409 3762//3341 3708//3168
f 2980//3172 3088//3342 3810//3457 3212//3270
f 2989//3297 3118//3157 3212//3270 3810//3457
f 3108//3430 3112//3264 3734//3276 3117//3277
f 3101//3411 3713//3176 3735//3278 3811//3458
f 3811//3458 3735//3278 2994//3154 3772//3360
f 3130//3445 3716//3186 2991//3294 3129//3459
f 3764//3346 3133//3188 3135//3369 3544//3460
f 3737//3283 3260//3202 3375//3379 3376//3461
f 3166//3286 3163//3166 3164//3393 3812//3462
f 3759//3325 3165//3268 3166//3286 3813//3463
f 3007//3395 3177//3245 3178//3289 3569//3464
f 3298//3262 3806//3447 3299//3465 3073//3291
f 3196//3211 3194//3324 3814//3466 3195//3407
f 3232//3184 3231//3368 3234//3467 3233//3300
f 3240//3140 3243//3279 3369//3468 2991//3294
f 3243//3279 3245//3229 3242//3428 3416//3469
f 3738//3284 3264//3237 3559//3416 3558//3470
f 3748//3304 3158//3127 3738//3284 3266//3471
f 3002//3384 3276//3239 3277//3285 3815//3472
f 3277//3285 3685//3100 3742//3293 3815//3472
f 3067//3243 3006//3418 3394//3473 3170//3301
f 3396//3244 3741//3292 3816//3474 3794//3419
f 3709//3167 3082//3340 3015//3305 3083//3091
f 3741//3292 3690//3130 3186//3329 3300//3475
f 3249//3367 3715//3183 3745//3299 3250//3476
f 3567//3412 3724//3222 3127//3343 3366//3477
f 3792//3414 3725//3230 3142//3344 3355//3478
f 3399//3440 3730//3258 3235//3327 3817//3479
f 3235//3327 3027//3328 3818//3480 3817//3479
f 3743//3295 2990//3185 2967//3446 3127//3343
f 3745//3299 3139//3192 3765//3348 3250//3476
f 3747//3303 3159//3164 3748//3304 3005//3481
f 3755//3318 2962//3272 3749//3306 2932//3482
f 3749//3306 2961//3307 2986//3483 2932//3482
f 2961//3307 3750//3308 2985//3484 2986//3483
f 3750//3308 2984//3309 3819//3310 2985//3484
f 3752//3314 2947//3315 3018//3485 2948//3313
f 3308//3405 3304//3257 3758//3322 3306//3486
f 3306//3486 3758//3322 3305//3323 3080//3397
f 3305//3323 3694//3138 3191//3248 3080//3397
f 2988//3089 3701//3155 3760//3156 3542//3273
f 3066//3242 3763//3345 3820//3487 3746//3302
f 3712//3173 3773//3362 3821//3488 3754//3317
f 3760//3156 3017//3118 3754//3317 3541//3489
f 3344//3373 3238//3194 3345//3433 3349//3490
f 3003//3221 3788//3391 3822//3491 3742//3293
f 3178//3289 3175//3210 3790//3401 3179//3492
f 3795//3420 3492//3493 2974//3494 3789//3398
f 2949//3495 2943//3312 2948//3313 3018//3485
f 3209//3326 3015//3305 3082//3340 3210//3496
f 3210//3496 3082//3340 3762//3341 3193//3409
f 3823//3497 3194//3324 3759//3325 3813//3463
f 3423//3333 3746//3302 3820//3487 3395//3498
f 3052//3499 3053//3330 3055//3274 3271//3437
f 3803//3438 3747//3303 3005//3481 3272//3500
f 3802//3436 3803//3438 3272//3500 3270//3501
f 3824//3502 3543//3399 3789//3398 2974//3494
f 3174//3400 3543//3399 3180//3503 3790//3401
f 3808//3280 3825//3504 3255//3199 3043//2986
f 3291//3331 3295//3288 3807//3453 3294//3505
f 3182//3332 3291//3331 3294//3505 3524//3506
f 3450//3507 3390//3334 3423//3333 3395//3498
f 3449//3508 3275//3335 3390//3334 3450//3507
f 3436//3509 3274//3336 3275//3335 3449//3508
f 3386//3510 3261//3337 3274//3336 3436//3509
f 3826//3511 3263//3338 3261//3337 3386//3510
f 3756//3319 3755//3318 2932//3482 3089//3512
f 3088//3342 3756//3319 3089//3512 3091//3513
f 3827//3514 3757//3321 3170//3301 3394//3473
f 3828//3515 3763//3345 3757//3321 3827//3514
f 2971//3516 3259//3320 3737//3283 3376//3461
f 3269//3517 3761//3339 3263//3338 3826//3511
f 3829//3518 3095//3361 3774//3363 3096//3449
f 3773//3362 3095//3361 3829//3518 3830//3519
f 3383//3520 3779//3372 3373//3191 3259//3320
f 3057//3521 3271//3437 3802//3436 3270//3501
f 3795//3420 3753//3316 3494//3454 3492//3493
f 3102//3522 3117//3277 3798//3431 3216//3523
f 3216//3523 3798//3431 3799//3432 3217//3451
f 3831//3524 3775//3364 3125//3365 3363//3525
f 3125//3365 3776//3366 3361//3526 3363//3525
f 3361//3526 3776//3366 3249//3367 3832//3527
f 3231//3368 3775//3364 3831//3524 3236//3528
f 2967//3446 3130//3445 3833//3529 3834//3530
f 3138//3347 3764//3346 3371//3531 3835//3532
f 3248//3533 3765//3348 3138//3347 3835//3532
f 3780//3374 3344//3373 3239//3534 3350//3535
f 3781//3375 3222//3377 3836//3536 3837//3537
f 3228//3376 3781//3375 3837//3537 3227//3538
f 3838//3539 3253//3378 3228//3376 3227//3538
f 3229//3540 3772//3360 3771//3359 3332//3541
f 3332//3541 3771//3359 3150//3358 3406//3542
f 3839//3543 3766//3349 3156//3350 3155//3544
f 3155//3544 3156//3350 3767//3351 3840//3545
f 3767//3351 3768//3352 3378//3546 3840//3545
f 3768//3352 3769//3353 3251//3547 3378//3546
f 3769//3353 3356//3354 3841//3548 3251//3547
f 3152//3549 3770//3355 3766//3349 3839//3543
f 3842//3550 3147//3356 3770//3355 3152//3549
f 3149//3551 3148//3357 3147//3356 3842//3550
f 3150//3358 3148//3357 3149//3551 3406//3542
f 3559//3416 3793//3417 3843//3552 3563//3553
f 3164//3393 3056//3392 3054//3554 3058//3555
f 3844//3556 3791//3403 3188//3404 3845//3557
f 3845//3557 3188//3404 3308//3405 3307//3558
f 3846//3559 3448//3402 3791//3403 3844//3556
f 3478//3560 3447//3406 3448//3402 3846//3559
f 3282//3561 3284//3386 2977//3387 3322//3562
f 3322//3562 2977//3387 3785//3388 3211//3563
f 3211//3563 3785//3388 3786//3389 3207//3564
f 3207//3564 3786//3389 3209//3326 3210//3496
f 3392//3565 3784//3385 3284//3386 3282//3561
f 3426//3566 3787//3390 3784//3385 3392//3565
f 3467//3567 3788//3391 3787//3390 3426//3566
f 3797//3429 3108//3430 3847//3568 3221//3569
f 3405//3570 3796//3426 3474//3425 3445//3571
f 3445//3571 3474//3425 3431//3423 3444//3572
f 3444//3572 3431//3423 3446//3424 2976//3573
f 3418//3574 3244//3427 3796//3426 3405//3570
f 3848//3575 3242//3428 3244//3427 3418//3574
f 3134//3576 3135//3369 3777//3370 3849//3577
f 3849//3577 3777//3370 3778//3371 3850//3578
f 3778//3371 3779//3372 3382//3579 3850//3578
f 3851//3580 3311//3394 3007//3395 3568//3581
f 3309//3396 3311//3394 3851//3580 3852//3582
f 3853//3583 3080//3397 3309//3396 3852//3582
f 3538//3584 3009//3421 3429//3422 3439//3585
f 3010//3586 3806//3447 3297//3448 3296//3587
f 3098//3588 2965//3410 3101//3411 3105//3589
f 2969//3590 2992//3415 3792//3414 3353//3591
f 3375//3379 3782//3380 3374//3592 3854//3593
f 3782//3380 3257//3381 3855//3594 3374//3592
f 3257//3381 3256//3382 3254//3595 3855//3594
f 3256//3382 3255//3199 3825//3504 2970//3596
f 3312//3597 3193//3409 3192//3408 3202//3598
f 3202//3598 3192//3408 3195//3407 3856//3599
f 3346//3600 3345//3433 3800//3434 3801//3435
f 3857//3601 3783//3383 3002//3384 3534//3602
f 3581//3603 3006//3418 3794//3419 3579//3604
f 3343//3413 3567//3412 3368//3605 2966//3606
f 3401//3607 3398//3439 3399//3440 3400//3608
f 3514//3609 3804//3441 3398//3439 3401//3607
f 3858//3610 3428//3442 3804//3441 3514//3609
f 3495//3611 3805//3443 3280//3444 3279//3612
f 3127//3343 2967//3446 3834//3530 3366//3477
f 3356//3354 2992//3415 2969//3590 3841//3548
f 3142//3344 3780//3374 3350//3535 3355//3478
f 3818//3480 3027//3328 3233//3300 3234//3467
f 3056//3392 3053//3330 3052//3499 3054//3554
f 3108//3430 3117//3277 3102//3522 3847//3568
f 3843//3552 3793//3417 3761//3339 3269//3517
f 3439//3585 3429//3422 3428//3442 3858//3610
f 3300//3475 3186//3329 3073//3291 3299//3465
f 3542//3273 3760//3156 3541//3489 2987//3450
f 3279//3612 3280//3444 3783//3383 3857//3601
f 2976//3573 3446//3424 3447//3406 3478//3560
f 2932//3482 2986//3483 3859//3613 3089//3512
f 3751//3311 2943//3312 2949//3495 3860//3614
f 3821//3488 3773//3362 3830//3519 3861//3615
f 3096//3449 2965//3410 3098//3588 3862//3616
f 3801//3435 3343//3413 2966//3606 3346//3600
f 3764//3346 3544//3460 3247//3617 3371//3531
f 3811//3458 3772//3360 3229//3540 3230//3618
f 3105//3589 3101//3411 3811//3458 3230//3618
f 3383//3520 3259//3320 2971//3516 3863//3619
f 2971//3516 3376//3461 3864//3620 3863//3619
f 3376//3461 3375//3379 3854//3593 3864//3620
f 2986//3483 2985//3484 2944//3621 3859//3613
f 2947//3315 2987//3450 3114//3622 3018//3485
f 2949//3495 3018//3485 3865//3623 3860//3614
f 3006//3418 3581//3603 3459//3624 3394//3473
f 3568//3581 3007//3395 3569//3464 3866//3625
f 3009//3421 3538//3584 3867//3626 3807//3453
f 3812//3462 3164//3393 3058//3555 3868//3627
f 3088//3342 3091//3513 3092//3628 3810//3457
f 2989//3297 3810//3457 3092//3628 3217//3451
f 3754//3317 3821//3488 3869//3629 3541//3489
f 3833//3529 3130//3445 3129//3459 3870//3630
f 3135//3369 3134//3576 3871//3631 3544//3460
f 3250//3476 3765//3348 3248//3533 3872//3632
f 3832//3527 3249//3367 3250//3476 3872//3632
f 3005//3481 3748//3304 3266//3471 3265//3633
f 3179//3492 3790//3401 3180//3503 3874//3634
f 3569//3464 3178//3289 3179//3492 3570//3635
f 3182//3332 3524//3506 2975//3636 3809//3456
f 3210//3496 3193//3409 3312//3597 3875//3637
f 3836//3536 3222//3377 3220//3452 3215//3638
f 3220//3452 3797//3429 3221//3569 3215//3638
f 3234//3467 3231//3368 3236//3528 3876//3639
f 3369//3468 3243//3279 3416//3469 3419//3640
f 3779//3372 3383//3520 3380//3641 3382//3579
f 3808//3280 3253//3378 3838//3539 3825//3504
f 3266//3471 3738//3284 3558//3470 3566//3642
f 3052//3499 3271//3437 3057//3521 3054//3554
f 3534//3602 3002//3384 3815//3472 3425//3643
f 3425//3643 3815//3472 3742//3293 3822//3491
f 3816//3474 3741//3292 3300//3475 3877//3644
f 3296//3587 3297//3448 3183//3455 3498//3645
f 3498//3645 3183//3455 3809//3456 2975//3636
f 3307//3558 3308//3405 3306//3486 3012//3646
f 3306//3486 3080//3397 3853//3583 3012//3646
f 3254//3595 3256//3382 2970//3596 3338//3647
f 3239//3534 3344//3373 3349//3490 3878//3648
f 3349//3490 3345//3433 3346//3600 3354//3649
f 3368//3605 3567//3412 3366//3477 3367//3650
f 3129//3459 2991//3294 3369//3468 3419//3640
f 3788//3391 3467//3567 3437//3651 3822//3491
f 3558//3470 3559//3416 3563//3553 3562//3652
f 3579//3604 3794//3419 3816//3474 3877//3644
f 3792//3414 3355//3478 3546//3653 3353//3591
f 3805//3443 3495//3611 3496//3654 3494//3454
f 3806//3447 3010//3586 3440//3655 3299//3465
f 3813//3463 3166//3286 3812//3462 3199//3656
f 3195//3407 3814//3466 3879//3657 3856//3599
f 3400//3608 3399//3440 3817//3479 3876//3639
f 3876//3639 3817//3479 3818//3480 3234//3467
f 2985//3484 3819//3310 3751//3311 2944//3621
f 3814//3466 3194//3324 3823//3497 3201//3658
f 3180//3503 3543//3399 3824//3502 3880//3659
f 3820//3487 3763//3345 3828//3515 3395//3498
f 3242//3428 3848//3575 3417//3660 3416//3469
f 3203//3661 3823//3497 3813//3463 3199//3656
f 3091//3513 3089//3512 3859//3613 3090//3662
f 3829//3518 3096//3449 3862//3616 3100//3663
f 3830//3519 3829//3518 3100//3663 3097//3664
f 3881//3665 2970//3596 3825//3504 3838//3539
f 3838//3539 3227//3538 3336//3666 3881//3665
f 3272//3500 3005//3481 3265//3633 3267//3667
f 3207//3564 3210//3496 3875//3637 3325//3668
f 3312//3597 3202//3598 3200//3669 3875//3637
f 3200//3669 3202//3598 3856//3599 3204//3670
f 3211//3563 3207//3564 3325//3668 2955//3671
f 3322//3562 3211//3563 2955//3671 3316//3672
f 3270//3501 3272//3500 3267//3667 3882//3673
f 3059//3674 3057//3521 3270//3501 3882//3673
f 3427//3675 3282//3561 3322//3562 3316//3672
f 3332//3541 3406//3542 3873//3676 3333//3677
f 3229//3540 3332//3541 3333//3677 3883//3678
f 3468//3679 3392//3565 3282//3561 3427//3675
f 3426//3566 3392//3565 3468//3679 2972//3680
f 3469//3681 3467//3567 3426//3566 2972//3680
f 3492//3493 3494//3454 3496//3654 3884//3682
f 3490//3683 2974//3494 3492//3493 3884//3682
f 3489//3684 3824//3502 2974//3494 3490//3683
f 2966//3606 3368//3605 3885//2794 3351//3685
f 3335//3686 3149//3551 3842//3550 3339//3687
f 3339//3687 3842//3550 3152//3549 3340//3688
f 3340//3688 3152//3549 3839//3543 3421//3689
f 3421//3689 3839//3543 3155//3544 2951//3690
f 2951//3690 3155//3544 3840//3545 3886//3691
f 3840//3545 3378//3546 3420//3692 3886//3691
f 3420//3692 3378//3546 3251//3547 3887//3693
f 3251//3547 3841//3548 3384//3694 3887//3693
f 3334//3695 3406//3542 3149//3551 3335//3686
f 3563//3553 3843//3552 3561//3696 3888//3697
f 3484//3698 3844//3556 3845//3557 3554//3699
f 3554//3699 3845//3557 3307//3558 3556//3700
f 3189//3701 3846//3559 3844//3556 3484//3698
f 3479//3702 3478//3560 3846//3559 3189//3701
f 3594//3703 3386//3510 3436//3509 3422//3704
f 3436//3509 3449//3508 3453//3705 3422//3704
f 3449//3508 3450//3507 3889//3706 3453//3705
f 3450//3507 3395//3498 3890//3707 3889//3706
f 3268//3708 3826//3511 3386//3510 3594//3703
f 3891//3709 3269//3517 3826//3511 3268//3708
f 3098//3588 3105//3589 3213//3710 3892//3711
f 3221//3569 3847//3568 3106//3712 3107//3713
f 3102//3522 3216//3523 3110//3714 3109//3715
f 3216//3523 3217//3451 3893//3716 3110//3714
f 3360//3717 3363//3525 3361//3526 3358//3718
f 3358//3718 3361//3526 3832//3527 3348//3719
f 3831//3524 3363//3525 3364//3720 3432//3721
f 3236//3528 3831//3524 3432//3721 3894//3722
f 3834//3530 3833//3529 3411//3723 3412//3724
f 3835//3532 3371//3531 3362//3725 3137//3726
f 3248//3533 3835//3532 3137//3726 3872//3632
f 3225//3727 3837//3537 3836//3536 3895//3728
f 3337//3729 3227//3538 3837//3537 3225//3727
f 3374//3592 3855//3594 3379//3730 3896//3731
f 3855//3594 3254//3595 3897//3732 3379//3730
f 3898//3733 3854//3593 3374//3592 3896//3731
f 3495//3611 3279//3612 3900//3734 3899//3735
f 3901//3736 3524//3506 3294//3505 3293//3737
f 3293//3737 3294//3505 3807//3453 3867//3626
f 3471//3738 3010//3586 3296//3587 3497//3739
f 3512//3740 3853//3583 3852//3582 3950//3741
f 3950//3741 3852//3582 3851//3580 3568//3581
f 3350//3535 3239//3534 3902//3742 3549//3743
f 3550//3744 2969//3590 3353//3591 3553//3745
f 3850//3578 3382//3579 3372//2795 3548//3746
f 3552//3747 3849//3577 3850//3578 3548//3746
f 3551//3748 3134//3576 3849//3577 3552//3747
f 3513//3749 3858//3610 3514//3609 3515//3750
f 3514//3609 3401//3607 3903//3751 3515//3750
f 3401//3607 3400//3608 3904//3752 3903//3751
f 3418//3574 3405//3570 3476//3753 3905//3754
f 3476//3753 3405//3570 3445//3571 3477//3755
f 3477//3755 3445//3571 3444//3572 3906//3756
f 3906//3756 3444//3572 2976//3573 3537//3757
f 3848//3575 3418//3574 3905//3754 2968//3758
f 3907//3759 3538//3584 3439//3585 3531//3760
f 3529//3761 3857//3601 3534//3602 3535//3762
f 3578//3763 3581//3603 3579//3604 3908//3764
f 3456//3765 3828//3515 3827//3514 3393//3766
f 3393//3766 3827//3514 3394//3473 3459//3624
f 3059//3674 3058//3555 3054//3554 3057//3521
f 3346//3600 2966//3606 3351//3685 3354//3649
f 2976//3573 3478//3560 3479//3702 3537//3757
f 3106//3712 3847//3568 3102//3522 3109//3715
f 3348//3719 3832//3527 3872//3632 3137//3726
f 3900//3734 3279//3612 3857//3601 3529//3761
f 3355//3478 3350//3535 3549//3743 3546//3653
f 3366//3477 3834//3530 3412//3724 3367//3650
f 3890//3707 3395//3498 3828//3515 3456//3765
f 3841//3548 2969//3590 3550//3744 3384//3694
f 3561//3696 3843//3552 3269//3517 3891//3709
f 3439//3585 3858//3610 3513//3749 3531//3760
f 3859//3613 2944//3621 3909//3767 3090//3662
f 2944//3621 3751//3311 3860//3614 3909//3767
f 3869//3629 3821//3488 3861//3615 3104//3768
f 3010//3586 3471//3738 3910//3769 3440//3655
f 3853//3583 3512//3740 3502//3770 3012//3646
f 3556//3700 3307//3558 3012//3646 3502//3770
f 3865//3623 3018//3485 3114//3622 3911//3771
f 3868//3627 3058//3555 3059//3674 3912//3772
f 3912//3772 3059//3674 3882//3673 3557//3773
f 3113//3774 3913//3775 3090//3662
f 3091//3513 3090//3662 3913//3775 3092//3628
f 3893//3716 3217//3451 3092//3628 3913//3775
f 3861//3615 3830//3519 3097//3664 3914//3776
f 3215//3638 3221//3569 3107//3713 3226//3777
f 3895//3728 3836//3536 3215//3638 3226//3777
f 3213//3710 3105//3589 3230//3618 3331//3778
f 3230//3618 3229//3540 3883//3678 3331//3778
f 3909//3767 3860//3614 3865//3623 3115//3779
f 3129//3459 3419//3640 3915//3780 3870//3630
f 3406//3542 3334//3695 3337//3729 3873//3676
f 3227//3538 3337//3729 3334//3695 3336//3666
f 3880//3659 3824//3502 3489//3684 3916//3781
f 3199//3656 3812//3462 3868//3627 3917//3782
f 3201//3658 3823//3497 3203//3661 3918//3783
f 3879//3657 3814//3466 3201//3658 3919//3784
f 3325//3668 3875//3637 3200//3669 3320//3785
f 3200//3669 3204//3670 3920//3786 3320//3785
f 3337//3729 3225//3727 3921//3787 3873//3676
f 3921//3787 3225//3727 3895//3728 3214//3788
f 3371//3531 3247//3617 3922//3789 3362//3725
f 3265//3633 3266//3471 3566//3642 3565//3790
f 3882//3673 3267//3667 3923//3791 3557//3773
f 3267//3667 3265//3633 3565//3790 3923//3791
f 3497//3739 3296//3587 3498//3645 3510//3792
f 3510//3792 3498//3645 2975//3636 3509//3793
f 2975//3636 3524//3506 3901//3736 3509//3793
f 3908//3764 3579//3604 3877//3644 3580//3794
f 3580//3794 3877//3644 3300//3475 3299//3465
f 3580//3794 3299//3465 3440//3655 3441//3795
f 3336//3666 3334//3695 3335//3686 3338//3647
f 3881//3665 3336//3666 3338//3647 2970//3596
f 3335//3686 3339//3687 3407//3796 3338//3647
f 3407//3796 3339//3687 3340//3688 3897//3732
f 3878//3648 3349//3490 3354//3649 3924//3797
f 3353//3591 3546//3653 3547//3798 3553//3745
f 3363//3525 3360//3717 3435//3799 3364//3720
f 3885//2794 3368//3605 3367//3650 3365//2792
f 3372//2795 3382//3579 3380//3641 3381//2796
f 3425//3643 3822//3491 3437//3651 3424//3800
f 3535//3762 3534//3602 3425//3643 3424//3800
f 3416//3469 3417//3660 3928//3801 3419//3640
f 3581//3603 3578//3763 3946//3802 3459//3624
f 3467//3567 3469//3681 3583//3803 3437//3651
f 3544//3460 3871//3631 3925//3804 3247//3617
f 3134//3576 3551//3748 2950//3805 3871//3631
f 3566//3642 3558//3470 3562//3652 3926//3806
f 3866//3625 3569//3464 3570//3635 3927//3807
f 3204//3670 3856//3599 3879//3657 3919//3784
f 3417//3660 3848//3575 2968//3758 3928//3801
f 3383//3520 3863//3619 3929//3808 3380//3641
f 3863//3619 3864//3620 3377//3809 3929//3808
f 3541//3489 3869//3629 3104//3768 2987//3450
f 3411//3723 3833//3529 3870//3630 3413//3810
f 3400//3608 3876//3639 3930//3811 3904//3752
f 3930//3811 3876//3639 3236//3528 3894//3722
f 3239//3534 3878//3648 3357//3812 3902//3742
f 3874//3634 3180//3503 3880//3659 3488//3813
f 3570//3635 3179//3492 3874//3634 3487//3814
f 3340//3688 3421//3689 3379//3730 3897//3732
f 3421//3689 2951//3690 3896//3731 3379//3730
f 3562//3652 3563//3553 3888//3697 3564//3815
f 3862//3616 3098//3588 3892//3711 3099//3816
f 3407//3796 3897//3732 3254//3595 3338//3647
f 3864//3620 3854//3593 3898//3733 3886//3691
f 2951//3690 3886//3691 3898//3733 3896//3731
f 3864//3620 3886//3691 3420//3692 3377//3809
f 3377//3809 3420//3692 3887//3693 3381//2796
f 3381//2796 3887//3693 3384//3694 3385//2797
f 3496//3654 3495//3611 3899//3735 3884//3682
f 3867//3626 3538//3584 3907//3759 3532//3817
f 3314//3818 2955//3671 3325//3668 3320//3785
f 3114//3622 2987//3450 3104//3768 3931//3819
f 3932//3820 3099//3816 3109//3715
f 3100//3663 3862//3616 3099//3816 3932//3820
f 3941//3821 3097//3664 3100//3663 3932//3820
f 3203//3661 3199//3656 3917//3782 3933//3822
f 3316//3672 2955//3671 3314//3818 3321//3823
f 3315//3824 3427//3675 3316//3672 3321//3823
f 3333//3677 3873//3676 3921//3787 3214//3788
f 3934//3825 3468//3679 3427//3675 3315//3824
f 2972//3680 3468//3679 3934//3825 3438//3826
f 3470//3827 3469//3681 2972//3680 3438//3826
f 3883//3678 3333//3677 3214//3788 3331//3778
f 3549//3743 3902//3742 3935//3828 3545//3829
f 3889//3706 3890//3707 3454//3830 3451//3831
f 3936//3832 3453//3705 3889//3706 3451//3831
f 3937//3833 3422//3704 3453//3705 3936//3832
f 3938//3834 3594//3703 3422//3704 3937//3833
f 3939//3835 3268//3708 3594//3703 3938//3834
f 3596//3836 3891//3709 3268//3708 3939//3835
f 3906//3756 3537//3757 3971//3837 3528//3838
f 3477//3755 3906//3756 3528//3838 3475//3839
f 3940//3840 3476//3753 3477//3755 3475//3839
f 3905//3754 3476//3753 3940//3840 3506//3841
f 2968//3758 3905//3754 3506//3841 3433//3842
f 3892//3711 3213//3710 3107//3713 3106//3712
f 3932//3820 3109//3715 3110//3714 3941//3821
f 3941//3821 3110//3714 3893//3716 3103//3843
f 3924//3797 3137//3726 3362//3725 3359//3844
f 3942//3845 3479//3702 3189//3701 3480//3846
f 3480//3846 3189//3701 3484//3698 3481//3847
f 3481//3847 3484//3698 3554//3699 3555//3848
f 3555//3848 3554//3699 3556//3700 3526//3849
f 3894//3722 3432//3721 3943//3850 3408//3851
f 3432//3721 3364//3720 3414//3852 3943//3850
f 3352//2793 3358//3718 3348//3719 3347//3853
f 3360//3717 3358//3718 3352//2793 3365//2792
f 3519//3854 3899//3735 3900//3734 3944//3855
f 3577//3856 3578//3763 3908//3764 3983//3857
f 3351//3685 3885//2794 3352//2793 3347//3853
f 3548//3746 3372//2795 3385//2797 3553//3745
f 3547//3798 3552//3747 3548//3746 3553//3745
f 3550//3744 3553//3745 3385//2797 3384//3694
f 3551//3748 3552//3747 3547//3798 3545//3829
f 3945//3858 3456//3765 3393//3766 3458//3859
f 3458//3859 3393//3766 3459//3624 3946//3802
f 3903//3751 3904//3752 3434//3860 3505//3861
f 3515//3750 3903//3751 3505//3861 3947//3862
f 3948//3863 3513//3749 3515//3750 3947//3862
f 3504//3864 3512//3740 3950//3741 3949//3865
f 3950//3741 3568//3581 3866//3625 3949//3865
f 3571//3866 3949//3865 3866//3625 3927//3807
f 3412//3724 3411//3723 3414//3852 3951//3867
f 3952//3868 3907//3759 3531//3760 3527//3869
f 3953//3870 3471//3738 3497//3739 3954//3871
f 3463//3872 3489//3684 3490//3683 3493//3873
f 3490//3683 3884//3682 3491//3874 3493//3873
f 3522//3875 3901//3736 3293//3737 3530//3876
f 3530//3876 3293//3737 3867//3626 3532//3817
f 3955//3877 3529//3761 3535//3762 3611//3878
f 3560//3879 3888//3697 3561//3696 3605//3880
f 3414//3852 3364//3720 3435//3799 3951//3867
f 3099//3816 3892//3711 3106//3712 3109//3715
f 3226//3777 3107//3713 3213//3710 3331//3778
f 3347//3853 3348//3719 3137//3726 3924//3797
f 3226//3777 3331//3778 3214//3788 3895//3728
f 3367//3650 3412//3724 3951//3867 3365//2792
f 3435//3799 3360//3717 3365//2792 3951//3867
f 3929//3808 3377//3809 3381//2796 3380//3641
f 3943//3850 3414//3852 3411//3723 3413//3810
f 3483//3881 3537//3757 3479//3702 3942//3845
f 3491//3874 3884//3682 3899//3735 3519//3854
f 3531//3760 3513//3749 3948//3863 3527//3869
f 3545//3829 3547//3798 3546//3653 3549//3743
f 3454//3830 3890//3707 3456//3765 3945//3858
f 3605//3880 3561//3696 3891//3709 3596//3836
f 3944//3855 3900//3734 3529//3761 3955//3877
f 3908//3764 3580//3794 3441//3795 3983//3857
f 2950//3805 3551//3748 3545//3829 3935//3828
f 2968//3758 3433//3842 3410//3882 3928//3801
f 3927//3807 3570//3635 3487//3814 3486//3883
f 3904//3752 3930//3811 3237//3884 3434//3860
f 3930//3811 3894//3722 3408//3851 3237//3884
f 3917//3782 3868//3627 3912//3772 3956//3885
f 3956//3885 3912//3772 3557//3773 3327//3886
f 3114//3622 3931//3819 3111//3887 3911//3771
f 3914//3776 3097//3664 3941//3821 3103//3843
f 3931//3819 3104//3768 3861//3615 3914//3776
f 3115//3779 3865//3623 3911//3771 3113//3774
f 3203//3661 3933//3822 3323//3888 3918//3783
f 3920//3786 3204//3670 3919//3784 3205//3889
f 3557//3773 3923//3791 3328//3890 3327//3886
f 3915//3780 3419//3640 3928//3801 3410//3882
f 3354//3649 3351//3685 3347//3853 3924//3797
f 3878//3648 3924//3797 3359//3844 3357//3812
f 3359//3844 3362//3725 3922//3789 3957//3891
f 3922//3789 3247//3617 3925//3804 3957//3891
f 3413//3810 3870//3630 3915//3780 3409//3892
f 3871//3631 2950//3805 3415//3893 3925//3804
f 3437//3651 3583//3803 3582//3894 3424//3800
f 3489//3684 3463//3872 3464//3895 3916//3781
f 3488//3813 3880//3659 3916//3781 3466//3896
f 3469//3681 3470//3827 3588//3897 3583//3803
f 3954//3871 3497//3739 3510//3792 3500//3898
f 3512//3740 3504//3864 3501//3899 3502//3770
f 3510//3792 3509//3793 3521//3900 3500//3898
f 3509//3793 3901//3736 3522//3875 3521//3900
f 3535//3762 3424//3800 3584//3901 3611//3878
f 3565//3790 3566//3642 3926//3806 3959//3902
f 3923//3791 3565//3790 3959//3902 3328//3890
f 3926//3806 3562//3652 3564//3815 3960//3903
f 3578//3763 3577//3856 3961//3904 3946//3802
f 3487//3814 3874//3634 3488//3813 3465//2801
f 3962//3905 3960//3903 3564//3815
f 3888//3697 3560//3879 3962//3905 3564//3815
f 3103//3843 3893//3716 3913//3775 3113//3774
f 3902//3742 3357//3812 3963//3906 3935//3828
f 3090//3662 3909//3767 3115//3779 3113//3774
f 3440//3655 3910//3769 3964//3907 3441//3795
f 3919//3784 3201//3658 3918//3783 3205//3889
f 3471//3738 3953//3870 3965//2799 3910//3769
f 3933//3822 3917//3782 3956//3885 3198//3908
f 3408//3851 3943//3850 3413//3810 3409//3892
f 3526//3849 3556//3700 3502//3770 3501//3899
f 3313//3909 3320//3785 3920//3786 3317//3910
f 3314//3818 3320//3785 3313//3909 3966//3911
f 3321//3823 3314//3818 3966//3911 3600//3912
f 3315//3824 3321//3823 3600//3912 3967//3913
f 3934//3825 3315//3824 3967//3913 3438//3826
f 3593//3914 3938//3834 3937//3833 3387//3915
f 3387//3915 3937//3833 3936//3832 3485//3916
f 3485//3916 3936//3832 3451//3831 3968//3917
f 3451//3831 3454//3830 3969//3918 3968//3917
f 3597//3919 3939//3835 3938//3834 3593//3914
f 3590//3920 3596//3836 3939//3835 3597//3919
f 3237//3884 3433//3842 3506//3841 3434//3860
f 3506//3841 3940//3840 3505//3861 3434//3860
f 3940//3840 3475//3839 3947//3862 3505//3861
f 3948//3863 3947//3862 3475//3839 3527//3869
f 3527//3869 3475//3839 3528//3838 3952//3868
f 3952//3868 3528//3838 3971//3837 3970//3921
f 3483//3881 3970//3921 3971//3837 3537//3757
f 3907//3759 3952//3868 3970//3921 3532//3817
f 3508//3922 3955//3877 3611//3878 3609//3923
f 3945//3858 3458//3859 3972//3924 3452//3925
f 3458//3859 3946//3802 3958//3926 3972//3924
f 3518//3927 3491//3874 3519//3854
f 2953//3928 3463//3872 3493//3873 3973//3929
f 3973//3929 3493//3873 3491//3874 3518//3927
f 3499//3930 3953//3870 3954//3871 3472//2805
f 3473//3931 3949//3865 3571//3866 3576//3932
f 3504//3864 3949//3865 3473//3931 3503//3933
f 3572//3934 3571//3866 3927//3807 3486//3883
f 3482//3935 3481//3847 3555//3848 3511//3936
f 3511//3936 3555//3848 3526//3849 3974//2804
f 3975//3937 3480//3846 3481//3847 3482//3935
f 3533//3938 3942//3845 3480//3846 3975//3937
f 3530//3876 3532//3817 3976//3939 3536//3940
f 3522//3875 3530//3876 3536//3940 3523//3941
f 3587//3942 3560//3879 3605//3880 3604//3943
f 3574//3944 3577//3856 3983//3857 3575//3945
f 3610//3946 3977//3947 3508//3922
f 3519//3854 3944//3855 3977//3947 3518//3927
f 3111//3887 3931//3819 3914//3776 3103//3843
f 3111//3887 3103//3843 3113//3774 3911//3771
f 3237//3884 3408//3851 3409//3892 3433//3842
f 3357//3812 3359//3844 3957//3891 3963//3906
f 3957//3891 3925//3804 3415//3893 3963//3906
f 3409//3892 3915//3780 3410//3882 3433//3842
f 3976//3939 3532//3817 3970//3921 3483//3881
f 3483//3881 3942//3845 3533//3938 3976//3939
f 3977//3947 3944//3855 3955//3877 3508//3922
f 3604//3943 3605//3880 3596//3836 3590//3920
f 3415//3893 2950//3805 3935//3828 3963//3906
f 3969//3918 3454//3830 3945//3858 3452//3925
f 3198//3908 3956//3885 3327//3886 3324//3948
f 3205//3889 3918//3783 3323//3888 3197//3949
f 3327//3886 3328//3890 3329//3950 3324//3948
f 3910//3769 3965//2799 3978//2798 3964//3907
f 3486//3883 3487//3814 3465//2801 3460//2803
f 3463//3872 2953//3928 3979//3951 3464//3895
f 3916//3781 3464//3895 3461//3952 3466//3896
f 3465//2801 3488//3813 3466//3896 3980//2802
f 3953//3870 3499//3930 3981//2800 3965//2799
f 3954//3871 3500//3898 3525//2806 3472//2805
f 3500//3898 3521//3900 2954//3953 3525//2806
f 3521//3900 3522//3875 3523//3941 2954//3953
f 3974//2804 3526//3849 3501//3899 3404//3954
f 3501//3899 3504//3864 3503//3933 3404//3954
f 3962//3905 3560//3879 3587//3942 3601//3955
f 3329//3950 3328//3890 3959//3902 3602//3956
f 3571//3866 3572//3934 3574//3944 3576//3932
f 3577//3856 3574//3944 3572//3934 3961//3904
f 3961//3904 3572//3934 3486//3883 3460//2803
f 3958//3926 3946//3802 3961//3904 3460//2803
f 3576//3932 3574//3944 3575//3945 3573//3957
f 3583//3803 3588//3897 2952//3958 3582//3894
f 3584//3901 3424//3800 3582//3894 3586//3959
f 3609//3923 3611//3878 3584//3901 3585//3960
f 3323//3888 3933//3822 3198//3908 3197//3949
f 3602//3956 3959//3902 3926//3806 3960//3903
f 3441//3795 3964//3907 3982//3961 3983//3857
f 3982//3961 3443//3962 3575//3945 3983//3857
f 3443//3962 3982//3961 3964//3907 3978//2798
f 3473//3931 3576//3932 3573//3957 3503//3933
f 3536//3940 3976//3939 3533//3938 3975//3937
f 3975//3937 3482//3935 3523//3941 3536//3940
f 3482//3935 3511//3936 2954//3953 3523//3941
f 3511//3936 3974//2804 3525//2806 2954//3953
f 3317//3910 3920//3786 3205//3889 3197//3949
f 3966//3911 3313//3909 3317//3910 3318//3963
f 3984//3964 3600//3912 3966//3911 3318//3963
f 3967//3913 3600//3912 3984//3964 3599//3965
f 3438//3826 3967//3913 3599//3965 3470//3827
f 3589//3966 3588//3897 3470//3827 3599//3965
f 3607//3967 3387//3915 3485//3916 3985//3968
f 3985//3968 3485//3916 3968//3917 3457//3969
f 3457//3969 3968//3917 3969//3918 3452//3925
f 3606//3970 3593//3914 3387//3915 3607//3967
f 3598//3971 3597//3919 3593//3914 3606//3970
f 3592//3972 3590//3920 3597//3919 3598//3971
f 2953//3928 3973//3929 3517//3973 3516//3974
f 3517//3973 3973//3929 3518//3927 3520//3975
f 3520//3975 3518//3927 3977//3947 3610//3946
f 3404//3954 3499//3930 3472//2805 3974//2804
f 3986//3976 3587//3942 3604//3943 3591//3977
f 3508//3922 3609//3923 3987//3978 3610//3946
f 3972//3924 3958//3926 3462//3979 3455//3980
f 3452//3925 3972//3924 3455//3980 3457//3969
f 3591//3977 3604//3943 3590//3920 3592//3972
f 3464//3895 3979//3951 3988//3981 3461//3952
f 3979//3951 2953//3928 3516//3974 3457//3969
f 3317//3910 3197//3949 3319//3982 3318//3963
f 3319//3982 3197//3949 3198//3908 3324//3948
f 3324//3948 3329//3950 3989//3983 3319//3982
f 3329//3950 3602//3956 3997//3984 3989//3983
f 3499//3930 3404//3954 3442//3985 3981//2800
f 3442//3985 3404//3954 3503//3933 3573//3957
f 3573//3957 3575//3945 3443//3962 3442//3985
f 3442//3985 3443//3962 3978//2798 3981//2800
f 3979//3951 3457//3969 3455//3980 3988//3981
f 3988//3981 3455//3980 3462//3979 3461//3952
f 3466//3896 3461//3952 3462//3979 3980//2802
f 3980//2802 3462//3979 3958//3926 3460//2803
f 3962//3905 3601//3955 3603//3986 3960//3903
f 3602//3956 3960//3903 3603//3986 3997//3984
f 3609//3923 3585//3960 3595//3987 3987//3978
f 3585//3960 3584//3901 3586//3959 3591//3977
f 3586//3959 3582//3894 2952//3958 3990//3988
f 3588//3897 3589//3966 3991//3989 2952//3958
f 3610//3946 3987//3978 3608//3990 3520//3975
f 3599//3965 3984//3964 3326//3991 3589//3966
f 3984//3964 3318//3963 3992//3992 3326//3991
f 3587//3942 3986//3976 3990//3988 3601//3955
f 3986//3976 3591//3977 3586//3959 3990//3988
f 3985//3968 3457//3969 3516//3974 3507//3993
f 3507//3993 3516//3974 3517//3973 3520//3975
f 3607//3967 3985//3968 3507//3993 3993//3994
f 3994//3995 3606//3970 3607//3967 3993//3994
f 3995//3996 3598//3971 3606//3970 3994//3995
f 3595//3987 3592//3972 3598//3971 3995//3996
f 3992//3992 3318//3963 3319//3982 3989//3983
f 3993//3994 3507//3993 3520//3975 3608//3990
f 3585//3960 3591//3977 3592//3972 3595//3987
f 3987//3978 3595//3987 3995//3996 3608//3990
f 3990//3988 2952//3958 3991//3989 3601//3955
f 3989//3983 3997//3984 3996//3997 3992//3992
f 3589//3966 3326//3991 3998//3998 3991//3989
f 3326//3991 3992//3992 3996//3997 3998//3998
f 3608//3990 3995//3996 3994//3995 3993//3994
f 3603//3986 3601//3955 3991//3989 3998//3998
f 3996//3997 3997//3984 3603//3986 3998//3998
f 4026//3999 4062//4000 4096//4001
f 1338//1326 1337//1329 4037//4002 4025//4003
f 1337//1329 1336//1360 4070//4004 4037//4002
f 1332//1322 3999//4005 4038//4006 1333//1323
f 4038//4006 3999//4005 4000//4007 4071//4008
f 1315//1318 1314//1321 4032//4009 4011//4010
f 1314//1321 1313//1336 4072//4011 4032//4009
f 1313//1336 1312//1335 4073//4012 4072//4011
f 1310//1313 1309//1312 4012//4013 4041//4014
f 4041//4014 4012//4013 4013//4015 4074//4016
f 1334//1356 1333//1323 4038//4006 4075//4017
f 1335//1357 1334//1356 4075//4017 4076//4018
f 4077//4019 4010//4020 4011//4010 4032//4009
f 1311//1316 1310//1313 4041//4014 4078//4021
f 4080//4022 4001//4023 4002//4024 4079//4025
f 4079//4025 4002//4024 4003//4026 4048//4027
f 4048//4027 4003//4026 4004//4028 4081//4029
f 4081//4029 4004//4028 4005//4030 4082//4031
f 4005//4030 4006//4032 4047//4033 4082//4031
f 4006//4032 4007//4034 4083//4035 4047//4033
f 4007//4034 4008//4036 4084//4037 4083//4035
f 4008//4036 4009//4038 4085//4039 4084//4037
f 4015//4040 4016//4041 4053//4042 4064//4043
f 4016//4041 4017//4044 4045//4045 4053//4042
f 4086//4046 4018//4047 4019//4048 4046//4049
f 4019//4048 4020//4050 4087//4051 4046//4049
f 4088//4052 4021//4053 4022//4054 4066//4055
f 4022//4054 4023//4056 4043//4057 4066//4055
f 4023//4056 4024//4058 4089//4059 4043//4057
f 4071//4008 4000//4007 4001//4023 4080//4022
f 4074//4016 4013//4015 4014//4060 4042//4061
f 4015//4040 4064//4043 4042//4061 4014//4060
f 4025//4003 4037//4002 4036//4062 4024//4058
f 4036//4062 4037//4002 4070//4004 4028//4063
f 4032//4009 4072//4011 4090//4064 4077//4019
f 4072//4011 4073//4012 4091//4065 4090//4064
f 4075//4017 4038//4006 4071//4008 4050//4066
f 4078//4021 4041//4014 4074//4016 4092//4067
f 1336//1360 1335//1357 4076//4018 4070//4004
f 4010//4020 4077//4019 4069//4068 4009//4038
f 1312//1335 1311//1316 4078//4021 4073//4012
f 4017//4044 4018//4047 4086//4046 4045//4045
f 4021//4053 4088//4052 4087//4051 4020//4050
f 4027//4069 4076//4018 4075//4017 4050//4066
f 4094//4070 4046//4049 4087//4051 4093//4071
f 4085//4039 4009//4038 4069//4068 4095//4072
f 4084//4037 4085//4039 4095//4072 4058//4073
f 4083//4035 4084//4037 4058//4073 4040//4074
f 4047//4033 4083//4035 4040//4074 4059//4075
f 4089//4059 4024//4058 4036//4062 4096//4001
f 4062//4000 4043//4057 4089//4059 4096//4001
f 4097//4076 4066//4055 4043//4057 4062//4000
f 4114//4077 4080//4022 4079//4025 4061//4078
f 4061//4078 4079//4025 4048//4027 4065//4079
f 4048//4027 4081//4029 4098//4080 4065//4079
f 4098//4080 4081//4029 4082//4031 4060//4081
f 4082//4031 4047//4033 4059//4075 4060//4081
f 4064//4043 4053//4042 4099//4082 4049//4083
f 4088//4052 4066//4055 4063//4084 4068//4085
f 4086//4046 4046//4049 4055//4086 4039//4087
f 4050//4066 4071//4008 4080//4022 4114//4077
f 4073//4012 4078//4021 4092//4067 4091//4065
f 4093//4071 4087//4051 4088//4052 4068//4085
f 4028//4063 4070//4004 4076//4018 4027//4069
f 4092//4067 4074//4016 4042//4061 4031//4088
f 4031//4088 4042//4061 4064//4043 4049//4083
f 4096//4001 4036//4062 4028//4063 4026//3999
f 4077//4019 4090//4064 4033//4089 4069//4068
f 4045//4045 4086//4046 4039//4087 4044//4090
f 4090//4064 4091//4065 4034//4091 4033//4089
f 4055//4086 4046//4049 4094//4070 4100//4092
f 4094//4070 4093//4071 4101//4093 4100//4092
f 4063//4084 4066//4055 4097//4076 4102//4094
f 4102//4094 4097//4076 4062//4000 4026//3999
f 4095//4072 4069//4068 4033//4089 4103//4095
f 4058//4073 4095//4072 4103//4095 4104//4096
f 4040//4074 4058//4073 4104//4096 4029//4097
f 4059//4075 4040//4074 4029//4097 4056//4098
f 4060//4081 4059//4075 4056//4098 4057//4099
f 4105//4100 4098//4080 4060//4081 4057//4099
f 4115//4101 4065//4079 4098//4080 4105//4100
f 4107//4102 4061//4078 4065//4079 4106//4103
f 4108//4104 4027//4069 4050//4066 4114//4077
f 4044//4090 4099//4082 4053//4042 4045//4045
f 4110//4105 4054//4106 4057//4099
f 4109//4107 4039//4087 4055//4086 4110//4105
f 4068//4085 4063//4084 4067//4108 4111//4109
f 4049//4083 4099//4082 4052//4110 4035//4111
f 4091//4065 4092//4067 4031//4088 4034//4091
f 4026//3999 4028//4063 4027//4069 4108//4104
f 4093//4071 4068//4085 4111//4109 4101//4093
f 4103//4095 4033//4089 4034//4091 4035//4111
f 4031//4088 4049//4083 4035//4111 4034//4091
f 4035//4111 4052//4110 4104//4096 4103//4095
f 4110//4105 4055//4086 4100//4092 4054//4106
f 4100//4092 4101//4093 4030//4112 4054//4106
f 4063//4084 4102//4094 4112//4113 4067//4108
f 4102//4094 4026//3999 4108//4104 4112//4113
f 4108//4104 4114//4077 4113//4114 4112//4113
f 4113//4114 4114//4077 4061//4078 4107//4102
f 4099//4082 4044//4090 4051//4115 4052//4110
f 4044//4090 4039//4087 4109//4107 4051//4115
f 4029//4097 4104//4096 4052//4110 4051//4115
f 4056//4098 4029//4097 4051//4115 4109//4107
f 4056//4098 4109//4107 4110//4105 4057//4099
f 4105//4100 4057//4099 4054//4106 4115//4101
f 4116//4116 4106//4103 4065//4079 4115//4101
f 4107//4102 4106//4103 4111//4109 4067//4108
f 4030//4112 4106//4103 4116//4116
f 4113//4114 4107//4102 4067//4108 4112//4113
f 4030//4112 4101//4093 4111//4109 4106//4103
f 4115//4101 4054//4106 4030//4112 4116//4116
f 4142//4117 4144//4118 4124//4119
f 4501//4120 4288//4121 4965//4122
f 5292//4123 4663//4124 5304//4125
f 4292//4126 4627//4127 4524//4128
f 5302//4129 4790//4130 5301//4131
f 4569//4132 4227//4133 5084//4134
f 4673//4135 4679//4136 4678//4137
f 4301//4138 4763//4139 4384//4140
f 4012//4013 1309//1312 4117//4141 4846//4142
f 4846//4142 4117//4141 1309//1312 4186//4143
f 4186//4143 1309//1312 1581//1477 4847//4144
f 4847//4144 1581//1477 1580//1739 4848//4145
f 294//295 108//145 1509//1458 4202//4146
f 1509//1458 1508//1493 4200//4147 4202//4146
f 4120//4148 1338//1326 4025//4003 4126//4149
f 4126//4149 4025//4003 4024//4058 4131//4150
f 4131//4150 4024//4058 4023//4056 4166//4151
f 4166//4151 4023//4056 4022//4054 4206//4152
f 4022//4054 4021//4053 4388//4153 4206//4152
f 4021//4053 4020//4050 4849//4154 4388//4153
f 4167//4155 1510//1474 13//8 224//198
f 1511//1471 1510//1474 4167//4155 4133//4156
f 1512//1472 1511//1471 4133//4156 4156//4157
f 1513//1475 1512//1472 4156//4157 4850//4158
f 295//324 294//295 4202//4146 4201//4159
f 296//325 295//324 4201//4159 4851//4160
f 4852//4161 297//327 296//325 4851//4160
f 4119//4162 4120//4148 4126//4149 4853//4163
f 1338//1326 4119//4162 4853//4163 4121//4164
f 1442//1451 1338//1326 4121//4164 4854//4165
f 1443//1453 1442//1451 4854//4165 4160//4166
f 1444//1455 1443//1453 4160//4166 4205//4167
f 1579//1737 1578//1736 4386//4168 4855//4169
f 1578//1736 1577//1733 4284//4170 4386//4168
f 4856//4171 1576//1731 1575//1729 4857//4172
f 1574//1728 1573//1725 4858//4173 4278//4174
f 1572//1723 1571//1721 4859//4175 4279//4176
f 1571//1721 1570//1719 4860//4177 4859//4175
f 1570//1719 1569//1718 4495//4178 4860//4177
f 1569//1718 1568//1744 4861//4179 4495//4178
f 1567//1714 1566//1713 4275//4180 4862//4181
f 1566//1713 1565//1710 4276//4182 4275//4180
f 1565//1710 1564//1709 4863//4183 4276//4182
f 1564//1709 1563//1707 4864//4184 4863//4183
f 4479//4185 1561//1703 1560//1700 4865//4186
f 1559//1699 1558//1696 4866//4187 4287//4188
f 4867//4189 1555//1691 1554//1690 4522//4190
f 4868//4191 1553//1776 1552//1686 4290//4192
f 1551//1685 1550//1683 4291//4193 4869//4194
f 4870//4195 1548//1679 1547//1677 4425//4196
f 1547//1677 1546//1676 4871//4197 4425//4196
f 1546//1676 1545//1773 4330//4198 4871//4197
f 4969//4199 1545//1773 1544//1673 4329//4200
f 4872//4201 1543//1671 1542//1670 4323//4202
f 1542//1670 1541//1666 4254//4203 4323//4202
f 5042//4204 1541//1666 1540//1665 4253//4205
f 4873//4206 1539//1663 1538//1661 4321//4207
f 4321//4207 1538//1661 1537//1659 4447//4208
f 1537//1659 1536//1657 4328//4209 4447//4208
f 1536//1657 1535//1655 4874//4210 4328//4209
f 4876//4211 1534//1653 1533//1651 4875//4212
f 4877//4213 1532//1650 1531//1771 4225//4214
f 4225//4214 1531//1771 1530//1647 4272//4215
f 1530//1647 1529//1645 4343//4216 4272//4215
f 1529//1645 1528//1643 4878//4217 4343//4216
f 4265//4218 1527//1642 1526//1639 4263//4219
f 1525//1637 1524//1635 4264//4220 4879//4221
f 1524//1635 1523//1633 4880//4222 4264//4220
f 4947//4223 1523//1633 1522//1631 4881//4224
f 1521//1629 1520//1627 4249//4225 4882//4226
f 1520//1627 1519//1625 4883//4227 4249//4225
f 4885//4228 1517//1768 1516//1620 4884//4229
f 1516//1620 1515//1619 4252//4230 4884//4229
f 1515//1619 1514//1766 4886//4231 4252//4230
f 4134//4232 223//200 222//223 4887//4233
f 4141//4234 221//221 220//219 4888//4235
f 4888//4235 220//219 219//217 4889//4236
f 4137//4237 218//215 217//213 4890//4238
f 215//209 4118//4239 4891//4240 4135//4241
f 4118//4239 215//209 4130//4242 4891//4240
f 4130//4242 215//209 300//298 4892//4243
f 4892//4243 300//298 299//331 4139//4244
f 4139//4244 299//331 298//329 4168//4245
f 4893//4246 1507//1495 1506//1497 4894//4247
f 1505//1498 1504//1500 4307//4248 4895//4249
f 1504//1500 1503//1502 4248//4250 4307//4248
f 4896//4251 4209//4252 4937//4253
f 1502//1504 1501//1506 4247//4254 4896//4251
f 4897//4255 1500//1616 1499//1615 4267//4256
f 4973//4257 1498//1612 1497//1611 4898//4258
f 4900//4259 1496//1609 1495//1608 4261//4260
f 1495//1608 1494//1764 4274//4261 4261//4260
f 1494//1764 1493//1605 4901//4262 4274//4261
f 1493//1605 1492//1603 4273//4263 4901//4262
f 1492//1603 1491//1601 4902//4264 4273//4263
f 1490//1598 1489//1597 4271//4265 4903//4266
f 4904//4267 1488//1595 1487//1593 4270//4268
f 1487//1593 1486//1591 4905//4269 4270//4268
f 1486//1591 1485//1590 4906//4270 4905//4269
f 1485//1590 1484//1587 4907//4271 4906//4270
f 1483//1585 1482//1583 4258//4272 4908//4273
f 1482//1583 1481//1582 4909//4274 4258//4272
f 4910//4275 1480//1579 1479//1577 4259//4276
f 4259//4276 1479//1577 1478//1575 4911//4277
f 4911//4277 1478//1575 1477//1574 4260//4278
f 4260//4278 1477//1574 1476//1571 4334//4279
f 4334//4279 1476//1571 1475//1569 4335//4280
f 4335//4280 1475//1569 1474//1568 4525//4281
f 1474//1568 1473//1565 4628//4282 4525//4281
f 1472//1563 1471//1560 4912//4283 4294//4284
f 1471//1560 1470//1559 4298//4285 4912//4283
f 4298//4285 1470//1559 1469//1557 4295//4286
f 4913//4287 1468//1555 1467//1554 4296//4288
f 1467//1554 1466//1551 4914//4289 4296//4288
f 1466//1551 1465//1550 4587//4290 4914//4289
f 1465//1550 1464//1547 4915//4291 4587//4290
f 4365//4292 1462//1543 1461//1541 4916//4293
f 4917//4294 1460//1539 1459//1538 4363//4295
f 4363//4295 1459//1538 1458//1535 4918//4296
f 4361//4297 1457//1533 1456//1531 4919//4298
f 4919//4298 1456//1531 1455//1530 4920//4299
f 1455//1530 1454//1741 4592//4300 4920//4299
f 1454//1741 1453//1526 4921//4301 4592//4300
f 1453//1526 1452//1525 4922//4302 4921//4301
f 1452//1525 1451//1522 4923//4303 4922//4302
f 4924//4304 1450//1521 1449//1519 4635//4305
f 1449//1519 1448//1517 4308//4306 4635//4305
f 1447//1516 1446//1513 4244//4307 4925//4308
f 1446//1513 1445//1512 4994//4309 4244//4307
f 4926//4310 4019//4048 4018//4047 4234//4311
f 4234//4311 4018//4047 4017//4044 4233//4312
f 4016//4041 4015//4040 4927//4313 4192//4314
f 4015//4040 4014//4060 4928//4315 4927//4313
f 4857//4172 1575//1729 1574//1728 4278//4174
f 1573//1725 1572//1723 4279//4176 4858//4173
f 1568//1744 1567//1714 4862//4181 4861//4179
f 4865//4186 1560//1700 1559//1699 4287//4188
f 1558//1696 1557//1695 4288//4121 4866//4187
f 4875//4212 1533//1651 1532//1650 4877//4213
f 4167//4155 224//198 223//200 4134//4232
f 4887//4233 222//223 221//221 4141//4234
f 4889//4236 219//217 218//215 4137//4237
f 1473//1565 1472//1563 4294//4284 4628//4282
f 4918//4296 1458//1535 1457//1533 4361//4297
f 4233//4312 4017//4044 4016//4041 4192//4314
f 4864//4184 1563//1707 1562//1705 4475//4316
f 4475//4316 1562//1705 1561//1703 4479//4185
f 216//210 215//209 4135//4241 4129//4317
f 4915//4291 1464//1547 1463//1545 4929//4318
f 1463//1545 1462//1543 4365//4292 4929//4318
f 1445//1512 1444//1455 4205//4167 4994//4309
f 4014//4060 4013//4015 4930//4319 4928//4315
f 4012//4013 4846//4142 4187//4320 4013//4015
f 4853//4163 4126//4149 4131//4150 4931//4321
f 4931//4321 4131//4150 4166//4151 4310//4322
f 4310//4322 4166//4151 4206//4152 4932//4323
f 4201//4159 4202//4146 4200//4147 4242//4324
f 4932//4323 4206//4152 4388//4153 4933//4325
f 1579//1737 4855//4169 4848//4145 1580//1739
f 4933//4325 4388//4153 4849//4154 4286//4326
f 4187//4320 4846//4142 4186//4143 4934//4327
f 4934//4327 4186//4143 4847//4144 4935//4328
f 4935//4328 4847//4144 4848//4145 4196//4329
f 1513//1475 4850//4158 4197//4330 1514//1766
f 297//327 4852//4161 4168//4245 298//329
f 1576//1731 4856//4171 4282//4331 1577//1733
f 1555//1691 4867//4189 4397//4332 1556//1693
f 1553//1776 4868//4191 4522//4190 1554//1690
f 1552//1686 1551//1685 4869//4194 4290//4192
f 1548//1679 4870//4195 4424//4333 1549//1682
f 1543//1671 4872//4201 4329//4200 1544//1673
f 1539//1663 4873//4206 4253//4205 1540//1665
f 1534//1653 4876//4211 4268//4334 1535//1655
f 1527//1642 4265//4218 4936//4335 1528//1643
f 1526//1639 1525//1637 4879//4221 4263//4219
f 1521//1629 4882//4226 4881//4224 1522//1631
f 1517//1768 4885//4228 4250//4336 1518//1624
f 1507//1495 4893//4246 4198//4337 1508//1493
f 1505//1498 4895//4249 4894//4247 1506//1497
f 1502//1504 4896//4251 4937//4253 1503//1502
f 1500//1616 4897//4255 4938//4338 1501//1506
f 1498//1612 4899//4339 4266//4340 1499//1615
f 1496//1609 4900//4259 4898//4258 1497//1611
f 1490//1598 4903//4266 4939//4341 1491//1601
f 1488//1595 4904//4267 4269//4342 1489//1597
f 1483//1585 4908//4273 4257//4343 1484//1587
f 1480//1579 4910//4275 4331//4344 1481//1582
f 1468//1555 4913//4287 4295//4286 1469//1557
f 1460//1539 4917//4294 4916//4293 1461//1541
f 1450//1521 4924//4304 4281//4345 1451//1522
f 1448//1517 1447//1516 4925//4308 4308//4306
f 4019//4048 4926//4310 4285//4346 4020//4050
f 4284//4170 1577//1733 4282//4331 4940//4347
f 4208//4348 4851//4160 4201//4159 4242//4324
f 4122//4349 4133//4156 4167//4155 4134//4232
f 4156//4157 4133//4156 4122//4349 4943//4350
f 4944//4351 4139//4244 4168//4245 4942//4352
f 4850//4158 4156//4157 4943//4350 4155//4353
f 4852//4161 4851//4160 4208//4348 4147//4354
f 4200//4147 1508//1493 4198//4337 4945//4355
f 4248//4250 1503//1502 4937//4253 4209//4252
f 4946//4356 4883//4227 1519//1625 1518//1624
f 4947//4223 4948//4357 4880//4222 1523//1633
f 4267//4256 1499//1615 4266//4340 4949//4358
f 4874//4210 1535//1655 4268//4334 4950//4359
f 4271//4265 1489//1597 4269//4342 4951//4360
f 4952//4361 4867//4189 4522//4190 4941//4362
f 4912//4283 4298//4285 4299//4363 4953//4364
f 4294//4284 4912//4283 4953//4364 4527//4365
f 4635//4305 4308//4306 4954//4366 4534//4367
f 4247//4254 1501//1506 4938//4338 4955//4368
f 4909//4274 1481//1582 4331//4344 4956//4369
f 4258//4272 4909//4274 4956//4369 4957//4370
f 4908//4273 4258//4272 4957//4370 4958//4371
f 4878//4217 1528//1643 4936//4335 4342//4372
f 4466//4373 4343//4216 4878//4217 4342//4372
f 4959//4374 4272//4215 4343//4216 4466//4373
f 4960//4375 4225//4214 4272//4215 4959//4374
f 4328//4209 4874//4210 4950//4359 4548//4376
f 4447//4208 4328//4209 4548//4376 4961//4377
f 4321//4207 4447//4208 4961//4377 4807//4378
f 4318//4379 4873//4206 4321//4207 4807//4378
f 4963//4380 4365//4292 4916//4293 4962//4381
f 4964//4382 4965//4122 1556//1693 4397//4332
f 4965//4122 4288//4121 1557//1695 1556//1693
f 4966//4383 4924//4304 4635//4305 4534//4367
f 4849//4154 4020//4050 4285//4346 4286//4326
f 4121//4164 4853//4163 4931//4321 4132//4384
f 4854//4165 4121//4164 4132//4384 4127//4385
f 4160//4166 4854//4165 4127//4385 4159//4386
f 4205//4167 4160//4166 4159//4386 4245//4387
f 4967//4388 4291//4193 1550//1683 1549//1682
f 4969//4199 4968//4389 4330//4198 1545//1773
f 4886//4231 1514//1766 4197//4330 4970//4390
f 4252//4230 4886//4231 4970//4390 4429//4391
f 4971//4392 4884//4229 4252//4230 4429//4391
f 4251//4393 4885//4228 4884//4229 4971//4392
f 4199//4394 4893//4246 4894//4247 4972//4395
f 4973//4257 4974//4396 4899//4339 1498//1612
f 4902//4264 1491//1601 4939//4341 4354//4397
f 4907//4271 1484//1587 4257//4343 4975//4398
f 4906//4270 4907//4271 4975//4398 4352//4399
f 4905//4269 4906//4270 4352//4399 4224//4400
f 4270//4268 4905//4269 4224//4400 4472//4401
f 4923//4303 1451//1522 4281//4345 4976//4402
f 4922//4302 4923//4303 4976//4402 4977//4403
f 4921//4301 4922//4302 4977//4403 4486//4404
f 4592//4300 4921//4301 4486//4404 4485//4405
f 4920//4299 4592//4300 4485//4405 4978//4406
f 4482//4407 4919//4298 4920//4299 4978//4406
f 4481//4408 4361//4297 4919//4298 4482//4407
f 4979//4409 4137//4237 4890//4238 4144//4118
f 4981//4410 4134//4232 4887//4233 4980//4411
f 4982//4412 4141//4234 4888//4235 4136//4413
f 4136//4413 4888//4235 4889//4236 4983//4414
f 4192//4314 4927//4313 4185//4415 4195//4416
f 4927//4313 4928//4315 4984//4417 4185//4415
f 4213//4418 4910//4275 4259//4276 4333//4419
f 4333//4419 4259//4276 4911//4277 4985//4420
f 4985//4420 4911//4277 4260//4278 4986//4421
f 4986//4421 4260//4278 4334//4279 4987//4422
f 4987//4422 4334//4279 4335//4280 4988//4423
f 4988//4423 4335//4280 4525//4281 4989//4424
f 4525//4281 4628//4282 4293//4425 4989//4424
f 4336//4426 4261//4260 4274//4261 4359//4427
f 4359//4427 4274//4261 4901//4262 4226//4428
f 4226//4428 4901//4262 4273//4263 4355//4429
f 4355//4429 4273//4263 4902//4264 4990//4430
f 4221//4431 4876//4211 4875//4212 4347//4432
f 4992//4433 4234//4311 4233//4312 4991//4434
f 4235//4435 4926//4310 4234//4311 4992//4433
f 4191//4436 4855//4169 4386//4168 4993//4437
f 4993//4437 4386//4168 4284//4170 4381//4438
f 4307//4248 4248//4250 4312//4439 4304//4440
f 4895//4249 4307//4248 4304//4440 4995//4441
f 4996//4442 4249//4225 4883//4227 4210//4443
f 4997//4444 4323//4202 4254//4203 5043//4445
f 4998//4446 4872//4201 4323//4202 4997//4444
f 4462//4447 4264//4220 4880//4222 4219//4448
f 4276//4182 4863//4183 4999//4449 4228//4450
f 4999//4449 4863//4183 4864//4184 4407//4451
f 4275//4180 4276//4182 4228//4450 5000//4452
f 4862//4181 4275//4180 5000//4452 5001//4453
f 5002//4454 4363//4295 4918//4296 4480//4455
f 4362//4456 4917//4294 4363//4295 5002//4454
f 5003//4457 4279//4176 4859//4175 4593//4458
f 4859//4175 4860//4177 4585//4459 4593//4458
f 4860//4177 4495//4178 5004//4460 4585//4459
f 4495//4178 4861//4179 4277//4461 5004//4460
f 5005//4462 4278//4174 4858//4173 4280//4463
f 4283//4464 4856//4171 4857//4172 4385//4465
f 5006//4466 4287//4188 4866//4187 4498//4467
f 4914//4289 4587//4290 4509//4468 4530//4469
f 4587//4290 4915//4291 4586//4470 4509//4468
f 4296//4288 4914//4289 4530//4469 5007//4471
f 4532//4472 4913//4287 4296//4288 5007//4471
f 4877//4213 4225//4214 4582//4473 4348//4474
f 5008//4475 4479//4185 4865//4186 4401//4476
f 4871//4197 4330//4198 5009//4477 4551//4478
f 4425//4196 4871//4197 4551//4478 5010//4479
f 4870//4195 4425//4196 5010//4479 4627//4127
f 4869//4194 4291//4193 4511//4480 4510//4481
f 4879//4221 4264//4220 4461//4482 4217//4483
f 4882//4226 4249//4225 4445//4484 4220//4485
f 4135//4241 4891//4240 4124//4119 4129//4317
f 4891//4240 4130//4242 5011//4486 4124//4119
f 5011//4486 4130//4242 4892//4243 4138//4487
f 4138//4487 4892//4243 4139//4244 4944//4351
f 4896//4251 4247//4254 5012//4488 4209//4252
f 4471//4489 4897//4255 4267//4256 5013//4490
f 4900//4259 4261//4260 4337//4491 4216//4492
f 4473//4493 4903//4266 4271//4265 5014//4494
f 4223//4495 4904//4267 4270//4268 4472//4401
f 4925//4308 4244//4307 4435//4496 4243//4497
f 217//213 216//210 4129//4317 4890//4238
f 4980//4411 4887//4233 4141//4234 4982//4412
f 4983//4414 4889//4236 4137//4237 4979//4409
f 4942//4352 4168//4245 4852//4161 4147//4354
f 4204//4498 4994//4309 4205//4167 4245//4387
f 4280//4463 4858//4173 4279//4176 5003//4457
f 4233//4312 4192//4314 4195//4416 4991//4434
f 4347//4432 4875//4212 4877//4213 4348//4474
f 4293//4425 4628//4282 4294//4284 4527//4365
f 4861//4179 4862//4181 5001//4453 4277//4461
f 4385//4465 4857//4172 4278//4174 5005//4462
f 4865//4186 4287//4188 5006//4466 4401//4476
f 4480//4455 4918//4296 4361//4297 4481//4408
f 4940//4347 4282//4331 4856//4171 4283//4464
f 4941//4362 4522//4190 4868//4191 4518//4499
f 4945//4355 4198//4337 4893//4246 4199//4394
f 4951//4360 4269//4342 4904//4267 4223//4495
f 4962//4381 4916//4293 4917//4294 4362//4456
f 4972//4395 4894//4247 4895//4249 4995//4441
f 4955//4368 4938//4338 4897//4255 4471//4489
f 4354//4397 4939//4341 4903//4266 4473//4493
f 4930//4319 4013//4015 4187//4320 5015//4500
f 4928//4315 4930//4319 5015//4500 4984//4417
f 4122//4349 4134//4232 4981//4410 5016//4501
f 4132//4384 4931//4321 4310//4322 4246//4502
f 5015//4500 4187//4320 4934//4327 4154//4503
f 4154//4503 4934//4327 4935//4328 5057//4504
f 5057//4504 4935//4328 4196//4329 4153//4505
f 4196//4329 4848//4145 4855//4169 4191//4436
f 4197//4330 4850//4158 4155//4353 5017//4506
f 4242//4324 4200//4147 4945//4355 4157//4507
f 4498//4467 4866//4187 4288//4121 4501//4120
f 4925//4308 4243//4497 4954//4366 4308//4306
f 4312//4439 4248//4250 4209//4252 4437//4508
f 4437//4508 4209//4252 5012//4488 4311//4509
f 4881//4224 4882//4226 4220//4485 4947//4223
f 4898//4258 4900//4259 4216//4492 4973//4257
f 4337//4491 4261//4260 4336//4426 5018//4510
f 4263//4219 4879//4221 4217//4483 5019//4511
f 4461//4482 4264//4220 4462//4447 5020//4512
f 4365//4292 4963//4380 5022//4513 4929//4318
f 4290//4192 4869//4194 4510//4481 4516//4514
f 4913//4287 4532//4472 4237//4515 4295//4286
f 5012//4488 4247//4254 4955//4368 5023//4516
f 4407//4451 4864//4184 4475//4316 5024//4517
f 5024//4517 4475//4316 4479//4185 5008//4475
f 4870//4195 4627//4127 4292//4126 4424//4333
f 4967//4388 1549//1682 4424//4333 4292//4126
f 4924//4304 4966//4383 4231//4518 4281//4345
f 4915//4291 4929//4318 5025//4519 4586//4470
f 4873//4206 4318//4379 5026//4520 4253//4205
f 4876//4211 4221//4431 4349//4521 4268//4334
f 4885//4228 4251//4393 4211//4522 4250//4336
f 4946//4356 1518//1624 4250//4336 4211//4522
f 4949//4358 4266//4340 4899//4339 4262//4523
f 4990//4430 4902//4264 4354//4397 4227//4133
f 4910//4275 4213//4418 4332//4524 4331//4344
f 4926//4310 4235//4435 5027//4525 4285//4346
f 4246//4502 4310//4322 4932//4323 5028//4526
f 5028//4526 4932//4323 4933//4325 5029//4527
f 5029//4527 4933//4325 4286//4326 5030//4528
f 4381//4438 4284//4170 4940//4347 4232//4529
f 5013//4490 4267//4256 4949//4358 4556//4530
f 5014//4494 4271//4265 4951//4360 5031//4531
f 4867//4189 4952//4361 5032//4532 4397//4332
f 4908//4273 4958//4371 5033//4533 4257//4343
f 4582//4473 4225//4214 4960//4375 5034//4534
f 4960//4375 4959//4374 5035//4535 5034//4534
f 5035//4535 4959//4374 4466//4373 5036//4536
f 4244//4307 4994//4309 5037//4537 4435//4496
f 5037//4537 4994//4309 4204//4498 5038//4538
f 4445//4484 4249//4225 4996//4442 5039//4539
f 4996//4442 4210//4443 4444//4540 5039//4539
f 4872//4201 4998//4446 4255//4541 4329//4200
f 4968//4389 4969//4199 4329//4200 4255//4541
f 4165//4542 4127//4385 4132//4384 4246//4502
f 4159//4386 4127//4385 4165//4542 4162//4543
f 4144//4118 4890//4238 4129//4317 4124//4119
f 4245//4387 4159//4386 4162//4543 4163//4544
f 4210//4443 4883//4227 4946//4356 4443//4545
f 5040//4546 4217//4483 4461//4482 5020//4512
f 4219//4448 4880//4222 4948//4357 4344//4547
f 4344//4547 4948//4357 4947//4223 4220//4485
f 4223//4495 4472//4401 5021//4548 5041//4549
f 4254//4203 1541//1666 5042//4204 5043//4445
f 5036//4536 4466//4373 4342//4372 5044//4550
f 4463//4551 4265//4218 4263//4219 5019//4511
f 4286//4326 4285//4346 5027//4525 5030//4528
f 4512//4552 4511//4480 4291//4193 4967//4388
f 4299//4363 4298//4285 4295//4286 4237//4515
f 5009//4477 4330//4198 4968//4389 4549//4553
f 4964//4382 4397//4332 5032//4532 4502//4554
f 4950//4359 4268//4334 4349//4521 4350//4555
f 4548//4376 4950//4359 4350//4555 4222//4556
f 4448//4557 4961//4377 4548//4376 4222//4556
f 4956//4369 4331//4344 4332//4524 4256//4558
f 4957//4370 4956//4369 4256//4558 4451//4559
f 4958//4371 4957//4370 4451//4559 5045//4560
f 4218//4561 4936//4335 4265//4218 4463//4551
f 4342//4372 4936//4335 4218//4561 5044//4550
f 4943//4350 4122//4349 5016//4501 4753//4562
f 5016//4501 4981//4410 4980//4411 4128//4563
f 4155//4353 4943//4350 4753//4562 4302//4564
f 5046//4565 4807//4378 4961//4377 4448//4557
f 4501//4120 4965//4122 4964//4382 4502//4554
f 4518//4499 4868//4191 4290//4192 4516//4514
f 4970//4390 4197//4330 5017//4506 5047//4566
f 5048//4567 4429//4391 4970//4390 5047//4566
f 4975//4398 4257//4343 5033//4533 4452//4568
f 4352//4399 4975//4398 4452//4568 4353//4569
f 5049//4570 4224//4400 4352//4399 4353//4569
f 5050//4571 4472//4401 4224//4400 5049//4570
f 4976//4402 4281//4345 4231//4518 4487//4572
f 4977//4403 4976//4402 4487//4572 4489//4573
f 5051//4574 4486//4404 4977//4403 4489//4573
f 5052//4575 4485//4405 4486//4404 5051//4574
f 5053//4576 4978//4406 4485//4405 5052//4575
f 5054//4577 4482//4407 4978//4406 5053//4576
f 4378//4578 4481//4408 4482//4407 5054//4577
f 4142//4117 4124//4119 5011//4486 4140//4579
f 5011//4486 4138//4487 5055//4580 4140//4579
f 5055//4580 4138//4487 4944//4351 4146//4581
f 4944//4351 4942//4352 4148//4582 4146//4581
f 4208//4348 4242//4324 4125//4583 4755//4584
f 4147//4354 4208//4348 4755//4584 4758//4585
f 4747//4586 4982//4412 4136//4413 5056//4587
f 5056//4587 4136//4413 4983//4414 4751//4588
f 4195//4416 4185//4415 4188//4589 4190//4590
f 4188//4589 4185//4415 4984//4417 5057//4504
f 4251//4393 4971//4392 5058//4591 4315//4592
f 4971//4392 4429//4391 4431//4593 5058//4591
f 4318//4379 4807//4378 4808//4594 4320//4595
f 4172//4596 4213//4418 4333//4419 5059//4597
f 5059//4597 4333//4419 4985//4420 4214//4598
f 4214//4598 4985//4420 4986//4421 4455//4599
f 4455//4599 4986//4421 4987//4422 5060//4600
f 5060//4600 4987//4422 4988//4423 4215//4601
f 4215//4601 4988//4423 4989//4424 4727//4602
f 4989//4424 4293//4425 5061//4603 4727//4602
f 4216//4492 4337//4491 4339//4604 5062//4605
f 4974//4396 4973//4257 4216//4492 5062//4605
f 5063//4606 4336//4426 4359//4427 4360//4607
f 4360//4607 4359//4427 4226//4428 4177//4608
f 4177//4608 4226//4428 4355//4429 4818//4609
f 4818//4609 4355//4429 4990//4430 4357//4610
f 4462//4447 4219//4448 5064//4611 4566//4612
f 4345//4613 4220//4485 4445//4484 4654//4614
f 5066//4615 4221//4431 4347//4432 5065//4616
f 5067//4617 5002//4454 4480//4455 4374//4618
f 4368//4619 4362//4456 5002//4454 5067//4617
f 4390//4620 4992//4433 4991//4434 5068//4621
f 4235//4435 4992//4433 4390//4620 4389//4622
f 4528//4623 4527//4365 4953//4364 4529//4624
f 4529//4624 4953//4364 4299//4363 4297//4625
f 5069//4626 4199//4394 4972//4395 5070//4627
f 4436//4628 4243//4497 4435//4496 5071//4629
f 4434//4630 4534//4367 4954//4366 4243//4497
f 4536//4631 4966//4383 4534//4367 4434//4630
f 4405//4632 4999//4449 4407//4451 4404//4633
f 4228//4450 4999//4449 4405//4632 5072//4634
f 5000//4452 4228//4450 5072//4634 4478//4635
f 5001//4453 5000//4452 4478//4635 4477//4636
f 4383//4637 4283//4464 4385//4465 4815//4638
f 5006//4466 4498//4467 5073//4639 4399//4640
f 5074//4641 4304//4440 4312//4439 4438//4642
f 4303//4643 4995//4441 4304//4440 5074//4641
f 4327//4644 4998//4446 4997//4444 4325//4645
f 4997//4444 5043//4445 4322//4646 4325//4645
f 4593//4458 4585//4459 4380//4647 4496//4648
f 4585//4459 5004//4460 4821//4649 4380//4647
f 5004//4460 4277//4461 4476//4650 4821//4649
f 5075//4651 5003//4457 4593//4458 4496//4648
f 5076//4652 4191//4436 4993//4437 4382//4653
f 4382//4653 4993//4437 4381//4438 5077//4654
f 4402//4655 5008//4475 4401//4476 4398//4656
f 4551//4478 5009//4477 4449//4657 5078//4658
f 5010//4479 4551//4478 5078//4658 4523//4659
f 4627//4127 5010//4479 4523//4659 4524//4128
f 4531//4660 4530//4469 4509//4468 4630//4661
f 4509//4468 4586//4470 4289//4662 4630//4661
f 4629//4663 5007//4471 4530//4469 4531//4660
f 4426//4664 4532//4472 5007//4471 4629//4663
f 4510//4481 4511//4480 4514//4665 5079//4666
f 4952//4361 4941//4362 4519//4667 4520//4668
f 4367//4669 4963//4380 4962//4381 4364//4670
f 4348//4474 4582//4473 4579//4671 5080//4672
f 5081//4673 4979//4409 4144//4118 4142//4117
f 4814//4674 5005//4462 4280//4463 4497//4675
f 5082//4676 4471//4489 5013//4490 4346//4677
f 5084//4134 4473//4493 5014//4494 5083//4678
f 4751//4588 4983//4414 4979//4409 5081//4673
f 4942//4352 4147//4354 4758//4585 4148//4582
f 4991//4434 4195//4416 4190//4590 5068//4621
f 4157//4507 4945//4355 4199//4394 5069//4626
f 5023//4516 4955//4368 4471//4489 5082//4676
f 4497//4675 4280//4463 5003//4457 5075//4651
f 4153//4505 4196//4329 4191//4436 5076//4652
f 4232//4529 4940//4347 4283//4464 4383//4637
f 4401//4476 5006//4466 4399//4640 4398//4656
f 5065//4616 4347//4432 4348//4474 5080//4672
f 4227//4133 4354//4397 4473//4493 5084//4134
f 4364//4670 4962//4381 4362//4456 4368//4619
f 4476//4650 4277//4461 5001//4453 4477//4636
f 4374//4618 4480//4455 4481//4408 4378//4578
f 5070//4627 4972//4395 4995//4441 4303//4643
f 4951//4360 4223//4495 5041//4549 5031//4531
f 4128//4563 4980//4411 4982//4412 4747//4586
f 4815//4638 4385//4465 5005//4462 4814//4674
f 4142//4117 4140//4579 4123//4679 5081//4673
f 4125//4583 4242//4324 4157//4507 5085//4680
f 4245//4387 4163//4544 5086//4681 4204//4498
f 4221//4431 5066//4615 5087//4682 4349//4521
f 4984//4417 5015//4500 4154//4503 5057//4504
f 4958//4371 5045//4560 4453//4683 5033//4533
f 4262//4523 4899//4339 4974//4396 5062//4605
f 4344//4547 4220//4485 4345//4613 4175//4684
f 5064//4611 4219//4448 4344//4547 4175//4684
f 4556//4530 4949//4358 4262//4523 4456//4685
f 5077//4654 4381//4438 4232//4529 5088//4686
f 5027//4525 4235//4435 4389//4622 5030//4528
f 4498//4467 4501//4120 4500//4687 5073//4639
f 4297//4625 4299//4363 4237//4515 5089//4688
f 5089//4688 4237//4515 4532//4472 4426//4664
f 4434//4630 4243//4497 4436//4628 4539//4689
f 4443//4545 4946//4356 4211//4522 4317//4690
f 4317//4690 4211//4522 4251//4393 4315//4592
f 4444//4540 4210//4443 4443//4545 4313//4691
f 4253//4205 5026//4520 5090//4692 5042//4204
f 5026//4520 4318//4379 4320//4595 5090//4692
f 5031//4531 5041//4549 4351//4693
f 5083//4678 5014//4494 5031//4531 4351//4693
f 4963//4380 4367//4669 5091//4694 5022//4513
f 4293//4425 4527//4365 4526//4695 5061//4603
f 4438//4642 4312//4439 4437//4508 4169//4696
f 4169//4696 4437//4508 4311//4509 4441//4697
f 4998//4446 4327//4644 5092//4698 4255//4541
f 4549//4553 4968//4389 4255//4541 5092//4698
f 4213//4418 4172//4596 4552//4699 4332//4524
f 5020//4512 4462//4447 4566//4612 5194//4700
f 4346//4677 5013//4490 4556//4530 4176//4701
f 4404//4633 4407//4451 5024//4517 5093//4702
f 5093//4702 5024//4517 5008//4475 4402//4655
f 4289//4662 4586//4470 5025//4519 4370//4703
f 4519//4667 4941//4362 4518//4499 4521//4704
f 4512//4552 4967//4388 4292//4126 4524//4128
f 5017//4506 4155//4353 4302//4564 4427//4705
f 4431//4593 4429//4391 5048//4567 5094//4706
f 4500//4687 4501//4120 4502//4554 4499//4707
f 4511//4480 4512//4552 4515//4708 4514//4665
f 4521//4704 4518//4499 4516//4514 4423//4709
f 4516//4514 4510//4481 5079//4666 4423//4709
f 4526//4695 4527//4365 4528//4623 5095//4710
f 4311//4509 5012//4488 5023//4516 4442//4711
f 4579//4671 4582//4473 5034//4534 5096//4712
f 5096//4712 5034//4534 5035//4535 4561//4713
f 4561//4713 5035//4535 5036//4536 4467//4714
f 4467//4714 5036//4536 5044//4550 4465//4715
f 4465//4715 5044//4550 4218//4561 4559//4716
f 4559//4716 4218//4561 4463//4551 4341//4717
f 5025//4519 4929//4318 5022//4513 4370//4703
f 4966//4383 4536//4631 5097//4718 4231//4518
f 4753//4562 5016//4501 4128//4563 4752//4719
f 4357//4610 4990//4430 4227//4133 4569//4132
f 4654//4614 4445//4484 5039//4539 4314//4720
f 4314//4720 5039//4539 4444//4540 4170//4721
f 4449//4657 5009//4477 4549//4553 4649//4722
f 4337//4491 5018//4510 5218//4723 4339//4604
f 4341//4717 4463//4551 5019//4511 5098//4724
f 5098//4724 5019//4511 4217//4483 5040//4546
f 4952//4361 4520//4668 4236//4725 5032//4532
f 4499//4707 4502//4554 5032//4532 4236//4725
f 5071//4629 4435//4496 5037//4537 4309//4726
f 4309//4726 5037//4537 5038//4538 5099//4727
f 4808//4594 4807//4378 5046//4565 5100//4728
f 5046//4565 4448//4557 4813//4729 5100//4728
f 4448//4557 4222//4556 4809//4730 4813//4729
f 5048//4567 5047//4566 4428//4731 5094//4706
f 5047//4566 5017//4506 4427//4705 4428//4731
f 4472//4401 5050//4571 5101//4732 5021//4548
f 4123//4679 4140//4579 5055//4580 4146//4581
f 5018//4510 4336//4426 5063//4606 5102//4733
f 5103//4734 5043//4445 5042//4204 5090//4692
f 4487//4572 4231//4518 5097//4718 4488//4735
f 4256//4558 4332//4524 4552//4699 4553//4736
f 4451//4559 4256//4558 4553//4736 4554//4737
f 5045//4560 4451//4559 4554//4737 4555//4738
f 4240//4739 4302//4564 4753//4562 4752//4719
f 4322//4646 5043//4445 5103//4734 4171//4740
f 5104//4741 4350//4555 4349//4521 5087//4682
f 4222//4556 4350//4555 5104//4741 4810//4742
f 5105//4743 5040//4546 5020//4512 5194//4700
f 4489//4573 4487//4572 4488//4735 4491//4744
f 5106//4745 4520//4668 4519//4667 4521//4704
f 4452//4568 5033//4533 4453//4683 5107//4746
f 4660//4747 4353//4569 4452//4568 5107//4746
f 4571//4748 5049//4570 4353//4569 4660//4747
f 4572//4749 5050//4571 5049//4570 4571//4748
f 5038//4538 4204//4498 5086//4681 4158//4750
f 4493//4751 5051//4574 4489//4573 4491//4744
f 5108//4752 5052//4575 5051//4574 4493//4751
f 4755//4584 4125//4583 4756//4753 4754//4754
f 4758//4585 4755//4584 4754//4754 4143//4755
f 4163//4544 4162//4543 4161//4756 4636//4757
f 4162//4543 4165//4542 4164//4758 4161//4756
f 4165//4542 4246//4502 4207//4759 4164//4758
f 4207//4759 4246//4502 5028//4526 4642//4760
f 4642//4760 5028//4526 5029//4527 4387//4761
f 4387//4761 5029//4527 5030//4528 4391//4762
f 5066//4615 5065//4616 5110//4763 5109//4764
f 4358//4765 4360//4607 4177//4608 4819//4766
f 4819//4766 4177//4608 4818//4609 4817//4767
f 4817//4767 4818//4609 4357//4610 4356//4768
f 5111//4769 5063//4606 4360//4607 4358//4765
f 4300//4770 4382//4653 5077//4654 4384//4140
f 4193//4771 5076//4652 4382//4653 4300//4770
f 4190//4590 4188//4589 4189//4772 4194//4773
f 4188//4589 5057//4504 4153//4505 4189//4772
f 4805//4774 4303//4643 5074//4641 4804//4775
f 4804//4775 5074//4641 4438//4642 5112//4776
f 4433//4777 5058//4591 4431//4593 4430//4778
f 4316//4779 4315//4592 5058//4591 4433//4777
f 5113//4780 4214//4598 4455//4599 4653//4781
f 4653//4781 4455//4599 5060//4600 4454//4782
f 4454//4782 5060//4600 4215//4601 4703//4783
f 4703//4783 4215//4601 4727//4602 4704//4784
f 4704//4784 4727//4602 5061//4603 4526//4695
f 4708//4785 5059//4597 4214//4598 5113//4780
f 4651//4786 4172//4596 5059//4597 4708//4785
f 5114//4787 5072//4634 4405//4632 5115//4788
f 5115//4788 4405//4632 4404//4633 4403//4789
f 4478//4635 5072//4634 5114//4787 4413//4790
f 4477//4636 4478//4635 4413//4790 4610//4791
f 5116//4792 5067//4617 4374//4618 4375//4793
f 4366//4794 4368//4619 5067//4617 5116//4792
f 4379//4795 5054//4577 5053//4576 4484//4796
f 4376//4797 4378//4578 5054//4577 4379//4795
f 4531//4660 4630//4661 5117//4798 4634//4799
f 4629//4663 4531//4660 4634//4799 4691//4800
f 4426//4664 4629//4663 4691//4800 4690//4801
f 4320//4595 4808//4594 4709//4802 5118//4803
f 4325//4645 4322//4646 5119//4804 4544//4805
f 4212//4806 4327//4644 4325//4645 4544//4805
f 5062//4605 4339//4604 5150//4807 4338//4808
f 5120//4809 4345//4613 4654//4614 4557//4810
f 5121//4811 4566//4612 5064//4611 4563//4812
f 4483//4813 4367//4669 4364//4670 4369//4814
f 4301//4138 4383//4637 4815//4638 4843//4815
f 4389//4622 4390//4620 5122//4816 5174//4817
f 5122//4816 4390//4620 5068//4621 4392//4818
f 4399//4640 5073//4639 5123//4819 4406//4820
f 5124//4821 4402//4655 4398//4656 4409//4822
f 5125//4823 5079//4666 4514//4665 4513//4824
f 4536//4631 4434//4630 5126//4825 4535//4826
f 4657//4827 5082//4676 4346//4677 5127//4828
f 5041//4549 5021//4548 5128//4829 4351//4693
f 4821//4649 4476//4650 4230//4830 4820//4831
f 5129//4832 4380//4647 4821//4649 4820//4831
f 5130//4833 4496//4648 4380//4647 5129//4832
f 5131//4834 4524//4128 4523//4659 5132//4835
f 5132//4835 4523//4659 5078//4658 5133//4836
f 5078//4658 4449//4657 4706//4837 5133//4836
f 4183//4838 4528//4623 4529//4624 4816//4839
f 4816//4839 4529//4624 4297//4625 4533//4840
f 4577//4841 5080//4672 4579//4671 4583//4842
f 4631//4843 4630//4661 4289//4662 4632//4844
f 5075//4651 4496//4648 4594//4845 4179//4846
f 4814//4674 4497//4675 4767//4847 5134//4848
f 5135//4849 5056//4587 4751//4588 4748//4850
f 4750//4851 4747//4586 5056//4587 5135//4849
f 4241//4852 5069//4626 5070//4627 4305//4853
f 4436//4628 5071//4629 4203//4854 4539//4689
f 5084//4134 5083//4678 4567//4855 4569//4132
f 4128//4563 4747//4586 4750//4851 4752//4719
f 5068//4621 4190//4590 4194//4773 4392//4818
f 4189//4772 4153//4505 5076//4652 4193//4771
f 4442//4711 5023//4516 5082//4676 4657//4827
f 4497//4675 5075//4651 4179//4846 4767//4847
f 4391//4762 5030//4528 4389//4622 5174//4817
f 5085//4680 4157//4507 5069//4626 4241//4852
f 4456//4685 4262//4523 5062//4605 4338//4808
f 5090//4692 4320//4595 5118//4803 5103//4734
f 4369//4814 4364//4670 4368//4619 4366//4794
f 4375//4793 4374//4618 4378//4578 4376//4797
f 5088//4686 4232//4529 4383//4637 4301//4138
f 4398//4656 4399//4640 4406//4820 4409//4822
f 4230//4830 4476//4650 4477//4636 4610//4791
f 4484//4796 5053//4576 5052//4575 5108//4752
f 4512//4552 4524//4128 5131//4834 4515//4708
f 5065//4616 5080//4672 4577//4841 5110//4763
f 4815//4638 4814//4674 5134//4848 4843//4815
f 4305//4853 5070//4627 4303//4643 4805//4774
f 4748//4850 4751//4588 5081//4673 4123//4679
f 4148//4582 4758//4585 4143//4755 4145//4856
f 5099//4727 5038//4538 4158//4750 5136//4857
f 5086//4681 4163//4544 4636//4757 4158//4750
f 5112//4776 4438//4642 4169//4696 4440//4858
f 4440//4858 4169//4696 4441//4697 4439//4859
f 4172//4596 4651//4786 4450//4860 4552//4699
f 5073//4639 4500//4687 5137//4861 5123//4819
f 4528//4623 4183//4838 5138//4862 5095//4710
f 4327//4644 4212//4806 4550//4863 5092//4698
f 4649//4722 4549//4553 5092//4698 4550//4863
f 4809//4730 4222//4556 4810//4742 4714//4864
f 4404//4633 5093//4702 4229//4865 4403//4789
f 5093//4702 4402//4655 5124//4821 4229//4865
f 4367//4669 4483//4813 5139//4866 5091//4694
f 4302//4564 4240//4739 5140//4867 4427//4705
f 4632//4844 4289//4662 4370//4703 4591//4868
f 4441//4697 4311//4509 4442//4711 5141//4869
f 4170//4721 4444//4540 4313//4691 5142//4870
f 4557//4810 4654//4614 4314//4720 4655//4871
f 4655//4871 4314//4720 4170//4721 4733//4872
f 4315//4592 4316//4779 4734//4873 4317//4690
f 4313//4691 4443//4545 4317//4690 4734//4873
f 5021//4548 5101//4732 4573//4874 5128//4829
f 5083//4678 4351//4693 5143//4875 4567//4855
f 5143//4875 4351//4693 5128//4829 4573//4874
f 5050//4571 4572//4749 4474//4876 5101//4732
f 4357//4610 4569//4132 4568//4877 4356//4768
f 5022//4513 5091//4694 4591//4868 4370//4703
f 4521//4704 4423//4709 4622//4878 5106//4745
f 4426//4664 4690//4801 4184//4879 5089//4688
f 4533//4840 4297//4625 5089//4688 4184//4879
f 4449//4657 4649//4722 5144//4880 4706//4837
f 4176//4701 4556//4530 4456//4685 4457//4881
f 4568//4877 4569//4132 4567//4855 5145//4882
f 4496//4648 5130//4833 5146//4883 4594//4845
f 5137//4861 4500//4687 4499//4707 5147//4884
f 5147//4884 4499//4707 4236//4725 4626//4885
f 4626//4885 4236//4725 4520//4668 5106//4745
f 4514//4665 4515//4708 4620//4886 4513//4824
f 5097//4718 4536//4631 4535//4826 4537//4887
f 5127//4828 4346//4677 4176//4701 4460//4888
f 5117//4798 4630//4661 4631//4843 4181//4889
f 4453//4683 5045//4560 4555//4738 5107//4746
f 4709//4802 4808//4594 5100//4728 5148//4890
f 5100//4728 4813//4729 4812//4891 5148//4890
f 4813//4729 4809//4730 4811//4892 4812//4891
f 5150//4807 4339//4604 5218//4723 5149//4893
f 5150//4807 5149//4893 5181//4894 4338//4808
f 4563//4812 5064//4611 4175//4684 4468//4895
f 4468//4895 4175//4684 4345//4613 5120//4809
f 4203//4854 5071//4629 4309//4726 4542//4896
f 4542//4896 4309//4726 5099//4727 4541//4897
f 4756//4753 4125//4583 5085//4680 4241//4852
f 4756//4753 4241//4852 4305//4853 4306//4898
f 4384//4140 5077//4654 5088//4686 4301//4138
f 4430//4778 4431//4593 5094//4706 4432//4899
f 4432//4899 5094//4706 4428//4731 4828//4900
f 4428//4731 4427//4705 5140//4867 4828//4900
f 4526//4695 5095//4710 5151//4901 4704//4784
f 4583//4842 4579//4671 5096//4712 4584//4902
f 4584//4902 5096//4712 4561//4713 4562//4903
f 4561//4713 4467//4714 4560//4904 4562//4903
f 4560//4904 4467//4714 4465//4715 4658//4905
f 4658//4905 4465//4715 4559//4716 4464//4906
f 4464//4906 4559//4716 4341//4717 4174//4907
f 4174//4907 4341//4717 5098//4724 5152//4908
f 5098//4724 5040//4546 5105//4743 5152//4908
f 5119//4804 4322//4646 4171//4740 5153//4909
f 5087//4682 5066//4615 5109//4764 4713//4910
f 5063//4606 5111//4769 5154//4911 5102//4733
f 5079//4666 5125//4823 5155//4912 4423//4709
f 4171//4740 5103//4734 5118//4803 4319//4913
f 5118//4803 4709//4802 4823//4914 4319//4913
f 4682//4915 4634//4799 5117//4798 4181//4889
f 4194//4773 4189//4772 4193//4771 5156//4916
f 5156//4916 4193//4771 4300//4770 4239//4917
f 4239//4917 4300//4770 4384//4140 4763//4139
f 5104//4741 5087//4682 4713//4910 4810//4742
f 4494//4918 4488//4735 5097//4718 4537//4887
f 5157//4919 4491//4744 4488//4735 4494//4918
f 5158//4920 4553//4736 4552//4699 4450//4860
f 5159//4921 4554//4737 4553//4736 5158//4920
f 5160//4922 4555//4738 4554//4737 5159//4921
f 4633//4923 4691//4800 4634//4799 4682//4915
f 4686//4924 4690//4801 4691//4800 4633//4923
f 4754//4754 4756//4753 4306//4898 4757//4925
f 4143//4755 4754//4754 4757//4925 5161//4926
f 5126//4825 4434//4630 4539//4689 5162//4927
f 5162//4927 4539//4689 4203//4854 5163//4928
f 4538//4929 4535//4826 5126//4825 5162//4927
f 4161//4756 4164//4758 5165//4930 4637//4931
f 5165//4930 4164//4758 4207//4759 4641//4932
f 4641//4932 4207//4759 4642//4760 4638//4933
f 4638//4933 4642//4760 4387//4761 4639//4934
f 4387//4761 4391//4762 5166//4935 4639//4934
f 4636//4757 4161//4756 4637//4931 5167//4936
f 4840//4937 4316//4779 4433//4777 4830//4938
f 4830//4938 4433//4777 4430//4778 4829//4939
f 4414//4940 5114//4787 5115//4788 4411//4941
f 4411//4941 5115//4788 4403//4789 4410//4942
f 4609//4943 4413//4790 5114//4787 4414//4940
f 4505//4944 4610//4791 4413//4790 4609//4943
f 5168//4945 4379//4795 4484//4796 4178//4946
f 4377//4947 4376//4797 4379//4795 5168//4945
f 5169//4948 4179//4846 4594//4845 5170//4949
f 5171//4950 4183//4838 4816//4839 4724//4951
f 4724//4951 4816//4839 4533//4840 4689//4952
f 4820//4831 4230//4830 4822//4953 5172//4954
f 5173//4955 5129//4832 4820//4831 5172//4954
f 4596//4956 5130//4833 5129//4832 5173//4955
f 4752//4719 4750//4851 4826//4957
f 4240//4739 4752//4719 4826//4957 4831//4958
f 4301//4138 4843//4815 5175//4959 4763//4139
f 4544//4805 5119//4804 4545//4960 5270//4961
f 4647//4962 4212//4806 4544//4805 5270//4961
f 4712//4963 4708//4785 5113//4780 5176//4964
f 5176//4964 5113//4780 4653//4781 5177//4965
f 5177//4965 4653//4781 4454//4782 5178//4966
f 4454//4782 4703//4783 5179//4967 5178//4966
f 4703//4783 4704//4784 4728//4968 5179//4967
f 5180//4969 4651//4786 4708//4785 4712//4963
f 5183//4970 5181//4894 5149//4893 5164//4971
f 5226//4972 4817//4767 4356//4768 4150//4973
f 4819//4766 4817//4767 5226//4972 5184//4974
f 5185//4975 4358//4765 4819//4766 5184//4974
f 5186//4976 5111//4769 4358//4765 5185//4975
f 4483//4813 4369//4814 4372//4977 5187//4978
f 5188//4979 5116//4792 4375//4793 5189//4980
f 4366//4794 5116//4792 5188//4979 5190//4981
f 5191//4982 5122//4816 4392//4818 5192//4983
f 4406//4820 5123//4819 4418//4984 4400//4985
f 4408//4986 5124//4821 4409//4822 5205//4987
f 4803//4988 4804//4775 5112//4776 5193//4989
f 4806//4990 4805//4774 4804//4775 4803//4988
f 4566//4612 5121//4811 4470//4991 5194//4700
f 5105//4743 5194//4700 4659//4992 5152//4908
f 4493//4751 4491//4744 4490//4993 5195//4994
f 5108//4752 4493//4751 5195//4994 4492//4995
f 5125//4823 4513//4824 5196//4996 4182//4997
f 4707//4998 5131//4834 5132//4835 4697//4999
f 4697//4999 5132//4835 5133//4836 5197//5000
f 5133//4836 4706//4837 4696//5001 5197//5000
f 4738//5002 4657//4827 5127//4828 4656//5003
f 5121//4811 4563//4812 4565//5004 5222//5005
f 4564//5006 5120//4809 4557//4810 4459//5007
f 4149//5008 4572//4749 4571//4748 5198//5009
f 5198//5009 4571//4748 4660//4747 4739//5010
f 4739//5010 4660//4747 5107//4746 4555//4738
f 4577//4841 4583//4842 4574//5011 5199//5012
f 4675//5013 4631//4843 4632//4844 4672//5014
f 4826//4957 4750//4851 5135//4849 4833//5015
f 4833//5015 5135//4849 4748//4850 4749//5016
f 4841//5017 5134//4848 4767//4847 4765//5018
f 5109//4764 5110//4763 4578//5019 4581//5020
f 4749//5016 4748//4850 4123//4679 4146//4581
f 5136//4857 4158//4750 4636//4757 5167//4936
f 4765//5018 4767//4847 4179//4846 5169//4948
f 4515//4708 5131//4834 4707//4998 4620//4886
f 4306//4898 4305//4853 4805//4774 4806//4990
f 4457//4881 4456//4685 4338//4808 5181//4894
f 4372//4977 4369//4814 4366//4794 5190//4981
f 5189//4980 4375//4793 4376//4797 4377//4947
f 5166//4935 4391//4762 5174//4817 4180//5021
f 5141//4869 4442//4711 4657//4827 4738//5002
f 4178//4946 4484//4796 5108//4752 4492//4995
f 5110//4763 4577//4841 5199//5012 4578//5019
f 4148//4582 4145//4856 4749//5016 4146//4581
f 4572//4749 4149//5008 5200//5022 4474//4876
f 4541//4897 5099//4727 5136//4857 4643//5023
f 5152//4908 4659//4992 4558//5024 4174//4907
f 4460//4888 4176//4701 4457//4881 4458//5025
f 4567//4855 5143//4875 4575//5026 5145//4882
f 5123//4819 5137//4861 4422//5027 4418//4984
f 4689//4952 4533//4840 4184//4879 4688//5028
f 4184//4879 4690//4801 4686//4924 4688//5028
f 5163//4928 4203//4854 4542//4896 5201//5029
f 5162//4927 5163//4928 5202//5030 4538//4929
f 4550//4863 4212//4806 4647//4962 5203//5031
f 4649//4722 4550//4863 5203//5031 5144//4880
f 5124//4821 4408//4986 4503//5032 4229//4865
f 4403//4789 4229//4865 4503//5032 4410//4942
f 4230//4830 4610//4791 4611//5033 4822//4953
f 5091//4694 5139//4866 4588//5034 4591//4868
f 4672//5014 4632//4844 4591//4868 4588//5034
f 5140//4867 4240//4739 4831//4958 4828//4900
f 4733//4872 4170//4721 5142//4870 4735//5035
f 5142//4870 4313//4691 4734//4873 5204//5036
f 4316//4779 4840//4937 5204//5036 4734//4873
f 4545//4960 5119//4804 5153//4909 4324//5037
f 5181//4894 5182//5038 4458//5025 4457//4881
f 4356//4768 4568//4877 4570//5039 4150//4973
f 4409//4822 4406//4820 4400//4985 5205//4987
f 4430//4778 4432//4899 4827//5040 4829//4939
f 4432//4899 4828//4900 5206//5041 4827//5040
f 4706//4837 5144//4880 5207//5042 4696//5001
f 4565//5004 4563//4812 4468//4895 5208//5043
f 5208//5043 4468//4895 5120//4809 4564//5006
f 4659//4992 5194//4700 4470//4991 5209//5044
f 5111//4769 5186//4976 5210//5045 5154//4911
f 4570//5039 4568//4877 5145//4882 4580//5046
f 4422//5027 5137//4861 5147//4884 5211//5047
f 5211//5047 5147//4884 4626//4885 4624//5048
f 4611//5033 4610//4791 4505//4944 4603//5049
f 4513//4824 4620//4886 4621//5050 5196//4996
f 4626//4885 5106//4745 4517//5051 4624//5048
f 4517//5051 5106//4745 4622//4878 5212//5052
f 4537//4887 4535//4826 4538//4929 4789//5053
f 5201//5029 4542//4896 4541//4897 4540//5054
f 4459//5007 4557//4810 4655//4871 4656//5003
f 5101//4732 4474//4876 4576//5055 4573//4874
f 4583//4842 4584//4902 5213//5056 4574//5011
f 4584//4902 4562//4903 4580//5046 5213//5056
f 4181//4889 4631//4843 4675//5013 4683//5057
f 4655//4871 4733//4872 4732//5058 4656//5003
f 5127//4828 4460//4888 4459//5007 4656//5003
f 4810//4742 4713//4910 4661//5059 4714//4864
f 4713//4910 5109//4764 4581//5020 4661//5059
f 4728//4968 4704//4784 5151//4901 4729//5060
f 5095//4710 5138//4862 4746//5061 5151//4901
f 5134//4848 4841//5017 4842//5062 4843//4815
f 4811//4892 4809//4730 4714//4864 4740//5063
f 5112//4776 4440//4858 4802//5064 5193//4989
f 4802//5064 4440//4858 4439//4859 4801//5065
f 5153//4909 4171//4740 4319//4913 5214//5066
f 4319//4913 4823//4914 4824//5067 5214//5066
f 5155//4912 5125//4823 4182//4997 5215//5068
f 5146//4883 5130//4833 4596//4956 5216//5069
f 4441//4697 5141//4869 4737//5070 4439//4859
f 5170//4949 4594//4845 5146//4883 5216//5069
f 4709//4802 5148//4890 4731//5071 4823//4914
f 4731//5071 5148//4890 4812//4891 4716//5072
f 4716//5072 4812//4891 4811//4892 4740//5063
f 5164//4971 5149//4893 5218//4723 5217//5073
f 5217//5073 5218//4723 5018//4510 5102//4733
f 4622//4878 4423//4709 5155//4912 5215//5068
f 4194//4773 5156//4916 4238//5074 4392//4818
f 5156//4916 4239//4917 4786//5075 4238//5074
f 4239//4917 4763//4139 5219//5076 4786//5075
f 4490//4993 4491//4744 5157//4919 5220//5077
f 5157//4919 4494//4918 4771//5078 5220//5077
f 4771//5078 4494//4918 4537//4887 4789//5053
f 4555//4738 5160//4922 4741//5079 4739//5010
f 4145//4856 4143//4755 5161//4926 4760//5080
f 4183//4838 5171//4950 5221//5081 5138//4862
f 5219//5076 4763//4139 5175//4959 4762//5082
f 4450//4860 4651//4786 5180//4969 4650//5083
f 5182//5038 5181//4894 5183//4970 4340//5084
f 4483//4813 5187//4978 4373//5085 5139//4866
f 5174//4817 5122//4816 5191//4982 4394//5086
f 5121//4811 5222//5005 5209//5044 4470//4991
f 4681//5087 4682//4915 4181//4889 4683//5057
f 5191//4982 5192//4983 4396//5088 4394//5086
f 4826//4957 4833//5015 4760//5080 4831//4958
f 4833//5015 4749//5016 4145//4856 4760//5080
f 4469//5089 5164//4971 5217//5073 5102//4733
f 4469//5089 5102//4733 5154//4911 5222//5005
f 4340//5084 5183//4970 5164//4971 4469//5089
f 4757//4925 4306//4898 4806//4990 4759//5090
f 4759//5090 4806//4990 4803//4988 4834//5091
f 4834//5091 4803//4988 5193//4989 4800//5092
f 5161//4926 4757//4925 4759//5090 5223//5093
f 4180//5021 5174//4817 4394//5086 5224//5094
f 5225//5095 4464//4906 4174//4907 4558//5024
f 4658//4905 4464//4906 5225//5095 5184//4974
f 5226//4972 4560//4904 4658//4905 5184//4974
f 4150//4973 4562//4903 4560//4904 5226//4972
f 4458//5025 4564//5006 4459//5007 4460//4888
f 5227//5096 4633//4923 4682//4915 4681//5087
f 5228//5097 4686//4924 4633//4923 5227//5096
f 4652//5098 5158//4920 4450//4860 4650//5083
f 4715//5099 5159//4921 5158//4920 4652//5098
f 5229//5100 5160//4922 5159//4921 4715//5099
f 5175//4959 4843//4815 4842//5062 4762//5082
f 5192//4983 4392//4818 4238//5074 4151//5101
f 4469//5089 5222//5005 4565//5004 4340//5084
f 4669//5102 5188//4979 5189//4980 5230//5103
f 5231//5104 5190//4981 5188//4979 4669//5102
f 4371//5105 5187//4978 4372//4977 5190//4981
f 5270//4961 4545//4960 4646//5106 4326//5107
f 4668//5108 4377//4947 5168//4945 4507//5109
f 4507//5109 5168//4945 4178//4946 5284//5110
f 4417//5111 4400//4985 4418//4984 4416//5112
f 5266//5113 4411//4941 4410//4942 5265//5114
f 5291//5115 4414//4940 4411//4941 5266//5113
f 4613//5116 4609//4943 4414//4940 5291//5115
f 4614//5117 4505//4944 4609//4943 4613//5116
f 4408//4986 5205//4987 4421//5118 4415//5119
f 4724//4951 4689//4952 4723//5120 4825//5121
f 4743//5122 5171//4950 4724//4951 4825//5121
f 4711//5123 5177//4965 5178//4966 4173//5124
f 5178//4966 5179//4967 4701//5125 4173//5124
f 5179//4967 4728//4968 4699//5126 4701//5125
f 4710//5127 5176//4964 5177//4965 4711//5123
f 4546//5128 4712//4963 5176//4964 4710//5127
f 5232//5129 5180//4969 4712//4963 4546//5128
f 5198//5009 4739//5010 4714//4864 4661//5059
f 4581//5020 4149//5008 5198//5009 4661//5059
f 4149//5008 4581//5020 4578//5019 5200//5022
f 4738//5002 4656//5003 4732//5058 5233//5130
f 5186//4976 5185//4975 4558//5024 4659//4992
f 5234//5131 5199//5012 4574//5011 5235//5132
f 4766//5133 5169//4948 5170//4949 4595//5134
f 4597//5135 4596//4956 5173//4955 4599//5136
f 4599//5136 5173//4955 5172//4954 4602//5137
f 5172//4954 4822//4953 4598//5138 4602//5137
f 4182//4997 5196//4996 4619//5139 4623//5140
f 5236//5141 4637//4931 5165//4930 4641//4932
f 5167//4936 4637//4931 5236//5141 5271//5142
f 5237//5143 4638//4933 4639//4934 4640//5144
f 4640//5144 4639//4934 5166//4935 4180//5021
f 4680//5145 4675//5013 4672//5014 4676//5146
f 5197//5000 4696//5001 4648//5147 4698//5148
f 4730//5149 4697//4999 5197//5000 4698//5148
f 4707//4998 4697//4999 4730//5149 5238//5150
f 4773//5151 4841//5017 4765//5018 5239//5152
f 4761//5153 4830//4938 4829//4939 4837//5154
f 4839//5155 4840//4937 4830//4938 4761//5153
f 4492//4995 5195//4994 5240//5156 4508//5157
f 5240//5156 5195//4994 4490//4993 5241//5158
f 4178//4946 4492//4995 4508//5157 5284//5110
f 4340//5084 4565//5004 5208//5043 5182//5038
f 5230//5103 5189//4980 4377//4947 4668//5108
f 5141//4869 4738//5002 5233//5130 4737//5070
f 4643//5023 5136//4857 5167//4936 5271//5142
f 4570//5039 4580//5046 4562//4903 4150//4973
f 4564//5006 4458//5025 5182//5038 5208//5043
f 5200//5022 4578//5019 5199//5012 5234//5131
f 4474//4876 5200//5022 5234//5131 4576//5055
f 4598//5138 4822//4953 4611//5033 4603//5049
f 4620//4886 4707//4998 5238//5150 4621//5050
f 5239//5152 4765//5018 5169//4948 4766//5133
f 5185//4975 5184//4974 5225//5095 4558//5024
f 5210//5045 5186//4976 4659//4992 5209//5044
f 5242//5159 4760//5080 5161//4926 5223//5093
f 5180//4969 5232//5129 4324//5037 4650//5083
f 4622//4878 5215//5068 5243//5160 5212//5052
f 5243//5160 5215//5068 4182//4997 4623//5140
f 4238//5074 4786//5075 5244//5161 4151//5101
f 4324//5037 5153//4909 5214//5066 4650//5083
f 4646//5106 4545//4960 4324//5037 5232//5129
f 5214//5066 4824//5067 4652//5098 4650//5083
f 4396//5088 5192//4983 4151//5101 4395//5162
f 5224//5094 4394//5086 4396//5088 5245//5163
f 4400//4985 4417//5111 4420//5164 5205//4987
f 4503//5032 4408//4986 4415//5119 4608//5165
f 5205//4987 4420//5164 5246//5166 4421//5118
f 4418//4984 4422//5027 4618//5167 4416//5112
f 4618//5167 4422//5027 5211//5047 4674//5168
f 4439//4859 4737//5070 5247//5169 4801//5065
f 5222//5005 5154//4911 5210//5045 5209//5044
f 4603//5049 4505//4944 4614//5117 4615//5170
f 4540//5054 4541//4897 4643//5023 4543//5171
f 5202//5030 5163//4928 5201//5029 4798//5172
f 4538//4929 5202//5030 4793//5173 4789//5053
f 5203//5031 4647//4962 4547//5174 5248//5175
f 5144//4880 5203//5031 5248//5175 5207//5042
f 4573//4874 4576//5055 4575//5026 5143//4875
f 4576//5055 5234//5131 5235//5132 4575//5026
f 4574//5011 5213//5056 5249//5176 5235//5132
f 5249//5176 5213//5056 4580//5046 5145//4882
f 5249//5176 5145//4882 4575//5026 5235//5132
f 4676//5146 4672//5014 4588//5034 4589//5177
f 4589//5177 4588//5034 5139//4866 4373//5085
f 5216//5069 4596//4956 4597//5135 4769//5178
f 4595//5134 5170//4949 5216//5069 4769//5178
f 5196//4996 4621//5050 4726//5179 4619//5139
f 4674//5168 5211//5047 4624//5048 5250//5180
f 4675//5013 4680//5145 5251//5181 4683//5057
f 4686//4924 5228//5097 4719//5182 4688//5028
f 4689//4952 4688//5028 4722//5183 4723//5120
f 4733//4872 4735//5035 5252//5184 4732//5058
f 4728//4968 4729//5060 5253//5185 4699//5126
f 4823//4914 4731//5071 5254//5186 4824//5067
f 4731//5071 4716//5072 5255//5187 5254//5186
f 4714//4864 4739//5010 4741//5079 4740//5063
f 4741//5079 5160//4922 5229//5100 4740//5063
f 5221//5081 5171//4950 4743//5122 4742//5188
f 5244//5161 4786//5075 5219//5076 4764//5189
f 4841//5017 4773//5151 4777//5190 4842//5062
f 4798//5172 5201//5029 4540//5054 4795//5191
f 5223//5093 4759//5090 4834//5091 4836//5192
f 4836//5192 4834//5091 4800//5092 5256//5193
f 4837//5154 4829//4939 4827//5040 5257//5194
f 5206//5041 4828//4900 4831//4958 4835//5195
f 4831//4958 4760//5080 5242//5159 4835//5195
f 5204//5036 4840//4937 4839//5155 4736//5196
f 4735//5035 5142//4870 5204//5036 4736//5196
f 4729//5060 5151//4901 4746//5061 5277//5197
f 4746//5061 5138//4862 5221//5081 4742//5188
f 5187//4978 4371//5105 4662//5198 4373//5085
f 4800//5092 5193//4989 4802//5064 4801//5065
f 5257//5194 4827//5040 5206//5041 4835//5195
f 4696//5001 5207//5042 4695//5199 4648//5147
f 5250//5180 4624//5048 4517//5051 5258//5200
f 5258//5200 4517//5051 5212//5052 4625//5201
f 4764//5189 5219//5076 4762//5082 5259//5202
f 5259//5202 4762//5082 4842//5062 4777//5190
f 5241//5158 4490//4993 5220//5077 4784//5203
f 5220//5077 4771//5078 4791//5204 4784//5203
f 4771//5078 4789//5053 4788//5205 4791//5204
f 4640//5144 4180//5021 5224//5094 5260//5206
f 4371//5105 5190//4981 5231//5104 5261//5207
f 5231//5104 4669//5102 4670//5208 5261//5207
f 4669//5102 5230//5103 5298//5209 4670//5208
f 4638//4933 5237//5143 5236//5141 4641//4932
f 5240//5156 5241//5158 5262//5210 4508//5157
f 5254//5186 4715//5099 4652//5098 4824//5067
f 5233//5130 4732//5058 5252//5184 5263//5211
f 4684//5212 4681//5087 4683//5057 5251//5181
f 5264//5213 5227//5096 4681//5087 4684//5212
f 4716//5072 4740//5063 5229//5100 5255//5187
f 5255//5187 5229//5100 4715//5099 5254//5186
f 4410//4942 4503//5032 4608//5165 5265//5114
f 4685//5214 5228//5097 5227//5096 5264//5213
f 4693//5215 5237//5143 4640//5144 5260//5206
f 4173//5124 4701//5125 4700//5216 4446//5217
f 4700//5216 4701//5125 4699//5126 4702//5218
f 5267//5219 4711//5123 4173//5124 4446//5217
f 5268//5220 4710//5127 4711//5123 5267//5219
f 4326//5107 4546//5128 4710//5127 5268//5220
f 4546//5128 4326//5107 4646//5106 5232//5129
f 4326//5107 5268//5220 5269//5221 5270//4961
f 5269//5221 4547//5174 4647//4962 5270//4961
f 4605//5222 4668//5108 4507//5109 4617//5223
f 4507//5109 5284//5110 4506//5224 4617//5223
f 4415//5119 4421//5118 4606//5225 4504//5226
f 4785//5227 4614//5117 4613//5116 4671//5228
f 4671//5228 4613//5116 5291//5115 4612//5229
f 4717//5230 4417//5111 4416//5112 4665//5231
f 5272//5232 4766//5133 4595//5134 4768//5233
f 5273//5234 4597//5135 4599//5136 4601//5235
f 4601//5235 4599//5136 4602//5137 5274//5236
f 4602//5137 4598//5138 5275//5237 5274//5236
f 4623//5140 4619//5139 5276//5238 4625//5201
f 4698//5148 4648//5147 5278//5239 5277//5197
f 4705//5240 4730//5149 4698//5148 5277//5197
f 5238//5150 4730//5149 4705//5240 4744//5241
f 4679//4136 4680//5145 4676//5146 4677//5242
f 4825//5121 4723//5120 4720//5243 4726//5179
f 4744//5241 4743//5122 4825//5121 4726//5179
f 4838//5244 4761//5153 4837//5154 5279//5245
f 5280//5246 4839//5155 4761//5153 4838//5244
f 4778//5247 4773//5151 5239//5152 4772//5248
f 5230//5103 4668//5108 4605//5222 5298//5209
f 5275//5237 4598//5138 4603//5049 4615//5170
f 4744//5241 4726//5179 4621//5050 5238//5150
f 5243//5160 4623//5140 4625//5201 5212//5052
f 5236//5141 5237//5143 4693//5215 5271//5142
f 4737//5070 5233//5130 5263//5211 5247//5169
f 4742//5188 4743//5122 4744//5241 4705//5240
f 4643//5023 5271//5142 4692//5249 4543//5171
f 4772//5248 5239//5152 4766//5133 5272//5232
f 5252//5184 4735//5035 4736//5196 5263//5211
f 5269//5221 5268//5220 5267//5219 4547//5174
f 4371//5105 5261//5207 4664//5250 4662//5198
f 4373//5085 4662//5198 5281//5251 4589//5177
f 4677//5242 4676//5146 4589//5177 5281//5251
f 5224//5094 5245//5163 4694//5252 5260//5206
f 5245//5163 4396//5088 4395//5162 5282//5253
f 4608//5165 4415//5119 4504//5226 5265//5114
f 4420//5164 4417//5111 4717//5230 5283//5254
f 4508//5157 5262//5210 5285//5255 5284//5110
f 4416//5112 4618//5167 4678//4137 4665//5231
f 4678//4137 4618//5167 4674//5168 4673//4135
f 4795//5191 4540//5054 4543//5171 4645//5256
f 5202//5030 4798//5172 4797//5257 4793//5173
f 4695//5199 5207//5042 5248//5175 4446//5217
f 5267//5219 4446//5217 5248//5175 4547//5174
f 5261//5207 4670//5208 5305//5258 4664//5250
f 4604//5259 5286//5260 5298//5209
f 4670//5208 5298//5209 5286//5260 5305//5258
f 4615//5170 4614//5117 4785//5227 4600//5261
f 4625//5201 5276//5238 4718//5262 5258//5200
f 4674//5168 5250//5180 4687//5263 4673//4135
f 4648//5147 4695//5199 4702//5218 5278//5239
f 4702//5218 4699//5126 5253//5185 5278//5239
f 5251//5181 4680//5145 4679//4136 4673//4135
f 4722//5183 4688//5028 4719//5182 4725//5264
f 4720//5243 4723//5120 4722//5183 4725//5264
f 4695//5199 4446//5217 4700//5216 4702//5218
f 4729//5060 5277//5197 5278//5239 5253//5185
f 4726//5179 4720//5243 4721//5265 4619//5139
f 4746//5061 4742//5188 4705//5240 5277//5197
f 4777//5190 4773//5151 4778//5247 4774//5266
f 5241//5158 4784//5203 4782//5267 5262//5210
f 4782//5267 4784//5203 4791//5204 4770//5268
f 4791//5204 4788//5205 5287//5269 4770//5268
f 4788//5205 4789//5053 4793//5173 4792//5270
f 4797//5257 4798//5172 4795//5191 4796//5271
f 4800//5092 4801//5065 5288//5272 5256//5193
f 5288//5272 4801//5065 5247//5169 4745//5273
f 5242//5159 5223//5093 4836//5192 4832//5274
f 4832//5274 4836//5192 5256//5193 5279//5245
f 5279//5245 4837//5154 5257//5194 4832//5274
f 4719//5182 5228//5097 4685//5214 5289//5275
f 4395//5162 4151//5101 5244//5161 4764//5189
f 4421//5118 5246//5166 4845//5276 4606//5225
f 4768//5233 4595//5134 4769//5178 5290//5277
f 5290//5277 4769//5178 4597//5135 5273//5234
f 4687//5263 5250//5180 5258//5200 4718//5262
f 4832//5274 5257//5194 4835//5195 5242//5159
f 4839//5155 5280//5246 4745//5273 4736//5196
f 5291//5115 5266//5113 4412//5278 4612//5229
f 5266//5113 5265//5114 4667//5279 4412//5278
f 4395//5162 4764//5189 5259//5202 5282//5253
f 5282//5253 5259//5202 4777//5190 4774//5266
f 4687//5263 4684//5212 5251//5181 4673//4135
f 5246//5166 4420//5164 5283//5254 5292//4123
f 4644//5280 4693//5215 5260//5206 4694//5252
f 5264//5213 4684//5212 4687//5263 4718//5262
f 5276//5238 4619//5139 4721//5265 4152//5281
f 4838//5244 5279//5245 5256//5193 5288//5272
f 5280//5246 4838//5244 5288//5272 4745//5273
f 5293//5282 4605//5222 4617//5223 5297//5283
f 4794//5284 4778//5247 4772//5248 5294//5285
f 5297//5283 4612//5229 4412//5278 5293//5282
f 4616//5286 4671//5228 4612//5229 5297//5283
f 4781//5287 4785//5227 4671//5228 4616//5286
f 4504//5226 4606//5225 4607//5288 5295//5289
f 4775//5290 5273//5234 4601//5235 5296//5291
f 5296//5291 4601//5235 5274//5236 4600//5261
f 4600//5261 5274//5236 5275//5237 4615//5170
f 4717//5230 4665//5231 4590//5292 4666//5293
f 5297//5283 4617//5223 4506//5224 4616//5286
f 4678//4137 4679//4136 4677//5242 4665//5231
f 4799//5294 5272//5232 4768//5233 4776//5295
f 4692//5249 5271//5142 4693//5215 4644//5280
f 4667//5279 5265//5114 4504//5226 5295//5289
f 4745//5273 5247//5169 5263//5211 4736//5196
f 5294//5285 4772//5248 5272//5232 4799//5294
f 4665//5231 4677//5242 5281//5251 4590//5292
f 4590//5292 5281//5251 4662//5198 4664//5250
f 4778//5247 4794//5284 4796//5271 4774//5266
f 4796//5271 4795//5191 4645//5256 4774//5266
f 5245//5163 5282//5253 4393//5296 4694//5252
f 5293//5282 4412//5278 4667//5279 4604//5259
f 4645//5256 4543//5171 4692//5249 4393//5296
f 4605//5222 5293//5282 4604//5259 5298//5209
f 5289//5275 4718//5262 5276//5238 4152//5281
f 4718//5262 5289//5275 4685//5214 5264//5213
f 4719//5182 5289//5275 4152//5281 4725//5264
f 4725//5264 4152//5281 4721//5265 4720//5243
f 4644//5280 4694//5252 4393//5296 4692//5249
f 5283//5254 4717//5230 4666//5293 4419//5297
f 5262//5210 4782//5267 5299//5298 5285//5255
f 4844//5299 4506//5224 5284//5110 5285//5255
f 5299//5298 4782//5267 4770//5268 5300//5300
f 4785//5227 4781//5287 4783//5301 4600//5261
f 5300//5300 4770//5268 5287//5269 4787//5302
f 5287//5269 4788//5205 4792//5270 4787//5302
f 4792//5270 4793//5173 4797//5257 5301//4131
f 4797//5257 4796//5271 4794//5284 5301//4131
f 4794//5284 5294//5285 5302//4129 5301//4131
f 4393//5296 5282//5253 4774//5266 4645//5256
f 4776//5295 4768//5233 5290//5277 5303//5303
f 5303//5303 5290//5277 5273//5234 4775//5290
f 4845//5276 5246//5166 5292//4123 5304//4125
f 4607//5288 4606//5225 4845//5276 5304//4125
f 5292//4123 5283//5254 4419//5297 4663//4124
f 4419//5297 4666//5293 4590//5292 4664//5250
f 4844//5299 4781//5287 4616//5286 4506//5224
f 4780//5304 5296//5291 4600//5261 4783//5301
f 4779//5305 4775//5290 5296//5291 4780//5304
f 4607//5288 5305//5258 5286//5260 5295//5289
f 4790//4130 4799//5294 4776//5295 4787//5302
f 4667//5279 5295//5289 5286//5260 4604//5259
f 4663//4124 4419//5297 4664//5250 5305//5258
f 4787//5302 4776//5295 5303//5303 5300//5300
f 5303//5303 4775//5290 4779//5305 5300//5300
f 4783//5301 4781//5287 4844//5299 5285//5255
f 4790//4130 4787//5302 4792//5270 5301//4131
f 5302//4129 5294//5285 4799//5294 4790//4130
f 5305//5258 4607//5288 5304//4125 4663//4124
f 4783//5301 5285//5255 5299//5298 4780//5304
f 5299//5298 5300//5300 4779//5305 4780//5304
f 5827//5306 5338//5307 6401//5308
f 5722//5309 5721//5310 5723//5311
f 5472//5312 5736//5313 5423//5314
f 6308//5315 6245//5316 5695//5317
f 5873//5318 5872//5319 5870//5320
f 6437//5321 5805//5322 5807//5323
f 6355//5324 5589//5325 5893//5326
f 6402//5327 6371//5328 5886//5329
f 5983//5330 5982//5331 5747//5332
f 6479//5333 6045//5334 6046//5335
f 6466//5336 6055//5337 6052//5338
f 5332//5339 864//858 5307//5340
f 680//671 2860//2816 5347//5341 873//847
f 5347//5341 2860//2816 2861//2815 6068//5342
f 6068//5342 2861//2815 2862//2818 6069//5343
f 6069//5343 2862//2818 2863//2961 5436//5344
f 2863//2961 2864//2960 5403//5345 5436//5344
f 2864//2960 2865//2964 6070//5346 5403//5345
f 864//858 865//861 5331//5347 5332//5339
f 5331//5347 865//861 866//869 6071//5348
f 866//869 867//871 6072//5349 6071//5348
f 864//858 5332//5339 6073//5350 951//952
f 765//809 945//946 5369//5351 2859//2809
f 945//946 946//973 5368//5352 5369//5351
f 946//973 947//960 6074//5353 5368//5352
f 2674//2663 5309//5354 6075//5355 5310//5356
f 6075//5355 5309//5354 5308//5357 5324//5358
f 5324//5358 5308//5357 2674//2663 5399//5359
f 5399//5359 2674//2663 2792//2808 6076//5360
f 6077//5361 5306//5362 2645//2671 5323//5363
f 2645//2671 5306//5362 6077//5361 5391//5364
f 2931//2833 2645//2671 5391//5364 6078//5365
f 2930//2835 2931//2833 6078//5365 6079//5366
f 2929//2837 2930//2835 6079//5366 5431//5367
f 2928//3080 2929//2837 5431//5367 6080//5368
f 2927//3078 2928//3080 6080//5368 6081//5369
f 6082//5370 950//954 951//952 6073//5350
f 6083//5371 949//956 950//954 6082//5370
f 6084//5372 948//958 949//956 6083//5371
f 2858//2811 2859//2809 5369//5351 6085//5373
f 2925//3075 2926//3074 6086//5374 5491//5375
f 5625//5376 2924//3128 2925//3075 5491//5375
f 6087//5377 2923//3071 2924//3128 5625//5376
f 6088//5378 2922//3072 2923//3071 6087//5377
f 2919//3065 2920//3067 6090//5379 6089//5380
f 6157//5381 2917//3060 2918//3063 6091//5382
f 2916//3056 2917//3060 5603//5383 6092//5384
f 6093//5385 2915//3057 2916//3056 6092//5384
f 5471//5386 2913//3054 2914//3053 6094//5387
f 6095//5388 2912//3048 2913//3054 5471//5386
f 2908//3045 2909//3126 6096//5389 5490//5390
f 2907//3046 2908//3045 5490//5390 6097//5391
f 2905//3042 2906//3041 6098//5392 5478//5393
f 2904//3036 2905//3042 5478//5393 5481//5394
f 2901//3034 2902//3033 6099//5395 5477//5396
f 6100//5397 2900//3030 2901//3034 5477//5396
f 5528//5398 2899//3028 2900//3030 6100//5397
f 6101//5399 2898//3024 2899//3028 5528//5398
f 2896//3123 2897//3025 6103//5400 6102//5401
f 2894//3021 2895//3023 5452//5402 5451//5403
f 2893//3019 2894//3021 5451//5403 6104//5404
f 6105//5405 2892//3017 2893//3019 6104//5404
f 5450//5406 2890//3014 2891//3013 5448//5407
f 6106//5408 2889//3010 2890//3014 5450//5406
f 6107//5409 2888//3009 2889//3010 6106//5408
f 6108//5410 2886//3005 2887//3007 5457//5411
f 5458//5412 2884//2998 2885//3003 5456//5413
f 6109//5414 2883//2999 2884//2998 5458//5412
f 5464//5415 2882//2996 2883//2999 6109//5414
f 2881//2994 2882//2996 5464//5415 5463//5416
f 6110//5417 2880//2993 2881//2994 5463//5416
f 6165//5418 2878//2987 2879//2991 6112//5419
f 2876//2985 2877//2988 6113//5420 5416//5421
f 2875//2983 2876//2985 5416//5421 5547//5422
f 2874//2980 2875//2983 5547//5422 5688//5423
f 2873//2976 2874//2980 5688//5423 5459//5424
f 6114//5425 2872//2977 2873//2976 5459//5424
f 5442//5426 2870//2972 2871//2974 5460//5427
f 871//862 872//849 5328//5428 6115//5429
f 869//905 870//864 6116//5430 5358//5431
f 868//873 869//905 5358//5431 5330//5432
f 2855//3119 2856//3088 6118//5433 6117//5434
f 5504//5435 2853//2957 2854//2959 5435//5436
f 5511//5437 2852//2955 2853//2957 5504//5435
f 5443//5438 2851//2951 2852//2955 5511//5437
f 5444//5439 2850//2952 2851//2951 5443//5438
f 5649//5440 2849//2949 2850//2952 5444//5439
f 5512//5441 2848//2947 2849//2949 5649//5440
f 2847//2945 2848//2947 5512//5441 5461//5442
f 2846//2943 2847//2945 5461//5442 5462//5443
f 2845//2941 2846//2943 5462//5443 6119//5444
f 2844//2939 2845//2941 6119//5444 5419//5445
f 5465//5446 2843//2937 2844//2939 5419//5445
f 2842//2935 2843//2937 5465//5446 6120//5447
f 2841//2933 2842//2935 6120//5447 5581//5448
f 2840//2930 2841//2933 5581//5448 5694//5449
f 2835//2921 2836//2924 5455//5450 6122//5451
f 2834//2919 2835//2921 6122//5451 5537//5452
f 2833//2915 2834//2919 5537//5452 5453//5453
f 2832//2916 2833//2915 5453//5453 5454//5454
f 6123//5455 2831//2911 2832//2916 5454//5454
f 2829//2909 2830//2912 6124//5456 5447//5457
f 2828//2904 2829//2909 5447//5457 5513//5458
f 2827//2905 2828//2904 5513//5458 5445//5459
f 5446//5460 2826//2903 2827//2905 5445//5459
f 6125//5461 2825//2901 2826//2903 5446//5460
f 2822//2893 2823//2897 5517//5462 6126//5463
f 2820//2891 2821//2894 5535//5464 5536//5465
f 6127//5466 2819//2889 2820//2891 5536//5465
f 2816//2883 2817//2882 5474//5467 6128//5468
f 2814//2881 2815//3117 6129//5469 6130//5470
f 2811//2874 2812//2877 6132//5471 6131//5472
f 5731//5473 2809//2869 2810//2873 5752//5474
f 6133//5475 2808//2870 2809//2869 5731//5473
f 6134//5476 2806//2862 2807//2867 5467//5477
f 5469//5478 2805//2863 2806//2862 6134//5476
f 5599//5479 2803//2859 2804//2858 6135//5480
f 5725//5481 2802//3101 2803//2859 5599//5479
f 6136//5482 2801//2857 2802//3101 5725//5481
f 2798//2851 2799//2853 5466//5483 6137//5484
f 6138//5485 2797//2849 2798//2851 6137//5484
f 2794//2844 2795//2843 6139//5486 6140//5487
f 5345//5488 5312//5489 5311//5490 6141//5491
f 5395//5492 5313//5493 5312//5489 5345//5488
f 5394//5494 5314//5495 5313//5493 5395//5492
f 6142//5496 5315//5497 5314//5495 5394//5494
f 5763//5498 5317//5499 5316//5500 6143//5501
f 5492//5502 5318//5503 5317//5499 5763//5498
f 6144//5504 5319//5505 5318//5503 5492//5502
f 5392//5506 5321//5507 5320//5508 6145//5509
f 6211//5510 5322//5511 5321//5507 5392//5506
f 5457//5411 2887//3007 2888//3009 6107//5409
f 6072//5349 867//871 868//873 5330//5432
f 5467//5477 2807//2867 2808//2870 6133//5475
f 6135//5480 2804//2858 2805//2863 5469//5478
f 6141//5491 5311//5490 5310//5356 6075//5355
f 6143//5501 5316//5500 5315//5497 6142//5496
f 2903//3037 2904//3036 5481//5394 5482//5512
f 873//847 5347//5341 5334//5513 872//849
f 2856//3088 2857//2813 5402//5514 6118//5433
f 2839//2926 2840//2930 5694//5449 6168//5515
f 870//864 871//862 6115//5429 6116//5430
f 5369//5351 5368//5352 5405//5516 6085//5373
f 5405//5516 5368//5352 6074//5353 5365//5517
f 2838//2927 6121//5518 5582//5519 2837//2923
f 2915//3057 6093//5385 6094//5387 2914//3053
f 2907//3046 6097//5391 6098//5392 2906//3041
f 2870//2972 5442//5426 5644//5520 2869//2968
f 2821//2894 2822//2893 6126//5463 5535//5464
f 2793//3095 2794//2844 6140//5487 5631//5521
f 5334//5513 5347//5341 6068//5342 6146//5522
f 6146//5522 6068//5342 6069//5343 6147//5523
f 6147//5523 6069//5343 5436//5344 6148//5524
f 5436//5344 5403//5345 5506//5525 6148//5524
f 5403//5345 6070//5346 5508//5526 5506//5525
f 6141//5491 6075//5355 5324//5358 5400//5527
f 5400//5527 5324//5358 5399//5359 6149//5528
f 6149//5528 5399//5359 6076//5360 5496//5529
f 2926//3074 2927//3078 6081//5369 6086//5374
f 948//958 6084//5372 5329//5530 947//960
f 2857//2813 2858//2811 6085//5373 5402//5514
f 2921//3069 2922//3072 6088//5378 5728//5531
f 2919//3065 6089//5380 6091//5382 2918//3063
f 2912//3048 6095//5388 5601//5532 2911//3049
f 2898//3024 6101//5399 5521//5533 2897//3025
f 2895//3023 2896//3123 6102//5401 5452//5402
f 2892//3017 6105//5405 5448//5407 2891//3013
f 2886//3005 6108//5410 5456//5413 2885//3003
f 2880//2993 6110//5417 6112//5419 2879//2991
f 2878//2987 6111//5534 5590//5535 2877//2988
f 2872//2977 6114//5425 5460//5427 2871//2974
f 2868//2969 6230//5536 5439//5537 2867//3121
f 2854//2959 2855//3119 6117//5434 5435//5436
f 2831//2911 6123//5455 5543//5538 2830//2912
f 2825//2901 6125//5461 5516//5539 2824//2899
f 2819//2889 6127//5466 5610//5540 2818//2886
f 2816//2883 6128//5468 5473//5541 2815//3117
f 2814//2881 6130//5470 5609//5542 2813//2878
f 2811//2874 6131//5472 5752//5474 2810//2873
f 2801//2857 6136//5482 5595//5543 2800//2855
f 2797//2849 6138//5485 6150//5544 2796//2847
f 5319//5505 6144//5504 6145//5509 5320//5508
f 6074//5353 947//960 5329//5530 5365//5517
f 5345//5488 6141//5491 5400//5527 5396//5545
f 5395//5492 5345//5488 5396//5545 6151//5546
f 6152//5547 5394//5494 5395//5492 6151//5546
f 6076//5360 2792//2808 2793//3095 5631//5521
f 5630//5548 6142//5496 5394//5494 6152//5547
f 5633//5549 6070//5346 2865//2964 2866//2967
f 6153//5550 6077//5361 5323//5363 5322//5511
f 5391//5364 6077//5361 6153//5550 5344//5551
f 6078//5365 5391//5364 5344//5551 6154//5552
f 6079//5366 6078//5365 6154//5552 5390//5553
f 5628//5554 5431//5367 6079//5366 5390//5553
f 5491//5375 6086//5374 6155//5555 5852//5556
f 5625//5376 5491//5375 5852//5556 6156//5557
f 6087//5377 5625//5376 6156//5557 5853//5558
f 5843//5559 6088//5378 6087//5377 5853//5558
f 5728//5531 6090//5379 2920//3067 2921//3069
f 6157//5381 6158//5560 5603//5383 2917//3060
f 5739//5561 5471//5386 6094//5387 6159//5562
f 5733//5563 6095//5388 5471//5386 5739//5561
f 5621//5564 6096//5389 2909//3126 2910//3131
f 6161//5565 5478//5393 6098//5392 6160//5566
f 5482//5512 6099//5395 2902//3033 2903//3037
f 6103//5400 2897//3025 5521//5533 6162//5567
f 6102//5401 6103//5400 6162//5567 5657//5568
f 6112//5419 6163//5569 6164//5570 6165//5418
f 6165//5418 6164//5570 6111//5534 2878//2987
f 6113//5420 2877//2988 5590//5535 6166//5571
f 6167//5572 2868//2969 2869//2968 5644//5520
f 6230//5536 2868//2969 6167//5572 5440//5573
f 5328//5428 872//849 5334//5513 6146//5522
f 2839//2926 6168//5515 6121//5518 2838//2927
f 6169//5574 2836//2924 2837//2923 5582//5519
f 5455//5450 2836//2924 6169//5574 5583//5575
f 6124//5456 2830//2912 5543//5538 6170//5576
f 5447//5457 6124//5456 6170//5576 6171//5577
f 5513//5458 5447//5457 6171//5577 5651//5578
f 5445//5459 5513//5458 5651//5578 5514//5579
f 5515//5580 5446//5460 5445//5459 5514//5579
f 5652//5581 6125//5461 5446//5460 5515//5580
f 6172//5582 5517//5462 2823//2897 2824//2899
f 6174//5583 2818//2886 5610//5540 6173//5584
f 6174//5583 5474//5467 2817//2882 2818//2886
f 6129//5469 2815//3117 5473//5541 6175//5585
f 6176//5586 6130//5470 6129//5469 6175//5585
f 5612//5587 6132//5471 2812//2877 2813//2878
f 5470//5588 6133//5475 5731//5473 5846//5589
f 6178//5590 2800//2855 5595//5543 6177//5591
f 6178//5590 5466//5483 2799//2853 2800//2855
f 5596//5592 6139//5486 2795//2843 2796//2847
f 5432//5593 5392//5506 6145//5509 6179//5594
f 5325//5595 5332//5339 5331//5347 6180//5596
f 6180//5596 5331//5347 6071//5348 5360//5597
f 5360//5597 6071//5348 6072//5349 5330//5432
f 6073//5350 5332//5339 5325//5595 6082//5370
f 5327//5598 6084//5372 6083//5371 5333//5599
f 6083//5371 6082//5370 5325//5595 5333//5599
f 5330//5432 5358//5431 6181//5600 5360//5597
f 6181//5600 5358//5431 6116//5430 5335//5601
f 6117//5434 6118//5433 6183//5602 6182//5603
f 6184//5604 5444//5439 5443//5438 5641//5605
f 5641//5605 5443//5438 5511//5437 6185//5606
f 6185//5606 5511//5437 5504//5435 5401//5607
f 5649//5440 5444//5439 6184//5604 5650//5608
f 6186//5609 5512//5441 5649//5440 5650//5608
f 5461//5442 5512//5441 6186//5609 5553//5610
f 5555//5611 5462//5443 5461//5442 5553//5610
f 6119//5444 5462//5443 5555//5611 5558//5612
f 5419//5445 6119//5444 5558//5612 6187//5613
f 6188//5614 5465//5446 5419//5445 6187//5613
f 5418//5615 6120//5447 5465//5446 6188//5614
f 5693//5616 5581//5448 6120//5447 5418//5615
f 6104//5404 5451//5403 5518//5617 6189//5618
f 5449//5619 6105//5405 6104//5404 6189//5618
f 5454//5454 5453//5453 5538//5620 5539//5621
f 5453//5453 5537//5452 6190//5622 5538//5620
f 5537//5452 6122//5451 6191//5623 6190//5622
f 6122//5451 5455//5450 5585//5624 6191//5623
f 6123//5455 5454//5454 5539//5621 5542//5625
f 6192//5626 6106//5408 5450//5406 5681//5627
f 6193//5628 6107//5409 6106//5408 6192//5626
f 5411//5629 6114//5425 5459//5424 5548//5630
f 5459//5424 5688//5423 5687//5631 5548//5630
f 5688//5423 5547//5422 5685//5632 5687//5631
f 5547//5422 5416//5421 5379//5633 5685//5632
f 5699//5634 5463//5416 5464//5415 5591//5635
f 5591//5635 5464//5415 6109//5414 5415//5636
f 5415//5636 6109//5414 5458//5412 5679//5637
f 6137//5484 5466//5483 5713//5638 6194//5639
f 6138//5485 6137//5484 6194//5639 5717//5640
f 6081//5369 6080//5368 6195//5641 5623//5642
f 6080//5368 5431//5367 5627//5643 6195//5641
f 5430//5644 6144//5504 5492//5502 6196//5645
f 6196//5645 5492//5502 5763//5498 6197//5646
f 6197//5646 5763//5498 6143//5501 6198//5647
f 6199//5648 6101//5399 5528//5398 5527//5649
f 5527//5649 5528//5398 6100//5397 5613//5650
f 5613//5650 6100//5397 5477//5396 6200//5651
f 5477//5396 6099//5395 5620//5652 6200//5651
f 5677//5653 6108//5410 5457//5411 6201//5654
f 6202//5655 6136//5482 5725//5481 5711//5656
f 5711//5656 5725//5481 5599//5479 5712//5657
f 5712//5657 5599//5479 6135//5480 6203//5658
f 6089//5380 6090//5379 5726//5659 5729//5660
f 5469//5478 6134//5476 5468//5661 6204//5662
f 6134//5476 5467//5477 6205//5663 5468//5661
f 6206//5664 6093//5385 6092//5384 5602//5665
f 5602//5665 6092//5384 5603//5383 5607//5666
f 5481//5394 5478//5393 5483//5667 5476//5668
f 5905//5669 5490//5390 6096//5389 5488//5670
f 6140//5487 6139//5486 6207//5671 5764//5672
f 5694//5449 5581//5448 5579//5673 5580//5674
f 5611//5675 6127//5466 5536//5465 5878//5676
f 5847//5677 6131//5472 6132//5471 6208//5678
f 6110//5417 5463//5416 5698//5679 5414//5680
f 6115//5429 5328//5428 6209//5681 5326//5682
f 6126//5463 5517//5462 6210//5683 5789//5684
f 5740//5685 6128//5468 5474//5467 5741//5686
f 6203//5658 6135//5480 5469//5478 6204//5662
f 6209//5681 5328//5428 6146//5522 6147//5523
f 6201//5654 5457//5411 6107//5409 6193//5628
f 6198//5647 6143//5501 6142//5496 5630//5548
f 6098//5392 6097//5391 5489//5687 6160//5566
f 6179//5594 6145//5509 6144//5504 5430//5644
f 6211//5510 5344//5551 6153//5550 5322//5511
f 6116//5430 6115//5429 5326//5682 5335//5601
f 6159//5562 6094//5387 6093//5385 6206//5664
f 5727//5688 5728//5531 6088//5378 5843//5559
f 6212//5689 5482//5512 5481//5394 5476//5668
f 6099//5395 5482//5512 6212//5689 5620//5652
f 2867//3121 5439//5537 5648//5690 2866//2967
f 5612//5587 2813//2878 5609//5542 5748//5691
f 5748//5691 5609//5542 6130//5470 6176//5586
f 6076//5360 5631//5521 6213//5692 5496//5529
f 6213//5692 5631//5521 6140//5487 5764//5672
f 5396//5545 5400//5527 6149//5528 6214//5693
f 6084//5372 5327//5598 6216//5694 5329//5530
f 6154//5552 5344//5551 6211//5510 6217//5695
f 6217//5695 6211//5510 5392//5506 5432//5593
f 6214//5693 6149//5528 5496//5529 5497//5696
f 6085//5373 5405//5516 5367//5697 5402//5514
f 5405//5516 5365//5517 5366//5698 5367//5697
f 6108//5410 5677//5653 5678//5699 5456//5413
f 5679//5637 5458//5412 5456//5413 5678//5699
f 6081//5369 5623//5642 6155//5555 6086//5374
f 5627//5643 5431//5367 5628//5554 6218//5700
f 5504//5435 5435//5436 6219//5701 5401//5607
f 6105//5405 5449//5619 5407//5702 5448//5407
f 5681//5627 5450//5406 5448//5407 5407//5702
f 5452//5402 6102//5401 5657//5568 5408//5703
f 5451//5403 5452//5402 5408//5703 5518//5617
f 5535//5464 6126//5463 5789//5684 5670//5704
f 5536//5465 5535//5464 5670//5704 5878//5676
f 5585//5624 5455//5450 5583//5575 6220//5705
f 5463//5416 5699//5634 6221//5706 5698//5679
f 6150//5544 6138//5485 5717//5640 6222//5707
f 6136//5482 6202//5655 6223//5708 5595//5543
f 6091//5382 6089//5380 5729//5660 6157//5381
f 5483//5667 5478//5393 6161//5565 6224//5709
f 5490//5390 5905//5669 5428//5710 6097//5391
f 5579//5673 5581//5448 5693//5616 6225//5711
f 5590//5535 6111//5534 5701//5712 6166//5571
f 6127//5466 5611//5675 6226//5713 5610//5540
f 6131//5472 5847//5677 5850//5714 5752//5474
f 6095//5388 5733//5563 6227//5715 5601//5532
f 6070//5346 5633//5549 6228//5716 5508//5526
f 6090//5379 5728//5531 5727//5688 5726//5659
f 6096//5389 5621//5564 5622//5717 5488//5670
f 6112//5419 6110//5417 5414//5680 6163//5569
f 6114//5425 5411//5629 6229//5718 5460//5427
f 5582//5519 6121//5518 5413//5719 6169//5574
f 6123//5455 5542//5625 6231//5720 5543//5538
f 5516//5539 6125//5461 5652//5581 5653//5721
f 6172//5582 2824//2899 5516//5539 5653//5721
f 6128//5468 5740//5685 5745//5722 5473//5541
f 6208//5678 6132//5471 5612//5587 5475//5723
f 6133//5475 5470//5588 6232//5724 5467//5477
f 5596//5592 2796//2847 6150//5544 5597//5725
f 6139//5486 5596//5592 5597//5725 6207//5671
f 2910//3131 2911//3049 6233//5726 5621//5564
f 5601//5532 6234//5727 6233//5726 2911//3049
f 5416//5421 6113//5420 6235//5728 5379//5633
f 6235//5728 6113//5420 6166//5571 5417//5729
f 5435//5436 6117//5434 6182//5603 6219//5701
f 6101//5399 6199//5648 6236//5730 5521//5533
f 5633//5549 2866//2967 5648//5690 5441//5731
f 5365//5517 5329//5530 6216//5694 5336//5732
f 6151//5546 5396//5545 6214//5693 5398//5733
f 5390//5553 6154//5552 6217//5695 5343//5734
f 5628//5554 5390//5553 5343//5734 6218//5700
f 5428//5710 6237//5735 5489//5687 6097//5391
f 5552//5736 5442//5426 5460//5427 6229//5718
f 6238//5737 5644//5520 5442//5426 5552//5736
f 5440//5573 6167//5572 5644//5520 6238//5737
f 5714//5738 5713//5638 5466//5483 6178//5590
f 6205//5663 5467//5477 6232//5724 5600//5739
f 5741//5686 5474//5467 6174//5583 6173//5584
f 6209//5681 6147//5523 6148//5524 6239//5740
f 6148//5524 5506//5525 5785//5741 6239//5740
f 5785//5741 5506//5525 5508//5526 5772//5742
f 5325//5595 6180//5596 5349//5743 5333//5599
f 6180//5596 5360//5597 6215//5744 5349//5743
f 5360//5597 6181//5600 5359//5745 6215//5744
f 5501//5746 6152//5547 6151//5546 5398//5733
f 5393//5747 5630//5548 6152//5547 5501//5746
f 5607//5666 5603//5383 6158//5560 5845//5748
f 6158//5560 6157//5381 5729//5660 5845//5748
f 6162//5567 5521//5533 6236//5730 5522//5749
f 5657//5568 6162//5567 5522//5749 5523//5750
f 6168//5515 5694//5449 5580//5674 5578//5751
f 6170//5576 5543//5538 6231//5720 5676//5752
f 6171//5577 6170//5576 5676//5752 5673//5753
f 5787//5754 5651//5578 6171//5577 5673//5753
f 5786//5755 5514//5579 5651//5578 5787//5754
f 5515//5580 5514//5579 5786//5755 5788//5756
f 5652//5581 5515//5580 5788//5756 5406//5757
f 6175//5585 5473//5541 5745//5722 6240//5758
f 5746//5759 6176//5586 6175//5585 6240//5758
f 5846//5589 5731//5473 5752//5474 5850//5714
f 6241//5760 6183//5602 6118//5433 5402//5514
f 5655//5761 6210//5683 5517//5462 6172//5582
f 6242//5762 5327//5598 5333//5599 5353//5763
f 5539//5621 5538//5620 5374//5764 6243//5765
f 5538//5620 6190//5622 6244//5766 5374//5764
f 6190//5622 6191//5623 5826//5767 6244//5766
f 6191//5623 5585//5624 6245//5316 5826//5767
f 5542//5625 5539//5621 6243//5765 6246//5768
f 5555//5611 5553//5610 6248//5769 6247//5770
f 5558//5612 5555//5611 6247//5770 5560//5771
f 6187//5613 5558//5612 5560//5771 6249//5772
f 6188//5614 6187//5613 6249//5772 5702//5773
f 5594//5774 5418//5615 6188//5614 5702//5773
f 5380//5775 5693//5616 5418//5615 5594//5774
f 5685//5632 5379//5633 5825//5776 5686//5777
f 5687//5631 5685//5632 5686//5777 5823//5778
f 5548//5630 5687//5631 5823//5778 6250//5779
f 5376//5780 5411//5629 5548//5630 6250//5779
f 6047//5781 6184//5604 5641//5605 5642//5782
f 5642//5782 5641//5605 6185//5606 6251//5783
f 6251//5783 6185//5606 5401//5607 5640//5784
f 6252//5785 5650//5608 6184//5604 6047//5781
f 6189//5618 5518//5617 6253//5786 5519//5787
f 5520//5788 5449//5619 6189//5618 5519//5787
f 5545//5789 6192//5626 5681//5627 6254//5790
f 5546//5791 6193//5628 6192//5626 5545//5789
f 5554//5792 5553//5610 6186//5609 5412//5793
f 6186//5609 5650//5608 5692//5794 5412//5793
f 5414//5680 5698//5679 5378//5795 5700//5796
f 5699//5634 5591//5635 6255//5797 5837//5798
f 5591//5635 5415//5636 5680//5799 6255//5797
f 5415//5636 5679//5637 5879//5800 5680//5799
f 6194//5639 5713//5638 6256//5801 5718//5802
f 5717//5640 6194//5639 5718//5802 5716//5803
f 6257//5804 5729//5660 5726//5659 5916//5805
f 5843//5559 5853//5558 6258//5806 5949//5807
f 5997//5808 6204//5662 5468//5661 6259//5809
f 5468//5661 6205//5663 6260//5810 6259//5809
f 5624//5811 5623//5642 6195//5641 5388//5812
f 6195//5641 5627//5643 5760//5813 5388//5812
f 6261//5814 6199//5648 5527//5649 5525//5815
f 5525//5815 5527//5649 5613//5650 5614//5816
f 5614//5816 5613//5650 6200//5651 5487//5817
f 5487//5817 6200//5651 5620//5652 5426//5818
f 5420//5819 6202//5655 5711//5656 6262//5820
f 6262//5820 5711//5656 5712//5657 5914//5821
f 5914//5821 5712//5657 6203//5658 5839//5822
f 6263//5823 5470//5588 5846//5589 5959//5824
f 5472//5312 6206//5664 5602//5665 5606//5825
f 5606//5825 5602//5665 5607//5666 5605//5826
f 5849//5827 5847//5677 6208//5678 5900//5828
f 5476//5668 5483//5667 6264//5829 5486//5830
f 5904//5831 5905//5669 5488//5670 6060//5832
f 5759//5833 6156//5557 5852//5556 5429//5834
f 5429//5834 5852//5556 6155//5555 5623//5642
f 5854//5835 5853//5558 6156//5557 5759//5833
f 5389//5836 5430//5644 6196//5645 5626//5837
f 5626//5837 6196//5645 6197//5646 5434//5838
f 5434//5838 6197//5646 6198//5647 5762//5839
f 5499//5840 5764//5672 6207//5671 5598//5841
f 5580//5674 5579//5673 5831//5842 6265//5843
f 5611//5675 5878//5676 6266//5844 5810//5845
f 5789//5684 6210//5683 5654//5846 5409//5847
f 6016//5848 5733//5563 5739//5561 6267//5849
f 6267//5849 5739//5561 6159//5562 5423//5314
f 5740//5685 5741//5686 5744//5850 6268//5851
f 6161//5565 6160//5566 5479//5852 5427//5853
f 6182//5603 6183//5602 5346//5854 5503//5855
f 5583//5575 6169//5574 5587//5856 5586//5857
f 5433//5858 5432//5593 6179//5594 5494//5859
f 6270//5860 6164//5570 6163//5569 6269//5861
f 5544//5862 5677//5653 6201//5654 5682//5863
f 5343//5734 6217//5695 5432//5593 5433//5858
f 5682//5863 6201//5654 6193//5628 5546//5791
f 5494//5859 6179//5594 5430//5644 5389//5836
f 6163//5569 5414//5680 5700//5796 6269//5861
f 5839//5822 6203//5658 6204//5662 5997//5808
f 5426//5818 5620//5652 6212//5689 5476//5668
f 5423//5314 6159//5562 6206//5664 5472//5312
f 5762//5839 6198//5647 5630//5548 5393//5747
f 5497//5696 5496//5529 6213//5692 5764//5672
f 5366//5698 5365//5517 5336//5732 5357//5864
f 6241//5760 5402//5514 5367//5697 5404//5865
f 5404//5865 5367//5697 5366//5698 5438//5866
f 5346//5854 6183//5602 6241//5760 5404//5865
f 5326//5682 6209//5681 6239//5740 5779//5867
f 5411//5629 5376//5780 5551//5868 6229//5718
f 6225//5711 5693//5616 5380//5775 5832//5869
f 6239//5740 5785//5741 5784//5870 5779//5867
f 5653//5721 5652//5581 5406//5757 6271//5871
f 5655//5761 6172//5582 5653//5721 6271//5871
f 5670//5704 5789//5684 5409//5847 5912//5872
f 5878//5676 5670//5704 5912//5872 6266//5844
f 5417//5729 6166//5571 5701//5712 6272//5873
f 5401//5607 6219//5701 6273//5874 5640//5784
f 6273//5874 6219//5701 6182//5603 5503//5855
f 5449//5619 5520//5788 6274//5875 5407//5702
f 6254//5790 5681//5627 5407//5702 6274//5875
f 5518//5617 5408//5703 5526//5876 6253//5786
f 5408//5703 5657//5568 5523//5750 5526//5876
f 5578//5751 5413//5719 6121//5518 6168//5515
f 5714//5738 6178//5590 6177//5591 5715//5877
f 6226//5713 5611//5675 5810//5845 5742//5878
f 5479//5852 6160//5566 5489//5687 5615//5879
f 5426//5818 5476//5668 5486//5830 5485//5880
f 6060//5832 5488//5670 5622//5717 5851//5881
f 5497//5696 5764//5672 5499//5840 5498//5882
f 5785//5741 5772//5742 6275//5883 5784//5870
f 5677//5653 5544//5862 6276//5884 5678//5699
f 5679//5637 5678//5699 6277//5885 5879//5800
f 6248//5769 5553//5610 5554//5792 5562//5886
f 5587//5856 6169//5574 5413//5719 5377//5887
f 6220//5705 5583//5575 5586//5857 6278//5888
f 6221//5706 5699//5634 5837//5798 5838//5889
f 5378//5795 5698//5679 6221//5706 5838//5889
f 6207//5671 5597//5725 6279//5890 5598//5841
f 5597//5725 6150//5544 6222//5707 6279//5890
f 5607//5666 5845//5748 6280//5891 5605//5826
f 5745//5722 5740//5685 6268//5851 6048//5892
f 5475//5723 5612//5587 5748//5691 5749//5893
f 5749//5893 5748//5691 6176//5586 5746//5759
f 5429//5834 5623//5642 5624//5811 6064//5894
f 5654//5846 6210//5683 5655//5761 5809//5895
f 6202//5655 5420//5819 5840//5896 6223//5708
f 5713//5638 5714//5738 6281//5897 6256//5801
f 6222//5707 5717//5640 5716//5803 5722//5309
f 5916//5805 5726//5659 5727//5688 6282//5898
f 5727//5688 5843//5559 5949//5807 6282//5898
f 5470//5588 6263//5823 6283//5899 6232//5724
f 5601//5532 6227//5715 6284//5900 6234//5727
f 6227//5715 5733//5563 6016//5848 6015//5901
f 5744//5850 5741//5686 6173//5584 5742//5878
f 6173//5584 5610//5540 6226//5713 5742//5878
f 5959//5824 5846//5589 5850//5714 6285//5902
f 6285//5902 5850//5714 5847//5677 5849//5827
f 6258//5806 5853//5558 5854//5835 6286//5903
f 5905//5669 5904//5831 5923//5904 5428//5710
f 6164//5570 6270//5860 5701//5712 6111//5534
f 6224//5709 6161//5565 5427//5853 5484//5905
f 6177//5591 5595//5543 6223//5708 5715//5877
f 6260//5810 6205//5663 5600//5739 5730//5906
f 5900//5828 6208//5678 5475//5723 5751//5907
f 5760//5813 5627//5643 6218//5700 5495//5908
f 6218//5700 5343//5734 5433//5858 5495//5908
f 5495//5908 5433//5858 5494//5859 6391//5909
f 5585//5624 6220//5705 5695//5317 6245//5316
f 5483//5667 6224//5709 5617//5910 6264//5829
f 5831//5842 5579//5673 6225//5711 6287//5911
f 6228//5716 5633//5549 5441//5731 5507//5912
f 5648//5690 5439//5537 5646//5913 5441//5731
f 5772//5742 5508//5526 6228//5716 5507//5912
f 5646//5913 5439//5537 6230//5536 6288//5914
f 6288//5914 6230//5536 5440//5573 5645//5915
f 5645//5915 5440//5573 6238//5737 6289//5916
f 5621//5564 6233//5726 6290//5917 5622//5717
f 6290//5917 6233//5726 6234//5727 5732//5918
f 5379//5633 6235//5728 5592//5919 5825//5776
f 6235//5728 5417//5729 6291//5920 5592//5919
f 6238//5737 5552//5736 6292//5921 6289//5916
f 5353//5763 5333//5599 5349//5743 5364//5922
f 5364//5922 5349//5743 6215//5744 5348//5923
f 5348//5923 6215//5744 5359//5745 5362//5924
f 5327//5598 6242//5762 5351//5925 6216//5694
f 6231//5720 5542//5625 6246//5768 5675//5926
f 5692//5794 5650//5608 6252//5785 6293//5927
f 6252//5785 6047//5781 5371//5928 6293//5927
f 6047//5781 5642//5782 5861//5929 5371//5928
f 5729//5660 6257//5804 6294//5930 5845//5748
f 6199//5648 6261//5814 5524//5931 6236//5730
f 5580//5674 6265//5843 5696//5932 5578//5751
f 5362//5924 5359//5745 6181//5600 5335//5601
f 6295//5933 5335//5601 5326//5682 5779//5867
f 5557//5934 6247//5770 6248//5769 5562//5886
f 5487//5817 5426//5818 5485//5880 5618//5935
f 5753//5936 5427//5853 5479//5852 5615//5879
f 6050//5937 5759//5833 5429//5834 6064//5894
f 6214//5693 5497//5696 5498//5882 5398//5733
f 5614//5816 5487//5817 5618//5935 5529//5938
f 5501//5746 5398//5733 5502//5939 5860//5940
f 5393//5747 5501//5746 5860//5940 5977//5941
f 5525//5815 5614//5816 5529//5938 6296//5942
f 5676//5752 6231//5720 5675//5926 5673//5753
f 5550//5943 5552//5736 6229//5718 5551//5868
f 5556//5944 5560//5771 6247//5770 5557//5934
f 6249//5772 5560//5771 5556//5944 5561//5945
f 6297//5946 5854//5835 5759//5833 6050//5937
f 5336//5732 6216//5694 5351//5925 5354//5947
f 5600//5739 6232//5724 6283//5899 5993//5948
f 5522//5749 6236//5730 5524//5931 5534//5949
f 5523//5750 5522//5749 5534//5949 5532//5950
f 6237//5735 5428//5710 5923//5904 6298//5951
f 5608//5952 6240//5758 5745//5722 6048//5892
f 5750//5953 5746//5759 6240//5758 5608//5952
f 5702//5773 6249//5772 5561//5945 6395//5954
f 5593//5955 5594//5774 5702//5773 6395//5954
f 5706//5956 5380//5775 5594//5774 5593//5955
f 6261//5814 5525//5815 6296//5942 5410//5957
f 5829//5958 6265//5843 5831//5842 6287//5911
f 5503//5855 5346//5854 5510//5959 5505//5960
f 5355//5961 6242//5762 5353//5763 5352//5962
f 5788//5756 5786//5755 6299//5963 5793//5964
f 5786//5755 5787//5754 6300//5965 6299//5963
f 5787//5754 5673//5753 5672//5966 6300//5965
f 5406//5757 5788//5756 5793//5964 5656//5967
f 5816//5968 5546//5791 5545//5789 6301//5969
f 6301//5969 5545//5789 6254//5790 5814//5970
f 5893//5326 5700//5796 5378//5795 6302//5971
f 6255//5797 5680//5799 5895//5972 5835//5973
f 5895//5972 5680//5799 5879//5800 6303//5974
f 5837//5798 6255//5797 5835//5973 6304//5975
f 5624//5811 5388//5812 5629//5976 6059//5977
f 5388//5812 5760//5813 6305//5978 5629//5976
f 6306//5979 5389//5836 5626//5837 5857//5980
f 5857//5980 5626//5837 5434//5838 5943//5981
f 5943//5981 5434//5838 5762//5839 5978//5982
f 6251//5783 5640//5784 5638//5983 5639//5984
f 5642//5782 6251//5783 5639//5984 5861//5929
f 5409//5847 5654//5846 5876//5985 5913//5986
f 6244//5766 5826//5767 6307//5987 5889//5988
f 6307//5987 5826//5767 6245//5316 6308//5315
f 5374//5764 6244//5766 5889//5988 5811//5989
f 6243//5765 5374//5764 5811//5989 5541//5990
f 6246//5768 6243//5765 5541//5990 5540//5991
f 5575//5992 5554//5792 5412//5793 5576//5993
f 5412//5793 5692//5794 5862//5994 5576//5993
f 6309//5995 5997//5808 6259//5809 5980//5996
f 5980//5996 6259//5809 6260//5810 5730//5906
f 6310//5997 6263//5823 5959//5824 5958//5998
f 5632//5999 5499//5840 5598//5841 5500//6000
f 5709//6001 6270//5860 6269//5861 5589//5325
f 5472//5312 5606//5825 5734//6002 5736//5313
f 5734//6002 5606//5825 5605//5826 6311//6003
f 5790//6004 5520//5788 5519//5787 6312//6005
f 6312//6005 5519//5787 6253//5786 5533//6006
f 6313//6007 5544//5862 5682//5863 5822//6008
f 6250//5779 5823//5778 5549//6009 5564//6010
f 5823//5778 5686//5777 5824//6011 5549//6009
f 5686//5777 5825//5776 5689//6012 5824//6011
f 5568//6013 5376//5780 6250//5779 5564//6010
f 5586//5857 5587//5856 5834//6014 6314//6015
f 6268//5851 5744//5850 5743//6016 5911//6017
f 5381//6018 5718//5802 6256//5801 5720//6019
f 5940//6020 5716//5803 5718//5802 5381//6018
f 6315//6021 6267//5849 5423//5314 5736//5313
f 6018//6022 6016//5848 6267//5849 6315//6021
f 6316//6023 5810//5845 6266//5844 6317//6024
f 6318//6025 5914//5821 5839//5822 6319//6026
f 5897//6027 6262//5820 5914//5821 6318//6025
f 6320//6028 5420//5819 6262//5820 5897//6027
f 6321//6029 6257//5804 5916//5805 6322//6030
f 6323//6031 5849//5827 5900//5828 5952//6032
f 5949//5807 6258//5806 6324//6033 5917//6034
f 5904//5831 6060//5832 6325//6035 5924//6036
f 5486//5830 6264//5829 5480//6037 6326//6038
f 5762//5839 5393//5747 5977//5941 5978//5982
f 5346//5854 5404//5865 5438//5866 5510//5959
f 5377//5887 5413//5719 5578//5751 5696//5932
f 5494//5859 5389//5836 6306//5979 6391//5909
f 6305//5978 5760//5813 5495//5908 6391//5909
f 5822//6008 5682//5863 5546//5791 5816//5968
f 6269//5861 5700//5796 5893//5326 5589//5325
f 6319//6026 5839//5822 5997//5808 6309//5995
f 6272//5873 5701//5712 6270//5860 5709//6001
f 5357//5864 5336//5732 5354//5947 5509//6039
f 5351//5925 6242//5762 5355//5961 5354//5947
f 5352//5962 5353//5763 5364//5922 5363//6040
f 5438//5866 5366//5698 5357//5864 6327//6041
f 6328//6042 5362//5924 5335//5601 6295//5933
f 5363//6040 5364//5922 5348//5923 5361//6043
f 5348//5923 5362//5924 6328//6042 5361//6043
f 5533//6006 6253//5786 5526//5876 6329//6044
f 5526//5876 5523//5750 5532//5950 6329//6044
f 5376//5780 5568//6013 6330//6045 5551//5868
f 5587//5856 5377//5887 5588//6046 5834//6014
f 6302//5971 5378//5795 5838//5889 5830//6047
f 5838//5889 5837//5798 6304//5975 5830//6047
f 5832//5869 5380//5775 5706//5956 5833//6048
f 6271//5871 5406//5757 5656//5967 5808//6049
f 5809//5895 5655//5761 6271//5871 5808//6049
f 5912//5872 5409//5847 5913//5986 6331//6050
f 6266//5844 5912//5872 6331//6050 6317//6024
f 6291//5920 5417//5729 6272//5873 5708//6051
f 5484//5905 5427//5853 5753//5936 6332//6052
f 5751//5907 5475//5723 5749//5893 6333//6053
f 5617//5910 6224//5709 5484//5905 6334//6054
f 5499//5840 5632//5999 5397//6055 5498//5882
f 6273//5874 5503//5855 5505//5960 5640//5784
f 5772//5742 5507//5912 6335//6056 6275//5883
f 5441//5731 5646//5913 5370//6057 5507//5912
f 5646//5913 6288//5914 6336//6058 5370//6057
f 6336//6058 6288//5914 5645//5915 5770//6059
f 5520//5788 5790//6004 5372//6060 6274//5875
f 5814//5970 6254//5790 6274//5875 5372//6060
f 5524//5931 6261//5814 5410//5957 6337//6061
f 5675//5926 6246//5768 5540//5991 5674//6062
f 5672//5966 5673//5753 5675//5926 5674//6062
f 6292//5921 5552//5736 5550//5943 5691//6063
f 5562//5886 5554//5792 5575//5992 5559//6064
f 5695//5317 6220//5705 6278//5888 6308//5315
f 5825//5776 5592//5919 5707//6065 5689//6012
f 6279//5890 6222//5707 5722//5309 5723//5311
f 5598//5841 6279//5890 5723//5311 5500//6000
f 5730//5906 5600//5739 5993//5948 5991//6066
f 6064//5894 5624//5811 6059//5977 6049//6067
f 5876//5985 5654//5846 5809//5895 5877//6068
f 5715//5877 6223//5708 5840//5896 5719//6069
f 5720//6019 6256//5801 6281//5897 5719//6069
f 5722//5309 5716//5803 5940//6020 5721//5310
f 6322//6030 5916//5805 6282//5898 5918//6070
f 6282//5898 5949//5807 5917//6034 5918//6070
f 5732//5918 6234//5727 6284//5900 6338//6071
f 6338//6071 6284//5900 6227//5715 6015//5901
f 5744//5850 5742//5878 5424//6072 5743//6016
f 5424//6072 5742//5878 5810//5845 6316//6023
f 5746//5759 5750//5953 6333//6053 5749//5893
f 5952//6032 5900//5828 5751//5907 5425//6073
f 6287//5911 6225//5711 5832//5869 6339//6074
f 6311//6003 5605//5826 6280//5891 6340//6075
f 6325//6035 6060//5832 5851//5881 5920//6076
f 5420//5819 6320//6028 5981//6077 5840//5896
f 5904//5831 5924//6036 6348//6078 5923//5904
f 6016//5848 6018//6022 6017//6079 6015//5901
f 5480//6037 6264//5829 5617//5910 6334//6054
f 6048//5892 6268//5851 5911//6017 5386//6080
f 6277//5885 5678//5699 6276//5884 5375//6081
f 6276//5884 5544//5862 6313//6007 5375//6081
f 5879//5800 6277//5885 5896//6082 6303//5974
f 5958//5998 5959//5824 6285//5902 5848//6083
f 5848//6083 6285//5902 5849//5827 6323//6031
f 6324//6033 6258//5806 6286//5903 5855//6084
f 5770//6059 5645//5915 6289//5916 5864//6085
f 5864//6085 6289//5916 6292//5921 5691//6063
f 5622//5717 6290//5917 5902//6086 5851//5881
f 6290//5917 5732//5918 5422//6087 5902//6086
f 5592//5919 6291//5920 5705//6088 5707//6065
f 5692//5794 6293//5927 6341//6089 5862//5994
f 6341//6089 6293//5927 5371//5928 5767//6090
f 5371//5928 5861//5929 6342//6091 5767//6090
f 6280//5891 5845//5748 6294//5930 6343//6092
f 6294//5930 6257//5804 6321//6029 6343//6092
f 6286//5903 5854//5835 6297//5946 6344//6093
f 6237//5735 6298//5951 5615//5879 5489//5687
f 6265//5843 5829//5958 6345//6094 5696//5932
f 6263//5823 6310//5997 5421//6095 6283//5899
f 5586//5857 6314//6015 5584//6096 6278//5888
f 5485//5880 5486//5830 6326//6038 6346//6097
f 5557//5934 5562//5886 5559//6064 5563//6098
f 5502//5939 5398//5733 5498//5882 5397//6055
f 5907//6099 5913//5986 5876//5985 5877//6068
f 6298//5951 5923//5904 6348//6078 6347//6100
f 5971//6101 6347//6100 6348//6078 5924//6036
f 6298//5951 6347//6100 5387//6102 5615//5879
f 5618//5935 5485//5880 6346//6097 5619//6103
f 5529//5938 5618//5935 5619//6103 5661//6104
f 5534//5949 5524//5931 6337//6061 6349//6105
f 5532//5950 5534//5949 6349//6105 6350//6106
f 5577//6107 5550//5943 5551//5868 6330//6045
f 6351//6108 5556//5944 5557//5934 5563//6098
f 6352//6109 5561//5945 5556//5944 6351//6108
f 5947//6110 5608//5952 6048//5892 5386//6080
f 5747//5332 5750//5953 5608//5952 5947//6110
f 6353//6111 5753//5936 5615//5879 5387//6102
f 5638//5983 5640//5784 5505//5960 5637//6112
f 5505//5960 5510//5959 5636//6113 5637//6112
f 5593//5955 6395//5954 5339//6114 5704//6115
f 5706//5956 5593//5955 5704//6115 5703//6116
f 6281//5897 5714//5738 5715//5877 5719//6069
f 6053//6117 6050//5937 6064//5894 6049//6067
f 6297//5946 6050//5937 6053//6117 6354//6118
f 5989//6119 5993//5948 6283//5899 5421//6095
f 6296//5942 5529//5938 5661//6104 5659//6120
f 5410//5957 6296//5942 5659//6120 5660//6121
f 5635//6122 5355//5961 5352//5962 5356//6123
f 6355//5324 5893//5326 6302//5971 5891//6124
f 5381//6018 5720//6019 6356//6125 5934//6126
f 5939//6127 5940//6020 5381//6018 5934//6126
f 6031//6128 6321//6029 6322//6030 6357//6129
f 5860//5940 5502//5939 5765//6130 5859//6131
f 5977//5941 5860//5940 5859//6131 6358//6132
f 6326//6038 5480//6037 5757//6133 5756//6134
f 5493//6135 6306//5979 5857//5980 5856//6136
f 5856//6136 5857//5980 5943//5981 5942//6137
f 5943//5981 5978//5982 5944//6138 5942//6137
f 6359//6139 5632//5999 5500//6000 5724//6140
f 5776//6141 5784//5870 6275//5883 5773//6142
f 5777//6143 5779//5867 5784//5870 5776//6141
f 6295//5933 5779//5867 5777//6143 5780//6144
f 6312//6005 5533//6006 5662//6145 5791//6146
f 5880//6147 5790//6004 6312//6005 5791//6146
f 5889//5988 6307//5987 5890//6148 5888//6149
f 5890//6148 6307//5987 6308//5315 5886//5329
f 6415//6150 5820//6151 5817//6152
f 5540//5991 5541//5990 5812//6153 6360//6154
f 5541//5990 5811//5989 5671//6155 5812//6153
f 5671//6155 5811//5989 5889//5988 5888//6149
f 5683//6156 5816//5968 6301//5969 5821//6157
f 5821//6157 6301//5969 5814//5970 6361//6158
f 5567//6159 5549//6009 5824//6011 5565//6160
f 5565//6160 5824//6011 5689//6012 5690//6161
f 5568//6013 5564//6010 5570//6162 6362//6163
f 5566//6164 5575//5992 5576//5993 5573//6165
f 5573//6165 5576//5993 5862//5994 5571//6166
f 5697//6167 6314//6015 5834//6014 6363//6168
f 6364//6169 5709//6001 5589//5325 6355//5324
f 5385//6170 5736//5313 5734//6002 5737//6171
f 5737//6171 5734//6002 6311//6003 5604//6172
f 6315//6021 5736//5313 5385//6170 5738//6173
f 6005//6174 6018//6022 6315//6021 5738//6173
f 5639//5984 5638//5983 5643//6175 6365//6176
f 5861//5929 5639//5984 6365//6176 6342//6091
f 6299//5963 6300//5965 5884//6177 5815//6178
f 6300//5965 5672//5966 5885//6179 5884//6177
f 5792//6180 5793//5964 6299//5963 5815//6178
f 5663//6181 5656//5967 5793//5964 5792//6180
f 6313//6007 5822//6008 6366//6182 5684//6183
f 5980//5996 5730//5906 6007//6184 6367//6185
f 6309//5995 5980//5996 6367//6185 5383//6186
f 5911//6017 5743//6016 6368//6187 5874//6188
f 6059//5977 5629//5976 6369//6189 5761//6190
f 5629//5976 6305//5978 6370//6191 6369//6189
f 5835//5973 5895//5972 5836//6192 6401//5308
f 5895//5972 6303//5974 6403//6193 5836//6192
f 5338//5307 6304//5975 5835//5973 6401//5308
f 5979//6194 6318//6025 6319//6026 6013//6195
f 5915//6196 5897//6027 6318//6025 5979//6194
f 5948//6197 6320//6028 5897//6027 5915//6196
f 5953//6198 6323//6031 5952//6032 6372//6199
f 6373//6200 6316//6023 6317//6024 6374//6201
f 6375//6202 5924//6036 6325//6035 5973//6203
f 5917//6034 6324//6033 5951//6204 6376//6205
f 5955//6206 6310//5997 5958//5998 5960//6207
f 5588//6046 5377//5887 5696//5932 6345//6094
f 6013//6195 6319//6026 6309//5995 5383//6186
f 5510//5959 5438//5866 6327//6041 5636//6113
f 5886//5329 6308//5315 6278//5888 5584//6096
f 5978//5982 5977//5941 6358//6132 5944//6138
f 5708//6051 6272//5873 5709//6001 6364//6169
f 5559//6064 5575//5992 5566//6164 5570//6162
f 5356//6123 5352//5962 5363//6040 5350//6208
f 5355//5961 5635//6122 5509//6039 5354//5947
f 6327//6041 5357//5864 5509//6039 5437//6209
f 5350//6208 5363//6040 5361//6043 5780//6144
f 5780//6144 5361//6043 6328//6042 6295//5933
f 6361//6158 5814//5970 5372//6060 5881//6210
f 5881//6210 5372//6060 5790//6004 5880//6147
f 6321//6029 6031//6128 5844//6211 6343//6092
f 6340//6075 6280//5891 6343//6092 5844//6211
f 5765//6130 5502//5939 5397//6055 6377//6212
f 6377//6212 5397//6055 5632//5999 6359//6139
f 6337//6061 5410//5957 5660//6121 6378//6213
f 5425//6073 5751//5907 6333//6053 5982//5331
f 5982//5331 6333//6053 5750//5953 5747//5332
f 6372//6199 5952//6032 5425//6073 5984//6214
f 5724//6140 5500//6000 5723//5311 5721//5310
f 6275//5883 6335//6056 5774//6215 5773//6142
f 6335//6056 5507//5912 5370//6057 5771//6216
f 5662//6145 5533//6006 6329//6044 5530//6217
f 6329//6044 5532//5950 6350//6106 5530//6217
f 5540//5991 6360//6154 5819//6218 5674//6062
f 5885//6179 5672//5966 5674//6062 5819//6218
f 5564//6010 5549//6009 5567//6159 5563//6098
f 5564//6010 5563//6098 5559//6064 5570//6162
f 5691//6063 5550//5943 5577//6107 5574//6219
f 6314//6015 5697//6167 5894//6220 5584//6096
f 6345//6094 5829//5958 5827//5306 6363//6168
f 6363//6168 5834//6014 5588//6046 6345//6094
f 5638//5983 5637//6112 6379//6221 5643//6175
f 5816//5968 5683//6156 6366//6182 5822//6008
f 5689//6012 5707//6065 6380//6222 5690//6161
f 5706//5956 5703//6116 6381//6223 5833//6048
f 6380//6222 5707//6065 5705//6088 5339//6114
f 5720//6019 5719//6069 6382//6224 6356//6125
f 6382//6224 5719//6069 5840//5896 5981//6077
f 6007//6184 5730//5906 5991//6066 6025//6225
f 5422//6087 5732//5918 6338//6071 5919//6226
f 5743//6016 5424//6072 6383//6227 6368//6187
f 5424//6072 6316//6023 6373//6200 6383//6227
f 6346//6097 6326//6038 5756//6134 5803//6228
f 6049//6067 6059//5977 5761//6190 6051//6229
f 5656//5967 5663//6181 5806//6230 5808//6049
f 5809//5895 5808//6049 5805//5322 5877//6068
f 6313//6007 5684//6183 6384//6231 5375//6081
f 6277//5885 5375//6081 6384//6231 5896//6082
f 6287//5911 6339//6074 5828//6232 5829//5958
f 6339//6074 5832//5869 5833//6048 5892//6233
f 5960//6207 5958//5998 5848//6083 5954//6234
f 5954//6234 5848//6083 6323//6031 5953//6198
f 5920//6076 5851//5881 5902//6086 6385//6235
f 6385//6235 5902//6086 5422//6087 5919//6226
f 5911//6017 5874//6188 5871//6236 5386//6080
f 6355//5324 5891//6124 5710//6237 6364//6169
f 6357//6129 6322//6030 5918//6070 6386//6238
f 6386//6238 5918//6070 5917//6034 6376//6205
f 6331//6050 5913//5986 5907//6099 5800//6239
f 6374//6201 6317//6024 6331//6050 5800//6239
f 5387//6102 6347//6100 5971//6101 5972//6240
f 5940//6020 5939//6127 6387//6241 5721//5310
f 6310//5997 5955//6206 5992//6242 5421//6095
f 5991//6066 5993//5948 5989//6119 5988//6243
f 6018//6022 6005//6174 6037//6244 6017//6079
f 6297//5946 6354//6118 6388//6245 6344//6093
f 5604//6172 6311//6003 6340//6075 6389//6246
f 6338//6071 6015//5901 6036//6247 5919//6226
f 6036//6247 6015//5901 6017//6079 5994//6248
f 6291//5920 5708//6051 6397//6249 5705//6088
f 5855//6084 6286//5903 6344//6093 6058//6250
f 6371//5328 6303//5974 5896//6082 5887//6251
f 6304//5975 5338//5307 5828//6232 5830//6047
f 6302//5971 5830//6047 5892//6233 5891//6124
f 6306//5979 5493//6135 6390//6252 6391//5909
f 6390//6252 6370//6191 6305//5978 6391//5909
f 6320//6028 5948//6197 6392//6253 5981//6077
f 6324//6033 5855//6084 6393//6254 5951//6204
f 5973//6203 6325//6035 5920//6076 5921//6255
f 6334//6054 5484//5905 6332//6052 5755//6256
f 5757//6133 5480//6037 6334//6054 5755//6256
f 5370//6057 6336//6058 5769//6257 5771//6216
f 5769//6257 6336//6058 5770//6059 5647//6258
f 5647//6258 5770//6059 5864//6085 5863//6259
f 5864//6085 5691//6063 5574//6219 5863//6259
f 5571//6166 5862//5994 6341//6089 5767//6090
f 5339//6114 6395//5954 6394//6260 6380//6222
f 6394//6260 6395//5954 5561//5945 6352//6109
f 6332//6052 5753//5936 6353//6111 5754//6261
f 6330//6045 5568//6013 6362//6163 5569//6262
f 5971//6101 5924//6036 6375//6202 6396//6263
f 5704//6115 5339//6114 5705//6088 6397//6249
f 6353//6111 5387//6102 5972//6240 5754//6261
f 6398//6264 5989//6119 5421//6095 5992//6242
f 6349//6105 6337//6061 6378//6213 5666//6265
f 5668//6266 6350//6106 6349//6105 5666//6265
f 5577//6107 6330//6045 5569//6262 5572//6267
f 6351//6108 5563//6098 5567//6159 5565//6160
f 5565//6160 5690//6161 6352//6109 6351//6108
f 6362//6163 5570//6162 5566//6164 5573//6165
f 5703//6116 5704//6115 6397//6249 5710//6237
f 5842//6268 5859//6131 5765//6130 6377//6212
f 5925//6269 6358//6132 5859//6131 5842//6268
f 5827//5306 5829//5958 5828//6232 5338//5307
f 6053//6117 6049//6067 6051//6229 6354//6118
f 6365//6176 5643//6175 6399//6270 6400//6271
f 6342//6091 6365//6176 6400//6271 5768//6272
f 5766//6273 5767//6090 6342//6091 5768//6272
f 5697//6167 6401//5308 5836//6192 5894//6220
f 5894//6220 5836//6192 6403//6193 6402//5327
f 6371//5328 6402//5327 6403//6193 6303//5974
f 5697//6167 6363//6168 5827//5306 6401//5308
f 5634//6274 5635//6122 5356//6123 6404//6275
f 6003//6276 5738//6173 5385//6170 5735//6277
f 5735//6277 5385//6170 5737//6171 6405//6278
f 6405//6278 5737//6171 5604//6172 6035//6279
f 6406//6280 6005//6174 5738//6173 6003//6276
f 5947//6110 5386//6080 5909//6281 6407//6282
f 5747//5332 5947//6110 6407//6282 5983//5330
f 5758//6283 5619//6103 6346//6097 5803//6228
f 5661//6104 5619//6103 5758//6283 6408//6284
f 5659//6120 5661//6104 6408//6284 5658//6285
f 5660//6121 5659//6120 5658//6285 5794//6286
f 6359//6139 5724//6140 5899//6287 6409//6288
f 6410//6289 5437//6209 5634//6274
f 5783//6290 5637//6112 5636//6113 6410//6289
f 5569//6262 6362//6163 5573//6165
f 5569//6262 5573//6165 5571//6166 5572//6267
f 5791//6146 5662//6145 5665//6291 5882//6292
f 6411//6293 5880//6147 5791//6146 5882//6292
f 5664//6294 5663//6181 5792//6180 5665//6291
f 5665//6291 5792//6180 5815//6178 5882//6292
f 5815//6178 5884//6177 6412//6295 5882//6292
f 6412//6295 5884//6177 5885//6179 6413//6296
f 5812//6153 5671//6155 5813//6297 6414//6298
f 5671//6155 5888//6149 5337//6299 5813//6297
f 6360//6154 5812//6153 6414//6298 6415//6150
f 5890//6148 5886//5329 6371//5328 5887//6251
f 5945//6300 5756//6134 5757//6133 5946//6301
f 5922//6302 6375//6202 5973//6203 6416//6303
f 6418//6304 5776//6141 5773//6142 6417//6305
f 5781//6306 5777//6143 5776//6141 6418//6304
f 5874//6188 6368//6187 5868//6307 6419//6308
f 5818//6309 5683//6156 5821//6157 5820//6151
f 5820//6151 5821//6157 6361//6158 6420//6310
f 5888//6149 5684//6183 6366//6182 5337//6299
f 5684//6183 5888//6149 5890//6148 5887//6251
f 6421//6311 6031//6128 6357//6129 5382//6312
f 5856//6136 5942//6137 6423//6313 6422//6314
f 5942//6137 5944//6138 5906//6315 6423//6313
f 6424//6316 5493//6135 5856//6136 6422//6314
f 6390//6252 5493//6135 6424//6316 6370//6191
f 6369//6189 6370//6191 6424//6316 5858//6317
f 5761//6190 6369//6189 5858//6317 6054//6318
f 5907//6099 5877//6068 5875//6319 5373//6320
f 6425//6321 5948//6197 5915//6196 5841//6322
f 5841//6322 5915//6196 5979//6194 6426//6323
f 6426//6323 5979//6194 6013//6195 6014//6324
f 5937//6325 5939//6127 5934//6126 5936//6326
f 5936//6326 5934//6126 6356//6125 5935//6327
f 5955//6206 5960//6207 6428//6328 6427//6329
f 5796//6330 6373//6200 6374//6201 6429//6331
f 6011//6332 5383//6186 6367//6185 6010//6333
f 6010//6333 6367//6185 6007//6184 6025//6225
f 5963//6334 5953//6198 6372//6199 6430//6335
f 5950//6336 6376//6205 5951//6204 6063//6337
f 6394//6260 6352//6109 5690//6161 6380//6222
f 5437//6209 5509//6039 5635//6122 5634//6274
f 6014//6324 6013//6195 5383//6186 6011//6332
f 5636//6113 6327//6041 5437//6209 6410//6289
f 5842//6268 6377//6212 6359//6139 6409//6288
f 5571//6166 5767//6090 5766//6273 5572//6267
f 5574//6219 5577//6107 5572//6267 5766//6273
f 5584//6096 5894//6220 6402//5327 5886//5329
f 5664//6294 5665//6291 5662//6145 5530//6217
f 6381//6223 5703//6116 5710//6237 5891//6124
f 6364//6169 5710//6237 6397//6249 5708//6051
f 5724//6140 5721//5310 6387//6241 5899//6287
f 5337//6299 6366//6182 5683//6156 5818//6309
f 6384//6231 5684//6183 5887//6251 5896//6082
f 5828//6232 6339//6074 5892//6233 5830//6047
f 5892//6233 5833//6048 6381//6223 5891//6124
f 5906//6315 5944//6138 6358//6132 5925//6269
f 6404//6275 5356//6123 5350//6208 5781//6306
f 5780//6144 5777//6143 5781//6306 5350//6208
f 5907//6099 5373//6320 5801//6338 5800//6239
f 6393//6254 5855//6084 6058//6250 6057//6339
f 5425//6073 5982//5331 5983//5330 5984//6214
f 5755//6256 6332//6052 5754//6261 5616//6340
f 5946//6301 5757//6133 5755//6256 5616//6340
f 6035//6279 5604//6172 6389//6246 6040//6341
f 6379//6221 5637//6112 5783//6290 6431//6342
f 5643//6175 6379//6221 5782//6343 6399//6270
f 5774//6215 6335//6056 5771//6216 5865//6344
f 5771//6216 5769//6257 6432//6345 5865//6344
f 6432//6345 5769//6257 5647//6258 5867//6346
f 5867//6346 5647//6258 5863//6259 5768//6272
f 5863//6259 5574//6219 5766//6273 5768//6272
f 6378//6213 5660//6121 5794//6286 5669//6347
f 5663//6181 5664//6294 5667//6348 5806//6230
f 6420//6310 6361//6158 5881//6210 5883//6349
f 5881//6210 5880//6147 6411//6293 5883//6349
f 6356//6125 6382//6224 6433//6350 5935//6327
f 6433//6350 6382//6224 5981//6077 6392//6253
f 5756//6134 5945//6300 6434//6351 5803//6228
f 5761//6190 6054//6318 6435//6352 6051//6229
f 5867//6346 5768//6272 6400//6271 5866//6353
f 5866//6353 6400//6271 6399//6270 5782//6343
f 5773//6142 5774//6215 6436//6354 6417//6305
f 5781//6306 6418//6304 5778//6355 6404//6275
f 5778//6355 6418//6304 6417//6305 6431//6342
f 6368//6187 6383//6227 5802//6356 5868//6307
f 6383//6227 6373//6200 5796//6330 5802//6356
f 5877//6068 5805//5322 6437//5321 5875//6319
f 5805//5322 5808//6049 5806//6230 5807//5323
f 6411//6293 5882//6292 6412//6295 5883//6349
f 6413//6296 5885//6179 5819//6218 5817//6152
f 5817//6152 5819//6218 6360//6154 6415//6150
f 6389//6246 6340//6075 5844//6211 6032//6357
f 6032//6357 5844//6211 6031//6128 6421//6311
f 5920//6076 6385//6235 5903//6358 5921//6255
f 5903//6358 6385//6235 5919//6226 6036//6247
f 5858//6317 6424//6316 6422//6314 6438//6359
f 5883//6349 6412//6295 6413//6296 6420//6310
f 6422//6314 6423//6313 6439//6360 6438//6359
f 5909//6281 5386//6080 5871//6236 5910//6361
f 5382//6312 6357//6129 6386//6238 6030//6362
f 6030//6362 6386//6238 6376//6205 5950//6336
f 5939//6127 5937//6325 5974//6363 6387//6241
f 5953//6198 5963//6334 5962//6364 5954//6234
f 6428//6328 5960//6207 5954//6234 5962//6364
f 6025//6225 5991//6066 5988//6243 6009//6365
f 5903//6358 6036//6247 5994//6248 5921//6255
f 6416//6303 5973//6203 5921//6255 5384//6366
f 6005//6174 6406//6280 6004//6367 6037//6244
f 5994//6248 6017//6079 6037//6244 5966//6368
f 6350//6106 5668//6266 6440//6369 5530//6217
f 6388//6245 6354//6118 6051//6229 6052//5338
f 6058//6250 6344//6093 6388//6245 6052//5338
f 6372//6199 5984//6214 5986//6370 6430//6335
f 6374//6201 5800//6239 5797//6371 6429//6331
f 6375//6202 5922//6302 5970//6372 6396//6263
f 5971//6101 6396//6263 6441//6373 5972//6240
f 5754//6261 5972//6240 5967//6374 5616//6340
f 6063//6337 5951//6204 6393//6254 6057//6339
f 5988//6243 5989//6119 6398//6264 5990//6375
f 5871//6236 5874//6188 6419//6308 5873//5318
f 6423//6313 5906//6315 5926//6376 6439//6360
f 5948//6197 6425//6321 6061//6377 6392//6253
f 5992//6242 5955//6206 6427//6329 5996//6378
f 6398//6264 5992//6242 5996//6378 5990//6375
f 5813//6297 5337//6299 5818//6309 6414//6298
f 5818//6309 5820//6151 6415//6150 6414//6298
f 6442//6379 5634//6274 6404//6275 5778//6355
f 5666//6265 6378//6213 5669//6347 5807//5323
f 5668//6266 5666//6265 5807//5323 6440//6369
f 6443//6380 5925//6269 5842//6268 6409//6288
f 6008//6381 6010//6333 6025//6225 6009//6365
f 6024//6382 6011//6332 6010//6333 6008//6381
f 6444//6383 5669//6347 5794//6286
f 6444//6383 5373//6320 5875//6319 5669//6347
f 5658//6285 6408//6284 5531//6384 5795//6385
f 5531//6384 6408//6284 5758//6283 5799//6386
f 5758//6283 5803//6228 5804//6387 5799//6386
f 5801//6338 5794//6286 5658//6285 5795//6385
f 6442//6379 5783//6290 6410//6289 5634//6274
f 6445//6388 6405//6278 6035//6279 6446//6389
f 5735//6277 6405//6278 6445//6388 6042//6390
f 6447//6391 6003//6276 5735//6277 6042//6390
f 6006//6392 6406//6280 6003//6276 6447//6391
f 5869//6393 6419//6308 5868//6307 5798//6394
f 6448//6395 6054//6318 5858//6317 6438//6359
f 5957//6396 5963//6334 6430//6335 5964//6397
f 6449//6398 5922//6302 6416//6303 6450//6399
f 5976//6400 5937//6325 5936//6326 6451//6401
f 6451//6401 5936//6326 5935//6327 5975//6402
f 5945//6300 5946//6301 6452//6403 5870//5320
f 6453//6404 6426//6323 6014//6324 6012//6405
f 6454//6406 5841//6322 6426//6323 6453//6404
f 6027//6407 6425//6321 5841//6322 6454//6406
f 6041//6408 5950//6336 6063//6337 5938//6409
f 6455//6410 6427//6329 6428//6328 6456//6411
f 6407//6282 5909//6281 5908//6412 5998//6413
f 5983//5330 6407//6282 5998//6413 5984//6214
f 6457//6414 6421//6311 5382//6312 6062//6415
f 5801//6338 5373//6320 6444//6383 5794//6286
f 5667//6348 5664//6294 5530//6217 6440//6369
f 5806//6230 5667//6348 6440//6369 5807//5323
f 5669//6347 5875//6319 6437//5321 5807//5323
f 5797//6371 5800//6239 5801//6338 5795//6385
f 6420//6310 6413//6296 5817//6152 5820//6151
f 5926//6376 5906//6315 5925//6269 6443//6380
f 6012//6405 6014//6324 6011//6332 6024//6382
f 6062//6415 5382//6312 6030//6362 6458//6416
f 6458//6416 6030//6362 5950//6336 6041//6408
f 5797//6371 5795//6385 5531//6384 5799//6386
f 6459//6417 6429//6331 5797//6371 5799//6386
f 5946//6301 5616//6340 6066//6418 6452//6403
f 6379//6221 6431//6342 5775//6419 5782//6343
f 6436//6354 5774//6215 5865//6344 5775//6419
f 5778//6355 6431//6342 5783//6290 6442//6379
f 6431//6342 6417//6305 6436//6354 5775//6419
f 5798//6394 5868//6307 5802//6356 6459//6417
f 6459//6417 5802//6356 5796//6330 6429//6331
f 6419//6308 5869//6393 5872//5319 5873//5318
f 6432//6345 5867//6346 5866//6353 5865//6344
f 5865//6344 5866//6353 5782//6343 5775//6419
f 5945//6300 5870//5320 5872//5319 6434//6351
f 5910//6361 5871//6236 5873//5318 5342//6420
f 5909//6281 5910//6361 5987//6421 5908//6412
f 6450//6399 6416//6303 5384//6366 5956//6422
f 5384//6366 5921//6255 5994//6248 5966//6368
f 6387//6241 5974//6363 6460//6423 5899//6287
f 5974//6363 5937//6325 5976//6400 5340//6424
f 5935//6327 6433//6350 6461//6425 5975//6402
f 6461//6425 6433//6350 6392//6253 6061//6377
f 6456//6411 6428//6328 5962//6364 5961//6426
f 5963//6334 5957//6396 5961//6426 5962//6364
f 6066//6418 5616//6340 5967//6374 6067//6427
f 5967//6374 5972//6240 6441//6373 6462//6428
f 5988//6243 5990//6375 5999//6429 6009//6365
f 5966//6368 6037//6244 6004//6367 6002//6430
f 6004//6367 6406//6280 6006//6392 6002//6430
f 6446//6389 6035//6279 6040//6341 6046//5335
f 6063//6337 6057//6339 5932//6431 5938//6409
f 6057//6339 6058//6250 6463//6432 5932//6431
f 6463//6432 6058//6250 6052//5338 6055//5337
f 6040//6341 6389//6246 6032//6357 6034//6433
f 6034//6433 6032//6357 6421//6311 6457//6414
f 6441//6373 6396//6263 5970//6372 6464//6434
f 5970//6372 5922//6302 6449//6398 6464//6434
f 5964//6397 6430//6335 5986//6370 5901//6435
f 5803//6228 6434//6351 6465//6436 5804//6387
f 6052//5338 6051//6229 6435//6352 6466//5336
f 6435//6352 6054//6318 6448//6395 6466//5336
f 6061//6377 6425//6321 6027//6407 5898//6437
f 5996//6378 6427//6329 6455//6410 6467//6438
f 5990//6375 5996//6378 6468//6439 5999//6429
f 6469//6440 6409//6288 5899//6287 6460//6423
f 6443//6380 6409//6288 6469//6440 5929//6441
f 6459//6417 5799//6386 5804//6387 5798//6394
f 6465//6436 5869//6393 5798//6394 5804//6387
f 5870//5320 6452//6403 5342//6420 5873//5318
f 6026//6442 6457//6414 6062//6415 6033//6443
f 6448//6395 6438//6359 5927//6444 6483//6445
f 6470//6446 6454//6406 6453//6404 6480//6447
f 6453//6404 6012//6405 6471//6448 6480//6447
f 6029//6449 6027//6407 6454//6406 6470//6446
f 5929//6441 6439//6360 5926//6376 6443//6380
f 5985//6450 5998//6413 5908//6412 6065//6451
f 5986//6370 5984//6214 5998//6413 5985//6450
f 5941//6452 6451//6401 5975//6402 5898//6437
f 6472//6453 5976//6400 6451//6401 5941//6452
f 5957//6396 5964//6397 5965//6454 5968//6455
f 6008//6381 6009//6365 6021//6456 6020//6457
f 6024//6382 6008//6381 6020//6457 6023//6458
f 6041//6408 5938//6409 6038//6459 6473//6460
f 6474//6461 6006//6392 6447//6391 6043//6462
f 6043//6462 6447//6391 6042//6390 6044//6463
f 6044//6463 6042//6390 6445//6388 6446//6389
f 6449//6398 6450//6399 5968//6455 5965//6454
f 5872//5319 5869//6393 6465//6436 6434//6351
f 5898//6437 5975//6402 6461//6425 6061//6377
f 6012//6405 6024//6382 6023//6458 6471//6448
f 5927//6444 6438//6359 6439//6360 5929//6441
f 5987//6421 5910//6361 5342//6420 6475//6464
f 6475//6464 5342//6420 6452//6403 6066//6418
f 5956//6422 5384//6366 5966//6368 5995//6465
f 6466//5336 6448//6395 6483//6445 6055//5337
f 5965//6454 5964//6397 5901//6435 6476//6466
f 6449//6398 5965//6454 6476//6466 6464//6434
f 6462//6428 6441//6373 6464//6434 6476//6466
f 6065//6451 5908//6412 5987//6421 6475//6464
f 6450//6399 5956//6422 6477//6467 5968//6455
f 5961//6426 5957//6396 5968//6455 6477//6467
f 5901//6435 5986//6370 5985//6450 5969//6468
f 5969//6468 5985//6450 6065//6451 6067//6427
f 6067//6427 5967//6374 6462//6428 5969//6468
f 6475//6464 6066//6418 6067//6427 6065//6451
f 6021//6456 6009//6365 5999//6429 6000//6469
f 6000//6469 5999//6429 6468//6439 6001//6470
f 5995//6465 5966//6368 6002//6430 6001//6470
f 6002//6430 6006//6392 6474//6461 6001//6470
f 6027//6407 6029//6449 6028//6471 5898//6437
f 6033//6443 6062//6415 6458//6416 6478//6472
f 6478//6472 6458//6416 6041//6408 6473//6460
f 6457//6414 6026//6442 6479//5333 6034//6433
f 6040//6341 6034//6433 6479//5333 6046//5335
f 6446//6389 6046//5335 6480//6447 6044//6463
f 6468//6439 5996//6378 6467//6438 6019//6473
f 5929//6441 6469//6440 5928//6474 5927//6444
f 5928//6474 6469//6440 6460//6423 5930//6475
f 5930//6475 6460//6423 5974//6363 5340//6424
f 6455//6410 6456//6411 6484//6476 6467//6438
f 6483//6445 5927//6444 5928//6474 5931//6477
f 5941//6452 5898//6437 6028//6471 6473//6460
f 6472//6453 5941//6452 6473//6460 6038//6459
f 5340//6424 5976//6400 6472//6453 6038//6459
f 6045//5334 6470//6446 6480//6447 6046//5335
f 6039//6478 6029//6449 6470//6446 6045//5334
f 6022//6479 6020//6457 6021//6456 6000//6469
f 6481//6480 6023//6458 6020//6457 6022//6479
f 6478//6472 6482//6481 6033//6443
f 6039//6478 6026//6442 6033//6443 6482//6481
f 6043//6462 6044//6463 5341//6482 6481//6480
f 6022//6479 6474//6461 6043//6462 6481//6480
f 5933//6483 5932//6431 6463//6432 6056//6484
f 6056//6484 6463//6432 6055//5337 6483//6445
f 6023//6458 6481//6480 5341//6482 6471//6448
f 6476//6466 5901//6435 5969//6468 6462//6428
f 6484//6476 6477//6467 5956//6422 5995//6465
f 6001//6470 6468//6439 6019//6473 5995//6465
f 6000//6469 6001//6470 6474//6461 6022//6479
f 6026//6442 6039//6478 6045//5334 6479//5333
f 6456//6411 5961//6426 6477//6467 6484//6476
f 6029//6449 6039//6478 6482//6481 6028//6471
f 6478//6472 6473//6460 6028//6471 6482//6481
f 6038//6459 5938//6409 6485//6485 5340//6424
f 6485//6485 5938//6409 5932//6431 5933//6483
f 5341//6482 6044//6463 6480//6447 6471//6448
f 5928//6474 5930//6475 6486//6486 5931//6477
f 6486//6486 5930//6475 5340//6424 6485//6485
f 6019//6473 6467//6438 6484//6476 5995//6465
f 6056//6484 6483//6445 5931//6477 5933//6483
f 5933//6483 5931//6477 6486//6486 6485//6485
f 6534//6487 6533//6488 6522//6489
f 2674//2663 5310//5356 6538//6490 2673//2664
f 2668//2657 2669//2660 6539//6491 6487//6492
f 2669//2660 2670//2714 6540//6493 6539//6491
f 2670//2714 2671//2713 6541//6494 6540//6493
f 2651//2652 6499//6495 6542//6496 2650//2653
f 6499//6495 6498//6497 6543//6498 6542//6496
f 5323//5363 2645//2671 2646//2670 6503//6499
f 6503//6499 2646//2670 2647//2689 6544//6500
f 6538//6490 5310//5356 5311//5490 6504//6501
f 6504//6501 5311//5490 5312//5489 6545//6502
f 6545//6502 5312//5489 5313//5493 6585//6503
f 2672//2667 2673//2664 6538//6490 6546//6504
f 6532//6505 6488//6506 6487//6492 6539//6491
f 6547//6507 6489//6508 6488//6506 6532//6505
f 6548//6509 6490//6510 6489//6508 6547//6507
f 5322//5511 5323//5363 6503//6499 6521//6511
f 6549//6512 5321//5507 5322//5511 6521//6511
f 6550//6513 5320//5508 5321//5507 6549//6512
f 6492//6514 6491//6515 6551//6516 6512//6517
f 6493//6518 6492//6514 6512//6517 6510//6519
f 6494//6520 6493//6518 6510//6519 6511//6521
f 6495//6522 6494//6520 6511//6521 6552//6523
f 6514//6524 6496//6525 6495//6522 6552//6523
f 6553//6526 6497//6527 6496//6525 6514//6524
f 6501//6528 2648//2688 2649//2655 6554//6529
f 5317//5499 5318//5503 6555//6530 6556//6531
f 5316//5500 5317//5499 6556//6531 6557//6532
f 6508//6533 5314//5495 5315//5497 6509//6534
f 2671//2713 2672//2667 6546//6504 6541//6494
f 6544//6500 2647//2689 2648//2688 6501//6528
f 6585//6503 5313//5493 5314//5495 6508//6533
f 2650//2653 6542//6496 6554//6529 2649//2655
f 6554//6529 6542//6496 6543//6498 6507//6535
f 6521//6511 6503//6499 6544//6500 6558//6536
f 6539//6491 6540//6493 6559//6537 6532//6505
f 6540//6493 6541//6494 6560//6538 6559//6537
f 6546//6504 6538//6490 6504//6501 6523//6539
f 6523//6539 6504//6501 6545//6502 6561//6540
f 6545//6502 6585//6503 6562//6541 6561//6540
f 6490//6510 6548//6509 6563//6542 6491//6515
f 5320//5508 6550//6513 6564//6543 5319//5505
f 6497//6527 6553//6526 6565//6544 6498//6497
f 5316//5500 6557//6532 6509//6534 5315//5497
f 6543//6498 6498//6497 6565//6544 6507//6535
f 6551//6516 6491//6515 6563//6542 6528//6545
f 6512//6517 6551//6516 6528//6545 6513//6546
f 6510//6519 6512//6517 6513//6546 6536//6547
f 6511//6521 6510//6519 6536//6547 6531//6548
f 6552//6523 6511//6521 6531//6548 6530//6549
f 6566//6550 6514//6524 6552//6523 6530//6549
f 6567//6551 6553//6526 6514//6524 6566//6550
f 6568//6552 6501//6528 6554//6529 6507//6535
f 6515//6553 6555//6530 5318//5503 5319//5505
f 6556//6531 6555//6530 6569//6554 6529//6555
f 6557//6532 6556//6531 6529//6555 6570//6556
f 6505//6557 6548//6509 6547//6507 6571//6558
f 6571//6558 6547//6507 6532//6505 6559//6537
f 6541//6494 6546//6504 6523//6539 6560//6538
f 6558//6536 6544//6500 6501//6528 6568//6552
f 6521//6511 6558//6536 6572//6559 6549//6512
f 6563//6542 6548//6509 6505//6557 6526//6560
f 6560//6538 6523//6539 6561//6540 6522//6489
f 6561//6540 6562//6541 6534//6487 6522//6489
f 6515//6553 5319//5505 6564//6543 6516//6561
f 6555//6530 6515//6553 6518//6562 6569//6554
f 6553//6526 6567//6551 6573//6563 6565//6544
f 6509//6534 6557//6532 6570//6556 6574//6564
f 6506//6565 6550//6513 6549//6512 6572//6559
f 6517//6566 6564//6543 6550//6513 6506//6565
f 6509//6534 6574//6564 6575//6567 6508//6533
f 6571//6558 6559//6537 6560//6538 6522//6489
f 6533//6488 6505//6557 6571//6558 6522//6489
f 6527//6568 6528//6545 6563//6542 6526//6560
f 6513//6546 6528//6545 6527//6568 6576//6569
f 6582//6570 6536//6547 6513//6546 6576//6569
f 6531//6548 6536//6547 6582//6570 6577//6571
f 6530//6549 6531//6548 6577//6571 6502//6572
f 6537//6573 6566//6550 6530//6549 6502//6572
f 6567//6551 6566//6550 6537//6573 6519//6574
f 6507//6535 6565//6544 6573//6563 6520//6575
f 6568//6552 6507//6535 6520//6575 6500//6576
f 6529//6555 6569//6554 6535//6577 6578//6578
f 6570//6556 6529//6555 6578//6578 6579//6579
f 6558//6536 6568//6552 6500//6576 6572//6559
f 6505//6557 6533//6488 6534//6487 6526//6560
f 6534//6487 6562//6541 6525//6580 6526//6560
f 6574//6564 6570//6556 6579//6579 6524//6581
f 6518//6562 6515//6553 6516//6561 6502//6572
f 6518//6562 6502//6572 6577//6571 6580//6582
f 6535//6577 6569//6554 6518//6562 6580//6582
f 6573//6563 6567//6551 6519//6574 6520//6575
f 6516//6561 6564//6543 6517//6566 6587//6583
f 6580//6582 6577//6571 6582//6570 6581//6584
f 6583//6585 6500//6576 6520//6575 6519//6574
f 6506//6565 6572//6559 6500//6576 6583//6585
f 6517//6566 6506//6565 6583//6585 6587//6583
f 6508//6533 6575//6567 6584//6586 6585//6503
f 6584//6586 6525//6580 6562//6541 6585//6503
f 6524//6581 6584//6586 6575//6567 6574//6564
f 6584//6586 6524//6581 6586//6587 6525//6580
f 6519//6574 6537//6573 6587//6583 6583//6585
f 6537//6573 6502//6572 6516//6561 6587//6583
f 6527//6568 6526//6560 6525//6580 6586//6587
f 6576//6569 6527//6568 6586//6587 6524//6581
f 6581//6584 6582//6570 6576//6569 6524//6581
f 6581//6584 6578//6578 6535//6577 6580//6582
f 6579//6579 6578//6578 6581//6584 6524//6581
