# Blender 4.2.1 LTS
# www.blender.org
o 1op_Overall041
v -3.020202 100.172539 10.929699
v -1.772479 100.152130 11.140358
v -0.514909 100.114525 11.233717
v 0.753405 100.097435 11.226356
v 2.007980 100.080757 11.056945
v 2.000735 101.785660 11.614036
v 1.978296 103.505554 12.013351
v 1.951717 105.230202 12.263968
v 1.930949 106.964493 12.320170
v 1.924909 108.692955 12.253699
v 1.934925 110.416039 12.164856
v 1.950243 112.138428 12.099190
v 1.972973 113.856949 12.064594
v 1.998354 115.574455 12.046146
v 2.026944 117.290184 12.065765
v 2.060484 119.002541 12.098630
v 2.102183 120.713051 12.155957
v 2.143285 122.418083 12.241906
v 2.190315 124.119377 12.350705
v 2.249878 125.811096 12.514686
v 2.343624 127.496216 12.690499
v 2.458839 129.167084 12.922008
v 2.589721 130.831284 13.132392
v 2.689274 132.501816 13.175253
v 2.722145 134.144653 12.910219
v 2.696231 135.698547 12.324592
v 2.623877 137.105133 11.462980
v 2.546024 138.430847 10.488752
v 2.473776 139.714249 9.478979
v 2.433216 141.008102 8.485147
v 2.408268 142.318710 7.539411
v 2.396946 143.630112 6.598515
v 2.396565 144.954178 5.694232
v 2.415349 146.296143 4.844502
v 2.449358 147.680893 4.074569
v 2.493920 148.936264 3.156827
v 1.013657 152.472412 3.231269
v 2.406696 149.985168 2.677074
v -1.213305 149.070526 3.071247
v 1.196147 151.777664 3.348368
v -4.613352 150.777283 2.659317
v -2.609404 149.021103 3.066953
v -2.567905 147.742661 3.935043
v -2.542699 146.378662 4.719085
v -2.540106 145.042953 5.579733
v -2.546736 143.718430 6.476217
v -2.566485 142.400955 7.396861
v -2.605491 141.112885 8.362338
v -2.669078 139.823410 9.344214
v -2.767821 138.552277 10.356602
v -2.872971 137.248505 11.352443
v -2.967357 135.859253 12.236709
v -3.018604 134.328598 12.884946
v -3.035244 132.684982 13.202091
v -3.025371 131.003876 13.187063
v -2.990856 129.328583 12.979727
v -2.932192 127.651756 12.726094
v -2.895690 125.961586 12.520661
v -2.872952 124.262672 12.342631
v -2.873791 122.556473 12.227626
v -2.882072 120.845901 12.128667
v -2.897988 119.131790 12.052118
v -2.917123 117.413918 11.992528
v -2.944726 115.694397 11.975750
v -2.979404 113.974014 12.002323
v -3.024508 112.249756 12.032160
v -3.082325 110.523087 12.117221
v -3.143933 108.794670 12.255175
v -3.187213 107.062622 12.321908
v -3.181739 105.328300 12.174934
v -3.164485 103.581200 12.004498
v -3.091732 101.891907 11.463299
v -0.611250 104.307755 12.447118
v -0.626569 107.800247 12.487845
v -0.560758 111.267372 12.341414
v -0.467109 116.446350 12.281127
v -0.408924 119.879105 12.349688
v -0.311086 126.686073 12.789706
v -0.357917 123.294434 12.516179
v -0.199552 131.715958 13.202767
v -0.143013 134.959457 12.628223
v -0.105166 139.118286 10.087929
v -0.084435 143.014908 7.257207
v -0.071926 145.651596 5.517475
v -0.663962 148.295258 3.855911
v -0.754879 149.131226 3.127485
v -1.604658 148.794952 3.523338
v 0.744954 148.807053 3.487966
v 0.312321 106.039116 12.552657
v -1.571959 106.081642 12.569939
v -2.032261 104.358398 12.403456
v -1.292142 102.301216 12.109025
v -1.331213 105.040825 12.503259
v -2.277388 105.405045 12.473193
v -1.309484 103.456902 12.356654
v -1.173648 101.077148 11.693494
v 0.354045 101.788231 11.979447
v -2.114020 101.644096 11.809417
v -0.119710 103.042717 12.267577
v 1.023878 102.804382 12.180405
v 0.325158 109.523048 12.389311
v -2.026336 107.848976 12.552714
v -2.279792 106.834732 12.584113
v -1.337334 107.107460 12.542854
v -1.291983 109.471069 12.416546
v -2.181056 108.967041 12.441349
v 0.774887 107.795586 12.446128
v 1.009976 108.824646 12.392159
v 0.081126 108.498962 12.435470
v 0.071875 107.072876 12.505702
v 1.010186 106.777222 12.489684
v 0.382722 112.986748 12.287027
v -1.436473 113.027176 12.280466
v -1.935766 111.315331 12.308585
v -2.118827 110.172783 12.358874
v -1.232490 111.998085 12.311444
v -2.134627 112.349022 12.250124
v 0.813646 111.258080 12.318617
v 1.056319 112.279839 12.281898
v 0.139148 111.966240 12.317361
v 0.113929 110.548485 12.357884
v 1.027061 110.241112 12.346427
v 0.469605 118.144707 12.300806
v -1.346406 118.190025 12.292898
v -1.829221 116.489372 12.243878
v -1.176824 114.821388 12.266338
v -1.137884 117.169334 12.277706
v -2.039672 117.515724 12.249673
v -2.024498 115.399086 12.227930
v 0.895828 116.424828 12.259497
v 1.137941 117.438454 12.252688
v 0.226082 117.134033 12.286379
v -1.775924 119.924194 12.317141
v -2.016073 118.922295 12.269424
v -1.103945 119.195839 12.322426
v -1.068036 121.607689 12.415312
v -1.082146 120.578690 12.368230
v 0.960046 119.853172 12.326097
v 0.302330 121.241386 12.399075
v 0.262870 119.162926 12.324640
v 1.165691 118.841331 12.287026
v -1.739173 126.736565 12.786024
v -1.034894 125.014641 12.644897
v -1.014911 128.669632 13.003340
v -1.030201 126.035828 12.729595
v -1.862835 127.920708 12.914755
v 1.115940 126.657463 12.756246
v 0.445988 128.090363 12.929619
v 0.371682 125.303688 12.690566
v -1.741679 123.341911 12.501310
v -1.915040 122.240074 12.406685
v -1.056296 122.634827 12.472119
v -1.044393 123.991905 12.567055
v 1.028863 123.267654 12.484801
v 1.163308 124.471558 12.569724
v 0.321378 122.406578 12.455947
v -1.741562 131.776367 13.245481
v -1.600420 130.174927 13.166726
v -0.944809 133.397919 13.065905
v -0.959462 132.406631 13.186424
v 1.353464 131.681168 13.230568
v 0.615288 133.031281 13.114456
v 0.516109 129.974350 13.125160
v 0.550426 131.002625 13.183400
v 0.882095 136.424667 11.939947
v -1.146574 136.482330 11.916924
v -1.698741 135.027481 12.623516
v -1.908326 134.016434 12.968569
v -0.931344 134.366684 12.840072
v -0.912090 135.609680 12.367233
v -1.933253 135.938568 12.234067
v 1.415490 134.948410 12.688034
v 1.662344 135.832626 12.277077
v 0.636324 135.560699 12.370961
v 0.629381 134.138824 12.892796
v 0.833347 140.408600 9.130942
v -1.026754 140.443832 9.085628
v -1.542667 139.176056 10.041420
v -0.858069 137.897110 10.989673
v -0.810793 139.673492 9.668966
v -1.741514 139.953232 9.447017
v -1.760592 138.355270 10.649921
v 1.325719 139.112579 10.102215
v 1.542459 139.883514 9.524306
v 0.606351 139.640945 9.702444
v -1.449461 143.056015 7.192091
v -0.776989 141.785706 8.108191
v -0.760093 144.344528 6.340201
v -1.634996 142.242172 7.774264
v -0.763848 143.554153 6.872635
v 1.279996 143.002197 7.242447
v 0.601631 144.065231 6.544630
v 0.850220 147.008362 4.753529
v -1.438951 145.688507 5.430277
v -1.601926 144.836029 5.963879
v -0.757892 145.138763 5.818975
v -0.756155 146.926682 4.713226
v -1.617077 146.560226 4.884273
v 1.293678 145.659897 5.503870
v 1.534015 146.480927 5.023475
v 0.616773 146.198288 5.186796
v 0.606102 144.969604 5.954216
v 1.664780 148.362915 3.871314
v 1.620214 149.228195 3.072999
v 1.172202 101.066765 11.695543
v -1.970777 114.058937 12.248426
v -0.512766 113.767937 12.295811
v -0.532764 112.702782 12.309578
v 0.706198 114.747025 12.270935
v 0.201712 115.665916 12.280756
v 1.358676 121.560646 12.372116
v -2.130415 125.061111 12.611851
v -0.509339 127.732399 12.898293
v 1.585611 128.330536 12.944173
v -1.956195 121.126404 12.351192
v -1.948183 129.181641 13.067882
v 1.818724 133.343124 13.127125
v -0.569768 129.694931 13.108064
v 1.695465 130.002533 13.140307
v -1.954899 132.952164 13.183060
v -1.729893 137.319962 11.389130
v -0.124570 137.057480 11.542319
v -0.134275 136.195541 12.061459
v 1.179856 137.844009 11.064698
v 0.613176 138.534424 10.537361
v -1.570925 141.220413 8.493984
v -0.091297 140.988312 8.697594
v -0.099110 140.190704 9.286030
v 1.124325 141.752014 8.186245
v 0.598707 142.432526 7.675583
v 1.642812 144.331833 6.324036
v 0.412435 147.895813 4.138564
v -1.634706 143.979050 6.536000
v -1.482579 147.723053 4.221740
v 1.050399 113.756554 12.255168
v 1.592066 137.047394 11.563721
v 1.493656 140.990036 8.694400
v 0.725084 104.593079 12.459199
v -3.593447 150.097977 2.987324
v -0.263137 148.303680 5.013551
v 0.061172 150.743301 2.727355
v -0.605997 104.349487 12.172360
v -0.619249 107.808403 12.187038
v -0.554955 111.268105 12.059691
v -0.459786 116.444923 11.992451
v -0.405724 119.881279 12.068486
v -0.352408 123.300255 12.233155
v -0.314081 126.686905 12.506855
v -0.202424 131.677719 12.921472
v -0.128595 136.321518 11.651210
v -0.100477 138.972885 9.845634
v -0.078740 142.837723 7.037758
v -0.073262 145.462189 5.304725
v -0.653704 148.090881 3.656153
v -0.791501 148.937561 2.923429
v -1.594953 148.584885 3.370786
v 0.634352 148.626068 3.248071
v -1.499736 102.690285 11.826969
v -1.200823 101.339622 11.518631
v 0.275181 102.340630 11.807969
v -2.102403 101.867455 11.595821
v -0.653618 102.145805 11.755878
v 0.075152 101.132416 11.486434
v 1.117729 101.197014 11.481491
v 0.792042 104.341225 12.172289
v 0.075253 106.071732 12.219218
v 0.107581 103.474785 12.053261
v 0.083622 105.030334 12.216252
v -2.010788 104.403313 12.147479
v -2.219116 103.407265 11.956580
v -1.296730 103.678650 12.070304
v -1.323710 105.745750 12.275654
v 0.774389 107.798088 12.163187
v 0.098121 109.529480 12.112095
v 0.075593 107.112785 12.190881
v 0.084989 108.488701 12.150270
v -2.007459 107.842163 12.280784
v -2.135687 106.603676 12.333109
v -1.288213 109.213501 12.131089
v 0.809178 111.257423 12.035622
v 0.161469 113.265617 12.006693
v 0.115822 110.568970 12.075626
v 0.141954 112.109734 12.032591
v -1.919077 111.315796 12.026044
v -2.060546 110.094704 12.084398
v -1.205733 112.750221 12.003340
v 0.889979 116.426331 11.979263
v 0.245635 118.152115 12.019424
v 0.188019 114.943153 11.980626
v 0.227173 117.118095 12.004697
v -1.808232 116.495079 11.960989
v -1.111977 117.851372 11.974814
v -1.761668 119.932533 12.035051
v -1.882304 118.721252 11.987610
v -1.060609 121.616920 12.134567
v -1.073826 120.587158 12.087058
v 0.952818 119.858032 12.044391
v 0.300669 121.245094 12.117489
v 0.262371 119.185204 12.044129
v 1.022453 123.274345 12.203469
v 0.368769 124.983337 12.339492
v 0.319645 122.411156 12.174740
v 0.347609 123.962074 12.268492
v -1.730144 123.352898 12.221527
v -1.903396 122.250015 12.144654
v -1.049127 122.645103 12.190669
v -1.030898 124.693748 12.301270
v -1.735012 126.748085 12.506804
v -1.838619 125.555992 12.384126
v -1.019065 128.666916 12.720886
v -1.862944 127.930260 12.638787
v 1.113200 126.663429 12.477622
v 0.443315 128.087509 12.646765
v 0.386415 126.001892 12.428321
v -1.756602 131.749420 12.972234
v -1.609717 130.167114 12.888922
v -0.950315 133.601761 12.734620
v -1.881448 132.904861 12.911411
v 1.363621 131.653015 12.961377
v 0.621052 133.039993 12.829638
v 0.516235 129.959610 12.842336
v 0.552397 130.977249 12.901215
v 1.405320 136.312317 11.714831
v 0.621632 137.658188 10.797280
v 0.641653 134.801895 12.378345
v 0.635063 136.855423 11.341495
v 0.639795 135.707306 11.976807
v -1.662076 136.401474 11.666779
v -1.554229 135.003448 12.331286
v -0.865329 137.434250 10.938343
v -1.536101 139.027817 9.803079
v -1.693642 138.119919 10.480965
v -0.784874 140.487106 8.708393
v -1.621452 139.919846 9.107184
v 1.326838 138.959015 9.868749
v 0.604125 140.044937 9.049645
v 0.618360 138.442734 10.231844
v -1.437033 142.889450 6.964801
v -1.315903 141.630829 7.822939
v -0.754560 144.165192 6.121932
v -0.756479 143.379196 6.651903
v 1.280031 142.827316 7.021475
v 0.601336 143.881317 6.328886
v 0.600901 141.487076 7.974326
v 0.601446 142.286484 7.410646
v -1.431045 145.505325 5.213722
v -1.591737 144.661819 5.743729
v -0.753667 144.955109 5.602944
v -0.747187 146.728439 4.505474
v -1.602412 146.378235 4.669707
v 1.282705 145.463974 5.294332
v 0.602382 144.779465 5.740287
v 1.579530 148.145142 3.690307
v 1.067669 146.801804 4.465658
v 0.613685 146.061523 4.939416
v 1.574168 148.964127 2.981396
v 1.279892 102.650810 11.862177
v 1.166861 106.066055 12.275912
v 1.176407 109.533829 12.087690
v 1.201141 112.986198 11.978209
v 0.966490 114.154846 11.976519
v -2.243207 113.061440 11.931485
v -1.366800 114.573753 11.977453
v -1.150624 115.663574 11.983431
v 1.302391 118.143883 11.980022
v 1.350400 121.568153 12.096733
v 1.457944 124.974869 12.295889
v -1.942424 121.136230 12.074271
v -0.511040 127.731468 12.615396
v 1.583518 128.339523 12.677872
v -1.954532 129.185959 12.800715
v -0.415934 132.694489 12.860977
v 1.843933 133.289963 12.874661
v -0.573859 129.681961 12.825175
v 1.699932 130.000961 12.879846
v 1.784053 137.664780 10.834217
v 0.094192 133.941772 12.626570
v 1.867487 134.865463 12.464684
v -1.934121 134.114380 12.689798
v -0.314194 139.770233 9.247552
v 1.677763 140.258041 8.899939
v -1.648297 140.893814 8.392450
v 1.636581 144.156342 6.106121
v -0.384057 141.269882 8.138375
v 1.674514 141.543243 7.935256
v -1.624184 143.810013 6.312736
v -1.471196 147.528854 4.022362
v 1.966769 146.849365 4.411896
v 0.449211 147.679306 3.943295
v -0.728660 113.722862 12.000696
v -2.330644 114.795677 11.883927
v -19.014576 100.831223 3.955672
v -16.934719 101.486511 2.755253
v -16.660475 102.787697 3.056697
v -16.350130 104.100296 3.383072
v -16.006094 105.437157 3.681817
v -15.580312 106.767677 3.959845
v -15.056693 108.072441 4.178709
v -14.510015 109.383423 4.359259
v -13.937441 110.694778 4.538545
v -13.346369 112.036736 4.710508
v -12.852701 113.458000 4.878944
v -12.510549 114.999634 5.045961
v -12.465664 116.540916 5.062390
v -12.511958 118.067528 5.035306
v -12.631065 119.582947 4.997522
v -12.788783 121.088417 4.925055
v -13.000338 122.593742 4.803840
v -13.221723 124.087051 4.624026
v -13.442672 125.575737 4.407010
v -13.619288 127.053955 4.151534
v -13.837399 128.514465 3.842233
v -14.144411 129.940887 3.420202
v -14.406928 131.334091 2.789902
v -14.581372 132.650574 1.911804
v -14.697667 133.905487 0.932533
v -16.748808 133.928513 -0.494923
v -14.172662 133.545822 -2.741469
v -11.041501 135.692795 -4.366035
v -11.247705 135.698654 -4.050087
v -14.759391 137.530182 -7.382039
v -15.968892 137.187958 -11.936228
v -13.129894 139.882874 -8.536913
v -14.943441 142.130844 -10.336807
v -13.538156 143.975494 -10.356933
v -17.510368 145.197708 -12.599245
v -13.355858 148.371765 -10.327321
v -12.744083 148.731766 -10.483837
v -15.386053 150.939468 -7.431768
v -15.320909 151.541824 -6.849916
v -12.946784 151.580307 -6.670135
v -11.709109 151.601212 -6.673269
v -10.504625 151.807083 -6.500937
v -9.409659 152.180283 -6.222684
v -8.460534 152.618698 -5.887308
v -7.647148 153.086136 -5.553967
v -6.766704 153.396912 -6.818286
v -5.604066 153.585098 -7.783916
v -4.304325 153.680756 -8.541759
v -2.925881 153.659073 -9.041098
v -1.485441 153.601608 -9.274369
v -0.037130 153.569626 -9.330470
v -0.059997 152.143265 -9.804214
v -0.095797 150.719910 -10.371272
v -0.104026 149.260468 -10.905301
v -0.082624 147.748138 -11.346763
v -0.034443 146.198044 -11.681318
v 0.015026 144.624191 -11.933592
v 0.056850 143.033325 -12.120350
v 0.088538 141.426392 -12.242444
v 0.106874 139.813812 -12.280272
v 0.130556 138.198334 -12.210665
v 0.142432 136.590332 -12.022923
v 0.162308 135.000244 -11.716954
v 0.172414 133.435837 -11.303087
v 0.183652 131.901001 -10.797814
v 0.190187 130.394012 -10.224101
v 0.204303 128.899033 -9.630356
v 0.218681 127.394127 -9.069857
v 0.231651 125.864403 -8.585112
v 0.248502 124.293007 -8.249353
v 0.260609 122.690178 -8.070085
v 0.268990 121.071922 -8.026423
v 0.283367 119.448463 -8.074059
v 0.295760 117.821983 -8.176830
v 0.310497 116.193825 -8.309547
v 0.325496 114.562279 -8.470643
v 0.338437 112.927628 -8.650234
v 0.347304 111.288780 -8.844997
v 0.349082 109.644791 -9.058022
v 0.338962 107.996605 -9.280956
v 0.314170 106.334427 -9.508716
v 0.269445 104.658325 -9.727897
v 0.196438 102.960281 -9.882356
v 0.083596 101.235214 -10.015669
v -0.080707 99.456261 -10.168700
v -0.217677 97.663910 -10.412163
v -0.179637 95.772179 -10.692147
v -0.078859 93.979416 -10.446420
v -0.080517 92.261147 -9.715321
v -0.045369 91.324524 -8.751114
v 0.029352 90.696892 -7.252399
v 0.044850 89.890755 -5.652481
v -0.078115 89.023056 -3.475067
v -0.159839 88.036850 -0.367467
v -0.970160 88.010574 -0.560983
v -1.436050 87.338585 -0.525594
v -1.601841 86.437614 -0.467241
v -0.943746 85.177139 0.603466
v -2.962374 86.458130 0.526985
v 1.171756 87.259064 -3.373058
v -2.774645 88.341408 -5.828994
v -2.904029 89.985413 -6.926976
v -1.533074 86.487465 -9.292567
v -2.751332 91.892036 -11.305125
v -6.799160 89.614525 -11.353564
v -5.822983 93.444511 -12.334170
v -7.863113 92.302956 -10.245788
v -9.981822 95.414009 -9.541165
v -10.875182 97.998627 -15.851827
v -11.679358 98.690483 -5.656463
v -13.750189 98.830048 -9.673697
v -19.372849 96.516045 -6.322500
v -14.839093 99.814125 -6.283834
v -15.904702 101.159637 -2.324259
v -15.395125 96.451187 1.430528
v -17.863146 98.954285 0.644811
v -0.707479 88.011040 -2.940410
v -1.115681 91.528740 -11.010885
v -3.490800 150.893600 -10.350964
v -10.328391 148.812180 -10.406344
v -0.956648 87.873100 -1.568787
v -1.391954 87.142464 -2.067663
v -0.148497 88.736954 -3.345959
v -0.509254 92.291893 -10.636142
v -4.865255 152.245514 -9.307533
v -2.149576 152.012802 -9.846438
v -10.845165 150.691528 -8.753162
v -0.162894 93.144058 -10.374430
v -0.107971 91.571655 -9.277497
v -4.922193 153.056931 -8.684321
v -3.556140 152.597961 -9.450336
v -7.309766 150.847290 -9.570771
v -2.178231 152.934616 -9.463603
v -11.004205 151.371964 -7.569879
v -9.361091 151.228729 -8.326684
v -12.572080 150.714172 -8.537613
v 0.057078 92.039635 -10.132227
v -9.742445 151.811874 -7.232946
v -12.443080 151.322845 -7.490870
v -9.696187 102.832153 -9.390065
v -9.226043 116.315018 -4.737020
v -10.380139 128.263992 -7.273862
v -8.164332 135.846817 -11.795209
v -16.613062 102.003372 -0.594182
v -17.109137 100.823067 1.394113
v -16.880852 100.840233 -0.632753
v -0.747636 87.879562 -4.202069
v -1.159749 87.389618 -3.123505
v -0.626878 89.754509 -8.881658
v -2.909052 91.951088 -12.222770
v -1.767778 150.065201 -10.649226
v -11.938600 147.372238 -10.789262
v -5.722071 144.293869 -12.395896
v -1.027330 151.458099 -10.075186
v -1.156012 152.430298 -9.697608
v -3.944737 98.259529 -12.075465
v -1.050646 95.791069 -11.514510
v -0.128363 90.523361 -8.147746
v -0.101961 90.272606 -7.574733
v -0.103120 89.453575 -5.699626
v -3.110719 151.713120 -9.962234
v -13.532633 150.445068 -8.721756
v -12.642439 149.108292 -9.881225
v -9.740633 98.313377 -11.228495
v -13.921420 107.214455 -3.270118
v -6.444509 107.977539 -8.422202
v -11.992322 118.938309 -0.327212
v -5.867295 120.526184 -6.852563
v -4.910580 114.078545 -7.751024
v -13.591166 130.086517 -3.086905
v -5.476390 129.495972 -9.820875
v -11.536954 137.414169 -11.124516
v -4.468477 139.113297 -12.592767
v -4.246620 134.187668 -11.642657
v -15.535869 100.878044 -4.302440
v -16.566515 103.344070 1.222623
v -16.891840 101.702286 0.732506
v -16.698132 102.497719 0.561308
v -16.387043 100.411140 -2.669422
v -16.961454 100.286354 -0.835661
v -0.771228 89.175339 -8.494680
v -1.516895 90.353485 -10.778183
v -0.456102 88.846062 -6.451559
v -0.937598 89.790443 -9.616343
v -0.647316 88.204056 -5.525408
v -0.637470 88.706299 -7.089512
v -2.807661 91.168961 -11.970072
v -6.461469 94.570679 -12.791895
v -0.742554 150.010422 -10.647886
v -1.486912 148.567612 -11.157218
v -13.065543 147.287582 -10.649183
v -12.341371 145.445358 -11.238243
v -3.063077 145.604309 -11.928180
v -4.129024 102.844681 -10.504157
v -2.070734 99.211617 -11.310831
v 0.115515 95.292229 -11.460223
v 0.231481 93.792076 -11.202935
v -0.916019 97.361168 -11.412424
v -0.773911 94.452919 -11.386382
v -0.650195 96.311165 -11.501230
v -0.806122 93.445518 -11.307491
v -2.658698 95.963463 -12.243095
v -2.649013 93.940147 -12.364417
v -1.654603 95.488220 -11.890658
v -2.485299 97.176018 -11.967765
v -1.519593 93.298347 -11.788744
v -0.959240 92.052757 -11.075303
v -2.499348 94.754219 -12.304643
v -5.901363 97.268120 -12.448743
v -4.184604 96.384361 -12.531030
v -3.242334 95.784065 -12.437467
v -0.167682 91.268684 -9.202598
v -0.119790 89.004730 -4.020743
v -13.538604 148.974594 -9.850715
v -9.847295 96.583313 -11.653107
v -15.373835 106.947998 0.011868
v -14.030154 110.747353 0.265858
v -3.090483 107.441284 -9.346676
v -12.688754 114.985184 0.623671
v -12.636554 118.200905 2.183450
v -12.667423 122.385857 1.331418
v -2.815735 120.321472 -7.785686
v -2.502112 115.469032 -8.184202
v -2.478498 112.228081 -8.604446
v -14.193686 131.093399 -0.367123
v -14.416267 133.031342 -4.721941
v -13.171763 126.287247 -0.521687
v -2.573997 129.618317 -9.905265
v -4.589009 125.107231 -8.000438
v -13.109222 137.870865 -10.365321
v -10.761768 141.561127 -12.027315
v -2.114428 139.035507 -12.323495
v -2.252713 135.796722 -11.925374
v -2.325735 132.645477 -11.079401
v -14.841092 99.469536 -6.260065
v -16.576111 103.417534 2.401377
v -16.294804 104.692039 2.028760
v -16.859064 102.106880 1.998265
v -16.456392 99.883865 -2.851412
v -16.561136 101.167534 -1.587569
v -16.066854 101.984886 -2.429009
v -15.707242 99.854523 -4.564640
v -1.513765 89.777847 -10.404807
v -0.224638 89.682953 -7.117661
v -0.271097 88.820168 -4.939563
v -2.292305 91.113663 -11.692988
v -4.658324 92.835350 -12.748404
v -0.567258 148.522018 -11.140188
v -1.417072 147.030685 -11.543998
v -3.149074 149.275681 -11.054477
v -12.573898 143.620041 -11.388784
v -13.233744 145.440308 -11.037762
v -1.788524 143.886856 -12.068644
v -1.879996 102.381706 -10.524833
v -0.691716 98.890800 -11.307676
v -0.006244 96.988136 -11.150123
v -3.285068 97.124489 -12.213871
v -3.021995 98.709526 -11.756915
v -0.434376 91.006996 -9.698694
v -0.224597 90.298576 -8.256010
v -2.017201 92.730118 -11.977591
v -2.488637 92.351738 -12.134356
v -9.857851 95.711052 -11.830431
v -12.596388 98.636223 -9.175116
v -15.566922 107.299942 2.118138
v -14.619347 109.869568 2.040358
v -13.520495 112.479881 2.460171
v -1.305015 107.231216 -9.477248
v -12.829783 115.451469 2.919104
v -12.705585 118.552086 3.692729
v -12.822258 121.358391 2.942206
v -13.230687 124.254021 2.542062
v -1.183950 120.266594 -8.003080
v -0.999575 115.390236 -8.372553
v -0.973576 112.127335 -8.752754
v -14.362952 131.583298 1.112331
v -14.506012 132.818588 -0.760801
v -14.076965 129.754837 1.227262
v -14.374941 131.970154 -0.103482
v -14.241701 130.684845 1.804946
v -14.824347 134.184677 -4.308207
v -13.709685 127.057999 1.753032
v -1.045206 129.639771 -9.919493
v -1.745539 127.958046 -9.257985
v -1.831497 131.087845 -10.504682
v -1.784006 128.919403 -9.632485
v -0.904068 130.570297 -10.293342
v -2.115591 125.084511 -8.312266
v -13.847580 138.007004 -9.874290
v -12.918569 139.782364 -11.021649
v -13.906647 136.201965 -8.935087
v -0.851987 139.012222 -12.270011
v -1.501383 137.388290 -12.157186
v -1.473955 140.688858 -12.300756
v -0.901332 135.793167 -11.890011
v -1.604666 134.210068 -11.538209
v -0.919713 132.660858 -11.060961
v -0.923559 131.684326 -10.718204
v -14.933853 98.834976 -6.443335
v -13.876767 98.476273 -7.962287
v -15.928902 104.232071 -0.912590
v -15.975238 100.641762 -3.515122
v -15.330564 100.110138 -5.119070
v -0.309917 89.175270 -6.424915
v -0.143126 89.264099 -5.451133
v -3.540098 92.054070 -12.441656
v -4.489498 92.154198 -12.645926
v -6.345891 93.648399 -12.830336
v -2.186703 149.295868 -10.960951
v -2.641646 147.898499 -11.421458
v -10.582209 144.143433 -11.889433
v -0.710737 143.847168 -12.038776
v -0.695563 102.198509 -10.379268
v -1.000824 100.625549 -10.906985
v -1.286096 104.029778 -10.082183
v -1.305932 98.403099 -11.292909
v -5.099901 100.938797 -11.338236
v -1.973588 97.814850 -11.625904
v -1.315310 90.944389 -10.920583
v -4.676485 93.930283 -12.799540
v -3.829753 94.095161 -12.679540
v -11.433692 97.169945 -10.599484
v -15.487047 107.395348 3.270593
v -15.068567 108.670219 2.839708
v -14.479782 110.015823 3.385558
v -13.978945 111.262199 2.925693
v -13.337273 112.693764 3.769058
v -13.033213 114.016045 3.289080
v -0.315629 107.181374 -9.439661
v -0.989421 108.853432 -9.207279
v -12.674134 115.635170 4.130480
v -12.681964 117.056046 3.798009
v -12.891448 121.640068 4.035438
v -13.061533 122.968277 3.327526
v -12.769323 120.081825 3.586147
v -13.345586 124.581421 3.661278
v -13.557761 125.882774 2.809270
v -0.255067 120.262062 -8.038128
v -1.025307 118.642166 -8.090370
v -1.081313 121.885109 -8.001061
v -0.127664 115.381119 -8.390094
v -0.964882 113.760109 -8.553697
v -0.102083 112.113914 -8.751234
v -0.949526 110.489517 -8.968132
v -14.572501 132.995346 0.572850
v -14.703832 134.069687 -0.943483
v -14.608373 133.434189 -2.569779
v -14.786272 134.221588 -2.694587
v -14.644037 133.512680 -3.930534
v -13.953132 128.822098 2.362789
v -13.815959 127.763451 2.796391
v -14.965026 134.695969 -4.187821
v -0.591341 128.144592 -9.339516
v -1.131410 126.624878 -8.806438
v -4.060774 130.992294 -10.500317
v -0.793150 125.080971 -8.381116
v -1.164931 123.522057 -8.109986
v -13.646453 139.795013 -10.607183
v -14.396935 136.415115 -8.503519
v -0.473772 137.394760 -12.133336
v -0.488446 140.627319 -12.274874
v -1.251672 142.256760 -12.208538
v -0.506698 134.213913 -11.522839
v -13.938822 97.936905 -8.112273
v -13.947042 99.793526 -7.305167
v -14.791605 100.508179 -5.801132
v -14.477559 99.759483 -6.635609
v -13.379840 103.069420 -6.340204
v -13.979068 101.528191 -6.403343
v -14.220438 100.762596 -6.481724
v -15.115912 102.158829 -4.375862
v -12.928428 100.125427 -8.248699
v -14.598285 101.602997 -5.522860
v -15.164642 101.318291 -4.751712
v -15.608490 101.985245 -3.511334
v -15.831444 103.110588 -2.210210
v -13.587127 100.200394 -7.528289
v -12.703029 97.626205 -9.448503
v -16.273563 104.152039 0.466903
v -15.930427 105.744507 0.973574
v -15.901352 106.246826 2.488814
v -16.157553 104.975395 1.140703
v -16.219881 101.295677 -2.503562
v -6.285970 93.123642 -12.820983
v -8.160784 94.731544 -12.524951
v -5.775699 93.693176 -12.844193
v -2.534242 146.648788 -11.691321
v -1.375619 145.449097 -11.835053
v -5.756452 148.067810 -11.576544
v -4.112829 147.447739 -11.711623
v -11.649208 144.391449 -11.577230
v -10.879638 145.982040 -11.443732
v -11.353031 142.873184 -11.806805
v -12.103708 141.313583 -11.571961
v -0.311588 100.426460 -10.408843
v -1.482048 99.808998 -11.061843
v -3.069409 101.087761 -11.005601
v -0.345332 103.846519 -9.961214
v -0.942655 105.552971 -9.754367
v -4.248881 99.616150 -11.725012
v -3.931521 100.615799 -11.329528
v -4.630434 101.867149 -10.904149
v -2.962754 100.023705 -11.328017
v -7.381777 103.416130 -9.954210
v -6.102030 102.381248 -10.689108
v -0.565234 90.483200 -9.531365
v -0.384079 89.839806 -8.217960
v -2.165316 91.663551 -11.805330
v -3.487874 92.860008 -12.545197
v -4.357714 93.149223 -12.733866
v -2.818991 93.104973 -12.375483
v -10.511679 96.570648 -11.329051
v -11.403892 96.430756 -10.835049
v -15.228589 108.125000 1.254411
v -13.943216 111.332329 1.646432
v -14.380233 110.261375 1.076020
v -14.471272 108.711281 -1.113103
v -14.819040 109.010796 0.655004
v -14.391541 109.692444 -0.158456
v -13.805209 111.348976 3.955822
v -13.045684 113.999504 1.594253
v -12.841208 114.158401 4.303801
v -0.110864 108.827690 -9.186296
v -2.186767 108.371231 -9.231737
v -4.730713 110.347511 -8.440403
v -3.645062 109.066734 -8.938660
v -12.717628 117.603142 2.958117
v -12.643098 116.564224 1.500985
v -12.961246 123.114441 2.250528
v -12.806729 122.026695 2.227514
v -12.417075 120.483437 0.955365
v -12.711058 119.122879 2.911456
v -12.558711 119.397209 1.634208
v -13.238011 125.294090 0.966655
v -12.879555 123.820473 1.061530
v -1.982892 119.400185 -7.947810
v -2.511551 117.495461 -7.986722
v -1.956622 118.335220 -8.011917
v -1.021321 117.017494 -8.216125
v -2.026067 121.182922 -7.896946
v -4.210070 122.585953 -7.549762
v -3.253597 121.614601 -7.699063
v -4.379774 120.559486 -7.408484
v -2.755273 123.164673 -7.902575
v -4.216451 121.559952 -7.468362
v -2.081717 122.279213 -7.925038
v -1.731808 112.999954 -8.580363
v -3.215503 113.904503 -8.248219
v -2.074540 114.248978 -8.382262
v -1.724271 111.351921 -8.798058
v -2.256946 109.939568 -8.971767
v -13.694284 126.861565 3.129879
v -3.140779 126.682899 -8.765644
v -2.957150 131.636826 -10.732477
v -2.938425 130.597137 -10.314740
v -4.429986 132.532166 -11.129193
v -0.233505 123.493248 -8.140670
v -3.909005 142.013657 -12.440903
v -16.282309 102.871635 -1.034686
v -16.435612 103.286461 0.105799
v -14.787021 104.658730 -3.383634
v -13.230952 98.530830 -8.620275
v -12.241869 97.848518 -9.764529
v -16.103376 105.479576 2.666408
v -9.083627 95.662071 -12.140203
v -8.286217 96.030457 -12.314613
v -7.337475 94.709023 -12.677743
v -0.940566 146.214310 -11.690289
v -2.205074 144.907883 -11.961565
v -3.562363 143.855225 -12.209536
v -5.163991 146.102478 -12.090172
v -4.721629 149.083771 -11.174260
v -11.753600 146.284683 -11.170543
v -10.681937 147.461166 -10.973926
v -8.014426 146.909897 -11.724127
v -9.342164 147.576828 -11.203645
v -13.065630 140.996109 -11.152737
v -12.648341 142.286942 -11.398498
v -2.771324 105.428337 -9.808803
v -7.479029 100.625450 -11.243133
v -5.802413 99.805000 -11.754207
v -5.153265 100.083939 -11.655367
v -5.871805 104.391045 -9.797733
v -14.967995 108.985046 1.949222
v -12.988983 114.483086 2.579464
v -13.255709 113.353783 2.208342
v -13.374064 112.314529 0.304795
v -13.693080 111.713737 0.851465
v -4.798738 107.831192 -8.969832
v -12.341833 117.692459 0.508314
v -12.790122 115.522110 1.789986
v -12.753074 116.460938 2.608644
v -12.706767 120.214905 2.534937
v -12.316054 119.390762 0.642950
v -13.348816 125.099754 1.991067
v -11.084140 121.814407 -2.397643
v -0.145924 117.010071 -8.239463
v -1.761175 116.237953 -8.203412
v -3.686463 118.859367 -7.655179
v -3.967629 123.868164 -7.794948
v -3.332947 124.835625 -8.121796
v -3.853261 125.857582 -8.401111
v -6.416045 127.219826 -8.530885
v -4.759799 127.131691 -8.808784
v -2.160220 124.015526 -8.103877
v -2.769182 109.180077 -9.037050
v -3.491535 110.437859 -8.710827
v -2.739532 111.146790 -8.722839
v -4.260114 112.236809 -8.246903
v -4.237100 111.181213 -8.427320
v -2.137428 127.048218 -8.922617
v -3.384514 133.325851 -11.339247
v -6.287035 131.348358 -10.568666
v -2.526201 141.701843 -12.313490
v -2.809772 140.299606 -12.394827
v -3.088546 142.750595 -12.281253
v -3.294246 139.197922 -12.429580
v -3.766703 137.175385 -12.266077
v -3.828176 138.256027 -12.416227
v -2.674834 137.808578 -12.262071
v -2.774676 136.732864 -12.115687
v -3.775306 135.600037 -11.960197
v -15.408455 104.158867 -2.436603
v -8.313564 95.517715 -12.387721
v -5.011799 147.150558 -11.861762
v -4.096345 146.251770 -11.949237
v -4.312912 144.998810 -12.143458
v -3.698460 148.448746 -11.389838
v -4.867881 148.197067 -11.530846
v -6.295606 149.612640 -10.722921
v -4.244362 150.092697 -10.720866
v -4.748216 151.190140 -10.036903
v -5.518683 150.409866 -10.370571
v -6.318313 151.771957 -9.109524
v -6.121330 152.753616 -8.279914
v -7.441083 152.539520 -7.629910
v -9.102616 145.362503 -11.965813
v -9.867711 146.428024 -11.515308
v -8.482743 149.440964 -10.406310
v -1.971781 106.248344 -9.654642
v -1.796044 105.044334 -9.901217
v -7.280480 101.948845 -10.732100
v -6.227544 101.060921 -11.270335
v -6.385746 103.523003 -10.090209
v -5.261783 103.253441 -10.318374
v -3.911292 108.089012 -9.091947
v -4.790076 109.092445 -8.680115
v -5.651911 108.591492 -8.516232
v -8.292878 111.978416 -6.347534
v -7.195285 110.103661 -7.483683
v -6.593645 109.128929 -8.035191
v -6.010708 110.346436 -7.981574
v -12.557701 117.500084 1.364408
v -12.340996 116.125816 0.005019
v -12.076822 122.492088 -0.599646
v -3.629461 119.871964 -7.621610
v -4.976503 119.334648 -7.223927
v -5.527126 126.161331 -8.238270
v -8.521243 125.179314 -6.652956
v -7.266298 125.950432 -7.630015
v -6.522691 126.379349 -8.083323
v -5.631742 128.221863 -9.187092
v -8.289206 129.177292 -8.954468
v -3.971839 128.704300 -9.492754
v -3.984854 129.841858 -10.000870
v -3.048894 127.878944 -9.201402
v -6.834578 129.050949 -9.373221
v -7.488364 128.087814 -8.681763
v -7.596843 130.449692 -9.836390
v -8.972915 128.097260 -8.055039
v -5.065657 131.567978 -10.780145
v -5.448705 130.538803 -10.319749
v -6.544565 133.496078 -11.329728
v -5.751921 132.567703 -11.112206
v -5.329245 133.625961 -11.495108
v -6.061918 135.562378 -12.017321
v -5.256346 134.762009 -11.827737
v -2.095490 142.902771 -12.191740
v -2.893836 134.643494 -11.688847
v -15.525447 105.486305 -1.014594
v -14.897626 103.345840 -4.052015
v -14.418212 102.516747 -5.303652
v -14.203895 103.652954 -4.985896
v -13.729358 102.314575 -6.313534
v -12.206923 101.336411 -8.357324
v -13.079918 101.241951 -7.562948
v -12.919917 102.108017 -7.306439
v -11.722377 103.380081 -7.780271
v -12.140661 102.450722 -7.890063
v -13.470140 100.845009 -7.342708
v -12.687890 103.629066 -6.791701
v -10.628799 101.746544 -9.382565
v -12.140840 106.228294 -5.893037
v -11.419508 101.501160 -8.938453
v -11.386334 102.414879 -8.529099
v -10.737836 103.048637 -8.670689
v -12.212154 104.789330 -6.612118
v -10.085517 99.948273 -10.487366
v -10.324862 105.213577 -7.756357
v -11.248594 100.239349 -9.624823
v -10.634280 100.883080 -9.772211
v -10.292430 103.999649 -8.443291
v -11.238035 104.789490 -7.397123
v -8.913083 104.310905 -8.957330
v -11.214107 103.886330 -7.904534
v -11.191880 105.993286 -6.772846
v -9.730239 104.484940 -8.484422
v -11.247354 110.311111 -4.552718
v -9.406708 108.013199 -6.890000
v -8.063943 108.672295 -7.433352
v -11.503794 108.150475 -5.410964
v -10.110240 106.737099 -7.044098
v -11.601071 107.036186 -5.904040
v -12.858139 107.878960 -4.311218
v -10.843489 107.406227 -6.236149
v -12.166545 107.748428 -5.061858
v -12.406825 109.511803 -3.964880
v -7.314963 151.753326 -8.692767
v -8.300654 151.431473 -8.654510
v -8.236708 150.457367 -9.659659
v -7.408334 149.602829 -10.510646
v -8.535060 152.202347 -7.351940
v -7.535969 148.233307 -11.300684
v -10.089272 145.195724 -11.815144
v -8.872020 146.479187 -11.692566
v -9.254999 148.777725 -10.661505
v -9.883285 149.963791 -9.700109
v -9.960490 150.786606 -8.842757
v -8.512735 101.933685 -10.372310
v -6.970899 111.730003 -7.241463
v -12.566874 115.880394 0.750901
v -12.494645 122.847084 0.418818
v -12.210238 121.395691 0.088830
v -12.550460 124.317192 -0.603257
v -4.853744 116.698708 -7.457660
v -11.034693 131.512344 -8.672163
v -8.008407 127.078102 -7.941370
v -8.461342 126.186455 -7.246696
v -10.408882 126.380165 -6.025651
v -9.403192 125.984558 -6.580374
v -9.891398 127.117485 -6.928193
v -8.107730 132.255478 -10.460805
v -6.950124 132.467239 -10.874683
v -4.883949 136.352280 -12.230998
v -15.632759 104.659706 -1.437984
v -15.855384 105.164207 -0.181929
v -14.833974 106.428398 -2.042343
v -15.199224 105.090355 -2.210484
v -15.377414 103.037193 -3.321869
v -13.833058 105.333855 -4.502157
v -13.469810 104.243553 -5.610477
v -13.061362 105.191399 -5.544380
v -13.421340 106.324036 -4.488240
v -13.361481 107.298706 -4.036291
v -12.803884 106.038773 -5.357572
v -10.431403 99.339462 -10.518352
v -11.319903 98.670494 -10.185412
v -10.667986 98.758919 -10.582980
v -9.943079 97.507446 -11.368941
v -12.155287 100.279510 -8.887239
v -11.409293 99.576294 -9.776809
v -12.124503 99.474091 -9.252485
v -11.779208 113.347771 -2.455930
v -6.711643 148.721786 -11.180364
v -6.578784 146.855316 -11.929817
v -8.455250 148.001785 -11.228354
v -8.957772 100.515190 -10.807046
v -8.784854 103.135925 -9.659192
v -8.232880 103.632957 -9.595363
v -6.747063 110.802757 -7.548531
v -7.661838 111.123123 -6.964077
v -9.008803 110.338379 -6.308655
v -8.121875 110.199844 -6.932161
v -7.611474 114.437920 -6.340732
v -5.619697 111.862221 -7.841678
v -11.570697 120.969742 -1.351063
v -12.053059 120.164452 -0.159510
v -12.878952 124.460526 0.358983
v -4.572275 117.993919 -7.448016
v -3.557107 117.711205 -7.766354
v -3.157109 116.525841 -7.965080
v -7.246544 118.222939 -6.137956
v -5.962773 118.347618 -6.849103
v -9.444896 130.616928 -9.138551
v -7.424606 131.440475 -10.330318
v -15.235198 106.312370 -1.119988
v -14.245117 104.641006 -4.321099
v -14.502748 105.632179 -3.250968
v -14.363121 106.616127 -2.871883
v -14.612915 107.546890 -1.712666
v -13.931190 106.203857 -3.806431
v -8.754060 97.093102 -11.958165
v -7.902587 97.897812 -12.008256
v -8.657828 97.794380 -11.812763
v -9.397313 98.883728 -11.204903
v -9.013433 99.539780 -11.144244
v -9.279099 96.671425 -11.870092
v -10.873857 97.636734 -10.821420
v -11.782500 98.356026 -9.953136
v -12.231023 114.523331 -1.006748
v -6.129066 145.578430 -12.212646
v -7.469006 144.502914 -12.352028
v -7.962042 145.684219 -12.064532
v -7.088882 146.020523 -12.080347
v -8.416165 100.969963 -10.831234
v -9.453631 101.681976 -10.078238
v -7.622914 113.008049 -6.586102
v -5.437175 110.925804 -8.089835
v -5.212730 112.939713 -7.812178
v -6.461342 113.052185 -7.246876
v -11.597854 121.996941 -1.486444
v -11.680984 123.588516 -2.112872
v -10.226305 118.993065 -3.382861
v -6.353435 116.721329 -6.802567
v -6.885581 119.665710 -6.318331
v -5.947350 119.446304 -6.811317
v -8.527080 130.110474 -9.320401
v -9.725660 129.358490 -8.324974
v -10.628786 130.322784 -8.293581
v -12.794652 130.538071 -6.151967
v -11.871049 130.708755 -7.500821
v -11.360400 129.422958 -7.168022
v -13.051396 132.863892 -7.636523
v -11.790988 127.956535 -5.590309
v -12.223122 131.965378 -7.948260
v -11.312324 128.444626 -6.556312
v -12.341865 129.257156 -5.807884
v -13.146377 131.733154 -6.608360
v -10.775394 134.253281 -10.187350
v -10.866630 127.398705 -6.284060
v -12.886304 128.503525 -3.903260
v -13.183532 129.890457 -4.669031
v -13.856796 132.649002 -6.130894
v -11.245897 132.887482 -9.247057
v -12.459964 128.556778 -4.975654
v -13.820856 131.394180 -4.580575
v -13.874733 134.373566 -7.702181
v -13.360847 130.746033 -5.180277
v -13.689176 133.496109 -7.246979
v -12.461023 134.403061 -9.195926
v -12.429381 115.177734 -0.168508
v -10.190715 102.263405 -9.403375
v -9.227439 114.022598 -5.142898
v -10.831059 120.295082 -2.560151
v -6.523798 117.705666 -6.625276
v -6.707760 118.742188 -6.449858
v -8.889228 120.036331 -4.856196
v -8.029106 122.470497 -5.822280
v -9.554475 133.218735 -10.325622
v -14.602312 134.953552 -6.906919
v -11.754973 133.748184 -9.354194
v -12.205475 132.897629 -8.529402
v -8.352404 113.860924 -5.892156
v -8.817549 112.966690 -5.731837
v -10.423375 112.553123 -4.379327
v -9.691366 113.049538 -4.948882
v -8.793178 115.090126 -5.321467
v -9.634924 111.584435 -5.414868
v -10.760180 115.093338 -3.232618
v -10.101140 114.266518 -4.220613
v -10.849303 113.750793 -3.512508
v -10.014152 115.692482 -4.008446
v -11.202777 112.671013 -3.490407
v -9.475731 115.010269 -4.700096
v -10.886592 111.483398 -4.324231
v -12.208329 111.485573 -2.923582
v -10.193013 110.387306 -5.376426
v -11.808599 112.324883 -2.946825
v -11.581050 111.216820 -3.772406
v -12.144324 110.498573 -3.659379
v -11.196651 118.719475 -1.976432
v -11.643325 119.463249 -1.087344
v -11.243626 119.801575 -1.882325
v -7.908820 119.428543 -5.649900
v -8.675211 117.961647 -5.090347
v -8.153937 121.004860 -5.522727
v -8.063849 118.448830 -5.559328
v -9.957701 120.376457 -3.750543
v -10.468108 133.433151 -9.974428
v -10.271579 132.312042 -9.542924
v -14.035927 135.235046 -8.146950
v -12.768130 135.878922 -9.737788
v -14.526868 134.055542 -5.992099
v -8.892160 111.355797 -6.096043
v -10.133316 117.342972 -3.618038
v -10.256494 111.316772 -4.973589
v -9.574030 109.316002 -6.253734
v -10.541694 108.721031 -5.821477
v -8.772292 109.317162 -6.795720
v -7.903887 116.289528 -5.874300
v -7.713218 117.349854 -5.901627
v -8.545258 115.971451 -5.388361
v -7.054404 121.308632 -6.274293
v -9.420812 119.125832 -4.315339
v -8.739447 119.025719 -4.984866
v -9.662450 118.092461 -4.106284
v -10.541888 121.036125 -3.041726
v -9.794855 122.518822 -4.326583
v -10.029863 121.567986 -3.824859
v -10.786240 122.898796 -3.225244
v -9.149328 121.341347 -4.725069
v -8.920937 122.350403 -5.116982
v -9.871759 124.394066 -5.211913
v -9.905878 125.336441 -5.797807
v -8.884555 123.494507 -5.522902
v -9.670889 123.419701 -4.797449
v -7.690609 123.783012 -6.410445
v -5.909157 123.915237 -7.253590
v -5.000185 124.235184 -7.631865
v -10.753123 116.538994 -2.927119
v -10.619629 118.238342 -2.887618
v -10.162165 107.814659 -6.490275
v -11.337668 109.216858 -5.034140
v -10.680278 109.687454 -5.289161
v -7.402889 120.524406 -6.009515
v -9.142709 117.306580 -4.712290
v -11.233481 122.742386 -2.482372
v -11.428770 124.963554 -3.630885
v -10.589859 124.193596 -4.275230
v -11.086196 125.765396 -4.811319
v -11.365108 126.836609 -5.280838
v -12.279262 126.725395 -3.540982
v -12.201295 127.480034 -4.468863
v -11.086184 123.946617 -3.382882
v -9.021530 124.502403 -5.961751
v -7.224109 124.756241 -7.060403
v -6.942810 122.579033 -6.504927
v -5.556118 122.272339 -7.078502
v -6.715623 123.506836 -6.816559
v -11.625877 115.973351 -1.657579
v -10.400311 123.308006 -3.933878
v -11.702222 125.894302 -3.948061
v -5.223293 121.218132 -7.122269
v -6.209719 121.596581 -6.737264
v -5.139451 123.121544 -7.355310
v -11.134358 115.882950 -2.499965
v -11.989976 116.971191 -0.655427
v -12.059204 117.971985 -0.284739
v -11.518725 117.635963 -1.508231
v -11.726459 149.918243 -9.427212
v -10.776225 149.764206 -9.694653
v -11.498684 148.634232 -10.290926
v -1.642973 94.532272 -11.930663
v -13.786984 129.263947 -0.970305
v -11.950408 138.899170 -11.334271
v -12.303897 137.786453 -10.833719
v -11.990911 140.094406 -11.512671
v -9.709273 139.287521 -12.255437
v -10.840484 139.800659 -11.935881
v -10.728358 138.474350 -11.786410
v -9.364162 137.261490 -11.978425
v -9.850844 138.157776 -12.045706
v -4.667484 95.620514 -12.698995
v -4.951914 96.496071 -12.587477
v -3.611350 95.181786 -12.587797
v -5.644473 95.469910 -12.748760
v -7.247565 96.366608 -12.474208
v -4.753923 95.077171 -12.761645
v -5.870401 96.375458 -12.616768
v -6.862046 97.475815 -12.314771
v -6.814003 96.697624 -12.480082
v -7.190845 99.020058 -11.850585
v -8.208264 99.544594 -11.428322
v -6.080903 95.126640 -12.767595
v -7.281378 95.739235 -12.569148
v -15.657619 106.675148 0.958051
v -2.994775 102.301056 -10.627257
v -3.258928 103.954628 -10.176425
v -4.578985 104.276505 -10.012321
v -5.391992 106.116127 -9.292720
v -3.871509 105.137856 -9.826122
v -5.300933 105.083229 -9.649932
v -3.689249 106.385963 -9.529403
v -4.479895 105.991508 -9.504458
v -2.062084 101.220261 -10.797742
v -13.454346 126.398430 0.677531
v -13.741057 128.047104 0.330425
v -13.938927 128.725830 1.212379
v -13.322174 127.674965 -1.400499
v -13.450417 127.292091 -0.426981
v -13.638968 128.343964 -0.671088
v -13.382248 128.723099 -2.400669
v -12.890436 127.682915 -2.924408
v -12.692214 126.302040 -2.070246
v -12.622199 125.295532 -1.323250
v -12.094214 125.175171 -2.508588
v -12.206673 124.341431 -1.527085
v -11.658821 124.289894 -2.652924
v -4.694131 143.238785 -12.430075
v -6.373827 141.114685 -12.772179
v -6.052505 142.727768 -12.630734
v -5.146208 141.637573 -12.675227
v -4.164368 140.589554 -12.558791
v -7.938447 142.386261 -12.569464
v -6.599191 143.768219 -12.466206
v -5.413750 140.127731 -12.758507
v -6.552144 137.933228 -12.636357
v -5.167210 137.876022 -12.545536
v -6.044874 136.810425 -12.373223
v -6.861769 139.518890 -12.793146
v -8.311831 138.668442 -12.547743
v -5.752542 138.918198 -12.736181
v -7.024244 136.119385 -12.091852
v -7.394456 134.666748 -11.562515
v -6.923986 142.111343 -12.679022
v -7.824996 140.716583 -12.685642
v -7.335578 138.538712 -12.680964
v -7.784386 137.187012 -12.342701
v -6.334745 134.513229 -11.683793
v -7.901844 133.479874 -11.027975
v -8.890526 134.513229 -11.106861
v -9.738196 135.692169 -11.263087
v -7.823631 139.637741 -12.698381
v -9.264465 141.361832 -12.409992
v -9.937134 140.397552 -12.248307
v -8.936739 136.387070 -11.803027
v -9.853767 134.702957 -10.817757
v -11.345272 135.677521 -10.531897
v -9.813418 142.820190 -12.220672
v -9.402617 144.095581 -12.159283
v -8.805942 143.070786 -12.391603
v -8.864086 140.211594 -12.510482
v -10.622157 135.200165 -10.683806
v -11.559489 134.708878 -9.962617
v -12.220241 135.318604 -9.845199
v -11.917830 136.386032 -10.521694
v -10.430273 136.582581 -11.346991
v -5.346143 98.146324 -12.246006
v -6.198798 98.239792 -12.201793
v -6.459943 99.344002 -11.857502
v -4.976878 98.777580 -12.055053
v -4.253850 97.327194 -12.351042
v -12.907326 113.503235 0.053182
v -12.547024 112.739601 -1.528865
v -13.165140 113.222450 0.788502
v -12.894455 114.233681 0.825217
v -12.568762 113.694214 -0.801602
v -13.242594 111.106163 -1.628626
v -12.789197 110.740349 -2.714896
v -13.855455 109.784416 -1.627205
v -12.727618 111.718437 -1.994234
v -13.566373 108.655052 -2.973931
v -13.049898 112.256851 -0.819859
v -13.718814 110.820335 -0.791947
v -14.116693 108.220764 -2.308071
v -13.296404 109.786217 -2.668177
v -12.968396 108.917900 -3.652106
v -12.658832 120.950150 1.923613
v -4.071884 113.342216 -8.129990
v -6.386261 150.943848 -9.766833
v -7.639706 105.437515 -8.874623
v -6.892981 104.575699 -9.493735
v -6.548160 105.790909 -9.103436
v -7.633650 107.054039 -8.215499
v -6.279371 106.830643 -8.825233
v -8.810753 106.455132 -7.902990
v -9.322740 105.483543 -8.122169
v -8.441816 105.073463 -8.730172
v -8.495589 107.706566 -7.548092
v -7.337247 107.990166 -8.019485
v -8.027810 106.310219 -8.347376
v -9.448598 107.088402 -7.266292
v -7.719769 104.379662 -9.354900
v -4.087010 115.269508 -7.871448
v -5.328899 115.459801 -7.404104
v -6.184833 114.464355 -7.160449
v -4.014242 116.264664 -7.777818
v -3.221857 114.906044 -8.124234
v -6.853745 113.988953 -6.864694
v -6.292251 115.593117 -6.957933
v -7.060241 116.223900 -6.429246
v -14.168601 131.542953 -2.492588
v -14.401443 132.489685 -2.054983
v -9.226277 131.722092 -9.781686
v -13.162358 134.895203 -8.877507
v -13.130935 136.739960 -9.884642
v -6.086733 125.158180 -7.651129
v -11.459271 114.620850 -2.384061
v -11.872968 114.214394 -1.859209
v -12.051108 115.533485 -0.965585
v -11.013777 117.563408 -2.395064
v -14.047012 130.026123 -0.043238
v -13.963552 130.430740 -1.646706
v -2.206883 103.563103 -10.256763
v -13.909032 130.992722 -3.411730
v -14.252001 132.173691 -3.771896
v -14.981343 107.878136 -0.353911
v -0.366917 87.633942 3.400130
v -0.409013 88.887672 6.152672
v -0.414070 90.955887 7.763590
v -0.404133 92.937424 8.702155
v -0.426333 94.674904 9.349632
v -0.444636 96.445572 9.945865
v -0.473815 98.281189 10.566523
v -3.636690 150.376663 1.335065
v -4.495395 150.721710 0.698963
v -5.446577 151.114456 0.058311
v -6.101518 151.511902 -0.877344
v -6.688981 151.865402 -1.899854
v -7.108023 152.288605 -3.036796
v -7.561962 152.702805 -4.194820
v -12.858692 152.109177 -3.478127
v -12.149408 151.012802 -1.410556
v -13.933138 151.160904 0.579082
v -16.135908 151.933273 -3.393669
v -13.536547 146.738617 0.069428
v -15.868030 148.831039 -2.312766
v -16.405624 143.201492 3.237341
v -12.004992 143.309006 3.666457
v -17.028091 140.776489 2.758047
v -17.989939 139.446365 4.319923
v -15.386248 138.727188 5.286620
v -17.352034 132.973206 1.716971
v -15.732862 99.272842 6.819207
v -12.765278 96.392708 8.035818
v -13.319608 98.537918 6.380839
v -14.418548 97.304329 9.009796
v -10.339169 96.139404 10.382367
v -11.073098 92.335381 13.131289
v -7.287162 93.134979 6.043097
v -7.543508 90.794853 10.614597
v -1.402672 91.749382 8.545125
v -2.245780 90.799164 7.246897
v -1.081480 91.421524 5.797832
v -0.812849 89.237206 5.371994
v 1.616985 87.205124 3.158125
v -2.353593 86.503685 1.575489
v -8.036963 149.021500 0.794945
v -6.891221 150.507141 -0.395112
v -6.460968 151.058655 -1.038179
v -1.356256 88.029816 1.395027
v -10.558410 151.117584 -2.940621
v -2.299169 89.407021 5.657177
v -4.276807 96.077896 9.265306
v -8.374796 151.559219 -3.143426
v -7.608656 151.969711 -3.134681
v -1.014713 87.843208 2.292344
v -10.834999 151.696640 -4.804224
v -1.456438 88.587738 5.170343
v -2.683593 93.031326 8.394729
v -8.768385 152.211472 -4.688112
v -9.576905 151.685379 -4.177273
v -7.976879 152.594986 -4.555998
v -1.710929 88.315605 3.749283
v -1.491438 92.186852 8.272474
v -2.102998 94.722908 9.230840
v -2.133457 90.745193 7.210598
v -2.120635 93.495979 8.745720
v -3.206962 94.796150 9.042859
v -1.177626 93.931046 9.054107
v -1.252602 95.432396 9.552671
v -2.882960 97.514282 10.034605
v -2.244793 96.193504 9.694478
v -1.615071 97.531944 10.239485
v -3.388049 96.410744 9.559070
v -1.218952 90.113525 7.083326
v -1.462966 98.845352 10.716342
v -16.923347 100.476646 3.661884
v -14.371254 101.766876 7.643202
v -10.078678 126.704704 10.762688
v -10.190212 107.767227 9.905620
v -8.922297 118.573952 10.065652
v -14.078339 135.428940 8.312677
v -8.360168 142.794632 5.942883
v -10.310126 148.080429 0.646218
v -5.728736 146.416245 3.883656
v -4.991632 149.027512 2.458136
v -4.294057 149.755676 1.739469
v -1.513180 87.243767 0.527832
v -11.879238 151.003906 -2.422120
v -2.453346 89.257065 5.466509
v -4.818327 93.092888 7.858723
v -7.495517 151.212082 -1.911578
v -6.974499 151.699524 -2.228559
v -10.133996 151.395828 -3.693688
v -8.918899 150.572906 -1.334732
v -7.909559 150.633636 -1.125623
v -8.129104 150.031036 -0.126061
v -1.597465 88.286423 4.035861
v -1.671610 88.294319 3.378713
v -2.114302 89.755104 6.289085
v -3.351106 91.647522 7.355462
v -15.465510 103.987564 6.106204
v -15.226048 99.921982 7.030756
v -10.519148 98.528610 9.205587
v -12.295278 125.906822 7.881220
v -6.855524 123.733658 11.660954
v -7.282772 128.745667 12.696527
v -6.687941 106.789627 11.180285
v -10.122752 112.958855 8.885541
v -12.882291 109.198463 7.665922
v -11.262239 118.072807 7.916032
v -6.553001 115.265640 10.975483
v -14.633397 136.416779 4.913637
v -14.927625 133.206940 5.671298
v -9.224457 136.043869 12.723844
v -10.898325 143.492279 4.089546
v -6.817750 139.760056 9.214298
v -5.522109 142.215240 7.177956
v -11.720358 148.267975 0.138787
v -4.096828 146.056015 4.644266
v -3.716997 148.707932 3.138554
v -5.661362 150.146408 0.759839
v -3.336342 149.646317 2.123506
v -12.739945 151.097427 -2.402112
v -11.808990 149.797913 -0.964782
v -11.750859 151.531494 -3.964851
v -12.162284 151.742920 -5.438283
v -4.961278 92.051781 7.616600
v -7.707591 95.360855 8.840390
v -8.972513 151.163315 -2.677913
v -9.650722 150.935104 -2.407449
v -10.186980 149.874649 -0.908303
v -3.201220 90.597748 6.666950
v -15.978816 104.435501 4.744811
v -16.184637 102.590843 5.098275
v -15.258655 105.853310 5.771104
v -15.950824 103.526405 5.294587
v -16.609976 101.592072 4.267262
v -15.662997 105.432884 4.800026
v -15.381305 99.066154 7.017947
v -13.867444 98.532860 8.309408
v -16.262798 100.247002 5.476461
v -14.749542 99.089607 7.629314
v -10.901401 97.001099 9.188847
v -13.022399 125.361671 6.174390
v -12.064862 122.659966 7.657900
v -13.456374 128.766342 7.307085
v -4.814676 123.564201 12.127343
v -5.929526 120.272354 11.529618
v -5.206759 126.988419 12.465336
v -5.600538 130.304840 13.316998
v -4.916355 106.451965 11.926106
v -6.062487 110.079277 11.380596
v -7.814737 102.069099 10.062243
v -11.719316 113.773796 7.096074
v -13.728022 109.696877 6.045600
v -12.027082 117.704971 6.452334
v -4.710662 115.026917 11.596042
v -14.742258 136.843719 3.586151
v -14.794522 134.024963 3.418793
v -14.684829 132.534714 3.910458
v -6.006765 135.578094 12.995575
v -12.199759 143.662552 3.160979
v -11.972529 140.066406 6.068334
v -4.717548 139.445312 9.630969
v -3.974991 141.956223 7.595456
v -11.078522 146.186890 1.893099
v -3.159137 145.838303 4.961052
v -3.827398 144.622940 5.663815
v -4.285160 147.522751 3.600283
v -5.112903 150.453918 0.606215
v -6.312437 149.561630 1.471238
v -7.242170 149.433472 1.030302
v -6.921861 147.712067 2.441511
v -7.314904 150.159882 0.067645
v -6.474026 148.538910 2.051602
v -4.981417 149.677597 1.740633
v -11.018987 148.937241 -0.219908
v -12.755454 151.701462 -4.172730
v -4.995827 91.502998 7.567873
v -6.397466 93.181686 8.260584
v -10.883080 150.626312 -1.916293
v -3.961421 91.851982 7.367941
v -3.616553 90.436150 6.757900
v -16.416834 103.195816 4.062815
v -15.052800 107.134720 5.272378
v -13.814776 106.913734 7.552098
v -14.615504 106.702538 6.500152
v -14.235435 104.877502 7.614923
v -14.068721 108.197342 6.487440
v -14.275200 105.957458 7.327800
v -14.608737 108.216980 5.344348
v -14.144806 98.004723 8.245726
v -12.590166 97.394653 8.930872
v -11.415717 96.579308 9.185643
v -15.771700 101.312538 6.124598
v -16.358932 99.570335 5.460205
v -9.392176 95.531570 9.143464
v -13.266932 125.039696 5.188845
v -12.912821 123.741570 6.044280
v -13.276169 126.773521 5.661751
v -12.335148 120.817833 6.663186
v -14.073707 129.846054 5.659430
v -3.684486 123.477798 12.218782
v -4.360663 125.234917 12.304747
v -4.297931 121.823845 12.007801
v -4.695836 118.450027 11.699080
v -3.908686 126.888939 12.564859
v -4.707161 128.616623 12.844911
v -4.136128 130.236038 13.184050
v -4.957653 132.021210 13.524089
v -3.884057 106.285172 12.180899
v -4.581448 108.112968 12.090265
v -4.577672 104.685036 11.758954
v -4.823730 111.597717 11.709111
v -5.401024 101.426048 10.709548
v -5.159770 98.837112 9.955835
v -4.458830 97.458549 9.679416
v -12.292454 114.079605 5.950771
v -12.582346 112.275246 6.353362
v -11.603915 115.858818 6.976811
v -12.245531 113.226051 6.451255
v -12.073276 115.189896 6.085916
v -12.071952 116.425407 6.133821
v -14.061786 109.914078 5.096961
v -12.331316 117.454613 5.580191
v -12.247521 119.178856 6.272505
v -3.682755 114.908813 11.844191
v -4.283494 116.693871 11.723781
v -14.705382 133.576767 2.236303
v -14.813153 135.414764 3.392312
v -14.774898 134.721283 2.019758
v -14.888511 134.783554 5.185964
v -14.785535 135.810028 2.298450
v -14.815703 133.403854 4.419726
v -4.345520 135.291473 12.742492
v -4.995131 137.008118 11.784977
v -5.216132 133.845871 13.417574
v -5.111605 136.120453 12.428011
v -12.973122 143.613022 2.773536
v -12.032794 141.827347 4.605636
v -13.627719 138.676956 5.226103
v -3.544523 139.280838 9.769372
v -3.078064 141.823395 7.785604
v -4.884412 140.839386 8.410168
v -3.826856 140.269211 8.949610
v -11.030101 147.320648 1.033803
v -12.074167 146.828247 1.149883
v -12.084760 145.235367 2.183124
v -2.984195 144.457855 5.909402
v -4.937107 145.359604 4.909887
v -7.018459 144.666122 4.816211
v -5.082769 143.737320 6.066109
v -6.113089 145.318512 4.585243
v -4.676590 144.461288 5.616499
v -6.907658 146.414169 3.445333
v -6.039183 144.272964 5.420683
v -6.925047 143.153931 6.102754
v -4.920032 146.867355 3.830842
v -5.397223 148.029343 2.868623
v -3.280914 147.226120 4.066621
v -5.756051 93.361397 8.080448
v -6.212640 95.023819 8.549312
v -6.841522 94.223473 8.500096
v -8.019869 94.643265 8.843474
v -4.107372 91.398705 7.225106
v -13.388913 108.073242 7.586989
v -12.027095 106.793922 9.069510
v -13.050620 105.716042 8.529155
v -12.346948 108.178520 8.602444
v -12.955892 107.206200 8.343298
v -13.543830 109.020752 6.843582
v -16.243923 101.672600 5.208879
v -14.939280 100.903709 7.188624
v -12.929387 99.769768 8.609133
v -13.948352 100.626053 8.015303
v -14.125847 99.599152 7.998906
v -12.602810 98.422310 8.820476
v -15.431067 102.576271 6.448364
v -10.361896 95.861000 9.235951
v -9.364989 96.718781 9.179506
v -8.704374 95.677681 9.046489
v -12.537749 124.633667 7.134417
v -12.501536 123.435707 7.015959
v -11.479470 124.375427 8.669127
v -12.075878 124.066566 7.830414
v -12.873169 126.640831 6.961131
v -12.502564 127.825981 8.759301
v -13.220510 127.661247 6.639685
v -12.871080 127.595848 7.685905
v -12.604791 120.532890 5.670188
v -14.024287 129.487320 4.464167
v -14.576186 131.499969 5.543861
v -14.326228 130.651031 4.558213
v -3.404114 125.156578 12.388632
v -5.898427 124.957108 12.033188
v -3.379336 121.745094 12.119624
v -5.822019 122.348732 11.836133
v -4.206512 120.110168 11.893553
v -3.646972 118.343971 11.902277
v -6.078116 129.167984 12.958486
v -6.118867 127.988182 12.590945
v -7.676836 126.645096 11.888345
v -6.454682 126.786797 12.229570
v -7.379405 127.667480 12.281559
v -9.900199 128.841599 12.148890
v -8.779873 127.742546 11.915135
v -8.611786 128.833115 12.506261
v -10.006921 132.264297 13.491536
v -8.254035 130.538742 13.483697
v -9.949210 127.788979 11.419713
v -12.047053 128.995056 10.902585
v -11.140552 127.777184 10.550127
v -10.937290 128.636795 11.469052
v -11.486519 130.744110 12.436121
v -11.559916 129.646896 11.833511
v -8.884784 126.473412 11.370262
v -7.214921 129.778091 13.166490
v -12.072713 128.208420 9.896317
v -13.480339 129.610397 9.371305
v -11.561763 126.590126 9.294674
v -13.177322 130.979034 10.943692
v -9.478972 123.822746 10.407495
v -7.883640 125.076683 11.458356
v -10.906308 126.759109 10.111530
v -10.293876 125.221619 10.088743
v -3.610666 128.539108 12.848825
v -3.751664 131.895996 13.327497
v -3.660102 107.988914 12.272234
v -4.465017 109.827965 11.997196
v -5.800843 107.692825 11.647904
v -5.536807 108.912498 11.727723
v -7.389318 108.813133 10.853243
v -6.434579 108.626976 11.312288
v -3.651414 104.529518 11.968935
v -5.812356 105.535362 11.462204
v -7.961948 104.756912 10.460849
v -5.871674 103.523926 11.052787
v -7.032720 105.499321 10.906463
v -5.485065 104.430962 11.393504
v -8.453839 106.982353 10.483886
v -6.877034 104.261429 10.788898
v -7.620882 103.351685 10.351810
v -7.541846 106.499809 10.800040
v -10.540340 103.946495 9.529955
v -6.624755 102.195053 10.464648
v -9.056613 103.306969 9.893668
v -6.600274 100.389191 10.027417
v -3.780336 111.469460 11.942536
v -4.354202 113.262894 11.722956
v -4.109479 101.170380 11.014877
v -4.454747 102.813988 11.389395
v -4.675436 99.984192 10.478107
v -5.676928 100.462029 10.325027
v -3.947428 98.618217 10.190300
v -2.959619 98.861893 10.494279
v -12.879305 112.655235 5.460657
v -13.303377 111.174950 5.738939
v -11.796317 118.771706 7.209747
v -10.660710 120.801903 9.112065
v -11.167294 119.561378 8.343488
v -3.403381 116.601234 11.901457
v -6.063990 117.224937 11.239917
v -14.779576 134.284607 7.086094
v -14.454076 135.873032 6.527229
v -3.771430 136.681641 11.846324
v -4.254082 138.090118 10.819875
v -7.675914 134.153992 13.732843
v -3.906051 133.607635 13.208524
v -11.735233 142.883438 4.034278
v -12.731020 142.361725 3.642616
v -13.138633 140.375351 4.530038
v -14.358890 137.540283 4.727650
v -14.212377 138.434036 4.267545
v -4.794069 141.648865 7.747783
v -3.626965 141.102310 8.298058
v -11.342688 144.464371 3.085470
v -4.703741 142.761810 6.879038
v -7.934916 93.921341 8.782245
v -11.350845 107.783424 9.361396
v -10.695984 110.360062 9.125994
v -10.775160 109.012917 9.456073
v -9.077995 109.168030 10.136838
v -11.811499 109.639969 8.566416
v -9.907107 108.725441 9.908436
v -11.932359 97.549065 9.044560
v -11.771991 98.828224 8.998866
v -10.831626 97.799973 9.169279
v -14.500046 103.349586 7.465358
v -9.880908 96.423622 9.201239
v -12.712732 122.188805 6.066399
v -13.612228 128.215515 5.345301
v -14.748034 132.388046 5.093365
v -14.507616 131.543198 4.003472
v -5.848127 123.804649 11.939149
v -5.001797 124.577332 12.163091
v -5.362323 125.871132 12.262078
v -4.956967 122.586868 11.992653
v -7.810059 121.647621 11.166958
v -5.240811 121.196350 11.797513
v -5.066690 119.568314 11.683116
v -6.153596 118.776955 11.326868
v -14.419126 130.802658 7.698551
v -12.184054 126.824928 8.523282
v -11.692627 125.536598 8.704698
v -6.890845 124.855080 11.768209
v -9.123702 125.136940 10.871008
v -8.195773 123.588379 11.110281
v -10.559748 123.859856 9.549055
v -11.279244 122.967522 8.732624
v -9.995202 122.218155 9.868382
v -11.510335 121.501259 8.258324
v -10.603332 122.831230 9.395242
v -5.242635 110.592285 11.686174
v -11.660260 105.219177 9.261645
v -9.530568 105.005859 9.952704
v -10.203344 101.018608 9.373199
v -11.584684 100.325317 9.051994
v -12.957603 101.481949 8.555189
v -3.473210 113.162048 11.921711
v -5.669518 113.933167 11.306990
v -5.321341 102.485512 11.028959
v -4.097513 103.696022 11.698831
v -12.881413 110.505302 6.959092
v -10.240904 118.508385 9.132161
v -11.835352 120.111732 7.491044
v -5.291769 116.206482 11.450930
v -5.111530 117.434502 11.540822
v -14.166038 133.215698 9.613203
v -12.604910 137.939758 7.871675
v -13.714655 137.579208 6.325115
v -6.403507 138.372726 10.812497
v -6.412136 134.527023 13.525374
v -6.413588 132.864349 13.834775
v -8.192950 132.447235 13.892507
v -6.257801 131.499619 13.699586
v -13.105519 141.314316 3.937861
v -13.676826 140.382843 3.848047
v -3.615479 143.229095 6.687543
v -14.811606 102.571190 7.201161
v -14.849319 104.290787 6.967162
v -12.364474 121.885941 6.919100
v -13.726035 129.019119 6.234912
v -6.986484 122.439575 11.555009
v -6.752484 121.201675 11.428536
v -7.680551 119.724136 10.884612
v -14.401039 130.737411 6.431449
v -14.794901 132.555222 7.627022
v -9.285254 120.473839 10.197997
v -8.918548 122.485245 10.638540
v -9.327024 121.555679 10.307424
v -10.892250 121.842995 9.025373
v -8.694827 104.209229 10.129450
v -8.805672 105.836327 10.289798
v -9.471199 106.850830 10.166476
v -10.719058 106.423706 9.698827
v -9.823465 106.003288 9.978863
v -10.590098 105.072807 9.610261
v -10.012292 102.420128 9.531840
v -12.574908 100.479469 8.728830
v -11.666368 101.795647 9.077815
v -13.720731 102.512489 8.132666
v -5.642897 115.029747 11.309879
v -7.888081 112.965843 10.328339
v -5.284969 112.750023 11.476413
v -6.612400 112.913490 10.959391
v -6.212702 111.521904 11.199883
v -11.680970 111.362732 7.969026
v -11.797049 112.512024 7.386352
v -10.990265 112.348022 8.285769
v -10.885859 111.334923 8.665586
v -10.900393 113.678276 8.091775
v -9.435926 115.712234 9.357374
v -11.220805 114.868919 7.603673
v -10.001508 114.450829 8.879619
v -10.636162 116.434669 8.362989
v -10.871085 118.709801 8.538103
v -10.438968 119.656616 9.148413
v -14.419794 134.204407 8.549676
v -13.623735 136.731720 7.672357
v -12.625291 138.793335 6.664824
v -12.829454 139.372910 5.717010
v -14.290839 136.687363 5.964372
v -5.358128 137.883087 11.120040
v -8.880281 131.584946 13.694748
v -9.897075 130.527756 13.101440
v -10.543916 129.802933 12.509068
v -8.889166 129.786591 13.036623
v -7.531059 131.365982 13.783920
v -6.732306 119.739769 11.231445
v -7.377401 118.045006 10.799858
v -14.833737 132.272324 6.391710
v -14.357638 131.724350 9.044316
v -14.096282 130.548935 8.873345
v -13.852096 132.055771 10.251814
v -12.431651 133.732330 11.927114
v -13.403579 133.180344 10.926590
v -12.423372 132.172836 12.039342
v -13.214248 135.072205 10.316735
v -11.221999 131.923553 12.900151
v -12.524127 136.834763 9.520506
v -13.381325 136.281097 8.791265
v -8.743963 101.109589 9.663062
v -11.345325 103.016312 9.267801
v -12.648972 102.968040 8.777658
v -12.261578 104.135498 9.026725
v -13.403302 104.086365 8.384829
v -6.659862 114.100792 10.920790
v -8.058255 115.028496 10.233207
v -9.463687 117.263908 9.503958
v -9.056156 113.534462 9.613205
v -10.213773 115.510429 8.694412
v -10.635089 117.576469 8.585199
v -6.711839 130.565918 13.490067
v -8.090806 118.813782 10.558186
v -7.112001 116.608971 10.796730
v -8.299391 117.157669 10.241230
v -7.401109 115.637550 10.599254
v -11.451588 135.732651 11.820582
v -8.837980 102.195335 9.800479
v -8.493025 98.718582 9.406498
v -6.328301 97.569809 9.343663
v -5.261644 97.135696 9.399047
v -5.438842 95.660088 8.870642
v -4.037238 94.270638 8.614086
v -7.672128 100.913681 9.874650
v -7.971115 99.683144 9.576485
v -9.187861 99.984100 9.451610
v -7.405462 98.464149 9.440710
v -7.388401 96.874207 9.109493
v -6.491149 98.965919 9.686445
v -9.815419 99.185722 9.324685
v -9.935519 116.511986 9.023785
v -8.296813 113.986107 10.083796
v -12.388087 134.938217 11.475868
v -4.635043 95.435593 8.955779
v -4.871193 94.167915 8.350718
v -4.119932 92.928101 7.899481
v -3.241697 92.547989 7.957192
v -8.267282 96.621269 9.095383
v -7.243772 95.761009 8.822273
v -8.532987 97.707657 9.278926
v -5.618616 98.214287 9.655803
v -9.057644 149.601990 -0.226131
v -9.660495 148.840500 0.169849
v -8.634087 147.102539 2.119821
v -9.347147 147.836823 1.172160
v -9.790213 146.541641 2.109042
v -8.445459 148.128342 1.333988
v -7.725942 147.318390 2.353509
v -9.742308 144.786346 3.620247
v -10.505411 144.355865 3.597571
v -10.257590 145.648819 2.662818
v -8.697742 145.672318 3.317666
v -7.878509 146.243546 3.180982
v -7.840585 145.233749 4.042414
v -7.988056 143.986389 5.047192
v -9.146809 143.717941 4.809359
v -8.737319 144.645752 4.180684
v -10.027465 142.049500 5.831967
v -10.955647 142.335052 4.989992
v -9.300937 142.744736 5.588063
v -10.018920 143.312561 4.736937
v -11.423494 141.216019 5.590456
v -11.575577 117.069847 7.189147
v -6.509192 141.125061 7.950781
v -5.669233 140.107941 8.989479
v -5.894547 143.196823 6.315674
v -5.999313 147.434891 3.035508
v -13.185287 128.712906 8.479714
v -12.969768 129.794022 10.498422
v -7.646222 135.637207 13.143172
v -7.851778 137.343704 11.834485
v -6.496788 136.777512 12.284370
v -9.771547 134.250977 13.408637
v -8.741673 134.959579 13.407717
v -10.320699 135.458481 12.719252
v -11.239500 134.335831 12.705341
v -12.320155 140.737534 5.158702
v -8.306540 108.205460 10.503723
v -7.384487 107.687538 10.886206
v -5.896336 139.161423 9.917519
v -14.871844 105.327736 6.705851
v -8.366717 120.705078 10.776670
v -8.036325 110.855057 10.394009
v -6.990097 110.743057 10.897203
v -7.490696 111.831841 10.590065
v -8.816970 112.050598 9.861873
v -9.784920 111.294395 9.411010
v -9.705401 110.127190 9.697688
v -8.761291 110.192497 10.126596
v -9.600773 112.263977 9.360139
v -12.373757 111.501060 7.107326
v -12.223075 110.405838 7.845287
v -9.607124 119.431641 9.793016
v -8.592837 116.061073 9.958786
v -10.280078 137.739365 10.647307
v -6.373619 95.985573 8.875267
v -10.563562 100.189522 9.264600
v -9.447139 97.621452 9.245749
v -6.609775 142.142807 7.035406
v -7.876384 141.547073 7.234871
v -9.043562 141.647812 6.696321
v -10.405411 140.313766 7.218255
v -9.913527 141.182266 6.680755
v -11.124747 140.505127 6.457015
v -11.439092 139.159515 7.654925
v -7.528277 142.396347 6.572384
v -7.558037 140.555923 8.273621
v -8.892964 139.205704 9.409911
v -7.926896 139.726440 9.057137
v -9.093596 140.267883 8.035055
v -7.737907 138.813156 10.251733
v -9.004504 138.356873 10.493629
v -11.328071 138.237595 9.124935
v -10.188976 139.304016 8.553169
v -12.219298 137.647980 8.848854
v -11.453464 137.408371 10.111504
v -10.147420 138.587601 9.621948
v -10.382588 136.742722 11.685857
v -9.222778 137.370926 11.547242
v 17.961847 101.033768 2.980464
v 16.795614 101.634850 3.513076
v 16.508055 102.912926 3.883120
v 16.161667 104.190689 4.297420
v 15.763453 105.478470 4.692288
v 15.282348 106.765686 5.013060
v 14.699292 108.059349 5.267119
v 14.128128 109.362015 5.458543
v 13.567845 110.677811 5.590073
v 13.012679 111.996010 5.690679
v 12.531533 113.363548 5.788279
v 12.188766 114.814453 5.883224
v 12.118949 116.310295 5.817946
v 12.220457 117.804359 5.760083
v 12.421977 119.282410 5.683409
v 12.659453 120.754837 5.546234
v 12.881472 122.237541 5.352034
v 13.111115 123.715721 5.113956
v 13.343402 125.192436 4.835221
v 13.534535 126.670609 4.516675
v 13.721781 128.140198 4.213845
v 14.042122 129.575928 3.823996
v 14.348627 130.985153 3.249612
v 14.576617 132.346909 2.474550
v 14.726562 133.637634 1.532817
v 13.988047 131.468063 4.494183
v 17.108616 137.815933 -1.339603
v 13.972740 136.309677 -2.888942
v 16.001596 133.531845 -4.668757
v 14.219519 136.111542 -8.356025
v 17.645191 136.136749 -13.134789
v 15.122113 140.295364 -10.745211
v 11.920807 142.803055 -8.866799
v 10.987910 146.942841 -10.427169
v 15.197293 145.188309 -14.938624
v 15.944704 147.580185 -7.137654
v 14.790238 148.460541 -9.158081
v 13.006989 152.825668 -6.098439
v 13.514256 149.872238 -9.609577
v 12.583241 151.610153 -6.559187
v 11.357542 151.639877 -6.614784
v 10.171393 151.897354 -6.463698
v 9.130578 152.298737 -6.177920
v 8.317950 152.692703 -5.849382
v 7.539858 153.155365 -5.561036
v 6.688285 153.418167 -6.882318
v 5.541579 153.571472 -7.852710
v 4.238928 153.642334 -8.597860
v 2.856478 153.629440 -9.070344
v 1.412834 153.577621 -9.284207
v 0.710700 88.037888 -0.352712
v 1.363969 87.542717 -0.546395
v 1.576115 86.652916 -0.568761
v 0.783999 86.665283 -0.950138
v 2.789119 87.033379 -1.004958
v -0.168924 83.629654 -3.561700
v -1.477552 88.536278 -3.472638
v 0.267089 86.101730 -6.237246
v 2.985742 88.964325 -11.314050
v -0.092731 88.597000 -10.984386
v 2.983840 89.749542 -13.520860
v 4.746590 90.521843 -13.213952
v 7.863592 89.156212 -12.585133
v 8.620837 94.115662 -8.761444
v 11.986577 93.753983 -8.807206
v 8.835483 97.156410 -10.713032
v 13.368468 97.827057 -9.759182
v 16.566542 99.056496 -4.268731
v 14.824956 100.909569 -4.796127
v 12.741908 96.242805 -4.222622
v 15.816139 97.746712 -0.103596
v 17.318089 99.234467 2.350525
v 6.708595 146.839279 -11.921771
v 0.600802 88.181084 -2.789730
v 0.973944 91.553810 -10.878590
v 3.283325 150.863174 -10.370426
v 6.783302 150.529343 -9.980384
v 10.094428 148.937149 -10.383053
v 0.802417 88.006554 -1.416700
v 1.346615 87.303139 -2.094954
v 0.065443 88.789413 -3.236390
v 0.135116 90.858070 -8.627673
v 2.023747 151.990524 -9.856246
v 4.750355 152.223022 -9.365866
v 7.899941 151.890533 -8.258433
v 10.501711 150.770401 -8.717327
v 0.110682 90.290085 -7.547940
v 0.998548 94.288391 -11.546584
v 2.092379 152.910324 -9.478323
v 3.456980 152.566010 -9.495017
v 4.842397 153.034760 -8.740191
v 8.418010 152.389832 -7.045938
v 9.092257 151.551636 -8.136226
v 7.179658 152.641541 -7.676209
v 6.013927 152.676132 -8.423717
v 10.640443 151.456894 -7.514765
v 12.191943 150.800339 -8.454776
v 0.035058 92.197868 -9.534991
v 0.102764 89.642418 -6.190814
v 6.367725 151.642715 -9.199217
v 12.071517 151.368103 -7.400661
v 0.065811 91.238945 -8.787421
v -0.115565 91.782387 -8.320958
v -0.163559 93.215477 -9.353872
v 0.063994 89.408836 -5.224841
v 17.059597 101.020470 2.141757
v 15.141681 103.945610 -3.184915
v 9.982145 113.066666 -4.574086
v 10.395537 125.840874 -5.673017
v 9.171195 133.820938 -10.740667
v 3.369522 145.614975 -11.951283
v 9.855411 143.516632 -12.143357
v 0.660099 88.012108 -4.109705
v 1.075039 87.514854 -3.107533
v 2.831733 91.822365 -12.168215
v 0.563452 89.800636 -8.764688
v 1.558493 150.044678 -10.647190
v 11.812737 147.435120 -10.783851
v 0.865920 151.445908 -10.081264
v 1.050297 152.414871 -9.705366
v 0.561445 95.975151 -11.113788
v 3.764299 151.764816 -9.879115
v 8.088356 150.775879 -9.412939
v 13.164563 150.553818 -8.657763
v 12.393635 149.176834 -9.865734
v 7.168570 152.009567 -8.486342
v 4.969560 150.325607 -10.517192
v 4.617408 151.230820 -10.037787
v 0.172446 93.859512 -9.650126
v -0.101911 95.287201 -10.164474
v 0.263701 94.369682 -10.840210
v 0.227514 93.343849 -10.562605
v 15.494102 107.065002 0.747952
v 16.390333 103.390862 0.022180
v 14.736290 100.959656 -5.651536
v 5.587386 112.522278 -7.637434
v 11.481490 119.943130 -1.267500
v 12.441991 114.743752 0.299608
v 8.817294 103.950539 -9.200595
v 5.750991 126.660416 -8.417114
v 13.476275 131.006683 -5.186234
v 12.999404 126.011070 -0.855975
v 6.218453 120.589867 -6.727244
v 4.645663 134.197906 -11.667645
v 11.396640 137.294556 -11.153946
v 1.595855 145.454697 -11.846897
v 4.986670 140.800949 -12.698822
v 11.977525 143.658432 -11.562338
v 4.527004 92.395241 -12.681568
v 2.801895 90.973869 -11.898085
v 0.732953 89.175835 -8.380198
v 0.481251 88.731705 -6.265535
v 1.382209 90.199135 -10.552338
v 1.115497 89.518250 -9.641283
v 0.534784 150.001785 -10.648222
v 1.290724 148.547913 -11.153427
v 12.943303 147.392838 -10.633952
v 12.384150 145.556290 -11.207175
v 0.616185 97.497543 -10.865855
v 9.249669 150.400681 -9.449110
v 7.496511 148.896835 -10.950880
v 13.287982 149.102264 -9.809279
v 5.920252 150.798477 -10.010340
v 14.648005 109.801468 2.342795
v 15.522923 107.359215 3.060507
v 16.273758 104.789673 2.235527
v 16.384005 101.435074 -1.935721
v 14.864655 99.885948 -6.011497
v 12.553185 98.954735 -9.092242
v 2.968740 112.245079 -8.440381
v 4.819564 107.617332 -8.824792
v 12.557085 120.848816 2.038279
v 12.644702 115.258644 3.137290
v 3.733899 123.580154 -7.799981
v 2.929665 126.636208 -8.746437
v 14.551974 133.229721 -4.115175
v 14.075432 130.616119 -0.918936
v 13.833632 128.095505 1.089417
v 13.380974 125.280785 1.930236
v 3.976192 117.180969 -7.683136
v 2.322012 134.213364 -11.559131
v 3.466676 137.422562 -12.279333
v 3.771088 131.109573 -10.549567
v 13.154021 137.807053 -10.310704
v 0.604719 145.422653 -11.820593
v 1.403765 143.854828 -12.063448
v 2.491630 140.667923 -12.372005
v 13.077209 143.661118 -11.235712
v 12.723866 141.663132 -11.350479
v 6.319722 93.436775 -12.826928
v 4.496675 91.809242 -12.590813
v 3.488148 91.853569 -12.390780
v 0.676527 88.295013 -6.098337
v 0.231944 88.948112 -5.096697
v 1.160046 90.844269 -10.703942
v 2.186396 90.943047 -11.564804
v 1.912539 90.175476 -11.017228
v 0.373576 148.515121 -11.140133
v 2.933380 149.241806 -11.045032
v 1.295409 147.010315 -11.545733
v 10.768912 145.215912 -11.659755
v 13.280265 145.534836 -11.011667
v 0.026236 96.418030 -10.345892
v 0.072338 97.087212 -10.301541
v 0.923551 99.087791 -10.729557
v 10.088281 149.973129 -9.650194
v 11.320029 149.883667 -9.513563
v 11.395005 148.651367 -10.297611
v 7.462560 149.923004 -10.272103
v 8.433715 149.596603 -10.303954
v 13.878014 111.224991 3.833639
v 15.276425 107.414078 4.274818
v 15.881159 106.106895 3.335026
v 14.900103 108.679726 3.901286
v 16.166199 104.837334 3.538953
v 16.546492 103.545715 2.453222
v 16.824280 102.270378 2.136921
v 16.485483 100.662712 -2.214206
v 15.771300 100.578400 -3.995312
v 16.895277 101.347160 0.102700
v 16.826965 100.803741 -0.901849
v 14.905296 99.334892 -6.232786
v 13.830338 98.935257 -7.824353
v 11.269813 97.243340 -10.690830
v 1.556816 112.151489 -8.651709
v 2.527009 107.338028 -9.224025
v 12.811447 121.214256 3.812348
v 12.452666 115.438782 4.617980
v 12.513717 118.119072 2.999320
v 1.913887 123.519081 -8.053770
v 3.229024 120.356873 -7.711373
v 1.450671 126.637718 -8.801431
v 2.233639 128.349762 -9.408314
v 2.140356 125.175148 -8.332809
v 2.209549 127.368408 -9.039023
v 1.256729 125.675430 -8.514787
v 14.839350 134.256516 -3.717672
v 14.456441 132.383118 -0.202400
v 13.906343 128.514359 2.645682
v 13.518546 125.634216 3.401345
v 2.083254 117.062195 -8.083203
v 1.071153 134.213608 -11.533344
v 1.715958 135.795547 -11.911011
v 1.808524 132.661530 -11.077044
v 13.970171 138.017700 -9.773992
v 13.100202 139.681000 -10.898538
v 14.118543 136.174408 -8.693707
v 0.499100 143.833817 -12.038784
v 2.509059 144.570892 -12.032045
v 4.731281 143.504059 -12.399494
v 2.875256 142.630646 -12.278960
v 3.771637 144.348450 -12.172430
v 2.356154 143.523727 -12.149672
v 5.144276 145.717712 -12.148480
v 3.726912 143.262451 -12.303372
v 4.434847 142.097458 -12.518763
v 4.240382 145.289902 -12.094399
v 3.731541 140.974411 -12.491296
v 4.148300 139.126877 -12.539610
v 2.938582 141.596420 -12.367083
v 1.500165 141.761887 -12.259615
v 3.322175 139.912979 -12.453697
v 1.765652 138.992889 -12.302165
v 13.554522 141.727798 -11.020862
v 8.092090 94.655136 -12.547838
v 6.287974 92.920609 -12.810025
v 0.388056 88.605827 -5.095942
v 0.271978 88.680176 -3.676956
v 0.105707 89.243217 -5.063917
v 0.226989 89.941307 -7.672539
v 2.346301 92.304466 -11.913721
v 1.976118 149.271103 -10.955431
v 2.471491 147.873581 -11.416029
v 2.460060 146.492554 -11.723048
v 11.679720 144.842087 -11.503386
v 11.433459 146.228790 -11.251475
v 9.851130 146.963257 -11.331501
v 10.752683 147.654251 -10.880404
v 8.660789 147.996780 -11.183599
v 5.085721 99.899162 -11.712790
v 13.573234 111.308098 4.910690
v 13.228427 112.581177 4.399029
v 15.949699 105.802299 1.234008
v 15.234413 108.279335 2.150709
v 16.451048 103.886147 1.377499
v 16.675333 102.761292 0.938287
v 16.156252 104.581726 0.457065
v 16.848524 102.011375 0.965054
v 16.516615 102.330772 -0.667878
v 15.702074 102.417969 -3.035694
v 16.145685 102.142906 -2.101503
v 15.654975 101.369759 -3.780461
v 16.058750 103.175247 -1.501058
v 15.290524 100.626915 -4.904302
v 15.245442 101.736626 -4.381045
v 14.003461 102.202858 -6.025798
v 15.110568 102.756531 -4.030284
v 14.556371 101.761482 -5.500881
v 15.596379 103.413635 -2.563000
v 14.577458 103.222771 -4.664527
v 13.553734 100.432793 -7.453465
v 15.662117 104.866386 -1.165286
v 12.231231 104.284264 -6.870455
v 14.209877 100.977913 -6.384464
v 15.874410 104.024712 -1.291274
v 13.352849 103.499260 -6.151185
v 13.888717 103.077469 -5.725469
v 14.356488 104.878372 -3.991850
v 14.313408 103.939720 -4.647879
v 15.779221 99.993332 -4.331286
v 13.859790 98.436867 -7.996880
v 12.620727 97.999146 -9.388109
v 14.162869 99.925858 -6.972106
v 13.350062 99.160919 -8.249475
v 11.293479 96.637245 -10.848619
v 2.249348 114.192833 -8.329569
v 2.273112 110.196251 -8.808964
v 1.301059 107.221550 -9.333297
v 1.617119 108.767113 -9.088175
v 1.876838 105.530228 -9.576053
v 1.229457 106.189697 -9.494059
v 12.841919 121.380814 4.787750
v 12.623015 119.825798 4.346285
v 13.052829 122.730919 3.947915
v 12.502517 116.813782 3.845809
v 0.894810 123.502251 -8.120724
v 1.628058 121.905998 -7.962540
v 1.046784 128.150116 -9.340666
v 1.602466 129.644531 -9.927484
v 3.961192 125.308250 -8.175550
v 2.859887 124.282791 -8.063915
v 14.572982 132.734238 1.062949
v 14.315364 131.251755 1.304436
v 14.600993 133.333832 -1.966168
v 14.695236 133.672165 -0.325195
v 14.775553 134.169815 -1.898211
v 13.704518 126.883217 2.287077
v 1.037223 117.024612 -8.196413
v 1.660996 118.665855 -8.031246
v 0.705190 135.793930 -11.886975
v 3.409171 135.426056 -11.906789
v 0.754919 132.665054 -11.062560
v 3.542823 133.006653 -11.240835
v 1.727947 131.141464 -10.525093
v 11.805270 139.013092 -11.426630
v 13.824267 139.841354 -10.510115
v 14.562301 136.358017 -8.228964
v 14.678121 134.819443 -6.560936
v 1.214355 140.483719 -12.298205
v 0.643461 142.235916 -12.195146
v 0.743173 139.008209 -12.266128
v 1.569965 137.393005 -12.163019
v 0.330349 89.385391 -7.062754
v 0.146739 90.262283 -7.810035
v 0.372709 91.052071 -9.591773
v 0.940803 92.802650 -11.291186
v 0.306568 91.869019 -10.045027
v 0.649223 93.217400 -11.109687
v 0.737270 91.927269 -10.782787
v 2.072717 93.128922 -12.068920
v 0.519172 90.559837 -9.492308
v 1.993186 91.513390 -11.663771
v 6.350245 95.830330 -12.667637
v 4.653327 148.198273 -11.524924
v 3.761073 147.020630 -11.769615
v 3.564674 148.097092 -11.487460
v 4.201734 149.264206 -11.104181
v 4.980866 147.012070 -11.896410
v 3.719840 150.058640 -10.751224
v 9.139869 149.013107 -10.550102
v 9.583958 148.017136 -10.962385
v 8.250876 145.926529 -11.962427
v 7.583379 147.723206 -11.518009
v 2.765468 99.034950 -11.590160
v 13.510757 112.126442 0.945224
v 12.906667 113.876076 3.761766
v 15.842214 106.465126 2.373374
v 16.078596 105.595863 2.205123
v 15.255431 108.115288 3.043849
v 15.540851 107.365211 1.945088
v 14.865865 109.155228 3.003572
v 15.902677 105.207909 0.052760
v 15.548279 106.012833 -0.429381
v 15.077071 105.382439 -2.274871
v 12.101048 98.097099 -9.791953
v 2.257435 113.044632 -8.453558
v 1.287499 113.569290 -8.512832
v 1.481999 115.411400 -8.302535
v 1.198771 110.499168 -8.887890
v 2.268169 111.348022 -8.656555
v 3.128404 108.913307 -8.887382
v 1.461175 103.952980 -9.834285
v 12.609763 120.036438 3.043435
v 12.565083 119.111023 3.507372
v 12.828511 122.034790 2.768297
v 12.325900 122.899681 -0.077436
v 13.128324 123.720024 2.594175
v 12.560334 122.156700 1.231337
v 12.532443 115.898209 3.872885
v 12.507086 116.494987 2.111183
v 12.350700 116.952797 4.952182
v 12.491270 118.129250 4.350944
v 0.726915 121.887871 -8.023366
v 2.793643 122.568092 -7.848827
v 4.445409 121.895287 -7.450769
v 2.634876 121.352989 -7.828039
v 1.895199 120.104019 -7.936885
v 3.776298 122.566643 -7.662657
v 1.188002 119.481560 -8.027679
v 3.487992 129.537628 -9.877742
v 3.049502 125.694115 -8.410878
v 14.109247 129.923508 2.129600
v 14.262855 131.354202 -0.089215
v 14.112558 130.188339 0.593244
v 14.002067 129.184891 1.202832
v 14.287941 131.958923 -2.075322
v 13.448692 126.338036 0.726366
v 13.767524 127.558189 3.204182
v 3.036846 118.276955 -7.836558
v 2.668367 119.341225 -7.845473
v 3.476724 134.348618 -11.642372
v 2.461895 135.136322 -11.792845
v 2.735806 136.470566 -12.080112
v 5.629896 136.260010 -12.230135
v 2.538746 133.299728 -11.297207
v 5.964511 132.202957 -10.957213
v 2.922732 132.010132 -10.877084
v 11.971413 140.563736 -11.572322
v 9.528731 140.563721 -12.357486
v 11.441666 142.194168 -11.807184
v 10.822501 140.168915 -11.968792
v 10.633883 138.670776 -11.861311
v 10.332410 141.655594 -12.147584
v 8.823417 136.665634 -11.937518
v 10.020045 137.362625 -11.780498
v 12.674922 138.844955 -10.937649
v 14.919649 135.156174 -6.214603
v 14.707204 134.070358 -5.232913
v 13.490631 133.133942 -7.256799
v 14.254503 133.379364 -5.954825
v 14.093884 132.167526 -4.727395
v 13.741048 134.618927 -8.065733
v 14.336637 134.210983 -6.719728
v 2.487260 138.079315 -12.285667
v 1.731421 92.294151 -11.730444
v 2.484912 94.784172 -12.297882
v 7.289529 95.262169 -12.628386
v 4.436592 93.784912 -12.771572
v 4.465036 93.055466 -12.740486
v 5.815849 94.426414 -12.828919
v 5.475502 94.788963 -12.812034
v 4.130376 94.881126 -12.702501
v 6.773275 95.482971 -12.672614
v 10.215979 99.229195 -10.685293
v 8.914825 97.287262 -11.855319
v 6.283649 94.085526 -12.824839
v 7.436975 94.721359 -12.662496
v 9.388624 96.445107 -11.877018
v 8.869754 146.889572 -11.559746
v 1.608372 98.608818 -11.258858
v 1.800050 97.425331 -11.636230
v 13.643840 112.054443 2.619855
v 12.685550 114.775391 3.852206
v 12.659675 113.989868 4.952404
v 14.287677 109.980186 4.314363
v 15.323791 104.695740 -2.219116
v 14.829208 104.591202 -3.349763
v 14.059680 108.622704 -2.145375
v 3.046685 115.730530 -8.036515
v 2.372015 108.294571 -9.079250
v 4.078495 110.737083 -8.394957
v 3.681981 107.826477 -8.992238
v 3.743655 105.841324 -9.442654
v 3.318780 106.761902 -9.267936
v 1.162687 104.832237 -9.699191
v 13.348900 124.733315 2.836439
v 12.120142 120.540894 0.334371
v 12.846919 123.603737 1.153137
v 12.856117 122.786430 2.062629
v 12.512903 117.118835 2.959457
v 12.506643 119.008751 4.786770
v 1.260413 120.904114 -7.986512
v 2.514643 129.205719 -9.747931
v 2.593821 130.325073 -10.208499
v 4.107122 127.971550 -9.222355
v 13.841733 130.624985 -3.057814
v 14.462886 132.764359 -2.821380
v 13.537895 126.169083 1.663546
v 13.485476 127.456726 -0.440750
v 13.686020 127.137062 1.281287
v 13.644179 126.618324 3.503310
v 3.037433 117.227196 -7.909060
v 4.806036 119.113014 -7.310925
v 3.751400 119.229858 -7.621236
v 4.140157 118.264870 -7.565112
v 4.720544 135.420639 -11.999119
v 4.004728 136.377777 -12.149323
v 4.899760 132.986343 -11.301104
v 4.723024 131.847488 -10.887710
v 6.136209 129.900986 -9.938937
v 5.099945 130.682175 -10.401544
v 4.835352 129.578125 -9.897373
v 10.941076 143.463043 -11.877142
v 11.018848 135.052582 -10.422855
v 8.322553 138.875656 -12.567456
v 13.515818 132.041290 -6.226505
v 10.390428 130.227829 -8.396502
v 11.723722 132.122330 -8.493854
v 12.782840 132.367096 -7.603013
v 12.332409 130.723251 -6.982049
v 11.993766 133.662994 -9.136623
v 13.036226 131.250122 -6.368857
v 1.857952 93.668251 -12.015540
v 3.015326 94.421669 -12.486831
v 3.316352 92.722404 -12.485361
v 3.342037 93.572548 -12.562075
v 9.765759 95.838486 -11.846183
v 0.952172 96.999901 -11.239440
v 3.525938 98.098045 -12.037425
v 1.703490 96.003639 -11.853453
v 0.932387 95.055977 -11.498393
v 13.608891 111.966881 3.561390
v 14.339726 110.340843 3.401345
v 14.160184 110.911034 2.378426
v 14.416289 109.785027 0.117395
v 13.914945 111.353371 1.430119
v 14.471456 110.118729 1.362586
v 14.950495 108.651894 0.646894
v 14.448421 106.795853 -2.600422
v 15.064737 107.069351 -0.917524
v 2.200928 116.068054 -8.153574
v 5.292112 115.110374 -7.435878
v 3.259575 110.024109 -8.684403
v 2.796456 104.592064 -9.764488
v 13.285677 124.243301 3.990138
v 12.399761 121.145813 1.145454
v 12.184575 121.719215 0.134057
v 11.822031 120.869255 -0.596616
v 12.743868 124.518814 -0.189080
v 13.146492 124.311157 1.822525
v 13.893224 131.296524 -4.095416
v 14.075487 131.049561 -2.070334
v 12.548046 127.566772 -3.763588
v 10.046296 136.035248 -11.284945
v 11.157756 136.181549 -10.847674
v 12.751831 136.025177 -9.820915
v 9.814906 134.824265 -10.881779
v 10.628881 133.578445 -9.953827
v 9.505178 138.601456 -12.235326
v 8.854171 137.788208 -12.271123
v 6.999377 137.500763 -12.522322
v 8.959779 95.609764 -12.190859
v 10.315024 96.782051 -11.378911
v 2.764713 98.174950 -11.826827
v 3.873963 99.295433 -11.767900
v 4.210896 102.273392 -10.655808
v 4.557638 100.993752 -11.273183
v 2.088449 95.342644 -12.103358
v 2.963081 96.756454 -12.202151
v 2.429369 97.123642 -11.958140
v 14.968726 108.950577 1.748915
v 15.247655 107.953568 0.997769
v 14.623410 108.500465 -0.871131
v 14.626518 105.820801 -2.899487
v 15.206367 106.184830 -1.310833
v 3.863684 114.251968 -7.990580
v 3.245256 113.334305 -8.247192
v 4.478779 113.048134 -7.965227
v 4.816185 114.110977 -7.715928
v 4.644311 111.846512 -8.076895
v 3.713526 111.668327 -8.342503
v 4.305534 115.855141 -7.695695
v 12.650397 123.733902 0.272824
v 10.983946 123.435051 -3.213587
v 11.090682 121.580116 -2.309238
v 11.414467 120.958206 -1.576727
v 11.749331 122.336235 -1.253225
v 11.376594 122.852371 -2.252963
v 12.132165 123.648979 -1.087364
v 13.104186 125.500908 0.084809
v 12.967801 127.138451 -2.088243
v 12.350144 134.870285 -9.526814
v 12.014586 135.763580 -10.189787
v 13.080765 135.129105 -9.094072
v 12.958846 133.950241 -8.479462
v 11.405679 132.985046 -9.189831
v 9.665485 131.940887 -9.677918
v 2.509991 102.521828 -10.284125
v 4.533826 104.229431 -9.865792
v 2.980135 100.700577 -11.079606
v 2.332285 99.648438 -11.251987
v 6.575834 103.064407 -10.288257
v 14.949654 107.968163 -0.365050
v 14.389803 107.809387 -2.025665
v 3.074147 114.710670 -8.131300
v 3.061278 110.957924 -8.585209
v 13.167994 126.877892 -1.146924
v 12.052291 125.294754 -2.705662
v 11.745660 124.101967 -2.330028
v 12.436216 124.942543 -1.496514
v 13.372199 128.889572 -2.675745
v 9.825369 132.944183 -10.077071
v 2.300749 103.522392 -9.988514
v 3.436157 103.525536 -10.092627
v 1.268629 102.438133 -10.062053
v 3.429405 102.533073 -10.418943
v 1.526304 100.848404 -10.484472
v 3.810188 104.790398 -9.724832
v 3.907099 101.302902 -11.050289
v 5.374156 102.265823 -10.762508
v 5.201522 103.374832 -10.190086
v 6.300924 101.514061 -11.075620
v 4.273134 103.234978 -10.244545
v 12.634783 126.046257 -1.986703
v 12.298487 126.431152 -3.203059
v 11.279710 125.413567 -4.247404
v 13.021255 127.947014 -2.811920
v 13.412044 128.147705 -1.542016
v 13.836848 129.155319 -0.486915
v 1.704141 99.977745 -10.861316
v 0.788832 99.945030 -10.429577
v 0.967709 101.398575 -10.204135
v 5.344652 100.872948 -11.372443
v 7.721130 102.647423 -10.284149
v 7.939596 99.789764 -11.422636
v 5.454969 98.046585 -12.275084
v 4.281549 96.251297 -12.566883
v 4.256117 97.709114 -12.261573
v 4.650043 98.795532 -12.021479
v 3.676872 96.566795 -12.410808
v 11.581224 126.818924 -4.954558
v 11.344843 124.557938 -3.439942
v 9.635742 123.683022 -5.001575
v 10.578436 124.341881 -4.398426
v 10.035380 124.762871 -5.299460
v 7.081178 124.128624 -6.875333
v 8.722068 125.219803 -6.562098
v 13.745580 128.286850 0.028941
v 13.773691 129.757095 -1.815855
v 6.860724 102.401833 -10.593013
v 7.717098 103.756668 -9.681061
v 6.777499 105.629776 -8.961376
v 6.838520 104.355667 -9.535177
v 8.490777 105.612755 -8.384143
v 6.105422 103.632523 -10.025409
v 8.382051 104.633690 -8.970164
v 7.559351 105.230530 -8.905425
v 7.552232 100.998741 -11.076821
v 6.204721 99.680786 -11.774114
v 11.802254 126.269020 -4.104119
v 11.095078 125.982872 -4.968668
v 10.391013 127.969688 -7.088071
v 7.230782 101.663872 -10.870383
v 9.250170 102.473183 -9.794465
v 6.147582 100.528549 -11.483154
v 7.228050 99.989342 -11.524803
v 5.391677 98.772514 -12.075822
v 12.110614 128.733276 -5.744972
v 10.783212 127.050781 -6.124914
v 9.569719 126.365440 -6.695287
v 11.318530 128.038574 -6.256606
v 11.147470 129.257660 -7.259860
v 7.735425 126.495377 -7.736931
v 8.562904 126.093834 -7.141716
v 7.443926 125.326309 -7.247262
v 8.999679 127.430382 -7.667692
v 5.643087 124.815750 -7.641644
v 6.562598 125.919922 -7.853579
v 8.696578 102.963699 -9.786380
v 12.123537 127.826500 -4.941229
v 12.920954 128.930435 -4.294322
v 11.424298 130.259796 -7.642824
v 11.023420 131.202682 -8.514676
v 12.083575 129.672836 -6.524298
v 9.438647 128.920227 -8.253176
v 13.440578 129.755173 -3.633898
v 10.316294 129.355148 -7.957888
v 7.295197 128.325195 -8.872453
v 5.831893 128.595871 -9.337815
v 6.269485 127.653091 -8.783058
v 7.312116 127.335037 -8.334008
v 5.092033 127.437599 -8.896744
v 4.475230 126.391441 -8.531851
v 4.781496 128.684189 -9.488667
v 5.224775 125.696556 -8.105203
v 8.380343 130.394562 -9.521111
v 8.445412 128.228622 -8.384373
v 8.138529 129.266907 -9.063959
v 6.985227 129.251938 -9.438483
v 3.860517 127.076553 -8.878854
v 9.321471 129.902802 -8.836954
v 2.182133 151.001038 -10.266281
v 12.237334 137.775879 -10.868668
v 5.821612 149.337723 -10.959144
v 9.486415 145.442078 -11.877265
v 10.050881 144.590042 -11.944251
v 6.671391 144.796188 -12.340746
v 12.991561 113.724602 1.917808
v 12.631331 115.091736 1.710793
v 12.773772 114.592033 2.355752
v 12.762867 114.070732 0.962057
v 4.990305 137.750473 -12.510994
v 4.079350 138.152710 -12.442915
v 5.825596 139.219162 -12.764561
v 5.979388 137.230103 -12.478716
v 5.026966 138.729202 -12.636771
v 7.187130 141.095993 -12.735229
v 5.941775 142.091965 -12.694249
v 6.154569 140.455276 -12.800882
v 7.244733 139.711029 -12.769815
v 8.309996 140.389084 -12.619305
v 7.325022 138.554825 -12.684017
v 8.490190 142.375198 -12.496916
v 9.355378 141.735992 -12.380907
v 8.412669 144.167099 -12.308591
v 7.191144 142.587799 -12.622568
v 6.211772 143.464951 -12.543971
v 8.972325 143.285339 -12.342799
v 7.675751 144.933228 -12.255812
v 7.245740 143.801163 -12.476627
v 14.183003 135.223236 -7.934033
v 11.979757 99.884911 -9.204211
v 10.731158 98.217064 -10.725780
v 11.552704 98.319901 -10.138197
v 11.618508 99.012413 -9.838264
v 10.922191 99.101982 -10.298234
v 9.981407 98.185265 -11.155581
v 8.498148 96.298637 -12.204928
v 8.355315 95.621544 -12.362163
v 13.269958 112.886131 3.440065
v 13.302101 112.908318 2.308615
v 4.644557 109.242531 -8.521336
v 5.854311 110.683594 -7.841828
v 4.999987 110.927711 -8.100549
v 6.289912 108.853142 -8.071449
v 5.341676 108.594803 -8.443356
v 12.295663 118.865601 1.252455
v 12.481702 119.026993 2.373173
v 12.432385 119.812317 1.794483
v 4.547352 120.485085 -7.375890
v 5.450697 121.387566 -7.087866
v 5.369133 120.034927 -7.093560
v 5.704751 123.062706 -7.169885
v 7.128620 122.333290 -6.414747
v 6.371973 121.627319 -6.719329
v 6.110974 124.045715 -7.240003
v 6.672156 123.120079 -6.790349
v 13.327289 136.653610 -9.691992
v 7.415192 135.764542 -11.914623
v 8.523783 134.959457 -11.381536
v 6.299701 134.647675 -11.728463
v 9.156582 135.669052 -11.455357
v 7.670656 133.908386 -11.244356
v 8.392245 132.653549 -10.535116
v 6.171960 133.414993 -11.356545
v 8.506437 131.523575 -9.993160
v 9.415555 130.931381 -9.309169
v 7.074855 131.020737 -10.253352
v 7.141399 132.642410 -10.897138
v 7.362621 130.140549 -9.766726
v 6.429852 135.594330 -11.996534
v 6.012687 131.239471 -10.571494
v 3.539589 100.139137 -11.427308
v 2.550412 101.444542 -10.637752
v 6.362962 97.258835 -12.420417
v 8.362485 123.684990 -6.030344
v 8.024246 124.420105 -6.516627
v 9.129916 124.527969 -5.902244
v 8.578208 121.975304 -5.400804
v 8.828073 123.032059 -5.460032
v 5.315384 105.856018 -9.222794
v 10.676033 104.384178 -8.002508
v 9.732509 103.637222 -8.948785
v 8.751905 101.146454 -10.630298
v 10.931216 102.065941 -9.030303
v 9.916850 101.929626 -9.720489
v 10.505836 103.167679 -8.756145
v 9.720504 100.282928 -10.546359
v 11.358160 103.988403 -7.745376
v 10.142091 101.254967 -9.908496
v 9.008074 100.459618 -10.807228
v 11.701243 103.139854 -7.921860
v 12.588321 103.509087 -6.949780
v 12.316589 101.635689 -8.119342
v 13.117777 102.442360 -6.936311
v 12.481224 102.569496 -7.519085
v 11.628992 101.825279 -8.620166
v 11.247864 100.537529 -9.500303
v 12.053184 100.696465 -8.788898
v 12.990737 100.849571 -7.847082
v 12.934161 101.566414 -7.553257
v 10.334025 100.060654 -10.299902
v 4.541635 124.441856 -7.808001
v 4.772801 123.423363 -7.519753
v 6.287864 148.155365 -11.505698
v 5.901635 147.212143 -11.866937
v 5.506830 144.532928 -12.345182
v 6.181725 145.777161 -12.176229
v 12.656703 99.778030 -8.659482
v 7.957217 112.344421 -6.428052
v 12.392035 117.691360 1.716444
v 12.230786 116.373680 0.500153
v 12.439085 115.847412 1.216543
v 11.872316 118.938622 -0.256620
v 11.831630 119.873672 -0.408496
v 12.144763 119.567871 0.613796
v 12.060921 117.708511 0.245721
v 10.607579 116.596123 -3.029398
v 11.203106 118.108215 -1.837578
v 11.555568 116.227318 -1.418351
v 11.508512 118.945694 -1.165279
v 11.669799 117.761284 -0.873621
v 11.919016 116.698257 -0.411415
v 11.991236 115.277458 -0.747656
v 12.221243 111.703430 -2.743543
v 12.612003 112.982750 -0.941999
v 12.615756 113.762817 -0.071390
v 13.072128 112.907219 0.378594
v 11.189649 114.109520 -2.757795
v 11.530213 115.026451 -1.834299
v 12.008435 113.886086 -1.487314
v 10.900577 115.370232 -2.820759
v 10.454488 114.245766 -3.733912
v 11.101901 116.364136 -2.258668
v 8.763885 115.110733 -5.315405
v 9.562799 114.330345 -4.718894
v 12.152491 112.769676 -2.003819
v 11.282889 112.482300 -3.344191
v 10.715681 113.169617 -3.744481
v 8.975371 113.030083 -5.510040
v 9.743755 115.938377 -4.250618
v 10.325518 115.564713 -3.590920
v 11.602139 113.310867 -2.479969
v 10.489342 108.867790 -5.749675
v 8.149936 113.823486 -6.037158
v 8.378427 118.487282 -5.354826
v 11.269630 110.587784 -4.389778
v 10.427314 111.621681 -4.610722
v 6.910206 113.193481 -6.921298
v 6.038934 114.062279 -7.230933
v 7.234391 116.250786 -6.340540
v 7.228265 114.716606 -6.520535
v 5.803072 117.130760 -7.029195
v 4.948460 117.633095 -7.333923
v 6.187335 118.784630 -6.749043
v 5.240967 116.195854 -7.347692
v 6.232694 115.826294 -6.933967
v 9.854411 118.249199 -3.889316
v 10.587927 119.800377 -2.892864
v 8.839172 116.919106 -5.041710
v 11.587805 111.503090 -3.581219
v 10.246787 110.214211 -5.333869
v 9.456244 111.814674 -5.408311
v 6.847937 111.705078 -7.202623
v 7.991754 115.592812 -5.897015
v 5.389422 118.490166 -7.121477
v 7.034128 117.747169 -6.343938
v 6.479087 114.930557 -6.905792
v 10.034616 117.119225 -3.740865
v 9.472625 117.362236 -4.375710
v 10.580765 118.165642 -2.901998
v 9.106193 116.046326 -4.884893
v 8.469697 108.830605 -7.027976
v 7.063646 110.201561 -7.402878
v 6.008125 111.688759 -7.597167
v 6.585701 116.812035 -6.656057
v 7.465854 119.304764 -6.021656
v 7.912594 117.289513 -5.795039
v 9.519134 109.201736 -6.242747
v 9.467248 107.304741 -7.090360
v 8.799596 110.409973 -6.309921
v 9.780544 108.284462 -6.460938
v 6.250323 109.841934 -7.855941
v 7.660517 111.193321 -6.847937
v 7.421065 109.001358 -7.534624
v 7.948872 109.995361 -6.967916
v 7.595122 107.272331 -8.020871
v 7.895003 106.307289 -8.290313
v 8.542083 107.254784 -7.585400
v 7.806400 108.217033 -7.595210
v 7.657194 118.412819 -5.907357
v 6.713693 119.758583 -6.457661
v 7.710730 120.781181 -5.895689
v 9.591084 110.761292 -5.630710
v 8.587199 111.552391 -6.152048
v 8.985482 108.150352 -6.985842
v 9.015364 120.349792 -4.804543
v 7.753747 121.802269 -5.956128
v 8.326594 119.586990 -5.394603
v 8.519772 120.948746 -5.309080
v 7.774475 136.689056 -12.179764
v 5.121009 96.146156 -12.655047
v 6.022233 96.299568 -12.622112
v 7.915555 97.587120 -12.083323
v 5.448229 97.188156 -12.472445
v 9.884636 122.189186 -4.205613
v 10.199916 123.285889 -4.225324
v 5.732863 104.775566 -9.541229
v 4.630037 106.522026 -9.143476
v 6.168560 107.267273 -8.563247
v 6.796082 106.638771 -8.560558
v 13.759598 101.289001 -6.789128
v 10.800070 101.052109 -9.588408
v 13.379488 111.042130 -1.393615
v 13.372281 111.870476 -0.283855
v 13.903644 110.748344 -0.281455
v 12.968305 111.983971 -1.246738
v 14.102763 109.671715 -1.131653
v 14.144218 110.637489 0.607656
v 12.485714 108.534416 -4.368773
v 11.008824 119.154839 -2.158295
v 10.078265 105.807190 -7.556963
v 9.353514 104.963867 -8.395521
v 9.756408 119.656631 -4.006452
v 9.207553 118.664909 -4.593009
v 9.866977 120.951881 -3.977682
v 10.535794 121.894470 -3.282020
v 10.556213 120.854973 -3.053129
v 5.120504 95.209724 -12.771143
v 7.729141 96.665764 -12.327629
v 7.820632 98.590820 -11.839236
v 6.705013 98.423126 -12.100060
v 9.054304 98.923141 -11.334871
v 9.208218 98.232719 -11.485461
v 11.624858 109.222679 -4.814325
v 11.001091 109.663261 -5.047915
v 12.239756 110.353210 -3.652672
v 11.299022 107.278831 -6.001081
v 10.437191 107.535767 -6.414130
v 11.133099 108.272705 -5.603691
v 10.615275 106.653198 -6.784333
v 11.501752 105.819420 -6.638000
v 11.847720 105.010513 -6.806677
v 12.936646 106.713394 -4.854977
v 12.287574 106.015709 -5.873553
v 13.723472 107.411156 -3.466102
v 12.225996 107.246780 -5.274214
v 12.829531 110.911758 -2.521016
v 13.411847 109.635010 -2.595944
v 12.289790 109.418030 -4.130319
v 10.718863 105.347435 -7.444527
v 13.708310 105.797874 -4.404277
v 13.254994 104.618507 -5.652082
v 12.945635 105.539627 -5.476107
v 13.840967 104.980728 -4.703436
v 13.106877 107.918716 -3.999734
v 13.083855 108.891983 -3.519195
v 13.687766 110.192566 -1.607036
v 12.846911 109.934036 -3.207189
v 13.975902 106.646523 -3.519180
v 13.849851 104.159058 -5.177748
v 9.362052 106.228783 -7.676742
v 12.926433 129.913437 -5.323593
v 3.572527 150.286301 1.523511
v 4.415835 150.698975 0.886114
v 5.204438 151.049728 0.119760
v 5.902727 151.391678 -0.789996
v 6.449906 151.848724 -1.835590
v 6.974839 152.284348 -2.938679
v 7.482947 152.724014 -4.125355
v 12.191973 154.140686 -2.383487
v 11.726110 151.428482 -4.869989
v 11.296827 151.419647 -1.186702
v 13.499546 145.942459 -1.305961
v 14.419394 146.788773 2.236043
v 11.228593 146.182953 2.951095
v 12.295694 144.818298 3.686799
v 14.719318 145.048325 4.275207
v 13.424627 140.869522 6.448395
v 12.861711 140.872437 3.171794
v 14.258499 138.910080 2.097173
v 14.909856 131.777832 1.061302
v 18.830072 101.853714 6.912894
v 12.129417 96.097900 4.392949
v 12.599074 96.753647 11.404291
v 12.242645 96.195198 8.994230
v 11.381550 95.025520 9.656701
v 11.568714 95.656319 7.925994
v 7.711541 92.763893 9.458247
v 4.454508 93.718918 10.392140
v 10.179939 89.652130 5.753982
v 0.513727 89.879173 7.851332
v 2.124397 88.893341 3.551807
v 3.444871 87.992302 3.434654
v 5.357765 86.648613 -0.928885
v 2.332118 90.040070 1.883680
v 7.920405 148.790421 0.996839
v 7.393084 150.847046 -1.191020
v 6.933768 151.448486 -1.877624
v 5.396349 149.595901 1.765494
v 5.721573 150.548035 0.184561
v 4.186174 149.693771 1.868216
v 0.923067 87.782356 2.818648
v 2.976397 91.926048 7.678734
v 10.339877 151.056412 -2.783852
v 8.342771 151.855408 -3.571414
v 0.220330 87.598412 2.180126
v 1.860764 92.849770 8.509455
v 10.558432 151.698868 -4.720965
v 1.055902 94.150078 9.144311
v 0.658357 92.102585 8.335918
v 1.384897 90.331444 7.196882
v 0.891278 88.380119 5.276070
v 1.308736 91.478409 7.942122
v 2.355348 92.097610 8.009502
v 0.410413 90.014305 7.163918
v 1.656132 97.328720 10.161204
v 1.365889 98.768394 10.699370
v 0.357787 98.954552 10.810051
v 9.988689 102.657692 9.572155
v 8.337601 110.349121 10.262602
v 8.436760 120.039330 10.614606
v 10.285090 128.120407 11.330983
v 11.193793 136.910477 10.944905
v 8.341603 142.332626 6.514795
v 15.532252 101.136360 6.486460
v 16.676455 100.587517 4.431396
v 16.317564 101.685173 5.026689
v 15.944551 100.045952 6.075329
v 5.648187 146.197327 4.120495
v 9.782546 146.184875 2.481085
v 6.454549 150.201721 0.349533
v 6.492620 150.798813 -0.613887
v 6.506470 148.828186 1.847509
v 7.393813 149.939713 0.405802
v 6.197410 149.572159 1.510586
v 6.257140 151.203842 -0.988300
v 5.061632 149.964554 1.224049
v 3.210042 149.524490 2.237437
v 3.700019 148.622147 3.199756
v 1.310716 87.854012 1.344140
v 1.623535 88.206207 3.322764
v 3.162424 90.703758 6.739668
v 5.570878 94.038780 8.245709
v 4.726979 95.937645 9.119123
v 3.345042 94.205223 8.769325
v 10.865786 149.429474 -0.683763
v 11.680191 150.878342 -2.241094
v 7.598361 151.536102 -2.460899
v 9.285964 151.353088 -3.294904
v 9.486315 151.971329 -4.844310
v 0.428415 95.427353 9.596435
v 1.601744 95.730858 9.617846
v 0.594948 96.837975 10.076388
v 3.586932 97.056061 9.734426
v 2.524956 96.733818 9.824120
v 2.649227 95.057976 9.251402
v 3.159200 98.753754 10.413338
v 13.559096 104.785522 8.245454
v 6.541821 105.083641 11.063331
v 9.721198 98.418747 9.287611
v 10.990293 111.807312 8.428103
v 5.838729 113.303116 11.210986
v 5.274440 119.964478 11.627209
v 9.779082 116.275963 9.100500
v 11.136546 120.697105 8.585248
v 6.433625 128.345795 12.576737
v 11.686534 125.420044 8.498288
v 13.777245 129.696060 8.668648
v 13.163577 137.742432 7.199861
v 6.820923 138.204529 11.013615
v 8.172354 133.445572 13.848794
v 10.875018 143.093430 4.605988
v 5.408081 141.976700 7.497122
v 13.116218 99.404938 8.556487
v 15.541041 103.130775 6.185015
v 3.973897 145.891403 4.785845
v 11.415252 146.393753 1.662877
v 7.279407 149.074631 1.239719
v 6.989789 147.317123 2.751701
v 4.521633 149.201706 2.469325
v 4.872931 147.616699 3.356925
v 5.451662 148.641647 2.490400
v 0.707056 87.843155 1.070375
v 3.311970 90.161064 6.500940
v 4.461236 91.863815 7.426991
v 2.108967 89.794762 6.339483
v 1.687621 88.545227 4.743383
v 2.392298 89.283730 5.452627
v 7.171262 94.527618 8.622578
v 4.580541 94.294304 8.480981
v 12.012156 149.610214 -0.793727
v 11.412886 148.015549 0.404974
v 12.532739 150.973495 -2.235309
v 11.961036 151.584259 -4.088995
v 11.867145 151.734695 -5.442513
v 10.640788 150.438629 -1.634149
v 9.046613 150.218109 -0.803541
v 9.802855 149.545105 -0.515742
v 8.859753 149.125229 0.254755
v 8.668670 147.361694 1.910546
v 8.318272 151.116837 -2.189831
v 8.955523 150.810745 -1.937310
v 8.178969 150.363144 -0.685912
v 1.878768 93.982864 8.992310
v 3.699945 95.570610 9.215231
v 14.855620 105.532791 6.656523
v 13.014365 107.862503 8.097939
v 4.243870 104.642494 11.845608
v 10.150198 96.920212 9.210998
v 12.060775 112.353569 7.112380
v 3.861173 113.113808 11.796007
v 5.076224 109.838463 11.824802
v 3.594853 119.903931 11.937539
v 4.919829 116.585594 11.504279
v 5.230732 123.299004 12.050553
v 11.216649 115.958916 7.595261
v 11.652844 118.916199 7.505501
v 12.193971 121.911255 7.276550
v 4.331064 128.352814 12.760990
v 12.741149 124.898064 6.778787
v 13.257916 127.975342 6.727024
v 14.425850 130.871216 6.157672
v 13.763137 138.176437 5.508698
v 4.617667 137.920685 11.038993
v 5.647254 135.161362 13.113418
v 5.570435 131.665649 13.576485
v 12.168430 143.278122 3.647841
v 3.830293 141.792114 7.811913
v 13.393381 98.388390 8.551272
v 15.807670 102.148262 5.933974
v 16.124891 103.012962 5.078693
v 15.612647 104.436684 5.682106
v 3.028814 145.721725 5.088260
v 3.702515 144.469543 5.835672
v 12.364903 146.476547 1.405754
v 3.598005 147.337769 3.946497
v 3.921355 92.273407 7.594020
v 1.497576 89.423882 6.342733
v 2.475210 89.898651 6.189311
v 7.312525 93.880272 8.603548
v 8.701556 95.382706 9.030118
v 4.237220 94.787926 8.790995
v 10.496019 147.166748 1.348310
v 10.080774 148.349594 0.456218
v 9.556689 147.177719 1.695589
v 12.338199 148.087372 0.351524
v 11.032439 151.427170 -3.796736
v 15.313148 105.892082 5.639308
v 14.508733 107.026466 6.485473
v 13.093455 109.593628 7.181949
v 2.967551 104.453125 12.066344
v 3.634814 102.763649 11.590670
v 3.575703 106.305382 12.233414
v 10.297371 96.158478 9.222806
v 11.793142 97.418465 9.078311
v 12.526206 112.563652 6.284554
v 11.765559 113.815086 7.014484
v 12.736557 111.049889 6.848691
v 2.761882 113.036942 11.978200
v 3.370961 111.364029 11.984016
v 3.383701 114.786842 11.841329
v 2.645337 119.874977 12.059570
v 3.365497 118.195244 11.896006
v 3.477314 121.598167 12.059640
v 4.087902 124.995888 12.275645
v 11.789134 115.737793 6.624281
v 11.505647 114.886635 7.195694
v 10.421599 114.853775 8.476603
v 12.095664 118.701286 6.506690
v 12.149047 120.302979 6.945044
v 11.651795 117.332436 7.074305
v 12.591321 121.668640 6.247781
v 3.165096 128.343353 12.789680
v 3.778645 126.679871 12.497785
v 4.194923 130.001877 13.120667
v 13.098348 124.633263 5.750570
v 13.109710 126.287987 6.057379
v 12.675011 123.285942 6.582161
v 13.453536 127.674561 5.402867
v 13.865283 129.278458 5.840217
v 14.292571 130.560089 4.703088
v 14.706217 132.284393 4.710165
v 14.083236 138.292770 4.702803
v 13.080907 139.980804 5.232811
v 14.672737 136.396210 4.675022
v 3.406189 137.824448 11.007275
v 4.369807 136.544876 12.069984
v 4.016574 139.171219 9.932519
v 4.019803 135.016098 12.833074
v 4.881790 133.404922 13.418472
v 3.943562 131.677689 13.331917
v 12.929796 143.215256 3.232981
v 11.164792 144.710220 3.113787
v 12.054206 145.307175 2.271542
v 11.983861 144.301285 3.001753
v 2.918333 141.705505 7.945631
v 14.824309 99.249107 7.537750
v 2.843865 144.349045 6.044418
v 3.698210 143.114792 6.826660
v 4.830462 145.158737 5.101623
v 7.001728 144.358551 5.169332
v 6.061099 145.065048 4.881280
v 5.172068 143.755310 6.107495
v 7.350278 145.870956 3.781285
v 4.548586 144.301132 5.806695
v 6.085918 144.124359 5.623829
v 6.804185 142.801346 6.551082
v 6.478891 145.967453 4.016804
v 4.244387 146.813126 4.088006
v 4.845337 92.899307 7.804356
v 3.880531 93.056122 8.033140
v 8.422113 96.593987 9.101668
v 13.859064 106.229874 7.726937
v 13.575798 109.859985 6.229292
v 2.614474 102.697327 11.753841
v 3.369219 101.051277 11.147587
v 2.560266 106.140465 12.314676
v 3.276549 107.914268 12.311222
v 12.510589 98.396797 8.847919
v 11.429811 98.937408 9.069483
v 11.279848 112.931755 7.847107
v 9.840158 113.068375 9.013660
v 10.579462 112.675316 8.540007
v 10.730311 113.801514 8.243788
v 11.897165 111.275505 7.785142
v 10.766453 109.090775 9.443339
v 11.161006 110.403175 8.797228
v 2.448075 111.304070 12.083089
v 4.881875 111.897423 11.658670
v 2.481228 114.738197 11.984961
v 4.868951 114.506508 11.513844
v 3.321387 116.486694 11.865374
v 4.398323 118.966789 11.737585
v 4.380802 117.672867 11.679624
v 4.481624 120.898491 11.863166
v 6.153412 121.733276 11.659217
v 4.569622 122.184891 11.982901
v 3.786021 123.447227 12.176978
v 2.979950 124.980400 12.373358
v 10.530458 115.931519 8.412977
v 12.439907 120.116859 6.104497
v 11.794318 121.001274 7.760263
v 11.554838 119.948967 7.897309
v 11.998135 117.155228 6.255779
v 10.674223 117.843071 8.597075
v 10.692184 119.315689 8.838267
v 2.801885 126.663750 12.565289
v 5.708665 126.354393 12.192475
v 3.097467 130.001740 13.061162
v 5.597296 129.401642 13.009046
v 8.665047 130.409668 13.372450
v 5.440633 130.498474 13.325325
v 7.005478 130.212326 13.370499
v 7.833164 129.178055 12.810003
v 7.715857 131.750214 13.855123
v 8.113473 127.225822 11.818588
v 9.753523 129.263779 12.501530
v 7.572465 128.093246 12.304936
v 6.889568 126.955345 12.096065
v 8.864753 128.302353 12.068847
v 7.045023 124.702934 11.638413
v 7.539825 125.977577 11.665562
v 6.465543 125.602837 11.923356
v 5.893090 124.419205 11.941263
v 6.657246 123.198112 11.706194
v 4.865766 124.321571 12.134934
v 9.597059 124.489319 10.301898
v 9.203599 126.142593 10.955150
v 12.471840 126.316734 7.506720
v 12.065849 124.002441 7.838738
v 14.057010 129.867462 7.164152
v 13.449424 128.879196 7.656374
v 12.086360 128.030136 9.564481
v 12.690348 127.696022 8.089170
v 13.004982 128.653305 8.904051
v 13.871391 129.029007 4.735366
v 14.556709 131.870804 3.615729
v 14.791138 133.451431 3.483093
v 13.569811 139.942581 4.493701
v 11.947917 141.553802 5.119912
v 14.725024 136.691818 3.918726
v 3.253272 136.452988 11.962811
v 5.902468 137.173477 11.860935
v 3.026353 139.102646 9.966544
v 5.534579 138.897446 10.218335
v 4.743999 140.541840 8.759175
v 3.567569 133.356979 13.198904
v 15.279685 100.154991 6.921973
v 14.294930 100.767899 7.762084
v 14.838996 102.117638 7.199914
v 14.040863 99.355911 8.090937
v 4.577691 142.595963 7.106690
v 8.659263 144.820663 4.176005
v 7.792956 146.857895 2.737754
v 7.956161 147.826614 1.815547
v 8.408125 145.956711 3.268156
v 5.835518 93.022232 8.054828
v 3.271905 93.132362 8.268327
v 8.006595 95.581802 8.919710
v 6.835423 95.615410 8.761600
v 14.230123 105.302734 7.544384
v 14.527579 103.741310 7.406399
v 13.791483 107.299675 7.409520
v 13.580344 108.479492 7.106582
v 3.044617 99.895370 10.832006
v 6.241665 102.011559 10.561015
v 4.900822 100.285851 10.513122
v 5.256105 107.712479 11.874743
v 3.295530 109.638138 12.161128
v 10.818288 100.739586 9.239855
v 10.372230 97.920219 9.206658
v 11.328510 97.899307 9.108660
v 8.853751 114.567383 9.633055
v 9.758704 111.052635 9.440954
v 12.105601 109.220497 8.469247
v 4.865924 113.044884 11.563173
v 4.023590 112.125427 11.824190
v 4.335683 110.742271 11.923339
v 6.725040 111.395409 10.939565
v 4.024185 114.126259 11.729406
v 4.311317 115.514908 11.651267
v 2.786855 123.281189 12.247104
v 11.093349 117.037247 7.919340
v 11.110209 118.631729 8.237417
v 9.880507 120.591591 9.775029
v 9.273916 118.406975 9.820360
v 5.008974 127.319786 12.494517
v 4.626181 126.039955 12.322907
v 6.638526 132.838303 13.866364
v 6.824964 134.293320 13.652974
v 8.967525 136.109207 12.732757
v 8.224922 134.967285 13.455779
v 7.138729 136.241699 12.744806
v 6.606433 131.157425 13.673887
v 12.440402 132.773575 12.040039
v 10.653613 134.249695 13.058621
v 12.545627 130.031082 11.200140
v 9.536427 135.016434 13.221967
v 10.782848 135.834137 12.223222
v 12.667946 129.049606 10.198523
v 12.228713 134.644012 11.799282
v 11.599522 128.872635 11.205146
v 11.245306 129.938797 12.213693
v 11.173816 127.892052 10.463228
v 10.172685 127.018982 10.684915
v 11.274375 126.626122 9.461719
v 12.205375 131.214264 12.055221
v 9.256679 127.313255 11.374152
v 10.475505 131.396225 13.168836
v 7.983817 121.906754 11.114835
v 12.258325 125.296364 7.631010
v 12.924080 126.998619 6.887182
v 10.872382 123.917534 9.167827
v 11.329019 122.370316 8.616465
v 12.210363 122.978493 7.471341
v 14.822685 134.841736 2.669516
v 14.811255 134.459869 6.676769
v 12.874942 141.673325 4.265641
v 11.679065 142.573227 4.511843
v 5.588764 136.215683 12.507797
v 7.742305 140.096954 8.811076
v 4.662636 141.389542 8.062450
v 3.589701 140.786179 8.615535
v 4.960064 139.663193 9.508688
v 6.406999 139.785049 9.322712
v 7.557460 139.043030 9.994576
v 6.610621 141.123398 8.054671
v 8.967049 137.786697 11.179276
v 7.940018 138.302200 10.831179
v 7.698441 137.304260 11.881596
v 9.995119 136.944061 11.687393
v 7.757808 145.001434 4.366352
v 6.221488 93.979248 8.324318
v 5.695078 95.038055 8.623742
v 15.186739 103.949974 6.554390
v 14.944503 103.025345 7.016964
v 14.227267 108.019897 6.307178
v 4.785485 101.926689 11.054920
v 4.202572 107.337761 12.181330
v 4.519931 108.636955 12.084886
v 10.749198 99.554459 9.207744
v 12.503065 100.601707 8.757312
v 9.620161 115.186577 9.109112
v 10.579808 111.086906 8.963349
v 10.261648 110.067284 9.455252
v 12.321837 110.214134 7.828187
v 11.645441 107.718315 9.194681
v 12.862233 108.842522 7.863193
v 5.936069 112.088013 11.245684
v 5.484460 110.978294 11.548591
v 10.528373 120.238487 9.156097
v 10.125490 118.511978 9.232584
v 9.730067 119.452873 9.707666
v 9.701998 117.427361 9.355178
v 7.742551 116.549942 10.417017
v 8.817780 116.631523 9.805619
v 8.329575 117.704788 10.248682
v 8.274088 115.526146 10.038787
v 8.436229 118.880554 10.376657
v 6.822528 119.213440 11.106607
v 6.746649 114.982010 10.809038
v 5.619420 118.602798 11.425031
v 7.069376 117.750122 10.857397
v 11.706331 133.669098 12.551103
v 11.946715 126.546707 8.520185
v 10.315627 125.736145 10.045653
v 10.413903 124.714905 9.694980
v 9.863229 130.275681 13.005509
v 9.287276 132.253220 13.700172
v 10.633488 132.790726 13.258910
v 9.524599 133.616913 13.598821
v 7.087099 122.224907 11.501388
v 8.111781 123.616272 11.102795
v 11.488379 124.411842 8.556298
v 10.052995 122.426468 9.836976
v 14.927297 133.564529 5.270896
v 14.866139 135.036850 4.912346
v 14.819205 132.445908 7.362964
v 14.870089 132.578491 5.977027
v 14.431371 131.010590 8.087870
v 14.087458 132.574570 9.858280
v 14.520508 132.089859 8.690686
v 14.535155 133.809250 8.450350
v 13.802459 130.863083 9.874924
v 13.281255 131.835388 11.059685
v 3.519927 139.924850 9.305452
v 5.810010 140.543335 8.676840
v 7.890600 141.240341 7.676272
v 10.500628 139.997177 7.696030
v 7.430365 142.085831 7.022602
v 9.373950 141.186752 7.166113
v 9.445051 139.103928 9.303665
v 8.400647 139.370316 9.382854
v 9.003579 140.189163 8.312723
v 6.376386 141.985641 7.342040
v 4.290322 100.922867 10.890450
v 5.404905 101.303337 10.671963
v 5.744709 103.489929 11.097720
v 12.403926 99.675026 8.808823
v 13.604278 101.763573 8.200329
v 12.281696 108.292519 8.625688
v 9.025079 106.770744 10.302987
v 12.318419 106.014992 8.942915
v 5.852132 114.449547 11.181364
v 5.893559 115.843628 11.187081
v 6.847323 116.111717 10.814627
v 6.002146 117.176506 11.209223
v 7.552342 118.676086 10.751329
v 10.667665 121.603142 9.217690
v 10.745173 122.885757 9.264874
v 8.993149 122.711258 10.598991
v 8.996603 121.318626 10.498878
v 9.699415 123.404739 10.138975
v 14.292171 136.349869 6.430486
v 14.840110 134.368256 3.862737
v 14.835451 135.431793 3.922494
v 13.359988 133.735947 10.845001
v 13.407173 129.790604 9.747403
v 10.710780 141.396454 6.214137
v 5.415613 104.631371 11.459999
v 5.722302 106.252831 11.597079
v 4.710013 103.060791 11.368851
v 13.240587 103.199844 8.467792
v 10.269216 107.689552 9.879310
v 13.203483 105.738464 8.425922
v 12.463428 107.116188 8.754135
v 14.216187 137.116074 5.656322
v 13.552764 136.022629 8.778847
v 13.070009 135.345322 10.309461
v 13.912770 134.422714 9.582061
v 12.398844 136.778732 9.772429
v 12.052442 135.867722 11.149760
v 12.828509 137.270920 8.449730
v 11.057549 138.226120 9.412042
v 13.698781 136.652130 7.613379
v 14.336156 135.407059 7.601215
v 14.698336 135.373337 6.091463
v 10.197790 140.871017 7.031300
v 11.877265 139.933807 6.547400
v 11.896550 138.686600 7.854641
v 9.695552 142.556793 5.745534
v 7.350218 106.806641 10.917608
v 14.086780 102.781372 7.859594
v 13.815124 103.922707 8.067562
v 11.937331 104.214310 9.150542
v 8.802576 108.595192 10.316729
v 9.746753 109.130630 9.900328
v 10.506662 105.818352 9.726216
v 9.992620 138.150742 10.305579
v 10.429261 139.131180 8.702742
v 11.537997 140.926697 6.006979
v 12.535480 138.857498 6.838243
v 11.337590 139.602890 7.413815
v 11.959140 137.967377 8.758800
v 9.131000 142.022873 6.495934
v 10.528560 142.335510 5.497182
v 9.767273 144.007980 4.410250
v 6.600942 106.102562 11.175435
v 6.382611 107.453873 11.364777
v 7.519544 108.251701 10.842409
v 6.183736 109.008621 11.417456
v 8.271743 107.508888 10.575979
v 8.028277 109.272110 10.544488
v 7.162910 110.160698 10.843233
v 12.889986 104.078178 8.714700
v 9.323857 107.772575 10.218203
v 10.945779 106.892632 9.618968
v 8.687915 143.537766 5.311208
v 7.757138 143.189209 5.950211
v 10.120487 143.224167 4.940958
v 10.610716 144.049850 3.958668
v 10.172520 145.121552 3.245284
v 10.631235 145.933167 2.340765
v 9.351795 145.362961 3.393284
v 6.169910 110.188805 11.312356
v 7.087344 109.123428 10.979759
v 7.795823 152.398804 -3.943166
v 5.928884 147.419281 3.119469
v 2.196416 90.757957 7.190745
v 9.175088 148.235886 0.911443
v 5.764337 142.955185 6.642917
v 4.506640 98.648308 10.063679
v 4.913597 97.432304 9.567805
v 6.987530 97.634125 9.305587
v 5.785685 97.127060 9.305531
v 6.509413 96.354118 8.991499
v 6.633116 99.497139 9.802176
v 6.376647 100.704727 10.182185
v 7.864816 97.238274 9.194609
v 5.433060 95.718094 8.897674
v 5.553063 98.687340 9.818192
v 6.508081 98.343933 9.531419
v 8.343877 101.112389 9.763177
v 8.261050 99.380714 9.494987
v 8.837168 97.534752 9.250915
v 7.437871 101.807159 10.135851
v 7.310297 100.548439 9.893172
v 8.103591 98.300293 9.374554
v 9.483256 99.417076 9.377906
v 8.693561 102.450310 9.898514
v 9.425434 104.237038 9.915421
v 5.588240 99.754852 10.134055
v 7.523215 103.688232 10.468665
v 7.116381 102.675491 10.411452
v 9.476159 100.717934 9.466807
v 10.421178 101.691734 9.377111
v 12.034502 102.055191 8.968019
v 9.351741 101.684593 9.613496
v 6.668769 104.057678 10.846994
v 11.817264 101.079010 8.996970
v 12.976692 102.265381 8.565276
v 8.591060 112.126991 9.911403
v 7.323231 120.598816 11.147122
v 6.323225 120.162048 11.383580
v 8.602836 124.892982 10.985775
v 4.613210 105.871727 11.953010
v 8.001045 105.506493 10.561732
v 9.244164 105.518875 10.120076
v 11.428603 105.228920 9.351607
v 10.653555 104.117043 9.519946
v 13.098813 139.010086 5.926336
v 8.509023 103.486839 10.105140
v 8.469150 104.587364 10.273009
v 8.888081 111.179237 9.865758
v 9.490685 112.075920 9.381557
v 8.891023 113.334900 9.637188
v 7.616714 113.766068 10.373793
v 6.805416 112.898560 10.801974
v 7.738938 112.613968 10.347086
v 7.600990 114.808777 10.386883
v 7.765163 111.337730 10.431506
v 11.314378 102.991020 9.274387
v 2.360370 149.120270 6.775695
v 1.309227 150.989044 3.936566
v -0.665268 150.319992 4.830353
v 3.354024 152.863754 2.660640
v 4.283875 152.392075 1.913337
v 5.121101 153.172577 1.043655
v 5.552421 153.700027 -0.166970
v 5.740224 154.129440 -1.485463
v 6.189986 154.523178 -2.774273
v 6.606603 155.035233 -4.050774
v 7.609355 155.530930 -5.001775
v 6.439442 155.754990 -5.935742
v 5.127361 155.828140 -6.602428
v 4.017604 155.982437 -7.513995
v 2.814974 156.067368 -8.310395
v 1.403153 156.043625 -8.641024
v -0.037182 156.059799 -8.789213
v -1.478071 156.072662 -8.664968
v -2.877669 156.120331 -8.312739
v -4.006261 156.060867 -7.430264
v -5.127706 155.790268 -6.564491
v -6.281321 155.631454 -5.694473
v -7.562314 155.457138 -4.950638
v -6.895673 155.084396 -3.710572
v -6.115535 154.610214 -2.595962
v -6.158949 154.172073 -1.204435
v -6.336833 153.661011 0.195389
v -5.148626 153.236069 0.943593
v -3.805417 152.816452 1.264869
v -2.890563 150.949982 2.047035
v -0.708788 152.460281 2.345903
v -2.762654 154.410339 0.315430
v 0.904180 149.856445 2.126610
v 1.768507 153.906311 3.257965
v 3.914714 149.461319 4.540927
v 2.706988 150.985504 2.301499
v -2.492540 151.057312 1.595278
v 3.780249 151.573196 1.085556
v 4.689899 152.063522 0.402619
v 5.920142 152.338882 -0.069047
v 5.519608 152.560318 0.615331
v 5.615343 152.693771 -1.413034
v 5.736506 154.512405 -6.757525
v 3.442140 154.803391 -8.399570
v 6.682997 153.564438 -3.889679
v 7.700788 154.133591 -4.733855
v 6.833595 154.396027 -5.847073
v 6.113355 153.085999 -2.681649
v 0.700047 154.839767 -9.107203
v -0.790281 154.866074 -9.165592
v -3.471166 154.844284 -8.348587
v -5.782497 154.511993 -6.749208
v -6.796692 154.293259 -5.771974
v -7.773565 154.096573 -4.748605
v -6.303325 153.167831 -2.496141
v -6.741541 152.855515 -1.182945
v -6.229306 152.303879 0.021465
v -3.870080 151.637131 0.721018
v -5.068496 151.937836 0.945729
v -5.710629 152.590912 0.666403
v -6.990746 153.669907 -3.631761
v 5.597661 153.372391 -0.899219
v 4.706048 154.907104 -7.413100
v 5.842129 155.331406 -6.424481
v 6.358436 154.259949 -3.525200
v 7.228479 154.799576 -4.557032
v 7.089348 155.183228 -5.622385
v 5.895245 153.799316 -2.235579
v 2.102000 154.874741 -8.863108
v -2.201022 154.941589 -8.976826
v -4.722552 154.934555 -7.376600
v -5.795952 155.269531 -6.306811
v -6.989353 155.086960 -5.491366
v -7.471513 154.819626 -4.335380
v -6.301618 153.888626 -1.998053
v -6.464152 153.443481 -0.627778
v -6.585477 154.341980 -3.260052
v 4.785986 154.141785 -7.964829
v -4.277861 154.492615 -8.046726
v 0.241786 149.424530 4.466606
v 2.623514 151.219193 3.613507
v 6.349335 148.152222 1.859105
v 9.775518 154.293503 6.396545
v 5.612734 148.591339 1.015408
v 6.164955 152.073013 -0.703463
v 6.978857 146.088318 1.452456
v 7.502735 151.486969 -1.386061
v 8.186148 151.215088 -0.572957
v 7.197606 151.930923 -7.202745
v 8.622838 157.350464 -2.785038
v 8.298233 153.588715 -2.314664
v 7.957325 157.436371 -4.299999
v 6.512676 153.289902 -8.391714
v 6.940017 152.726547 -7.808498
v 5.381630 153.693848 -13.154547
v 2.949494 153.553070 -11.826696
v -0.307062 155.650146 -11.770810
v 0.379251 155.201553 -11.499653
v -4.116577 152.527374 -8.968081
v -3.688406 154.324799 -10.058480
v -2.767682 159.055969 -10.712832
v -8.641109 153.944824 -8.509164
v -9.288228 155.074585 -8.633274
v -7.730371 155.369995 -5.107128
v -8.808721 154.804321 -6.290393
v -6.425120 152.754227 -2.173023
v -7.425958 151.310654 -4.365781
v -9.340632 155.073624 1.331470
v -7.174013 150.886566 0.959826
v -7.419461 147.733017 0.750646
v -5.903221 152.186646 -0.876611
v -4.990142 147.813324 3.221949
v -7.723215 149.115631 2.074466
v -3.088173 153.479538 5.310286
v -1.788117 151.237198 1.774161
v -3.118504 154.468201 1.203199
v -3.686057 153.220871 1.338253
v -5.050125 153.644638 0.948786
v -6.148940 154.034241 0.182028
v -5.954921 154.541061 -1.109864
v -5.976663 155.004669 -2.468854
v -6.684566 155.460007 -3.691265
v -7.379540 155.827698 -4.898398
v -6.138057 156.006424 -5.535207
v -5.028665 156.183243 -6.414857
v -3.949074 156.477814 -7.301719
v -2.796688 156.480713 -8.086072
v -1.443546 156.450974 -8.445546
v -0.040954 156.421753 -8.550392
v 1.366235 156.439041 -8.458967
v 2.738018 156.450272 -8.133600
v 3.929006 156.378433 -7.363975
v 5.024655 156.233276 -6.465847
v 6.272385 156.141586 -5.846622
v 7.365415 155.851883 -5.064774
v 6.480403 155.441391 -3.992186
v 6.190757 154.936066 -2.660472
v 5.782592 154.535141 -1.331637
v 5.554177 154.099167 -0.007819
v 5.013607 153.555389 1.196318
v 4.325805 152.716949 2.183206
v 6.771181 152.914078 1.449825
v 8.004580 155.331970 -4.884176
v 6.006785 155.312180 -7.120309
v -6.635308 154.000031 0.341462
v -0.024271 156.284348 -9.357815
v -6.531898 156.070343 -6.892552
v 6.062763 153.870956 1.761001
v 6.565340 154.467392 0.506016
v 7.838899 153.139725 -1.296313
v 7.094740 155.532028 -2.130897
v 6.780319 154.960358 -0.824720
v 0.012950 157.512054 -9.039278
v -7.615773 155.970978 -5.700780
v -6.626102 155.958420 -2.103858
v -5.323047 154.549850 1.700520
v -5.766061 153.455032 1.368444
v -6.533376 155.494995 -0.677706
v -1.558053 157.529037 -8.869697
v -4.494383 155.937485 -8.782410
v -3.028554 157.486649 -8.398021
v 4.347651 157.222580 -7.679216
v -7.242523 156.598022 -3.473659
v 7.660761 156.078842 -3.576056
v 8.115340 154.443237 -3.623730
v 5.360399 153.114365 2.841745
v 7.064277 151.225433 2.346491
v 6.278652 152.222733 2.617347
v -5.225624 151.655289 1.904517
v -6.046807 152.333145 0.979177
v -6.782997 152.944824 -0.060729
v -4.109397 153.941986 2.318605
v -4.785450 152.837402 2.215152
v 7.425652 156.849533 -4.903235
v 6.638084 157.024994 -6.014272
v 5.488069 157.036438 -6.811421
v 3.098013 157.415146 -8.478779
v 1.627812 157.481201 -8.995677
v -3.962277 157.292725 -7.569151
v -5.026294 157.302994 -7.705109
v -6.293954 157.172638 -6.276180
v -7.407546 157.119812 -5.050145
v -6.347960 155.064194 0.727160
v 7.356334 151.904984 1.149063
v 7.996000 153.776947 -2.477837
v 7.123955 155.333313 -6.216123
v 4.902650 155.393234 -7.973543
v 3.722939 155.473450 -8.602657
v 2.696797 155.480942 -8.976762
v 1.791193 156.143768 -9.177045
v -1.699102 156.380005 -9.377041
v -5.454879 156.131119 -7.996227
v -7.841827 155.419327 -3.996308
v -7.887174 154.496750 -3.424932
v -7.531747 154.071213 -2.461957
v -7.219093 153.516281 -1.269679
v 7.200727 153.534729 0.254247
v 7.677190 154.654221 -2.152504
v 7.871812 155.081161 -3.105274
v -7.054704 154.524353 -0.965766
v -7.306625 155.032822 -2.366584
v -3.559210 156.514038 -9.101545
v 3.377601 156.364120 -8.694543
v 4.698129 156.334137 -8.010888
v 5.871205 156.255615 -7.190542
v 6.903865 156.234482 -6.306692
v 7.580284 156.206024 -5.432460
v 7.609520 152.527908 -0.075521
v 7.460178 154.104965 -0.979711
vn -0.0012 -0.0162 0.9999
vn -0.0194 -0.0758 0.9969
vn 0.0556 -0.0294 0.9980
vn -0.2048 -0.3207 0.9248
vn -0.1261 -0.3467 0.9295
vn -0.2377 -0.3246 0.9155
vn 0.8058 -0.1841 -0.5629
vn -0.0023 0.5833 0.8122
vn -0.0242 0.6373 0.7702
vn 0.0963 -0.0805 0.9921
vn 0.0170 0.0179 0.9997
vn 0.1280 0.0042 0.9918
vn 0.0103 -0.0941 0.9955
vn -0.0907 -0.1680 0.9816
vn -0.0309 0.5606 0.8275
vn -0.1699 0.4972 0.8508
vn -0.1098 0.5174 0.8487
vn -0.1213 0.5265 0.8415
vn 0.1137 0.0414 0.9927
vn 0.0868 0.0318 0.9957
vn 0.0177 0.0502 0.9986
vn -0.0239 0.5642 0.8253
vn -0.1399 0.5548 0.8202
vn -0.1010 0.5737 0.8128
vn 0.0862 0.0150 0.9962
vn 0.0933 0.0176 0.9955
vn 0.1310 0.0156 0.9913
vn -0.0346 0.0263 0.9991
vn -0.1664 0.0211 0.9858
vn -0.1313 0.0458 0.9903
vn -0.0728 0.5903 0.8039
vn -0.0411 0.6013 0.7980
vn -0.1046 0.6014 0.7921
vn -0.0783 0.0732 0.9942
vn -0.1148 0.0780 0.9903
vn -0.1109 0.0670 0.9916
vn -0.0815 0.5485 0.8322
vn -0.2039 -0.0873 0.9751
vn -0.1940 -0.1268 0.9728
vn 0.1143 0.5228 0.8448
vn 0.1487 0.4970 0.8549
vn -0.0136 0.5015 0.8651
vn -0.0128 0.6152 0.7883
vn 0.0217 0.6155 0.7878
vn -0.0578 0.6041 0.7948
vn 0.1369 -0.0207 0.9904
vn 0.1151 -0.0251 0.9930
vn 0.0949 -0.0159 0.9954
vn -0.0980 -0.0497 0.9939
vn -0.1226 -0.0346 0.9918
vn -0.1463 -0.0348 0.9886
vn -0.1283 -0.0074 0.9917
vn -0.0169 -0.0144 0.9998
vn -0.1742 -0.0252 0.9844
vn -0.0979 0.0403 0.9944
vn -0.1289 0.0197 0.9915
vn -0.0250 0.4876 0.8727
vn -0.0250 0.5499 0.8348
vn 0.0517 0.5701 0.8199
vn 0.1055 0.4505 0.8865
vn 0.1149 0.2853 0.9515
vn 0.0001 0.3647 0.9311
vn -0.0767 -0.0628 0.9951
vn -0.1419 -0.0487 0.9887
vn -0.1147 -0.0545 0.9919
vn -0.0634 -0.0672 0.9957
vn -0.0903 0.0617 0.9940
vn 0.0079 0.0099 0.9999
vn -0.0532 -0.1082 0.9927
vn -0.0795 -0.1013 0.9917
vn -0.0255 -0.1330 0.9908
vn -0.0688 -0.1257 0.9897
vn 0.0774 -0.1102 0.9909
vn 0.0369 -0.0814 0.9960
vn 0.0394 -0.1002 0.9942
vn -0.0172 -0.0858 0.9962
vn 0.0065 -0.0897 0.9959
vn 0.0262 -0.1326 0.9908
vn -0.0353 -0.1054 0.9938
vn -0.0108 -0.0721 0.9973
vn -0.0571 -0.0841 0.9948
vn -0.1353 -0.0768 0.9878
vn 0.0069 0.1403 0.9901
vn 0.0011 -0.0053 1.0000
vn 0.0256 0.0819 0.9963
vn 0.0347 0.0279 0.9990
vn 0.0252 0.0445 0.9987
vn 0.0388 0.5826 0.8119
vn 0.0487 0.5723 0.8186
vn 0.0860 0.5706 0.8167
vn 0.0112 -0.1070 0.9942
vn 0.0055 -0.1099 0.9939
vn -0.0006 -0.1071 0.9942
vn 0.1091 0.0821 0.9906
vn 0.0735 -0.0664 0.9951
vn -0.0971 -0.0207 0.9951
vn -0.0599 0.5553 0.8295
vn 0.0194 0.5227 0.8523
vn 0.0128 0.4818 0.8762
vn 0.0155 0.2527 0.9674
vn 0.0991 -0.0820 0.9917
vn 0.0159 -0.0783 0.9968
vn 0.1058 -0.0612 0.9925
vn -0.1157 0.0130 0.9932
vn 0.0744 -0.0305 0.9968
vn 0.0701 -0.0438 0.9966
vn 0.1012 -0.0383 0.9941
vn -0.1154 -0.0026 0.9933
vn 0.0640 0.5901 0.8048
vn 0.0896 0.5974 0.7969
vn 0.0315 0.5998 0.7996
vn -0.0060 0.6019 0.7985
vn -0.0825 0.0594 0.9948
vn -0.0986 0.0691 0.9927
vn 0.0194 0.4063 0.9135
vn -0.0212 -0.0375 0.9991
vn -0.1433 -0.0959 0.9850
vn -0.1404 -0.0124 0.9900
vn -0.0738 0.5674 0.8201
vn -0.0552 0.5860 0.8085
vn -0.2039 -0.2045 0.9574
vn -0.0927 -0.2440 0.9653
vn 0.1331 0.5169 0.8456
vn 0.0344 0.5208 0.8530
vn -0.0078 0.5714 0.8206
vn 0.1466 0.3486 -0.9257
vn -0.0595 0.0586 0.9965
vn -0.1190 0.5174 0.8474
vn -0.1030 0.5207 0.8475
vn -0.1345 0.4443 0.8857
vn -0.1429 0.3258 0.9346
vn -0.0651 -0.0359 0.9972
vn 0.1412 0.2680 0.9530
vn 0.0966 0.5786 0.8099
vn -0.1278 -0.0097 0.9917
vn -0.0255 -0.3464 0.9378
vn -0.0511 -0.3941 0.9177
vn 0.0255 0.0459 0.9986
vn 0.0216 0.0363 0.9991
vn 0.0108 -0.3315 0.9434
vn 0.1836 -0.2639 0.9469
vn 0.1778 -0.3324 0.9262
vn 0.1524 -0.3229 0.9341
vn 0.1004 0.0456 0.9939
vn 0.0225 -0.1743 0.9844
vn 0.1213 -0.1009 0.9875
vn 0.0102 0.0529 0.9985
vn 0.0179 0.0329 0.9993
vn 0.0359 0.0515 0.9980
vn -0.0093 0.0360 0.9993
vn 0.0550 0.0304 0.9980
vn 0.1157 0.0309 0.9928
vn 0.0328 0.0445 0.9985
vn 0.0201 0.0258 0.9995
vn 0.1285 -0.0125 0.9916
vn 0.0708 -0.0034 0.9975
vn 0.0048 0.0021 1.0000
vn -0.0260 0.0051 0.9996
vn -0.0021 0.0092 1.0000
vn -0.0183 -0.0496 0.9986
vn 0.0140 -0.0427 0.9990
vn 0.0622 -0.0593 0.9963
vn 0.0419 -0.0750 0.9963
vn 0.1445 -0.1684 0.9751
vn 0.1810 -0.1903 0.9649
vn -0.0163 -0.0651 0.9977
vn 0.0157 -0.0549 0.9984
vn 0.0143 -0.0083 0.9999
vn 0.0193 -0.1218 0.9924
vn 0.0455 -0.0886 0.9950
vn -0.0095 -0.1306 0.9914
vn 0.0146 0.2964 0.9549
vn 0.0203 0.1815 0.9832
vn -0.0126 0.2423 0.9701
vn -0.2244 -0.2894 0.9305
vn -0.0105 0.1153 0.9933
vn -0.0235 0.4339 0.9007
vn -0.0000 0.3338 0.9426
vn -0.1017 0.2635 0.9593
vn -0.1012 0.4285 0.8979
vn -0.0114 0.5869 0.8096
vn 0.0004 0.5807 0.8141
vn -0.0037 0.5430 0.8397
vn 0.0421 -0.3452 0.9376
vn -0.0067 0.6138 0.7895
vn 0.0619 0.6018 0.7962
vn -0.0297 0.5994 0.7999
vn -0.0050 0.5997 0.8002
vn 0.0092 -0.0799 0.9968
vn 0.0008 -0.0935 0.9956
vn -0.0115 0.5862 0.8101
vn -0.0165 0.5795 0.8148
vn -0.0132 0.5855 0.8106
vn -0.0322 0.5411 0.8403
vn -0.0267 0.5524 0.8332
vn 0.0031 0.5406 0.8413
vn 0.0074 0.5564 0.8309
vn 0.0302 0.4131 0.9102
vn -0.7990 -0.3774 -0.4682
vn -0.5485 0.1751 -0.8176
vn 0.1186 0.5116 0.8510
vn 0.0775 0.5443 0.8353
vn 0.1095 0.0037 0.9940
vn -0.1803 0.0135 0.9835
vn -0.0034 0.0198 0.9998
vn -0.0374 0.0152 0.9992
vn 0.0246 0.0193 0.9995
vn 0.0085 -0.0263 0.9996
vn -0.0233 -0.0307 0.9993
vn -0.0191 -0.0207 0.9996
vn 0.0111 -0.0196 0.9997
vn -0.1373 -0.0122 0.9905
vn -0.0160 -0.0043 0.9999
vn 0.0047 -0.0351 0.9994
vn 0.1225 -0.0497 0.9912
vn -0.1172 -0.0869 0.9893
vn -0.0190 -0.0749 0.9970
vn 0.0102 -0.0054 0.9999
vn -0.0237 -0.0791 0.9966
vn 0.0693 -0.1250 0.9897
vn -0.0121 -0.0515 0.9986
vn -0.0016 0.1657 0.9862
vn 0.0318 0.5785 0.8151
vn -0.0639 0.5960 0.8005
vn -0.0084 0.3650 0.9310
vn 0.0071 0.4619 0.8869
vn 0.0088 0.5052 0.8630
vn -0.0079 0.4929 0.8701
vn 0.0791 0.5847 0.8074
vn -0.1329 0.5842 0.8007
vn -0.0063 0.5985 0.8011
vn -0.0072 0.5973 0.8020
vn -0.0113 0.5997 0.8001
vn -0.0022 0.5980 0.8015
vn -0.1222 0.5493 0.8267
vn 0.1208 0.5467 0.8286
vn -0.0324 0.5220 0.8523
vn -0.0194 0.5275 0.8494
vn 0.0012 -0.2487 0.9686
vn -0.0255 -0.3463 0.9378
vn -0.2047 -0.3207 0.9248
vn -0.1261 -0.3466 0.9295
vn -0.1141 -0.2644 0.9576
vn 0.1444 -0.1685 0.9751
vn 0.0290 -0.2131 0.9766
vn 0.1835 -0.2639 0.9469
vn -0.0538 -0.2372 0.9700
vn -0.2243 -0.2894 0.9305
vn -0.0349 -0.1870 0.9817
vn -0.0333 -0.1106 0.9933
vn -0.0524 -0.2533 0.9660
vn -0.0595 -0.2315 0.9710
vn 0.0124 -0.0336 0.9994
vn -0.1432 -0.0959 0.9850
vn 0.0236 0.0566 0.9981
vn -0.0782 0.0732 0.9942
vn 0.0418 0.0563 0.9975
vn -0.0265 0.0291 0.9992
vn 0.0068 0.0455 0.9989
vn -0.0099 0.0359 0.9993
vn -0.0277 -0.2324 0.9722
vn 0.0111 -0.2403 0.9706
vn 0.0025 -0.1700 0.9854
vn 0.0521 0.0378 0.9979
vn -0.0031 -0.1007 0.9949
vn -0.0224 0.0129 0.9997
vn 0.0023 0.0296 0.9996
vn -0.1189 0.5174 0.8474
vn 0.0821 0.5359 0.8403
vn -0.4104 -0.1209 0.9039
vn -0.0085 -0.0035 1.0000
vn -0.0122 -0.0178 0.9998
vn -0.0015 -0.0176 0.9998
vn 0.0493 -0.2654 0.9629
vn 0.0154 -0.0397 0.9991
vn -0.0979 -0.0497 0.9940
vn -0.1226 -0.0346 0.9919
vn 0.0038 -0.1204 0.9927
vn 0.0018 -0.0555 0.9985
vn 0.0239 -0.0491 0.9985
vn -0.0197 -0.0422 0.9989
vn 0.0076 -0.0774 0.9970
vn 0.0234 -0.0676 0.9974
vn 0.0014 -0.0567 0.9984
vn 0.0122 -0.0659 0.9978
vn -0.0766 -0.0628 0.9951
vn -0.0416 -0.0034 0.9991
vn -0.0531 -0.1082 0.9927
vn 0.0452 -0.1080 0.9931
vn -0.0254 -0.1330 0.9908
vn 0.0692 -0.1196 0.9904
vn 0.1142 0.0082 0.9934
vn 0.0263 -0.1326 0.9908
vn -0.2038 -0.2045 0.9574
vn 0.1543 0.2408 0.9582
vn 0.0794 0.3766 0.9230
vn 0.1150 0.2853 0.9515
vn 0.0584 0.6053 0.7938
vn -0.0127 0.6152 0.7883
vn 0.0218 0.6155 0.7878
vn 0.0557 0.6027 0.7960
vn 0.1101 0.4891 0.8653
vn 0.0132 0.4891 0.8721
vn 0.0367 0.5659 0.8237
vn 0.1387 0.1414 0.9802
vn -0.0017 0.0122 0.9999
vn 0.0280 0.5697 0.8214
vn -0.0737 0.5674 0.8201
vn -0.0551 0.5859 0.8085
vn 0.0190 -0.0213 0.9996
vn -0.0000 0.5310 0.8474
vn -0.1097 0.5174 0.8487
vn -0.0814 0.5485 0.8322
vn -0.0234 0.5640 0.8254
vn 0.0316 0.5652 0.8243
vn 0.0061 0.0355 0.9994
vn -0.0657 0.0479 0.9967
vn 0.0150 0.0368 0.9992
vn 0.0143 0.5124 0.8586
vn -0.4926 -0.4668 0.7345
vn -0.5608 -0.6183 0.5506
vn -0.2776 -0.3939 0.8762
vn 0.0110 0.5807 0.8140
vn -0.0514 0.0400 0.9979
vn 0.0108 0.5049 0.8631
vn -0.0410 0.6013 0.7980
vn 0.0327 0.0445 0.9985
vn -0.1403 -0.0124 0.9900
vn 0.2568 0.3921 0.8834
vn 0.0518 0.5701 0.8199
vn 0.0222 0.0612 0.9979
vn 0.0192 -0.1217 0.9924
vn -0.0456 -0.1068 0.9932
vn 0.0393 -0.1002 0.9942
vn -0.0570 -0.0841 0.9948
vn 0.0122 0.0272 0.9996
vn -0.0432 0.0322 0.9985
vn -0.0410 0.0221 0.9989
vn -0.0904 0.0617 0.9940
vn -0.1060 0.0146 0.9943
vn 0.0154 0.0322 0.9994
vn 0.0774 0.5443 0.8353
vn 0.1185 0.5116 0.8510
vn -0.0227 0.5330 0.8458
vn -0.0302 0.0019 0.9995
vn -0.0084 0.0028 1.0000
vn -0.0344 -0.0585 0.9977
vn 0.0622 -0.0594 0.9963
vn 0.0077 -0.0306 0.9995
vn -0.0092 -0.0384 0.9992
vn 0.0743 -0.0305 0.9968
vn -0.0265 -0.0340 0.9991
vn -0.0970 -0.0207 0.9951
vn 0.0067 -0.0300 0.9995
vn -0.0320 -0.0184 0.9993
vn -0.0134 -0.0514 0.9986
vn 0.0127 -0.0432 0.9990
vn 0.0948 -0.0158 0.9954
vn 0.0046 -0.1034 0.9946
vn 0.0360 -0.0942 0.9949
vn 0.0106 -0.1122 0.9936
vn 0.0015 -0.1075 0.9942
vn 0.0065 -0.1076 0.9942
vn -0.0978 0.0404 0.9944
vn -0.0985 0.0691 0.9927
vn 0.0148 -0.0964 0.9952
vn -0.0465 -0.0820 0.9955
vn 0.0141 -0.0538 0.9984
vn 0.0121 -0.0808 0.9967
vn -0.0092 -0.0947 0.9955
vn 0.0284 0.1141 0.9931
vn -0.0357 0.1091 0.9934
vn -0.0114 0.2442 0.9697
vn -0.0761 0.5950 0.8001
vn -0.0144 0.5853 0.8107
vn -0.1079 0.5701 0.8145
vn -0.1013 0.4284 0.8979
vn -0.1535 0.3443 0.9262
vn -0.1018 0.2635 0.9593
vn 0.0537 0.2292 0.9719
vn -0.0067 0.6138 0.7894
vn 0.1677 -0.9856 0.0231
vn -0.0131 0.5934 0.8048
vn -0.0093 0.6018 0.7986
vn -0.0060 0.5976 0.8018
vn 0.0327 0.5955 0.8027
vn 0.0255 0.5820 0.8128
vn -0.0008 0.5926 0.8055
vn -0.0123 0.5894 0.8077
vn 0.0001 0.5894 0.8079
vn 0.0775 0.5967 0.7987
vn -0.0751 0.5808 0.8106
vn 0.0314 0.5998 0.7996
vn -0.1351 0.4945 0.8586
vn -0.1040 -0.0913 0.9904
vn -0.0256 0.5530 0.8328
vn 0.0068 0.5570 0.8305
vn 0.0486 0.5723 0.8186
vn -0.0472 0.5696 0.8206
vn -0.0653 0.5092 0.8582
vn 0.0837 -0.1586 0.9838
vn -0.0836 0.3226 0.9428
vn 0.0133 0.3731 0.9277
vn -0.0511 0.5605 0.8266
vn 0.0067 0.5171 0.8559
vn 0.1330 0.5169 0.8457
vn 0.0725 -0.1178 0.9904
vn 0.0928 -0.0757 0.9928
vn 0.0187 0.0493 0.9986
vn -0.0174 0.5428 0.8397
vn -0.0175 0.5221 0.8527
vn 0.0026 0.5413 0.8409
vn -0.0312 0.5415 0.8401
vn -0.0121 0.5677 0.8232
vn 0.0130 0.0357 0.9993
vn 0.0861 0.0150 0.9962
vn -0.0326 -0.0039 0.9995
vn -0.0447 0.0090 0.9990
vn 0.0096 -0.0034 0.9999
vn 0.0104 0.0152 0.9998
vn -0.1288 0.0197 0.9915
vn 0.0035 -0.0109 0.9999
vn -0.0341 -0.0055 0.9994
vn 0.0002 -0.0191 0.9998
vn -0.0100 -0.0584 0.9982
vn -0.0379 -0.0467 0.9982
vn 0.0137 -0.0643 0.9978
vn 0.0110 -0.0783 0.9969
vn 0.0092 -0.0029 1.0000
vn -0.0685 -0.1099 0.9916
vn -0.0202 -0.0536 0.9984
vn -0.0287 0.3215 0.9465
vn -0.0241 0.4438 0.8958
vn -0.1289 0.1904 0.9732
vn -0.0227 0.5317 0.8466
vn -0.0176 0.5727 0.8195
vn -0.0697 0.6026 0.7950
vn 0.0084 0.5757 0.8176
vn 0.0053 0.5439 0.8391
vn -0.0425 0.5510 0.8334
vn -0.0185 0.5277 0.8492
vn 0.0009 0.5303 0.8478
vn 0.1653 0.9366 0.3090
vn 0.9579 0.2829 -0.0487
vn 0.8315 0.3872 0.3983
vn -0.7081 0.2806 -0.6480
vn -0.6602 0.2797 -0.6970
vn -0.7222 0.2882 -0.6288
vn 0.8825 -0.3973 -0.2516
vn 0.7958 -0.4010 -0.4538
vn 0.9967 0.0704 0.0415
vn 0.8238 -0.5663 0.0255
vn 0.7904 -0.6038 -0.1040
vn 0.3887 -0.8294 -0.4013
vn -0.2616 -0.9068 -0.3306
vn 0.9970 0.0262 0.0730
vn 0.9944 0.0656 0.0831
vn 0.8755 0.0545 -0.4801
vn -0.4962 -0.2812 -0.8214
vn -0.0626 -0.0462 -0.9970
vn -0.0951 -0.6061 -0.7896
vn 0.2438 0.0156 -0.9697
vn 0.2052 0.0961 -0.9740
vn 0.8648 0.1623 -0.4752
vn -0.0145 -0.2404 -0.9706
vn 0.0716 -0.1117 -0.9912
vn 0.6093 -0.2634 -0.7479
vn 0.8091 -0.3886 -0.4408
vn 0.8599 -0.3903 -0.3289
vn 0.6895 -0.3250 -0.6472
vn 0.0191 0.3718 -0.9281
vn -0.0006 0.4229 -0.9062
vn -0.0735 0.4530 -0.8885
vn 0.3328 0.1784 -0.9260
vn 0.1122 0.1029 -0.9883
vn 0.0807 0.1132 -0.9903
vn 0.1196 0.2057 -0.9713
vn 0.2145 0.1636 -0.9629
vn -0.0877 0.1552 -0.9840
vn -0.1048 0.0920 -0.9902
vn -0.1472 0.1023 -0.9838
vn 0.0715 0.1467 -0.9866
vn 0.0565 0.1178 -0.9914
vn 0.0939 0.1231 -0.9879
vn 0.0736 0.1365 -0.9879
vn 0.0573 0.1532 -0.9865
vn 0.0613 0.1373 -0.9886
vn 0.0019 0.3705 -0.9288
vn 0.0005 0.3616 -0.9323
vn 0.0150 0.3407 -0.9400
vn -0.1972 0.1091 -0.9743
vn -0.1280 0.1156 -0.9850
vn -0.1788 0.1261 -0.9758
vn -0.0140 0.1553 -0.9878
vn 0.0330 0.1434 -0.9891
vn -0.3686 -0.2037 -0.9070
vn -0.3084 -0.2055 -0.9288
vn -0.3735 -0.3113 -0.8739
vn -0.0238 0.2029 -0.9789
vn -0.0098 0.1758 -0.9844
vn 0.0882 0.1669 -0.9820
vn -0.2227 0.1732 -0.9594
vn -0.0068 -0.0036 -1.0000
vn 0.0660 0.3205 -0.9450
vn 0.6934 0.1180 -0.7108
vn 0.6129 0.1659 -0.7726
vn 0.2803 0.1224 -0.9521
vn 0.0188 0.2806 -0.9596
vn 0.0021 0.3152 -0.9490
vn 0.0013 0.2392 -0.9710
vn 0.7885 -0.6122 0.0592
vn 0.1004 0.1445 -0.9844
vn 0.5474 -0.7904 -0.2750
vn 0.9284 0.2678 -0.2575
vn -0.4631 -0.6857 -0.5615
vn 0.5008 -0.8570 -0.1213
vn 0.8192 -0.5662 0.0914
vn 0.9150 -0.3986 0.0623
vn -0.1133 0.8920 -0.4376
vn -0.0799 0.8970 -0.4348
vn -0.0518 0.9868 -0.1536
vn -0.2059 -0.7771 -0.5948
vn -0.4207 0.7933 -0.4401
vn -0.2878 0.7187 -0.6330
vn -0.3292 0.8465 -0.4185
vn -0.6386 -0.4139 -0.6488
vn -0.6584 -0.4184 -0.6257
vn -0.7841 -0.4070 -0.4686
vn -0.3429 -0.0878 -0.9353
vn -0.4346 -0.1988 -0.8784
vn 0.8752 -0.4786 -0.0710
vn 0.6585 -0.7481 -0.0821
vn 0.2579 -0.4638 -0.8476
vn 0.0268 -0.6228 -0.7819
vn -0.0757 0.1025 -0.9919
vn -0.0360 0.1142 -0.9928
vn -0.0889 0.2222 -0.9710
vn -0.0206 0.3428 -0.9392
vn -0.0874 0.3812 -0.9204
vn -0.1794 0.0130 -0.9837
vn -0.2369 0.0268 -0.9712
vn -0.2883 -0.0000 -0.9575
vn 0.0475 0.1324 -0.9901
vn 0.4374 -0.8988 -0.0284
vn 0.9611 -0.2691 -0.0618
vn -0.0039 -0.9862 -0.1655
vn 0.9615 -0.2355 -0.1414
vn 0.9356 -0.3325 -0.1189
vn 0.9176 -0.3261 -0.2275
vn -0.1956 0.6774 -0.7091
vn -0.1717 0.6267 -0.7601
vn -0.1568 0.7963 -0.5842
vn 0.8767 -0.2914 -0.3827
vn 0.7776 -0.2522 -0.5759
vn -0.0889 0.7681 -0.6341
vn -0.1167 0.6306 -0.7673
vn -0.1162 0.5249 -0.8432
vn 0.3166 -0.1795 -0.9314
vn 0.4904 -0.1894 -0.8507
vn 0.4499 -0.3310 -0.8295
vn -0.0072 0.0990 -0.9951
vn -0.2554 0.7830 -0.5671
vn -0.2852 0.7332 -0.6173
vn 0.0084 -0.3031 -0.9529
vn -0.0032 -0.2857 -0.9583
vn -0.0017 -0.3367 -0.9416
vn -0.0277 -0.3723 -0.9277
vn -0.0897 -0.3395 -0.9363
vn 0.0238 -0.3326 -0.9428
vn -0.0274 0.3916 -0.9197
vn 0.3830 -0.1838 -0.9053
vn 0.4469 0.1005 -0.8889
vn 0.0383 0.1044 -0.9938
vn 0.0451 0.0894 -0.9950
vn -0.0162 0.0870 -0.9961
vn -0.0672 0.4225 -0.9039
vn -0.1377 0.4178 -0.8981
vn -0.0545 0.3774 -0.9244
vn 0.2860 0.1659 -0.9438
vn 0.2314 0.1170 -0.9658
vn -0.0778 -0.1118 -0.9907
vn -0.0508 -0.0318 -0.9982
vn -0.1246 -0.0587 -0.9905
vn 0.9279 -0.3079 -0.2104
vn 0.9390 -0.3263 -0.1088
vn -0.0093 -0.3665 -0.9304
vn -0.0067 -0.3791 -0.9253
vn -0.0030 -0.3676 -0.9300
vn -0.0005 -0.0651 -0.9979
vn 0.0050 0.0010 -1.0000
vn 0.3700 -0.8514 -0.3718
vn 0.2446 -0.9232 -0.2963
vn -0.0231 0.0277 -0.9993
vn -0.0011 -0.3618 -0.9323
vn -0.0024 -0.3646 -0.9312
vn 0.0061 -0.3461 -0.9382
vn 0.0017 -0.3683 -0.9297
vn 0.0433 -0.2451 -0.9685
vn 0.0386 -0.1968 -0.9797
vn 0.0251 -0.2604 -0.9652
vn -0.1614 0.7123 -0.6831
vn -0.0852 0.7968 -0.5982
vn -0.0073 -0.1518 -0.9884
vn -0.0021 -0.2226 -0.9749
vn 0.0140 -0.1906 -0.9816
vn 0.0401 -0.3001 -0.9531
vn 0.0209 -0.3195 -0.9474
vn -0.1744 0.5349 -0.8267
vn 0.0606 -0.2180 -0.9741
vn 0.9117 -0.3833 -0.1480
vn -0.0156 -0.3016 -0.9533
vn -0.0178 -0.3440 -0.9388
vn -0.0054 -0.3480 -0.9375
vn -0.1007 0.7714 -0.6284
vn -0.1445 0.4234 -0.8943
vn -0.1516 0.3092 -0.9388
vn -0.1799 0.4221 -0.8885
vn 0.0231 -0.0439 -0.9988
vn 0.0493 0.0195 -0.9986
vn 0.0140 0.0224 -0.9997
vn -0.1513 0.3767 -0.9139
vn 0.2537 -0.1865 -0.9491
vn 0.0591 0.3458 -0.9364
vn -0.9217 0.3855 0.0420
vn -0.9455 0.3254 0.0139
vn -0.9195 0.3882 -0.0614
vn 0.0001 0.1880 -0.9822
vn 0.0406 0.2278 -0.9728
vn -0.1944 0.4662 -0.8631
vn -0.9483 0.3164 -0.0239
vn -0.9334 0.3481 0.0874
vn -0.9393 0.3221 -0.1180
vn 0.0850 0.1878 -0.9785
vn 0.0354 0.1486 -0.9883
vn -0.2060 0.4207 -0.8835
vn -0.3317 0.4360 -0.8366
vn -0.2785 0.4456 -0.8508
vn -0.3281 0.0719 -0.9419
vn -0.4039 0.0557 -0.9131
vn -0.3413 0.0319 -0.9394
vn -0.2553 0.5514 -0.7942
vn -0.9878 -0.1505 -0.0404
vn -0.9758 -0.1927 -0.1033
vn -0.9732 -0.1692 -0.1560
vn 0.0051 0.2410 -0.9705
vn -0.0008 0.3466 -0.9380
vn -0.9880 -0.1088 0.1097
vn -0.9861 -0.1292 0.1044
vn -0.9938 -0.1112 0.0039
vn -0.0638 -0.3295 -0.9420
vn -0.1211 -0.3478 -0.9297
vn -0.1052 -0.3828 -0.9178
vn -0.2567 0.3454 -0.9026
vn -0.2466 0.1501 -0.9574
vn -0.2535 0.1695 -0.9524
vn -0.3685 0.1672 -0.9145
vn -0.3478 0.5682 -0.7458
vn 0.0077 0.1231 -0.9924
vn 0.0391 0.1139 -0.9927
vn 0.0452 0.1243 -0.9912
vn -0.5136 0.5729 -0.6388
vn -0.3685 0.4733 -0.8001
vn -0.8518 -0.0028 -0.5239
vn -0.8339 -0.0465 -0.5500
vn -0.7969 0.0033 -0.6041
vn -0.0072 -0.0810 -0.9967
vn -0.0056 -0.0095 -0.9999
vn -0.4700 0.4185 -0.7771
vn -0.5043 0.3939 -0.7685
vn -0.5413 0.3981 -0.7406
vn 0.0133 0.0441 -0.9989
vn 0.7864 -0.3961 -0.4741
vn -0.9130 0.3682 0.1754
vn -0.9404 0.3042 0.1523
vn -0.5092 0.2430 -0.8256
vn -0.5092 0.2092 -0.8349
vn -0.4470 0.2292 -0.8647
vn -0.9352 -0.3063 -0.1777
vn -0.0831 0.5469 0.8331
vn -0.4119 0.8850 -0.2170
vn -0.3704 -0.9030 -0.2177
vn 0.9900 -0.1410 0.0055
vn 0.9286 -0.3691 -0.0394
vn 0.3153 -0.0758 -0.9460
vn 0.2407 -0.1140 -0.9639
vn 0.1964 0.0081 -0.9805
vn -0.9357 0.2761 0.2196
vn -0.9099 0.3431 0.2332
vn -0.9406 0.3223 0.1065
vn 0.9102 0.3596 0.2055
vn -0.7488 -0.2268 -0.6228
vn -0.7591 -0.6065 -0.2365
vn 0.5127 -0.8382 -0.1859
vn -0.3762 0.8257 -0.4202
vn 0.0585 0.3661 -0.9287
vn -0.0582 0.4472 -0.8926
vn -0.3610 -0.5426 -0.7585
vn 0.6789 0.1440 -0.7200
vn -0.9869 -0.1614 0.0056
vn -0.9848 -0.1451 0.0951
vn -0.6003 0.6440 -0.4742
vn -0.7474 0.6163 -0.2479
vn -0.9232 0.3631 -0.1256
vn -0.8963 0.4081 -0.1736
vn -0.9849 -0.0835 0.1513
vn -0.9967 -0.0311 0.0748
vn -0.9802 -0.0445 0.1928
vn -0.3049 -0.7711 -0.5590
vn -0.4234 0.4035 -0.8111
vn -0.2427 0.8802 -0.4078
vn -0.3812 0.9244 0.0091
vn -0.9880 -0.1045 0.1135
vn -0.8688 0.4166 -0.2678
vn -0.8277 -0.1255 -0.5470
vn -0.1975 0.9739 0.1115
vn -0.9553 0.0454 -0.2922
vn -0.9632 0.1975 -0.1824
vn -0.9764 0.2142 0.0264
vn -0.9719 0.2253 -0.0686
vn -0.9795 0.2013 -0.0034
vn 0.9878 0.0421 0.1500
vn -0.9752 0.1760 0.1340
vn -0.9674 0.2175 0.1298
vn -0.8543 0.5045 0.1252
vn -0.9739 0.2027 -0.1027
vn -0.9464 0.2327 -0.2242
vn -0.9843 0.1465 -0.0984
vn -0.9737 0.2124 -0.0817
vn -0.9830 0.1823 0.0226
vn -0.9247 0.3429 -0.1657
vn -0.9327 0.3601 -0.0203
vn 0.0469 0.2903 -0.9558
vn -0.9834 0.0920 0.1566
vn -0.9699 0.0010 0.2434
vn -0.9937 0.0140 0.1116
vn -0.9526 0.2532 -0.1685
vn -0.9733 0.2295 -0.0033
vn 0.0068 0.1422 -0.9898
vn 0.0053 0.0953 -0.9954
vn 0.0191 0.1167 -0.9930
vn -0.7592 0.2893 -0.5831
vn -0.9058 0.3260 0.2708
vn -0.9279 0.2351 0.2892
vn -0.8942 0.3613 0.2645
vn -0.9192 0.3739 0.1233
vn -0.9081 0.3453 0.2368
vn 0.0137 0.0323 -0.9994
vn -0.0632 0.0545 -0.9965
vn 0.1258 -0.0453 -0.9910
vn -0.9207 0.2194 -0.3229
vn -0.4735 -0.1933 -0.8593
vn -0.5456 -0.2743 -0.7919
vn -0.1053 -0.6411 -0.7602
vn -0.3054 0.6302 -0.7139
vn -0.4056 0.6616 -0.6307
vn 0.3050 -0.0411 -0.9514
vn 0.9953 0.0816 0.0521
vn 0.5109 -0.4713 0.7189
vn 0.9687 -0.0217 -0.2472
vn -0.4239 0.0947 -0.9008
vn -0.4643 -0.0117 -0.8856
vn -0.0338 0.9643 -0.2626
vn 0.0205 -0.1749 -0.9844
vn -0.0346 -0.2067 -0.9778
vn 0.0034 -0.2643 -0.9644
vn 0.3423 0.1226 -0.9316
vn 0.3435 0.1912 -0.9195
vn 0.0338 0.8349 -0.5493
vn -0.1995 0.9793 -0.0332
vn -0.9978 -0.0649 0.0133
vn -0.6150 -0.2487 -0.7483
vn -0.9880 -0.1462 -0.0506
vn -0.9842 -0.1700 -0.0496
vn -0.9815 -0.1857 -0.0458
vn -0.9654 -0.1203 -0.2313
vn -0.9581 -0.2139 -0.1905
vn -0.9405 -0.1914 -0.2808
vn -0.1418 0.4728 -0.8697
vn -0.9972 -0.0135 -0.0731
vn -0.9935 -0.0454 -0.1040
vn -0.9814 -0.1916 -0.0073
vn -0.9850 -0.1675 -0.0421
vn 0.7220 -0.2431 -0.6478
vn 0.8670 -0.2824 -0.4105
vn -0.9890 -0.1474 0.0089
vn -0.9887 -0.1474 -0.0264
vn -0.9244 -0.3425 -0.1680
vn -0.9683 -0.2397 -0.0699
vn -0.9428 -0.3073 -0.1295
vn -0.6630 -0.3743 -0.6483
vn -0.9050 -0.2932 -0.3083
vn 0.1362 0.2112 -0.9679
vn 0.2291 0.1995 -0.9527
vn 0.2284 0.1413 -0.9633
vn -0.7872 -0.5912 0.1753
vn 0.4735 -0.7585 -0.4478
vn -0.9831 -0.1789 -0.0380
vn -0.9806 -0.1875 -0.0567
vn -0.9878 -0.1523 -0.0316
vn -0.5666 -0.8152 0.1199
vn -0.9843 -0.1757 -0.0191
vn -0.0799 -0.9209 0.3816
vn 0.5580 0.6777 0.4790
vn 0.1645 -0.7384 0.6540
vn -0.8976 0.4237 0.1219
vn -0.1601 -0.3929 -0.9055
vn -0.0859 -0.4205 -0.9032
vn -0.2457 -0.4124 -0.8772
vn -0.9053 0.2541 -0.3405
vn -0.8810 0.2478 -0.4031
vn -0.2828 0.0519 -0.9578
vn -0.3691 -0.0004 -0.9294
vn -0.9879 -0.1551 -0.0002
vn -0.9402 -0.0870 -0.3295
vn -0.9637 -0.0481 -0.2626
vn 0.0665 -0.0864 -0.9940
vn 0.0918 -0.1565 -0.9834
vn -0.0154 -0.1765 -0.9842
vn -0.3610 -0.6219 0.6949
vn -0.1132 -0.6195 -0.7768
vn 0.2658 -0.8178 -0.5104
vn -0.3425 -0.4317 -0.8345
vn -0.3708 -0.4124 -0.8321
vn -0.4765 0.8550 0.2048
vn -0.8699 0.2474 -0.4266
vn -0.3418 0.1571 -0.9266
vn -0.4599 0.2041 -0.8642
vn -0.3982 0.2028 -0.8946
vn -0.9562 0.2354 0.1738
vn -0.9609 0.2767 -0.0030
vn -0.9702 0.2173 -0.1067
vn -0.9543 0.2436 -0.1733
vn -0.9345 0.2260 -0.2751
vn -0.8387 0.2602 -0.4783
vn 0.5844 -0.3473 -0.7334
vn 0.8915 -0.4199 -0.1699
vn 0.5704 -0.4361 -0.6961
vn -0.1629 -0.9740 0.1577
vn 0.3549 0.0288 -0.9345
vn 0.0324 0.1738 -0.9843
vn -0.0539 0.4163 -0.9076
vn -0.1853 0.2550 -0.9490
vn -0.2458 0.1475 -0.9580
vn -0.2176 0.2434 -0.9452
vn -0.2406 0.1397 -0.9605
vn 0.0897 0.2578 -0.9620
vn 0.0718 0.3144 -0.9466
vn 0.1395 0.3091 -0.9407
vn 0.1409 0.3457 -0.9277
vn 0.0576 0.3798 -0.9233
vn -0.0127 0.2673 -0.9635
vn -0.0900 0.2634 -0.9605
vn -0.0242 0.2348 -0.9717
vn 0.2111 0.2866 -0.9345
vn 0.1455 0.3042 -0.9414
vn 0.2573 0.2394 -0.9362
vn 0.0890 0.2336 -0.9683
vn 0.1009 0.2367 -0.9663
vn 0.1185 0.1772 -0.9770
vn 0.6677 -0.1297 -0.7331
vn 0.4804 -0.1774 -0.8589
vn 0.5275 -0.1143 -0.8419
vn 0.4645 -0.0009 -0.8856
vn 0.3395 -0.0199 -0.9404
vn -0.2084 0.1590 -0.9650
vn -0.2871 0.2227 -0.9317
vn -0.1762 0.1383 -0.9746
vn 0.2480 0.2579 -0.9338
vn 0.1821 0.2507 -0.9508
vn 0.6407 -0.3127 -0.7012
vn 0.1977 0.0762 -0.9773
vn 0.1011 0.1100 -0.9888
vn 0.4554 -0.2298 -0.8601
vn -0.5563 0.3241 -0.7651
vn -0.6265 0.3258 -0.7081
vn -0.5747 0.3404 -0.7442
vn 0.0684 0.1768 -0.9819
vn 0.0333 0.2422 -0.9697
vn 0.1243 0.1734 -0.9770
vn -0.5834 0.2695 -0.7662
vn -0.6143 0.2931 -0.7326
vn -0.1312 0.0890 -0.9874
vn -0.7985 0.2821 -0.5318
vn -0.8368 0.2741 -0.4739
vn -0.7905 0.2940 -0.5372
vn -0.9447 0.0899 0.3155
vn -0.5455 0.1876 -0.8168
vn -0.5369 0.1619 -0.8280
vn -0.4754 0.1763 -0.8619
vn 0.0706 0.1267 -0.9894
vn -0.1536 0.1365 -0.9787
vn -0.0522 0.1270 -0.9905
vn -0.0832 0.1421 -0.9863
vn -0.9522 0.1062 -0.2864
vn -0.9300 0.1855 -0.3173
vn -0.9672 0.1382 -0.2131
vn -0.9134 0.3965 -0.0925
vn -0.9987 0.0241 -0.0459
vn -0.9841 0.0455 -0.1718
vn -0.9855 0.0851 -0.1469
vn -0.9973 0.0679 -0.0278
vn -0.9916 -0.1229 0.0408
vn -0.9833 -0.1676 0.0714
vn -0.9824 -0.1148 -0.1474
vn -0.0517 0.0611 -0.9968
vn -0.0941 0.0258 -0.9952
vn -0.0353 -0.3951 -0.9180
vn -0.0345 -0.3589 -0.9327
vn -0.4072 -0.0124 -0.9133
vn -0.1554 0.0431 -0.9869
vn -0.0131 0.1362 -0.9906
vn -0.1802 0.1917 -0.9648
vn -0.1747 0.2162 -0.9606
vn -0.2661 0.2077 -0.9413
vn -0.9819 -0.1671 -0.0888
vn -0.9817 0.1716 -0.0825
vn -0.5219 -0.4006 -0.7531
vn -0.5118 -0.4071 -0.7565
vn -0.6746 -0.4213 -0.6062
vn -0.7704 -0.3961 -0.4997
vn -0.6332 -0.4215 -0.6491
vn -0.2765 -0.4486 -0.8499
vn -0.4168 -0.4474 -0.7913
vn 0.0276 -0.3508 -0.9360
vn 0.0096 -0.3618 -0.9322
vn -0.1354 -0.2329 -0.9630
vn -0.1536 -0.1233 -0.9804
vn -0.2068 -0.1951 -0.9587
vn -0.2644 -0.4169 -0.8696
vn -0.2194 -0.4312 -0.8752
vn -0.1886 -0.3931 -0.8999
vn -0.8240 0.2670 -0.4998
vn -0.9969 0.0776 -0.0116
vn -0.1880 -0.3110 -0.9316
vn -0.2239 -0.3291 -0.9174
vn -0.1224 -0.3011 -0.9457
vn 0.0423 0.1163 -0.9923
vn 0.0689 0.1387 -0.9879
vn 0.1165 0.1201 -0.9859
vn 0.0378 -0.1224 -0.9918
vn 0.0740 -0.1052 -0.9917
vn 0.0619 -0.0452 -0.9971
vn 0.0677 0.0923 -0.9934
vn 0.0304 0.0750 -0.9967
vn 0.1109 -0.0442 -0.9928
vn 0.1173 -0.1084 -0.9872
vn 0.1364 -0.0587 -0.9889
vn -0.0012 -0.4056 -0.9141
vn -0.6723 0.2799 -0.6853
vn -0.7369 0.2581 -0.6248
vn -0.9323 0.2513 -0.2601
vn -0.9015 0.2689 -0.3391
vn -0.9130 0.2355 -0.3331
vn -0.7424 0.3034 -0.5972
vn -0.8021 0.2608 -0.5372
vn 0.8900 -0.3928 -0.2316
vn -0.6297 -0.7047 -0.3269
vn -0.3471 -0.0500 -0.9365
vn -0.0070 0.0495 -0.9987
vn -0.0818 0.1983 -0.9767
vn 0.1002 0.2229 -0.9697
vn 0.2610 0.2304 -0.9374
vn 0.5764 0.3414 -0.7425
vn -0.1033 -0.8508 0.5153
vn -0.8088 0.2677 -0.5236
vn -0.7846 0.2655 -0.5603
vn -0.5368 0.2761 -0.7972
vn -0.4356 0.2514 -0.8643
vn -0.4940 0.2589 -0.8300
vn -0.9614 0.2549 -0.1037
vn -0.9358 0.2730 -0.2229
vn -0.9010 0.3612 -0.2403
vn -0.9700 0.2229 0.0968
vn -0.9597 0.1913 0.2057
vn -0.9580 0.2816 -0.0537
vn -0.0587 0.1706 -0.9836
vn -0.9828 -0.0635 -0.1735
vn -0.9942 0.0086 -0.1076
vn -0.9703 -0.2099 -0.1206
vn 0.0274 0.0699 -0.9972
vn -0.1338 -0.0082 -0.9910
vn -0.0889 0.0829 -0.9926
vn -0.1311 0.0947 -0.9868
vn -0.1580 0.0827 -0.9840
vn -0.1126 0.1289 -0.9852
vn -0.8343 -0.5268 0.1627
vn 0.2492 -0.9578 0.1434
vn -0.9787 -0.2049 0.0091
vn -0.9745 -0.2220 -0.0331
vn -0.9610 -0.2444 -0.1292
vn -0.9639 -0.2201 -0.1501
vn -0.9749 -0.1841 -0.1251
vn -0.9631 -0.2083 -0.1702
vn -0.7167 -0.3780 -0.5861
vn -0.9834 -0.1692 -0.0657
vn -0.9582 -0.2306 -0.1691
vn 0.0023 -0.3251 -0.9457
vn -0.0265 -0.3160 -0.9484
vn 0.0217 -0.3867 -0.9220
vn 0.0103 -0.3825 -0.9239
vn -0.0183 -0.1136 -0.9934
vn -0.0623 -0.2760 -0.9591
vn -0.4902 -0.2895 -0.8221
vn -0.4176 -0.2789 -0.8648
vn -0.4735 -0.3367 -0.8139
vn -0.5554 -0.3310 -0.7629
vn -0.9641 -0.2539 -0.0782
vn 0.0103 -0.1173 -0.9930
vn 0.0954 0.0188 -0.9953
vn 0.1312 0.0695 -0.9889
vn 0.0755 0.0597 -0.9954
vn 0.0050 -0.2560 -0.9667
vn -0.6215 0.2511 -0.7420
vn -0.8785 0.2896 -0.3799
vn -0.8407 0.3008 -0.4503
vn -0.8803 0.2864 -0.3783
vn 0.9395 -0.3098 -0.1463
vn 0.0990 0.2350 -0.9669
vn -0.1767 0.3662 -0.9136
vn -0.1892 0.3011 -0.9346
vn 0.0380 0.2394 -0.9702
vn 0.0603 0.2629 -0.9629
vn -0.0839 0.2574 -0.9627
vn -0.0783 0.3056 -0.9489
vn 0.0450 0.3778 -0.9248
vn -0.1787 0.1744 -0.9683
vn 0.0698 0.0801 -0.9943
vn -0.0286 0.1564 -0.9873
vn -0.9453 0.2862 -0.1568
vn -0.9309 0.2894 -0.2227
vn -0.9209 0.3891 -0.0205
vn -0.9952 0.0860 0.0471
vn -0.9922 -0.0947 -0.0813
vn -0.9833 0.0001 -0.1821
vn -0.9841 -0.1267 0.1247
vn -0.9901 -0.1357 0.0371
vn -0.9644 -0.2164 -0.1522
vn -0.0865 0.1543 -0.9842
vn -0.9602 -0.2724 -0.0610
vn -0.9156 -0.3555 -0.1880
vn -0.8562 -0.3943 -0.3339
vn -0.8949 -0.3531 -0.2731
vn -0.9874 -0.1496 -0.0511
vn 0.0388 -0.2699 -0.9621
vn -0.0867 -0.1707 -0.9815
vn -0.5864 -0.1805 -0.7896
vn -0.8784 0.2518 -0.4061
vn -0.8413 0.2574 -0.4754
vn -0.8676 0.2796 -0.4111
vn -0.8335 0.2971 -0.4658
vn -0.5594 0.3655 -0.7440
vn -0.6349 0.3394 -0.6941
vn -0.5888 0.3721 -0.7175
vn -0.6207 0.3215 -0.7151
vn -0.6645 0.2999 -0.6844
vn -0.6780 0.3199 -0.6618
vn -0.7315 0.3096 -0.6075
vn -0.7097 0.3127 -0.6313
vn -0.6738 0.3270 -0.6626
vn -0.7050 0.3229 -0.6314
vn -0.5599 0.3047 -0.7705
vn -0.9240 0.2683 -0.2726
vn -0.5639 0.2357 -0.7915
vn -0.9658 0.2553 0.0451
vn -0.9554 0.2676 -0.1249
vn -0.9219 0.2776 -0.2703
vn -0.2672 0.1557 -0.9510
vn 0.0570 -0.0041 -0.9984
vn 0.1100 0.1333 -0.9849
vn 0.1087 0.1694 -0.9795
vn -0.2055 0.2140 -0.9550
vn -0.1701 0.4796 -0.8609
vn -0.1945 0.3738 -0.9069
vn -0.0126 0.3680 -0.9297
vn -0.2295 0.0723 -0.9706
vn -0.1585 0.2177 -0.9631
vn -0.2922 -0.0038 -0.9563
vn -0.3739 -0.0904 -0.9231
vn 0.0149 0.3163 -0.9486
vn 0.0294 0.2122 -0.9768
vn -0.0838 0.3706 -0.9250
vn -0.1913 0.3497 -0.9171
vn -0.1941 0.4415 -0.8760
vn -0.4116 0.4172 -0.8103
vn 0.0346 0.3283 -0.9440
vn -0.9204 0.3391 -0.1947
vn -0.9162 0.2821 -0.2845
vn -0.8657 0.3686 -0.3387
vn -0.8183 0.2930 -0.4944
vn -0.8384 0.2992 -0.4555
vn -0.8794 0.2848 -0.3815
vn -0.9156 0.3025 -0.2648
vn -0.8971 0.3187 -0.3062
vn -0.8810 0.3870 -0.2721
vn -0.8545 0.3522 -0.3818
vn -0.9539 0.2681 -0.1348
vn -0.9610 0.2214 -0.1660
vn -0.1166 0.1813 -0.9765
vn -0.3560 0.2066 -0.9114
vn -0.3130 0.2255 -0.9226
vn -0.1590 0.1554 -0.9750
vn -0.1766 0.1691 -0.9697
vn -0.9586 0.0570 -0.2790
vn -0.9567 0.0183 -0.2905
vn -0.9364 -0.2515 -0.2446
vn -0.9311 -0.2647 -0.2511
vn -0.9178 -0.2594 -0.3007
vn -0.9097 -0.1898 -0.3693
vn -0.1471 0.0675 -0.9868
vn -0.2693 0.0952 -0.9583
vn -0.1865 0.0972 -0.9776
vn -0.2262 0.0626 -0.9721
vn -0.1972 -0.0389 -0.9796
vn -0.2439 -0.1070 -0.9639
vn -0.2852 -0.0489 -0.9572
vn -0.4557 -0.1613 -0.8754
vn -0.3549 -0.1282 -0.9261
vn -0.4154 -0.0732 -0.9067
vn -0.5006 -0.0750 -0.8624
vn -0.3464 -0.0417 -0.9372
vn -0.1384 0.1072 -0.9846
vn -0.2527 0.1302 -0.9587
vn -0.2893 0.1172 -0.9500
vn -0.2663 0.1813 -0.9467
vn -0.1913 -0.3172 -0.9289
vn -0.1023 -0.4202 -0.9017
vn 0.1126 0.0736 -0.9909
vn -0.9101 0.2734 -0.3113
vn -0.7916 0.3199 -0.5206
vn -0.7785 0.3132 -0.5440
vn -0.3458 0.1855 -0.9198
vn 0.1046 0.0934 -0.9901
vn 0.0624 0.1724 -0.9831
vn 0.0360 0.2470 -0.9683
vn -0.0486 0.3827 -0.9226
vn -0.1301 0.5083 -0.8513
vn -0.1873 0.4932 -0.8495
vn -0.1186 0.4323 -0.8939
vn -0.0671 0.2902 -0.9546
vn -0.0091 0.1719 -0.9851
vn -0.1769 0.2913 -0.9401
vn -0.0820 0.3106 -0.9470
vn 0.0550 0.2744 -0.9600
vn -0.0669 0.3203 -0.9449
vn -0.2831 0.4399 -0.8523
vn -0.3398 0.4543 -0.8235
vn -0.1086 0.2304 -0.9670
vn -0.8204 0.3955 -0.4130
vn -0.7963 0.3908 -0.4617
vn -0.7487 0.3883 -0.5373
vn -0.6514 0.3809 -0.6562
vn -0.5856 0.3595 -0.7265
vn -0.6660 0.3583 -0.6542
vn -0.9030 0.0064 -0.4297
vn -0.9248 0.0267 -0.3795
vn -0.9338 -0.0221 -0.3572
vn -0.9499 0.2057 -0.2353
vn -0.9289 0.0560 -0.3659
vn -0.5064 -0.4469 -0.7374
vn -0.6239 -0.4439 -0.6432
vn -0.4906 -0.4447 -0.7493
vn -0.4300 0.0201 -0.9026
vn -0.2372 0.0834 -0.9679
vn -0.1343 -0.4287 -0.8934
vn -0.2171 -0.4310 -0.8758
vn -0.3473 0.1302 -0.9287
vn -0.3446 0.1829 -0.9208
vn -0.0356 -0.3020 -0.9527
vn 0.1443 0.0183 -0.9894
vn 0.0568 -0.1653 -0.9846
vn 0.0557 -0.2232 -0.9732
vn 0.0972 -0.1652 -0.9815
vn 0.0061 -0.2606 -0.9654
vn -0.1708 0.5449 -0.8210
vn -0.1661 0.5588 -0.8125
vn -0.1480 0.5043 -0.8507
vn -0.2323 0.5955 -0.7690
vn -0.2065 0.6316 -0.7473
vn -0.4237 0.9029 -0.0723
vn -0.0847 0.2183 -0.9722
vn -0.1338 0.2295 -0.9641
vn -0.3106 0.4071 -0.8590
vn -0.2281 0.3999 -0.8877
vn -0.1590 0.3604 -0.9191
vn -0.2344 0.2462 -0.9405
vn -0.3279 0.2592 -0.9085
vn -0.3956 0.2416 -0.8861
vn -0.4675 0.4085 -0.7839
vn -0.5137 0.3869 -0.7658
vn -0.5021 0.3660 -0.7836
vn -0.5190 0.4082 -0.7510
vn -0.4574 0.4293 -0.7788
vn -0.4250 0.1891 -0.8852
vn -0.1674 0.3093 -0.9361
vn -0.2737 0.3417 -0.8991
vn -0.2269 0.2802 -0.9327
vn -0.9149 0.1034 -0.3901
vn -0.8869 0.0702 -0.4566
vn -0.7604 0.2075 -0.6154
vn -0.7206 0.1721 -0.6716
vn -0.6940 0.2247 -0.6840
vn -0.8976 -0.0636 -0.4362
vn -0.2684 -0.3678 -0.8903
vn -0.3318 -0.4294 -0.8400
vn -0.2533 -0.2618 -0.9313
vn -0.4971 -0.0071 -0.8677
vn -0.5511 -0.0265 -0.8340
vn -0.8567 -0.2597 -0.4456
vn -0.8425 -0.2034 -0.4988
vn -0.8827 -0.1640 -0.4404
vn -0.3535 -0.4454 -0.8226
vn -0.4135 -0.4349 -0.8000
vn -0.5224 -0.4247 -0.7394
vn -0.4370 -0.4048 -0.8032
vn -0.4671 -0.4266 -0.7745
vn -0.1542 -0.3210 -0.9344
vn -0.2056 -0.3547 -0.9121
vn -0.2759 -0.3852 -0.8806
vn -0.1040 -0.2875 -0.9521
vn -0.0647 -0.2771 -0.9586
vn -0.9022 0.2906 -0.3186
vn -0.8322 0.3061 -0.4624
vn -0.6594 0.3477 -0.6666
vn -0.6165 0.3747 -0.6924
vn -0.4874 0.3576 -0.7966
vn -0.7300 0.3341 -0.5962
vn -0.6962 0.3481 -0.6278
vn -0.3094 0.3616 -0.8795
vn -0.4112 0.3705 -0.8328
vn -0.3991 0.4409 -0.8040
vn -0.4778 0.3563 -0.8030
vn -0.5394 0.4025 -0.7396
vn -0.4600 0.3896 -0.7979
vn -0.6103 0.3752 -0.6977
vn -0.2602 0.2955 -0.9192
vn -0.3502 0.2935 -0.8895
vn -0.4015 0.3491 -0.8467
vn -0.4475 0.3299 -0.8312
vn -0.4819 0.3030 -0.8222
vn -0.5011 0.2680 -0.8229
vn -0.4065 0.4242 -0.8092
vn -0.4651 0.3710 -0.8038
vn -0.5616 0.3853 -0.7322
vn -0.4552 0.2642 -0.8503
vn -0.3616 0.3641 -0.8583
vn -0.3556 0.4116 -0.8391
vn -0.4171 0.3758 -0.8275
vn -0.5722 0.3619 -0.7359
vn -0.6352 0.3528 -0.6871
vn -0.5702 0.2157 -0.7926
vn -0.5107 0.3254 -0.7958
vn -0.5103 0.2841 -0.8117
vn -0.4457 0.3242 -0.8344
vn -0.4032 0.2794 -0.8714
vn -0.5542 0.3031 -0.7753
vn -0.6932 0.3417 -0.6346
vn -0.5346 0.3462 -0.7709
vn -0.5626 0.3345 -0.7560
vn -0.6791 0.3493 -0.6457
vn -0.8508 0.3029 -0.4294
vn -0.7938 0.3200 -0.5172
vn -0.7217 0.3302 -0.6084
vn -0.7624 0.3140 -0.5658
vn -0.8058 0.2634 -0.5304
vn -0.7203 0.2746 -0.6370
vn -0.1695 0.1540 -0.9734
vn -0.1386 0.6059 -0.7834
vn -0.6026 0.1521 -0.7834
vn -0.5588 0.1257 -0.8197
vn -0.3583 0.1478 -0.9218
vn -0.8984 -0.3334 -0.2858
vn -0.8286 -0.3842 -0.4073
vn -0.8254 -0.3906 -0.4076
vn -0.3751 0.1125 -0.9201
vn -0.4109 0.1304 -0.9023
vn -0.4725 0.1137 -0.8739
vn -0.2627 -0.3447 -0.9012
vn -0.4381 -0.4241 -0.7926
vn -0.5483 -0.1750 -0.8178
vn -0.6389 -0.1853 -0.7466
vn -0.5687 -0.3172 -0.7589
vn -0.9293 -0.3086 -0.2029
vn -0.8805 -0.3638 -0.3038
vn -0.5194 -0.4131 -0.7480
vn -0.5885 -0.4373 -0.6801
vn -0.6378 -0.4408 -0.6316
vn -0.7447 -0.4189 -0.5195
vn -0.5368 -0.4308 -0.7254
vn -0.3755 -0.3959 -0.8380
vn -0.4383 -0.4043 -0.8028
vn -0.4387 -0.3778 -0.8153
vn -0.3034 -0.3754 -0.8758
vn -0.0202 -0.2469 -0.9688
vn -0.1580 -0.2602 -0.9525
vn -0.8796 0.2907 -0.3765
vn -0.8007 0.3049 -0.5157
vn -0.7677 0.3284 -0.5503
vn -0.7529 0.3203 -0.5750
vn -0.7457 0.3242 -0.5821
vn -0.3660 0.2900 -0.8843
vn -0.4053 0.2622 -0.8757
vn -0.6612 0.1592 -0.7331
vn -0.6976 0.1321 -0.7042
vn -0.6363 0.1301 -0.7604
vn -0.5711 0.2546 -0.7804
vn -0.6685 0.1922 -0.7185
vn -0.6090 0.1889 -0.7703
vn -0.6358 0.1028 -0.7650
vn -0.4406 0.1574 -0.8838
vn -0.8532 -0.1250 -0.5064
vn -0.8623 0.0368 -0.5050
vn -0.4539 0.0946 -0.8860
vn -0.4676 0.0652 -0.8816
vn -0.3722 0.0887 -0.9239
vn -0.5007 0.0410 -0.8647
vn -0.5477 0.0486 -0.8353
vn -0.7613 -0.0447 -0.6469
vn -0.7257 0.0087 -0.6879
vn -0.2928 0.2379 -0.9261
vn -0.1343 0.1691 -0.9764
vn -0.2496 0.2530 -0.9347
vn -0.1580 0.2367 -0.9586
vn -0.8739 0.1250 -0.4698
vn -0.8345 0.3233 -0.4462
vn -0.0303 0.1343 -0.9905
vn -0.1901 0.2783 -0.9415
vn -0.4949 0.1371 -0.8581
vn -0.8785 -0.2881 -0.3812
vn -0.8986 -0.2980 -0.3220
vn -0.8997 -0.3073 -0.3101
vn -0.6694 -0.3257 -0.6677
vn -0.7237 -0.1988 -0.6608
vn -0.5857 -0.0000 -0.8105
vn -0.7484 0.1212 -0.6521
vn -0.7663 0.0810 -0.6373
vn -0.7038 0.1032 -0.7029
vn -0.6054 0.0403 -0.7949
vn -0.4727 -0.3203 -0.8210
vn -0.8908 -0.3635 -0.2728
vn -0.7171 -0.3996 -0.5711
vn -0.7672 -0.4124 -0.4912
vn -0.6342 -0.4154 -0.6521
vn -0.5872 -0.3805 -0.7145
vn -0.5210 -0.3778 -0.7654
vn -0.5059 -0.3966 -0.7660
vn -0.4359 -0.3793 -0.8162
vn -0.7086 -0.4219 -0.5655
vn -0.6359 -0.4157 -0.6502
vn -0.6014 -0.4093 -0.6862
vn -0.6184 -0.4020 -0.6753
vn -0.8740 -0.3674 -0.3182
vn -0.7459 -0.4131 -0.5225
vn -0.3141 -0.3451 -0.8845
vn -0.3994 -0.3624 -0.8421
vn -0.7329 -0.4251 -0.5312
vn -0.9402 -0.2607 -0.2193
vn -0.8965 -0.3265 -0.2995
vn -0.8032 -0.3936 -0.4471
vn -0.7676 -0.4260 -0.4790
vn -0.4394 -0.3579 -0.8239
vn -0.8932 0.1572 -0.4212
vn -0.8858 0.2125 -0.4126
vn -0.8900 0.2509 -0.3808
vn -0.6790 -0.0320 -0.7335
vn -0.8093 0.0433 -0.5858
vn -0.5609 0.0721 -0.8247
vn -0.6927 -0.1058 -0.7135
vn -0.6011 -0.0781 -0.7954
vn -0.7572 -0.1335 -0.6394
vn -0.8062 -0.1200 -0.5793
vn -0.2867 -0.3395 -0.8958
vn -0.3541 -0.3714 -0.8583
vn -0.4744 -0.3836 -0.7923
vn -0.6325 0.2279 -0.7403
vn -0.6557 0.2955 -0.6948
vn -0.6460 0.2615 -0.7172
vn -0.5992 0.2883 -0.7469
vn -0.7815 0.1527 -0.6049
vn -0.6904 0.0687 -0.7201
vn -0.6061 0.0897 -0.7903
vn -0.6092 0.3471 -0.7130
vn -0.8584 0.2189 -0.4639
vn -0.8256 0.1871 -0.5323
vn -0.7938 0.1088 -0.5984
vn -0.6746 0.3410 -0.6547
vn -0.7349 0.3809 -0.5611
vn -0.7462 0.0433 -0.6643
vn -0.5216 0.1043 -0.8468
vn -0.6579 0.0173 -0.7529
vn -0.6624 0.0500 -0.7475
vn -0.3711 -0.3600 -0.8560
vn -0.2691 -0.2544 -0.9289
vn -0.2665 -0.3302 -0.9055
vn -0.7982 -0.2124 -0.5637
vn -0.7196 -0.4008 -0.5670
vn -0.7910 -0.3461 -0.5045
vn -0.7924 -0.3861 -0.4723
vn -0.7369 -0.3188 -0.5960
vn -0.3646 -0.3679 -0.8554
vn -0.2784 -0.1704 -0.9452
vn -0.3294 -0.2573 -0.9085
vn -0.8378 0.1208 -0.5324
vn -0.8314 0.0771 -0.5503
vn -0.9300 -0.2712 -0.2479
vn -0.9561 -0.2229 -0.1904
vn -0.8618 -0.3521 -0.3652
vn -0.8348 -0.3421 -0.4314
vn -0.4004 -0.2428 -0.8836
vn -0.8555 -0.3460 -0.3853
vn -0.2769 -0.0961 -0.9561
vn -0.2177 -0.1430 -0.9655
vn -0.2670 -0.0230 -0.9634
vn -0.1993 0.0374 -0.9792
vn -0.0049 0.0475 -0.9989
vn 0.0897 0.0001 -0.9960
vn -0.0274 -0.0265 -0.9993
vn -0.0377 0.1004 -0.9942
vn -0.0303 0.2072 -0.9778
vn -0.0442 0.0947 -0.9945
vn -0.3090 0.2889 -0.9061
vn -0.1611 0.2611 -0.9518
vn -0.0603 0.0950 -0.9936
vn -0.1186 0.0403 -0.9921
vn -0.1104 -0.1380 -0.9843
vn -0.1484 -0.0335 -0.9884
vn -0.2115 -0.0217 -0.9771
vn -0.7812 0.3633 -0.5077
vn -0.3636 0.3234 -0.8736
vn -0.3047 0.3904 -0.8687
vn -0.2599 -0.0164 0.9655
vn -0.3731 0.0171 0.9276
vn -0.2339 0.0108 0.9722
vn 0.6456 0.7609 -0.0647
vn -0.3982 0.7315 0.5535
vn -0.9543 0.1250 0.2715
vn -0.0976 -0.3326 0.9380
vn -0.1028 -0.3234 0.9407
vn -0.0286 -0.3309 0.9432
vn -0.8276 0.0834 0.5551
vn -0.9015 0.0981 0.4216
vn -0.8811 0.0900 0.4642
vn -0.3160 0.8355 0.4495
vn -0.1816 0.8949 0.4077
vn -0.2183 0.8632 0.4553
vn -0.1718 -0.3843 0.9071
vn -0.0869 -0.3585 0.9295
vn -0.1462 -0.3281 0.9333
vn -0.9278 0.2215 0.3002
vn -0.9033 0.1470 0.4031
vn -0.8609 0.1467 0.4872
vn -0.8040 -0.2555 0.5369
vn -0.9185 0.0442 0.3929
vn -0.6239 0.1208 0.7721
vn -0.3716 -0.7525 0.5437
vn -0.3328 -0.8431 0.4225
vn -0.3834 -0.6857 0.6187
vn -0.7215 0.2869 0.6301
vn -0.7918 0.3226 0.5186
vn -0.7986 0.3102 0.5157
vn -0.9203 0.2271 0.3186
vn -0.5141 -0.8470 0.1351
vn -0.4249 -0.8720 0.2431
vn -0.4236 0.8487 0.3166
vn -0.2530 0.9316 0.2611
vn -0.0914 -0.7955 0.5991
vn -0.2352 -0.6288 0.7411
vn -0.2599 -0.9655 0.0169
vn -0.9038 -0.0912 0.4181
vn -0.9568 -0.1102 0.2691
vn -0.9587 -0.1169 0.2592
vn -0.4608 0.7473 0.4788
vn -0.9003 -0.0841 0.4272
vn -0.9331 -0.0931 0.3474
vn 0.0284 0.9364 0.3498
vn -0.1146 0.8794 0.4621
vn -0.1151 0.9278 0.3549
vn -0.8768 0.3404 0.3396
vn 0.4198 0.7265 -0.5439
vn -0.6989 -0.6467 0.3054
vn 0.1922 0.7188 -0.6681
vn 0.2711 0.3630 0.8915
vn 0.3815 0.5466 0.7454
vn -0.8643 0.3006 0.4033
vn -0.4954 0.8091 0.3160
vn 0.4900 0.5717 0.6580
vn 0.8605 0.2501 0.4438
vn 0.2298 0.3998 0.8873
vn 0.8469 -0.4660 0.2561
vn 0.9735 -0.2228 -0.0521
vn -0.3059 -0.1856 0.9338
vn -0.3505 -0.1797 0.9192
vn -0.2843 -0.2430 0.9274
vn -0.5291 0.0985 0.8428
vn -0.7505 0.1026 0.6528
vn -0.7595 0.2201 0.6121
vn -0.8221 0.1496 0.5493
vn -0.8457 0.2213 0.4856
vn -0.9014 0.2263 0.3691
vn -0.8899 0.3069 0.3375
vn 0.3674 0.3095 0.8770
vn 0.2085 -0.1507 0.9663
vn 0.2214 -0.0826 0.9717
vn -0.1443 -0.0900 0.9854
vn -0.2059 -0.1344 0.9693
vn -0.2171 -0.0848 0.9725
vn -0.2785 -0.5827 0.7634
vn -0.0552 0.5859 0.8085
vn -0.0715 0.6015 0.7956
vn -0.1645 0.7797 0.6042
vn -0.1949 0.6183 0.7614
vn -0.1899 0.7353 0.6506
vn 0.2301 0.9232 -0.3077
vn -0.1638 0.5786 0.7990
vn -0.9352 0.1932 0.2968
vn -0.5285 0.6533 0.5421
vn -0.4515 0.6794 0.5784
vn -0.9549 0.1716 0.2424
vn -0.1338 0.4839 0.8648
vn -0.4232 0.1277 0.8970
vn -0.2349 0.8369 0.4943
vn -0.3327 0.7993 0.5004
vn -0.8864 0.2776 0.3704
vn -0.8548 0.3280 0.4021
vn -0.8292 0.2787 0.4845
vn -0.8745 -0.1410 0.4640
vn -0.8252 -0.1009 0.5558
vn 0.7498 0.6560 0.0867
vn -0.9150 -0.0332 0.4021
vn 0.1645 -0.5045 0.8476
vn 0.3430 0.8463 0.4076
vn -0.4355 -0.8611 -0.2624
vn -0.8941 0.1838 0.4084
vn -0.9467 -0.0602 0.3165
vn -0.9389 -0.1046 0.3279
vn -0.8885 -0.1253 0.4414
vn -0.3298 0.7309 0.5975
vn -0.2316 0.8281 0.5104
vn -0.9949 -0.0915 -0.0425
vn -0.7538 0.4227 0.5031
vn -0.3400 0.5767 0.7429
vn -0.2715 0.5546 0.7865
vn -0.2864 0.5750 0.7664
vn -0.9948 0.0944 0.0374
vn -0.9736 0.1584 0.1646
vn -0.9266 0.3020 0.2241
vn -0.9660 -0.1231 0.2276
vn -0.1415 -0.3167 0.9379
vn -0.1835 -0.3142 0.9315
vn -0.9890 -0.1349 -0.0603
vn -0.2406 -0.3055 0.9213
vn -0.2426 -0.2826 0.9280
vn -0.9378 -0.2652 0.2243
vn -0.9650 -0.2230 0.1379
vn -0.0141 -0.3326 0.9430
vn -0.0815 -0.3188 0.9443
vn -0.2869 -0.5399 0.7913
vn -0.7158 -0.5237 0.4619
vn -0.8031 -0.5056 0.3152
vn -0.8079 -0.4955 0.3190
vn -0.0230 -0.3879 0.9214
vn -0.9457 -0.1838 0.2682
vn -0.9979 -0.0472 -0.0445
vn -0.2019 -0.3559 0.9125
vn -0.2407 -0.4477 0.8612
vn -0.2072 -0.3418 0.9167
vn -0.2320 -0.4129 0.8807
vn -0.4909 0.5216 0.6978
vn -0.4216 0.5619 0.7117
vn -0.4409 0.5059 0.7414
vn -0.0867 0.6802 0.7279
vn 0.8627 0.3101 -0.3994
vn -0.1041 0.6530 0.7502
vn -0.1688 -0.4569 0.8733
vn -0.9003 0.3337 0.2795
vn -0.3868 0.2914 0.8749
vn -0.5327 -0.3986 0.7465
vn -0.4041 0.5749 0.7115
vn -0.4134 0.5900 0.6935
vn -0.9729 -0.0968 0.2101
vn -0.3061 -0.9132 0.2691
vn -0.6051 -0.3256 0.7265
vn -0.0316 0.6449 0.7636
vn -0.3047 0.5583 0.7717
vn -0.2640 0.5539 0.7896
vn -0.3355 0.5090 0.7927
vn 0.0664 0.8882 0.4547
vn 0.0642 0.9663 0.2495
vn -0.3204 0.6573 0.6821
vn -0.1435 0.7425 0.6543
vn -0.0070 0.8255 0.5643
vn -0.2663 -0.0003 0.9639
vn -0.2244 -0.0225 0.9742
vn -0.2955 -0.0272 0.9550
vn -0.1771 -0.3197 0.9308
vn -0.2468 0.5513 0.7969
vn -0.2308 0.5991 0.7667
vn -0.2206 0.6198 0.7531
vn 0.9449 -0.0570 0.3224
vn -0.1233 -0.0708 0.9898
vn 0.0884 0.9951 -0.0434
vn 0.8001 0.5906 -0.1055
vn 0.8396 0.3990 0.3686
vn -0.1739 -0.3224 0.9305
vn -0.0346 0.9909 0.1302
vn -0.1995 0.6096 0.7672
vn -0.2204 0.6271 0.7471
vn -0.1624 0.6185 0.7688
vn -0.3092 0.6169 0.7238
vn -0.3172 0.6161 0.7210
vn -0.2876 0.6140 0.7350
vn -0.9741 0.1856 0.1290
vn -0.0590 -0.5141 0.8557
vn -0.0674 -0.1500 0.9864
vn -0.0272 -0.2250 0.9740
vn -0.1109 -0.1822 0.9770
vn 0.7178 -0.6487 -0.2530
vn 0.7388 0.5959 -0.3147
vn -0.2875 -0.1590 0.9445
vn -0.2480 -0.1405 0.9585
vn -0.2095 -0.0894 0.9737
vn -0.3615 0.5278 0.7686
vn -0.3758 0.5567 0.7408
vn -0.2700 0.0075 0.9628
vn -0.1492 0.0328 0.9883
vn -0.2005 0.0869 0.9758
vn -0.2410 0.8176 0.5230
vn -0.4144 0.6313 0.6555
vn -0.3621 0.0610 0.9301
vn -0.3456 0.0927 0.9338
vn -0.2104 0.0083 0.9776
vn -0.1779 -0.0373 0.9833
vn 0.1742 -0.9821 -0.0718
vn -0.1836 0.0704 0.9805
vn -0.2498 0.0367 0.9676
vn -0.2774 0.0845 0.9570
vn -0.1361 -0.9710 0.1967
vn -0.3931 -0.0179 0.9193
vn -0.3316 -0.0862 0.9395
vn -0.1638 -0.0613 0.9846
vn -0.2607 -0.4800 0.8377
vn 0.0328 -0.3330 0.9423
vn 0.2027 -0.3107 0.9286
vn -0.0499 -0.4454 0.8939
vn -0.3687 0.2296 0.9007
vn -0.6992 -0.3196 0.6395
vn -0.3940 0.3491 0.8502
vn -0.5161 0.3787 0.7683
vn -0.5583 0.4964 0.6647
vn -0.0304 -0.3203 0.9468
vn -0.2003 -0.3159 0.9274
vn -0.1649 -0.1717 0.9712
vn -0.2441 -0.2320 0.9416
vn -0.2301 -0.1740 0.9575
vn -0.8275 0.0717 0.5569
vn -0.2891 0.5518 0.7822
vn -0.5372 0.2881 -0.7928
vn -0.5821 0.0890 0.8083
vn -0.3890 -0.0189 0.9211
vn -0.5003 0.0676 0.8632
vn -0.1378 -0.0818 0.9871
vn -0.1000 -0.0828 0.9915
vn -0.0320 -0.3256 0.9450
vn 0.0826 -0.2314 0.9693
vn 0.0705 -0.1608 0.9845
vn -0.0046 0.9386 -0.3450
vn -0.2982 0.6957 0.6535
vn -0.2989 0.5623 0.7710
vn -0.2952 -0.2431 0.9240
vn -0.3774 -0.1732 0.9097
vn -0.2710 -0.1517 0.9506
vn -0.0471 -0.4082 0.9117
vn -0.1830 -0.4622 0.8677
vn -0.1131 -0.3876 0.9149
vn -0.6490 0.5870 0.4840
vn -0.2155 -0.3154 0.9242
vn -0.2967 -0.9416 0.1595
vn -0.8746 -0.1730 0.4529
vn 0.1625 0.1758 0.9709
vn 0.1706 0.3889 0.9053
vn 0.2153 0.2184 0.9518
vn 0.5601 0.6258 0.5428
vn 0.6997 -0.6974 0.1550
vn 0.1159 0.5535 0.8248
vn 0.0557 0.6409 0.7656
vn 0.1352 0.6041 0.7853
vn -0.0656 0.6208 0.7812
vn -0.0581 0.6839 0.7273
vn -0.0879 0.7222 0.6861
vn 0.0144 0.7131 0.7009
vn -0.4187 0.5995 0.6821
vn -0.4056 0.6316 0.6607
vn -0.3115 0.6483 0.6948
vn 0.0048 0.6435 0.7654
vn -0.1412 0.5411 0.8290
vn -0.1522 0.5614 0.8134
vn -0.1189 0.5616 0.8188
vn -0.1965 0.5052 0.8404
vn -0.2212 0.5655 0.7945
vn -0.2678 0.5742 0.7737
vn -0.2561 0.8153 0.5193
vn -0.2192 0.6496 -0.7280
vn -0.8246 0.0908 0.5583
vn -0.9032 0.1279 0.4097
vn -0.0429 0.0452 0.9981
vn -0.2062 -0.3061 0.9294
vn -0.9501 -0.3118 -0.0087
vn -0.9694 -0.2405 -0.0491
vn -0.9685 -0.2481 -0.0202
vn -0.5370 -0.3253 0.7784
vn -0.6539 -0.2139 0.7257
vn -0.4913 -0.1987 0.8480
vn -0.1108 -0.2671 0.9573
vn -0.4413 -0.4591 0.7710
vn -0.4511 -0.5494 0.7034
vn -0.5798 -0.4961 0.6463
vn -0.7431 0.2700 0.6122
vn -0.6233 0.2179 0.7510
vn -0.4300 0.0456 0.9017
vn -0.4001 0.0041 0.9165
vn -0.8495 -0.0293 0.5267
vn -0.8869 0.0648 0.4574
vn -0.7876 0.0359 0.6151
vn -0.6061 0.2521 0.7543
vn -0.4954 0.1296 0.8590
vn -0.4799 0.1914 0.8562
vn -0.3102 -0.0849 0.9469
vn -0.5824 -0.1116 0.8052
vn -0.5272 -0.1400 0.8381
vn -0.6220 -0.1424 0.7699
vn -0.4229 0.1188 0.8984
vn -0.4843 0.0846 0.8708
vn -0.4933 0.1697 0.8531
vn -0.4774 -0.6870 0.5478
vn -0.3145 0.6214 0.7176
vn -0.3316 0.6248 0.7068
vn -0.2701 0.6369 0.7220
vn -0.9673 -0.2497 0.0437
vn 0.1726 0.5364 0.8261
vn 0.1729 0.4396 0.8814
vn -0.9822 -0.0319 0.1851
vn -0.9460 -0.1306 0.2966
vn -0.9068 0.1178 0.4048
vn -0.4568 0.5629 0.6889
vn -0.5168 0.5515 0.6548
vn -0.2498 0.6130 0.7496
vn -0.1241 0.6657 0.7358
vn -0.2240 0.6625 0.7148
vn -0.1878 0.6939 0.6951
vn 0.1054 0.6711 0.7338
vn 0.0311 0.7094 0.7041
vn 0.0913 0.6158 0.7826
vn -0.1127 0.5847 0.8034
vn -0.1796 0.5820 0.7931
vn -0.2781 0.5027 0.8185
vn -0.1988 0.5472 0.8130
vn -0.1401 0.6262 0.7670
vn 0.2142 -0.1955 0.9570
vn 0.2760 -0.1973 0.9407
vn 0.0564 -0.2820 0.9578
vn 0.0911 -0.2120 0.9730
vn 0.0529 0.0087 0.9986
vn -0.2503 0.6362 0.7298
vn -0.3377 0.6100 0.7169
vn -0.7382 0.1858 0.6485
vn -0.7468 0.2249 0.6258
vn -0.8327 0.2837 0.4754
vn -0.8252 0.3028 0.4768
vn -0.8715 0.3273 0.3651
vn -0.2359 0.7238 0.6484
vn 0.6397 -0.3537 -0.6824
vn -0.7073 0.0641 0.7040
vn -0.5307 0.0514 0.8460
vn -0.5988 0.0271 0.8005
vn -0.7668 -0.5659 0.3030
vn 0.3764 0.1277 0.9176
vn -0.1795 -0.0416 0.9829
vn -0.1446 -0.0302 0.9890
vn -0.0977 -0.0713 0.9927
vn -0.9136 -0.1906 0.3593
vn -0.9634 -0.1211 0.2390
vn -0.7864 -0.1156 0.6068
vn -0.7360 -0.1222 0.6659
vn -0.6698 -0.1111 0.7342
vn -0.8758 -0.3593 0.3224
vn -0.8900 -0.4226 0.1715
vn -0.0840 -0.1062 0.9908
vn -0.1986 -0.1048 0.9745
vn -0.1423 -0.0981 0.9850
vn -0.2192 -0.1023 0.9703
vn -0.4309 -0.0925 0.8977
vn -0.3642 -0.0294 0.9309
vn -0.3298 -0.0076 0.9440
vn -0.1976 -0.2002 0.9596
vn -0.1053 -0.1174 0.9875
vn 0.1339 -0.0166 0.9909
vn 0.1724 -0.0367 0.9843
vn -0.4051 -0.0669 0.9118
vn -0.3767 -0.1233 0.9181
vn -0.0978 0.0403 0.9944
vn -0.4206 -0.0017 0.9072
vn -0.3989 0.0329 0.9164
vn -0.3244 0.0162 0.9458
vn -0.3501 -0.1956 0.9161
vn -0.3578 -0.1645 0.9192
vn -0.3246 -0.2134 0.9215
vn 0.0727 -0.1409 0.9873
vn 0.0289 -0.0540 0.9981
vn 0.1310 -0.0780 0.9883
vn -0.7197 -0.1386 0.6803
vn -0.5128 0.2379 0.8249
vn -0.5879 0.2249 0.7770
vn -0.8701 -0.1202 0.4780
vn -0.9003 -0.0950 0.4248
vn -0.1819 -0.0131 0.9832
vn -0.3316 0.0491 0.9422
vn -0.7861 0.4861 0.3818
vn -0.8790 0.3748 0.2946
vn -0.7914 0.4925 0.3622
vn -0.9990 0.0436 0.0018
vn -0.9817 -0.1743 -0.0767
vn -0.9950 -0.0646 -0.0756
vn 0.1215 0.0515 0.9913
vn 0.1400 0.2965 0.9447
vn -0.1533 0.6697 0.7267
vn -0.3696 0.5596 0.7418
vn -0.7830 0.4415 0.4382
vn -0.6777 0.5649 0.4707
vn -0.0677 0.6496 0.7573
vn -0.0329 0.6311 0.7750
vn -0.1542 0.5979 0.7866
vn -0.0910 0.6059 0.7904
vn -0.1248 0.6095 0.7829
vn -0.0959 0.6281 0.7722
vn -0.1173 0.7304 0.6728
vn -0.3270 0.5986 0.7312
vn -0.2878 0.6249 0.7257
vn -0.2951 0.5920 0.7499
vn -0.3435 0.5957 0.7261
vn -0.3116 0.6110 0.7277
vn 0.1837 -0.1187 0.9758
vn -0.2081 -0.4561 0.8653
vn -0.8269 0.1761 0.5341
vn -0.6465 0.1752 0.7425
vn -0.7954 0.0811 0.6006
vn -0.7264 0.0717 0.6835
vn -0.2816 -0.1251 0.9513
vn -0.2779 -0.1826 0.9431
vn -0.3123 -0.1612 0.9362
vn -0.8433 0.3273 0.4262
vn -0.7005 0.0981 0.7069
vn -0.3050 0.0854 0.9485
vn -0.3961 0.0506 0.9168
vn -0.1437 0.0887 0.9856
vn -0.4696 -0.3077 0.8275
vn -0.8670 -0.1144 0.4850
vn -0.9097 -0.1188 0.3980
vn -0.9998 -0.0184 0.0095
vn -0.1407 -0.0876 0.9862
vn -0.2304 -0.0816 0.9697
vn -0.2681 -0.0460 0.9623
vn -0.2959 -0.0781 0.9520
vn -0.3355 -0.0541 0.9405
vn -0.0113 -0.1752 0.9845
vn -0.1997 0.0312 0.9794
vn -0.3111 -0.2367 0.9204
vn -0.2916 -0.2722 0.9170
vn -0.2393 -0.2901 0.9266
vn -0.1821 -0.2410 0.9533
vn -0.7127 0.1173 0.6916
vn -0.8265 -0.1299 0.5477
vn -0.8371 -0.1001 0.5378
vn -0.7788 0.2975 0.5522
vn -0.2266 -0.0508 0.9727
vn 0.0063 0.5087 0.8609
vn -0.0306 0.2057 0.9781
vn -0.0623 0.6778 0.7326
vn -0.4632 0.3007 0.8337
vn 0.0325 0.7216 0.6915
vn -0.6827 0.4903 0.5417
vn -0.6240 0.4810 0.6158
vn -0.7330 0.4104 0.5424
vn -0.0071 0.6622 0.7493
vn -0.2385 0.5905 0.7710
vn -0.1291 0.6321 0.7641
vn -0.2703 0.6245 0.7327
vn -0.1735 0.6405 0.7481
vn -0.1572 -0.3976 0.9040
vn -0.1912 -0.3051 0.9329
vn -0.4266 -0.0482 0.9031
vn -0.5800 -0.0125 0.8145
vn -0.4453 -0.0164 0.8952
vn -0.3025 -0.1097 0.9468
vn -0.3140 -0.1253 0.9411
vn -0.1965 -0.1275 0.9722
vn -0.2468 -0.1460 0.9580
vn -0.2349 -0.0953 0.9673
vn -0.0956 0.0142 0.9953
vn -0.0532 -0.3044 0.9510
vn -0.0383 -0.0772 0.9963
vn -0.8325 -0.0941 0.5459
vn -0.7596 -0.0762 0.6459
vn -0.6791 -0.1053 0.7264
vn -0.7083 -0.0871 0.7006
vn -0.8122 -0.1053 0.5738
vn -0.6488 -0.3380 0.6818
vn -0.7390 -0.1206 0.6628
vn -0.7670 -0.1953 0.6112
vn -0.8421 -0.2797 0.4611
vn -0.7286 -0.3514 0.5880
vn -0.3029 -0.3944 0.8676
vn -0.2026 -0.3267 0.9231
vn -0.9279 -0.3593 0.0990
vn -0.7987 -0.4211 0.4298
vn -0.9518 -0.3036 0.0429
vn -0.9770 -0.2067 -0.0530
vn -0.8810 -0.3469 0.3216
vn -0.1528 -0.1424 0.9779
vn -0.3175 -0.0812 0.9448
vn -0.2741 -0.1406 0.9514
vn 0.0100 -0.1789 0.9838
vn 0.0374 -0.3253 0.9449
vn 0.1337 -0.1638 0.9774
vn -0.2095 -0.4487 0.8688
vn -0.4096 -0.2939 0.8636
vn -0.3111 -0.5035 0.8061
vn -0.3211 -0.2984 0.8988
vn -0.1987 -0.2103 0.9572
vn -0.3471 -0.0205 0.9376
vn -0.7939 0.3474 0.4990
vn -0.9166 0.2060 0.3426
vn -0.3659 -0.4618 0.8080
vn -0.5843 -0.4182 0.6954
vn -0.6042 -0.5473 0.5792
vn -0.1068 -0.3550 0.9287
vn -0.8008 0.1240 0.5859
vn -0.8470 -0.1180 0.5184
vn -0.7442 -0.4267 0.5140
vn -0.7531 -0.2678 0.6010
vn -0.5592 -0.2840 0.7789
vn -0.9406 -0.3228 0.1056
vn -0.5679 -0.1142 0.8152
vn -0.6977 -0.0840 0.7115
vn -0.8681 0.3646 0.3368
vn -0.6762 -0.1162 0.7275
vn -0.4161 0.0723 0.9065
vn -0.4051 0.0671 0.9118
vn -0.4310 0.0799 0.8988
vn -0.3668 0.1170 0.9229
vn -0.3603 0.1384 0.9225
vn -0.3357 0.0499 0.9407
vn -0.3829 -0.1195 0.9160
vn -0.3567 -0.0680 0.9317
vn -0.3391 -0.1231 0.9327
vn -0.3199 -0.0924 0.9429
vn -0.3833 -0.0207 0.9234
vn -0.3191 -0.0949 0.9429
vn -0.3142 -0.0198 0.9492
vn -0.3185 -0.0968 0.9430
vn -0.2806 -0.0750 0.9569
vn -0.3306 -0.0184 0.9436
vn -0.7136 0.0392 0.6994
vn -0.3009 -0.2682 0.9152
vn -0.5783 -0.0949 0.8103
vn -0.5581 -0.1293 0.8196
vn -0.3832 -0.0952 0.9188
vn -0.4071 -0.0586 0.9115
vn -0.9782 -0.2075 -0.0011
vn -0.2674 0.1704 0.9484
vn -0.1522 0.3856 0.9100
vn -0.1089 0.0370 0.9934
vn -0.3796 0.5993 0.7048
vn -0.6694 0.6025 0.4347
vn -0.3694 0.5913 0.7168
vn -0.3687 0.0604 0.9276
vn -0.3846 0.0661 0.9207
vn -0.4235 0.0658 0.9035
vn -0.4176 0.1917 0.8882
vn -0.7124 0.2994 0.6347
vn -0.6759 0.2760 0.6833
vn -0.6626 -0.0705 0.7457
vn -0.3200 -0.1136 0.9406
vn -0.2575 -0.1017 0.9609
vn -0.3510 -0.1402 0.9258
vn -0.5087 -0.0722 0.8579
vn -0.6204 -0.0815 0.7800
vn -0.3895 -0.1064 0.9149
vn -0.5784 0.0181 0.8155
vn -0.3926 -0.0129 0.9196
vn -0.1390 -0.0934 0.9859
vn -0.2853 -0.0569 0.9567
vn -0.4860 -0.0949 0.8688
vn -0.7690 -0.0655 0.6358
vn -0.5865 -0.1468 0.7965
vn -0.5021 -0.0558 0.8630
vn -0.6734 0.1543 0.7230
vn -0.5639 0.5235 0.6387
vn -0.3923 0.6287 0.6714
vn -0.5274 0.6434 0.5549
vn -0.5471 0.6527 0.5242
vn -0.3978 0.7270 0.5597
vn -0.4312 0.6651 0.6097
vn -0.4617 -0.1284 0.8777
vn -0.4563 -0.1404 0.8787
vn -0.2860 -0.0659 0.9560
vn -0.1994 -0.0762 0.9769
vn -0.4710 0.0339 0.8815
vn -0.4435 0.0541 0.8946
vn -0.6720 0.1950 0.7144
vn -0.6169 0.1140 0.7788
vn -0.6624 0.0288 0.7486
vn -0.4993 0.0028 0.8664
vn -0.5838 -0.0329 0.8113
vn -0.5580 0.0329 0.8292
vn -0.4964 -0.0265 0.8677
vn -0.6903 -0.0444 0.7221
vn -0.6515 -0.0917 0.7531
vn -0.7542 0.5085 0.4154
vn -0.6607 0.5434 0.5179
vn -0.6082 0.5582 0.5644
vn -0.4554 -0.0450 0.8891
vn -0.5268 -0.0702 0.8471
vn -0.6639 0.6081 0.4353
vn -0.6643 0.4211 0.6176
vn -0.5102 0.1965 0.8373
vn -0.1735 0.5868 0.7909
vn -0.0183 -0.1222 0.9923
vn -0.3677 0.4524 0.8125
vn -0.1155 -0.2670 0.9568
vn -0.1662 -0.3368 0.9268
vn -0.1967 -0.2814 0.9392
vn -0.1006 -0.1986 0.9749
vn -0.0176 -0.2134 0.9768
vn -0.0715 -0.1342 0.9884
vn -0.3322 0.6109 0.7186
vn -0.3026 0.6209 0.7231
vn -0.2902 0.6145 0.7336
vn -0.1721 0.7510 0.6375
vn -0.4985 0.6080 0.6179
vn -0.2172 0.6449 0.7328
vn -0.0925 0.7549 0.6493
vn -0.2155 0.6933 0.6877
vn -0.5493 0.1185 0.8272
vn -0.5151 0.7026 0.4910
vn -0.2959 0.6973 0.6529
vn -0.3675 0.7495 0.5506
vn -0.2060 0.7515 0.6268
vn -0.2503 0.7648 0.5937
vn -0.3600 0.7155 0.5987
vn 0.2596 0.8293 -0.4948
vn 0.3679 0.8512 -0.3743
vn 0.3683 0.9294 -0.0241
vn 0.4281 0.8560 -0.2899
vn 0.9383 -0.1289 -0.3209
vn 0.9187 0.2984 -0.2587
vn 0.8875 0.3770 0.2651
vn 0.2235 0.6215 -0.7509
vn 0.2562 0.7454 -0.6153
vn 0.2053 0.6872 -0.6968
vn 0.9525 0.2737 -0.1333
vn 0.9564 0.2497 -0.1516
vn 0.9380 0.2667 -0.2212
vn -0.6960 -0.1225 -0.7075
vn -0.9287 -0.1865 -0.3206
vn -0.8640 -0.1377 -0.4843
vn -0.9808 -0.1746 -0.0867
vn -0.9433 -0.2412 -0.2281
vn -0.9513 -0.2288 -0.2066
vn 0.9767 0.2050 0.0629
vn 0.9717 0.2362 -0.0001
vn 0.9664 0.2188 0.1347
vn 0.9436 0.3156 0.1001
vn 0.9517 0.2681 0.1497
vn 0.9581 0.2864 -0.0033
vn 0.9793 0.1958 0.0520
vn -0.8821 -0.0185 -0.4706
vn -0.4840 -0.0848 -0.8710
vn -0.6811 0.0984 -0.7256
vn 0.4011 0.6500 -0.6454
vn 0.5024 0.5899 -0.6321
vn 0.6062 0.6093 -0.5111
vn 0.9518 0.1934 0.2383
vn 0.9204 0.3199 0.2249
vn 0.8778 0.3319 0.3454
vn 0.9018 0.3003 0.3107
vn -0.1002 0.2008 -0.9745
vn -0.0808 0.2938 -0.9525
vn -0.0124 0.3430 -0.9392
vn 0.1138 0.5429 -0.8321
vn 0.1369 0.6315 -0.7632
vn 0.0963 0.7751 -0.6244
vn 0.3355 0.5646 -0.7541
vn 0.3573 0.4649 -0.8100
vn 0.9063 0.3467 0.2417
vn 0.8701 0.3294 0.3667
vn -0.3173 -0.9360 -0.1527
vn -0.4629 -0.8663 -0.1876
vn -0.7194 -0.6945 0.0125
vn 0.9011 0.3539 0.2508
vn 0.2460 0.9610 -0.1264
vn 0.0842 0.9882 -0.1278
vn 0.1427 0.8997 -0.4125
vn 0.9265 0.3623 0.1020
vn 0.8186 -0.1932 -0.5409
vn -0.9595 0.0088 -0.2816
vn 0.6775 -0.5606 -0.4762
vn 0.8025 -0.2614 -0.5363
vn 0.9382 -0.0961 -0.3324
vn -0.8280 -0.5598 0.0318
vn -0.8079 0.0900 0.5823
vn -0.9094 -0.2124 0.3575
vn -0.2374 0.9714 -0.0007
vn -0.0903 0.8821 -0.4623
vn 0.1792 0.4702 -0.8642
vn 0.2687 0.5574 -0.7856
vn -0.0013 0.1381 -0.9904
vn -0.2816 0.2324 -0.9309
vn 0.0432 -0.0412 -0.9982
vn 0.1330 0.1228 -0.9835
vn 0.2113 0.2019 -0.9563
vn 0.2378 0.1757 -0.9553
vn 0.9189 0.1253 0.3742
vn 0.9710 0.0992 0.2174
vn 0.9560 0.0045 0.2935
vn -0.5641 0.2122 -0.7979
vn -0.2754 -0.1997 -0.9404
vn 0.0219 0.0207 -0.9995
vn 0.0212 -0.0002 -0.9998
vn -0.1138 -0.0869 -0.9897
vn 0.7672 0.2755 -0.5792
vn 0.8110 0.2677 -0.5202
vn 0.7391 0.2595 -0.6216
vn 0.0293 0.1834 -0.9826
vn -0.0236 0.2301 -0.9729
vn -0.0473 0.1549 -0.9868
vn -0.8817 -0.3386 -0.3286
vn -0.8035 -0.5171 -0.2950
vn -0.3849 -0.9145 -0.1247
vn 0.9684 0.2359 -0.0813
vn 0.9715 0.2205 -0.0874
vn 0.9488 0.2507 -0.1923
vn 0.5518 -0.1410 -0.8220
vn 0.6308 -0.1386 -0.7635
vn -0.9623 0.1777 0.2059
vn -0.5217 0.4836 -0.7028
vn 0.9818 -0.0603 -0.1800
vn 0.9634 -0.0478 -0.2637
vn 0.9660 -0.0944 -0.2406
vn 0.7721 0.4645 -0.4337
vn 0.7379 0.3122 -0.5984
vn 0.1378 -0.2049 -0.9690
vn 0.1498 0.6378 -0.7555
vn 0.1696 0.5016 -0.8483
vn 0.9832 -0.0095 0.1824
vn 0.9923 0.0720 0.1007
vn 0.9337 0.2375 0.2680
vn 0.9500 0.2303 -0.2110
vn 0.9148 0.2392 -0.3255
vn 0.9202 0.2623 -0.2906
vn 0.9967 0.0010 0.0812
vn 0.9955 -0.0384 0.0864
vn -0.9287 -0.2788 -0.2445
vn -0.8752 -0.2204 -0.4307
vn -0.8639 -0.3340 -0.3769
vn -0.9504 -0.2846 -0.1252
vn -0.9627 -0.2481 -0.1079
vn 0.9782 0.1800 0.1034
vn -0.5598 -0.0898 -0.8237
vn 0.1691 0.5162 -0.8396
vn -0.0068 0.4162 -0.9092
vn 0.0851 0.4574 -0.8852
vn 0.9887 -0.1392 0.0562
vn 0.9887 -0.1501 -0.0044
vn 0.9778 -0.1163 0.1743
vn 0.9778 -0.1387 0.1568
vn 0.0354 0.3906 -0.9199
vn -0.0016 0.4011 -0.9161
vn 0.9400 -0.3007 -0.1612
vn 0.9698 -0.2344 -0.0670
vn 0.9650 -0.2393 -0.1072
vn 0.2209 0.3701 -0.9023
vn 0.9831 -0.1777 -0.0430
vn 0.9845 -0.1684 -0.0482
vn 0.9788 -0.2021 -0.0333
vn 0.9809 -0.1026 0.1652
vn 0.9885 -0.1497 0.0195
vn 0.9905 -0.1216 0.0639
vn 0.9785 -0.1359 0.1554
vn 0.1755 0.5215 -0.8350
vn 0.5698 0.5164 -0.6392
vn 0.0734 0.9395 -0.3347
vn -0.8385 -0.3669 -0.4028
vn -0.6355 -0.3717 -0.6768
vn -0.7059 -0.3294 -0.6271
vn 0.9846 -0.1704 -0.0392
vn 0.2416 0.9020 -0.3579
vn 0.9806 -0.1924 -0.0379
vn 0.3885 0.8883 0.2449
vn 0.4282 0.7910 -0.4370
vn 0.3302 0.7026 -0.6303
vn 0.2949 0.6197 -0.7274
vn -0.5738 0.7220 -0.3866
vn -0.4296 -0.8947 -0.1220
vn -0.5922 -0.7727 0.2285
vn -0.9782 0.0212 -0.2065
vn -0.8851 -0.4602 -0.0690
vn 0.9852 -0.1576 -0.0667
vn 0.9895 -0.1438 -0.0146
vn 0.9764 -0.1810 -0.1179
vn 0.9824 -0.1524 0.1076
vn 0.9897 -0.1417 0.0223
vn 0.9790 -0.2032 0.0188
vn 0.2381 0.4672 -0.8515
vn 0.8558 -0.3235 -0.4037
vn 0.9888 -0.0644 -0.1348
vn 0.5816 -0.3756 -0.7216
vn 0.5726 -0.3062 -0.7605
vn 0.6956 -0.3688 -0.6165
vn -0.6635 -0.2805 -0.6936
vn -0.9047 0.1534 0.3974
vn -0.0855 -0.4466 -0.8906
vn 0.1998 0.5595 -0.8044
vn 0.8871 0.2661 -0.3771
vn 0.6150 0.4651 0.6368
vn 0.7868 0.4040 0.4665
vn 0.2145 0.2202 -0.9516
vn 0.2526 0.1486 -0.9561
vn 0.2538 0.0975 -0.9623
vn -0.0016 0.3691 -0.9294
vn 0.0190 0.3421 -0.9395
vn -0.0211 0.1560 -0.9875
vn 0.2978 0.0550 -0.9530
vn 0.3733 -0.0560 -0.9260
vn 0.2964 0.6875 -0.6629
vn 0.0075 -0.7349 -0.6782
vn 0.3622 0.4278 -0.8282
vn 0.6851 0.7245 -0.0759
vn 0.9339 -0.0927 0.3453
vn 0.1445 0.7777 -0.6118
vn -0.4820 -0.3148 -0.8177
vn -0.7066 -0.3704 -0.6030
vn -0.5872 -0.1657 -0.7923
vn 0.4811 0.8754 0.0467
vn 0.0763 0.3783 -0.9225
vn 0.1672 0.5751 -0.8008
vn 0.1493 0.4704 -0.8697
vn 0.1758 0.3817 -0.9074
vn 0.0891 0.2664 -0.9597
vn -0.3251 -0.1964 -0.9250
vn -0.0077 0.7017 0.7124
vn -0.4674 0.1416 0.8726
vn 0.2604 0.8187 -0.5119
vn 0.1102 0.4845 -0.8678
vn 0.0279 0.4395 -0.8978
vn -0.7319 -0.6341 0.2495
vn -0.8871 -0.4300 -0.1678
vn 0.0124 0.3935 -0.9193
vn 0.1133 0.4839 -0.8677
vn 0.1814 0.6853 -0.7053
vn -0.8068 -0.5882 -0.0561
vn -0.6273 0.0709 -0.7756
vn -0.0411 0.2898 -0.9562
vn -0.0235 0.3587 -0.9331
vn -0.0562 0.3398 -0.9388
vn -0.2755 0.0544 -0.9598
vn -0.4493 0.2295 -0.8634
vn -0.4334 0.1879 -0.8814
vn -0.6017 0.1572 -0.7831
vn 0.0806 0.3977 -0.9140
vn 0.0057 0.2646 -0.9643
vn 0.0397 0.1502 -0.9879
vn 0.0901 0.1290 -0.9875
vn -0.6538 0.1612 -0.7393
vn -0.4614 0.1601 -0.8726
vn 0.1052 0.1563 -0.9821
vn 0.1537 0.1602 -0.9751
vn 0.1563 0.1877 -0.9697
vn 0.1885 0.1225 -0.9744
vn 0.1007 0.1182 -0.9879
vn 0.1440 0.1146 -0.9829
vn 0.1665 -0.0216 -0.9858
vn 0.1344 0.0252 -0.9906
vn 0.0765 0.0115 -0.9970
vn 0.0837 0.0795 -0.9933
vn 0.1145 0.0589 -0.9917
vn 0.1396 0.0731 -0.9875
vn 0.0670 0.1450 -0.9872
vn 0.0475 -0.0383 -0.9981
vn 0.0493 -0.1105 -0.9927
vn 0.1916 0.3109 -0.9309
vn 0.1995 0.2777 -0.9397
vn 0.2125 0.1980 -0.9569
vn 0.1862 0.8280 -0.5289
vn 0.7674 -0.0263 -0.6407
vn 0.6990 -0.0539 -0.7131
vn 0.7660 -0.0933 -0.6361
vn 0.0232 -0.3107 -0.9502
vn -0.0097 0.3391 -0.9407
vn -0.0071 -0.3144 -0.9493
vn -0.0094 -0.3544 -0.9351
vn -0.8901 -0.0517 -0.4529
vn -0.9184 -0.3424 -0.1985
vn -0.8480 -0.3861 -0.3630
vn -0.9067 -0.3857 -0.1708
vn 0.6579 -0.4233 -0.6229
vn 0.5514 -0.3832 -0.7411
vn 0.5918 -0.4388 -0.6762
vn 0.0385 -0.2477 -0.9681
vn 0.7906 0.5711 -0.2209
vn -0.8823 -0.4514 -0.1332
vn -0.4790 -0.2045 -0.8536
vn -0.3252 -0.0972 -0.9406
vn 0.8318 -0.4548 -0.3184
vn -0.0184 -0.2571 -0.9662
vn -0.0208 -0.3161 -0.9485
vn 0.9731 -0.0257 -0.2290
vn -0.0151 0.0544 -0.9984
vn 0.0986 -0.0505 -0.9938
vn -0.0322 -0.1211 -0.9921
vn -0.0342 -0.1919 -0.9808
vn -0.0134 -0.1899 -0.9817
vn -0.9215 -0.3731 -0.1081
vn -0.0794 0.0166 -0.9967
vn -0.0972 -0.0225 -0.9950
vn -0.0605 -0.0402 -0.9974
vn -0.1223 0.0894 -0.9885
vn -0.1302 0.0253 -0.9912
vn -0.0966 0.0618 -0.9934
vn 0.3447 -0.2745 -0.8977
vn 0.3446 -0.1573 -0.9255
vn 0.4342 -0.2864 -0.8541
vn -0.0180 0.1166 -0.9930
vn 0.0800 -0.0239 -0.9965
vn 0.1827 -0.0001 -0.9832
vn 0.1980 -0.0831 -0.9767
vn 0.0204 -0.1533 -0.9880
vn 0.4812 -0.1830 -0.8573
vn -0.0410 0.1149 -0.9925
vn -0.0750 0.1063 -0.9915
vn -0.0516 0.0708 -0.9962
vn -0.0362 0.0094 -0.9993
vn -0.0576 0.1588 -0.9856
vn -0.0372 0.2139 -0.9761
vn -0.0842 0.1892 -0.9783
vn 0.5393 -0.4416 -0.7170
vn 0.5219 -0.4523 -0.7232
vn 0.4241 -0.4438 -0.7894
vn 0.1492 -0.0908 -0.9846
vn 0.1383 -0.1976 -0.9705
vn 0.1984 -0.1499 -0.9686
vn 0.0697 -0.9212 -0.3827
vn 0.8865 -0.3484 -0.3044
vn -0.0131 0.2808 -0.9597
vn 0.1320 0.1245 -0.9834
vn 0.8613 0.3367 0.3805
vn 0.8925 0.3541 0.2794
vn 0.8726 0.3146 0.3737
vn 0.9788 -0.1909 -0.0740
vn 0.9572 -0.2281 -0.1782
vn 0.9556 -0.0765 -0.2846
vn 0.0182 0.2269 0.9738
vn 0.3717 -0.8143 -0.4458
vn -0.5804 0.0454 -0.8130
vn -0.4548 0.1374 -0.8799
vn 0.7975 0.3105 -0.5173
vn 0.8091 0.2968 -0.5073
vn 0.7531 0.3053 -0.5828
vn 0.9744 0.2240 -0.0176
vn 0.9570 0.2823 0.0669
vn 0.9654 0.1718 0.1962
vn 0.5143 0.6603 -0.5472
vn 0.3772 0.6700 -0.6394
vn 0.0924 0.1085 -0.9898
vn 0.0906 0.0972 -0.9911
vn 0.1461 0.1012 -0.9841
vn 0.2218 0.4689 -0.8550
vn 0.2970 0.4685 -0.8320
vn 0.3217 0.4581 -0.8286
vn 0.7428 0.0956 -0.6626
vn 0.7788 0.1208 -0.6155
vn 0.6972 0.1372 -0.7037
vn 0.9114 -0.3361 -0.2374
vn 0.9463 -0.2887 -0.1453
vn 0.9559 -0.2518 -0.1511
vn 0.9151 0.3231 0.2411
vn 0.8954 0.2410 0.3744
vn 0.9120 0.0059 -0.4102
vn 0.9194 0.0510 -0.3900
vn 0.8800 0.0433 -0.4729
vn 0.9439 0.2013 -0.2619
vn 0.9473 0.2793 -0.1569
vn 0.8989 0.3221 -0.2970
vn 0.7580 0.2955 -0.5815
vn 0.7965 0.2871 -0.5322
vn 0.8213 0.2549 -0.5104
vn -0.0005 -0.3699 -0.9291
vn 0.0130 -0.3633 -0.9316
vn 0.0070 -0.3509 -0.9364
vn 0.0546 -0.3303 -0.9423
vn 0.0231 -0.3486 -0.9370
vn 0.2290 -0.3594 -0.9046
vn 0.3195 -0.3845 -0.8661
vn 0.2414 -0.3835 -0.8914
vn 0.9418 -0.2970 -0.1574
vn 0.8292 -0.4011 -0.3892
vn 0.9826 -0.1005 0.1564
vn 0.9208 -0.2831 -0.2683
vn 0.8934 -0.2675 -0.3610
vn 0.8860 -0.3140 -0.3412
vn 0.7265 -0.3803 -0.5723
vn 0.7620 -0.4054 -0.5049
vn -0.0375 -0.2231 -0.9741
vn 0.0309 -0.4151 -0.9092
vn 0.0058 -0.3899 -0.9209
vn -0.0198 -0.3875 -0.9217
vn -0.0185 -0.2507 -0.9679
vn 0.0001 -0.2807 -0.9598
vn -0.0491 -0.2645 -0.9631
vn 0.3736 -0.0831 -0.9239
vn 0.3097 0.0112 -0.9508
vn -0.0879 0.1520 -0.9845
vn -0.0719 0.1340 -0.9884
vn 0.2749 0.0176 -0.9613
vn -0.0623 -0.2187 -0.9738
vn 0.7389 0.3104 -0.5980
vn -0.0752 -0.0905 -0.9931
vn -0.8517 0.3010 -0.4290
vn -0.0753 0.3476 -0.9346
vn 0.1632 0.3520 -0.9217
vn -0.2330 0.2013 -0.9514
vn -0.3453 0.1969 -0.9176
vn 0.1821 0.5643 -0.8052
vn 0.1697 0.5377 -0.8259
vn 0.1841 0.4346 -0.8816
vn 0.1578 0.4883 -0.8583
vn 0.9251 0.2821 -0.2540
vn 0.9058 0.2927 -0.3064
vn 0.9366 0.2977 -0.1847
vn 0.9939 0.1099 0.0032
vn 0.9363 0.3351 0.1054
vn 0.9493 0.3095 -0.0544
vn 0.9249 0.2326 -0.3009
vn 0.0720 0.8986 -0.4328
vn 0.8850 0.2611 -0.3854
vn 0.8806 0.2399 -0.4087
vn 0.6831 0.2808 -0.6742
vn 0.6232 0.2544 -0.7395
vn 0.8872 0.2769 -0.3692
vn 0.8458 0.2802 -0.4540
vn 0.8541 0.2930 -0.4297
vn 0.1866 0.1527 -0.9705
vn 0.2507 0.1811 -0.9510
vn 0.2857 0.2300 -0.9303
vn 0.2088 0.2210 -0.9527
vn -0.2035 0.3243 -0.9238
vn -0.2817 0.3496 -0.8936
vn -0.1673 0.3877 -0.9065
vn 0.9907 -0.1304 0.0377
vn 0.9880 -0.1388 -0.0672
vn 0.9645 -0.1950 -0.1783
vn 0.9527 -0.2086 -0.2212
vn 0.9771 -0.1863 -0.1024
vn 0.9444 0.2374 0.2274
vn 0.9496 0.0081 -0.3133
vn 0.9388 -0.0367 -0.3426
vn 0.6218 -0.2589 -0.7392
vn 0.6564 -0.3324 -0.6772
vn 0.2087 0.1103 -0.9717
vn 0.2758 0.1212 -0.9535
vn 0.1935 -0.2593 -0.9462
vn 0.1446 -0.3118 -0.9391
vn 0.9490 -0.2465 0.1968
vn 0.9272 -0.3739 -0.0199
vn 0.8792 -0.3787 -0.2891
vn 0.9863 -0.1645 -0.0139
vn 0.9227 -0.3402 -0.1813
vn 0.8730 -0.3753 -0.3115
vn 0.9585 -0.2209 -0.1802
vn 0.9762 -0.2000 -0.0833
vn 0.9821 -0.1812 -0.0519
vn 0.9850 -0.1625 -0.0572
vn 0.9806 -0.1865 -0.0602
vn 0.9874 -0.1565 0.0236
vn 0.9821 -0.1120 -0.1511
vn 0.9596 -0.1640 -0.2287
vn 0.9783 -0.1621 -0.1291
vn 0.4233 0.0634 -0.9038
vn 0.4402 0.0846 -0.8939
vn 0.3540 0.0823 -0.9316
vn 0.2821 0.0905 -0.9551
vn 0.2726 0.1089 -0.9560
vn 0.2084 0.1027 -0.9726
vn -0.0272 -0.3451 -0.9382
vn -0.0283 -0.2971 -0.9544
vn -0.0430 -0.3095 -0.9499
vn -0.0221 -0.0463 -0.9987
vn 0.0728 -0.2737 -0.9591
vn -0.0326 -0.2340 -0.9717
vn 0.0129 -0.3155 -0.9488
vn -0.0031 -0.3569 -0.9342
vn 0.0081 -0.3781 -0.9257
vn 0.0337 -0.3753 -0.9263
vn 0.6997 0.1263 0.7032
vn -0.6182 -0.7851 0.0385
vn 0.4951 -0.2072 -0.8438
vn -0.0223 0.0889 -0.9958
vn -0.0403 0.2956 -0.9545
vn 0.1560 0.0584 -0.9860
vn -0.0673 0.1710 -0.9830
vn -0.1130 0.1487 -0.9824
vn -0.0806 0.2111 -0.9741
vn -0.0865 0.2544 -0.9632
vn 0.1492 0.3504 -0.9246
vn 0.1447 0.2507 -0.9572
vn 0.0961 0.2603 -0.9607
vn -0.1442 0.1640 -0.9759
vn -0.1064 0.2272 -0.9680
vn 0.1933 0.4035 -0.8943
vn 0.9136 0.4057 0.0276
vn 0.9197 0.3926 -0.0045
vn 0.9216 0.3741 0.1029
vn 0.9702 0.2397 -0.0359
vn 0.9401 0.3405 -0.0159
vn 0.9755 0.1747 -0.1338
vn 0.8827 0.2385 -0.4048
vn 0.8297 0.2622 -0.4927
vn 0.9761 0.2012 -0.0818
vn 0.7017 0.2986 -0.6468
vn 0.3452 0.1381 -0.9283
vn 0.5067 -0.2780 -0.8161
vn 0.5632 -0.7283 -0.3903
vn 0.0893 0.1392 -0.9862
vn 0.0112 0.1515 -0.9884
vn 0.9758 -0.1304 0.1755
vn 0.9356 0.3376 0.1035
vn 0.9992 0.0388 -0.0120
vn 0.9989 -0.0201 -0.0430
vn 0.9924 -0.0890 -0.0845
vn 0.1004 -0.1255 -0.9870
vn 0.2604 -0.0576 -0.9638
vn 0.2083 0.0058 -0.9780
vn 0.1899 0.0610 -0.9799
vn 0.0611 -0.2280 -0.9717
vn 0.0947 -0.2992 -0.9495
vn 0.9758 -0.2183 -0.0136
vn 0.9488 -0.3041 -0.0858
vn 0.9914 -0.1075 0.0743
vn 0.9700 -0.2112 -0.1203
vn 0.0699 0.0439 -0.9966
vn 0.1450 0.0921 -0.9851
vn -0.0291 -0.2615 -0.9648
vn 0.4812 -0.2998 -0.8238
vn 0.4088 -0.1775 -0.8952
vn 0.7213 -0.3831 -0.5770
vn -0.1023 0.1329 -0.9858
vn -0.0786 0.1410 -0.9869
vn 0.0103 0.1881 -0.9821
vn -0.1073 0.1124 -0.9878
vn -0.0949 0.0919 -0.9912
vn -0.1083 0.1209 -0.9867
vn 0.0874 0.1966 -0.9766
vn -0.0512 0.0905 -0.9946
vn 0.0791 0.0555 -0.9953
vn -0.0181 0.0251 -0.9995
vn -0.1235 0.0190 -0.9922
vn -0.1298 -0.0371 -0.9908
vn 0.2770 -0.1061 -0.9550
vn 0.2567 -0.0459 -0.9654
vn -0.1131 -0.1113 -0.9873
vn -0.0828 -0.0905 -0.9924
vn -0.0563 -0.1684 -0.9841
vn -0.5137 0.0010 -0.8580
vn -0.2828 0.0363 -0.9585
vn -0.4438 -0.1526 -0.8831
vn -0.9330 -0.3003 -0.1985
vn -0.7016 -0.2385 -0.6715
vn -0.4370 -0.2629 -0.8602
vn 0.1809 0.2443 -0.9527
vn 0.1848 0.3162 -0.9305
vn 0.3162 0.3754 -0.8713
vn 0.2502 0.3155 -0.9154
vn 0.2014 0.3244 -0.9242
vn 0.9099 0.3794 0.1675
vn 0.9182 0.3855 -0.0909
vn 0.9243 0.3410 -0.1715
vn 0.9102 0.3580 -0.2080
vn 0.9333 0.3547 -0.0554
vn 0.9233 0.2677 -0.2753
vn 0.8469 0.2582 -0.4649
vn 0.8857 0.2879 -0.3641
vn 0.6997 0.3125 -0.6425
vn 0.6455 0.3367 -0.6855
vn 0.7034 0.3280 -0.6306
vn 0.7447 0.3036 -0.5943
vn 0.5519 0.2646 -0.7908
vn 0.6428 0.2839 -0.7115
vn 0.5398 0.2245 -0.8113
vn 0.4558 0.2272 -0.8606
vn 0.7239 0.3149 -0.6138
vn 0.8427 0.2989 -0.4477
vn 0.8852 0.2908 -0.3631
vn 0.4692 0.4247 -0.7743
vn 0.4683 0.4249 -0.7747
vn 0.5511 0.3976 -0.7336
vn 0.6642 0.3187 -0.6762
vn 0.9099 0.2824 -0.3040
vn 0.6498 0.2966 -0.6999
vn 0.6844 0.3201 -0.6551
vn 0.7552 0.3273 -0.5679
vn 0.6989 0.3496 -0.6240
vn 0.6540 0.3505 -0.6704
vn 0.9143 0.3869 -0.1203
vn 0.9031 0.4197 -0.0905
vn 0.8014 0.3252 -0.5021
vn 0.2234 0.0850 -0.9710
vn 0.1271 0.1396 -0.9820
vn 0.0792 0.1712 -0.9820
vn 0.1029 0.2100 -0.9723
vn 0.0716 0.2384 -0.9685
vn 0.9716 -0.0832 0.2213
vn 0.9901 -0.0946 0.1033
vn 0.9981 -0.0616 -0.0096
vn -0.0085 -0.3753 -0.9269
vn 0.2025 -0.4153 -0.8868
vn 0.1193 -0.3744 -0.9195
vn 0.1248 -0.4081 -0.9044
vn 0.2665 -0.4165 -0.8692
vn 0.2899 -0.4451 -0.8472
vn 0.2800 0.0553 -0.9584
vn 0.2047 0.0774 -0.9758
vn -0.0740 -0.1944 -0.9781
vn -0.6394 -0.2088 -0.7400
vn -0.3680 0.0328 -0.9293
vn -0.1296 0.0017 -0.9916
vn -0.2495 -0.0718 -0.9657
vn -0.0687 0.0736 -0.9949
vn 0.0706 0.4028 -0.9126
vn 0.1273 0.4473 -0.8853
vn 0.2132 0.3869 -0.8971
vn -0.2960 0.2650 -0.9177
vn -0.2796 0.2437 -0.9287
vn 0.9029 0.3155 -0.2920
vn 0.7677 0.1640 -0.6195
vn 0.8310 0.1346 -0.5397
vn 0.8207 0.1959 -0.5368
vn 0.9358 0.3524 -0.0093
vn 0.9387 0.3076 -0.1560
vn 0.9139 0.3877 0.1204
vn 0.8886 0.2915 -0.3542
vn 0.8422 0.3046 -0.4450
vn 0.4875 0.2499 -0.8366
vn 0.2332 0.1339 -0.9632
vn 0.1821 0.1327 -0.9743
vn 0.2353 0.1545 -0.9596
vn -0.0581 0.2902 -0.9552
vn 0.9930 -0.0298 -0.1143
vn 0.9875 0.0283 -0.1551
vn 0.9411 -0.1319 -0.3113
vn 0.8685 -0.3455 -0.3554
vn 0.8557 -0.3704 -0.3613
vn 0.9043 -0.3087 -0.2950
vn 0.9554 -0.2331 -0.1812
vn 0.9467 -0.2508 -0.2023
vn 0.9293 -0.2013 -0.3096
vn 0.9913 0.0836 -0.1018
vn 0.9806 0.1650 -0.1055
vn 0.9657 0.1041 -0.2379
vn 0.9619 0.0435 -0.2700
vn 0.2125 -0.0891 -0.9731
vn 0.3503 -0.0567 -0.9349
vn 0.3851 0.0042 -0.9229
vn 0.2870 -0.0038 -0.9579
vn 0.1747 0.0413 -0.9838
vn 0.2641 -0.1744 -0.9486
vn 0.0303 -0.4047 -0.9139
vn 0.0599 -0.3738 -0.9256
vn 0.9877 -0.1478 -0.0508
vn 0.9733 -0.1946 -0.1219
vn 0.9467 -0.2479 -0.2056
vn 0.9724 -0.1866 -0.1402
vn 0.9565 -0.2865 -0.0547
vn 0.9275 -0.2686 -0.2600
vn 0.2453 0.0354 -0.9688
vn 0.3105 0.0247 -0.9503
vn -0.0951 -0.1511 -0.9839
vn -0.0873 -0.1743 -0.9808
vn 0.0900 -0.1373 -0.9864
vn -0.0390 -0.0869 -0.9955
vn 0.0954 -0.2915 -0.9518
vn 0.1434 -0.4350 -0.8889
vn 0.1409 -0.4253 -0.8940
vn 0.3201 -0.0736 -0.9445
vn 0.1300 0.0785 -0.9884
vn 0.0609 0.0950 -0.9936
vn 0.2667 -0.3176 -0.9100
vn 0.3511 -0.3411 -0.8720
vn 0.2044 0.0472 -0.9778
vn 0.2162 0.0992 -0.9713
vn 0.1561 -0.3066 -0.9389
vn 0.0103 -0.2138 -0.9768
vn -0.1074 -0.0847 -0.9906
vn 0.4086 -0.3369 -0.8482
vn 0.2157 -0.2222 -0.9509
vn 0.8276 -0.3988 -0.3951
vn 0.7670 -0.4139 -0.4903
vn 0.2579 -0.3432 -0.9032
vn 0.3589 -0.3582 -0.8619
vn 0.2668 -0.3254 -0.9071
vn 0.7280 -0.4097 -0.5497
vn 0.5192 -0.4056 -0.7523
vn 0.6767 -0.4140 -0.6088
vn 0.5711 -0.4049 -0.7140
vn 0.6394 -0.4190 -0.6447
vn -0.1289 0.2212 -0.9667
vn -0.2685 0.1699 -0.9482
vn -0.2025 0.2372 -0.9501
vn 0.0891 0.1654 -0.9822
vn 0.2132 0.2168 -0.9526
vn 0.1351 0.1231 -0.9832
vn 0.2359 0.1516 -0.9599
vn 0.0033 0.0684 -0.9977
vn -0.1926 0.1527 -0.9693
vn -0.0272 0.2352 -0.9716
vn 0.0931 0.1585 -0.9830
vn -0.1667 0.1534 -0.9740
vn -0.0401 0.1502 -0.9878
vn -0.1439 0.0616 -0.9877
vn 0.3851 0.2125 -0.8981
vn 0.5360 0.3026 -0.7881
vn 0.6010 0.3184 -0.7331
vn 0.5839 0.2893 -0.7585
vn -0.3836 0.3022 -0.8727
vn -0.3235 0.3043 -0.8960
vn -0.1520 0.2996 -0.9419
vn 0.9430 0.3263 -0.0653
vn 0.9235 0.3833 0.0163
vn 0.6779 0.3531 -0.6448
vn 0.5898 0.3867 -0.7089
vn 0.6323 0.3643 -0.6837
vn 0.4862 0.3984 -0.7777
vn 0.5496 0.3919 -0.7378
vn 0.5795 0.3681 -0.7271
vn 0.2780 0.0746 -0.9577
vn 0.3034 0.1374 -0.9429
vn 0.1750 0.2614 -0.9492
vn 0.2563 0.4415 -0.8599
vn -0.0371 0.3626 -0.9312
vn -0.0996 0.3601 -0.9276
vn 0.9309 -0.2423 -0.2735
vn 0.9274 -0.2703 -0.2584
vn 0.8932 -0.3090 -0.3267
vn 0.3662 0.0406 -0.9296
vn 0.3350 0.0666 -0.9399
vn 0.1123 -0.3089 -0.9445
vn 0.1230 -0.3511 -0.9282
vn 0.1151 -0.3869 -0.9149
vn 0.4377 -0.3757 -0.8169
vn 0.4031 -0.3874 -0.8291
vn 0.3335 -0.3536 -0.8739
vn 0.2247 -0.4402 -0.8693
vn 0.0569 -0.4042 -0.9129
vn 0.2051 0.1626 -0.9652
vn 0.4956 -0.3565 -0.7920
vn 0.5283 -0.3969 -0.7506
vn 0.4409 -0.3779 -0.8141
vn 0.1836 -0.3082 -0.9334
vn 0.6936 -0.4150 -0.5888
vn 0.7872 -0.4061 -0.4641
vn 0.6912 -0.4252 -0.5843
vn 0.7624 -0.4130 -0.4982
vn 0.6395 -0.4406 -0.6301
vn 0.7244 -0.4160 -0.5497
vn 0.6344 -0.4277 -0.6438
vn 0.6101 -0.4094 -0.6784
vn 0.4350 -0.3950 -0.8091
vn 0.9288 -0.2951 -0.2241
vn 0.9086 -0.3185 -0.2702
vn 0.8699 -0.3603 -0.3369
vn 0.5366 -0.3988 -0.7437
vn 0.5384 -0.4086 -0.7370
vn 0.8261 -0.3932 -0.4037
vn -0.3724 0.0775 -0.9248
vn -0.0867 0.2807 -0.9559
vn -0.0425 0.2792 -0.9593
vn -0.3198 0.1890 -0.9284
vn 0.8848 0.4041 -0.2318
vn 0.8760 0.3493 -0.3327
vn 0.8508 0.3796 -0.3634
vn 0.8977 0.4138 -0.1516
vn 0.7147 0.3367 -0.6130
vn 0.8321 0.3137 -0.4573
vn 0.9198 0.2895 -0.2649
vn 0.8704 0.2891 -0.3985
vn 0.8263 0.0800 -0.5576
vn 0.0500 0.3416 -0.9385
vn -0.0482 0.3655 -0.9295
vn 0.9500 -0.0776 -0.3024
vn 0.9283 -0.0921 -0.3603
vn 0.9124 -0.0461 -0.4066
vn 0.8839 -0.0767 -0.4613
vn 0.9053 -0.1604 -0.3933
vn 0.8117 -0.3871 -0.4374
vn 0.5635 -0.3497 -0.7484
vn 0.6322 -0.3662 -0.6829
vn 0.0725 -0.2214 -0.9725
vn -0.0465 0.3158 -0.9477
vn 0.0500 0.2864 -0.9568
vn -0.0116 0.4314 -0.9021
vn 0.0676 0.3078 -0.9490
vn 0.7758 0.3338 -0.5355
vn 0.8675 0.2830 -0.4091
vn 0.3382 0.1186 -0.9336
vn 0.3744 0.1300 -0.9181
vn 0.3609 0.0975 -0.9275
vn 0.4151 0.1170 -0.9022
vn 0.3090 0.1633 -0.9369
vn 0.3789 0.1544 -0.9125
vn 0.5420 -0.1488 -0.8271
vn 0.5312 -0.0393 -0.8463
vn 0.4429 -0.0979 -0.8912
vn 0.8781 -0.0155 -0.4782
vn 0.8630 -0.1378 -0.4860
vn 0.8610 -0.2232 -0.4570
vn 0.8151 -0.1626 -0.5561
vn 0.8002 -0.2814 -0.5297
vn 0.8500 -0.3207 -0.4180
vn 0.8006 -0.3666 -0.4740
vn 0.8428 -0.3566 -0.4030
vn 0.5095 -0.4267 -0.7472
vn 0.4190 -0.4195 -0.8053
vn 0.4886 -0.4155 -0.7672
vn 0.3105 -0.3738 -0.8740
vn 0.2202 -0.3273 -0.9189
vn -0.0865 0.4126 -0.9068
vn 0.1696 0.3109 -0.9352
vn 0.2377 0.3790 -0.8944
vn 0.1315 0.3840 -0.9139
vn -0.2645 0.3374 -0.9034
vn -0.1566 0.3525 -0.9226
vn 0.0111 0.4140 -0.9102
vn 0.7998 0.3063 -0.5163
vn 0.7655 0.3237 -0.5560
vn 0.7147 -0.4300 -0.5516
vn 0.7987 -0.4020 -0.4478
vn -0.1875 0.2600 -0.9472
vn -0.3038 0.2662 -0.9148
vn 0.1162 0.4638 -0.8783
vn 0.1779 0.4453 -0.8775
vn 0.0799 0.4452 -0.8919
vn 0.0917 0.3462 -0.9337
vn 0.2413 0.3770 -0.8942
vn 0.3668 0.4088 -0.8357
vn 0.3250 0.4121 -0.8512
vn 0.3383 0.2577 -0.9051
vn -0.0042 0.2138 -0.9769
vn 0.7178 -0.1732 -0.6743
vn 0.7433 -0.2934 -0.6012
vn 0.8303 -0.0810 -0.5515
vn 0.4472 -0.0348 -0.8938
vn 0.4929 -0.2486 -0.8338
vn 0.4413 -0.3839 -0.8111
vn 0.2733 -0.3276 -0.9044
vn 0.3511 -0.3992 -0.8470
vn 0.3411 -0.4343 -0.8337
vn 0.3402 0.2001 -0.9188
vn 0.2622 0.4409 -0.8584
vn 0.3009 0.2714 -0.9142
vn 0.7186 0.3328 -0.6106
vn 0.6506 0.2847 -0.7041
vn 0.7522 0.2255 -0.6192
vn 0.3398 0.4281 -0.8374
vn 0.4063 0.4242 -0.8093
vn 0.3887 0.4499 -0.8040
vn 0.2863 0.3281 -0.9002
vn 0.3279 0.3762 -0.8666
vn 0.1253 0.2662 -0.9557
vn 0.4800 -0.4379 -0.7601
vn 0.4118 -0.4450 -0.7953
vn 0.4124 0.4335 -0.8012
vn 0.4347 0.3840 -0.8146
vn 0.4423 -0.4335 -0.7852
vn 0.7662 -0.4085 -0.4960
vn 0.2621 -0.4145 -0.8715
vn 0.3420 -0.4290 -0.8360
vn 0.4135 -0.3176 -0.8533
vn 0.3246 -0.2712 -0.9061
vn 0.1997 -0.4376 -0.8767
vn 0.4211 -0.1859 -0.8878
vn 0.3367 -0.1282 -0.9328
vn 0.1997 -0.3656 -0.9091
vn 0.4231 -0.4016 -0.8122
vn 0.3583 -0.4489 -0.8186
vn 0.2555 -0.4479 -0.8568
vn 0.3413 -0.4031 -0.8491
vn 0.1413 0.1603 -0.9769
vn 0.1733 0.0963 -0.9801
vn 0.9748 0.1419 -0.1724
vn 0.9006 0.3740 -0.2213
vn 0.8741 0.4143 -0.2537
vn 0.8195 0.4178 -0.3923
vn 0.0100 0.1629 -0.9866
vn 0.0758 0.1308 -0.9885
vn -0.0337 0.1294 -0.9910
vn 0.4668 0.3183 -0.8251
vn 0.3917 0.3248 -0.8609
vn 0.5164 0.3452 -0.7837
vn 0.6121 0.3171 -0.7244
vn 0.3172 0.2394 -0.9177
vn 0.4362 0.2467 -0.8653
vn 0.4559 0.3050 -0.8361
vn 0.5631 0.3193 -0.7622
vn 0.4741 0.1361 -0.8699
vn 0.4554 0.1646 -0.8749
vn 0.5870 0.2698 -0.7633
vn 0.5422 0.2497 -0.8022
vn 0.6258 0.2131 -0.7503
vn 0.3634 0.1728 -0.9155
vn 0.4312 0.2017 -0.8794
vn 0.4157 0.2454 -0.8758
vn 0.4038 0.2974 -0.8652
vn 0.3584 0.2343 -0.9037
vn 0.9748 -0.0023 -0.2230
vn 0.4676 -0.0005 -0.8840
vn 0.4696 -0.1638 -0.8676
vn 0.2622 0.2783 -0.9240
vn 0.1175 0.2048 -0.9717
vn 0.3425 0.3068 -0.8880
vn 0.8350 0.0292 -0.5495
vn 0.8337 -0.0218 -0.5518
vn 0.6437 -0.1496 -0.7505
vn 0.4834 0.4221 -0.7669
vn 0.3750 0.3205 -0.8698
vn 0.4533 0.3633 -0.8140
vn 0.5216 0.3746 -0.7666
vn 0.5893 0.3432 -0.7314
vn 0.6291 0.3711 -0.6830
vn 0.6309 0.3288 -0.7028
vn 0.5473 0.1561 -0.8222
vn 0.5958 0.1279 -0.7929
vn 0.5612 0.3209 -0.7629
vn 0.8684 0.1671 -0.4669
vn 0.8746 0.0929 -0.4759
vn 0.9376 0.0931 -0.3349
vn 0.6913 0.1919 -0.6966
vn 0.7305 0.0581 -0.6804
vn 0.7882 0.0605 -0.6125
vn 0.9214 0.1613 -0.3535
vn 0.9021 0.1109 -0.4170
vn 0.8702 0.2661 -0.4146
vn 0.8608 0.3669 -0.3528
vn 0.5373 0.3591 -0.7631
vn 0.5956 0.3507 -0.7227
vn 0.5513 0.3579 -0.7536
vn 0.7862 0.3685 -0.4961
vn 0.7903 0.2767 -0.5467
vn 0.6329 0.1660 -0.7563
vn 0.6629 0.1118 -0.7403
vn 0.4524 0.0355 -0.8911
vn 0.5020 0.0511 -0.8633
vn 0.7335 0.4103 -0.5419
vn 0.6502 0.3832 -0.6561
vn 0.6801 0.0800 -0.7287
vn 0.6611 0.3927 -0.6393
vn 0.5975 0.3644 -0.7143
vn 0.5131 0.1098 -0.8513
vn 0.6084 0.0937 -0.7881
vn 0.6399 -0.0747 -0.7648
vn 0.6308 -0.0167 -0.7758
vn 0.7654 0.4112 -0.4950
vn 0.8110 0.3530 -0.4666
vn 0.7300 0.3673 -0.5764
vn 0.4524 0.1012 -0.8861
vn 0.5183 0.0835 -0.8511
vn 0.5974 0.0609 -0.7996
vn 0.5816 0.0275 -0.8130
vn 0.5303 0.0082 -0.8477
vn 0.4691 0.0745 -0.8800
vn 0.6448 0.0315 -0.7637
vn 0.7026 0.0137 -0.7114
vn 0.6666 0.0554 -0.7434
vn 0.5246 0.3018 -0.7960
vn 0.5135 0.3510 -0.7831
vn 0.5697 0.1942 -0.7985
vn 0.7824 0.0176 -0.6225
vn 0.4616 0.3319 -0.8227
vn 0.4848 0.3552 -0.7993
vn 0.5078 0.1879 -0.8407
vn 0.4963 0.2296 -0.8373
vn 0.4850 0.2763 -0.8297
vn 0.6341 0.3431 -0.6930
vn 0.4034 0.3660 -0.8386
vn 0.4491 0.3763 -0.8103
vn 0.3563 0.3316 -0.8736
vn 0.8329 0.4060 -0.3760
vn 0.7907 0.3123 -0.5266
vn 0.4219 0.4406 -0.7924
vn 0.4750 0.3908 -0.7884
vn 0.5471 0.3951 -0.7379
vn 0.6711 0.3492 -0.6539
vn 0.6249 0.3685 -0.6882
vn 0.7390 0.3271 -0.5890
vn 0.7619 0.3110 -0.5681
vn 0.0860 -0.9958 0.0302
vn -0.0380 -0.9964 -0.0758
vn 0.0323 -0.3205 0.9467
vn 0.1004 -0.3183 0.9426
vn 0.0364 -0.3259 0.9447
vn 0.2560 -0.4426 0.8594
vn 0.2970 -0.5494 0.7810
vn 0.1839 -0.4456 0.8761
vn 0.0641 -0.9953 -0.0730
vn -0.0060 0.2515 -0.9678
vn 0.1189 0.9757 0.1842
vn 0.2536 0.9385 0.2345
vn 0.2043 0.8991 0.3872
vn 0.2717 0.7254 0.6324
vn 0.3560 0.7333 0.5792
vn 0.6118 0.1096 0.7834
vn 0.1697 -0.8760 0.4515
vn 0.3486 -0.7188 0.6015
vn 0.2046 -0.6171 0.7598
vn -0.4354 -0.7605 -0.4818
vn 0.0461 -0.3467 0.9369
vn 0.0120 0.5533 0.8329
vn 0.7975 -0.2704 0.5394
vn 0.5339 0.0979 0.8398
vn 0.0148 -0.3359 0.9418
vn 0.1939 -0.3137 0.9295
vn 0.1542 -0.3176 0.9356
vn 0.1661 -0.3245 0.9312
vn 0.2238 -0.9451 0.2380
vn 0.2730 -0.9528 0.1328
vn 0.1976 0.7896 0.5809
vn 0.2545 0.6488 0.7171
vn 0.1277 0.7810 0.6113
vn 0.0569 -0.4264 0.9027
vn 0.3860 0.8510 -0.3561
vn 0.4257 -0.8188 0.3851
vn 0.1208 -0.8847 0.4502
vn 0.1037 -0.3273 0.9392
vn 0.1544 -0.4855 0.8605
vn 0.1817 -0.4137 0.8921
vn 0.2323 0.8296 0.5076
vn 0.3143 0.7899 0.5265
vn 0.3213 0.5404 0.7777
vn 0.3815 0.5507 0.7424
vn 0.3209 0.6771 0.6622
vn 0.1382 -0.3603 0.9225
vn 0.4699 0.4045 0.7846
vn 0.1742 0.7134 0.6788
vn 0.1581 -0.2359 0.9588
vn 0.1878 -0.2858 0.9397
vn 0.2115 -0.2330 0.9492
vn 0.2980 0.7625 0.5742
vn 0.4260 0.6130 0.6654
vn 0.2931 0.6459 0.7049
vn 0.0567 0.5995 0.7983
vn 0.2384 -0.1788 0.9546
vn 0.1453 -0.1636 0.9758
vn 0.2936 -0.2123 0.9320
vn 0.2829 -0.2511 0.9257
vn 0.9137 0.1072 0.3921
vn 0.2952 -0.6890 0.6619
vn 0.4370 -0.8285 0.3501
vn 0.2139 0.7608 0.6128
vn 0.4350 0.7299 0.5273
vn 0.3387 0.8044 0.4880
vn 0.5187 0.7571 0.3971
vn 0.2558 0.8344 0.4881
vn 0.5071 0.6459 0.5707
vn 0.6694 0.5267 0.5240
vn 0.8693 0.2554 0.4232
vn 0.1444 -0.1684 0.9751
vn 0.2803 0.0526 0.9585
vn 0.1828 0.0804 0.9799
vn 0.2880 0.0956 0.9529
vn 0.2354 0.4923 0.8380
vn 0.1619 0.5432 0.8238
vn 0.2200 0.5409 0.8118
vn 0.1239 0.0788 0.9892
vn 0.1439 0.0341 0.9890
vn 0.0954 0.0823 0.9920
vn 0.0868 0.0603 0.9944
vn 0.1540 -0.0993 0.9831
vn 0.0571 -0.0629 0.9964
vn 0.1780 0.0063 0.9840
vn 0.1439 0.0082 0.9896
vn 0.3779 0.8556 0.3536
vn 0.2037 0.6067 0.7684
vn 0.3115 0.5476 0.7766
vn 0.1215 -0.0469 0.9915
vn -0.8153 0.5127 0.2693
vn 0.1562 -0.0331 0.9872
vn 0.2030 -0.0566 0.9775
vn 0.1606 -0.0595 0.9852
vn 0.2273 0.6408 0.7333
vn 0.2533 0.6229 0.7402
vn 0.1116 0.6097 0.7847
vn 0.4387 -0.1503 0.8860
vn 0.3473 -0.0938 0.9330
vn 0.4484 -0.0499 0.8925
vn 0.0806 -0.0765 0.9938
vn 0.1107 -0.0685 0.9915
vn 0.0903 -0.0812 0.9926
vn 0.1311 -0.1100 0.9852
vn 0.0925 -0.6205 0.7787
vn 0.5405 0.8355 -0.0989
vn -0.0233 0.9602 0.2783
vn -0.0401 0.8520 0.5220
vn -0.1146 0.2935 0.9491
vn -0.1950 0.1439 0.9702
vn -0.1298 0.0259 0.9912
vn -0.0965 0.6333 0.7678
vn -0.0534 0.5293 0.8468
vn 0.0420 0.6676 0.7434
vn -0.1188 -0.0531 0.9915
vn -0.1429 0.1520 0.9780
vn -0.0656 0.6080 0.7912
vn -0.1018 0.2636 0.9593
vn -0.1584 0.3674 0.9165
vn -0.1013 0.4285 0.8979
vn 0.0449 -0.3522 0.9348
vn -0.1767 -0.2067 0.9623
vn -0.0707 -0.2263 0.9715
vn -0.1053 -0.2010 0.9739
vn -0.1793 -0.0718 0.9812
vn 0.2539 -0.4745 0.8428
vn -0.0415 -0.1877 0.9813
vn -0.0494 -0.1419 0.9886
vn 0.0155 -0.1640 0.9863
vn -0.7162 -0.3644 0.5951
vn -0.2224 0.2992 0.9279
vn -0.6310 0.1169 0.7670
vn 0.3645 0.7166 0.5946
vn -0.0146 0.6266 0.7792
vn 0.1010 0.5919 0.7997
vn 0.1456 0.5741 0.8058
vn 0.1082 0.5690 0.8152
vn 0.0926 0.6759 0.7312
vn 0.5310 0.7032 0.4729
vn 0.7108 -0.6994 0.0747
vn -0.4623 0.8762 0.1362
vn 0.4882 -0.0715 0.8698
vn 0.1852 0.5828 0.7913
vn 0.1886 0.5646 0.8035
vn 0.9011 -0.0703 0.4279
vn 0.9485 -0.0881 0.3044
vn 0.8805 -0.1791 0.4388
vn 0.4213 0.5606 0.7129
vn 0.2878 -0.8449 0.4509
vn 0.5981 0.2182 0.7711
vn 0.4927 0.1260 0.8610
vn 0.5983 0.1416 0.7887
vn -0.0063 -0.2761 0.9611
vn -0.3212 0.9466 -0.0281
vn -0.0633 -0.5561 0.8287
vn 0.9171 0.1439 0.3719
vn 0.8448 0.0868 0.5280
vn 0.5370 0.3217 0.7798
vn 0.9598 -0.2807 -0.0085
vn 0.9136 -0.4008 0.0686
vn 0.9396 -0.3327 0.0802
vn 0.2366 0.6480 0.7239
vn 0.2810 0.5247 0.8036
vn -0.0269 0.6466 0.7623
vn 0.1140 0.4695 0.8755
vn -0.3001 0.4117 0.8605
vn -0.5727 0.8177 -0.0579
vn 0.2253 0.5967 0.7702
vn 0.8441 0.0965 0.5274
vn 0.8392 0.2649 0.4749
vn -0.4242 -0.4686 0.7749
vn -0.0961 -0.3421 0.9347
vn -0.1630 -0.8919 0.4218
vn 0.1831 0.0809 0.9798
vn 0.2161 -0.3898 0.8952
vn -0.0043 0.3267 0.9451
vn -0.7331 0.2324 0.6392
vn 0.9227 -0.1274 0.3639
vn 0.5340 0.0020 0.8455
vn 0.4830 0.0143 0.8755
vn 0.5207 0.0501 0.8523
vn -0.0378 -0.3430 0.9386
vn -0.5923 -0.4000 0.6994
vn 0.8109 -0.0468 0.5833
vn 0.8038 -0.1074 0.5852
vn 0.7023 -0.0874 0.7065
vn 0.8944 -0.0086 0.4472
vn 0.8806 0.2440 0.4061
vn 0.9454 -0.1303 0.2988
vn 0.6489 -0.1356 0.7487
vn 0.6939 -0.1248 0.7091
vn 0.7874 -0.1241 0.6039
vn 0.7893 0.0807 0.6087
vn 0.3636 0.8551 0.3695
vn 0.8026 0.2989 0.5162
vn 0.7760 0.3112 0.5486
vn 0.7178 0.2797 0.6376
vn 0.7038 0.0972 0.7037
vn 0.5782 0.0573 0.8139
vn 0.1300 -0.4814 0.8668
vn 0.8949 0.1712 0.4122
vn 0.3550 -0.5801 0.7332
vn 0.2762 0.8475 0.4532
vn 0.6801 -0.3638 0.6365
vn 0.7457 -0.1899 0.6386
vn 0.8043 -0.3047 0.5101
vn 0.1523 -0.3229 0.9341
vn 0.0358 -0.5509 0.8338
vn 0.9608 -0.2000 0.1918
vn 0.7085 0.2199 0.6706
vn 0.7528 0.2442 0.6112
vn 0.7985 0.3101 0.5160
vn 0.8335 0.2815 0.4753
vn 0.7296 0.2116 0.6503
vn 0.8241 0.1958 0.5315
vn 0.9569 -0.0927 0.2754
vn 0.2992 0.6346 0.7126
vn 0.2918 0.6375 0.7131
vn 0.3231 0.6273 0.7086
vn 0.1786 -0.3192 0.9307
vn 0.7750 -0.0734 0.6276
vn 0.8314 -0.0588 0.5525
vn 0.7508 -0.0582 0.6580
vn -0.5716 -0.6955 -0.4354
vn 0.8203 0.5470 -0.1667
vn 0.8576 -0.3332 -0.3919
vn -0.9557 -0.0756 0.2843
vn 0.3637 0.6047 0.7085
vn 0.4222 0.5717 0.7035
vn 0.3473 0.5791 0.7376
vn 0.4424 0.6931 0.5691
vn 0.1760 -0.0142 0.9843
vn -0.1308 0.5542 0.8220
vn -0.0790 0.6480 0.7575
vn -0.3784 0.9149 -0.1408
vn 0.4498 -0.6768 0.5828
vn 0.6271 0.5831 0.5165
vn 0.8112 0.3522 0.4668
vn 0.2177 -0.1975 0.9558
vn 0.2702 -0.2012 0.9415
vn 0.2761 -0.2479 0.9286
vn 0.3270 0.6191 0.7140
vn 0.2819 0.6153 0.7362
vn 0.3006 0.6315 0.7147
vn -0.2049 -0.1385 0.9689
vn -0.0031 -0.0538 0.9985
vn 0.1674 0.9637 0.2082
vn -0.2060 0.7813 0.5892
vn -0.9271 -0.0920 -0.3634
vn 0.0192 -0.1218 0.9924
vn 0.9670 -0.2546 -0.0128
vn 0.9145 0.4047 0.0046
vn 0.9126 0.3444 0.2201
vn 0.8324 0.4738 -0.2874
vn 0.8644 -0.1317 0.4853
vn 0.8985 -0.1236 0.4213
vn 0.9785 -0.1968 -0.0624
vn 0.9993 -0.0313 -0.0183
vn 0.9923 -0.1239 0.0003
vn 0.9841 -0.0462 0.1712
vn 0.9652 0.2471 0.0860
vn -0.1896 0.3821 0.9045
vn -0.7131 0.3004 0.6335
vn -0.7195 0.5637 -0.4055
vn 0.1211 -0.3236 0.9384
vn 0.1471 -0.5141 0.8450
vn 0.6343 0.5137 0.5777
vn 0.6494 0.5553 0.5195
vn 0.7213 0.4719 0.5070
vn 0.9500 0.2554 0.1796
vn -0.1856 0.5570 0.8095
vn 0.4490 0.5332 0.7170
vn 0.4912 0.5373 0.6856
vn 0.0881 -0.3369 0.9374
vn 0.1721 -0.3938 0.9030
vn 0.3532 0.6289 0.6926
vn 0.3003 0.6424 0.7051
vn 0.9660 -0.2497 0.0672
vn 0.0498 0.9168 0.3963
vn 0.2000 -0.3255 0.9241
vn 0.1970 -0.3001 0.9333
vn 0.1625 -0.2487 0.9549
vn 0.2116 -0.2794 0.9366
vn 0.2176 -0.3790 0.8994
vn 0.2231 -0.3068 0.9252
vn 0.5498 -0.0031 0.8353
vn 0.3962 -0.0202 0.9179
vn 0.5643 0.0844 0.8212
vn 0.4107 -0.0081 0.9118
vn 0.4001 0.0549 0.9148
vn 0.3512 -0.0137 0.9362
vn 0.2484 -0.2828 0.9265
vn 0.8199 0.1738 0.5454
vn 0.7551 0.2408 0.6097
vn 0.6126 0.2615 0.7459
vn 0.6972 0.3064 0.6481
vn 0.6603 0.2408 0.7114
vn 0.7205 0.1699 0.6723
vn 0.5934 0.1682 0.7872
vn 0.4741 -0.1265 0.8713
vn 0.4730 -0.1527 0.8677
vn 0.3966 -0.1341 0.9081
vn 0.1008 -0.3149 0.9437
vn 0.2284 -0.2493 0.9411
vn 0.2019 -0.3763 0.9042
vn 0.5878 -0.0285 0.8085
vn 0.5334 -0.1023 0.8397
vn 0.5284 -0.0591 0.8469
vn 0.9421 -0.1138 0.3155
vn 0.9312 -0.1027 0.3498
vn 0.0790 -0.0960 0.9922
vn 0.4292 -0.1970 0.8814
vn 0.3203 -0.3800 0.8677
vn 0.4767 -0.4060 0.7797
vn 0.2713 -0.4865 0.8305
vn 0.2882 -0.5322 0.7960
vn 0.1325 -0.4658 0.8749
vn 0.8290 -0.1026 0.5498
vn 0.8130 -0.1177 0.5702
vn 0.8723 -0.4597 0.1665
vn 0.1571 -0.3475 0.9244
vn 0.6983 0.4350 0.5685
vn 0.8440 0.3828 0.3757
vn 0.6174 0.5095 0.5994
vn 0.4437 0.4944 0.7474
vn 0.6482 0.3190 0.6915
vn 0.2213 0.6691 0.7095
vn 0.1880 0.6529 0.7337
vn 0.1283 0.6665 0.7344
vn 0.0224 0.6648 0.7467
vn 0.0706 0.6558 0.7516
vn 0.0383 0.6413 0.7663
vn 0.0495 -0.1599 0.9859
vn 0.2983 0.6612 0.6883
vn 0.0088 0.6346 0.7728
vn 0.1547 0.5951 0.7886
vn 0.2103 0.6070 0.7664
vn 0.4160 0.1008 0.9038
vn 0.2912 0.0581 0.9549
vn 0.1749 0.0098 0.9845
vn 0.0552 -0.0418 0.9976
vn 0.1342 0.0254 0.9906
vn 0.4498 -0.0217 0.8928
vn 0.6271 0.0005 0.7790
vn 0.4623 -0.0385 0.8859
vn 0.2311 0.5732 0.7861
vn 0.3298 0.6192 0.7126
vn 0.3094 0.6307 0.7117
vn 0.3068 0.5589 0.7704
vn 0.3003 0.6288 0.7172
vn 0.3033 0.6095 0.7325
vn 0.2786 0.5914 0.7567
vn -0.1208 -0.1110 0.9865
vn 0.1912 -0.3204 0.9278
vn 0.1626 0.8887 0.4288
vn 0.2981 0.6353 0.7124
vn 0.7368 0.1111 0.6669
vn 0.8115 0.1197 0.5720
vn 0.8315 0.3160 0.4568
vn 0.4423 0.2241 0.8684
vn 0.4956 0.1931 0.8468
vn 0.5913 0.2657 0.7614
vn 0.2439 0.0664 0.9675
vn 0.2226 -0.0302 0.9745
vn -0.0271 -0.0193 0.9994
vn -0.0447 -0.1332 0.9901
vn 0.2403 0.0021 0.9707
vn 0.2057 0.0213 0.9784
vn 0.2904 0.0166 0.9568
vn 0.0616 0.0336 0.9975
vn 0.4471 0.1958 0.8728
vn 0.4660 0.1248 0.8759
vn 0.4065 0.1482 0.9015
vn 0.1625 -0.0926 0.9824
vn 0.2122 -0.1271 0.9689
vn 0.1637 -0.0884 0.9825
vn 0.0775 -0.1416 0.9869
vn 0.1057 -0.1934 0.9754
vn 0.0498 -0.2193 0.9744
vn 0.8706 -0.0984 0.4821
vn 0.9278 -0.0738 0.3657
vn 0.8178 0.0541 0.5729
vn 0.7000 0.0116 0.7141
vn 0.7101 0.0958 0.6975
vn 0.6139 -0.1130 0.7812
vn 0.8314 -0.1008 0.5464
vn 0.0631 -0.1221 0.9905
vn -0.0077 -0.3022 0.9532
vn 0.7723 -0.5518 0.3148
vn 0.8738 -0.4310 0.2251
vn 0.9803 -0.1904 -0.0520
vn 0.9931 -0.1039 -0.0539
vn 0.9221 0.3627 0.1347
vn -0.9205 0.2623 0.2897
vn 0.8778 0.3936 0.2730
vn 0.9541 0.2472 0.1688
vn -0.1075 0.5208 0.8468
vn -0.0098 0.6986 0.7155
vn 0.0588 0.3701 0.9271
vn 0.0660 0.1084 0.9919
vn -0.1082 -0.2312 0.9669
vn 0.0097 -0.3627 0.9319
vn 0.4302 0.5833 0.6890
vn 0.0350 0.6176 0.7857
vn 0.2289 0.6287 0.7432
vn 0.1816 0.6229 0.7610
vn 0.7202 0.0439 0.6924
vn 0.7283 0.0664 0.6820
vn 0.1515 -0.3355 0.9298
vn 0.2912 0.6346 0.7159
vn 0.3088 0.6309 0.7117
vn 0.8308 0.3184 0.4565
vn 0.6903 0.2910 0.6624
vn 0.1835 -0.2640 0.9469
vn 0.3774 -0.1002 0.9206
vn 0.2904 -0.1135 0.9502
vn 0.3428 -0.1698 0.9239
vn 0.1931 0.0464 0.9801
vn 0.3775 0.0739 0.9230
vn 0.2300 -0.0449 0.9721
vn 0.2551 -0.0256 0.9666
vn 0.2063 -0.0942 0.9739
vn 0.5888 0.0520 0.8066
vn 0.8763 -0.1052 0.4702
vn 0.0991 -0.0966 0.9904
vn 0.1257 -0.1230 0.9844
vn 0.9177 -0.3308 0.2202
vn 0.9235 -0.2269 0.3093
vn 0.8642 0.4026 0.3018
vn 0.7611 0.5047 0.4075
vn -0.0294 0.7076 0.7060
vn 0.0697 0.6098 0.7895
vn -0.1707 0.3696 0.9134
vn -0.1578 0.5179 0.8408
vn 0.3888 0.5881 0.7092
vn 0.3445 0.5898 0.7304
vn 0.0653 0.6309 0.7731
vn 0.1031 0.6168 0.7803
vn 0.1393 0.6112 0.7791
vn 0.1866 0.6368 0.7481
vn 0.1371 0.6266 0.7672
vn 0.2665 0.6338 0.7261
vn 0.1022 0.6392 0.7622
vn 0.2336 0.6406 0.7315
vn 0.2496 0.6485 0.7192
vn 0.1445 -0.2876 0.9468
vn 0.1977 -0.3168 0.9277
vn 0.2415 -0.2978 0.9236
vn 0.2973 -0.2648 0.9173
vn 0.2903 0.0820 0.9534
vn 0.2000 0.0904 0.9756
vn 0.3318 0.0571 0.9416
vn 0.2038 -0.0293 0.9786
vn 0.3038 -0.0368 0.9520
vn 0.0972 -0.0649 0.9931
vn 0.4899 0.0846 0.8677
vn 0.5200 0.1440 0.8419
vn 0.3227 -0.0765 0.9434
vn 0.2863 -0.0762 0.9551
vn 0.3645 -0.0363 0.9305
vn 0.5264 0.2267 0.8195
vn 0.4707 0.0550 0.8806
vn 0.3249 -0.0207 0.9455
vn 0.3306 -0.1255 0.9354
vn 0.2718 -0.1212 0.9547
vn 0.2739 -0.0813 0.9583
vn 0.1390 -0.0784 0.9872
vn 0.3544 -0.2069 0.9119
vn 0.3245 -0.3290 0.8868
vn 0.8485 -0.0883 0.5217
vn 0.7607 -0.1089 0.6399
vn 0.7197 -0.1238 0.6832
vn 0.6792 -0.1167 0.7246
vn 0.5959 -0.1130 0.7951
vn 0.5741 -0.1374 0.8072
vn 0.1734 -0.1656 0.9708
vn 0.2314 -0.0700 0.9703
vn 0.2518 -0.1491 0.9562
vn 0.2188 -0.1095 0.9696
vn 0.5751 -0.5545 0.6014
vn 0.7090 -0.5120 0.4850
vn 0.6656 -0.5707 0.4809
vn 0.1660 0.5887 0.7911
vn 0.2723 0.3881 0.8805
vn 0.2945 -0.0609 0.9537
vn 0.4021 -0.4016 0.8229
vn 0.4063 -0.5467 0.7321
vn 0.5511 -0.1447 0.8218
vn 0.4686 -0.2550 0.8458
vn 0.3403 -0.1480 0.9286
vn 0.4485 -0.1441 0.8821
vn 0.3268 -0.0927 0.9405
vn 0.6817 -0.1179 0.7220
vn 0.6418 -0.2425 0.7275
vn 0.5539 -0.3921 0.7345
vn 0.8407 -0.4031 0.3616
vn 0.9447 -0.2912 0.1507
vn 0.9906 -0.0902 0.1024
vn 0.7933 -0.4383 0.4225
vn 0.9507 -0.0973 0.2945
vn 0.8664 -0.2579 0.4276
vn 0.9992 -0.0028 -0.0405
vn 0.9972 0.0718 -0.0201
vn 0.9952 0.0918 0.0336
vn 0.3926 0.6306 0.6695
vn 0.4566 0.6014 0.6556
vn 0.5732 0.5416 0.6150
vn 0.5389 0.5242 0.6593
vn 0.0664 0.6928 0.7181
vn 0.0727 0.7411 0.6675
vn 0.3559 0.6197 0.6995
vn -0.0036 -0.2125 0.9772
vn 0.0776 -0.2139 0.9738
vn 0.0670 -0.2844 0.9564
vn 0.6263 0.0575 0.7775
vn 0.6403 0.0280 0.7676
vn 0.7551 0.0592 0.6530
vn 0.2465 -0.3047 0.9200
vn 0.3370 -0.2078 0.9183
vn 0.3150 -0.2255 0.9219
vn 0.3140 -0.1826 0.9317
vn 0.3747 -0.1396 0.9166
vn 0.3871 -0.0863 0.9180
vn 0.0402 -0.1402 0.9893
vn 0.5752 -0.1419 0.8056
vn 0.3771 0.1482 0.9142
vn 0.3507 0.0973 0.9314
vn 0.3626 0.0297 0.9315
vn 0.3616 0.0940 0.9276
vn 0.4297 0.0741 0.9000
vn 0.6873 -0.0879 0.7211
vn 0.5248 -0.0327 0.8506
vn 0.5064 -0.1093 0.8553
vn 0.6111 -0.0623 0.7891
vn 0.4626 -0.0779 0.8831
vn 0.3762 -0.0870 0.9224
vn 0.1115 0.7453 0.6574
vn 0.1984 0.7236 0.6611
vn 0.4960 -0.5664 0.6582
vn 0.2413 0.1583 0.9575
vn 0.4510 0.2793 0.8477
vn 0.5751 0.1399 0.8061
vn 0.4934 0.6447 0.5839
vn 0.3178 0.6597 0.6811
vn 0.6996 -0.3674 0.6129
vn 0.7934 0.1699 0.5845
vn 0.7495 0.4151 0.5157
vn 0.6092 -0.2049 0.7661
vn 0.7892 -0.1171 0.6029
vn 0.4541 -0.0105 0.8909
vn 0.6510 0.0015 0.7591
vn 0.4290 -0.0925 0.8986
vn 0.6917 -0.0463 0.7207
vn 0.6750 -0.0338 0.7370
vn 0.9487 0.1361 0.2854
vn 0.9865 0.1026 0.1273
vn 0.8944 0.3328 0.2989
vn 0.4439 0.5846 0.6791
vn 0.1611 0.6983 0.6974
vn 0.5039 0.6873 0.5232
vn 0.4235 0.7008 0.5741
vn 0.3512 0.7287 0.5880
vn 0.2952 0.6849 0.6661
vn 0.4086 0.6600 0.6304
vn 0.1443 0.6435 0.7517
vn 0.6456 0.5846 0.4914
vn 0.2056 0.7445 0.6352
vn 0.2744 0.7464 0.6063
vn 0.1998 -0.0468 0.9787
vn 0.1732 -0.1019 0.9796
vn 0.1167 -0.0701 0.9907
vn 0.3905 0.0745 0.9176
vn 0.4271 0.0333 0.9036
vn 0.4115 -0.0059 0.9114
vn 0.4144 0.0838 0.9062
vn 0.5278 -0.1481 0.8364
vn 0.3511 0.0013 0.9363
vn 0.3983 -0.0572 0.9155
vn 0.4730 -0.0363 0.8803
vn 0.3089 -0.0532 0.9496
vn 0.5905 -0.0427 0.8059
vn 0.8913 0.0178 0.4531
vn 0.8052 0.4844 0.3420
vn 0.3569 -0.1612 0.9201
vn 0.2553 -0.1008 0.9616
vn 0.2964 -0.1092 0.9488
vn 0.2697 -0.1457 0.9519
vn 0.4085 0.0058 0.9127
vn 0.4657 -0.0204 0.8847
vn 0.7026 0.5746 0.4197
vn 0.8621 0.2821 0.4210
vn 0.7893 0.4602 0.4064
vn 0.5342 0.5965 0.5990
vn 0.3471 -0.1106 0.9313
vn 0.3674 -0.0392 0.9292
vn 0.3906 -0.0148 0.9204
vn 0.3181 -0.0735 0.9452
vn 0.3217 -0.0433 0.9459
vn 0.3345 -0.0493 0.9411
vn 0.4681 0.0269 0.8833
vn 0.5981 0.6331 0.4913
vn 0.6037 0.6386 0.4772
vn 0.3391 0.0228 0.9405
vn 0.3822 0.0387 0.9233
vn 0.2312 -0.0843 0.9692
vn 0.3331 0.0575 0.9411
vn 0.3964 0.0992 0.9127
vn 0.4268 0.0914 0.8997
vn 0.4134 0.0580 0.9087
vn 0.4512 0.0881 0.8881
vn 0.1460 -0.1650 0.9754
vn 0.2227 -0.1623 0.9613
vn 0.2006 -0.2382 0.9503
vn 0.0478 -0.1206 0.9915
vn 0.2281 -0.1266 0.9654
vn 0.3037 -0.1422 0.9421
vn 0.3228 -0.0975 0.9414
vn 0.3280 -0.1506 0.9326
vn 0.3183 -0.1256 0.9396
vn 0.6972 -0.3156 0.6436
vn 0.9899 0.1270 0.0638
vn 0.7125 0.0349 -0.7008
vn 0.9582 0.2628 0.1132
vn 0.5118 -0.7777 0.3650
vn 0.5879 -0.3475 0.7305
vn 0.8161 -0.2517 0.5203
vn 0.6919 0.3132 0.6506
vn 0.6105 0.1520 0.7773
vn 0.8220 0.0723 0.5649
vn 0.5498 0.2611 -0.7934
vn 0.9830 0.0012 0.1836
vn 0.0286 -0.8349 0.5496
vn 0.2200 0.2701 -0.9373
vn 0.4349 0.3577 -0.8264
vn 0.2902 0.8440 0.4510
vn 0.9496 0.2133 0.2296
vn 0.9413 -0.0468 0.3344
vn 0.9758 -0.1155 0.1859
vn 0.3804 0.3266 -0.8652
vn 0.1596 0.3314 -0.9299
vn 0.3929 0.8282 0.3997
vn -0.0733 0.9963 -0.0452
vn 0.8290 0.3142 0.4627
vn 0.9514 -0.0969 0.2924
vn 0.5125 0.5177 -0.6850
vn 0.5795 0.3374 -0.7419
vn 0.5793 0.4002 -0.7101
vn -0.6082 0.4975 -0.6186
vn -0.5852 0.4533 -0.6724
vn 0.5764 0.4710 -0.6677
vn 0.0885 0.2314 -0.9688
vn 0.9243 0.0331 0.3801
vn 0.7069 0.2769 -0.6509
vn 0.5460 0.2249 -0.8071
vn 0.5398 0.3527 -0.7643
vn 0.5222 0.3441 0.7803
vn 0.9962 0.0854 -0.0186
vn 0.6350 -0.1358 0.7605
vn -0.6927 0.3796 -0.6133
vn 0.2504 -0.9440 -0.2147
vn 0.9568 0.1290 0.2605
vn 0.0172 0.3732 -0.9276
vn -0.0426 0.2257 -0.9733
vn -0.2508 0.2557 -0.9337
vn -0.4590 0.3303 -0.8248
vn -0.4299 0.3532 -0.8309
vn -0.1391 0.3978 -0.9069
vn -0.5967 0.4035 -0.6937
vn -0.5926 0.3512 -0.7249
vn -0.9331 0.2575 0.2510
vn -0.7979 0.1665 0.5793
vn -0.5453 0.3642 -0.7550
vn -0.6414 0.3550 -0.6801
vn -0.8162 0.1191 0.5654
vn -0.6203 -0.1910 0.7608
vn -0.3592 0.0154 0.9331
vn -0.8636 -0.2806 0.4190
vn -0.5123 0.4502 -0.7313
vn -0.7746 0.1935 0.6021
vn -0.8197 0.1465 0.5538
vn -0.9897 0.1114 -0.0904
vn -0.9290 0.3406 -0.1446
vn -0.6243 0.1326 -0.7698
vn -0.2883 -0.2590 0.9219
vn -0.9966 0.0270 0.0773
vn -0.4641 -0.1407 0.8746
vn -0.7328 -0.2210 -0.6436
vn -0.2984 -0.0819 0.9509
vn -0.9110 0.4095 0.0482
vn -0.9597 0.2636 -0.0977
vn -0.9684 0.1612 0.1901
vn 0.3764 0.5143 -0.7706
vn -0.8081 0.1161 0.5774
vn -0.9346 0.2021 0.2926
vn -0.0882 -0.9781 0.1883
vn 0.5217 0.6939 -0.4964
vn 0.5918 -0.3706 -0.7158
vn 0.5500 0.1138 -0.8274
vn 0.0944 -0.5324 -0.8412
vn 0.4677 -0.7345 -0.4917
vn -0.7456 -0.6604 -0.0888
vn -0.5867 -0.4948 0.6410
vn -0.5379 -0.5240 0.6604
vn -0.9062 -0.2158 0.3636
vn -0.9832 -0.1690 -0.0690
vn -0.9250 -0.3626 0.1137
vn -0.8830 -0.3144 0.3486
vn -0.9644 -0.0690 -0.2552
vn -0.5838 -0.1908 -0.7892
vn -0.5539 -0.4439 -0.7044
vn -0.4396 -0.2551 -0.8612
vn -0.4394 -0.0622 -0.8961
vn -0.1924 -0.1333 -0.9722
vn -0.0358 -0.2335 -0.9717
vn 0.1077 -0.2351 -0.9660
vn 0.3423 -0.2281 -0.9115
vn 0.5344 -0.2400 -0.8104
vn 0.5226 -0.2781 -0.8060
vn 0.5008 -0.1843 -0.8457
vn 0.9456 0.0204 -0.3246
vn 0.7941 -0.6067 0.0362
vn 0.8141 -0.5802 0.0252
vn 0.6921 -0.7178 -0.0761
vn 0.6009 -0.7845 -0.1533
vn 0.6528 -0.7469 -0.1261
vn 0.5348 -0.6651 -0.5212
vn -0.1396 -0.5099 -0.8488
vn -0.0762 0.8881 -0.4533
vn -0.8800 0.3169 0.3537
vn 0.4773 0.1913 -0.8576
vn -0.8417 0.0235 -0.5395
vn 0.1772 0.0550 -0.9826
vn -0.5254 -0.2019 -0.8265
vn 0.8361 0.0148 0.5484
vn 0.6669 0.2506 0.7017
vn -0.5497 0.7679 0.3289
vn 0.9615 -0.2426 -0.1294
vn -0.6987 0.3696 -0.6125
vn 0.3958 0.0961 -0.9133
vn -0.0002 -0.2620 -0.9651
vn 0.3346 -0.2705 -0.9027
vn -0.7745 -0.5303 0.3448
vn -0.1225 -0.8900 -0.4392
vn 0.0713 -0.9948 -0.0732
vn 0.6796 -0.4825 -0.5526
vn -0.2123 -0.8174 -0.5356
vn -0.3630 -0.8214 -0.4399
vn -0.1469 -0.9096 -0.3886
vn 0.1014 -0.9385 -0.3301
vn -0.4925 -0.8099 -0.3186
vn 0.4690 -0.8674 -0.1663
vn -0.1113 -0.9923 -0.0550
vn -0.0782 -0.9937 -0.0807
vn -0.0904 -0.9941 0.0599
vn -0.0650 -0.9427 0.3272
vn -0.0456 -0.8958 0.4420
vn 0.0029 -0.9771 0.2125
vn -0.0152 -0.9410 -0.3381
vn 0.0089 -0.9961 0.0872
vn -0.1187 -0.9510 -0.2855
vn 0.2034 -0.9584 0.2003
vn 0.2652 -0.9557 0.1276
vn 0.3990 -0.8183 -0.4138
vn 0.1351 -0.9474 -0.2903
vn -0.3360 -0.9247 -0.1790
vn -0.0221 -0.9362 -0.3508
vn -0.0329 -0.8400 -0.5417
vn 0.0430 -0.9111 -0.4099
vn -0.5224 0.2213 -0.8235
vn -0.8623 -0.2031 -0.4639
vn -0.9916 0.0804 0.1018
vn -0.9035 0.0849 -0.4201
vn -0.9651 -0.1032 -0.2408
vn -0.9938 -0.0859 -0.0704
vn -0.1701 -0.3757 0.9110
vn 0.9596 0.0724 -0.2718
vn -0.4868 -0.3842 0.7845
vn -0.4552 -0.2794 0.8454
vn -0.5541 -0.6724 0.4908
vn -0.6135 -0.3704 0.6975
vn -0.2778 -0.8873 0.3681
vn -0.4367 -0.5244 0.7309
vn -0.2704 -0.5723 0.7742
vn -0.0597 -0.8568 0.5121
vn -0.2875 -0.5032 0.8149
vn -0.1766 -0.8998 0.3990
vn 0.0874 -0.1997 0.9760
vn 0.3743 -0.7824 0.4977
vn 0.1925 -0.5047 0.8416
vn 0.1519 -0.3937 0.9066
vn -0.4707 -0.5703 -0.6732
vn -0.6184 0.0950 0.7801
vn -0.1661 -0.5611 0.8109
vn 0.5694 -0.8066 0.1590
vn 0.1160 -0.7703 0.6270
vn 0.5397 -0.7695 0.3414
vn 0.9893 -0.0661 -0.1297
vn 0.4621 -0.8814 0.0979
vn 0.7321 -0.6475 0.2116
vn 0.9510 -0.1970 -0.2383
vn -0.3732 -0.3138 0.8731
vn 0.9586 -0.0399 -0.2819
vn -0.0701 -0.6063 0.7921
vn 0.8019 -0.5428 0.2498
vn 0.7939 -0.5642 -0.2268
vn -0.4688 -0.7988 -0.3771
vn -0.9256 0.3728 0.0654
vn -0.7983 -0.5881 -0.1300
vn -0.9697 0.1626 0.1822
vn -0.9991 -0.0382 0.0203
vn 0.2038 -0.7825 0.5884
vn 0.5063 -0.6530 0.5632
vn -0.7758 -0.3622 -0.5166
vn -0.8476 -0.3384 -0.4087
vn -0.8579 -0.3925 -0.3317
vn -0.8366 -0.4142 -0.3584
vn -0.9146 -0.3111 -0.2581
vn 0.6835 -0.0166 -0.7298
vn 0.8561 -0.0160 -0.5166
vn -0.8710 0.1171 -0.4771
vn -0.9153 -0.0837 -0.3939
vn 0.9316 -0.2142 -0.2936
vn 0.8733 -0.3376 -0.3514
vn -0.3891 -0.2287 0.8924
vn -0.5150 -0.3080 0.7999
vn -0.5847 -0.2984 0.7544
vn -0.6820 -0.2209 0.6972
vn -0.8821 -0.3243 0.3416
s 1
f 90//1 93//2 89//3
f 1//4 2//5 98//6
f 86//7 85//8 88//9
f 8//10 9//11 111//12
f 73//13 93//2 95//14
f 88//9 85//8 232//15
f 198//16 44//17 194//18
f 122//19 108//20 10//21
f 190//22 233//23 186//24
f 13//25 235//26 119//27
f 116//28 117//29 114//30
f 226//31 48//32 181//33
f 68//34 106//35 115//36
f 44//17 45//37 194//18
f 94//38 91//39 93//2
f 199//40 200//41 201//42
f 49//43 50//44 178//45
f 141//46 131//47 15//48
f 61//49 62//50 133//51
f 125//52 127//53 128//54
f 66//55 117//29 65//56
f 171//57 221//58 51//59
f 52//60 53//61 167//62
f 60//63 215//64 151//65
f 23//66 24//67 161//68
f 58//69 142//70 57//71
f 57//71 142//70 146//72
f 147//73 149//74 20//75
f 142//70 145//76 78//77
f 56//78 216//79 158//80
f 59//81 60//63 150//82
f 220//83 157//84 160//85
f 104//86 90//1 110//87
f 31//88 32//89 191//90
f 148//91 144//92 213//93
f 157//84 54//94 55//95
f 62//50 63//96 128//54
f 27//97 236//98 173//99
f 220//83 168//100 53//61
f 155//101 79//102 154//103
f 206//104 65//56 117//29
f 16//105 17//106 138//107
f 63//96 64//108 125//52
f 237//109 184//110 30//111
f 180//112 181//33 178//45
f 102//113 106//35 68//34
f 171//57 51//59 52//60
f 66//55 67//114 114//30
f 171//57 167//62 170//115
f 215//64 133//51 137//116
f 70//117 94//38 69//118
f 186//24 46//119 47//120
f 71//121 92//122 95//14
f 200//41 35//123 193//124
f 186//24 83//125 190//22
f 68//34 69//118 102//113
f 86//7 39//126 40//127
f 43//128 234//129 87//130
f 87//130 40//127 42//131
f 40//127 41//132 42//131
f 87//130 86//7 40//127
f 43//128 87//130 42//131
f 198//16 43//128 44//17
f 204//133 88//9 203//134
f 48//32 49//43 181//33
f 70//117 71//121 91//39
f 56//78 57//71 146//72
f 103//135 104//86 102//113
f 2//5 3//136 96//137
f 109//138 108//20 101//139
f 96//137 3//136 97//140
f 85//8 86//7 87//130
f 6//141 205//142 5//143
f 108//20 107//144 10//21
f 107//144 109//138 110//87
f 99//145 95//14 92//122
f 8//10 89//3 238//146
f 102//113 105//147 106//35
f 107//144 9//11 10//21
f 121//148 105//147 101//139
f 74//149 102//113 104//86
f 107//144 108//20 109//138
f 75//150 114//30 115//36
f 73//13 238//146 89//3
f 106//35 105//147 115//36
f 12//151 118//152 11//153
f 118//152 119//27 120//154
f 104//86 103//135 90//1
f 130//155 14//156 15//48
f 109//138 105//147 74//149
f 94//38 103//135 69//118
f 210//157 126//158 207//159
f 136//160 137//116 139//161
f 74//149 105//147 102//113
f 154//103 18//162 19//163
f 7//164 8//10 238//146
f 100//165 97//140 205//142
f 149//74 147//73 78//77
f 121//148 122//19 118//152
f 152//166 136//160 156//167
f 103//135 102//113 69//118
f 130//155 131//47 132//168
f 110//87 90//1 89//3
f 21//169 147//73 20//75
f 23//66 219//170 22//171
f 97//140 100//165 99//145
f 169//172 159//173 175//174
f 71//121 98//6 92//122
f 98//6 72//175 1//4
f 162//176 159//173 160//85
f 174//177 172//178 173//99
f 25//179 26//180 172//178
f 225//181 179//182 222//183
f 98//6 96//137 92//122
f 97//140 3//136 4//184
f 29//185 183//186 28//187
f 100//165 6//141 7//164
f 184//110 185//188 183//186
f 92//122 96//137 97//140
f 218//189 148//91 163//190
f 230//191 187//192 227//193
f 71//121 95//14 91//39
f 196//194 188//195 202//196
f 94//38 90//1 103//135
f 70//117 91//39 94//38
f 188//195 190//22 192//197
f 35//123 36//198 203//134
f 89//3 93//2 73//13
f 86//7 88//9 39//126
f 98//6 2//5 96//137
f 91//39 95//14 93//2
f 37//199 38//200 204//133
f 205//142 97//140 4//184
f 38//200 39//126 88//9
f 94//38 93//2 90//1
f 34//201 199//40 33//202
f 99//145 92//122 97//140
f 110//87 111//12 107//144
f 99//145 100//165 238//146
f 95//14 99//145 73//13
f 122//19 10//21 11//153
f 71//121 72//175 98//6
f 105//147 109//138 101//139
f 110//87 109//138 74//149
f 104//86 110//87 74//149
f 111//12 110//87 89//3
f 8//10 111//12 89//3
f 9//11 107//144 111//12
f 209//203 14//156 130//155
f 129//204 125//52 64//108
f 75//150 208//205 116//28
f 14//156 209//203 13//25
f 115//36 114//30 67//114
f 116//28 114//30 75//150
f 115//36 67//114 68//34
f 75//150 115//36 105//147
f 75//150 120//154 208//205
f 117//29 116//28 113//206
f 117//29 113//206 206//104
f 66//55 114//30 117//29
f 119//27 118//152 12//151
f 118//152 120//154 121//148
f 13//25 119//27 12//151
f 120//154 119//27 112//207
f 112//207 207//159 208//205
f 121//148 120//154 75//150
f 105//147 121//148 75//150
f 122//19 121//148 101//139
f 108//20 122//19 101//139
f 11//153 118//152 122//19
f 140//208 141//46 138//107
f 135//209 124//210 140//208
f 124//210 127//53 123//211
f 134//212 135//209 133//51
f 206//104 129//204 65//56
f 127//53 125//52 76//213
f 126//158 206//104 207//159
f 76//213 125//52 126//158
f 127//53 76//213 132//168
f 128//54 127//53 124//210
f 128//54 124//210 134//212
f 63//96 125//52 128//54
f 65//56 129//204 64//108
f 126//158 125//52 129//204
f 131//47 130//155 15//48
f 210//157 207//159 209//203
f 141//46 15//48 16//105
f 132//168 131//47 123//211
f 127//53 132//168 123//211
f 210//157 132//168 76//213
f 134//212 133//51 62//50
f 133//51 135//209 137//116
f 128//54 134//212 62//50
f 135//209 134//212 124//210
f 140//208 124//210 123//211
f 137//116 135//209 77//214
f 138//107 139//161 77//214
f 156//167 136//160 139//161
f 139//161 137//116 77//214
f 136//160 151//65 215//64
f 17//106 18//162 211//215
f 140//208 138//107 77//214
f 211//215 138//107 17//106
f 154//103 156//167 211//215
f 135//209 140//208 77//214
f 141//46 140//208 123//211
f 131//47 141//46 123//211
f 16//105 138//107 141//46
f 212//216 58//69 59//81
f 146//72 142//70 213//93
f 142//70 212//216 145//76
f 212//216 150//82 153//217
f 147//73 148//91 78//77
f 80//218 157//84 158//80
f 212//216 142//70 58//69
f 149//74 145//76 143//219
f 213//93 142//70 78//77
f 146//72 144//92 216//79
f 21//169 22//171 214//220
f 78//77 145//76 149//74
f 214//220 147//73 21//169
f 164//221 219//170 161//68
f 149//74 143//219 153//217
f 149//74 155//101 20//75
f 151//65 150//82 60//63
f 150//82 152//166 153//217
f 215//64 60//63 61//49
f 152//166 151//65 136//160
f 153//217 152//166 79//102
f 151//65 152//166 150//82
f 149//74 153//217 79//102
f 153//217 143//219 212//216
f 155//101 154//103 19//163
f 156//167 154//103 79//102
f 20//75 155//101 19//163
f 79//102 155//101 149//74
f 152//166 156//167 79//102
f 156//167 139//161 211//215
f 158//80 157//84 55//95
f 160//85 157//84 80//218
f 56//78 158//80 55//95
f 216//79 218//189 158//80
f 161//68 162//176 80//218
f 175//174 159//173 162//176
f 162//176 160//85 80//218
f 159//173 168//100 220//83
f 24//67 25//179 217//222
f 164//221 161//68 80//218
f 217//222 161//68 24//67
f 172//178 175//174 217//222
f 218//189 164//221 80//218
f 163//190 148//91 214//220
f 218//189 80//218 158//80
f 164//221 163//190 219//170
f 224//223 28//187 183//186
f 182//224 178//45 50//44
f 81//225 223//226 170//115
f 28//187 224//223 27//97
f 168//100 167//62 53//61
f 167//62 169//172 170//115
f 220//83 53//61 54//94
f 169//172 168//100 159//173
f 170//115 169//172 81//225
f 168//100 169//172 167//62
f 81//225 174//177 223//226
f 171//57 170//115 166//227
f 171//57 166//227 221//58
f 52//60 167//62 171//57
f 173//99 172//178 26//180
f 175//174 172//178 81//225
f 27//97 173//99 26//180
f 174//177 173//99 165//228
f 165//228 222//183 223//226
f 81//225 172//178 174//177
f 169//172 175//174 81//225
f 175//174 162//176 217//222
f 229//229 31//88 191//90
f 189//230 186//24 47//120
f 82//231 228//232 180//112
f 31//88 229//229 30//111
f 221//58 182//224 51//59
f 180//112 178//45 82//231
f 179//182 221//58 222//183
f 82//231 178//45 179//182
f 82//231 185//188 228//232
f 181//33 180//112 177//233
f 181//33 177//233 226//31
f 49//43 178//45 181//33
f 51//59 182//224 50//44
f 179//182 178//45 182//224
f 184//110 183//186 29//185
f 225//181 222//183 224//223
f 30//111 184//110 29//185
f 185//188 184//110 176//234
f 176//234 227//193 228//232
f 225//181 185//188 82//231
f 226//31 189//230 48//32
f 83//125 191//90 192//197
f 187//192 226//31 227//193
f 83//125 186//24 187//192
f 195//235 196//194 194//18
f 45//37 233//23 195//235
f 48//32 189//230 47//120
f 187//192 186//24 189//230
f 192//197 190//22 83//125
f 188//195 195//235 233//23
f 32//89 33//202 231//236
f 230//191 227//193 229//229
f 231//236 191//90 32//89
f 199//40 202//196 231//236
f 193//124 35//123 203//134
f 193//124 232//15 197//237
f 195//235 194//18 45//37
f 197//237 194//18 84//238
f 233//23 45//37 46//119
f 196//194 195//235 188//195
f 202//196 188//195 192//197
f 84//238 194//18 196//194
f 197//237 84//238 201//42
f 234//129 197//237 85//8
f 194//18 197//237 198//16
f 198//16 197//237 234//129
f 200//41 199//40 34//201
f 202//196 199//40 84//238
f 35//123 200//41 34//201
f 201//42 200//41 193//124
f 197//237 201//42 193//124
f 84//238 199//40 201//42
f 196//194 202//196 84//238
f 202//196 192//197 231//236
f 204//133 203//134 36//198
f 203//134 88//9 232//15
f 37//199 204//133 36//198
f 38//200 88//9 204//133
f 5//143 205//142 4//184
f 100//165 205//142 6//141
f 207//159 206//104 113//206
f 129//204 206//104 126//158
f 208//205 113//206 116//28
f 235//26 209//203 207//159
f 112//207 208//205 120//154
f 113//206 208//205 207//159
f 210//157 130//155 132//168
f 207//159 112//207 235//26
f 126//158 210//157 76//213
f 209//203 130//155 210//157
f 211//215 18//162 154//103
f 138//107 211//215 139//161
f 212//216 59//81 150//82
f 145//76 212//216 143//219
f 146//72 213//93 144//92
f 78//77 148//91 213//93
f 214//220 22//171 219//170
f 147//73 214//220 148//91
f 133//51 215//64 61//49
f 136//160 215//64 137//116
f 146//72 216//79 56//78
f 218//189 216//79 144//92
f 217//222 25//179 172//178
f 161//68 217//222 162//176
f 148//91 218//189 144//92
f 164//221 218//189 163//190
f 219//170 23//66 161//68
f 214//220 219//170 163//190
f 157//84 220//83 54//94
f 159//173 220//83 160//85
f 222//183 221//58 166//227
f 182//224 221//58 179//182
f 223//226 166//227 170//115
f 236//98 224//223 222//183
f 165//228 223//226 174//177
f 166//227 223//226 222//183
f 225//181 183//186 185//188
f 222//183 165//228 236//98
f 179//182 225//181 82//231
f 224//223 183//186 225//181
f 227//193 226//31 177//233
f 189//230 226//31 187//192
f 228//232 177//233 180//112
f 237//109 229//229 227//193
f 176//234 228//232 185//188
f 177//233 228//232 227//193
f 83//125 230//191 191//90
f 227//193 176//234 237//109
f 187//192 230//191 83//125
f 229//229 191//90 230//191
f 231//236 33//202 199//40
f 191//90 231//236 192//197
f 197//237 232//15 85//8
f 203//134 232//15 193//124
f 186//24 233//23 46//119
f 188//195 233//23 190//22
f 87//130 234//129 85//8
f 198//16 234//129 43//128
f 119//27 235//26 112//207
f 13//25 209//203 235//26
f 173//99 236//98 165//228
f 27//97 224//223 236//98
f 184//110 237//109 176//234
f 30//111 229//229 237//109
f 99//145 238//146 73//13
f 7//164 238//146 100//165
f 263//239 3//240 4//184
f 1//241 2//242 261//243
f 7//244 357//245 6//246
f 270//247 72//248 261//243
f 270//247 271//249 269//250
f 261//243 259//251 258//252
f 261//243 258//252 270//247
f 272//253 70//254 269//250
f 263//239 259//251 3//240
f 279//255 68//256 277//257
f 286//258 284//259 244//260
f 262//261 260//262 267//263
f 243//264 279//255 277//257
f 261//243 72//248 1//241
f 269//250 242//265 272//253
f 267//263 271//249 262//261
f 262//261 263//239 260//262
f 286//258 390//266 362//267
f 362//267 284//259 286//258
f 43//268 256//269 42//270
f 2//242 3//240 259//251
f 245//271 292//272 291//273
f 264//274 6//246 357//245
f 293//275 61//276 62//277
f 265//278 268//279 267//263
f 368//280 293//275 296//281
f 307//282 304//283 247//284
f 267//263 268//279 242//265
f 368//280 305//285 60//286
f 8//10 9//11 358//287
f 58//288 308//289 57//290
f 5//143 264//274 4//184
f 263//239 264//274 260//262
f 264//274 263//239 4//184
f 242//265 271//249 267//263
f 311//291 57//290 308//289
f 358//287 265//278 8//10
f 54//94 55//95 315//292
f 311//291 56//293 57//290
f 267//263 260//262 357//245
f 270//247 269//250 71//294
f 379//295 329//296 53//297
f 270//247 71//294 72//248
f 331//298 49//299 50//300
f 331//298 334//301 49//299
f 271//249 270//247 258//252
f 328//302 250//303 330//304
f 242//265 268//279 272//253
f 54//94 318//305 53//297
f 272//253 268//279 266//306
f 242//265 269//250 271//249
f 338//307 46//308 47//309
f 272//253 278//310 70//254
f 346//311 44//312 45//313
f 338//307 341//314 386//315
f 272//253 266//306 275//316
f 273//317 276//318 275//316
f 387//319 256//269 43//268
f 42//270 239//320 41//321
f 256//269 255//322 239//320
f 254//323 255//322 256//269
f 359//324 276//318 273//317
f 350//325 43//268 44//312
f 275//316 276//318 243//264
f 48//326 49//299 334//301
f 10//21 11//327 359//324
f 315//292 318//305 54//94
f 271//249 258//252 262//261
f 259//251 262//261 258//252
f 358//287 268//279 265//278
f 5//143 6//246 264//274
f 278//310 277//257 69//328
f 267//263 357//245 265//278
f 257//329 255//322 254//323
f 261//243 2//242 259//251
f 273//317 275//316 358//287
f 277//257 278//310 243//264
f 51//330 52//60 328//302
f 285//331 244//260 284//259
f 21//332 312//333 20//334
f 304//283 307//282 59//335
f 283//336 280//337 360//338
f 23//66 24//339 319//340
f 282//341 359//324 280//337
f 33//342 34//343 351//344
f 282//341 283//336 244//260
f 287//345 289//346 14//156
f 19//163 300//347 18//348
f 294//349 246//350 293//275
f 16//351 17//106 297//352
f 291//273 292//272 63//353
f 299//354 365//355 297//352
f 295//356 296//281 298//357
f 15//358 287//345 14//156
f 248//359 308//289 309//360
f 12//151 280//337 11//327
f 68//256 69//328 277//257
f 310//361 369//362 313//363
f 66//364 67//365 284//259
f 314//366 367//367 312//333
f 63//353 64//108 291//273
f 295//356 298//357 302//368
f 59//335 60//286 304//283
f 374//369 313//363 321//370
f 372//371 320//372 377//373
f 70//254 71//294 269//250
f 335//374 337//375 376//376
f 26//377 378//378 25//379
f 8//10 265//278 7//244
f 372//371 377//373 317//380
f 28//187 29//381 335//374
f 255//322 257//329 240//382
f 333//383 380//384 336//385
f 48//326 382//386 339//387
f 256//269 239//320 42//270
f 336//385 344//388 384//389
f 251//390 331//298 332//391
f 31//88 385//392 30//393
f 27//97 323//394 26//377
f 23//66 375//395 22//171
f 340//396 341//314 343//397
f 31//88 32//398 342//399
f 34//343 388//400 351//344
f 359//324 273//317 10//21
f 37//401 356//402 36//403
f 388//400 353//404 354//405
f 353//404 35//406 36//403
f 56//293 371//407 316//408
f 240//382 257//329 241//409
f 350//325 44//312 346//311
f 354//405 389//410 349//411
f 37//401 241//409 356//402
f 328//302 330//304 51//330
f 255//322 240//382 239//320
f 275//316 266//306 358//287
f 340//396 352//412 348//413
f 10//21 273//317 9//11
f 341//314 338//307 252//414
f 279//255 276//318 274//415
f 262//261 259//251 263//239
f 243//264 276//318 279//255
f 272//253 275//316 243//264
f 70//254 278//310 69//328
f 243//264 278//310 272//253
f 279//255 274//415 282//341
f 279//255 285//331 68//256
f 360//338 12//151 13//416
f 280//337 283//336 282//341
f 361//417 14//156 289//346
f 363//418 391//419 362//267
f 279//255 282//341 244//260
f 282//341 274//415 359//324
f 360//338 280//337 12//151
f 286//258 283//336 281//420
f 285//331 284//259 67//365
f 244//260 283//336 286//258
f 68//256 285//331 67//365
f 244//260 285//331 279//255
f 289//346 363//418 390//266
f 66//364 362//267 65//421
f 15//358 16//351 365//355
f 289//346 287//345 245//271
f 245//271 287//345 290//422
f 365//355 290//422 287//345
f 291//273 364//423 245//271
f 360//338 361//417 281//420
f 365//355 287//345 15//358
f 292//272 290//422 288//424
f 64//108 65//421 391//419
f 245//271 290//422 292//272
f 292//272 288//424 299//354
f 292//272 294//349 63//353
f 294//349 293//275 62//277
f 296//281 293//275 246//350
f 63//353 294//349 62//277
f 246//350 294//349 292//272
f 246//350 297//352 298//357
f 302//368 306//425 295//356
f 298//357 296//281 246//350
f 295//356 305//285 368//280
f 17//106 18//348 366//426
f 299//354 297//352 246//350
f 366//426 297//352 17//106
f 300//347 302//368 366//426
f 292//272 299//354 246//350
f 299//354 288//424 365//355
f 19//163 20//334 367//367
f 302//368 300//347 247//284
f 247//284 300//347 303//427
f 367//367 303//427 300//347
f 302//368 247//284 306//425
f 302//368 298//357 366//426
f 367//367 300//347 19//163
f 307//282 303//427 301//428
f 305//285 304//283 60//286
f 247//284 303//427 307//282
f 368//280 60//286 61//276
f 306//425 305//285 295//356
f 247//284 304//283 306//425
f 305//285 306//425 304//283
f 307//282 301//428 314//366
f 307//282 309//360 59//335
f 309//360 308//289 58//288
f 311//291 308//289 369//362
f 59//335 309//360 58//288
f 248//359 309//360 307//282
f 312//333 313//363 248//359
f 249//429 315//292 316//408
f 369//362 308//289 248//359
f 311//291 310//361 371//407
f 21//332 22//171 370//430
f 314//366 312//333 248//359
f 370//430 312//333 21//332
f 322//431 375//395 319//340
f 307//282 314//366 248//359
f 314//366 301//428 367//367
f 316//408 315//292 55//95
f 318//305 315//292 372//371
f 56//293 316//408 55//95
f 371//407 374//369 316//408
f 319//340 320//372 249//429
f 325//432 327//433 329//296
f 372//371 315//292 249//429
f 318//305 317//380 379//295
f 24//339 25//379 373//434
f 322//431 319//340 249//429
f 373//434 319//340 24//339
f 327//433 378//378 323//394
f 374//369 322//431 249//429
f 321//370 313//363 370//430
f 374//369 249//429 316//408
f 322//431 321//370 375//395
f 27//97 28//187 376//376
f 323//394 326//435 327//433
f 327//433 326//435 250//303
f 376//376 326//435 323//394
f 250//303 328//302 329//296
f 377//373 373//434 325//432
f 376//376 323//394 27//97
f 330//304 326//435 324//436
f 329//296 327//433 250//303
f 327//433 325//432 378//378
f 329//296 328//302 52//60
f 250//303 326//435 330//304
f 53//297 329//296 52//60
f 329//296 317//380 377//373
f 330//304 324//436 337//375
f 330//304 332//391 51//330
f 332//391 331//298 50//300
f 334//301 331//298 380//384
f 51//330 332//391 50//300
f 251//390 332//391 330//304
f 335//374 336//385 251//390
f 252//414 338//307 339//387
f 380//384 331//298 251//390
f 334//301 333//383 382//386
f 29//381 30//393 381//437
f 337//375 335//374 251//390
f 381//437 335//374 29//381
f 345//438 385//392 342//399
f 330//304 337//375 251//390
f 337//375 324//436 376//376
f 339//387 338//307 47//309
f 342//399 343//397 252//414
f 48//326 339//387 47//309
f 382//386 384//389 339//387
f 347//439 348//413 346//311
f 45//313 386//315 347//439
f 343//397 341//314 252//414
f 340//396 347//439 386//315
f 32//398 33//342 383//440
f 345//438 342//399 252//414
f 383//440 342//399 32//398
f 351//344 352//412 383//440
f 384//389 345//438 252//414
f 344//388 336//385 381//437
f 384//389 252//414 339//387
f 345//438 344//388 385//392
f 347//439 346//311 45//313
f 349//411 346//311 253//441
f 386//315 45//313 46//308
f 348//413 347//439 340//396
f 352//412 340//396 343//397
f 253//441 346//311 348//413
f 351//344 355//442 253//441
f 387//319 349//411 254//323
f 346//311 349//411 350//325
f 350//325 349//411 387//319
f 34//343 35//406 388//400
f 352//412 351//344 253//441
f 348//413 352//412 253//441
f 352//412 343//397 383//440
f 356//402 353//404 36//403
f 257//329 254//323 389//410
f 353//404 257//329 389//410
f 355//442 349//411 253//441
f 351//344 354//405 355//442
f 349//411 355//442 354//405
f 241//409 257//329 356//402
f 353//404 356//402 257//329
f 357//245 7//244 265//278
f 264//274 357//245 260//262
f 358//287 9//11 273//317
f 268//279 358//287 266//306
f 359//324 11//327 280//337
f 276//318 359//324 274//415
f 361//417 360//338 13//416
f 283//336 360//338 281//420
f 14//156 361//417 13//416
f 281//420 361//417 289//346
f 284//259 362//267 66//364
f 281//420 390//266 286//258
f 364//423 289//346 245//271
f 391//419 364//423 291//273
f 391//419 291//273 64//108
f 289//346 364//423 363//418
f 365//355 16//351 297//352
f 290//422 365//355 288//424
f 366//426 18//348 300//347
f 297//352 366//426 298//357
f 367//367 20//334 312//333
f 303//427 367//367 301//428
f 293//275 368//280 61//276
f 295//356 368//280 296//281
f 311//291 369//362 310//361
f 248//359 313//363 369//362
f 370//430 22//171 375//395
f 312//333 370//430 313//363
f 311//291 371//407 56//293
f 374//369 371//407 310//361
f 318//305 372//371 317//380
f 249//429 320//372 372//371
f 373//434 25//379 378//378
f 319//340 373//434 320//372
f 313//363 374//369 310//361
f 322//431 374//369 321//370
f 375//395 23//66 319//340
f 370//430 375//395 321//370
f 376//376 28//187 335//374
f 326//435 376//376 324//436
f 373//434 377//373 320//372
f 329//296 377//373 325//432
f 378//378 26//377 323//394
f 373//434 378//378 325//432
f 318//305 379//295 53//297
f 317//380 329//296 379//295
f 334//301 380//384 333//383
f 251//390 336//385 380//384
f 381//437 30//393 385//392
f 335//374 381//437 336//385
f 334//301 382//386 48//326
f 384//389 382//386 333//383
f 383//440 33//342 351//344
f 342//399 383//440 343//397
f 336//385 384//389 333//383
f 345//438 384//389 344//388
f 385//392 31//88 342//399
f 381//437 385//392 344//388
f 338//307 386//315 46//308
f 340//396 386//315 341//314
f 256//269 387//319 254//323
f 350//325 387//319 43//268
f 353//404 388//400 35//406
f 351//344 388//400 354//405
f 349//411 389//410 254//323
f 353//404 389//410 354//405
f 289//346 390//266 281//420
f 362//267 390//266 363//418
f 362//267 391//419 65//421
f 364//423 391//419 363//418
f 491//443 538//444 539//445
f 768//446 655//447 756//448
f 482//449 520//450 481//451
f 508//452 539//445 538//444
f 572//453 577//454 493//455
f 478//456 479//457 587//458
f 776//459 699//460 775//461
f 548//462 591//463 587//458
f 591//463 647//464 587//458
f 698//465 699//460 638//466
f 548//462 587//458 588//467
f 797//468 540//469 710//470
f 542//471 510//472 552//473
f 704//474 474//475 475//476
f 706//477 789//478 704//474
f 1093//479 1285//480 1312//481
f 860//482 644//483 861//484
f 472//485 720//486 471//487
f 545//488 444//489 580//490
f 1359//491 840//492 839//493
f 720//486 721//494 814//495
f 1241//496 1243//497 1318//498
f 931//499 659//500 790//501
f 583//502 643//503 582//504
f 477//505 646//506 476//507
f 639//508 445//509 446//510
f 493//455 494//511 572//453
f 861//484 584//512 860//482
f 488//513 489//514 490//515
f 490//515 513//516 488//513
f 513//516 512//517 487//518
f 525//519 530//520 432//521
f 492//522 538//444 491//443
f 927//523 1009//524 1013//525
f 1116//526 1112//527 1119//528
f 539//445 513//516 490//515
f 1240//529 1241//496 1236//530
f 508//452 636//531 514//532
f 519//533 528//534 520//450
f 665//535 733//536 840//492
f 441//537 546//538 524//539
f 613//540 947//541 834//542
f 814//495 470//543 471//487
f 514//532 486//544 512//517
f 514//532 604//545 485//546
f 487//518 512//517 486//544
f 550//547 551//548 549//549
f 1011//550 1018//551 1019//552
f 520//450 603//553 515//554
f 527//555 1231//556 554//557
f 541//558 799//559 637//560
f 665//535 732//561 733//536
f 1011//550 526//562 1010//563
f 688//564 455//565 456//566
f 962//567 965//568 847//569
f 546//538 517//570 524//539
f 590//571 595//572 548//462
f 467//573 732//561 466//574
f 732//561 665//535 888//575
f 796//576 935//577 936//578
f 591//463 709//579 589//580
f 748//581 731//582 837//583
f 651//584 551//548 696//585
f 677//586 619//587 674//588
f 462//589 463//590 731//582
f 551//548 483//591 484//592
f 463//590 729//593 731//582
f 548//462 588//467 590//571
f 550//547 549//549 603//553
f 458//594 674//588 457//595
f 689//596 457//595 678//597
f 484//592 604//545 551//548
f 542//471 552//473 517//570
f 970//598 624//599 687//600
f 530//520 553//601 429//602
f 453//603 454//604 686//605
f 903//606 687//600 625//607
f 552//473 510//472 923//608
f 913//609 624//599 970//598
f 696//585 636//531 695//610
f 745//611 675//612 744//613
f 551//548 550//547 483//591
f 527//555 518//614 1231//556
f 1014//615 866//616 1057//617
f 683//618 685//619 752//620
f 543//621 582//504 554//557
f 697//622 541//558 637//560
f 510//472 542//471 700//623
f 717//624 658//625 806//626
f 447//627 640//628 446//510
f 522//629 517//570 552//473
f 656//630 715//631 805//632
f 860//482 778//633 779//634
f 933//635 1059//636 1060//637
f 1070//638 1074//639 948//640
f 552//473 516//641 522//629
f 725//642 663//643 820//644
f 442//645 443//646 546//538
f 545//488 542//471 517//570
f 407//647 408//648 724//649
f 844//650 893//651 895//652
f 440//653 441//537 524//539
f 900//654 901//655 1066//656
f 521//657 522//629 516//641
f 445//509 580//490 444//489
f 734//658 468//659 469//660
f 521//657 438//661 439//662
f 1164//663 1135//664 1104//665
f 452//666 683//618 451//667
f 993//668 987//669 996//670
f 463//590 464//671 729//593
f 554//557 553//601 527//555
f 572//453 575//672 540//469
f 443//646 545//488 546//538
f 550//547 520//450 482//449
f 530//520 527//555 553//601
f 811//673 718//674 717//624
f 1064//675 1062//676 941//677
f 769//678 502//679 755//680
f 633//681 504//682 505//683
f 802//684 800//685 712//686
f 524//539 522//629 440//653
f 397//687 398//688 714//689
f 500//690 654//691 499//692
f 492//522 577//454 576//693
f 503//694 755//680 502//679
f 510//472 641//695 922//696
f 527//555 525//519 518//614
f 633//681 505//683 630//697
f 786//698 704//474 475//476
f 485//546 486//544 514//532
f 727//699 725//642 409//700
f 437//701 927//523 436//702
f 879//703 608//704 806//626
f 540//469 575//672 710//470
f 406//705 661//706 405//707
f 506//708 630//697 505//683
f 690//709 503//694 504//682
f 529//710 434//711 1013//525
f 727//699 409//700 410//712
f 529//710 526//562 1019//552
f 624//599 686//605 687//600
f 536//713 507//714 392//715
f 571//716 536//713 537//717
f 439//662 522//629 521//657
f 627//718 567//719 629//720
f 528//534 588//467 480//721
f 627//718 394//722 395//723
f 444//489 545//488 443//646
f 536//713 392//715 393//724
f 506//708 507//714 571//716
f 537//717 568//725 535//726
f 525//519 529//710 1019//552
f 882//727 812//728 876//729
f 539//445 508//452 513//516
f 809//730 805//632 875//731
f 542//471 580//490 581//732
f 722//733 404//734 723//735
f 480//721 481//451 528//534
f 770//736 567//719 628//737
f 448//738 449//739 703//740
f 761//741 768//446 756//448
f 487//518 488//513 513//516
f 718//674 401//742 402//743
f 400//744 716//745 399//746
f 777//747 579//748 801//749
f 539//445 490//515 491//443
f 571//716 570//750 630//697
f 681//751 621//752 680//753
f 528//534 519//533 588//467
f 516//641 925//754 926//755
f 582//504 426//756 427//757
f 550//547 482//449 483//591
f 427//757 428//758 605//759
f 522//629 524//539 517//570
f 643//503 642//760 425//761
f 429//602 431//762 530//520
f 520//450 528//534 481//451
f 461//763 747//764 460//765
f 593//766 596//767 595//572
f 426//756 643//503 425//761
f 605//759 553//601 554//557
f 629//720 393//724 394//722
f 927//523 437//701 926//755
f 516//641 923//608 925//754
f 428//758 429//602 553//601
f 431//762 429//602 430//768
f 527//555 530//520 525//519
f 522//629 439//662 440//653
f 525//519 432//521 433//769
f 441//537 442//645 546//538
f 432//521 530//520 431//762
f 1013//525 1009//524 1010//563
f 726//770 407//647 724//649
f 529//710 433//769 434//711
f 424//771 425//761 642//760
f 519//533 520//450 515//554
f 415//772 667//773 414//774
f 612//775 826//776 1023//777
f 1231//556 1233//778 554//557
f 512//517 508//452 514//532
f 823//779 726//770 884//780
f 508//452 512//517 513//516
f 413//781 414//774 671//782
f 598//783 603//553 650//784
f 741//785 413//781 669//786
f 1376//787 1363//788 1377//789
f 926//755 521//657 516//641
f 700//623 542//471 581//732
f 680//753 682//790 750//791
f 536//713 568//725 537//717
f 517//570 546//538 545//488
f 1323//792 648//793 602//794
f 680//753 421//795 422//796
f 525//519 433//769 529//710
f 667//773 670//797 616//798
f 576//693 636//531 538//444
f 736//799 737//800 668//801
f 414//774 667//773 671//782
f 750//791 420//802 421//795
f 418//803 419//804 743//805
f 904//806 963//807 960//808
f 774//809 693//810 570//750
f 642//760 784//811 869//812
f 728//813 663//643 727//699
f 1024//814 822//815 612//775
f 1293//816 1289//817 1288//818
f 495//819 496//820 578//821
f 954//822 1108//823 960//808
f 737//800 418//803 739//824
f 693//810 774//809 566//825
f 856//826 803//827 606//828
f 396//829 628//737 395//723
f 656//630 772//830 714//689
f 536//713 393//724 629//720
f 568//725 629//720 569//831
f 851//832 567//719 770//736
f 535//726 568//725 569//831
f 631//833 570//750 537//717
f 694//834 633//681 693//810
f 536//713 571//716 507//714
f 570//750 571//716 537//717
f 634//835 494//511 495//819
f 577//454 540//469 574//836
f 572//453 634//835 575//672
f 573//837 634//835 578//821
f 650//784 651//584 797//468
f 576//693 538//444 492//522
f 634//835 572//453 494//511
f 710//470 575//672 573//837
f 577//454 492//522 493//455
f 636//531 576//693 574//836
f 540//469 577//454 572//453
f 576//693 577//454 574//836
f 698//465 496//820 497//838
f 578//821 697//622 637//560
f 654//691 776//459 499//692
f 593//766 599//839 602//794
f 580//490 445//509 639//508
f 545//488 580//490 542//471
f 778//633 640//628 859//840
f 863//841 922//696 641//695
f 582//504 427//757 605//759
f 543//621 864//842 582//504
f 782//843 783//844 702//845
f 681//751 1236//530 621//752
f 701//846 919//847 641//695
f 640//628 581//732 639//508
f 788//848 792//849 793//850
f 1259//851 1262//852 870//853
f 794//854 791//855 792//849
f 705//856 1266//857 645//858
f 588//467 587//458 479//457
f 596//767 548//462 595//572
f 588//467 479//457 480//721
f 588//467 519//533 590//571
f 646//506 589//580 707//859
f 478//456 647//464 477//505
f 515//554 592//860 519//533
f 590//571 519//533 592//860
f 709//579 548//462 596//767
f 591//463 589//580 647//464
f 652//861 597//862 598//783
f 593//766 1234//863 599//839
f 597//862 592//860 515//554
f 599//839 1234//863 597//862
f 597//862 652//861 594//864
f 857//865 1083//866 1256//867
f 1234//863 590//571 592//860
f 596//767 593//766 648//793
f 649//868 596//767 547//869
f 709//579 591//463 548//462
f 598//783 597//862 515//554
f 599//839 597//862 594//864
f 598//783 515//554 603//553
f 598//783 509//870 652//861
f 1246//871 712//686 1244//872
f 593//766 595//572 1234//863
f 802//684 652//861 653//873
f 991//874 976//875 985//876
f 599//839 1246//871 602//794
f 1245//877 1319//878 601//879
f 1246//871 599//839 594//864
f 602//794 601//879 1323//792
f 550//547 603//553 520//450
f 603//553 549//549 650//784
f 485//546 604//545 484//592
f 696//585 604//545 514//532
f 553//601 605//759 428//758
f 582//504 605//759 554//557
f 1090//880 655//447 1053//881
f 777//747 858//882 579//748
f 764//883 762//884 973//885
f 567//719 627//718 628//737
f 404//734 722//733 403//886
f 940//887 1098//888 1021//889
f 789//478 473//890 474//475
f 615//891 666//892 841//893
f 945//894 1132//895 1022//896
f 806//626 807//897 717//624
f 818//898 944//899 819//900
f 819//900 882//727 883//901
f 742//902 412//903 741//785
f 820//644 821//904 725//642
f 730//905 664//906 729//593
f 895//652 955//907 957//908
f 559//909 834//542 948//640
f 827//910 664//906 730//905
f 735//911 666//892 734//658
f 817//912 937//913 938//914
f 667//773 736//799 670//797
f 671//782 1373//915 669//786
f 1141//916 419//804 420//802
f 1116//526 1125//917 1027//918
f 1117//919 1118//920 1113//921
f 959//922 961//923 954//822
f 674//588 744//613 677//586
f 845//924 625//607 676//925
f 892//926 835//927 891//928
f 952//929 894//930 949//931
f 749//932 422//796 423//933
f 1295//934 534//935 1294//936
f 782//843 702//845 784//811
f 1282//937 544//938 1280//939
f 684//940 911//941 623//942
f 969//943 644//483 753//944
f 908//945 910//946 564//947
f 684//940 623//942 683//618
f 678//597 457//595 674//588
f 619//587 955//907 956//948
f 655//447 853//949 756//448
f 691//950 755//680 690//709
f 628//737 627//718 395//723
f 629//720 567//719 569//831
f 772//830 397//687 714//689
f 850//951 767//952 632//953
f 629//720 394//722 627//718
f 536//713 629//720 568//725
f 571//716 630//697 506//708
f 633//681 630//697 570//750
f 537//717 535//726 631//833
f 535//726 632//953 774//809
f 569//831 567//719 851//832
f 761//741 764//883 760//954
f 693//810 633//681 570//750
f 690//709 633//681 626//955
f 578//821 634//835 495//819
f 575//672 634//835 573//837
f 696//585 514//532 636//531
f 574//836 798//956 695//610
f 538//444 636//531 508//452
f 695//610 636//531 574//836
f 541//558 800//685 799//559
f 573//837 578//821 637//560
f 578//821 698//465 697//622
f 775//461 497//838 498//957
f 640//628 639//508 446//510
f 580//490 639//508 581//732
f 859//840 448//738 779//634
f 701//846 641//695 700//623
f 701//846 581//732 640//628
f 641//695 919//847 863//841
f 782//843 642//760 583//502
f 869//812 784//811 785//958
f 582//504 643//503 426//756
f 642//760 643//503 583//502
f 753//944 450//959 752//620
f 451//667 752//620 450//959
f 646//506 705//856 786//698
f 931//499 609//960 659//500
f 646//506 477//505 647//464
f 1266//857 787//961 788//848
f 647//464 478//456 587//458
f 646//506 647//464 589//580
f 648//793 593//766 602//794
f 547//869 596//767 648//793
f 649//868 547//869 791//855
f 586//962 707//859 709//579
f 651//584 650//784 549//549
f 509//870 598//783 650//784
f 551//548 651//584 549//549
f 651//584 798//956 797//468
f 653//873 509//870 710//470
f 652//861 509//870 653//873
f 801//749 697//622 638//466
f 800//685 653//873 799//559
f 804//963 500//690 501//964
f 699//460 776//459 858//882
f 757//965 758//966 694//834
f 1048//967 1050//968 1089//969
f 715//631 398//688 399//746
f 773//970 1037//971 770//736
f 807//897 608//704 810//972
f 715//631 656//630 714//689
f 719//973 813//974 722//733
f 877//975 879//703 658//625
f 473//890 789//478 790//501
f 815//976 721//494 659//500
f 405//707 661//706 723//735
f 876//729 719//973 722//733
f 726//770 406//705 407//647
f 661//706 818//898 723//735
f 1339//977 821//904 612//775
f 611//978 818//898 823//779
f 410//712 728//813 727//699
f 886//979 663//643 728//813
f 730//905 464//671 465//980
f 613//540 831//981 664//906
f 733//536 467//573 468//659
f 830//982 889//983 828//984
f 735//911 469//660 470//543
f 838//985 733//536 666//892
f 736//799 415//772 416//986
f 1373//915 671//782 616//798
f 416//986 417//987 737//800
f 668//801 738//988 1364//989
f 1373//915 1374//990 1235//991
f 1268//992 1373//915 1272//993
f 736//799 667//773 415//772
f 670//797 668//801 1364//989
f 616//798 671//782 667//773
f 413//781 671//782 669//786
f 1141//916 682//790 1172//994
f 737//800 738//988 668//801
f 741//785 412//903 413//781
f 886//979 673//995 825//996
f 744//613 458//594 459//997
f 678//597 619//587 676//925
f 745//611 459//997 460//765
f 745//611 902//998 675//612
f 956//948 746//999 846//1000
f 625//607 688//564 689//596
f 744//613 674//588 458//594
f 677//586 675//612 957//908
f 619//587 678//597 674//588
f 678//597 676//925 689//596
f 848//1001 731//582 748//581
f 893//651 679//1002 892//926
f 680//753 422//796 749//932
f 682//790 680//753 621//752
f 869//812 424//771 642//760
f 1237//1003 1236//530 563//1004
f 1317//1005 1367//1006 1237//1003
f 1141//916 672//1007 743//805
f 751//1008 452//666 453//603
f 683//618 623//942 685//619
f 751//1008 683//618 452//666
f 684//940 751//1008 686//605
f 906//1009 849//1010 905//1011
f 450//959 753//944 449//739
f 754//1012 454//604 455//565
f 684//940 686//605 624//599
f 754//1012 686//605 454//604
f 687//600 754//1012 688//564
f 689//596 688//564 456//566
f 687//600 688//564 625//607
f 689//596 456//566 457//595
f 625//607 689//596 676//925
f 633//681 690//709 504//682
f 691//950 690//709 626//955
f 691//950 626//955 758//966
f 854//1013 769//678 853//949
f 628//737 773//970 770//736
f 1039//1014 852//1015 914//1016
f 570//750 631//833 774//809
f 694//834 693//810 566//825
f 694//834 566//825 757//965
f 626//955 633//681 694//834
f 798//956 574//836 540//469
f 696//585 695//610 635//1017
f 651//584 696//585 635//1017
f 696//585 551//548 604//545
f 698//465 578//821 496//820
f 801//749 800//685 541//558
f 698//465 497//838 775//461
f 697//622 698//465 638//466
f 498//957 499//692 776//459
f 777//747 699//460 858//882
f 701//846 700//623 581//732
f 510//472 700//623 641//695
f 640//628 778//633 701//846
f 778//633 781//1018 701//846
f 864//842 782//843 583//502
f 865//1019 929//1020 783//844
f 753//944 703//740 449//739
f 779//634 703//740 644//483
f 475//476 476//507 786//698
f 704//474 645//858 706//477
f 787//961 646//506 707//859
f 645//858 704//474 705//856
f 1375//1021 1258//1022 1259//851
f 473//890 790//501 472//485
f 707//859 589//580 709//579
f 787//961 707//859 586//962
f 1319//878 1320//1023 1321//1024
f 708//1025 796//576 793//850
f 596//767 649//868 709//579
f 709//579 649//868 586//962
f 710//470 509//870 797//468
f 637//560 710//470 573//837
f 1083//866 1248//1026 1256//867
f 802//684 594//864 652//861
f 712//686 1249//1027 1244//872
f 1244//872 1250//1028 1245//877
f 654//691 804//963 803//827
f 769//678 501//964 502//679
f 715//631 714//689 398//688
f 656//630 1257//1029 772//830
f 716//745 715//631 399//746
f 805//632 607//1030 1257//1029
f 400//744 401//742 811//673
f 716//745 657//1031 875//731
f 657//1031 716//745 717//624
f 716//745 400//744 811//673
f 813//974 402//743 403//886
f 717//624 718//674 658//625
f 658//625 718//674 719//973
f 718//674 402//743 813//974
f 790//501 720//486 472//485
f 721//494 720//486 659//500
f 815//976 659//500 609//960
f 841//893 666//892 735//911
f 404//734 405//707 723//735
f 722//733 660//1032 876//729
f 661//706 823//779 818//898
f 660//1032 722//733 723//735
f 408//648 409//700 725//642
f 726//770 724//649 662//1033
f 662//1033 724//649 725//642
f 725//642 724//649 408//648
f 884//780 1339//977 824//1034
f 726//770 661//706 406//705
f 728//813 410//712 411//1035
f 725//642 727//699 663//643
f 843//1036 728//813 411//1035
f 825//996 673//995 1267//1037
f 730//905 729//593 464//671
f 731//582 729//593 664//906
f 465//980 466//574 888//575
f 613//540 664//906 827//910
f 837//583 731//582 831//981
f 747//764 461//763 848//1001
f 733//536 732//561 467//573
f 888//575 665//535 830//982
f 734//658 733//536 468//659
f 838//985 666//892 615//891
f 735//911 734//658 469//660
f 733//536 734//658 666//892
f 814//495 735//911 470//543
f 721//494 815//976 842//1038
f 737//800 736//799 416//986
f 670//797 736//799 668//801
f 417//987 418//803 737//800
f 737//800 739//824 738//988
f 672//1007 740//1039 738//988
f 1377//789 617//1040 1124//1041
f 743//805 739//824 418//803
f 672//1007 738//988 739//824
f 1174//1042 740//1039 672//1007
f 740//1039 617//1040 1377//789
f 1269//1043 741//785 669//786
f 742//902 741//785 673//995
f 843//1036 673//995 728//813
f 411//1035 412//903 742//902
f 1141//916 743//805 419//804
f 739//824 743//805 672//1007
f 745//611 744//613 459//997
f 677//586 744//613 675//612
f 747//764 745//611 460//765
f 902//998 679//1002 844//650
f 903//606 847//569 565//1044
f 847//569 903//606 845//924
f 461//763 462//589 848//1001
f 745//611 747//764 679//1002
f 731//582 664//906 831//981
f 747//764 748//581 896//1045
f 868//1046 749//932 423//933
f 680//753 749//932 681//751
f 680//753 750//791 421//795
f 1141//916 750//791 682//790
f 686//605 751//1008 453//603
f 683//618 751//1008 684//940
f 683//618 752//620 451//667
f 753//944 752//620 685//619
f 753//944 685//619 905//1011
f 703//740 753//944 644//483
f 688//564 754//1012 455//565
f 686//605 754//1012 687//600
f 690//709 755//680 503//694
f 769//678 755//680 691//950
f 758//966 757//965 756//448
f 756//448 757//965 761//741
f 766//1047 765//1048 566//825
f 762//884 1040//1049 972//1050
f 691//950 758//966 756//448
f 694//834 758//966 626//955
f 986//1051 980//1052 979//1053
f 1051//1054 763//1055 977//1056
f 757//965 566//825 765//1048
f 975//1057 977//1056 760//954
f 757//965 765//1048 764//883
f 768//446 761//741 981//1058
f 767//952 766//1047 632//953
f 1040//1049 914//1016 972//1050
f 978//1059 975//1057 759//1060
f 1053//881 1051//1054 1052//1061
f 757//965 764//883 761//741
f 973//885 762//884 972//1050
f 766//1047 566//825 632//953
f 764//883 765//1048 762//884
f 535//726 850//951 632//953
f 762//884 765//1048 766//1047
f 767//952 692//1062 914//1016
f 766//1047 767//952 1040//1049
f 981//1058 761//741 760//954
f 655//447 768//446 763//1055
f 853//949 769//678 691//950
f 804//963 769//678 713//1063
f 855//1064 628//737 396//829
f 692//1062 767//952 850//951
f 1257//1029 771//1065 772//830
f 971//1066 1037//971 1257//1029
f 772//830 771//1065 773//970
f 397//687 772//830 855//1064
f 773//970 628//737 855//1064
f 773//970 771//1065 1037//971
f 535//726 774//809 631//833
f 566//825 774//809 632//953
f 776//459 775//461 498//957
f 698//465 775//461 699//460
f 803//827 856//826 654//691
f 858//882 776//459 915//1067
f 801//749 579//748 711//1068
f 638//466 699//460 777//747
f 447//627 859//840 640//628
f 584//512 918//1069 917//1070
f 703//740 779//634 448//738
f 860//482 779//634 644//483
f 1015//1071 702//845 783//844
f 865//1019 511//1072 867//1073
f 917//1070 778//633 584//512
f 920//1074 863//841 919//847
f 782//843 864//842 783//844
f 702//845 1310//1075 784//811
f 865//1019 783//844 864//842
f 929//1020 928//1076 1015//1071
f 785//958 784//811 622//1077
f 642//760 782//843 784//811
f 681//751 1238//1078 1236//530
f 785//958 681//751 868//1046
f 646//506 786//698 476//507
f 704//474 786//698 705//856
f 586//962 794//854 787//961
f 705//856 646//506 787//961
f 791//855 794//854 649//868
f 1258//1022 788//848 585//1079
f 704//474 789//478 474//475
f 790//501 789//478 706//477
f 790//501 706//477 932//1080
f 720//486 790//501 659//500
f 933//635 934//1081 871//1082
f 792//849 791//855 708//1025
f 793//850 792//849 708//1025
f 792//849 788//848 794//854
f 933//635 795//1083 796//576
f 788//848 793//850 585//1079
f 787//961 794//854 788//848
f 649//868 794//854 586//962
f 531//1084 987//669 993//668
f 796//576 936//578 793//850
f 934//1081 708//1025 873//1085
f 796//576 795//1083 935//577
f 650//784 797//468 509//870
f 798//956 651//584 635//1017
f 695//610 798//956 635//1017
f 540//469 797//468 798//956
f 653//873 710//470 799//559
f 637//560 799//559 710//470
f 801//749 541//558 697//622
f 712//686 800//685 711//1068
f 777//747 801//749 638//466
f 711//1068 800//685 801//749
f 800//685 802//684 653//873
f 594//864 802//684 712//686
f 804//963 654//691 500//690
f 1089//969 803//827 713//1063
f 769//678 804//963 501//964
f 803//827 804//963 713//1063
f 715//631 875//731 805//632
f 657//1031 717//624 807//897
f 879//703 877//975 878//1086
f 806//626 608//704 807//897
f 1324//1087 1334//1088 878//1086
f 657//1031 807//897 809//730
f 556//1089 1080//1090 1081//1091
f 1378//1092 805//632 809//730
f 810//972 809//730 807//897
f 808//1093 1081//1091 1378//1092
f 810//972 1335//1094 1331//1095
f 809//730 810//972 808//1093
f 718//674 811//673 401//742
f 716//745 811//673 717//624
f 1324//1087 1326//1096 1327//1097
f 658//625 719//973 877//975
f 722//733 813//974 403//886
f 718//674 813//974 719//973
f 720//486 814//495 471//487
f 735//911 814//495 721//494
f 897//1098 609//960 817//912
f 841//893 735//911 842//1038
f 943//1099 938//914 939//1100
f 900//654 615//891 899//1101
f 937//913 817//912 609//960
f 898//1102 842//1038 897//1098
f 818//898 611//978 944//899
f 723//735 818//898 883//901
f 824//1034 881//1103 944//899
f 819//900 1022//896 882//727
f 663//643 886//979 826//776
f 821//904 820//644 612//775
f 1339//977 612//775 822//815
f 725//642 821//904 662//1033
f 1023//777 1024//814 612//775
f 824//1034 885//1104 881//1103
f 661//706 726//770 823//779
f 726//770 662//1033 884//780
f 885//1104 824//1034 822//815
f 611//978 823//779 824//1034
f 612//775 820//644 826//776
f 826//776 820//644 663//643
f 1069//1105 618//1106 1025//1107
f 1023//777 1025//1107 946//1108
f 830//982 828//984 829//1109
f 829//1109 827//910 730//905
f 1359//491 1358//1110 1072//1111
f 829//1109 890//1112 827//910
f 830//982 829//1109 730//905
f 829//1109 828//984 890//1112
f 730//905 465//980 888//575
f 830//982 665//535 889//983
f 831//981 613//540 833//1113
f 833//1113 835//927 837//583
f 832//1114 833//1113 836//1115
f 1218//1116 1219//1117 1225//1118
f 834//542 833//1113 613//540
f 833//1113 832//1114 835//927
f 890//1112 947//541 827//910
f 559//909 1184//1119 1225//1118
f 891//928 835//927 832//1114
f 747//764 896//1045 679//1002
f 833//1113 834//542 836//1115
f 1224//1120 834//542 559//909
f 833//1113 837//583 831//981
f 748//581 837//583 835//927
f 839//493 838//985 615//891
f 665//535 840//492 614//1121
f 1340//1122 615//891 900//654
f 839//493 1340//1122 1355//1123
f 733//536 838//985 840//492
f 839//493 840//492 838//985
f 735//911 721//494 842//1038
f 842//1038 898//1102 899//1101
f 815//976 897//1098 842//1038
f 817//912 816//1124 898//1102
f 411//1035 742//902 843//1036
f 673//995 843//1036 742//902
f 949//931 893//651 620//1125
f 957//908 675//612 902//998
f 846//1000 676//925 619//587
f 845//924 746//999 847//569
f 746//999 845//924 846//1000
f 676//925 846//1000 845//924
f 963//807 562//1126 960//808
f 847//569 746//999 962//567
f 731//582 848//1001 462//589
f 747//764 848//1001 748//581
f 685//619 906//1009 905//1011
f 1280//939 1283//1127 1282//937
f 851//832 535//726 569//831
f 692//1062 850//951 770//736
f 770//736 850//951 851//832
f 851//832 850//951 535//726
f 1039//1014 914//1016 1036//1128
f 852//1015 1078//1129 974//1130
f 756//448 853//949 691//950
f 854//1013 853//949 655//447
f 854//1013 655//447 1090//880
f 713//1063 769//678 854//1013
f 397//687 855//1064 396//829
f 773//970 855//1064 772//830
f 1088//1131 915//1067 606//828
f 776//459 654//691 856//826
f 857//865 915//1067 1088//1131
f 1083//866 857//865 1088//1131
f 915//1067 776//459 856//826
f 857//865 579//748 858//882
f 448//738 859//840 447//627
f 778//633 859//840 779//634
f 907//1132 969//943 905//1011
f 778//633 860//482 584//512
f 1280//939 861//484 907//1132
f 918//1069 544//938 862//1133
f 920//1074 916//1134 780//1135
f 584//512 861//484 918//1069
f 921//1136 863//841 920//1074
f 922//696 923//608 510//472
f 582//504 864//842 583//502
f 865//1019 864//842 543//621
f 1233//778 865//1019 543//621
f 1057//617 867//1073 1017//1137
f 1014//615 1055//1138 1056//1139
f 1056//1139 862//1133 1092//1140
f 1017//1137 867//1073 511//1072
f 867//1073 866//616 1016//1141
f 749//932 868//1046 681//751
f 424//771 868//1046 423//933
f 785//958 868//1046 869//812
f 424//771 869//812 868//1046
f 1375//1021 706//477 645//858
f 1260//1142 1259//851 585//1079
f 708//1025 791//855 873//1085
f 1250//1028 1244//872 1249//1027
f 873//1085 791//855 1322//1143
f 1323//792 547//869 648//793
f 1322//1143 791//855 547//869
f 872//1144 871//1082 934//1081
f 1354//1145 1060//637 995//1146
f 609//960 931//499 1264//1147
f 716//745 875//731 715//631
f 809//730 875//731 657//1031
f 882//727 876//729 660//1032
f 877//975 876//729 812//728
f 876//729 877//975 719//973
f 812//728 1326//1096 877//975
f 1329//1148 1332//1149 1330//1150
f 1161//1151 1204//1152 1008//1153
f 658//625 879//703 806//626
f 1335//1094 879//703 878//1086
f 870//853 1262//852 1264//1147
f 817//912 938//914 816//1124
f 1163//1154 558//1155 1068//1156
f 944//899 945//894 819//900
f 882//727 610//1157 1327//1097
f 883//901 882//727 660//1032
f 723//735 883//901 660//1032
f 819//900 883//901 818//898
f 662//1033 821//904 1339//977
f 823//779 884//780 824//1034
f 1068//1156 885//1104 822//815
f 885//1104 558//1155 1229//1158
f 673//995 886//979 728//813
f 826//776 886//979 825//996
f 1031//1159 1030//1160 1032//1161
f 948//640 1107//1162 559//909
f 732//561 888//575 466//574
f 730//905 888//575 830//982
f 665//535 614//1121 889//983
f 889//983 614//1121 1072//1111
f 1072//1111 1071//1163 828//984
f 947//541 948//640 834//542
f 832//1114 836//1115 1219//1117
f 892//926 891//928 620//1125
f 893//651 892//926 620//1125
f 892//926 679//1002 896//1045
f 895//652 893//651 949//931
f 679//1002 893//651 844//650
f 894//930 895//652 949//931
f 953//1164 959//922 958//1165
f 894//930 953//1164 895//652
f 953//1164 562//1126 955//907
f 748//581 835//927 896//1045
f 892//926 896//1045 835//927
f 609//960 897//1098 815//976
f 898//1102 897//1098 817//912
f 1355//1123 1340//1122 560//1166
f 841//893 899//1101 615//891
f 842//1038 899//1101 841//893
f 898//1102 901//655 899//1101
f 898//1102 816//1124 901//655
f 938//914 943//1099 816//1124
f 1099//1167 816//1124 943//1099
f 899//1101 901//655 900//654
f 679//1002 902//998 745//611
f 955//907 619//587 957//908
f 903//606 565//1044 970//598
f 845//924 903//606 625//607
f 958//1165 562//1126 953//1164
f 966//1168 847//569 965//568
f 906//1009 685//619 623//942
f 907//1132 905//1011 849//1010
f 623//942 908//945 906//1009
f 1284//1169 1283//1127 849//1010
f 1280//939 907//1132 849//1010
f 969//943 861//484 644//483
f 624//599 912//1170 684//940
f 1284//1169 908//945 564//947
f 913//609 912//1170 624//599
f 913//609 1035//1171 909//1172
f 911//941 908//945 623//942
f 1289//817 909//1172 1035//1171
f 909//1172 910//946 911//941
f 911//941 910//946 908//945
f 909//1172 911//941 912//1170
f 684//940 912//1170 911//941
f 966//1168 968//1173 565//1044
f 909//1172 912//1170 913//609
f 1036//1128 914//1016 692//1062
f 914//1016 852//1015 972//1050
f 606//828 915//1067 856//826
f 857//865 858//882 915//1067
f 781//1018 778//633 917//1070
f 1056//1139 916//1134 862//1133
f 862//1133 916//1134 917//1070
f 781//1018 917//1070 916//1134
f 918//1069 861//484 1280//939
f 862//1133 917//1070 918//1069
f 701//846 781//1018 919//847
f 920//1074 919//847 781//1018
f 916//1134 920//1074 781//1018
f 921//1136 920//1074 780//1135
f 1014//615 930//1174 1012//1175
f 516//641 552//473 923//608
f 921//1136 924//1176 863//841
f 923//608 1341//1177 925//754
f 924//1176 923//608 922//696
f 924//1176 1341//1177 923//608
f 863//841 924//1176 922//696
f 1341//1177 921//1136 523//1178
f 434//711 435//1179 1013//525
f 926//755 438//661 521//657
f 926//755 925//754 927//523
f 437//701 438//661 926//755
f 1009//524 927//523 925//754
f 436//702 927//523 435//1179
f 1095//1180 1093//479 1094//1181
f 928//1076 1016//1141 1094//1181
f 865//1019 867//1073 929//1020
f 1016//1141 929//1020 867//1073
f 511//1072 1018//551 1017//1137
f 1011//550 523//1178 1012//1175
f 932//1080 931//499 790//501
f 931//499 870//853 1264//1147
f 932//1080 706//477 1375//1021
f 931//499 932//1080 870//853
f 796//576 708//1025 934//1081
f 1020//1182 933//635 871//1082
f 872//1144 934//1081 873//1085
f 796//576 934//1081 933//635
f 795//1083 1354//1145 1343//1183
f 936//578 935//577 874//1184
f 936//578 874//1184 1260//1142
f 793//850 936//578 585//1079
f 1264//1147 937//913 609//960
f 938//914 937//913 880//1185
f 557//1186 939//1100 880//1185
f 939//1100 938//914 880//1185
f 939//1100 557//1186 942//1187
f 939//1100 942//1187 943//1099
f 1003//1188 1006//1189 1203//1190
f 1022//896 1132//895 610//1157
f 997//1191 1003//1188 990//1192
f 943//1099 941//677 1061//1193
f 1263//1194 1344//1195 1261//1196
f 942//1187 941//677 943//1099
f 1061//1193 1062//676 1021//889
f 901//655 816//1124 1099//1167
f 824//1034 944//899 611//978
f 945//894 944//899 881//1103
f 1228//1197 1229//1158 1230//1198
f 1152//1199 1151//1200 1146//1201
f 826//776 825//996 1069//1105
f 1067//1202 1024//814 946//1108
f 827//910 947//541 613//540
f 948//640 947//541 890//1112
f 890//1112 1070//638 948//640
f 948//640 1074//639 1107//1162
f 1368//1203 951//1204 952//929
f 1200//1205 620//1125 891//928
f 1106//1206 1206//1207 1184//1119
f 1103//1208 1208//1209 1102//1210
f 620//1125 1200//1205 1368//1203
f 1032//1161 1028//1211 1029//1212
f 1368//1203 952//929 949//931
f 952//929 951//1204 1028//1211
f 959//922 954//822 958//1165
f 956//948 562//1126 963//807
f 1112//527 1110//1213 1113//921
f 958//1165 960//808 562//1126
f 619//587 677//586 957//908
f 895//652 953//1164 955//907
f 619//587 956//948 846//1000
f 562//1126 956//948 955//907
f 902//998 844//650 957//908
f 895//652 957//908 844//650
f 959//922 953//1164 894//930
f 958//1165 954//822 960//808
f 1028//1211 894//930 952//929
f 1075//1214 1108//823 1109//1215
f 1075//1214 1109//1215 1110//1213
f 964//1216 965//568 1034//1217
f 959//922 1028//1211 961//923
f 951//1204 1029//1212 1028//1211
f 746//999 956//948 963//807
f 1034//1217 904//806 1076//1218
f 904//806 962//567 963//807
f 746//999 963//807 962//567
f 1076//1218 904//806 960//808
f 966//1168 1300//1219 968//1173
f 904//806 965//568 962//567
f 966//1168 965//568 964//1216
f 967//1220 1295//934 1294//936
f 847//569 966//1168 565//1044
f 1293//816 564//947 1289//817
f 968//1173 913//609 565//1044
f 1300//1219 966//1168 964//1216
f 968//1173 967//1220 1035//1171
f 905//1011 969//943 753//944
f 861//484 969//943 907//1132
f 903//606 970//598 687//600
f 565//1044 913//609 970//598
f 971//1066 1036//1128 1037//971
f 971//1066 607//1030 1077//1221
f 975//1057 974//1130 759//1060
f 764//883 973//885 760//954
f 974//1130 973//885 972//1050
f 975//1057 973//885 974//1130
f 972//1050 852//1015 974//1130
f 1079//1222 1078//1129 852//1015
f 978//1059 977//1056 975//1057
f 760//954 973//885 975//1057
f 976//875 978//1059 980//1052
f 980//1052 986//1051 985//876
f 1051//1054 977//1056 976//875
f 981//1058 763//1055 768//446
f 982//1223 980//1052 759//1060
f 976//875 977//1056 978//1059
f 982//1223 979//1053 980//1052
f 979//1053 982//1223 988//1224
f 759//1060 980//1052 978//1059
f 987//669 983//1225 986//1051
f 760//954 977//1056 981//1058
f 763//1055 981//1058 977//1056
f 974//1130 1078//1129 1042//1226
f 988//1224 982//1223 1043//1227
f 1096//1228 1097//1229 1020//1182
f 976//875 980//1052 985//876
f 810//972 608//704 1335//1094
f 993//668 998//1230 531//1084
f 992//1231 985//876 983//1225
f 992//1231 991//874 985//876
f 987//669 986//1051 979//1053
f 985//876 986//1051 983//1225
f 994//1232 996//670 988//1224
f 531//1084 1097//1229 1133//1233
f 1042//1226 1043//1227 982//1223
f 997//1191 994//1232 984//1234
f 1020//1182 1097//1229 531//1084
f 1254//1235 1087//1236 1058//1237
f 994//1232 997//1191 990//1192
f 935//577 1343//1183 874//1184
f 989//1238 1047//1239 991//874
f 1052//1061 1047//1239 1049//1240
f 1058//1237 992//1231 983//1225
f 991//874 992//1231 989//1238
f 987//669 979//1053 996//670
f 998//1230 993//668 990//1192
f 984//1234 994//1232 988//1224
f 990//1192 993//668 994//1232
f 1348//1241 1003//1188 1353//1242
f 933//635 1020//1182 1059//636
f 988//1224 996//670 979//1053
f 993//668 996//670 994//1232
f 1004//1243 997//1191 984//1234
f 1001//1244 941//677 942//1187
f 1352//1245 1349//1246 1347//1247
f 998//1230 995//1146 1059//636
f 1002//1248 1004//1243 1007//1249
f 1326//1096 1324//1087 878//1086
f 1064//675 1175//1250 1062//676
f 1000//1251 1180//1252 1350//1253
f 1351//1254 942//1187 557//1186
f 1178//1255 1180//1252 1000//1251
f 1005//1256 1007//1249 984//1234
f 1178//1255 1179//1257 1205//1258
f 997//1191 1004//1243 1006//1189
f 1353//1242 1350//1253 1347//1247
f 1046//1259 984//1234 988//1224
f 1006//1189 1004//1243 1002//1248
f 1336//1260 1331//1095 1333//1261
f 1007//1249 1008//1153 1002//1248
f 1002//1248 1179//1257 1006//1189
f 997//1191 1006//1189 1003//1188
f 984//1234 1007//1249 1004//1243
f 1005//1256 1338//1262 1007//1249
f 808//1093 810//972 1331//1095
f 1159//1263 1054//1264 1154//1265
f 1341//1177 1009//524 925//754
f 1010//563 1009//524 523//1178
f 1011//550 1010//563 523//1178
f 526//562 529//710 1013//525
f 1012//1175 523//1178 921//1136
f 1011//550 930//1174 1018//551
f 1055//1138 921//1136 780//1135
f 930//1174 1011//550 1012//1175
f 927//523 1013//525 435//1179
f 1013//525 1010//563 526//562
f 1012//1175 1055//1138 1014//615
f 780//1135 916//1134 1056//1139
f 929//1020 1015//1071 783//844
f 1015//1071 928//1076 1311//1266
f 1094//1181 1016//1141 866//616
f 929//1020 1016//1141 928//1076
f 511//1072 1232//1267 1018//551
f 1057//617 930//1174 1014//615
f 1019//552 1018//551 518//614
f 930//1174 1017//1137 1018//551
f 525//519 1019//552 518//614
f 1011//550 1019//552 526//562
f 1020//1182 871//1082 1096//1228
f 1059//636 1020//1182 531//1084
f 1144//1268 1065//1269 1098//888
f 560//1166 1340//1122 1100//1270
f 882//727 1022//896 610//1157
f 819//900 945//894 1022//896
f 1023//777 826//776 1069//1105
f 1023//777 946//1108 1024//814
f 1067//1202 946//1108 1102//1210
f 822//815 1024//814 1068//1156
f 1122//1271 1126//1272 1214//1273
f 1103//1208 1102//1210 946//1108
f 890//1112 1071//1163 1070//638
f 1356//1274 1357//1275 1361//1276
f 1112//527 1116//526 1027//918
f 964//1216 1301//1277 1295//934
f 1028//1211 959//922 894//930
f 1029//1212 951//1204 950//1278
f 1031//1159 1029//1212 950//1278
f 1031//1159 1032//1161 1029//1212
f 1139//1279 1193//1280 1196//1281
f 561//1282 1123//1283 1122//1271
f 950//1278 1216//1284 1195//1285
f 1117//919 1121//1286 1115//1287
f 533//1288 961//923 1032//1161
f 1032//1161 961//923 1028//1211
f 1365//1289 1076//1218 960//808
f 1171//1290 1125//917 1170//1291
f 904//806 1034//1217 965//568
f 1301//1277 1034//1217 1033//1292
f 968//1173 1035//1171 913//609
f 1290//1293 1294//936 1299//1294
f 1037//971 1036//1128 692//1062
f 1039//1014 1036//1128 971//1066
f 1037//971 692//1062 770//736
f 1037//971 771//1065 1257//1029
f 1081//1091 1038//1295 1378//1092
f 1082//1296 1079//1222 1080//1090
f 1077//1221 1039//1014 971//1066
f 1079//1222 1039//1014 1038//1295
f 766//1047 1040//1049 762//884
f 914//1016 1040//1049 767//952
f 1043//1227 1041//1297 1044//1298
f 759//1060 1042//1226 982//1223
f 974//1130 1042//1226 759//1060
f 1042//1226 1041//1297 1043//1227
f 1041//1297 1082//1296 1044//1298
f 988//1224 1043//1227 1046//1259
f 556//1089 1045//1299 1044//1298
f 1005//1256 1046//1259 1045//1299
f 556//1089 1336//1260 1333//1261
f 1046//1259 1005//1256 984//1234
f 1043//1227 1044//1298 1046//1259
f 1045//1299 1046//1259 1044//1298
f 1086//1300 1047//1239 989//1238
f 1047//1239 555//1301 1049//1240
f 1049//1240 1050//968 1048//967
f 1053//881 655//447 763//1055
f 1050//968 1049//1240 555//1301
f 1053//881 1052//1061 1048//967
f 1050//968 555//1301 1083//866
f 1050//968 606//828 1089//969
f 976//875 991//874 1051//1054
f 1051//1054 991//874 1052//1061
f 1047//1239 1052//1061 991//874
f 1048//967 1052//1061 1049//1240
f 1053//881 1048//967 1090//880
f 763//1055 1051//1054 1053//881
f 1134//1302 1155//1303 1148//1304
f 1144//1268 1134//1302 1148//1304
f 921//1136 1055//1138 1012//1175
f 1056//1139 1055//1138 780//1135
f 1092//1140 862//1133 544//938
f 866//616 1014//615 1056//1139
f 867//1073 1057//617 866//616
f 930//1174 1057//617 1017//1137
f 1321//1024 871//1082 872//1144
f 1058//1237 989//1238 992//1231
f 998//1230 1059//636 531//1084
f 1060//637 1059//636 995//1146
f 995//1146 1349//1246 1354//1145
f 933//635 1060//637 795//1083
f 1062//676 1061//1193 941//677
f 1066//656 1061//1193 1021//889
f 1063//1305 1175//1250 1064//675
f 940//887 1021//889 1062//676
f 1178//1255 1000//1251 1179//1257
f 1147//1306 1134//1302 1145//1307
f 941//677 1001//1244 1064//675
f 1180//1252 1064//675 1001//1244
f 1148//1304 1183//1308 1065//1269
f 1100//1270 1101//1309 1357//1275
f 1066//656 1099//1167 1061//1193
f 1098//888 1101//1309 1021//889
f 1135//664 1067//1202 887//1310
f 1068//1156 558//1155 885//1104
f 1024//814 1067//1202 1068//1156
f 1163//1154 1162//1311 1230//1198
f 618//1106 1069//1105 825//996
f 1023//777 1069//1105 1025//1107
f 1071//1163 890//1112 828//984
f 1105//1312 1136//1313 1026//1314
f 828//984 889//983 1072//1111
f 1070//638 1071//1163 1358//1110
f 1358//1110 1359//491 1355//1123
f 1071//1163 1072//1111 1358//1110
f 1137//1315 1136//1313 1073//1316
f 1169//1317 1185//1318 1104//665
f 1026//1314 1074//639 1070//638
f 1136//1313 1137//1315 1074//639
f 954//822 961//923 1109//1215
f 1027//918 1125//917 1171//1290
f 960//808 1108//823 1365//1289
f 1034//1217 1076//1218 1033//1292
f 1077//1221 607//1030 1378//1092
f 1039//1014 1077//1221 1038//1295
f 852//1015 1039//1014 1079//1222
f 1042//1226 1078//1129 1041//1297
f 1080//1090 1079//1222 1038//1295
f 1041//1297 1078//1129 1079//1222
f 1081//1091 1080//1090 1038//1295
f 556//1089 1044//1298 1082//1296
f 1038//1295 1077//1221 1378//1092
f 1081//1091 808//1093 1336//1260
f 1079//1222 1082//1296 1041//1297
f 556//1089 1082//1296 1080//1090
f 1085//1319 1083//866 555//1301
f 1248//1026 1083//866 1085//1319
f 1086//1300 1085//1319 555//1301
f 1086//1300 989//1238 1087//1236
f 555//1301 1047//1239 1086//1300
f 1252//1320 1084//1321 1251//1322
f 1087//1236 989//1238 1058//1237
f 1084//1321 1085//1319 1086//1300
f 1096//1228 871//1082 1254//1235
f 1084//1321 1086//1300 1087//1236
f 606//828 1050//968 1088//1131
f 1083//866 1088//1131 1050//968
f 803//827 1089//969 606//828
f 713//1063 854//1013 1090//880
f 1048//967 1089//969 1090//880
f 1090//880 1089//969 713//1063
f 1228//1197 1230//1198 1221//1323
f 1325//1324 1054//1264 1159//1263
f 544//938 1286//1325 1092//1140
f 1056//1139 1092//1140 1095//1180
f 1280//939 849//1010 1283//1127
f 1311//1266 1310//1075 702//845
f 866//616 1056//1139 1095//1180
f 928//1076 1094//1181 1093//479
f 1093//479 1095//1180 1092//1140
f 866//616 1095//1180 1094//1181
f 1254//1235 871//1082 1253//1326
f 1096//1228 1058//1237 1097//1229
f 1058//1237 983//1225 1097//1229
f 987//669 1133//1233 983//1225
f 1144//1268 1098//888 1145//1307
f 1101//1309 1100//1270 1066//656
f 1061//1193 1099//1167 943//1099
f 901//655 1099//1167 1066//656
f 900//654 1066//656 1100//1270
f 1021//889 1101//1309 1066//656
f 1065//1269 1360//1327 1098//888
f 1357//1275 1356//1274 560//1166
f 946//1108 1025//1107 1278//1328
f 887//1310 1067//1202 1102//1210
f 1276//1329 618//1106 1275//1330
f 1197//1331 1193//1280 1189//1332
f 1106//1206 1137//1315 1165//1333
f 1153//1334 1176//1335 532//1336
f 1356//1274 1026//1314 1355//1123
f 532//1336 1183//1308 1148//1304
f 1168//1337 1165//1333 1073//1316
f 1198//1338 1139//1279 1196//1281
f 1137//1315 1107//1162 1074//639
f 1106//1206 559//909 1107//1162
f 1109//1215 1108//823 954//822
f 1108//823 1075//1214 1365//1289
f 961//923 533//1288 1109//1215
f 1075//1214 1110//1213 1027//918
f 533//1288 1113//921 1109//1215
f 1113//921 533//1288 1117//919
f 1119//528 1127//1339 1124//1041
f 1027//918 1110//1213 1112//527
f 1110//1213 1109//1215 1113//921
f 1116//526 1119//528 1114//1340
f 1030//1160 1121//1286 1032//1161
f 1111//1341 1112//527 1113//921
f 1366//1342 1173//1343 1316//1344
f 1142//1345 1120//1346 1170//1291
f 1211//1347 1195//1285 1194//1348
f 1118//920 1111//1341 1113//921
f 1119//528 1112//527 1111//1341
f 1143//1349 1131//1350 1142//1345
f 1121//1286 533//1288 1032//1161
f 1117//919 1115//1287 1118//920
f 1126//1272 1118//920 1115//1287
f 1124//1041 1127//1339 1377//789
f 1111//1341 1123//1283 1129//1351
f 1129//1351 1119//528 1111//1341
f 1130//1352 1131//1350 1114//1340
f 1303//1353 1314//1354 1318//498
f 1030//1160 1211//1347 1212//1355
f 533//1288 1121//1286 1117//919
f 1030//1160 1195//1285 1211//1347
f 1273//1356 1122//1271 1274//1357
f 1111//1341 1118//920 1123//1283
f 1123//1283 1118//920 1126//1272
f 672//1007 1141//916 1174//1042
f 1114//1340 1119//528 1124//1041
f 1143//1349 1116//526 1114//1340
f 1125//917 1142//1345 1170//1291
f 1212//1355 1223//1358 1214//1273
f 1123//1283 1126//1272 1122//1271
f 1129//1351 1123//1283 1376//787
f 1376//787 1374//990 1363//788
f 1114//1340 1124//1041 1130//1352
f 1174//1042 1130//1352 1124//1041
f 1376//787 1123//1283 561//1282
f 1119//528 1129//1351 1127//1339
f 1174//1042 1124//1041 617//1040
f 1128//1359 1366//1342 1130//1352
f 1172//994 1173//1343 1366//1342
f 1318//498 1314//1354 1309//1360
f 1371//1361 1132//895 945//894
f 1132//895 1091//1362 1328//1363
f 531//1084 1133//1233 987//669
f 1097//1229 983//1225 1133//1233
f 1134//1302 1144//1268 1145//1307
f 1134//1302 1147//1306 1151//1200
f 1169//1317 1138//1364 1185//1318
f 1202//1365 1164//663 1104//665
f 1026//1314 1136//1313 1074//639
f 1182//1366 1136//1313 1105//1312
f 1165//1333 1137//1315 1073//1316
f 1107//1162 1137//1315 1106//1206
f 1169//1317 1104//665 1135//664
f 1192//1367 1193//1280 1167//1368
f 1206//1207 1165//1333 1167//1368
f 1190//1369 1169//1317 1188//1370
f 1295//934 1302//1371 534//935
f 1365//1289 1171//1290 1140//1372
f 1141//916 420//802 750//791
f 1141//916 1128//1359 1174//1042
f 1125//917 1116//526 1143//1349
f 1315//1373 1142//1345 1131//1350
f 1131//1350 1143//1349 1114//1340
f 1125//917 1143//1349 1142//1345
f 1145//1307 1098//888 940//887
f 1153//1334 1155//1303 1151//1200
f 1145//1307 1175//1250 1149//1374
f 1156//1375 1177//1376 1158//1377
f 1145//1307 1149//1374 1147//1306
f 1054//1264 1152//1199 1154//1265
f 940//887 1175//1250 1145//1307
f 1151//1200 1152//1199 1150//1378
f 1207//1379 1181//1380 1183//1308
f 1065//1269 1144//1268 1148//1304
f 1156//1375 1158//1377 999//1381
f 1146//1201 1147//1306 1149//1374
f 1370//1382 1371//1361 1369//1383
f 1091//1362 1132//895 1371//1361
f 1146//1201 1151//1200 1147//1306
f 1153//1334 1151//1200 1150//1378
f 1154//1265 1152//1199 1146//1201
f 1369//1383 1152//1199 1054//1264
f 1201//1384 1176//1335 1153//1334
f 1155//1303 532//1336 1148//1304
f 1146//1201 1156//1375 1154//1265
f 1159//1263 1154//1265 1160//1385
f 1151//1200 1155//1303 1134//1302
f 532//1336 1155//1303 1153//1334
f 1177//1376 1146//1201 1149//1374
f 1160//1385 1156//1375 999//1381
f 1335//1094 878//1086 1334//1088
f 1324//1087 1325//1324 1334//1088
f 1149//1374 1063//1305 1158//1377
f 1178//1255 1158//1377 1063//1305
f 1160//1385 1154//1265 1156//1375
f 1325//1324 1324//1087 1328//1363
f 999//1381 1204//1152 1161//1151
f 1159//1263 1160//1385 1157//1386
f 1157//1386 1160//1385 1161//1151
f 999//1381 1161//1151 1160//1385
f 1187//1387 1104//665 1185//1318
f 1371//1361 1228//1197 1221//1323
f 1068//1156 1067//1202 1163//1154
f 1164//663 1067//1202 1135//664
f 1162//1311 1163//1154 1164//663
f 1067//1202 1164//663 1163//1154
f 1182//1366 1105//1312 1362//1388
f 1167//1368 1165//1333 1138//1364
f 1176//1335 1187//1387 1207//1379
f 1168//1337 1186//1389 1165//1333
f 1190//1369 1192//1367 1169//1317
f 1167//1368 1139//1279 1184//1119
f 1182//1366 1168//1337 1073//1316
f 1166//1390 1185//1318 1186//1389
f 1135//664 887//1310 1188//1370
f 1138//1364 1169//1317 1192//1367
f 1170//1291 1120//1346 1308//1391
f 1171//1290 1170//1291 1140//1372
f 1365//1289 1140//1372 1033//1292
f 1027//918 1171//1290 1365//1289
f 1172//994 682//790 1173//1343
f 1128//1359 1141//916 1172//994
f 1367//1006 1173//1343 682//790
f 1318//498 1242//1392 1307//1393
f 1130//1352 1174//1042 1128//1359
f 740//1039 1174//1042 617//1040
f 1175//1250 940//887 1062//676
f 1063//1305 1149//1374 1175//1250
f 1201//1384 1153//1334 1150//1378
f 1164//663 1202//1365 1162//1311
f 1146//1201 1177//1376 1156//1375
f 1149//1374 1158//1377 1177//1376
f 1180//1252 1178//1255 1063//1305
f 1000//1251 1203//1190 1179//1257
f 1002//1248 1204//1152 1179//1257
f 1158//1377 1205//1258 999//1381
f 1064//675 1180//1252 1063//1305
f 1180//1252 1001//1244 1350//1253
f 1166//1390 1168//1337 1182//1366
f 1361//1276 1105//1312 1356//1274
f 1182//1366 1073//1316 1136//1313
f 1166//1390 1182//1366 1181//1380
f 1183//1308 532//1336 1207//1379
f 1065//1269 1183//1308 1181//1380
f 1139//1279 1198//1338 1218//1116
f 1106//1206 1184//1119 559//909
f 1186//1389 1185//1318 1138//1364
f 1187//1387 1176//1335 1202//1365
f 1165//1333 1186//1389 1138//1364
f 1166//1390 1186//1389 1168//1337
f 1185//1318 1166//1390 1187//1387
f 1207//1379 1187//1387 1166//1390
f 1190//1369 1188//1370 1191//1394
f 1169//1317 1135//664 1188//1370
f 887//1310 1208//1209 1191//1394
f 1210//1395 1215//1396 1209//1397
f 1191//1394 1188//1370 887//1310
f 1190//1369 1189//1332 1192//1367
f 1194//1348 1197//1331 1210//1395
f 1189//1332 1190//1369 1191//1394
f 1193//1280 1192//1367 1189//1332
f 1167//1368 1138//1364 1192//1367
f 1197//1331 1196//1281 1193//1280
f 1167//1368 1193//1280 1139//1279
f 1210//1395 1222//1398 1215//1396
f 1031//1159 1195//1285 1030//1160
f 950//1278 1195//1285 1031//1159
f 1194//1348 1210//1395 1211//1347
f 1216//1284 1194//1348 1195//1285
f 1196//1281 1216//1284 1198//1338
f 1222//1398 1189//1332 1191//1394
f 1194//1348 1196//1281 1197//1331
f 1217//1399 950//1278 951//1204
f 1218//1116 1184//1119 1139//1279
f 891//928 1226//1400 1200//1205
f 1217//1399 1198//1338 950//1278
f 1226//1400 891//928 832//1114
f 1200//1205 1199//1401 1368//1203
f 1227//1402 1201//1384 1150//1378
f 1372//1403 1202//1365 1176//1335
f 1187//1387 1202//1365 1104//665
f 1372//1403 1176//1335 1201//1384
f 1203//1190 1000//1251 1353//1242
f 1006//1189 1179//1257 1203//1190
f 1008//1153 1204//1152 1002//1248
f 1205//1258 1204//1152 999//1381
f 1178//1255 1205//1258 1158//1377
f 1204//1152 1205//1258 1179//1257
f 1165//1333 1206//1207 1106//1206
f 1167//1368 1184//1119 1206//1207
f 1207//1379 1166//1390 1181//1380
f 1176//1335 1207//1379 532//1336
f 1102//1210 1208//1209 887//1310
f 1103//1208 1191//1394 1208//1209
f 1025//1107 618//1106 1276//1329
f 1126//1272 1115//1287 1214//1273
f 1197//1331 1189//1332 1222//1398
f 1210//1395 1209//1397 1211//1347
f 1211//1347 1209//1397 1223//1358
f 1121//1286 1212//1355 1115//1287
f 1030//1160 1212//1355 1121//1286
f 1211//1347 1223//1358 1212//1355
f 618//1106 1270//1404 1275//1330
f 1270//1404 618//1106 1271//1405
f 1212//1355 1214//1273 1115//1287
f 1214//1273 1213//1406 1274//1357
f 1191//1394 1103//1208 1215//1396
f 1279//1407 1215//1396 1103//1208
f 1198//1338 1216//1284 950//1278
f 1194//1348 1216//1284 1196//1281
f 1368//1203 1217//1399 951//1204
f 1220//1408 1217//1399 1199//1401
f 1198//1338 1220//1408 1218//1116
f 1226//1400 1219//1117 1199//1401
f 836//1115 834//542 1224//1120
f 1219//1117 1218//1116 1220//1408
f 1217//1399 1220//1408 1198//1338
f 1219//1117 1220//1408 1199//1401
f 1227//1402 1369//1383 1221//1323
f 1228//1197 945//894 881//1103
f 1215//1396 1222//1398 1191//1394
f 1197//1331 1222//1398 1210//1395
f 1223//1358 1209//1397 1277//1409
f 1223//1358 1213//1406 1214//1273
f 1225//1118 1224//1120 559//909
f 836//1115 1224//1120 1219//1117
f 1218//1116 1225//1118 1184//1119
f 1224//1120 1225//1118 1219//1117
f 1200//1205 1226//1400 1199//1401
f 832//1114 1219//1117 1226//1400
f 1369//1383 1227//1402 1150//1378
f 1230//1198 1227//1402 1221//1323
f 881//1103 1229//1158 1228//1197
f 558//1155 1230//1198 1229//1158
f 885//1104 1229//1158 881//1103
f 558//1155 1163//1154 1230//1198
f 1372//1403 1162//1311 1202//1365
f 1372//1403 1227//1402 1230//1198
f 1232//1267 518//614 1018//551
f 1231//556 1232//1267 1233//778
f 1233//778 1232//1267 511//1072
f 518//614 1232//1267 1231//556
f 865//1019 1233//778 511//1072
f 543//621 554//557 1233//778
f 590//571 1234//863 595//572
f 597//862 1234//863 592//860
f 1273//1356 561//1282 1122//1271
f 1267//1037 1268//992 1271//1405
f 1238//1078 681//751 785//958
f 1238//1078 1240//529 1236//530
f 1237//1003 563//1004 1317//1005
f 621//752 1236//530 1237//1003
f 785//958 622//1077 1238//1078
f 1240//529 1239//1410 1241//496
f 1093//479 1286//1325 1285//480
f 1292//1411 1242//1392 1243//497
f 1238//1078 622//1077 1240//529
f 1306//1412 622//1077 1305//1413
f 1243//497 1241//496 1239//1410
f 1236//530 1241//496 563//1004
f 1281//1414 1287//1415 1291//1416
f 1302//1371 1303//1353 534//935
f 1240//529 1306//1412 1239//1410
f 1243//497 1242//1392 1318//498
f 1244//872 1245//877 1246//871
f 711//1068 1247//1417 1249//1027
f 1319//878 1245//877 600//1418
f 1246//871 1245//877 601//879
f 602//794 1246//871 601//879
f 712//686 1246//871 594//864
f 1255//1419 1248//1026 1247//1417
f 1250//1028 600//1418 1245//877
f 1084//1321 1248//1026 1085//1319
f 1247//1417 711//1068 1255//1419
f 711//1068 1249//1027 712//686
f 1250//1028 1249//1027 1247//1417
f 1252//1320 1247//1417 1248//1026
f 1251//1322 1250//1028 1252//1320
f 1084//1321 1087//1236 1254//1235
f 600//1418 1250//1028 1251//1322
f 1247//1417 1252//1320 1250//1028
f 1084//1321 1252//1320 1248//1026
f 1251//1322 1253//1326 1320//1023
f 1084//1321 1254//1235 1251//1322
f 1096//1228 1254//1235 1058//1237
f 1254//1235 1253//1326 1251//1322
f 711//1068 579//748 1255//1419
f 1256//867 579//748 857//865
f 1248//1026 1255//1419 1256//867
f 579//748 1256//867 1255//1419
f 805//632 1257//1029 656//630
f 1257//1029 607//1030 971//1066
f 1259//851 1258//1022 585//1079
f 1266//857 1258//1022 645//858
f 585//1079 936//578 1260//1142
f 932//1080 1375//1021 870//853
f 1260//1142 874//1184 1263//1194
f 1259//851 1260//1142 1262//852
f 1344//1195 1263//1194 874//1184
f 880//1185 1261//1196 1346//1420
f 1263//1194 1262//852 1260//1142
f 880//1185 1264//1147 1265//1421
f 874//1184 1343//1183 1344//1195
f 1263//1194 1261//1196 1265//1421
f 1265//1421 1264//1147 1262//852
f 937//913 1264//1147 880//1185
f 1263//1194 1265//1421 1262//852
f 880//1185 1265//1421 1261//1196
f 787//961 1266//857 705//856
f 1258//1022 1266//857 788//848
f 1268//992 1267//1037 673//995
f 618//1106 825//996 1267//1037
f 673//995 741//785 1269//1043
f 1272//993 1270//1404 1271//1405
f 1269//1043 669//786 1373//915
f 673//995 1269//1043 1268//992
f 1270//1404 1272//993 1273//1356
f 1270//1404 1274//1357 1275//1330
f 1267//1037 1271//1405 618//1106
f 1272//993 1271//1405 1268//992
f 1373//915 1268//992 1269//1043
f 1273//1356 1272//993 1235//991
f 1273//1356 1235//991 1374//990
f 1122//1271 1214//1273 1274//1357
f 1275//1330 1274//1357 1213//1406
f 1270//1404 1273//1356 1274//1357
f 1277//1409 1213//1406 1223//1358
f 1278//1328 1277//1409 1279//1407
f 1277//1409 1276//1329 1275//1330
f 946//1108 1278//1328 1103//1208
f 1277//1409 1275//1330 1213//1406
f 1209//1397 1215//1396 1279//1407
f 1025//1107 1276//1329 1278//1328
f 1277//1409 1278//1328 1276//1329
f 1278//1328 1279//1407 1103//1208
f 1209//1397 1279//1407 1277//1409
f 1283//1127 1284//1169 1287//1415
f 918//1069 1280//939 544//938
f 1291//1416 1287//1415 1293//816
f 1310//1075 622//1077 784//811
f 1296//1422 1282//937 1281//1414
f 1092//1140 1286//1325 1093//479
f 849//1010 906//1009 1284//1169
f 1281//1414 1282//937 1283//1127
f 908//945 1284//1169 906//1009
f 1287//1415 1284//1169 564//947
f 1281//1414 1291//1416 1297//1423
f 1305//1413 622//1077 1310//1075
f 544//938 1282//937 1286//1325
f 1286//1325 1282//937 1296//1422
f 564//947 910//946 1289//817
f 1283//1127 1287//1415 1281//1414
f 967//1220 1290//1293 1035//1171
f 1299//1294 1292//1411 1298//1424
f 909//1172 1289//817 910//946
f 1290//1293 1289//817 1035//1171
f 1294//936 1290//1293 967//1220
f 1289//817 1290//1293 1288//818
f 1288//818 1299//1294 1298//1424
f 1285//480 1296//1422 1297//1423
f 1239//1410 1292//1411 1243//497
f 1288//818 1298//1424 1291//1416
f 1291//1416 1293//816 1288//818
f 564//947 1293//816 1287//1415
f 968//1173 1300//1219 967//1220
f 534//935 1299//1294 1294//936
f 964//1216 1034//1217 1301//1277
f 1295//934 1301//1277 1302//1371
f 1297//1423 1296//1422 1281//1414
f 1286//1325 1296//1422 1285//480
f 1291//1416 1304//1425 1297//1423
f 1292//1411 1313//1426 1304//1425
f 1290//1293 1299//1294 1288//818
f 1304//1425 1298//1424 1292//1411
f 1307//1393 1299//1294 534//935
f 1292//1411 1299//1294 1242//1392
f 964//1216 1295//934 1300//1219
f 967//1220 1300//1219 1295//934
f 1033//1292 1140//1372 1301//1277
f 1302//1371 1301//1277 1140//1372
f 1308//1391 1140//1372 1170//1291
f 1303//1353 1318//498 1307//1393
f 1302//1371 1308//1391 1303//1353
f 1309//1360 1314//1354 1315//1373
f 1298//1424 1304//1425 1291//1416
f 1313//1426 1292//1411 1239//1410
f 1285//480 1297//1423 1305//1413
f 1313//1426 1305//1413 1297//1423
f 622//1077 1306//1412 1240//529
f 1313//1426 1306//1412 1305//1413
f 1299//1294 1307//1393 1242//1392
f 534//935 1303//1353 1307//1393
f 1308//1391 1302//1371 1140//1372
f 1314//1354 1308//1391 1120//1346
f 1316//1344 1309//1360 1315//1373
f 1309//1360 1316//1344 1317//1005
f 702//845 1015//1071 1311//1266
f 1305//1413 1310//1075 1312//481
f 1093//479 1311//1266 928//1076
f 1305//1413 1312//481 1285//480
f 1310//1075 1311//1266 1312//481
f 1093//479 1312//481 1311//1266
f 1304//1425 1313//1426 1297//1423
f 1306//1412 1313//1426 1239//1410
f 1308//1391 1314//1354 1303//1353
f 1315//1373 1314//1354 1120//1346
f 1142//1345 1315//1373 1120//1346
f 1316//1344 1315//1373 1131//1350
f 1366//1342 1316//1344 1131//1350
f 1317//1005 1316//1344 1173//1343
f 1317//1005 1173//1343 1367//1006
f 1318//498 1317//1005 563//1004
f 1317//1005 1318//498 1309//1360
f 1318//498 563//1004 1241//496
f 1320//1023 1319//878 600//1418
f 1319//878 1321//1024 1322//1143
f 1251//1322 1320//1023 600//1418
f 1321//1024 1320//1023 1253//1326
f 871//1082 1321//1024 1253//1326
f 1321//1024 872//1144 1322//1143
f 873//1085 1322//1143 872//1144
f 1323//792 1322//1143 547//869
f 601//879 1319//878 1323//792
f 1323//792 1319//878 1322//1143
f 1328//1363 610//1157 1132//895
f 1054//1264 1325//1324 1328//1363
f 1159//1263 1157//1386 1325//1324
f 1330//1150 1332//1149 1157//1386
f 877//975 1326//1096 878//1086
f 1327//1097 1326//1096 812//728
f 882//727 1327//1097 812//728
f 610//1157 1324//1087 1327//1097
f 1328//1363 1324//1087 610//1157
f 1328//1363 1091//1362 1370//1382
f 1330//1150 1157//1386 1161//1151
f 1338//1262 1337//1427 1008//1153
f 1161//1151 1008//1153 1330//1150
f 1007//1249 1338//1262 1008//1153
f 1337//1427 1329//1148 1330//1150
f 1333//1261 1005//1256 1045//1299
f 1329//1148 1335//1094 1334//1088
f 1157//1386 1332//1149 1325//1324
f 556//1089 1333//1261 1045//1299
f 1333//1261 1331//1095 1337//1427
f 1325//1324 1332//1149 1334//1088
f 1329//1148 1334//1088 1332//1149
f 1335//1094 608//704 879//703
f 1329//1148 1331//1095 1335//1094
f 1081//1091 1336//1260 556//1089
f 1331//1095 1336//1260 808//1093
f 1329//1148 1337//1427 1331//1095
f 1008//1153 1337//1427 1330//1150
f 1005//1256 1333//1261 1338//1262
f 1337//1427 1338//1262 1333//1261
f 824//1034 1339//977 822//815
f 662//1033 1339//977 884//780
f 615//891 1340//1122 839//493
f 1100//1270 1340//1122 900//654
f 921//1136 1341//1177 924//1176
f 1009//524 1341//1177 523//1178
f 995//1146 998//1230 1348//1241
f 1346//1420 1345//1428 1351//1254
f 795//1083 1343//1183 935//577
f 1342//1429 1344//1195 1343//1183
f 1344//1195 1342//1429 1352//1245
f 880//1185 1346//1420 557//1186
f 1352//1245 1347//1247 1350//1253
f 1345//1428 1350//1253 1351//1254
f 1261//1196 1344//1195 1346//1420
f 1345//1428 1346//1420 1344//1195
f 1347//1247 1349//1246 1348//1241
f 1347//1247 1348//1241 1353//1242
f 998//1230 990//1192 1348//1241
f 1003//1188 1348//1241 990//1192
f 1343//1183 1354//1145 1342//1429
f 995//1146 1348//1241 1349//1246
f 1351//1254 1350//1253 1001//1244
f 1350//1253 1345//1428 1352//1245
f 942//1187 1351//1254 1001//1244
f 1346//1420 1351//1254 557//1186
f 1344//1195 1352//1245 1345//1428
f 1349//1246 1352//1245 1342//1429
f 1203//1190 1353//1242 1003//1188
f 1350//1253 1353//1242 1000//1251
f 1060//637 1354//1145 795//1083
f 1342//1429 1354//1145 1349//1246
f 1356//1274 1355//1123 560//1166
f 1358//1110 1355//1123 1026//1314
f 1100//1270 1357//1275 560//1166
f 1105//1312 1026//1314 1356//1274
f 1101//1309 1360//1327 1357//1275
f 1181//1380 1362//1388 1065//1269
f 1358//1110 1026//1314 1070//638
f 1359//491 1072//1111 614//1121
f 840//492 1359//491 614//1121
f 839//493 1355//1123 1359//491
f 1098//888 1360//1327 1101//1309
f 1361//1276 1360//1327 1065//1269
f 1361//1276 1357//1275 1360//1327
f 1362//1388 1361//1276 1065//1269
f 1182//1366 1362//1388 1181//1380
f 1105//1312 1361//1276 1362//1388
f 616//798 670//797 1364//989
f 740//1039 1377//789 1364//989
f 1364//989 738//988 740//1039
f 1364//989 1363//788 616//798
f 1076//1218 1365//1289 1033//1292
f 1027//918 1365//1289 1075//1214
f 1130//1352 1366//1342 1131//1350
f 1172//994 1366//1342 1128//1359
f 682//790 621//752 1367//1006
f 1237//1003 1367//1006 621//752
f 1368//1203 949//931 620//1125
f 1217//1399 1368//1203 1199//1401
f 1152//1199 1369//1383 1150//1378
f 1370//1382 1369//1383 1054//1264
f 1328//1363 1370//1382 1054//1264
f 1370//1382 1091//1362 1371//1361
f 1228//1197 1371//1361 945//894
f 1371//1361 1221//1323 1369//1383
f 1227//1402 1372//1403 1201//1384
f 1162//1311 1372//1403 1230//1198
f 1374//990 1373//915 616//798
f 1373//915 1235//991 1272//993
f 1363//788 1374//990 616//798
f 1273//1356 1374//990 561//1282
f 1258//1022 1375//1021 645//858
f 1375//1021 1259//851 870//853
f 1129//1351 1376//787 1127//1339
f 1374//990 1376//787 561//1282
f 1376//787 1377//789 1127//1339
f 1364//989 1377//789 1363//788
f 805//632 1378//1092 607//1030
f 808//1093 1378//1092 809//730
f 1790//1430 1832//1431 1759//1432
f 392//715 1405//1433 1449//1434
f 1449//1434 1510//1435 393//724
f 1448//1436 1445//1437 1385//1438
f 1568//1439 1645//1440 1514//1441
f 1426//1442 1502//1443 1468//1444
f 1439//1445 1441//1446 1437//1447
f 1506//1448 1509//1449 1474//1450
f 395//723 1506//1448 396//829
f 393//724 392//715 1449//1434
f 1512//1451 1565//1452 1515//1453
f 1424//1454 1430//1455 1472//1456
f 1482//1457 1796//1458 1644//1459
f 397//687 396//829 1511//1460
f 1424//1454 1435//1461 1470//1462
f 1426//1442 1432//1463 1433//1464
f 1430//1455 1380//1465 1447//1466
f 1428//1467 1470//1462 1435//1461
f 1656//1468 1572//1469 1763//1470
f 1427//1471 1432//1463 1426//1442
f 1572//1469 1655//1472 1517//1473
f 1423//1474 1503//1475 1466//1476
f 399//746 1597//1477 400//744
f 1417//1478 1471//1479 1416//1480
f 1407//1481 1512//1451 1406//1482
f 1392//1483 1434//1484 1427//1471
f 1567//1485 1410//1486 1652//1487
f 488//513 1460//1488 1418//1489
f 1795//1490 1712//1491 1724//1492
f 1515//1453 1649//1493 1475//1494
f 1841//1495 1527//1496 1594//1497
f 397//687 1508//1498 1558//1499
f 1553//1500 1636//1501 1637//1502
f 1768//1503 1668//1504 1767//1505
f 1424//1454 1472//1456 1473//1506
f 48//32 47//1507 1616//1508
f 1549//1509 1493//1510 1459//1511
f 1413//1512 1553//1500 1412//1513
f 1390//1514 1465//1515 1421//1516
f 1509//1449 1506//1448 1557//1517
f 1503//1475 1502//1443 1466//1476
f 1566//1518 1513//1519 1565//1452
f 1420//1520 1464//1521 1468//1444
f 1729//1522 1730//1523 1592//1524
f 1477//1525 1655//1472 1658//1526
f 1552//1527 1553//1500 1413//1512
f 404//734 403//886 1596//1528
f 1505//1529 1556//1530 1462//1531
f 1591//1532 1594//1497 1527//1496
f 405//707 1598//1533 1599//1534
f 1656//1468 1763//1470 1814//1535
f 1421//1516 1464//1521 1420//1520
f 1469//1536 1468//1444 1467//1537
f 1591//1532 403//886 402//743
f 416//986 415//772 1602//1538
f 1391//1539 1465//1515 1390//1514
f 1620//1540 1621//1541 1539//1542
f 1605//1543 1736//1544 1737//1545
f 411//1035 410//712 1573//1546
f 1437//1447 1444//1547 1446//1548
f 414//774 1533//1549 415//772
f 1725//1550 1//4 1723//1551
f 1573//1546 1661//1552 1764//1553
f 1441//1446 1383//1554 1442//1555
f 1447//1466 1438//1556 1472//1456
f 1691//1557 1692//1558 1942//1559
f 1441//1446 1382//1560 1383//1554
f 416//986 1602//1538 1604//1561
f 1532//1562 1602//1538 1533//1549
f 1439//1445 1440//1563 1431//1564
f 1908//1565 1897//1566 1440//1563
f 1742//1567 1488//1568 1535//1569
f 1445//1437 1444//1547 1442//1555
f 1464//1521 1465//1515 1427//1471
f 1399//1570 1400//1571 1612//1572
f 1441//1446 1436//1573 1382//1560
f 1745//1574 1746//1575 1531//1576
f 1469//1536 1419//1577 1545//1578
f 1573//1546 410//712 1571//1579
f 486//544 1460//1488 487//518
f 1395//1580 1396//1581 1497//1582
f 1440//1563 1437//1447 1446//1548
f 1941//1583 1631//1584 1632//1585
f 1461//1586 1423//1474 1498//1587
f 3//240 1448//1436 1385//1438
f 1469//1536 1916//1588 1419//1577
f 1497//1582 1504//1589 1554//1590
f 1530//1591 1601//1592 1799//1593
f 1465//1515 1464//1521 1421//1516
f 1443//1594 1444//1547 1445//1437
f 1491//1595 1619//1596 1456//1597
f 1496//1598 1497//1582 1461//1586
f 1669//1599 61//49 60//286
f 1499//1600 1393//1601 1551//1602
f 1551//1602 1496//1598 1461//1586
f 1728//1603 2//242 1//4
f 1391//1539 1392//1483 1427//1471
f 1429//1604 433//769 432//521
f 1429//1604 1423//1474 1466//1476
f 435//1179 1434//1484 436//702
f 1503//1475 1423//1474 1554//1590
f 1629//1605 1630//1606 1940//1607
f 1433//1464 1432//1463 434//711
f 1498//1587 1423//1474 1429//1604
f 1926//1608 1918//1609 1920//1610
f 1393//1601 431//762 430//768
f 1745//1574 1531//1576 1485//1611
f 1428//1467 1430//1455 1470//1462
f 1424//1454 1505//1529 1462//1531
f 1916//1588 1469//1536 1467//1537
f 1436//1573 1447//1466 1381//1612
f 1580//1613 1581//1614 1522//1615
f 1428//1467 1435//1461 1422//1616
f 1436//1573 1381//1612 1382//1560
f 1396//1581 1397//1617 1491//1595
f 1435//1461 1471//1479 1422//1616
f 1586//1618 1707//1619 1584//1620
f 1392//1483 436//702 1434//1484
f 1941//1583 1548//1621 1546//1622
f 1707//1619 71//121 70//254
f 1619//1596 1491//1595 1620//1540
f 1584//1620 70//254 69//328
f 1585//1623 1701//1624 1702//1625
f 1465//1515 1391//1539 1427//1471
f 1494//1626 1549//1509 1543//1627
f 1704//1628 1702//1625 1786//1629
f 1600//1630 65//56 64//108
f 1428//1467 1422//1616 486//544
f 1672//1631 63//96 62//277
f 1380//1465 1381//1612 1447//1466
f 1395//1580 1496//1598 1394//1632
f 1721//1633 1722//1634 1587//1635
f 1379//1636 1428//1467 485//546
f 1585//1623 1703//1637 1524//1638
f 1418//1489 1460//1488 1422//1616
f 1671//1639 62//277 61//49
f 1379//1636 1380//1465 1430//1455
f 1439//1445 1436//1573 1441//1446
f 487//518 1460//1488 488//513
f 1515//1453 1475//1494 1512//1451
f 1460//1488 486//544 1422//1616
f 1426//1442 1468//1444 1464//1521
f 1422//1616 1417//1478 1418//1489
f 1473//1506 1472//1456 1438//1556
f 1911//1640 1438//1556 1431//1564
f 485//546 1428//1467 486//544
f 1463//1641 1638//1642 1555//1643
f 1543//1627 1387//1644 1388//1645
f 1448//1436 2//242 1728//1603
f 1431//1564 1436//1573 1439//1445
f 1743//1646 1809//1647 1613//1648
f 1384//1649 1385//1438 1445//1437
f 1437//1447 1442//1555 1444//1547
f 1425//1650 1908//1565 1440//1563
f 2//242 1448//1436 3//240
f 1462//1531 1471//1479 1435//1461
f 1433//1464 1502//1443 1426//1442
f 1448//1436 1728//1603 1445//1437
f 1899//1651 1720//1652 1898//1653
f 1495//1654 42//1655 41//1656
f 1447//1466 1472//1456 1430//1455
f 489//514 488//513 1418//1489
f 1641//1657 1787//1658 1640//1659
f 1723//1551 1//4 72//175
f 1578//1660 1669//1599 1576//1661
f 433//769 1429//1604 1433//1464
f 1464//1521 1427//1471 1426//1442
f 59//335 1576//1661 60//286
f 1673//1662 1581//1614 1523//1663
f 432//521 431//762 1499//1600
f 1582//1664 56//78 55//95
f 1413//1512 1414//1665 1552//1527
f 1447//1466 1436//1573 1438//1556
f 410//712 409//700 1571//1579
f 1430//1455 1428//1467 1379//1636
f 1580//1613 58//288 57//71
f 1549//1509 1544//1666 1458//1667
f 435//1179 434//711 1432//1463
f 1427//1471 1434//1484 1432//1463
f 1675//1668 1696//1669 1778//1670
f 1690//1671 1860//1672 1479//1673
f 1459//1511 1386//1674 1387//1644
f 1727//1675 1728//1603 1725//1550
f 1420//1520 1494//1626 1421//1516
f 1514//1441 1569//1676 1512//1451
f 1421//1516 1543//1627 1389//1677
f 1741//1678 1608//1679 1610//1680
f 1445//1437 1442//1555 1384//1649
f 434//711 433//769 1433//1464
f 404//734 1598//1533 405//707
f 1403//1681 1404//1682 1531//1576
f 1432//1463 1434//1484 435//1179
f 1462//1531 1435//1461 1424//1454
f 1738//1683 1739//1684 1609//1685
f 48//32 1616//1508 1748//1686
f 1897//1566 1431//1564 1440//1563
f 1939//1687 1489//1688 1954//1689
f 1442//1555 1383//1554 1384//1649
f 1440//1563 1439//1445 1437//1447
f 1932//1690 1977//1691 1975//1692
f 1436//1573 1431//1564 1438//1556
f 49//299 1615//1693 50//44
f 1540//1694 1541//1695 1622//1696
f 1444//1547 1443//1594 1446//1548
f 1633//1697 44//312 43//128
f 1406//1482 1569//1676 1405//1433
f 1440//1563 1446//1548 1425//1650
f 45//313 44//312 1540//1694
f 1389//1677 1390//1514 1421//1516
f 1623//1698 1631//1584 1457//1699
f 1386//1674 1459//1511 1495//1654
f 1547//1700 1469//1536 1545//1578
f 1473//1506 1505//1529 1424//1454
f 1543//1627 1421//1516 1494//1626
f 52//60 1608//1679 53//297
f 43//128 42//1655 1493//1510
f 1437//1447 1441//1446 1442//1555
f 46//308 45//313 1622//1696
f 1466//1476 1433//1464 1429//1604
f 1462//1531 1416//1480 1471//1479
f 1422//1616 1471//1479 1417//1478
f 1462//1531 1415//1701 1416//1480
f 1506//1448 1511//1460 396//829
f 1424//1454 1470//1462 1430//1455
f 1568//1439 1651//1702 1507//1703
f 1567//1485 1652//1487 1516//1704
f 1590//1705 1443//1594 1727//1675
f 1572//1469 1517//1473 1571//1579
f 1819//1706 1665//1707 1666//1708
f 1451//1709 1698//1710 1779//1711
f 1669//1599 1671//1639 61//49
f 1674//1712 1581//1614 1673//1662
f 1683//1713 1686//1714 1685//1715
f 1585//1623 1524//1638 1584//1620
f 1482//1457 1639//1716 1642//1717
f 1706//1718 1953//1719 1703//1637
f 1593//1720 1595//1721 1846//1722
f 398//688 397//687 1558//1499
f 1756//1723 1752//1724 1754//1725
f 1591//1532 1595//1721 403//886
f 1478//1726 1778//1670 1696//1669
f 1882//1727 1453//1728 1797//1729
f 1963//1730 1960//1731 1961//1732
f 1604//1561 1606//1733 417//987
f 1930//1734 1934//1735 1455//1736
f 413//781 1664//1737 1666//1708
f 411//1035 1573//1546 1764//1553
f 1611//1738 1534//1739 1608//1679
f 1820//1740 1865//1741 1801//1742
f 1933//1743 1613//1648 1936//1744
f 1629//1605 1624//1745 1630//1606
f 1938//1746 1974//1747 1981//1748
f 1856//1749 1804//1750 1946//1751
f 1811//1752 1541//1695 1627//1753
f 1489//1688 1939//1687 1938//1746
f 1619//1596 1620//1540 1539//1542
f 1504//1589 1467//1537 1503//1475
f 1493//1510 1542//1754 1633//1697
f 1623//1698 1541//1695 1492//1755
f 1493//1510 42//1655 1495//1654
f 1542//1754 1493//1510 1458//1667
f 1544//1666 1494//1626 1420//1520
f 1493//1510 1549//1509 1458//1667
f 1386//1674 1495//1654 41//1656
f 1493//1510 1495//1654 1459//1511
f 1497//1582 1496//1598 1395//1580
f 1551//1602 1461//1586 1498//1587
f 1396//1581 1491//1595 1497//1582
f 1550//1756 1491//1595 1456//1597
f 1429//1604 432//521 1499//1600
f 1394//1632 1551//1602 1393//1601
f 1393//1601 1499//1600 431//762
f 1429//1604 1499//1600 1498//1587
f 1414//1665 1415//1701 1556//1530
f 1634//1757 1553//1500 1500//1758
f 1635//1759 1913//1760 1636//1501
f 1516//1704 1652//1487 1762//1761
f 1466//1476 1502//1443 1433//1464
f 1468//1444 1502//1443 1467//1537
f 1423//1474 1461//1586 1554//1590
f 1467//1537 1502//1443 1503//1475
f 1491//1595 1550//1756 1497//1582
f 1916//1588 1917//1762 1921//1763
f 1555//1643 1505//1529 1473//1506
f 1500//1758 1552//1527 1556//1530
f 1557//1517 395//723 394//722
f 1474//1450 1508//1498 1511//1460
f 394//722 393//724 1510//1435
f 1510//1435 1645//1440 1507//1703
f 1563//1764 1559//1765 1560//1766
f 1560//1766 1562//1767 1564//1768
f 1557//1517 1506//1448 395//723
f 1651//1702 1509//1449 1507//1703
f 1514//1441 1512//1451 1475//1494
f 1510//1435 1507//1703 1557//1517
f 1474//1450 1511//1460 1506//1448
f 397//687 1511//1460 1508//1498
f 1565//1452 1407//1481 1408//1769
f 1514//1441 1475//1494 1568//1439
f 1566//1518 1408//1769 1409//1770
f 1646//1771 1648//1772 1450//1773
f 1510//1435 1449//1434 1514//1441
f 1569//1676 1449//1434 1405//1433
f 1565//1452 1512//1451 1407//1481
f 1649//1493 1515//1453 1513//1519
f 1410//1486 1411//1774 1570//1775
f 1971//1776 1476//1777 1904//1778
f 1572//1469 409//700 408//648
f 1659//1779 1573//1546 1517//1473
f 1663//1780 407//647 406//705
f 1733//1781 1849//1782 1850//1783
f 1662//1784 1519//1785 1661//1552
f 412//903 1664//1737 413//781
f 1667//1786 59//335 58//288
f 1772//1787 1770//1788 1670//1789
f 1478//1726 1696//1669 1780//1790
f 1799//1593 1484//1791 1835//1792
f 1522//1615 1674//1712 1676//1793
f 1768//1503 1576//1661 1577//1794
f 55//95 1700//1795 1582//1664
f 1582//1664 1583//1796 1523//1663
f 1701//1624 69//328 68//256
f 1480//1797 1708//1798 1524//1638
f 1721//1633 67//114 66//1799
f 1880//1800 1838//1801 1793//1802
f 1710//1803 1714//1804 1718//1805
f 1912//1806 1653//1807 1654//1808
f 1591//1532 1729//1522 1594//1497
f 1885//1809 1797//1729 1849//1782
f 1558//1499 1560//1766 1564//1768
f 1756//1723 1753//1810 1843//1811
f 403//886 1595//1721 1596//1528
f 1731//1812 1599//1534 1529//1813
f 1734//1814 64//108 63//96
f 1722//1634 1837//1815 1587//1635
f 1532//1562 1604//1561 1602//1538
f 1803//1816 1855//1817 1852//1818
f 1603//1819 1532//1562 1605//1543
f 1531//1576 1603//1819 1485//1611
f 414//774 413//781 1666//1708
f 1533//1549 1765//1820 1607//1821
f 1608//1679 1738//1683 1611//1738
f 1806//1822 1610//1680 1805//1823
f 1401//1824 1809//1647 1743//1646
f 1749//1825 1621//1541 1535//1569
f 1614//1826 1745//1574 1803//1816
f 1803//1816 1853//1827 1614//1826
f 1617//1828 1618//1829 1748//1686
f 1609//1685 1739//1684 1856//1749
f 1625//1830 1811//1752 1627//1753
f 1538//1831 1750//1832 1747//1833
f 1398//1834 1399//1570 1621//1541
f 1920//1610 1925//1835 1926//1608
f 1540//1694 44//312 1633//1697
f 1541//1695 1540//1694 1492//1755
f 1492//1755 1631//1584 1623//1698
f 47//1507 46//308 1811//1752
f 1544//1666 1545//1578 1548//1621
f 1492//1755 1540//1694 1633//1697
f 1387//1644 1543//1627 1459//1511
f 1543//1627 1388//1645 1389//1677
f 1420//1520 1468//1444 1547//1700
f 1546//1622 1548//1621 1545//1578
f 1545//1578 1419//1577 1546//1622
f 1547//1700 1544//1666 1420//1520
f 1919//1836 1921//1763 1917//1762
f 1628//1837 1922//1838 1927//1839
f 1469//1536 1547//1700 1468//1444
f 1544//1666 1547//1700 1545//1578
f 1628//1837 1941//1583 1546//1622
f 1544//1666 1548//1621 1632//1585
f 1543//1627 1549//1509 1459//1511
f 1544//1666 1549//1509 1494//1626
f 1917//1762 1550//1756 1456//1597
f 1504//1589 1497//1582 1550//1756
f 1496//1598 1551//1602 1394//1632
f 1499//1600 1551//1602 1498//1587
f 1556//1530 1552//1527 1414//1665
f 1553//1500 1552//1527 1500//1758
f 1634//1757 1500//1758 1463//1641
f 1637//1502 1636//1501 1501//1840
f 1497//1582 1554//1590 1461//1586
f 1503//1475 1554//1590 1504//1589
f 1910//1841 1555//1643 1473//1506
f 1638//1642 1463//1641 1500//1758
f 1462//1531 1556//1530 1415//1701
f 1505//1529 1555//1643 1638//1642
f 1510//1435 1557//1517 394//722
f 1509//1449 1557//1517 1507//1703
f 1558//1499 1508//1498 1560//1766
f 1564//1768 398//688 1558//1499
f 1955//1842 1563//1764 1560//1766
f 1642//1717 1639//1716 1643//1843
f 1474//1450 1813//1844 1955//1842
f 1562//1767 1560//1766 1559//1765
f 1474//1450 1651//1702 1812//1845
f 1719//1846 1526//1847 1715//1848
f 1639//1716 1562//1767 1559//1765
f 1597//1477 1564//1768 1528//1849
f 1955//1842 1560//1766 1508//1498
f 1563//1764 1561//1850 1641//1657
f 1528//1849 1564//1768 1562//1767
f 399//746 398//688 1564//1768
f 1566//1518 1565//1452 1408//1769
f 1515//1453 1565//1452 1513//1519
f 1409//1770 1567//1485 1566//1518
f 1650//1851 1647//1852 1649//1493
f 1410//1486 1567//1485 1409//1770
f 1758//1853 1567//1485 1516//1704
f 1475//1494 1646//1771 1568//1439
f 1651//1702 1474//1450 1509//1449
f 1512//1451 1569//1676 1406//1482
f 1449//1434 1569//1676 1514//1441
f 1637//1502 1751//1854 1553//1500
f 1570//1775 1637//1502 1654//1808
f 1572//1469 1571//1579 409//700
f 1573//1546 1571//1579 1517//1473
f 408//648 407//647 1763//1470
f 1517//1473 1655//1472 1477//1525
f 1659//1779 1517//1473 1477//1525
f 412//903 411//1035 1764//1553
f 1599//1534 406//705 405//707
f 1798//1855 1574//1856 1599//1534
f 1692//1558 1519//1785 1942//1559
f 1765//1820 1486//1857 1607//1821
f 1576//1661 59//335 1667//1786
f 1576//1661 1520//1858 1770//1788
f 1577//1794 1667//1786 1580//1613
f 1668//1504 1778//1670 1767//1505
f 1767//1505 1670//1789 1770//1788
f 1773//1859 1671//1639 1772//1787
f 1800//1860 1774//1861 1735//1862
f 1601//1592 1530//1591 1600//1630
f 1699//1863 57//71 56//78
f 1577//1794 1580//1613 1522//1615
f 1699//1863 1580//1613 57//71
f 1581//1614 1699//1863 1582//1664
f 1700//1795 55//95 54//94
f 1581//1614 1582//1664 1523//1663
f 1741//1678 54//94 53//297
f 1534//1739 1805//1823 1610//1680
f 1584//1620 69//328 1701//1624
f 1586//1618 1584//1620 1524//1638
f 1702//1625 68//256 67//114
f 1524//1638 1703//1637 1480//1797
f 1708//1798 1586//1618 1524//1638
f 1712//1491 1586//1618 1708//1798
f 1792//1864 66//1799 65//56
f 1722//1634 1530//1591 1793//1802
f 1710//1803 1794//1865 1724//1492
f 1590//1705 1425//1650 1446//1548
f 1726//1866 1718//1805 1720//1652
f 1589//1867 1725//1550 1726//1866
f 1443//1594 1590//1705 1446//1548
f 1899//1651 1903//1868 1720//1652
f 1729//1522 402//743 401//742
f 1846//1722 1595//1721 1527//1496
f 1730//1523 401//742 400//744
f 1730//1523 1528//1849 1796//1458
f 1527//1496 1841//1495 1844//1869
f 1483//1870 1529//1813 1937//1871
f 1729//1522 1591//1532 402//743
f 1592//1524 1965//1872 1841//1495
f 1527//1496 1595//1721 1591//1532
f 1595//1721 1593//1720 1596//1528
f 1937//1871 1596//1528 1593//1720
f 1598//1533 1596//1528 1529//1813
f 1564//1768 1597//1477 399//746
f 1730//1523 1597//1477 1528//1849
f 1596//1528 1598//1533 404//734
f 1599//1534 1598//1533 1529//1813
f 1731//1812 1529//1813 1483//1870
f 1663//1780 1599//1534 1574//1856
f 1600//1630 64//108 1734//1814
f 1722//1634 1600//1630 1530//1591
f 1601//1592 1734//1814 1672//1631
f 1601//1592 1579//1873 1800//1860
f 1533//1549 1602//1538 415//772
f 1604//1561 1532//1562 1603//1819
f 1606//1733 1531//1576 1404//1682
f 1532//1562 1607//1821 1605//1543
f 1606//1733 1604//1561 1603//1819
f 417//987 416//986 1604//1561
f 1605//1543 1486//1857 1736//1544
f 1485//1611 1603//1819 1605//1543
f 1531//1576 1606//1733 1603//1819
f 417//987 1606//1733 1404//1682
f 1605//1543 1607//1821 1486//1857
f 1532//1562 1533//1549 1607//1821
f 1738//1683 52//60 51//330
f 1610//1680 1608//1679 1534//1739
f 1739//1684 51//330 50//44
f 1739//1684 1954//1689 1856//1749
f 1805//1823 1944//1874 1740//1875
f 1700//1795 1741//1678 1583//1796
f 1738//1683 1608//1679 52//60
f 1946//1751 1945//1876 1944//1874
f 1743//1646 1612//1572 1400//1571
f 1621//1541 1612//1572 1535//1569
f 1742//1567 1535//1569 1743//1646
f 1810//1877 1401//1824 1402//1878
f 1854//1879 1951//1880 1744//1881
f 1746//1575 1403//1681 1531//1576
f 1618//1829 1615//1693 49//299
f 1739//1684 1615//1693 1537//1882
f 1811//1752 1616//1508 47//1507
f 1748//1686 1616//1508 1538//1831
f 1747//1833 1938//1746 1617//1828
f 1537//1882 1615//1693 1618//1829
f 48//32 1618//1829 49//299
f 1537//1882 1618//1829 1617//1828
f 1620//1540 1491//1595 1397//1617
f 1919//1836 1456//1597 1920//1610
f 1397//1617 1398//1834 1620//1540
f 1621//1541 1620//1540 1398//1834
f 1612//1572 1621//1541 1399//1570
f 1749//1825 1535//1569 1488//1568
f 1540//1694 1622//1696 45//313
f 1811//1752 1622//1696 1541//1695
f 1623//1698 1457//1699 1626//1883
f 1750//1832 1490//1884 1747//1833
f 1628//1837 1626//1883 1457//1699
f 1922//1838 1546//1622 1419//1577
f 1541//1695 1623//1698 1627//1753
f 1626//1883 1629//1605 1627//1753
f 1457//1699 1941//1583 1628//1837
f 1629//1605 1626//1883 1624//1745
f 1626//1883 1627//1753 1623//1698
f 1811//1752 1625//1830 1750//1832
f 1921//1763 1922//1838 1419//1577
f 1624//1745 1626//1883 1628//1837
f 1929//1885 1630//1606 1624//1745
f 1627//1753 1629//1605 1625//1830
f 1974//1747 1938//1746 1973//1886
f 1630//1606 1973//1886 1940//1607
f 1492//1755 1542//1754 1631//1584
f 1631//1584 1542//1754 1632//1585
f 1542//1754 1458//1667 1632//1585
f 1544//1666 1632//1585 1458//1667
f 1493//1510 1633//1697 43//128
f 1633//1697 1542//1754 1492//1755
f 1635//1759 1634//1757 1463//1641
f 1636//1501 1634//1757 1635//1759
f 1909//1887 1910//1841 1897//1566
f 1425//1650 1590//1705 1895//1888
f 1654//1808 1501//1840 1912//1806
f 1553//1500 1634//1757 1636//1501
f 1411//1774 1751//1854 1570//1775
f 1412//1513 1751//1854 1411//1774
f 1500//1758 1556//1530 1638//1642
f 1505//1529 1638//1642 1556//1530
f 1639//1716 1559//1765 1643//1843
f 1644//1459 1639//1716 1482//1457
f 1641//1657 1559//1765 1563//1764
f 1641//1657 1640//1659 1643//1843
f 1877//1889 1834//1890 1791//1891
f 1788//1892 1719//1846 1825//1893
f 1640//1659 1752//1724 1642//1717
f 1756//1723 1642//1717 1752//1724
f 1641//1657 1643//1843 1559//1765
f 1642//1717 1643//1843 1640//1659
f 1528//1849 1562//1767 1644//1459
f 1639//1716 1644//1459 1562//1767
f 1514//1441 1645//1440 1510//1435
f 1568//1439 1507//1703 1645//1440
f 1649//1493 1647//1852 1648//1772
f 1646//1771 1450//1773 1812//1845
f 1513//1519 1566//1518 1650//1851
f 1875//1894 1892//1895 1831//1896
f 1649//1493 1646//1771 1475//1494
f 1647//1852 1759//1432 1832//1431
f 1649//1493 1513//1519 1650//1851
f 1649//1493 1648//1772 1646//1771
f 1566//1518 1758//1853 1650//1851
f 1760//1897 1759//1432 1650//1851
f 1646//1771 1651//1702 1568//1439
f 1651//1702 1646//1771 1812//1845
f 1410//1486 1570//1775 1652//1487
f 1652//1487 1570//1775 1762//1761
f 1970//1898 1635//1759 1909//1887
f 1653//1807 1972//1899 1760//1897
f 1501//1840 1654//1808 1637//1502
f 1762//1761 1654//1808 1653//1807
f 1572//1469 1656//1468 1655//1472
f 1655//1472 1656//1468 1658//1526
f 408//648 1763//1470 1572//1469
f 1518//1900 1782//1901 1658//1526
f 1732//1902 1824//1903 1784//1904
f 1697//1905 1451//1709 1685//1715
f 1518//1900 1658//1526 1656//1468
f 1658//1526 1657//1906 1777//1907
f 1776//1908 1662//1784 1659//1779
f 1661//1552 1659//1779 1662//1784
f 1691//1557 1693//1909 1685//1715
f 1679//1910 1675//1668 1677//1911
f 1661//1552 1815//1912 1764//1553
f 1573//1546 1659//1779 1661//1552
f 1776//1908 1659//1779 1477//1525
f 1662//1784 1660//1913 1942//1559
f 1599//1534 1663//1780 406//705
f 1763//1470 1663//1780 1574//1856
f 1764//1553 1664//1737 412//903
f 1575//1914 1819//1706 1666//1708
f 1533//1549 414//774 1766//1915
f 1519//1785 1692//1558 1866//1916
f 1575//1914 1666//1708 1664//1737
f 1765//1820 1766//1915 1665//1707
f 1580//1613 1667//1786 58//288
f 1576//1661 1667//1786 1577//1794
f 1769//1917 1668//1504 1768//1503
f 1677//1911 1674//1712 1479//1673
f 1576//1661 1669//1599 60//286
f 1671//1639 1669//1599 1578//1660
f 1816//1918 1670//1789 1478//1726
f 1772//1787 1670//1789 1817//1919
f 1671//1639 1578//1660 1772//1787
f 1672//1631 1671//1639 1579//1873
f 1671//1639 1672//1631 62//277
f 1601//1592 1672//1631 1579//1873
f 1861//1920 1886//1921 1808//1922
f 1674//1712 1673//1662 1479//1673
f 1677//1911 1676//1793 1674//1712
f 1581//1614 1674//1712 1522//1615
f 1680//1923 1677//1911 1479//1673
f 1675//1668 1679//1910 1689//1924
f 1778//1670 1676//1793 1675//1668
f 1769//1917 1676//1793 1668//1504
f 1679//1910 1677//1911 1680//1923
f 1675//1668 1676//1793 1677//1911
f 1679//1910 1680//1923 1678//1925
f 1685//1715 1451//1709 1683//1713
f 1678//1925 1683//1713 1679//1910
f 1679//1910 1683//1713 1689//1924
f 1858//1926 1857//1927 1681//1928
f 1806//1822 1583//1796 1610//1680
f 1871//1929 1851//1930 1801//1742
f 1858//1926 1859//1931 1860//1672
f 1673//1662 1690//1671 1479//1673
f 1808//1922 1583//1796 1806//1822
f 1683//1713 1678//1925 1686//1714
f 1689//1924 1683//1713 1451//1709
f 1688//1932 1686//1714 1859//1931
f 1686//1714 1688//1932 1684//1933
f 1684//1933 1691//1557 1685//1715
f 1660//1913 1693//1909 1691//1557
f 1682//1934 1857//1927 1858//1926
f 1685//1715 1686//1714 1684//1933
f 1869//1935 1801//1742 1867//1936
f 1866//1916 1943//1937 1694//1938
f 1859//1931 1686//1714 1678//1925
f 1688//1932 1687//1939 1694//1938
f 1697//1905 1698//1710 1451//1709
f 1675//1668 1689//1924 1696//1669
f 1886//1921 1673//1662 1523//1663
f 1690//1671 1682//1934 1860//1672
f 1684//1933 1943//1937 1691//1557
f 1693//1909 1660//1913 1776//1908
f 1943//1937 1688//1932 1694//1938
f 1815//1912 1775//1940 1819//1706
f 1777//1907 1693//1909 1776//1908
f 1698//1710 1695//1941 1779//1711
f 1870//1942 1694//1938 1687//1939
f 1454//1943 1737//1545 1736//1544
f 1657//1906 1782//1901 1781//1944
f 1670//1789 1816//1918 1817//1919
f 1689//1924 1779//1711 1696//1669
f 1696//1669 1779//1711 1780//1790
f 1685//1715 1693//1909 1697//1905
f 1693//1909 1777//1907 1698//1710
f 1693//1909 1698//1710 1697//1905
f 1781//1944 1698//1710 1657//1906
f 1582//1664 1699//1863 56//78
f 1580//1613 1699//1863 1581//1614
f 1700//1795 54//94 1741//1678
f 1582//1664 1700//1795 1583//1796
f 1702//1625 1701//1624 68//256
f 1584//1620 1701//1624 1585//1623
f 1721//1633 1702//1625 67//114
f 1786//1629 1702//1625 1587//1635
f 1585//1623 1704//1628 1703//1637
f 1703//1637 1704//1628 1706//1718
f 1702//1625 1704//1628 1585//1623
f 1706//1718 1525//1945 1705//1946
f 1963//1730 1705//1946 1957//1947
f 1755//1948 1757//1949 1952//1950
f 1525//1945 1706//1718 1704//1628
f 1706//1718 1705//1946 1953//1719
f 1584//1620 1707//1619 70//254
f 1795//1490 1707//1619 1586//1618
f 1711//1951 1708//1798 1480//1797
f 1794//1865 1723//1551 1724//1492
f 1711//1951 1716//1952 1709//1953
f 1830//1954 1828//1955 1787//1658
f 1712//1491 1711//1951 1714//1804
f 1715//1848 1718//1805 1714//1804
f 1716//1952 1711//1951 1480//1797
f 1714//1804 1711//1951 1709//1953
f 1711//1951 1712//1491 1708//1798
f 1724//1492 1712//1491 1710//1803
f 1953//1719 1716//1952 1480//1797
f 1826//1956 1827//1957 1829//1958
f 1715//1848 1714//1804 1709//1953
f 1712//1491 1714//1804 1710//1803
f 1717//1959 1719//1846 1788//1892
f 1715//1848 1526//1847 1718//1805
f 1703//1637 1953//1719 1480//1797
f 1716//1952 1713//1960 1826//1956
f 1834//1890 1761//1961 1812//1845
f 1648//1772 1647//1852 1832//1431
f 1718//1805 1526//1847 1720//1652
f 1718//1805 1588//1962 1794//1865
f 1825//1893 1715//1848 1709//1953
f 1831//1896 1719//1846 1717//1959
f 1526//1847 1719//1846 1892//1895
f 1898//1653 1875//1894 1899//1651
f 1721//1633 66//1799 1792//1864
f 1702//1625 1721//1633 1587//1635
f 1722//1634 1792//1864 1600//1630
f 1793//1802 1530//1591 1835//1792
f 1723//1551 72//175 1724//1492
f 1725//1550 1723//1551 1588//1962
f 72//175 71//121 1724//1492
f 1795//1490 1724//1492 71//121
f 1726//1866 1725//1550 1588//1962
f 1725//1550 1589//1867 1727//1675
f 1718//1805 1726//1866 1588//1962
f 1589//1867 1726//1866 1720//1652
f 1590//1705 1727//1675 1589//1867
f 1728//1603 1727//1675 1443//1594
f 1728//1603 1443//1594 1445//1437
f 1725//1550 1728//1603 1//4
f 1730//1523 1729//1522 401//742
f 1594//1497 1729//1522 1592//1524
f 1597//1477 1730//1523 400//744
f 1528//1849 1644//1459 1796//1458
f 1731//1812 1483//1870 1733//1781
f 1599//1534 1731//1812 1798//1855
f 1823//1963 1732//1902 1821//1964
f 1781//1944 1695//1941 1698//1710
f 1849//1782 1733//1781 1483//1870
f 1733//1781 1732//1902 1784//1904
f 1672//1631 1734//1814 63//96
f 1600//1630 1734//1814 1601//1592
f 1579//1873 1773//1859 1774//1861
f 1735//1862 1863//1965 1888//1966
f 1864//1967 1819//1706 1775//1940
f 1736//1544 1486//1857 1820//1740
f 1454//1943 1852//1818 1737//1545
f 1485//1611 1605//1543 1737//1545
f 1739//1684 1738//1683 51//330
f 1611//1738 1738//1683 1609//1685
f 1615//1693 1739//1684 50//44
f 1537//1882 1939//1687 1954//1689
f 1947//1968 1740//1875 1948//1969
f 1807//1970 1806//1822 1740//1875
f 1608//1679 1741//1678 53//297
f 1741//1678 1610//1680 1583//1796
f 1535//1569 1612//1572 1743//1646
f 1933//1743 1932//1690 1935//1971
f 1401//1824 1743//1646 1400//1571
f 1613//1648 1742//1567 1743//1646
f 1744//1881 1810//1877 1746//1575
f 1744//1881 1614//1826 1854//1879
f 1803//1816 1802//1972 1853//1827
f 1745//1574 1614//1826 1746//1575
f 1744//1881 1746//1575 1614//1826
f 1402//1878 1403//1681 1746//1575
f 1938//1746 1747//1833 1490//1884
f 1748//1686 1747//1833 1617//1828
f 1748//1686 1538//1831 1747//1833
f 1618//1829 48//32 1748//1686
f 1749//1825 1488//1568 1924//1973
f 1539//1542 1621//1541 1749//1825
f 1538//1831 1616//1508 1811//1752
f 1940//1607 1750//1832 1625//1830
f 1553//1500 1751//1854 1412//1513
f 1570//1775 1751//1854 1637//1502
f 1752//1724 1640//1659 1828//1955
f 1754//1725 1752//1724 1452//1974
f 1754//1725 1452//1974 1757//1949
f 1592//1524 1730//1523 1965//1872
f 1452//1974 1952//1950 1757//1949
f 1754//1725 1753//1810 1756//1723
f 1839//1975 1958//1976 1525//1945
f 1757//1949 1962//1977 1754//1725
f 1965//1872 1966//1978 1840//1979
f 1642//1717 1756//1723 1482//1457
f 1452//1974 1827//1957 1952//1950
f 1757//1949 1755//1948 1962//1977
f 1567//1485 1758//1853 1566//1518
f 1758//1853 1516//1704 1760//1897
f 1647//1852 1650//1851 1759//1432
f 1650//1851 1758//1853 1760//1897
f 1760//1897 1516//1704 1762//1761
f 1476//1777 1759//1432 1760//1897
f 1648//1772 1791//1891 1450//1773
f 1813//1844 1761//1961 1561//1850
f 1654//1808 1762//1761 1570//1775
f 1760//1897 1762//1761 1653//1807
f 1663//1780 1763//1470 407//647
f 1814//1535 1763//1470 1574//1856
f 1815//1912 1661//1552 1519//1785
f 1664//1737 1764//1553 1575//1914
f 1766//1915 1765//1820 1533//1549
f 1864//1967 1765//1820 1665//1707
f 414//774 1666//1708 1766//1915
f 1665//1707 1766//1915 1666//1708
f 1670//1789 1767//1505 1478//1726
f 1768//1503 1767//1505 1520//1858
f 1576//1661 1768//1503 1520//1858
f 1769//1917 1768//1503 1577//1794
f 1577//1794 1522//1615 1769//1917
f 1676//1793 1769//1917 1522//1615
f 1576//1661 1770//1788 1578//1660
f 1767//1505 1770//1788 1520//1858
f 1695//1941 1781//1944 1785//1980
f 1862//1981 1774//1861 1521//1982
f 1772//1787 1521//1982 1773//1859
f 1770//1788 1772//1787 1578//1660
f 1773//1859 1521//1982 1774//1861
f 1579//1873 1671//1639 1773//1859
f 1817//1919 1818//1983 1862//1981
f 1862//1981 1863//1965 1774//1861
f 1694//1938 1867//1936 1866//1916
f 1820//1740 1486//1857 1864//1967
f 1662//1784 1776//1908 1660//1913
f 1777//1907 1776//1908 1477//1525
f 1658//1526 1777//1907 1477//1525
f 1698//1710 1777//1907 1657//1906
f 1767//1505 1778//1670 1478//1726
f 1778//1670 1668//1504 1676//1793
f 1779//1711 1689//1924 1451//1709
f 1780//1790 1779//1711 1695//1941
f 1822//1984 1695//1941 1783//1985
f 1816//1918 1780//1790 1771//1986
f 1657//1906 1658//1526 1782//1901
f 1781//1944 1782//1901 1785//1980
f 1784//1904 1782//1901 1518//1900
f 1824//1903 1783//1985 1785//1980
f 1733//1781 1850//1783 1732//1902
f 1695//1941 1822//1984 1780//1790
f 1814//1535 1784//1904 1518//1900
f 1784//1904 1574//1856 1798//1855
f 1782//1901 1784//1904 1824//1903
f 1695//1941 1785//1980 1783//1985
f 1839//1975 1837//1815 1838//1801
f 1704//1628 1786//1629 1525//1945
f 1879//1987 1834//1890 1877//1889
f 1787//1658 1717//1959 1830//1954
f 1788//1892 1825//1893 1826//1956
f 1828//1955 1827//1957 1452//1974
f 1878//1988 1641//1657 1879//1987
f 1900//1989 1899//1651 1875//1894
f 1476//1777 1790//1430 1759//1432
f 1790//1430 1833//1990 1791//1891
f 1971//1776 1833//1990 1790//1430
f 1450//1773 1791//1891 1834//1890
f 1600//1630 1792//1864 65//56
f 1721//1633 1792//1864 1722//1634
f 1889//1991 1453//1728 1882//1727
f 1722//1634 1793//1802 1837//1815
f 1718//1805 1794//1865 1710//1803
f 1723//1551 1794//1865 1588//1962
f 1707//1619 1795//1490 71//121
f 1712//1491 1795//1490 1586//1618
f 1966//1978 1482//1457 1756//1723
f 1730//1523 1796//1458 1965//1872
f 1848//1992 1593//1720 1846//1722
f 1453//1728 1821//1964 1967//1993
f 1731//1812 1733//1781 1798//1855
f 1784//1904 1798//1855 1733//1781
f 1800//1860 1799//1593 1601//1592
f 1484//1791 1799//1593 1735//1862
f 1774//1861 1800//1860 1579//1873
f 1799//1593 1800//1860 1735//1862
f 1870//1942 1872//1994 1868//1995
f 1454//1943 1736//1544 1851//1930
f 1454//1943 1851//1930 1871//1929
f 1891//1996 1992//1997 1990//1998
f 1485//1611 1855//1817 1745//1574
f 1737//1545 1855//1817 1485//1611
f 1979//1999 1988//2000 1976//2001
f 1946//1751 1944//1874 1534//1739
f 1944//1874 1805//1823 1534//1739
f 1806//1822 1805//1823 1740//1875
f 1740//1875 1947//1968 1807//1970
f 1808//1922 1523//1663 1583//1796
f 1681//1928 1857//1927 1807//1970
f 1861//1920 1682//1934 1886//1921
f 1807//1970 1861//1920 1806//1822
f 1808//1922 1806//1822 1861//1920
f 1810//1877 1809//1647 1401//1824
f 1809//1647 1744//1881 1951//1880
f 1746//1575 1810//1877 1402//1878
f 1809//1647 1810//1877 1744//1881
f 1811//1752 46//308 1622//1696
f 1538//1831 1811//1752 1750//1832
f 1834//1890 1812//1845 1450//1773
f 1474//1450 1812//1845 1761//1961
f 1561//1850 1563//1764 1955//1842
f 1474//1450 1761//1961 1813//1844
f 1784//1904 1814//1535 1574//1856
f 1656//1468 1814//1535 1518//1900
f 1775//1940 1815//1912 1519//1785
f 1575//1914 1764//1553 1815//1912
f 1780//1790 1816//1918 1478//1726
f 1817//1919 1816//1918 1771//1986
f 1817//1919 1771//1986 1818//1983
f 1817//1919 1521//1982 1772//1787
f 1823//1963 1956//2002 1822//1984
f 1774//1861 1863//1965 1735//1862
f 1815//1912 1819//1706 1575//1914
f 1864//1967 1775//1940 1820//1740
f 1865//1741 1820//1740 1775//1940
f 1851//1930 1820//1740 1801//1742
f 1887//2003 1821//1964 1453//1728
f 1771//1986 1956//2002 1818//1983
f 1823//1963 1822//1984 1783//1985
f 1771//1986 1780//1790 1822//1984
f 1732//1902 1823//1963 1783//1985
f 1823//1963 1821//1964 1956//2002
f 1783//1985 1824//1903 1732//1902
f 1782//1901 1824//1903 1785//1980
f 1715//1848 1825//1893 1719//1846
f 1826//1956 1825//1893 1709//1953
f 1716//1952 1826//1956 1709//1953
f 1827//1957 1826//1956 1713//1960
f 1827//1957 1713//1960 1952//1950
f 1752//1724 1828//1955 1452//1974
f 1787//1658 1828//1955 1640//1659
f 1829//1958 1828//1955 1830//1954
f 1826//1956 1829//1958 1788//1892
f 1827//1957 1828//1955 1829//1958
f 1717//1959 1788//1892 1830//1954
f 1830//1954 1788//1892 1829//1958
f 1876//2004 1833//1990 1831//1896
f 1831//1896 1789//2005 1875//1894
f 1790//1430 1791//1891 1832//1431
f 1648//1772 1832//1431 1791//1891
f 1789//2005 1831//1896 1833//1990
f 1876//2004 1831//1896 1717//1959
f 1833//1990 1877//1889 1791//1891
f 1877//1889 1833//1990 1876//2004
f 1799//1593 1835//1792 1530//1591
f 1880//1800 1835//1792 1484//1791
f 1963//1730 1961//1732 1962//1977
f 1839//1975 1587//1635 1837//1815
f 1793//1802 1838//1801 1837//1815
f 1839//1975 1525//1945 1786//1629
f 1793//1802 1835//1792 1880//1800
f 1836//2006 1960//1731 1959//2007
f 1587//1635 1839//1975 1786//1629
f 1838//1801 1836//2006 1959//2007
f 1842//2008 1843//1811 1481//2009
f 1844//1869 1841//1495 1842//2008
f 1592//1524 1841//1495 1594//1497
f 1842//2008 1841//1495 1840//1979
f 1843//1811 1842//2008 1840//1979
f 1842//2008 1481//2009 1844//1869
f 1756//1723 1843//1811 1840//1979
f 1843//1811 1753//1810 1961//1732
f 1844//1869 1481//2009 1847//2010
f 1527//1496 1844//1869 1846//1722
f 1906//2011 1845//2012 1883//2013
f 1880//1800 1881//2014 1906//2011
f 1847//2010 1846//1722 1844//1869
f 1847//2010 1884//2015 1846//1722
f 1883//2013 1847//2010 1481//2009
f 1847//2010 1845//2012 1884//2015
f 1884//2015 1905//2016 1848//1992
f 1848//1992 1885//1809 1937//1871
f 1885//1809 1849//1782 1483//1870
f 1850//1783 1849//1782 1797//1729
f 1967//1993 1797//1729 1453//1728
f 1821//1964 1732//1902 1850//1783
f 1820//1740 1851//1930 1736//1544
f 1801//1742 1869//1935 1871//1929
f 1874//2017 1871//1929 1873//2018
f 1803//1816 1852//1818 1802//1972
f 1853//1827 1802//1972 1979//1999
f 1854//1879 1853//1827 1536//2019
f 1854//1879 1536//2019 1951//1880
f 1614//1826 1853//1827 1854//1879
f 1852//1818 1855//1817 1737//1545
f 1745//1574 1855//1817 1803//1816
f 1954//1689 1739//1684 1537//1882
f 1946//1751 1804//1750 1945//1876
f 1681//1928 1872//1994 1858//1926
f 1861//1920 1857//1927 1682//1934
f 1687//1939 1859//1931 1858//1926
f 1678//1925 1860//1672 1859//1931
f 1688//1932 1859//1931 1687//1939
f 1860//1672 1678//1925 1680//1923
f 1860//1672 1680//1923 1479//1673
f 1682//1934 1858//1926 1860//1672
f 1857//1927 1861//1920 1807//1970
f 1886//1921 1682//1934 1690//1671
f 1817//1919 1862//1981 1521//1982
f 1863//1965 1862//1981 1818//1983
f 1818//1983 1887//2003 1863//1965
f 1890//2020 1889//1991 1968//2021
f 1765//1820 1864//1967 1486//1857
f 1819//1706 1864//1967 1665//1707
f 1866//1916 1865//1741 1775//1940
f 1867//1936 1865//1741 1866//1916
f 1519//1785 1866//1916 1775//1940
f 1866//1916 1692//1558 1943//1937
f 1687//1939 1872//1994 1870//1942
f 1801//1742 1865//1741 1867//1936
f 1681//1928 1807//1970 1947//1968
f 1874//2017 1989//2022 1852//1818
f 1870//1942 1867//1936 1694//1938
f 1868//1995 1871//1929 1869//1935
f 1868//1995 1869//1935 1870//1942
f 1870//1942 1869//1935 1867//1936
f 1907//2023 1871//1929 1868//1995
f 1874//2017 1852//1818 1454//1943
f 1858//1926 1872//1994 1687//1939
f 1872//1994 1681//1928 1950//2024
f 1873//2018 1871//1929 1907//2023
f 1487//2025 1944//1874 1945//1876
f 1871//1929 1874//2017 1454//1943
f 1874//2017 1873//2018 1989//2022
f 1972//1899 1912//1806 1914//2026
f 1720//1652 1526//1847 1898//1653
f 1787//1658 1878//1988 1717//1959
f 1878//1988 1877//1889 1876//2004
f 1717//1959 1878//1988 1876//2004
f 1879//1987 1761//1961 1834//1890
f 1787//1658 1641//1657 1878//1988
f 1879//1987 1641//1657 1561//1850
f 1761//1961 1879//1987 1561//1850
f 1877//1889 1878//1988 1879//1987
f 1880//1800 1484//1791 1890//2020
f 1836//2006 1838//1801 1880//1800
f 1888//1966 1484//1791 1735//1862
f 1845//2012 1847//2010 1883//2013
f 1882//1727 1797//1729 1885//1809
f 1968//2021 1845//2012 1881//2014
f 1960//1731 1957//1947 1959//2007
f 1906//2011 1883//2013 1836//2006
f 1905//2016 1884//2015 1845//2012
f 1846//1722 1884//2015 1848//1992
f 1937//1871 1885//1809 1483//1870
f 1885//1809 1848//1992 1905//2016
f 1673//1662 1886//1921 1690//1671
f 1808//1922 1886//1921 1523//1663
f 1887//2003 1818//1983 1956//2002
f 1889//1991 1887//2003 1453//1728
f 1889//1991 1888//1966 1863//1965
f 1880//1800 1890//2020 1881//2014
f 1889//1991 1863//1965 1887//2003
f 1882//1727 1845//2012 1968//2021
f 1484//1791 1888//1966 1890//2020
f 1889//1991 1890//2020 1888//1966
f 1950//2024 1681//1928 1947//1968
f 1949//2027 1992//1997 1891//1996
f 1831//1896 1892//1895 1719//1846
f 1898//1653 1892//1895 1875//1894
f 1760//1897 1972//1899 1476//1777
f 1894//2028 1896//2029 1895//1888
f 1590//1705 1915//2030 1895//1888
f 1901//2031 1902//2032 1894//2028
f 1915//2030 1590//1705 1589//1867
f 1902//2032 1970//1898 1894//2028
f 1909//1887 1635//1759 1463//1641
f 1895//1888 1896//2029 1908//1565
f 1909//1887 1897//1566 1896//2029
f 1897//1566 1910//1841 1911//1640
f 1892//1895 1898//1653 1526//1847
f 1789//2005 1900//1989 1875//1894
f 1893//2033 1901//2031 1899//1651
f 1901//2031 1903//1868 1899//1651
f 1833//1990 1971//1776 1789//2005
f 1893//2033 1899//1651 1900//1989
f 1901//2031 1893//2033 1902//2032
f 1901//2031 1894//2028 1903//1868
f 1912//1806 1902//2032 1914//2026
f 1902//2032 1912//1806 1913//1760
f 1915//2030 1894//2028 1895//1888
f 1589//1867 1720//1652 1903//1868
f 1893//2033 1900//1989 1904//1778
f 1900//1989 1789//2005 1971//1776
f 1845//2012 1882//1727 1905//2016
f 1885//1809 1905//2016 1882//1727
f 1880//1800 1906//2011 1836//2006
f 1845//2012 1906//2011 1881//2014
f 1950//2024 1907//2023 1868//1995
f 1873//2018 1907//2023 1891//1996
f 1895//1888 1908//1565 1425//1650
f 1896//2029 1897//1566 1908//1565
f 1909//1887 1896//2029 1970//1898
f 1910//1841 1909//1887 1463//1641
f 1555//1643 1910//1841 1463//1641
f 1910//1841 1473//1506 1911//1640
f 1438//1556 1911//1640 1473//1506
f 1897//1566 1911//1640 1431//1564
f 1913//1760 1912//1806 1501//1840
f 1902//2032 1893//2033 1914//2026
f 1636//1501 1913//1760 1501//1840
f 1913//1760 1635//1759 1970//1898
f 1893//2033 1904//1778 1914//2026
f 1972//1899 1904//1778 1476//1777
f 1589//1867 1903//1868 1915//2030
f 1894//2028 1915//2030 1903//1868
f 1467//1537 1504//1589 1916//1588
f 1917//1762 1916//1588 1504//1589
f 1550//1756 1917//1762 1504//1589
f 1456//1597 1919//1836 1917//1762
f 1619//1596 1539//1542 1920//1610
f 1919//1836 1920//1610 1918//1609
f 1920//1610 1456//1597 1619//1596
f 1921//1763 1919//1836 1918//1609
f 1749//1825 1924//1973 1925//1835
f 1539//1542 1925//1835 1920//1610
f 1921//1763 1918//1609 1922//1838
f 1921//1763 1419//1577 1916//1588
f 1927//1839 1918//1609 1926//1608
f 1628//1837 1546//1622 1922//1838
f 1455//1736 1929//1885 1930//1734
f 1630//1606 1929//1885 1455//1736
f 1924//1973 1488//1568 1935//1971
f 1924//1973 1923//2034 1925//1835
f 1925//1835 1539//1542 1749//1825
f 1926//1608 1925//1835 1923//2034
f 1929//1885 1931//2035 1930//1734
f 1928//2036 1628//1837 1927//1839
f 1918//1609 1927//1839 1922//1838
f 1928//2036 1927//1839 1926//1608
f 1930//1734 1931//2035 1923//2034
f 1628//1837 1928//2036 1624//1745
f 1624//1745 1928//2036 1929//1885
f 1928//2036 1926//1608 1931//2035
f 1935//1971 1923//2034 1924//1973
f 1935//1971 1932//1690 1934//1735
f 1928//2036 1931//2035 1929//1885
f 1923//2034 1931//2035 1926//1608
f 1488//1568 1742//1567 1933//1743
f 1983//2037 1489//1688 1981//1748
f 1742//1567 1613//1648 1933//1743
f 1613//1648 1951//1880 1936//1744
f 1935//1971 1934//1735 1930//1734
f 1934//1735 1932//1690 1975//1692
f 1935//1971 1930//1734 1923//2034
f 1935//1971 1488//1568 1933//1743
f 1936//1744 1536//2019 1978//2038
f 1932//1690 1933//1743 1936//1744
f 1596//1528 1937//1871 1529//1813
f 1848//1992 1937//1871 1593//1720
f 1490//1884 1973//1886 1938//1746
f 1973//1886 1980//2039 1974//1747
f 1537//1882 1617//1828 1939//1687
f 1938//1746 1939//1687 1617//1828
f 1750//1832 1940//1607 1490//1884
f 1629//1605 1940//1607 1625//1830
f 1631//1584 1941//1583 1457//1699
f 1548//1621 1941//1583 1632//1585
f 1662//1784 1942//1559 1519//1785
f 1691//1557 1942//1559 1660//1913
f 1691//1557 1943//1937 1692//1558
f 1688//1932 1943//1937 1684//1933
f 1946//1751 1534//1739 1611//1738
f 1948//1969 1944//1874 1487//2025
f 1983//2037 1985//2040 1489//1688
f 1993//2041 1992//1997 1487//2025
f 1611//1738 1609//1685 1946//1751
f 1856//1749 1946//1751 1609//1685
f 1949//2027 1947//1968 1948//1969
f 1949//2027 1891//1996 1950//2024
f 1944//1874 1948//1969 1740//1875
f 1949//2027 1948//1969 1487//2025
f 1992//1997 1949//2027 1487//2025
f 1891//1996 1907//2023 1950//2024
f 1950//2024 1868//1995 1872//1994
f 1947//1968 1949//2027 1950//2024
f 1936//1744 1951//1880 1536//2019
f 1809//1647 1951//1880 1613//1648
f 1953//1719 1713//1960 1716//1952
f 1705//1946 1755//1948 1952//1950
f 1705//1946 1952//1950 1953//1719
f 1953//1719 1952//1950 1713//1960
f 1985//2040 1954//1689 1489//1688
f 1856//1749 1954//1689 1804//1750
f 1474//1450 1955//1842 1508//1498
f 1561//1850 1955//1842 1813//1844
f 1956//2002 1771//1986 1822//1984
f 1887//2003 1956//2002 1821//1964
f 1705//1946 1525//1945 1958//1976
f 1836//2006 1883//2013 1960//1731
f 1839//1975 1838//1801 1959//2007
f 1705//1946 1958//1976 1957//1947
f 1957//1947 1958//1976 1959//2007
f 1959//2007 1958//1976 1839//1975
f 1481//2009 1964//2042 1883//2013
f 1843//1811 1961//1732 1964//2042
f 1962//1977 1961//1732 1753//1810
f 1964//2042 1961//1732 1960//1731
f 1962//1977 1753//1810 1754//1725
f 1963//1730 1962//1977 1755//1948
f 1705//1946 1963//1730 1755//1948
f 1963//1730 1957//1947 1960//1731
f 1883//2013 1964//2042 1960//1731
f 1843//1811 1964//2042 1481//2009
f 1966//1978 1965//1872 1796//1458
f 1841//1495 1965//1872 1840//1979
f 1482//1457 1966//1978 1796//1458
f 1756//1723 1840//1979 1966//1978
f 1821//1964 1850//1783 1967//1993
f 1797//1729 1967//1993 1850//1783
f 1890//2020 1968//2021 1881//2014
f 1882//1727 1968//2021 1889//1991
f 1985//2040 1804//1750 1954//1689
f 1990//1998 1987//2043 1989//2022
f 1894//2028 1970//1898 1896//2029
f 1913//1760 1970//1898 1902//2032
f 1476//1777 1971//1776 1790//1430
f 1900//1989 1971//1776 1904//1778
f 1912//1806 1972//1899 1653//1807
f 1904//1778 1972//1899 1914//2026
f 1940//1607 1973//1886 1490//1884
f 1980//2039 1630//1606 1455//1736
f 1975//1692 1455//1736 1934//1735
f 1975//1692 1974//1747 1455//1736
f 1977//1691 1932//1690 1978//2038
f 1489//1688 1938//1746 1981//1748
f 1536//2019 1979//1999 1978//2038
f 1978//2038 1979//1999 1976//2001
f 1978//2038 1932//1690 1936//1744
f 1984//2044 1977//1691 1976//2001
f 1979//1999 1536//2019 1853//1827
f 1977//1691 1978//2038 1976//2001
f 1802//1972 1987//2043 1979//1999
f 1987//2043 1990//1998 1991//2045
f 1630//1606 1980//2039 1973//1886
f 1455//1736 1974//1747 1980//2039
f 1984//2044 1974//1747 1975//1692
f 1985//2040 1986//2046 1945//1876
f 1982//2047 1983//2037 1984//2044
f 1984//2044 1976//2001 1988//2000
f 1974//1747 1984//2044 1981//1748
f 1983//2037 1982//2047 1985//2040
f 1981//1748 1984//2044 1983//2037
f 1977//1691 1984//2044 1975//1692
f 1986//2046 1985//2040 1982//2047
f 1945//1876 1804//1750 1985//2040
f 1991//2045 1986//2046 1982//2047
f 1986//2046 1969//2048 1993//2041
f 1989//2022 1987//2043 1802//1972
f 1987//2043 1991//2045 1988//2000
f 1987//2043 1988//2000 1979//1999
f 1982//2047 1984//2044 1988//2000
f 1989//2022 1802//1972 1852//1818
f 1990//1998 1989//2022 1873//2018
f 1891//1996 1990//1998 1873//2018
f 1991//2045 1990//1998 1969//2048
f 1986//2046 1991//2045 1969//2048
f 1982//2047 1988//2000 1991//2045
f 1993//2041 1487//2025 1945//1876
f 1990//1998 1992//1997 1969//2048
f 1986//2046 1993//2041 1945//1876
f 1969//2048 1992//1997 1993//2041
f 2086//2049 2085//2050 2036//2051
f 1994//2052 2065//2053 2099//2054
f 1994//2052 2099//2054 1995//2055
f 2070//2056 2078//2057 2116//2058
f 2276//2059 2280//2060 2375//2061
f 2351//2062 2091//2063 2125//2064
f 2080//2065 2096//2066 2095//2067
f 2209//2068 2159//2069 2208//2070
f 2158//2071 2206//2072 2370//2073
f 2099//2054 2210//2074 1995//2055
f 2124//2075 2123//2076 2114//2077
f 2088//2078 2040//2079 2039//2080
f 2208//2070 1997//2081 2209//2068
f 2205//2082 2000//2083 1999//2084
f 2358//2085 2359//2086 2357//2087
f 2118//2088 2200//2089 2090//2090
f 2084//2091 2041//2092 2040//2079
f 2207//2093 2001//2094 2000//2083
f 2044//2095 2074//2096 2072//2097
f 2458//2098 2001//2094 2207//2093
f 2000//2083 2205//2082 2207//2093
f 2035//2099 2034//2100 2089//2101
f 2207//2093 2374//2102 2458//2098
f 480//721 2122//2103 2097//2104
f 2063//2105 2303//2106 2211//2107
f 2067//2108 2106//2109 2107//2110
f 2033//2111 2094//2112 2034//2100
f 2083//2113 2084//2091 2077//2114
f 2259//2115 2184//2116 2183//2117
f 2446//2118 2913//2119 2721//2120
f 2005//2121 2221//2122 2006//2123
f 2084//2091 2088//2078 2077//2114
f 2184//2116 2143//2124 2185//2125
f 2443//2126 2449//2127 2442//2128
f 2306//2129 2161//2130 2216//2131
f 2097//2104 481//451 480//721
f 2313//2132 2527//2133 2385//2134
f 2144//2135 2147//2136 2052//2137
f 2278//2138 2279//2139 2127//2140
f 2258//2141 2056//2142 2259//2115
f 2053//2143 2143//2124 2054//2144
f 2732//2145 2799//2146 2529//2147
f 2061//2148 2215//2149 2062//2150
f 2199//2151 2200//2089 2071//2152
f 2394//2153 2221//2122 2392//2154
f 2040//2079 2088//2078 2084//2091
f 2208//2070 1998//2155 1997//2081
f 2282//2156 2284//2157 2286//2158
f 2318//2159 2395//2160 2394//2153
f 2075//2161 2350//2162 2348//2163
f 2096//2066 2080//2065 482//449
f 2080//2065 2092//2164 2098//2165
f 2392//2154 2221//2122 2456//2166
f 2124//2075 2081//2167 2125//2064
f 478//456 2123//2076 479//457
f 2121//2168 2069//2169 2115//2170
f 2315//2171 2317//2172 2010//2173
f 2009//2174 2315//2171 2010//2173
f 2074//2096 2044//2095 485//546
f 2115//2170 2076//2175 2083//2113
f 2115//2170 2685//2176 2076//2175
f 2534//2177 2409//2178 2535//2179
f 2042//2180 2041//2092 2083//2113
f 2326//2181 2017//2182 2016//2183
f 2013//2184 2233//2185 2484//2186
f 2098//2165 484//592 483//591
f 2011//2187 2010//2173 2317//2172
f 2150//2188 2029//2189 2028//2190
f 2354//2191 2068//2192 2188//2193
f 2017//2182 2325//2194 2018//2195
f 2325//2194 2231//2196 2328//2197
f 2087//2198 2119//2199 2093//2200
f 2046//2201 2073//2202 2048//2203
f 2326//2181 2231//2196 2325//2194
f 2186//2204 2106//2109 2260//2205
f 2171//2206 2330//2207 2483//2208
f 2014//2209 2232//2210 2015//2211
f 2073//2202 2072//2097 2067//2108
f 2021//2212 2020//2213 2230//2214
f 484//592 2098//2165 2074//2096
f 2741//2215 2177//2216 2240//2217
f 2086//2049 2036//2051 2035//2099
f 2085//2050 2078//2057 2119//2199
f 2024//2218 2023//2219 2238//2220
f 2156//2221 2121//2168 2093//2200
f 2089//2101 2034//2100 2094//2112
f 2096//2066 482//449 481//451
f 2181//2222 2027//2223 2026//2224
f 2194//2225 2268//2226 2496//2227
f 2076//2175 2112//2228 2113//2229
f 2178//2230 448//738 447//627
f 2088//2078 2087//2198 2093//2200
f 2141//2231 2181//2222 2182//2232
f 2117//2233 2030//2234 2155//2235
f 2031//2236 2033//2111 2032//2237
f 2031//2236 2117//2233 2094//2112
f 2080//2065 2075//2161 2092//2164
f 2086//2049 2089//2101 2079//2238
f 2079//2238 2089//2101 2090//2090
f 2189//2239 2146//2240 2355//2241
f 2089//2101 2086//2049 2035//2099
f 2116//2058 2078//2057 2086//2049
f 2093//2200 2070//2056 2156//2221
f 2085//2050 2087//2198 2037//2242
f 2085//2050 2086//2049 2078//2057
f 2076//2175 2082//2243 2083//2113
f 2070//2056 2116//2058 2202//2244
f 2122//2103 480//721 479//457
f 2071//2152 2201//2245 2271//2246
f 2082//2243 2113//2229 2043//2247
f 2177//2216 2238//2220 2240//2217
f 2095//2067 2096//2066 2091//2063
f 2185//2125 2189//2239 2108//2248
f 2097//2104 2096//2066 481//451
f 2050//2249 2049//2250 2106//2109
f 2118//2088 2155//2235 2150//2188
f 2119//2199 2070//2056 2093//2200
f 2073//2202 2107//2110 2048//2203
f 2048//2203 2047//2251 2046//2201
f 2121//2168 2120//2252 2362//2253
f 2072//2097 2073//2202 2045//2254
f 2031//2236 2094//2112 2033//2111
f 2093//2200 2121//2168 2077//2114
f 2045//2254 2073//2202 2046//2201
f 2089//2101 2094//2112 2090//2090
f 2044//2095 2072//2097 2045//2254
f 483//591 482//449 2080//2065
f 2186//2204 2260//2205 2145//2255
f 2083//2113 2082//2243 2042//2180
f 2091//2063 2096//2066 2097//2104
f 484//592 2074//2096 485//546
f 2357//2087 2360//2256 2687//2257
f 2153//2258 2116//2058 2086//2049
f 2031//2236 2030//2234 2117//2233
f 2077//2114 2088//2078 2093//2200
f 2072//2097 2074//2096 2261//2259
f 2106//2109 2049//2250 2107//2110
f 2196//2260 2123//2076 478//456
f 2149//2261 2110//2262 2265//2263
f 2088//2078 2039//2080 2087//2198
f 2075//2161 2080//2065 2095//2067
f 2085//2050 2119//2199 2087//2198
f 2090//2090 2117//2233 2118//2088
f 478//456 477//505 2197//2264
f 2091//2063 2351//2062 2350//2162
f 2094//2112 2117//2233 2090//2090
f 2453//2265 2454//2266 2511//2267
f 2788//2268 2789//2269 2357//2087
f 2030//2234 2029//2189 2155//2235
f 2314//2270 473//890 472//485
f 2118//2088 2201//2245 2200//2089
f 2097//2104 2122//2103 2124//2075
f 469//660 2382//2271 470//543
f 2115//2170 2069//2169 2685//2176
f 2114//2077 2123//2076 2196//2260
f 2152//2272 2197//2264 2198//2273
f 2121//2168 2115//2170 2077//2114
f 2463//2274 2384//2275 2465//2276
f 2163//2277 2218//2278 2379//2279
f 2076//2175 2113//2229 2082//2243
f 2399//2280 2400//2281 2475//2282
f 2112//2228 2076//2175 2685//2176
f 2113//2229 443//646 442//645
f 2331//2283 2332//2284 2234//2285
f 2198//2273 477//505 476//507
f 2218//2278 469//660 468//659
f 2153//2258 2086//2049 2079//2238
f 472//485 471//487 2311//2286
f 2070//2056 2119//2199 2078//2057
f 462//589 2396//2287 463//590
f 461//763 2319//2288 462//589
f 2270//2289 2271//2246 2269//2290
f 2151//2291 2195//2292 2181//2222
f 2907//2293 2880//2294 2909//2295
f 460//765 459//997 2225//2296
f 2148//2297 2112//2228 2110//2262
f 2335//2298 2337//2299 456//566
f 2051//2300 2186//2204 2144//2135
f 2263//2301 2109//2302 2346//2303
f 2628//2304 2761//2305 2102//2306
f 2120//2252 2360//2256 2362//2253
f 460//765 2229//2307 461//763
f 2080//2065 2098//2165 483//591
f 2036//2051 2085//2050 2037//2242
f 2038//2308 2087//2198 2039//2080
f 2098//2165 2092//2164 2262//2309
f 2083//2113 2077//2114 2115//2170
f 2355//2241 2264//2310 2508//2311
f 2211//2107 2064//2312 2063//2105
f 2084//2091 2083//2113 2041//2092
f 2235//2313 455//565 454//604
f 2237//2314 2335//2298 2235//2313
f 456//566 455//565 2335//2298
f 2211//2107 2214//2315 2064//2312
f 2054//2144 2184//2116 2055//2316
f 2320//2317 2396//2287 2319//2288
f 2345//2318 2236//2319 2333//2320
f 2048//2203 2107//2110 2049//2250
f 2187//2321 2263//2301 2346//2303
f 2180//2322 2255//2323 2256//2324
f 2249//2325 2251//2326 2253//2327
f 2428//2328 2425//2329 2138//2330
f 2241//2331 449//739 448//738
f 2703//2332 2704//2333 2498//2334
f 2339//2335 2238//2220 2239//2336
f 2179//2337 2246//2338 2254//2339
f 2261//2259 2187//2321 2260//2205
f 2254//2339 2342//2340 450//959
f 2139//2341 2193//2342 2267//2343
f 2645//2344 2653//2345 2659//2346
f 2087//2198 2038//2308 2037//2242
f 2397//2347 2324//2348 2167//2349
f 2430//2350 2230//2214 2341//2351
f 2148//2297 2149//2261 2191//2352
f 444//489 443//646 2112//2228
f 2383//2353 2382//2271 2218//2278
f 442//645 2043//2247 2113//2229
f 2314//2270 472//485 2311//2286
f 2002//2354 2274//2355 2003//2356
f 2042//2180 2082//2243 2043//2247
f 2481//2357 2410//2358 2483//2208
f 2148//2297 445//509 444//489
f 446//510 445//509 2191//2352
f 2241//2331 2178//2230 2179//2337
f 2067//2108 2107//2110 2073//2202
f 2308//2359 2059//2360 2058//2361
f 2113//2229 2112//2228 443//646
f 2144//2135 2052//2137 2051//2300
f 479//457 2123//2076 2122//2103
f 2097//2104 2124//2075 2125//2064
f 2123//2076 2124//2075 2122//2103
f 2514//2362 2114//2077 2513//2363
f 2351//2062 2125//2064 2081//2167
f 2097//2104 2125//2064 2091//2063
f 2302//2364 2293//2365 2300//2366
f 2693//2367 2456//2166 2369//2368
f 2209//2068 1996//2369 2210//2074
f 2065//2053 2064//2312 2214//2315
f 2215//2149 2216//2131 2161//2130
f 2216//2131 2304//2370 2305//2371
f 2380//2372 2381//2373 2309//2374
f 2634//2375 2639//2376 2132//2377
f 2824//2378 2825//2379 2819//2380
f 2669//2381 2479//2382 2632//2383
f 2003//2356 2275//2384 2004//2385
f 2804//2386 2805//2387 2802//2388
f 2131//2389 2694//2390 2810//2391
f 2297//2392 2291//2393 2128//2394
f 2322//2395 2226//2396 2321//2397
f 2168//2398 2225//2296 2228//2399
f 2752//2400 2749//2401 2751//2402
f 2341//2351 2431//2403 2436//2404
f 2233//2185 2013//2184 2012//2405
f 2532//2406 2572//2407 2593//2408
f 2627//2409 2628//2304 2609//2410
f 2331//2283 466//574 465//980
f 2415//2411 2235//2313 2236//2319
f 2495//2412 2403//2413 2176//2414
f 2489//2415 2137//2416 2414//2417
f 2182//2232 2421//2418 2423//2419
f 446//510 2191//2352 2193//2342
f 2104//2420 2242//2421 2139//2341
f 2426//2422 2423//2419 2421//2418
f 2334//2423 2414//2417 2415//2411
f 2257//2424 2181//2222 2026//2224
f 2268//2226 2151//2291 2181//2222
f 2142//2425 2185//2125 2442//2128
f 2055//2316 2259//2115 2056//2142
f 2052//2137 2147//2136 2053//2143
f 2143//2124 2189//2239 2185//2125
f 2051//2300 2050//2249 2186//2204
f 2147//2136 2109//2302 2146//2240
f 2260//2205 2067//2108 2261//2259
f 2144//2135 2145//2255 2346//2303
f 2146//2240 2109//2302 2188//2193
f 2190//2426 2143//2124 2053//2143
f 2109//2302 2147//2136 2144//2135
f 2147//2136 2146//2240 2190//2426
f 2112//2228 2148//2297 444//489
f 2149//2261 2148//2297 2110//2262
f 2192//2427 2265//2263 2069//2169
f 446//510 2193//2342 447//627
f 2195//2292 2028//2190 2027//2223
f 2118//2088 2150//2188 2111//2428
f 2111//2428 2150//2188 2151//2291
f 2150//2188 2028//2190 2195//2292
f 2615//2429 2614//2430 475//476
f 2152//2272 2198//2273 2453//2265
f 2079//2238 2199//2151 2153//2258
f 2203//2431 2363//2432 2272//2433
f 2202//2244 2116//2058 2203//2431
f 2154//2434 2202//2244 2203//2431
f 2150//2188 2155//2235 2029//2189
f 2117//2233 2155//2235 2118//2088
f 2687//2257 2156//2221 2070//2056
f 2121//2168 2156//2221 2120//2252
f 2376//2435 2523//2436 2126//2437
f 2166//2438 2392//2154 2456//2166
f 2206//2072 1999//2084 1998//2155
f 2372//2439 2207//2093 2205//2082
f 2370//2073 2276//2059 2373//2440
f 2206//2072 2158//2071 2205//2082
f 2303//2106 2215//2149 2161//2130
f 2160//2441 2284//2157 2282//2156
f 2304//2370 2061//2148 2060//2442
f 2283//2443 2284//2157 2285//2444
f 2307//2445 2305//2371 2378//2446
f 2292//2447 2290//2448 2100//2449
f 2218//2278 2380//2372 2379//2279
f 2384//2275 2526//2450 2725//2451
f 2725//2451 2729//2452 2164//2453
f 2756//2454 2583//2455 2602//2456
f 2316//2457 2220//2458 2315//2171
f 2472//2459 2471//2460 2390//2461
f 2457//2462 2005//2121 2004//2385
f 2799//2146 2797//2463 2798//2464
f 2763//2465 2761//2305 2626//2466
f 2560//2467 2561//2468 2163//2277
f 2225//2296 2321//2397 2228//2399
f 2786//2469 2324//2348 2323//2470
f 2019//2471 2328//2197 2329//2472
f 2431//2403 2433//2473 2436//2404
f 2015//2211 2232//2210 2405//2474
f 2434//2475 2534//2177 2134//2476
f 2171//2206 2483//2208 2482//2477
f 2170//2478 2406//2479 2407//2480
f 2390//2461 2469//2481 2528//2482
f 2165//2483 2391//2484 2388//2485
f 2836//2486 2840//2487 2839//2488
f 2565//2489 2559//2490 2588//2491
f 2333//2320 454//604 453//603
f 2420//2492 2418//2493 2336//2494
f 2342//2340 2256//2324 2344//2495
f 2754//2496 2489//2415 2417//2497
f 2491//2498 2492//2499 2336//2494
f 2226//2396 2476//2500 2478//2501
f 2340//2502 2023//2219 2022//2503
f 2429//2504 2421//2418 2239//2336
f 2193//2342 2178//2230 447//627
f 2179//2337 2178//2230 2139//2341
f 2242//2421 2179//2337 2139//2341
f 2246//2338 2179//2337 2242//2421
f 2254//2339 2343//2505 2179//2337
f 2251//2326 2255//2323 2180//2322
f 2257//2424 2026//2224 2025//2506
f 2181//2222 2141//2231 2268//2226
f 2339//2335 2025//2506 2024//2218
f 2429//2504 2239//2336 2238//2220
f 2355//2241 2508//2311 2108//2248
f 2183//2117 2449//2127 2450//2507
f 2143//2124 2184//2116 2054//2144
f 2183//2117 2184//2116 2142//2425
f 2108//2248 2508//2311 2442//2128
f 2184//2116 2185//2125 2142//2425
f 2106//2109 2186//2204 2050//2249
f 2144//2135 2186//2204 2145//2255
f 2262//2309 2187//2321 2261//2259
f 2262//2309 2263//2301 2187//2321
f 2354//2191 2109//2302 2263//2301
f 2188//2193 2068//2192 2264//2310
f 2190//2426 2189//2239 2143//2124
f 2355//2241 2146//2240 2188//2193
f 2147//2136 2190//2426 2053//2143
f 2189//2239 2190//2426 2146//2240
f 2148//2297 2191//2352 445//509
f 2193//2342 2191//2352 2149//2261
f 2247//2508 2250//2509 2361//2510
f 2149//2261 2266//2511 2193//2342
f 2265//2263 2266//2511 2149//2261
f 2178//2230 2193//2342 2139//2341
f 2366//2512 2365//2513 2066//2514
f 2111//2428 2151//2291 2269//2290
f 2181//2222 2195//2292 2027//2223
f 2150//2188 2195//2292 2151//2291
f 2197//2264 2196//2260 478//456
f 2196//2260 2152//2272 2511//2267
f 2198//2273 2197//2264 477//505
f 2196//2260 2197//2264 2152//2272
f 2385//2134 474//475 473//890
f 2598//2515 2385//2134 2596//2516
f 2200//2089 2199//2151 2079//2238
f 2199//2151 2071//2152 2363//2432
f 2090//2090 2200//2089 2079//2238
f 2118//2088 2111//2428 2201//2245
f 2271//2246 2201//2245 2111//2428
f 2071//2152 2200//2089 2201//2245
f 2203//2431 2116//2058 2153//2258
f 2687//2257 2202//2244 2154//2434
f 2363//2432 2153//2258 2199//2151
f 2363//2432 2364//2517 2272//2433
f 2517//2518 2455//2519 2515//2520
f 2274//2355 2275//2384 2003//2356
f 2206//2072 2205//2082 1999//2084
f 2205//2082 2158//2071 2372//2439
f 2208//2070 2206//2072 1998//2155
f 2206//2072 2159//2069 2371//2521
f 2372//2439 2373//2440 2277//2522
f 2458//2098 2002//2354 2001//2094
f 2209//2068 1997//2081 1996//2369
f 2206//2072 2208//2070 2159//2069
f 1996//2369 1995//2055 2210//2074
f 2209//2068 2210//2074 2279//2139
f 2099//2054 2065//2053 2213//2523
f 2279//2139 2278//2138 2209//2068
f 2063//2105 2062//2150 2303//2106
f 2160//2441 2213//2523 2214//2315
f 2212//2524 2287//2525 2285//2444
f 2160//2441 2211//2107 2212//2524
f 2281//2526 2282//2156 2279//2139
f 2099//2054 2213//2523 2281//2526
f 2160//2441 2214//2315 2211//2107
f 2065//2053 2214//2315 2213//2523
f 2215//2149 2061//2148 2304//2370
f 2303//2106 2161//2130 2212//2524
f 2305//2371 2060//2442 2059//2360
f 2294//2527 2306//2129 2307//2445
f 2545//2528 2510//2529 2258//2141
f 2258//2141 2057//2530 2056//2142
f 2379//2279 2380//2372 2309//2374
f 2218//2278 2163//2277 2383//2353
f 470//543 2382//2271 2312//2531
f 2385//2134 473//890 2468//2532
f 2316//2457 2009//2174 2008//2533
f 2388//2485 2317//2172 2220//2458
f 2275//2384 2723//2534 2457//2462
f 2166//2438 2473//2535 2392//2154
f 2395//2160 2473//2535 2222//2536
f 2386//2537 2220//2458 2316//2457
f 460//765 2225//2296 2229//2307
f 2397//2347 2320//2317 2223//2538
f 2399//2280 2398//2539 2224//2540
f 2234//2285 2332//2284 2412//2541
f 2321//2397 459//997 458//594
f 2227//2542 2225//2296 2168//2398
f 2322//2395 458//594 457//595
f 2226//2396 2322//2395 2476//2500
f 2227//2542 2168//2398 2404//2543
f 2227//2542 2223//2538 2319//2288
f 2321//2397 2225//2296 459//997
f 2478//2501 2228//2399 2226//2396
f 2225//2296 2227//2542 2229//2307
f 461//763 2229//2307 2227//2542
f 2325//2194 2328//2197 2018//2195
f 2340//2502 2341//2351 2240//2217
f 2327//2544 2231//2196 2409//2178
f 2230//2214 2327//2544 2169//2545
f 2330//2207 2411//2546 2484//2186
f 2407//2480 2406//2479 2326//2181
f 2390//2461 2528//2482 2317//2172
f 2172//2547 2481//2357 2233//2185
f 464//671 2402//2548 465//980
f 2524//2549 2588//2491 2309//2374
f 2235//2313 454//604 2333//2320
f 2235//2313 2174//2550 2418//2493
f 452//666 2344//2495 2345//2318
f 2334//2423 2489//2415 2414//2417
f 2414//2417 2336//2494 2418//2493
f 2337//2299 2322//2395 457//595
f 2238//2220 2023//2219 2340//2502
f 2238//2220 2177//2216 2429//2504
f 2429//2504 2686//2551 2338//2552
f 2257//2424 2339//2335 2182//2232
f 2022//2503 2021//2212 2430//2350
f 2240//2217 2341//2351 2714//2553
f 2178//2230 2241//2331 448//738
f 2343//2505 2241//2331 2179//2337
f 2245//2554 2242//2421 2104//2420
f 2254//2339 2253//2327 2180//2322
f 2250//2509 2790//2555 2245//2554
f 2247//2508 2789//2269 2791//2556
f 2246//2338 2245//2554 2248//2557
f 2248//2557 2249//2325 2244//2558
f 2250//2509 2245//2554 2104//2420
f 2248//2557 2245//2554 2243//2559
f 2245//2554 2246//2338 2242//2421
f 2254//2339 2246//2338 2244//2558
f 2267//2343 2358//2085 2104//2420
f 2365//2513 2712//2560 2066//2514
f 2249//2325 2248//2557 2243//2559
f 2246//2338 2248//2557 2244//2558
f 2701//2561 2700//2562 2702//2563
f 2249//2325 2140//2564 2251//2326
f 2358//2085 2250//2509 2104//2420
f 2250//2509 2247//2508 2790//2555
f 2252//2565 2251//2326 2140//2564
f 2253//2327 2251//2326 2180//2322
f 2425//2329 2542//2566 2422//2567
f 451//667 2344//2495 452//666
f 2180//2322 2342//2340 2254//2339
f 2249//2325 2253//2327 2244//2558
f 2343//2505 2254//2339 450//959
f 2244//2558 2253//2327 2254//2339
f 2251//2326 2252//2565 2255//2323
f 2696//2568 2437//2569 2252//2565
f 2437//2569 2255//2323 2252//2565
f 2416//2570 2345//2318 2437//2569
f 2257//2424 2025//2506 2339//2335
f 2181//2222 2257//2424 2182//2232
f 2506//2571 2507//2572 2353//2573
f 2510//2529 2058//2361 2057//2530
f 2184//2116 2259//2115 2055//2316
f 2258//2141 2259//2115 2183//2117
f 2067//2108 2260//2205 2106//2109
f 2346//2303 2260//2205 2187//2321
f 2072//2097 2261//2259 2067//2108
f 2262//2309 2261//2259 2074//2096
f 2098//2165 2262//2309 2074//2096
f 2262//2309 2092//2164 2263//2301
f 2092//2164 2347//2574 2263//2301
f 2347//2574 2348//2163 2263//2301
f 2352//2575 2353//2573 2438//2576
f 2438//2576 2264//2310 2068//2192
f 2069//2169 2265//2263 2110//2262
f 2266//2511 2265//2263 2192//2427
f 2357//2087 2359//2086 2360//2256
f 2139//2341 2267//2343 2104//2420
f 2193//2342 2266//2511 2267//2343
f 2266//2511 2359//2086 2358//2085
f 2496//2227 2268//2226 2141//2231
f 2269//2290 2268//2226 2194//2225
f 2268//2226 2269//2290 2151//2291
f 2269//2290 2194//2225 2270//2289
f 2688//2577 2365//2513 2452//2578
f 2203//2431 2272//2433 2154//2434
f 2269//2290 2271//2246 2111//2428
f 2271//2246 2270//2289 2364//2517
f 2272//2433 2364//2517 2452//2578
f 2788//2268 2366//2512 2066//2514
f 2767//2579 2618//2580 2649//2581
f 2454//2266 2114//2077 2511//2267
f 2458//2098 2274//2355 2002//2354
f 2275//2384 2274//2355 2204//2582
f 2275//2384 2204//2582 2515//2520
f 2457//2462 2456//2166 2221//2122
f 2280//2060 2159//2069 2278//2138
f 2280//2060 2276//2059 2371//2521
f 2520//2583 2521//2584 2518//2585
f 2374//2102 2277//2522 2554//2586
f 2278//2138 2127//2140 2280//2060
f 2159//2069 2209//2068 2278//2138
f 2210//2074 2281//2526 2279//2139
f 2213//2523 2282//2156 2281//2526
f 2127//2140 2282//2156 2286//2158
f 2292//2447 2298//2587 2286//2158
f 2099//2054 2281//2526 2210//2074
f 2282//2156 2213//2523 2160//2441
f 2160//2441 2285//2444 2284//2157
f 2127//2140 2279//2139 2282//2156
f 2288//2588 2283//2443 2285//2444
f 2459//2589 2298//2587 2292//2447
f 2285//2444 2160//2441 2212//2524
f 2284//2157 2283//2443 2286//2158
f 2287//2525 2212//2524 2161//2130
f 2288//2588 2285//2444 2128//2394
f 2283//2443 2290//2448 2292//2447
f 2127//2140 2286//2158 2298//2587
f 2306//2129 2287//2525 2161//2130
f 2128//2394 2285//2444 2287//2525
f 2291//2393 2288//2588 2128//2394
f 2283//2443 2288//2588 2290//2448
f 2778//2590 2779//2591 2299//2592
f 2100//2449 2290//2448 2293//2365
f 2291//2393 2290//2448 2288//2588
f 2290//2448 2291//2393 2293//2365
f 2306//2129 2128//2394 2287//2525
f 2291//2393 2289//2593 2293//2365
f 2100//2449 2459//2589 2292//2447
f 2283//2443 2292//2447 2286//2158
f 2717//2594 2162//2595 2378//2446
f 2293//2365 2289//2593 2300//2366
f 2217//2596 2546//2597 2717//2594
f 2297//2392 2895//2598 2291//2393
f 2459//2589 2460//2599 2377//2600
f 2375//2061 2376//2435 2276//2059
f 2934//2601 2924//2602 2925//2603
f 2460//2599 2293//2365 2302//2364
f 2306//2129 2297//2392 2128//2394
f 2294//2527 2783//2604 2895//2598
f 2375//2061 2298//2587 2295//2605
f 2127//2140 2298//2587 2280//2060
f 2792//2606 2294//2527 2162//2595
f 2376//2435 2126//2437 2276//2059
f 2289//2593 2895//2598 2784//2607
f 2302//2364 2300//2366 2944//2608
f 2936//2609 2299//2592 2776//2610
f 2368//2611 2455//2519 2519//2612
f 2944//2608 2300//2366 2299//2592
f 2302//2364 2301//2613 2460//2599
f 2215//2149 2303//2106 2062//2150
f 2211//2107 2303//2106 2212//2524
f 2305//2371 2304//2370 2060//2442
f 2215//2149 2304//2370 2216//2131
f 2308//2359 2305//2371 2059//2360
f 2378//2446 2305//2371 2217//2596
f 2307//2445 2306//2129 2216//2131
f 2297//2392 2306//2129 2294//2527
f 2305//2371 2307//2445 2216//2131
f 2294//2527 2307//2445 2162//2595
f 2510//2529 2308//2359 2058//2361
f 2305//2371 2308//2359 2217//2596
f 2381//2373 467//573 466//574
f 2462//2614 2588//2491 2524//2549
f 2526//2450 2384//2275 2310//2615
f 2311//2286 2312//2531 2463//2274
f 2312//2531 2311//2286 471//487
f 2219//2616 2313//2132 2314//2270
f 470//543 2312//2531 471//487
f 2312//2531 2310//2615 2384//2275
f 2467//2617 2219//2616 2465//2276
f 2527//2133 2313//2132 2466//2618
f 2219//2616 2314//2270 2311//2286
f 2314//2270 2313//2132 2468//2532
f 2316//2457 2315//2171 2009//2174
f 2317//2172 2315//2171 2220//2458
f 2007//2619 2395//2160 2474//2620
f 2220//2458 2386//2537 2165//2483
f 2388//2485 2220//2458 2165//2483
f 2011//2187 2528//2482 2012//2405
f 2395//2160 2222//2536 2387//2621
f 2006//2123 2394//2153 2007//2619
f 2227//2542 2319//2288 461//763
f 2320//2317 2319//2288 2223//2538
f 2223//2538 2324//2348 2397//2347
f 2400//2281 2399//2280 2224//2540
f 2322//2395 2321//2397 458//594
f 2228//2399 2321//2397 2226//2396
f 457//595 456//566 2337//2299
f 2322//2395 2337//2299 2477//2622
f 2133//2623 2676//2624 2675//2625
f 2661//2626 2133//2623 2674//2627
f 2223//2538 2227//2542 2324//2348
f 2324//2348 2227//2542 2404//2543
f 2326//2181 2325//2194 2017//2182
f 2328//2197 2231//2196 2327//2544
f 2405//2474 2326//2181 2016//2183
f 2326//2181 2405//2474 2407//2480
f 2329//2472 2230//2214 2020//2213
f 2231//2196 2406//2479 2409//2178
f 2329//2472 2328//2197 2327//2544
f 2019//2471 2018//2195 2328//2197
f 2230//2214 2329//2472 2327//2544
f 2019//2471 2329//2472 2020//2213
f 2171//2206 2232//2210 2330//2207
f 2411//2546 2232//2210 2014//2209
f 2332//2284 2331//2283 465//980
f 2331//2283 2234//2285 2524//2549
f 2475//2282 463//590 2396//2287
f 2412//2541 2488//2628 2485//2629
f 2345//2318 2333//2320 453//603
f 2235//2313 2333//2320 2236//2319
f 2416//2570 2334//2423 2415//2411
f 2490//2630 2417//2497 2489//2415
f 2235//2313 2335//2298 455//565
f 2337//2299 2335//2298 2237//2314
f 2491//2498 2336//2494 2137//2416
f 2420//2492 2336//2494 2492//2499
f 2420//2492 2337//2299 2237//2314
f 2477//2622 2176//2414 2403//2413
f 2428//2328 2542//2566 2425//2329
f 2182//2232 2239//2336 2421//2418
f 2238//2220 2339//2335 2024//2218
f 2339//2335 2239//2336 2182//2232
f 2340//2502 2022//2503 2430//2350
f 2238//2220 2340//2502 2240//2217
f 2230//2214 2169//2545 2431//2403
f 2169//2545 2433//2473 2431//2403
f 2256//2324 2342//2340 2180//2322
f 450//959 2342//2340 451//667
f 450//959 449//739 2343//2505
f 2343//2505 449//739 2241//2331
f 2342//2340 2344//2495 451//667
f 2345//2318 2344//2495 2256//2324
f 452//666 2345//2318 453//603
f 2437//2569 2345//2318 2256//2324
f 2144//2135 2346//2303 2109//2302
f 2346//2303 2145//2255 2260//2205
f 2092//2164 2075//2161 2347//2574
f 2348//2163 2347//2574 2075//2161
f 2075//2161 2095//2067 2350//2162
f 2348//2163 2068//2192 2354//2191
f 2506//2571 2353//2573 2349//2631
f 2068//2192 2348//2163 2352//2575
f 2091//2063 2350//2162 2095//2067
f 2350//2162 2349//2631 2352//2575
f 2439//2632 2351//2062 2081//2167
f 2350//2162 2351//2062 2349//2631
f 2350//2162 2352//2575 2348//2163
f 2352//2575 2349//2631 2353//2573
f 2351//2062 2439//2632 2506//2571
f 2142//2425 2442//2128 2449//2127
f 2109//2302 2354//2191 2188//2193
f 2348//2163 2354//2191 2263//2301
f 2189//2239 2355//2241 2108//2248
f 2188//2193 2264//2310 2355//2241
f 2441//2633 2509//2634 2912//2635
f 2605//2636 2633//2637 2646//2638
f 2687//2257 2120//2252 2156//2221
f 2250//2509 2358//2085 2361//2510
f 2266//2511 2358//2085 2267//2343
f 2358//2085 2357//2087 2361//2510
f 2266//2511 2192//2427 2359//2086
f 2360//2256 2120//2252 2687//2257
f 2359//2086 2192//2427 2360//2256
f 2362//2253 2360//2256 2192//2427
f 2788//2268 2357//2087 2687//2257
f 2247//2508 2361//2510 2789//2269
f 2192//2427 2069//2169 2362//2253
f 2362//2253 2069//2169 2121//2168
f 2363//2432 2203//2431 2153//2258
f 2364//2517 2363//2432 2071//2152
f 2271//2246 2364//2517 2071//2152
f 2452//2578 2364//2517 2270//2289
f 2688//2577 2270//2289 2194//2225
f 2243//2559 2245//2554 2790//2555
f 2154//2434 2272//2433 2366//2512
f 2366//2512 2272//2433 2452//2578
f 2385//2134 2527//2133 2596//2516
f 2454//2266 2367//2639 2547//2640
f 2521//2584 2556//2641 2518//2585
f 2816//2642 2815//2643 2812//2644
f 2369//2368 2457//2462 2723//2534
f 2724//2645 2369//2368 2723//2534
f 2371//2521 2370//2073 2206//2072
f 2373//2440 2276//2059 2126//2437
f 2280//2060 2371//2521 2159//2069
f 2370//2073 2371//2521 2276//2059
f 2373//2440 2372//2439 2158//2071
f 2374//2102 2372//2439 2277//2522
f 2370//2073 2373//2440 2158//2071
f 2555//2646 2373//2440 2126//2437
f 2374//2102 2516//2647 2458//2098
f 2372//2439 2374//2102 2207//2093
f 2298//2587 2375//2061 2280//2060
f 2375//2061 2295//2605 2376//2435
f 2295//2605 2377//2600 2376//2435
f 2558//2648 2557//2649 2523//2436
f 2459//2589 2377//2600 2295//2605
f 2377//2600 2460//2599 2557//2649
f 2717//2594 2546//2597 2716//2650
f 2307//2445 2378//2446 2162//2595
f 2380//2372 2218//2278 468//659
f 2309//2374 2588//2491 2560//2467
f 468//659 467//573 2380//2372
f 2381//2373 2380//2372 467//573
f 2331//2283 2381//2373 466//574
f 2485//2629 2462//2614 2524//2549
f 2218//2278 2382//2271 469//660
f 2312//2531 2382//2271 2310//2615
f 2163//2277 2564//2651 2589//2652
f 2382//2271 2383//2353 2310//2615
f 2589//2652 2564//2651 2464//2653
f 2465//2276 2384//2275 2725//2451
f 2313//2132 2219//2616 2467//2617
f 2527//2133 2597//2654 2596//2516
f 2316//2457 2387//2621 2386//2537
f 2386//2537 2387//2621 2731//2655
f 2316//2457 2008//2533 2474//2620
f 2222//2536 2794//2656 2731//2655
f 2391//2484 2529//2147 2530//2657
f 2233//2185 2469//2481 2172//2547
f 2608//2658 2536//2659 2574//2660
f 2533//2661 2573//2662 2172//2547
f 2317//2172 2388//2485 2390//2461
f 2390//2461 2388//2485 2472//2459
f 2529//2147 2391//2484 2165//2483
f 2391//2484 2389//2663 2471//2460
f 2473//2535 2166//2438 2393//2664
f 2394//2153 2392//2154 2318//2159
f 2166//2438 2692//2665 2393//2664
f 2795//2666 2800//2667 2794//2656
f 2221//2122 2394//2153 2006//2123
f 2473//2535 2395//2160 2318//2159
f 2387//2621 2316//2457 2474//2620
f 2007//2619 2394//2153 2395//2160
f 2319//2288 2396//2287 462//589
f 2475//2282 2396//2287 2320//2317
f 2401//2668 2397//2347 2167//2349
f 2397//2347 2401//2668 2399//2280
f 2786//2469 2167//2349 2324//2348
f 2734//2669 2735//2670 2733//2671
f 2224//2540 2413//2672 2400//2281
f 2320//2317 2397//2347 2399//2280
f 2332//2284 2402//2548 2400//2281
f 464//671 2475//2282 2402//2548
f 2401//2668 2167//2349 2787//2673
f 2399//2280 2401//2668 2398//2539
f 465//980 2402//2548 2332//2284
f 2475//2282 464//671 463//590
f 2176//2414 2492//2499 2494//2674
f 2683//2675 2228//2399 2478//2501
f 2676//2624 2404//2543 2168//2398
f 2324//2348 2404//2543 2323//2470
f 2015//2211 2405//2474 2016//2183
f 2408//2676 2232//2210 2171//2206
f 2409//2178 2406//2479 2170//2478
f 2231//2196 2326//2181 2406//2479
f 2405//2474 2408//2676 2407//2480
f 2407//2480 2408//2676 2612//2677
f 2232//2210 2408//2676 2405//2474
f 2611//2678 2612//2677 2631//2679
f 2409//2178 2170//2478 2535//2179
f 2169//2545 2327//2544 2480//2680
f 2533//2661 2532//2406 2573//2662
f 2410//2358 2135//2681 2482//2477
f 2013//2184 2411//2546 2014//2209
f 2330//2207 2232//2210 2411//2546
f 2413//2672 2332//2284 2400//2281
f 2224//2540 2398//2539 2733//2671
f 2487//2682 2486//2683 2488//2628
f 2332//2284 2413//2672 2412//2541
f 2336//2494 2414//2417 2137//2416
f 2415//2411 2414//2417 2174//2550
f 2235//2313 2415//2411 2174//2550
f 2416//2570 2415//2411 2236//2319
f 2345//2318 2416//2570 2236//2319
f 2490//2630 2416//2570 2175//2684
f 2696//2568 2695//2685 2175//2684
f 2703//2332 2705//2686 2697//2687
f 2235//2313 2418//2493 2237//2314
f 2414//2417 2418//2493 2174//2550
f 2744//2688 2137//2416 2489//2415
f 2672//2689 2495//2412 2493//2690
f 2420//2492 2176//2414 2477//2622
f 2418//2493 2420//2492 2237//2314
f 2424//2691 2421//2418 2338//2552
f 2182//2232 2423//2419 2141//2231
f 2424//2691 2338//2552 2425//2329
f 2706//2692 2700//2562 2709//2693
f 2421//2418 2424//2691 2426//2422
f 2496//2227 2423//2419 2426//2422
f 2425//2329 2338//2552 2138//2330
f 2424//2691 2422//2567 2426//2422
f 2427//2694 2428//2328 2537//2695
f 2422//2567 2424//2691 2425//2329
f 2707//2696 2426//2422 2422//2567
f 2496//2227 2426//2422 2105//2697
f 2742//2698 2754//2496 2698//2699
f 2699//2700 2695//2685 2696//2568
f 2538//2701 2537//2695 2428//2328
f 2543//2702 2542//2566 2428//2328
f 2686//2551 2429//2504 2177//2216
f 2421//2418 2429//2504 2338//2552
f 2230//2214 2430//2350 2021//2212
f 2340//2502 2430//2350 2341//2351
f 2499//2703 2433//2473 2434//2475
f 2341//2351 2230//2214 2431//2403
f 2432//2704 2433//2473 2499//2703
f 2745//2705 2540//2706 2743//2707
f 2434//2475 2433//2473 2169//2545
f 2432//2704 2435//2708 2436//2404
f 2434//2475 2169//2545 2480//2680
f 2434//2475 2134//2476 2499//2703
f 2579//2709 2502//2710 2501//2711
f 2432//2704 2578//2712 2435//2708
f 2432//2704 2436//2404 2433//2473
f 2436//2404 2435//2708 2714//2553
f 2437//2569 2256//2324 2255//2323
f 2416//2570 2437//2569 2175//2684
f 2352//2575 2438//2576 2068//2192
f 2509//2634 2438//2576 2353//2573
f 2514//2362 2081//2167 2124//2075
f 2621//2713 2552//2714 2512//2715
f 2356//2716 2887//2717 2913//2119
f 2440//2718 2721//2120 2722//2719
f 2353//2573 2507//2572 2509//2634
f 2446//2118 2443//2126 2444//2720
f 2108//2248 2442//2128 2185//2125
f 2443//2126 2442//2128 2441//2633
f 2444//2720 2443//2126 2441//2633
f 2449//2127 2443//2126 2440//2718
f 2441//2633 2508//2311 2509//2634
f 2446//2118 2444//2720 2356//2716
f 2623//2721 2621//2713 2619//2722
f 2912//2635 2886//2723 2356//2716
f 2886//2723 2887//2717 2356//2716
f 2440//2718 2443//2126 2446//2118
f 2620//2724 2885//2725 2445//2726
f 2294//2527 2792//2606 2783//2604
f 2716//2650 2546//2597 2451//2727
f 2258//2141 2722//2719 2545//2528
f 2450//2507 2449//2127 2440//2718
f 2449//2127 2183//2117 2142//2425
f 2451//2727 2545//2528 2722//2719
f 2183//2117 2450//2507 2258//2141
f 2719//2728 2715//2729 2718//2730
f 2217//2596 2308//2359 2510//2529
f 2688//2577 2452//2578 2270//2289
f 2366//2512 2452//2578 2365//2513
f 2613//2731 2584//2732 2453//2265
f 2453//2265 2367//2639 2454//2266
f 2512//2715 2547//2640 2548//2733
f 2114//2077 2454//2266 2513//2363
f 2204//2582 2516//2647 2517//2518
f 2368//2611 2691//2734 2724//2645
f 2457//2462 2221//2122 2005//2121
f 2693//2367 2369//2368 2691//2734
f 2275//2384 2457//2462 2004//2385
f 2456//2166 2457//2462 2369//2368
f 2516//2647 2374//2102 2157//2735
f 2274//2355 2458//2098 2204//2582
f 2459//2589 2295//2605 2298//2587
f 2460//2599 2459//2589 2100//2449
f 2460//2599 2100//2449 2293//2365
f 2557//2649 2460//2599 2301//2613
f 2937//2736 2926//2737 2928//2738
f 2770//2739 2772//2740 2775//2741
f 2462//2614 2173//2742 2565//2489
f 2381//2373 2524//2549 2309//2374
f 2311//2286 2463//2274 2219//2616
f 2312//2531 2384//2275 2463//2274
f 2564//2651 2561//2468 2563//2743
f 2725//2451 2164//2453 2465//2276
f 2892//2744 2467//2617 2164//2453
f 2463//2274 2465//2276 2219//2616
f 2634//2375 2132//2377 2617//2745
f 2616//2746 2548//2733 2550//2747
f 2164//2453 2467//2617 2465//2276
f 2313//2132 2467//2617 2466//2618
f 2314//2270 2468//2532 473//890
f 2313//2132 2385//2134 2468//2532
f 2528//2482 2233//2185 2012//2405
f 2533//2661 2469//2481 2390//2461
f 2731//2655 2732//2145 2386//2537
f 2391//2484 2530//2657 2389//2663
f 2566//2748 2471//2460 2389//2663
f 2469//2481 2533//2661 2172//2547
f 2388//2485 2391//2484 2472//2459
f 2471//2460 2472//2459 2391//2484
f 2392//2154 2473//2535 2318//2159
f 2794//2656 2473//2535 2393//2664
f 2007//2619 2474//2620 2008//2533
f 2387//2621 2474//2620 2395//2160
f 2399//2280 2475//2282 2320//2317
f 2402//2548 2475//2282 2400//2281
f 2477//2622 2476//2500 2322//2395
f 2478//2501 2476//2500 2403//2413
f 2477//2622 2337//2299 2420//2492
f 2476//2500 2477//2622 2403//2413
f 2495//2412 2176//2414 2494//2674
f 2675//2625 2676//2624 2683//2675
f 2170//2478 2407//2480 2612//2677
f 2482//2477 2135//2681 2590//2749
f 2327//2544 2409//2178 2480//2680
f 2434//2475 2480//2680 2409//2178
f 2233//2185 2481//2357 2330//2207
f 2172//2547 2410//2358 2481//2357
f 2590//2749 2607//2750 2574//2660
f 2171//2206 2482//2477 2631//2679
f 2481//2357 2483//2208 2330//2207
f 2482//2477 2483//2208 2410//2358
f 2330//2207 2484//2186 2233//2185
f 2411//2546 2013//2184 2484//2186
f 2462//2614 2485//2629 2173//2742
f 2234//2285 2412//2541 2485//2629
f 2487//2682 2488//2628 2412//2541
f 2412//2541 2413//2672 2487//2682
f 2413//2672 2224//2540 2487//2682
f 2733//2671 2487//2682 2224//2540
f 2849//2751 2837//2752 2488//2628
f 2488//2628 2173//2742 2485//2629
f 2490//2630 2489//2415 2334//2423
f 2489//2415 2754//2496 2744//2688
f 2416//2570 2490//2630 2334//2423
f 2490//2630 2175//2684 2695//2685
f 2748//2753 2137//2416 2744//2688
f 2492//2499 2491//2498 2419//2754
f 2494//2674 2492//2499 2755//2755
f 2492//2499 2176//2414 2420//2492
f 2541//2756 2595//2757 2103//2758
f 2502//2710 2432//2704 2499//2703
f 2755//2755 2492//2499 2419//2754
f 2494//2674 2493//2690 2495//2412
f 2493//2690 2682//2759 2672//2689
f 2403//2413 2495//2412 2677//2760
f 2496//2227 2105//2697 2689//2761
f 2141//2231 2423//2419 2496//2227
f 2576//2762 2575//2763 2497//2764
f 2432//2704 2502//2710 2578//2712
f 2884//2765 2543//2702 2427//2694
f 2702//2563 2703//2332 2697//2687
f 2502//2710 2503//2766 2501//2711
f 2505//2767 2502//2710 2499//2703
f 2654//2768 2624//2769 2652//2770
f 2667//2771 2655//2772 2665//2773
f 2595//2757 2579//2709 2580//2774
f 2497//2764 2541//2756 2540//2706
f 2505//2767 2499//2703 2134//2476
f 2103//2758 2540//2706 2541//2756
f 2594//2775 2610//2776 2664//2777
f 2503//2766 2665//2773 2666//2778
f 2504//2779 2497//2764 2575//2763
f 2502//2710 2504//2779 2578//2712
f 2505//2767 2134//2476 2946//2780
f 2502//2710 2505//2767 2503//2766
f 2351//2062 2506//2571 2349//2631
f 2507//2572 2506//2571 2439//2632
f 2623//2721 2439//2632 2551//2781
f 2507//2572 2445//2726 2509//2634
f 2509//2634 2508//2311 2264//2310
f 2442//2128 2508//2311 2441//2633
f 2509//2634 2264//2310 2438//2576
f 2509//2634 2445//2726 2912//2635
f 2258//2141 2510//2529 2057//2530
f 2510//2529 2545//2528 2546//2597
f 2196//2260 2511//2267 2114//2077
f 2453//2265 2511//2267 2152//2272
f 2621//2713 2622//2782 2650//2783
f 2551//2781 2439//2632 2081//2167
f 2553//2784 2454//2266 2547//2640
f 2513//2363 2552//2714 2551//2781
f 2114//2077 2514//2362 2124//2075
f 2551//2781 2514//2362 2513//2363
f 2517//2518 2515//2520 2204//2582
f 2723//2534 2515//2520 2455//2519
f 2516//2647 2157//2735 2517//2518
f 2204//2582 2458//2098 2516//2647
f 2520//2583 2517//2518 2157//2735
f 2455//2519 2517//2518 2519//2612
f 2520//2583 2157//2735 2554//2586
f 2899//2785 2901//2786 2941//2787
f 2520//2583 2519//2612 2517//2518
f 2518//2585 2901//2786 2899//2785
f 2520//2583 2554//2586 2521//2584
f 2520//2583 2518//2585 2902//2788
f 2373//2440 2555//2646 2277//2522
f 2558//2648 2376//2435 2377//2600
f 2927//2789 2937//2736 2928//2738
f 2901//2786 2556//2641 2461//2790
f 2586//2791 2587//2792 2556//2641
f 2523//2436 2586//2791 2555//2646
f 2331//2283 2524//2549 2381//2373
f 2485//2629 2524//2549 2234//2285
f 2836//2486 2837//2752 2849//2751
f 2825//2379 2801//2793 2815//2643
f 2589//2652 2310//2615 2383//2353
f 2725//2451 2526//2450 2464//2653
f 2582//2794 2606//2795 2597//2654
f 2615//2429 475//476 2598//2515
f 2317//2172 2528//2482 2011//2187
f 2233//2185 2528//2482 2469//2481
f 2732//2145 2529//2147 2165//2483
f 2530//2657 2529//2147 2470//2796
f 2531//2797 2470//2796 2798//2464
f 2531//2797 2530//2657 2470//2796
f 2531//2797 2130//2798 2569//2799
f 2531//2797 2569//2799 2570//2800
f 2570//2800 2572//2407 2389//2663
f 2410//2358 2573//2662 2135//2681
f 2390//2461 2471//2460 2533//2661
f 2533//2661 2471//2460 2566//2748
f 2409//2178 2534//2177 2434//2475
f 2669//2381 2534//2177 2479//2382
f 2632//2383 2535//2179 2170//2478
f 2534//2177 2535//2179 2479//2382
f 2608//2658 2643//2801 2536//2659
f 2611//2678 2482//2477 2590//2749
f 2538//2701 2428//2328 2138//2330
f 2540//2706 2537//2695 2497//2764
f 2138//2330 2539//2802 2576//2762
f 2497//2764 2537//2695 2538//2701
f 2539//2802 2138//2330 2686//2551
f 2539//2802 2714//2553 2577//2803
f 2541//2756 2497//2764 2504//2779
f 2540//2706 2103//2758 2743//2707
f 2504//2779 2579//2709 2541//2756
f 2503//2766 2666//2778 2501//2711
f 2543//2702 2428//2328 2427//2694
f 2542//2566 2498//2334 2704//2333
f 2884//2765 2742//2698 2544//2804
f 2498//2334 2542//2566 2543//2702
f 2417//2497 2490//2630 2695//2685
f 2543//2702 2544//2804 2705//2686
f 2722//2719 2258//2141 2450//2507
f 2546//2597 2545//2528 2451//2727
f 2718//2730 2162//2595 2717//2594
f 2217//2596 2510//2529 2546//2597
f 2548//2733 2547//2640 2367//2639
f 2512//2715 2552//2714 2553//2784
f 2613//2731 2583//2455 2584//2732
f 2548//2733 2273//2805 2622//2782
f 2601//2806 2527//2133 2466//2618
f 2616//2746 2603//2807 2605//2636
f 2756//2454 2548//2733 2367//2639
f 2550//2747 2602//2456 2603//2807
f 2514//2362 2551//2781 2081//2167
f 2513//2363 2553//2784 2552//2714
f 2622//2782 2273//2805 2642//2808
f 2551//2781 2552//2714 2623//2721
f 2454//2266 2553//2784 2513//2363
f 2512//2715 2553//2784 2547//2640
f 2374//2102 2554//2586 2157//2735
f 2555//2646 2554//2586 2277//2522
f 2523//2436 2555//2646 2126//2437
f 2554//2586 2555//2646 2521//2584
f 2521//2584 2586//2791 2556//2641
f 2523//2436 2587//2792 2586//2791
f 2557//2649 2301//2613 2938//2809
f 2523//2436 2557//2649 2522//2810
f 2557//2649 2558//2648 2377//2600
f 2523//2436 2376//2435 2558//2648
f 2562//2811 2129//2812 2561//2468
f 2379//2279 2560//2467 2163//2277
f 2309//2374 2560//2467 2379//2279
f 2561//2468 2560//2467 2559//2490
f 2562//2811 2561//2468 2559//2490
f 2561//2468 2129//2812 2563//2743
f 2559//2490 2525//2813 2562//2811
f 2562//2811 2525//2813 2833//2814
f 2727//2815 2563//2743 2858//2816
f 2564//2651 2563//2743 2464//2653
f 2464//2653 2526//2450 2589//2652
f 2561//2468 2564//2651 2163//2277
f 2837//2752 2839//2488 2173//2742
f 2559//2490 2565//2489 2525//2813
f 2572//2407 2566//2748 2389//2663
f 2533//2661 2566//2748 2532//2406
f 2570//2800 2530//2657 2531//2797
f 2570//2800 2389//2663 2530//2657
f 2804//2386 2130//2798 2798//2464
f 2881//2817 2876//2818 2738//2819
f 2804//2386 2904//2820 2130//2798
f 2569//2799 2568//2821 2570//2800
f 2568//2821 2571//2822 2570//2800
f 2532//2406 2566//2748 2572//2407
f 2910//2823 2571//2822 2568//2821
f 2571//2822 2567//2824 2592//2825
f 2570//2800 2571//2822 2572//2407
f 2625//2826 2592//2825 2567//2824
f 2172//2547 2573//2662 2410//2358
f 2532//2406 2135//2681 2573//2662
f 2592//2825 2591//2827 2593//2408
f 2610//2776 2574//2660 2536//2659
f 2576//2762 2497//2764 2538//2701
f 2575//2763 2576//2762 2577//2803
f 2138//2330 2576//2762 2538//2701
f 2577//2803 2576//2762 2539//2802
f 2539//2802 2741//2215 2714//2553
f 2578//2712 2577//2803 2435//2708
f 2504//2779 2575//2763 2578//2712
f 2578//2712 2575//2763 2577//2803
f 2502//2710 2579//2709 2504//2779
f 2580//2774 2579//2709 2501//2711
f 2670//2828 2684//2829 2500//2830
f 2747//2831 2746//2832 2103//2758
f 2603//2807 2602//2456 2549//2833
f 2598//2515 474//475 2385//2134
f 2764//2834 2635//2835 2891//2836
f 2764//2834 2582//2794 2601//2806
f 2584//2732 2367//2639 2453//2265
f 2757//2837 2599//2838 2602//2456
f 2613//2731 2453//2265 2198//2273
f 2756//2454 2584//2732 2583//2455
f 2603//2807 2549//2833 2604//2839
f 2273//2805 2548//2733 2616//2746
f 2555//2646 2586//2791 2521//2584
f 2587//2792 2523//2436 2522//2810
f 2943//2840 2557//2649 2935//2841
f 2461//2790 2556//2641 2587//2792
f 2565//2489 2588//2491 2462//2614
f 2560//2467 2588//2491 2559//2490
f 2310//2615 2589//2652 2526//2450
f 2163//2277 2589//2652 2383//2353
f 2607//2750 2590//2749 2135//2681
f 2611//2678 2590//2749 2574//2660
f 2624//2769 2643//2801 2644//2842
f 2607//2750 2608//2658 2574//2660
f 2591//2827 2607//2750 2593//2408
f 2572//2407 2571//2822 2592//2825
f 2532//2406 2593//2408 2135//2681
f 2572//2407 2592//2825 2593//2408
f 2663//2843 2664//2777 2536//2659
f 2632//2383 2170//2478 2612//2677
f 2579//2709 2595//2757 2541//2756
f 2595//2757 2580//2774 2747//2831
f 2527//2133 2601//2806 2597//2654
f 2596//2516 2581//2844 2598//2515
f 2606//2795 2599//2838 2597//2654
f 2581//2844 2596//2516 2597//2654
f 2615//2429 2581//2844 2600//2845
f 475//476 474//475 2598//2515
f 2599//2838 2549//2833 2602//2456
f 2581//2844 2597//2654 2599//2838
f 2757//2837 2600//2845 2581//2844
f 2614//2430 2198//2273 476//507
f 2764//2834 2601//2806 2466//2618
f 2597//2654 2601//2806 2582//2794
f 2756//2454 2602//2456 2550//2747
f 2602//2456 2583//2455 2757//2837
f 2599//2838 2606//2795 2549//2833
f 2585//2846 2633//2637 2603//2807
f 2636//2847 2638//2848 2891//2836
f 2603//2807 2604//2839 2638//2848
f 2633//2637 2634//2375 2617//2745
f 2633//2637 2617//2745 2646//2638
f 2582//2794 2604//2839 2606//2795
f 2549//2833 2606//2795 2604//2839
f 2593//2408 2607//2750 2135//2681
f 2607//2750 2591//2827 2608//2658
f 2643//2801 2591//2827 2609//2410
f 2591//2827 2643//2801 2608//2658
f 2591//2827 2625//2826 2609//2410
f 2609//2410 2625//2826 2627//2409
f 2664//2777 2610//2776 2536//2659
f 2611//2678 2610//2776 2594//2775
f 2610//2776 2611//2678 2574//2660
f 2632//2383 2612//2677 2611//2678
f 2631//2679 2408//2676 2171//2206
f 2611//2678 2594//2775 2632//2383
f 2614//2430 2613//2731 2198//2273
f 2613//2731 2600//2845 2757//2837
f 475//476 2614//2430 476//507
f 2613//2731 2614//2430 2600//2845
f 2581//2844 2615//2429 2598//2515
f 2614//2430 2615//2429 2600//2845
f 2603//2807 2616//2746 2550//2747
f 2648//2849 2616//2746 2605//2636
f 2767//2579 2641//2850 2647//2851
f 2641//2850 2646//2638 2662//2852
f 2917//2853 2913//2119 2887//2717
f 2646//2638 2641//2850 2648//2849
f 2885//2725 2886//2723 2912//2635
f 2620//2724 2445//2726 2507//2572
f 2439//2632 2620//2724 2507//2572
f 2620//2724 2619//2722 2888//2854
f 2622//2782 2621//2713 2512//2715
f 2623//2721 2619//2722 2620//2724
f 2548//2733 2622//2782 2512//2715
f 2648//2849 2642//2808 2273//2805
f 2439//2632 2623//2721 2620//2724
f 2552//2714 2621//2713 2623//2721
f 2624//2769 2644//2842 2652//2770
f 2663//2843 2536//2659 2624//2769
f 2592//2825 2625//2826 2591//2827
f 2889//2855 2626//2466 2890//2856
f 2911//2857 2907//2293 2909//2295
f 2735//2670 2734//2669 2136//2858
f 2567//2824 2627//2409 2625//2826
f 2628//2304 2627//2409 2626//2466
f 2761//2305 2759//2859 2760//2860
f 2628//2304 2102//2306 2644//2842
f 2738//2819 2136//2858 2734//2669
f 2660//2861 2787//2673 2786//2469
f 2658//2862 2661//2626 2656//2863
f 2665//2773 2670//2828 2500//2830
f 2611//2678 2631//2679 2482//2477
f 2408//2676 2631//2679 2612//2677
f 2669//2381 2632//2383 2594//2775
f 2535//2179 2632//2383 2479//2382
f 2603//2807 2633//2637 2605//2636
f 2634//2375 2633//2637 2585//2846
f 2582//2794 2764//2834 2891//2836
f 2585//2846 2636//2847 2634//2375
f 2729//2452 2725//2451 2866//2864
f 2634//2375 2640//2865 2639//2376
f 2638//2848 2636//2847 2585//2846
f 2640//2865 2636//2847 2635//2835
f 2893//2866 2764//2834 2892//2744
f 2821//2867 2831//2868 2822//2869
f 2603//2807 2638//2848 2585//2846
f 2891//2836 2604//2839 2582//2794
f 2640//2865 2634//2375 2636//2847
f 2637//2870 2945//2871 2906//2872
f 2635//2835 2894//2873 2871//2874
f 2639//2376 2640//2865 2637//2870
f 2662//2852 2617//2745 2132//2377
f 2642//2808 2649//2581 2915//2875
f 2649//2581 2642//2808 2641//2850
f 2619//2722 2650//2783 2642//2808
f 2644//2842 2643//2801 2609//2410
f 2536//2659 2643//2801 2624//2769
f 2628//2304 2644//2842 2609//2410
f 2652//2770 2644//2842 2102//2306
f 2653//2345 2652//2770 2102//2306
f 2653//2345 2630//2876 2657//2877
f 2646//2638 2617//2745 2662//2852
f 2648//2849 2641//2850 2642//2808
f 2647//2851 2662//2852 2766//2878
f 2769//2879 2767//2579 2647//2851
f 2616//2746 2648//2849 2273//2805
f 2646//2638 2648//2849 2605//2636
f 2767//2579 2649//2581 2641//2850
f 2649//2581 2618//2580 2915//2875
f 2621//2713 2650//2783 2619//2722
f 2622//2782 2642//2808 2650//2783
f 2654//2768 2645//2344 2655//2772
f 2946//2780 2667//2771 2503//2766
f 2653//2345 2102//2306 2630//2876
f 2654//2768 2652//2770 2645//2344
f 2658//2862 2657//2877 2630//2876
f 2645//2344 2652//2770 2653//2345
f 2668//2880 2670//2828 2645//2344
f 2654//2768 2651//2881 2663//2843
f 2655//2772 2670//2828 2665//2773
f 2651//2881 2654//2768 2655//2772
f 2682//2759 2753//2882 2681//2883
f 2657//2877 2659//2346 2653//2345
f 2630//2876 2760//2860 2658//2862
f 2657//2877 2656//2863 2659//2346
f 2629//2884 2739//2885 2658//2862
f 2656//2863 2657//2877 2658//2862
f 2673//2886 2674//2627 2133//2623
f 2645//2344 2659//2346 2668//2880
f 2739//2885 2740//2887 2736//2888
f 2323//2470 2676//2624 2678//2889
f 2658//2862 2660//2861 2661//2626
f 2678//2889 2661//2626 2660//2861
f 2906//2872 2766//2878 2132//2377
f 2662//2852 2647//2851 2641//2850
f 2654//2768 2663//2843 2624//2769
f 2663//2843 2651//2881 2664//2777
f 2946//2780 2651//2881 2667//2771
f 2134//2476 2534//2177 2669//2381
f 2665//2773 2500//2830 2666//2778
f 2667//2771 2665//2773 2503//2766
f 2750//2890 2666//2778 2500//2830
f 2580//2774 2501//2711 2666//2778
f 2503//2766 2505//2767 2946//2780
f 2651//2881 2655//2772 2667//2771
f 2680//2891 2668//2880 2659//2346
f 2750//2890 2500//2830 2684//2829
f 2594//2775 2664//2777 2669//2381
f 2669//2381 2664//2777 2946//2780
f 2645//2344 2670//2828 2655//2772
f 2684//2829 2670//2828 2668//2880
f 2674//2627 2659//2346 2656//2863
f 2675//2625 2672//2689 2673//2886
f 2673//2886 2672//2689 2671//2892
f 2677//2760 2672//2689 2675//2625
f 2674//2627 2673//2886 2671//2892
f 2675//2625 2673//2886 2133//2623
f 2674//2627 2671//2892 2680//2891
f 2674//2627 2656//2863 2661//2626
f 2678//2889 2676//2624 2133//2623
f 2675//2625 2478//2501 2677//2760
f 2404//2543 2676//2624 2323//2470
f 2683//2675 2676//2624 2168//2398
f 2403//2413 2677//2760 2478//2501
f 2495//2412 2672//2689 2677//2760
f 2661//2626 2678//2889 2133//2623
f 2678//2889 2660//2861 2786//2469
f 2668//2880 2680//2891 2681//2883
f 2679//2893 2751//2402 2749//2401
f 2674//2627 2680//2891 2659//2346
f 2681//2883 2680//2891 2671//2892
f 2682//2759 2681//2883 2671//2892
f 2681//2883 2679//2893 2684//2829
f 2672//2689 2682//2759 2671//2892
f 2493//2690 2751//2402 2753//2882
f 2228//2399 2683//2675 2168//2398
f 2675//2625 2683//2675 2478//2501
f 2681//2883 2684//2829 2668//2880
f 2679//2893 2749//2401 2750//2890
f 2069//2169 2110//2262 2685//2176
f 2112//2228 2685//2176 2110//2262
f 2686//2551 2177//2216 2741//2215
f 2138//2330 2338//2552 2686//2551
f 2202//2244 2687//2257 2070//2056
f 2788//2268 2687//2257 2154//2434
f 2194//2225 2689//2761 2688//2577
f 2708//2894 2105//2697 2711//2895
f 2496//2227 2689//2761 2194//2225
f 2708//2894 2689//2761 2105//2697
f 2708//2894 2365//2513 2688//2577
f 2704//2333 2706//2692 2707//2696
f 2131//2389 2692//2665 2694//2390
f 2694//2390 2692//2665 2693//2367
f 2693//2367 2692//2665 2166//2438
f 2796//2896 2131//2389 2795//2666
f 2456//2166 2693//2367 2166//2438
f 2694//2390 2693//2367 2691//2734
f 2368//2611 2811//2897 2691//2734
f 2811//2897 2898//2898 2900//2899
f 2699//2700 2140//2564 2697//2687
f 2742//2698 2698//2699 2544//2804
f 2437//2569 2696//2568 2175//2684
f 2699//2700 2696//2568 2252//2565
f 2697//2687 2140//2564 2702//2563
f 2698//2699 2697//2687 2544//2804
f 2417//2497 2695//2685 2698//2699
f 2698//2699 2695//2685 2699//2700
f 2140//2564 2699//2700 2252//2565
f 2698//2699 2699//2700 2697//2687
f 2140//2564 2249//2325 2701//2561
f 2426//2422 2707//2696 2105//2697
f 2249//2325 2243//2559 2701//2561
f 2690//2900 2712//2560 2713//2901
f 2701//2561 2702//2563 2140//2564
f 2703//2332 2702//2563 2700//2562
f 2704//2333 2703//2332 2700//2562
f 2703//2332 2498//2334 2705//2686
f 2704//2333 2700//2562 2706//2692
f 2704//2333 2422//2567 2542//2566
f 2543//2702 2705//2686 2498//2334
f 2697//2687 2705//2686 2544//2804
f 2709//2693 2700//2562 2701//2561
f 2791//2556 2712//2560 2690//2900
f 2704//2333 2707//2696 2422//2567
f 2707//2696 2706//2692 2711//2895
f 2708//2894 2688//2577 2689//2761
f 2706//2692 2709//2693 2713//2901
f 2710//2902 2709//2693 2701//2561
f 2710//2902 2713//2901 2709//2693
f 2701//2561 2243//2559 2710//2902
f 2790//2555 2710//2902 2243//2559
f 2707//2696 2711//2895 2105//2697
f 2706//2692 2708//2894 2711//2895
f 2365//2513 2708//2894 2712//2560
f 2708//2894 2706//2692 2713//2901
f 2690//2900 2713//2901 2710//2902
f 2708//2894 2713//2901 2712//2560
f 2436//2404 2714//2553 2341//2351
f 2577//2803 2714//2553 2435//2708
f 2785//2903 2771//2904 2896//2905
f 2715//2729 2782//2906 2783//2604
f 2448//2907 2720//2908 2451//2727
f 2720//2908 2447//2909 2719//2728
f 2217//2596 2717//2594 2378//2446
f 2718//2730 2717//2594 2716//2650
f 2719//2728 2718//2730 2716//2650
f 2718//2730 2715//2729 2792//2606
f 2720//2908 2719//2728 2716//2650
f 2719//2728 2447//2909 2781//2910
f 2451//2727 2720//2908 2716//2650
f 2720//2908 2448//2907 2917//2853
f 2446//2118 2721//2120 2440//2718
f 2448//2907 2451//2727 2721//2120
f 2440//2718 2722//2719 2450//2507
f 2451//2727 2722//2719 2721//2120
f 2515//2520 2723//2534 2275//2384
f 2724//2645 2723//2534 2455//2519
f 2368//2611 2724//2645 2455//2519
f 2369//2368 2724//2645 2691//2734
f 2727//2815 2464//2653 2563//2743
f 2727//2815 2725//2451 2464//2653
f 2858//2816 2832//2911 2847//2912
f 2877//2913 2864//2914 2846//2915
f 2858//2816 2563//2743 2129//2812
f 2725//2451 2727//2815 2726//2916
f 2847//2912 2857//2917 2726//2916
f 2893//2866 2868//2918 2873//2919
f 2866//2864 2725//2451 2726//2916
f 2893//2866 2729//2452 2728//2920
f 2473//2535 2794//2656 2222//2536
f 2795//2666 2794//2656 2393//2664
f 2222//2536 2731//2655 2387//2621
f 2732//2145 2731//2655 2730//2921
f 2732//2145 2730//2921 2799//2146
f 2386//2537 2732//2145 2165//2483
f 2733//2671 2398//2539 2734//2669
f 2487//2682 2733//2671 2486//2683
f 2736//2888 2734//2669 2398//2539
f 2740//2887 2738//2819 2736//2888
f 2136//2858 2875//2922 2735//2670
f 2486//2683 2733//2671 2735//2670
f 2398//2539 2401//2668 2787//2673
f 2658//2862 2739//2885 2660//2861
f 2760//2860 2759//2859 2629//2884
f 2763//2465 2881//2817 2759//2859
f 2736//2888 2738//2819 2734//2669
f 2738//2819 2737//2923 2881//2817
f 2740//2887 2739//2885 2629//2884
f 2739//2885 2736//2888 2787//2673
f 2759//2859 2740//2887 2629//2884
f 2738//2819 2740//2887 2737//2923
f 2714//2553 2741//2215 2240//2217
f 2686//2551 2741//2215 2539//2802
f 2427//2694 2537//2695 2745//2705
f 2743//2707 2103//2758 2746//2832
f 2746//2832 2744//2688 2742//2698
f 2742//2698 2884//2765 2745//2705
f 2746//2832 2742//2698 2743//2707
f 2748//2753 2491//2498 2137//2416
f 2540//2706 2745//2705 2537//2695
f 2742//2698 2745//2705 2743//2707
f 2103//2758 2595//2757 2747//2831
f 2491//2498 2748//2753 2419//2754
f 2749//2401 2747//2831 2580//2774
f 2746//2832 2752//2400 2748//2753
f 2744//2688 2746//2832 2748//2753
f 2752//2400 2746//2832 2747//2831
f 2750//2890 2749//2401 2580//2774
f 2753//2882 2751//2402 2679//2893
f 2750//2890 2580//2774 2666//2778
f 2679//2893 2750//2890 2684//2829
f 2755//2755 2493//2690 2494//2674
f 2751//2402 2419//2754 2752//2400
f 2752//2400 2747//2831 2749//2401
f 2419//2754 2748//2753 2752//2400
f 2681//2883 2753//2882 2679//2893
f 2493//2690 2753//2882 2682//2759
f 2698//2699 2754//2496 2417//2497
f 2742//2698 2744//2688 2754//2496
f 2419//2754 2751//2402 2755//2755
f 2493//2690 2755//2755 2751//2402
f 2548//2733 2756//2454 2550//2747
f 2584//2732 2756//2454 2367//2639
f 2599//2838 2757//2837 2581//2844
f 2613//2731 2757//2837 2583//2455
f 2914//2924 2758//2925 2915//2875
f 2447//2909 2917//2853 2916//2926
f 2759//2859 2761//2305 2763//2465
f 2740//2887 2759//2859 2737//2923
f 2658//2862 2760//2860 2629//2884
f 2761//2305 2760//2860 2630//2876
f 2102//2306 2761//2305 2630//2876
f 2626//2466 2761//2305 2628//2304
f 2627//2409 2890//2856 2626//2466
f 2854//2927 2842//2928 2904//2820
f 2889//2855 2763//2465 2626//2466
f 2763//2465 2762//2929 2881//2817
f 2466//2618 2892//2744 2764//2834
f 2164//2453 2729//2452 2893//2866
f 2906//2872 2132//2377 2639//2376
f 2906//2872 2765//2930 2766//2878
f 2132//2377 2766//2878 2662//2852
f 2770//2739 2769//2879 2647//2851
f 2766//2878 2765//2930 2770//2739
f 2774//2931 2769//2879 2773//2932
f 2770//2739 2775//2741 2768//2933
f 2768//2933 2773//2932 2769//2879
f 2770//2739 2647//2851 2766//2878
f 2768//2933 2775//2741 2780//2934
f 2772//2740 2770//2739 2765//2930
f 2768//2933 2769//2879 2770//2739
f 2887//2717 2914//2924 2916//2926
f 2767//2579 2774//2931 2618//2580
f 2926//2737 2765//2930 2925//2603
f 2772//2740 2296//2935 2775//2741
f 2896//2905 2768//2933 2780//2934
f 2773//2932 2771//2904 2774//2931
f 2774//2931 2767//2579 2769//2879
f 2914//2924 2774//2931 2771//2904
f 2296//2935 2776//2610 2775//2741
f 2776//2610 2779//2591 2775//2741
f 2937//2736 2296//2935 2926//2737
f 2778//2590 2299//2592 2300//2366
f 2719//2728 2781//2910 2782//2906
f 2780//2934 2775//2741 2779//2591
f 2289//2593 2778//2590 2300//2366
f 2779//2591 2778//2590 2777//2936
f 2777//2936 2780//2934 2779//2591
f 2299//2592 2779//2591 2776//2610
f 2781//2910 2780//2934 2777//2936
f 2785//2903 2896//2905 2781//2910
f 2782//2906 2781//2910 2777//2936
f 2785//2903 2781//2910 2447//2909
f 2777//2936 2778//2590 2784//2607
f 2719//2728 2782//2906 2715//2729
f 2782//2906 2777//2936 2784//2607
f 2783//2604 2784//2607 2895//2598
f 2289//2593 2784//2607 2778//2590
f 2782//2906 2784//2607 2783//2604
f 2916//2926 2785//2903 2447//2909
f 2896//2905 2771//2904 2773//2932
f 2678//2889 2786//2469 2323//2470
f 2660//2861 2739//2885 2787//2673
f 2787//2673 2736//2888 2398//2539
f 2167//2349 2786//2469 2787//2673
f 2366//2512 2788//2268 2154//2434
f 2789//2269 2788//2268 2066//2514
f 2789//2269 2066//2514 2791//2556
f 2357//2087 2789//2269 2361//2510
f 2791//2556 2790//2555 2247//2508
f 2710//2902 2790//2555 2690//2900
f 2712//2560 2791//2556 2066//2514
f 2790//2555 2791//2556 2690//2900
f 2718//2730 2792//2606 2162//2595
f 2783//2604 2792//2606 2715//2729
f 2793//2937 2832//2911 2828//2938
f 2845//2939 2877//2913 2831//2868
f 2393//2664 2692//2665 2796//2896
f 2731//2655 2794//2656 2730//2921
f 2813//2940 2815//2643 2817//2941
f 2797//2463 2804//2386 2798//2464
f 2131//2389 2796//2896 2692//2665
f 2795//2666 2393//2664 2796//2896
f 2730//2921 2800//2667 2797//2463
f 2806//2942 2800//2667 2795//2666
f 2531//2797 2798//2464 2130//2798
f 2799//2146 2798//2464 2470//2796
f 2799//2146 2470//2796 2529//2147
f 2730//2921 2797//2463 2799//2146
f 2794//2656 2800//2667 2730//2921
f 2805//2387 2817//2941 2802//2388
f 2819//2380 2816//2642 2101//2943
f 2824//2378 2853//2944 2852//2945
f 2805//2387 2797//2463 2800//2667
f 2801//2793 2824//2378 2852//2945
f 2806//2942 2795//2666 2807//2946
f 2803//2947 2806//2942 2807//2946
f 2805//2387 2804//2386 2797//2463
f 2904//2820 2804//2386 2802//2388
f 2806//2942 2805//2387 2800//2667
f 2817//2941 2805//2387 2803//2947
f 2807//2946 2795//2666 2131//2389
f 2805//2387 2806//2942 2803//2947
f 2810//2391 2814//2948 2131//2389
f 2803//2947 2807//2946 2813//2940
f 2809//2949 2811//2897 2900//2899
f 2919//2950 2918//2951 2923//2952
f 2810//2391 2694//2390 2811//2897
f 2814//2948 2820//2953 2826//2954
f 2694//2390 2691//2734 2811//2897
f 2810//2391 2809//2949 2814//2948
f 2898//2898 2811//2897 2368//2611
f 2809//2949 2810//2391 2811//2897
f 2813//2940 2807//2946 2814//2948
f 2822//2869 2826//2954 2821//2867
f 2131//2389 2814//2948 2807//2946
f 2815//2643 2813//2940 2812//2644
f 2820//2953 2814//2948 2809//2949
f 2812//2644 2813//2940 2814//2948
f 2822//2869 2812//2644 2826//2954
f 2817//2941 2815//2643 2801//2793
f 2828//2938 2819//2380 2823//2955
f 2825//2379 2824//2378 2801//2793
f 2802//2388 2817//2941 2801//2793
f 2813//2940 2817//2941 2803//2947
f 2818//2956 2819//2380 2828//2938
f 2836//2486 2838//2957 2850//2958
f 2823//2955 2819//2380 2101//2943
f 2819//2380 2818//2956 2824//2378
f 2900//2899 2820//2953 2809//2949
f 2820//2953 2808//2959 2821//2867
f 2844//2960 2821//2867 2808//2959
f 2816//2642 2822//2869 2101//2943
f 2812//2644 2822//2869 2816//2642
f 2821//2867 2844//2960 2831//2868
f 2101//2943 2831//2868 2846//2915
f 2823//2955 2793//2937 2828//2938
f 2855//2961 2824//2378 2818//2956
f 2569//2799 2842//2928 2911//2857
f 2815//2643 2816//2642 2825//2379
f 2819//2380 2825//2379 2816//2642
f 2814//2948 2826//2954 2812//2644
f 2820//2953 2821//2867 2826//2954
f 2920//2962 2918//2951 2830//2963
f 2640//2865 2871//2874 2637//2870
f 2793//2937 2847//2912 2832//2911
f 2833//2814 2835//2964 2832//2911
f 2835//2964 2848//2965 2828//2938
f 2883//2966 2882//2967 2876//2818
f 2931//2968 2932//2969 2942//2970
f 2822//2869 2831//2868 2101//2943
f 2845//2939 2830//2963 2919//2950
f 2830//2963 2845//2939 2831//2868
f 2833//2814 2129//2812 2562//2811
f 2851//2971 2525//2813 2840//2487
f 2833//2814 2851//2971 2835//2964
f 2129//2812 2833//2814 2832//2911
f 2565//2489 2839//2488 2525//2813
f 2834//2972 2850//2958 2861//2973
f 2848//2965 2835//2964 2834//2972
f 2828//2938 2832//2911 2835//2964
f 2488//2628 2837//2752 2173//2742
f 2838//2957 2849//2751 2735//2670
f 2849//2751 2488//2628 2486//2683
f 2837//2752 2836//2486 2839//2488
f 2874//2974 2860//2975 2882//2967
f 2859//2976 2850//2958 2834//2972
f 2839//2488 2565//2489 2173//2742
f 2836//2486 2859//2976 2840//2487
f 2851//2971 2834//2972 2835//2964
f 2525//2813 2839//2488 2840//2487
f 2829//2977 2874//2974 2882//2967
f 2852//2945 2854//2927 2801//2793
f 2904//2820 2569//2799 2130//2798
f 2880//2294 2907//2293 2908//2978
f 2855//2961 2848//2965 2843//2979
f 2908//2978 2853//2944 2843//2979
f 2920//2962 2844//2960 2808//2959
f 2831//2868 2844//2960 2830//2963
f 2862//2980 2845//2939 2827//2981
f 2846//2915 2823//2955 2101//2943
f 2864//2914 2877//2913 2862//2980
f 2823//2955 2846//2915 2878//2982
f 2793//2937 2823//2955 2878//2982
f 2858//2816 2847//2912 2726//2916
f 2848//2965 2834//2972 2861//2973
f 2828//2938 2848//2965 2818//2956
f 2735//2670 2849//2751 2486//2683
f 2836//2486 2849//2751 2838//2957
f 2860//2975 2850//2958 2838//2957
f 2850//2958 2874//2974 2861//2973
f 2525//2813 2851//2971 2833//2814
f 2834//2972 2851//2971 2840//2487
f 2824//2378 2855//2961 2853//2944
f 2854//2927 2852//2945 2841//2983
f 2908//2978 2843//2979 2829//2977
f 2841//2983 2852//2945 2853//2944
f 2842//2928 2854//2927 2841//2983
f 2801//2793 2854//2927 2802//2388
f 2848//2965 2855//2961 2818//2956
f 2853//2944 2855//2961 2843//2979
f 2879//2984 2862//2980 2865//2985
f 2866//2864 2857//2917 2728//2920
f 2867//2986 2847//2912 2793//2937
f 2868//2918 2857//2917 2869//2987
f 2727//2815 2858//2816 2726//2916
f 2832//2911 2858//2816 2129//2812
f 2840//2487 2859//2976 2834//2972
f 2836//2486 2850//2958 2859//2976
f 2838//2957 2875//2922 2860//2975
f 2883//2966 2876//2818 2881//2817
f 2829//2977 2843//2979 2861//2973
f 2848//2965 2861//2973 2843//2979
f 2865//2985 2862//2980 2827//2981
f 2862//2980 2856//2988 2864//2914
f 2918//2951 2903//2989 2923//2952
f 2871//2874 2872//2990 2637//2870
f 2869//2987 2856//2988 2868//2918
f 2867//2986 2857//2917 2847//2912
f 2923//2952 2827//2981 2919//2950
f 2863//2991 2872//2990 2879//2984
f 2729//2452 2866//2864 2728//2920
f 2726//2916 2857//2917 2866//2864
f 2878//2982 2867//2986 2793//2937
f 2867//2986 2878//2982 2869//2987
f 2873//2919 2868//2918 2856//2988
f 2728//2920 2857//2917 2868//2918
f 2867//2986 2869//2987 2857//2917
f 2856//2988 2869//2987 2864//2914
f 2872//2990 2873//2919 2879//2984
f 2764//2834 2893//2866 2894//2873
f 2635//2835 2871//2874 2640//2865
f 2872//2990 2871//2874 2870//2992
f 2872//2990 2870//2992 2873//2919
f 2872//2990 2863//2991 2945//2871
f 2873//2919 2856//2988 2879//2984
f 2873//2919 2870//2992 2893//2866
f 2861//2973 2874//2974 2829//2977
f 2850//2958 2860//2975 2874//2974
f 2735//2670 2875//2922 2838//2957
f 2738//2819 2876//2818 2136//2858
f 2860//2975 2875//2922 2876//2818
f 2876//2818 2875//2922 2136//2858
f 2831//2868 2877//2913 2846//2915
f 2862//2980 2877//2913 2845//2939
f 2846//2915 2864//2914 2878//2982
f 2878//2982 2864//2914 2869//2987
f 2862//2980 2879//2984 2856//2988
f 2863//2991 2879//2984 2865//2985
f 2763//2465 2889//2855 2762//2929
f 2841//2983 2907//2293 2842//2928
f 2881//2817 2737//2923 2759//2859
f 2883//2966 2881//2817 2762//2929
f 2876//2818 2882//2967 2860//2975
f 2908//2978 2882//2967 2880//2294
f 2889//2855 2883//2966 2762//2929
f 2882//2967 2883//2966 2880//2294
f 2543//2702 2884//2765 2544//2804
f 2745//2705 2884//2765 2427//2694
f 2888//2854 2885//2725 2620//2724
f 2886//2723 2885//2725 2758//2925
f 2886//2723 2758//2925 2887//2717
f 2356//2716 2444//2720 2912//2635
f 2887//2717 2758//2925 2914//2924
f 2887//2717 2916//2926 2917//2853
f 2915//2875 2888//2854 2619//2722
f 2885//2725 2888//2854 2758//2925
f 2910//2823 2568//2821 2911//2857
f 2883//2966 2889//2855 2880//2294
f 2627//2409 2567//2824 2890//2856
f 2567//2824 2889//2855 2890//2856
f 2636//2847 2891//2836 2635//2835
f 2604//2839 2891//2836 2638//2848
f 2467//2617 2892//2744 2466//2618
f 2893//2866 2892//2744 2164//2453
f 2893//2866 2728//2920 2868//2918
f 2894//2873 2893//2866 2870//2992
f 2871//2874 2894//2873 2870//2992
f 2764//2834 2894//2873 2635//2835
f 2291//2393 2895//2598 2289//2593
f 2294//2527 2895//2598 2297//2392
f 2768//2933 2896//2905 2773//2932
f 2781//2910 2896//2905 2780//2934
f 2902//2788 2899//2785 2519//2612
f 2932//2969 2931//2968 2897//2993
f 2899//2785 2368//2611 2519//2612
f 2898//2898 2897//2993 2900//2899
f 2897//2993 2898//2898 2899//2785
f 2899//2785 2898//2898 2368//2611
f 2931//2968 2900//2899 2897//2993
f 2820//2953 2900//2899 2808//2959
f 2556//2641 2901//2786 2518//2585
f 2901//2786 2461//2790 2932//2969
f 2520//2583 2902//2788 2519//2612
f 2518//2585 2899//2785 2902//2788
f 2461//2790 2587//2792 2929//2994
f 2765//2930 2934//2601 2925//2603
f 2854//2927 2904//2820 2802//2388
f 2569//2799 2904//2820 2842//2928
f 2945//2871 2905//2995 2906//2872
f 2865//2985 2922//2996 2863//2991
f 2637//2870 2906//2872 2639//2376
f 2905//2995 2934//2601 2906//2872
f 2908//2978 2907//2293 2841//2983
f 2909//2295 2880//2294 2889//2855
f 2853//2944 2908//2978 2841//2983
f 2908//2978 2829//2977 2882//2967
f 2910//2823 2909//2295 2889//2855
f 2910//2823 2911//2857 2909//2295
f 2889//2855 2567//2824 2910//2823
f 2571//2822 2910//2823 2567//2824
f 2569//2799 2911//2857 2568//2821
f 2911//2857 2842//2928 2907//2293
f 2441//2633 2912//2635 2444//2720
f 2885//2725 2912//2635 2445//2726
f 2721//2120 2913//2119 2448//2907
f 2356//2716 2913//2119 2446//2118
f 2758//2925 2888//2854 2915//2875
f 2914//2924 2618//2580 2774//2931
f 2915//2875 2619//2722 2642//2808
f 2618//2580 2914//2924 2915//2875
f 2914//2924 2771//2904 2916//2926
f 2785//2903 2916//2926 2771//2904
f 2720//2908 2917//2853 2447//2909
f 2917//2853 2448//2907 2913//2119
f 2830//2963 2844//2960 2920//2962
f 2923//2952 2903//2989 2921//2997
f 2845//2939 2919//2950 2827//2981
f 2830//2963 2918//2951 2919//2950
f 2931//2968 2920//2962 2808//2959
f 2903//2989 2918//2951 2933//2998
f 2925//2603 2928//2738 2926//2737
f 2922//2996 2924//2602 2945//2871
f 2827//2981 2922//2996 2865//2985
f 2924//2602 2922//2996 2921//2997
f 2921//2997 2922//2996 2923//2952
f 2827//2981 2923//2952 2922//2996
f 2924//2602 2921//2997 2925//2603
f 2924//2602 2905//2995 2945//2871
f 2930//2999 2927//2789 2928//2738
f 2772//2740 2926//2737 2296//2935
f 2765//2930 2926//2737 2772//2740
f 2903//2989 2939//3000 2930//2999
f 2939//3000 2940//3001 2461//2790
f 2943//2840 2929//2994 2587//2792
f 2930//2999 2925//2603 2921//2997
f 2927//2789 2935//2841 2937//2736
f 2943//2840 2587//2792 2522//2810
f 2939//3000 2929//2994 2927//2789
f 2925//2603 2930//2999 2928//2738
f 2921//2997 2903//2989 2930//2999
f 2900//2899 2931//2968 2808//2959
f 2941//2787 2932//2969 2897//2993
f 2939//3000 2461//2790 2929//2994
f 2933//2998 2942//2970 2940//3001
f 2918//2951 2920//2962 2933//2998
f 2920//2962 2931//2968 2942//2970
f 2906//2872 2934//2601 2765//2930
f 2924//2602 2934//2601 2905//2995
f 2936//2609 2938//2809 2944//2608
f 2929//2994 2943//2840 2927//2789
f 2296//2935 2936//2609 2776//2610
f 2938//2809 2936//2609 2935//2841
f 2935//2841 2936//2609 2937//2736
f 2296//2935 2937//2736 2936//2609
f 2557//2649 2938//2809 2935//2841
f 2301//2613 2302//2364 2944//2608
f 2930//2999 2939//3000 2927//2789
f 2940//3001 2939//3000 2903//2989
f 2933//2998 2940//3001 2903//2989
f 2461//2790 2940//3001 2932//2969
f 2899//2785 2941//2787 2897//2993
f 2901//2786 2932//2969 2941//2787
f 2940//3001 2942//2970 2932//2969
f 2920//2962 2942//2970 2933//2998
f 2557//2649 2943//2840 2522//2810
f 2927//2789 2943//2840 2935//2841
f 2936//2609 2944//2608 2299//2592
f 2301//2613 2944//2608 2938//2809
f 2872//2990 2945//2871 2637//2870
f 2945//2871 2863//2991 2922//2996
f 2669//2381 2946//2780 2134//2476
f 2651//2881 2946//2780 2664//2777
f 2990//3002 485//546 3067//3003
f 3035//3004 3036//3005 3037//3006
f 3282//3007 2987//3008 3195//3009
f 2045//2254 3024//3010 3067//3003
f 2979//3011 2045//2254 2046//2201
f 2992//3012 3034//3013 3033//3014
f 3021//3015 2984//3016 2949//3017
f 2996//3018 1379//1636 2990//3002
f 2996//3018 3122//3019 2995//3020
f 2978//3021 3024//3010 2979//3011
f 3036//3005 3035//3004 2993//3022
f 3113//3023 3181//3024 3275//3025
f 1385//1438 3002//3026 3//240
f 3038//3027 3039//3028 3040//3029
f 3024//3010 3025//3030 2986//3031
f 3081//3032 3082//3033 3080//3034
f 1382//1560 1381//1612 2994//3035
f 2976//3036 3072//3037 2977//3038
f 3037//3006 3001//3039 3002//3026
f 3037//3006 1384//1649 3035//3004
f 2997//3040 2991//3041 2994//3035
f 1382//1560 2994//3035 2993//3022
f 2984//3016 3015//3042 3016//3043
f 3066//3044 3017//3045 3019//3046
f 2047//2251 2979//3011 2046//2201
f 2993//3022 2994//3035 3088//3047
f 3021//3015 2948//3048 2985//3049
f 2990//3002 1379//1636 485//546
f 3199//3050 3200//3051 3136//3052
f 3087//3053 2980//3054 3083//3055
f 1383//1554 2993//3022 3035//3004
f 31//88 30//393 3180//3056
f 3136//3052 3092//3057 3135//3058
f 3446//3059 3136//3052 3362//3060
f 1995//2055 1996//2369 3011//3061
f 3072//3037 3123//3062 3071//3063
f 3019//3046 3015//3042 2983//3064
f 2982//3065 3032//3066 3501//3067
f 2981//3068 3032//3066 2982//3065
f 3020//3069 2951//3070 2950//3071
f 3135//3058 8//10 7//3072
f 3016//3043 2981//3068 2982//3065
f 3300//3073 3301//3074 3213//3075
f 3120//3076 3117//3077 3193//3078
f 3020//3069 2984//3016 3016//3043
f 3144//3079 3301//3074 3143//3080
f 13//25 12//151 3143//3080
f 3293//3081 3144//3079 3212//3082
f 3135//3058 3137//3083 3201//3084
f 2984//3016 2983//3064 3015//3042
f 3143//3080 3145//3085 3214//3086
f 2978//3021 3025//3030 3024//3010
f 2989//3087 3034//3013 2036//2051
f 3023//3088 36//3089 35//123
f 17//106 16//105 3146//3090
f 3068//3091 3072//3037 2976//3036
f 3147//3092 3217//3093 3097//3094
f 3128//3095 3127//3096 3076//3097
f 2035//2099 3034//3013 2992//3012
f 3539//3098 3245//3099 3397//3100
f 1382//1560 2993//3022 1383//1554
f 3306//3101 3148//3102 3222//3103
f 3222//3103 3148//3102 3221//3104
f 2999//3105 2996//3018 2995//3020
f 17//106 3148//3102 18//348
f 3078//3106 3131//3107 3031//3108
f 1383//1554 3035//3004 1384//1649
f 3314//3109 3174//3110 3313//3111
f 3267//3112 3317//3113 3354//3114
f 2994//3035 2991//3041 3088//3047
f 3071//3063 2986//3031 3025//3030
f 3175//3115 3174//3110 3271//3116
f 2997//3040 2999//3105 2995//3020
f 27//97 3170//3117 28//187
f 25//3118 3173//3119 26//3120
f 3027//3121 3357//3122 3284//3123
f 3318//3124 3313//3111 3110//3125
f 2997//3040 2995//3020 2998//3126
f 3159//3127 3233//3128 3157//3129
f 3002//3026 3001//3039 4//184
f 3002//3026 1385//1438 3037//3006
f 2960//3130 3176//3131 2961//3132
f 3015//3042 3018//3133 2981//3068
f 3201//3084 9//11 8//10
f 3268//3134 29//185 28//187
f 3183//3135 3118//3136 3182//3137
f 2981//3068 3016//3043 3015//3042
f 3031//3108 3030//3138 3075//3139
f 3117//3077 34//201 33//202
f 2967//3140 2966//3141 3012//3142
f 3184//3143 3060//3144 3118//3136
f 3104//3145 3161//3146 3253//3147
f 3022//3148 37//3149 36//3089
f 2984//3016 3021//3015 2983//3064
f 3425//3150 3371//3151 3450//3152
f 3069//3153 2975//3154 2974//3155
f 3011//3061 3115//3156 3114//3157
f 3020//3069 3016//3043 2982//3065
f 3118//3136 3060//3144 3117//3077
f 2948//3048 2947//3158 2985//3049
f 3023//3088 2985//3049 3022//3148
f 3106//3159 3255//3160 3164//3161
f 2950//3071 2949//3017 2984//3016
f 3064//3162 3065//3163 3066//3044
f 3172//3164 3268//3134 3170//3117
f 3064//3162 3021//3015 2985//3049
f 3148//3102 17//106 3146//3090
f 2972//3165 3124//3166 2973//3167
f 2976//3036 2975//3154 3068//3091
f 3061//3168 3076//3097 3127//3096
f 2994//3035 2999//3105 2997//3040
f 3114//3157 3115//3156 3059//3169
f 3019//3046 3018//3133 3015//3042
f 2003//2356 2004//2385 3140//3170
f 2970//3171 3138//3172 2971//3173
f 3018//3133 3019//3046 3017//3045
f 3139//3174 3138//3172 2970//3171
f 2951//3070 3020//3069 2982//3065
f 2986//3031 2990//3002 3067//3003
f 2998//3126 3029//3175 2991//3041
f 3066//3044 3019//3046 2983//3064
f 3113//3023 2969//3176 2968//3177
f 3022//3148 2947//3158 37//3149
f 2007//2619 2008//2533 3153//3178
f 2978//3021 2977//3038 3025//3030
f 3297//3179 3551//3180 3550//3181
f 2967//3140 3012//3142 3181//3024
f 3194//3182 3069//3153 3281//3183
f 3100//3184 3307//3185 3224//3186
f 3087//3053 3018//3133 2980//3054
f 3033//3014 3034//3013 2989//3087
f 2005//2121 2006//2123 3150//3187
f 1999//2084 3132//3188 1998//2155
f 3225//3189 2008//2533 2009//2174
f 2045//2254 2979//3011 3024//3010
f 3376//3190 3229//3191 3308//3192
f 3011//3061 3114//3157 3009//3193
f 2950//3071 2984//3016 3020//3069
f 2966//3141 1994//2052 3010//3194
f 3288//3195 3134//3196 3372//3197
f 3272//3198 3273//3199 3275//3025
f 1995//2055 3010//3194 1994//2052
f 3195//3009 3121//3200 3194//3182
f 3116//3201 3059//3169 3115//3156
f 2995//3020 3503//3202 2998//3126
f 3012//3142 3011//3061 3009//3193
f 2989//3087 3032//3066 3085//3203
f 3330//3204 3051//3205 3389//3206
f 3001//3039 5//3207 4//184
f 3067//3003 485//546 2044//2095
f 3026//3208 3069//3153 3121//3200
f 2013//2184 2014//2209 3163//3209
f 1379//1636 2996//3018 1380//1465
f 3091//3210 3287//3211 3288//3195
f 2999//3105 1381//1612 1380//1465
f 2035//2099 2036//2051 3034//3013
f 2990//3002 2986//3031 2996//3018
f 3142//3212 2003//2356 3140//3170
f 3133//3213 3197//3214 3090//3215
f 3160//3216 2011//2187 2012//2405
f 3277//3217 3492//3218 3481//3219
f 2966//3141 3010//3194 3012//3142
f 3001//3039 3041//3220 5//3207
f 3338//3221 3254//3222 3398//3223
f 2037//2242 2038//2308 3501//3067
f 2956//3224 3075//3139 2957//3225
f 3011//3061 3010//3194 1995//2055
f 2955//3226 3077//3227 2956//3224
f 3279//3228 3062//3229 3063//3230
f 3075//3139 3076//3097 3130//3231
f 3078//3106 3031//3108 3077//3227
f 3017//3045 3062//3229 3018//3133
f 3214//3086 3216//3232 14//156
f 3171//3233 3267//3112 3108//3234
f 2992//3012 3131//3107 3079//3235
f 2034//2100 3079//3235 2033//2111
f 3503//3202 3070//3236 2987//3008
f 3501//3067 2952//3237 2982//3065
f 2953//3238 3501//3067 2038//2308
f 3023//3088 3022//3148 36//3089
f 3521//3239 3520//3240 3512//3241
f 2037//2242 2989//3087 2036//2051
f 3278//3242 3188//3243 3280//3244
f 2952//3237 2951//3070 2982//3065
f 3017//3045 3063//3230 3062//3229
f 2949//3017 2948//3048 3021//3015
f 2034//2100 2035//2099 2992//3012
f 3073//3245 3124//3166 3125//3246
f 2947//3158 3022//3148 2985//3049
f 2958//3247 3119//3248 2959//3249
f 3157//3129 22//171 21//3250
f 2996//3018 2999//3105 1380//1465
f 3//240 3002//3026 4//184
f 2015//2211 2016//2183 3165//3251
f 2963//3252 3167//3253 2964//3254
f 3101//3255 3153//3178 3154//3256
f 3106//3159 3165//3251 3166//3257
f 3021//3015 3064//3162 2983//3064
f 3080//3034 3082//3033 3030//3138
f 3166//3257 3400//3258 3403//3259
f 3010//3194 3011//3061 3012//3142
f 2965//3260 2964//3254 3265//3261
f 3120//3076 3065//3163 3023//3088
f 3179//3262 2960//3130 3178//3263
f 2954//3264 2032//2237 2033//2111
f 3036//3005 3000//3265 3037//3006
f 3041//3220 3001//3039 3000//3265
f 3036//3005 3039//3028 3000//3265
f 2999//3105 2994//3035 1381//1612
f 3340//3266 2019//2471 2965//3260
f 2991//3041 2997//3040 2998//3126
f 3463//3267 3476//3268 3545//3269
f 3029//3175 3040//3029 3088//3047
f 3169//3270 3265//3261 3167//3253
f 3342//3271 3111//3272 3343//3273
f 3085//3203 3032//3066 2981//3068
f 3358//3274 3074//3275 3027//3121
f 3465//3276 3492//3218 3479//3277
f 3165//3251 3164//3161 3260//3278
f 3080//3034 3031//3108 2988//3279
f 2989//3087 2037//2242 3501//3067
f 3026//3208 3068//3091 3069//3153
f 2988//3279 2992//3012 3033//3014
f 2955//3226 2954//3264 3078//3106
f 3029//3175 3089//3280 3040//3029
f 3037//3006 3000//3265 3001//3039
f 1385//1438 1384//1649 3037//3006
f 3507//3281 3516//3282 3515//3283
f 3039//3028 3041//3220 3000//3265
f 3040//3029 3039//3028 3036//3005
f 3039//3028 3038//3027 3041//3220
f 3036//3005 2993//3022 3088//3047
f 3126//3284 3089//3280 3029//3175
f 3507//3281 3515//3283 3506//3285
f 3136//3052 3200//3051 3362//3060
f 3133//3213 3090//3215 3132//3188
f 3273//3199 3424//3286 3366//3287
f 3197//3214 3450//3152 3449//3288
f 3483//3289 3485//3290 3292//3291
f 3506//3285 3515//3283 3526//3292
f 3357//3122 3194//3182 3281//3183
f 3141//3293 3094//3294 3140//3170
f 3299//3295 3372//3197 3370//3296
f 3045//3297 3205//3298 3207//3299
f 3381//3300 3383//3301 3432//3302
f 3147//3092 3097//3094 3146//3090
f 3050//3303 3243//3304 3242//3305
f 3367//3306 3380//3307 3382//3308
f 3094//3294 3141//3293 3205//3298
f 2010//2173 3156//3309 2009//2174
f 2010//2173 2011//2187 3162//3310
f 20//334 19//163 3223//3311
f 3333//3312 3392//3313 3327//3314
f 3244//3315 3241//3316 3238//3317
f 3226//3318 3227//3319 3154//3256
f 3256//3320 3164//3161 3255//3160
f 3333//3312 3235//3321 3392//3313
f 3168//3322 3107//3323 3167//3253
f 3456//3324 3323//3325 3325//3326
f 3412//3327 3414//3328 3351//3329
f 3348//3330 3411//3331 3270//3332
f 3175//3115 24//339 23//66
f 3313//3111 3318//3124 3239//3333
f 3178//3263 2959//3249 3119//3248
f 3412//3327 3415//3334 3479//3277
f 3410//3335 29//185 3268//3134
f 3184//3143 3189//3336 3186//3337
f 3275//3025 3058//3338 3203//3339
f 3204//3340 3295//3341 3296//3342
f 3116//3201 1997//2081 1998//2155
f 3535//3343 3467//3344 3447//3345
f 3182//3137 33//202 32//398
f 3013//3346 3065//3163 3193//3078
f 2958//3247 2957//3225 3130//3231
f 3496//3347 3498//3348 3481//3219
f 3502//3349 3017//3045 3066//3044
f 2980//3054 3018//3133 3062//3229
f 3186//3337 3013//3346 3184//3143
f 3127//3096 3014//3350 3497//3351
f 2985//3049 3023//3088 3064//3162
f 3064//3162 3023//3088 3065//3163
f 35//123 3120//3076 3023//3088
f 3013//3346 3192//3352 3502//3349
f 3064//3162 3066//3044 2983//3064
f 3066//3044 3065//3163 3502//3349
f 2045//2254 3067//3003 2044//2095
f 2986//3031 3067//3003 3024//3010
f 3069//3153 3068//3091 2975//3154
f 3026//3208 3123//3062 3072//3037
f 2974//3155 2973//3167 3281//3183
f 3026//3208 3121//3200 2987//3008
f 2996//3018 2986//3031 3071//3063
f 3070//3236 3123//3062 2987//3008
f 2977//3038 3072//3037 3025//3030
f 3071//3063 3070//3236 3122//3019
f 3026//3208 3072//3037 3068//3091
f 3072//3037 3071//3063 3025//3030
f 3125//3246 2972//3165 2971//3173
f 3283//3353 3073//3245 3125//3246
f 3089//3280 3126//3284 3028//3354
f 3029//3175 2998//3126 3282//3007
f 3075//3139 2956//3224 3077//3227
f 3076//3097 3075//3139 3030//3138
f 3082//3033 3128//3095 3030//3138
f 3061//3168 3119//3248 3076//3097
f 3078//3106 3077//3227 2955//3226
f 3075//3139 3077//3227 3031//3108
f 3079//3235 2954//3264 2033//2111
f 2988//3279 3131//3107 2992//3012
f 2992//3012 3079//3235 2034//2100
f 2954//3264 3079//3235 3078//3106
f 3080//3034 2988//3279 3081//3032
f 3030//3138 3031//3108 3080//3034
f 3033//3014 3086//3355 2988//3279
f 3033//3014 2989//3087 3085//3203
f 3083//3055 3081//3032 3087//3053
f 3082//3033 3081//3032 3083//3055
f 3083//3055 2980//3054 3279//3228
f 3504//3356 3128//3095 3082//3033
f 3278//3242 3279//3228 3063//3230
f 3192//3352 3063//3230 3502//3349
f 3087//3053 2981//3068 3018//3133
f 2981//3068 3087//3053 3085//3203
f 2988//3279 3086//3355 3081//3032
f 3033//3014 3085//3203 3086//3355
f 3081//3032 3086//3355 3087//3053
f 3085//3203 3087//3053 3086//3355
f 3029//3175 3088//3047 2991//3041
f 3036//3005 3088//3047 3040//3029
f 3507//3281 3089//3280 3028//3354
f 3038//3027 3040//3029 3089//3280
f 3133//3213 1999//2084 2000//2083
f 3285//3357 3359//3358 3090//3215
f 3198//3359 2001//2094 2002//2354
f 3369//3360 3210//3361 3211//3362
f 3199//3050 3135//3058 7//3072
f 3292//3291 3364//3363 3363//3364
f 2969//3176 3113//3023 3139//3174
f 3283//3353 3093//3365 3196//3366
f 3141//3293 2004//2385 2005//2121
f 3299//3295 3370//3296 3211//3362
f 3212//3082 12//151 11//327
f 3305//3367 3304//3368 3215//3369
f 3202//3370 9//11 3201//3084
f 3298//3371 3548//3372 3004//3373
f 3147//3092 16//105 15//48
f 3219//3374 3148//3102 3097//3094
f 3214//3086 14//156 13//25
f 3382//3308 3297//3179 3367//3306
f 3221//3104 3220//3375 3099//3376
f 3158//3377 3311//3378 3103//3379
f 3153//3178 3155//3380 3228//3381
f 3151//3382 3152//3383 3208//3384
f 3229//3191 3048//3385 3224//3186
f 2007//2619 3228//3381 2006//2123
f 2011//2187 3160//3216 3162//3310
f 3398//3223 3254//3222 3335//3386
f 3231//3387 21//3250 20//334
f 3234//3388 3159//3127 3103//3379
f 3161//3146 2012//2405 2013//2184
f 3104//3145 3254//3222 3162//3310
f 3259//3389 3256//3320 3052//3390
f 3161//3146 3104//3145 3160//3216
f 2016//2183 3261//3391 3165//3251
f 2018//2195 3262//3392 2017//2182
f 3263//3393 2963//3252 2962//3394
f 3438//3395 3461//3396 3169//3270
f 3266//3397 27//97 26//3120
f 3269//3398 3172//3164 3108//3234
f 3316//3399 3314//3109 3055//3400
f 3171//3233 3108//3234 3170//3117
f 3233//3128 23//66 22//171
f 3318//3124 3236//3401 3237//3402
f 2959//3249 3178//3263 2960//3130
f 3056//3403 3343//3273 3111//3272
f 3410//3335 3270//3332 3347//3404
f 3185//3405 3186//3337 3190//3406
f 2968//3177 2967//3140 3181//3024
f 3113//3023 3203//3339 3139//3174
f 3115//3156 3011//3061 1996//2369
f 3114//3157 3059//3169 3274//3407
f 1996//2369 1997//2081 3115//3156
f 3116//3201 3115//3156 1997//2081
f 3132//3188 3116//3201 1998//2155
f 3359//3358 3285//3357 3286//3408
f 3117//3077 33//202 3182//3137
f 3117//3077 3060//3144 3193//3078
f 32//398 31//88 3183//3135
f 3060//3144 3184//3143 3013//3346
f 3119//3248 2958//3247 3130//3231
f 3061//3168 3497//3351 3178//3263
f 35//123 34//201 3120//3076
f 3120//3076 34//201 3117//3077
f 3069//3153 3194//3182 3121//3200
f 3195//3009 3027//3121 3074//3275
f 3071//3063 3122//3019 2996//3018
f 3503//3202 3122//3019 3070//3236
f 2987//3008 3123//3062 3026//3208
f 3071//3063 3123//3062 3070//3236
f 3125//3246 3124//3166 2972//3165
f 3281//3183 3124//3166 3073//3245
f 3138//3172 3125//3246 2971//3173
f 3093//3365 3295//3341 3196//3366
f 3126//3284 3029//3175 3282//3007
f 3514//3409 3126//3284 3074//3275
f 3076//3097 3030//3138 3128//3095
f 3280//3244 3129//3410 3084//3411
f 3504//3356 3082//3033 3083//3055
f 3128//3095 3504//3356 3129//3410
f 3014//3350 3127//3096 3129//3410
f 3128//3095 3129//3410 3127//3096
f 3075//3139 3130//3231 2957//3225
f 3119//3248 3130//3231 3076//3097
f 3031//3108 3131//3107 2988//3279
f 3079//3235 3131//3107 3078//3106
f 3133//3213 3132//3188 1999//2084
f 3116//3201 3132//3188 3090//3215
f 2001//2094 3288//3195 3361//3412
f 3197//3214 3449//3288 3285//3357
f 2003//2356 3142//3212 2002//2354
f 3142//3212 3094//3294 3209//3413
f 3199//3050 7//3072 6//3414
f 3135//3058 3092//3057 3137//3083
f 3200//3051 6//3414 5//3207
f 3136//3052 3446//3059 3092//3057
f 3445//3415 3540//3416 3444//3417
f 9//11 3202//3370 10//21
f 2970//3171 2969//3176 3139//3174
f 3125//3246 3138//3172 3093//3365
f 3113//3023 3275//3025 3203//3339
f 3093//3365 3138//3172 3139//3174
f 3141//3293 3140//3170 2004//2385
f 3142//3212 3140//3170 3094//3294
f 3151//3382 2005//2121 3150//3187
f 3152//3383 3151//3382 3100//3184
f 3209//3413 3094//3294 3045//3297
f 3198//3359 3142//3212 3134//3196
f 3143//3080 12//151 3212//3082
f 3143//3080 3095//3418 3304//3368
f 3293//3081 10//21 3202//3370
f 3213//3075 3373//3419 3300//3073
f 3300//3073 3215//3369 3304//3368
f 3218//3420 3216//3232 3098//3421
f 3147//3092 3146//3090 16//105
f 3148//3102 3146//3090 3097//3094
f 15//48 14//156 3216//3232
f 3097//3094 3217//3093 3047//3422
f 3219//3374 3097//3094 3047//3422
f 3222//3103 3221//3104 3099//3376
f 3050//3303 3103//3379 3311//3378
f 3158//3377 3103//3379 3157//3129
f 3150//3187 2006//2123 3228//3381
f 3151//3382 3150//3187 3100//3184
f 3152//3383 3100//3184 3224//3186
f 2005//2121 3151//3382 3141//3293
f 3206//3423 3152//3383 3367//3306
f 3205//3298 3045//3297 3094//3294
f 3153//3178 2008//2533 3225//3189
f 3155//3380 3153//3178 3101//3255
f 3154//3256 3225//3189 3156//3309
f 3226//3318 3154//3256 3102//3424
f 3307//3185 3155//3380 3308//3192
f 3150//3187 3155//3380 3100//3184
f 3162//3310 3156//3309 2010//2173
f 3154//3256 3156//3309 3102//3424
f 3157//3129 21//3250 3231//3387
f 3159//3127 3157//3129 3103//3379
f 3158//3377 3231//3387 3223//3311
f 3158//3377 3149//3425 3312//3426
f 3234//3388 3103//3379 3050//3303
f 3159//3127 3236//3401 3175//3115
f 3161//3146 3160//3216 2012//2405
f 3162//3310 3160//3216 3104//3145
f 3163//3209 3161//3146 2013//2184
f 3253//3147 3389//3206 3335//3386
f 3104//3145 3335//3386 3254//3222
f 3156//3309 3162//3310 3102//3424
f 2014//2209 2015//2211 3260//3278
f 3163//3209 3105//3427 3336//3428
f 3105//3427 3163//3209 3164//3161
f 3163//3209 2014//2209 3260//3278
f 3261//3391 2016//2183 2017//2182
f 3164//3161 3165//3251 3106//3159
f 3340//3266 3262//3392 2018//2195
f 3400//3258 3166//3257 3262//3392
f 3167//3253 2963//3252 3263//3393
f 3169//3270 3167//3253 3107//3323
f 2962//3394 2961//3132 3342//3271
f 3168//3322 3263//3393 3342//3271
f 3451//3429 3053//3430 3438//3395
f 3166//3257 3261//3391 3262//3392
f 3170//3117 27//97 3266//3397
f 3172//3164 3170//3117 3108//3234
f 3171//3233 3266//3397 3173//3119
f 3108//3234 3267//3112 3054//3431
f 3269//3398 3108//3234 3054//3431
f 3112//3432 3180//3056 3347//3404
f 3271//3116 25//3118 24//339
f 3173//3119 3109//3433 3344//3434
f 3109//3433 3173//3119 3174//3110
f 3173//3119 25//3118 3271//3116
f 3175//3115 23//66 3233//3128
f 3174//3110 3175//3115 3110//3125
f 3179//3262 3176//3131 2960//3130
f 3342//3271 3176//3131 3111//3272
f 3061//3168 3127//3096 3497//3351
f 3179//3262 3495//3435 3111//3272
f 3061//3168 3178//3263 3119//3248
f 3178//3263 3177//3436 3179//3262
f 3179//3262 3177//3436 3495//3435
f 3179//3262 3111//3272 3176//3131
f 3347//3404 3180//3056 30//393
f 3183//3135 3180//3056 3112//3432
f 3009//3193 3272//3198 3012//3142
f 2968//3177 3181//3024 3113//3023
f 3183//3135 3182//3137 32//398
f 3117//3077 3182//3137 3118//3136
f 3180//3056 3183//3135 31//88
f 3112//3432 3346//3437 3276//3438
f 3189//3336 3183//3135 3187//3439
f 3190//3406 3191//3440 3185//3405
f 3084//3411 3278//3242 3280//3244
f 3186//3337 3192//3352 3013//3346
f 3184//3143 3118//3136 3189//3336
f 3186//3337 3185//3405 3188//3243
f 3112//3432 3276//3438 3183//3135
f 3190//3406 3187//3439 3505//3441
f 3188//3243 3185//3405 3356//3442
f 3279//3228 3278//3242 3084//3411
f 3183//3135 3189//3336 3118//3136
f 3186//3337 3189//3336 3187//3439
f 3186//3337 3187//3439 3190//3406
f 3187//3439 3276//3438 3505//3441
f 3411//3331 3057//3443 3346//3437
f 3493//3444 3008//3445 3492//3218
f 3186//3337 3188//3243 3192//3352
f 3063//3230 3192//3352 3188//3243
f 3013//3346 3193//3078 3060//3144
f 3065//3163 3120//3076 3193//3078
f 2974//3155 3281//3183 3069//3153
f 3195//3009 3194//3182 3027//3121
f 3074//3275 3126//3284 3282//3007
f 2987//3008 3121//3200 3195//3009
f 3507//3281 3028//3354 3509//3446
f 3283//3353 3284//3123 3073//3245
f 3133//3213 3287//3211 3197//3214
f 3091//3210 3425//3150 3450//3152
f 3142//3212 3198//3359 2002//2354
f 3288//3195 3198//3359 3134//3196
f 3200//3051 3199//3050 6//3414
f 3135//3058 3199//3050 3136//3052
f 5//3207 3289//3447 3200//3051
f 3420//3448 3421//3449 3362//3060
f 3135//3058 3201//3084 8//10
f 3202//3370 3201//3084 3137//3083
f 3363//3364 3202//3370 3137//3083
f 3096//3450 3302//3451 3293//3081
f 3203//3339 3058//3338 3423//3452
f 3139//3174 3203//3339 3296//3342
f 3365//3453 3366//3287 3534//3454
f 3295//3341 3204//3340 3044//3455
f 3208//3384 3141//3293 3151//3382
f 3208//3384 3206//3423 3207//3299
f 3224//3186 3367//3306 3152//3383
f 3536//3456 3548//3372 3549//3457
f 3208//3384 3207//3299 3205//3298
f 3207//3299 3206//3423 3549//3457
f 3208//3384 3205//3298 3141//3293
f 3206//3423 3208//3384 3152//3383
f 3209//3413 3045//3297 3211//3362
f 3142//3212 3209//3413 3370//3296
f 3445//3415 3483//3289 3292//3291
f 3472//3458 3544//3459 3543//3460
f 3368//3461 3211//3362 3045//3297
f 3211//3362 3210//3361 3299//3295
f 3293//3081 3212//3082 11//327
f 3143//3080 3212//3082 3144//3079
f 3302//3451 3213//3075 3301//3074
f 3096//3450 3364//3363 3485//3290
f 3143//3080 3214//3086 13//25
f 3216//3232 3214//3086 3145//3085
f 3553//3462 3536//3456 3550//3181
f 3305//3367 3215//3369 3429//3463
f 3216//3232 3145//3085 3305//3367
f 15//48 3216//3232 3147//3092
f 3147//3092 3218//3420 3217//3093
f 3384//3464 3538//3465 3386//3466
f 3216//3232 3218//3420 3147//3092
f 3098//3421 3305//3367 3429//3463
f 3220//3375 3219//3374 3047//3422
f 3099//3376 3250//3467 3222//3103
f 3047//3422 3386//3466 3538//3465
f 3246//3468 3240//3469 3243//3304
f 3148//3102 3219//3374 3221//3104
f 3220//3375 3221//3104 3219//3374
f 3223//3311 3222//3103 3149//3425
f 18//348 3306//3101 19//163
f 3223//3311 19//163 3306//3101
f 3158//3377 3223//3311 3149//3425
f 3307//3185 3100//3184 3155//3380
f 3367//3306 3224//3186 3048//3385
f 3156//3309 3225//3189 2009//2174
f 3153//3178 3225//3189 3154//3256
f 3339//3470 3338//3221 3102//3424
f 3227//3319 3226//3318 3049//3471
f 3227//3319 3049//3471 3230//3472
f 3154//3256 3227//3319 3101//3255
f 3153//3178 3228//3381 2007//2619
f 3150//3187 3228//3381 3155//3380
f 3308//3192 3227//3319 3230//3472
f 3230//3472 3376//3190 3308//3192
f 3375//3473 3230//3472 3049//3471
f 3375//3473 3309//3474 3377//3475
f 3223//3311 3231//3387 20//334
f 3157//3129 3231//3387 3158//3377
f 3232//3476 3250//3467 3248//3477
f 3232//3476 3247//3478 3243//3304
f 3157//3129 3233//3128 22//171
f 3175//3115 3233//3128 3159//3127
f 3238//3317 3237//3402 3050//3303
f 3175//3115 3236//3401 3110//3125
f 3238//3317 3235//3321 3237//3402
f 3235//3321 3238//3317 3241//3316
f 3159//3127 3234//3388 3236//3401
f 3237//3402 3236//3401 3234//3388
f 3050//3303 3237//3402 3234//3388
f 3237//3402 3235//3321 3239//3333
f 3242//3305 3238//3317 3050//3303
f 3244//3315 3238//3317 3242//3305
f 3393//3479 3235//3321 3333//3312
f 3239//3333 3055//3400 3313//3111
f 3246//3468 3243//3304 3247//3478
f 3328//3480 3330//3204 3257//3481
f 3324//3482 3257//3481 3259//3389
f 3323//3325 3315//3483 3322//3484
f 3243//3304 3050//3303 3232//3476
f 3242//3305 3240//3469 3244//3315
f 3220//3375 3249//3485 3099//3376
f 3240//3469 3242//3305 3243//3304
f 3332//3486 3244//3315 3240//3469
f 3006//3487 3241//3316 3244//3315
f 3248//3477 3099//3376 3249//3485
f 3245//3099 3248//3477 3249//3485
f 3251//3488 3539//3098 3397//3100
f 3252//3489 3240//3469 3246//3468
f 3250//3467 3232//3476 3312//3426
f 3245//3099 3246//3468 3247//3478
f 3245//3099 3247//3478 3248//3477
f 3248//3477 3247//3478 3232//3476
f 3537//3490 3384//3464 3005//3491
f 3249//3485 3220//3375 3396//3492
f 3222//3103 3250//3467 3149//3425
f 3099//3376 3248//3477 3250//3467
f 3249//3485 3396//3492 3397//3100
f 3377//3475 3005//3491 3383//3301
f 3391//3493 3051//3205 3390//3494
f 3252//3489 3329//3495 3332//3486
f 3161//3146 3336//3428 3253//3147
f 3105//3427 3256//3320 3258//3496
f 3330//3204 3390//3494 3051//3205
f 3102//3424 3162//3310 3339//3470
f 3404//3497 3106//3159 3402//3498
f 3256//3320 3255//3160 3052//3390
f 3442//3499 3324//3482 3259//3389
f 3164//3161 3256//3320 3105//3427
f 3328//3480 3257//3481 3324//3482
f 3258//3496 3253//3147 3336//3428
f 3259//3389 3258//3496 3256//3320
f 3257//3481 3330//3204 3389//3206
f 3404//3497 3406//3500 3408//3501
f 3258//3496 3259//3389 3257//3481
f 3165//3251 3260//3278 2015//2211
f 3163//3209 3260//3278 3164//3161
f 3262//3392 3261//3391 2017//2182
f 3165//3251 3261//3391 3166//3257
f 2018//2195 2019//2471 3340//3266
f 3439//3502 3440//3503 3401//3504
f 3342//3271 3263//3393 2962//3394
f 3167//3253 3263//3393 3168//3322
f 3465//3276 3479//3277 3462//3505
f 3443//3506 3475//3507 3264//3508
f 3167//3253 3265//3261 2964//3254
f 3265//3261 3169//3270 3440//3503
f 3173//3119 3266//3397 26//3120
f 3170//3117 3266//3397 3171//3233
f 3171//3233 3344//3434 3267//3112
f 3316//3399 3317//3113 3314//3109
f 3170//3117 3268//3134 28//187
f 3410//3335 3268//3134 3172//3164
f 3349//3509 3269//3398 3350//3510
f 3346//3437 3057//3443 3276//3438
f 3172//3164 3269//3398 3348//3330
f 3411//3331 3348//3330 3349//3509
f 3175//3115 3271//3116 24//339
f 3173//3119 3271//3116 3174//3110
f 3272//3198 3009//3193 3273//3199
f 3181//3024 3012//3142 3272//3198
f 3274//3407 3009//3193 3114//3157
f 3009//3193 3274//3407 3273//3199
f 3359//3358 3059//3169 3116//3201
f 3535//3343 3424//3286 3467//3344
f 3272//3198 3275//3025 3181//3024
f 3273//3199 3058//3338 3275//3025
f 3505//3441 3276//3438 3057//3443
f 3187//3439 3183//3135 3276//3438
f 3191//3440 3414//3328 3493//3444
f 3494//3511 3492//3218 3465//3276
f 3063//3230 3188//3243 3278//3242
f 3188//3243 3356//3442 3280//3244
f 3279//3228 3084//3411 3504//3356
f 3279//3228 2980//3054 3062//3229
f 3498//3348 3280//3244 3277//3217
f 3280//3244 3014//3350 3129//3410
f 3124//3166 3281//3183 2973//3167
f 3357//3122 3281//3183 3073//3245
f 2987//3008 3282//3007 2998//3126
f 3282//3007 3195//3009 3074//3275
f 3093//3365 3283//3353 3125//3246
f 3283//3353 3196//3366 3284//3123
f 3513//3512 3508//3513 3510//3514
f 3027//3121 3284//3123 3358//3274
f 3042//3515 3468//3516 3285//3357
f 3090//3215 3197//3214 3285//3357
f 3366//3287 3535//3343 3534//3454
f 3274//3407 3059//3169 3360//3517
f 2000//2083 3361//3412 3133//3213
f 3450//3152 3287//3211 3091//3210
f 3287//3211 3133//3213 3361//3412
f 3198//3359 3288//3195 2001//2094
f 5//3207 3041//3220 3289//3447
f 3289//3447 3041//3220 3291//3518
f 3289//3447 3291//3518 3420//3448
f 3422//3519 3290//3520 3528//3521
f 3038//3027 3506//3285 3041//3220
f 3291//3518 3041//3220 3506//3285
f 3540//3416 3137//3083 3092//3057
f 3043//3522 3482//3523 3445//3415
f 10//21 3293//3081 11//327
f 3293//3081 3202//3370 3364//3363
f 3044//3455 3204//3340 3365//3453
f 3203//3339 3423//3452 3204//3340
f 3295//3341 3044//3455 3519//3524
f 3093//3365 3139//3174 3296//3342
f 3204//3340 3296//3342 3203//3339
f 3093//3365 3296//3342 3295//3341
f 3378//3525 3380//3307 3048//3385
f 3550//3181 3551//3180 3553//3462
f 3207//3299 3549//3457 3368//3461
f 3471//3526 3004//3373 3470//3527
f 3425//3150 3210//3361 3371//3151
f 3372//3197 3299//3295 3425//3150
f 3215//3369 3300//3073 3046//3528
f 3301//3074 3300//3073 3095//3418
f 3143//3080 3301//3074 3095//3418
f 3302//3451 3301//3074 3144//3079
f 3293//3081 3302//3451 3144//3079
f 3374//3529 3302//3451 3096//3450
f 3300//3073 3373//3419 3046//3528
f 3373//3419 3374//3529 3303//3530
f 3143//3080 3304//3368 3145//3085
f 3300//3073 3304//3368 3095//3418
f 3216//3232 3305//3367 3098//3421
f 3304//3368 3305//3367 3145//3085
f 3148//3102 3306//3101 18//348
f 3223//3311 3306//3101 3222//3103
f 3308//3192 3155//3380 3101//3255
f 3224//3186 3307//3185 3229//3191
f 3307//3185 3308//3192 3229//3191
f 3227//3319 3308//3192 3101//3255
f 3049//3471 3338//3221 3433//3531
f 3435//3532 3436//3533 3399//3534
f 3379//3535 3381//3300 3387//3536
f 3376//3190 3378//3525 3229//3191
f 3312//3426 3311//3378 3158//3377
f 3050//3303 3311//3378 3232//3476
f 3250//3467 3312//3426 3149//3425
f 3311//3378 3312//3426 3232//3476
f 3314//3109 3313//3111 3055//3400
f 3174//3110 3110//3125 3313//3111
f 3315//3483 3316//3399 3322//3484
f 3174//3110 3314//3109 3109//3433
f 3353//3537 3350//3510 3054//3431
f 3109//3433 3314//3109 3317//3113
f 3393//3479 3055//3400 3239//3333
f 3316//3399 3315//3483 3317//3113
f 3315//3483 3352//3538 3354//3114
f 3317//3113 3267//3112 3344//3434
f 3236//3401 3318//3124 3110//3125
f 3237//3402 3239//3333 3318//3124
f 3006//3487 3326//3539 3241//3316
f 3403//3259 3106//3159 3166//3257
f 3316//3399 3395//3540 3322//3484
f 3325//3326 3323//3325 3320//3541
f 3326//3539 3327//3314 3241//3316
f 3326//3539 3328//3480 3324//3482
f 3395//3540 3316//3399 3055//3400
f 3323//3325 3322//3484 3320//3541
f 3325//3326 3320//3541 3388//3542
f 3323//3325 3007//3543 3355//3544
f 3442//3499 3259//3389 3052//3390
f 3326//3539 3324//3482 3321//3545
f 3052//3390 3404//3497 3408//3501
f 3441//3546 3453//3547 3325//3326
f 3326//3539 3321//3545 3327//3314
f 3326//3539 3006//3487 3328//3480
f 3321//3545 3331//3548 3327//3314
f 3331//3548 3333//3312 3327//3314
f 3329//3495 3006//3487 3332//3486
f 3328//3480 3006//3487 3329//3495
f 3390//3494 3252//3489 3251//3488
f 3389//3206 3051//3205 3335//3386
f 3328//3480 3329//3495 3330//3204
f 3390//3494 3330//3204 3329//3495
f 3321//3545 3408//3501 3409//3549
f 3394//3550 3319//3551 3388//3542
f 3244//3315 3332//3486 3006//3487
f 3252//3489 3332//3486 3240//3469
f 3319//3551 3333//3312 3331//3548
f 3394//3550 3395//3540 3393//3479
f 3334//3552 3436//3533 3435//3532
f 3249//3485 3397//3100 3245//3099
f 3335//3386 3051//3205 3398//3223
f 3104//3145 3253//3147 3335//3386
f 3163//3209 3336//3428 3161//3146
f 3258//3496 3336//3428 3105//3427
f 3375//3473 3433//3531 3309//3474
f 3338//3221 3049//3471 3226//3318
f 3102//3424 3338//3221 3226//3318
f 3338//3221 3337//3553 3434//3554
f 3162//3310 3254//3222 3339//3470
f 3338//3221 3339//3470 3254//3222
f 3440//3503 2965//3260 3265//3261
f 3438//3395 3169//3270 3451//3429
f 3407//3555 3341//3556 3460//3557
f 3441//3546 3319//3551 3409//3549
f 3342//3271 2961//3132 3176//3131
f 3168//3322 3342//3271 3264//3508
f 3343//3273 3056//3403 3480//3558
f 3342//3271 3343//3273 3264//3508
f 3173//3119 3344//3434 3171//3233
f 3317//3113 3344//3434 3109//3433
f 3350//3510 3345//3559 3349//3509
f 3458//3560 3474//3561 3473//3562
f 3347//3404 3346//3437 3112//3432
f 3346//3437 3270//3332 3411//3331
f 29//185 3347//3404 30//393
f 3346//3437 3347//3404 3270//3332
f 3349//3509 3348//3330 3269//3398
f 3410//3335 3348//3330 3270//3332
f 3350//3510 3269//3398 3054//3431
f 3345//3559 3351//3329 3349//3509
f 3354//3114 3353//3537 3054//3431
f 3418//3563 3413//3564 3462//3505
f 3412//3327 3351//3329 3345//3559
f 3505//3441 3419//3565 3191//3440
f 3355//3544 3315//3483 3323//3325
f 3458//3560 3007//3543 3455//3566
f 3054//3431 3267//3112 3354//3114
f 3417//3567 3352//3538 3416//3568
f 3315//3483 3354//3114 3317//3113
f 3352//3538 3353//3537 3354//3114
f 3473//3562 3355//3544 3007//3543
f 3315//3483 3355//3544 3352//3538
f 3356//3442 3185//3405 3493//3444
f 3280//3244 3356//3442 3277//3217
f 3284//3123 3357//3122 3073//3245
f 3194//3182 3357//3122 3027//3121
f 3510//3514 3358//3274 3284//3123
f 3074//3275 3358//3274 3514//3409
f 3090//3215 3359//3358 3116//3201
f 3360//3517 3359//3358 3286//3408
f 3359//3358 3360//3517 3059//3169
f 3360//3517 3286//3408 3467//3344
f 2001//2094 3361//3412 2000//2083
f 3287//3211 3361//3412 3288//3195
f 3420//3448 3362//3060 3200//3051
f 3362//3060 3290//3520 3422//3519
f 3363//3364 3137//3083 3540//3416
f 3292//3291 3485//3290 3364//3363
f 3293//3081 3364//3363 3096//3450
f 3202//3370 3363//3364 3364//3363
f 3365//3453 3204//3340 3423//3452
f 3294//3569 3529//3570 3523//3571
f 3273//3199 3366//3287 3423//3452
f 3424//3286 3273//3199 3274//3407
f 3380//3307 3367//3306 3048//3385
f 3206//3423 3367//3306 3297//3179
f 3207//3299 3368//3461 3045//3297
f 3369//3360 3368//3461 3298//3371
f 3368//3461 3369//3360 3211//3362
f 3004//3373 3369//3360 3298//3371
f 3142//3212 3370//3296 3134//3196
f 3211//3362 3370//3296 3209//3413
f 3448//3572 3371//3151 3210//3361
f 3449//3288 3042//3515 3285//3357
f 3288//3195 3372//3197 3091//3210
f 3370//3296 3372//3197 3134//3196
f 3374//3529 3373//3419 3213//3075
f 3552//3573 3551//3180 3385//3574
f 3302//3451 3374//3529 3213//3075
f 3096//3450 3485//3290 3499//3575
f 3433//3531 3375//3473 3049//3471
f 3377//3475 3376//3190 3230//3472
f 3377//3475 3230//3472 3375//3473
f 3378//3525 3376//3190 3310//3576
f 3005//3491 3377//3475 3309//3474
f 3310//3576 3376//3190 3377//3475
f 3380//3307 3378//3525 3381//3300
f 3229//3191 3378//3525 3048//3385
f 3379//3535 3380//3307 3381//3300
f 3428//3577 3429//3463 3215//3369
f 3381//3300 3378//3525 3310//3576
f 3380//3307 3379//3535 3382//3308
f 3310//3576 3383//3301 3381//3300
f 3005//3491 3384//3464 3432//3302
f 3379//3535 3430//3578 3554//3579
f 3554//3579 3382//3308 3379//3535
f 3377//3475 3383//3301 3310//3576
f 3005//3491 3436//3533 3537//3490
f 3217//3093 3386//3466 3047//3422
f 3432//3302 3387//3536 3381//3300
f 3431//3580 3430//3578 3387//3536
f 3215//3369 3046//3528 3428//3577
f 3217//3093 3218//3420 3386//3466
f 3431//3580 3218//3420 3098//3421
f 3384//3464 3386//3466 3387//3536
f 3429//3463 3431//3580 3098//3421
f 3395//3540 3394//3550 3320//3541
f 3319//3551 3325//3326 3388//3542
f 3253//3147 3258//3496 3389//3206
f 3257//3481 3389//3206 3258//3496
f 3252//3489 3390//3494 3329//3495
f 3391//3493 3390//3494 3251//3488
f 3437//3581 3391//3493 3251//3488
f 3391//3493 3337//3553 3398//3223
f 3235//3321 3241//3316 3392//3313
f 3327//3314 3392//3313 3241//3316
f 3235//3321 3393//3479 3239//3333
f 3393//3479 3333//3312 3394//3550
f 3319//3551 3394//3550 3333//3312
f 3320//3541 3394//3550 3388//3542
f 3322//3484 3395//3540 3320//3541
f 3055//3400 3393//3479 3395//3540
f 3537//3490 3396//3492 3220//3375
f 3397//3100 3396//3492 3334//3552
f 3435//3532 3397//3100 3334//3552
f 3539//3098 3251//3488 3252//3489
f 3391//3493 3398//3223 3051//3205
f 3338//3221 3398//3223 3337//3553
f 3437//3581 3337//3553 3391//3493
f 3397//3100 3435//3532 3437//3581
f 3439//3502 3262//3392 3340//3266
f 3341//3556 3402//3498 3403//3259
f 3341//3556 3400//3258 3401//3504
f 3400//3258 3262//3392 3439//3502
f 3407//3555 3405//3582 3406//3500
f 3255//3160 3404//3497 3052//3390
f 3341//3556 3403//3259 3400//3258
f 3106//3159 3403//3259 3402//3498
f 3106//3159 3404//3497 3255//3160
f 3404//3497 3402//3498 3406//3500
f 3407//3555 3406//3500 3402//3498
f 3319//3551 3331//3548 3409//3549
f 3407//3555 3402//3498 3341//3556
f 3406//3500 3405//3582 3408//3501
f 3459//3583 3460//3557 3438//3395
f 3319//3551 3441//3546 3325//3326
f 3405//3582 3441//3546 3409//3549
f 3442//3499 3321//3545 3324//3482
f 3321//3545 3409//3549 3331//3548
f 3408//3501 3405//3582 3409//3549
f 3410//3335 3172//3164 3348//3330
f 3347//3404 29//185 3410//3335
f 3349//3509 3351//3329 3411//3331
f 3411//3331 3351//3329 3057//3443
f 3345//3559 3417//3567 3418//3563
f 3414//3328 3412//3327 3008//3445
f 3350//3510 3417//3567 3345//3559
f 3475//3507 3168//3322 3264//3508
f 3493//3444 3414//3328 3008//3445
f 3414//3328 3191//3440 3419//3565
f 3418//3563 3412//3327 3345//3559
f 3418//3563 3462//3505 3415//3334
f 3417//3567 3353//3537 3352//3538
f 3473//3562 3007//3543 3458//3560
f 3353//3537 3417//3567 3350//3510
f 3418//3563 3417//3567 3416//3568
f 3418//3563 3416//3568 3474//3561
f 3418//3563 3415//3334 3412//3327
f 3057//3443 3351//3329 3419//3565
f 3414//3328 3419//3565 3351//3329
f 3289//3447 3420//3448 3200//3051
f 3421//3449 3420//3448 3291//3518
f 3291//3518 3526//3292 3512//3241
f 3290//3520 3362//3060 3421//3449
f 3528//3521 3290//3520 3520//3240
f 3422//3519 3533//3584 3444//3417
f 3273//3199 3423//3452 3058//3338
f 3365//3453 3423//3452 3366//3287
f 3467//3344 3274//3407 3360//3517
f 3467//3344 3468//3516 3447//3345
f 3372//3197 3425//3150 3091//3210
f 3210//3361 3425//3150 3299//3295
f 3471//3526 3448//3572 3210//3361
f 3003//3585 3525//3586 3524//3587
f 3371//3151 3448//3572 3491//3588
f 3489//3589 3447//3345 3468//3516
f 3046//3528 3385//3574 3428//3577
f 3428//3577 3385//3574 3429//3463
f 3430//3578 3429//3463 3385//3574
f 3429//3463 3430//3578 3431//3580
f 3430//3578 3385//3574 3554//3579
f 3387//3536 3430//3578 3379//3535
f 3387//3536 3386//3466 3431//3580
f 3218//3420 3431//3580 3386//3466
f 3005//3491 3432//3302 3383//3301
f 3384//3464 3387//3536 3432//3302
f 3434//3554 3433//3531 3338//3221
f 3309//3474 3433//3531 3399//3534
f 3437//3581 3434//3554 3337//3553
f 3433//3531 3434//3554 3399//3534
f 3537//3490 3436//3533 3334//3552
f 3437//3581 3435//3532 3399//3534
f 3005//3491 3309//3474 3436//3533
f 3399//3534 3436//3533 3309//3474
f 3437//3581 3399//3534 3434//3554
f 3397//3100 3437//3581 3251//3488
f 3457//3590 3459//3583 3053//3430
f 3341//3556 3401//3504 3461//3396
f 3440//3503 3439//3502 3340//3266
f 3400//3258 3439//3502 3401//3504
f 3440//3503 3340//3266 2965//3260
f 3169//3270 3401//3504 3440//3503
f 3407//3555 3454//3591 3405//3582
f 3452//3592 3453//3547 3454//3591
f 3052//3390 3408//3501 3442//3499
f 3321//3545 3442//3499 3408//3501
f 3475//3507 3443//3506 3477//3593
f 3264//3508 3343//3273 3480//3558
f 3445//3415 3444//3417 3043//3522
f 3446//3059 3444//3417 3092//3057
f 3541//3594 3466//3595 3482//3523
f 3363//3364 3540//3416 3292//3291
f 3362//3060 3422//3519 3446//3059
f 3446//3059 3422//3519 3444//3417
f 3449//3288 3469//3596 3489//3589
f 3556//3597 3531//3598 3447//3345
f 3210//3361 3369//3360 3471//3526
f 3426//3599 3472//3458 3491//3588
f 3197//3214 3287//3211 3450//3152
f 3469//3596 3449//3288 3427//3600
f 3491//3588 3450//3152 3371//3151
f 3449//3288 3450//3152 3427//3600
f 3169//3270 3107//3323 3451//3429
f 3053//3430 3451//3429 3107//3323
f 3456//3324 3455//3566 3007//3543
f 3456//3324 3453//3547 3455//3566
f 3454//3591 3453//3547 3441//3546
f 3453//3547 3452//3592 3455//3566
f 3405//3582 3454//3591 3441//3546
f 3454//3591 3407//3555 3460//3557
f 3452//3592 3457//3590 3455//3566
f 3418//3563 3474//3561 3413//3564
f 3323//3325 3456//3324 3007//3543
f 3325//3326 3453//3547 3456//3324
f 3459//3583 3457//3590 3452//3592
f 3464//3601 3457//3590 3053//3430
f 3457//3590 3478//3602 3455//3566
f 3476//3268 3464//3601 3053//3430
f 3460//3557 3459//3583 3452//3592
f 3053//3430 3459//3583 3438//3395
f 3460//3557 3452//3592 3454//3591
f 3460//3557 3341//3556 3461//3396
f 3169//3270 3461//3396 3401//3504
f 3460//3557 3461//3396 3438//3395
f 3462//3505 3413//3564 3477//3593
f 3465//3276 3462//3505 3443//3506
f 3474//3561 3464//3601 3477//3593
f 3477//3593 3476//3268 3463//3267
f 3464//3601 3476//3268 3477//3593
f 3458//3560 3478//3602 3464//3601
f 3443//3506 3480//3558 3465//3276
f 3494//3511 3481//3219 3492//3218
f 3486//3603 3484//3604 3466//3595
f 3482//3523 3483//3289 3445//3415
f 3467//3344 3424//3286 3274//3407
f 3468//3516 3467//3344 3286//3408
f 3285//3357 3468//3516 3286//3408
f 3489//3589 3468//3516 3042//3515
f 3491//3588 3427//3600 3450//3152
f 3556//3597 3530//3605 3531//3598
f 3374//3529 3096//3450 3499//3575
f 3426//3599 3448//3572 3490//3606
f 3004//3373 3471//3526 3369//3360
f 3471//3526 3470//3527 3490//3606
f 3043//3522 3444//3417 3533//3584
f 3469//3596 3427//3600 3543//3460
f 3416//3568 3352//3538 3473//3562
f 3473//3562 3352//3538 3355//3544
f 3473//3562 3474//3561 3416//3568
f 3464//3601 3474//3561 3458//3560
f 3443//3506 3462//3505 3477//3593
f 3168//3322 3475//3507 3463//3267
f 3107//3323 3545//3269 3053//3430
f 3168//3322 3545//3269 3107//3323
f 3475//3507 3477//3593 3463//3267
f 3474//3561 3477//3593 3413//3564
f 3455//3566 3478//3602 3458//3560
f 3457//3590 3464//3601 3478//3602
f 3412//3327 3479//3277 3008//3445
f 3462//3505 3479//3277 3415//3334
f 3480//3558 3443//3506 3264//3508
f 3494//3511 3480//3558 3056//3403
f 3495//3435 3481//3219 3494//3511
f 3495//3435 3177//3436 3496//3347
f 3541//3594 3482//3523 3043//3522
f 3483//3289 3482//3523 3466//3595
f 3466//3595 3426//3599 3486//3603
f 3483//3289 3466//3595 3484//3604
f 3470//3527 3487//3607 3484//3604
f 3004//3373 3488//3608 3487//3607
f 3484//3604 3500//3609 3483//3289
f 3488//3608 3500//3609 3487//3607
f 3490//3606 3486//3603 3426//3599
f 3470//3527 3484//3604 3486//3603
f 3470//3527 3004//3373 3487//3607
f 3555//3610 3488//3608 3004//3373
f 3499//3575 3303//3530 3374//3529
f 3500//3609 3488//3608 3485//3290
f 3449//3288 3489//3589 3042//3515
f 3489//3589 3469//3596 3556//3597
f 3471//3526 3490//3606 3448//3572
f 3486//3603 3490//3606 3470//3527
f 3426//3599 3491//3588 3448//3572
f 3491//3588 3472//3458 3543//3460
f 3492//3218 3277//3217 3356//3442
f 3492//3218 3008//3445 3479//3277
f 3356//3442 3493//3444 3492//3218
f 3185//3405 3191//3440 3493//3444
f 3480//3558 3494//3511 3465//3276
f 3495//3435 3494//3511 3056//3403
f 3495//3435 3056//3403 3111//3272
f 3497//3351 3177//3436 3178//3263
f 3498//3348 3496//3347 3014//3350
f 3481//3219 3495//3435 3496//3347
f 3014//3350 3496//3347 3497//3351
f 3177//3436 3497//3351 3496//3347
f 3280//3244 3498//3348 3014//3350
f 3481//3219 3498//3348 3277//3217
f 3485//3290 3488//3608 3499//3575
f 3303//3530 3499//3575 3488//3608
f 3483//3289 3500//3609 3485//3290
f 3487//3607 3500//3609 3484//3604
f 3501//3067 2953//3238 2952//3237
f 2989//3087 3501//3067 3032//3066
f 3017//3045 3502//3349 3063//3230
f 3065//3163 3013//3346 3502//3349
f 2998//3126 3503//3202 2987//3008
f 3122//3019 3503//3202 2995//3020
f 3279//3228 3504//3356 3083//3055
f 3129//3410 3504//3356 3084//3411
f 3419//3565 3505//3441 3057//3443
f 3190//3406 3505//3441 3191//3440
f 3507//3281 3038//3027 3089//3280
f 3506//3285 3038//3027 3507//3281
f 3028//3354 3514//3409 3509//3446
f 3290//3520 3512//3241 3520//3240
f 3284//3123 3513//3512 3510//3514
f 3529//3570 3518//3611 3523//3571
f 3509//3446 3514//3409 3510//3514
f 3516//3282 3509//3446 3508//3513
f 3513//3512 3284//3123 3196//3366
f 3509//3446 3510//3514 3508//3513
f 3518//3611 3517//3612 3521//3239
f 3421//3449 3512//3241 3290//3520
f 3291//3518 3512//3241 3421//3449
f 3512//3241 3511//3613 3521//3239
f 3196//3366 3519//3524 3513//3512
f 3508//3513 3522//3614 3518//3611
f 3514//3409 3028//3354 3126//3284
f 3358//3274 3510//3514 3514//3409
f 3516//3282 3507//3281 3509//3446
f 3511//3613 3512//3241 3526//3292
f 3516//3282 3508//3513 3518//3611
f 3515//3283 3516//3282 3511//3613
f 3511//3613 3516//3282 3518//3611
f 3532//3615 3529//3570 3530//3605
f 3522//3614 3508//3513 3513//3512
f 3523//3571 3044//3455 3365//3453
f 3295//3341 3519//3524 3196//3366
f 3522//3614 3519//3524 3044//3455
f 3524//3587 3517//3612 3532//3615
f 3520//3240 3517//3612 3524//3587
f 3518//3611 3521//3239 3511//3613
f 3520//3240 3521//3239 3517//3612
f 3519//3524 3522//3614 3513//3512
f 3523//3571 3522//3614 3044//3455
f 3294//3569 3523//3571 3365//3453
f 3522//3614 3523//3571 3518//3611
f 3469//3596 3543//3460 3544//3459
f 3524//3587 3525//3586 3546//3616
f 3541//3594 3542//3617 3426//3599
f 3426//3599 3466//3595 3541//3594
f 3506//3285 3526//3292 3291//3518
f 3511//3613 3526//3292 3515//3283
f 3528//3521 3524//3587 3546//3616
f 3472//3458 3426//3599 3542//3617
f 3524//3587 3528//3521 3520//3240
f 3528//3521 3527//3618 3533//3584
f 3530//3605 3529//3570 3294//3569
f 3518//3611 3529//3570 3517//3612
f 3531//3598 3530//3605 3294//3569
f 3532//3615 3530//3605 3003//3585
f 3534//3454 3531//3598 3294//3569
f 3447//3345 3489//3589 3556//3597
f 3524//3587 3532//3615 3003//3585
f 3517//3612 3529//3570 3532//3615
f 3528//3521 3533//3584 3422//3519
f 3541//3594 3533//3584 3527//3618
f 3365//3453 3534//3454 3294//3569
f 3535//3343 3366//3287 3424//3286
f 3447//3345 3531//3598 3535//3343
f 3534//3454 3535//3343 3531//3598
f 3536//3456 3549//3457 3550//3181
f 3488//3608 3555//3610 3303//3530
f 3396//3492 3537//3490 3334//3552
f 3538//3465 3220//3375 3047//3422
f 3384//3464 3537//3490 3538//3465
f 3220//3375 3538//3465 3537//3490
f 3252//3489 3246//3468 3539//3098
f 3245//3099 3539//3098 3246//3468
f 3444//3417 3540//3416 3092//3057
f 3540//3416 3445//3415 3292//3291
f 3533//3584 3541//3594 3043//3522
f 3527//3618 3546//3616 3547//3619
f 3547//3619 3542//3617 3541//3594
f 3525//3586 3472//3458 3542//3617
f 3491//3588 3543//3460 3427//3600
f 3544//3459 3472//3458 3525//3586
f 3525//3586 3003//3585 3544//3459
f 3556//3597 3544//3459 3003//3585
f 3463//3267 3545//3269 3168//3322
f 3053//3430 3545//3269 3476//3268
f 3547//3619 3546//3616 3525//3586
f 3528//3521 3546//3616 3527//3618
f 3542//3617 3547//3619 3525//3586
f 3527//3618 3547//3619 3541//3594
f 3549//3457 3548//3372 3298//3371
f 3555//3610 3548//3372 3536//3456
f 3549//3457 3298//3371 3368//3461
f 3550//3181 3549//3457 3206//3423
f 3206//3423 3297//3179 3550//3181
f 3382//3308 3554//3579 3297//3179
f 3046//3528 3552//3573 3385//3574
f 3046//3528 3373//3419 3552//3573
f 3373//3419 3303//3530 3552//3573
f 3303//3530 3555//3610 3553//3462
f 3551//3180 3552//3573 3553//3462
f 3303//3530 3553//3462 3552//3573
f 3385//3574 3551//3180 3554//3579
f 3297//3179 3554//3579 3551//3180
f 3548//3372 3555//3610 3004//3373
f 3553//3462 3555//3610 3536//3456
f 3544//3459 3556//3597 3469//3596
f 3530//3605 3556//3597 3003//3585
f 2947//3158 2948//3048 3594//3620
f 3602//3621 3623//3622 3567//3623
f 3561//3624 3595//3625 3562//3626
f 3601//3627 3622//3628 3566//3629
f 3568//3630 3567//3623 3623//3622
f 2950//3071 3596//3631 2949//3017
f 2947//3158 3592//3632 37//3149
f 2042//2180 3625//3633 3600//3634
f 3591//3635 37//3149 3592//3632
f 3598//3636 3624//3637 3564//3638
f 3571//3639 3625//3633 3572//3640
f 3557//3641 3591//3635 3558//3642
f 2951//3070 3604//3643 3598//3636
f 3565//3644 3564//3638 3624//3637
f 2041//2092 3634//3645 2040//2079
f 3600//3634 3570//3646 3619//3647
f 3619//3647 3634//3645 3600//3634
f 438//661 3608//3648 3627//3649
f 3599//3650 2040//2079 3634//3645
f 3605//3651 3625//3633 2043//2247
f 2953//3238 3602//3621 3601//3627
f 3604//3643 3621//3652 3565//3644
f 2953//3238 2038//2308 3602//3621
f 3603//3653 3620//3654 3568//3630
f 3566//3629 3565//3644 3621//3652
f 2039//2080 3603//3653 2038//2308
f 2952//3237 3604//3643 2951//3070
f 3569//3655 3568//3630 3620//3654
f 3567//3623 3566//3629 3622//3628
f 2042//2180 2043//2247 3625//3633
f 3559//3656 3558//3642 3592//3632
f 3592//3632 3558//3642 3591//3635
f 3598//3636 3564//3638 3618//3657
f 3597//3658 3562//3626 3595//3625
f 3598//3636 3618//3657 3596//3631
f 3561//3624 3594//3620 3595//3625
f 437//701 436//702 3609//3659
f 3559//3656 3592//3632 3560//3660
f 3563//3661 3562//3626 3597//3658
f 3592//3632 3594//3620 3560//3660
f 3594//3620 3592//3632 2947//3158
f 2041//2092 2042//2180 3600//3634
f 3594//3620 3561//3624 3560//3660
f 3608//3648 437//701 3609//3659
f 3602//3621 3567//3623 3622//3628
f 3569//3655 3599//3650 3619//3647
f 3601//3627 3604//3643 2952//3237
f 3625//3633 3571//3639 3600//3634
f 3620//3654 3603//3653 3599//3650
f 3573//3662 3572//3640 3605//3651
f 3594//3620 2948//3048 3595//3625
f 3624//3637 3598//3636 3604//3643
f 2039//2080 2040//2079 3599//3650
f 3622//3628 3601//3627 3602//3621
f 3623//3622 3602//3621 3603//3653
f 2948//3048 2949//3017 3595//3625
f 3604//3643 3601//3627 3621//3652
f 2952//3237 2953//3238 3601//3627
f 3596//3631 2950//3071 3598//3636
f 3569//3655 3619//3647 3570//3646
f 3605//3651 3572//3640 3625//3633
f 3603//3653 3568//3630 3623//3622
f 3606//3663 442//645 441//537
f 438//661 437//701 3608//3648
f 3626//3664 441//537 440//653
f 442//645 3605//3651 2043//2247
f 440//653 3607//3665 3626//3664
f 3564//3638 3563//3661 3618//3657
f 3605//3651 3606//3663 3573//3662
f 3626//3664 3575//3666 3574//3667
f 3627//3649 3577//3668 3576//3669
f 3611//3670 3617//3671 1391//1539
f 3609//3659 3578//3672 3628//3673
f 3583//3674 3616//3675 3584//3676
f 1388//1645 3616//3675 3613//3677
f 3627//3649 3635//3678 438//661
f 3617//3671 3580//3679 3630//3680
f 3610//3681 3579//3682 3629//3683
f 1390//1514 3611//3670 1391//1539
f 3616//3675 3615//3684 3584//3676
f 1389//1677 3612//3685 1390//1514
f 1387//1644 1386//1674 3614//3686
f 3593//3687 3614//3686 1386//1674
f 1388//1645 3613//3677 1389//1677
f 3615//3684 3585//3688 3584//3676
f 1388//1645 3615//3684 3616//3675
f 1386//1674 41//1656 3593//3687
f 3612//3685 1389//1677 3613//3677
f 3612//3685 3582//3689 3631//3690
f 1387//1644 3614//3686 3615//3684
f 3613//3677 3583//3674 3632//3691
f 1392//1483 1391//1539 3617//3671
f 1388//1645 1387//1644 3615//3684
f 3590//3692 3593//3687 41//1656
f 3574//3667 3573//3662 3606//3663
f 3575//3666 3607//3665 3576//3669
f 3599//3650 3603//3653 2039//2080
f 3608//3648 3577//3668 3627//3649
f 3626//3664 3574//3667 3606//3663
f 3604//3643 3565//3644 3624//3637
f 3563//3661 3597//3658 3596//3631
f 3629//3683 3579//3682 3578//3672
f 2949//3017 3596//3631 3597//3658
f 3633//3693 3611//3670 3581//3694
f 3580//3679 3579//3682 3630//3680
f 3621//3652 3601//3627 3566//3629
f 3578//3672 3577//3668 3628//3673
f 3620//3654 3599//3650 3569//3655
f 3614//3686 3593//3687 3586//3695
f 3582//3689 3632//3691 3583//3674
f 3611//3670 1390//1514 3612//3685
f 3588//3696 3593//3687 3590//3692
f 3631//3690 3582//3689 3581//3694
f 3587//3697 3593//3687 3588//3696
f 2950//3071 2951//3070 3598//3636
f 3583//3674 3613//3677 3616//3675
f 3586//3695 3585//3688 3614//3686
f 3585//3688 3615//3684 3614//3686
f 436//702 1392//1483 3610//3681
f 3602//3621 2038//2308 3603//3653
f 3586//3695 3593//3687 3587//3697
f 3570//3646 3600//3634 3571//3639
f 3610//3681 1392//1483 3617//3671
f 2949//3017 3597//3658 3595//3625
f 3589//3698 3588//3696 3590//3692
f 440//653 439//662 3607//3665
f 3633//3693 3581//3694 3580//3679
f 442//645 3606//3663 3605//3651
f 3596//3631 3618//3657 3563//3661
f 3609//3659 436//702 3610//3681
f 3626//3664 3606//3663 441//537
f 3575//3666 3626//3664 3607//3665
f 3607//3665 3635//3678 3576//3669
f 439//662 3635//3678 3607//3665
f 3577//3668 3608//3648 3628//3673
f 3609//3659 3628//3673 3608//3648
f 3578//3672 3609//3659 3629//3683
f 3610//3681 3629//3683 3609//3659
f 3579//3682 3610//3681 3630//3680
f 3617//3671 3630//3680 3610//3681
f 3581//3694 3611//3670 3631//3690
f 3612//3685 3631//3690 3611//3670
f 3582//3689 3612//3685 3632//3691
f 3613//3677 3632//3691 3612//3685
f 3580//3679 3617//3671 3633//3693
f 3611//3670 3633//3693 3617//3671
f 3600//3634 3634//3645 2041//2092
f 3599//3650 3634//3645 3619//3647
f 438//661 3635//3678 439//662
f 3576//3669 3635//3678 3627//3649
f 3636//3699 3560//3660 3561//3624 3697//3700
f 3672//3701 3673//3702 3585//3688 3586//3695
f 3584//3676 3585//3688 3673//3702 3674//3703
f 3674//3703 3675//3704 3583//3674 3584//3676
f 3675//3704 3676//3705 3582//3689 3583//3674
f 3676//3705 3677//3706 3581//3694 3582//3689
f 3580//3679 3581//3694 3677//3706 3678//3707
f 3579//3682 3580//3679 3678//3707 3679//3708
f 3578//3672 3579//3682 3679//3708 3680//3709
f 3577//3668 3578//3672 3680//3709 3681//3710
f 3576//3669 3577//3668 3681//3710 3682//3711
f 3575//3666 3576//3669 3682//3711 3683//3712
f 3574//3667 3575//3666 3683//3712 3684//3713
f 3684//3713 3685//3714 3573//3662 3574//3667
f 3686//3715 3572//3640 3573//3662 3685//3714
f 3687//3716 3571//3639 3572//3640 3686//3715
f 3688//3717 3570//3646 3571//3639 3687//3716
f 3689//3718 3569//3655 3570//3646 3688//3717
f 3690//3719 3568//3630 3569//3655 3689//3718
f 3691//3720 3567//3623 3568//3630 3690//3719
f 3692//3721 3566//3629 3567//3623 3691//3720
f 3693//3722 3565//3644 3566//3629 3692//3721
f 3694//3723 3564//3638 3565//3644 3693//3722
f 3564//3638 3694//3723 3695//3724 3563//3661
f 3563//3661 3695//3724 3696//3725 3562//3626
f 3697//3700 3561//3624 3562//3626 3696//3725
f 3637//3726 3636//3699 3697//3700 3722//3727
f 3641//3728 3640//3729 3639//3730 3723//3731
f 3723//3731 3639//3730 3638//3732 3724//3733
f 3638//3732 3637//3726 3722//3727 3724//3733
f 3669//3734 3668//3735 3667//3736 3725//3737
f 3725//3737 3667//3736 3666//3738 3726//3739
f 3726//3739 3666//3738 3665//3740 3727//3741
f 3673//3702 3672//3701 3671//3742 3728//3743
f 3728//3743 3671//3742 3670//3744 3729//3745
f 3670//3744 3669//3734 3725//3737 3729//3745
f 3722//3727 3697//3700 3696//3725 3704//3746
f 3704//3746 3696//3725 3695//3724 3705//3747
f 3695//3724 3694//3723 3708//3748 3705//3747
f 3694//3723 3693//3722 3707//3749 3708//3748
f 3707//3749 3693//3722 3692//3721 3720//3750
f 3692//3721 3691//3720 3730//3751 3720//3750
f 3691//3720 3690//3719 3731//3752 3730//3751
f 3690//3719 3689//3718 3732//3753 3731//3752
f 3689//3718 3688//3717 3718//3754 3732//3753
f 3688//3717 3687//3716 3733//3755 3718//3754
f 3687//3716 3686//3715 3734//3756 3733//3755
f 3686//3715 3685//3714 3709//3757 3734//3756
f 3685//3714 3684//3713 3715//3758 3709//3757
f 3684//3713 3683//3712 3717//3759 3715//3758
f 3683//3712 3682//3711 3735//3760 3717//3759
f 3682//3711 3681//3710 3736//3761 3735//3760
f 3681//3710 3680//3709 3737//3762 3736//3761
f 3680//3709 3679//3708 3738//3763 3737//3762
f 3679//3708 3678//3707 3719//3764 3738//3763
f 3678//3707 3677//3706 3711//3765 3719//3764
f 3677//3706 3676//3705 3714//3766 3711//3765
f 3676//3705 3675//3704 3739//3767 3714//3766
f 3675//3704 3674//3703 3712//3768 3739//3767
f 3674//3703 3673//3702 3728//3743 3712//3768
f 3642//3769 3641//3728 3723//3731 3740//3770
f 3645//3771 3644//3772 3706//3773 3741//3774
f 3649//3775 3648//3776 3742//3777 3700//3778
f 3650//3779 3649//3775 3700//3778 3743//3780
f 3651//3781 3650//3779 3743//3780 3744//3782
f 3745//3783 3652//3784 3651//3781 3744//3782
f 3746//3785 3653//3786 3652//3784 3745//3783
f 3655//3787 3654//3788 3702//3789 3747//3790
f 3657//3791 3656//3792 3758//3793 3716//3794
f 3658//3795 3657//3791 3716//3794 3748//3796
f 3661//3797 3660//3798 3710//3799 3749//3800
f 3662//3801 3661//3797 3749//3800 3750//3802
f 3663//3803 3662//3801 3750//3802 3751//3804
f 3752//3805 3664//3806 3663//3803 3751//3804
f 3702//3789 3654//3788 3653//3786 3746//3785
f 3648//3776 3647//3807 3699//3808 3742//3777
f 3647//3807 3646//3809 3721//3810 3699//3808
f 3646//3809 3645//3771 3741//3774 3721//3810
f 3660//3798 3659//3811 3703//3812 3710//3799
f 3659//3811 3658//3795 3748//3796 3703//3812
f 3722//3727 3704//3746 3698//3813 3724//3733
f 3740//3770 3723//3731 3724//3733 3698//3813
f 3704//3746 3705//3747 3753//3814 3698//3813
f 3705//3747 3708//3748 3765//3815 3753//3814
f 3708//3748 3707//3749 3754//3816 3765//3815
f 3707//3749 3720//3750 3755//3817 3754//3816
f 3728//3743 3729//3745 3713//3818 3712//3768
f 3729//3745 3725//3737 3726//3739 3713//3818
f 3713//3818 3726//3739 3727//3741 3701//3819
f 3643//3820 3642//3769 3740//3770 3764//3821
f 3664//3806 3752//3805 3727//3741 3665//3740
f 3701//3819 3739//3767 3712//3768 3713//3818
f 3756//3822 3714//3766 3739//3767 3701//3819
f 3757//3823 3711//3765 3714//3766 3756//3822
f 3719//3764 3711//3765 3757//3823 3749//3800
f 3738//3763 3719//3764 3749//3800 3710//3799
f 3750//3802 3749//3800 3757//3823 3751//3804
f 3756//3822 3752//3805 3751//3804 3757//3823
f 3737//3762 3738//3763 3710//3799 3703//3812
f 3748//3796 3736//3761 3737//3762 3703//3812
f 3736//3761 3748//3796 3716//3794 3758//3793
f 3735//3760 3736//3761 3758//3793 3717//3759
f 3747//3790 3715//3758 3717//3759 3758//3793
f 3709//3757 3715//3758 3747//3790 3702//3789
f 3734//3756 3709//3757 3702//3789 3746//3785
f 3733//3755 3734//3756 3746//3785 3759//3824
f 3718//3754 3733//3755 3759//3824 3760//3825
f 3732//3753 3718//3754 3760//3825 3761//3826
f 3731//3752 3732//3753 3761//3826 3762//3827
f 3763//3828 3730//3751 3731//3752 3762//3827
f 3720//3750 3730//3751 3763//3828 3699//3808
f 3764//3821 3706//3773 3644//3772 3643//3820
f 3741//3774 3706//3773 3765//3815 3754//3816
f 3700//3778 3742//3777 3762//3827 3761//3826
f 3743//3780 3700//3778 3761//3826 3760//3825
f 3744//3782 3743//3780 3760//3825 3759//3824
f 3755//3817 3720//3750 3699//3808 3721//3810
f 3755//3817 3721//3810 3741//3774 3754//3816
f 3742//3777 3699//3808 3763//3828 3762//3827
f 3747//3790 3758//3793 3656//3792 3655//3787
f 3752//3805 3756//3822 3701//3819 3727//3741
f 3759//3824 3746//3785 3745//3783 3744//3782
f 3764//3821 3740//3770 3698//3813 3753//3814
f 3753//3814 3765//3815 3706//3773 3764//3821
